node_id,zone_id,x_coord,y_coord,geometry
1,1,-84.39134079821427,33.69264312142857,POINT (-84.39134079821427 33.69264312142857)
2,2,-84.46727518070175,33.85969655614035,POINT (-84.46727518070175 33.85969655614035)
3,3,-84.34465886666666,33.84055268541666,POINT (-84.34465886666666 33.84055268541666)
4,4,-84.34174853877549,33.8179822367347,POINT (-84.34174853877549 33.8179822367347)
5,5,-84.3450251972973,33.799141813513515,POINT (-84.3450251972973 33.799141813513515)
6,6,-84.34093152162163,33.77575300810811,POINT (-84.34093152162163 33.77575300810811)
7,7,-84.34414095862067,33.76501765862069,POINT (-84.34414095862067 33.76501765862069)
8,8,-84.34236243650794,33.75191238730157,POINT (-84.34236243650794 33.75191238730157)
9,9,-84.33636378518518,33.75723671111112,POINT (-84.33636378518518 33.75723671111112)
10,10,-84.337815807874,33.73570281259842,POINT (-84.337815807874 33.73570281259842)
11,11,-84.33998169130437,33.72274684347827,POINT (-84.33998169130437 33.72274684347827)
12,12,-84.30435892763155,33.75986159078947,POINT (-84.30435892763155 33.75986159078947)
13,13,-84.3281161106061,33.76527064242425,POINT (-84.3281161106061 33.76527064242425)
14,14,-84.30147086279068,33.746076058139536,POINT (-84.30147086279068 33.746076058139536)
15,15,-84.31859755972222,33.734496924999995,POINT (-84.31859755972222 33.734496924999995)
16,16,-84.29752114888892,33.735522366666665,POINT (-84.29752114888892 33.735522366666665)
17,17,-84.3022466,33.7426368,POINT (-84.3022466 33.7426368)
18,18,-84.32366822058822,33.75404091470588,POINT (-84.32366822058822 33.75404091470588)
19,19,-84.31585122553193,33.75539545744681,POINT (-84.31585122553193 33.75539545744681)
20,20,-84.43995569677419,33.84134686129033,POINT (-84.43995569677419 33.84134686129033)
21,21,-84.42748589390244,33.865273010975606,POINT (-84.42748589390244 33.865273010975606)
22,22,-84.41693788688521,33.835107460655735,POINT (-84.41693788688521 33.835107460655735)
23,23,-84.39362843050844,33.861717132203395,POINT (-84.39362843050844 33.861717132203395)
24,24,-84.39462611132075,33.88121153773585,POINT (-84.39462611132075 33.88121153773585)
25,25,-84.3713855797101,33.867098140579714,POINT (-84.3713855797101 33.867098140579714)
26,26,-84.3575043125,33.867369293181824,POINT (-84.3575043125 33.867369293181824)
27,27,-84.3714551,33.88608154772727,POINT (-84.3714551 33.88608154772727)
28,28,-84.35978715,33.83347439666667,POINT (-84.35978715 33.83347439666667)
29,29,-84.35134975,33.839914385294115,POINT (-84.35134975 33.839914385294115)
30,30,-84.38514749333335,33.84184631,POINT (-84.38514749333335 33.84184631)
31,31,-84.37895368,33.84706162,POINT (-84.37895368 33.84706162)
32,32,-84.36072570512822,33.845206884615386,POINT (-84.36072570512822 33.845206884615386)
33,33,-84.3633990197802,33.81409395604397,POINT (-84.3633990197802 33.81409395604397)
34,34,-84.38141692608696,33.82192931956524,POINT (-84.38141692608696 33.82192931956524)
35,35,-84.36206316190477,33.82186135476191,POINT (-84.36206316190477 33.82186135476191)
36,36,-84.3760212651163,33.83476685348838,POINT (-84.3760212651163 33.83476685348838)
37,37,-84.39682963548387,33.826071827419355,POINT (-84.39682963548387 33.826071827419355)
38,38,-84.38016133513514,33.78889863783783,POINT (-84.38016133513514 33.78889863783783)
39,39,-84.38769284802626,33.79587868750001,POINT (-84.38769284802626 33.79587868750001)
40,40,-84.41664359914532,33.79911042222221,POINT (-84.41664359914532 33.79911042222221)
41,41,-84.41125176393446,33.81282837213115,POINT (-84.41125176393446 33.81282837213115)
42,42,-84.39629894324322,33.80842591081082,POINT (-84.39629894324322 33.80842591081082)
43,43,-84.38648775652173,33.80960269130436,POINT (-84.38648775652173 33.80960269130436)
44,44,-84.45834558467742,33.8090906685484,POINT (-84.45834558467742 33.8090906685484)
45,45,-84.4471016,33.81906966,POINT (-84.4471016 33.81906966)
46,46,-84.43367986756759,33.820321072972966,POINT (-84.43367986756759 33.820321072972966)
47,47,-84.35322289189187,33.796366383783784,POINT (-84.35322289189187 33.796366383783784)
48,48,-84.36389456307691,33.79085421384616,POINT (-84.36389456307691 33.79085421384616)
49,49,-84.48938874545455,33.79229271818181,POINT (-84.48938874545455 33.79229271818181)
50,50,-84.46507314814815,33.79756469876542,POINT (-84.46507314814815 33.79756469876542)
51,51,-84.4372161465517,33.750032213793105,POINT (-84.4372161465517 33.750032213793105)
52,52,-84.42850454634146,33.74163600243902,POINT (-84.42850454634146 33.74163600243902)
53,53,-84.43818507333332,33.73761136666668,POINT (-84.43818507333332 33.73761136666668)
54,54,-84.43684043999998,33.72852734545455,POINT (-84.43684043999998 33.72852734545455)
55,55,-84.45169004210526,33.73629121052631,POINT (-84.45169004210526 33.73629121052631)
56,56,-84.4715012046154,33.74874670923077,POINT (-84.4715012046154 33.74874670923077)
57,57,-84.39088160000001,33.77991743243244,POINT (-84.39088160000001 33.77991743243244)
58,58,-84.40054963695651,33.77626871304348,POINT (-84.40054963695651 33.77626871304348)
59,59,-84.38019574666666,33.77615288666666,POINT (-84.38019574666666 33.77615288666666)
60,60,-84.3854649147059,33.77745975294118,POINT (-84.3854649147059 33.77745975294118)
61,61,-84.37237219512197,33.77657685121951,POINT (-84.37237219512197 33.77657685121951)
62,62,-84.36184029130435,33.77688307391305,POINT (-84.36184029130435 33.77688307391305)
63,63,-84.35364710277776,33.77655731944445,POINT (-84.35364710277776 33.77655731944445)
64,64,-84.35538085294115,33.76765032647059,POINT (-84.35538085294115 33.76765032647059)
65,65,-84.36827850256411,33.76589232051282,POINT (-84.36827850256411 33.76589232051282)
66,66,-84.37892913461536,33.76631561923077,POINT (-84.37892913461536 33.76631561923077)
67,67,-84.38766113194441,33.76608925138888,POINT (-84.38766113194441 33.76608925138888)
68,68,-84.39429572424243,33.76444552727273,POINT (-84.39429572424243 33.76444552727273)
69,69,-84.42224501935485,33.72833257741936,POINT (-84.42224501935485 33.72833257741936)
70,70,-84.42777807142856,33.717526414285715,POINT (-84.42777807142856 33.717526414285715)
71,71,-84.43763704920637,33.70661921746032,POINT (-84.43763704920637 33.70661921746032)
72,72,-84.42432185957445,33.75836286382979,POINT (-84.42432185957445 33.75836286382979)
73,73,-84.41234180232559,33.759062590697674,POINT (-84.41234180232559 33.759062590697674)
74,74,-84.42170144864865,33.75045238648649,POINT (-84.42170144864865 33.75045238648649)
75,75,-84.41765489999997,33.73915709038462,POINT (-84.41765489999997 33.73915709038462)
76,76,-84.42347935,33.70992283461539,POINT (-84.42347935 33.70992283461539)
77,77,-84.41127138533335,33.69422636266666,POINT (-84.41127138533335 33.69422636266666)
78,78,-84.37105760781252,33.65641193906251,POINT (-84.37105760781252 33.65641193906251)
79,79,-84.4122711449541,33.66209182889907,POINT (-84.4122711449541 33.66209182889907)
80,80,-84.37204589166667,33.732182101666666,POINT (-84.37204589166667 33.732182101666666)
81,81,-84.383939326,33.73094721,POINT (-84.383939326 33.73094721)
82,82,-84.38606713902438,33.715443643902454,POINT (-84.38606713902438 33.715443643902454)
83,83,-84.39994022272731,33.72469149242424,POINT (-84.39994022272731 33.72469149242424)
84,84,-84.38911703750004,33.70846236562499,POINT (-84.38911703750004 33.70846236562499)
85,85,-84.3928357443478,33.73832434782609,POINT (-84.3928357443478 33.73832434782609)
86,86,-84.40296723620692,33.75752313103448,POINT (-84.40296723620692 33.75752313103448)
87,87,-84.39035237191014,33.75015957752809,POINT (-84.39035237191014 33.75015957752809)
88,88,-84.40164996999998,33.75184772,POINT (-84.40164996999998 33.75184772)
89,89,-84.41272282727275,33.75125929393939,POINT (-84.41272282727275 33.75125929393939)
90,90,-84.4077190875,33.745680237500004,POINT (-84.4077190875 33.745680237500004)
91,91,-84.40136931250001,33.7404421625,POINT (-84.40136931250001 33.7404421625)
92,92,-84.40413278333337,33.732060822222216,POINT (-84.40413278333337 33.732060822222216)
93,93,-84.41075377924531,33.734510030188666,POINT (-84.41075377924531 33.734510030188666)
94,94,-84.38360504230769,33.74409433076923,POINT (-84.38360504230769 33.74409433076923)
95,95,-84.40962728076923,33.770290975961544,POINT (-84.40962728076923 33.770290975961544)
96,96,-84.38341960672273,33.75451942605042,POINT (-84.38341960672273 33.75451942605042)
97,97,-84.37919901818182,33.75805496136363,POINT (-84.37919901818182 33.75805496136363)
98,98,-84.37959675999996,33.74072298727273,POINT (-84.37959675999996 33.74072298727273)
99,99,-84.404490572,33.78494099599999,POINT (-84.404490572 33.78494099599999)
100,100,-84.42453178648645,33.77982473243243,POINT (-84.42453178648645 33.77982473243243)
101,101,-84.41687524150943,33.76670792075472,POINT (-84.41687524150943 33.76670792075472)
102,102,-84.44470485882354,33.77482582470588,POINT (-84.44470485882354 33.77482582470588)
103,103,-84.43447149487181,33.762038823076935,POINT (-84.43447149487181 33.762038823076935)
104,104,-84.3843005421875,33.669738668750014,POINT (-84.3843005421875 33.669738668750014)
105,105,-84.406133766,33.679736594,POINT (-84.406133766 33.679736594)
106,106,-84.41003962857143,33.749010199999994,POINT (-84.41003962857143 33.749010199999994)
107,107,-84.41163125810812,33.71507466351351,POINT (-84.41163125810812 33.71507466351351)
108,108,-84.36688606530612,33.74309065918368,POINT (-84.36688606530612 33.74309065918368)
109,109,-84.37345461666668,33.71806618888888,POINT (-84.37345461666668 33.71806618888888)
110,110,-84.3679369,33.7101475,POINT (-84.3679369 33.7101475)
111,111,-84.36029314901964,33.71903828431373,POINT (-84.36029314901964 33.71903828431373)
112,112,-84.37070670227273,33.69650271363636,POINT (-84.37070670227273 33.69650271363636)
113,113,-84.35545253636363,33.696444743181814,POINT (-84.35545253636363 33.696444743181814)
114,114,-84.35434743289476,33.736269194736856,POINT (-84.35434743289476 33.736269194736856)
115,115,-84.3694138243243,33.757856497297304,POINT (-84.3694138243243 33.757856497297304)
116,116,-84.35758787962965,33.758426029629625,POINT (-84.35758787962965 33.758426029629625)
117,117,-84.36390333571428,33.75014173333334,POINT (-84.36390333571428 33.75014173333334)
118,118,-84.35277719347827,33.75208987173912,POINT (-84.35277719347827 33.75208987173912)
119,119,-84.36085508571429,33.70397008571429,POINT (-84.36085508571429 33.70397008571429)
120,120,-84.38356576666668,33.784272875,POINT (-84.38356576666668 33.784272875)
121,121,-84.51449286603771,33.67169391886793,POINT (-84.51449286603771 33.67169391886793)
122,122,-84.53057062022474,33.71146737415729,POINT (-84.53057062022474 33.71146737415729)
123,123,-84.53714690714284,33.756317783333344,POINT (-84.53714690714284 33.756317783333344)
124,124,-84.5152833983051,33.74742634576272,POINT (-84.5152833983051 33.74742634576272)
125,125,-84.50865363023256,33.77781845581395,POINT (-84.50865363023256 33.77781845581395)
126,126,-84.45844492173913,33.71140927826087,POINT (-84.45844492173913 33.71140927826087)
127,127,-84.46524291428571,33.700370764285715,POINT (-84.46524291428571 33.700370764285715)
128,128,-84.49069343015873,33.704378957142865,POINT (-84.49069343015873 33.704378957142865)
129,129,-84.48916416595745,33.68362377659574,POINT (-84.48916416595745 33.68362377659574)
130,130,-84.50593884423077,33.70222312692308,POINT (-84.50593884423077 33.70222312692308)
131,131,-84.496530445,33.735663794000004,POINT (-84.496530445 33.735663794000004)
132,132,-84.45479227076925,33.72193157384615,POINT (-84.45479227076925 33.72193157384615)
133,133,-84.49643793571427,33.763172157142854,POINT (-84.49643793571427 33.763172157142854)
134,134,-84.49784424782608,33.753416595652176,POINT (-84.49784424782608 33.753416595652176)
135,135,-84.48237251333332,33.76901552533335,POINT (-84.48237251333332 33.76901552533335)
136,136,-84.45795760222222,33.763599033333314,POINT (-84.45795760222222 33.763599033333314)
137,137,-84.45220517586206,33.75701899655173,POINT (-84.45220517586206 33.75701899655173)
138,138,-84.46811161392407,33.78144115189874,POINT (-84.46811161392407 33.78144115189874)
139,139,-84.47618741866668,33.666828452000004,POINT (-84.47618741866668 33.666828452000004)
140,140,-84.44410866363637,33.694349694318184,POINT (-84.44410866363637 33.694349694318184)
141,141,-84.47002329500003,33.6878919475,POINT (-84.47002329500003 33.6878919475)
142,,-84.3245596,33.7271722,POINT (-84.3245596 33.7271722)
143,,-84.3252034,33.7275765,POINT (-84.3252034 33.7275765)
144,,-84.323388,33.7264536,POINT (-84.323388 33.7264536)
145,,-84.3386598,33.7452729,POINT (-84.3386598 33.7452729)
146,,-84.3346517,33.7440899,POINT (-84.3346517 33.7440899)
147,,-84.407857,33.719255,POINT (-84.407857 33.719255)
148,,-84.407858,33.719516,POINT (-84.407858 33.719516)
149,,-84.407851,33.718273,POINT (-84.407851 33.718273)
150,,-84.407857,33.722179,POINT (-84.407857 33.722179)
151,,-84.3433811,33.7534274,POINT (-84.3433811 33.7534274)
152,,-84.3420867,33.7534224,POINT (-84.3420867 33.7534224)
153,,-84.3447134,33.7534326,POINT (-84.3447134 33.7534326)
154,,-84.418066,33.719296,POINT (-84.418066 33.719296)
155,,-84.418062,33.719566,POINT (-84.418062 33.719566)
156,,-84.418075,33.718309,POINT (-84.418075 33.718309)
157,,-84.36968,33.746728,POINT (-84.36968 33.746728)
158,,-84.368105,33.746705,POINT (-84.368105 33.746705)
159,,-84.371381,33.746755,POINT (-84.371381 33.746755)
160,,-84.34223,33.7497476,POINT (-84.34223 33.7497476)
161,,-84.3422356,33.7493201,POINT (-84.3422356 33.7493201)
162,,-84.382445,33.712516,POINT (-84.382445 33.712516)
163,,-84.38257,33.71295,POINT (-84.38257 33.71295)
164,,-84.382214,33.711742,POINT (-84.382214 33.711742)
165,,-84.3422125,33.7505395,POINT (-84.3422125 33.7505395)
166,,-84.352748,33.778113,POINT (-84.352748 33.778113)
167,,-84.352513,33.777197,POINT (-84.352513 33.777197)
168,,-84.353148,33.779204,POINT (-84.353148 33.779204)
169,,-84.3386431,33.7534092,POINT (-84.3386431 33.7534092)
170,,-84.3375701,33.753405,POINT (-84.3375701 33.753405)
171,,-84.3396787,33.7534131,POINT (-84.3396787 33.7534131)
172,,-84.367741,33.784738,POINT (-84.367741 33.784738)
173,,-84.36745,33.785694,POINT (-84.36745 33.785694)
174,,-84.368035,33.783804,POINT (-84.368035 33.783804)
175,,-84.4121,33.740555,POINT (-84.4121 33.740555)
176,,-84.412716,33.739033,POINT (-84.412716 33.739033)
177,,-84.411214,33.741628,POINT (-84.411214 33.741628)
178,,-84.412844,33.73823,POINT (-84.412844 33.73823)
179,,-84.4123832,33.7382475,POINT (-84.4123832 33.7382475)
180,,-84.41377,33.73823,POINT (-84.41377 33.73823)
181,,-84.4137348,33.7321093,POINT (-84.4137348 33.7321093)
182,,-84.4141345,33.7323961,POINT (-84.4141345 33.7323961)
183,,-84.4141991,33.731647,POINT (-84.4141991 33.731647)
184,,-84.387562,33.760986,POINT (-84.387562 33.760986)
185,,-84.3875364,33.7622584,POINT (-84.3875364 33.7622584)
186,,-84.3876021,33.7597027,POINT (-84.3876021 33.7597027)
187,,-84.38604,33.760966,POINT (-84.38604 33.760966)
188,,-84.3890221,33.762265,POINT (-84.3890221 33.762265)
189,,-84.3869224,33.7630763,POINT (-84.3869224 33.7630763)
190,,-84.374314,33.759534,POINT (-84.374314 33.759534)
191,,-84.374337,33.7587767,POINT (-84.374337 33.7587767)
192,,-84.3742796,33.7613885,POINT (-84.3742796 33.7613885)
193,,-84.372085,33.759521,POINT (-84.372085 33.759521)
194,,-84.3720749,33.7597648,POINT (-84.3720749 33.7597648)
195,,-84.372087,33.759347,POINT (-84.372087 33.759347)
196,,-84.394415,33.746947,POINT (-84.394415 33.746947)
197,,-84.395684,33.746953,POINT (-84.395684 33.746953)
198,,-84.3944372,33.7463713,POINT (-84.3944372 33.7463713)
199,,-84.392796,33.746938,POINT (-84.392796 33.746938)
200,,-84.3980849,33.7489492,POINT (-84.3980849 33.7489492)
201,,-84.3980761,33.7483233,POINT (-84.3980761 33.7483233)
202,,-84.52953,33.706754,POINT (-84.52953 33.706754)
203,,-84.531547,33.707743,POINT (-84.531547 33.707743)
204,,-84.529387,33.7053009,POINT (-84.529387 33.7053009)
205,,-84.3930542,33.6985959,POINT (-84.3930542 33.6985959)
206,,-84.3927642,33.6988181,POINT (-84.3927642 33.6988181)
207,,-84.3937095,33.6984505,POINT (-84.3937095 33.6984505)
208,,-84.3934996,33.6982334,POINT (-84.3934996 33.6982334)
209,,-84.4088566,33.6964492,POINT (-84.4088566 33.6964492)
210,,-84.40727,33.696006,POINT (-84.40727 33.696006)
211,,-84.404945,33.6969493,POINT (-84.404945 33.6969493)
212,,-84.505539,33.774762,POINT (-84.505539 33.774762)
213,,-84.506262,33.774181,POINT (-84.506262 33.774181)
214,,-84.501609,33.777061,POINT (-84.501609 33.777061)
215,,-84.373845,33.693694,POINT (-84.373845 33.693694)
216,,-84.37388,33.691509,POINT (-84.37388 33.691509)
217,,-84.373829,33.694656,POINT (-84.373829 33.694656)
218,,-84.335009,33.764844,POINT (-84.335009 33.764844)
219,,-84.334164,33.764846,POINT (-84.334164 33.764846)
220,,-84.3830127,33.7854538,POINT (-84.3830127 33.7854538)
221,,-84.3830841,33.7843311,POINT (-84.3830841 33.7843311)
222,,-84.3831523,33.7865802,POINT (-84.3831523 33.7865802)
223,,-84.382174,33.785432,POINT (-84.382174 33.785432)
224,,-84.38224,33.784298,POINT (-84.38224 33.784298)
225,,-84.3783803,33.7854184,POINT (-84.3783803 33.7854184)
226,,-84.3781541,33.7862779,POINT (-84.3781541 33.7862779)
227,,-84.335192,33.764848,POINT (-84.335192 33.764848)
228,,-84.387815,33.785735,POINT (-84.387815 33.785735)
229,,-84.3878099,33.7865803,POINT (-84.3878099 33.7865803)
230,,-84.456453,33.776564,POINT (-84.456453 33.776564)
231,,-84.455739,33.776585,POINT (-84.455739 33.776585)
232,,-84.457184,33.776553,POINT (-84.457184 33.776553)
233,,-84.31451,33.747316,POINT (-84.31451 33.747316)
234,,-84.314134,33.747311,POINT (-84.314134 33.747311)
235,,-84.45653,33.78193,POINT (-84.45653 33.78193)
236,,-84.4574986,33.7823111,POINT (-84.4574986 33.7823111)
237,,-84.456155,33.781738,POINT (-84.456155 33.781738)
238,,-84.3153605,33.7473139,POINT (-84.3153605 33.7473139)
239,,-84.511389,33.685862,POINT (-84.511389 33.685862)
240,,-84.5118736,33.6863673,POINT (-84.5118736 33.6863673)
241,,-84.510152,33.684338,POINT (-84.510152 33.684338)
242,,-84.39013,33.7578714,POINT (-84.39013 33.7578714)
243,,-84.3906656,33.7584029,POINT (-84.3906656 33.7584029)
244,,-84.3895969,33.7573622,POINT (-84.3895969 33.7573622)
245,,-84.3921145,33.7591779,POINT (-84.3921145 33.7591779)
246,,-84.3922749,33.758887,POINT (-84.3922749 33.758887)
247,,-84.3951027,33.7619831,POINT (-84.3951027 33.7619831)
248,,-84.3959965,33.7613175,POINT (-84.3959965 33.7613175)
249,,-84.3946838,33.7622735,POINT (-84.3946838 33.7622735)
250,,-84.3961227,33.7659073,POINT (-84.3961227 33.7659073)
251,,-84.396128,33.765343,POINT (-84.396128 33.765343)
252,,-84.396111,33.766647,POINT (-84.396111 33.766647)
253,,-84.3960997,33.7678392,POINT (-84.3960997 33.7678392)
254,,-84.3960878,33.7688773,POINT (-84.3960878 33.7688773)
255,,-84.3961144,33.7713491,POINT (-84.3961144 33.7713491)
256,,-84.395517,33.771328,POINT (-84.395517 33.771328)
257,,-84.3991735,33.7730642,POINT (-84.3991735 33.7730642)
258,,-84.398962,33.771231,POINT (-84.398962 33.771231)
259,,-84.377245,33.706079,POINT (-84.377245 33.706079)
260,,-84.37641,33.706746,POINT (-84.37641 33.706746)
261,,-84.378611,33.705045,POINT (-84.378611 33.705045)
262,,-84.35336,33.779783,POINT (-84.35336 33.779783)
263,,-84.350412,33.747361,POINT (-84.350412 33.747361)
264,,-84.3492144,33.747621,POINT (-84.3492144 33.747621)
265,,-84.350714,33.747297,POINT (-84.350714 33.747297)
266,,-84.3492305,33.7463036,POINT (-84.3492305 33.7463036)
267,,-84.3492304,33.7465923,POINT (-84.3492304 33.7465923)
268,,-84.3550633,33.7442704,POINT (-84.3550633 33.7442704)
269,,-84.3492304,33.7458057,POINT (-84.3492304 33.7458057)
270,,-84.388032,33.726565,POINT (-84.388032 33.726565)
271,,-84.388058,33.725469,POINT (-84.388058 33.725469)
272,,-84.387966,33.729428,POINT (-84.387966 33.729428)
273,,-84.3480765,33.7533144,POINT (-84.3480765 33.7533144)
274,,-84.3459016,33.7534372,POINT (-84.3459016 33.7534372)
275,,-84.3492112,33.7535509,POINT (-84.3492112 33.7535509)
276,,-84.3832256,33.8336421,POINT (-84.3832256 33.8336421)
277,,-84.3837204,33.8331776,POINT (-84.3837204 33.8331776)
278,,-84.3824378,33.8348841,POINT (-84.3824378 33.8348841)
279,,-84.3601482,33.7555663,POINT (-84.3601482 33.7555663)
280,,-84.3605377,33.7554764,POINT (-84.3605377 33.7554764)
281,,-84.3599497,33.7557376,POINT (-84.3599497 33.7557376)
282,,-84.3598618,33.7558212,POINT (-84.3598618 33.7558212)
283,,-84.359158,33.756242,POINT (-84.359158 33.756242)
284,,-84.3599898,33.7557662,POINT (-84.3599898 33.7557662)
285,,-84.358986,33.756353,POINT (-84.358986 33.756353)
286,,-84.357572,33.757351,POINT (-84.357572 33.757351)
287,,-84.356456,33.758314,POINT (-84.356456 33.758314)
288,,-84.355411,33.759835,POINT (-84.355411 33.759835)
289,,-84.3549558,33.76067,POINT (-84.3549558 33.76067)
290,,-84.353623,33.762002,POINT (-84.353623 33.762002)
291,,-84.3528505,33.7626077,POINT (-84.3528505 33.7626077)
292,,-84.343193,33.747558,POINT (-84.343193 33.747558)
293,,-84.342258,33.7475614,POINT (-84.342258 33.7475614)
294,,-84.352184,33.763108,POINT (-84.352184 33.763108)
295,,-84.350285,33.764568,POINT (-84.350285 33.764568)
296,,-84.352701,33.762711,POINT (-84.352701 33.762711)
297,,-84.349206,33.764957,POINT (-84.349206 33.764957)
298,,-84.349152,33.76546,POINT (-84.349152 33.76546)
299,,-84.3490324,33.7678266,POINT (-84.3490324 33.7678266)
300,,-84.5333325,33.6805768,POINT (-84.5333325 33.6805768)
301,,-84.5356335,33.6806328,POINT (-84.5356335 33.6806328)
302,,-84.344349,33.747559,POINT (-84.344349 33.747559)
303,,-84.526954,33.6804305,POINT (-84.526954 33.6804305)
304,,-84.376698,33.703143,POINT (-84.376698 33.703143)
305,,-84.376614,33.7031,POINT (-84.376614 33.7031)
306,,-84.376618,33.702685,POINT (-84.376618 33.702685)
307,,-84.3776015,33.7038394,POINT (-84.3776015 33.7038394)
308,,-84.376318,33.70166,POINT (-84.376318 33.70166)
309,,-84.37584,33.700704,POINT (-84.37584 33.700704)
310,,-84.375235,33.699736,POINT (-84.375235 33.699736)
311,,-84.375153,33.699605,POINT (-84.375153 33.699605)
312,,-84.373856,33.696904,POINT (-84.373856 33.696904)
313,,-84.373815,33.695557,POINT (-84.373815 33.695557)
314,,-84.373897,33.690456,POINT (-84.373897 33.690456)
315,,-84.3739231,33.6890858,POINT (-84.3739231 33.6890858)
316,,-84.389229,33.785757,POINT (-84.389229 33.785757)
317,,-84.389206,33.784441,POINT (-84.389206 33.784441)
318,,-84.345546,33.764919,POINT (-84.345546 33.764919)
319,,-84.344731,33.764906,POINT (-84.344731 33.764906)
320,,-84.345764,33.764919,POINT (-84.345764 33.764919)
321,,-84.472554,33.785948,POINT (-84.472554 33.785948)
322,,-84.472321,33.78625,POINT (-84.472321 33.78625)
323,,-84.47326,33.784867,POINT (-84.47326 33.784867)
324,,-84.474881,33.785963,POINT (-84.474881 33.785963)
325,,-84.475795,33.786697,POINT (-84.475795 33.786697)
326,,-84.473475,33.784547,POINT (-84.473475 33.784547)
327,,-84.384848,33.718593,POINT (-84.384848 33.718593)
328,,-84.384562,33.717939,POINT (-84.384562 33.717939)
329,,-84.3851487,33.7192469,POINT (-84.3851487 33.7192469)
330,,-84.38445,33.717684,POINT (-84.38445 33.717684)
331,,-84.384264,33.71726,POINT (-84.384264 33.71726)
332,,-84.3468929,33.7649516,POINT (-84.3468929 33.7649516)
333,,-84.384054,33.71678,POINT (-84.384054 33.71678)
334,,-84.383682,33.715921,POINT (-84.383682 33.715921)
335,,-84.383364,33.715171,POINT (-84.383364 33.715171)
336,,-84.38332,33.715065,POINT (-84.38332 33.715065)
337,,-84.38297,33.714221,POINT (-84.38297 33.714221)
338,,-84.382669,33.713292,POINT (-84.382669 33.713292)
339,,-84.382149,33.711553,POINT (-84.382149 33.711553)
340,,-84.381847,33.710792,POINT (-84.381847 33.710792)
341,,-84.381794,33.710665,POINT (-84.381794 33.710665)
342,,-84.381517,33.710006,POINT (-84.381517 33.710006)
343,,-84.381307,33.709506,POINT (-84.381307 33.709506)
344,,-84.380924,33.708599,POINT (-84.380924 33.708599)
345,,-84.380058,33.707306,POINT (-84.380058 33.707306)
346,,-84.380168,33.706203,POINT (-84.380168 33.706203)
347,,-84.379606,33.706654,POINT (-84.379606 33.706654)
348,,-84.379985,33.707919,POINT (-84.379985 33.707919)
349,,-84.379435,33.70636,POINT (-84.379435 33.70636)
350,,-84.379059,33.705701,POINT (-84.379059 33.705701)
351,,-84.379148,33.705857,POINT (-84.379148 33.705857)
352,,-84.377785,33.704061,POINT (-84.377785 33.704061)
353,,-84.374846,33.702195,POINT (-84.374846 33.702195)
354,,-84.372392,33.699698,POINT (-84.372392 33.699698)
355,,-84.3698691,33.6968655,POINT (-84.3698691 33.6968655)
356,,-84.366857,33.693235,POINT (-84.366857 33.693235)
357,,-84.360133,33.693225,POINT (-84.360133 33.693225)
358,,-84.364118,33.689944,POINT (-84.364118 33.689944)
359,,-84.364004,33.688736,POINT (-84.364004 33.688736)
360,,-84.364045,33.688151,POINT (-84.364045 33.688151)
361,,-84.3642,33.687452,POINT (-84.3642 33.687452)
362,,-84.36741,33.680255,POINT (-84.36741 33.680255)
363,,-84.3680792,33.6806983,POINT (-84.3680792 33.6806983)
364,,-84.3699844,33.6766488,POINT (-84.3699844 33.6766488)
365,,-84.370971,33.674299,POINT (-84.370971 33.674299)
366,,-84.3722227,33.6723223,POINT (-84.3722227 33.6723223)
367,,-84.3723677,33.6718893,POINT (-84.3723677 33.6718893)
368,,-84.367923,33.6540149,POINT (-84.367923 33.6540149)
369,,-84.3678294,33.6536463,POINT (-84.3678294 33.6536463)
370,,-84.371094,33.6590271,POINT (-84.371094 33.6590271)
371,,-84.3656107,33.6483811,POINT (-84.3656107 33.6483811)
372,,-84.3654917,33.6484129,POINT (-84.3654917 33.6484129)
373,,-84.3737102,33.6637333,POINT (-84.3737102 33.6637333)
374,,-84.375724,33.663579,POINT (-84.375724 33.663579)
375,,-84.3716351,33.6598596,POINT (-84.3716351 33.6598596)
376,,-84.3731841,33.6693488,POINT (-84.3731841 33.6693488)
377,,-84.3713271,33.6593908,POINT (-84.3713271 33.6593908)
378,,-84.3717626,33.6592338,POINT (-84.3717626 33.6592338)
379,,-84.3712917,33.6593329,POINT (-84.3712917 33.6593329)
380,,-84.3613637,33.6497232,POINT (-84.3613637 33.6497232)
381,,-84.3664663,33.6507081,POINT (-84.3664663 33.6507081)
382,,-84.407873,33.723456,POINT (-84.407873 33.723456)
383,,-84.407889,33.724697,POINT (-84.407889 33.724697)
384,,-84.3943551,33.6975295,POINT (-84.3943551 33.6975295)
385,,-84.3947776,33.6972972,POINT (-84.3947776 33.6972972)
386,,-84.3941689,33.6976799,POINT (-84.3941689 33.6976799)
387,,-84.408884,33.718277,POINT (-84.408884 33.718277)
388,,-84.407861,33.717233,POINT (-84.407861 33.717233)
389,,-84.409239,33.718278,POINT (-84.409239 33.718278)
390,,-84.409866,33.71828,POINT (-84.409866 33.71828)
391,,-84.410854,33.718283,POINT (-84.410854 33.718283)
392,,-84.411376,33.718285,POINT (-84.411376 33.718285)
393,,-84.411839,33.718286,POINT (-84.411839 33.718286)
394,,-84.412853,33.718289,POINT (-84.412853 33.718289)
395,,-84.414039,33.718292,POINT (-84.414039 33.718292)
396,,-84.415059,33.718297,POINT (-84.415059 33.718297)
397,,-84.41608,33.718301,POINT (-84.41608 33.718301)
398,,-84.4169,33.718305,POINT (-84.4169 33.718305)
399,,-84.415291,33.718298,POINT (-84.415291 33.718298)
400,,-84.417097,33.718306,POINT (-84.417097 33.718306)
401,,-84.418104,33.717013,POINT (-84.418104 33.717013)
402,,-84.422186,33.718348,POINT (-84.422186 33.718348)
403,,-84.424295,33.718211,POINT (-84.424295 33.718211)
404,,-84.4247885,33.7182181,POINT (-84.4247885 33.7182181)
405,,-84.422456,33.722268,POINT (-84.422456 33.722268)
406,,-84.3675864,33.8206479,POINT (-84.3675864 33.8206479)
407,,-84.3675074,33.8206498,POINT (-84.3675074 33.8206498)
408,,-84.3670062,33.8176659,POINT (-84.3670062 33.8176659)
409,,-84.3799824,33.822806,POINT (-84.3799824 33.822806)
410,,-84.3795543,33.822808,POINT (-84.3795543 33.822808)
411,,-84.380697,33.82281,POINT (-84.380697 33.82281)
412,,-84.387421,33.771271,POINT (-84.387421 33.771271)
413,,-84.3850163,33.7712886,POINT (-84.3850163 33.7712886)
414,,-84.388845,33.771239,POINT (-84.388845 33.771239)
415,,-84.3873528,33.7723184,POINT (-84.3873528 33.7723184)
416,,-84.3834572,33.7712851,POINT (-84.3834572 33.7712851)
417,,-84.3851512,33.7698113,POINT (-84.3851512 33.7698113)
418,,-84.384913,33.772239,POINT (-84.384913 33.772239)
419,,-84.383064,33.771287,POINT (-84.383064 33.771287)
420,,-84.384057,33.7698357,POINT (-84.384057 33.7698357)
421,,-84.379159,33.771249,POINT (-84.379159 33.771249)
422,,-84.3778421,33.7712342,POINT (-84.3778421 33.7712342)
423,,-84.3795679,33.7712537,POINT (-84.3795679 33.7712537)
424,,-84.377735,33.771233,POINT (-84.377735 33.771233)
425,,-84.374759,33.771197,POINT (-84.374759 33.771197)
426,,-84.372781,33.77118,POINT (-84.372781 33.77118)
427,,-84.370321,33.771165,POINT (-84.370321 33.771165)
428,,-84.368937,33.771148,POINT (-84.368937 33.771148)
429,,-84.371773,33.771176,POINT (-84.371773 33.771176)
430,,-84.367699,33.77113,POINT (-84.367699 33.77113)
431,,-84.367717,33.7699,POINT (-84.367717 33.7699)
432,,-84.3658982,33.7711186,POINT (-84.3658982 33.7711186)
433,,-84.367646,33.773502,POINT (-84.367646 33.773502)
434,,-84.362288,33.771134,POINT (-84.362288 33.771134)
435,,-84.361011,33.771118,POINT (-84.361011 33.771118)
436,,-84.3649247,33.7711249,POINT (-84.3649247 33.7711249)
437,,-84.359528,33.771093,POINT (-84.359528 33.771093)
438,,-84.35938,33.771093,POINT (-84.35938 33.771093)
439,,-84.359419,33.770017,POINT (-84.359419 33.770017)
440,,-84.3598796,33.7738141,POINT (-84.3598796 33.7738141)
441,,-84.357353,33.771083,POINT (-84.357353 33.771083)
442,,-84.354366,33.771077,POINT (-84.354366 33.771077)
443,,-84.3537,33.771076,POINT (-84.3537 33.771076)
444,,-84.352517,33.771075,POINT (-84.352517 33.771075)
445,,-84.35076,33.771073,POINT (-84.35076 33.771073)
446,,-84.352519,33.770646,POINT (-84.352519 33.770646)
447,,-84.352516,33.77243,POINT (-84.352516 33.77243)
448,,-84.3499117,33.7710768,POINT (-84.3499117 33.7710768)
449,,-84.3489973,33.7710811,POINT (-84.3489973 33.7710811)
450,,-84.3489878,33.7723006,POINT (-84.3489878 33.7723006)
451,,-84.3490019,33.7704302,POINT (-84.3490019 33.7704302)
452,,-84.442239,33.711813,POINT (-84.442239 33.711813)
453,,-84.440824,33.712166,POINT (-84.440824 33.712166)
454,,-84.443696,33.711565,POINT (-84.443696 33.711565)
455,,-84.4555475,33.8118047,POINT (-84.4555475 33.8118047)
456,,-84.456604,33.81323,POINT (-84.456604 33.81323)
457,,-84.4541025,33.8102027,POINT (-84.4541025 33.8102027)
458,,-84.3310142,33.7422551,POINT (-84.3310142 33.7422551)
459,,-84.318911,33.759474,POINT (-84.318911 33.759474)
460,,-84.319193,33.761633,POINT (-84.319193 33.761633)
461,,-84.3222857,33.7644404,POINT (-84.3222857 33.7644404)
462,,-84.3221725,33.7644266,POINT (-84.3221725 33.7644266)
463,,-84.437418,33.742997,POINT (-84.437418 33.742997)
464,,-84.437277,33.742888,POINT (-84.437277 33.742888)
465,,-84.3227092,33.7644352,POINT (-84.3227092 33.7644352)
466,,-84.438135,33.74365,POINT (-84.438135 33.74365)
467,,-84.3219485,33.7643527,POINT (-84.3219485 33.7643527)
468,,-84.3220322,33.7644139,POINT (-84.3220322 33.7644139)
469,,-84.320376,33.763778,POINT (-84.320376 33.763778)
470,,-84.3681738,33.7479647,POINT (-84.3681738 33.7479647)
471,,-84.36879,33.7484365,POINT (-84.36879 33.7484365)
472,,-84.387291,33.778021,POINT (-84.387291 33.778021)
473,,-84.3872838,33.7787332,POINT (-84.3872838 33.7787332)
474,,-84.3887828,33.7780485,POINT (-84.3887828 33.7780485)
475,,-84.3887828,33.7778274,POINT (-84.3887828 33.7778274)
476,,-84.3198152,33.7629271,POINT (-84.3198152 33.7629271)
477,,-84.376572,33.757703,POINT (-84.376572 33.757703)
478,,-84.3763781,33.7577015,POINT (-84.3763781 33.7577015)
479,,-84.3779175,33.7577333,POINT (-84.3779175 33.7577333)
480,,-84.376525,33.761403,POINT (-84.376525 33.761403)
481,,-84.376922,33.761406,POINT (-84.376922 33.761406)
482,,-84.3620986,33.8258331,POINT (-84.3620986 33.8258331)
483,,-84.367104,33.8258152,POINT (-84.367104 33.8258152)
484,,-84.3571095,33.8244925,POINT (-84.3571095 33.8244925)
485,,-84.358518,33.824887,POINT (-84.358518 33.824887)
486,,-84.3561049,33.824008,POINT (-84.3561049 33.824008)
487,,-84.3560263,33.8240965,POINT (-84.3560263 33.8240965)
488,,-84.374377,33.753804,POINT (-84.374377 33.753804)
489,,-84.374289,33.752859,POINT (-84.374289 33.752859)
490,,-84.3743863,33.7543598,POINT (-84.3743863 33.7543598)
491,,-84.374113,33.752358,POINT (-84.374113 33.752358)
492,,-84.3738,33.751457,POINT (-84.3738 33.751457)
493,,-84.373571,33.750703,POINT (-84.373571 33.750703)
494,,-84.374763,33.750485,POINT (-84.374763 33.750485)
495,,-84.371167,33.751456,POINT (-84.371167 33.751456)
496,,-84.4040414,33.765,POINT (-84.4040414 33.765)
497,,-84.4045656,33.7656871,POINT (-84.4045656 33.7656871)
498,,-84.4035036,33.7643377,POINT (-84.4035036 33.7643377)
499,,-84.318758,33.758581,POINT (-84.318758 33.758581)
500,,-84.443779,33.763687,POINT (-84.443779 33.763687)
501,,-84.44609,33.763955,POINT (-84.44609 33.763955)
502,,-84.442496,33.763588,POINT (-84.442496 33.763588)
503,,-84.381735,33.680656,POINT (-84.381735 33.680656)
504,,-84.380386,33.680637,POINT (-84.380386 33.680637)
505,,-84.384324,33.681039,POINT (-84.384324 33.681039)
506,,-84.43293,33.767896,POINT (-84.43293 33.767896)
507,,-84.432534,33.766852,POINT (-84.432534 33.766852)
508,,-84.433166,33.768354,POINT (-84.433166 33.768354)
509,,-84.332047,33.722989,POINT (-84.332047 33.722989)
510,,-84.331993,33.722835,POINT (-84.331993 33.722835)
511,,-84.441011,33.768048,POINT (-84.441011 33.768048)
512,,-84.441362,33.769118,POINT (-84.441362 33.769118)
513,,-84.440959,33.766811,POINT (-84.440959 33.766811)
514,,-84.332205,33.723654,POINT (-84.332205 33.723654)
515,,-84.456486,33.770211,POINT (-84.456486 33.770211)
516,,-84.458086,33.770316,POINT (-84.458086 33.770316)
517,,-84.452631,33.770009,POINT (-84.452631 33.770009)
518,,-84.32995,33.7191369,POINT (-84.32995 33.7191369)
519,,-84.329934,33.718611,POINT (-84.329934 33.718611)
520,,-84.3907186,33.7712873,POINT (-84.3907186 33.7712873)
521,,-84.3888677,33.7700253,POINT (-84.3888677 33.7700253)
522,,-84.3920541,33.7712937,POINT (-84.3920541 33.7712937)
523,,-84.3919823,33.773909,POINT (-84.3919823 33.773909)
524,,-84.3921388,33.7689016,POINT (-84.3921388 33.7689016)
525,,-84.330992,33.720614,POINT (-84.330992 33.720614)
526,,-84.4023043,33.7741865,POINT (-84.4023043 33.7741865)
527,,-84.4032147,33.7701155,POINT (-84.4032147 33.7701155)
528,,-84.4038374,33.7701095,POINT (-84.4038374 33.7701095)
529,,-84.4047462,33.7700557,POINT (-84.4047462 33.7700557)
530,,-84.4047419,33.7700028,POINT (-84.4047419 33.7700028)
531,,-84.328159,33.722698,POINT (-84.328159 33.722698)
532,,-84.355776,33.703616,POINT (-84.355776 33.703616)
533,,-84.357769,33.702392,POINT (-84.357769 33.702392)
534,,-84.355629,33.70485,POINT (-84.355629 33.70485)
535,,-84.358165,33.70126,POINT (-84.358165 33.70126)
536,,-84.358909,33.699735,POINT (-84.358909 33.699735)
537,,-84.358893,33.69905,POINT (-84.358893 33.69905)
538,,-84.358887,33.698795,POINT (-84.358887 33.698795)
539,,-84.358833,33.698381,POINT (-84.358833 33.698381)
540,,-84.360128,33.696911,POINT (-84.360128 33.696911)
541,,-84.3231683,33.7552968,POINT (-84.3231683 33.7552968)
542,,-84.323184,33.756358,POINT (-84.323184 33.756358)
543,,-84.3231872,33.7543969,POINT (-84.3231872 33.7543969)
544,,-84.3680539,33.8341811,POINT (-84.3680539 33.8341811)
545,,-84.3680741,33.8336012,POINT (-84.3680741 33.8336012)
546,,-84.4266436,33.7779184,POINT (-84.4266436 33.7779184)
547,,-84.4260758,33.7755914,POINT (-84.4260758 33.7755914)
548,,-84.4268695,33.7782361,POINT (-84.4268695 33.7782361)
549,,-84.397933,33.874418,POINT (-84.397933 33.874418)
550,,-84.402064,33.874686,POINT (-84.402064 33.874686)
551,,-84.3974514,33.876761,POINT (-84.3974514 33.876761)
552,,-84.396846,33.87354,POINT (-84.396846 33.87354)
553,,-84.404495,33.875509,POINT (-84.404495 33.875509)
554,,-84.40521,33.87677,POINT (-84.40521 33.87677)
555,,-84.406436,33.877907,POINT (-84.406436 33.877907)
556,,-84.406873,33.878314,POINT (-84.406873 33.878314)
557,,-84.468162,33.750004,POINT (-84.468162 33.750004)
558,,-84.467467,33.751877,POINT (-84.467467 33.751877)
559,,-84.468988,33.7494623,POINT (-84.468988 33.7494623)
560,,-84.419097,33.828721,POINT (-84.419097 33.828721)
561,,-84.4226632,33.8287495,POINT (-84.4226632 33.8287495)
562,,-84.415812,33.828699,POINT (-84.415812 33.828699)
563,,-84.423471,33.828756,POINT (-84.423471 33.828756)
564,,-84.429304,33.828822,POINT (-84.429304 33.828822)
565,,-84.370288,33.776889,POINT (-84.370288 33.776889)
566,,-84.3703386,33.7767438,POINT (-84.3703386 33.7767438)
567,,-84.370107,33.777405,POINT (-84.370107 33.777405)
568,,-84.3727754,33.7772177,POINT (-84.3727754 33.7772177)
569,,-84.3727856,33.77851,POINT (-84.3727856 33.77851)
570,,-84.352502,33.7767,POINT (-84.352502 33.7767)
571,,-84.352502,33.776306,POINT (-84.352502 33.776306)
572,,-84.316619,33.755231,POINT (-84.316619 33.755231)
573,,-84.318508,33.757264,POINT (-84.318508 33.757264)
574,,-84.316153,33.753178,POINT (-84.316153 33.753178)
575,,-84.380328,33.705054,POINT (-84.380328 33.705054)
576,,-84.380846,33.704576,POINT (-84.380846 33.704576)
577,,-84.3874603,33.7673494,POINT (-84.3874603 33.7673494)
578,,-84.387516,33.764804,POINT (-84.387516 33.764804)
579,,-84.387453,33.768422,POINT (-84.387453 33.768422)
580,,-84.385384,33.767399,POINT (-84.385384 33.767399)
581,,-84.3852613,33.7685975,POINT (-84.3852613 33.7685975)
582,,-84.3840925,33.7674641,POINT (-84.3840925 33.7674641)
583,,-84.3857571,33.7645468,POINT (-84.3857571 33.7645468)
584,,-84.3841218,33.7655024,POINT (-84.3841218 33.7655024)
585,,-84.487292,33.702828,POINT (-84.487292 33.702828)
586,,-84.486189,33.698155,POINT (-84.486189 33.698155)
587,,-84.488532,33.706403,POINT (-84.488532 33.706403)
588,,-84.421525,33.800927,POINT (-84.421525 33.800927)
589,,-84.422799,33.801242,POINT (-84.422799 33.801242)
590,,-84.420424,33.800354,POINT (-84.420424 33.800354)
591,,-84.419974,33.801966,POINT (-84.419974 33.801966)
592,,-84.42079,33.802877,POINT (-84.42079 33.802877)
593,,-84.41917,33.801407,POINT (-84.41917 33.801407)
594,,-84.383425,33.661918,POINT (-84.383425 33.661918)
595,,-84.384797,33.660599,POINT (-84.384797 33.660599)
596,,-84.380195,33.664966,POINT (-84.380195 33.664966)
597,,-84.389112,33.658288,POINT (-84.389112 33.658288)
598,,-84.391245,33.656341,POINT (-84.391245 33.656341)
599,,-84.525251,33.664156,POINT (-84.525251 33.664156)
600,,-84.527207,33.663616,POINT (-84.527207 33.663616)
601,,-84.3162079,33.7511073,POINT (-84.3162079 33.7511073)
602,,-84.5233178,33.6640077,POINT (-84.5233178 33.6640077)
603,,-84.529282,33.660312,POINT (-84.529282 33.660312)
604,,-84.367424,33.746708,POINT (-84.367424 33.746708)
605,,-84.3667227,33.746709,POINT (-84.3667227 33.746709)
606,,-84.4201693,33.773198,POINT (-84.4201693 33.773198)
607,,-84.421166,33.773209,POINT (-84.421166 33.773209)
608,,-84.4186211,33.7731239,POINT (-84.4186211 33.7731239)
609,,-84.5002653,33.7936118,POINT (-84.5002653 33.7936118)
610,,-84.4971565,33.7912054,POINT (-84.4971565 33.7912054)
611,,-84.463206,33.777232,POINT (-84.463206 33.777232)
612,,-84.463807,33.777028,POINT (-84.463807 33.777028)
613,,-84.462321,33.77723,POINT (-84.462321 33.77723)
614,,-84.4388131,33.7950899,POINT (-84.4388131 33.7950899)
615,,-84.43659,33.788397,POINT (-84.43659 33.788397)
616,,-84.439402,33.796052,POINT (-84.439402 33.796052)
617,,-84.386789,33.859007,POINT (-84.386789 33.859007)
618,,-84.38853,33.860898,POINT (-84.38853 33.860898)
619,,-84.3853575,33.8578794,POINT (-84.3853575 33.8578794)
620,,-84.386785,33.860502,POINT (-84.386785 33.860502)
621,,-84.387573,33.86388,POINT (-84.387573 33.86388)
622,,-84.447599,33.773948,POINT (-84.447599 33.773948)
623,,-84.447389,33.774879,POINT (-84.447389 33.774879)
624,,-84.448261,33.772019,POINT (-84.448261 33.772019)
625,,-84.3794559,33.7575103,POINT (-84.3794559 33.7575103)
626,,-84.3789463,33.7596397,POINT (-84.3789463 33.7596397)
627,,-84.376911,33.761156,POINT (-84.376911 33.761156)
628,,-84.3793777,33.7611193,POINT (-84.3793777 33.7611193)
629,,-84.3772385,33.7614014,POINT (-84.3772385 33.7614014)
630,,-84.407973,33.710418,POINT (-84.407973 33.710418)
631,,-84.407909,33.714307,POINT (-84.407909 33.714307)
632,,-84.408014,33.707269,POINT (-84.408014 33.707269)
633,,-84.391893,33.767806,POINT (-84.391893 33.767806)
634,,-84.391898,33.766619,POINT (-84.391898 33.766619)
635,,-84.440064,33.797108,POINT (-84.440064 33.797108)
636,,-84.3878937,33.7673666,POINT (-84.3878937 33.7673666)
637,,-84.3877494,33.7676811,POINT (-84.3877494 33.7676811)
638,,-84.40163,33.726894,POINT (-84.40163 33.726894)
639,,-84.401622,33.728097,POINT (-84.401622 33.728097)
640,,-84.401628,33.725685,POINT (-84.401628 33.725685)
641,,-84.4943616,33.6698909,POINT (-84.4943616 33.6698909)
642,,-84.4946764,33.6699846,POINT (-84.4946764 33.6699846)
643,,-84.493985,33.6697851,POINT (-84.493985 33.6697851)
644,,-84.496828,33.670574,POINT (-84.496828 33.670574)
645,,-84.4974955,33.6707944,POINT (-84.4974955 33.6707944)
646,,-84.497132,33.6734212,POINT (-84.497132 33.6734212)
647,,-84.500502,33.672555,POINT (-84.500502 33.672555)
648,,-84.500317,33.672702,POINT (-84.500317 33.672702)
649,,-84.501976,33.673615,POINT (-84.501976 33.673615)
650,,-84.50384,33.675331,POINT (-84.50384 33.675331)
651,,-84.504631,33.676574,POINT (-84.504631 33.676574)
652,,-84.505694,33.677911,POINT (-84.505694 33.677911)
653,,-84.506356,33.678531,POINT (-84.506356 33.678531)
654,,-84.5070921,33.679339,POINT (-84.5070921 33.679339)
655,,-84.506339,33.67954,POINT (-84.506339 33.67954)
656,,-84.507464,33.680045,POINT (-84.507464 33.680045)
657,,-84.2984822,33.7514089,POINT (-84.2984822 33.7514089)
658,,-84.2960694,33.7514919,POINT (-84.2960694 33.7514919)
659,,-84.5082792,33.6815044,POINT (-84.5082792 33.6815044)
660,,-84.50915,33.683058,POINT (-84.50915 33.683058)
661,,-84.5086685,33.6822013,POINT (-84.5086685 33.6822013)
662,,-84.3013849,33.7513091,POINT (-84.3013849 33.7513091)
663,,-84.512401,33.683713,POINT (-84.512401 33.683713)
664,,-84.511459,33.6906274,POINT (-84.511459 33.6906274)
665,,-84.3516251,33.7930824,POINT (-84.3516251 33.7930824)
666,,-84.351295,33.793755,POINT (-84.351295 33.793755)
667,,-84.353736,33.791906,POINT (-84.353736 33.791906)
668,,-84.3785868,33.8402134,POINT (-84.3785868 33.8402134)
669,,-84.3770132,33.8404475,POINT (-84.3770132 33.8404475)
670,,-84.3792003,33.8399096,POINT (-84.3792003 33.8399096)
671,,-84.443725,33.75933,POINT (-84.443725 33.75933)
672,,-84.443692,33.759416,POINT (-84.443692 33.759416)
673,,-84.444226,33.758022,POINT (-84.444226 33.758022)
674,,-84.480476,33.721844,POINT (-84.480476 33.721844)
675,,-84.4804886,33.7202299,POINT (-84.4804886 33.7202299)
676,,-84.4807479,33.723306,POINT (-84.4807479 33.723306)
677,,-84.349376,33.726369,POINT (-84.349376 33.726369)
678,,-84.34936,33.727574,POINT (-84.34936 33.727574)
679,,-84.349434,33.723992,POINT (-84.349434 33.723992)
680,,-84.298477,33.747144,POINT (-84.298477 33.747144)
681,,-84.299188,33.747147,POINT (-84.299188 33.747147)
682,,-84.4398121,33.8221353,POINT (-84.4398121 33.8221353)
683,,-84.4444461,33.8219221,POINT (-84.4444461 33.8219221)
684,,-84.4361541,33.8204201,POINT (-84.4361541 33.8204201)
685,,-84.368547,33.71711,POINT (-84.368547 33.71711)
686,,-84.368558,33.716321,POINT (-84.368558 33.716321)
687,,-84.3685291,33.7183845,POINT (-84.3685291 33.7183845)
688,,-84.366667,33.717097,POINT (-84.366667 33.717097)
689,,-84.365312,33.717089,POINT (-84.365312 33.717089)
690,,-84.361465,33.7170633,POINT (-84.361465 33.7170633)
691,,-84.2962324,33.7471243,POINT (-84.2962324 33.7471243)
692,,-84.359032,33.717047,POINT (-84.359032 33.717047)
693,,-84.356523,33.717027,POINT (-84.356523 33.717027)
694,,-84.355575,33.716737,POINT (-84.355575 33.716737)
695,,-84.3551771,33.7164809,POINT (-84.3551771 33.7164809)
696,,-84.354121,33.715941,POINT (-84.354121 33.715941)
697,,-84.353098,33.715732,POINT (-84.353098 33.715732)
698,,-84.3516966,33.7154326,POINT (-84.3516966 33.7154326)
699,,-84.349501,33.715533,POINT (-84.349501 33.715533)
700,,-84.3014317,33.7471704,POINT (-84.3014317 33.7471704)
701,,-84.349511,33.709266,POINT (-84.349511 33.709266)
702,,-84.450614,33.709117,POINT (-84.450614 33.709117)
703,,-84.450737,33.709068,POINT (-84.450737 33.709068)
704,,-84.4485012,33.7099649,POINT (-84.4485012 33.7099649)
705,,-84.467371,33.775871,POINT (-84.467371 33.775871)
706,,-84.46804,33.775748,POINT (-84.46804 33.775748)
707,,-84.4667566,33.7760139,POINT (-84.4667566 33.7760139)
708,,-84.3869888,33.7538641,POINT (-84.3869888 33.7538641)
709,,-84.386505,33.7544216,POINT (-84.386505 33.7544216)
710,,-84.357904,33.683192,POINT (-84.357904 33.683192)
711,,-84.360222,33.687416,POINT (-84.360222 33.687416)
712,,-84.356648,33.671569,POINT (-84.356648 33.671569)
713,,-84.417564,33.754112,POINT (-84.417564 33.754112)
714,,-84.417555,33.75358,POINT (-84.417555 33.75358)
715,,-84.417541,33.7547129,POINT (-84.417541 33.7547129)
716,,-84.393498,33.672872,POINT (-84.393498 33.672872)
717,,-84.39341,33.677249,POINT (-84.39341 33.677249)
718,,-84.395881,33.672904,POINT (-84.395881 33.672904)
719,,-84.392346,33.672848,POINT (-84.392346 33.672848)
720,,-84.393258,33.670698,POINT (-84.393258 33.670698)
721,,-84.392585,33.666784,POINT (-84.392585 33.666784)
722,,-84.3926819,33.6669894,POINT (-84.3926819 33.6669894)
723,,-84.391785,33.662782,POINT (-84.391785 33.662782)
724,,-84.391824,33.661,POINT (-84.391824 33.661)
725,,-84.3933147,33.6530301,POINT (-84.3933147 33.6530301)
726,,-84.336237,33.764861,POINT (-84.336237 33.764861)
727,,-84.335818,33.764857,POINT (-84.335818 33.764857)
728,,-84.435275,33.876678,POINT (-84.435275 33.876678)
729,,-84.4352804,33.8764359,POINT (-84.4352804 33.8764359)
730,,-84.337082,33.76486,POINT (-84.337082 33.76486)
731,,-84.489165,33.730483,POINT (-84.489165 33.730483)
732,,-84.489279,33.729369,POINT (-84.489279 33.729369)
733,,-84.4888992,33.733017,POINT (-84.4888992 33.733017)
734,,-84.3348068,33.7437374,POINT (-84.3348068 33.7437374)
735,,-84.354321,33.797367,POINT (-84.354321 33.797367)
736,,-84.352566,33.7974533,POINT (-84.352566 33.7974533)
737,,-84.354876,33.797381,POINT (-84.354876 33.797381)
738,,-84.4531,33.733915,POINT (-84.4531 33.733915)
739,,-84.453892,33.7340355,POINT (-84.453892 33.7340355)
740,,-84.450667,33.733615,POINT (-84.450667 33.733615)
741,,-84.4562246,33.7335281,POINT (-84.4562246 33.7335281)
742,,-84.456822,33.733542,POINT (-84.456822 33.733542)
743,,-84.4580362,33.7329138,POINT (-84.4580362 33.7329138)
744,,-84.460787,33.729798,POINT (-84.460787 33.729798)
745,,-84.460897,33.729692,POINT (-84.460897 33.729692)
746,,-84.462359,33.728144,POINT (-84.462359 33.728144)
747,,-84.463014,33.727581,POINT (-84.463014 33.727581)
748,,-84.3083916,33.7472702,POINT (-84.3083916 33.7472702)
749,,-84.3097488,33.7472834,POINT (-84.3097488 33.7472834)
750,,-84.463625,33.726762,POINT (-84.463625 33.726762)
751,,-84.4640541,33.7251342,POINT (-84.4640541 33.7251342)
752,,-84.4641973,33.722595,POINT (-84.4641973 33.722595)
753,,-84.4673,33.723293,POINT (-84.4673 33.723293)
754,,-84.4642143,33.7221403,POINT (-84.4642143 33.7221403)
755,,-84.4635727,33.7223687,POINT (-84.4635727 33.7223687)
756,,-84.41124,33.848779,POINT (-84.41124 33.848779)
757,,-84.413364,33.849391,POINT (-84.413364 33.849391)
758,,-84.40728,33.847282,POINT (-84.40728 33.847282)
759,,-84.3066373,33.7472463,POINT (-84.3066373 33.7472463)
760,,-84.401881,33.786206,POINT (-84.401881 33.786206)
761,,-84.402813,33.78621,POINT (-84.402813 33.78621)
762,,-84.400655,33.786201,POINT (-84.400655 33.786201)
763,,-84.3081951,33.7510577,POINT (-84.3081951 33.7510577)
764,,-84.3067025,33.7510498,POINT (-84.3067025 33.7510498)
765,,-84.4774185,33.7779342,POINT (-84.4774185 33.7779342)
766,,-84.4793946,33.7793559,POINT (-84.4793946 33.7793559)
767,,-84.476026,33.7773,POINT (-84.476026 33.7773)
768,,-84.3097113,33.7510658,POINT (-84.3097113 33.7510658)
769,,-84.400063,33.751142,POINT (-84.400063 33.751142)
770,,-84.39914,33.752325,POINT (-84.39914 33.752325)
771,,-84.400925,33.750219,POINT (-84.400925 33.750219)
772,,-84.403561,33.750302,POINT (-84.403561 33.750302)
773,,-84.403239,33.750777,POINT (-84.403239 33.750777)
774,,-84.403893,33.74982,POINT (-84.403893 33.74982)
775,,-84.3961761,33.7517504,POINT (-84.3961761 33.7517504)
776,,-84.3956705,33.7523901,POINT (-84.3956705 33.7523901)
777,,-84.3969181,33.7508232,POINT (-84.3969181 33.7508232)
778,,-84.354663,33.783877,POINT (-84.354663 33.783877)
779,,-84.354784,33.784428,POINT (-84.354784 33.784428)
780,,-84.354565,33.783431,POINT (-84.354565 33.783431)
781,,-84.354334,33.782379,POINT (-84.354334 33.782379)
782,,-84.3841329,33.7647847,POINT (-84.3841329 33.7647847)
783,,-84.423266,33.730813,POINT (-84.423266 33.730813)
784,,-84.420644,33.729209,POINT (-84.420644 33.729209)
785,,-84.424773,33.731725,POINT (-84.424773 33.731725)
786,,-84.423287,33.747041,POINT (-84.423287 33.747041)
787,,-84.424191,33.747127,POINT (-84.424191 33.747127)
788,,-84.421772,33.747498,POINT (-84.421772 33.747498)
789,,-84.423333,33.742273,POINT (-84.423333 33.742273)
790,,-84.425226,33.742303,POINT (-84.425226 33.742303)
791,,-84.4229277,33.7422668,POINT (-84.4229277 33.7422668)
792,,-84.423361,33.738375,POINT (-84.423361 33.738375)
793,,-84.422329,33.738234,POINT (-84.422329 33.738234)
794,,-84.424832,33.738481,POINT (-84.424832 33.738481)
795,,-84.427072,33.733129,POINT (-84.427072 33.733129)
796,,-84.454053,33.776647,POINT (-84.454053 33.776647)
797,,-84.453076,33.77669,POINT (-84.453076 33.77669)
798,,-84.475239,33.763635,POINT (-84.475239 33.763635)
799,,-84.476803,33.763736,POINT (-84.476803 33.763736)
800,,-84.472233,33.763637,POINT (-84.472233 33.763637)
801,,-84.453641,33.763657,POINT (-84.453641 33.763657)
802,,-84.454126,33.763627,POINT (-84.454126 33.763627)
803,,-84.451792,33.764473,POINT (-84.451792 33.764473)
804,,-84.3187775,33.7511265,POINT (-84.3187775 33.7511265)
805,,-84.3176705,33.7511183,POINT (-84.3176705 33.7511183)
806,,-84.3194963,33.7511319,POINT (-84.3194963 33.7511319)
807,,-84.415649,33.816927,POINT (-84.415649 33.816927)
808,,-84.415726,33.817365,POINT (-84.415726 33.817365)
809,,-84.41557,33.8164747,POINT (-84.41557 33.8164747)
810,,-84.377702,33.772554,POINT (-84.377702 33.772554)
811,,-84.375871,33.772313,POINT (-84.375871 33.772313)
812,,-84.379037,33.772584,POINT (-84.379037 33.772584)
813,,-84.3776603,33.7817939,POINT (-84.3776603 33.7817939)
814,,-84.374057,33.7817915,POINT (-84.374057 33.7817915)
815,,-84.379413,33.7817969,POINT (-84.379413 33.7817969)
816,,-84.39083,33.863213,POINT (-84.39083 33.863213)
817,,-84.369557,33.779043,POINT (-84.369557 33.779043)
818,,-84.369409,33.779493,POINT (-84.369409 33.779493)
819,,-84.3697517,33.7784604,POINT (-84.3697517 33.7784604)
820,,-84.433732,33.871607,POINT (-84.433732 33.871607)
821,,-84.432675,33.868094,POINT (-84.432675 33.868094)
822,,-84.3606174,33.8553878,POINT (-84.3606174 33.8553878)
823,,-84.3610522,33.856052,POINT (-84.3610522 33.856052)
824,,-84.3610529,33.8557134,POINT (-84.3610529 33.8557134)
825,,-84.362992,33.859604,POINT (-84.362992 33.859604)
826,,-84.363444,33.860236,POINT (-84.363444 33.860236)
827,,-84.3622572,33.8580285,POINT (-84.3622572 33.8580285)
828,,-84.363796,33.860645,POINT (-84.363796 33.860645)
829,,-84.365327,33.862222,POINT (-84.365327 33.862222)
830,,-84.36675,33.862872,POINT (-84.36675 33.862872)
831,,-84.369636,33.864272,POINT (-84.369636 33.864272)
832,,-84.37194,33.864718,POINT (-84.37194 33.864718)
833,,-84.372761,33.865912,POINT (-84.372761 33.865912)
834,,-84.373108,33.867257,POINT (-84.373108 33.867257)
835,,-84.372942,33.867611,POINT (-84.372942 33.867611)
836,,-84.372476,33.868603,POINT (-84.372476 33.868603)
837,,-84.37218,33.86928,POINT (-84.37218 33.86928)
838,,-84.3725711,33.8710535,POINT (-84.3725711 33.8710535)
839,,-84.372859,33.871446,POINT (-84.372859 33.871446)
840,,-84.3731949,33.8719148,POINT (-84.3731949 33.8719148)
841,,-84.3727846,33.775316,POINT (-84.3727846 33.775316)
842,,-84.3727846,33.7756724,POINT (-84.3727846 33.7756724)
843,,-84.378801,33.686285,POINT (-84.378801 33.686285)
844,,-84.3784,33.687066,POINT (-84.3784 33.687066)
845,,-84.380317,33.684203,POINT (-84.380317 33.684203)
846,,-84.387633,33.681074,POINT (-84.387633 33.681074)
847,,-84.382388,33.683473,POINT (-84.382388 33.683473)
848,,-84.384198,33.676406,POINT (-84.384198 33.676406)
849,,-84.3782694,33.6805899,POINT (-84.3782694 33.6805899)
850,,-84.352499,33.775424,POINT (-84.352499 33.775424)
851,,-84.352499,33.774436,POINT (-84.352499 33.774436)
852,,-84.441401,33.733673,POINT (-84.441401 33.733673)
853,,-84.443831,33.733682,POINT (-84.443831 33.733682)
854,,-84.440523,33.733669,POINT (-84.440523 33.733669)
855,,-84.3934616,33.7141486,POINT (-84.3934616 33.7141486)
856,,-84.393449,33.715822,POINT (-84.393449 33.715822)
857,,-84.393478,33.713332,POINT (-84.393478 33.713332)
858,,-84.3231869,33.7568835,POINT (-84.3231869 33.7568835)
859,,-84.393429,33.717065,POINT (-84.393429 33.717065)
860,,-84.393407,33.718504,POINT (-84.393407 33.718504)
861,,-84.3219027,33.7610879,POINT (-84.3219027 33.7610879)
862,,-84.442172,33.722513,POINT (-84.442172 33.722513)
863,,-84.443164,33.722517,POINT (-84.443164 33.722517)
864,,-84.439909,33.722503,POINT (-84.439909 33.722503)
865,,-84.443567,33.722519,POINT (-84.443567 33.722519)
866,,-84.444679,33.722524,POINT (-84.444679 33.722524)
867,,-84.4468913,33.8056856,POINT (-84.4468913 33.8056856)
868,,-84.44768,33.806173,POINT (-84.44768 33.806173)
869,,-84.445139,33.804881,POINT (-84.445139 33.804881)
870,,-84.3720588,33.760107,POINT (-84.3720588 33.760107)
871,,-84.3720574,33.7602348,POINT (-84.3720574 33.7602348)
872,,-84.333363,33.727138,POINT (-84.333363 33.727138)
873,,-84.33326,33.726895,POINT (-84.33326 33.726895)
874,,-84.3601169,33.7641307,POINT (-84.3601169 33.7641307)
875,,-84.333737,33.727925,POINT (-84.333737 33.727925)
876,,-84.332718,33.725723,POINT (-84.332718 33.725723)
877,,-84.332557,33.725371,POINT (-84.332557 33.725371)
878,,-84.3665737,33.8158787,POINT (-84.3665737 33.8158787)
879,,-84.3669165,33.8176812,POINT (-84.3669165 33.8176812)
880,,-84.387774,33.791093,POINT (-84.387774 33.791093)
881,,-84.3877754,33.7918646,POINT (-84.3877754 33.7918646)
882,,-84.355001,33.785414,POINT (-84.355001 33.785414)
883,,-84.355119,33.785949,POINT (-84.355119 33.785949)
884,,-84.35489,33.784909,POINT (-84.35489 33.784909)
885,,-84.3766572,33.7481201,POINT (-84.3766572 33.7481201)
886,,-84.3766619,33.7474281,POINT (-84.3766619 33.7474281)
887,,-84.3766698,33.7498513,POINT (-84.3766698 33.7498513)
888,,-84.511828,33.76048,POINT (-84.511828 33.76048)
889,,-84.510884,33.760403,POINT (-84.510884 33.760403)
890,,-84.5146286,33.7593501,POINT (-84.5146286 33.7593501)
891,,-84.515196,33.756748,POINT (-84.515196 33.756748)
892,,-84.516622,33.755674,POINT (-84.516622 33.755674)
893,,-84.51706,33.755501,POINT (-84.51706 33.755501)
894,,-84.521399,33.754556,POINT (-84.521399 33.754556)
895,,-84.521777,33.754505,POINT (-84.521777 33.754505)
896,,-84.5231773,33.7542892,POINT (-84.5231773 33.7542892)
897,,-84.5283441,33.7520016,POINT (-84.5283441 33.7520016)
898,,-84.5249541,33.7535448,POINT (-84.5249541 33.7535448)
899,,-84.532415,33.751723,POINT (-84.532415 33.751723)
900,,-84.539849,33.747591,POINT (-84.539849 33.747591)
901,,-84.3969774,33.7419672,POINT (-84.3969774 33.7419672)
902,,-84.398232,33.741975,POINT (-84.398232 33.741975)
903,,-84.395732,33.7419606,POINT (-84.395732 33.7419606)
904,,-84.3970607,33.7369434,POINT (-84.3970607 33.7369434)
905,,-84.3983309,33.7369811,POINT (-84.3983309 33.7369811)
906,,-84.309741,33.7452749,POINT (-84.309741 33.7452749)
907,,-84.393708,33.681109,POINT (-84.393708 33.681109)
908,,-84.3963256,33.6811087,POINT (-84.3963256 33.6811087)
909,,-84.388767,33.681088,POINT (-84.388767 33.681088)
910,,-84.39419,33.682305,POINT (-84.39419 33.682305)
911,,-84.3934426,33.6801513,POINT (-84.3934426 33.6801513)
912,,-84.3096836,33.7400483,POINT (-84.3096836 33.7400483)
913,,-84.3973649,33.6811368,POINT (-84.3973649 33.6811368)
914,,-84.4011755,33.6811564,POINT (-84.4011755 33.6811564)
915,,-84.4008145,33.6811426,POINT (-84.4008145 33.6811426)
916,,-84.4028172,33.6812191,POINT (-84.4028172 33.6812191)
917,,-84.4050332,33.681273,POINT (-84.4050332 33.681273)
918,,-84.4065454,33.6812649,POINT (-84.4065454 33.6812649)
919,,-84.4076991,33.6812787,POINT (-84.4076991 33.6812787)
920,,-84.4110528,33.6813149,POINT (-84.4110528 33.6813149)
921,,-84.407817,33.683205,POINT (-84.407817 33.683205)
922,,-84.408495,33.677064,POINT (-84.408495 33.677064)
923,,-84.37215,33.754305,POINT (-84.37215 33.754305)
924,,-84.372055,33.753761,POINT (-84.372055 33.753761)
925,,-84.372136,33.755473,POINT (-84.372136 33.755473)
926,,-84.3712903,33.7542952,POINT (-84.3712903 33.7542952)
927,,-84.3717802,33.7530828,POINT (-84.3717802 33.7530828)
928,,-84.3701132,33.7496793,POINT (-84.3701132 33.7496793)
929,,-84.3698958,33.7494997,POINT (-84.3698958 33.7494997)
930,,-84.368115,33.746057,POINT (-84.368115 33.746057)
931,,-84.368119,33.745483,POINT (-84.368119 33.745483)
932,,-84.36813,33.743925,POINT (-84.36813 33.743925)
933,,-84.36815,33.74104,POINT (-84.36815 33.74104)
934,,-84.368156,33.740149,POINT (-84.368156 33.740149)
935,,-84.3681454,33.7424634,POINT (-84.3681454 33.7424634)
936,,-84.368159,33.739802,POINT (-84.368159 33.739802)
937,,-84.368165,33.738897,POINT (-84.368165 33.738897)
938,,-84.368171,33.73856,POINT (-84.368171 33.73856)
939,,-84.368187,33.737673,POINT (-84.368187 33.737673)
940,,-84.368196,33.737151,POINT (-84.368196 33.737151)
941,,-84.368202,33.736823,POINT (-84.368202 33.736823)
942,,-84.368223,33.735688,POINT (-84.368223 33.735688)
943,,-84.368251,33.734086,POINT (-84.368251 33.734086)
944,,-84.368286,33.732162,POINT (-84.368286 33.732162)
945,,-84.368378,33.729331,POINT (-84.368378 33.729331)
946,,-84.3683304,33.7301574,POINT (-84.3683304 33.7301574)
947,,-84.36839,33.728475,POINT (-84.36839 33.728475)
948,,-84.368427,33.725804,POINT (-84.368427 33.725804)
949,,-84.368404,33.72746,POINT (-84.368404 33.72746)
950,,-84.368461,33.723406,POINT (-84.368461 33.723406)
951,,-84.36848,33.721899,POINT (-84.36848 33.721899)
952,,-84.3708863,33.721929,POINT (-84.3708863 33.721929)
953,,-84.368507,33.719996,POINT (-84.368507 33.719996)
954,,-84.368564,33.715875,POINT (-84.368564 33.715875)
955,,-84.368575,33.715082,POINT (-84.368575 33.715082)
956,,-84.4550404,33.7073823,POINT (-84.4550404 33.7073823)
957,,-84.455681,33.707129,POINT (-84.455681 33.707129)
958,,-84.45339,33.708028,POINT (-84.45339 33.708028)
959,,-84.455063,33.700718,POINT (-84.455063 33.700718)
960,,-84.452635,33.700667,POINT (-84.452635 33.700667)
961,,-84.457352,33.700726,POINT (-84.457352 33.700726)
962,,-84.534006,33.689109,POINT (-84.534006 33.689109)
963,,-84.53433,33.690154,POINT (-84.53433 33.690154)
964,,-84.533731,33.688144,POINT (-84.533731 33.688144)
965,,-84.432667,33.736547,POINT (-84.432667 33.736547)
966,,-84.433311,33.736939,POINT (-84.433311 33.736939)
967,,-84.3417476,33.7648707,POINT (-84.3417476 33.7648707)
968,,-84.3417153,33.7659944,POINT (-84.3417153 33.7659944)
969,,-84.430208,33.735045,POINT (-84.430208 33.735045)
970,,-84.3417854,33.7634531,POINT (-84.3417854 33.7634531)
971,,-84.370748,33.775484,POINT (-84.370748 33.775484)
972,,-84.339977,33.764863,POINT (-84.339977 33.764863)
973,,-84.370957,33.7736584,POINT (-84.370957 33.7736584)
974,,-84.449247,33.763709,POINT (-84.449247 33.763709)
975,,-84.45142,33.764663,POINT (-84.45142 33.764663)
976,,-84.447369,33.763621,POINT (-84.447369 33.763621)
977,,-84.343248,33.764914,POINT (-84.343248 33.764914)
978,,-84.470517,33.749103,POINT (-84.470517 33.749103)
979,,-84.471981,33.7489459,POINT (-84.471981 33.7489459)
980,,-84.3341367,33.7449903,POINT (-84.3341367 33.7449903)
981,,-84.3417003,33.766472,POINT (-84.3417003 33.766472)
982,,-84.473807,33.748385,POINT (-84.473807 33.748385)
983,,-84.478895,33.744435,POINT (-84.478895 33.744435)
984,,-84.479169,33.742909,POINT (-84.479169 33.742909)
985,,-84.479225,33.741067,POINT (-84.479225 33.741067)
986,,-84.4807679,33.736713,POINT (-84.4807679 33.736713)
987,,-84.480843,33.735541,POINT (-84.480843 33.735541)
988,,-84.479876,33.732881,POINT (-84.479876 33.732881)
989,,-84.477455,33.730262,POINT (-84.477455 33.730262)
990,,-84.476059,33.729356,POINT (-84.476059 33.729356)
991,,-84.47523,33.727841,POINT (-84.47523 33.727841)
992,,-84.475147,33.727804,POINT (-84.475147 33.727804)
993,,-84.480283,33.728877,POINT (-84.480283 33.728877)
994,,-84.4323488,33.8483846,POINT (-84.4323488 33.8483846)
995,,-84.4325389,33.8486816,POINT (-84.4325389 33.8486816)
996,,-84.431923,33.848565,POINT (-84.431923 33.848565)
997,,-84.438897,33.845746,POINT (-84.438897 33.845746)
998,,-84.380695,33.713291,POINT (-84.380695 33.713291)
999,,-84.380421,33.712241,POINT (-84.380421 33.712241)
1000,,-84.38104,33.714606,POINT (-84.38104 33.714606)
1001,,-84.3417028,33.7672444,POINT (-84.3417028 33.7672444)
1002,,-84.428285,33.717262,POINT (-84.428285 33.717262)
1003,,-84.42863,33.717109,POINT (-84.42863 33.717109)
1004,,-84.427446,33.717586,POINT (-84.427446 33.717586)
1005,,-84.3416892,33.767724,POINT (-84.3416892 33.767724)
1006,,-84.3416745,33.7685593,POINT (-84.3416745 33.7685593)
1007,,-84.444656,33.774076,POINT (-84.444656 33.774076)
1008,,-84.444401,33.774021,POINT (-84.444401 33.774021)
1009,,-84.445718,33.774251,POINT (-84.445718 33.774251)
1010,,-84.3416283,33.7711919,POINT (-84.3416283 33.7711919)
1011,,-84.443294,33.773524,POINT (-84.443294 33.773524)
1012,,-84.3421901,33.7515037,POINT (-84.3421901 33.7515037)
1013,,-84.3421612,33.752465,POINT (-84.3421612 33.752465)
1014,,-84.488565,33.707243,POINT (-84.488565 33.707243)
1015,,-84.3417757,33.774511,POINT (-84.3417757 33.774511)
1016,,-84.3416428,33.7728269,POINT (-84.3416428 33.7728269)
1017,,-84.360144,33.691295,POINT (-84.360144 33.691295)
1018,,-84.356826,33.692955,POINT (-84.356826 33.692955)
1019,,-84.360177,33.68978,POINT (-84.360177 33.68978)
1020,,-84.360199,33.688839,POINT (-84.360199 33.688839)
1021,,-84.3415508,33.7751576,POINT (-84.3415508 33.7751576)
1022,,-84.360202,33.688713,POINT (-84.360202 33.688713)
1023,,-84.360216,33.687986,POINT (-84.360216 33.687986)
1024,,-84.356689,33.670601,POINT (-84.356689 33.670601)
1025,,-84.3567425,33.6694255,POINT (-84.3567425 33.6694255)
1026,,-84.3386027,33.7740184,POINT (-84.3386027 33.7740184)
1027,,-84.355424,33.665963,POINT (-84.355424 33.665963)
1028,,-84.363542,33.668088,POINT (-84.363542 33.668088)
1029,,-84.3555002,33.6595818,POINT (-84.3555002 33.6595818)
1030,,-84.355528,33.658906,POINT (-84.355528 33.658906)
1031,,-84.3450617,33.7747054,POINT (-84.3450617 33.7747054)
1032,,-84.355571,33.6566421,POINT (-84.355571 33.6566421)
1033,,-84.355576,33.6560725,POINT (-84.355576 33.6560725)
1034,,-84.3558959,33.6550088,POINT (-84.3558959 33.6550088)
1035,,-84.35738,33.652113,POINT (-84.35738 33.652113)
1036,,-84.3575033,33.6517794,POINT (-84.3575033 33.6517794)
1037,,-84.358165,33.649989,POINT (-84.358165 33.649989)
1038,,-84.3595477,33.650117,POINT (-84.3595477 33.650117)
1039,,-84.331574,33.721587,POINT (-84.331574 33.721587)
1040,,-84.3706055,33.8200259,POINT (-84.3706055 33.8200259)
1041,,-84.3701765,33.8210705,POINT (-84.3701765 33.8210705)
1042,,-84.402738,33.76115,POINT (-84.402738 33.76115)
1043,,-84.402936,33.763431,POINT (-84.402936 33.763431)
1044,,-84.402773,33.758056,POINT (-84.402773 33.758056)
1045,,-84.396448,33.761944,POINT (-84.396448 33.761944)
1046,,-84.39494,33.760102,POINT (-84.39494 33.760102)
1047,,-84.506209,33.695298,POINT (-84.506209 33.695298)
1048,,-84.506217,33.694359,POINT (-84.506217 33.694359)
1049,,-84.325906,33.724297,POINT (-84.325906 33.724297)
1050,,-84.5066199,33.6984841,POINT (-84.5066199 33.6984841)
1051,,-84.475078,33.69856,POINT (-84.475078 33.69856)
1052,,-84.475158,33.699718,POINT (-84.475158 33.699718)
1053,,-84.357264,33.763385,POINT (-84.357264 33.763385)
1054,,-84.355603,33.764332,POINT (-84.355603 33.764332)
1055,,-84.3579233,33.7630213,POINT (-84.3579233 33.7630213)
1056,,-84.414758,33.763454,POINT (-84.414758 33.763454)
1057,,-84.41511,33.763456,POINT (-84.41511 33.763456)
1058,,-84.413876,33.763449,POINT (-84.413876 33.763449)
1059,,-84.3422069,33.7506821,POINT (-84.3422069 33.7506821)
1060,,-84.414433,33.773048,POINT (-84.414433 33.773048)
1061,,-84.415434,33.773049,POINT (-84.415434 33.773049)
1062,,-84.413442,33.773047,POINT (-84.413442 33.773047)
1063,,-84.432181,33.747368,POINT (-84.432181 33.747368)
1064,,-84.431004,33.747343,POINT (-84.431004 33.747343)
1065,,-84.434728,33.747414,POINT (-84.434728 33.747414)
1066,,-84.393423,33.740738,POINT (-84.393423 33.740738)
1067,,-84.393381,33.742591,POINT (-84.393381 33.742591)
1068,,-84.394538,33.740746,POINT (-84.394538 33.740746)
1069,,-84.394559,33.739509,POINT (-84.394559 33.739509)
1070,,-84.398291,33.740757,POINT (-84.398291 33.740757)
1071,,-84.398315,33.739528,POINT (-84.398315 33.739528)
1072,,-84.3167314,33.7641276,POINT (-84.3167314 33.7641276)
1073,,-84.319597,33.76247,POINT (-84.319597 33.76247)
1074,,-84.533167,33.708427,POINT (-84.533167 33.708427)
1075,,-84.315584,33.7645449,POINT (-84.315584 33.7645449)
1076,,-84.529389,33.704731,POINT (-84.529389 33.704731)
1077,,-84.5291767,33.7022653,POINT (-84.5291767 33.7022653)
1078,,-84.5278604,33.6955831,POINT (-84.5278604 33.6955831)
1079,,-84.5351929,33.6960255,POINT (-84.5351929 33.6960255)
1080,,-84.527849,33.692489,POINT (-84.527849 33.692489)
1081,,-84.52413,33.695265,POINT (-84.52413 33.695265)
1082,,-84.527545,33.690701,POINT (-84.527545 33.690701)
1083,,-84.527199,33.688748,POINT (-84.527199 33.688748)
1084,,-84.470038,33.799186,POINT (-84.470038 33.799186)
1085,,-84.4701078,33.7997327,POINT (-84.4701078 33.7997327)
1086,,-84.469385,33.794093,POINT (-84.469385 33.794093)
1087,,-84.3492143,33.7433244,POINT (-84.3492143 33.7433244)
1088,,-84.348903,33.7433174,POINT (-84.348903 33.7433174)
1089,,-84.349233,33.7439044,POINT (-84.349233 33.7439044)
1090,,-84.349219,33.742086,POINT (-84.349219 33.742086)
1091,,-84.416128,33.797106,POINT (-84.416128 33.797106)
1092,,-84.416068,33.796843,POINT (-84.416068 33.796843)
1093,,-84.4161286,33.7977974,POINT (-84.4161286 33.7977974)
1094,,-84.467432,33.752283,POINT (-84.467432 33.752283)
1095,,-84.4686572,33.7557939,POINT (-84.4686572 33.7557939)
1096,,-84.4679615,33.7520071,POINT (-84.4679615 33.7520071)
1097,,-84.4691635,33.7557893,POINT (-84.4691635 33.7557893)
1098,,-84.4687948,33.7561554,POINT (-84.4687948 33.7561554)
1099,,-84.4691812,33.7582994,POINT (-84.4691812 33.7582994)
1100,,-84.4692887,33.7589966,POINT (-84.4692887 33.7589966)
1101,,-84.469352,33.7594075,POINT (-84.469352 33.7594075)
1102,,-84.4692512,33.7587999,POINT (-84.4692512 33.7587999)
1103,,-84.4695036,33.7588489,POINT (-84.4695036 33.7588489)
1104,,-84.469513,33.760225,POINT (-84.469513 33.760225)
1105,,-84.469747,33.761625,POINT (-84.469747 33.761625)
1106,,-84.4700199,33.7634006,POINT (-84.4700199 33.7634006)
1107,,-84.470033,33.76362,POINT (-84.470033 33.76362)
1108,,-84.4697075,33.7636191,POINT (-84.4697075 33.7636191)
1109,,-84.4703176,33.7636222,POINT (-84.4703176 33.7636222)
1110,,-84.4700305,33.7638526,POINT (-84.4700305 33.7638526)
1111,,-84.470016,33.765201,POINT (-84.470016 33.765201)
1112,,-84.470598,33.767693,POINT (-84.470598 33.767693)
1113,,-84.471201,33.76836,POINT (-84.471201 33.76836)
1114,,-84.471944,33.769137,POINT (-84.471944 33.769137)
1115,,-84.471364,33.769481,POINT (-84.471364 33.769481)
1116,,-84.473012,33.770259,POINT (-84.473012 33.770259)
1117,,-84.473505,33.77175,POINT (-84.473505 33.77175)
1118,,-84.473601,33.773677,POINT (-84.473601 33.773677)
1119,,-84.473612,33.773874,POINT (-84.473612 33.773874)
1120,,-84.47366,33.774767,POINT (-84.47366 33.774767)
1121,,-84.473739,33.776318,POINT (-84.473739 33.776318)
1122,,-84.4742023,33.7776036,POINT (-84.4742023 33.7776036)
1123,,-84.475708,33.777168,POINT (-84.475708 33.777168)
1124,,-84.473065,33.775948,POINT (-84.473065 33.775948)
1125,,-84.3031021,33.7511518,POINT (-84.3031021 33.7511518)
1126,,-84.3039503,33.7510348,POINT (-84.3039503 33.7510348)
1127,,-84.409511,33.800299,POINT (-84.409511 33.800299)
1128,,-84.41129,33.800335,POINT (-84.41129 33.800335)
1129,,-84.407835,33.8002953,POINT (-84.407835 33.8002953)
1130,,-84.464046,33.787742,POINT (-84.464046 33.787742)
1131,,-84.464468,33.788047,POINT (-84.464468 33.788047)
1132,,-84.461249,33.785198,POINT (-84.461249 33.785198)
1133,,-84.401691,33.730512,POINT (-84.401691 33.730512)
1134,,-84.4017,33.731942,POINT (-84.4017 33.731942)
1135,,-84.401616,33.729311,POINT (-84.401616 33.729311)
1136,,-84.412811,33.732857,POINT (-84.412811 33.732857)
1137,,-84.413308,33.731914,POINT (-84.413308 33.731914)
1138,,-84.41242,33.734422,POINT (-84.41242 33.734422)
1139,,-84.408101,33.732845,POINT (-84.408101 33.732845)
1140,,-84.40811,33.733639,POINT (-84.40811 33.733639)
1141,,-84.408092,33.731936,POINT (-84.408092 33.731936)
1142,,-84.441965,33.7728,POINT (-84.441965 33.7728)
1143,,-84.4412,33.77243,POINT (-84.4412 33.77243)
1144,,-84.443025,33.773376,POINT (-84.443025 33.773376)
1145,,-84.441998,33.771692,POINT (-84.441998 33.771692)
1146,,-84.3494978,33.6900204,POINT (-84.3494978 33.6900204)
1147,,-84.3492564,33.6876726,POINT (-84.3492564 33.6876726)
1148,,-84.481278,33.764326,POINT (-84.481278 33.764326)
1149,,-84.481926,33.764316,POINT (-84.481926 33.764316)
1150,,-84.477183,33.763795,POINT (-84.477183 33.763795)
1151,,-84.423262,33.838954,POINT (-84.423262 33.838954)
1152,,-84.423534,33.8390503,POINT (-84.423534 33.8390503)
1153,,-84.422438,33.838648,POINT (-84.422438 33.838648)
1154,,-84.414044,33.74299,POINT (-84.414044 33.74299)
1155,,-84.41405,33.7427311,POINT (-84.41405 33.7427311)
1156,,-84.4140337,33.7444059,POINT (-84.4140337 33.7444059)
1157,,-84.414055,33.741817,POINT (-84.414055 33.741817)
1158,,-84.414067,33.740618,POINT (-84.414067 33.740618)
1159,,-84.414082,33.739064,POINT (-84.414082 33.739064)
1160,,-84.416511,33.740665,POINT (-84.416511 33.740665)
1161,,-84.4139899,33.7409712,POINT (-84.4139899 33.7409712)
1162,,-84.414078,33.73823,POINT (-84.414078 33.73823)
1163,,-84.414079,33.7379512,POINT (-84.414079 33.7379512)
1164,,-84.41567,33.738252,POINT (-84.41567 33.738252)
1165,,-84.414082,33.737069,POINT (-84.414082 33.737069)
1166,,-84.414097,33.735838,POINT (-84.414097 33.735838)
1167,,-84.414125,33.733426,POINT (-84.414125 33.733426)
1168,,-84.4141813,33.7322325,POINT (-84.4141813 33.7322325)
1169,,-84.415853,33.729327,POINT (-84.415853 33.729327)
1170,,-84.417502,33.727288,POINT (-84.417502 33.727288)
1171,,-84.4147345,33.7308144,POINT (-84.4147345 33.7308144)
1172,,-84.417492,33.7302177,POINT (-84.417492 33.7302177)
1173,,-84.418293,33.726554,POINT (-84.418293 33.726554)
1174,,-84.418502,33.726374,POINT (-84.418502 33.726374)
1175,,-84.417968,33.7263175,POINT (-84.417968 33.7263175)
1176,,-84.419205,33.725754,POINT (-84.419205 33.725754)
1177,,-84.420147,33.724923,POINT (-84.420147 33.724923)
1178,,-84.421109,33.724073,POINT (-84.421109 33.724073)
1179,,-84.422258,33.72306,POINT (-84.422258 33.72306)
1180,,-84.422704,33.72263,POINT (-84.422704 33.72263)
1181,,-84.42301,33.722275,POINT (-84.42301 33.722275)
1182,,-84.4246556,33.719575,POINT (-84.4246556 33.719575)
1183,,-84.425285,33.722265,POINT (-84.425285 33.722265)
1184,,-84.4251159,33.718538,POINT (-84.4251159 33.718538)
1185,,-84.4251963,33.7182043,POINT (-84.4251963 33.7182043)
1186,,-84.4253158,33.7177645,POINT (-84.4253158 33.7177645)
1187,,-84.4257099,33.718161,POINT (-84.4257099 33.718161)
1188,,-84.4259428,33.7151185,POINT (-84.4259428 33.7151185)
1189,,-84.4277246,33.7084101,POINT (-84.4277246 33.7084101)
1190,,-84.4277453,33.708275,POINT (-84.4277453 33.708275)
1191,,-84.4118299,33.7877787,POINT (-84.4118299 33.7877787)
1192,,-84.41205,33.790409,POINT (-84.41205 33.790409)
1193,,-84.411655,33.785801,POINT (-84.411655 33.785801)
1194,,-84.335034,33.739998,POINT (-84.335034 33.739998)
1195,,-84.3013958,33.7525974,POINT (-84.3013958 33.7525974)
1196,,-84.41268,33.807842,POINT (-84.41268 33.807842)
1197,,-84.412865,33.8094499,POINT (-84.412865 33.8094499)
1198,,-84.412787,33.8070161,POINT (-84.412787 33.8070161)
1199,,-84.4221047,33.7732252,POINT (-84.4221047 33.7732252)
1200,,-84.4225316,33.7732338,POINT (-84.4225316 33.7732338)
1201,,-84.481925,33.754975,POINT (-84.481925 33.754975)
1202,,-84.4837882,33.7551656,POINT (-84.4837882 33.7551656)
1203,,-84.482163,33.75593,POINT (-84.482163 33.75593)
1204,,-84.4818512,33.7544084,POINT (-84.4818512 33.7544084)
1205,,-84.488395,33.755637,POINT (-84.488395 33.755637)
1206,,-84.489686,33.75577,POINT (-84.489686 33.75577)
1207,,-84.4875399,33.7555495,POINT (-84.4875399 33.7555495)
1208,,-84.490997,33.755904,POINT (-84.490997 33.755904)
1209,,-84.492985,33.756108,POINT (-84.492985 33.756108)
1210,,-84.493076,33.756117,POINT (-84.493076 33.756117)
1211,,-84.495866,33.756403,POINT (-84.495866 33.756403)
1212,,-84.499704,33.756694,POINT (-84.499704 33.756694)
1213,,-84.500201,33.755737,POINT (-84.500201 33.755737)
1214,,-84.50076,33.757041,POINT (-84.50076 33.757041)
1215,,-84.502172,33.757425,POINT (-84.502172 33.757425)
1216,,-84.4137734,33.7312606,POINT (-84.4137734 33.7312606)
1217,,-84.49049,33.714293,POINT (-84.49049 33.714293)
1218,,-84.490474,33.711525,POINT (-84.490474 33.711525)
1219,,-84.4903031,33.7201562,POINT (-84.4903031 33.7201562)
1220,,-84.489067,33.708048,POINT (-84.489067 33.708048)
1221,,-84.4862257,33.6963236,POINT (-84.4862257 33.6963236)
1222,,-84.486232,33.696011,POINT (-84.486232 33.696011)
1223,,-84.485825,33.692788,POINT (-84.485825 33.692788)
1224,,-84.488971,33.693865,POINT (-84.488971 33.693865)
1225,,-84.4859769,33.6962,POINT (-84.4859769 33.6962)
1226,,-84.391574,33.757762,POINT (-84.391574 33.757762)
1227,,-84.391294,33.7579616,POINT (-84.391294 33.7579616)
1228,,-84.3927053,33.7585402,POINT (-84.3927053 33.7585402)
1229,,-84.39199,33.763727,POINT (-84.39199 33.763727)
1230,,-84.3920172,33.7633447,POINT (-84.3920172 33.7633447)
1231,,-84.391845,33.764003,POINT (-84.391845 33.764003)
1232,,-84.3914283,33.7643995,POINT (-84.3914283 33.7643995)
1233,,-84.39193,33.7646339,POINT (-84.39193 33.7646339)
1234,,-84.44913,33.776219,POINT (-84.44913 33.776219)
1235,,-84.449026,33.776137,POINT (-84.449026 33.776137)
1236,,-84.4497194,33.7766823,POINT (-84.4497194 33.7766823)
1237,,-84.353142,33.766616,POINT (-84.353142 33.766616)
1238,,-84.3525369,33.7684888,POINT (-84.3525369 33.7684888)
1239,,-84.353638,33.76603,POINT (-84.353638 33.76603)
1240,,-84.455309,33.779842,POINT (-84.455309 33.779842)
1241,,-84.455245,33.779699,POINT (-84.455245 33.779699)
1242,,-84.455791,33.781181,POINT (-84.455791 33.781181)
1243,,-84.424753,33.839512,POINT (-84.424753 33.839512)
1244,,-84.4238288,33.8391585,POINT (-84.4238288 33.8391585)
1245,,-84.4252587,33.8396633,POINT (-84.4252587 33.8396633)
1246,,-84.418311,33.698583,POINT (-84.418311 33.698583)
1247,,-84.4182809,33.7006739,POINT (-84.4182809 33.7006739)
1248,,-84.4183988,33.6981602,POINT (-84.4183988 33.6981602)
1249,,-84.3999109,33.7815121,POINT (-84.3999109 33.7815121)
1250,,-84.4006049,33.7815131,POINT (-84.4006049 33.7815131)
1251,,-84.3991489,33.7815102,POINT (-84.3991489 33.7815102)
1252,,-84.4312339,33.7718123,POINT (-84.4312339 33.7718123)
1253,,-84.4295293,33.7719313,POINT (-84.4295293 33.7719313)
1254,,-84.431526,33.771752,POINT (-84.431526 33.771752)
1255,,-84.418215,33.705938,POINT (-84.418215 33.705938)
1256,,-84.418225,33.705005,POINT (-84.418225 33.705005)
1257,,-84.418206,33.706861,POINT (-84.418206 33.706861)
1258,,-84.3791267,33.7864811,POINT (-84.3791267 33.7864811)
1259,,-84.3789347,33.7864804,POINT (-84.3789347 33.7864804)
1260,,-84.3821632,33.7865032,POINT (-84.3821632 33.7865032)
1261,,-84.4335321,33.7555381,POINT (-84.4335321 33.7555381)
1262,,-84.433485,33.754934,POINT (-84.433485 33.754934)
1263,,-84.43357,33.756558,POINT (-84.43357 33.756558)
1264,,-84.433594,33.757299,POINT (-84.433594 33.757299)
1265,,-84.433598,33.757426,POINT (-84.433598 33.757426)
1266,,-84.433608,33.758266,POINT (-84.433608 33.758266)
1267,,-84.433558,33.759523,POINT (-84.433558 33.759523)
1268,,-84.433518,33.76031,POINT (-84.433518 33.76031)
1269,,-84.43349,33.760867,POINT (-84.43349 33.760867)
1270,,-84.433469,33.761291,POINT (-84.433469 33.761291)
1271,,-84.433422,33.762211,POINT (-84.433422 33.762211)
1272,,-84.433401,33.762499,POINT (-84.433401 33.762499)
1273,,-84.433176,33.763098,POINT (-84.433176 33.763098)
1274,,-84.432966,33.763546,POINT (-84.432966 33.763546)
1275,,-84.429294,33.763528,POINT (-84.429294 33.763528)
1276,,-84.436286,33.763564,POINT (-84.436286 33.763564)
1277,,-84.432326,33.764461,POINT (-84.432326 33.764461)
1278,,-84.432264,33.765288,POINT (-84.432264 33.765288)
1279,,-84.432288,33.765826,POINT (-84.432288 33.765826)
1280,,-84.432298,33.765938,POINT (-84.432298 33.765938)
1281,,-84.3422521,33.7485138,POINT (-84.3422521 33.7485138)
1282,,-84.433984,33.769875,POINT (-84.433984 33.769875)
1283,,-84.433963,33.771301,POINT (-84.433963 33.771301)
1284,,-84.432661,33.771521,POINT (-84.432661 33.771521)
1285,,-84.435968,33.77135,POINT (-84.435968 33.77135)
1286,,-84.489177,33.690804,POINT (-84.489177 33.690804)
1287,,-84.489067,33.689607,POINT (-84.489067 33.689607)
1288,,-84.4896571,33.6915227,POINT (-84.4896571 33.6915227)
1289,,-84.489793,33.688053,POINT (-84.489793 33.688053)
1290,,-84.491252,33.686366,POINT (-84.491252 33.686366)
1291,,-84.500695,33.6840152,POINT (-84.500695 33.6840152)
1292,,-84.492325,33.685036,POINT (-84.492325 33.685036)
1293,,-84.506362,33.682871,POINT (-84.506362 33.682871)
1294,,-84.506308,33.684571,POINT (-84.506308 33.684571)
1295,,-84.506352,33.68007,POINT (-84.506352 33.68007)
1296,,-84.3338871,33.7453906,POINT (-84.3338871 33.7453906)
1297,,-84.545131,33.698701,POINT (-84.545131 33.698701)
1298,,-84.546146,33.700844,POINT (-84.546146 33.700844)
1299,,-84.543578,33.696418,POINT (-84.543578 33.696418)
1300,,-84.451896,33.708614,POINT (-84.451896 33.708614)
1301,,-84.454755,33.711179,POINT (-84.454755 33.711179)
1302,,-84.454242,33.712584,POINT (-84.454242 33.712584)
1303,,-84.4141784,33.8125042,POINT (-84.4141784 33.8125042)
1304,,-84.41472,33.813508,POINT (-84.41472 33.813508)
1305,,-84.4135056,33.8115063,POINT (-84.4135056 33.8115063)
1306,,-84.3420283,33.7553987,POINT (-84.3420283 33.7553987)
1307,,-84.446005,33.774312,POINT (-84.446005 33.774312)
1308,,-84.3407347,33.7534172,POINT (-84.3407347 33.7534172)
1309,,-84.42546,33.7346174,POINT (-84.42546 33.7346174)
1310,,-84.430755,33.737822,POINT (-84.430755 33.737822)
1311,,-84.4178822,33.7304236,POINT (-84.4178822 33.7304236)
1312,,-84.4323913,33.7390211,POINT (-84.4323913 33.7390211)
1313,,-84.4321549,33.7386826,POINT (-84.4321549 33.7386826)
1314,,-84.430718,33.738922,POINT (-84.430718 33.738922)
1315,,-84.4327187,33.7390291,POINT (-84.4327187 33.7390291)
1316,,-84.4323984,33.7393797,POINT (-84.4323984 33.7393797)
1317,,-84.417722,33.732214,POINT (-84.417722 33.732214)
1318,,-84.417725,33.733427,POINT (-84.417725 33.733427)
1319,,-84.417728,33.7309097,POINT (-84.417728 33.7309097)
1320,,-84.4179685,33.724452,POINT (-84.4179685 33.724452)
1321,,-84.418018,33.722198,POINT (-84.418018 33.722198)
1322,,-84.418121,33.716247,POINT (-84.418121 33.716247)
1323,,-84.418137,33.714348,POINT (-84.418137 33.714348)
1324,,-84.4181377,33.714008,POINT (-84.4181377 33.714008)
1325,,-84.418138,33.713865,POINT (-84.418138 33.713865)
1326,,-84.418149,33.712758,POINT (-84.418149 33.712758)
1327,,-84.418156,33.71209,POINT (-84.418156 33.71209)
1328,,-84.418162,33.71114,POINT (-84.418162 33.71114)
1329,,-84.418177,33.710129,POINT (-84.418177 33.710129)
1330,,-84.3346365,33.7533937,POINT (-84.3346365 33.7533937)
1331,,-84.418189,33.709182,POINT (-84.418189 33.709182)
1332,,-84.418199,33.707798,POINT (-84.418199 33.707798)
1333,,-84.418226,33.704928,POINT (-84.418226 33.704928)
1334,,-84.418252,33.702717,POINT (-84.418252 33.702717)
1335,,-84.4182654,33.7019767,POINT (-84.4182654 33.7019767)
1336,,-84.418271,33.701415,POINT (-84.418271 33.701415)
1337,,-84.419622,33.701441,POINT (-84.419622 33.701441)
1338,,-84.4182716,33.7013797,POINT (-84.4182716 33.7013797)
1339,,-84.4182767,33.7009606,POINT (-84.4182767 33.7009606)
1340,,-84.3284454,33.7533699,POINT (-84.3284454 33.7533699)
1341,,-84.3262329,33.7533519,POINT (-84.3262329 33.7533519)
1342,,-84.3291921,33.7533727,POINT (-84.3291921 33.7533727)
1343,,-84.3251407,33.7528355,POINT (-84.3251407 33.7528355)
1344,,-84.3240102,33.7522967,POINT (-84.3240102 33.7522967)
1345,,-84.4083287,33.7815608,POINT (-84.4083287 33.7815608)
1346,,-84.409161,33.7815644,POINT (-84.409161 33.7815644)
1347,,-84.4075428,33.7815556,POINT (-84.4075428 33.7815556)
1348,,-84.417231,33.800467,POINT (-84.417231 33.800467)
1349,,-84.4159631,33.8004713,POINT (-84.4159631 33.8004713)
1350,,-84.323663,33.7520514,POINT (-84.323663 33.7520514)
1351,,-84.424362,33.747143,POINT (-84.424362 33.747143)
1352,,-84.425412,33.747242,POINT (-84.425412 33.747242)
1353,,-84.414445,33.749285,POINT (-84.414445 33.749285)
1354,,-84.415252,33.749255,POINT (-84.415252 33.749255)
1355,,-84.413625,33.749316,POINT (-84.413625 33.749316)
1356,,-84.3231884,33.7532264,POINT (-84.3231884 33.7532264)
1357,,-84.3228379,33.7514683,POINT (-84.3228379 33.7514683)
1358,,-84.355669,33.789923,POINT (-84.355669 33.789923)
1359,,-84.355678,33.789782,POINT (-84.355678 33.789782)
1360,,-84.355392,33.791021,POINT (-84.355392 33.791021)
1361,,-84.355459,33.788686,POINT (-84.355459 33.788686)
1362,,-84.420222,33.850952,POINT (-84.420222 33.850952)
1363,,-84.421849,33.851231,POINT (-84.421849 33.851231)
1364,,-84.419285,33.850787,POINT (-84.419285 33.850787)
1365,,-84.50622,33.694066,POINT (-84.50622 33.694066)
1366,,-84.3226335,33.7513167,POINT (-84.3226335 33.7513167)
1367,,-84.369862,33.778124,POINT (-84.369862 33.778124)
1368,,-84.41188,33.82871,POINT (-84.41188 33.82871)
1369,,-84.413202,33.828706,POINT (-84.413202 33.828706)
1370,,-84.409656,33.828711,POINT (-84.409656 33.828711)
1371,,-84.3216583,33.7511481,POINT (-84.3216583 33.7511481)
1372,,-84.3202634,33.7511377,POINT (-84.3202634 33.7511377)
1373,,-84.4761581,33.7023581,POINT (-84.4761581 33.7023581)
1374,,-84.472948,33.702651,POINT (-84.472948 33.702651)
1375,,-84.3221729,33.751152,POINT (-84.3221729 33.751152)
1376,,-84.479112,33.701257,POINT (-84.479112 33.701257)
1377,,-84.3674214,33.8214367,POINT (-84.3674214 33.8214367)
1378,,-84.3675451,33.8214354,POINT (-84.3675451 33.8214354)
1379,,-84.3672358,33.8235955,POINT (-84.3672358 33.8235955)
1380,,-84.3575122,33.8204682,POINT (-84.3575122 33.8204682)
1381,,-84.357247,33.820364,POINT (-84.357247 33.820364)
1382,,-84.3600892,33.8206986,POINT (-84.3600892 33.8206986)
1383,,-84.357065,33.820294,POINT (-84.357065 33.820294)
1384,,-84.356396,33.820044,POINT (-84.356396 33.820044)
1385,,-84.353904,33.819177,POINT (-84.353904 33.819177)
1386,,-84.353176,33.818929,POINT (-84.353176 33.818929)
1387,,-84.3516511,33.8184334,POINT (-84.3516511 33.8184334)
1388,,-84.3484884,33.8173795,POINT (-84.3484884 33.8173795)
1389,,-84.351358,33.820408,POINT (-84.351358 33.820408)
1390,,-84.352096,33.817183,POINT (-84.352096 33.817183)
1391,,-84.496463,33.736828,POINT (-84.496463 33.736828)
1392,,-84.496253,33.736745,POINT (-84.496253 33.736745)
1393,,-84.499319,33.73771,POINT (-84.499319 33.73771)
1394,,-84.413223,33.741823,POINT (-84.413223 33.741823)
1395,,-84.413626,33.741811,POINT (-84.413626 33.741811)
1396,,-84.4175987,33.7418959,POINT (-84.4175987 33.7418959)
1397,,-84.4177048,33.7419771,POINT (-84.4177048 33.7419771)
1398,,-84.4177106,33.7418925,POINT (-84.4177106 33.7418925)
1399,,-84.4176277,33.7423462,POINT (-84.4176277 33.7423462)
1400,,-84.4208613,33.7420202,POINT (-84.4208613 33.7420202)
1401,,-84.4266579,33.744908,POINT (-84.4266579 33.744908)
1402,,-84.372542,33.8430062,POINT (-84.372542 33.8430062)
1403,,-84.3741816,33.8418969,POINT (-84.3741816 33.8418969)
1404,,-84.3713497,33.8436464,POINT (-84.3713497 33.8436464)
1405,,-84.31749,33.7511169,POINT (-84.31749 33.7511169)
1406,,-84.367955,33.756634,POINT (-84.367955 33.756634)
1407,,-84.367926,33.757603,POINT (-84.367926 33.757603)
1408,,-84.3679795,33.7558168,POINT (-84.3679795 33.7558168)
1409,,-84.4259423,33.7015594,POINT (-84.4259423 33.7015594)
1410,,-84.424861,33.701541,POINT (-84.424861 33.701541)
1411,,-84.4266546,33.7014951,POINT (-84.4266546 33.7014951)
1412,,-84.357143,33.846288,POINT (-84.357143 33.846288)
1413,,-84.3551076,33.8473836,POINT (-84.3551076 33.8473836)
1414,,-84.358577,33.845569,POINT (-84.358577 33.845569)
1415,,-84.3537821,33.8480977,POINT (-84.3537821 33.8480977)
1416,,-84.3533146,33.8485875,POINT (-84.3533146 33.8485875)
1417,,-84.3529926,33.8487237,POINT (-84.3529926 33.8487237)
1418,,-84.353249,33.8487791,POINT (-84.353249 33.8487791)
1419,,-84.509682,33.674483,POINT (-84.509682 33.674483)
1420,,-84.509236,33.67387,POINT (-84.509236 33.67387)
1421,,-84.510726,33.67524,POINT (-84.510726 33.67524)
1422,,-84.511809,33.675378,POINT (-84.511809 33.675378)
1423,,-84.514455,33.675369,POINT (-84.514455 33.675369)
1424,,-84.5147944,33.6753717,POINT (-84.5147944 33.6753717)
1425,,-84.4269971,33.8141661,POINT (-84.4269971 33.8141661)
1426,,-84.4273937,33.814149,POINT (-84.4273937 33.814149)
1427,,-84.4260821,33.8137683,POINT (-84.4260821 33.8137683)
1428,,-84.3142984,33.751093,POINT (-84.3142984 33.751093)
1429,,-84.3130577,33.7510837,POINT (-84.3130577 33.7510837)
1430,,-84.431329,33.830409,POINT (-84.431329 33.830409)
1431,,-84.372322,33.79369,POINT (-84.372322 33.79369)
1432,,-84.371934,33.794084,POINT (-84.371934 33.794084)
1433,,-84.3727692,33.7932178,POINT (-84.3727692 33.7932178)
1434,,-84.311234,33.751074,POINT (-84.311234 33.751074)
1435,,-84.3716288,33.7943877,POINT (-84.3716288 33.7943877)
1436,,-84.3715027,33.7945247,POINT (-84.3715027 33.7945247)
1437,,-84.3735113,33.8036436,POINT (-84.3735113 33.8036436)
1438,,-84.37465,33.80553,POINT (-84.37465 33.80553)
1439,,-84.372659,33.802415,POINT (-84.372659 33.802415)
1440,,-84.393431,33.731775,POINT (-84.393431 33.731775)
1441,,-84.3931379,33.7310607,POINT (-84.3931379 33.7310607)
1442,,-84.393632,33.732332,POINT (-84.393632 33.732332)
1443,,-84.3927654,33.7276155,POINT (-84.3927654 33.7276155)
1444,,-84.3929118,33.7273097,POINT (-84.3929118 33.7273097)
1445,,-84.3930123,33.7270788,POINT (-84.3930123 33.7270788)
1446,,-84.3926441,33.7271637,POINT (-84.3926441 33.7271637)
1447,,-84.3933694,33.7219464,POINT (-84.3933694 33.7219464)
1448,,-84.3933717,33.7220942,POINT (-84.3933717 33.7220942)
1449,,-84.3930179,33.721774,POINT (-84.3930179 33.721774)
1450,,-84.3933723,33.7216016,POINT (-84.3933723 33.7216016)
1451,,-84.393388,33.7201062,POINT (-84.393388 33.7201062)
1452,,-84.393492,33.712098,POINT (-84.393492 33.712098)
1453,,-84.393496,33.711705,POINT (-84.393496 33.711705)
1454,,-84.393506,33.709711,POINT (-84.393506 33.709711)
1455,,-84.3942991,33.7086999,POINT (-84.3942991 33.7086999)
1456,,-84.395971,33.707825,POINT (-84.395971 33.707825)
1457,,-84.397565,33.706995,POINT (-84.397565 33.706995)
1458,,-84.3985312,33.7062288,POINT (-84.3985312 33.7062288)
1459,,-84.398869,33.705172,POINT (-84.398869 33.705172)
1460,,-84.398876,33.7047971,POINT (-84.398876 33.7047971)
1461,,-84.398916,33.702619,POINT (-84.398916 33.702619)
1462,,-84.398938,33.701386,POINT (-84.398938 33.701386)
1463,,-84.3052,33.7510417,POINT (-84.3052 33.7510417)
1464,,-84.401122,33.702609,POINT (-84.401122 33.702609)
1465,,-84.398953,33.700587,POINT (-84.398953 33.700587)
1466,,-84.398979,33.699171,POINT (-84.398979 33.699171)
1467,,-84.398955,33.7004331,POINT (-84.398955 33.7004331)
1468,,-84.399056,33.6971423,POINT (-84.399056 33.6971423)
1469,,-84.389003,33.753883,POINT (-84.389003 33.753883)
1470,,-84.3894781,33.753285,POINT (-84.3894781 33.753285)
1471,,-84.3897941,33.7543203,POINT (-84.3897941 33.7543203)
1472,,-84.387635,33.753117,POINT (-84.387635 33.753117)
1473,,-84.3883734,33.7525534,POINT (-84.3883734 33.7525534)
1474,,-84.390963,33.751416,POINT (-84.390963 33.751416)
1475,,-84.3902708,33.7536964,POINT (-84.3902708 33.7536964)
1476,,-84.3927492,33.7492274,POINT (-84.3927492 33.7492274)
1477,,-84.391534,33.748546,POINT (-84.391534 33.748546)
1478,,-84.393577,33.74809,POINT (-84.393577 33.74809)
1479,,-84.393893,33.749846,POINT (-84.393893 33.749846)
1480,,-84.3945144,33.7419441,POINT (-84.3945144 33.7419441)
1481,,-84.3267863,33.7602309,POINT (-84.3267863 33.7602309)
1482,,-84.3255244,33.7602918,POINT (-84.3255244 33.7602918)
1483,,-84.393764,33.7419326,POINT (-84.393764 33.7419326)
1484,,-84.394581,33.738073,POINT (-84.394581 33.738073)
1485,,-84.3946002,33.736879,POINT (-84.3946002 33.736879)
1486,,-84.3946012,33.7367977,POINT (-84.3946012 33.7367977)
1487,,-84.3958353,33.736906,POINT (-84.3958353 33.736906)
1488,,-84.394615,33.735651,POINT (-84.394615 33.735651)
1489,,-84.394459,33.734104,POINT (-84.394459 33.734104)
1490,,-84.394132,33.733314,POINT (-84.394132 33.733314)
1491,,-84.3939296,33.7328279,POINT (-84.3939296 33.7328279)
1492,,-84.417724,33.734637,POINT (-84.417724 33.734637)
1493,,-84.417719,33.735825,POINT (-84.417719 33.735825)
1494,,-84.3013842,33.7501853,POINT (-84.3013842 33.7501853)
1495,,-84.375185,33.746812,POINT (-84.375185 33.746812)
1496,,-84.374878,33.746808,POINT (-84.374878 33.746808)
1497,,-84.376436,33.746828,POINT (-84.376436 33.746828)
1498,,-84.373388,33.746788,POINT (-84.373388 33.746788)
1499,,-84.2938646,33.7515677,POINT (-84.2938646 33.7515677)
1500,,-84.293516,33.7515797,POINT (-84.293516 33.7515797)
1501,,-84.3872945,33.7775536,POINT (-84.3872945 33.7775536)
1502,,-84.3887846,33.7775901,POINT (-84.3887846 33.7775901)
1503,,-84.388793,33.776842,POINT (-84.388793 33.776842)
1504,,-84.362363,33.773803,POINT (-84.362363 33.773803)
1505,,-84.360961,33.773797,POINT (-84.360961 33.773797)
1506,,-84.363708,33.773597,POINT (-84.363708 33.773597)
1507,,-84.488475,33.727557,POINT (-84.488475 33.727557)
1508,,-84.48818,33.726538,POINT (-84.48818 33.726538)
1509,,-84.408169,33.691617,POINT (-84.408169 33.691617)
1510,,-84.408142,33.693934,POINT (-84.408142 33.693934)
1511,,-84.408197,33.689162,POINT (-84.408197 33.689162)
1512,,-84.411391,33.691581,POINT (-84.411391 33.691581)
1513,,-84.411387,33.691482,POINT (-84.411387 33.691482)
1514,,-84.411724,33.695287,POINT (-84.411724 33.695287)
1515,,-84.3282897,33.7604026,POINT (-84.3282897 33.7604026)
1516,,-84.402798,33.747957,POINT (-84.402798 33.747957)
1517,,-84.4036515,33.7457576,POINT (-84.4036515 33.7457576)
1518,,-84.402449,33.748587,POINT (-84.402449 33.748587)
1519,,-84.405137,33.74801,POINT (-84.405137 33.74801)
1520,,-84.40453,33.748893,POINT (-84.40453 33.748893)
1521,,-84.405781,33.747101,POINT (-84.405781 33.747101)
1522,,-84.506451,33.705138,POINT (-84.506451 33.705138)
1523,,-84.506138,33.703586,POINT (-84.506138 33.703586)
1524,,-84.506754,33.706227,POINT (-84.506754 33.706227)
1525,,-84.381576,33.853318,POINT (-84.381576 33.853318)
1526,,-84.382666,33.8543122,POINT (-84.382666 33.8543122)
1527,,-84.3793519,33.8512097,POINT (-84.3793519 33.8512097)
1528,,-84.381028,33.854438,POINT (-84.381028 33.854438)
1529,,-84.382693,33.853293,POINT (-84.382693 33.853293)
1530,,-84.443772,33.708396,POINT (-84.443772 33.708396)
1531,,-84.445872,33.711194,POINT (-84.445872 33.711194)
1532,,-84.443803,33.707396,POINT (-84.443803 33.707396)
1533,,-84.443828,33.706192,POINT (-84.443828 33.706192)
1534,,-84.433603,33.742311,POINT (-84.433603 33.742311)
1535,,-84.435117,33.742543,POINT (-84.435117 33.742543)
1536,,-84.432386,33.742291,POINT (-84.432386 33.742291)
1537,,-84.4328694,33.7390328,POINT (-84.4328694 33.7390328)
1538,,-84.433536,33.7388281,POINT (-84.433536 33.7388281)
1539,,-84.4338024,33.7391913,POINT (-84.4338024 33.7391913)
1540,,-84.411108,33.842923,POINT (-84.411108 33.842923)
1541,,-84.412441,33.842166,POINT (-84.412441 33.842166)
1542,,-84.409917,33.84337,POINT (-84.409917 33.84337)
1543,,-84.47343,33.784615,POINT (-84.47343 33.784615)
1544,,-84.390989,33.7284479,POINT (-84.390989 33.7284479)
1545,,-84.3916178,33.7280666,POINT (-84.3916178 33.7280666)
1546,,-84.390938,33.7303934,POINT (-84.390938 33.7303934)
1547,,-84.507446,33.699053,POINT (-84.507446 33.699053)
1548,,-84.508839,33.698214,POINT (-84.508839 33.698214)
1549,,-84.506685,33.7001,POINT (-84.506685 33.7001)
1550,,-84.506193,33.692956,POINT (-84.506193 33.692956)
1551,,-84.5062221,33.6903968,POINT (-84.5062221 33.6903968)
1552,,-84.5062467,33.6901626,POINT (-84.5062467 33.6901626)
1553,,-84.506273,33.687484,POINT (-84.506273 33.687484)
1554,,-84.5056438,33.690124,POINT (-84.5056438 33.690124)
1555,,-84.506283,33.686608,POINT (-84.506283 33.686608)
1556,,-84.5063,33.685184,POINT (-84.5063 33.685184)
1557,,-84.427142,33.733173,POINT (-84.427142 33.733173)
1558,,-84.429376,33.73322,POINT (-84.429376 33.73322)
1559,,-84.429372,33.734535,POINT (-84.429372 33.734535)
1560,,-84.435312,33.738057,POINT (-84.435312 33.738057)
1561,,-84.38752,33.764473,POINT (-84.38752 33.764473)
1562,,-84.387527,33.763992,POINT (-84.387527 33.763992)
1563,,-84.3860917,33.764067,POINT (-84.3860917 33.764067)
1564,,-84.3859021,33.7642984,POINT (-84.3859021 33.7642984)
1565,,-84.41436,33.697387,POINT (-84.41436 33.697387)
1566,,-84.411817,33.69723,POINT (-84.411817 33.69723)
1567,,-84.4179897,33.7005787,POINT (-84.4179897 33.7005787)
1568,,-84.432525,33.722403,POINT (-84.432525 33.722403)
1569,,-84.434148,33.722433,POINT (-84.434148 33.722433)
1570,,-84.430813,33.722358,POINT (-84.430813 33.722358)
1571,,-84.432507,33.715142,POINT (-84.432507 33.715142)
1572,,-84.431551,33.715676,POINT (-84.431551 33.715676)
1573,,-84.4341847,33.7144884,POINT (-84.4341847 33.7144884)
1574,,-84.403451,33.672989,POINT (-84.403451 33.672989)
1575,,-84.405388,33.673013,POINT (-84.405388 33.673013)
1576,,-84.400656,33.672953,POINT (-84.400656 33.672953)
1577,,-84.3207642,33.7617632,POINT (-84.3207642 33.7617632)
1578,,-84.3556589,33.7465601,POINT (-84.3556589 33.7465601)
1579,,-84.354364,33.746545,POINT (-84.354364 33.746545)
1580,,-84.356765,33.746574,POINT (-84.356765 33.746574)
1581,,-84.413241,33.80039,POINT (-84.413241 33.80039)
1582,,-84.41559,33.801378,POINT (-84.41559 33.801378)
1583,,-84.4160049,33.799952,POINT (-84.4160049 33.799952)
1584,,-84.482906,33.757737,POINT (-84.482906 33.757737)
1585,,-84.476189,33.755862,POINT (-84.476189 33.755862)
1586,,-84.482785,33.759315,POINT (-84.482785 33.759315)
1587,,-84.482869,33.761832,POINT (-84.482869 33.761832)
1588,,-84.484436,33.763017,POINT (-84.484436 33.763017)
1589,,-84.48511,33.762903,POINT (-84.48511 33.762903)
1590,,-84.3878731,33.757707,POINT (-84.3878731 33.757707)
1591,,-84.3876532,33.7577455,POINT (-84.3876532 33.7577455)
1592,,-84.3884736,33.7572744,POINT (-84.3884736 33.7572744)
1593,,-84.3883752,33.7582135,POINT (-84.3883752 33.7582135)
1594,,-84.3890623,33.7568444,POINT (-84.3890623 33.7568444)
1595,,-84.3896917,33.7563946,POINT (-84.3896917 33.7563946)
1596,,-84.390305,33.755959,POINT (-84.390305 33.755959)
1597,,-84.3910302,33.7554632,POINT (-84.3910302 33.7554632)
1598,,-84.3911319,33.7553892,POINT (-84.3911319 33.7553892)
1599,,-84.391546,33.7559655,POINT (-84.391546 33.7559655)
1600,,-84.473773,33.78404,POINT (-84.473773 33.78404)
1601,,-84.4766817,33.7875319,POINT (-84.4766817 33.7875319)
1602,,-84.482748,33.793629,POINT (-84.482748 33.793629)
1603,,-84.4763604,33.7890864,POINT (-84.4763604 33.7890864)
1604,,-84.4753147,33.7787905,POINT (-84.4753147 33.7787905)
1605,,-84.4846269,33.7955705,POINT (-84.4846269 33.7955705)
1606,,-84.4874899,33.8010979,POINT (-84.4874899 33.8010979)
1607,,-84.4851012,33.7961305,POINT (-84.4851012 33.7961305)
1608,,-84.4867115,33.8019051,POINT (-84.4867115 33.8019051)
1609,,-84.4879226,33.8005636,POINT (-84.4879226 33.8005636)
1610,,-84.490099,33.796497,POINT (-84.490099 33.796497)
1611,,-84.4886965,33.7988052,POINT (-84.4886965 33.7988052)
1612,,-84.493377,33.792669,POINT (-84.493377 33.792669)
1613,,-84.3667278,33.8116908,POINT (-84.3667278 33.8116908)
1614,,-84.3667238,33.811804,POINT (-84.3667238 33.811804)
1615,,-84.394437,33.828671,POINT (-84.394437 33.828671)
1616,,-84.399601,33.828699,POINT (-84.399601 33.828699)
1617,,-84.391661,33.828657,POINT (-84.391661 33.828657)
1618,,-84.395375,33.84404,POINT (-84.395375 33.84404)
1619,,-84.393801,33.844107,POINT (-84.393801 33.844107)
1620,,-84.395137,33.84637,POINT (-84.395137 33.84637)
1621,,-84.396629,33.844198,POINT (-84.396629 33.844198)
1622,,-84.392975,33.847318,POINT (-84.392975 33.847318)
1623,,-84.3912874,33.8480345,POINT (-84.3912874 33.8480345)
1624,,-84.389255,33.848591,POINT (-84.389255 33.848591)
1625,,-84.388933,33.848692,POINT (-84.388933 33.848692)
1626,,-84.388819,33.848728,POINT (-84.388819 33.848728)
1627,,-84.387232,33.849355,POINT (-84.387232 33.849355)
1628,,-84.386832,33.849897,POINT (-84.386832 33.849897)
1629,,-84.386231,33.85079,POINT (-84.386231 33.85079)
1630,,-84.325105,33.7647756,POINT (-84.325105 33.7647756)
1631,,-84.3252482,33.7647945,POINT (-84.3252482 33.7647945)
1632,,-84.385396,33.851856,POINT (-84.385396 33.851856)
1633,,-84.38495,33.852355,POINT (-84.38495 33.852355)
1634,,-84.384225,33.852633,POINT (-84.384225 33.852633)
1635,,-84.3343686,33.7452422,POINT (-84.3343686 33.7452422)
1636,,-84.458144,33.782565,POINT (-84.458144 33.782565)
1637,,-84.458685,33.782875,POINT (-84.458685 33.782875)
1638,,-84.4119182,33.7840183,POINT (-84.4119182 33.7840183)
1639,,-84.4118266,33.7848012,POINT (-84.4118266 33.7848012)
1640,,-84.4116838,33.7829966,POINT (-84.4116838 33.7829966)
1641,,-84.410321,33.785828,POINT (-84.410321 33.785828)
1642,,-84.409274,33.790887,POINT (-84.409274 33.790887)
1643,,-84.4142551,33.7934279,POINT (-84.4142551 33.7934279)
1644,,-84.415472,33.795377,POINT (-84.415472 33.795377)
1645,,-84.415861,33.796134,POINT (-84.415861 33.796134)
1646,,-84.416123,33.797896,POINT (-84.416123 33.797896)
1647,,-84.416069,33.798725,POINT (-84.416069 33.798725)
1648,,-84.4160222,33.7996086,POINT (-84.4160222 33.7996086)
1649,,-84.4163608,33.7996166,POINT (-84.4163608 33.7996166)
1650,,-84.415282,33.8018482,POINT (-84.415282 33.8018482)
1651,,-84.4144329,33.8031205,POINT (-84.4144329 33.8031205)
1652,,-84.4130437,33.8058633,POINT (-84.4130437 33.8058633)
1653,,-84.412801,33.811004,POINT (-84.412801 33.811004)
1654,,-84.415403,33.815514,POINT (-84.415403 33.815514)
1655,,-84.41546,33.815844,POINT (-84.41546 33.815844)
1656,,-84.415564,33.81644,POINT (-84.415564 33.81644)
1657,,-84.4163718,33.8182539,POINT (-84.4163718 33.8182539)
1658,,-84.3435659,33.7340409,POINT (-84.3435659 33.7340409)
1659,,-84.340314,33.734004,POINT (-84.340314 33.734004)
1660,,-84.416699,33.8185037,POINT (-84.416699 33.8185037)
1661,,-84.4168693,33.8186965,POINT (-84.4168693 33.8186965)
1662,,-84.4169913,33.8183733,POINT (-84.4169913 33.8183733)
1663,,-84.416992,33.819353,POINT (-84.416992 33.819353)
1664,,-84.41671,33.81993,POINT (-84.41671 33.81993)
1665,,-84.415812,33.822658,POINT (-84.415812 33.822658)
1666,,-84.3447266,33.7340541,POINT (-84.3447266 33.7340541)
1667,,-84.416564,33.825148,POINT (-84.416564 33.825148)
1668,,-84.4158067,33.8287602,POINT (-84.4158067 33.8287602)
1669,,-84.416754,33.83071,POINT (-84.416754 33.83071)
1670,,-84.418027,33.832543,POINT (-84.418027 33.832543)
1671,,-84.4159279,33.8290442,POINT (-84.4159279 33.8290442)
1672,,-84.4202291,33.8373441,POINT (-84.4202291 33.8373441)
1673,,-84.4208701,33.8378187,POINT (-84.4208701 33.8378187)
1674,,-84.4222127,33.8368926,POINT (-84.4222127 33.8368926)
1675,,-84.4193119,33.8378593,POINT (-84.4193119 33.8378593)
1676,,-84.4097511,33.7788236,POINT (-84.4097511 33.7788236)
1677,,-84.4102403,33.779653,POINT (-84.4102403 33.779653)
1678,,-84.4118719,33.7797512,POINT (-84.4118719 33.7797512)
1679,,-84.408169,33.777145,POINT (-84.408169 33.777145)
1680,,-84.41069,33.780621,POINT (-84.41069 33.780621)
1681,,-84.4111502,33.781578,POINT (-84.4111502 33.781578)
1682,,-84.410211,33.781569,POINT (-84.410211 33.781569)
1683,,-84.4113716,33.78201,POINT (-84.4113716 33.78201)
1684,,-84.4116471,33.7828627,POINT (-84.4116471 33.7828627)
1685,,-84.448142,33.835175,POINT (-84.448142 33.835175)
1686,,-84.4474046,33.8376474,POINT (-84.4474046 33.8376474)
1687,,-84.448663,33.833257,POINT (-84.448663 33.833257)
1688,,-84.411284,33.69019,POINT (-84.411284 33.69019)
1689,,-84.371039,33.757645,POINT (-84.371039 33.757645)
1690,,-84.369974,33.757631,POINT (-84.369974 33.757631)
1691,,-84.371288,33.757649,POINT (-84.371288 33.757649)
1692,,-84.4008339,33.7815151,POINT (-84.4008339 33.7815151)
1693,,-84.4013059,33.7815172,POINT (-84.4013059 33.7815172)
1694,,-84.442889,33.801455,POINT (-84.442889 33.801455)
1695,,-84.442976,33.801559,POINT (-84.442976 33.801559)
1696,,-84.4423507,33.8009098,POINT (-84.4423507 33.8009098)
1697,,-84.443623,33.802413,POINT (-84.443623 33.802413)
1698,,-84.4439339,33.8029607,POINT (-84.4439339 33.8029607)
1699,,-84.444459,33.804258,POINT (-84.444459 33.804258)
1700,,-84.450451,33.808392,POINT (-84.450451 33.808392)
1701,,-84.4531958,33.8091763,POINT (-84.4531958 33.8091763)
1702,,-84.4487945,33.8072953,POINT (-84.4487945 33.8072953)
1703,,-84.46223,33.819025,POINT (-84.46223 33.819025)
1704,,-84.459668,33.816528,POINT (-84.459668 33.816528)
1705,,-84.455608,33.8212843,POINT (-84.455608 33.8212843)
1706,,-84.4647937,33.816842,POINT (-84.4647937 33.816842)
1707,,-84.3449754,33.7995192,POINT (-84.3449754 33.7995192)
1708,,-84.3441332,33.7998936,POINT (-84.3441332 33.7998936)
1709,,-84.3467249,33.7990618,POINT (-84.3467249 33.7990618)
1710,,-84.3840751,33.7686243,POINT (-84.3840751 33.7686243)
1711,,-84.384139,33.7643532,POINT (-84.384139 33.7643532)
1712,,-84.3847388,33.7644004,POINT (-84.3847388 33.7644004)
1713,,-84.3841459,33.7638951,POINT (-84.3841459 33.7638951)
1714,,-84.3820698,33.7641966,POINT (-84.3820698 33.7641966)
1715,,-84.384171,33.7622132,POINT (-84.384171 33.7622132)
1716,,-84.3860157,33.7622299,POINT (-84.3860157 33.7622299)
1717,,-84.38419,33.7609421,POINT (-84.38419 33.7609421)
1718,,-84.3842091,33.7596661,POINT (-84.3842091 33.7596661)
1719,,-84.382162,33.7609005,POINT (-84.382162 33.7609005)
1720,,-84.386062,33.759685,POINT (-84.386062 33.759685)
1721,,-84.3842281,33.7584019,POINT (-84.3842281 33.7584019)
1722,,-84.3822079,33.7583802,POINT (-84.3822079 33.7583802)
1723,,-84.3842473,33.7571171,POINT (-84.3842473 33.7571171)
1724,,-84.382228,33.757096,POINT (-84.382228 33.757096)
1725,,-84.3861017,33.7571364,POINT (-84.3861017 33.7571364)
1726,,-84.3842663,33.7558423,POINT (-84.3842663 33.7558423)
1727,,-84.3423336,33.8016589,POINT (-84.3423336 33.8016589)
1728,,-84.37053,33.761342,POINT (-84.37053 33.761342)
1729,,-84.369176,33.761333,POINT (-84.369176 33.761333)
1730,,-84.372027,33.761356,POINT (-84.372027 33.761356)
1731,,-84.367842,33.761325,POINT (-84.367842 33.761325)
1732,,-84.367857,33.760291,POINT (-84.367857 33.760291)
1733,,-84.3662901,33.7613312,POINT (-84.3662901 33.7613312)
1734,,-84.367831,33.762123,POINT (-84.367831 33.762123)
1735,,-84.365531,33.76133,POINT (-84.365531 33.76133)
1736,,-84.362763,33.761338,POINT (-84.362763 33.761338)
1737,,-84.3655837,33.759562,POINT (-84.3655837 33.759562)
1738,,-84.3620922,33.7613544,POINT (-84.3620922 33.7613544)
1739,,-84.439527,33.71266,POINT (-84.439527 33.71266)
1740,,-84.505507,33.755219,POINT (-84.505507 33.755219)
1741,,-84.506047,33.752922,POINT (-84.506047 33.752922)
1742,,-84.5054692,33.7589555,POINT (-84.5054692 33.7589555)
1743,,-84.507621,33.749965,POINT (-84.507621 33.749965)
1744,,-84.508591,33.745485,POINT (-84.508591 33.745485)
1745,,-84.5094394,33.7437344,POINT (-84.5094394 33.7437344)
1746,,-84.508283,33.748721,POINT (-84.508283 33.748721)
1747,,-84.51035,33.740742,POINT (-84.51035 33.740742)
1748,,-84.5077656,33.7394232,POINT (-84.5077656 33.7394232)
1749,,-84.5106091,33.7345127,POINT (-84.5106091 33.7345127)
1750,,-84.5101103,33.7424827,POINT (-84.5101103 33.7424827)
1751,,-84.5106188,33.7344393,POINT (-84.5106188 33.7344393)
1752,,-84.5102681,33.7329415,POINT (-84.5102681 33.7329415)
1753,,-84.50604,33.71252,POINT (-84.50604 33.71252)
1754,,-84.5060399,33.7125301,POINT (-84.5060399 33.7125301)
1755,,-84.507149,33.708462,POINT (-84.507149 33.708462)
1756,,-84.506243,33.701604,POINT (-84.506243 33.701604)
1757,,-84.5025111,33.7013806,POINT (-84.5025111 33.7013806)
1758,,-84.510266,33.697111,POINT (-84.510266 33.697111)
1759,,-84.513435,33.690856,POINT (-84.513435 33.690856)
1760,,-84.5158639,33.6802396,POINT (-84.5158639 33.6802396)
1761,,-84.5158865,33.6802178,POINT (-84.5158865 33.6802178)
1762,,-84.5264807,33.6804195,POINT (-84.5264807 33.6804195)
1763,,-84.518487,33.677042,POINT (-84.518487 33.677042)
1764,,-84.5168881,33.675914,POINT (-84.5168881 33.675914)
1765,,-84.522629,33.664091,POINT (-84.522629 33.664091)
1766,,-84.5218936,33.6580224,POINT (-84.5218936 33.6580224)
1767,,-84.5212543,33.6643631,POINT (-84.5212543 33.6643631)
1768,,-84.4176902,33.840008,POINT (-84.4176902 33.840008)
1769,,-84.4195307,33.8406001,POINT (-84.4195307 33.8406001)
1770,,-84.4141883,33.8496219,POINT (-84.4141883 33.8496219)
1771,,-84.354811,33.791647,POINT (-84.354811 33.791647)
1772,,-84.47248,33.702628,POINT (-84.47248 33.702628)
1773,,-84.471166,33.702564,POINT (-84.471166 33.702564)
1774,,-84.453799,33.77857,POINT (-84.453799 33.77857)
1775,,-84.453056,33.778164,POINT (-84.453056 33.778164)
1776,,-84.384846,33.7368,POINT (-84.384846 33.7368)
1777,,-84.384119,33.736791,POINT (-84.384119 33.736791)
1778,,-84.3855706,33.7368091,POINT (-84.3855706 33.7368091)
1779,,-84.381614,33.704131,POINT (-84.381614 33.704131)
1780,,-84.444785,33.722524,POINT (-84.444785 33.722524)
1781,,-84.446769,33.722533,POINT (-84.446769 33.722533)
1782,,-84.328663,33.764858,POINT (-84.328663 33.764858)
1783,,-84.327896,33.764867,POINT (-84.327896 33.764867)
1784,,-84.3438751,33.7727163,POINT (-84.3438751 33.7727163)
1785,,-84.3417974,33.7728131,POINT (-84.3417974 33.7728131)
1786,,-84.408049,33.730555,POINT (-84.408049 33.730555)
1787,,-84.408068,33.731163,POINT (-84.408068 33.731163)
1788,,-84.408017,33.729664,POINT (-84.408017 33.729664)
1789,,-84.329495,33.76486,POINT (-84.329495 33.76486)
1790,,-84.445806,33.774269,POINT (-84.445806 33.774269)
1791,,-84.4058206,33.7490748,POINT (-84.4058206 33.7490748)
1792,,-84.406576,33.749167,POINT (-84.406576 33.749167)
1793,,-84.425452,33.738497,POINT (-84.425452 33.738497)
1794,,-84.367708,33.669529,POINT (-84.367708 33.669529)
1795,,-84.366732,33.668539,POINT (-84.366732 33.668539)
1796,,-84.370943,33.670979,POINT (-84.370943 33.670979)
1797,,-84.404788,33.769108,POINT (-84.404788 33.769108)
1798,,-84.4047202,33.7696556,POINT (-84.4047202 33.7696556)
1799,,-84.404836,33.768196,POINT (-84.404836 33.768196)
1800,,-84.3908623,33.7368663,POINT (-84.3908623 33.7368663)
1801,,-84.3926257,33.7368261,POINT (-84.3926257 33.7368261)
1802,,-84.3903668,33.7370937,POINT (-84.3903668 33.7370937)
1803,,-84.390886,33.734213,POINT (-84.390886 33.734213)
1804,,-84.3908712,33.7372442,POINT (-84.3908712 33.7372442)
1805,,-84.389373,33.737461,POINT (-84.389373 33.737461)
1806,,-84.3883889,33.7370927,POINT (-84.3883889 33.7370927)
1807,,-84.387872,33.736843,POINT (-84.387872 33.736843)
1808,,-84.386338,33.736827,POINT (-84.386338 33.736827)
1809,,-84.38789,33.735606,POINT (-84.38789 33.735606)
1810,,-84.3878493,33.7372169,POINT (-84.3878493 33.7372169)
1811,,-84.3823435,33.7367702,POINT (-84.3823435 33.7367702)
1812,,-84.381523,33.736758,POINT (-84.381523 33.736758)
1813,,-84.38094,33.736751,POINT (-84.38094 33.736751)
1814,,-84.379864,33.736737,POINT (-84.379864 33.736737)
1815,,-84.378412,33.736716,POINT (-84.378412 33.736716)
1816,,-84.378437,33.737858,POINT (-84.378437 33.737858)
1817,,-84.378426,33.735714,POINT (-84.378426 33.735714)
1818,,-84.377454,33.736688,POINT (-84.377454 33.736688)
1819,,-84.376467,33.736654,POINT (-84.376467 33.736654)
1820,,-84.373638,33.736598,POINT (-84.373638 33.736598)
1821,,-84.373638,33.736003,POINT (-84.373638 33.736003)
1822,,-84.37364,33.737745,POINT (-84.37364 33.737745)
1823,,-84.339696,33.747539,POINT (-84.339696 33.747539)
1824,,-84.338579,33.747533,POINT (-84.338579 33.747533)
1825,,-84.5145876,33.6912846,POINT (-84.5145876 33.6912846)
1826,,-84.469321,33.702687,POINT (-84.469321 33.702687)
1827,,-84.3419295,33.7475564,POINT (-84.3419295 33.7475564)
1828,,-84.3983289,33.7463337,POINT (-84.3983289 33.7463337)
1829,,-84.3987404,33.7461242,POINT (-84.3987404 33.7461242)
1830,,-84.397283,33.7468401,POINT (-84.397283 33.7468401)
1831,,-84.399084,33.7459477,POINT (-84.399084 33.7459477)
1832,,-84.4039842,33.7435624,POINT (-84.4039842 33.7435624)
1833,,-84.4029,33.74409,POINT (-84.4029 33.74409)
1834,,-84.4038111,33.7431799,POINT (-84.4038111 33.7431799)
1835,,-84.406179,33.742773,POINT (-84.406179 33.742773)
1836,,-84.404733,33.744729,POINT (-84.404733 33.744729)
1837,,-84.408163,33.742171,POINT (-84.408163 33.742171)
1838,,-84.4081991,33.7394587,POINT (-84.4081991 33.7394587)
1839,,-84.4084202,33.744318,POINT (-84.4084202 33.744318)
1840,,-84.3383558,33.7475299,POINT (-84.3383558 33.7475299)
1841,,-84.3992109,33.7579558,POINT (-84.3992109 33.7579558)
1842,,-84.3980251,33.7554867,POINT (-84.3980251 33.7554867)
1843,,-84.3943522,33.7590018,POINT (-84.3943522 33.7590018)
1844,,-84.347029,33.764959,POINT (-84.347029 33.764959)
1845,,-84.452575,33.719227,POINT (-84.452575 33.719227)
1846,,-84.452908,33.717621,POINT (-84.452908 33.717621)
1847,,-84.452031,33.722024,POINT (-84.452031 33.722024)
1848,,-84.426092,33.839701,POINT (-84.426092 33.839701)
1849,,-84.348061,33.764973,POINT (-84.348061 33.764973)
1850,,-84.392069,33.7895693,POINT (-84.392069 33.7895693)
1851,,-84.3919452,33.7867151,POINT (-84.3919452 33.7867151)
1852,,-84.3919465,33.7865727,POINT (-84.3919465 33.7865727)
1853,,-84.3932817,33.7866237,POINT (-84.3932817 33.7866237)
1854,,-84.3919552,33.7842853,POINT (-84.3919552 33.7842853)
1855,,-84.3919739,33.783174,POINT (-84.3919739 33.783174)
1856,,-84.3917989,33.7832232,POINT (-84.3917989 33.7832232)
1857,,-84.398605,33.754538,POINT (-84.398605 33.754538)
1858,,-84.3935166,33.7579125,POINT (-84.3935166 33.7579125)
1859,,-84.394188,33.758704,POINT (-84.394188 33.758704)
1860,,-84.3934073,33.7577931,POINT (-84.3934073 33.7577931)
1861,,-84.3929849,33.7583229,POINT (-84.3929849 33.7583229)
1862,,-84.39205,33.760986,POINT (-84.39205 33.760986)
1863,,-84.390555,33.760983,POINT (-84.390555 33.760983)
1864,,-84.3920859,33.7597242,POINT (-84.3920859 33.7597242)
1865,,-84.392028,33.76228,POINT (-84.392028 33.76228)
1866,,-84.391901,33.76595,POINT (-84.391901 33.76595)
1867,,-84.3458388,33.7340667,POINT (-84.3458388 33.7340667)
1868,,-84.348074,33.7340921,POINT (-84.348074 33.7340921)
1869,,-84.391904,33.765318,POINT (-84.391904 33.765318)
1870,,-84.3919752,33.7751418,POINT (-84.3919752 33.7751418)
1871,,-84.3919779,33.7754132,POINT (-84.3919779 33.7754132)
1872,,-84.3921012,33.7769008,POINT (-84.3921012 33.7769008)
1873,,-84.390396,33.776871,POINT (-84.390396 33.776871)
1874,,-84.393635,33.776929,POINT (-84.393635 33.776929)
1875,,-84.392078,33.778148,POINT (-84.392078 33.778148)
1876,,-84.4961802,33.7899164,POINT (-84.4961802 33.7899164)
1877,,-84.493588,33.792424,POINT (-84.493588 33.792424)
1878,,-84.5028157,33.7875159,POINT (-84.5028157 33.7875159)
1879,,-84.4965637,33.7904431,POINT (-84.4965637 33.7904431)
1880,,-84.4944219,33.7878335,POINT (-84.4944219 33.7878335)
1881,,-84.493608,33.789285,POINT (-84.493608 33.789285)
1882,,-84.3727846,33.776167,POINT (-84.3727846 33.776167)
1883,,-84.3727846,33.7768862,POINT (-84.3727846 33.7768862)
1884,,-84.384417,33.777356,POINT (-84.384417 33.777356)
1885,,-84.384531,33.776155,POINT (-84.384531 33.776155)
1886,,-84.384307,33.7785227,POINT (-84.384307 33.7785227)
1887,,-84.3828269,33.7772592,POINT (-84.3828269 33.7772592)
1888,,-84.38296,33.776049,POINT (-84.38296 33.776049)
1889,,-84.3813589,33.7771575,POINT (-84.3813589 33.7771575)
1890,,-84.381216,33.778327,POINT (-84.381216 33.778327)
1891,,-84.4454536,33.8161435,POINT (-84.4454536 33.8161435)
1892,,-84.447201,33.8170995,POINT (-84.447201 33.8170995)
1893,,-84.4175702,33.7444889,POINT (-84.4175702 33.7444889)
1894,,-84.417544,33.745437,POINT (-84.417544 33.745437)
1895,,-84.417592,33.743237,POINT (-84.417592 33.743237)
1896,,-84.420499,33.73801,POINT (-84.420499 33.73801)
1897,,-84.359537,33.726941,POINT (-84.359537 33.726941)
1898,,-84.35839,33.726781,POINT (-84.35839 33.726781)
1899,,-84.3606985,33.7271014,POINT (-84.3606985 33.7271014)
1900,,-84.3562272,33.7264801,POINT (-84.3562272 33.7264801)
1901,,-84.355853,33.726427,POINT (-84.355853 33.726427)
1902,,-84.357226,33.726618,POINT (-84.357226 33.726618)
1903,,-84.491404,33.741019,POINT (-84.491404 33.741019)
1904,,-84.48972,33.738418,POINT (-84.48972 33.738418)
1905,,-84.491199,33.742448,POINT (-84.491199 33.742448)
1906,,-84.35355,33.780301,POINT (-84.35355 33.780301)
1907,,-84.3537424,33.7808262,POINT (-84.3537424 33.7808262)
1908,,-84.452376,33.770087,POINT (-84.452376 33.770087)
1909,,-84.451516,33.770404,POINT (-84.451516 33.770404)
1910,,-84.4078853,33.7931509,POINT (-84.4078853 33.7931509)
1911,,-84.4078976,33.7927362,POINT (-84.4078976 33.7927362)
1912,,-84.4078681,33.7939802,POINT (-84.4078681 33.7939802)
1913,,-84.417536,33.752844,POINT (-84.417536 33.752844)
1914,,-84.417535,33.752466,POINT (-84.417535 33.752466)
1915,,-84.417546,33.753468,POINT (-84.417546 33.753468)
1916,,-84.454029,33.713237,POINT (-84.454029 33.713237)
1917,,-84.3876053,33.7545029,POINT (-84.3876053 33.7545029)
1918,,-84.3880291,33.7544929,POINT (-84.3880291 33.7544929)
1919,,-84.386547,33.7544998,POINT (-84.386547 33.7544998)
1920,,-84.471965,33.786643,POINT (-84.471965 33.786643)
1921,,-84.4077581,33.8124802,POINT (-84.4077581 33.8124802)
1922,,-84.4077641,33.8121892,POINT (-84.4077641 33.8121892)
1923,,-84.4077491,33.8130052,POINT (-84.4077491 33.8130052)
1924,,-84.392649,33.867177,POINT (-84.392649 33.867177)
1925,,-84.392006,33.865734,POINT (-84.392006 33.865734)
1926,,-84.393845,33.869962,POINT (-84.393845 33.869962)
1927,,-84.3416829,33.7718425,POINT (-84.3416829 33.7718425)
1928,,-84.352725,33.746867,POINT (-84.352725 33.746867)
1929,,-84.3766139,33.8221206,POINT (-84.3766139 33.8221206)
1930,,-84.3775763,33.8225996,POINT (-84.3775763 33.8225996)
1931,,-84.375674,33.82163,POINT (-84.375674 33.82163)
1932,,-84.390897,33.732984,POINT (-84.390897 33.732984)
1933,,-84.3420072,33.7564242,POINT (-84.3420072 33.7564242)
1934,,-84.391017,33.725187,POINT (-84.391017 33.725187)
1935,,-84.392422,33.726915,POINT (-84.392422 33.726915)
1936,,-84.390798,33.724981,POINT (-84.390798 33.724981)
1937,,-84.390213,33.74782,POINT (-84.390213 33.74782)
1938,,-84.390915,33.7469337,POINT (-84.390915 33.7469337)
1939,,-84.3892365,33.7472118,POINT (-84.3892365 33.7472118)
1940,,-84.3874544,33.82927,POINT (-84.3874544 33.82927)
1941,,-84.3874619,33.828644,POINT (-84.3874619 33.828644)
1942,,-84.3873789,33.8295904,POINT (-84.3873789 33.8295904)
1943,,-84.3332446,33.7470838,POINT (-84.3332446 33.7470838)
1944,,-84.379925,33.731542,POINT (-84.379925 33.731542)
1945,,-84.380982,33.731568,POINT (-84.380982 33.731568)
1946,,-84.339416,33.764856,POINT (-84.339416 33.764856)
1947,,-84.3488524,33.7738461,POINT (-84.3488524 33.7738461)
1948,,-84.348962,33.773844,POINT (-84.348962 33.773844)
1949,,-84.427427,33.722258,POINT (-84.427427 33.722258)
1950,,-84.428639,33.722296,POINT (-84.428639 33.722296)
1951,,-84.425379,33.722264,POINT (-84.425379 33.722264)
1952,,-84.426566,33.71792,POINT (-84.426566 33.71792)
1953,,-84.377767,33.687735,POINT (-84.377767 33.687735)
1954,,-84.374189,33.68882,POINT (-84.374189 33.68882)
1955,,-84.3371723,33.7737724,POINT (-84.3371723 33.7737724)
1956,,-84.393389,33.678617,POINT (-84.393389 33.678617)
1957,,-84.3933897,33.6784511,POINT (-84.3933897 33.6784511)
1958,,-84.390438,33.688403,POINT (-84.390438 33.688403)
1959,,-84.39037,33.688665,POINT (-84.39037 33.688665)
1960,,-84.391875,33.6857944,POINT (-84.391875 33.6857944)
1961,,-84.392117,33.685257,POINT (-84.392117 33.685257)
1962,,-84.391982,33.6855415,POINT (-84.391982 33.6855415)
1963,,-84.392765,33.684326,POINT (-84.392765 33.684326)
1964,,-84.3371289,33.7739057,POINT (-84.3371289 33.7739057)
1965,,-84.3359487,33.7739951,POINT (-84.3359487 33.7739951)
1966,,-84.3354281,33.7740335,POINT (-84.3354281 33.7740335)
1967,,-84.436479,33.763564,POINT (-84.436479 33.763564)
1968,,-84.437693,33.763568,POINT (-84.437693 33.763568)
1969,,-84.330874,33.773685,POINT (-84.330874 33.773685)
1970,,-84.331386,33.773381,POINT (-84.331386 33.773381)
1971,,-84.349315,33.732831,POINT (-84.349315 33.732831)
1972,,-84.349312,33.733011,POINT (-84.349312 33.733011)
1973,,-84.349322,33.731879,POINT (-84.349322 33.731879)
1974,,-84.520845,33.71935,POINT (-84.520845 33.71935)
1975,,-84.5205768,33.7201346,POINT (-84.5205768 33.7201346)
1976,,-84.5218926,33.7174724,POINT (-84.5218926 33.7174724)
1977,,-84.5218912,33.7174094,POINT (-84.5218912 33.7174094)
1978,,-84.333476,33.774139,POINT (-84.333476 33.774139)
1979,,-84.5212016,33.7082781,POINT (-84.5212016 33.7082781)
1980,,-84.522008,33.704784,POINT (-84.522008 33.704784)
1981,,-84.52171,33.702439,POINT (-84.52171 33.702439)
1982,,-84.523015,33.700369,POINT (-84.523015 33.700369)
1983,,-84.523943,33.697572,POINT (-84.523943 33.697572)
1984,,-84.5195641,33.6938107,POINT (-84.5195641 33.6938107)
1985,,-84.3537621,33.78088,POINT (-84.3537621 33.78088)
1986,,-84.384195,33.676311,POINT (-84.384195 33.676311)
1987,,-84.3834267,33.6735095,POINT (-84.3834267 33.6735095)
1988,,-84.383723,33.673243,POINT (-84.383723 33.673243)
1989,,-84.3804926,33.6697826,POINT (-84.3804926 33.6697826)
1990,,-84.379884,33.668065,POINT (-84.379884 33.668065)
1991,,-84.38023,33.667401,POINT (-84.38023 33.667401)
1992,,-84.380218,33.664828,POINT (-84.380218 33.664828)
1993,,-84.389314,33.652883,POINT (-84.389314 33.652883)
1994,,-84.3940706,33.6521235,POINT (-84.3940706 33.6521235)
1995,,-84.4416089,33.8449121,POINT (-84.4416089 33.8449121)
1996,,-84.435568,33.849752,POINT (-84.435568 33.849752)
1997,,-84.436708,33.851907,POINT (-84.436708 33.851907)
1998,,-84.432854,33.8491919,POINT (-84.432854 33.8491919)
1999,,-84.4027329,33.7815252,POINT (-84.4027329 33.7815252)
2000,,-84.402628,33.7815242,POINT (-84.402628 33.7815242)
2001,,-84.404198,33.7815464,POINT (-84.404198 33.7815464)
2002,,-84.404246,33.786215,POINT (-84.404246 33.786215)
2003,,-84.3838402,33.7468772,POINT (-84.3838402 33.7468772)
2004,,-84.3838419,33.746973,POINT (-84.3838419 33.746973)
2005,,-84.3827141,33.7468623,POINT (-84.3827141 33.7468623)
2006,,-84.383997,33.741995,POINT (-84.383997 33.741995)
2007,,-84.383693,33.741989,POINT (-84.383693 33.741989)
2008,,-84.3855116,33.7420077,POINT (-84.3855116 33.7420077)
2009,,-84.384357,33.731649,POINT (-84.384357 33.731649)
2010,,-84.386343,33.731697,POINT (-84.386343 33.731697)
2011,,-84.408127,33.695299,POINT (-84.408127 33.695299)
2012,,-84.408118,33.696024,POINT (-84.408118 33.696024)
2013,,-84.412078,33.695773,POINT (-84.412078 33.695773)
2014,,-84.421706,33.855348,POINT (-84.421706 33.855348)
2015,,-84.42147,33.855892,POINT (-84.42147 33.855892)
2016,,-84.422363,33.853552,POINT (-84.422363 33.853552)
2017,,-84.391278,33.753164,POINT (-84.391278 33.753164)
2018,,-84.4076334,33.819251,POINT (-84.4076334 33.819251)
2019,,-84.4076791,33.8169962,POINT (-84.4076791 33.8169962)
2020,,-84.4076285,33.8206411,POINT (-84.4076285 33.8206411)
2021,,-84.4065689,33.7462773,POINT (-84.4065689 33.7462773)
2022,,-84.40618,33.746658,POINT (-84.40618 33.746658)
2023,,-84.409993,33.743093,POINT (-84.409993 33.743093)
2024,,-84.4856096,33.8022366,POINT (-84.4856096 33.8022366)
2025,,-84.4845,33.802922,POINT (-84.4845 33.802922)
2026,,-84.482266,33.80361,POINT (-84.482266 33.80361)
2027,,-84.481202,33.802581,POINT (-84.481202 33.802581)
2028,,-84.4831422,33.8043338,POINT (-84.4831422 33.8043338)
2029,,-84.398191,33.742901,POINT (-84.398191 33.742901)
2030,,-84.3981505,33.7436795,POINT (-84.3981505 33.7436795)
2031,,-84.4018835,33.7420231,POINT (-84.4018835 33.7420231)
2032,,-84.398312,33.73812,POINT (-84.398312 33.73812)
2033,,-84.3983312,33.736894,POINT (-84.3983312 33.736894)
2034,,-84.3991627,33.736995,POINT (-84.3991627 33.736995)
2035,,-84.3493096,33.7341061,POINT (-84.3493096 33.7341061)
2036,,-84.407876,33.716203,POINT (-84.407876 33.716203)
2037,,-84.438892,33.744418,POINT (-84.438892 33.744418)
2038,,-84.399807,33.786197,POINT (-84.399807 33.786197)
2039,,-84.480575,33.801976,POINT (-84.480575 33.801976)
2040,,-84.476387,33.801894,POINT (-84.476387 33.801894)
2041,,-84.387322,33.775091,POINT (-84.387322 33.775091)
2042,,-84.387313,33.775881,POINT (-84.387313 33.775881)
2043,,-84.384648,33.774916,POINT (-84.384648 33.774916)
2044,,-84.3847798,33.7736828,POINT (-84.3847798 33.7736828)
2045,,-84.383077,33.774815,POINT (-84.383077 33.774815)
2046,,-84.383193,33.77358,POINT (-84.383193 33.77358)
2047,,-84.381566,33.774718,POINT (-84.381566 33.774718)
2048,,-84.381447,33.775947,POINT (-84.381447 33.775947)
2049,,-84.3728077,33.7744594,POINT (-84.3728077 33.7744594)
2050,,-84.3728166,33.773146,POINT (-84.3728166 33.773146)
2051,,-84.4316891,33.8169945,POINT (-84.4316891 33.8169945)
2052,,-84.4317973,33.8171014,POINT (-84.4317973 33.8171014)
2053,,-84.4303859,33.8146489,POINT (-84.4303859 33.8146489)
2054,,-84.372109,33.75766,POINT (-84.372109 33.75766)
2055,,-84.38764,33.866142,POINT (-84.38764 33.866142)
2056,,-84.387524,33.868144,POINT (-84.387524 33.868144)
2057,,-84.349487,33.700619,POINT (-84.349487 33.700619)
2058,,-84.349516,33.698721,POINT (-84.349516 33.698721)
2059,,-84.3495046,33.7039987,POINT (-84.3495046 33.7039987)
2060,,-84.3330091,33.7674853,POINT (-84.3330091 33.7674853)
2061,,-84.333022,33.769018,POINT (-84.333022 33.769018)
2062,,-84.332997,33.764858,POINT (-84.332997 33.764858)
2063,,-84.420493,33.741487,POINT (-84.420493 33.741487)
2064,,-84.418471,33.740684,POINT (-84.418471 33.740684)
2065,,-84.419332,33.737952,POINT (-84.419332 33.737952)
2066,,-84.420501,33.74224,POINT (-84.420501 33.74224)
2067,,-84.4221183,33.7422787,POINT (-84.4221183 33.7422787)
2068,,-84.355674,33.708931,POINT (-84.355674 33.708931)
2069,,-84.356065,33.70894,POINT (-84.356065 33.70894)
2070,,-84.354253,33.708908,POINT (-84.354253 33.708908)
2071,,-84.4259417,33.8136907,POINT (-84.4259417 33.8136907)
2072,,-84.4255085,33.8129745,POINT (-84.4255085 33.8129745)
2073,,-84.432036,33.817435,POINT (-84.432036 33.817435)
2074,,-84.4342028,33.8198156,POINT (-84.4342028 33.8198156)
2075,,-84.4346233,33.8200039,POINT (-84.4346233 33.8200039)
2076,,-84.4457181,33.8223991,POINT (-84.4457181 33.8223991)
2077,,-84.4482831,33.8203381,POINT (-84.4482831 33.8203381)
2078,,-84.418531,33.83833,POINT (-84.418531 33.83833)
2079,,-84.4167034,33.8396728,POINT (-84.4167034 33.8396728)
2080,,-84.37853,33.728421,POINT (-84.37853 33.728421)
2081,,-84.378554,33.726524,POINT (-84.378554 33.726524)
2082,,-84.378523,33.729106,POINT (-84.378523 33.729106)
2083,,-84.388818,33.775115,POINT (-84.388818 33.775115)
2084,,-84.388832,33.773873,POINT (-84.388832 33.773873)
2085,,-84.440986,33.765622,POINT (-84.440986 33.765622)
2086,,-84.440978,33.766018,POINT (-84.440978 33.766018)
2087,,-84.441029,33.763579,POINT (-84.441029 33.763579)
2088,,-84.438754,33.722497,POINT (-84.438754 33.722497)
2089,,-84.4376505,33.7224873,POINT (-84.4376505 33.7224873)
2090,,-84.314667,33.7647238,POINT (-84.314667 33.7647238)
2091,,-84.436385,33.747434,POINT (-84.436385 33.747434)
2092,,-84.4402321,33.7475063,POINT (-84.4402321 33.7475063)
2093,,-84.435364,33.747422,POINT (-84.435364 33.747422)
2094,,-84.436274,33.742728,POINT (-84.436274 33.742728)
2095,,-84.471665,33.77539,POINT (-84.471665 33.77539)
2096,,-84.471228,33.775292,POINT (-84.471228 33.775292)
2097,,-84.3945783,33.6520679,POINT (-84.3945783 33.6520679)
2098,,-84.3943066,33.6518866,POINT (-84.3943066 33.6518866)
2099,,-84.3948876,33.6522743,POINT (-84.3948876 33.6522743)
2100,,-84.387309,33.776334,POINT (-84.387309 33.776334)
2101,,-84.388808,33.7758859,POINT (-84.388808 33.7758859)
2102,,-84.3875328,33.7634046,POINT (-84.3875328 33.7634046)
2103,,-84.3874435,33.7697793,POINT (-84.3874435 33.7697793)
2104,,-84.38888,33.769627,POINT (-84.38888 33.769627)
2105,,-84.387435,33.770011,POINT (-84.387435 33.770011)
2106,,-84.3888413,33.772433,POINT (-84.3888413 33.772433)
2107,,-84.387335,33.773836,POINT (-84.387335 33.773836)
2108,,-84.387303,33.776815,POINT (-84.387303 33.776815)
2109,,-84.3387487,33.7455423,POINT (-84.3387487 33.7455423)
2110,,-84.3456079,33.7456604,POINT (-84.3456079 33.7456604)
2111,,-84.3872751,33.7795503,POINT (-84.3872751 33.7795503)
2112,,-84.387509,33.780729,POINT (-84.387509 33.780729)
2113,,-84.387802,33.781503,POINT (-84.387802 33.781503)
2114,,-84.3859517,33.7814747,POINT (-84.3859517 33.7814747)
2115,,-84.389168,33.781507,POINT (-84.389168 33.781507)
2116,,-84.387834,33.783262,POINT (-84.387834 33.783262)
2117,,-84.3878218,33.7844915,POINT (-84.3878218 33.7844915)
2118,,-84.387808,33.786702,POINT (-84.387808 33.786702)
2119,,-84.3892416,33.7867054,POINT (-84.3892416 33.7867054)
2120,,-84.3877878,33.788566,POINT (-84.3877878 33.788566)
2121,,-84.387783,33.789917,POINT (-84.387783 33.789917)
2122,,-84.3863766,33.7925132,POINT (-84.3863766 33.7925132)
2123,,-84.3891936,33.7919249,POINT (-84.3891936 33.7919249)
2124,,-84.387757,33.793316,POINT (-84.387757 33.793316)
2125,,-84.3877922,33.7940435,POINT (-84.3877922 33.7940435)
2126,,-84.372527,33.746774,POINT (-84.372527 33.746774)
2127,,-84.373395,33.745541,POINT (-84.373395 33.745541)
2128,,-84.373373,33.744283,POINT (-84.373373 33.744283)
2129,,-84.373602,33.741619,POINT (-84.373602 33.741619)
2130,,-84.373613,33.741175,POINT (-84.373613 33.741175)
2131,,-84.373365,33.742329,POINT (-84.373365 33.742329)
2132,,-84.373625,33.739995,POINT (-84.373625 33.739995)
2133,,-84.373636,33.738843,POINT (-84.373636 33.738843)
2134,,-84.373637,33.734839,POINT (-84.373637 33.734839)
2135,,-84.373635,33.733641,POINT (-84.373635 33.733641)
2136,,-84.373634,33.73251,POINT (-84.373634 33.73251)
2137,,-84.373633,33.731391,POINT (-84.373633 33.731391)
2138,,-84.3736252,33.7302908,POINT (-84.3736252 33.7302908)
2139,,-84.375108,33.731426,POINT (-84.375108 33.731426)
2140,,-84.471496,33.72596,POINT (-84.471496 33.72596)
2141,,-84.47063,33.725354,POINT (-84.47063 33.725354)
2142,,-84.47351,33.727024,POINT (-84.47351 33.727024)
2143,,-84.3036498,33.7471982,POINT (-84.3036498 33.7471982)
2144,,-84.3026597,33.7471942,POINT (-84.3026597 33.7471942)
2145,,-84.3919398,33.7535381,POINT (-84.3919398 33.7535381)
2146,,-84.392145,33.752069,POINT (-84.392145 33.752069)
2147,,-84.392599,33.75388,POINT (-84.392599 33.75388)
2148,,-84.30514,33.747207,POINT (-84.30514 33.747207)
2149,,-84.381029,33.753687,POINT (-84.381029 33.753687)
2150,,-84.381869,33.754308,POINT (-84.381869 33.754308)
2151,,-84.3798338,33.7528078,POINT (-84.3798338 33.7528078)
2152,,-84.3842314,33.7506235,POINT (-84.3842314 33.7506235)
2153,,-84.3849033,33.7511085,POINT (-84.3849033 33.7511085)
2154,,-84.3833443,33.7500012,POINT (-84.3833443 33.7500012)
2155,,-84.455932,33.763615,POINT (-84.455932 33.763615)
2156,,-84.455368,33.763619,POINT (-84.455368 33.763619)
2157,,-84.4575802,33.7644901,POINT (-84.4575802 33.7644901)
2158,,-84.411422,33.77307,POINT (-84.411422 33.77307)
2159,,-84.410533,33.773086,POINT (-84.410533 33.773086)
2160,,-84.4124229,33.7730619,POINT (-84.4124229 33.7730619)
2161,,-84.411207,33.763437,POINT (-84.411207 33.763437)
2162,,-84.412607,33.763443,POINT (-84.412607 33.763443)
2163,,-84.410004,33.763435,POINT (-84.410004 33.763435)
2164,,-84.37702,33.746835,POINT (-84.37702 33.746835)
2165,,-84.378159,33.746848,POINT (-84.378159 33.746848)
2166,,-84.376666,33.74683,POINT (-84.376666 33.74683)
2167,,-84.4053179,33.7404939,POINT (-84.4053179 33.7404939)
2168,,-84.4082026,33.7392949,POINT (-84.4082026 33.7392949)
2169,,-84.40294,33.741584,POINT (-84.40294 33.741584)
2170,,-84.408688,33.739083,POINT (-84.408688 33.739083)
2171,,-84.4081167,33.7382104,POINT (-84.4081167 33.7382104)
2172,,-84.4102443,33.738215,POINT (-84.4102443 33.738215)
2173,,-84.3959,33.86992,POINT (-84.3959 33.86992)
2174,,-84.4016587,33.8698399,POINT (-84.4016587 33.8698399)
2175,,-84.407741,33.863072,POINT (-84.407741 33.863072)
2176,,-84.408256,33.863113,POINT (-84.408256 33.863113)
2177,,-84.405256,33.864548,POINT (-84.405256 33.864548)
2178,,-84.410411,33.863739,POINT (-84.410411 33.863739)
2179,,-84.412058,33.865201,POINT (-84.412058 33.865201)
2180,,-84.412284,33.865739,POINT (-84.412284 33.865739)
2181,,-84.412955,33.865057,POINT (-84.412955 33.865057)
2182,,-84.420978,33.763493,POINT (-84.420978 33.763493)
2183,,-84.42151,33.763495,POINT (-84.42151 33.763495)
2184,,-84.419614,33.763487,POINT (-84.419614 33.763487)
2185,,-84.4175693,33.7466066,POINT (-84.4175693 33.7466066)
2186,,-84.4268531,33.7448355,POINT (-84.4268531 33.7448355)
2187,,-84.4199783,33.7416225,POINT (-84.4199783 33.7416225)
2188,,-84.428745,33.745243,POINT (-84.428745 33.745243)
2189,,-84.4318387,33.7451743,POINT (-84.4318387 33.7451743)
2190,,-84.4314421,33.7455305,POINT (-84.4314421 33.7455305)
2191,,-84.430991,33.7452615,POINT (-84.430991 33.7452615)
2192,,-84.333928,33.764846,POINT (-84.333928 33.764846)
2193,,-84.3329755,33.7621118,POINT (-84.3329755 33.7621118)
2194,,-84.332176,33.76486,POINT (-84.332176 33.76486)
2195,,-84.368828,33.754282,POINT (-84.368828 33.754282)
2196,,-84.368027,33.754285,POINT (-84.368027 33.754285)
2197,,-84.369769,33.754278,POINT (-84.369769 33.754278)
2198,,-84.368869,33.75216,POINT (-84.368869 33.75216)
2199,,-84.369764,33.751892,POINT (-84.369764 33.751892)
2200,,-84.367505,33.752569,POINT (-84.367505 33.752569)
2201,,-84.4267767,33.7473098,POINT (-84.4267767 33.7473098)
2202,,-84.333034,33.770528,POINT (-84.333034 33.770528)
2203,,-84.44898,33.733716,POINT (-84.44898 33.733716)
2204,,-84.464264,33.776871,POINT (-84.464264 33.776871)
2205,,-84.464357,33.769408,POINT (-84.464357 33.769408)
2206,,-84.465647,33.76938,POINT (-84.465647 33.76938)
2207,,-84.463737,33.769628,POINT (-84.463737 33.769628)
2208,,-84.33303,33.771628,POINT (-84.33303 33.771628)
2209,,-84.464957,33.77663,POINT (-84.464957 33.77663)
2210,,-84.462588,33.770089,POINT (-84.462588 33.770089)
2211,,-84.4087673,33.791016,POINT (-84.4087673 33.791016)
2212,,-84.449114,33.771201,POINT (-84.449114 33.771201)
2213,,-84.3864419,33.7544996,POINT (-84.3864419 33.7544996)
2214,,-84.3134353,33.7639447,POINT (-84.3134353 33.7639447)
2215,,-84.3123933,33.763841,POINT (-84.3123933 33.763841)
2216,,-84.3861218,33.7555636,POINT (-84.3861218 33.7555636)
2217,,-84.3861082,33.7545033,POINT (-84.3861082 33.7545033)
2218,,-84.386117,33.756226,POINT (-84.386117 33.756226)
2219,,-84.3860798,33.7584217,POINT (-84.3860798 33.7584217)
2220,,-84.387605,33.7571525,POINT (-84.387605 33.7571525)
2221,,-84.3327283,33.7719752,POINT (-84.3327283 33.7719752)
2222,,-84.3013765,33.7489711,POINT (-84.3013765 33.7489711)
2223,,-84.296089,33.7502082,POINT (-84.296089 33.7502082)
2224,,-84.2961303,33.7489262,POINT (-84.2961303 33.7489262)
2225,,-84.394612,33.871632,POINT (-84.394612 33.871632)
2226,,-84.396311,33.873104,POINT (-84.396311 33.873104)
2227,,-84.3138489,33.7647998,POINT (-84.3138489 33.7647998)
2228,,-84.3443584,33.7649019,POINT (-84.3443584 33.7649019)
2229,,-84.3838461,33.7832146,POINT (-84.3838461 33.7832146)
2230,,-84.382351,33.783028,POINT (-84.382351 33.783028)
2231,,-84.3789003,33.7842779,POINT (-84.3789003 33.7842779)
2232,,-84.379577,33.783313,POINT (-84.379577 33.783313)
2233,,-84.35841,33.708994,POINT (-84.35841 33.708994)
2234,,-84.359507,33.708953,POINT (-84.359507 33.708953)
2235,,-84.3555054,33.692996,POINT (-84.3555054 33.692996)
2236,,-84.35052,33.69275,POINT (-84.35052 33.69275)
2237,,-84.3506919,33.6928209,POINT (-84.3506919 33.6928209)
2238,,-84.3498643,33.6922843,POINT (-84.3498643 33.6922843)
2239,,-84.3578854,33.85255,POINT (-84.3578854 33.85255)
2240,,-84.3580311,33.8539894,POINT (-84.3580311 33.8539894)
2241,,-84.319589,33.747328,POINT (-84.319589 33.747328)
2242,,-84.3531534,33.7254381,POINT (-84.3531534 33.7254381)
2243,,-84.3530028,33.725282,POINT (-84.3530028 33.725282)
2244,,-84.3492732,33.7375101,POINT (-84.3492732 33.7375101)
2245,,-84.3492795,33.7369251,POINT (-84.3492795 33.7369251)
2246,,-84.3492678,33.7380211,POINT (-84.3492678 33.7380211)
2247,,-84.3112299,33.7473005,POINT (-84.3112299 33.7473005)
2248,,-84.352556,33.709034,POINT (-84.352556 33.709034)
2249,,-84.352127,33.709066,POINT (-84.352127 33.709066)
2250,,-84.402294,33.748753,POINT (-84.402294 33.748753)
2251,,-84.407889,33.749314,POINT (-84.407889 33.749314)
2252,,-84.409354,33.74933,POINT (-84.409354 33.74933)
2253,,-84.409777,33.749332,POINT (-84.409777 33.749332)
2254,,-84.411096,33.749339,POINT (-84.411096 33.749339)
2255,,-84.410433,33.749336,POINT (-84.410433 33.749336)
2256,,-84.41132,33.74934,POINT (-84.41132 33.74934)
2257,,-84.411978,33.749343,POINT (-84.411978 33.749343)
2258,,-84.416074,33.749223,POINT (-84.416074 33.749223)
2259,,-84.416893,33.749192,POINT (-84.416893 33.749192)
2260,,-84.401606,33.74949,POINT (-84.401606 33.74949)
2261,,-84.4170812,33.749181,POINT (-84.4170812 33.749181)
2262,,-84.41753,33.749069,POINT (-84.41753 33.749069)
2263,,-84.4175297,33.7492122,POINT (-84.4175297 33.7492122)
2264,,-84.419658,33.749063,POINT (-84.419658 33.749063)
2265,,-84.417538,33.748396,POINT (-84.417538 33.748396)
2266,,-84.420908,33.749057,POINT (-84.420908 33.749057)
2267,,-84.421366,33.747983,POINT (-84.421366 33.747983)
2268,,-84.357897,33.726712,POINT (-84.357897 33.726712)
2269,,-84.359087,33.746604,POINT (-84.359087 33.746604)
2270,,-84.3581941,33.7465902,POINT (-84.3581941 33.7465902)
2271,,-84.362274,33.746643,POINT (-84.362274 33.746643)
2272,,-84.3582174,33.7418608,POINT (-84.3582174 33.7418608)
2273,,-84.358215,33.742928,POINT (-84.358215 33.742928)
2274,,-84.3581995,33.7405714,POINT (-84.3581995 33.7405714)
2275,,-84.401657,33.734422,POINT (-84.401657 33.734422)
2276,,-84.401678,33.733169,POINT (-84.401678 33.733169)
2277,,-84.401652,33.735654,POINT (-84.401652 33.735654)
2278,,-84.3874617,33.8251008,POINT (-84.3874617 33.8251008)
2279,,-84.387467,33.824662,POINT (-84.387467 33.824662)
2280,,-84.3874543,33.8275724,POINT (-84.3874543 33.8275724)
2281,,-84.3671011,33.7734538,POINT (-84.3671011 33.7734538)
2282,,-84.390577,33.784452,POINT (-84.390577 33.784452)
2283,,-84.3904183,33.7865508,POINT (-84.3904183 33.7865508)
2284,,-84.379528,33.749767,POINT (-84.379528 33.749767)
2285,,-84.3795037,33.7512649,POINT (-84.3795037 33.7512649)
2286,,-84.3830031,33.7498754,POINT (-84.3830031 33.7498754)
2287,,-84.379564,33.747396,POINT (-84.379564 33.747396)
2288,,-84.376677,33.750175,POINT (-84.376677 33.750175)
2289,,-84.372304,33.80184,POINT (-84.372304 33.80184)
2290,,-84.330605,33.764845,POINT (-84.330605 33.764845)
2291,,-84.330119,33.764848,POINT (-84.330119 33.764848)
2292,,-84.4060869,33.7815506,POINT (-84.4060869 33.7815506)
2293,,-84.4068619,33.7815547,POINT (-84.4068619 33.7815547)
2294,,-84.4059976,33.7845363,POINT (-84.4059976 33.7845363)
2295,,-84.4060584,33.7846729,POINT (-84.4060584 33.7846729)
2296,,-84.4054084,33.7835699,POINT (-84.4054084 33.7835699)
2297,,-84.331834,33.764852,POINT (-84.331834 33.764852)
2298,,-84.4069763,33.7862315,POINT (-84.4069763 33.7862315)
2299,,-84.40606,33.786223,POINT (-84.40606 33.786223)
2300,,-84.405228,33.786219,POINT (-84.405228 33.786219)
2301,,-84.3548292,33.8249731,POINT (-84.3548292 33.8249731)
2302,,-84.3561756,33.824163,POINT (-84.3561756 33.824163)
2303,,-84.3560437,33.8245576,POINT (-84.3560437 33.8245576)
2304,,-84.3545039,33.8251033,POINT (-84.3545039 33.8251033)
2305,,-84.3524139,33.8256498,POINT (-84.3524139 33.8256498)
2306,,-84.3520333,33.825642,POINT (-84.3520333 33.825642)
2307,,-84.3512591,33.825559,POINT (-84.3512591 33.825559)
2308,,-84.3514396,33.8257145,POINT (-84.3514396 33.8257145)
2309,,-84.3494264,33.8257222,POINT (-84.3494264 33.8257222)
2310,,-84.4653587,33.816381,POINT (-84.4653587 33.816381)
2311,,-84.4672959,33.8148278,POINT (-84.4672959 33.8148278)
2312,,-84.3485615,33.857451,POINT (-84.3485615 33.857451)
2313,,-84.3514411,33.8556399,POINT (-84.3514411 33.8556399)
2314,,-84.385171,33.7906742,POINT (-84.385171 33.7906742)
2315,,-84.3844546,33.7896078,POINT (-84.3844546 33.7896078)
2316,,-84.399559,33.672938,POINT (-84.399559 33.672938)
2317,,-84.362018,33.727284,POINT (-84.362018 33.727284)
2318,,-84.363217,33.727458,POINT (-84.363217 33.727458)
2319,,-84.457239,33.706518,POINT (-84.457239 33.706518)
2320,,-84.457452,33.706434,POINT (-84.457452 33.706434)
2321,,-84.457373,33.702309,POINT (-84.457373 33.702309)
2322,,-84.457328,33.703661,POINT (-84.457328 33.703661)
2323,,-84.457346,33.69968,POINT (-84.457346 33.69968)
2324,,-84.3250045,33.7247381,POINT (-84.3250045 33.7247381)
2325,,-84.381323,33.715683,POINT (-84.381323 33.715683)
2326,,-84.381844,33.717701,POINT (-84.381844 33.717701)
2327,,-84.37434,33.7559181,POINT (-84.37434 33.7559181)
2328,,-84.374331,33.757686,POINT (-84.374331 33.757686)
2329,,-84.37438,33.755491,POINT (-84.37438 33.755491)
2330,,-84.3524698,33.8238166,POINT (-84.3524698 33.8238166)
2331,,-84.3624771,33.8178902,POINT (-84.3624771 33.8178902)
2332,,-84.3550672,33.8236149,POINT (-84.3550672 33.8236149)
2333,,-84.3859115,33.8029658,POINT (-84.3859115 33.8029658)
2334,,-84.3904679,33.8003377,POINT (-84.3904679 33.8003377)
2335,,-84.3973686,33.8003281,POINT (-84.3973686 33.8003281)
2336,,-84.3934755,33.7974962,POINT (-84.3934755 33.7974962)
2337,,-84.3908007,33.7905906,POINT (-84.3908007 33.7905906)
2338,,-84.3933445,33.7957115,POINT (-84.3933445 33.7957115)
2339,,-84.3916521,33.795103,POINT (-84.3916521 33.795103)
2340,,-84.380973,33.8063341,POINT (-84.380973 33.8063341)
2341,,-84.363472,33.8158559,POINT (-84.363472 33.8158559)
2342,,-84.3600133,33.8266017,POINT (-84.3600133 33.8266017)
2343,,-84.3555574,33.8230959,POINT (-84.3555574 33.8230959)
2344,,-84.352586,33.823538,POINT (-84.352586 33.823538)
2345,,-84.4036614,33.6931643,POINT (-84.4036614 33.6931643)
2346,,-84.4010942,33.6884962,POINT (-84.4010942 33.6884962)
2347,,-84.40123,33.69002,POINT (-84.40123 33.69002)
2348,,-84.409276,33.828711,POINT (-84.409276 33.828711)
2349,,-84.4074928,33.828722,POINT (-84.4074928 33.828722)
2350,,-84.3021965,33.7476698,POINT (-84.3021965 33.7476698)
2351,,-84.397815,33.844649,POINT (-84.397815 33.844649)
2352,,-84.4074192,33.835001,POINT (-84.4074192 33.835001)
2353,,-84.4079751,33.8382872,POINT (-84.4079751 33.8382872)
2354,,-84.4074568,33.8316756,POINT (-84.4074568 33.8316756)
2355,,-84.3951376,33.7901016,POINT (-84.3951376 33.7901016)
2356,,-84.3984132,33.7898916,POINT (-84.3984132 33.7898916)
2357,,-84.389312,33.78993,POINT (-84.389312 33.78993)
2358,,-84.3276743,33.7398262,POINT (-84.3276743 33.7398262)
2359,,-84.3305877,33.742209,POINT (-84.3305877 33.742209)
2360,,-84.445506,33.857347,POINT (-84.445506 33.857347)
2361,,-84.451533,33.857715,POINT (-84.451533 33.857715)
2362,,-84.44384,33.857133,POINT (-84.44384 33.857133)
2363,,-84.461407,33.770185,POINT (-84.461407 33.770185)
2364,,-84.3876252,33.7584382,POINT (-84.3876252 33.7584382)
2365,,-84.3890688,33.7597147,POINT (-84.3890688 33.7597147)
2366,,-84.407852,33.6838137,POINT (-84.407852 33.6838137)
2367,,-84.3789334,33.7389571,POINT (-84.3789334 33.7389571)
2368,,-84.378934,33.740043,POINT (-84.378934 33.740043)
2369,,-84.380352,33.662087,POINT (-84.380352 33.662087)
2370,,-84.380469,33.658145,POINT (-84.380469 33.658145)
2371,,-84.380519,33.655901,POINT (-84.380519 33.655901)
2372,,-84.380536,33.654967,POINT (-84.380536 33.654967)
2373,,-84.380561,33.653946,POINT (-84.380561 33.653946)
2374,,-84.380592,33.652162,POINT (-84.380592 33.652162)
2375,,-84.3805867,33.6524698,POINT (-84.3805867 33.6524698)
2376,,-84.3802192,33.6521771,POINT (-84.3802192 33.6521771)
2377,,-84.38117,33.652165,POINT (-84.38117 33.652165)
2378,,-84.3805936,33.6518238,POINT (-84.3805936 33.6518238)
2379,,-84.367505,33.801236,POINT (-84.367505 33.801236)
2380,,-84.36742,33.8016825,POINT (-84.36742 33.8016825)
2381,,-84.367591,33.800783,POINT (-84.367591 33.800783)
2382,,-84.384896,33.65228,POINT (-84.384896 33.65228)
2383,,-84.374334,33.654152,POINT (-84.374334 33.654152)
2384,,-84.376068,33.6521758,POINT (-84.376068 33.6521758)
2385,,-84.3726877,33.6587144,POINT (-84.3726877 33.6587144)
2386,,-84.372012,33.6589866,POINT (-84.372012 33.6589866)
2387,,-84.3720827,33.6590929,POINT (-84.3720827 33.6590929)
2388,,-84.397261,33.7642653,POINT (-84.397261 33.7642653)
2389,,-84.3961483,33.7645958,POINT (-84.3961483 33.7645958)
2390,,-84.3986072,33.7639489,POINT (-84.3986072 33.7639489)
2391,,-84.39738,33.765353,POINT (-84.39738 33.765353)
2392,,-84.397178,33.763389,POINT (-84.397178 33.763389)
2393,,-84.3201443,33.7473349,POINT (-84.3201443 33.7473349)
2394,,-84.506721,33.768648,POINT (-84.506721 33.768648)
2395,,-84.507661,33.768765,POINT (-84.507661 33.768765)
2396,,-84.505627,33.768375,POINT (-84.505627 33.768375)
2397,,-84.3876378,33.7562312,POINT (-84.3876378 33.7562312)
2398,,-84.4079029,33.7992642,POINT (-84.4079029 33.7992642)
2399,,-84.4078511,33.7980948,POINT (-84.4078511 33.7980948)
2400,,-84.493737,33.767934,POINT (-84.493737 33.767934)
2401,,-84.495609,33.773489,POINT (-84.495609 33.773489)
2402,,-84.496979,33.767953,POINT (-84.496979 33.767953)
2403,,-84.500098,33.768955,POINT (-84.500098 33.768955)
2404,,-84.508646,33.769457,POINT (-84.508646 33.769457)
2405,,-84.509211,33.766542,POINT (-84.509211 33.766542)
2406,,-84.513966,33.77014,POINT (-84.513966 33.77014)
2407,,-84.507674,33.772308,POINT (-84.507674 33.772308)
2408,,-84.3332498,33.747432,POINT (-84.3332498 33.747432)
2409,,-84.3329805,33.7474318,POINT (-84.3329805 33.7474318)
2410,,-84.3332163,33.7488145,POINT (-84.3332163 33.7488145)
2411,,-84.495089,33.736186,POINT (-84.495089 33.736186)
2412,,-84.333609,33.7474415,POINT (-84.333609 33.7474415)
2413,,-84.473368,33.782993,POINT (-84.473368 33.782993)
2414,,-84.3524306,33.7974455,POINT (-84.3524306 33.7974455)
2415,,-84.3806347,33.8396304,POINT (-84.3806347 33.8396304)
2416,,-84.382243,33.840399,POINT (-84.382243 33.840399)
2417,,-84.3804829,33.8395791,POINT (-84.3804829 33.8395791)
2418,,-84.3486294,33.8464493,POINT (-84.3486294 33.8464493)
2419,,-84.3489931,33.8474092,POINT (-84.3489931 33.8474092)
2420,,-84.3493818,33.8478255,POINT (-84.3493818 33.8478255)
2421,,-84.3491699,33.8480099,POINT (-84.3491699 33.8480099)
2422,,-84.3494567,33.8478845,POINT (-84.3494567 33.8478845)
2423,,-84.3496836,33.8480243,POINT (-84.3496836 33.8480243)
2424,,-84.3532204,33.8488755,POINT (-84.3532204 33.8488755)
2425,,-84.3565717,33.8507131,POINT (-84.3565717 33.8507131)
2426,,-84.3566279,33.8507709,POINT (-84.3566279 33.8507709)
2427,,-84.3342659,33.729082,POINT (-84.3342659 33.729082)
2428,,-84.406722,33.844861,POINT (-84.406722 33.844861)
2429,,-84.407279,33.844522,POINT (-84.407279 33.844522)
2430,,-84.404537,33.845644,POINT (-84.404537 33.845644)
2431,,-84.384328,33.786655,POINT (-84.384328 33.786655)
2432,,-84.38697,33.7866506,POINT (-84.38697 33.7866506)
2433,,-84.3835074,33.7876229,POINT (-84.3835074 33.7876229)
2434,,-84.3781405,33.7865089,POINT (-84.3781405 33.7865089)
2435,,-84.3781525,33.7865903,POINT (-84.3781525 33.7865903)
2436,,-84.4271489,33.8404783,POINT (-84.4271489 33.8404783)
2437,,-84.441469,33.826359,POINT (-84.441469 33.826359)
2438,,-84.4447199,33.8255416,POINT (-84.4447199 33.8255416)
2439,,-84.440297,33.826799,POINT (-84.440297 33.826799)
2440,,-84.433373,33.83631,POINT (-84.433373 33.83631)
2441,,-84.433167,33.836193,POINT (-84.433167 33.836193)
2442,,-84.437247,33.837937,POINT (-84.437247 33.837937)
2443,,-84.432106,33.835583,POINT (-84.432106 33.835583)
2444,,-84.375302,33.806754,POINT (-84.375302 33.806754)
2445,,-84.3715021,33.810616,POINT (-84.3715021 33.810616)
2446,,-84.3751386,33.8063972,POINT (-84.3751386 33.8063972)
2447,,-84.366902,33.806267,POINT (-84.366902 33.806267)
2448,,-84.367368,33.805442,POINT (-84.367368 33.805442)
2449,,-84.366097,33.807566,POINT (-84.366097 33.807566)
2450,,-84.499905,33.73783,POINT (-84.499905 33.73783)
2451,,-84.486884,33.782756,POINT (-84.486884 33.782756)
2452,,-84.48819,33.7842087,POINT (-84.48819 33.7842087)
2453,,-84.485897,33.782056,POINT (-84.485897 33.782056)
2454,,-84.44833,33.72254,POINT (-84.44833 33.72254)
2455,,-84.3365244,33.7307526,POINT (-84.3365244 33.7307526)
2456,,-84.335639,33.73071,POINT (-84.335639 33.73071)
2457,,-84.538247,33.694641,POINT (-84.538247 33.694641)
2458,,-84.36296,33.754882,POINT (-84.36296 33.754882)
2459,,-84.3641298,33.7546176,POINT (-84.3641298 33.7546176)
2460,,-84.361541,33.755208,POINT (-84.361541 33.755208)
2461,,-84.3126041,33.7654019,POINT (-84.3126041 33.7654019)
2462,,-84.3170003,33.7645657,POINT (-84.3170003 33.7645657)
2463,,-84.3879299,33.7966775,POINT (-84.3879299 33.7966775)
2464,,-84.3879619,33.7967174,POINT (-84.3879619 33.7967174)
2465,,-84.3877485,33.7957391,POINT (-84.3877485 33.7957391)
2466,,-84.4077141,33.8150122,POINT (-84.4077141 33.8150122)
2467,,-84.363526,33.765904,POINT (-84.363526 33.765904)
2468,,-84.3647813,33.7650066,POINT (-84.3647813 33.7650066)
2469,,-84.363004,33.76657,POINT (-84.363004 33.76657)
2470,,-84.389484,33.724998,POINT (-84.389484 33.724998)
2471,,-84.3892436,33.7865854,POINT (-84.3892436 33.7865854)
2472,,-84.3904126,33.7867008,POINT (-84.3904126 33.7867008)
2473,,-84.3904095,33.7891643,POINT (-84.3904095 33.7891643)
2474,,-84.394526,33.786495,POINT (-84.394526 33.786495)
2475,,-84.395793,33.78635,POINT (-84.395793 33.78635)
2476,,-84.396057,33.786319,POINT (-84.396057 33.786319)
2477,,-84.396713,33.786244,POINT (-84.396713 33.786244)
2478,,-84.337212,33.7312726,POINT (-84.337212 33.7312726)
2479,,-84.3976895,33.7861891,POINT (-84.3976895 33.7861891)
2480,,-84.398735,33.786193,POINT (-84.398735 33.786193)
2481,,-84.4071049,33.7864309,POINT (-84.4071049 33.7864309)
2482,,-84.40738,33.7862348,POINT (-84.40738 33.7862348)
2483,,-84.4075195,33.7862359,POINT (-84.4075195 33.7862359)
2484,,-84.4075235,33.784554,POINT (-84.4075235 33.784554)
2485,,-84.3656859,33.8488747,POINT (-84.3656859 33.8488747)
2486,,-84.3622824,33.8500958,POINT (-84.3622824 33.8500958)
2487,,-84.357327,33.7738281,POINT (-84.357327 33.7738281)
2488,,-84.3587341,33.7738235,POINT (-84.3587341 33.7738235)
2489,,-84.355598,33.7738336,POINT (-84.355598 33.7738336)
2490,,-84.3481615,33.7476098,POINT (-84.3481615 33.7476098)
2491,,-84.346464,33.747573,POINT (-84.346464 33.747573)
2492,,-84.36309,33.746654,POINT (-84.36309 33.746654)
2493,,-84.4176833,33.7422392,POINT (-84.4176833 33.7422392)
2494,,-84.417961,33.742234,POINT (-84.417961 33.742234)
2495,,-84.422402,33.7421092,POINT (-84.422402 33.7421092)
2496,,-84.425321,33.742304,POINT (-84.425321 33.742304)
2497,,-84.427121,33.742315,POINT (-84.427121 33.742315)
2498,,-84.428851,33.742292,POINT (-84.428851 33.742292)
2499,,-84.430564,33.742292,POINT (-84.430564 33.742292)
2500,,-84.432404,33.741401,POINT (-84.432404 33.741401)
2501,,-84.432353,33.743933,POINT (-84.432353 33.743933)
2502,,-84.436601,33.742288,POINT (-84.436601 33.742288)
2503,,-84.3922681,33.8122716,POINT (-84.3922681 33.8122716)
2504,,-84.3922965,33.8136986,POINT (-84.3922965 33.8136986)
2505,,-84.3924909,33.810973,POINT (-84.3924909 33.810973)
2506,,-84.438151,33.85421,POINT (-84.438151 33.85421)
2507,,-84.38063,33.7174834,POINT (-84.38063 33.7174834)
2508,,-84.3784564,33.7168838,POINT (-84.3784564 33.7168838)
2509,,-84.350861,33.724395,POINT (-84.350861 33.724395)
2510,,-84.423194,33.697331,POINT (-84.423194 33.697331)
2511,,-84.424329,33.697332,POINT (-84.424329 33.697332)
2512,,-84.4198091,33.6973002,POINT (-84.4198091 33.6973002)
2513,,-84.384249,33.822818,POINT (-84.384249 33.822818)
2514,,-84.38326,33.822816,POINT (-84.38326 33.822816)
2515,,-84.3864005,33.822841,POINT (-84.3864005 33.822841)
2516,,-84.3879836,33.8213881,POINT (-84.3879836 33.8213881)
2517,,-84.3883996,33.8199509,POINT (-84.3883996 33.8199509)
2518,,-84.3875026,33.822865,POINT (-84.3875026 33.822865)
2519,,-84.333859,33.7307547,POINT (-84.333859 33.7307547)
2520,,-84.3491956,33.7554265,POINT (-84.3491956 33.7554265)
2521,,-84.3490796,33.7569396,POINT (-84.3490796 33.7569396)
2522,,-84.376617,33.731463,POINT (-84.376617 33.731463)
2523,,-84.378502,33.731508,POINT (-84.378502 33.731508)
2524,,-84.376376,33.7502238,POINT (-84.376376 33.7502238)
2525,,-84.4281203,33.7718669,POINT (-84.4281203 33.7718669)
2526,,-84.425033,33.7727059,POINT (-84.425033 33.7727059)
2527,,-84.4285433,33.7718871,POINT (-84.4285433 33.7718871)
2528,,-84.4123435,33.77985,POINT (-84.4123435 33.77985)
2529,,-84.4120578,33.7800665,POINT (-84.4120578 33.7800665)
2530,,-84.4298,33.716562,POINT (-84.4298 33.716562)
2531,,-84.430502,33.716231,POINT (-84.430502 33.716231)
2532,,-84.429674,33.71662,POINT (-84.429674 33.71662)
2533,,-84.378453,33.733819,POINT (-84.378453 33.733819)
2534,,-84.378463,33.733117,POINT (-84.378463 33.733117)
2535,,-84.3524869,33.8552888,POINT (-84.3524869 33.8552888)
2536,,-84.389144,33.793316,POINT (-84.389144 33.793316)
2537,,-84.368407,33.782624,POINT (-84.368407 33.782624)
2538,,-84.4031675,33.7508979,POINT (-84.4031675 33.7508979)
2539,,-84.402822,33.752873,POINT (-84.402822 33.752873)
2540,,-84.3451689,33.745371,POINT (-84.3451689 33.745371)
2541,,-84.401079,33.828697,POINT (-84.401079 33.828697)
2542,,-84.402581,33.828697,POINT (-84.402581 33.828697)
2543,,-84.4171966,33.8077637,POINT (-84.4171966 33.8077637)
2544,,-84.4152504,33.80601,POINT (-84.4152504 33.80601)
2545,,-84.4118659,33.8043687,POINT (-84.4118659 33.8043687)
2546,,-84.4008398,33.8011496,POINT (-84.4008398 33.8011496)
2547,,-84.3957729,33.7979193,POINT (-84.3957729 33.7979193)
2548,,-84.3946722,33.7959501,POINT (-84.3946722 33.7959501)
2549,,-84.3926412,33.7955196,POINT (-84.3926412 33.7955196)
2550,,-84.3911836,33.7793848,POINT (-84.3911836 33.7793848)
2551,,-84.3907203,33.7755614,POINT (-84.3907203 33.7755614)
2552,,-84.395481,33.6632103,POINT (-84.395481 33.6632103)
2553,,-84.3978056,33.6776364,POINT (-84.3978056 33.6776364)
2554,,-84.4039217,33.700749,POINT (-84.4039217 33.700749)
2555,,-84.403538,33.705235,POINT (-84.403538 33.705235)
2556,,-84.3829488,33.7632767,POINT (-84.3829488 33.7632767)
2557,,-84.3854374,33.7655556,POINT (-84.3854374 33.7655556)
2558,,-84.3861578,33.767349,POINT (-84.3861578 33.767349)
2559,,-84.388564,33.7673494,POINT (-84.388564 33.7673494)
2560,,-84.4034731,33.8018556,POINT (-84.4034731 33.8018556)
2561,,-84.425854,33.718139,POINT (-84.425854 33.718139)
2562,,-84.47029,33.8036,POINT (-84.47029 33.8036)
2563,,-84.4703063,33.803726,POINT (-84.4703063 33.803726)
2564,,-84.471352,33.810775,POINT (-84.471352 33.810775)
2565,,-84.472029,33.809542,POINT (-84.472029 33.809542)
2566,,-84.470555,33.812095,POINT (-84.470555 33.812095)
2567,,-84.4726675,33.8124235,POINT (-84.4726675 33.8124235)
2568,,-84.4709017,33.8130878,POINT (-84.4709017 33.8130878)
2569,,-84.4749609,33.8113228,POINT (-84.4749609 33.8113228)
2570,,-84.4143425,33.8496659,POINT (-84.4143425 33.8496659)
2571,,-84.418166,33.850588,POINT (-84.418166 33.850588)
2572,,-84.4744922,33.7779667,POINT (-84.4744922 33.7779667)
2573,,-84.360854,33.8517007,POINT (-84.360854 33.8517007)
2574,,-84.3599268,33.8532871,POINT (-84.3599268 33.8532871)
2575,,-84.408066,33.702856,POINT (-84.408066 33.702856)
2576,,-84.408062,33.703393,POINT (-84.408062 33.703393)
2577,,-84.40808,33.6992015,POINT (-84.40808 33.6992015)
2578,,-84.367736,33.768641,POINT (-84.367736 33.768641)
2579,,-84.367726,33.769305,POINT (-84.367726 33.769305)
2580,,-84.367743,33.768123,POINT (-84.367743 33.768123)
2581,,-84.354727,33.765066,POINT (-84.354727 33.765066)
2582,,-84.372131,33.755888,POINT (-84.372131 33.755888)
2583,,-84.339814,33.803591,POINT (-84.339814 33.803591)
2584,,-84.337925,33.804589,POINT (-84.337925 33.804589)
2585,,-84.341175,33.802497,POINT (-84.341175 33.802497)
2586,,-84.3492329,33.7524248,POINT (-84.3492329 33.7524248)
2587,,-84.3838451,33.7724005,POINT (-84.3838451 33.7724005)
2588,,-84.383306,33.772424,POINT (-84.383306 33.772424)
2589,,-84.381782,33.772501,POINT (-84.381782 33.772501)
2590,,-84.380255,33.772578,POINT (-84.380255 33.772578)
2591,,-84.374806,33.772497,POINT (-84.374806 33.772497)
2592,,-84.369733,33.773841,POINT (-84.369733 33.773841)
2593,,-84.368438,33.773633,POINT (-84.368438 33.773633)
2594,,-84.3600351,33.7738135,POINT (-84.3600351 33.7738135)
2595,,-84.331805,33.731007,POINT (-84.331805 33.731007)
2596,,-84.3418966,33.7604585,POINT (-84.3418966 33.7604585)
2597,,-84.353496,33.77383,POINT (-84.353496 33.77383)
2598,,-84.352509,33.773833,POINT (-84.352509 33.773833)
2599,,-84.350749,33.773839,POINT (-84.350749 33.773839)
2600,,-84.341818,33.7617965,POINT (-84.341818 33.7617965)
2601,,-84.450373,33.770827,POINT (-84.450373 33.770827)
2602,,-84.449301,33.77113,POINT (-84.449301 33.77113)
2603,,-84.450882,33.776785,POINT (-84.450882 33.776785)
2604,,-84.452219,33.776725,POINT (-84.452219 33.776725)
2605,,-84.424784,33.8010192,POINT (-84.424784 33.8010192)
2606,,-84.4213493,33.8037315,POINT (-84.4213493 33.8037315)
2607,,-84.423472,33.763503,POINT (-84.423472 33.763503)
2608,,-84.424047,33.763498,POINT (-84.424047 33.763498)
2609,,-84.422009,33.763497,POINT (-84.422009 33.763497)
2610,,-84.427229,33.763519,POINT (-84.427229 33.763519)
2611,,-84.4265249,33.7635178,POINT (-84.4265249 33.7635178)
2612,,-84.439435,33.763574,POINT (-84.439435 33.763574)
2613,,-84.439637,33.763575,POINT (-84.439637 33.763575)
2614,,-84.441216,33.762145,POINT (-84.441216 33.762145)
2615,,-84.465561,33.763608,POINT (-84.465561 33.763608)
2616,,-84.3519712,33.7973971,POINT (-84.3519712 33.7973971)
2617,,-84.35004,33.796817,POINT (-84.35004 33.796817)
2618,,-84.408496,33.673051,POINT (-84.408496 33.673051)
2619,,-84.408494,33.674369,POINT (-84.408494 33.674369)
2620,,-84.4028167,33.7538942,POINT (-84.4028167 33.7538942)
2621,,-84.471808,33.808022,POINT (-84.471808 33.808022)
2622,,-84.4729519,33.8080268,POINT (-84.4729519 33.8080268)
2623,,-84.47154,33.807425,POINT (-84.47154 33.807425)
2624,,-84.475993,33.808041,POINT (-84.475993 33.808041)
2625,,-84.4807584,33.8080624,POINT (-84.4807584 33.8080624)
2626,,-84.4764549,33.8108764,POINT (-84.4764549 33.8108764)
2627,,-84.475631,33.80215,POINT (-84.475631 33.80215)
2628,,-84.4801962,33.8086792,POINT (-84.4801962 33.8086792)
2629,,-84.4078131,33.8058262,POINT (-84.4078131 33.8058262)
2630,,-84.4078061,33.8083382,POINT (-84.4078061 33.8083382)
2631,,-84.4078171,33.8041852,POINT (-84.4078171 33.8041852)
2632,,-84.3720584,33.801406,POINT (-84.3720584 33.801406)
2633,,-84.3673618,33.8042806,POINT (-84.3673618 33.8042806)
2634,,-84.37843,33.735479,POINT (-84.37843 33.735479)
2635,,-84.37844,33.73478,POINT (-84.37844 33.73478)
2636,,-84.387905,33.734428,POINT (-84.387905 33.734428)
2637,,-84.3477351,33.7987894,POINT (-84.3477351 33.7987894)
2638,,-84.378446,33.734303,POINT (-84.378446 33.734303)
2639,,-84.430727,33.722356,POINT (-84.430727 33.722356)
2640,,-84.435531,33.722458,POINT (-84.435531 33.722458)
2641,,-84.4365187,33.7224746,POINT (-84.4365187 33.7224746)
2642,,-84.4489,33.722545,POINT (-84.4489 33.722545)
2643,,-84.449362,33.722593,POINT (-84.449362 33.722593)
2644,,-84.450248,33.723214,POINT (-84.450248 33.723214)
2645,,-84.381958,33.7424413,POINT (-84.381958 33.7424413)
2646,,-84.378929,33.741215,POINT (-84.378929 33.741215)
2647,,-84.3792923,33.742446,POINT (-84.3792923 33.742446)
2648,,-84.382085,33.703858,POINT (-84.382085 33.703858)
2649,,-84.468599,33.8135905,POINT (-84.468599 33.8135905)
2650,,-84.4688497,33.813644,POINT (-84.4688497 33.813644)
2651,,-84.3481864,33.8454066,POINT (-84.3481864 33.8454066)
2652,,-84.3483687,33.8457663,POINT (-84.3483687 33.8457663)
2653,,-84.4912837,33.7860235,POINT (-84.4912837 33.7860235)
2654,,-84.4911826,33.7861085,POINT (-84.4911826 33.7861085)
2655,,-84.4885587,33.7845853,POINT (-84.4885587 33.7845853)
2656,,-84.492501,33.782708,POINT (-84.492501 33.782708)
2657,,-84.498385,33.780536,POINT (-84.498385 33.780536)
2658,,-84.4937607,33.7872021,POINT (-84.4937607 33.7872021)
2659,,-84.4968695,33.7908477,POINT (-84.4968695 33.7908477)
2660,,-84.4089463,33.7731488,POINT (-84.4089463 33.7731488)
2661,,-84.408755,33.773201,POINT (-84.408755 33.773201)
2662,,-84.4085666,33.772662,POINT (-84.4085666 33.772662)
2663,,-84.41643,33.773049,POINT (-84.41643 33.773049)
2664,,-84.4173698,33.7730463,POINT (-84.4173698 33.7730463)
2665,,-84.4251175,33.7728489,POINT (-84.4251175 33.7728489)
2666,,-84.432375,33.771579,POINT (-84.432375 33.771579)
2667,,-84.436134,33.771368,POINT (-84.436134 33.771368)
2668,,-84.436323,33.771392,POINT (-84.436323 33.771392)
2669,,-84.437607,33.771525,POINT (-84.437607 33.771525)
2670,,-84.438116,33.77158,POINT (-84.438116 33.77158)
2671,,-84.43869,33.771642,POINT (-84.43869 33.771642)
2672,,-84.450431,33.777209,POINT (-84.450431 33.777209)
2673,,-84.458976,33.776715,POINT (-84.458976 33.776715)
2674,,-84.461019,33.777033,POINT (-84.461019 33.777033)
2675,,-84.462224,33.777217,POINT (-84.462224 33.777217)
2676,,-84.330984,33.730921,POINT (-84.330984 33.730921)
2677,,-84.46596,33.776281,POINT (-84.46596 33.776281)
2678,,-84.469213,33.775489,POINT (-84.469213 33.775489)
2679,,-84.483132,33.781453,POINT (-84.483132 33.781453)
2680,,-84.484905,33.781809,POINT (-84.484905 33.781809)
2681,,-84.3331896,33.7506837,POINT (-84.3331896 33.7506837)
2682,,-84.333205,33.7494211,POINT (-84.333205 33.7494211)
2683,,-84.3331786,33.7515717,POINT (-84.3331786 33.7515717)
2684,,-84.3492996,33.7350361,POINT (-84.3492996 33.7350361)
2685,,-84.3592507,33.7979125,POINT (-84.3592507 33.7979125)
2686,,-84.3605536,33.798453,POINT (-84.3605536 33.798453)
2687,,-84.534488,33.691386,POINT (-84.534488 33.691386)
2688,,-84.349747,33.797428,POINT (-84.349747 33.797428)
2689,,-84.349322,33.797843,POINT (-84.349322 33.797843)
2690,,-84.3619363,33.8504811,POINT (-84.3619363 33.8504811)
2691,,-84.3619498,33.8506652,POINT (-84.3619498 33.8506652)
2692,,-84.3610565,33.8514551,POINT (-84.3610565 33.8514551)
2693,,-84.3616168,33.8500461,POINT (-84.3616168 33.8500461)
2694,,-84.442215,33.761194,POINT (-84.442215 33.761194)
2695,,-84.441741,33.761562,POINT (-84.441741 33.761562)
2696,,-84.443122,33.760483,POINT (-84.443122 33.760483)
2697,,-84.330545,33.730776,POINT (-84.330545 33.730776)
2698,,-84.404844,33.767588,POINT (-84.404844 33.767588)
2699,,-84.404852,33.7667236,POINT (-84.404852 33.7667236)
2700,,-84.3935077,33.7356567,POINT (-84.3935077 33.7356567)
2701,,-84.3934803,33.7367916,POINT (-84.3934803 33.7367916)
2702,,-84.4016575,33.7369852,POINT (-84.4016575 33.7369852)
2703,,-84.3851524,33.7020881,POINT (-84.3851524 33.7020881)
2704,,-84.385515,33.701869,POINT (-84.385515 33.701869)
2705,,-84.383777,33.702877,POINT (-84.383777 33.702877)
2706,,-84.53667,33.704579,POINT (-84.53667 33.704579)
2707,,-84.535358,33.6973479,POINT (-84.535358 33.6973479)
2708,,-84.5366168,33.7055669,POINT (-84.5366168 33.7055669)
2709,,-84.391546,33.844327,POINT (-84.391546 33.844327)
2710,,-84.392953,33.844147,POINT (-84.392953 33.844147)
2711,,-84.3886291,33.8440501,POINT (-84.3886291 33.8440501)
2712,,-84.3097486,33.7475869,POINT (-84.3097486 33.7475869)
2713,,-84.4280608,33.7472975,POINT (-84.4280608 33.7472975)
2714,,-84.428716,33.747308,POINT (-84.428716 33.747308)
2715,,-84.4279549,33.7472958,POINT (-84.4279549 33.7472958)
2716,,-84.4295494,33.7472574,POINT (-84.4295494 33.7472574)
2717,,-84.4289933,33.7477573,POINT (-84.4289933 33.7477573)
2718,,-84.4321151,33.7449329,POINT (-84.4321151 33.7449329)
2719,,-84.432421,33.740521,POINT (-84.432421 33.740521)
2720,,-84.4078641,33.7961662,POINT (-84.4078641 33.7961662)
2721,,-84.383227,33.731622,POINT (-84.383227 33.731622)
2722,,-84.3815494,33.746896,POINT (-84.3815494 33.746896)
2723,,-84.382069,33.7469229,POINT (-84.382069 33.7469229)
2724,,-84.380713,33.746873,POINT (-84.380713 33.746873)
2725,,-84.421576,33.701478,POINT (-84.421576 33.701478)
2726,,-84.42076,33.701463,POINT (-84.42076 33.701463)
2727,,-84.3678565,33.8296398,POINT (-84.3678565 33.8296398)
2728,,-84.367774,33.8293402,POINT (-84.367774 33.8293402)
2729,,-84.402603,33.845461,POINT (-84.402603 33.845461)
2730,,-84.415678,33.840475,POINT (-84.415678 33.840475)
2731,,-84.4160178,33.8402168,POINT (-84.4160178 33.8402168)
2732,,-84.4163236,33.8399861,POINT (-84.4163236 33.8399861)
2733,,-84.4164092,33.8399182,POINT (-84.4164092 33.8399182)
2734,,-84.424006,33.8346078,POINT (-84.424006 33.8346078)
2735,,-84.424961,33.833482,POINT (-84.424961 33.833482)
2736,,-84.4256326,33.8326869,POINT (-84.4256326 33.8326869)
2737,,-84.427172,33.830953,POINT (-84.427172 33.830953)
2738,,-84.4270003,33.8310855,POINT (-84.4270003 33.8310855)
2739,,-84.431279,33.830972,POINT (-84.431279 33.830972)
2740,,-84.439329,33.827443,POINT (-84.439329 33.827443)
2741,,-84.445935,33.824889,POINT (-84.445935 33.824889)
2742,,-84.446762,33.82423,POINT (-84.446762 33.82423)
2743,,-84.447293,33.823963,POINT (-84.447293 33.823963)
2744,,-84.448203,33.82355,POINT (-84.448203 33.82355)
2745,,-84.446219,33.823338,POINT (-84.446219 33.823338)
2746,,-84.450274,33.8215927,POINT (-84.450274 33.8215927)
2747,,-84.4500845,33.8259574,POINT (-84.4500845 33.8259574)
2748,,-84.4511665,33.8206028,POINT (-84.4511665 33.8206028)
2749,,-84.4491651,33.8202441,POINT (-84.4491651 33.8202441)
2750,,-84.4539291,33.8211329,POINT (-84.4539291 33.8211329)
2751,,-84.4517362,33.8195291,POINT (-84.4517362 33.8195291)
2752,,-84.3980656,33.7482269,POINT (-84.3980656 33.7482269)
2753,,-84.45886,33.7703,POINT (-84.45886 33.7703)
2754,,-84.430845,33.71606,POINT (-84.430845 33.71606)
2755,,-84.3492193,33.7623362,POINT (-84.3492193 33.7623362)
2756,,-84.322582,33.725951,POINT (-84.322582 33.725951)
2757,,-84.32995,33.72992,POINT (-84.32995 33.72992)
2758,,-84.446926,33.710899,POINT (-84.446926 33.710899)
2759,,-84.306113,33.747225,POINT (-84.306113 33.747225)
2760,,-84.4625729,33.7047476,POINT (-84.4625729 33.7047476)
2761,,-84.457308,33.7062031,POINT (-84.457308 33.7062031)
2762,,-84.464625,33.704266,POINT (-84.464625 33.704266)
2763,,-84.4647594,33.7042437,POINT (-84.4647594 33.7042437)
2764,,-84.4636288,33.7044402,POINT (-84.4636288 33.7044402)
2765,,-84.466671,33.703814,POINT (-84.466671 33.703814)
2766,,-84.468717,33.702884,POINT (-84.468717 33.702884)
2767,,-84.4653646,33.7041432,POINT (-84.4653646 33.7041432)
2768,,-84.490588,33.692582,POINT (-84.490588 33.692582)
2769,,-84.492095,33.694033,POINT (-84.492095 33.694033)
2770,,-84.4922736,33.6914282,POINT (-84.4922736 33.6914282)
2771,,-84.465841,33.788666,POINT (-84.465841 33.788666)
2772,,-84.445118,33.733687,POINT (-84.445118 33.733687)
2773,,-84.447497,33.733697,POINT (-84.447497 33.733697)
2774,,-84.451515,33.777674,POINT (-84.451515 33.777674)
2775,,-84.294068,33.747096,POINT (-84.294068 33.747096)
2776,,-84.442897,33.853788,POINT (-84.442897 33.853788)
2777,,-84.442061,33.853873,POINT (-84.442061 33.853873)
2778,,-84.444105,33.850558,POINT (-84.444105 33.850558)
2779,,-84.4171021,33.697258,POINT (-84.4171021 33.697258)
2780,,-84.413956,33.696854,POINT (-84.413956 33.696854)
2781,,-84.417127,33.697463,POINT (-84.417127 33.697463)
2782,,-84.4175307,33.6973061,POINT (-84.4175307 33.6973061)
2783,,-84.42725,33.738568,POINT (-84.42725 33.738568)
2784,,-84.427741,33.738625,POINT (-84.427741 33.738625)
2785,,-84.426574,33.738519,POINT (-84.426574 33.738519)
2786,,-84.4269688,33.7473156,POINT (-84.4269688 33.7473156)
2787,,-84.42753,33.747289,POINT (-84.42753 33.747289)
2788,,-84.428998,33.738775,POINT (-84.428998 33.738775)
2789,,-84.449035,33.831455,POINT (-84.449035 33.831455)
2790,,-84.4466268,33.840185,POINT (-84.4466268 33.840185)
2791,,-84.4452756,33.839835,POINT (-84.4452756 33.839835)
2792,,-84.44705,33.843363,POINT (-84.44705 33.843363)
2793,,-84.4478445,33.8452677,POINT (-84.4478445 33.8452677)
2794,,-84.448038,33.84561,POINT (-84.448038 33.84561)
2795,,-84.448131,33.846039,POINT (-84.448131 33.846039)
2796,,-84.444438,33.850372,POINT (-84.444438 33.850372)
2797,,-84.439038,33.854425,POINT (-84.439038 33.854425)
2798,,-84.3285741,33.7474168,POINT (-84.3285741 33.7474168)
2799,,-84.3272547,33.7474174,POINT (-84.3272547 33.7474174)
2800,,-84.330422,33.747429,POINT (-84.330422 33.747429)
2801,,-84.409799,33.686354,POINT (-84.409799 33.686354)
2802,,-84.40821,33.685559,POINT (-84.40821 33.685559)
2803,,-84.41117,33.689238,POINT (-84.41117 33.689238)
2804,,-84.377832,33.764101,POINT (-84.377832 33.764101)
2805,,-84.3779506,33.7641041,POINT (-84.3779506 33.7641041)
2806,,-84.375622,33.764027,POINT (-84.375622 33.764027)
2807,,-84.3208162,33.7473407,POINT (-84.3208162 33.7473407)
2808,,-84.3202367,33.7473349,POINT (-84.3202367 33.7473349)
2809,,-84.431645,33.733268,POINT (-84.431645 33.733268)
2810,,-84.433896,33.733316,POINT (-84.433896 33.733316)
2811,,-84.435412,33.733348,POINT (-84.435412 33.733348)
2812,,-84.3226478,33.7473664,POINT (-84.3226478 33.7473664)
2813,,-84.436197,33.733364,POINT (-84.436197 33.733364)
2814,,-84.4373506,33.7333892,POINT (-84.4373506 33.7333892)
2815,,-84.438937,33.73365,POINT (-84.438937 33.73365)
2816,,-84.448245,33.733705,POINT (-84.448245 33.733705)
2817,,-84.292042,33.747054,POINT (-84.292042 33.747054)
2818,,-84.403208,33.868817,POINT (-84.403208 33.868817)
2819,,-84.404944,33.868082,POINT (-84.404944 33.868082)
2820,,-84.405843,33.867886,POINT (-84.405843 33.867886)
2821,,-84.406907,33.868282,POINT (-84.406907 33.868282)
2822,,-84.337733,33.804487,POINT (-84.337733 33.804487)
2823,,-84.416094,33.72829,POINT (-84.416094 33.72829)
2824,,-84.36375,33.746662,POINT (-84.36375 33.746662)
2825,,-84.364674,33.746673,POINT (-84.364674 33.746673)
2826,,-84.3685223,33.7965636,POINT (-84.3685223 33.7965636)
2827,,-84.36899,33.797095,POINT (-84.36899 33.797095)
2828,,-84.368174,33.796148,POINT (-84.368174 33.796148)
2829,,-84.3495014,33.7048354,POINT (-84.3495014 33.7048354)
2830,,-84.4413373,33.7475871,POINT (-84.4413373 33.7475871)
2831,,-84.4403163,33.7458805,POINT (-84.4403163 33.7458805)
2832,,-84.4418514,33.747418,POINT (-84.4418514 33.747418)
2833,,-84.439524,33.74506,POINT (-84.439524 33.74506)
2834,,-84.3742251,33.7916564,POINT (-84.3742251 33.7916564)
2835,,-84.3760757,33.7895028,POINT (-84.3760757 33.7895028)
2836,,-84.3890539,33.7609921,POINT (-84.3890539 33.7609921)
2837,,-84.390548,33.762273,POINT (-84.390548 33.762273)
2838,,-84.328738,33.729361,POINT (-84.328738 33.729361)
2839,,-84.3905698,33.7597174,POINT (-84.3905698 33.7597174)
2840,,-84.4174867,33.7634781,POINT (-84.4174867 33.7634781)
2841,,-84.3492892,33.7360102,POINT (-84.3492892 33.7360102)
2842,,-84.3492912,33.7358252,POINT (-84.3492912 33.7358252)
2843,,-84.389435,33.731774,POINT (-84.389435 33.731774)
2844,,-84.390918,33.7318082,POINT (-84.390918 33.7318082)
2845,,-84.387933,33.731748,POINT (-84.387933 33.731748)
2846,,-84.388063,33.72501,POINT (-84.388063 33.72501)
2847,,-84.3919126,33.6728373,POINT (-84.3919126 33.6728373)
2848,,-84.369065,33.78054,POINT (-84.369065 33.78054)
2849,,-84.368862,33.781183,POINT (-84.368862 33.781183)
2850,,-84.368164,33.781002,POINT (-84.368164 33.781002)
2851,,-84.367598,33.781235,POINT (-84.367598 33.781235)
2852,,-84.363507,33.781747,POINT (-84.363507 33.781747)
2853,,-84.361353,33.781895,POINT (-84.361353 33.781895)
2854,,-84.359331,33.782035,POINT (-84.359331 33.782035)
2855,,-84.358681,33.78208,POINT (-84.358681 33.78208)
2856,,-84.356899,33.782203,POINT (-84.356899 33.782203)
2857,,-84.355767,33.782281,POINT (-84.355767 33.782281)
2858,,-84.3549675,33.7823355,POINT (-84.3549675 33.7823355)
2859,,-84.3548233,33.7823436,POINT (-84.3548233 33.7823436)
2860,,-84.3541579,33.7819098,POINT (-84.3541579 33.7819098)
2861,,-84.3871637,33.7648745,POINT (-84.3871637 33.7648745)
2862,,-84.373664,33.763976,POINT (-84.373664 33.763976)
2863,,-84.367804,33.763952,POINT (-84.367804 33.763952)
2864,,-84.367791,33.764828,POINT (-84.367791 33.764828)
2865,,-84.371957,33.763958,POINT (-84.371957 33.763958)
2866,,-84.3666219,33.7639523,POINT (-84.3666219 33.7639523)
2867,,-84.367815,33.763207,POINT (-84.367815 33.763207)
2868,,-84.366353,33.764077,POINT (-84.366353 33.764077)
2869,,-84.327174,33.728728,POINT (-84.327174 33.728728)
2870,,-84.358608,33.76825,POINT (-84.358608 33.76825)
2871,,-84.3584911,33.7682825,POINT (-84.3584911 33.7682825)
2872,,-84.349134,33.7584547,POINT (-84.349134 33.7584547)
2873,,-84.3491721,33.761836,POINT (-84.3491721 33.761836)
2874,,-84.3793082,33.745603,POINT (-84.3793082 33.745603)
2875,,-84.379316,33.744491,POINT (-84.379316 33.744491)
2876,,-84.3793174,33.7468536,POINT (-84.3793174 33.7468536)
2877,,-84.4033144,33.7805609,POINT (-84.4033144 33.7805609)
2878,,-84.4042894,33.7816889,POINT (-84.4042894 33.7816889)
2879,,-84.3974312,33.7659153,POINT (-84.3974312 33.7659153)
2880,,-84.501057,33.699023,POINT (-84.501057 33.699023)
2881,,-84.501337,33.699942,POINT (-84.501337 33.699942)
2882,,-84.500515,33.698539,POINT (-84.500515 33.698539)
2883,,-84.387499,33.870837,POINT (-84.387499 33.870837)
2884,,-84.4025154,33.7796959,POINT (-84.4025154 33.7796959)
2885,,-84.4012738,33.7783998,POINT (-84.4012738 33.7783998)
2886,,-84.4074119,33.7871499,POINT (-84.4074119 33.7871499)
2887,,-84.408116,33.734415,POINT (-84.408116 33.734415)
2888,,-84.408133,33.736072,POINT (-84.408133 33.736072)
2889,,-84.425582,33.808764,POINT (-84.425582 33.808764)
2890,,-84.4259762,33.8092306,POINT (-84.4259762 33.8092306)
2891,,-84.4251378,33.8081977,POINT (-84.4251378 33.8081977)
2892,,-84.370525,33.842091,POINT (-84.370525 33.842091)
2893,,-84.4081944,33.7725083,POINT (-84.4081944 33.7725083)
2894,,-84.397479,33.766196,POINT (-84.397479 33.766196)
2895,,-84.4048999,33.7705842,POINT (-84.4048999 33.7705842)
2896,,-84.473916,33.782147,POINT (-84.473916 33.782147)
2897,,-84.4748057,33.7789914,POINT (-84.4748057 33.7789914)
2898,,-84.5013616,33.7381172,POINT (-84.5013616 33.7381172)
2899,,-84.3295914,33.740322,POINT (-84.3295914 33.740322)
2900,,-84.364386,33.6680646,POINT (-84.364386 33.6680646)
2901,,-84.3892431,33.7469208,POINT (-84.3892431 33.7469208)
2902,,-84.3884124,33.7469118,POINT (-84.3884124 33.7469118)
2903,,-84.390663,33.749647,POINT (-84.390663 33.749647)
2904,,-84.3965186,33.7472285,POINT (-84.3965186 33.7472285)
2905,,-84.3945551,33.7502049,POINT (-84.3945551 33.7502049)
2906,,-84.393032,33.75094,POINT (-84.393032 33.75094)
2907,,-84.395169,33.750549,POINT (-84.395169 33.750549)
2908,,-84.3936945,33.7513056,POINT (-84.3936945 33.7513056)
2909,,-84.441596,33.838882,POINT (-84.441596 33.838882)
2910,,-84.3923463,33.799815,POINT (-84.3923463 33.799815)
2911,,-84.3927659,33.8014865,POINT (-84.3927659 33.8014865)
2912,,-84.4078513,33.7972849,POINT (-84.4078513 33.7972849)
2913,,-84.368507,33.782306,POINT (-84.368507 33.782306)
2914,,-84.3686753,33.7817715,POINT (-84.3686753 33.7817715)
2915,,-84.3257953,33.7279462,POINT (-84.3257953 33.7279462)
2916,,-84.349336,33.73008,POINT (-84.349336 33.73008)
2917,,-84.387927,33.732948,POINT (-84.387927 33.732948)
2918,,-84.38795,33.730397,POINT (-84.38795 33.730397)
2919,,-84.378512,33.730323,POINT (-84.378512 33.730323)
2920,,-84.432697,33.803654,POINT (-84.432697 33.803654)
2921,,-84.433859,33.805084,POINT (-84.433859 33.805084)
2922,,-84.432023,33.803136,POINT (-84.432023 33.803136)
2923,,-84.381787,33.822812,POINT (-84.381787 33.822812)
2924,,-84.3492241,33.7562293,POINT (-84.3492241 33.7562293)
2925,,-84.3494342,33.723809,POINT (-84.3494342 33.723809)
2926,,-84.380343,33.711933,POINT (-84.380343 33.711933)
2927,,-84.380115,33.711019,POINT (-84.380115 33.711019)
2928,,-84.379891,33.710124,POINT (-84.379891 33.710124)
2929,,-84.37986,33.709995,POINT (-84.37986 33.709995)
2930,,-84.391469,33.699717,POINT (-84.391469 33.699717)
2931,,-84.364396,33.808344,POINT (-84.364396 33.808344)
2932,,-84.363284,33.808826,POINT (-84.363284 33.808826)
2933,,-84.3653355,33.8079561,POINT (-84.3653355 33.8079561)
2934,,-84.4229706,33.8429076,POINT (-84.4229706 33.8429076)
2935,,-84.4008411,33.7370428,POINT (-84.4008411 33.7370428)
2936,,-84.4016578,33.7370588,POINT (-84.4016578 33.7370588)
2937,,-84.407972,33.728143,POINT (-84.407972 33.728143)
2938,,-84.40798,33.728401,POINT (-84.40798 33.728401)
2939,,-84.421367,33.803774,POINT (-84.421367 33.803774)
2940,,-84.407945,33.727163,POINT (-84.407945 33.727163)
2941,,-84.421732,33.804598,POINT (-84.421732 33.804598)
2942,,-84.422612,33.804773,POINT (-84.422612 33.804773)
2943,,-84.423239,33.804768,POINT (-84.423239 33.804768)
2944,,-84.424786,33.806312,POINT (-84.424786 33.806312)
2945,,-84.4250022,33.8076646,POINT (-84.4250022 33.8076646)
2946,,-84.4991384,33.7795122,POINT (-84.4991384 33.7795122)
2947,,-84.4777821,33.8105465,POINT (-84.4777821 33.8105465)
2948,,-84.4766402,33.8120082,POINT (-84.4766402 33.8120082)
2949,,-84.4684861,33.8137878,POINT (-84.4684861 33.8137878)
2950,,-84.4683526,33.8138715,POINT (-84.4683526 33.8138715)
2951,,-84.4546853,33.8212772,POINT (-84.4546853 33.8212772)
2952,,-84.4549183,33.8212688,POINT (-84.4549183 33.8212688)
2953,,-84.384092,33.780792,POINT (-84.384092 33.780792)
2954,,-84.3840244,33.7817186,POINT (-84.3840244 33.7817186)
2955,,-84.384212,33.779526,POINT (-84.384212 33.779526)
2956,,-84.407919,33.725927,POINT (-84.407919 33.725927)
2957,,-84.407914,33.725739,POINT (-84.407914 33.725739)
2958,,-84.4081197,33.697196,POINT (-84.4081197 33.697196)
2959,,-84.408095,33.698085,POINT (-84.408095 33.698085)
2960,,-84.3976115,33.6971245,POINT (-84.3976115 33.6971245)
2961,,-84.3644751,33.8020515,POINT (-84.3644751 33.8020515)
2962,,-84.36794,33.799189,POINT (-84.36794 33.799189)
2963,,-84.367669,33.800374,POINT (-84.367669 33.800374)
2964,,-84.368595,33.7976318,POINT (-84.368595 33.7976318)
2965,,-84.3615662,33.7988562,POINT (-84.3615662 33.7988562)
2966,,-84.36194,33.7992024,POINT (-84.36194 33.7992024)
2967,,-84.429871,33.801583,POINT (-84.429871 33.801583)
2968,,-84.427013,33.800778,POINT (-84.427013 33.800778)
2969,,-84.3746929,33.8212991,POINT (-84.3746929 33.8212991)
2970,,-84.425486,33.877304,POINT (-84.425486 33.877304)
2971,,-84.4267052,33.8734189,POINT (-84.4267052 33.8734189)
2972,,-84.367242,33.787124,POINT (-84.367242 33.787124)
2973,,-84.3920767,33.7564839,POINT (-84.3920767 33.7564839)
2974,,-84.3926744,33.7569874,POINT (-84.3926744 33.7569874)
2975,,-84.389,33.780569,POINT (-84.389 33.780569)
2976,,-84.388819,33.779562,POINT (-84.388819 33.779562)
2977,,-84.3905854,33.7805107,POINT (-84.3905854 33.7805107)
2978,,-84.390586,33.781528,POINT (-84.390586 33.781528)
2979,,-84.365836,33.809362,POINT (-84.365836 33.809362)
2980,,-84.3667342,33.811429,POINT (-84.3667342 33.811429)
2981,,-84.3658759,33.8083835,POINT (-84.3658759 33.8083835)
2982,,-84.3492505,33.7510753,POINT (-84.3492505 33.7510753)
2983,,-84.3492175,33.7501743,POINT (-84.3492175 33.7501743)
2984,,-84.3492216,33.749368,POINT (-84.3492216 33.749368)
2985,,-84.3492052,33.7482099,POINT (-84.3492052 33.7482099)
2986,,-84.3492029,33.7480951,POINT (-84.3492029 33.7480951)
2987,,-84.349223,33.7470654,POINT (-84.349223 33.7470654)
2988,,-84.3492371,33.7450024,POINT (-84.3492371 33.7450024)
2989,,-84.3503843,33.7453951,POINT (-84.3503843 33.7453951)
2990,,-84.3492413,33.7444151,POINT (-84.3492413 33.7444151)
2991,,-84.3492413,33.7443054,POINT (-84.3492413 33.7443054)
2992,,-84.3492413,33.7443659,POINT (-84.3492413 33.7443659)
2993,,-84.349227,33.741357,POINT (-84.349227 33.741357)
2994,,-84.3492502,33.7402262,POINT (-84.3492502 33.7402262)
2995,,-84.3492561,33.739117,POINT (-84.3492561 33.739117)
2996,,-84.3492633,33.7384361,POINT (-84.3492633 33.7384361)
2997,,-84.3492531,33.739398,POINT (-84.3492531 33.739398)
2998,,-84.349346,33.729085,POINT (-84.349346 33.729085)
2999,,-84.349453,33.721807,POINT (-84.349453 33.721807)
3000,,-84.3496462,33.6972037,POINT (-84.3496462 33.6972037)
3001,,-84.3495005,33.6901923,POINT (-84.3495005 33.6901923)
3002,,-84.3973944,33.7501929,POINT (-84.3973944 33.7501929)
3003,,-84.3970891,33.750597,POINT (-84.3970891 33.750597)
3004,,-84.3979168,33.7493647,POINT (-84.3979168 33.7493647)
3005,,-84.397944,33.7461963,POINT (-84.397944 33.7461963)
3006,,-84.3984173,33.7465255,POINT (-84.3984173 33.7465255)
3007,,-84.49316,33.696064,POINT (-84.49316 33.696064)
3008,,-84.493316,33.69655,POINT (-84.493316 33.69655)
3009,,-84.355312,33.705342,POINT (-84.355312 33.705342)
3010,,-84.3890107,33.7633334,POINT (-84.3890107 33.7633334)
3011,,-84.39054,33.7633412,POINT (-84.39054 33.7633412)
3012,,-84.3650029,33.6549822,POINT (-84.3650029 33.6549822)
3013,,-84.3671184,33.6532801,POINT (-84.3671184 33.6532801)
3014,,-84.4080077,33.7913291,POINT (-84.4080077 33.7913291)
3015,,-84.4080137,33.7912249,POINT (-84.4080137 33.7912249)
3016,,-84.3692544,33.6494679,POINT (-84.3692544 33.6494679)
3017,,-84.425215,33.85081,POINT (-84.425215 33.85081)
3018,,-84.4271942,33.8500331,POINT (-84.4271942 33.8500331)
3019,,-84.424301,33.851087,POINT (-84.424301 33.851087)
3020,,-84.3674752,33.653111,POINT (-84.3674752 33.653111)
3021,,-84.367869,33.759502,POINT (-84.367869 33.759502)
3022,,-84.367875,33.759284,POINT (-84.367875 33.759284)
3023,,-84.3675881,33.6533869,POINT (-84.3675881 33.6533869)
3024,,-84.365589,33.759454,POINT (-84.365589 33.759454)
3025,,-84.365607,33.758521,POINT (-84.365607 33.758521)
3026,,-84.367896,33.75857,POINT (-84.367896 33.75857)
3027,,-84.3879634,33.7572065,POINT (-84.3879634 33.7572065)
3028,,-84.3802477,33.7574074,POINT (-84.3802477 33.7574074)
3029,,-84.3801668,33.7574186,POINT (-84.3801668 33.7574186)
3030,,-84.384244,33.672855,POINT (-84.384244 33.672855)
3031,,-84.3864221,33.6727848,POINT (-84.3864221 33.6727848)
3032,,-84.354115,33.757447,POINT (-84.354115 33.757447)
3033,,-84.353658,33.756956,POINT (-84.353658 33.756956)
3034,,-84.3678427,33.6529354,POINT (-84.3678427 33.6529354)
3035,,-84.355508,33.756608,POINT (-84.355508 33.756608)
3036,,-84.3675944,33.653076,POINT (-84.3675944 33.653076)
3037,,-84.380448,33.74687,POINT (-84.380448 33.74687)
3038,,-84.3793235,33.744111,POINT (-84.3793235 33.744111)
3039,,-84.488288,33.760953,POINT (-84.488288 33.760953)
3040,,-84.4829717,33.759759,POINT (-84.4829717 33.759759)
3041,,-84.37847,33.732656,POINT (-84.37847 33.732656)
3042,,-84.378474,33.732328,POINT (-84.378474 33.732328)
3043,,-84.378659,33.722027,POINT (-84.378659 33.722027)
3044,,-84.3766264,33.7220023,POINT (-84.3766264 33.7220023)
3045,,-84.378721,33.720114,POINT (-84.378721 33.720114)
3046,,-84.4876788,33.7971577,POINT (-84.4876788 33.7971577)
3047,,-84.378756,33.719044,POINT (-84.378756 33.719044)
3048,,-84.351868,33.823371,POINT (-84.351868 33.823371)
3049,,-84.349231,33.824751,POINT (-84.349231 33.824751)
3050,,-84.3518215,33.8232186,POINT (-84.3518215 33.8232186)
3051,,-84.4903317,33.7903219,POINT (-84.4903317 33.7903219)
3052,,-84.4960318,33.782417,POINT (-84.4960318 33.782417)
3053,,-84.4947728,33.7681041,POINT (-84.4947728 33.7681041)
3054,,-84.5001628,33.6895939,POINT (-84.5001628 33.6895939)
3055,,-84.5007111,33.6901441,POINT (-84.5007111 33.6901441)
3056,,-84.5000651,33.6847514,POINT (-84.5000651 33.6847514)
3057,,-84.4928947,33.7648062,POINT (-84.4928947 33.7648062)
3058,,-84.4943395,33.7682549,POINT (-84.4943395 33.7682549)
3059,,-84.4955609,33.783143,POINT (-84.4955609 33.783143)
3060,,-84.4925184,33.7862513,POINT (-84.4925184 33.7862513)
3061,,-84.4905581,33.7896503,POINT (-84.4905581 33.7896503)
3062,,-84.4874999,33.7973485,POINT (-84.4874999 33.7973485)
3063,,-84.352157,33.824126,POINT (-84.352157 33.824126)
3064,,-84.4009093,33.7538864,POINT (-84.4009093 33.7538864)
3065,,-84.4002831,33.7540652,POINT (-84.4002831 33.7540652)
3066,,-84.3995582,33.753836,POINT (-84.3995582 33.753836)
3067,,-84.4014979,33.7538962,POINT (-84.4014979 33.7538962)
3068,,-84.3518667,33.8237069,POINT (-84.3518667 33.8237069)
3069,,-84.3656345,33.8078211,POINT (-84.3656345 33.8078211)
3070,,-84.3659683,33.8078619,POINT (-84.3659683 33.8078619)
3071,,-84.360475,33.809907,POINT (-84.360475 33.809907)
3072,,-84.360184,33.810015,POINT (-84.360184 33.810015)
3073,,-84.356454,33.811468,POINT (-84.356454 33.811468)
3074,,-84.35303,33.815022,POINT (-84.35303 33.815022)
3075,,-84.352228,33.816804,POINT (-84.352228 33.816804)
3076,,-84.351722,33.82286,POINT (-84.351722 33.82286)
3077,,-84.355242,33.786513,POINT (-84.355242 33.786513)
3078,,-84.3862628,33.7419378,POINT (-84.3862628 33.7419378)
3079,,-84.3877898,33.7418889,POINT (-84.3877898 33.7418889)
3080,,-84.38621,33.746924,POINT (-84.38621 33.746924)
3081,,-84.387708,33.7469,POINT (-84.387708 33.7469)
3082,,-84.385042,33.7468814,POINT (-84.385042 33.7468814)
3083,,-84.387477,33.87236,POINT (-84.387477 33.87236)
3084,,-84.387464,33.873225,POINT (-84.387464 33.873225)
3085,,-84.3874365,33.8759712,POINT (-84.3874365 33.8759712)
3086,,-84.3564828,33.7645998,POINT (-84.3564828 33.7645998)
3087,,-84.3540535,33.767926,POINT (-84.3540535 33.767926)
3088,,-84.423332,33.851218,POINT (-84.423332 33.851218)
3089,,-84.367214,33.79379,POINT (-84.367214 33.79379)
3090,,-84.36711,33.793098,POINT (-84.36711 33.793098)
3091,,-84.3585392,33.7672881,POINT (-84.3585392 33.7672881)
3092,,-84.367445,33.795249,POINT (-84.367445 33.795249)
3093,,-84.4068962,33.6972807,POINT (-84.4068962 33.6972807)
3094,,-84.409435,33.696619,POINT (-84.409435 33.696619)
3095,,-84.373675,33.7139926,POINT (-84.373675 33.7139926)
3096,,-84.4039366,33.6946134,POINT (-84.4039366 33.6946134)
3097,,-84.4036078,33.7004372,POINT (-84.4036078 33.7004372)
3098,,-84.403005,33.6933395,POINT (-84.403005 33.6933395)
3099,,-84.400432,33.69795,POINT (-84.400432 33.69795)
3100,,-84.427576,33.849886,POINT (-84.427576 33.849886)
3101,,-84.4297364,33.8491604,POINT (-84.4297364 33.8491604)
3102,,-84.4015217,33.6915285,POINT (-84.4015217 33.6915285)
3103,,-84.468736,33.769556,POINT (-84.468736 33.769556)
3104,,-84.469889,33.769496,POINT (-84.469889 33.769496)
3105,,-84.468193,33.769588,POINT (-84.468193 33.769588)
3106,,-84.3994002,33.6891923,POINT (-84.3994002 33.6891923)
3107,,-84.466902,33.769562,POINT (-84.466902 33.769562)
3108,,-84.3986487,33.6844139,POINT (-84.3986487 33.6844139)
3109,,-84.4045565,33.6952635,POINT (-84.4045565 33.6952635)
3110,,-84.329824,33.7398647,POINT (-84.329824 33.7398647)
3111,,-84.3928561,33.802421,POINT (-84.3928561 33.802421)
3112,,-84.4032569,33.7422785,POINT (-84.4032569 33.7422785)
3113,,-84.4031241,33.7420284,POINT (-84.4031241 33.7420284)
3114,,-84.367498,33.754287,POINT (-84.367498 33.754287)
3115,,-84.366172,33.752934,POINT (-84.366172 33.752934)
3116,,-84.3682475,33.8375638,POINT (-84.3682475 33.8375638)
3117,,-84.3689387,33.8389318,POINT (-84.3689387 33.8389318)
3118,,-84.382736,33.778427,POINT (-84.382736 33.778427)
3119,,-84.381086,33.779534,POINT (-84.381086 33.779534)
3120,,-84.3728097,33.7794959,POINT (-84.3728097 33.7794959)
3121,,-84.384908,33.781582,POINT (-84.384908 33.781582)
3122,,-84.3824946,33.7817559,POINT (-84.3824946 33.7817559)
3123,,-84.3837367,33.7881205,POINT (-84.3837367 33.7881205)
3124,,-84.38388,33.7884677,POINT (-84.38388 33.7884677)
3125,,-84.3876553,33.7945499,POINT (-84.3876553 33.7945499)
3126,,-84.3900451,33.7545015,POINT (-84.3900451 33.7545015)
3127,,-84.3896577,33.7545038,POINT (-84.3896577 33.7545038)
3128,,-84.3892838,33.7549732,POINT (-84.3892838 33.7549732)
3129,,-84.3887025,33.7558879,POINT (-84.3887025 33.7558879)
3130,,-84.3881192,33.7569312,POINT (-84.3881192 33.7569312)
3131,,-84.4068034,33.7755236,POINT (-84.4068034 33.7755236)
3132,,-84.4070075,33.7758835,POINT (-84.4070075 33.7758835)
3133,,-84.406219,33.77455,POINT (-84.406219 33.77455)
3134,,-84.4277851,33.8461273,POINT (-84.4277851 33.8461273)
3135,,-84.4281483,33.8463776,POINT (-84.4281483 33.8463776)
3136,,-84.4271442,33.8456778,POINT (-84.4271442 33.8456778)
3137,,-84.423744,33.8391274,POINT (-84.423744 33.8391274)
3138,,-84.475224,33.755848,POINT (-84.475224 33.755848)
3139,,-84.534226,33.694326,POINT (-84.534226 33.694326)
3140,,-84.515849,33.692002,POINT (-84.515849 33.692002)
3141,,-84.5185048,33.6934338,POINT (-84.5185048 33.6934338)
3142,,-84.489155,33.736535,POINT (-84.489155 33.736535)
3143,,-84.48897,33.735903,POINT (-84.48897 33.735903)
3144,,-84.489238,33.736818,POINT (-84.489238 33.736818)
3145,,-84.5148436,33.6914302,POINT (-84.5148436 33.6914302)
3146,,-84.404677,33.773634,POINT (-84.404677 33.773634)
3147,,-84.4059589,33.7742889,POINT (-84.4059589 33.7742889)
3148,,-84.4031805,33.7731248,POINT (-84.4031805 33.7731248)
3149,,-84.466353,33.789908,POINT (-84.466353 33.789908)
3150,,-84.4690836,33.792922,POINT (-84.4690836 33.792922)
3151,,-84.470095,33.789631,POINT (-84.470095 33.789631)
3152,,-84.470045,33.79008,POINT (-84.470045 33.79008)
3153,,-84.470185,33.789001,POINT (-84.470185 33.789001)
3154,,-84.380236,33.7571915,POINT (-84.380236 33.7571915)
3155,,-84.3799418,33.7574525,POINT (-84.3799418 33.7574525)
3156,,-84.350646,33.795637,POINT (-84.350646 33.795637)
3157,,-84.350992,33.794682,POINT (-84.350992 33.794682)
3158,,-84.3935555,33.8083633,POINT (-84.3935555 33.8083633)
3159,,-84.3930481,33.8095981,POINT (-84.3930481 33.8095981)
3160,,-84.3938958,33.8066996,POINT (-84.3938958 33.8066996)
3161,,-84.393193,33.699745,POINT (-84.393193 33.699745)
3162,,-84.394753,33.700431,POINT (-84.394753 33.700431)
3163,,-84.3925791,33.6995138,POINT (-84.3925791 33.6995138)
3164,,-84.3764105,33.7892125,POINT (-84.3764105 33.7892125)
3165,,-84.3762359,33.7893581,POINT (-84.3762359 33.7893581)
3166,,-84.3776205,33.7881375,POINT (-84.3776205 33.7881375)
3167,,-84.4069208,33.7374463,POINT (-84.4069208 33.7374463)
3168,,-84.40814,33.736923,POINT (-84.40814 33.736923)
3169,,-84.4081549,33.7378363,POINT (-84.4081549 33.7378363)
3170,,-84.4027866,33.756875,POINT (-84.4027866 33.756875)
3171,,-84.4923692,33.7863953,POINT (-84.4923692 33.7863953)
3172,,-84.4922779,33.7865037,POINT (-84.4922779 33.7865037)
3173,,-84.4922317,33.7863273,POINT (-84.4922317 33.7863273)
3174,,-84.4921794,33.7866474,POINT (-84.4921794 33.7866474)
3175,,-84.3582297,33.7440747,POINT (-84.3582297 33.7440747)
3176,,-84.358237,33.7453278,POINT (-84.358237 33.7453278)
3177,,-84.386234,33.842843,POINT (-84.386234 33.842843)
3178,,-84.3876195,33.8436918,POINT (-84.3876195 33.8436918)
3179,,-84.384613,33.841682,POINT (-84.384613 33.841682)
3180,,-84.3618813,33.7436979,POINT (-84.3618813 33.7436979)
3181,,-84.490884,33.734031,POINT (-84.490884 33.734031)
3182,,-84.492001,33.734604,POINT (-84.492001 33.734604)
3183,,-84.3966279,33.6530891,POINT (-84.3966279 33.6530891)
3184,,-84.3952552,33.6525059,POINT (-84.3952552 33.6525059)
3185,,-84.396946,33.65318,POINT (-84.396946 33.65318)
3186,,-84.397225,33.652753,POINT (-84.397225 33.652753)
3187,,-84.3976205,33.6528664,POINT (-84.3976205 33.6528664)
3188,,-84.3945176,33.6514825,POINT (-84.3945176 33.6514825)
3189,,-84.368923,33.757617,POINT (-84.368923 33.757617)
3190,,-84.511074,33.765838,POINT (-84.511074 33.765838)
3191,,-84.4294088,33.7907184,POINT (-84.4294088 33.7907184)
3192,,-84.4298621,33.7914607,POINT (-84.4298621 33.7914607)
3193,,-84.40888,33.763433,POINT (-84.40888 33.763433)
3194,,-84.466677,33.769538,POINT (-84.466677 33.769538)
3195,,-84.366967,33.791808,POINT (-84.366967 33.791808)
3196,,-84.501326,33.688234,POINT (-84.501326 33.688234)
3197,,-84.4052751,33.6965458,POINT (-84.4052751 33.6965458)
3198,,-84.4037127,33.6927943,POINT (-84.4037127 33.6927943)
3199,,-84.3525309,33.7690462,POINT (-84.3525309 33.7690462)
3200,,-84.3525348,33.7691461,POINT (-84.3525348 33.7691461)
3201,,-84.3547132,33.7687224,POINT (-84.3547132 33.7687224)
3202,,-84.3553685,33.7875827,POINT (-84.3553685 33.7875827)
3203,,-84.4051705,33.6972754,POINT (-84.4051705 33.6972754)
3204,,-84.351224,33.793974,POINT (-84.351224 33.793974)
3205,,-84.4045337,33.7012778,POINT (-84.4045337 33.7012778)
3206,,-84.478531,33.693577,POINT (-84.478531 33.693577)
3207,,-84.479312,33.693954,POINT (-84.479312 33.693954)
3208,,-84.476712,33.694424,POINT (-84.476712 33.694424)
3209,,-84.482972,33.695195,POINT (-84.482972 33.695195)
3210,,-84.481835,33.695178,POINT (-84.481835 33.695178)
3211,,-84.482958,33.696206,POINT (-84.482958 33.696206)
3212,,-84.453242,33.716011,POINT (-84.453242 33.716011)
3213,,-84.461198,33.77019,POINT (-84.461198 33.77019)
3214,,-84.459062,33.770291,POINT (-84.459062 33.770291)
3215,,-84.3728616,33.7785079,POINT (-84.3728616 33.7785079)
3216,,-84.3728165,33.7817889,POINT (-84.3728165 33.7817889)
3217,,-84.3331411,33.753388,POINT (-84.3331411 33.753388)
3218,,-84.3331688,33.7521053,POINT (-84.3331688 33.7521053)
3219,,-84.3595029,33.8535989,POINT (-84.3595029 33.8535989)
3220,,-84.3595596,33.8537246,POINT (-84.3595596 33.8537246)
3221,,-84.3581309,33.853914,POINT (-84.3581309 33.853914)
3222,,-84.3578537,33.8519098,POINT (-84.3578537 33.8519098)
3223,,-84.3579473,33.8519471,POINT (-84.3579473 33.8519471)
3224,,-84.39006,33.758829,POINT (-84.39006 33.758829)
3225,,-84.3894507,33.7592623,POINT (-84.3894507 33.7592623)
3226,,-84.3903729,33.7640278,POINT (-84.3903729 33.7640278)
3227,,-84.3903512,33.7646578,POINT (-84.3903512 33.7646578)
3228,,-84.4269614,33.8311205,POINT (-84.4269614 33.8311205)
3229,,-84.391609,33.7815362,POINT (-84.391609 33.7815362)
3230,,-84.3963866,33.7469574,POINT (-84.3963866 33.7469574)
3231,,-84.4267861,33.831325,POINT (-84.4267861 33.831325)
3232,,-84.4271966,33.8312681,POINT (-84.4271966 33.8312681)
3233,,-84.4363794,33.8626487,POINT (-84.4363794 33.8626487)
3234,,-84.4419444,33.8681634,POINT (-84.4419444 33.8681634)
3235,,-84.4365877,33.8624169,POINT (-84.4365877 33.8624169)
3236,,-84.421579,33.857198,POINT (-84.421579 33.857198)
3237,,-84.3317766,33.7533827,POINT (-84.3317766 33.7533827)
3238,,-84.4395268,33.8633786,POINT (-84.4395268 33.8633786)
3239,,-84.491096,33.742923,POINT (-84.491096 33.742923)
3240,,-84.4359874,33.8618921,POINT (-84.4359874 33.8618921)
3241,,-84.490831,33.744068,POINT (-84.490831 33.744068)
3242,,-84.489836,33.745348,POINT (-84.489836 33.745348)
3243,,-84.3877663,33.7952019,POINT (-84.3877663 33.7952019)
3244,,-84.3929017,33.8026516,POINT (-84.3929017 33.8026516)
3245,,-84.3936159,33.8047996,POINT (-84.3936159 33.8047996)
3246,,-84.3938854,33.8056332,POINT (-84.3938854 33.8056332)
3247,,-84.3884845,33.8196683,POINT (-84.3884845 33.8196683)
3248,,-84.3885728,33.819288,POINT (-84.3885728 33.819288)
3249,,-84.3894034,33.8286493,POINT (-84.3894034 33.8286493)
3250,,-84.3863605,33.8306155,POINT (-84.3863605 33.8306155)
3251,,-84.3854617,33.831505,POINT (-84.3854617 33.831505)
3252,,-84.3860363,33.8309269,POINT (-84.3860363 33.8309269)
3253,,-84.3765276,33.8406474,POINT (-84.3765276 33.8406474)
3254,,-84.3714228,33.8437974,POINT (-84.3714228 33.8437974)
3255,,-84.3716598,33.8442583,POINT (-84.3716598 33.8442583)
3256,,-84.3690556,33.8451771,POINT (-84.3690556 33.8451771)
3257,,-84.3696065,33.8448148,POINT (-84.3696065 33.8448148)
3258,,-84.3531333,33.8550618,POINT (-84.3531333 33.8550618)
3259,,-84.3891298,33.7972663,POINT (-84.3891298 33.7972663)
3260,,-84.3889993,33.7969564,POINT (-84.3889993 33.7969564)
3261,,-84.390518,33.798059,POINT (-84.390518 33.798059)
3262,,-84.3888078,33.7971622,POINT (-84.3888078 33.7971622)
3263,,-84.390318,33.816194,POINT (-84.390318 33.816194)
3264,,-84.3894383,33.8172676,POINT (-84.3894383 33.8172676)
3265,,-84.3918342,33.8147183,POINT (-84.3918342 33.8147183)
3266,,-84.3874612,33.8235836,POINT (-84.3874612 33.8235836)
3267,,-84.3814175,33.8370823,POINT (-84.3814175 33.8370823)
3268,,-84.3706288,33.8420534,POINT (-84.3706288 33.8420534)
3269,,-84.369959,33.8444602,POINT (-84.369959 33.8444602)
3270,,-84.3689171,33.8451116,POINT (-84.3689171 33.8451116)
3271,,-84.3682755,33.8462569,POINT (-84.3682755 33.8462569)
3272,,-84.3596149,33.8535281,POINT (-84.3596149 33.8535281)
3273,,-84.3595197,33.8532555,POINT (-84.3595197 33.8532555)
3274,,-84.500049,33.77861,POINT (-84.500049 33.77861)
3275,,-84.492414,33.734816,POINT (-84.492414 33.734816)
3276,,-84.3731754,33.8209687,POINT (-84.3731754 33.8209687)
3277,,-84.3714325,33.8209562,POINT (-84.3714325 33.8209562)
3278,,-84.3736591,33.8210878,POINT (-84.3736591 33.8210878)
3279,,-84.495612,33.775961,POINT (-84.495612 33.775961)
3280,,-84.411982,33.8402382,POINT (-84.411982 33.8402382)
3281,,-84.4159171,33.8400165,POINT (-84.4159171 33.8400165)
3282,,-84.444176,33.752473,POINT (-84.444176 33.752473)
3283,,-84.444208,33.755992,POINT (-84.444208 33.755992)
3284,,-84.4441438,33.7510499,POINT (-84.4441438 33.7510499)
3285,,-84.4441564,33.7497857,POINT (-84.4441564 33.7497857)
3286,,-84.4450054,33.7503712,POINT (-84.4450054 33.7503712)
3287,,-84.4423847,33.7479758,POINT (-84.4423847 33.7479758)
3288,,-84.39995,33.6811368,POINT (-84.39995 33.6811368)
3289,,-84.4003583,33.6811332,POINT (-84.4003583 33.6811332)
3290,,-84.469295,33.793431,POINT (-84.469295 33.793431)
3291,,-84.3996066,33.6811366,POINT (-84.3996066 33.6811366)
3292,,-84.470226,33.769489,POINT (-84.470226 33.769489)
3293,,-84.3982071,33.6770331,POINT (-84.3982071 33.6770331)
3294,,-84.489176,33.746912,POINT (-84.489176 33.746912)
3295,,-84.3989298,33.6814368,POINT (-84.3989298 33.6814368)
3296,,-84.486603,33.732042,POINT (-84.486603 33.732042)
3297,,-84.4878617,33.7250125,POINT (-84.4878617 33.7250125)
3298,,-84.487826,33.724818,POINT (-84.487826 33.724818)
3299,,-84.488026,33.722273,POINT (-84.488026 33.722273)
3300,,-84.3991346,33.6848212,POINT (-84.3991346 33.6848212)
3301,,-84.4004046,33.6815537,POINT (-84.4004046 33.6815537)
3302,,-84.3992069,33.6863703,POINT (-84.3992069 33.6863703)
3303,,-84.36522,33.74668,POINT (-84.36522 33.74668)
3304,,-84.365701,33.746686,POINT (-84.365701 33.746686)
3305,,-84.3487672,33.7442268,POINT (-84.3487672 33.7442268)
3306,,-84.4041084,33.6852977,POINT (-84.4041084 33.6852977)
3307,,-84.4031066,33.6919253,POINT (-84.4031066 33.6919253)
3308,,-84.367758,33.767096,POINT (-84.367758 33.767096)
3309,,-84.367755,33.767277,POINT (-84.367755 33.767277)
3310,,-84.367773,33.76607,POINT (-84.367773 33.76607)
3311,,-84.485577,33.731821,POINT (-84.485577 33.731821)
3312,,-84.481477,33.729574,POINT (-84.481477 33.729574)
3313,,-84.4285278,33.8466439,POINT (-84.4285278 33.8466439)
3314,,-84.4287254,33.8464527,POINT (-84.4287254 33.8464527)
3315,,-84.4284558,33.8465919,POINT (-84.4284558 33.8465919)
3316,,-84.4288411,33.8469152,POINT (-84.4288411 33.8469152)
3317,,-84.448542,33.817768,POINT (-84.448542 33.817768)
3318,,-84.3828798,33.8406455,POINT (-84.3828798 33.8406455)
3319,,-84.4307141,33.8485077,POINT (-84.4307141 33.8485077)
3320,,-84.4379465,33.8633529,POINT (-84.4379465 33.8633529)
3321,,-84.385383,33.751469,POINT (-84.385383 33.751469)
3322,,-84.3841565,33.7526352,POINT (-84.3841565 33.7526352)
3323,,-84.370185,33.751763,POINT (-84.370185 33.751763)
3324,,-84.370978,33.751516,POINT (-84.370978 33.751516)
3325,,-84.4984004,33.698304,POINT (-84.4984004 33.698304)
3326,,-84.417722,33.737053,POINT (-84.417722 33.737053)
3327,,-84.3939605,33.7249591,POINT (-84.3939605 33.7249591)
3328,,-84.3953036,33.7224646,POINT (-84.3953036 33.7224646)
3329,,-84.3976759,33.718485,POINT (-84.3976759 33.718485)
3330,,-84.3643987,33.8541735,POINT (-84.3643987 33.8541735)
3331,,-84.3653725,33.8527705,POINT (-84.3653725 33.8527705)
3332,,-84.3654607,33.852574,POINT (-84.3654607 33.852574)
3333,,-84.3653025,33.8525462,POINT (-84.3653025 33.8525462)
3334,,-84.391897,33.728003,POINT (-84.391897 33.728003)
3335,,-84.392089,33.727975,POINT (-84.392089 33.727975)
3336,,-84.453517,33.714782,POINT (-84.453517 33.714782)
3337,,-84.3793206,33.7428069,POINT (-84.3793206 33.7428069)
3338,,-84.4278225,33.7866218,POINT (-84.4278225 33.7866218)
3339,,-84.4282242,33.7885282,POINT (-84.4282242 33.7885282)
3340,,-84.4318456,33.7947229,POINT (-84.4318456 33.7947229)
3341,,-84.4362685,33.8024792,POINT (-84.4362685 33.8024792)
3342,,-84.4534662,33.8204906,POINT (-84.4534662 33.8204906)
3343,,-84.4531416,33.8203045,POINT (-84.4531416 33.8203045)
3344,,-84.4540317,33.8208958,POINT (-84.4540317 33.8208958)
3345,,-84.3759952,33.7432633,POINT (-84.3759952 33.7432633)
3346,,-84.3793283,33.7437698,POINT (-84.3793283 33.7437698)
3347,,-84.38154,33.7424998,POINT (-84.38154 33.7424998)
3348,,-84.3724234,33.7432496,POINT (-84.3724234 33.7432496)
3349,,-84.4183988,33.6980799,POINT (-84.4183988 33.6980799)
3350,,-84.4184169,33.6973371,POINT (-84.4184169 33.6973371)
3351,,-84.415136,33.697432,POINT (-84.415136 33.697432)
3352,,-84.418268,33.6981571,POINT (-84.418268 33.6981571)
3353,,-84.421226,33.697874,POINT (-84.421226 33.697874)
3354,,-84.412733,33.696865,POINT (-84.412733 33.696865)
3355,,-84.4993956,33.6901233,POINT (-84.4993956 33.6901233)
3356,,-84.4999593,33.6897616,POINT (-84.4999593 33.6897616)
3357,,-84.435073,33.740956,POINT (-84.435073 33.740956)
3358,,-84.496468,33.690067,POINT (-84.496468 33.690067)
3359,,-84.4999692,33.6906047,POINT (-84.4999692 33.6906047)
3360,,-84.493103,33.782203,POINT (-84.493103 33.782203)
3361,,-84.494964,33.779637,POINT (-84.494964 33.779637)
3362,,-84.4924511,33.6904171,POINT (-84.4924511 33.6904171)
3363,,-84.400437,33.845447,POINT (-84.400437 33.845447)
3364,,-84.4998898,33.686473,POINT (-84.4998898 33.686473)
3365,,-84.4300602,33.8490781,POINT (-84.4300602 33.8490781)
3366,,-84.4301126,33.8493402,POINT (-84.4301126 33.8493402)
3367,,-84.4314845,33.848693,POINT (-84.4314845 33.848693)
3368,,-84.3949074,33.6550404,POINT (-84.3949074 33.6550404)
3369,,-84.507079,33.77329,POINT (-84.507079 33.77329)
3370,,-84.3966014,33.7449152,POINT (-84.3966014 33.7449152)
3371,,-84.3877899,33.7463012,POINT (-84.3877899 33.7463012)
3372,,-84.42279,33.858706,POINT (-84.42279 33.858706)
3373,,-84.3923239,33.7428152,POINT (-84.3923239 33.7428152)
3374,,-84.427705,33.862753,POINT (-84.427705 33.862753)
3375,,-84.3920961,33.7399384,POINT (-84.3920961 33.7399384)
3376,,-84.3922381,33.7351404,POINT (-84.3922381 33.7351404)
3377,,-84.351225,33.823087,POINT (-84.351225 33.823087)
3378,,-84.391094,33.7420202,POINT (-84.391094 33.7420202)
3379,,-84.3876208,33.7435228,POINT (-84.3876208 33.7435228)
3380,,-84.3934238,33.745911,POINT (-84.3934238 33.745911)
3381,,-84.3834717,33.7432486,POINT (-84.3834717 33.7432486)
3382,,-84.535824,33.68529,POINT (-84.535824 33.68529)
3383,,-84.3929542,33.7467527,POINT (-84.3929542 33.7467527)
3384,,-84.431605,33.835294,POINT (-84.431605 33.835294)
3385,,-84.3922396,33.7419195,POINT (-84.3922396 33.7419195)
3386,,-84.3911571,33.7419175,POINT (-84.3911571 33.7419175)
3387,,-84.430964,33.834717,POINT (-84.430964 33.834717)
3388,,-84.4093045,33.7411902,POINT (-84.4093045 33.7411902)
3389,,-84.3919121,33.757523,POINT (-84.3919121 33.757523)
3390,,-84.49497,33.778673,POINT (-84.49497 33.778673)
3391,,-84.468563,33.756646,POINT (-84.468563 33.756646)
3392,,-84.4496787,33.7512882,POINT (-84.4496787 33.7512882)
3393,,-84.3586825,33.7436127,POINT (-84.3586825 33.7436127)
3394,,-84.3988083,33.7449607,POINT (-84.3988083 33.7449607)
3395,,-84.4033184,33.7429392,POINT (-84.4033184 33.7429392)
3396,,-84.442175,33.749266,POINT (-84.442175 33.749266)
3397,,-84.4438225,33.7507587,POINT (-84.4438225 33.7507587)
3398,,-84.4504784,33.751297,POINT (-84.4504784 33.751297)
3399,,-84.4670852,33.7557334,POINT (-84.4670852 33.7557334)
3400,,-84.3689325,33.8109056,POINT (-84.3689325 33.8109056)
3401,,-84.3688584,33.8109005,POINT (-84.3688584 33.8109005)
3402,,-84.394149,33.742594,POINT (-84.394149 33.742594)
3403,,-84.3925657,33.7426016,POINT (-84.3925657 33.7426016)
3404,,-84.3933701,33.7441448,POINT (-84.3933701 33.7441448)
3405,,-84.3691369,33.8109102,POINT (-84.3691369 33.8109102)
3406,,-84.3489678,33.770025,POINT (-84.3489678 33.770025)
3407,,-84.3490942,33.7700268,POINT (-84.3490942 33.7700268)
3408,,-84.387909,33.734188,POINT (-84.387909 33.734188)
3409,,-84.368918,33.8110952,POINT (-84.368918 33.8110952)
3410,,-84.401634,33.724205,POINT (-84.401634 33.724205)
3411,,-84.3666655,33.8128732,POINT (-84.3666655 33.8128732)
3412,,-84.425681,33.8326318,POINT (-84.425681 33.8326318)
3413,,-84.4258268,33.8324658,POINT (-84.4258268 33.8324658)
3414,,-84.4259125,33.8327718,POINT (-84.4259125 33.8327718)
3415,,-84.4256471,33.8303171,POINT (-84.4256471 33.8303171)
3416,,-84.427923,33.8350979,POINT (-84.427923 33.8350979)
3417,,-84.409836,33.742623,POINT (-84.409836 33.742623)
3418,,-84.4390956,33.8651703,POINT (-84.4390956 33.8651703)
3419,,-84.378456,33.8228178,POINT (-84.378456 33.8228178)
3420,,-84.387924,33.733163,POINT (-84.387924 33.733163)
3421,,-84.4392293,33.8656707,POINT (-84.4392293 33.8656707)
3422,,-84.4394577,33.8653061,POINT (-84.4394577 33.8653061)
3423,,-84.452104,33.7006147,POINT (-84.452104 33.7006147)
3424,,-84.439705,33.8648131,POINT (-84.439705 33.8648131)
3425,,-84.408007,33.729345,POINT (-84.408007 33.729345)
3426,,-84.536474,33.684405,POINT (-84.536474 33.684405)
3427,,-84.537229,33.682254,POINT (-84.537229 33.682254)
3428,,-84.417552,33.74719,POINT (-84.417552 33.74719)
3429,,-84.470543,33.804937,POINT (-84.470543 33.804937)
3430,,-84.473693,33.803343,POINT (-84.473693 33.803343)
3431,,-84.4753641,33.7990653,POINT (-84.4753641 33.7990653)
3432,,-84.470426,33.787985,POINT (-84.470426 33.787985)
3433,,-84.4693806,33.7929667,POINT (-84.4693806 33.7929667)
3434,,-84.4744454,33.7779174,POINT (-84.4744454 33.7779174)
3435,,-84.474226,33.7780891,POINT (-84.474226 33.7780891)
3436,,-84.4176277,33.7406673,POINT (-84.4176277 33.7406673)
3437,,-84.4176082,33.7411374,POINT (-84.4176082 33.7411374)
3438,,-84.417725,33.737991,POINT (-84.417725 33.737991)
3439,,-84.4177139,33.7403813,POINT (-84.4177139 33.7403813)
3440,,-84.416373,33.738169,POINT (-84.416373 33.738169)
3441,,-84.4056024,33.8018674,POINT (-84.4056024 33.8018674)
3442,,-84.4177531,33.7306806,POINT (-84.4177531 33.7306806)
3443,,-84.417535,33.752205,POINT (-84.417535 33.752205)
3444,,-84.3663959,33.6512323,POINT (-84.3663959 33.6512323)
3445,,-84.3645125,33.6552919,POINT (-84.3645125 33.6552919)
3446,,-84.417533,33.75178,POINT (-84.417533 33.75178)
3447,,-84.417532,33.751093,POINT (-84.417532 33.751093)
3448,,-84.417531,33.750761,POINT (-84.417531 33.750761)
3449,,-84.3666168,33.6510729,POINT (-84.3666168 33.6510729)
3450,,-84.41753,33.750404,POINT (-84.41753 33.750404)
3451,,-84.417529,33.749915,POINT (-84.417529 33.749915)
3452,,-84.4194632,33.7468163,POINT (-84.4194632 33.7468163)
3453,,-84.387667,33.7483444,POINT (-84.387667 33.7483444)
3454,,-84.3874313,33.7490393,POINT (-84.3874313 33.7490393)
3455,,-84.3877108,33.7472898,POINT (-84.3877108 33.7472898)
3456,,-84.3881442,33.7469073,POINT (-84.3881442 33.7469073)
3457,,-84.3667324,33.6510295,POINT (-84.3667324 33.6510295)
3458,,-84.366612,33.6507518,POINT (-84.366612 33.6507518)
3459,,-84.3877274,33.7461377,POINT (-84.3877274 33.7461377)
3460,,-84.3877754,33.7431168,POINT (-84.3877754 33.7431168)
3461,,-84.3910864,33.7383939,POINT (-84.3910864 33.7383939)
3462,,-84.3807028,33.7432444,POINT (-84.3807028 33.7432444)
3463,,-84.3877455,33.7450365,POINT (-84.3877455 33.7450365)
3464,,-84.3878326,33.7379333,POINT (-84.3878326 33.7379333)
3465,,-84.3670211,33.6509092,POINT (-84.3670211 33.6509092)
3466,,-84.3574,33.756165,POINT (-84.3574 33.756165)
3467,,-84.35907,33.755775,POINT (-84.35907 33.755775)
3468,,-84.3691324,33.6492908,POINT (-84.3691324 33.6492908)
3469,,-84.3681016,33.8312447,POINT (-84.3681016 33.8312447)
3470,,-84.3907113,33.7981942,POINT (-84.3907113 33.7981942)
3471,,-84.3885238,33.7583644,POINT (-84.3885238 33.7583644)
3472,,-84.348742,33.7467713,POINT (-84.348742 33.7467713)
3473,,-84.3921736,33.7564127,POINT (-84.3921736 33.7564127)
3474,,-84.401552,33.772269,POINT (-84.401552 33.772269)
3475,,-84.407761,33.763433,POINT (-84.407761 33.763433)
3476,,-84.4296801,33.8439766,POINT (-84.4296801 33.8439766)
3477,,-84.3999653,33.7370161,POINT (-84.3999653 33.7370161)
3478,,-84.433951,33.73951,POINT (-84.433951 33.73951)
3479,,-84.433885,33.73931,POINT (-84.433885 33.73931)
3480,,-84.434025,33.73976,POINT (-84.434025 33.73976)
3481,,-84.4280957,33.8347058,POINT (-84.4280957 33.8347058)
3482,,-84.4272794,33.8312482,POINT (-84.4272794 33.8312482)
3483,,-84.4258377,33.8300309,POINT (-84.4258377 33.8300309)
3484,,-84.406358,33.763432,POINT (-84.406358 33.763432)
3485,,-84.4334753,33.8586567,POINT (-84.4334753 33.8586567)
3486,,-84.4313586,33.8552512,POINT (-84.4313586 33.8552512)
3487,,-84.389094,33.794786,POINT (-84.389094 33.794786)
3488,,-84.390661,33.828652,POINT (-84.390661 33.828652)
3489,,-84.4098572,33.8038757,POINT (-84.4098572 33.8038757)
3490,,-84.412844,33.8054183,POINT (-84.412844 33.8054183)
3491,,-84.4118968,33.804703,POINT (-84.4118968 33.804703)
3492,,-84.4131621,33.8056016,POINT (-84.4131621 33.8056016)
3493,,-84.4134566,33.8048721,POINT (-84.4134566 33.8048721)
3494,,-84.4133994,33.8057562,POINT (-84.4133994 33.8057562)
3495,,-84.493608,33.683353,POINT (-84.493608 33.683353)
3496,,-84.4926806,33.684551,POINT (-84.4926806 33.684551)
3497,,-84.4937917,33.6825596,POINT (-84.4937917 33.6825596)
3498,,-84.430894,33.834645,POINT (-84.430894 33.834645)
3499,,-84.4092347,33.8036398,POINT (-84.4092347 33.8036398)
3500,,-84.4074242,33.8036388,POINT (-84.4074242 33.8036388)
3501,,-84.426709,33.870774,POINT (-84.426709 33.870774)
3502,,-84.426714,33.87013,POINT (-84.426714 33.87013)
3503,,-84.407747,33.8032435,POINT (-84.407747 33.8032435)
3504,,-84.3831729,33.753591,POINT (-84.3831729 33.753591)
3505,,-84.3822992,33.7544623,POINT (-84.3822992 33.7544623)
3506,,-84.3833988,33.7533767,POINT (-84.3833988 33.7533767)
3507,,-84.407815,33.8036369,POINT (-84.407815 33.8036369)
3508,,-84.3782356,33.7556541,POINT (-84.3782356 33.7556541)
3509,,-84.3780768,33.7583286,POINT (-84.3780768 33.7583286)
3510,,-84.382634,33.779523,POINT (-84.382634 33.779523)
3511,,-84.3804622,33.7817938,POINT (-84.3804622 33.7817938)
3512,,-84.3825657,33.7806713,POINT (-84.3825657 33.7806713)
3513,,-84.3820392,33.7544244,POINT (-84.3820392 33.7544244)
3514,,-84.3818225,33.754422,POINT (-84.3818225 33.754422)
3515,,-84.361398,33.75524,POINT (-84.361398 33.75524)
3516,,-84.360599,33.7554275,POINT (-84.360599 33.7554275)
3517,,-84.359834,33.7556044,POINT (-84.359834 33.7556044)
3518,,-84.3597738,33.7556194,POINT (-84.3597738 33.7556194)
3519,,-84.3598959,33.7556194,POINT (-84.3598959 33.7556194)
3520,,-84.380191,33.7825982,POINT (-84.380191 33.7825982)
3521,,-84.3716312,33.8005321,POINT (-84.3716312 33.8005321)
3522,,-84.3659492,33.8079362,POINT (-84.3659492 33.8079362)
3523,,-84.4287525,33.8463249,POINT (-84.4287525 33.8463249)
3524,,-84.3673302,33.827944,POINT (-84.3673302 33.827944)
3525,,-84.3603737,33.8306827,POINT (-84.3603737 33.8306827)
3526,,-84.3606326,33.8257731,POINT (-84.3606326 33.8257731)
3527,,-84.3604315,33.8276357,POINT (-84.3604315 33.8276357)
3528,,-84.3675075,33.8478143,POINT (-84.3675075 33.8478143)
3529,,-84.3692129,33.8513362,POINT (-84.3692129 33.8513362)
3530,,-84.3693874,33.8571456,POINT (-84.3693874 33.8571456)
3531,,-84.3597848,33.8322231,POINT (-84.3597848 33.8322231)
3532,,-84.4059,33.703406,POINT (-84.4059 33.703406)
3533,,-84.420894,33.747728,POINT (-84.420894 33.747728)
3534,,-84.4420108,33.7478001,POINT (-84.4420108 33.7478001)
3535,,-84.4421114,33.7477044,POINT (-84.4421114 33.7477044)
3536,,-84.402792,33.756331,POINT (-84.402792 33.756331)
3537,,-84.4016729,33.7635763,POINT (-84.4016729 33.7635763)
3538,,-84.403671,33.763431,POINT (-84.403671 33.763431)
3539,,-84.4043596,33.7699949,POINT (-84.4043596 33.7699949)
3540,,-84.4046905,33.7699215,POINT (-84.4046905 33.7699215)
3541,,-84.4046204,33.7700003,POINT (-84.4046204 33.7700003)
3542,,-84.4084329,33.7743869,POINT (-84.4084329 33.7743869)
3543,,-84.4089726,33.7735638,POINT (-84.4089726 33.7735638)
3544,,-84.4074305,33.7815552,POINT (-84.4074305 33.7815552)
3545,,-84.4075701,33.779642,POINT (-84.4075701 33.779642)
3546,,-84.4075356,33.7830202,POINT (-84.4075356 33.7830202)
3547,,-84.4078161,33.8039693,POINT (-84.4078161 33.8039693)
3548,,-84.4077971,33.8102092,POINT (-84.4077971 33.8102092)
3549,,-84.4075815,33.8241585,POINT (-84.4075815 33.8241585)
3550,,-84.4075805,33.8244454,POINT (-84.4075805 33.8244454)
3551,,-84.360025,33.650137,POINT (-84.360025 33.650137)
3552,,-84.4075821,33.8239012,POINT (-84.4075821 33.8239012)
3553,,-84.4075352,33.8261073,POINT (-84.4075352 33.8261073)
3554,,-84.403277,33.828699,POINT (-84.403277 33.828699)
3555,,-84.4083104,33.8386884,POINT (-84.4083104 33.8386884)
3556,,-84.4082711,33.8386483,POINT (-84.4082711 33.8386483)
3557,,-84.4086699,33.8390461,POINT (-84.4086699 33.8390461)
3558,,-84.424368,33.8438481,POINT (-84.424368 33.8438481)
3559,,-84.4309043,33.8529923,POINT (-84.4309043 33.8529923)
3560,,-84.4308031,33.8525506,POINT (-84.4308031 33.8525506)
3561,,-84.44694,33.8640479,POINT (-84.44694 33.8640479)
3562,,-84.4492769,33.8643015,POINT (-84.4492769 33.8643015)
3563,,-84.4444426,33.8638316,POINT (-84.4444426 33.8638316)
3564,,-84.4501941,33.8645362,POINT (-84.4501941 33.8645362)
3565,,-84.4512371,33.865024,POINT (-84.4512371 33.865024)
3566,,-84.3685769,33.8213305,POINT (-84.3685769 33.8213305)
3567,,-84.3688225,33.8208491,POINT (-84.3688225 33.8208491)
3568,,-84.4493145,33.8643077,POINT (-84.4493145 33.8643077)
3569,,-84.4520906,33.8657153,POINT (-84.4520906 33.8657153)
3570,,-84.451641,33.8652882,POINT (-84.451641 33.8652882)
3571,,-84.44185,33.770609,POINT (-84.44185 33.770609)
3572,,-84.369346,33.8209149,POINT (-84.369346 33.8209149)
3573,,-84.366776,33.820646,POINT (-84.366776 33.820646)
3574,,-84.3660898,33.8206094,POINT (-84.3660898 33.8206094)
3575,,-84.405202,33.763432,POINT (-84.405202 33.763432)
3576,,-84.3665961,33.8213035,POINT (-84.3665961 33.8213035)
3577,,-84.415637,33.76346,POINT (-84.415637 33.76346)
3578,,-84.3889951,33.7640009,POINT (-84.3889951 33.7640009)
3579,,-84.407989,33.684597,POINT (-84.407989 33.684597)
3580,,-84.429369,33.738818,POINT (-84.429369 33.738818)
3581,,-84.349205,33.7574606,POINT (-84.349205 33.7574606)
3582,,-84.3492088,33.7569394,POINT (-84.3492088 33.7569394)
3583,,-84.472921,33.755814,POINT (-84.472921 33.755814)
3584,,-84.470939,33.755795,POINT (-84.470939 33.755795)
3585,,-84.3944783,33.7445738,POINT (-84.3944783 33.7445738)
3586,,-84.3979882,33.7458298,POINT (-84.3979882 33.7458298)
3587,,-84.3983003,33.7456523,POINT (-84.3983003 33.7456523)
3588,,-84.40849,33.675738,POINT (-84.40849 33.675738)
3589,,-84.3981822,33.7444504,POINT (-84.3981822 33.7444504)
3590,,-84.498274,33.6911,POINT (-84.498274 33.6911)
3591,,-84.4997739,33.695742,POINT (-84.4997739 33.695742)
3592,,-84.4958236,33.6902383,POINT (-84.4958236 33.6902383)
3593,,-84.3960737,33.7815043,POINT (-84.3960737 33.7815043)
3594,,-84.3977256,33.7815063,POINT (-84.3977256 33.7815063)
3595,,-84.3935719,33.7815092,POINT (-84.3935719 33.7815092)
3596,,-84.4993696,33.6903015,POINT (-84.4993696 33.6903015)
3597,,-84.3874526,33.744082,POINT (-84.3874526 33.744082)
3598,,-84.3975262,33.7459364,POINT (-84.3975262 33.7459364)
3599,,-84.396675,33.745344,POINT (-84.396675 33.745344)
3600,,-84.384559,33.754208,POINT (-84.384559 33.754208)
3601,,-84.3853205,33.753486,POINT (-84.3853205 33.753486)
3602,,-84.493859,33.698251,POINT (-84.493859 33.698251)
3603,,-84.3774314,33.7606441,POINT (-84.3774314 33.7606441)
3604,,-84.4286495,33.8644946,POINT (-84.4286495 33.8644946)
3605,,-84.3789284,33.7603232,POINT (-84.3789284 33.7603232)
3606,,-84.37863,33.7599009,POINT (-84.37863 33.7599009)
3607,,-84.379249,33.7601934,POINT (-84.379249 33.7601934)
3608,,-84.393372,33.744421,POINT (-84.393372 33.744421)
3609,,-84.3930895,33.7442534,POINT (-84.3930895 33.7442534)
3610,,-84.397363,33.877156,POINT (-84.397363 33.877156)
3611,,-84.3788856,33.7538341,POINT (-84.3788856 33.7538341)
3612,,-84.3812363,33.7509238,POINT (-84.3812363 33.7509238)
3613,,-84.476311,33.694516,POINT (-84.476311 33.694516)
3614,,-84.4078779,33.8028577,POINT (-84.4078779 33.8028577)
3615,,-84.4078795,33.8022494,POINT (-84.4078795 33.8022494)
3616,,-84.3490197,33.7689917,POINT (-84.3490197 33.7689917)
3617,,-84.3490163,33.7692862,POINT (-84.3490163 33.7692862)
3618,,-84.4076759,33.8024461,POINT (-84.4076759 33.8024461)
3619,,-84.3489716,33.7699386,POINT (-84.3489716 33.7699386)
3620,,-84.3489896,33.7724433,POINT (-84.3489896 33.7724433)
3621,,-84.4078825,33.8013563,POINT (-84.4078825 33.8013563)
3622,,-84.389295,33.769694,POINT (-84.389295 33.769694)
3623,,-84.3888898,33.7692417,POINT (-84.3888898 33.7692417)
3624,,-84.3888715,33.7699284,POINT (-84.3888715 33.7699284)
3625,,-84.3892061,33.7917686,POINT (-84.3892061 33.7917686)
3626,,-84.3906025,33.7919088,POINT (-84.3906025 33.7919088)
3627,,-84.389064,33.79566,POINT (-84.389064 33.79566)
3628,,-84.4078294,33.8010465,POINT (-84.4078294 33.8010465)
3629,,-84.4078346,33.8004617,POINT (-84.4078346 33.8004617)
3630,,-84.4077442,33.8013583,POINT (-84.4077442 33.8013583)
3631,,-84.4071456,33.7815546,POINT (-84.4071456 33.7815546)
3632,,-84.3786086,33.7562304,POINT (-84.3786086 33.7562304)
3633,,-84.3785996,33.7556604,POINT (-84.3785996 33.7556604)
3634,,-84.3821115,33.7618221,POINT (-84.3821115 33.7618221)
3635,,-84.3783507,33.7593685,POINT (-84.3783507 33.7593685)
3636,,-84.3785247,33.7597271,POINT (-84.3785247 33.7597271)
3637,,-84.3769798,33.7598792,POINT (-84.3769798 33.7598792)
3638,,-84.382188,33.759658,POINT (-84.382188 33.759658)
3639,,-84.3807131,33.7609211,POINT (-84.3807131 33.7609211)
3640,,-84.3802195,33.7580551,POINT (-84.3802195 33.7580551)
3641,,-84.3920971,33.6993323,POINT (-84.3920971 33.6993323)
3642,,-84.3906892,33.6984198,POINT (-84.3906892 33.6984198)
3643,,-84.3924653,33.6990528,POINT (-84.3924653 33.6990528)
3644,,-84.4021638,33.739537,POINT (-84.4021638 33.739537)
3645,,-84.4425849,33.8686113,POINT (-84.4425849 33.8686113)
3646,,-84.4402543,33.8650159,POINT (-84.4402543 33.8650159)
3647,,-84.4948149,33.698261,POINT (-84.4948149 33.698261)
3648,,-84.4362772,33.8610032,POINT (-84.4362772 33.8610032)
3649,,-84.4398765,33.8645156,POINT (-84.4398765 33.8645156)
3650,,-84.4400465,33.8634273,POINT (-84.4400465 33.8634273)
3651,,-84.4461202,33.7510769,POINT (-84.4461202 33.7510769)
3652,,-84.4460795,33.7518345,POINT (-84.4460795 33.7518345)
3653,,-84.4461106,33.7506579,POINT (-84.4461106 33.7506579)
3654,,-84.4047538,33.7366253,POINT (-84.4047538 33.7366253)
3655,,-84.411778,33.876613,POINT (-84.411778 33.876613)
3656,,-84.412272,33.87733,POINT (-84.412272 33.87733)
3657,,-84.401633,33.738137,POINT (-84.401633 33.738137)
3658,,-84.458926,33.783047,POINT (-84.458926 33.783047)
3659,,-84.460586,33.7844228,POINT (-84.460586 33.7844228)
3660,,-84.410596,33.875647,POINT (-84.410596 33.875647)
3661,,-84.408052,33.7045744,POINT (-84.408052 33.7045744)
3662,,-84.412836,33.876747,POINT (-84.412836 33.876747)
3663,,-84.4141198,33.875084,POINT (-84.4141198 33.875084)
3664,,-84.534328,33.691954,POINT (-84.534328 33.691954)
3665,,-84.3677132,33.8235781,POINT (-84.3677132 33.8235781)
3666,,-84.3673469,33.8233759,POINT (-84.3673469 33.8233759)
3667,,-84.3934791,33.7368728,POINT (-84.3934791 33.7368728)
3668,,-84.3934748,33.738058,POINT (-84.3934748 33.738058)
3669,,-84.4342155,33.7395069,POINT (-84.4342155 33.7395069)
3670,,-84.3656198,33.7578272,POINT (-84.3656198 33.7578272)
3671,,-84.4099199,33.6836109,POINT (-84.4099199 33.6836109)
3672,,-84.3899,33.795536,POINT (-84.3899 33.795536)
3673,,-84.389078,33.79524,POINT (-84.389078 33.79524)
3674,,-84.3667219,33.7575868,POINT (-84.3667219 33.7575868)
3675,,-84.464608,33.805782,POINT (-84.464608 33.805782)
3676,,-84.4667801,33.8049774,POINT (-84.4667801 33.8049774)
3677,,-84.463901,33.805903,POINT (-84.463901 33.805903)
3678,,-84.375389,33.721986,POINT (-84.375389 33.721986)
3679,,-84.4073103,33.8240634,POINT (-84.4073103 33.8240634)
3680,,-84.3621092,33.8504861,POINT (-84.3621092 33.8504861)
3681,,-84.3663888,33.8486987,POINT (-84.3663888 33.8486987)
3682,,-84.451445,33.700378,POINT (-84.451445 33.700378)
3683,,-84.4512583,33.699944,POINT (-84.4512583 33.699944)
3684,,-84.37037,33.81066,POINT (-84.37037 33.81066)
3685,,-84.3712137,33.8106569,POINT (-84.3712137 33.8106569)
3686,,-84.348915,33.7981318,POINT (-84.348915 33.7981318)
3687,,-84.3481,33.7986693,POINT (-84.3481 33.7986693)
3688,,-84.392399,33.747445,POINT (-84.392399 33.747445)
3689,,-84.392244,33.746935,POINT (-84.392244 33.746935)
3690,,-84.393538,33.733312,POINT (-84.393538 33.733312)
3691,,-84.3714143,33.810772,POINT (-84.3714143 33.810772)
3692,,-84.4270258,33.7014261,POINT (-84.4270258 33.7014261)
3693,,-84.4108043,33.6966721,POINT (-84.4108043 33.6966721)
3694,,-84.4768117,33.8129937,POINT (-84.4768117 33.8129937)
3695,,-84.5362535,33.7078895,POINT (-84.5362535 33.7078895)
3696,,-84.349466,33.71942,POINT (-84.349466 33.71942)
3697,,-84.349476,33.71835,POINT (-84.349476 33.71835)
3698,,-84.4152348,33.7413707,POINT (-84.4152348 33.7413707)
3699,,-84.4120549,33.7412114,POINT (-84.4120549 33.7412114)
3700,,-84.4027674,33.789708,POINT (-84.4027674 33.789708)
3701,,-84.4055668,33.7917057,POINT (-84.4055668 33.7917057)
3702,,-84.4177601,33.7411409,POINT (-84.4177601 33.7411409)
3703,,-84.397503,33.7912924,POINT (-84.397503 33.7912924)
3704,,-84.3987559,33.7913016,POINT (-84.3987559 33.7913016)
3705,,-84.4072475,33.7915633,POINT (-84.4072475 33.7915633)
3706,,-84.4078515,33.7916892,POINT (-84.4078515 33.7916892)
3707,,-84.4078587,33.7913729,POINT (-84.4078587 33.7913729)
3708,,-84.4006377,33.7900765,POINT (-84.4006377 33.7900765)
3709,,-84.3987526,33.7911626,POINT (-84.3987526 33.7911626)
3710,,-84.4012393,33.7907824,POINT (-84.4012393 33.7907824)
3711,,-84.3987544,33.7900254,POINT (-84.3987544 33.7900254)
3712,,-84.3987564,33.7896626,POINT (-84.3987564 33.7896626)
3713,,-84.3961576,33.7912938,POINT (-84.3961576 33.7912938)
3714,,-84.3962955,33.7912936,POINT (-84.3962955 33.7912936)
3715,,-84.392798,33.7290463,POINT (-84.392798 33.7290463)
3716,,-84.3919321,33.7330219,POINT (-84.3919321 33.7330219)
3717,,-84.3927675,33.7911222,POINT (-84.3927675 33.7911222)
3718,,-84.3915243,33.7885953,POINT (-84.3915243 33.7885953)
3719,,-84.393234,33.7900863,POINT (-84.393234 33.7900863)
3720,,-84.393705,33.7941826,POINT (-84.393705 33.7941826)
3721,,-84.3921906,33.7905574,POINT (-84.3921906 33.7905574)
3722,,-84.3927397,33.7913627,POINT (-84.3927397 33.7913627)
3723,,-84.3916823,33.7828556,POINT (-84.3916823 33.7828556)
3724,,-84.3926885,33.7912683,POINT (-84.3926885 33.7912683)
3725,,-84.3942792,33.7912433,POINT (-84.3942792 33.7912433)
3726,,-84.5207577,33.6565822,POINT (-84.5207577 33.6565822)
3727,,-84.5207037,33.6567048,POINT (-84.5207037 33.6567048)
3728,,-84.5210469,33.656379,POINT (-84.5210469 33.656379)
3729,,-84.3881198,33.7462683,POINT (-84.3881198 33.7462683)
3730,,-84.3743991,33.7602577,POINT (-84.3743991 33.7602577)
3731,,-84.3847974,33.8030387,POINT (-84.3847974 33.8030387)
3732,,-84.3896084,33.7993701,POINT (-84.3896084 33.7993701)
3733,,-84.3791361,33.8065622,POINT (-84.3791361 33.8065622)
3734,,-84.3758069,33.8091619,POINT (-84.3758069 33.8091619)
3735,,-84.3691061,33.8118806,POINT (-84.3691061 33.8118806)
3736,,-84.3716218,33.8113406,POINT (-84.3716218 33.8113406)
3737,,-84.3677585,33.8125077,POINT (-84.3677585 33.8125077)
3738,,-84.3909379,33.7304308,POINT (-84.3909379 33.7304308)
3739,,-84.3867731,33.801309,POINT (-84.3867731 33.801309)
3740,,-84.3726055,33.8106243,POINT (-84.3726055 33.8106243)
3741,,-84.3704519,33.8112453,POINT (-84.3704519 33.8112453)
3742,,-84.3682553,33.8121349,POINT (-84.3682553 33.8121349)
3743,,-84.3662622,33.8132217,POINT (-84.3662622 33.8132217)
3744,,-84.3591483,33.8208817,POINT (-84.3591483 33.8208817)
3745,,-84.3934372,33.7403707,POINT (-84.3934372 33.7403707)
3746,,-84.392404,33.7397967,POINT (-84.392404 33.7397967)
3747,,-84.3926505,33.7371829,POINT (-84.3926505 33.7371829)
3748,,-84.3492607,33.8480655,POINT (-84.3492607 33.8480655)
3749,,-84.3487043,33.7754015,POINT (-84.3487043 33.7754015)
3750,,-84.347981,33.776301,POINT (-84.347981 33.776301)
3751,,-84.3913929,33.7359358,POINT (-84.3913929 33.7359358)
3752,,-84.348957,33.774449,POINT (-84.348957 33.774449)
3753,,-84.3869429,33.7491063,POINT (-84.3869429 33.7491063)
3754,,-84.387283,33.7493633,POINT (-84.387283 33.7493633)
3755,,-84.3490956,33.7699393,POINT (-84.3490956 33.7699393)
3756,,-84.3703165,33.8524739,POINT (-84.3703165 33.8524739)
3757,,-84.3705487,33.8517998,POINT (-84.3705487 33.8517998)
3758,,-84.3698867,33.8519677,POINT (-84.3698867 33.8519677)
3759,,-84.3700662,33.8512673,POINT (-84.3700662 33.8512673)
3760,,-84.3679458,33.8477922,POINT (-84.3679458 33.8477922)
3761,,-84.3495112,33.692198,POINT (-84.3495112 33.692198)
3762,,-84.3687445,33.8206419,POINT (-84.3687445 33.8206419)
3763,,-84.3682447,33.8213688,POINT (-84.3682447 33.8213688)
3764,,-84.389339,33.769373,POINT (-84.389339 33.769373)
3765,,-84.3900856,33.772616,POINT (-84.3900856 33.772616)
3766,,-84.3821093,33.7618667,POINT (-84.3821093 33.7618667)
3767,,-84.3933022,33.7960783,POINT (-84.3933022 33.7960783)
3768,,-84.4337563,33.7387502,POINT (-84.4337563 33.7387502)
3769,,-84.4337219,33.7390779,POINT (-84.4337219 33.7390779)
3770,,-84.4118326,33.7413755,POINT (-84.4118326 33.7413755)
3771,,-84.4069526,33.7412528,POINT (-84.4069526 33.7412528)
3772,,-84.4036976,33.7421217,POINT (-84.4036976 33.7421217)
3773,,-84.4035551,33.7425854,POINT (-84.4035551 33.7425854)
3774,,-84.3670604,33.8184064,POINT (-84.3670604 33.8184064)
3775,,-84.387347,33.878876,POINT (-84.387347 33.878876)
3776,,-84.387408,33.877065,POINT (-84.387408 33.877065)
3777,,-84.397232,33.878845,POINT (-84.397232 33.878845)
3778,,-84.3263004,33.7473925,POINT (-84.3263004 33.7473925)
3779,,-84.3252868,33.747376,POINT (-84.3252868 33.747376)
3780,,-84.2978173,33.7397554,POINT (-84.2978173 33.7397554)
3781,,-84.2994447,33.7397864,POINT (-84.2994447 33.7397864)
3782,,-84.2954741,33.7395041,POINT (-84.2954741 33.7395041)
3783,,-84.293433,33.738985,POINT (-84.293433 33.738985)
3784,,-84.293824,33.739021,POINT (-84.293824 33.739021)
3785,,-84.291139,33.738892,POINT (-84.291139 33.738892)
3786,,-84.294927,33.739311,POINT (-84.294927 33.739311)
3787,,-84.2897225,33.7421531,POINT (-84.2897225 33.7421531)
3788,,-84.2901095,33.7430071,POINT (-84.2901095 33.7430071)
3789,,-84.4075687,33.7795746,POINT (-84.4075687 33.7795746)
3790,,-84.330271,33.7398807,POINT (-84.330271 33.7398807)
3791,,-84.332125,33.739947,POINT (-84.332125 33.739947)
3792,,-84.3563719,33.7397449,POINT (-84.3563719 33.7397449)
3793,,-84.355234,33.739751,POINT (-84.355234 33.739751)
3794,,-84.357081,33.7397539,POINT (-84.357081 33.7397539)
3795,,-84.3582129,33.7397632,POINT (-84.3582129 33.7397632)
3796,,-84.4074475,33.7796546,POINT (-84.4074475 33.7796546)
3797,,-84.4256985,33.7734274,POINT (-84.4256985 33.7734274)
3798,,-84.3733691,33.7430487,POINT (-84.3733691 33.7430487)
3799,,-84.3841698,33.762298,POINT (-84.3841698 33.762298)
3800,,-84.3666612,33.8142895,POINT (-84.3666612 33.8142895)
3801,,-84.3668274,33.8116925,POINT (-84.3668274 33.8116925)
3802,,-84.3672273,33.7432481,POINT (-84.3672273 33.7432481)
3803,,-84.3681417,33.7427994,POINT (-84.3681417 33.7427994)
3804,,-84.4140618,33.7410922,POINT (-84.4140618 33.7410922)
3805,,-84.4141327,33.7409738,POINT (-84.4141327 33.7409738)
3806,,-84.4252991,33.7635146,POINT (-84.4252991 33.7635146)
3807,,-84.4260733,33.763517,POINT (-84.4260733 33.763517)
3808,,-84.3601134,33.7618139,POINT (-84.3601134 33.7618139)
3809,,-84.322171,33.764475,POINT (-84.322171 33.764475)
3810,,-84.3220885,33.7643843,POINT (-84.3220885 33.7643843)
3811,,-84.3220645,33.7645083,POINT (-84.3220645 33.7645083)
3812,,-84.3882215,33.7219956,POINT (-84.3882215 33.7219956)
3813,,-84.388524,33.7217182,POINT (-84.388524 33.7217182)
3814,,-84.4294905,33.7466996,POINT (-84.4294905 33.7466996)
3815,,-84.4299075,33.7469206,POINT (-84.4299075 33.7469206)
3816,,-84.3530306,33.7445292,POINT (-84.3530306 33.7445292)
3817,,-84.3501526,33.7451598,POINT (-84.3501526 33.7451598)
3818,,-84.3940821,33.7546593,POINT (-84.3940821 33.7546593)
3819,,-84.3908412,33.7845205,POINT (-84.3908412 33.7845205)
3820,,-84.3908423,33.7874025,POINT (-84.3908423 33.7874025)
3821,,-84.3905684,33.7918133,POINT (-84.3905684 33.7918133)
3822,,-84.4460784,33.7520861,POINT (-84.4460784 33.7520861)
3823,,-84.4463639,33.7519682,POINT (-84.4463639 33.7519682)
3824,,-84.4166817,33.8076811,POINT (-84.4166817 33.8076811)
3825,,-84.4135562,33.8046156,POINT (-84.4135562 33.8046156)
3826,,-84.3919471,33.7815385,POINT (-84.3919471 33.7815385)
3827,,-84.3495143,33.6924104,POINT (-84.3495143 33.6924104)
3828,,-84.4079638,33.802911,POINT (-84.4079638 33.802911)
3829,,-84.4074719,33.8036998,POINT (-84.4074719 33.8036998)
3830,,-84.446034,33.753829,POINT (-84.446034 33.753829)
3831,,-84.4001035,33.7638853,POINT (-84.4001035 33.7638853)
3832,,-84.5127554,33.7760092,POINT (-84.5127554 33.7760092)
3833,,-84.5070661,33.7831679,POINT (-84.5070661 33.7831679)
3834,,-84.4954945,33.7532712,POINT (-84.4954945 33.7532712)
3835,,-84.4937045,33.7577863,POINT (-84.4937045 33.7577863)
3836,,-84.4873443,33.7620475,POINT (-84.4873443 33.7620475)
3837,,-84.5019154,33.7661757,POINT (-84.5019154 33.7661757)
3838,,-84.4938933,33.7529014,POINT (-84.4938933 33.7529014)
3839,,-84.4938374,33.7528782,POINT (-84.4938374 33.7528782)
3840,,-84.494269,33.7523607,POINT (-84.494269 33.7523607)
3841,,-84.4960281,33.7538568,POINT (-84.4960281 33.7538568)
3842,,-84.4963623,33.7511293,POINT (-84.4963623 33.7511293)
3843,,-84.4944287,33.7520858,POINT (-84.4944287 33.7520858)
3844,,-84.4938457,33.7649211,POINT (-84.4938457 33.7649211)
3845,,-84.4935368,33.7612773,POINT (-84.4935368 33.7612773)
3846,,-84.4730958,33.7583332,POINT (-84.4730958 33.7583332)
3847,,-84.4937898,33.7586728,POINT (-84.4937898 33.7586728)
3848,,-84.5051635,33.7393776,POINT (-84.5051635 33.7393776)
3849,,-84.5048676,33.7393836,POINT (-84.5048676 33.7393836)
3850,,-84.5076875,33.7394063,POINT (-84.5076875 33.7394063)
3851,,-84.5016054,33.7381577,POINT (-84.5016054 33.7381577)
3852,,-84.4742502,33.7586795,POINT (-84.4742502 33.7586795)
3853,,-84.4846139,33.7607081,POINT (-84.4846139 33.7607081)
3854,,-84.398574,33.7443446,POINT (-84.398574 33.7443446)
3855,,-84.3994387,33.7445634,POINT (-84.3994387 33.7445634)
3856,,-84.3589207,33.7624699,POINT (-84.3589207 33.7624699)
3857,,-84.3625338,33.8164654,POINT (-84.3625338 33.8164654)
3858,,-84.3889094,33.7684503,POINT (-84.3889094 33.7684503)
3859,,-84.3882558,33.7676108,POINT (-84.3882558 33.7676108)
3860,,-84.387509,33.768263,POINT (-84.387509 33.768263)
3861,,-84.3793281,33.7535871,POINT (-84.3793281 33.7535871)
3862,,-84.3703359,33.8443903,POINT (-84.3703359 33.8443903)
3863,,-84.4027503,33.7738479,POINT (-84.4027503 33.7738479)
3864,,-84.4025022,33.7737331,POINT (-84.4025022 33.7737331)
3865,,-84.4074643,33.7791762,POINT (-84.4074643 33.7791762)
3866,,-84.4002229,33.7732365,POINT (-84.4002229 33.7732365)
3867,,-84.4025862,33.7739647,POINT (-84.4025862 33.7739647)
3868,,-84.3611391,33.8561739,POINT (-84.3611391 33.8561739)
3869,,-84.3611193,33.8557399,POINT (-84.3611193 33.8557399)
3870,,-84.362025,33.857582,POINT (-84.362025 33.857582)
3871,,-84.3603856,33.8547915,POINT (-84.3603856 33.8547915)
3872,,-84.3602981,33.8546438,POINT (-84.3602981 33.8546438)
3873,,-84.3610736,33.8556119,POINT (-84.3610736 33.8556119)
3874,,-84.3606991,33.8553047,POINT (-84.3606991 33.8553047)
3875,,-84.3652081,33.8527436,POINT (-84.3652081 33.8527436)
3876,,-84.3651661,33.8526161,POINT (-84.3651661 33.8526161)
3877,,-84.3633358,33.855251,POINT (-84.3633358 33.855251)
3878,,-84.3611404,33.8556379,POINT (-84.3611404 33.8556379)
3879,,-84.3642543,33.8541065,POINT (-84.3642543 33.8541065)
3880,,-84.363389,33.855343,POINT (-84.363389 33.855343)
3881,,-84.3885134,33.7562479,POINT (-84.3885134 33.7562479)
3882,,-84.3689744,33.8520135,POINT (-84.3689744 33.8520135)
3883,,-84.3696796,33.851829,POINT (-84.3696796 33.851829)
3884,,-84.3951173,33.7911178,POINT (-84.3951173 33.7911178)
3885,,-84.384115,33.7890284,POINT (-84.384115 33.7890284)
3886,,-84.3951131,33.7912699,POINT (-84.3951131 33.7912699)
3887,,-84.4056423,33.791588,POINT (-84.4056423 33.791588)
3888,,-84.4027304,33.7895356,POINT (-84.4027304 33.7895356)
3889,,-84.4078596,33.7912537,POINT (-84.4078596 33.7912537)
3890,,-84.4080173,33.7910388,POINT (-84.4080173 33.7910388)
3891,,-84.4083297,33.7911403,POINT (-84.4083297 33.7911403)
3892,,-84.3623295,33.7995253,POINT (-84.3623295 33.7995253)
3893,,-84.4035125,33.7885898,POINT (-84.4035125 33.7885898)
3894,,-84.4027165,33.7887431,POINT (-84.4027165 33.7887431)
3895,,-84.4074734,33.7875871,POINT (-84.4074734 33.7875871)
3896,,-84.4075306,33.7870684,POINT (-84.4075306 33.7870684)
3897,,-84.4073846,33.7868802,POINT (-84.4073846 33.7868802)
3898,,-84.3643503,33.801907,POINT (-84.3643503 33.801907)
3899,,-84.4000301,33.7890744,POINT (-84.4000301 33.7890744)
3900,,-84.3989833,33.7895578,POINT (-84.3989833 33.7895578)
3901,,-84.4011234,33.7887561,POINT (-84.4011234 33.7887561)
3902,,-84.4079781,33.792338,POINT (-84.4079781 33.792338)
3903,,-84.4078376,33.7901602,POINT (-84.4078376 33.7901602)
3904,,-84.3932351,33.7899811,POINT (-84.3932351 33.7899811)
3905,,-84.3951372,33.7899937,POINT (-84.3951372 33.7899937)
3906,,-84.3945307,33.789981,POINT (-84.3945307 33.789981)
3907,,-84.3976329,33.7900144,POINT (-84.3976329 33.7900144)
3908,,-84.3967247,33.7900078,POINT (-84.3967247 33.7900078)
3909,,-84.3958095,33.7900078,POINT (-84.3958095 33.7900078)
3910,,-84.3986314,33.7896884,POINT (-84.3986314 33.7896884)
3911,,-84.3495,33.704406,POINT (-84.3495 33.704406)
3912,,-84.3500608,33.704405,POINT (-84.3500608 33.704405)
3913,,-84.2905275,33.7438411,POINT (-84.2905275 33.7438411)
3914,,-84.2910013,33.7447779,POINT (-84.2910013 33.7447779)
3915,,-84.291533,33.745909,POINT (-84.291533 33.745909)
3916,,-84.3795732,33.7588472,POINT (-84.3795732 33.7588472)
3917,,-84.4926469,33.7624772,POINT (-84.4926469 33.7624772)
3918,,-84.4966765,33.7664461,POINT (-84.4966765 33.7664461)
3919,,-84.3509678,33.759068,POINT (-84.3509678 33.759068)
3920,,-84.3516812,33.7585774,POINT (-84.3516812 33.7585774)
3921,,-84.3503294,33.7595017,POINT (-84.3503294 33.7595017)
3922,,-84.3485793,33.7603837,POINT (-84.3485793 33.7603837)
3923,,-84.3488601,33.7602763,POINT (-84.3488601 33.7602763)
3924,,-84.3481783,33.7605163,POINT (-84.3481783 33.7605163)
3925,,-84.389861,33.770056,POINT (-84.389861 33.770056)
3926,,-84.3489307,33.7604903,POINT (-84.3489307 33.7604903)
3927,,-84.3798993,33.8394157,POINT (-84.3798993 33.8394157)
3928,,-84.3900428,33.7730044,POINT (-84.3900428 33.7730044)
3929,,-84.3907578,33.7776025,POINT (-84.3907578 33.7776025)
3930,,-84.3835532,33.7634107,POINT (-84.3835532 33.7634107)
3931,,-84.3747608,33.7601077,POINT (-84.3747608 33.7601077)
3932,,-84.4275929,33.7013766,POINT (-84.4275929 33.7013766)
3933,,-84.4287967,33.7014939,POINT (-84.4287967 33.7014939)
3934,,-84.378237,33.7864497,POINT (-84.378237 33.7864497)
3935,,-84.5054631,33.7594498,POINT (-84.5054631 33.7594498)
3936,,-84.5054361,33.7596156,POINT (-84.5054361 33.7596156)
3937,,-84.5054676,33.7590626,POINT (-84.5054676 33.7590626)
3938,,-84.5057681,33.7593221,POINT (-84.5057681 33.7593221)
3939,,-84.5085386,33.760201,POINT (-84.5085386 33.760201)
3940,,-84.5070267,33.7610132,POINT (-84.5070267 33.7610132)
3941,,-84.509755,33.760263,POINT (-84.509755 33.760263)
3942,,-84.507972,33.761885,POINT (-84.507972 33.761885)
3943,,-84.5057261,33.7598704,POINT (-84.5057261 33.7598704)
3944,,-84.3485734,33.7432574,POINT (-84.3485734 33.7432574)
3945,,-84.3889845,33.8179463,POINT (-84.3889845 33.8179463)
3946,,-84.3889175,33.8180578,POINT (-84.3889175 33.8180578)
3947,,-84.3887438,33.8185743,POINT (-84.3887438 33.8185743)
3948,,-84.3644321,33.8020667,POINT (-84.3644321 33.8020667)
3949,,-84.364507,33.8019372,POINT (-84.364507 33.8019372)
3950,,-84.3643132,33.8020121,POINT (-84.3643132 33.8020121)
3951,,-84.3813925,33.7583715,POINT (-84.3813925 33.7583715)
3952,,-84.367408,33.743873,POINT (-84.367408 33.743873)
3953,,-84.3673504,33.7428997,POINT (-84.3673504 33.7428997)
3954,,-84.3948689,33.6976994,POINT (-84.3948689 33.6976994)
3955,,-84.3897807,33.6976677,POINT (-84.3897807 33.6976677)
3956,,-84.3913506,33.699103,POINT (-84.3913506 33.699103)
3957,,-84.3724522,33.7435132,POINT (-84.3724522 33.7435132)
3958,,-84.3978649,33.6808074,POINT (-84.3978649 33.6808074)
3959,,-84.3978676,33.6811318,POINT (-84.3978676 33.6811318)
3960,,-84.3978934,33.6816052,POINT (-84.3978934 33.6816052)
3961,,-84.4444547,33.750908,POINT (-84.4444547 33.750908)
3962,,-84.4441477,33.7507451,POINT (-84.4441477 33.7507451)
3963,,-84.4450462,33.7507644,POINT (-84.4450462 33.7507644)
3964,,-84.4456863,33.7507063,POINT (-84.4456863 33.7507063)
3965,,-84.446081,33.7509982,POINT (-84.446081 33.7509982)
3966,,-84.444142,33.750349,POINT (-84.444142 33.750349)
3967,,-84.3748442,33.743533,POINT (-84.3748442 33.743533)
3968,,-84.3776418,33.743494,POINT (-84.3776418 33.743494)
3969,,-84.378933,33.7438895,POINT (-84.378933 33.7438895)
3970,,-84.4487166,33.807239,POINT (-84.4487166 33.807239)
3971,,-84.3902819,33.7657102,POINT (-84.3902819 33.7657102)
3972,,-84.3904623,33.7708463,POINT (-84.3904623 33.7708463)
3973,,-84.390402,33.7658226,POINT (-84.390402 33.7658226)
3974,,-84.390567,33.7692046,POINT (-84.390567 33.7692046)
3975,,-84.4177913,33.7406685,POINT (-84.4177913 33.7406685)
3976,,-84.3902836,33.7652771,POINT (-84.3902836 33.7652771)
3977,,-84.3898699,33.7663792,POINT (-84.3898699 33.7663792)
3978,,-84.3900732,33.7899366,POINT (-84.3900732 33.7899366)
3979,,-84.3905984,33.7903807,POINT (-84.3905984 33.7903807)
3980,,-84.3913454,33.7469341,POINT (-84.3913454 33.7469341)
3981,,-84.3911314,33.7466454,POINT (-84.3911314 33.7466454)
3982,,-84.3964361,33.6525717,POINT (-84.3964361 33.6525717)
3983,,-84.3976734,33.6525892,POINT (-84.3976734 33.6525892)
3984,,-84.3956931,33.6526114,POINT (-84.3956931 33.6526114)
3985,,-84.3946951,33.6525598,POINT (-84.3946951 33.6525598)
3986,,-84.3962317,33.6531358,POINT (-84.3962317 33.6531358)
3987,,-84.5037457,33.6903396,POINT (-84.5037457 33.6903396)
3988,,-84.4078149,33.8036923,POINT (-84.4078149 33.8036923)
3989,,-84.4078771,33.8033233,POINT (-84.4078771 33.8033233)
3990,,-84.4312142,33.8518042,POINT (-84.4312142 33.8518042)
3991,,-84.4407579,33.8634866,POINT (-84.4407579 33.8634866)
3992,,-84.438111,33.866479,POINT (-84.438111 33.866479)
3993,,-84.3896917,33.7597166,POINT (-84.3896917 33.7597166)
3994,,-84.3889887,33.7646498,POINT (-84.3889887 33.7646498)
3995,,-84.4437502,33.7511465,POINT (-84.4437502 33.7511465)
3996,,-84.4432478,33.7512763,POINT (-84.4432478 33.7512763)
3997,,-84.3620606,33.8206519,POINT (-84.3620606 33.8206519)
3998,,-84.3607667,33.8206633,POINT (-84.3607667 33.8206633)
3999,,-84.3632559,33.8206436,POINT (-84.3632559 33.8206436)
4000,,-84.5038448,33.6901507,POINT (-84.5038448 33.6901507)
4001,,-84.4955052,33.7538649,POINT (-84.4955052 33.7538649)
4002,,-84.4968308,33.7505075,POINT (-84.4968308 33.7505075)
4003,,-84.3728549,33.7753155,POINT (-84.3728549 33.7753155)
4004,,-84.3728587,33.7761681,POINT (-84.3728587 33.7761681)
4005,,-84.3728576,33.777132,POINT (-84.3728576 33.777132)
4006,,-84.3728571,33.7768885,POINT (-84.3728571 33.7768885)
4007,,-84.3728579,33.7772175,POINT (-84.3728579 33.7772175)
4008,,-84.3697316,33.8210817,POINT (-84.3697316 33.8210817)
4009,,-84.360588,33.8207006,POINT (-84.360588 33.8207006)
4010,,-84.3606477,33.8206076,POINT (-84.3606477 33.8206076)
4011,,-84.3651124,33.8207029,POINT (-84.3651124 33.8207029)
4012,,-84.3659018,33.8209244,POINT (-84.3659018 33.8209244)
4013,,-84.360476,33.8207005,POINT (-84.360476 33.8207005)
4014,,-84.3602733,33.8209493,POINT (-84.3602733 33.8209493)
4015,,-84.360539,33.8206074,POINT (-84.360539 33.8206074)
4016,,-84.366029,33.820608,POINT (-84.366029 33.820608)
4017,,-84.3651162,33.8205898,POINT (-84.3651162 33.8205898)
4018,,-84.3659515,33.8209541,POINT (-84.3659515 33.8209541)
4019,,-84.375656,33.873139,POINT (-84.375656 33.873139)
4020,,-84.4934539,33.6903347,POINT (-84.4934539 33.6903347)
4021,,-84.4926538,33.6909821,POINT (-84.4926538 33.6909821)
4022,,-84.492868,33.691093,POINT (-84.492868 33.691093)
4023,,-84.4195846,33.6973023,POINT (-84.4195846 33.6973023)
4024,,-84.3688271,33.811229,POINT (-84.3688271 33.811229)
4025,,-84.3684733,33.8107987,POINT (-84.3684733 33.8107987)
4026,,-84.365828,33.8526213,POINT (-84.365828 33.8526213)
4027,,-84.3695279,33.852555,POINT (-84.3695279 33.852555)
4028,,-84.4964568,33.7540343,POINT (-84.4964568 33.7540343)
4029,,-84.4970619,33.7542418,POINT (-84.4970619 33.7542418)
4030,,-84.3911994,33.7814838,POINT (-84.3911994 33.7814838)
4031,,-84.370666,33.8515681,POINT (-84.370666 33.8515681)
4032,,-84.4949467,33.7561492,POINT (-84.4949467 33.7561492)
4033,,-84.4960354,33.7541296,POINT (-84.4960354 33.7541296)
4034,,-84.3701862,33.8517062,POINT (-84.3701862 33.8517062)
4035,,-84.3730739,33.8499475,POINT (-84.3730739 33.8499475)
4036,,-84.4742371,33.778137,POINT (-84.4742371 33.778137)
4037,,-84.4917851,33.7614734,POINT (-84.4917851 33.7614734)
4038,,-84.5210683,33.6567241,POINT (-84.5210683 33.6567241)
4039,,-84.358053,33.762949,POINT (-84.358053 33.762949)
4040,,-84.4054844,33.7545706,POINT (-84.4054844 33.7545706)
4041,,-84.4028054,33.7546027,POINT (-84.4028054 33.7546027)
4042,,-84.370471,33.8443166,POINT (-84.370471 33.8443166)
4043,,-84.3723316,33.8455603,POINT (-84.3723316 33.8455603)
4044,,-84.372624,33.846159,POINT (-84.372624 33.846159)
4045,,-84.3741166,33.8484704,POINT (-84.3741166 33.8484704)
4046,,-84.3674766,33.8474699,POINT (-84.3674766 33.8474699)
4047,,-84.3684266,33.8463068,POINT (-84.3684266 33.8463068)
4048,,-84.3728735,33.8498681,POINT (-84.3728735 33.8498681)
4049,,-84.3726621,33.8500713,POINT (-84.3726621 33.8500713)
4050,,-84.3693554,33.8519122,POINT (-84.3693554 33.8519122)
4051,,-84.3702108,33.8518827,POINT (-84.3702108 33.8518827)
4052,,-84.3698017,33.851947,POINT (-84.3698017 33.851947)
4053,,-84.3697295,33.852009,POINT (-84.3697295 33.852009)
4054,,-84.369679,33.8519216,POINT (-84.369679 33.8519216)
4055,,-84.3693939,33.8520971,POINT (-84.3693939 33.8520971)
4056,,-84.3689051,33.8522264,POINT (-84.3689051 33.8522264)
4057,,-84.3742841,33.8485466,POINT (-84.3742841 33.8485466)
4058,,-84.3730236,33.8497326,POINT (-84.3730236 33.8497326)
4059,,-84.3578931,33.8517799,POINT (-84.3578931 33.8517799)
4060,,-84.3566814,33.8506401,POINT (-84.3566814 33.8506401)
4061,,-84.3579876,33.8518196,POINT (-84.3579876 33.8518196)
4062,,-84.360245,33.854802,POINT (-84.360245 33.854802)
4063,,-84.3580232,33.8564157,POINT (-84.3580232 33.8564157)
4064,,-84.3581292,33.854035,POINT (-84.3581292 33.854035)
4065,,-84.358002,33.8577733,POINT (-84.358002 33.8577733)
4066,,-84.3484972,33.8457184,POINT (-84.3484972 33.8457184)
4067,,-84.359171,33.825075,POINT (-84.359171 33.825075)
4068,,-84.3592432,33.8253793,POINT (-84.3592432 33.8253793)
4069,,-84.3487737,33.846416,POINT (-84.3487737 33.846416)
4070,,-84.3495081,33.8477555,POINT (-84.3495081 33.8477555)
4071,,-84.3510277,33.8482721,POINT (-84.3510277 33.8482721)
4072,,-84.3545772,33.8490119,POINT (-84.3545772 33.8490119)
4073,,-84.3535614,33.8488348,POINT (-84.3535614 33.8488348)
4074,,-84.3593491,33.8251233,POINT (-84.3593491 33.8251233)
4075,,-84.3551872,33.8493471,POINT (-84.3551872 33.8493471)
4076,,-84.3670038,33.8481461,POINT (-84.3670038 33.8481461)
4077,,-84.360981,33.8517719,POINT (-84.360981 33.8517719)
4078,,-84.3617439,33.8508846,POINT (-84.3617439 33.8508846)
4079,,-84.3596848,33.8536552,POINT (-84.3596848 33.8536552)
4080,,-84.359744,33.8540145,POINT (-84.359744 33.8540145)
4081,,-84.359152,33.85385,POINT (-84.359152 33.85385)
4082,,-84.3881992,33.7559758,POINT (-84.3881992 33.7559758)
4083,,-84.3513482,33.8483447,POINT (-84.3513482 33.8483447)
4084,,-84.349706,33.7619502,POINT (-84.349706 33.7619502)
4085,,-84.349731,33.761918,POINT (-84.349731 33.761918)
4086,,-84.3497911,33.7617896,POINT (-84.3497911 33.7617896)
4087,,-84.3494929,33.760727,POINT (-84.3494929 33.760727)
4088,,-84.4046746,33.770414,POINT (-84.4046746 33.770414)
4089,,-84.4047387,33.7705288,POINT (-84.4047387 33.7705288)
4090,,-84.404069,33.7700653,POINT (-84.404069 33.7700653)
4091,,-84.4039043,33.7700127,POINT (-84.4039043 33.7700127)
4092,,-84.403214,33.7700193,POINT (-84.403214 33.7700193)
4093,,-84.4040698,33.7041241,POINT (-84.4040698 33.7041241)
4094,,-84.3579199,33.8658629,POINT (-84.3579199 33.8658629)
4095,,-84.357908,33.867446,POINT (-84.357908 33.867446)
4096,,-84.357934,33.864064,POINT (-84.357934 33.864064)
4097,,-84.3579467,33.8630625,POINT (-84.3579467 33.8630625)
4098,,-84.357953,33.862062,POINT (-84.357953 33.862062)
4099,,-84.3584873,33.8691889,POINT (-84.3584873 33.8691889)
4100,,-84.358016,33.868143,POINT (-84.358016 33.868143)
4101,,-84.358646,33.869781,POINT (-84.358646 33.869781)
4102,,-84.3718874,33.8010474,POINT (-84.3718874 33.8010474)
4103,,-84.3806188,33.7616613,POINT (-84.3806188 33.7616613)
4104,,-84.3966746,33.7505954,POINT (-84.3966746 33.7505954)
4105,,-84.4473265,33.750488,POINT (-84.4473265 33.750488)
4106,,-84.4419682,33.7489244,POINT (-84.4419682 33.7489244)
4107,,-84.3961876,33.6512024,POINT (-84.3961876 33.6512024)
4108,,-84.3940635,33.651138,POINT (-84.3940635 33.651138)
4109,,-84.3816359,33.7501677,POINT (-84.3816359 33.7501677)
4110,,-84.3798641,33.7516991,POINT (-84.3798641 33.7516991)
4111,,-84.3836927,33.7484283,POINT (-84.3836927 33.7484283)
4112,,-84.3843454,33.7480483,POINT (-84.3843454 33.7480483)
4113,,-84.3838376,33.7478934,POINT (-84.3838376 33.7478934)
4114,,-84.3856534,33.7484522,POINT (-84.3856534 33.7484522)
4115,,-84.3815074,33.7474216,POINT (-84.3815074 33.7474216)
4116,,-84.371632,33.671697,POINT (-84.371632 33.671697)
4117,,-84.3749714,33.6805245,POINT (-84.3749714 33.6805245)
4118,,-84.3919515,33.6856057,POINT (-84.3919515 33.6856057)
4119,,-84.3889872,33.6727473,POINT (-84.3889872 33.6727473)
4120,,-84.3890856,33.6727533,POINT (-84.3890856 33.6727533)
4121,,-84.388942,33.672738,POINT (-84.388942 33.672738)
4122,,-84.3875545,33.672752,POINT (-84.3875545 33.672752)
4123,,-84.3874092,33.6727592,POINT (-84.3874092 33.6727592)
4124,,-84.3877227,33.6727442,POINT (-84.3877227 33.6727442)
4125,,-84.3869814,33.6727804,POINT (-84.3869814 33.6727804)
4126,,-84.3898018,33.672797,POINT (-84.3898018 33.672797)
4127,,-84.3907884,33.6728302,POINT (-84.3907884 33.6728302)
4128,,-84.3912099,33.6728263,POINT (-84.3912099 33.6728263)
4129,,-84.4936758,33.7873066,POINT (-84.4936758 33.7873066)
4130,,-84.4938145,33.7874021,POINT (-84.4938145 33.7874021)
4131,,-84.4935446,33.7874316,POINT (-84.4935446 33.7874316)
4132,,-84.4510527,33.699454,POINT (-84.4510527 33.699454)
4133,,-84.3737344,33.8383199,POINT (-84.3737344 33.8383199)
4134,,-84.373537,33.838243,POINT (-84.373537 33.838243)
4135,,-84.374175,33.8385,POINT (-84.374175 33.8385)
4136,,-84.4964383,33.698279,POINT (-84.4964383 33.698279)
4137,,-84.4974461,33.6983039,POINT (-84.4974461 33.6983039)
4138,,-84.410978,33.8037313,POINT (-84.410978 33.8037313)
4139,,-84.411227,33.696524,POINT (-84.411227 33.696524)
4140,,-84.4053735,33.6969379,POINT (-84.4053735 33.6969379)
4141,,-84.5150485,33.6627757,POINT (-84.5150485 33.6627757)
4142,,-84.5148714,33.6627878,POINT (-84.5148714 33.6627878)
4143,,-84.5129184,33.6615535,POINT (-84.5129184 33.6615535)
4144,,-84.5148933,33.6629209,POINT (-84.5148933 33.6629209)
4145,,-84.5150625,33.6628999,POINT (-84.5150625 33.6628999)
4146,,-84.5151111,33.6660713,POINT (-84.5151111 33.6660713)
4147,,-84.515228,33.6670218,POINT (-84.515228 33.6670218)
4148,,-84.5147113,33.6677776,POINT (-84.5147113 33.6677776)
4149,,-84.5145998,33.6679568,POINT (-84.5145998 33.6679568)
4150,,-84.514751,33.6679213,POINT (-84.514751 33.6679213)
4151,,-84.5159736,33.6679277,POINT (-84.5159736 33.6679277)
4152,,-84.5148216,33.6706284,POINT (-84.5148216 33.6706284)
4153,,-84.5192188,33.6648457,POINT (-84.5192188 33.6648457)
4154,,-84.3966138,33.7194336,POINT (-84.3966138 33.7194336)
4155,,-84.39422,33.7217658,POINT (-84.39422 33.7217658)
4156,,-84.393575,33.725553,POINT (-84.393575 33.725553)
4157,,-84.3937968,33.7221227,POINT (-84.3937968 33.7221227)
4158,,-84.3940476,33.7221227,POINT (-84.3940476 33.7221227)
4159,,-84.3939234,33.7223352,POINT (-84.3939234 33.7223352)
4160,,-84.5110783,33.6731447,POINT (-84.5110783 33.6731447)
4161,,-84.51433,33.673446,POINT (-84.51433 33.673446)
4162,,-84.510133,33.673469,POINT (-84.510133 33.673469)
4163,,-84.5204155,33.6645522,POINT (-84.5204155 33.6645522)
4164,,-84.5092687,33.6599234,POINT (-84.5092687 33.6599234)
4165,,-84.5102866,33.6571818,POINT (-84.5102866 33.6571818)
4166,,-84.5103282,33.6573135,POINT (-84.5103282 33.6573135)
4167,,-84.5087672,33.6588604,POINT (-84.5087672 33.6588604)
4168,,-84.3926103,33.736313,POINT (-84.3926103 33.736313)
4169,,-84.492337,33.669497,POINT (-84.492337 33.669497)
4170,,-84.4938247,33.6802144,POINT (-84.4938247 33.6802144)
4171,,-84.4948163,33.6783158,POINT (-84.4948163 33.6783158)
4172,,-84.3929076,33.7368821,POINT (-84.3929076 33.7368821)
4173,,-84.4937942,33.6823814,POINT (-84.4937942 33.6823814)
4174,,-84.3922941,33.7335354,POINT (-84.3922941 33.7335354)
4175,,-84.3650815,33.7430268,POINT (-84.3650815 33.7430268)
4176,,-84.3835902,33.748757,POINT (-84.3835902 33.748757)
4177,,-84.4093418,33.7732203,POINT (-84.4093418 33.7732203)
4178,,-84.4089716,33.7732363,POINT (-84.4089716 33.7732363)
4179,,-84.488991,33.7476816,POINT (-84.488991 33.7476816)
4180,,-84.4879649,33.7515295,POINT (-84.4879649 33.7515295)
4181,,-84.5008997,33.750006,POINT (-84.5008997 33.750006)
4182,,-84.501781,33.749866,POINT (-84.501781 33.749866)
4183,,-84.499525,33.750446,POINT (-84.499525 33.750446)
4184,,-84.5035373,33.7500172,POINT (-84.5035373 33.7500172)
4185,,-84.504278,33.74993,POINT (-84.504278 33.74993)
4186,,-84.493104,33.7509464,POINT (-84.493104 33.7509464)
4187,,-84.494064,33.750814,POINT (-84.494064 33.750814)
4188,,-84.360551,33.825449,POINT (-84.360551 33.825449)
4189,,-84.3608955,33.8255465,POINT (-84.3608955 33.8255465)
4190,,-84.4904968,33.7513675,POINT (-84.4904968 33.7513675)
4191,,-84.3605026,33.8252811,POINT (-84.3605026 33.8252811)
4192,,-84.5095349,33.7637822,POINT (-84.5095349 33.7637822)
4193,,-84.5081285,33.7620515,POINT (-84.5081285 33.7620515)
4194,,-84.3679766,33.8103374,POINT (-84.3679766 33.8103374)
4195,,-84.5048489,33.7607164,POINT (-84.5048489 33.7607164)
4196,,-84.5040797,33.7616241,POINT (-84.5040797 33.7616241)
4197,,-84.5052635,33.7599949,POINT (-84.5052635 33.7599949)
4198,,-84.503884,33.76177,POINT (-84.503884 33.76177)
4199,,-84.5122378,33.7672456,POINT (-84.5122378 33.7672456)
4200,,-84.5124866,33.7675565,POINT (-84.5124866 33.7675565)
4201,,-84.5129724,33.7682005,POINT (-84.5129724 33.7682005)
4202,,-84.5134201,33.768857,POINT (-84.5134201 33.768857)
4203,,-84.5129413,33.7679457,POINT (-84.5129413 33.7679457)
4204,,-84.5135403,33.7683206,POINT (-84.5135403 33.7683206)
4205,,-84.5139548,33.7685963,POINT (-84.5139548 33.7685963)
4206,,-84.3897033,33.7989758,POINT (-84.3897033 33.7989758)
4207,,-84.3894173,33.7992331,POINT (-84.3894173 33.7992331)
4208,,-84.4048298,33.7663656,POINT (-84.4048298 33.7663656)
4209,,-84.4172193,33.782721,POINT (-84.4172193 33.782721)
4210,,-84.4300809,33.746953,POINT (-84.4300809 33.746953)
4211,,-84.447408,33.7936976,POINT (-84.447408 33.7936976)
4212,,-84.4475431,33.7937627,POINT (-84.4475431 33.7937627)
4213,,-84.4454097,33.7927202,POINT (-84.4454097 33.7927202)
4214,,-84.447625,33.7938024,POINT (-84.447625 33.7938024)
4215,,-84.3725726,33.7601079,POINT (-84.3725726 33.7601079)
4216,,-84.4490387,33.7945179,POINT (-84.4490387 33.7945179)
4217,,-84.4483133,33.7941034,POINT (-84.4483133 33.7941034)
4218,,-84.4500977,33.7950156,POINT (-84.4500977 33.7950156)
4219,,-84.4490753,33.7944741,POINT (-84.4490753 33.7944741)
4220,,-84.4505142,33.7953607,POINT (-84.4505142 33.7953607)
4221,,-84.3619858,33.7430289,POINT (-84.3619858 33.7430289)
4222,,-84.3645008,33.7436921,POINT (-84.3645008 33.7436921)
4223,,-84.3677366,33.7434975,POINT (-84.3677366 33.7434975)
4224,,-84.4269071,33.8101111,POINT (-84.4269071 33.8101111)
4225,,-84.4265963,33.8113103,POINT (-84.4265963 33.8113103)
4226,,-84.4259742,33.8112631,POINT (-84.4259742 33.8112631)
4227,,-84.4262155,33.8116495,POINT (-84.4262155 33.8116495)
4228,,-84.4241339,33.8111105,POINT (-84.4241339 33.8111105)
4229,,-84.425961,33.8118883,POINT (-84.425961 33.8118883)
4230,,-84.4254846,33.8128266,POINT (-84.4254846 33.8128266)
4231,,-84.3576661,33.743442,POINT (-84.3576661 33.743442)
4232,,-84.366769,33.742526,POINT (-84.366769 33.742526)
4233,,-84.366646,33.742526,POINT (-84.366646 33.742526)
4234,,-84.4768651,33.8128637,POINT (-84.4768651 33.8128637)
4235,,-84.3681019,33.742543,POINT (-84.3681019 33.742543)
4236,,-84.4774385,33.8149129,POINT (-84.4774385 33.8149129)
4237,,-84.499438,33.673248,POINT (-84.499438 33.673248)
4238,,-84.499228,33.7794272,POINT (-84.499228 33.7794272)
4239,,-84.4748519,33.7910325,POINT (-84.4748519 33.7910325)
4240,,-84.4740594,33.7926488,POINT (-84.4740594 33.7926488)
4241,,-84.497149,33.6735559,POINT (-84.497149 33.6735559)
4242,,-84.3815272,33.7675451,POINT (-84.3815272 33.7675451)
4243,,-84.382012,33.767878,POINT (-84.382012 33.767878)
4244,,-84.3672536,33.8192149,POINT (-84.3672536 33.8192149)
4245,,-84.3538399,33.8266922,POINT (-84.3538399 33.8266922)
4246,,-84.3538738,33.8267174,POINT (-84.3538738 33.8267174)
4247,,-84.3538077,33.8266682,POINT (-84.3538077 33.8266682)
4248,,-84.4535035,33.858398,POINT (-84.4535035 33.858398)
4249,,-84.453616,33.858441,POINT (-84.453616 33.858441)
4250,,-84.3877798,33.7665324,POINT (-84.3877798 33.7665324)
4251,,-84.3858025,33.7654361,POINT (-84.3858025 33.7654361)
4252,,-84.3579805,33.8362845,POINT (-84.3579805 33.8362845)
4253,,-84.3581414,33.8372054,POINT (-84.3581414 33.8372054)
4254,,-84.357852,33.835847,POINT (-84.357852 33.835847)
4255,,-84.358109,33.839662,POINT (-84.358109 33.839662)
4256,,-84.4306268,33.8519213,POINT (-84.4306268 33.8519213)
4257,,-84.388923,33.7679361,POINT (-84.388923 33.7679361)
4258,,-84.4399135,33.8626932,POINT (-84.4399135 33.8626932)
4259,,-84.439357,33.861453,POINT (-84.439357 33.861453)
4260,,-84.443305,33.8637283,POINT (-84.443305 33.8637283)
4261,,-84.4429692,33.8636964,POINT (-84.4429692 33.8636964)
4262,,-84.3532884,33.8488924,POINT (-84.3532884 33.8488924)
4263,,-84.3533163,33.8487889,POINT (-84.3533163 33.8487889)
4264,,-84.3550867,33.8494286,POINT (-84.3550867 33.8494286)
4265,,-84.4097168,33.8094729,POINT (-84.4097168 33.8094729)
4266,,-84.4091221,33.8097007,POINT (-84.4091221 33.8097007)
4267,,-84.411373,33.809443,POINT (-84.411373 33.809443)
4268,,-84.4304694,33.8511284,POINT (-84.4304694 33.8511284)
4269,,-84.3494029,33.7603113,POINT (-84.3494029 33.7603113)
4270,,-84.3494086,33.7607202,POINT (-84.3494086 33.7607202)
4271,,-84.3490154,33.7604277,POINT (-84.3490154 33.7604277)
4272,,-84.3489179,33.7602512,POINT (-84.3489179 33.7602512)
4273,,-84.3491224,33.7601562,POINT (-84.3491224 33.7601562)
4274,,-84.3496286,33.7618892,POINT (-84.3496286 33.7618892)
4275,,-84.3492828,33.761856,POINT (-84.3492828 33.761856)
4276,,-84.3492383,33.7584542,POINT (-84.3492383 33.7584542)
4277,,-84.349601,33.761915,POINT (-84.349601 33.761915)
4278,,-84.3491722,33.7621791,POINT (-84.3491722 33.7621791)
4279,,-84.3492813,33.7621849,POINT (-84.3492813 33.7621849)
4280,,-84.3602261,33.7554822,POINT (-84.3602261 33.7554822)
4281,,-84.365621,33.757572,POINT (-84.365621 33.757572)
4282,,-84.4046133,33.7700552,POINT (-84.4046133 33.7700552)
4283,,-84.3936349,33.7328424,POINT (-84.3936349 33.7328424)
4284,,-84.3623457,33.8508168,POINT (-84.3623457 33.8508168)
4285,,-84.3621876,33.8508508,POINT (-84.3621876 33.8508508)
4286,,-84.3698443,33.8517868,POINT (-84.3698443 33.8517868)
4287,,-84.3697738,33.8518535,POINT (-84.3697738 33.8518535)
4288,,-84.3698942,33.8518812,POINT (-84.3698942 33.8518812)
4289,,-84.4182868,33.6973313,POINT (-84.4182868 33.6973313)
4290,,-84.4230198,33.8428524,POINT (-84.4230198 33.8428524)
4291,,-84.4176944,33.8399416,POINT (-84.4176944 33.8399416)
4292,,-84.4244238,33.8437968,POINT (-84.4244238 33.8437968)
4293,,-84.3562481,33.8240782,POINT (-84.3562481 33.8240782)
4294,,-84.3565803,33.8237646,POINT (-84.3565803 33.8237646)
4295,,-84.3544263,33.8249784,POINT (-84.3544263 33.8249784)
4296,,-84.3538316,33.8251995,POINT (-84.3538316 33.8251995)
4297,,-84.3595737,33.825027,POINT (-84.3595737 33.825027)
4298,,-84.5216915,33.6562993,POINT (-84.5216915 33.6562993)
4299,,-84.3785769,33.7536551,POINT (-84.3785769 33.7536551)
4300,,-84.4698262,33.755785,POINT (-84.4698262 33.755785)
4301,,-84.4697274,33.7557829,POINT (-84.4697274 33.7557829)
4302,,-84.4224417,33.7852768,POINT (-84.4224417 33.7852768)
4303,,-84.4219583,33.785207,POINT (-84.4219583 33.785207)
4304,,-84.4239523,33.785494,POINT (-84.4239523 33.785494)
4305,,-84.5151516,33.773202,POINT (-84.5151516 33.773202)
4306,,-84.5151921,33.7731697,POINT (-84.5151921 33.7731697)
4307,,-84.5128889,33.7760611,POINT (-84.5128889 33.7760611)
4308,,-84.3945932,33.7646519,POINT (-84.3945932 33.7646519)
4309,,-84.3953367,33.7646588,POINT (-84.3953367 33.7646588)
4310,,-84.394506,33.742595,POINT (-84.394506 33.742595)
4311,,-84.5123345,33.6564328,POINT (-84.5123345 33.6564328)
4312,,-84.512464,33.6565212,POINT (-84.512464 33.6565212)
4313,,-84.5126979,33.6558143,POINT (-84.5126979 33.6558143)
4314,,-84.5087698,33.6597113,POINT (-84.5087698 33.6597113)
4315,,-84.5089354,33.658859,POINT (-84.5089354 33.658859)
4316,,-84.3458382,33.7475729,POINT (-84.3458382 33.7475729)
4317,,-84.3980245,33.7444896,POINT (-84.3980245 33.7444896)
4318,,-84.391776,33.7452549,POINT (-84.391776 33.7452549)
4319,,-84.4281558,33.7722146,POINT (-84.4281558 33.7722146)
4320,,-84.3978183,33.7459024,POINT (-84.3978183 33.7459024)
4321,,-84.4083663,33.7725485,POINT (-84.4083663 33.7725485)
4322,,-84.4097174,33.7731724,POINT (-84.4097174 33.7731724)
4323,,-84.4095404,33.7731532,POINT (-84.4095404 33.7731532)
4324,,-84.410419,33.773094,POINT (-84.410419 33.773094)
4325,,-84.4687224,33.8137115,POINT (-84.4687224 33.8137115)
4326,,-84.4680857,33.8141993,POINT (-84.4680857 33.8141993)
4327,,-84.4682421,33.8140881,POINT (-84.4682421 33.8140881)
4328,,-84.3981889,33.7442163,POINT (-84.3981889 33.7442163)
4329,,-84.3920047,33.7640039,POINT (-84.3920047 33.7640039)
4330,,-84.4016691,33.7637207,POINT (-84.4016691 33.7637207)
4331,,-84.4013927,33.7636201,POINT (-84.4013927 33.7636201)
4332,,-84.4001052,33.7637779,POINT (-84.4001052 33.7637779)
4333,,-84.4155894,33.8291067,POINT (-84.4155894 33.8291067)
4334,,-84.4427605,33.7854438,POINT (-84.4427605 33.7854438)
4335,,-84.43748,33.787535,POINT (-84.43748 33.787535)
4336,,-84.4435442,33.7855083,POINT (-84.4435442 33.7855083)
4337,,-84.4442614,33.7854569,POINT (-84.4442614 33.7854569)
4338,,-84.446575,33.785445,POINT (-84.446575 33.785445)
4339,,-84.4472627,33.8170137,POINT (-84.4472627 33.8170137)
4340,,-84.4454938,33.8160766,POINT (-84.4454938 33.8160766)
4341,,-84.4406793,33.8143941,POINT (-84.4406793 33.8143941)
4342,,-84.3494833,33.7602086,POINT (-84.3494833 33.7602086)
4343,,-84.349534,33.7599573,POINT (-84.349534 33.7599573)
4344,,-84.3493736,33.7600386,POINT (-84.3493736 33.7600386)
4345,,-84.4406519,33.8143724,POINT (-84.4406519 33.8143724)
4346,,-84.4387318,33.8099476,POINT (-84.4387318 33.8099476)
4347,,-84.437383,33.805459,POINT (-84.437383 33.805459)
4348,,-84.4386001,33.8099414,POINT (-84.4386001 33.8099414)
4349,,-84.4387946,33.8104447,POINT (-84.4387946 33.8104447)
4350,,-84.4379653,33.809885,POINT (-84.4379653 33.809885)
4351,,-84.4283091,33.7885104,POINT (-84.4283091 33.7885104)
4352,,-84.4278573,33.786329,POINT (-84.4278573 33.786329)
4353,,-84.4373066,33.8055793,POINT (-84.4373066 33.8055793)
4354,,-84.4363933,33.8024787,POINT (-84.4363933 33.8024787)
4355,,-84.4319296,33.7946852,POINT (-84.4319296 33.7946852)
4356,,-84.4294926,33.7906783,POINT (-84.4294926 33.7906783)
4357,,-84.3882468,33.7468824,POINT (-84.3882468 33.7468824)
4358,,-84.3841141,33.7488165,POINT (-84.3841141 33.7488165)
4359,,-84.3890851,33.7459796,POINT (-84.3890851 33.7459796)
4360,,-84.3813687,33.7508126,POINT (-84.3813687 33.7508126)
4361,,-84.3855308,33.748644,POINT (-84.3855308 33.748644)
4362,,-84.4021131,33.7470755,POINT (-84.4021131 33.7470755)
4363,,-84.401148,33.747976,POINT (-84.401148 33.747976)
4364,,-84.3878676,33.755718,POINT (-84.3878676 33.755718)
4365,,-84.3885213,33.7545008,POINT (-84.3885213 33.7545008)
4366,,-84.3875872,33.7556049,POINT (-84.3875872 33.7556049)
4367,,-84.3566999,33.8242149,POINT (-84.3566999 33.8242149)
4368,,-84.3862829,33.7486669,POINT (-84.3862829 33.7486669)
4369,,-84.4139545,33.8094578,POINT (-84.4139545 33.8094578)
4370,,-84.4143209,33.8094795,POINT (-84.4143209 33.8094795)
4371,,-84.4146343,33.8095837,POINT (-84.4146343 33.8095837)
4372,,-84.414331,33.809092,POINT (-84.414331 33.809092)
4373,,-84.3858446,33.749096,POINT (-84.3858446 33.749096)
4374,,-84.419312,33.810161,POINT (-84.419312 33.810161)
4375,,-84.389871,33.697594,POINT (-84.389871 33.697594)
4376,,-84.3900084,33.7597169,POINT (-84.3900084 33.7597169)
4377,,-84.3897805,33.7595989,POINT (-84.3897805 33.7595989)
4378,,-84.3888988,33.7587329,POINT (-84.3888988 33.7587329)
4379,,-84.3846291,33.7555594,POINT (-84.3846291 33.7555594)
4380,,-84.3842706,33.7555565,POINT (-84.3842706 33.7555565)
4381,,-84.3842821,33.7547892,POINT (-84.3842821 33.7547892)
4382,,-84.3822548,33.7555521,POINT (-84.3822548 33.7555521)
4383,,-84.3802458,33.7555342,POINT (-84.3802458 33.7555342)
4384,,-84.379425,33.7555314,POINT (-84.379425 33.7555314)
4385,,-84.3779655,33.7555181,POINT (-84.3779655 33.7555181)
4386,,-84.3765953,33.7555103,POINT (-84.3765953 33.7555103)
4387,,-84.3755332,33.755501,POINT (-84.3755332 33.755501)
4388,,-84.395024,33.873906,POINT (-84.395024 33.873906)
4389,,-84.3755454,33.7543779,POINT (-84.3755454 33.7543779)
4390,,-84.388056,33.876982,POINT (-84.388056 33.876982)
4391,,-84.3766067,33.7543922,POINT (-84.3766067 33.7543922)
4392,,-84.3772466,33.7543928,POINT (-84.3772466 33.7543928)
4393,,-84.3780714,33.7542905,POINT (-84.3780714 33.7542905)
4394,,-84.3780524,33.7544166,POINT (-84.3780524 33.7544166)
4395,,-84.3791169,33.7543259,POINT (-84.3791169 33.7543259)
4396,,-84.3794192,33.7543686,POINT (-84.3794192 33.7543686)
4397,,-84.3803027,33.7543828,POINT (-84.3803027 33.7543828)
4398,,-84.3843129,33.7544879,POINT (-84.3843129 33.7544879)
4399,,-84.3846076,33.7544894,POINT (-84.3846076 33.7544894)
4400,,-84.3847085,33.7544912,POINT (-84.3847085 33.7544912)
4401,,-84.4092989,33.7730481,POINT (-84.4092989 33.7730481)
4402,,-84.4389697,33.8581903,POINT (-84.4389697 33.8581903)
4403,,-84.438684,33.857387,POINT (-84.438684 33.857387)
4404,,-84.439228,33.861074,POINT (-84.439228 33.861074)
4405,,-84.3792566,33.8511195,POINT (-84.3792566 33.8511195)
4406,,-84.3747996,33.8487432,POINT (-84.3747996 33.8487432)
4407,,-84.3803744,33.771263,POINT (-84.3803744 33.771263)
4408,,-84.4893854,33.7511293,POINT (-84.4893854 33.7511293)
4409,,-84.489155,33.7511498,POINT (-84.489155 33.7511498)
4410,,-84.4901547,33.7512232,POINT (-84.4901547 33.7512232)
4411,,-84.3820597,33.7434596,POINT (-84.3820597 33.7434596)
4412,,-84.3866949,33.7439962,POINT (-84.3866949 33.7439962)
4413,,-84.4851382,33.7553038,POINT (-84.4851382 33.7553038)
4414,,-84.4852185,33.755312,POINT (-84.4852185 33.755312)
4415,,-84.4855775,33.7553487,POINT (-84.4855775 33.7553487)
4416,,-84.4856748,33.7553587,POINT (-84.4856748 33.7553587)
4417,,-84.4862382,33.7554163,POINT (-84.4862382 33.7554163)
4418,,-84.4863235,33.755425,POINT (-84.4863235 33.755425)
4419,,-84.4869307,33.7554864,POINT (-84.4869307 33.7554864)
4420,,-84.414684,33.7415258,POINT (-84.414684 33.7415258)
4421,,-84.3825547,33.8562369,POINT (-84.3825547 33.8562369)
4422,,-84.3813296,33.8579993,POINT (-84.3813296 33.8579993)
4423,,-84.382649,33.855806,POINT (-84.382649 33.855806)
4424,,-84.4074203,33.7830191,POINT (-84.4074203 33.7830191)
4425,,-84.4074095,33.784554,POINT (-84.4074095 33.784554)
4426,,-84.407841,33.7996184,POINT (-84.407841 33.7996184)
4427,,-84.4078368,33.8000471,POINT (-84.4078368 33.8000471)
4428,,-84.4077403,33.8016325,POINT (-84.4077403 33.8016325)
4429,,-84.4077381,33.8027618,POINT (-84.4077381 33.8027618)
4430,,-84.4078779,33.8029315,POINT (-84.4078779 33.8029315)
4431,,-84.4080645,33.8030162,POINT (-84.4080645 33.8030162)
4432,,-84.4077428,33.8030435,POINT (-84.4077428 33.8030435)
4433,,-84.4168698,33.8398947,POINT (-84.4168698 33.8398947)
4434,,-84.4119803,33.8401739,POINT (-84.4119803 33.8401739)
4435,,-84.416193,33.8185467,POINT (-84.416193 33.8185467)
4436,,-84.3493108,33.7600691,POINT (-84.3493108 33.7600691)
4437,,-84.3977905,33.7462362,POINT (-84.3977905 33.7462362)
4438,,-84.3978281,33.7476445,POINT (-84.3978281 33.7476445)
4439,,-84.3973782,33.747648,POINT (-84.3973782 33.747648)
4440,,-84.3979868,33.7489492,POINT (-84.3979868 33.7489492)
4441,,-84.3659228,33.8080555,POINT (-84.3659228 33.8080555)
4442,,-84.3802689,33.838996,POINT (-84.3802689 33.838996)
4443,,-84.3808798,33.8382087,POINT (-84.3808798 33.8382087)
4444,,-84.4275308,33.7863048,POINT (-84.4275308 33.7863048)
4445,,-84.4270903,33.786236,POINT (-84.4270903 33.786236)
4446,,-84.3926478,33.7216148,POINT (-84.3926478 33.7216148)
4447,,-84.3051047,33.7399356,POINT (-84.3051047 33.7399356)
4448,,-84.306593,33.739967,POINT (-84.306593 33.739967)
4449,,-84.3004314,33.7398231,POINT (-84.3004314 33.7398231)
4450,,-84.4398528,33.8634097,POINT (-84.4398528 33.8634097)
4451,,-84.4399783,33.8637458,POINT (-84.4399783 33.8637458)
4452,,-84.3957696,33.7216872,POINT (-84.3957696 33.7216872)
4453,,-84.3939404,33.7219963,POINT (-84.3939404 33.7219963)
4454,,-84.3942305,33.7219982,POINT (-84.3942305 33.7219982)
4455,,-84.394279,33.7221227,POINT (-84.394279 33.7221227)
4456,,-84.3954722,33.7221333,POINT (-84.3954722 33.7221333)
4457,,-84.3958085,33.7221369,POINT (-84.3958085 33.7221369)
4458,,-84.3967604,33.7221216,POINT (-84.3967604 33.7221216)
4459,,-84.3955855,33.7220016,POINT (-84.3955855 33.7220016)
4460,,-84.3967687,33.7220351,POINT (-84.3967687 33.7220351)
4461,,-84.3959989,33.7220083,POINT (-84.3959989 33.7220083)
4462,,-84.3917452,33.7391234,POINT (-84.3917452 33.7391234)
4463,,-84.3946448,33.6511515,POINT (-84.3946448 33.6511515)
4464,,-84.3970628,33.7368585,POINT (-84.3970628 33.7368585)
4465,,-84.3929625,33.7368812,POINT (-84.3929625 33.7368812)
4466,,-84.3929641,33.7367788,POINT (-84.3929641 33.7367788)
4467,,-84.4008418,33.7369498,POINT (-84.4008418 33.7369498)
4468,,-84.3958364,33.7368261,POINT (-84.3958364 33.7368261)
4469,,-84.366724,33.735352,POINT (-84.366724 33.735352)
4470,,-84.3999648,33.7369305,POINT (-84.3999648 33.7369305)
4471,,-84.3991432,33.7369174,POINT (-84.3991432 33.7369174)
4472,,-84.4120822,33.6813165,POINT (-84.4120822 33.6813165)
4473,,-84.3877088,33.7479259,POINT (-84.3877088 33.7479259)
4474,,-84.3876809,33.7480082,POINT (-84.3876809 33.7480082)
4475,,-84.4128848,33.6776036,POINT (-84.4128848 33.6776036)
4476,,-84.4246569,33.8706474,POINT (-84.4246569 33.8706474)
4477,,-84.425159,33.870282,POINT (-84.425159 33.870282)
4478,,-84.422936,33.871056,POINT (-84.422936 33.871056)
4479,,-84.4989281,33.7661202,POINT (-84.4989281 33.7661202)
4480,,-84.497378,33.7659258,POINT (-84.497378 33.7659258)
4481,,-84.4210049,33.8711218,POINT (-84.4210049 33.8711218)
4482,,-84.417396,33.872464,POINT (-84.417396 33.872464)
4483,,-84.414654,33.874635,POINT (-84.414654 33.874635)
4484,,-84.4692373,33.7557889,POINT (-84.4692373 33.7557889)
4485,,-84.469798,33.756019,POINT (-84.469798 33.756019)
4486,,-84.389702,33.7957523,POINT (-84.389702 33.7957523)
4487,,-84.3527822,33.8255638,POINT (-84.3527822 33.8255638)
4488,,-84.3528473,33.8256728,POINT (-84.3528473 33.8256728)
4489,,-84.3526402,33.8253129,POINT (-84.3526402 33.8253129)
4490,,-84.4511024,33.7962741,POINT (-84.4511024 33.7962741)
4491,,-84.4522964,33.797371,POINT (-84.4522964 33.797371)
4492,,-84.4508086,33.7957613,POINT (-84.4508086 33.7957613)
4493,,-84.454735,33.799494,POINT (-84.454735 33.799494)
4494,,-84.3551113,33.8296465,POINT (-84.3551113 33.8296465)
4495,,-84.3572512,33.8337145,POINT (-84.3572512 33.8337145)
4496,,-84.354879,33.8288707,POINT (-84.354879 33.8288707)
4497,,-84.360692,33.848717,POINT (-84.360692 33.848717)
4498,,-84.3814826,33.7621945,POINT (-84.3814826 33.7621945)
4499,,-84.3821154,33.7621939,POINT (-84.3821154 33.7621939)
4500,,-84.3821049,33.7627026,POINT (-84.3821049 33.7627026)
4501,,-84.3779769,33.7613918,POINT (-84.3779769 33.7613918)
4502,,-84.4283483,33.8649866,POINT (-84.4283483 33.8649866)
4503,,-84.4292016,33.8673467,POINT (-84.4292016 33.8673467)
4504,,-84.3730077,33.8572495,POINT (-84.3730077 33.8572495)
4505,,-84.373689,33.857392,POINT (-84.373689 33.857392)
4506,,-84.37217,33.857075,POINT (-84.37217 33.857075)
4507,,-84.5152313,33.6754907,POINT (-84.5152313 33.6754907)
4508,,-84.456815,33.750276,POINT (-84.456815 33.750276)
4509,,-84.421845,33.810013,POINT (-84.421845 33.810013)
4510,,-84.3721782,33.8496227,POINT (-84.3721782 33.8496227)
4511,,-84.3724839,33.849785,POINT (-84.3724839 33.849785)
4512,,-84.3917449,33.7415741,POINT (-84.3917449 33.7415741)
4513,,-84.4290937,33.7018445,POINT (-84.4290937 33.7018445)
4514,,-84.372557,33.8501723,POINT (-84.372557 33.8501723)
4515,,-84.4365846,33.8090001,POINT (-84.4365846 33.8090001)
4516,,-84.4377537,33.8097498,POINT (-84.4377537 33.8097498)
4517,,-84.4362702,33.808798,POINT (-84.4362702 33.808798)
4518,,-84.497126,33.6739613,POINT (-84.497126 33.6739613)
4519,,-84.435569,33.808342,POINT (-84.435569 33.808342)
4520,,-84.43062,33.745266,POINT (-84.43062 33.745266)
4521,,-84.431392,33.745746,POINT (-84.431392 33.745746)
4522,,-84.4287032,33.7481439,POINT (-84.4287032 33.7481439)
4523,,-84.4282447,33.7477811,POINT (-84.4282447 33.7477811)
4524,,-84.428671,33.7480486,POINT (-84.428671 33.7480486)
4525,,-84.429453,33.701576,POINT (-84.429453 33.701576)
4526,,-84.4291471,33.7015336,POINT (-84.4291471 33.7015336)
4527,,-84.3693203,33.839454,POINT (-84.3693203 33.839454)
4528,,-84.3690558,33.8389289,POINT (-84.3690558 33.8389289)
4529,,-84.4900493,33.6912588,POINT (-84.4900493 33.6912588)
4530,,-84.3536091,33.8548936,POINT (-84.3536091 33.8548936)
4531,,-84.4375364,33.7334178,POINT (-84.4375364 33.7334178)
4532,,-84.347727,33.7766153,POINT (-84.347727 33.7766153)
4533,,-84.3473631,33.7770657,POINT (-84.3473631 33.7770657)
4534,,-84.4879382,33.6936026,POINT (-84.4879382 33.6936026)
4535,,-84.459948,33.698362,POINT (-84.459948 33.698362)
4536,,-84.3487471,33.7433404,POINT (-84.3487471 33.7433404)
4537,,-84.353204,33.8254253,POINT (-84.353204 33.8254253)
4538,,-84.4508167,33.7147409,POINT (-84.4508167 33.7147409)
4539,,-84.451978,33.714757,POINT (-84.451978 33.714757)
4540,,-84.4506826,33.7147391,POINT (-84.4506826 33.7147391)
4541,,-84.4502278,33.7147328,POINT (-84.4502278 33.7147328)
4542,,-84.449596,33.714724,POINT (-84.449596 33.714724)
4543,,-84.3862849,33.8306863,POINT (-84.3862849 33.8306863)
4544,,-84.4963718,33.7538986,POINT (-84.4963718 33.7538986)
4545,,-84.4845381,33.7538734,POINT (-84.4845381 33.7538734)
4546,,-84.484005,33.7541,POINT (-84.484005 33.7541)
4547,,-84.336336,33.7475048,POINT (-84.336336 33.7475048)
4548,,-84.3355045,33.747496,POINT (-84.3355045 33.747496)
4549,,-84.384778,33.8575336,POINT (-84.384778 33.8575336)
4550,,-84.3827493,33.8546223,POINT (-84.3827493 33.8546223)
4551,,-84.3826749,33.8544829,POINT (-84.3826749 33.8544829)
4552,,-84.3830419,33.8511555,POINT (-84.3830419 33.8511555)
4553,,-84.382966,33.851773,POINT (-84.382966 33.851773)
4554,,-84.382914,33.849888,POINT (-84.382914 33.849888)
4555,,-84.3829454,33.8519005,POINT (-84.3829454 33.8519005)
4556,,-84.418087,33.700738,POINT (-84.418087 33.700738)
4557,,-84.4180763,33.7008886,POINT (-84.4180763 33.7008886)
4558,,-84.5052897,33.6901325,POINT (-84.5052897 33.6901325)
4559,,-84.4433417,33.8633803,POINT (-84.4433417 33.8633803)
4560,,-84.4447736,33.8641295,POINT (-84.4447736 33.8641295)
4561,,-84.4496419,33.8646039,POINT (-84.4496419 33.8646039)
4562,,-84.449788,33.8647364,POINT (-84.449788 33.8647364)
4563,,-84.4744171,33.719769,POINT (-84.4744171 33.719769)
4564,,-84.474893,33.719875,POINT (-84.474893 33.719875)
4565,,-84.473713,33.719727,POINT (-84.473713 33.719727)
4566,,-84.371791,33.811701,POINT (-84.371791 33.811701)
4567,,-84.3930031,33.6676706,POINT (-84.3930031 33.6676706)
4568,,-84.393337,33.668972,POINT (-84.393337 33.668972)
4569,,-84.3764847,33.6805503,POINT (-84.3764847 33.6805503)
4570,,-84.3779102,33.680582,POINT (-84.3779102 33.680582)
4571,,-84.3672117,33.8279698,POINT (-84.3672117 33.8279698)
4572,,-84.49711,33.6742449,POINT (-84.49711 33.6742449)
4573,,-84.495307,33.678083,POINT (-84.495307 33.678083)
4574,,-84.5128387,33.6558656,POINT (-84.5128387 33.6558656)
4575,,-84.5087814,33.6599327,POINT (-84.5087814 33.6599327)
4576,,-84.5085512,33.6599323,POINT (-84.5085512 33.6599323)
4577,,-84.5088745,33.6599337,POINT (-84.5088745 33.6599337)
4578,,-84.5088942,33.6597453,POINT (-84.5088942 33.6597453)
4579,,-84.3456065,33.7787536,POINT (-84.3456065 33.7787536)
4580,,-84.4135905,33.7547037,POINT (-84.4135905 33.7547037)
4581,,-84.414373,33.754704,POINT (-84.414373 33.754704)
4582,,-84.412771,33.754695,POINT (-84.412771 33.754695)
4583,,-84.380341,33.649002,POINT (-84.380341 33.649002)
4584,,-84.3906062,33.7549023,POINT (-84.3906062 33.7549023)
4585,,-84.3916444,33.7558934,POINT (-84.3916444 33.7558934)
4586,,-84.3726477,33.7602406,POINT (-84.3726477 33.7602406)
4587,,-84.3720419,33.7608083,POINT (-84.3720419 33.7608083)
4588,,-84.4179759,33.7141511,POINT (-84.4179759 33.7141511)
4589,,-84.4078786,33.737991,POINT (-84.4078786 33.737991)
4590,,-84.3491236,33.7582051,POINT (-84.3491236 33.7582051)
4591,,-84.3488537,33.7584492,POINT (-84.3488537 33.7584492)
4592,,-84.349232,33.7582139,POINT (-84.349232 33.7582139)
4593,,-84.349646,33.7584149,POINT (-84.349646 33.7584149)
4594,,-84.3457263,33.7401473,POINT (-84.3457263 33.7401473)
4595,,-84.3458041,33.740149,POINT (-84.3458041 33.740149)
4596,,-84.345374,33.7401395,POINT (-84.345374 33.7401395)
4597,,-84.345613,33.7403616,POINT (-84.345613 33.7403616)
4598,,-84.347193,33.741898,POINT (-84.347193 33.741898)
4599,,-84.3926991,33.7433183,POINT (-84.3926991 33.7433183)
4600,,-84.3969326,33.7469947,POINT (-84.3969326 33.7469947)
4601,,-84.331821,33.747431,POINT (-84.331821 33.747431)
4602,,-84.3926049,33.7271334,POINT (-84.3926049 33.7271334)
4603,,-84.373683,33.6888256,POINT (-84.373683 33.6888256)
4604,,-84.371266,33.688828,POINT (-84.371266 33.688828)
4605,,-84.3656331,33.8523157,POINT (-84.3656331 33.8523157)
4606,,-84.3920915,33.7281878,POINT (-84.3920915 33.7281878)
4607,,-84.3920859,33.7277673,POINT (-84.3920859 33.7277673)
4608,,-84.5082824,33.7617593,POINT (-84.5082824 33.7617593)
4609,,-84.5191112,33.6936732,POINT (-84.5191112 33.6936732)
4610,,-84.5188115,33.6935692,POINT (-84.5188115 33.6935692)
4611,,-84.3678091,33.8103671,POINT (-84.3678091 33.8103671)
4612,,-84.3678143,33.8104654,POINT (-84.3678143 33.8104654)
4613,,-84.3679032,33.8102608,POINT (-84.3679032 33.8102608)
4614,,-84.367733,33.810032,POINT (-84.367733 33.810032)
4615,,-84.3656715,33.8078917,POINT (-84.3656715 33.8078917)
4616,,-84.3661874,33.8083193,POINT (-84.3661874 33.8083193)
4617,,-84.3523711,33.82467,POINT (-84.3523711 33.82467)
4618,,-84.353149,33.8255743,POINT (-84.353149 33.8255743)
4619,,-84.3530395,33.8259401,POINT (-84.3530395 33.8259401)
4620,,-84.4131945,33.8047457,POINT (-84.4131945 33.8047457)
4621,,-84.4112581,33.8038609,POINT (-84.4112581 33.8038609)
4622,,-84.4074282,33.7800812,POINT (-84.4074282 33.7800812)
4623,,-84.5154239,33.7729846,POINT (-84.5154239 33.7729846)
4624,,-84.515044,33.77312,POINT (-84.515044 33.77312)
4625,,-84.5149075,33.7729653,POINT (-84.5149075 33.7729653)
4626,,-84.5152659,33.7729425,POINT (-84.5152659 33.7729425)
4627,,-84.399536,33.698129,POINT (-84.399536 33.698129)
4628,,-84.4073681,33.7776537,POINT (-84.4073681 33.7776537)
4629,,-84.4934795,33.752728,POINT (-84.4934795 33.752728)
4630,,-84.492844,33.752461,POINT (-84.492844 33.752461)
4631,,-84.4960825,33.753779,POINT (-84.4960825 33.753779)
4632,,-84.4944589,33.7530782,POINT (-84.4944589 33.7530782)
4633,,-84.3905865,33.780188,POINT (-84.3905865 33.780188)
4634,,-84.354772,33.8282835,POINT (-84.354772 33.8282835)
4635,,-84.354851,33.82875,POINT (-84.354851 33.82875)
4636,,-84.3547709,33.8282239,POINT (-84.3547709 33.8282239)
4637,,-84.3547289,33.8275976,POINT (-84.3547289 33.8275976)
4638,,-84.449812,33.8640006,POINT (-84.449812 33.8640006)
4639,,-84.5088694,33.6601164,POINT (-84.5088694 33.6601164)
4640,,-84.4291932,33.7011799,POINT (-84.4291932 33.7011799)
4641,,-84.3783613,33.7865056,POINT (-84.3783613 33.7865056)
4642,,-84.45084,33.865483,POINT (-84.45084 33.865483)
4643,,-84.323313,33.7473682,POINT (-84.323313 33.7473682)
4644,,-84.3232652,33.7473704,POINT (-84.3232652 33.7473704)
4645,,-84.3679212,33.8214136,POINT (-84.3679212 33.8214136)
4646,,-84.3080638,33.7400046,POINT (-84.3080638 33.7400046)
4647,,-84.351178,33.704403,POINT (-84.351178 33.704403)
4648,,-84.3485527,33.7432389,POINT (-84.3485527 33.7432389)
4649,,-84.3484774,33.7432495,POINT (-84.3484774 33.7432495)
4650,,-84.3483844,33.7431068,POINT (-84.3483844 33.7431068)
4651,,-84.3485099,33.7433264,POINT (-84.3485099 33.7433264)
4652,,-84.3485325,33.7433268,POINT (-84.3485325 33.7433268)
4653,,-84.3484647,33.7432768,POINT (-84.3484647 33.7432768)
4654,,-84.347848,33.7425944,POINT (-84.347848 33.7425944)
4655,,-84.3485776,33.7433382,POINT (-84.3485776 33.7433382)
4656,,-84.468117,33.752048,POINT (-84.468117 33.752048)
4657,,-84.5148437,33.67516,POINT (-84.5148437 33.67516)
4658,,-84.5144856,33.6744848,POINT (-84.5144856 33.6744848)
4659,,-84.514432,33.674229,POINT (-84.514432 33.674229)
4660,,-84.5146237,33.6751143,POINT (-84.5146237 33.6751143)
4661,,-84.494602,33.6781732,POINT (-84.494602 33.6781732)
4662,,-84.3987175,33.789288,POINT (-84.3987175 33.789288)
4663,,-84.5376237,33.6808379,POINT (-84.5376237 33.6808379)
4664,,-84.50477,33.758999,POINT (-84.50477 33.758999)
4665,,-84.3763377,33.874169,POINT (-84.3763377 33.874169)
4666,,-84.379943,33.876847,POINT (-84.379943 33.876847)
4667,,-84.3570735,33.8230033,POINT (-84.3570735 33.8230033)
4668,,-84.3913253,33.7868798,POINT (-84.3913253 33.7868798)
4669,,-84.3638679,33.7535113,POINT (-84.3638679 33.7535113)
4670,,-84.3626768,33.7537655,POINT (-84.3626768 33.7537655)
4671,,-84.3727791,33.7771313,POINT (-84.3727791 33.7771313)
4672,,-84.5057698,33.6902431,POINT (-84.5057698 33.6902431)
4673,,-84.483293,33.6981941,POINT (-84.483293 33.6981941)
4674,,-84.3432065,33.740132,POINT (-84.3432065 33.740132)
4675,,-84.3428856,33.7401305,POINT (-84.3428856 33.7401305)
4676,,-84.3443615,33.7401376,POINT (-84.3443615 33.7401376)
4677,,-84.373889,33.8491455,POINT (-84.373889 33.8491455)
4678,,-84.3698131,33.8559846,POINT (-84.3698131 33.8559846)
4679,,-84.3726521,33.8497759,POINT (-84.3726521 33.8497759)
4680,,-84.377875,33.761394,POINT (-84.377875 33.761394)
4681,,-84.4481222,33.7852146,POINT (-84.4481222 33.7852146)
4682,,-84.452084,33.783536,POINT (-84.452084 33.783536)
4683,,-84.3961765,33.7542635,POINT (-84.3961765 33.7542635)
4684,,-84.3947703,33.753536,POINT (-84.3947703 33.753536)
4685,,-84.3968537,33.7530214,POINT (-84.3968537 33.7530214)
4686,,-84.397979,33.753622,POINT (-84.397979 33.753622)
4687,,-84.4554303,33.8215778,POINT (-84.4554303 33.8215778)
4688,,-84.4096951,33.8747846,POINT (-84.4096951 33.8747846)
4689,,-84.40878,33.872158,POINT (-84.40878 33.872158)
4690,,-84.3834623,33.8776339,POINT (-84.3834623 33.8776339)
4691,,-84.3817245,33.8778146,POINT (-84.3817245 33.8778146)
4692,,-84.345445,33.747568,POINT (-84.345445 33.747568)
4693,,-84.367045,33.8113117,POINT (-84.367045 33.8113117)
4694,,-84.3668285,33.8114148,POINT (-84.3668285 33.8114148)
4695,,-84.35471,33.827534,POINT (-84.35471 33.827534)
4696,,-84.368353,33.8375277,POINT (-84.368353 33.8375277)
4697,,-84.3681362,33.8369896,POINT (-84.3681362 33.8369896)
4698,,-84.3690363,33.8388901,POINT (-84.3690363 33.8388901)
4699,,-84.3716536,33.8384453,POINT (-84.3716536 33.8384453)
4700,,-84.5032148,33.7875434,POINT (-84.5032148 33.7875434)
4701,,-84.5031442,33.7872033,POINT (-84.5031442 33.7872033)
4702,,-84.5031524,33.7874962,POINT (-84.5031524 33.7874962)
4703,,-84.4885069,33.78462,POINT (-84.4885069 33.78462)
4704,,-84.4921137,33.786425,POINT (-84.4921137 33.786425)
4705,,-84.3679371,33.834194,POINT (-84.3679371 33.834194)
4706,,-84.367947,33.8359973,POINT (-84.367947 33.8359973)
4707,,-84.3680378,33.8369999,POINT (-84.3680378 33.8369999)
4708,,-84.367937,33.8335992,POINT (-84.367937 33.8335992)
4709,,-84.3679664,33.8312433,POINT (-84.3679664 33.8312433)
4710,,-84.3679541,33.8315594,POINT (-84.3679541 33.8315594)
4711,,-84.3675279,33.8216763,POINT (-84.3675279 33.8216763)
4712,,-84.3673373,33.823593,POINT (-84.3673373 33.823593)
4713,,-84.3672231,33.8258147,POINT (-84.3672231 33.8258147)
4714,,-84.3673196,33.8238509,POINT (-84.3673196 33.8238509)
4715,,-84.367252,33.8281136,POINT (-84.367252 33.8281136)
4716,,-84.3674152,33.8224034,POINT (-84.3674152 33.8224034)
4717,,-84.3717034,33.6591402,POINT (-84.3717034 33.6591402)
4718,,-84.4341876,33.7395081,POINT (-84.4341876 33.7395081)
4719,,-84.4072315,33.8239474,POINT (-84.4072315 33.8239474)
4720,,-84.3516867,33.8257307,POINT (-84.3516867 33.8257307)
4721,,-84.3533827,33.8486156,POINT (-84.3533827 33.8486156)
4722,,-84.4443228,33.7921871,POINT (-84.4443228 33.7921871)
4723,,-84.443295,33.791683,POINT (-84.443295 33.791683)
4724,,-84.3578062,33.8776397,POINT (-84.3578062 33.8776397)
4725,,-84.357817,33.875979,POINT (-84.357817 33.875979)
4726,,-84.3810539,33.8667544,POINT (-84.3810539 33.8667544)
4727,,-84.3810845,33.8670746,POINT (-84.3810845 33.8670746)
4728,,-84.380734,33.864778,POINT (-84.380734 33.864778)
4729,,-84.3862564,33.7541856,POINT (-84.3862564 33.7541856)
4730,,-84.417302,33.741903,POINT (-84.417302 33.741903)
4731,,-84.3201407,33.7401604,POINT (-84.3201407 33.7401604)
4732,,-84.3212764,33.7397656,POINT (-84.3212764 33.7397656)
4733,,-84.318235,33.740307,POINT (-84.318235 33.740307)
4734,,-84.3205227,33.7399897,POINT (-84.3205227 33.7399897)
4735,,-84.371972,33.763233,POINT (-84.371972 33.763233)
4736,,-84.371944,33.764849,POINT (-84.371944 33.764849)
4737,,-84.371922,33.766387,POINT (-84.371922 33.766387)
4738,,-84.3606062,33.8513431,POINT (-84.3606062 33.8513431)
4739,,-84.375553,33.715162,POINT (-84.375553 33.715162)
4740,,-84.376849,33.715976,POINT (-84.376849 33.715976)
4741,,-84.3663108,33.8485857,POINT (-84.3663108 33.8485857)
4742,,-84.4075697,33.8002241,POINT (-84.4075697 33.8002241)
4743,,-84.4075849,33.8003023,POINT (-84.4075849 33.8003023)
4744,,-84.371909,33.767282,POINT (-84.371909 33.767282)
4745,,-84.406534,33.7546841,POINT (-84.406534 33.7546841)
4746,,-84.4076563,33.7546996,POINT (-84.4076563 33.7546996)
4747,,-84.371893,33.767902,POINT (-84.371893 33.767902)
4748,,-84.3788317,33.7544355,POINT (-84.3788317 33.7544355)
4749,,-84.3802891,33.7544576,POINT (-84.3802891 33.7544576)
4750,,-84.3794308,33.7544446,POINT (-84.3794308 33.7544446)
4751,,-84.371881,33.768416,POINT (-84.371881 33.768416)
4752,,-84.3668465,33.8191968,POINT (-84.3668465 33.8191968)
4753,,-84.37187,33.768753,POINT (-84.37187 33.768753)
4754,,-84.371828,33.769926,POINT (-84.371828 33.769926)
4755,,-84.3807222,33.845396,POINT (-84.3807222 33.845396)
4756,,-84.381765,33.8466,POINT (-84.381765 33.8466)
4757,,-84.3798579,33.8445422,POINT (-84.3798579 33.8445422)
4758,,-84.4182703,33.6980552,POINT (-84.4182703 33.6980552)
4759,,-84.4183405,33.6981266,POINT (-84.4183405 33.6981266)
4760,,-84.4069916,33.7373701,POINT (-84.4069916 33.7373701)
4761,,-84.404769,33.736552,POINT (-84.404769 33.736552)
4762,,-84.3984121,33.7537667,POINT (-84.3984121 33.7537667)
4763,,-84.4913688,33.7518328,POINT (-84.4913688 33.7518328)
4764,,-84.4916984,33.7519763,POINT (-84.4916984 33.7519763)
4765,,-84.4081391,33.8387989,POINT (-84.4081391 33.8387989)
4766,,-84.4081722,33.8389408,POINT (-84.4081722 33.8389408)
4767,,-84.4074158,33.7804313,POINT (-84.4074158 33.7804313)
4768,,-84.407427,33.7812891,POINT (-84.407427 33.7812891)
4769,,-84.3814454,33.7712808,POINT (-84.3814454 33.7712808)
4770,,-84.381893,33.77128,POINT (-84.381893 33.77128)
4771,,-84.3599967,33.8544116,POINT (-84.3599967 33.8544116)
4772,,-84.4125857,33.6966656,POINT (-84.4125857 33.6966656)
4773,,-84.357456,33.834493,POINT (-84.357456 33.834493)
4774,,-84.3617415,33.8441176,POINT (-84.3617415 33.8441176)
4775,,-84.3792799,33.8436159,POINT (-84.3792799 33.8436159)
4776,,-84.382693,33.8550878,POINT (-84.382693 33.8550878)
4777,,-84.3985191,33.7051816,POINT (-84.3985191 33.7051816)
4778,,-84.4746441,33.7912862,POINT (-84.4746441 33.7912862)
4779,,-84.421127,33.697729,POINT (-84.421127 33.697729)
4780,,-84.419705,33.697471,POINT (-84.419705 33.697471)
4781,,-84.415624,33.697407,POINT (-84.415624 33.697407)
4782,,-84.3899303,33.7991192,POINT (-84.3899303 33.7991192)
4783,,-84.354475,33.827178,POINT (-84.354475 33.827178)
4784,,-84.4303491,33.8460988,POINT (-84.4303491 33.8460988)
4785,,-84.3906311,33.772129,POINT (-84.3906311 33.772129)
4786,,-84.409996,33.6833656,POINT (-84.409996 33.6833656)
4787,,-84.4068844,33.6843825,POINT (-84.4068844 33.6843825)
4788,,-84.4123662,33.6786409,POINT (-84.4123662 33.6786409)
4789,,-84.482307,33.720072,POINT (-84.482307 33.720072)
4790,,-84.45997,33.72215,POINT (-84.45997 33.72215)
4791,,-84.457854,33.721777,POINT (-84.457854 33.721777)
4792,,-84.461803,33.722473,POINT (-84.461803 33.722473)
4793,,-84.371489,33.752177,POINT (-84.371489 33.752177)
4794,,-84.3880364,33.7947813,POINT (-84.3880364 33.7947813)
4795,,-84.3480214,33.7401609,POINT (-84.3480214 33.7401609)
4796,,-84.3468866,33.740154,POINT (-84.3468866 33.740154)
4797,,-84.4926825,33.6911779,POINT (-84.4926825 33.6911779)
4798,,-84.492213,33.691,POINT (-84.492213 33.691)
4799,,-84.4908373,33.6916472,POINT (-84.4908373 33.6916472)
4800,,-84.500235,33.6934012,POINT (-84.500235 33.6934012)
4801,,-84.459774,33.69865,POINT (-84.459774 33.69865)
4802,,-84.469352,33.757327,POINT (-84.469352 33.757327)
4803,,-84.41771,33.697235,POINT (-84.41771 33.697235)
4804,,-84.402213,33.68545,POINT (-84.402213 33.68545)
4805,,-84.3716414,33.7529538,POINT (-84.3716414 33.7529538)
4806,,-84.3968811,33.7483918,POINT (-84.3968811 33.7483918)
4807,,-84.397299,33.74744,POINT (-84.397299 33.74744)
4808,,-84.34473,33.739632,POINT (-84.34473 33.739632)
4809,,-84.3413455,33.7400985,POINT (-84.3413455 33.7400985)
4810,,-84.3905005,33.7549709,POINT (-84.3905005 33.7549709)
4811,,-84.379845,33.877099,POINT (-84.379845 33.877099)
4812,,-84.379787,33.878149,POINT (-84.379787 33.878149)
4813,,-84.3399765,33.7400666,POINT (-84.3399765 33.7400666)
4814,,-84.33937,33.74006,POINT (-84.33937 33.74006)
4815,,-84.3383472,33.7400625,POINT (-84.3383472 33.7400625)
4816,,-84.401671,33.722137,POINT (-84.401671 33.722137)
4817,,-84.399181,33.778274,POINT (-84.399181 33.778274)
4818,,-84.3957622,33.7776404,POINT (-84.3957622 33.7776404)
4819,,-84.3374837,33.7400501,POINT (-84.3374837 33.7400501)
4820,,-84.3371622,33.7400467,POINT (-84.3371622 33.7400467)
4821,,-84.336082,33.740039,POINT (-84.336082 33.740039)
4822,,-84.367238,33.78822,POINT (-84.367238 33.78822)
4823,,-84.435603,33.714547,POINT (-84.435603 33.714547)
4824,,-84.436561,33.714558,POINT (-84.436561 33.714558)
4825,,-84.333412,33.739987,POINT (-84.333412 33.739987)
4826,,-84.369956,33.688814,POINT (-84.369956 33.688814)
4827,,-84.3579913,33.8553449,POINT (-84.3579913 33.8553449)
4828,,-84.3542527,33.854655,POINT (-84.3542527 33.854655)
4829,,-84.357996,33.858108,POINT (-84.357996 33.858108)
4830,,-84.357984,33.859286,POINT (-84.357984 33.859286)
4831,,-84.357956,33.861765,POINT (-84.357956 33.861765)
4832,,-84.322088,33.739695,POINT (-84.322088 33.739695)
4833,,-84.358299,33.871335,POINT (-84.358299 33.871335)
4834,,-84.358083,33.872456,POINT (-84.358083 33.872456)
4835,,-84.357873,33.874197,POINT (-84.357873 33.874197)
4836,,-84.35786,33.874601,POINT (-84.35786 33.874601)
4837,,-84.31389,33.740143,POINT (-84.31389 33.740143)
4838,,-84.357832,33.875503,POINT (-84.357832 33.875503)
4839,,-84.311123,33.740061,POINT (-84.311123 33.740061)
4840,,-84.3927875,33.7524269,POINT (-84.3927875 33.7524269)
4841,,-84.3918849,33.7503138,POINT (-84.3918849 33.7503138)
4842,,-84.389855,33.750801,POINT (-84.389855 33.750801)
4843,,-84.388458,33.750039,POINT (-84.388458 33.750039)
4844,,-84.389338,33.74892,POINT (-84.389338 33.74892)
4845,,-84.380695,33.747413,POINT (-84.380695 33.747413)
4846,,-84.378141,33.747393,POINT (-84.378141 33.747393)
4847,,-84.3758734,33.7474483,POINT (-84.3758734 33.7474483)
4848,,-84.375158,33.747448,POINT (-84.375158 33.747448)
4849,,-84.408442,33.871331,POINT (-84.408442 33.871331)
4850,,-84.411312,33.869971,POINT (-84.411312 33.869971)
4851,,-84.40733,33.870049,POINT (-84.40733 33.870049)
4852,,-84.412244,33.869048,POINT (-84.412244 33.869048)
4853,,-84.412228,33.866328,POINT (-84.412228 33.866328)
4854,,-84.417025,33.864421,POINT (-84.417025 33.864421)
4855,,-84.42094,33.864387,POINT (-84.42094 33.864387)
4856,,-84.4216509,33.8642357,POINT (-84.4216509 33.8642357)
4857,,-84.4289389,33.8675098,POINT (-84.4289389 33.8675098)
4858,,-84.428228,33.868113,POINT (-84.428228 33.868113)
4859,,-84.4023762,33.7742915,POINT (-84.4023762 33.7742915)
4860,,-84.40241,33.777284,POINT (-84.40241 33.777284)
4861,,-84.290486,33.7388742,POINT (-84.290486 33.7388742)
4862,,-84.371057,33.755464,POINT (-84.371057 33.755464)
4863,,-84.369971,33.755469,POINT (-84.369971 33.755469)
4864,,-84.369793,33.755518,POINT (-84.369793 33.755518)
4865,,-84.3689582,33.7558381,POINT (-84.3689582 33.7558381)
4866,,-84.366982,33.756506,POINT (-84.366982 33.756506)
4867,,-84.366883,33.756584,POINT (-84.366883 33.756584)
4868,,-84.368391,33.728365,POINT (-84.368391 33.728365)
4869,,-84.368402,33.727583,POINT (-84.368402 33.727583)
4870,,-84.436575,33.735307,POINT (-84.436575 33.735307)
4871,,-84.436265,33.73604,POINT (-84.436265 33.73604)
4872,,-84.436658,33.735098,POINT (-84.436658 33.735098)
4873,,-84.3310256,33.7615064,POINT (-84.3310256 33.7615064)
4874,,-84.32938,33.7607895,POINT (-84.32938 33.7607895)
4875,,-84.405692,33.853953,POINT (-84.405692 33.853953)
4876,,-84.405302,33.856111,POINT (-84.405302 33.856111)
4877,,-84.403456,33.859932,POINT (-84.403456 33.859932)
4878,,-84.404435,33.862583,POINT (-84.404435 33.862583)
4879,,-84.332203,33.7618877,POINT (-84.332203 33.7618877)
4880,,-84.405329,33.864725,POINT (-84.405329 33.864725)
4881,,-84.406115,33.866687,POINT (-84.406115 33.866687)
4882,,-84.406397,33.867281,POINT (-84.406397 33.867281)
4883,,-84.406997,33.868534,POINT (-84.406997 33.868534)
4884,,-84.462775,33.722547,POINT (-84.462775 33.722547)
4885,,-84.463019,33.722514,POINT (-84.463019 33.722514)
4886,,-84.464564,33.717533,POINT (-84.464564 33.717533)
4887,,-84.4655227,33.7182227,POINT (-84.4655227 33.7182227)
4888,,-84.462565,33.7161,POINT (-84.462565 33.7161)
4889,,-84.3805199,33.8757201,POINT (-84.3805199 33.8757201)
4890,,-84.434394,33.806407,POINT (-84.434394 33.806407)
4891,,-84.404454,33.753894,POINT (-84.404454 33.753894)
4892,,-84.406549,33.753931,POINT (-84.406549 33.753931)
4893,,-84.394329,33.751659,POINT (-84.394329 33.751659)
4894,,-84.394793,33.751044,POINT (-84.394793 33.751044)
4895,,-84.3934384,33.7528015,POINT (-84.3934384 33.7528015)
4896,,-84.519572,33.692895,POINT (-84.519572 33.692895)
4897,,-84.5189358,33.693263,POINT (-84.5189358 33.693263)
4898,,-84.519984,33.692659,POINT (-84.519984 33.692659)
4899,,-84.382049,33.765551,POINT (-84.382049 33.765551)
4900,,-84.382019,33.767509,POINT (-84.382019 33.767509)
4901,,-84.3819941,33.7686584,POINT (-84.3819941 33.7686584)
4902,,-84.381927,33.7698717,POINT (-84.381927 33.7698717)
4903,,-84.381688,33.773463,POINT (-84.381688 33.773463)
4904,,-84.503583,33.758257,POINT (-84.503583 33.758257)
4905,,-84.3469284,33.7608241,POINT (-84.3469284 33.7608241)
4906,,-84.4054821,33.7546448,POINT (-84.4054821 33.7546448)
4907,,-84.3455443,33.7610671,POINT (-84.3455443 33.7610671)
4908,,-84.4065347,33.7546176,POINT (-84.4065347 33.7546176)
4909,,-84.407864,33.754702,POINT (-84.407864 33.754702)
4910,,-84.4100807,33.7546925,POINT (-84.4100807 33.7546925)
4911,,-84.411794,33.75469,POINT (-84.411794 33.75469)
4912,,-84.41754,33.755564,POINT (-84.41754 33.755564)
4913,,-84.41869,33.754733,POINT (-84.41869 33.754733)
4914,,-84.41987,33.754747,POINT (-84.41987 33.754747)
4915,,-84.3432857,33.7614733,POINT (-84.3432857 33.7614733)
4916,,-84.420406,33.754767,POINT (-84.420406 33.754767)
4917,,-84.421317,33.7547938,POINT (-84.421317 33.7547938)
4918,,-84.423891,33.754417,POINT (-84.423891 33.754417)
4919,,-84.424445,33.754146,POINT (-84.424445 33.754146)
4920,,-84.426549,33.753492,POINT (-84.426549 33.753492)
4921,,-84.428123,33.753484,POINT (-84.428123 33.753484)
4922,,-84.428765,33.753522,POINT (-84.428765 33.753522)
4923,,-84.429777,33.753586,POINT (-84.429777 33.753586)
4924,,-84.43206,33.753731,POINT (-84.43206 33.753731)
4925,,-84.433328,33.753791,POINT (-84.433328 33.753791)
4926,,-84.433463,33.754707,POINT (-84.433463 33.754707)
4927,,-84.436153,33.753389,POINT (-84.436153 33.753389)
4928,,-84.438191,33.752849,POINT (-84.438191 33.752849)
4929,,-84.440243,33.752053,POINT (-84.440243 33.752053)
4930,,-84.441237,33.751684,POINT (-84.441237 33.751684)
4931,,-84.442638,33.751447,POINT (-84.442638 33.751447)
4932,,-84.458401,33.750634,POINT (-84.458401 33.750634)
4933,,-84.459166,33.75085,POINT (-84.459166 33.75085)
4934,,-84.461621,33.751893,POINT (-84.461621 33.751893)
4935,,-84.463127,33.75237,POINT (-84.463127 33.75237)
4936,,-84.464352,33.752219,POINT (-84.464352 33.752219)
4937,,-84.3371008,33.7624708,POINT (-84.3371008 33.7624708)
4938,,-84.46667,33.751757,POINT (-84.46667 33.751757)
4939,,-84.4729383,33.7536377,POINT (-84.4729383 33.7536377)
4940,,-84.4730861,33.7536671,POINT (-84.4730861 33.7536671)
4941,,-84.4764492,33.7542808,POINT (-84.4764492 33.7542808)
4942,,-84.3351548,33.7625132,POINT (-84.3351548 33.7625132)
4943,,-84.481152,33.754431,POINT (-84.481152 33.754431)
4944,,-84.3340846,33.7623827,POINT (-84.3340846 33.7623827)
4945,,-84.404021,33.72215,POINT (-84.404021 33.72215)
4946,,-84.404811,33.722155,POINT (-84.404811 33.722155)
4947,,-84.40323,33.722146,POINT (-84.40323 33.722146)
4948,,-84.454774,33.781329,POINT (-84.454774 33.781329)
4949,,-84.454295,33.782683,POINT (-84.454295 33.782683)
4950,,-84.3241712,33.7605442,POINT (-84.3241712 33.7605442)
4951,,-84.3225766,33.761289,POINT (-84.3225766 33.761289)
4952,,-84.4175145,33.7597725,POINT (-84.4175145 33.7597725)
4953,,-84.4175257,33.7591017,POINT (-84.4175257 33.7591017)
4954,,-84.417502,33.760425,POINT (-84.417502 33.760425)
4955,,-84.3215091,33.7619189,POINT (-84.3215091 33.7619189)
4956,,-84.4329881,33.7864364,POINT (-84.4329881 33.7864364)
4957,,-84.37881,33.717404,POINT (-84.37881 33.717404)
4958,,-84.3180423,33.7639737,POINT (-84.3180423 33.7639737)
4959,,-84.3685685,33.7146433,POINT (-84.3685685 33.7146433)
4960,,-84.3685804,33.7138195,POINT (-84.3685804 33.7138195)
4961,,-84.487365,33.677833,POINT (-84.487365 33.677833)
4962,,-84.488053,33.677752,POINT (-84.488053 33.677752)
4963,,-84.490147,33.677703,POINT (-84.490147 33.677703)
4964,,-84.50571,33.674849,POINT (-84.50571 33.674849)
4965,,-84.506661,33.674601,POINT (-84.506661 33.674601)
4966,,-84.3547282,33.7561434,POINT (-84.3547282 33.7561434)
4967,,-84.3567037,33.7550351,POINT (-84.3567037 33.7550351)
4968,,-84.3331986,33.7490947,POINT (-84.3331986 33.7490947)
4969,,-84.334173,33.774118,POINT (-84.334173 33.774118)
4970,,-84.3731391,33.8381811,POINT (-84.3731391 33.8381811)
4971,,-84.373457,33.838215,POINT (-84.373457 33.838215)
4972,,-84.388716,33.684533,POINT (-84.388716 33.684533)
4973,,-84.364894,33.733688,POINT (-84.364894 33.733688)
4974,,-84.3648326,33.7329955,POINT (-84.3648326 33.7329955)
4975,,-84.364745,33.7321,POINT (-84.364745 33.7321)
4976,,-84.364582,33.730361,POINT (-84.364582 33.730361)
4977,,-84.364436,33.729328,POINT (-84.364436 33.729328)
4978,,-84.399389,33.672937,POINT (-84.399389 33.672937)
4979,,-84.3893463,33.6968176,POINT (-84.3893463 33.6968176)
4980,,-84.390285,33.694473,POINT (-84.390285 33.694473)
4981,,-84.39049,33.689014,POINT (-84.39049 33.689014)
4982,,-84.389325,33.686451,POINT (-84.389325 33.686451)
4983,,-84.388727,33.685104,POINT (-84.388727 33.685104)
4984,,-84.495294,33.750801,POINT (-84.495294 33.750801)
4985,,-84.504876,33.749843,POINT (-84.504876 33.749843)
4986,,-84.510964,33.749044,POINT (-84.510964 33.749044)
4987,,-84.515478,33.74659,POINT (-84.515478 33.74659)
4988,,-84.516302,33.746801,POINT (-84.516302 33.746801)
4989,,-84.518055,33.747242,POINT (-84.518055 33.747242)
4990,,-84.5279727,33.7462558,POINT (-84.5279727 33.7462558)
4991,,-84.368316,33.730434,POINT (-84.368316 33.730434)
4992,,-84.386248,33.730391,POINT (-84.386248 33.730391)
4993,,-84.384382,33.730374,POINT (-84.384382 33.730374)
4994,,-84.383236,33.730364,POINT (-84.383236 33.730364)
4995,,-84.381,33.730345,POINT (-84.381 33.730345)
4996,,-84.3799636,33.7303344,POINT (-84.3799636 33.7303344)
4997,,-84.37664,33.730306,POINT (-84.37664 33.730306)
4998,,-84.37513,33.730293,POINT (-84.37513 33.730293)
4999,,-84.370518,33.730179,POINT (-84.370518 33.730179)
5000,,-84.292229,33.751624,POINT (-84.292229 33.751624)
5001,,-84.292288,33.750689,POINT (-84.292288 33.750689)
5002,,-84.446728,33.714687,POINT (-84.446728 33.714687)
5003,,-84.448371,33.714707,POINT (-84.448371 33.714707)
5004,,-84.444034,33.714646,POINT (-84.444034 33.714646)
5005,,-84.292315,33.748747,POINT (-84.292315 33.748747)
5006,,-84.3831326,33.7213919,POINT (-84.3831326 33.7213919)
5007,,-84.38276,33.721253,POINT (-84.38276 33.721253)
5008,,-84.381993,33.720664,POINT (-84.381993 33.720664)
5009,,-84.377889,33.71661,POINT (-84.377889 33.71661)
5010,,-84.4175208,33.75662,POINT (-84.4175208 33.75662)
5011,,-84.4175287,33.7574523,POINT (-84.4175287 33.7574523)
5012,,-84.4175282,33.7578001,POINT (-84.4175282 33.7578001)
5013,,-84.417526,33.758166,POINT (-84.417526 33.758166)
5014,,-84.417482,33.762237,POINT (-84.417482 33.762237)
5015,,-84.417478,33.762611,POINT (-84.417478 33.762611)
5016,,-84.417459,33.764288,POINT (-84.417459 33.764288)
5017,,-84.417452,33.764974,POINT (-84.417452 33.764974)
5018,,-84.417436,33.766408,POINT (-84.417436 33.766408)
5019,,-84.417436,33.76648,POINT (-84.417436 33.76648)
5020,,-84.417428,33.767094,POINT (-84.417428 33.767094)
5021,,-84.4174269,33.768919,POINT (-84.4174269 33.768919)
5022,,-84.4174055,33.7700273,POINT (-84.4174055 33.7700273)
5023,,-84.417397,33.770475,POINT (-84.417397 33.770475)
5024,,-84.4173906,33.7713862,POINT (-84.4173906 33.7713862)
5025,,-84.4173799,33.7722014,POINT (-84.4173799 33.7722014)
5026,,-84.41736,33.774107,POINT (-84.41736 33.774107)
5027,,-84.417354,33.775148,POINT (-84.417354 33.775148)
5028,,-84.417351,33.775598,POINT (-84.417351 33.775598)
5029,,-84.417347,33.776192,POINT (-84.417347 33.776192)
5030,,-84.3611936,33.7540309,POINT (-84.3611936 33.7540309)
5031,,-84.3590721,33.7543917,POINT (-84.3590721 33.7543917)
5032,,-84.3526227,33.7579028,POINT (-84.3526227 33.7579028)
5033,,-84.3930604,33.7646517,POINT (-84.3930604 33.7646517)
5034,,-84.3882349,33.7216823,POINT (-84.3882349 33.7216823)
5035,,-84.385917,33.719867,POINT (-84.385917 33.719867)
5036,,-84.385274,33.719351,POINT (-84.385274 33.719351)
5037,,-84.384402,33.718768,POINT (-84.384402 33.718768)
5038,,-84.383715,33.718368,POINT (-84.383715 33.718368)
5039,,-84.382887,33.717897,POINT (-84.382887 33.717897)
5040,,-84.3303589,33.7533772,POINT (-84.3303589 33.7533772)
5041,,-84.372367,33.713841,POINT (-84.372367 33.713841)
5042,,-84.370054,33.713838,POINT (-84.370054 33.713838)
5043,,-84.366721,33.713233,POINT (-84.366721 33.713233)
5044,,-84.365378,33.712738,POINT (-84.365378 33.712738)
5045,,-84.364192,33.712067,POINT (-84.364192 33.712067)
5046,,-84.363164,33.71143,POINT (-84.363164 33.71143)
5047,,-84.36149,33.710388,POINT (-84.36149 33.710388)
5048,,-84.360636,33.709778,POINT (-84.360636 33.709778)
5049,,-84.359591,33.709014,POINT (-84.359591 33.709014)
5050,,-84.358301,33.707971,POINT (-84.358301 33.707971)
5051,,-84.453236,33.783136,POINT (-84.453236 33.783136)
5052,,-84.433602,33.786916,POINT (-84.433602 33.786916)
5053,,-84.396036,33.749438,POINT (-84.396036 33.749438)
5054,,-84.455467,33.721356,POINT (-84.455467 33.721356)
5055,,-84.456494,33.721537,POINT (-84.456494 33.721537)
5056,,-84.456881,33.715103,POINT (-84.456881 33.715103)
5057,,-84.457971,33.715203,POINT (-84.457971 33.715203)
5058,,-84.395169,33.807348,POINT (-84.395169 33.807348)
5059,,-84.396335,33.807933,POINT (-84.396335 33.807933)
5060,,-84.397884,33.808429,POINT (-84.397884 33.808429)
5061,,-84.399212,33.808835,POINT (-84.399212 33.808835)
5062,,-84.402251,33.810025,POINT (-84.402251 33.810025)
5063,,-84.403073,33.810892,POINT (-84.403073 33.810892)
5064,,-84.40388,33.811046,POINT (-84.40388 33.811046)
5065,,-84.405222,33.810863,POINT (-84.405222 33.810863)
5066,,-84.406428,33.810545,POINT (-84.406428 33.810545)
5067,,-84.406705,33.810472,POINT (-84.406705 33.810472)
5068,,-84.341734,33.736156,POINT (-84.341734 33.736156)
5069,,-84.34219,33.737023,POINT (-84.34219 33.737023)
5070,,-84.430697,33.811989,POINT (-84.430697 33.811989)
5071,,-84.432319,33.811046,POINT (-84.432319 33.811046)
5072,,-84.435218,33.808765,POINT (-84.435218 33.808765)
5073,,-84.295992,33.753638,POINT (-84.295992 33.753638)
5074,,-84.343997,33.739063,POINT (-84.343997 33.739063)
5075,,-84.342851,33.738121,POINT (-84.342851 33.738121)
5076,,-84.435722,33.737208,POINT (-84.435722 33.737208)
5077,,-84.435873,33.736894,POINT (-84.435873 33.736894)
5078,,-84.342707,33.737933,POINT (-84.342707 33.737933)
5079,,-84.438354,33.732327,POINT (-84.438354 33.732327)
5080,,-84.440026,33.730617,POINT (-84.440026 33.730617)
5081,,-84.440613,33.730017,POINT (-84.440613 33.730017)
5082,,-84.441114,33.729505,POINT (-84.441114 33.729505)
5083,,-84.441606,33.729047,POINT (-84.441606 33.729047)
5084,,-84.441689,33.728978,POINT (-84.441689 33.728978)
5085,,-84.442254,33.728559,POINT (-84.442254 33.728559)
5086,,-84.443032,33.728036,POINT (-84.443032 33.728036)
5087,,-84.443535,33.727697,POINT (-84.443535 33.727697)
5088,,-84.443906,33.727447,POINT (-84.443906 33.727447)
5089,,-84.444926,33.726766,POINT (-84.444926 33.726766)
5090,,-84.445111,33.726642,POINT (-84.445111 33.726642)
5091,,-84.44631,33.725842,POINT (-84.44631 33.725842)
5092,,-84.465916,33.721485,POINT (-84.465916 33.721485)
5093,,-84.469215,33.720639,POINT (-84.469215 33.720639)
5094,,-84.471544,33.720161,POINT (-84.471544 33.720161)
5095,,-84.472284,33.720009,POINT (-84.472284 33.720009)
5096,,-84.340047,33.733772,POINT (-84.340047 33.733772)
5097,,-84.483668,33.719941,POINT (-84.483668 33.719941)
5098,,-84.484713,33.7199,POINT (-84.484713 33.7199)
5099,,-84.486338,33.719886,POINT (-84.486338 33.719886)
5100,,-84.488076,33.719884,POINT (-84.488076 33.719884)
5101,,-84.490938,33.720274,POINT (-84.490938 33.720274)
5102,,-84.492784,33.720596,POINT (-84.492784 33.720596)
5103,,-84.495934,33.721421,POINT (-84.495934 33.721421)
5104,,-84.3394029,33.7332116,POINT (-84.3394029 33.7332116)
5105,,-84.521267,33.691896,POINT (-84.521267 33.691896)
5106,,-84.522874,33.69086,POINT (-84.522874 33.69086)
5107,,-84.525139,33.690043,POINT (-84.525139 33.690043)
5108,,-84.338722,33.732606,POINT (-84.338722 33.732606)
5109,,-84.338103,33.732093,POINT (-84.338103 33.732093)
5110,,-84.378758,33.664188,POINT (-84.378758 33.664188)
5111,,-84.373539,33.764858,POINT (-84.373539 33.764858)
5112,,-84.373376,33.766336,POINT (-84.373376 33.766336)
5113,,-84.373211,33.767635,POINT (-84.373211 33.767635)
5114,,-84.373176,33.767914,POINT (-84.373176 33.767914)
5115,,-84.373077,33.768709,POINT (-84.373077 33.768709)
5116,,-84.373007,33.769267,POINT (-84.373007 33.769267)
5117,,-84.372929,33.769889,POINT (-84.372929 33.769889)
5118,,-84.3824523,33.8544439,POINT (-84.3824523 33.8544439)
5119,,-84.3802609,33.8544264,POINT (-84.3802609 33.8544264)
5120,,-84.378833,33.854424,POINT (-84.378833 33.854424)
5121,,-84.377786,33.855338,POINT (-84.377786 33.855338)
5122,,-84.376415,33.856973,POINT (-84.376415 33.856973)
5123,,-84.376042,33.857181,POINT (-84.376042 33.857181)
5124,,-84.36784,33.857362,POINT (-84.36784 33.857362)
5125,,-84.364645,33.857481,POINT (-84.364645 33.857481)
5126,,-84.3923857,33.7407404,POINT (-84.3923857 33.7407404)
5127,,-84.402457,33.722141,POINT (-84.402457 33.722141)
5128,,-84.3792015,33.8392427,POINT (-84.3792015 33.8392427)
5129,,-84.379339,33.840614,POINT (-84.379339 33.840614)
5130,,-84.37912,33.841205,POINT (-84.37912 33.841205)
5131,,-84.38272,33.848952,POINT (-84.38272 33.848952)
5132,,-84.38282,33.849435,POINT (-84.38282 33.849435)
5133,,-84.380413,33.861202,POINT (-84.380413 33.861202)
5134,,-84.380374,33.861481,POINT (-84.380374 33.861481)
5135,,-84.380251,33.8625,POINT (-84.380251 33.8625)
5136,,-84.380261,33.862899,POINT (-84.380261 33.862899)
5137,,-84.381096,33.868637,POINT (-84.381096 33.868637)
5138,,-84.381069,33.870267,POINT (-84.381069 33.870267)
5139,,-84.3810488,33.8729935,POINT (-84.3810488 33.8729935)
5140,,-84.4277,33.868881,POINT (-84.4277 33.868881)
5141,,-84.435792,33.867538,POINT (-84.435792 33.867538)
5142,,-84.4375093,33.8666872,POINT (-84.4375093 33.8666872)
5143,,-84.3514267,33.825922,POINT (-84.3514267 33.825922)
5144,,-84.448835,33.755038,POINT (-84.448835 33.755038)
5145,,-84.449781,33.757355,POINT (-84.449781 33.757355)
5146,,-84.450493,33.7601,POINT (-84.450493 33.7601)
5147,,-84.450982,33.761742,POINT (-84.450982 33.761742)
5148,,-84.451172,33.762742,POINT (-84.451172 33.762742)
5149,,-84.365178,33.74197,POINT (-84.365178 33.74197)
5150,,-84.363407,33.741065,POINT (-84.363407 33.741065)
5151,,-84.3593503,33.7398361,POINT (-84.3593503 33.7398361)
5152,,-84.354919,33.739786,POINT (-84.354919 33.739786)
5153,,-84.354256,33.739909,POINT (-84.354256 33.739909)
5154,,-84.353402,33.740076,POINT (-84.353402 33.740076)
5155,,-84.352423,33.740267,POINT (-84.352423 33.740267)
5156,,-84.351288,33.740419,POINT (-84.351288 33.740419)
5157,,-84.350453,33.740398,POINT (-84.350453 33.740398)
5158,,-84.503245,33.762223,POINT (-84.503245 33.762223)
5159,,-84.501481,33.763898,POINT (-84.501481 33.763898)
5160,,-84.500321,33.765094,POINT (-84.500321 33.765094)
5161,,-84.500105,33.766923,POINT (-84.500105 33.766923)
5162,,-84.500098,33.768417,POINT (-84.500098 33.768417)
5163,,-84.5001384,33.7712874,POINT (-84.5001384 33.7712874)
5164,,-84.500139,33.771902,POINT (-84.500139 33.771902)
5165,,-84.500177,33.773909,POINT (-84.500177 33.773909)
5166,,-84.437696,33.714571,POINT (-84.437696 33.714571)
5167,,-84.438822,33.714585,POINT (-84.438822 33.714585)
5168,,-84.439476,33.714593,POINT (-84.439476 33.714593)
5169,,-84.439816,33.714597,POINT (-84.439816 33.714597)
5170,,-84.4401858,33.7146009,POINT (-84.4401858 33.7146009)
5171,,-84.440755,33.714608,POINT (-84.440755 33.714608)
5172,,-84.442221,33.714625,POINT (-84.442221 33.714625)
5173,,-84.458525,33.715233,POINT (-84.458525 33.715233)
5174,,-84.3798918,33.783016,POINT (-84.3798918 33.783016)
5175,,-84.4250353,33.78565,POINT (-84.4250353 33.78565)
5176,,-84.4261033,33.785924,POINT (-84.4261033 33.785924)
5177,,-84.458101,33.802658,POINT (-84.458101 33.802658)
5178,,-84.467135,33.804932,POINT (-84.467135 33.804932)
5179,,-84.468622,33.804936,POINT (-84.468622 33.804936)
5180,,-84.397612,33.7221027,POINT (-84.397612 33.7221027)
5181,,-84.398477,33.722116,POINT (-84.398477 33.722116)
5182,,-84.399269,33.722121,POINT (-84.399269 33.722121)
5183,,-84.400065,33.722127,POINT (-84.400065 33.722127)
5184,,-84.400844,33.722131,POINT (-84.400844 33.722131)
5185,,-84.405889,33.722162,POINT (-84.405889 33.722162)
5186,,-84.3692167,33.8394876,POINT (-84.3692167 33.8394876)
5187,,-84.359358,33.846704,POINT (-84.359358 33.846704)
5188,,-84.358146,33.843601,POINT (-84.358146 33.843601)
5189,,-84.3785558,33.8391851,POINT (-84.3785558 33.8391851)
5190,,-84.377897,33.839198,POINT (-84.377897 33.839198)
5191,,-84.37644,33.839066,POINT (-84.37644 33.839066)
5192,,-84.35773,33.835424,POINT (-84.35773 33.835424)
5193,,-84.3581149,33.8415598,POINT (-84.3581149 33.8415598)
5194,,-84.377243,33.812359,POINT (-84.377243 33.812359)
5195,,-84.37284,33.812398,POINT (-84.37284 33.812398)
5196,,-84.3740067,33.8370423,POINT (-84.3740067 33.8370423)
5197,,-84.373088,33.8370679,POINT (-84.373088 33.8370679)
5198,,-84.3748473,33.8370064,POINT (-84.3748473 33.8370064)
5199,,-84.399773,33.749133,POINT (-84.399773 33.749133)
5200,,-84.400485,33.748564,POINT (-84.400485 33.748564)
5201,,-84.4038024,33.7456159,POINT (-84.4038024 33.7456159)
5202,,-84.404212,33.745208,POINT (-84.404212 33.745208)
5203,,-84.407545,33.743481,POINT (-84.407545 33.743481)
5204,,-84.377829,33.837038,POINT (-84.377829 33.837038)
5205,,-84.376357,33.837021,POINT (-84.376357 33.837021)
5206,,-84.371121,33.836995,POINT (-84.371121 33.836995)
5207,,-84.370623,33.836991,POINT (-84.370623 33.836991)
