o_zone_id,d_zone_id,volume
1,5,4
1,6,9
1,11,2
1,14,2
1,18,1
1,19,1
1,21,1
1,23,2
1,27,1
1,29,8
1,30,15
1,31,1
1,33,1
1,41,2
1,42,2
1,43,1
1,45,4
1,48,3
1,49,3
1,51,7
1,52,1
1,54,1
1,55,5
1,56,7
1,57,2
1,58,3
1,59,1
1,60,1
1,61,1
1,66,29
1,67,14
1,69,7
1,71,2
1,72,2
1,73,1
1,74,1
1,76,6
1,77,1
1,80,1
1,81,4
1,85,2
1,88,3
1,89,3
1,93,1
1,94,11
1,95,4
1,96,6
1,99,6
1,101,2
1,102,4
1,103,1
1,104,2
1,109,2
1,115,1
1,119,1
1,120,1
1,130,2
1,131,1
1,132,1
1,133,4
1,135,2
1,137,1
1,141,2
1,144,1
1,150,1
1,151,2
1,154,1
1,157,1
1,161,1
1,167,1
1,168,1
1,169,1
1,170,1
1,175,1
2,1,12
2,3,6
2,4,8
2,5,10
2,6,81
2,7,5
2,8,2
2,10,2
2,11,1
2,13,1
2,14,18
2,15,2
2,18,1
2,19,5
2,21,4
2,23,1
2,26,1
2,27,2
2,28,5
2,29,9
2,30,10
2,31,8
2,32,8
2,33,6
2,34,4
2,36,4
2,39,1
2,41,17
2,42,16
2,43,6
2,45,9
2,46,2
2,47,2
2,48,2
2,49,4
2,51,13
2,52,11
2,54,2
2,55,6
2,56,6
2,57,22
2,58,3
2,59,1
2,66,50
2,67,115
2,68,4
2,69,13
2,70,10
2,71,11
2,72,4
2,73,3
2,74,5
2,76,27
2,77,1
2,79,3
2,80,2
2,81,3
2,82,8
2,83,1
2,85,4
2,86,6
2,89,3
2,92,6
2,93,3
2,94,9
2,95,8
2,96,12
2,97,7
2,99,2
2,101,4
2,103,1
2,106,1
2,107,4
2,108,2
2,109,3
2,110,6
2,113,4
2,114,2
2,115,1
2,116,1
2,118,1
2,119,14
2,120,2
2,121,1
2,123,1
2,124,3
2,126,2
2,127,10
2,128,5
2,129,2
2,130,4
2,132,6
2,133,3
2,136,6
2,137,5
2,138,1
2,139,7
2,140,9
2,141,12
2,142,1
2,144,2
2,151,2
2,154,4
2,157,18
2,159,2
2,160,2
2,164,1
2,166,1
2,167,3
2,168,4
2,170,1
2,171,1
2,172,3
2,173,1
2,174,2
2,175,4
3,1,9
3,2,2
3,4,3
3,5,19
3,6,47
3,7,2
3,9,2
3,13,1
3,14,13
3,15,1
3,18,2
3,19,9
3,20,1
3,21,7
3,24,5
3,27,5
3,28,3
3,29,9
3,30,30
3,31,5
3,32,1
3,33,7
3,34,3
3,36,5
3,38,1
3,39,3
3,41,18
3,42,17
3,44,1
3,45,2
3,46,1
3,49,3
3,50,2
3,51,35
3,52,6
3,53,1
3,54,4
3,55,11
3,56,3
3,57,24
3,58,2
3,59,1
3,63,1
3,65,1
3,66,58
3,67,118
3,68,4
3,69,33
3,70,4
3,71,14
3,72,3
3,73,9
3,74,3
3,76,19
3,78,2
3,79,2
3,80,2
3,82,7
3,84,2
3,85,1
3,86,13
3,87,1
3,88,1
3,89,2
3,92,1
3,94,9
3,95,12
3,96,19
3,97,8
3,98,8
3,99,5
3,101,1
3,102,7
3,104,4
3,105,8
3,106,2
3,109,1
3,110,6
3,113,4
3,115,4
3,116,1
3,118,9
3,119,18
3,120,2
3,121,2
3,124,2
3,126,2
3,127,3
3,128,13
3,130,6
3,132,3
3,133,1
3,136,4
3,137,3
3,139,5
3,140,5
3,141,21
3,142,2
3,144,2
3,150,2
3,151,1
3,152,2
3,154,1
3,155,1
3,156,2
3,157,8
3,159,4
3,160,2
3,161,1
3,162,1
3,163,2
3,164,3
3,167,3
3,168,3
3,171,1
3,174,1
3,175,3
4,1,13
4,2,5
4,3,3
4,5,23
4,6,54
4,7,2
4,8,5
4,9,3
4,11,3
4,13,2
4,14,9
4,20,1
4,23,4
4,24,3
4,25,1
4,26,2
4,27,1
4,28,7
4,29,14
4,30,35
4,31,5
4,32,4
4,33,6
4,36,2
4,37,1
4,38,2
4,39,7
4,40,2
4,41,21
4,42,22
4,44,3
4,45,8
4,46,10
4,48,1
4,51,37
4,52,24
4,54,9
4,55,4
4,56,10
4,57,21
4,59,1
4,60,1
4,62,1
4,64,1
4,66,53
4,67,79
4,68,4
4,69,22
4,70,7
4,71,6
4,72,4
4,73,3
4,74,8
4,76,27
4,78,5
4,79,2
4,80,4
4,81,5
4,82,13
4,84,3
4,85,2
4,86,9
4,87,3
4,88,1
4,89,8
4,90,1
4,91,2
4,92,2
4,93,15
4,94,18
4,95,6
4,96,33
4,97,2
4,98,2
4,99,5
4,101,5
4,102,11
4,103,3
4,104,5
4,105,3
4,106,5
4,107,2
4,108,1
4,109,3
4,110,10
4,112,1
4,113,2
4,115,12
4,116,1
4,118,3
4,119,23
4,120,9
4,121,4
4,126,6
4,127,17
4,128,7
4,129,1
4,130,6
4,131,1
4,133,5
4,134,4
4,136,10
4,137,9
4,139,4
4,140,11
4,141,12
4,142,2
4,143,1
4,144,5
4,148,2
4,150,1
4,151,1
4,152,2
4,154,1
4,155,3
4,157,12
4,159,2
4,160,6
4,164,2
4,166,2
4,167,1
4,168,1
4,170,3
4,172,2
4,175,3
5,1,7
5,2,2
5,3,1
5,4,4
5,6,32
5,8,2
5,13,2
5,14,4
5,20,3
5,21,3
5,24,2
5,27,1
5,29,3
5,30,5
5,31,3
5,32,2
5,33,1
5,36,1
5,39,1
5,40,1
5,41,8
5,42,3
5,43,1
5,45,4
5,46,2
5,47,3
5,48,2
5,49,2
5,51,31
5,52,3
5,54,1
5,55,2
5,57,26
5,59,1
5,66,40
5,67,98
5,68,1
5,69,11
5,70,1
5,71,8
5,72,1
5,73,1
5,74,1
5,76,3
5,77,2
5,79,4
5,80,8
5,81,1
5,82,2
5,85,2
5,86,4
5,89,3
5,90,1
5,91,1
5,93,1
5,94,6
5,95,10
5,96,1
5,97,2
5,98,1
5,99,3
5,101,1
5,102,1
5,108,1
5,109,1
5,110,2
5,117,2
5,119,11
5,120,1
5,124,1
5,126,1
5,128,4
5,129,3
5,130,3
5,131,3
5,132,2
5,134,1
5,136,4
5,137,1
5,139,6
5,140,2
5,141,5
5,142,3
5,143,2
5,144,1
5,145,1
5,148,1
5,158,1
5,160,6
5,161,1
5,164,2
5,165,1
5,167,1
5,169,3
5,174,4
5,175,1
6,1,38
6,2,10
6,3,2
6,4,4
6,5,18
6,7,11
6,8,4
6,11,2
6,13,2
6,14,26
6,19,8
6,21,1
6,23,4
6,24,11
6,26,3
6,27,1
6,28,9
6,29,28
6,30,33
6,31,10
6,32,6
6,33,14
6,36,4
6,38,1
6,39,1
6,40,1
6,41,45
6,42,19
6,43,1
6,44,3
6,45,26
6,46,7
6,47,2
6,49,3
6,51,48
6,52,16
6,53,2
6,54,11
6,55,11
6,56,22
6,57,36
6,58,5
6,59,3
6,63,2
6,66,68
6,67,131
6,68,5
6,69,27
6,70,14
6,71,17
6,72,4
6,73,8
6,74,5
6,76,39
6,77,3
6,78,7
6,79,2
6,80,1
6,81,9
6,82,11
6,83,2
6,85,6
6,86,11
6,87,1
6,88,1
6,89,8
6,90,3
6,91,3
6,92,7
6,93,4
6,94,22
6,95,16
6,96,24
6,97,9
6,98,4
6,99,14
6,101,8
6,102,12
6,103,5
6,104,2
6,105,4
6,106,2
6,107,3
6,108,5
6,109,6
6,110,2
6,113,6
6,114,2
6,115,10
6,116,2
6,117,1
6,118,9
6,119,20
6,120,3
6,121,3
6,123,2
6,124,2
6,126,4
6,127,22
6,128,6
6,129,1
6,130,4
6,131,4
6,132,2
6,133,2
6,134,2
6,135,2
6,136,14
6,137,4
6,138,1
6,139,3
6,140,21
6,141,30
6,144,2
6,145,1
6,151,1
6,152,1
6,154,1
6,157,38
6,160,1
6,162,1
6,163,2
6,164,3
6,165,2
6,167,6
6,168,7
6,169,1
6,170,3
6,172,3
6,174,3
6,175,12
7,1,11
7,2,3
7,4,6
7,5,3
7,6,20
7,9,5
7,14,15
7,19,3
7,21,7
7,24,9
7,25,2
7,26,1
7,28,3
7,29,16
7,30,13
7,31,3
7,32,3
7,33,5
7,34,1
7,36,3
7,39,1
7,41,21
7,42,17
7,45,5
7,46,2
7,47,2
7,49,3
7,51,26
7,52,5
7,53,1
7,54,6
7,55,6
7,56,5
7,57,15
7,58,6
7,61,1
7,63,1
7,66,43
7,67,64
7,68,5
7,69,10
7,70,3
7,71,3
7,73,5
7,74,2
7,76,21
7,78,1
7,81,6
7,82,2
7,84,2
7,86,5
7,93,1
7,94,5
7,95,1
7,96,11
7,97,3
7,99,5
7,100,1
7,101,3
7,103,2
7,104,1
7,105,1
7,108,1
7,109,3
7,110,3
7,113,2
7,115,1
7,116,1
7,118,3
7,119,9
7,120,1
7,122,2
7,124,1
7,126,5
7,127,5
7,128,3
7,131,2
7,135,1
7,136,7
7,137,4
7,139,3
7,140,3
7,141,12
7,144,5
7,145,1
7,154,3
7,156,3
7,157,8
7,159,2
7,165,1
7,167,2
7,169,2
7,170,3
7,172,4
7,174,1
7,175,3
8,1,18
8,2,5
8,3,2
8,4,5
8,5,21
8,6,39
8,7,1
8,9,1
8,14,8
8,15,2
8,18,1
8,19,4
8,21,5
8,24,4
8,26,5
8,27,1
8,28,2
8,29,15
8,30,22
8,31,7
8,33,2
8,36,10
8,39,1
8,41,16
8,42,10
8,45,7
8,46,1
8,47,1
8,48,1
8,49,4
8,51,49
8,52,11
8,54,8
8,55,11
8,56,3
8,57,21
8,58,4
8,59,1
8,60,1
8,62,3
8,66,65
8,67,128
8,68,2
8,69,32
8,70,6
8,71,4
8,72,2
8,73,5
8,74,3
8,75,1
8,76,22
8,77,1
8,78,1
8,80,2
8,81,2
8,82,2
8,83,2
8,85,7
8,86,8
8,88,1
8,89,8
8,91,1
8,92,1
8,93,10
8,94,9
8,95,7
8,96,24
8,97,7
8,98,1
8,99,12
8,100,1
8,101,2
8,102,9
8,103,1
8,105,6
8,107,4
8,110,1
8,111,4
8,112,1
8,113,1
8,114,1
8,115,7
8,117,1
8,118,1
8,119,10
8,120,3
8,126,1
8,127,9
8,128,1
8,129,6
8,130,5
8,131,1
8,132,1
8,133,1
8,134,2
8,135,1
8,136,11
8,137,1
8,139,2
8,140,12
8,141,9
8,142,3
8,144,6
8,146,1
8,150,1
8,152,1
8,154,6
8,157,7
8,159,3
8,160,2
8,164,1
8,166,1
8,168,3
8,170,1
8,172,1
8,174,2
8,175,3
9,1,28
9,2,12
9,3,2
9,4,22
9,5,22
9,6,56
9,7,6
9,8,11
9,12,1
9,13,1
9,14,27
9,15,6
9,18,1
9,19,5
9,21,6
9,23,6
9,24,5
9,26,4
9,27,6
9,28,4
9,29,32
9,30,28
9,31,13
9,32,3
9,33,4
9,34,1
9,36,5
9,39,13
9,40,3
9,41,25
9,42,17
9,44,2
9,45,10
9,46,4
9,47,3
9,49,8
9,51,74
9,52,33
9,53,1
9,54,12
9,55,20
9,56,9
9,57,50
9,58,9
9,59,1
9,60,2
9,62,2
9,64,1
9,66,129
9,67,220
9,68,11
9,69,27
9,70,8
9,71,13
9,72,4
9,73,4
9,74,11
9,76,30
9,77,1
9,78,1
9,79,9
9,80,4
9,81,4
9,82,8
9,83,4
9,84,1
9,85,5
9,86,8
9,89,7
9,90,3
9,91,3
9,92,5
9,93,16
9,94,33
9,95,16
9,96,23
9,97,15
9,98,2
9,99,13
9,101,1
9,102,4
9,103,10
9,104,2
9,105,9
9,106,1
9,108,1
9,109,3
9,110,4
9,112,1
9,113,9
9,115,8
9,118,4
9,119,10
9,120,9
9,123,1
9,124,3
9,126,6
9,127,9
9,128,13
9,129,2
9,130,9
9,131,2
9,132,13
9,133,4
9,136,9
9,137,8
9,139,6
9,140,24
9,141,24
9,142,6
9,144,9
9,146,1
9,148,1
9,150,1
9,151,1
9,154,5
9,157,12
9,159,5
9,160,3
9,161,1
9,163,1
9,164,1
9,167,4
9,168,4
9,169,1
9,170,3
9,171,1
9,172,7
9,173,1
9,175,7
10,1,17
10,2,4
10,4,1
10,5,3
10,6,110
10,7,5
10,9,2
10,11,2
10,13,1
10,14,16
10,15,1
10,19,2
10,20,2
10,21,5
10,22,1
10,23,8
10,24,2
10,25,2
10,26,2
10,28,9
10,29,27
10,30,23
10,31,5
10,32,7
10,33,38
10,34,2
10,35,2
10,36,19
10,39,1
10,41,93
10,42,23
10,43,4
10,45,13
10,47,1
10,49,1
10,51,63
10,52,7
10,54,4
10,55,11
10,56,4
10,57,71
10,58,3
10,59,1
10,63,2
10,66,133
10,67,239
10,68,15
10,69,50
10,70,19
10,71,22
10,72,8
10,73,17
10,74,12
10,75,1
10,76,123
10,77,1
10,78,2
10,79,11
10,80,18
10,81,5
10,82,18
10,83,2
10,85,2
10,86,9
10,88,4
10,89,3
10,92,2
10,93,22
10,94,27
10,95,41
10,96,7
10,97,3
10,98,2
10,99,17
10,101,5
10,102,7
10,103,2
10,104,2
10,105,3
10,106,2
10,107,5
10,108,3
10,110,2
10,113,6
10,115,11
10,118,2
10,119,62
10,124,29
10,125,2
10,127,5
10,128,1
10,129,1
10,131,1
10,132,4
10,133,5
10,134,4
10,135,1
10,136,17
10,137,2
10,138,3
10,139,1
10,140,5
10,141,15
10,142,2
10,145,2
10,150,2
10,151,3
10,152,1
10,153,1
10,154,2
10,156,2
10,157,4
10,159,1
10,162,2
10,164,3
10,165,2
10,167,2
10,168,3
10,169,6
10,171,3
10,172,7
10,174,6
10,175,6
11,1,26
11,2,11
11,3,5
11,4,8
11,5,18
11,6,120
11,7,8
11,8,6
11,9,1
11,10,1
11,12,2
11,13,1
11,14,88
11,15,6
11,17,4
11,19,16
11,21,13
11,22,1
11,23,7
11,24,13
11,25,1
11,26,3
11,27,5
11,28,3
11,29,34
11,30,51
11,31,10
11,32,10
11,33,16
11,34,7
11,36,11
11,38,1
11,40,1
11,41,85
11,42,28
11,44,1
11,45,16
11,46,3
11,47,1
11,48,1
11,49,6
11,51,116
11,52,34
11,53,1
11,54,17
11,55,12
11,56,4
11,57,82
11,58,10
11,61,1
11,62,5
11,63,3
11,66,239
11,67,377
11,68,17
11,69,62
11,70,16
11,71,18
11,72,8
11,73,16
11,74,8
11,76,74
11,77,1
11,78,5
11,79,1
11,80,7
11,81,3
11,82,13
11,83,2
11,84,1
11,85,9
11,86,12
11,89,11
11,91,1
11,92,2
11,93,15
11,94,43
11,95,24
11,96,8
11,97,6
11,98,1
11,99,14
11,100,1
11,101,10
11,102,6
11,103,2
11,104,1
11,105,5
11,106,6
11,107,1
11,108,2
11,109,1
11,110,4
11,113,7
11,114,1
11,115,7
11,116,1
11,117,2
11,119,45
11,120,4
11,121,4
11,122,1
11,124,3
11,125,4
11,126,7
11,127,10
11,128,9
11,129,1
11,130,7
11,131,8
11,132,10
11,133,1
11,135,3
11,136,20
11,137,3
11,139,15
11,140,16
11,141,66
11,142,5
11,144,14
11,145,4
11,146,5
11,147,11
11,150,9
11,151,8
11,154,11
11,156,1
11,157,11
11,158,2
11,159,6
11,160,6
11,162,1
11,164,3
11,165,5
11,167,2
11,168,4
11,169,1
11,170,3
11,171,1
11,172,4
11,174,17
11,175,8
12,1,4
12,2,6
12,3,1
12,4,4
12,5,9
12,6,82
12,7,5
12,8,6
12,9,2
12,10,3
12,11,3
12,13,4
12,14,51
12,17,1
12,19,10
12,21,14
12,23,4
12,24,4
12,26,2
12,27,7
12,28,3
12,29,8
12,30,20
12,31,11
12,32,4
12,33,10
12,36,6
12,37,1
12,39,2
12,40,1
12,41,34
12,42,11
12,43,1
12,45,21
12,46,4
12,48,3
12,49,3
12,51,70
12,52,22
12,53,1
12,54,7
12,55,9
12,56,7
12,57,49
12,58,5
12,59,1
12,62,2
12,63,1
12,66,86
12,67,186
12,68,5
12,69,39
12,70,6
12,71,10
12,72,8
12,73,8
12,74,6
12,76,59
12,78,1
12,80,6
12,81,4
12,82,11
12,86,2
12,87,2
12,88,1
12,89,9
12,91,1
12,93,3
12,94,22
12,95,20
12,96,7
12,97,6
12,98,6
12,99,9
12,101,1
12,102,7
12,103,2
12,104,3
12,105,1
12,107,2
12,108,1
12,109,5
12,110,5
12,112,1
12,113,9
12,115,8
12,119,26
12,120,7
12,121,3
12,124,3
12,126,2
12,127,3
12,128,3
12,129,3
12,130,6
12,131,5
12,132,7
12,133,5
12,135,4
12,136,8
12,137,6
12,138,3
12,139,3
12,140,11
12,141,54
12,142,2
12,144,14
12,146,3
12,147,2
12,148,2
12,150,2
12,151,2
12,154,9
12,156,2
12,157,7
12,158,2
12,159,2
12,160,4
12,163,1
12,164,1
12,167,5
12,168,8
12,169,2
12,170,1
12,171,3
12,172,1
12,173,1
12,174,11
12,175,7
13,1,14
13,2,3
13,3,3
13,4,3
13,5,11
13,6,63
13,8,3
13,9,4
13,11,3
13,12,1
13,14,47
13,15,3
13,18,2
13,19,9
13,20,2
13,21,5
13,22,2
13,23,4
13,24,3
13,26,1
13,27,4
13,28,2
13,29,10
13,30,14
13,31,5
13,32,4
13,33,3
13,34,4
13,35,2
13,36,8
13,41,38
13,42,15
13,43,1
13,45,12
13,46,5
13,47,1
13,48,1
13,49,1
13,51,40
13,52,7
13,54,4
13,55,7
13,56,1
13,57,42
13,58,9
13,59,1
13,60,1
13,62,2
13,66,79
13,67,126
13,68,7
13,69,27
13,70,8
13,71,7
13,72,6
13,73,7
13,74,3
13,76,23
13,78,2
13,79,3
13,80,2
13,82,3
13,83,1
13,84,3
13,85,2
13,86,5
13,87,1
13,89,9
13,90,1
13,93,3
13,94,12
13,95,15
13,96,6
13,97,5
13,99,8
13,101,1
13,102,2
13,103,1
13,104,1
13,106,2
13,107,3
13,108,5
13,109,2
13,110,4
13,113,7
13,114,3
13,115,5
13,117,1
13,118,2
13,119,28
13,120,4
13,124,1
13,127,5
13,128,6
13,129,2
13,130,1
13,131,4
13,132,7
13,133,7
13,135,3
13,136,6
13,137,2
13,139,11
13,140,9
13,141,39
13,142,3
13,144,9
13,145,2
13,146,2
13,147,4
13,148,3
13,149,1
13,150,11
13,151,3
13,154,3
13,157,9
13,159,4
13,160,2
13,164,2
13,165,1
13,168,1
13,169,1
13,171,1
13,172,3
13,174,2
13,175,6
14,1,4
14,2,4
14,3,2
14,4,6
14,5,4
14,6,23
14,7,1
14,8,2
14,9,1
14,13,1
14,19,9
14,21,7
14,23,1
14,24,2
14,25,1
14,26,1
14,29,5
14,30,9
14,31,4
14,32,3
14,33,2
14,34,3
14,40,2
14,41,26
14,42,6
14,45,6
14,46,1
14,47,4
14,48,1
14,49,2
14,51,18
14,52,10
14,53,3
14,54,1
14,55,2
14,56,2
14,57,11
14,58,4
14,59,5
14,62,4
14,66,30
14,67,71
14,68,5
14,69,13
14,70,1
14,71,5
14,72,2
14,73,1
14,74,5
14,75,1
14,76,15
14,77,1
14,80,1
14,81,4
14,82,1
14,84,1
14,86,2
14,87,1
14,88,1
14,89,1
14,91,1
14,94,8
14,95,3
14,96,1
14,97,1
14,98,1
14,99,1
14,101,2
14,103,2
14,105,1
14,106,1
14,108,2
14,110,4
14,114,2
14,115,3
14,119,9
14,126,1
14,127,7
14,128,3
14,129,1
14,130,1
14,131,2
14,132,1
14,136,4
14,137,3
14,139,5
14,141,15
14,142,1
14,144,1
14,147,2
14,151,3
14,153,7
14,159,3
14,160,1
14,161,3
14,164,2
14,167,2
14,168,2
14,169,1
14,172,1
14,175,7
15,1,10
15,2,9
15,3,3
15,4,5
15,5,8
15,6,55
15,7,2
15,8,5
15,11,2
15,12,1
15,13,4
15,14,37
15,16,1
15,19,8
15,21,14
15,22,2
15,23,6
15,24,6
15,27,2
15,29,17
15,30,35
15,31,1
15,32,1
15,33,8
15,34,8
15,36,7
15,39,2
15,41,31
15,42,11
15,45,8
15,46,4
15,49,4
15,51,58
15,52,6
15,54,2
15,55,9
15,56,1
15,57,46
15,58,13
15,59,1
15,62,1
15,66,95
15,67,166
15,68,11
15,69,31
15,70,7
15,71,18
15,72,6
15,73,7
15,74,3
15,76,16
15,79,2
15,80,2
15,81,2
15,82,5
15,83,1
15,86,3
15,88,1
15,89,4
15,91,2
15,92,3
15,93,2
15,94,15
15,95,15
15,96,10
15,97,8
15,98,2
15,99,10
15,100,1
15,101,3
15,102,2
15,103,1
15,107,3
15,110,7
15,113,4
15,114,1
15,115,10
15,117,1
15,119,17
15,120,2
15,121,2
15,124,1
15,126,4
15,127,4
15,128,8
15,129,1
15,130,2
15,131,5
15,132,5
15,133,3
15,135,3
15,136,5
15,137,4
15,138,2
15,139,9
15,140,10
15,141,22
15,142,4
15,143,3
15,144,13
15,145,4
15,150,2
15,152,2
15,153,1
15,154,8
15,156,3
15,157,2
15,159,7
15,160,3
15,164,1
15,168,2
15,169,5
15,170,3
15,171,1
15,175,12
16,1,2
16,2,1
16,3,1
16,4,8
16,5,8
16,6,38
16,7,1
16,8,5
16,9,1
16,10,1
16,12,2
16,13,1
16,14,21
16,15,2
16,17,2
16,19,5
16,21,12
16,23,4
16,24,5
16,26,1
16,28,1
16,29,4
16,30,16
16,31,2
16,32,3
16,33,7
16,34,2
16,36,5
16,39,1
16,41,21
16,42,8
16,45,7
16,46,3
16,49,3
16,51,20
16,52,7
16,54,3
16,55,2
16,56,4
16,57,21
16,58,4
16,59,2
16,60,1
16,62,3
16,66,84
16,67,136
16,68,12
16,69,18
16,70,7
16,71,2
16,72,2
16,74,3
16,76,12
16,80,2
16,82,5
16,85,4
16,86,10
16,89,1
16,92,1
16,94,8
16,95,10
16,96,8
16,97,4
16,98,2
16,99,2
16,102,3
16,103,2
16,107,3
16,108,2
16,109,3
16,110,2
16,113,8
16,114,4
16,115,3
16,116,1
16,118,2
16,119,11
16,120,1
16,126,3
16,127,1
16,128,7
16,130,1
16,131,1
16,132,2
16,135,2
16,136,6
16,137,4
16,139,2
16,140,8
16,141,13
16,142,2
16,143,2
16,144,9
16,147,1
16,148,2
16,150,1
16,151,2
16,153,1
16,154,1
16,157,3
16,158,2
16,160,6
16,164,2
16,168,2
16,169,1
16,170,1
16,172,2
16,174,3
17,1,4
17,2,12
17,4,4
17,5,2
17,6,35
17,7,5
17,8,4
17,9,3
17,11,3
17,14,18
17,15,2
17,19,10
17,21,8
17,23,13
17,24,6
17,26,1
17,28,3
17,29,14
17,30,14
17,31,3
17,32,4
17,33,5
17,36,4
17,39,3
17,40,1
17,41,18
17,42,2
17,45,7
17,46,2
17,49,6
17,50,1
17,51,53
17,52,13
17,54,1
17,55,2
17,57,32
17,58,2
17,59,2
17,61,1
17,66,128
17,67,146
17,68,7
17,69,28
17,70,5
17,71,5
17,72,2
17,73,1
17,74,1
17,76,11
17,80,2
17,85,3
17,86,8
17,89,2
17,93,2
17,94,12
17,95,6
17,96,6
17,97,4
17,98,1
17,99,1
17,102,3
17,103,1
17,104,1
17,108,1
17,110,3
17,113,2
17,114,1
17,115,6
17,119,12
17,120,1
17,121,3
17,124,3
17,126,4
17,127,4
17,128,5
17,130,6
17,131,5
17,132,5
17,134,1
17,135,1
17,136,5
17,137,5
17,139,2
17,140,4
17,141,17
17,142,2
17,144,9
17,147,3
17,150,5
17,151,1
17,154,5
17,156,1
17,157,9
17,159,2
17,160,4
17,166,2
17,169,3
17,170,2
17,174,3
17,175,4
18,1,7
18,3,1
18,5,8
18,6,38
18,8,2
18,9,2
18,11,3
18,12,2
18,14,18
18,15,3
18,19,5
18,21,6
18,22,1
18,23,2
18,24,2
18,27,1
18,28,2
18,29,7
18,30,7
18,36,1
18,40,2
18,41,11
18,42,6
18,44,1
18,45,6
18,48,2
18,49,4
18,51,23
18,52,7
18,54,3
18,55,4
18,57,17
18,58,4
18,61,1
18,62,1
18,66,70
18,67,124
18,68,4
18,69,16
18,71,8
18,72,3
18,73,4
18,74,2
18,76,11
18,78,2
18,79,1
18,80,3
18,81,2
18,82,2
18,83,3
18,85,4
18,86,3
18,89,5
18,91,2
18,93,2
18,94,6
18,95,3
18,96,3
18,99,6
18,102,2
18,103,1
18,104,1
18,105,1
18,108,2
18,109,1
18,110,1
18,114,1
18,115,5
18,118,2
18,119,10
18,120,1
18,121,1
18,127,1
18,128,8
18,129,1
18,130,3
18,131,3
18,132,5
18,133,3
18,136,3
18,137,3
18,140,8
18,141,19
18,142,3
18,144,7
18,150,1
18,151,6
18,154,1
18,157,4
18,159,1
18,160,4
18,163,1
18,164,1
18,172,4
18,174,2
18,175,1
19,1,14
19,2,2
19,3,4
19,4,6
19,5,1
19,6,78
19,7,1
19,8,9
19,9,5
19,11,1
19,13,2
19,14,23
19,15,1
19,20,6
19,21,15
19,22,1
19,23,3
19,24,3
19,25,1
19,26,2
19,28,4
19,29,24
19,30,23
19,31,7
19,32,4
19,33,11
19,34,2
19,35,2
19,36,1
19,40,2
19,41,37
19,42,11
19,45,15
19,46,3
19,49,1
19,51,48
19,52,17
19,54,3
19,55,11
19,56,5
19,57,33
19,58,4
19,59,2
19,60,1
19,62,3
19,64,2
19,66,129
19,67,177
19,68,11
19,69,29
19,70,7
19,71,11
19,72,8
19,73,6
19,76,32
19,78,3
19,80,10
19,81,1
19,82,15
19,85,5
19,86,3
19,88,1
19,89,2
19,94,19
19,95,15
19,96,21
19,97,5
19,98,2
19,99,12
19,102,9
19,103,3
19,104,3
19,106,3
19,107,4
19,108,6
19,109,1
19,110,5
19,113,5
19,114,2
19,115,3
19,116,1
19,118,1
19,119,15
19,120,1
19,121,1
19,124,1
19,126,3
19,127,11
19,128,8
19,129,4
19,130,6
19,131,3
19,132,2
19,133,2
19,135,1
19,136,3
19,137,2
19,138,6
19,139,4
19,140,20
19,141,37
19,142,3
19,143,2
19,144,4
19,146,1
19,147,1
19,148,1
19,150,16
19,153,2
19,154,2
19,157,5
19,159,4
19,160,6
19,161,1
19,163,1
19,164,5
19,165,2
19,166,4
19,167,3
19,168,2
19,169,6
19,170,3
19,171,2
19,174,6
19,175,8
20,1,7
20,2,9
20,3,5
20,4,8
20,5,16
20,6,43
20,7,2
20,8,3
20,10,1
20,11,5
20,13,1
20,14,36
20,19,28
20,21,14
20,23,3
20,24,7
20,25,1
20,27,1
20,28,7
20,29,15
20,30,20
20,31,3
20,33,3
20,34,1
20,35,1
20,36,4
20,40,3
20,41,37
20,42,14
20,43,2
20,44,1
20,45,10
20,46,5
20,49,4
20,51,46
20,52,10
20,53,2
20,54,10
20,55,5
20,56,2
20,57,51
20,58,5
20,59,1
20,62,1
20,66,104
20,67,236
20,68,5
20,69,31
20,70,4
20,71,11
20,72,1
20,73,12
20,74,2
20,76,20
20,78,2
20,79,2
20,80,3
20,81,1
20,82,2
20,85,2
20,86,9
20,87,2
20,88,1
20,89,1
20,93,5
20,94,11
20,95,24
20,96,12
20,97,1
20,99,8
20,101,1
20,102,2
20,103,2
20,104,1
20,105,1
20,106,3
20,108,2
20,109,2
20,110,5
20,111,1
20,113,5
20,114,4
20,115,8
20,118,3
20,119,26
20,124,1
20,126,1
20,127,7
20,128,16
20,129,1
20,130,1
20,131,3
20,132,5
20,133,2
20,135,1
20,136,7
20,137,5
20,139,17
20,140,11
20,141,44
20,142,1
20,144,4
20,147,3
20,150,3
20,154,5
20,156,1
20,157,8
20,159,2
20,160,1
20,166,1
20,167,2
20,168,2
20,172,4
20,173,1
20,174,4
20,175,9
21,1,12
21,2,13
21,4,9
21,5,6
21,6,61
21,7,4
21,8,6
21,11,3
21,12,3
21,14,29
21,15,1
21,19,13
21,20,4
21,22,1
21,23,1
21,24,3
21,28,7
21,29,14
21,30,15
21,31,4
21,32,5
21,33,9
21,34,2
21,36,1
21,39,5
21,40,2
21,41,41
21,42,7
21,45,6
21,46,1
21,48,1
21,49,5
21,50,2
21,51,32
21,52,8
21,54,5
21,55,5
21,56,3
21,57,37
21,58,8
21,59,2
21,64,1
21,66,86
21,67,143
21,68,10
21,69,27
21,70,3
21,71,10
21,72,4
21,73,3
21,74,6
21,75,1
21,76,18
21,78,1
21,79,3
21,80,3
21,82,5
21,86,13
21,87,3
21,89,5
21,91,2
21,92,2
21,93,2
21,94,11
21,95,7
21,96,11
21,97,7
21,98,11
21,99,20
21,101,1
21,103,1
21,104,2
21,107,1
21,108,4
21,110,5
21,113,6
21,115,7
21,116,1
21,118,3
21,119,19
21,121,1
21,122,1
21,124,1
21,126,7
21,127,5
21,128,9
21,129,2
21,130,5
21,132,5
21,133,2
21,135,2
21,136,6
21,137,3
21,138,1
21,139,18
21,140,6
21,141,43
21,142,6
21,144,5
21,151,5
21,152,4
21,153,2
21,154,2
21,155,2
21,156,4
21,157,9
21,159,3
21,160,5
21,162,1
21,164,1
21,165,1
21,167,1
21,168,1
21,169,1
21,170,1
21,171,2
21,172,1
21,175,8
22,1,1
22,2,4
22,3,1
22,4,6
22,6,38
22,7,1
22,8,1
22,9,1
22,11,1
22,14,13
22,18,2
22,19,5
22,21,13
22,23,1
22,24,2
22,25,2
22,27,5
22,29,2
22,30,12
22,32,3
22,33,6
22,40,3
22,41,20
22,42,5
22,45,5
22,46,2
22,47,1
22,49,3
22,51,22
22,52,5
22,54,4
22,55,6
22,57,15
22,58,1
22,62,1
22,66,62
22,67,80
22,68,5
22,69,14
22,71,12
22,72,3
22,74,7
22,76,9
22,79,1
22,80,6
22,81,1
22,82,1
22,84,2
22,90,1
22,92,2
22,93,1
22,94,6
22,95,4
22,96,4
22,99,2
22,101,1
22,102,3
22,104,1
22,106,1
22,107,1
22,109,3
22,110,1
22,113,1
22,114,2
22,119,2
22,120,1
22,126,1
22,128,2
22,130,12
22,131,1
22,132,2
22,136,8
22,137,2
22,139,10
22,140,8
22,141,19
22,144,3
22,154,1
22,155,1
22,160,4
22,170,3
22,172,1
22,174,1
22,175,6
23,1,15
23,2,5
23,3,5
23,4,10
23,5,7
23,6,100
23,7,6
23,8,9
23,9,6
23,10,1
23,11,4
23,13,4
23,14,37
23,18,1
23,19,12
23,20,1
23,21,12
23,22,1
23,24,8
23,25,4
23,26,9
23,27,1
23,28,9
23,29,19
23,30,28
23,31,11
23,32,7
23,33,8
23,34,1
23,36,5
23,39,1
23,41,36
23,42,14
23,43,2
23,45,17
23,46,3
23,47,2
23,48,3
23,49,7
23,50,1
23,51,63
23,52,22
23,53,3
23,54,11
23,55,12
23,57,73
23,58,11
23,59,3
23,62,2
23,66,113
23,67,331
23,68,12
23,69,37
23,70,7
23,71,10
23,72,10
23,74,5
23,76,53
23,77,1
23,78,3
23,79,4
23,80,4
23,81,13
23,82,8
23,85,9
23,86,6
23,87,2
23,88,1
23,89,11
23,90,1
23,93,9
23,94,37
23,95,17
23,96,27
23,97,8
23,99,8
23,101,2
23,102,3
23,104,1
23,105,2
23,106,2
23,107,6
23,108,2
23,110,7
23,113,4
23,114,1
23,115,4
23,116,1
23,117,1
23,118,1
23,119,27
23,120,1
23,121,1
23,124,1
23,126,11
23,127,2
23,128,13
23,129,1
23,130,10
23,131,9
23,132,8
23,133,5
23,134,1
23,135,1
23,136,8
23,137,10
23,138,2
23,139,7
23,140,15
23,141,33
23,142,7
23,144,22
23,145,2
23,146,4
23,149,1
23,150,4
23,151,4
23,152,1
23,154,5
23,157,19
23,159,5
23,160,2
23,161,2
23,166,1
23,167,5
23,168,4
23,169,1
23,170,1
23,174,7
23,175,2
24,1,12
24,2,1
24,4,2
24,5,1
24,6,4
24,8,3
24,9,2
24,11,1
24,14,2
24,19,1
24,21,1
24,25,4
24,26,2
24,27,3
24,28,9
24,29,29
24,30,25
24,32,1
24,36,1
24,41,5
24,42,4
24,45,5
24,48,2
24,49,1
24,51,24
24,52,6
24,54,4
24,55,15
24,56,6
24,57,5
24,58,4
24,60,2
24,62,1
24,63,2
24,66,61
24,67,59
24,68,1
24,69,11
24,70,2
24,71,3
24,73,1
24,74,1
24,76,8
24,77,1
24,78,1
24,80,2
24,82,2
24,83,2
24,84,1
24,85,1
24,86,5
24,89,4
24,90,1
24,91,2
24,92,3
24,93,3
24,94,7
24,95,5
24,96,32
24,97,8
24,98,13
24,99,1
24,102,1
24,103,6
24,104,8
24,105,1
24,106,3
24,108,1
24,110,2
24,113,1
24,115,1
24,119,5
24,121,1
24,124,1
24,127,2
24,128,1
24,130,2
24,132,1
24,133,1
24,136,8
24,137,4
24,141,2
24,142,3
24,144,1
24,145,1
24,151,8
24,154,1
24,156,4
24,160,1
24,161,4
24,162,1
24,164,1
24,167,2
24,169,1
24,172,3
24,174,1
25,1,5
25,2,1
25,4,2
25,5,3
25,6,6
25,9,7
25,11,1
25,14,4
25,15,1
25,17,1
25,19,3
25,21,2
25,23,1
25,24,5
25,26,4
25,27,5
25,28,10
25,29,17
25,30,18
25,31,1
25,32,2
25,34,1
25,36,1
25,38,1
25,39,1
25,41,6
25,42,4
25,45,4
25,46,1
25,48,1
25,49,1
25,51,9
25,52,4
25,54,5
25,55,4
25,56,4
25,58,2
25,59,1
25,60,2
25,62,3
25,65,1
25,66,55
25,67,22
25,68,1
25,69,11
25,70,2
25,71,2
25,72,2
25,73,1
25,74,1
25,76,12
25,78,1
25,79,1
25,81,2
25,85,9
25,86,2
25,87,2
25,88,1
25,89,3
25,90,3
25,91,2
25,92,3
25,94,4
25,95,6
25,96,16
25,97,7
25,98,13
25,102,3
25,103,5
25,104,2
25,105,1
25,106,3
25,108,1
25,109,1
25,110,4
25,115,2
25,116,2
25,119,3
25,124,1
25,127,3
25,129,1
25,130,2
25,131,1
25,132,3
25,134,2
25,135,1
25,136,6
25,137,1
25,139,1
25,140,1
25,141,2
25,145,1
25,148,1
25,154,1
25,157,5
25,159,3
25,168,2
25,169,1
25,170,2
25,172,1
25,175,2
26,1,16
26,2,1
26,4,1
26,5,5
26,6,5
26,8,1
26,10,1
26,14,7
26,21,1
26,23,1
26,24,3
26,25,2
26,27,8
26,28,5
26,29,17
26,30,17
26,31,1
26,38,1
26,40,1
26,41,6
26,42,3
26,45,1
26,46,1
26,49,1
26,51,22
26,52,7
26,54,8
26,55,7
26,56,2
26,57,17
26,58,6
26,60,1
26,62,6
26,63,1
26,64,1
26,65,2
26,66,46
26,67,64
26,69,16
26,70,3
26,71,2
26,72,1
26,76,9
26,78,3
26,79,1
26,80,3
26,81,1
26,83,3
26,84,4
26,85,1
26,86,2
26,87,1
26,88,2
26,89,2
26,90,1
26,94,9
26,95,7
26,96,26
26,97,4
26,98,5
26,99,3
26,103,1
26,104,5
26,105,3
26,106,3
26,110,3
26,111,1
26,113,2
26,114,1
26,115,11
26,119,4
26,120,3
26,121,1
26,126,1
26,127,1
26,128,1
26,130,3
26,131,1
26,133,3
26,135,2
26,136,2
26,137,4
26,140,1
26,141,4
26,142,1
26,148,1
26,151,7
26,157,3
26,163,1
26,164,1
26,169,1
26,172,1
26,174,1
26,175,2
27,1,14
27,3,2
27,4,1
27,5,2
27,6,7
27,7,1
27,8,1
27,15,1
27,24,2
27,25,1
27,26,2
27,28,12
27,29,14
27,30,13
27,32,1
27,33,2
27,34,1
27,41,2
27,42,4
27,45,2
27,46,1
27,51,16
27,52,3
27,55,4
27,56,2
27,57,13
27,58,3
27,60,1
27,62,1
27,66,48
27,67,46
27,68,2
27,69,10
27,70,7
27,72,5
27,73,1
27,74,1
27,76,10
27,77,3
27,78,2
27,79,4
27,80,2
27,82,1
27,83,1
27,84,2
27,85,1
27,86,4
27,88,2
27,89,2
27,90,2
27,92,1
27,93,4
27,94,6
27,95,2
27,96,36
27,97,7
27,98,2
27,99,1
27,101,1
27,102,8
27,103,1
27,104,4
27,105,2
27,106,7
27,110,1
27,113,1
27,115,3
27,118,4
27,119,3
27,120,1
27,124,1
27,127,1
27,128,1
27,130,2
27,131,1
27,132,1
27,133,3
27,135,3
27,136,5
27,137,2
27,139,1
27,140,1
27,141,3
27,151,6
27,154,1
27,157,1
27,163,1
27,167,2
28,1,12
28,2,4
28,3,1
28,4,4
28,6,10
28,7,3
28,8,4
28,9,2
28,11,1
28,14,3
28,18,1
28,19,1
28,21,2
28,23,1
28,24,1
28,25,2
28,26,5
28,27,3
28,29,42
28,30,18
28,33,1
28,34,1
28,35,1
28,36,2
28,40,1
28,41,3
28,42,3
28,45,6
28,46,3
28,51,22
28,52,6
28,53,1
28,54,7
28,55,4
28,56,1
28,57,9
28,58,2
28,62,2
28,66,71
28,67,44
28,68,4
28,69,11
28,70,3
28,71,5
28,72,5
28,73,3
28,74,6
28,75,1
28,76,12
28,78,1
28,82,1
28,85,4
28,86,2
28,87,4
28,88,3
28,89,1
28,90,1
28,91,1
28,93,1
28,94,11
28,95,6
28,96,41
28,97,9
28,98,6
28,99,7
28,101,3
28,102,5
28,103,2
28,104,2
28,105,9
28,106,1
28,107,1
28,108,1
28,112,5
28,115,15
28,116,4
28,118,3
28,119,7
28,126,2
28,132,3
28,133,3
28,136,6
28,137,1
28,138,2
28,141,1
28,146,1
28,151,10
28,154,1
28,157,3
28,159,2
28,165,1
28,167,1
28,168,1
28,169,1
29,1,17
29,2,1
29,5,6
29,6,23
29,7,1
29,9,1
29,14,5
29,15,1
29,23,1
29,24,3
29,25,1
29,27,3
29,28,5
29,30,16
29,33,1
29,37,2
29,39,1
29,41,1
29,42,3
29,45,10
29,47,3
29,49,1
29,51,14
29,52,2
29,54,1
29,55,2
29,56,1
29,57,28
29,58,3
29,62,2
29,66,47
29,67,35
29,68,4
29,69,11
29,70,9
29,71,7
29,72,1
29,73,1
29,74,2
29,76,5
29,78,1
29,79,2
29,80,1
29,81,7
29,82,2
29,83,1
29,86,3
29,88,6
29,89,5
29,93,3
29,94,13
29,95,16
29,96,25
29,97,12
29,99,4
29,101,1
29,102,1
29,103,2
29,104,3
29,105,2
29,106,1
29,107,3
29,110,3
29,113,2
29,115,6
29,116,1
29,119,2
29,121,1
29,126,2
29,127,2
29,128,2
29,130,1
29,131,1
29,132,1
29,133,2
29,136,2
29,137,4
29,140,1
29,141,1
29,142,1
29,144,1
29,150,1
29,151,6
29,155,1
29,157,2
29,166,1
29,167,1
29,172,1
29,174,1
30,1,25
30,3,1
30,4,1
30,5,4
30,6,11
30,8,4
30,11,2
30,14,11
30,21,1
30,24,2
30,25,2
30,26,1
30,27,2
30,28,6
30,29,18
30,31,1
30,32,4
30,33,4
30,34,2
30,37,3
30,39,1
30,40,2
30,41,6
30,42,7
30,44,1
30,45,2
30,49,4
30,51,10
30,52,6
30,53,1
30,54,6
30,55,7
30,56,1
30,57,21
30,58,4
30,60,1
30,62,1
30,63,1
30,66,39
30,67,51
30,69,17
30,70,3
30,71,7
30,72,2
30,73,1
30,74,1
30,76,18
30,78,2
30,79,1
30,81,3
30,82,2
30,85,2
30,86,8
30,88,1
30,89,4
30,91,2
30,92,5
30,94,14
30,95,11
30,96,36
30,97,5
30,98,3
30,99,2
30,101,1
30,102,2
30,103,3
30,104,2
30,105,5
30,107,7
30,108,2
30,109,7
30,110,2
30,112,1
30,113,1
30,114,3
30,115,7
30,117,1
30,118,2
30,119,7
30,120,4
30,124,2
30,126,2
30,127,1
30,128,2
30,130,1
30,132,2
30,133,3
30,135,2
30,136,5
30,137,5
30,140,1
30,141,4
30,144,1
30,151,6
30,156,1
30,157,12
30,164,2
30,165,2
30,167,1
30,168,4
30,171,1
30,175,6
31,1,1
31,2,3
31,6,8
31,11,2
31,14,4
31,29,6
31,32,1
31,33,5
31,34,2
31,36,1
31,39,1
31,41,5
31,42,12
31,43,1
31,45,4
31,49,1
31,51,1
31,55,1
31,56,1
31,57,11
31,58,1
31,62,1
31,66,4
31,67,12
31,68,2
31,69,7
31,71,2
31,73,2
31,74,1
31,76,3
31,80,4
31,81,1
31,86,3
31,88,1
31,89,1
31,91,1
31,94,2
31,95,1
31,96,2
31,97,4
31,102,1
31,103,3
31,105,1
31,113,3
31,115,2
31,119,6
31,120,2
31,124,3
31,125,1
31,126,4
31,128,1
31,136,8
31,141,1
31,144,3
31,151,2
31,157,3
31,163,4
31,164,4
32,1,17
32,2,3
32,4,6
32,5,5
32,6,47
32,8,3
32,9,1
32,10,1
32,13,2
32,14,10
32,16,1
32,19,2
32,21,2
32,25,1
32,26,1
32,27,3
32,29,11
32,30,22
32,31,7
32,33,19
32,34,2
32,35,2
32,36,10
32,40,1
32,41,16
32,42,13
32,44,3
32,45,15
32,46,2
32,49,8
32,51,34
32,52,8
32,54,2
32,55,2
32,56,1
32,57,19
32,58,7
32,63,2
32,66,51
32,67,96
32,68,5
32,69,22
32,70,6
32,71,20
32,72,7
32,73,5
32,74,7
32,76,13
32,78,1
32,79,6
32,80,4
32,81,10
32,82,4
32,83,2
32,85,2
32,86,2
32,87,1
32,88,1
32,89,2
32,90,2
32,93,1
32,94,8
32,95,9
32,96,11
32,97,3
32,98,1
32,99,8
32,101,1
32,102,10
32,103,2
32,106,1
32,108,3
32,109,2
32,113,2
32,114,11
32,115,1
32,117,1
32,119,15
32,120,2
32,121,2
32,126,4
32,127,10
32,128,4
32,129,1
32,130,2
32,132,3
32,133,2
32,136,3
32,137,3
32,139,1
32,140,3
32,141,10
32,142,1
32,150,1
32,151,2
32,154,1
32,157,11
32,160,2
32,164,2
32,168,4
32,169,2
32,171,1
32,172,5
32,174,7
33,1,9
33,2,9
33,4,2
33,5,5
33,6,50
33,7,1
33,8,1
33,14,18
33,19,2
33,21,5
33,22,2
33,23,5
33,24,1
33,25,1
33,27,1
33,28,2
33,29,8
33,30,26
33,31,6
33,32,7
33,34,2
33,36,16
33,39,1
33,40,1
33,41,43
33,42,29
33,45,7
33,46,5
33,49,1
33,50,1
33,51,42
33,52,9
33,54,5
33,55,7
33,56,3
33,57,27
33,58,6
33,62,1
33,66,43
33,67,166
33,68,9
33,69,34
33,70,13
33,71,13
33,72,1
33,73,6
33,74,4
33,75,6
33,76,47
33,77,2
33,79,4
33,80,8
33,81,1
33,82,12
33,83,3
33,84,1
33,85,1
33,86,5
33,89,4
33,90,1
33,91,4
33,93,27
33,94,17
33,95,16
33,96,12
33,97,3
33,99,7
33,101,9
33,102,9
33,103,1
33,104,5
33,107,4
33,109,3
33,110,4
33,113,1
33,115,16
33,118,4
33,119,47
33,124,8
33,125,2
33,126,1
33,127,1
33,128,3
33,130,2
33,133,1
33,136,5
33,137,2
33,138,2
33,139,7
33,140,2
33,141,7
33,142,2
33,144,2
33,152,2
33,153,1
33,154,2
33,157,7
33,159,3
33,164,1
33,165,1
33,168,2
33,169,2
33,171,1
33,172,8
33,174,2
33,175,14
34,1,5
34,2,5
34,4,4
34,5,1
34,6,36
34,7,2
34,8,1
34,11,1
34,14,7
34,19,2
34,21,3
34,22,2
34,23,1
34,24,3
34,26,1
34,27,1
34,29,7
34,30,11
34,31,1
34,32,4
34,33,7
34,36,4
34,41,21
34,42,5
34,44,2
34,45,3
34,46,1
34,47,1
34,51,20
34,52,6
34,54,2
34,55,3
34,56,1
34,57,14
34,58,2
34,59,1
34,62,1
34,66,27
34,67,63
34,68,3
34,69,9
34,70,14
34,71,2
34,72,3
34,73,1
34,74,2
34,76,22
34,78,1
34,79,2
34,81,6
34,82,1
34,83,1
34,86,2
34,88,2
34,90,3
34,91,3
34,93,10
34,94,9
34,95,11
34,96,12
34,97,7
34,99,1
34,101,4
34,102,4
34,103,1
34,104,6
34,107,3
34,108,1
34,109,2
34,110,4
34,115,1
34,118,2
34,119,6
34,120,3
34,126,2
34,127,3
34,128,1
34,129,1
34,130,1
34,133,2
34,136,7
34,139,5
34,140,7
34,141,2
34,144,1
34,145,2
34,151,3
34,152,1
34,154,2
34,157,15
34,159,4
34,160,1
34,165,1
34,166,1
34,170,1
34,172,3
34,174,2
34,175,3
35,1,7
35,2,2
35,3,2
35,4,2
35,5,5
35,6,29
35,12,1
35,14,2
35,19,2
35,21,2
35,22,1
35,24,1
35,28,1
35,29,6
35,30,8
35,31,4
35,32,6
35,33,19
35,36,16
35,40,3
35,41,33
35,42,19
35,43,1
35,44,2
35,45,1
35,49,1
35,51,14
35,52,2
35,55,2
35,57,17
35,58,3
35,62,1
35,66,26
35,67,73
35,68,5
35,69,5
35,70,3
35,71,10
35,72,4
35,73,4
35,74,2
35,76,24
35,79,3
35,80,2
35,81,1
35,82,6
35,85,2
35,86,1
35,89,2
35,90,1
35,94,15
35,95,5
35,96,7
35,97,2
35,99,6
35,101,1
35,102,2
35,103,1
35,108,2
35,110,1
35,113,4
35,114,1
35,115,4
35,119,18
35,121,1
35,122,1
35,125,1
35,126,3
35,127,3
35,128,2
35,129,1
35,130,1
35,132,1
35,133,1
35,137,4
35,139,1
35,141,5
35,144,1
35,157,2
35,158,3
35,159,1
35,160,1
35,167,2
35,171,1
35,172,1
35,174,1
35,175,13
36,1,2
36,2,5
36,3,4
36,4,4
36,5,1
36,6,36
36,7,2
36,8,1
36,11,2
36,14,9
36,19,1
36,23,1
36,24,2
36,26,2
36,27,5
36,28,9
36,29,12
36,30,19
36,31,2
36,32,6
36,33,13
36,34,1
36,35,2
36,41,35
36,42,31
36,45,7
36,46,2
36,49,2
36,51,32
36,52,9
36,54,2
36,55,4
36,57,37
36,58,7
36,63,4
36,66,60
36,67,143
36,68,1
36,69,19
36,70,16
36,71,10
36,72,3
36,73,4
36,75,1
36,76,36
36,77,3
36,79,3
36,80,10
36,81,3
36,82,8
36,85,3
36,86,5
36,88,1
36,89,6
36,90,1
36,92,1
36,93,8
36,94,17
36,95,13
36,96,7
36,97,1
36,99,9
36,101,3
36,102,5
36,103,5
36,105,1
36,108,1
36,110,7
36,111,3
36,112,1
36,113,3
36,115,11
36,116,1
36,118,3
36,119,30
36,120,1
36,121,1
36,124,1
36,126,2
36,127,11
36,128,2
36,130,2
36,132,2
36,133,1
36,136,7
36,137,1
36,139,7
36,140,1
36,141,8
36,144,1
36,147,1
36,150,3
36,151,1
36,154,1
36,157,9
36,159,1
36,161,1
36,162,1
36,163,1
36,164,2
36,165,1
36,166,1
36,167,1
36,168,8
36,169,4
36,170,1
36,171,1
36,172,7
36,174,5
36,175,6
37,1,1
37,2,2
37,4,2
37,6,9
37,8,1
37,9,1
37,10,1
37,11,1
37,14,2
37,21,2
37,22,1
37,24,2
37,29,10
37,30,2
37,31,9
37,32,2
37,33,2
37,34,1
37,35,5
37,36,1
37,41,15
37,42,9
37,45,3
37,46,1
37,48,2
37,49,1
37,50,1
37,51,12
37,52,2
37,55,1
37,57,1
37,58,3
37,59,1
37,61,1
37,66,14
37,67,26
37,68,3
37,69,5
37,70,2
37,71,3
37,72,7
37,73,2
37,76,3
37,78,1
37,82,2
37,89,1
37,93,1
37,94,1
37,95,1
37,96,5
37,98,2
37,99,1
37,108,1
37,110,1
37,113,1
37,117,1
37,119,2
37,124,1
37,126,1
37,128,1
37,133,1
37,136,1
37,141,1
37,142,4
37,143,1
37,156,3
37,163,13
37,164,2
37,170,1
38,1,4
38,2,1
38,3,4
38,4,5
38,5,7
38,6,35
38,7,1
38,8,1
38,9,3
38,13,1
38,14,4
38,18,1
38,21,3
38,24,2
38,26,1
38,27,2
38,28,2
38,29,14
38,30,10
38,31,2
38,32,2
38,36,1
38,37,1
38,39,6
38,40,2
38,41,12
38,42,5
38,44,1
38,45,4
38,46,1
38,49,1
38,51,27
38,52,10
38,53,1
38,54,5
38,55,11
38,56,5
38,57,17
38,58,3
38,59,2
38,60,1
38,63,1
38,66,39
38,67,57
38,68,6
38,69,16
38,71,5
38,72,6
38,73,2
38,76,17
38,78,2
38,80,1
38,81,2
38,82,3
38,84,1
38,86,12
38,88,2
38,89,6
38,92,1
38,93,2
38,94,10
38,95,8
38,96,9
38,97,2
38,98,2
38,99,4
38,100,1
38,101,1
38,102,3
38,103,1
38,104,1
38,105,2
38,106,4
38,113,4
38,114,1
38,115,3
38,116,2
38,117,1
38,118,1
38,119,12
38,126,4
38,127,4
38,128,1
38,130,4
38,131,1
38,132,1
38,133,1
38,136,4
38,137,2
38,139,1
38,140,2
38,141,12
38,142,2
38,144,2
38,145,1
38,151,4
38,157,14
38,158,1
38,159,1
38,160,1
38,164,1
38,166,3
38,168,3
38,172,2
38,174,1
38,175,8
39,1,16
39,2,5
39,4,6
39,5,10
39,6,33
39,7,3
39,8,1
39,9,4
39,10,2
39,11,4
39,14,13
39,17,1
39,19,7
39,21,3
39,23,3
39,24,1
39,26,4
39,27,2
39,28,1
39,29,24
39,30,10
39,31,3
39,32,4
39,33,3
39,40,1
39,41,11
39,42,5
39,44,2
39,45,7
39,47,3
39,48,1
39,51,34
39,52,6
39,53,1
39,54,3
39,55,6
39,56,3
39,57,26
39,58,3
39,59,1
39,66,50
39,67,73
39,68,6
39,69,9
39,70,1
39,71,6
39,72,1
39,73,4
39,74,5
39,76,22
39,78,2
39,79,1
39,80,2
39,81,2
39,82,4
39,83,3
39,85,3
39,86,2
39,89,3
39,90,2
39,93,3
39,94,14
39,95,9
39,96,11
39,97,12
39,98,1
39,99,4
39,100,1
39,101,1
39,102,9
39,103,3
39,105,1
39,106,3
39,108,3
39,109,3
39,110,4
39,113,4
39,114,3
39,115,7
39,117,1
39,118,4
39,119,5
39,124,1
39,126,7
39,127,1
39,128,4
39,130,5
39,131,1
39,132,2
39,133,3
39,135,2
39,136,6
39,137,6
39,140,15
39,141,19
39,142,4
39,144,4
39,147,1
39,151,5
39,152,1
39,155,1
39,157,6
39,159,1
39,160,2
39,162,3
39,166,1
39,167,4
39,168,1
39,169,3
39,175,1
40,1,28
40,2,5
40,3,7
40,4,3
40,5,9
40,6,53
40,7,2
40,8,3
40,9,3
40,10,3
40,14,17
40,18,1
40,19,6
40,21,5
40,22,1
40,23,6
40,24,5
40,27,1
40,28,6
40,29,26
40,30,36
40,31,5
40,32,13
40,33,19
40,34,1
40,36,8
40,41,46
40,42,41
40,45,12
40,46,3
40,48,5
40,49,3
40,51,41
40,52,24
40,53,2
40,54,9
40,55,14
40,56,3
40,57,32
40,58,6
40,59,1
40,62,2
40,63,1
40,66,62
40,67,178
40,68,3
40,69,27
40,70,14
40,71,11
40,72,10
40,73,4
40,74,7
40,76,51
40,78,3
40,79,5
40,80,2
40,81,2
40,82,10
40,83,3
40,84,2
40,85,3
40,86,9
40,87,1
40,88,4
40,89,4
40,90,1
40,93,2
40,94,14
40,95,21
40,96,25
40,97,6
40,98,4
40,99,10
40,100,1
40,101,9
40,102,9
40,103,2
40,104,4
40,105,3
40,107,2
40,108,1
40,109,4
40,110,1
40,111,2
40,112,1
40,113,3
40,115,10
40,117,1
40,118,2
40,119,21
40,120,8
40,121,2
40,124,1
40,126,10
40,127,8
40,128,6
40,129,1
40,130,2
40,131,1
40,132,2
40,133,4
40,135,1
40,136,15
40,137,8
40,138,1
40,139,4
40,140,8
40,141,25
40,142,1
40,147,1
40,151,5
40,154,3
40,155,1
40,157,14
40,158,2
40,159,3
40,160,1
40,161,3
40,162,1
40,164,1
40,166,2
40,167,2
40,168,7
40,169,2
40,170,4
40,171,4
40,172,2
40,174,3
40,175,3
41,1,8
41,2,3
41,4,1
41,5,2
41,6,31
41,7,1
41,9,1
41,11,1
41,12,1
41,14,16
41,15,1
41,21,1
41,22,1
41,23,2
41,24,2
41,26,1
41,28,6
41,29,5
41,30,11
41,31,3
41,32,3
41,33,16
41,35,3
41,36,19
41,39,3
41,40,3
41,42,33
41,43,3
41,45,15
41,47,1
41,48,3
41,49,1
41,50,1
41,51,51
41,52,10
41,54,7
41,55,6
41,56,1
41,57,29
41,58,1
41,59,1
41,60,1
41,66,46
41,67,141
41,68,3
41,69,33
41,70,5
41,71,13
41,72,10
41,73,12
41,74,3
41,75,1
41,76,67
41,79,6
41,80,3
41,81,1
41,82,6
41,86,12
41,88,1
41,89,2
41,92,1
41,93,1
41,94,12
41,95,11
41,96,7
41,97,8
41,98,5
41,99,16
41,101,1
41,102,5
41,105,7
41,108,1
41,109,3
41,113,6
41,114,1
41,115,4
41,118,2
41,119,34
41,120,2
41,126,1
41,127,2
41,131,1
41,132,5
41,135,1
41,136,1
41,137,3
41,138,1
41,140,6
41,141,12
41,142,2
41,144,4
41,145,1
41,147,1
41,150,1
41,153,2
41,154,3
41,157,1
41,159,7
41,160,1
41,161,1
41,163,1
41,164,2
41,165,1
41,167,1
41,168,2
41,169,2
41,170,1
41,172,1
41,174,3
41,175,2
42,1,4
42,2,2
42,4,1
42,5,3
42,6,48
42,7,1
42,10,1
42,14,6
42,21,1
42,24,1
42,26,1
42,27,3
42,28,3
42,29,11
42,30,8
42,32,3
42,33,20
42,36,11
42,39,1
42,41,42
42,45,2
42,46,4
42,51,25
42,52,8
42,54,2
42,55,1
42,57,25
42,58,6
42,62,1
42,66,36
42,67,46
42,68,13
42,69,14
42,70,12
42,71,12
42,72,2
42,73,2
42,74,3
42,75,3
42,76,29
42,78,1
42,79,2
42,80,11
42,82,8
42,86,12
42,87,1
42,88,1
42,93,4
42,94,11
42,95,8
42,96,2
42,97,1
42,99,4
42,101,2
42,105,2
42,106,1
42,107,2
42,110,1
42,111,1
42,113,3
42,115,9
42,118,2
42,119,26
42,120,2
42,121,1
42,124,1
42,125,4
42,126,2
42,127,1
42,128,1
42,130,2
42,132,1
42,133,1
42,136,2
42,137,2
42,138,1
42,139,2
42,141,5
42,144,1
42,150,1
42,157,1
42,168,6
42,170,1
42,174,5
42,175,5
43,1,19
43,2,5
43,4,4
43,5,7
43,6,66
43,7,2
43,8,1
43,10,5
43,14,7
43,16,1
43,18,2
43,21,4
43,24,3
43,26,3
43,27,2
43,28,1
43,29,16
43,30,7
43,31,1
43,32,7
43,33,31
43,36,10
43,40,3
43,41,41
43,42,21
43,45,9
43,46,1
43,48,1
43,51,50
43,52,13
43,54,2
43,55,11
43,56,2
43,57,32
43,58,6
43,59,2
43,60,1
43,63,1
43,66,71
43,67,172
43,68,8
43,69,44
43,70,14
43,71,17
43,72,3
43,73,14
43,74,1
43,76,63
43,79,5
43,80,10
43,81,2
43,82,8
43,83,1
43,85,1
43,86,7
43,87,1
43,89,5
43,93,3
43,94,12
43,95,18
43,96,4
43,97,4
43,98,4
43,99,4
43,100,2
43,101,6
43,102,5
43,104,3
43,105,5
43,106,10
43,109,1
43,110,5
43,112,1
43,113,11
43,114,1
43,115,2
43,118,3
43,119,36
43,120,6
43,124,1
43,125,1
43,126,1
43,128,3
43,132,1
43,133,2
43,136,2
43,137,4
43,139,1
43,140,3
43,141,6
43,142,3
43,150,1
43,151,2
43,156,1
43,157,3
43,158,3
43,159,2
43,160,3
43,162,1
43,164,1
43,167,3
43,168,5
43,169,1
43,171,3
43,172,4
43,174,2
43,175,1
44,1,16
44,2,2
44,3,2
44,4,7
44,5,10
44,6,26
44,7,3
44,8,3
44,9,5
44,14,12
44,19,1
44,21,3
44,23,2
44,24,4
44,25,3
44,26,3
44,27,1
44,28,1
44,29,13
44,30,13
44,32,1
44,33,3
44,34,3
44,38,2
44,39,1
44,40,2
44,41,15
44,42,19
44,45,6
44,46,10
44,48,4
44,49,2
44,51,35
44,52,2
44,53,1
44,54,8
44,55,10
44,56,4
44,57,9
44,58,5
44,59,3
44,62,1
44,63,2
44,66,31
44,67,45
44,68,1
44,69,11
44,70,4
44,71,8
44,72,1
44,73,4
44,74,1
44,76,12
44,81,9
44,82,4
44,83,4
44,85,2
44,86,15
44,88,1
44,89,7
44,91,1
44,94,8
44,95,7
44,96,18
44,97,3
44,98,1
44,99,7
44,101,1
44,102,7
44,103,2
44,104,1
44,105,2
44,106,2
44,107,5
44,108,1
44,109,11
44,111,1
44,112,2
44,113,2
44,115,2
44,116,1
44,117,1
44,118,3
44,119,8
44,121,11
44,122,1
44,126,5
44,127,10
44,128,6
44,129,2
44,130,3
44,132,2
44,133,1
44,136,20
44,137,4
44,139,3
44,140,5
44,141,7
44,142,2
44,143,1
44,144,2
44,145,1
44,146,1
44,148,1
44,150,1
44,151,3
44,154,2
44,157,6
44,158,1
44,159,2
44,160,2
44,164,1
44,166,2
44,167,1
44,168,2
44,169,1
44,170,1
44,172,1
44,174,1
44,175,8
45,1,17
45,2,4
45,3,1
45,4,5
45,5,3
45,6,37
45,7,6
45,8,2
45,9,2
45,10,1
45,11,2
45,12,1
45,14,16
45,18,2
45,19,2
45,21,5
45,24,5
45,26,3
45,27,2
45,28,4
45,29,6
45,30,23
45,31,7
45,32,1
45,33,10
45,34,1
45,36,3
45,41,24
45,42,20
45,46,5
45,49,2
45,51,20
45,52,5
45,54,2
45,55,8
45,56,5
45,57,17
45,58,2
45,62,2
45,63,3
45,66,56
45,67,82
45,68,6
45,69,30
45,70,7
45,71,19
45,72,1
45,73,6
45,74,3
45,76,26
45,77,2
45,78,1
45,79,4
45,81,2
45,82,7
45,83,5
45,85,1
45,86,4
45,88,4
45,89,7
45,92,2
45,93,8
45,94,10
45,95,9
45,96,14
45,97,8
45,98,2
45,99,4
45,103,2
45,104,2
45,106,1
45,107,1
45,108,3
45,109,5
45,110,4
45,113,5
45,115,4
45,118,4
45,119,16
45,124,1
45,126,2
45,127,11
45,128,6
45,129,2
45,130,4
45,131,2
45,132,1
45,133,1
45,136,11
45,137,7
45,139,2
45,140,5
45,141,10
45,142,4
45,144,3
45,151,4
45,154,1
45,155,1
45,157,11
45,159,2
45,160,5
45,164,1
45,167,1
45,168,2
45,170,4
45,171,1
45,172,2
45,174,2
45,175,2
46,1,19
46,2,3
46,3,2
46,4,3
46,5,10
46,6,47
46,8,5
46,9,5
46,10,1
46,14,8
46,19,6
46,21,6
46,24,5
46,25,1
46,27,3
46,28,2
46,29,14
46,30,26
46,31,5
46,32,5
46,33,2
46,35,1
46,36,5
46,38,1
46,39,3
46,40,2
46,41,21
46,42,17
46,44,2
46,45,5
46,47,3
46,49,3
46,51,30
46,52,12
46,54,11
46,55,4
46,56,7
46,57,18
46,58,8
46,60,1
46,66,49
46,67,74
46,68,5
46,69,29
46,70,8
46,71,8
46,72,6
46,73,3
46,74,1
46,76,41
46,77,2
46,78,5
46,79,8
46,80,5
46,81,1
46,82,3
46,83,1
46,85,2
46,86,12
46,87,1
46,88,1
46,89,5
46,91,1
46,92,1
46,93,5
46,94,26
46,95,8
46,96,31
46,97,7
46,98,6
46,99,7
46,101,1
46,102,3
46,103,3
46,104,3
46,105,5
46,107,1
46,108,2
46,109,4
46,110,2
46,111,2
46,112,1
46,113,4
46,114,2
46,115,17
46,116,1
46,117,2
46,118,12
46,119,14
46,121,3
46,122,1
46,124,3
46,126,6
46,127,16
46,128,5
46,130,6
46,132,4
46,133,3
46,134,1
46,135,1
46,136,19
46,137,2
46,140,10
46,141,22
46,142,2
46,143,2
46,144,4
46,145,1
46,150,4
46,151,5
46,152,1
46,154,2
46,156,1
46,157,4
46,158,1
46,159,3
46,166,1
46,169,1
46,175,9
47,1,9
47,3,1
47,4,2
47,5,2
47,6,7
47,14,7
47,19,2
47,21,1
47,24,1
47,27,1
47,28,1
47,29,7
47,30,13
47,31,2
47,36,2
47,39,1
47,41,4
47,42,13
47,44,2
47,45,1
47,46,4
47,48,3
47,51,12
47,52,4
47,54,1
47,55,5
47,56,6
47,57,9
47,58,3
47,63,1
47,66,20
47,67,24
47,68,3
47,69,4
47,70,4
47,71,2
47,72,1
47,73,2
47,76,17
47,78,1
47,79,3
47,81,1
47,82,4
47,85,1
47,86,7
47,87,1
47,89,2
47,90,1
47,91,5
47,92,1
47,93,3
47,94,3
47,96,5
47,97,2
47,98,1
47,99,6
47,102,4
47,105,1
47,106,1
47,107,3
47,108,1
47,113,2
47,115,2
47,118,2
47,119,11
47,121,3
47,126,3
47,127,1
47,128,2
47,132,1
47,134,1
47,135,4
47,137,1
47,140,5
47,141,4
47,142,2
47,151,2
47,152,1
47,156,1
47,157,9
47,167,1
47,168,5
47,173,1
47,175,4
48,1,16
48,2,2
48,4,6
48,5,10
48,6,28
48,7,4
48,8,2
48,9,5
48,11,1
48,14,9
48,15,1
48,17,1
48,21,9
48,24,6
48,25,1
48,26,2
48,27,2
48,28,5
48,29,7
48,30,28
48,31,4
48,32,4
48,33,3
48,39,3
48,40,1
48,41,14
48,42,4
48,44,6
48,45,9
48,47,1
48,49,3
48,51,18
48,52,12
48,54,11
48,55,21
48,56,4
48,57,14
48,58,4
48,59,3
48,60,3
48,62,2
48,66,63
48,67,76
48,68,3
48,69,17
48,70,12
48,71,2
48,72,2
48,73,5
48,74,2
48,76,30
48,78,4
48,79,2
48,80,2
48,81,2
48,82,1
48,83,1
48,85,2
48,86,4
48,88,8
48,89,11
48,92,4
48,93,5
48,94,16
48,95,9
48,96,19
48,97,2
48,98,5
48,99,3
48,101,2
48,102,2
48,103,5
48,104,2
48,105,1
48,108,1
48,109,6
48,110,3
48,113,3
48,114,4
48,115,2
48,117,5
48,118,3
48,119,16
48,120,2
48,121,5
48,124,1
48,126,3
48,127,5
48,128,4
48,129,1
48,130,5
48,131,4
48,132,3
48,133,2
48,134,1
48,136,9
48,137,7
48,139,7
48,140,7
48,141,10
48,142,2
48,144,2
48,146,1
48,150,2
48,151,5
48,154,4
48,157,17
48,159,2
48,164,1
48,167,3
48,168,2
48,169,1
48,171,1
48,172,2
48,174,1
48,175,1
49,1,6
49,2,1
49,4,3
49,5,8
49,6,8
49,7,3
49,8,6
49,9,1
49,11,1
49,14,8
49,21,4
49,23,2
49,26,3
49,28,3
49,29,10
49,30,5
49,33,1
49,39,1
49,41,10
49,42,1
49,45,1
49,51,16
49,52,5
49,54,3
49,55,1
49,56,2
49,57,9
49,58,2
49,59,2
49,66,25
49,67,59
49,68,1
49,69,5
49,70,2
49,71,4
49,72,1
49,73,1
49,74,4
49,76,4
49,77,1
49,79,1
49,81,1
49,82,1
49,85,1
49,86,3
49,88,2
49,90,1
49,92,3
49,94,2
49,95,1
49,96,2
49,97,3
49,98,1
49,99,1
49,101,1
49,102,4
49,103,4
49,106,4
49,108,1
49,110,1
49,111,1
49,112,1
49,113,3
49,114,3
49,115,1
49,119,3
49,120,4
49,121,1
49,127,1
49,128,2
49,132,1
49,133,2
49,134,1
49,135,2
49,136,8
49,137,5
49,140,1
49,141,2
49,142,3
49,144,1
49,150,1
49,157,3
49,159,1
49,166,1
49,167,2
49,168,2
49,169,1
49,175,3
50,1,4
50,2,1
50,4,1
50,6,17
50,7,1
50,9,1
50,11,2
50,14,6
50,15,3
50,18,1
50,19,2
50,20,1
50,21,1
50,23,2
50,24,3
50,26,1
50,28,1
50,29,11
50,30,10
50,31,1
50,32,4
50,33,6
50,36,9
50,40,1
50,41,28
50,42,10
50,43,7
50,45,8
50,49,4
50,51,45
50,52,11
50,54,2
50,55,4
50,57,29
50,58,3
50,60,1
50,66,38
50,67,103
50,68,4
50,69,15
50,70,7
50,71,5
50,72,6
50,73,3
50,74,4
50,76,49
50,79,4
50,80,5
50,82,9
50,83,3
50,86,1
50,87,1
50,88,1
50,89,2
50,93,4
50,94,14
50,95,18
50,96,4
50,97,2
50,98,4
50,99,7
50,101,1
50,102,3
50,103,1
50,104,3
50,107,1
50,109,1
50,110,1
50,113,1
50,115,15
50,119,33
50,120,1
50,124,7
50,127,2
50,128,2
50,130,3
50,132,1
50,136,3
50,137,2
50,140,3
50,141,8
50,144,2
50,147,1
50,148,2
50,150,1
50,151,3
50,154,1
50,157,4
50,158,3
50,159,1
50,160,2
50,164,2
50,167,1
50,168,4
50,169,6
50,172,6
50,174,3
50,175,5
51,1,9
51,2,1
51,5,1
51,6,12
51,7,1
51,8,2
51,9,1
51,11,3
51,14,5
51,15,1
51,21,1
51,24,2
51,27,2
51,28,4
51,29,14
51,30,7
51,34,2
51,39,1
51,40,1
51,41,5
51,42,4
51,44,1
51,45,1
51,46,1
51,48,1
51,49,1
51,52,5
51,53,2
51,54,5
51,55,10
51,56,4
51,57,10
51,58,2
51,63,2
51,66,40
51,67,58
51,68,4
51,69,5
51,70,3
51,71,2
51,72,1
51,74,1
51,76,2
51,81,2
51,82,3
51,83,2
51,85,2
51,86,8
51,87,1
51,89,3
51,90,2
51,91,2
51,92,6
51,94,2
51,95,5
51,96,13
51,97,1
51,98,2
51,99,3
51,102,5
51,103,3
51,104,1
51,107,1
51,108,4
51,109,4
51,110,4
51,114,1
51,115,2
51,119,2
51,126,1
51,127,2
51,128,1
51,130,1
51,132,1
51,133,1
51,135,2
51,136,1
51,137,3
51,138,2
51,140,1
51,141,3
51,144,1
51,150,1
51,155,1
51,157,3
51,158,1
51,159,2
51,160,1
51,169,1
51,170,2
52,1,22
52,2,2
52,4,4
52,5,7
52,6,12
52,7,1
52,9,4
52,10,1
52,11,3
52,14,5
52,17,2
52,19,1
52,21,1
52,24,5
52,25,1
52,26,2
52,27,2
52,28,4
52,29,22
52,30,6
52,31,4
52,33,2
52,34,2
52,36,2
52,40,3
52,41,5
52,42,3
52,45,2
52,46,2
52,47,1
52,48,4
52,49,2
52,51,37
52,53,1
52,54,8
52,55,3
52,56,14
52,57,12
52,58,6
52,59,1
52,60,3
52,61,3
52,63,1
52,66,54
52,67,107
52,68,2
52,69,11
52,70,4
52,71,3
52,72,4
52,73,2
52,74,4
52,76,15
52,77,1
52,79,1
52,80,1
52,81,7
52,82,3
52,84,1
52,86,4
52,87,2
52,88,3
52,89,4
52,91,4
52,92,3
52,93,1
52,94,12
52,95,1
52,96,24
52,97,4
52,99,8
52,100,1
52,102,8
52,103,6
52,104,4
52,105,1
52,106,3
52,109,1
52,110,10
52,113,3
52,114,4
52,115,1
52,117,3
52,119,7
52,120,2
52,121,1
52,123,2
52,126,3
52,127,3
52,128,4
52,130,2
52,132,2
52,133,2
52,135,2
52,136,6
52,137,6
52,140,3
52,141,8
52,144,1
52,145,1
52,151,5
52,155,1
52,157,7
52,159,1
52,162,1
52,165,2
52,167,1
52,168,1
52,169,1
52,172,1
52,174,1
52,175,2
53,1,7
53,2,2
53,5,2
53,6,7
53,8,2
53,10,1
53,11,3
53,13,1
53,14,3
53,21,1
53,22,1
53,24,1
53,28,3
53,29,6
53,30,6
53,31,2
53,38,1
53,39,2
53,41,3
53,42,2
53,45,2
53,49,3
53,51,26
53,52,8
53,54,4
53,55,8
53,56,4
53,57,5
53,58,3
53,59,2
53,60,1
53,63,3
53,66,28
53,67,59
53,69,15
53,70,4
53,71,5
53,72,1
53,73,2
53,74,2
53,76,4
53,77,1
53,79,1
53,80,1
53,81,4
53,83,1
53,85,1
53,86,4
53,89,5
53,90,3
53,91,1
53,92,1
53,93,1
53,94,7
53,95,2
53,96,14
53,97,5
53,101,1
53,102,2
53,103,4
53,108,1
53,109,4
53,110,1
53,113,2
53,114,1
53,115,3
53,119,2
53,128,3
53,131,2
53,132,2
53,133,1
53,135,1
53,136,5
53,140,3
53,141,4
53,142,1
53,151,2
53,152,1
53,154,4
53,157,9
53,168,2
53,170,2
53,172,1
53,175,2
54,1,9
54,2,2
54,3,5
54,5,7
54,6,9
54,7,3
54,8,2
54,9,1
54,11,2
54,13,1
54,14,2
54,26,1
54,27,1
54,28,3
54,29,3
54,30,18
54,31,2
54,32,1
54,33,1
54,39,1
54,40,2
54,41,9
54,42,2
54,45,2
54,46,1
54,47,2
54,49,4
54,51,18
54,52,7
54,53,4
54,55,5
54,56,2
54,57,7
54,58,14
54,60,1
54,63,2
54,66,40
54,67,40
54,68,2
54,69,2
54,70,5
54,71,1
54,72,3
54,73,1
54,74,1
54,76,4
54,78,1
54,79,1
54,82,2
54,83,1
54,84,1
54,85,2
54,87,2
54,88,3
54,89,1
54,92,3
54,93,3
54,94,10
54,95,3
54,96,16
54,97,7
54,98,2
54,99,2
54,101,1
54,102,13
54,103,10
54,104,1
54,105,1
54,106,4
54,108,4
54,110,3
54,111,1
54,113,1
54,114,2
54,115,3
54,116,1
54,118,1
54,119,6
54,127,3
54,130,1
54,132,1
54,133,4
54,136,2
54,137,3
54,138,1
54,139,3
54,140,4
54,141,1
54,142,1
54,144,1
54,154,1
54,157,7
54,160,1
54,167,5
54,168,1
54,172,1
55,1,33
55,2,5
55,3,1
55,4,3
55,5,2
55,6,16
55,8,2
55,9,1
55,11,1
55,14,8
55,19,4
55,21,3
55,24,8
55,25,1
55,26,3
55,28,4
55,29,20
55,30,18
55,31,3
55,32,3
55,33,3
55,36,2
55,40,1
55,41,2
55,42,6
55,45,5
55,46,2
55,47,1
55,48,1
55,49,6
55,51,37
55,52,5
55,54,4
55,56,8
55,57,13
55,58,2
55,60,1
55,63,1
55,66,39
55,67,43
55,68,8
55,69,15
55,70,2
55,71,10
55,72,5
55,73,1
55,74,5
55,76,20
55,77,1
55,78,2
55,81,3
55,82,14
55,83,2
55,84,3
55,85,1
55,86,5
55,87,1
55,88,2
55,89,2
55,90,1
55,93,5
55,94,9
55,95,3
55,96,27
55,97,4
55,98,2
55,99,5
55,101,1
55,102,5
55,103,1
55,105,12
55,106,3
55,107,2
55,108,2
55,110,4
55,111,1
55,115,5
55,118,2
55,119,3
55,120,4
55,121,2
55,124,4
55,127,4
55,128,6
55,130,1
55,133,3
55,134,2
55,135,3
55,136,3
55,137,3
55,139,1
55,140,5
55,141,11
55,144,2
55,151,1
55,152,1
55,154,2
55,155,1
55,156,1
55,157,2
55,159,4
55,160,2
55,164,1
55,166,1
55,168,2
55,172,1
55,175,2
56,1,24
56,2,1
56,3,1
56,4,12
56,5,2
56,6,14
56,9,3
56,10,2
56,14,7
56,15,2
56,18,1
56,19,1
56,21,1
56,22,1
56,23,1
56,24,2
56,26,3
56,28,4
56,29,9
56,30,8
56,33,2
56,40,2
56,41,7
56,42,6
56,45,9
56,46,2
56,49,2
56,51,23
56,52,4
56,53,1
56,54,9
56,55,11
56,57,16
56,58,3
56,60,3
56,66,41
56,67,47
56,68,5
56,69,24
56,70,6
56,71,9
56,72,2
56,74,1
56,76,28
56,77,2
56,78,1
56,79,2
56,80,5
56,81,4
56,82,6
56,83,1
56,85,1
56,86,11
56,88,3
56,90,1
56,94,27
56,95,7
56,96,15
56,97,3
56,98,3
56,99,3
56,100,1
56,101,3
56,102,9
56,103,1
56,104,2
56,105,4
56,108,2
56,109,1
56,113,6
56,114,1
56,115,10
56,117,1
56,118,1
56,119,12
56,120,1
56,126,5
56,127,3
56,128,2
56,130,1
56,134,1
56,135,1
56,136,9
56,137,6
56,138,1
56,139,2
56,140,1
56,141,8
56,142,2
56,145,1
56,151,3
56,157,4
56,159,1
56,160,3
56,166,3
56,167,1
56,168,2
57,1,18
57,2,2
57,3,1
57,4,5
57,5,8
57,6,9
57,8,2
57,9,1
57,14,15
57,19,1
57,21,3
57,24,5
57,28,7
57,29,11
57,30,10
57,31,1
57,32,2
57,33,3
57,36,2
57,39,1
57,41,8
57,42,3
57,44,1
57,45,12
57,49,1
57,51,42
57,52,8
57,54,8
57,55,9
57,56,5
57,58,4
57,59,2
57,66,104
57,67,66
57,68,6
57,69,8
57,70,5
57,71,7
57,72,1
57,73,1
57,74,1
57,76,16
57,78,4
57,79,2
57,80,2
57,81,5
57,83,1
57,84,3
57,85,2
57,86,5
57,87,2
57,89,6
57,90,3
57,92,4
57,93,10
57,94,10
57,95,16
57,96,21
57,97,6
57,99,5
57,101,1
57,102,4
57,103,1
57,104,1
57,105,4
57,107,1
57,109,3
57,110,6
57,113,4
57,114,1
57,115,7
57,117,1
57,118,1
57,119,8
57,120,3
57,121,1
57,126,3
57,127,1
57,130,4
57,131,3
57,132,1
57,133,2
57,136,6
57,137,3
57,140,2
57,141,7
57,142,1
57,144,3
57,147,1
57,148,3
57,150,1
57,151,3
57,152,1
57,154,1
57,157,16
57,168,2
57,175,2
58,1,9
58,2,1
58,5,14
58,6,1
58,7,1
58,8,1
58,9,1
58,14,2
58,21,1
58,23,1
58,25,1
58,26,1
58,27,3
58,28,3
58,29,12
58,30,3
58,31,1
58,34,1
58,36,1
58,41,4
58,42,1
58,45,1
58,51,9
58,52,2
58,54,4
58,55,5
58,56,7
58,57,6
58,59,1
58,60,1
58,62,1
58,66,48
58,67,31
58,68,3
58,69,2
58,70,1
58,71,4
58,72,1
58,75,1
58,76,4
58,82,1
58,83,1
58,85,1
58,86,5
58,87,1
58,88,2
58,89,2
58,90,1
58,93,3
58,94,5
58,96,12
58,97,4
58,99,1
58,102,2
58,103,1
58,105,1
58,106,2
58,109,1
58,110,4
58,115,1
58,116,1
58,119,3
58,126,1
58,129,1
58,131,4
58,134,2
58,136,8
58,137,3
58,140,1
58,141,8
58,142,1
58,145,1
58,150,2
58,151,1
58,165,1
58,168,1
58,169,1
58,172,1
59,1,7
59,6,6
59,7,1
59,10,1
59,14,1
59,15,1
59,19,2
59,24,1
59,27,1
59,28,3
59,29,9
59,30,9
59,39,1
59,40,1
59,41,7
59,42,1
59,48,2
59,49,3
59,51,9
59,52,3
59,53,1
59,54,1
59,55,6
59,56,1
59,57,8
59,58,5
59,62,5
59,66,42
59,67,21
59,68,2
59,69,7
59,70,5
59,71,3
59,73,1
59,76,2
59,78,1
59,79,1
59,81,1
59,85,1
59,86,3
59,87,3
59,89,3
59,90,3
59,92,2
59,93,3
59,94,4
59,96,11
59,97,1
59,98,2
59,103,2
59,107,1
59,108,3
59,109,1
59,110,1
59,111,1
59,112,1
59,113,2
59,115,1
59,118,3
59,119,5
59,120,5
59,121,3
59,130,1
59,133,3
59,134,1
59,135,3
59,136,2
59,140,1
59,141,6
59,142,1
59,148,3
59,151,1
59,156,1
59,157,1
59,161,1
59,162,2
59,164,1
59,175,1
60,1,14
60,2,1
60,3,1
60,5,2
60,6,18
60,7,3
60,8,3
60,9,2
60,11,2
60,14,6
60,19,2
60,23,1
60,24,2
60,25,8
60,26,4
60,28,7
60,29,19
60,30,18
60,31,9
60,33,2
60,34,1
60,41,5
60,42,8
60,43,1
60,46,2
60,48,3
60,49,5
60,51,26
60,52,6
60,53,1
60,54,7
60,55,10
60,56,3
60,57,10
60,58,15
60,59,1
60,62,5
60,63,3
60,66,70
60,67,37
60,68,2
60,69,5
60,70,5
60,71,3
60,72,2
60,74,2
60,76,2
60,77,2
60,78,1
60,80,1
60,81,3
60,82,5
60,85,6
60,86,5
60,87,3
60,88,2
60,89,4
60,90,3
60,91,1
60,93,4
60,94,14
60,95,3
60,96,16
60,97,7
60,98,4
60,99,2
60,102,2
60,103,5
60,104,5
60,106,6
60,107,2
60,109,2
60,110,8
60,111,2
60,113,2
60,114,3
60,115,5
60,117,2
60,119,4
60,120,2
60,124,1
60,126,4
60,127,6
60,128,2
60,131,2
60,132,1
60,133,4
60,134,4
60,135,6
60,136,4
60,137,2
60,139,3
60,140,2
60,141,6
60,142,7
60,145,3
60,147,2
60,151,5
60,157,2
60,158,3
60,162,1
60,164,1
60,168,3
60,169,3
61,1,12
61,3,4
61,5,2
61,6,12
61,12,1
61,14,6
61,19,2
61,21,1
61,24,2
61,25,3
61,26,2
61,28,1
61,29,13
61,30,13
61,32,1
61,36,2
61,39,1
61,41,4
61,42,2
61,45,4
61,46,3
61,47,1
61,48,1
61,51,16
61,52,1
61,54,6
61,55,5
61,56,1
61,57,7
61,58,5
61,60,2
61,62,1
61,63,1
61,64,3
61,65,1
61,66,42
61,67,53
61,69,16
61,70,1
61,71,1
61,72,1
61,73,3
61,74,3
61,75,1
61,76,8
61,78,1
61,80,3
61,81,5
61,82,1
61,83,2
61,85,1
61,86,4
61,87,1
61,88,3
61,89,3
61,90,1
61,91,3
61,93,1
61,94,9
61,95,9
61,96,13
61,97,2
61,98,1
61,99,1
61,100,1
61,102,3
61,103,1
61,104,4
61,105,3
61,106,6
61,108,4
61,110,3
61,113,1
61,114,2
61,115,4
61,117,1
61,118,1
61,119,3
61,124,3
61,127,1
61,128,2
61,130,2
61,131,1
61,133,4
61,134,1
61,135,1
61,136,1
61,140,2
61,141,6
61,142,2
61,145,1
61,147,1
61,151,2
61,156,3
61,157,2
61,159,1
61,160,4
61,164,1
61,168,1
61,175,4
62,1,18
62,2,2
62,4,4
62,5,3
62,6,13
62,8,3
62,9,5
62,14,10
62,23,1
62,24,7
62,25,3
62,26,3
62,28,2
62,29,38
62,30,26
62,31,2
62,32,6
62,36,1
62,40,1
62,41,9
62,42,3
62,45,1
62,46,3
62,47,1
62,49,2
62,51,29
62,52,10
62,54,13
62,55,13
62,56,5
62,57,13
62,58,9
62,59,3
62,60,2
62,61,5
62,63,1
62,66,59
62,67,65
62,68,2
62,69,7
62,71,1
62,72,1
62,73,2
62,74,1
62,76,8
62,77,1
62,78,2
62,81,5
62,82,4
62,83,5
62,85,10
62,87,3
62,88,4
62,89,6
62,90,2
62,91,2
62,92,2
62,93,10
62,94,11
62,95,5
62,96,23
62,97,3
62,98,5
62,99,4
62,101,1
62,102,3
62,103,5
62,105,4
62,106,6
62,108,5
62,109,5
62,110,5
62,113,4
62,114,2
62,115,2
62,116,1
62,117,1
62,119,3
62,120,2
62,126,3
62,127,3
62,129,2
62,130,1
62,131,1
62,132,2
62,133,6
62,134,8
62,135,4
62,136,6
62,137,1
62,139,6
62,141,8
62,142,3
62,144,11
62,147,1
62,150,1
62,151,4
62,157,11
62,159,3
62,161,2
62,163,1
62,164,1
62,167,2
62,168,3
62,169,3
62,172,3
62,175,4
63,1,6
63,2,3
63,6,4
63,7,3
63,9,1
63,14,2
63,21,1
63,24,2
63,26,2
63,28,1
63,29,11
63,30,3
63,32,3
63,35,1
63,41,1
63,42,1
63,45,1
63,49,1
63,51,7
63,52,4
63,54,1
63,55,6
63,57,2
63,58,2
63,60,2
63,62,1
63,66,18
63,67,21
63,68,1
63,71,1
63,73,1
63,76,1
63,78,2
63,82,1
63,85,1
63,86,1
63,88,6
63,89,1
63,94,3
63,96,19
63,97,1
63,103,1
63,104,2
63,105,2
63,106,2
63,110,2
63,114,2
63,115,2
63,116,1
63,117,2
63,118,1
63,133,2
63,134,2
63,135,4
63,136,2
63,140,3
63,141,1
63,142,1
63,144,1
63,154,1
63,157,3
63,171,2
63,172,1
63,174,1
64,1,13
64,4,1
64,5,5
64,6,9
64,7,2
64,8,1
64,9,5
64,13,1
64,14,5
64,17,1
64,19,1
64,21,2
64,23,1
64,24,1
64,25,3
64,26,2
64,27,5
64,28,1
64,29,13
64,30,15
64,31,1
64,36,1
64,39,1
64,40,1
64,41,3
64,42,2
64,45,1
64,46,4
64,49,1
64,51,13
64,52,1
64,54,3
64,55,5
64,56,2
64,57,4
64,58,4
64,61,1
64,62,4
64,63,5
64,66,42
64,67,26
64,68,2
64,70,3
64,71,4
64,74,1
64,75,1
64,76,11
64,77,2
64,79,2
64,80,1
64,82,2
64,83,4
64,84,1
64,85,2
64,86,8
64,88,3
64,89,1
64,90,1
64,92,1
64,93,4
64,94,7
64,95,3
64,96,27
64,97,1
64,98,4
64,99,2
64,102,5
64,103,6
64,104,2
64,105,1
64,106,3
64,108,2
64,109,1
64,110,3
64,112,1
64,114,4
64,115,3
64,116,2
64,119,2
64,121,2
64,126,2
64,127,4
64,131,1
64,132,1
64,133,3
64,136,5
64,137,3
64,139,5
64,140,2
64,141,5
64,144,4
64,149,2
64,151,3
64,152,2
64,157,5
64,160,1
64,164,1
64,167,1
64,168,1
64,170,2
65,3,3
65,4,1
65,6,6
65,7,2
65,8,1
65,13,1
65,14,2
65,15,1
65,19,1
65,24,1
65,29,4
65,30,16
65,31,1
65,39,1
65,41,2
65,42,2
65,45,1
65,49,1
65,51,6
65,52,3
65,54,5
65,55,3
65,57,1
65,58,3
65,60,2
65,61,1
65,62,1
65,66,31
65,67,27
65,68,1
65,69,3
65,70,1
65,71,2
65,72,1
65,73,1
65,76,4
65,77,1
65,79,1
65,80,1
65,81,8
65,82,2
65,83,3
65,84,2
65,85,1
65,86,5
65,87,1
65,88,1
65,89,3
65,90,1
65,91,2
65,93,1
65,94,7
65,95,1
65,96,3
65,97,1
65,98,1
65,99,2
65,102,4
65,103,2
65,106,4
65,110,1
65,111,1
65,113,3
65,114,1
65,116,1
65,119,2
65,127,1
65,131,1
65,132,1
65,133,3
65,136,1
65,137,3
65,139,1
65,141,4
65,142,1
65,150,1
65,152,1
65,167,1
65,168,1
65,169,1
65,170,1
65,173,1
65,175,3
66,1,9
66,2,4
66,6,9
66,8,1
66,9,1
66,10,1
66,19,1
66,28,1
66,29,6
66,30,4
66,32,2
66,36,3
66,40,1
66,41,3
66,42,2
66,45,2
66,51,15
66,52,9
66,54,1
66,55,1
66,57,5
66,58,1
66,67,29
66,68,2
66,69,3
66,71,1
66,72,3
66,73,3
66,74,3
66,75,1
66,76,2
66,80,2
66,81,2
66,82,3
66,85,4
66,86,2
66,87,1
66,89,1
66,92,8
66,93,5
66,94,1
66,95,7
66,96,3
66,97,11
66,102,3
66,104,1
66,105,3
66,107,5
66,108,1
66,110,2
66,112,1
66,115,18
66,117,1
66,119,9
66,120,1
66,121,1
66,128,6
66,131,1
66,132,1
66,136,3
66,137,2
66,139,1
66,141,3
66,144,1
66,150,1
66,151,5
66,156,1
66,163,1
66,167,1
67,1,33
67,2,1
67,3,1
67,5,3
67,6,25
67,8,3
67,9,1
67,10,1
67,14,6
67,15,1
67,19,1
67,21,3
67,24,5
67,26,2
67,27,4
67,28,1
67,29,15
67,30,16
67,31,3
67,33,3
67,34,1
67,36,1
67,39,6
67,40,1
67,41,14
67,42,5
67,45,8
67,46,4
67,47,2
67,49,1
67,51,24
67,52,3
67,54,7
67,55,9
67,56,13
67,57,14
67,58,5
67,59,1
67,61,1
67,62,1
67,63,1
67,66,47
67,68,4
67,69,23
67,70,5
67,71,6
67,72,4
67,73,3
67,74,2
67,76,13
67,80,1
67,81,2
67,82,5
67,83,1
67,85,1
67,86,9
67,87,2
67,91,1
67,93,2
67,94,20
67,95,8
67,96,18
67,97,4
67,99,4
67,100,1
67,101,4
67,103,1
67,104,1
67,105,4
67,106,2
67,108,3
67,109,6
67,110,7
67,113,7
67,114,1
67,115,4
67,117,6
67,118,1
67,119,7
67,120,3
67,121,3
67,126,2
67,127,2
67,128,1
67,129,1
67,130,1
67,136,9
67,137,5
67,138,1
67,140,4
67,141,8
67,144,2
67,145,4
67,146,8
67,148,1
67,149,2
67,150,1
67,151,10
67,154,1
67,157,3
67,163,1
67,166,3
67,167,1
67,169,1
67,172,2
67,174,1
67,175,6
68,1,6
68,2,3
68,6,14
68,8,2
68,14,2
68,15,2
68,23,1
68,24,1
68,29,5
68,30,11
68,31,2
68,32,1
68,37,1
68,40,2
68,41,8
68,42,1
68,45,4
68,46,1
68,47,3
68,51,8
68,52,12
68,55,9
68,56,5
68,57,13
68,58,2
68,59,2
68,66,38
68,67,25
68,69,5
68,70,1
68,71,3
68,72,2
68,73,1
68,74,2
68,76,4
68,78,1
68,79,2
68,80,2
68,81,2
68,83,2
68,86,8
68,88,1
68,90,3
68,93,5
68,94,4
68,95,11
68,96,8
68,97,4
68,98,5
68,103,2
68,105,7
68,106,1
68,115,2
68,116,1
68,118,1
68,119,6
68,124,1
68,128,1
68,129,1
68,130,1
68,131,1
68,136,4
68,139,1
68,141,2
68,143,1
68,145,1
68,169,1
68,171,1
68,172,4
68,174,2
69,1,22
69,2,16
69,3,8
69,4,7
69,5,9
69,6,22
69,7,3
69,8,1
69,10,4
69,14,7
69,19,4
69,21,1
69,23,1
69,24,3
69,25,2
69,27,4
69,28,6
69,29,14
69,30,41
69,31,2
69,32,2
69,33,1
69,36,3
69,41,10
69,42,21
69,43,3
69,45,3
69,46,2
69,48,2
69,49,1
69,51,28
69,52,4
69,54,3
69,55,7
69,56,9
69,57,22
69,58,3
69,62,5
69,66,86
69,67,88
69,68,9
69,70,12
69,71,30
69,72,5
69,73,7
69,74,6
69,76,29
69,77,5
69,78,2
69,79,1
69,80,3
69,81,4
69,82,14
69,84,1
69,85,9
69,86,7
69,88,1
69,89,3
69,90,1
69,91,3
69,92,1
69,93,6
69,94,24
69,95,13
69,96,12
69,97,4
69,98,1
69,99,5
69,101,3
69,102,16
69,103,1
69,104,5
69,105,13
69,106,4
69,107,6
69,108,2
69,110,7
69,113,8
69,114,1
69,115,12
69,119,13
69,120,2
69,124,2
69,126,2
69,127,4
69,128,3
69,129,1
69,130,7
69,131,3
69,132,4
69,133,4
69,135,2
69,136,5
69,137,4
69,140,5
69,141,20
69,142,2
69,144,2
69,145,1
69,151,4
69,154,1
69,157,11
69,159,2
69,163,1
69,167,1
69,168,5
69,172,1
69,173,1
69,175,6
70,1,11
70,2,3
70,3,6
70,4,2
70,5,7
70,6,25
70,7,5
70,11,1
70,12,2
70,13,1
70,14,21
70,18,2
70,19,2
70,24,1
70,26,1
70,28,3
70,29,13
70,30,15
70,31,1
70,32,7
70,33,5
70,35,1
70,36,2
70,40,1
70,41,31
70,42,30
70,45,19
70,46,1
70,48,1
70,49,4
70,51,46
70,52,4
70,54,2
70,55,4
70,56,11
70,57,21
70,58,5
70,60,1
70,66,58
70,67,94
70,68,5
70,69,28
70,71,28
70,72,3
70,73,14
70,74,8
70,76,67
70,77,2
70,79,3
70,80,3
70,81,6
70,82,15
70,83,1
70,85,2
70,86,7
70,89,4
70,90,3
70,92,1
70,93,13
70,94,19
70,95,12
70,96,24
70,97,8
70,98,1
70,99,28
70,101,7
70,102,13
70,103,2
70,105,7
70,106,1
70,107,2
70,108,2
70,109,1
70,110,1
70,113,13
70,114,1
70,115,7
70,118,1
70,119,17
70,120,3
70,121,1
70,126,7
70,127,7
70,128,7
70,130,4
70,131,3
70,132,2
70,133,5
70,136,6
70,137,3
70,140,2
70,141,8
70,142,3
70,144,1
70,145,1
70,146,1
70,151,6
70,154,1
70,156,1
70,157,5
70,164,4
70,167,1
70,168,4
70,169,1
70,170,6
70,172,1
70,175,11
71,1,8
71,2,4
71,3,1
71,4,6
71,5,2
71,6,21
71,8,1
71,13,1
71,14,2
71,19,1
71,21,2
71,24,4
71,28,3
71,29,7
71,30,14
71,33,6
71,36,2
71,38,1
71,39,3
71,40,1
71,41,19
71,42,14
71,45,4
71,46,4
71,47,1
71,51,16
71,52,7
71,54,5
71,55,11
71,56,13
71,57,11
71,58,2
71,63,1
71,66,34
71,67,39
71,68,2
71,69,16
71,70,6
71,72,1
71,73,9
71,74,3
71,76,25
71,77,1
71,78,2
71,79,1
71,80,7
71,81,1
71,82,2
71,85,1
71,86,8
71,88,2
71,89,1
71,91,1
71,93,2
71,94,14
71,95,11
71,96,14
71,97,5
71,98,2
71,99,13
71,101,2
71,102,3
71,105,8
71,106,1
71,107,1
71,109,2
71,110,2
71,113,9
71,114,1
71,115,6
71,116,1
71,117,2
71,118,1
71,119,13
71,120,2
71,121,2
71,126,5
71,127,5
71,133,1
71,136,5
71,137,1
71,139,1
71,141,8
71,142,1
71,143,1
71,144,4
71,147,1
71,148,1
71,157,3
71,159,1
71,161,1
71,167,1
71,168,2
71,169,1
71,170,1
71,173,2
71,174,1
71,175,3
72,1,19
72,2,2
72,3,6
72,4,2
72,5,1
72,6,30
72,7,3
72,9,3
72,10,2
72,11,1
72,12,2
72,14,17
72,19,7
72,20,1
72,21,6
72,22,4
72,24,4
72,26,2
72,27,2
72,28,4
72,29,21
72,30,16
72,31,7
72,32,2
72,33,6
72,34,1
72,35,1
72,36,4
72,40,3
72,41,48
72,42,23
72,44,1
72,45,5
72,51,42
72,52,10
72,54,3
72,55,5
72,56,6
72,57,24
72,58,8
72,59,1
72,62,3
72,66,55
72,67,152
72,68,5
72,69,31
72,70,3
72,71,7
72,73,15
72,74,8
72,76,72
72,79,4
72,80,8
72,81,2
72,82,13
72,83,1
72,86,6
72,87,1
72,88,1
72,89,2
72,93,1
72,94,20
72,95,9
72,96,14
72,97,4
72,99,17
72,100,1
72,101,5
72,102,6
72,103,1
72,105,6
72,107,1
72,113,11
72,114,1
72,115,2
72,117,3
72,118,1
72,119,29
72,120,1
72,126,3
72,127,1
72,128,3
72,129,2
72,130,1
72,132,1
72,133,1
72,135,2
72,136,6
72,137,5
72,139,1
72,140,4
72,141,10
72,144,2
72,148,1
72,150,2
72,151,2
72,152,1
72,154,6
72,157,7
72,159,1
72,166,5
72,168,4
72,169,1
72,170,6
72,172,13
72,173,1
72,175,2
73,1,8
73,2,3
73,4,3
73,5,6
73,6,38
73,7,5
73,8,1
73,13,1
73,14,10
73,19,5
73,21,1
73,24,2
73,26,3
73,27,3
73,28,4
73,29,15
73,30,23
73,31,6
73,32,4
73,33,5
73,34,1
73,36,11
73,40,1
73,41,44
73,42,44
73,43,1
73,45,13
73,47,1
73,48,1
73,51,21
73,52,9
73,54,4
73,55,8
73,56,3
73,57,35
73,58,13
73,62,1
73,63,2
73,66,49
73,67,86
73,68,8
73,69,28
73,70,9
73,71,13
73,72,8
73,74,9
73,75,1
73,76,60
73,77,1
73,78,2
73,79,10
73,80,12
73,81,2
73,82,13
73,83,1
73,86,9
73,89,9
73,90,2
73,92,1
73,93,2
73,94,15
73,95,6
73,96,10
73,97,3
73,98,1
73,99,14
73,101,5
73,102,19
73,105,3
73,108,1
73,113,2
73,115,8
73,116,3
73,118,1
73,119,30
73,120,1
73,121,1
73,124,3
73,126,3
73,127,1
73,128,5
73,129,1
73,130,2
73,132,2
73,133,1
73,134,1
73,136,8
73,139,2
73,140,1
73,141,13
73,142,2
73,144,1
73,145,1
73,147,1
73,154,2
73,155,1
73,157,5
73,159,1
73,166,1
73,167,1
73,168,3
73,169,4
73,174,5
73,175,1
74,1,13
74,2,2
74,3,3
74,4,1
74,5,2
74,6,29
74,10,7
74,14,6
74,24,3
74,26,1
74,27,2
74,28,1
74,29,5
74,30,22
74,31,3
74,32,1
74,33,6
74,36,1
74,41,17
74,42,6
74,45,4
74,49,2
74,51,21
74,52,5
74,54,5
74,55,3
74,56,1
74,57,17
74,58,3
74,59,3
74,62,2
74,66,39
74,67,83
74,68,7
74,69,13
74,70,12
74,71,11
74,72,6
74,73,9
74,76,31
74,78,1
74,79,2
74,80,4
74,81,9
74,82,10
74,85,2
74,86,2
74,87,1
74,89,3
74,90,1
74,93,5
74,94,12
74,95,9
74,96,6
74,97,10
74,98,1
74,99,17
74,101,5
74,102,11
74,103,1
74,104,1
74,105,1
74,106,5
74,107,6
74,114,1
74,115,7
74,119,17
74,126,2
74,127,4
74,128,2
74,132,1
74,135,4
74,136,4
74,137,6
74,139,1
74,140,2
74,141,3
74,145,1
74,146,1
74,150,1
74,157,3
74,159,2
74,160,2
74,167,5
74,168,1
74,170,2
74,171,1
74,172,4
74,174,1
74,175,3
75,1,22
75,2,6
75,4,1
75,5,4
75,6,25
75,7,1
75,8,1
75,9,1
75,11,1
75,14,3
75,15,1
75,19,2
75,21,2
75,23,2
75,24,3
75,25,2
75,26,3
75,27,1
75,29,22
75,30,28
75,31,5
75,32,2
75,33,8
75,34,4
75,35,1
75,36,5
75,40,2
75,41,31
75,42,15
75,43,1
75,45,3
75,47,1
75,48,1
75,51,45
75,52,6
75,54,3
75,55,2
75,56,4
75,57,31
75,58,8
75,59,1
75,66,50
75,67,87
75,68,1
75,69,17
75,70,15
75,71,22
75,72,8
75,73,15
75,74,1
75,76,46
75,78,1
75,79,8
75,81,1
75,82,5
75,83,3
75,85,3
75,86,3
75,87,1
75,88,2
75,89,3
75,90,1
75,92,1
75,93,6
75,94,22
75,95,13
75,96,8
75,97,5
75,98,2
75,99,7
75,100,2
75,101,5
75,102,9
75,103,2
75,105,7
75,106,5
75,107,1
75,108,1
75,110,6
75,113,4
75,114,3
75,115,3
75,117,1
75,118,1
75,119,20
75,124,1
75,126,1
75,127,3
75,128,1
75,129,1
75,131,1
75,132,3
75,133,1
75,134,1
75,136,10
75,139,3
75,141,5
75,142,3
75,150,1
75,151,4
75,154,1
75,157,4
75,159,1
75,162,1
75,163,1
75,164,2
75,166,1
75,167,5
75,168,3
75,169,2
75,171,1
75,172,4
75,174,2
75,175,2
76,1,5
76,2,2
76,3,2
76,4,1
76,5,3
76,6,34
76,10,5
76,12,1
76,14,10
76,24,5
76,28,1
76,29,6
76,30,17
76,31,4
76,32,3
76,33,6
76,34,1
76,35,1
76,36,6
76,40,1
76,41,22
76,42,13
76,45,3
76,46,2
76,49,1
76,51,53
76,52,4
76,53,2
76,54,1
76,55,2
76,56,1
76,57,13
76,58,2
76,63,2
76,66,25
76,67,68
76,68,1
76,69,14
76,70,10
76,71,2
76,72,10
76,73,2
76,74,2
76,79,2
76,80,5
76,81,3
76,82,3
76,83,1
76,86,6
76,93,6
76,94,9
76,95,6
76,96,3
76,97,1
76,98,2
76,99,1
76,101,5
76,102,8
76,103,1
76,104,1
76,106,2
76,107,3
76,108,1
76,115,6
76,116,1
76,119,26
76,120,1
76,125,2
76,127,1
76,128,1
76,132,1
76,136,3
76,137,1
76,141,10
76,145,1
76,150,1
76,151,1
76,157,3
76,159,2
76,169,4
76,170,1
76,171,2
76,172,1
76,175,1
77,1,12
77,3,3
77,4,2
77,5,7
77,6,16
77,7,1
77,8,1
77,9,1
77,13,3
77,14,7
77,19,1
77,24,4
77,26,2
77,27,2
77,28,3
77,29,8
77,30,19
77,31,2
77,33,8
77,39,2
77,40,1
77,41,11
77,42,16
77,44,1
77,45,6
77,47,1
77,49,1
77,51,29
77,52,12
77,54,5
77,55,9
77,56,8
77,57,14
77,58,2
77,59,1
77,61,1
77,66,41
77,67,75
77,69,29
77,70,5
77,71,4
77,72,1
77,73,2
77,74,5
77,76,21
77,78,1
77,80,5
77,82,2
77,83,1
77,84,2
77,85,1
77,86,8
77,88,1
77,89,1
77,91,2
77,93,2
77,94,10
77,95,7
77,96,21
77,97,1
77,98,2
77,99,1
77,101,1
77,102,4
77,103,4
77,104,1
77,105,5
77,106,1
77,107,4
77,108,7
77,110,1
77,113,1
77,115,6
77,116,1
77,117,4
77,118,5
77,119,4
77,121,3
77,124,2
77,126,6
77,127,7
77,128,5
77,132,3
77,136,4
77,137,2
77,138,1
77,140,6
77,141,7
77,142,2
77,144,2
77,145,1
77,148,1
77,151,8
77,157,7
77,159,3
77,163,1
77,166,1
77,167,4
77,168,1
77,169,1
77,170,1
77,174,1
78,1,4
78,3,1
78,4,3
78,5,10
78,6,16
78,7,2
78,8,2
78,9,3
78,11,1
78,14,12
78,19,2
78,23,1
78,24,2
78,25,2
78,26,2
78,27,2
78,28,2
78,29,10
78,30,6
78,31,1
78,32,1
78,33,1
78,34,3
78,40,2
78,41,2
78,42,4
78,44,2
78,45,2
78,46,1
78,47,1
78,48,2
78,51,41
78,52,10
78,54,4
78,55,3
78,56,8
78,57,14
78,58,11
78,59,1
78,63,3
78,66,43
78,67,73
78,68,1
78,69,16
78,70,10
78,72,1
78,73,2
78,74,5
78,76,10
78,79,1
78,80,1
78,81,5
78,83,2
78,84,4
78,85,2
78,86,6
78,87,4
78,93,3
78,94,18
78,95,9
78,96,19
78,97,3
78,98,2
78,99,1
78,101,1
78,102,3
78,103,2
78,104,1
78,105,2
78,106,1
78,108,1
78,109,4
78,110,2
78,113,1
78,114,2
78,115,6
78,118,1
78,119,2
78,121,1
78,126,1
78,127,5
78,128,8
78,130,1
78,132,2
78,133,1
78,136,13
78,137,6
78,140,2
78,141,5
78,144,4
78,147,1
78,151,3
78,154,2
78,157,8
78,159,2
78,160,4
78,165,1
78,167,1
78,169,1
78,170,4
78,175,1
79,1,7
79,2,6
79,6,24
79,8,1
79,9,1
79,14,4
79,21,1
79,23,2
79,27,2
79,29,6
79,30,5
79,31,4
79,33,11
79,35,2
79,36,3
79,41,11
79,42,12
79,45,3
79,47,1
79,51,22
79,52,4
79,54,2
79,55,1
79,57,14
79,66,16
79,67,19
79,68,2
79,69,14
79,70,9
79,71,4
79,72,1
79,73,9
79,74,5
79,76,21
79,78,1
79,80,3
79,81,4
79,82,8
79,86,6
79,88,1
79,89,2
79,93,7
79,94,2
79,95,11
79,96,5
79,97,1
79,99,3
79,101,1
79,102,2
79,103,1
79,105,6
79,108,1
79,109,5
79,110,3
79,113,3
79,114,1
79,115,2
79,119,8
79,120,3
79,124,2
79,126,1
79,133,1
79,136,1
79,141,13
79,142,1
79,147,1
79,149,1
79,151,5
79,154,4
79,157,3
79,159,1
79,169,2
79,170,1
79,172,7
79,174,4
79,175,7
80,1,16
80,2,9
80,4,9
80,5,6
80,6,30
80,7,1
80,8,1
80,9,3
80,10,1
80,14,7
80,17,1
80,19,2
80,23,1
80,24,1
80,25,1
80,26,3
80,27,1
80,28,5
80,29,10
80,30,12
80,31,1
80,33,5
80,36,3
80,39,3
80,41,11
80,42,34
80,45,7
80,46,3
80,49,1
80,51,25
80,52,2
80,54,5
80,55,12
80,56,2
80,57,34
80,58,1
80,59,1
80,62,2
80,66,33
80,67,78
80,68,4
80,69,22
80,70,10
80,71,17
80,72,8
80,73,4
80,74,7
80,76,31
80,78,1
80,79,2
80,81,9
80,82,3
80,85,2
80,86,3
80,87,1
80,88,2
80,89,8
80,90,1
80,93,6
80,94,13
80,95,10
80,96,12
80,97,3
80,98,1
80,99,14
80,100,1
80,101,5
80,102,8
80,103,1
80,105,1
80,106,4
80,108,3
80,109,3
80,110,1
80,113,1
80,116,1
80,117,1
80,119,22
80,120,6
80,126,3
80,127,4
80,128,1
80,130,3
80,132,3
80,133,2
80,136,4
80,137,1
80,139,2
80,140,2
80,141,8
80,143,1
80,146,1
80,154,3
80,159,1
80,167,1
80,168,3
80,171,3
80,173,2
80,175,1
81,1,28
81,2,1
81,4,5
81,5,2
81,6,27
81,7,1
81,8,3
81,10,1
81,14,10
81,17,1
81,19,5
81,21,2
81,24,7
81,28,3
81,29,13
81,30,33
81,31,2
81,32,4
81,33,4
81,36,9
81,41,24
81,42,24
81,43,1
81,45,17
81,46,4
81,47,1
81,51,38
81,54,1
81,55,3
81,56,3
81,57,25
81,58,2
81,62,2
81,63,2
81,66,37
81,67,108
81,68,9
81,69,12
81,70,16
81,71,6
81,72,1
81,73,4
81,76,32
81,79,6
81,80,5
81,82,16
81,84,1
81,85,5
81,86,4
81,87,1
81,89,6
81,91,1
81,93,2
81,94,15
81,95,11
81,96,16
81,97,1
81,99,18
81,100,1
81,101,3
81,102,8
81,103,4
81,104,1
81,105,4
81,106,5
81,107,3
81,108,1
81,109,2
81,110,6
81,113,6
81,115,9
81,119,20
81,120,1
81,124,4
81,126,2
81,127,2
81,128,5
81,130,3
81,131,2
81,132,1
81,133,4
81,135,2
81,136,7
81,137,2
81,139,1
81,140,1
81,141,8
81,142,1
81,144,2
81,147,1
81,151,2
81,152,1
81,154,4
81,157,8
81,158,1
81,159,2
81,160,1
81,162,1
81,165,3
81,166,1
81,167,1
81,168,2
81,169,1
81,171,1
81,175,1
82,1,11
82,2,4
82,4,3
82,5,1
82,6,31
82,7,2
82,10,2
82,13,1
82,15,1
82,19,1
82,21,3
82,24,1
82,26,1
82,27,2
82,28,1
82,29,17
82,30,11
82,31,1
82,32,1
82,33,4
82,40,1
82,41,20
82,42,22
82,43,2
82,44,1
82,45,6
82,46,4
82,48,1
82,49,4
82,50,1
82,51,29
82,52,1
82,53,1
82,54,2
82,55,11
82,56,6
82,57,16
82,58,3
82,66,45
82,67,73
82,68,3
82,69,24
82,70,4
82,71,5
82,72,3
82,73,1
82,74,5
82,76,43
82,77,1
82,78,2
82,79,3
82,80,6
82,81,4
82,85,2
82,86,8
82,87,3
82,88,2
82,89,1
82,93,1
82,94,19
82,95,9
82,96,15
82,97,2
82,98,1
82,99,8
82,101,2
82,102,4
82,105,1
82,107,1
82,108,1
82,110,1
82,113,5
82,115,1
82,118,1
82,119,20
82,120,1
82,121,1
82,124,4
82,126,1
82,127,1
82,128,4
82,131,1
82,132,1
82,136,15
82,137,3
82,139,2
82,140,6
82,141,6
82,142,2
82,144,2
82,150,1
82,151,3
82,157,2
82,168,3
82,172,1
82,175,1
83,1,4
83,2,3
83,4,2
83,5,4
83,6,7
83,11,2
83,14,2
83,15,2
83,26,1
83,27,1
83,28,1
83,29,4
83,30,2
83,31,4
83,33,1
83,36,1
83,41,4
83,45,2
83,46,2
83,51,17
83,52,4
83,53,1
83,54,8
83,55,9
83,56,2
83,57,3
83,58,11
83,59,1
83,62,1
83,66,39
83,67,37
83,68,3
83,69,1
83,70,2
83,71,3
83,74,1
83,76,5
83,78,7
83,85,2
83,86,4
83,87,4
83,88,1
83,89,7
83,94,10
83,95,14
83,96,9
83,97,5
83,98,1
83,102,3
83,103,2
83,104,1
83,106,3
83,108,2
83,110,2
83,114,2
83,115,2
83,116,2
83,121,1
83,126,1
83,127,1
83,128,1
83,130,4
83,133,2
83,134,3
83,135,1
83,136,1
83,137,1
83,141,5
83,142,1
83,143,1
83,144,1
83,147,1
83,151,4
83,154,1
83,158,1
83,160,1
83,161,1
83,168,2
83,170,3
83,172,1
83,175,1
84,1,19
84,2,1
84,3,1
84,4,6
84,5,5
84,6,14
84,7,5
84,8,3
84,9,9
84,13,1
84,14,4
84,15,1
84,18,1
84,19,2
84,21,1
84,24,1
84,26,5
84,27,7
84,28,4
84,29,19
84,30,23
84,31,4
84,33,4
84,41,6
84,42,9
84,45,7
84,46,2
84,47,1
84,48,1
84,49,2
84,51,19
84,52,7
84,54,18
84,55,7
84,56,5
84,57,15
84,58,7
84,59,5
84,60,7
84,61,1
84,62,1
84,66,48
84,67,61
84,68,4
84,69,13
84,70,3
84,72,2
84,74,2
84,76,4
84,78,7
84,79,1
84,80,2
84,81,4
84,82,1
84,83,3
84,85,4
84,86,2
84,87,1
84,88,7
84,89,7
84,90,3
84,92,1
84,93,1
84,94,11
84,95,6
84,96,16
84,97,4
84,98,3
84,103,7
84,104,2
84,105,2
84,106,7
84,107,2
84,110,6
84,111,4
84,113,3
84,115,3
84,116,1
84,117,2
84,118,2
84,119,6
84,120,1
84,121,2
84,126,7
84,127,4
84,128,1
84,130,4
84,132,3
84,133,8
84,134,2
84,135,2
84,136,7
84,137,6
84,139,4
84,140,4
84,141,3
84,142,1
84,143,3
84,144,5
84,148,2
84,150,1
84,151,4
84,156,1
84,157,2
84,159,4
84,160,2
84,161,1
84,164,2
84,167,1
84,172,2
84,173,1
84,174,2
84,175,2
85,1,5
85,3,1
85,4,1
85,5,6
85,6,13
85,8,2
85,14,1
85,17,3
85,19,1
85,21,1
85,24,2
85,26,2
85,28,8
85,29,12
85,30,7
85,31,1
85,36,1
85,41,5
85,42,4
85,45,1
85,48,1
85,49,1
85,51,16
85,52,5
85,54,4
85,55,6
85,56,3
85,57,2
85,58,2
85,59,4
85,60,3
85,62,1
85,63,1
85,66,46
85,67,26
85,68,6
85,69,12
85,70,6
85,71,2
85,74,1
85,75,1
85,76,8
85,81,1
85,82,4
85,86,8
85,88,2
85,89,7
85,90,1
85,91,5
85,92,1
85,93,3
85,94,3
85,95,4
85,96,12
85,98,1
85,99,1
85,101,1
85,102,1
85,103,3
85,104,5
85,106,3
85,107,1
85,108,1
85,109,2
85,110,3
85,111,1
85,113,3
85,114,1
85,115,3
85,116,1
85,119,2
85,124,1
85,126,1
85,132,2
85,133,2
85,135,2
85,136,7
85,137,3
85,139,1
85,140,2
85,141,4
85,144,1
85,149,1
85,151,2
85,152,1
85,157,1
85,172,1
86,1,2
86,6,5
86,7,1
86,14,1
86,24,2
86,26,1
86,27,1
86,29,2
86,30,6
86,32,3
86,33,2
86,36,1
86,39,2
86,41,1
86,45,3
86,46,1
86,48,1
86,51,9
86,52,2
86,54,1
86,57,7
86,58,1
86,66,13
86,67,14
86,68,1
86,69,3
86,70,2
86,76,4
86,77,5
86,79,3
86,85,1
86,89,1
86,92,1
86,93,1
86,94,1
86,95,12
86,96,10
86,97,9
86,98,2
86,99,2
86,114,1
86,115,6
86,118,1
86,119,3
86,120,2
86,126,1
86,127,1
86,128,1
86,129,1
86,132,1
86,135,2
86,136,1
86,137,2
86,139,2
86,144,1
86,150,1
86,151,3
86,154,1
86,167,2
86,170,1
86,171,1
87,1,10
87,4,5
87,5,13
87,6,15
87,7,1
87,8,1
87,9,4
87,10,1
87,11,2
87,14,6
87,15,1
87,17,2
87,19,1
87,21,1
87,23,3
87,24,3
87,25,4
87,26,1
87,28,2
87,29,22
87,30,21
87,31,2
87,32,4
87,33,1
87,34,1
87,41,8
87,42,5
87,43,1
87,44,2
87,47,2
87,50,1
87,51,34
87,52,2
87,54,7
87,55,5
87,56,3
87,57,8
87,58,2
87,59,2
87,61,1
87,62,4
87,63,2
87,66,56
87,67,59
87,68,1
87,69,5
87,71,5
87,72,2
87,73,2
87,76,16
87,78,2
87,82,4
87,83,1
87,84,1
87,86,2
87,88,10
87,89,8
87,90,2
87,91,6
87,92,3
87,93,7
87,94,3
87,95,4
87,96,22
87,97,1
87,99,5
87,101,1
87,102,1
87,103,3
87,104,1
87,105,1
87,108,1
87,110,3
87,113,3
87,114,4
87,115,4
87,116,3
87,118,1
87,119,4
87,120,3
87,121,1
87,126,3
87,127,1
87,128,5
87,129,1
87,130,3
87,131,1
87,132,1
87,133,1
87,134,1
87,135,6
87,136,3
87,137,2
87,140,5
87,141,3
87,142,1
87,145,1
87,147,1
87,150,1
87,151,4
87,154,1
87,157,4
87,162,1
87,168,1
87,169,1
87,170,1
87,172,1
87,175,1
88,1,11
88,2,2
88,3,6
88,4,4
88,5,5
88,6,17
88,7,3
88,8,4
88,9,2
88,11,1
88,14,5
88,21,1
88,23,1
88,24,1
88,26,6
88,27,5
88,28,8
88,29,16
88,30,21
88,31,3
88,32,1
88,36,1
88,37,1
88,38,2
88,39,1
88,40,2
88,41,4
88,49,2
88,51,34
88,52,7
88,54,6
88,55,14
88,57,11
88,58,7
88,59,1
88,60,2
88,61,1
88,62,1
88,66,57
88,67,59
88,68,7
88,69,8
88,70,4
88,71,3
88,72,3
88,73,3
88,74,4
88,76,9
88,79,2
88,80,6
88,81,4
88,82,2
88,83,2
88,85,5
88,86,10
88,87,3
88,89,19
88,90,3
88,91,2
88,92,5
88,93,4
88,94,18
88,95,7
88,96,24
88,97,11
88,98,1
88,99,8
88,102,3
88,103,7
88,105,1
88,106,4
88,107,1
88,109,1
88,110,1
88,111,1
88,113,3
88,114,4
88,115,7
88,116,1
88,117,1
88,119,3
88,120,1
88,126,5
88,127,5
88,133,7
88,134,3
88,135,1
88,136,4
88,137,2
88,139,5
88,141,9
88,142,2
88,144,1
88,147,2
88,151,7
88,157,3
88,162,1
88,166,1
88,168,2
88,172,1
88,175,3
89,1,14
89,2,1
89,3,1
89,4,4
89,5,14
89,6,12
89,7,4
89,10,1
89,14,4
89,17,1
89,21,2
89,24,6
89,25,1
89,26,8
89,27,5
89,28,6
89,29,17
89,30,29
89,31,2
89,32,4
89,34,3
89,36,1
89,38,1
89,39,1
89,40,4
89,41,5
89,42,3
89,45,8
89,46,1
89,49,5
89,51,32
89,52,7
89,54,17
89,55,8
89,56,4
89,57,8
89,58,5
89,61,3
89,62,7
89,63,1
89,66,52
89,67,56
89,68,5
89,69,13
89,70,3
89,71,2
89,72,3
89,73,1
89,74,1
89,75,1
89,76,10
89,78,3
89,79,1
89,80,2
89,81,4
89,82,5
89,83,3
89,84,1
89,85,15
89,86,3
89,87,2
89,88,7
89,90,1
89,92,2
89,93,3
89,94,13
89,95,8
89,96,20
89,97,12
89,98,1
89,99,7
89,101,1
89,102,1
89,103,6
89,104,2
89,105,1
89,106,1
89,107,1
89,108,1
89,109,2
89,110,3
89,112,4
89,113,2
89,115,4
89,116,1
89,117,1
89,118,2
89,119,2
89,121,1
89,126,3
89,127,3
89,128,1
89,130,2
89,132,1
89,133,4
89,134,4
89,135,5
89,136,4
89,137,4
89,139,3
89,141,2
89,142,3
89,144,1
89,145,1
89,148,1
89,151,6
89,157,3
89,159,1
89,161,1
89,164,1
89,165,1
89,168,1
89,172,1
89,174,1
89,175,1
90,1,8
90,2,3
90,3,1
90,4,1
90,5,6
90,6,9
90,7,1
90,9,4
90,19,1
90,21,1
90,23,2
90,24,2
90,26,2
90,28,2
90,29,5
90,30,9
90,31,2
90,32,1
90,33,3
90,39,4
90,40,1
90,41,1
90,42,3
90,45,4
90,46,1
90,48,3
90,51,11
90,52,6
90,54,1
90,55,1
90,56,2
90,57,5
90,58,9
90,62,1
90,63,1
90,64,1
90,65,1
90,66,78
90,67,18
90,69,3
90,70,3
90,71,8
90,76,7
90,78,3
90,79,1
90,81,4
90,82,1
90,86,2
90,87,1
90,88,2
90,89,5
90,91,3
90,92,7
90,93,5
90,94,7
90,95,8
90,96,19
90,97,2
90,98,1
90,99,9
90,101,1
90,102,7
90,103,1
90,104,2
90,105,2
90,108,1
90,110,1
90,111,2
90,113,1
90,115,2
90,118,1
90,119,2
90,120,2
90,126,3
90,127,2
90,128,4
90,130,1
90,133,2
90,134,1
90,135,1
90,136,8
90,137,1
90,139,1
90,140,4
90,141,5
90,142,1
90,144,3
90,151,3
90,160,2
90,162,2
90,165,1
90,166,1
90,169,1
90,170,1
90,172,3
90,175,3
91,1,4
91,2,1
91,6,7
91,7,2
91,8,1
91,10,1
91,13,1
91,14,1
91,21,1
91,24,1
91,25,1
91,26,4
91,29,6
91,30,7
91,31,1
91,32,2
91,36,1
91,37,1
91,39,1
91,40,1
91,41,5
91,42,2
91,51,10
91,52,1
91,53,1
91,54,3
91,55,7
91,56,2
91,57,6
91,58,1
91,59,1
91,60,1
91,62,1
91,63,1
91,65,1
91,66,35
91,67,8
91,68,2
91,69,2
91,70,3
91,71,1
91,76,2
91,77,1
91,82,1
91,83,1
91,84,1
91,85,1
91,86,4
91,88,3
91,89,1
91,90,1
91,93,3
91,94,4
91,95,1
91,96,1
91,97,6
91,98,2
91,99,1
91,101,1
91,102,2
91,103,1
91,106,3
91,107,1
91,108,2
91,110,4
91,111,1
91,113,5
91,115,1
91,118,3
91,119,1
91,124,1
91,126,2
91,131,1
91,132,1
91,133,3
91,134,2
91,135,1
91,136,4
91,139,1
91,140,1
91,141,2
91,151,7
91,152,1
91,156,1
91,157,1
91,159,2
91,169,1
91,175,1
92,1,18
92,2,3
92,3,1
92,4,4
92,5,1
92,6,3
92,7,3
92,14,5
92,21,1
92,23,1
92,24,4
92,25,1
92,27,2
92,28,3
92,29,26
92,30,14
92,32,1
92,33,1
92,34,2
92,40,2
92,42,3
92,45,4
92,49,1
92,51,19
92,52,1
92,54,1
92,55,1
92,56,5
92,57,3
92,58,4
92,59,3
92,60,2
92,65,1
92,66,74
92,67,39
92,68,1
92,69,4
92,70,1
92,76,7
92,80,1
92,81,4
92,82,3
92,86,9
92,88,1
92,89,2
92,90,4
92,91,3
92,93,7
92,94,3
92,95,4
92,96,26
92,97,7
92,98,1
92,99,1
92,101,2
92,102,4
92,103,4
92,104,2
92,105,1
92,106,3
92,108,1
92,109,2
92,110,9
92,113,1
92,115,2
92,117,1
92,119,1
92,120,1
92,126,3
92,127,1
92,130,2
92,132,1
92,133,3
92,135,2
92,136,3
92,140,1
92,141,1
92,145,1
92,151,5
92,154,1
92,157,4
92,159,2
92,160,2
92,164,1
92,168,4
92,170,5
92,174,1
92,175,1
93,1,9
93,2,1
93,4,2
93,7,2
93,8,1
93,14,1
93,15,2
93,19,2
93,21,1
93,24,2
93,27,3
93,29,7
93,30,9
93,31,2
93,34,1
93,36,2
93,39,3
93,41,3
93,42,4
93,45,4
93,47,1
93,49,2
93,51,12
93,52,7
93,54,1
93,56,5
93,57,1
93,58,6
93,60,1
93,62,1
93,66,129
93,67,21
93,69,5
93,70,1
93,71,5
93,73,2
93,74,1
93,76,3
93,85,2
93,86,1
93,89,1
93,92,4
93,94,6
93,95,3
93,96,15
93,97,1
93,98,1
93,99,3
93,103,1
93,104,1
93,105,3
93,106,2
93,108,1
93,110,4
93,112,1
93,115,15
93,119,3
93,127,4
93,130,1
93,131,1
93,132,1
93,133,1
93,136,4
93,144,2
93,151,2
93,154,1
93,157,4
93,160,1
93,165,1
93,171,1
93,174,1
93,175,3
94,1,50
94,2,5
94,3,1
94,4,6
94,5,8
94,6,33
94,7,1
94,8,4
94,12,1
94,13,1
94,14,8
94,17,3
94,19,3
94,21,2
94,22,1
94,23,1
94,24,5
94,26,5
94,27,3
94,28,6
94,29,20
94,30,37
94,31,3
94,32,4
94,33,2
94,34,4
94,36,3
94,39,2
94,40,1
94,41,12
94,42,24
94,44,1
94,45,12
94,46,4
94,47,3
94,48,4
94,51,45
94,52,9
94,54,5
94,55,17
94,56,6
94,57,35
94,58,12
94,59,2
94,60,2
94,62,1
94,63,2
94,66,72
94,67,123
94,68,11
94,69,26
94,70,9
94,71,15
94,72,5
94,73,4
94,74,1
94,76,31
94,77,3
94,78,3
94,80,5
94,81,9
94,82,2
94,84,2
94,85,6
94,86,16
94,88,1
94,89,5
94,90,1
94,92,7
94,93,7
94,95,18
94,96,51
94,97,7
94,98,2
94,99,5
94,101,2
94,102,15
94,103,2
94,104,2
94,105,21
94,106,2
94,107,6
94,108,5
94,109,6
94,110,1
94,113,2
94,114,4
94,115,14
94,117,1
94,118,1
94,119,15
94,120,4
94,126,2
94,127,8
94,128,4
94,130,3
94,132,2
94,133,2
94,134,1
94,135,1
94,136,7
94,137,9
94,138,1
94,139,1
94,140,2
94,141,9
94,144,7
94,149,1
94,150,1
94,151,15
94,157,11
94,159,2
94,160,5
94,161,1
94,166,1
94,167,2
94,168,7
94,169,2
94,172,1
94,175,6
95,1,24
95,2,3
95,4,1
95,5,2
95,6,25
95,7,2
95,8,1
95,11,3
95,14,3
95,18,1
95,19,1
95,24,5
95,26,1
95,28,3
95,29,22
95,30,43
95,31,3
95,32,4
95,33,4
95,34,5
95,36,1
95,37,1
95,39,1
95,41,17
95,42,5
95,45,4
95,48,1
95,51,37
95,52,9
95,54,4
95,55,8
95,56,6
95,57,23
95,58,1
95,59,1
95,60,1
95,66,71
95,67,74
95,68,12
95,69,14
95,70,4
95,71,2
95,72,1
95,73,4
95,76,17
95,78,1
95,79,1
95,80,3
95,81,1
95,82,4
95,83,1
95,84,1
95,85,5
95,86,9
95,87,1
95,88,1
95,89,7
95,93,23
95,94,13
95,96,26
95,97,5
95,98,1
95,99,5
95,102,9
95,103,5
95,104,1
95,105,4
95,107,3
95,109,3
95,110,1
95,111,1
95,113,1
95,114,1
95,115,9
95,117,4
95,118,3
95,119,8
95,120,1
95,128,1
95,130,1
95,131,1
95,133,2
95,137,3
95,138,1
95,140,1
95,141,6
95,142,1
95,151,1
95,155,1
95,156,1
95,157,2
95,158,1
95,162,1
95,168,2
95,172,1
95,174,3
95,175,2
96,1,12
96,2,3
96,3,1
96,5,5
96,6,15
96,7,1
96,9,2
96,14,3
96,21,1
96,24,2
96,27,2
96,29,22
96,30,20
96,33,5
96,41,7
96,42,2
96,48,1
96,51,13
96,52,8
96,53,1
96,54,1
96,55,7
96,56,1
96,57,2
96,58,1
96,59,2
96,60,1
96,63,2
96,66,32
96,67,14
96,68,1
96,69,4
96,70,4
96,73,1
96,74,6
96,76,10
96,81,2
96,82,2
96,83,1
96,86,1
96,89,4
96,90,2
96,92,1
96,93,3
96,94,9
96,95,1
96,97,3
96,98,6
96,102,3
96,103,1
96,104,2
96,105,3
96,107,1
96,108,1
96,109,1
96,110,1
96,111,1
96,113,1
96,114,1
96,115,8
96,118,1
96,119,2
96,120,2
96,132,1
96,133,2
96,135,1
96,137,1
96,141,2
96,142,1
96,151,2
96,154,1
96,155,1
96,157,1
96,158,1
96,161,2
96,164,2
96,172,1
96,174,1
96,175,1
97,1,23
97,2,1
97,3,2
97,4,2
97,5,6
97,6,4
97,7,1
97,9,3
97,10,2
97,11,1
97,12,1
97,13,2
97,14,5
97,15,1
97,21,1
97,24,2
97,26,1
97,27,2
97,28,5
97,29,17
97,30,14
97,31,1
97,33,6
97,36,1
97,41,6
97,42,3
97,45,4
97,46,1
97,47,1
97,51,31
97,52,4
97,54,3
97,55,4
97,57,10
97,58,6
97,62,1
97,63,3
97,64,1
97,66,54
97,67,67
97,68,2
97,69,7
97,70,3
97,73,1
97,74,4
97,76,15
97,77,1
97,78,6
97,79,1
97,81,5
97,82,3
97,83,2
97,85,1
97,86,10
97,89,4
97,92,2
97,93,10
97,94,12
97,95,6
97,96,55
97,98,7
97,99,2
97,101,3
97,102,2
97,103,3
97,105,8
97,108,3
97,109,1
97,110,2
97,113,2
97,115,8
97,118,1
97,120,1
97,124,1
97,127,2
97,131,2
97,132,2
97,135,1
97,136,3
97,137,1
97,140,1
97,141,2
97,142,1
97,143,1
97,151,12
97,157,2
97,160,1
97,165,1
97,167,2
97,168,1
97,174,2
97,175,2
98,1,11
98,2,1
98,4,1
98,5,1
98,6,11
98,8,1
98,9,1
98,11,1
98,14,4
98,15,1
98,17,1
98,18,1
98,19,2
98,21,2
98,24,11
98,27,8
98,28,7
98,29,40
98,30,39
98,32,1
98,33,1
98,36,1
98,37,1
98,41,9
98,42,3
98,44,2
98,45,1
98,46,2
98,51,27
98,52,6
98,54,5
98,55,6
98,56,6
98,57,11
98,58,4
98,59,2
98,62,2
98,63,1
98,66,86
98,67,65
98,69,32
98,70,6
98,71,6
98,73,1
98,74,1
98,76,6
98,78,2
98,80,5
98,81,3
98,82,1
98,83,1
98,84,2
98,85,3
98,86,6
98,87,1
98,88,4
98,89,1
98,91,2
98,92,12
98,93,16
98,94,13
98,95,10
98,96,51
98,97,14
98,99,5
98,102,3
98,103,2
98,104,6
98,105,5
98,106,3
98,107,1
98,110,6
98,111,1
98,112,2
98,113,4
98,115,12
98,116,1
98,119,5
98,121,1
98,124,1
98,127,2
98,128,6
98,130,1
98,133,2
98,134,1
98,135,1
98,136,8
98,137,3
98,139,2
98,140,5
98,141,11
98,142,1
98,144,2
98,145,2
98,146,1
98,151,5
98,152,7
98,157,4
98,160,1
98,163,2
98,165,1
98,166,1
98,168,1
98,170,1
98,171,3
98,172,2
98,175,4
99,1,62
99,2,5
99,3,1
99,4,3
99,5,11
99,6,56
99,7,3
99,8,1
99,9,4
99,10,3
99,12,3
99,13,1
99,14,19
99,18,3
99,19,8
99,21,2
99,23,1
99,24,2
99,26,1
99,27,1
99,28,11
99,29,19
99,30,47
99,31,1
99,32,3
99,33,6
99,34,1
99,36,11
99,40,1
99,41,38
99,42,30
99,45,7
99,46,2
99,48,2
99,51,47
99,52,10
99,54,4
99,55,14
99,56,9
99,57,36
99,58,8
99,59,2
99,66,88
99,67,143
99,68,5
99,69,32
99,70,27
99,71,35
99,72,6
99,73,21
99,74,14
99,76,75
99,77,3
99,78,3
99,79,3
99,80,2
99,81,6
99,82,16
99,83,1
99,85,1
99,86,15
99,87,1
99,88,2
99,89,3
99,90,1
99,93,10
99,94,26
99,95,15
99,96,16
99,97,7
99,98,5
99,101,10
99,102,29
99,103,4
99,104,2
99,105,2
99,107,6
99,108,7
99,109,3
99,110,2
99,113,5
99,114,3
99,115,8
99,118,1
99,119,35
99,120,1
99,124,3
99,126,4
99,127,6
99,128,10
99,130,2
99,131,1
99,132,4
99,133,11
99,134,1
99,135,2
99,136,6
99,137,3
99,139,4
99,140,3
99,141,10
99,144,3
99,148,2
99,150,1
99,151,12
99,154,2
99,156,1
99,157,9
99,159,1
99,164,1
99,166,2
99,167,5
99,169,3
99,170,1
99,171,1
99,172,2
99,174,1
99,175,7
100,1,6
100,2,2
100,3,3
100,4,3
100,5,2
100,6,29
100,8,1
100,9,1
100,11,1
100,13,1
100,14,6
100,19,2
100,21,1
100,23,1
100,24,4
100,25,2
100,26,2
100,28,6
100,29,10
100,30,31
100,31,4
100,32,5
100,33,5
100,34,1
100,35,2
100,36,7
100,41,18
100,42,6
100,45,4
100,46,1
100,47,1
100,49,3
100,51,27
100,52,3
100,53,2
100,54,2
100,55,10
100,56,2
100,57,32
100,58,6
100,61,1
100,62,1
100,66,37
100,67,77
100,68,4
100,69,14
100,70,15
100,71,17
100,72,4
100,73,19
100,74,5
100,75,2
100,76,66
100,79,9
100,80,7
100,81,1
100,82,6
100,83,2
100,85,1
100,86,7
100,87,1
100,90,1
100,93,3
100,94,8
100,95,10
100,96,9
100,97,3
100,98,1
100,99,8
100,101,3
100,102,12
100,103,5
100,104,1
100,105,7
100,106,3
100,107,6
100,108,4
100,109,4
100,110,1
100,111,1
100,113,4
100,115,1
100,119,21
100,121,4
100,126,7
100,127,3
100,129,1
100,130,2
100,131,1
100,132,1
100,133,2
100,135,2
100,136,9
100,137,3
100,139,1
100,141,19
100,142,3
100,144,1
100,150,2
100,151,2
100,155,1
100,159,3
100,163,1
100,164,4
100,165,5
100,166,2
100,167,2
100,168,5
100,169,1
100,170,1
100,175,2
101,1,13
101,2,1
101,5,1
101,6,18
101,7,2
101,8,1
101,9,2
101,14,7
101,15,2
101,19,2
101,21,7
101,23,2
101,24,2
101,26,1
101,27,1
101,28,2
101,29,6
101,30,15
101,31,4
101,32,4
101,33,3
101,36,4
101,40,4
101,41,19
101,42,6
101,44,2
101,45,7
101,46,3
101,49,1
101,51,21
101,52,3
101,54,1
101,55,4
101,56,4
101,57,14
101,58,2
101,62,4
101,66,29
101,67,84
101,68,2
101,69,27
101,70,5
101,71,6
101,72,3
101,73,6
101,74,9
101,75,1
101,76,24
101,78,1
101,81,3
101,82,6
101,85,4
101,86,8
101,88,1
101,89,4
101,92,1
101,93,5
101,94,7
101,95,9
101,96,15
101,97,7
101,98,1
101,99,11
101,102,16
101,103,1
101,105,4
101,107,2
101,108,1
101,109,1
101,110,7
101,113,2
101,114,2
101,115,1
101,117,2
101,119,13
101,120,2
101,124,1
101,126,1
101,127,3
101,128,1
101,130,2
101,131,1
101,135,1
101,136,2
101,137,3
101,138,1
101,139,1
101,140,2
101,141,9
101,142,3
101,144,2
101,150,1
101,151,3
101,159,2
101,164,1
101,167,2
101,168,3
101,169,2
101,170,1
101,172,5
101,174,2
101,175,2
102,1,19
102,3,2
102,4,5
102,6,15
102,7,1
102,11,1
102,14,10
102,21,2
102,23,7
102,24,2
102,25,2
102,26,4
102,28,3
102,29,14
102,30,25
102,31,3
102,32,8
102,33,2
102,34,2
102,36,3
102,37,1
102,41,19
102,42,19
102,43,1
102,45,5
102,46,1
102,49,3
102,51,22
102,52,9
102,54,3
102,55,9
102,57,10
102,58,1
102,62,1
102,63,3
102,66,44
102,67,82
102,68,10
102,69,14
102,70,21
102,71,18
102,72,4
102,73,6
102,74,11
102,76,43
102,79,1
102,80,1
102,81,4
102,82,7
102,84,1
102,85,4
102,86,5
102,89,6
102,93,3
102,94,6
102,95,10
102,96,10
102,97,4
102,99,26
102,100,1
102,101,11
102,103,1
102,106,1
102,107,2
102,108,1
102,110,2
102,113,4
102,115,4
102,116,2
102,119,12
102,124,1
102,126,3
102,127,1
102,128,5
102,129,2
102,130,2
102,132,1
102,133,1
102,136,6
102,137,1
102,139,2
102,140,6
102,141,7
102,142,2
102,144,1
102,151,5
102,154,2
102,157,10
102,158,1
102,159,1
102,160,1
102,164,1
102,167,1
102,168,7
102,169,1
102,172,1
102,175,2
103,1,10
103,2,3
103,3,1
103,4,7
103,5,1
103,6,12
103,7,3
103,8,3
103,9,1
103,14,4
103,21,1
103,23,2
103,24,5
103,25,1
103,26,6
103,27,1
103,28,1
103,29,19
103,30,15
103,34,1
103,35,1
103,36,1
103,39,4
103,40,2
103,41,2
103,42,4
103,45,3
103,48,1
103,49,3
103,51,33
103,52,7
103,54,13
103,55,8
103,56,2
103,57,8
103,58,5
103,59,2
103,60,3
103,61,2
103,63,1
103,66,34
103,67,59
103,68,3
103,69,9
103,70,2
103,71,5
103,73,3
103,75,1
103,76,15
103,78,4
103,79,3
103,80,6
103,81,4
103,82,1
103,83,2
103,84,3
103,85,6
103,86,2
103,87,2
103,88,3
103,89,7
103,90,2
103,93,1
103,94,11
103,95,8
103,96,25
103,97,14
103,98,2
103,99,7
103,102,5
103,104,6
103,105,1
103,106,3
103,108,1
103,109,1
103,110,4
103,111,2
103,113,3
103,114,2
103,116,2
103,117,2
103,118,1
103,119,7
103,120,2
103,121,3
103,126,3
103,127,2
103,128,2
103,131,1
103,132,1
103,133,5
103,134,4
103,135,5
103,136,7
103,137,7
103,140,3
103,141,5
103,142,1
103,143,3
103,145,3
103,151,2
103,154,4
103,157,15
103,159,4
103,162,1
103,174,1
103,175,1
104,1,12
104,3,2
104,4,3
104,5,4
104,6,7
104,9,9
104,13,1
104,14,6
104,21,1
104,23,1
104,24,5
104,26,1
104,27,2
104,28,5
104,29,29
104,30,15
104,31,1
104,32,1
104,36,1
104,39,1
104,41,5
104,42,1
104,45,6
104,47,3
104,49,1
104,51,23
104,52,10
104,54,2
104,55,3
104,56,4
104,57,11
104,59,3
104,60,2
104,62,1
104,63,1
104,66,27
104,67,36
104,69,6
104,70,3
104,71,5
104,73,1
104,74,2
104,75,1
104,76,9
104,78,1
104,81,1
104,82,2
104,86,1
104,87,2
104,89,9
104,90,7
104,92,2
104,93,7
104,94,10
104,95,2
104,96,21
104,97,9
104,98,10
104,99,1
104,102,1
104,103,2
104,105,3
104,109,2
104,113,2
104,114,3
104,115,6
104,118,2
104,119,3
104,121,1
104,126,1
104,127,2
104,130,2
104,132,1
104,133,4
104,134,4
104,135,2
104,136,10
104,137,4
104,140,1
104,141,3
104,142,1
104,144,1
104,150,1
104,151,6
104,156,1
104,159,1
104,165,1
104,168,2
104,169,1
104,170,1
104,174,1
104,175,1
105,1,35
105,2,1
105,3,1
105,4,3
105,5,3
105,6,4
105,7,1
105,8,1
105,9,1
105,11,3
105,13,1
105,14,4
105,17,2
105,19,1
105,24,2
105,26,7
105,28,1
105,29,11
105,30,26
105,31,3
105,32,2
105,36,2
105,38,1
105,39,1
105,41,7
105,42,9
105,45,3
105,46,1
105,47,1
105,49,1
105,50,1
105,51,8
105,52,7
105,53,1
105,54,2
105,55,6
105,56,10
105,57,2
105,58,4
105,62,1
105,66,35
105,67,39
105,68,1
105,69,20
105,70,6
105,71,4
105,72,2
105,73,4
105,74,2
105,75,1
105,76,12
105,77,5
105,78,3
105,81,3
105,82,5
105,83,1
105,84,2
105,86,5
105,87,2
105,88,1
105,89,1
105,90,1
105,91,1
105,93,2
105,94,27
105,95,13
105,96,16
105,97,2
105,98,3
105,99,10
105,101,1
105,102,4
105,104,3
105,106,1
105,108,2
105,109,1
105,110,1
105,113,4
105,114,1
105,115,4
105,117,3
105,119,7
105,120,1
105,121,1
105,124,3
105,126,4
105,127,1
105,128,1
105,130,1
105,131,1
105,132,2
105,133,2
105,134,1
105,135,4
105,136,2
105,139,3
105,141,5
105,142,1
105,144,1
105,151,3
105,157,1
105,159,4
105,165,1
105,168,1
105,172,2
105,174,1
106,1,16
106,2,3
106,3,2
106,4,1
106,5,6
106,6,8
106,8,1
106,9,2
106,11,2
106,14,2
106,19,2
106,21,2
106,23,1
106,24,3
106,25,1
106,26,1
106,28,1
106,29,7
106,30,22
106,32,1
106,36,1
106,40,1
106,41,9
106,42,4
106,45,1
106,46,1
106,50,1
106,51,11
106,52,2
106,54,7
106,55,5
106,56,4
106,57,3
106,60,1
106,61,1
106,66,15
106,67,23
106,68,3
106,69,3
106,70,10
106,71,3
106,72,1
106,73,3
106,76,5
106,77,1
106,79,1
106,80,1
106,81,1
106,82,4
106,83,2
106,84,2
106,85,1
106,86,4
106,89,2
106,92,4
106,93,5
106,94,10
106,95,7
106,96,16
106,97,10
106,98,2
106,99,7
106,102,2
106,103,2
106,104,2
106,105,7
106,108,1
106,109,2
106,110,3
106,111,1
106,112,1
106,113,2
106,114,1
106,115,1
106,118,1
106,119,1
106,126,1
106,127,7
106,128,4
106,130,2
106,132,1
106,135,1
106,136,5
106,137,1
106,139,2
106,140,1
106,141,5
106,142,2
106,144,1
106,145,1
106,157,2
106,159,1
106,164,1
106,167,2
106,168,1
106,170,1
106,175,2
107,1,25
107,2,6
107,4,3
107,5,5
107,6,17
107,8,1
107,9,3
107,10,3
107,13,1
107,14,18
107,21,4
107,24,4
107,27,1
107,28,6
107,29,16
107,30,35
107,31,2
107,32,5
107,33,7
107,34,2
107,36,6
107,39,1
107,41,36
107,42,19
107,45,11
107,46,4
107,47,1
107,48,1
107,51,26
107,52,6
107,53,1
107,54,3
107,55,9
107,56,1
107,57,21
107,58,5
107,59,2
107,60,2
107,63,2
107,66,48
107,67,83
107,68,6
107,69,34
107,70,8
107,71,11
107,72,3
107,73,9
107,74,9
107,76,35
107,77,1
107,79,3
107,80,6
107,81,5
107,82,6
107,86,10
107,87,1
107,88,1
107,93,5
107,94,8
107,95,5
107,96,27
107,97,6
107,98,2
107,99,17
107,101,8
107,102,11
107,105,2
107,108,1
107,109,1
107,110,2
107,113,1
107,114,1
107,115,4
107,117,5
107,118,1
107,119,19
107,121,1
107,124,2
107,126,1
107,128,3
107,129,3
107,132,4
107,136,7
107,139,1
107,140,1
107,141,4
107,142,1
107,144,2
107,145,1
107,151,1
107,155,1
107,157,6
107,159,3
107,160,1
107,166,1
107,167,5
107,170,1
107,172,2
107,175,7
108,1,45
108,2,10
108,3,2
108,4,3
108,5,9
108,6,19
108,7,2
108,8,1
108,9,2
108,14,11
108,18,3
108,19,2
108,21,6
108,23,3
108,26,4
108,27,3
108,28,7
108,29,12
108,30,22
108,31,1
108,32,1
108,33,2
108,34,1
108,36,3
108,39,1
108,40,1
108,41,12
108,42,18
108,45,7
108,46,1
108,48,3
108,49,3
108,51,22
108,52,15
108,54,7
108,55,20
108,56,7
108,57,16
108,58,7
108,62,1
108,66,50
108,67,54
108,68,8
108,69,26
108,70,8
108,71,13
108,72,4
108,73,4
108,74,3
108,76,38
108,77,5
108,78,5
108,79,6
108,80,3
108,81,4
108,82,9
108,83,3
108,85,1
108,86,14
108,87,3
108,89,2
108,92,5
108,93,2
108,94,15
108,95,2
108,96,26
108,97,2
108,98,1
108,99,13
108,102,13
108,103,2
108,104,6
108,105,5
108,107,2
108,109,5
108,110,2
108,113,15
108,114,2
108,115,5
108,116,2
108,117,1
108,118,3
108,119,14
108,120,4
108,121,1
108,124,2
108,126,3
108,127,4
108,128,3
108,129,1
108,130,1
108,132,1
108,135,3
108,136,5
108,137,1
108,140,4
108,141,11
108,148,1
108,150,1
108,151,3
108,154,1
108,156,1
108,157,4
108,159,4
108,160,3
108,162,4
108,163,1
108,164,1
108,167,5
108,168,3
108,170,2
108,172,1
108,174,1
109,1,17
109,2,7
109,3,2
109,4,3
109,5,2
109,6,22
109,8,2
109,9,1
109,10,1
109,11,2
109,14,4
109,15,1
109,18,4
109,19,6
109,21,2
109,24,1
109,26,3
109,27,1
109,28,2
109,29,7
109,30,28
109,31,4
109,32,3
109,33,4
109,34,3
109,36,5
109,39,1
109,41,15
109,42,19
109,44,2
109,45,5
109,46,1
109,47,2
109,49,1
109,51,26
109,52,3
109,54,1
109,55,13
109,56,13
109,57,20
109,58,4
109,60,3
109,66,39
109,67,41
109,68,5
109,69,21
109,70,3
109,71,14
109,72,2
109,73,3
109,74,6
109,76,22
109,78,1
109,79,2
109,80,2
109,82,3
109,83,1
109,85,2
109,86,3
109,87,1
109,88,2
109,89,9
109,90,4
109,91,3
109,93,1
109,94,14
109,95,7
109,96,15
109,97,2
109,98,2
109,99,8
109,102,9
109,103,1
109,104,2
109,105,7
109,108,2
109,110,2
109,113,2
109,115,4
109,119,14
109,120,1
109,124,2
109,126,3
109,127,3
109,128,2
109,130,1
109,131,1
109,132,2
109,133,1
109,134,2
109,136,1
109,137,6
109,139,1
109,140,11
109,141,9
109,142,2
109,144,4
109,151,3
109,154,1
109,157,5
109,158,1
109,159,2
109,160,1
109,163,1
109,167,2
109,168,5
109,169,1
109,170,5
109,171,1
109,172,2
109,174,1
109,175,11
110,1,13
110,5,6
110,6,8
110,8,1
110,19,2
110,24,3
110,26,1
110,27,1
110,28,1
110,29,4
110,30,1
110,36,2
110,40,1
110,41,2
110,42,3
110,46,1
110,49,2
110,51,6
110,52,2
110,54,11
110,55,3
110,56,1
110,57,5
110,58,5
110,59,2
110,62,1
110,63,3
110,66,26
110,67,9
110,68,10
110,69,4
110,70,4
110,74,1
110,76,2
110,81,3
110,86,1
110,89,2
110,92,17
110,93,1
110,94,6
110,95,1
110,96,6
110,97,1
110,99,2
110,102,1
110,103,1
110,104,3
110,107,1
110,109,2
110,115,1
110,119,5
110,120,1
110,127,1
110,129,1
110,131,1
110,136,1
110,139,1
110,140,1
110,141,1
110,146,1
110,157,4
110,159,1
110,167,1
110,174,2
111,1,8
111,3,2
111,4,1
111,5,4
111,6,5
111,8,3
111,14,3
111,18,1
111,23,1
111,25,2
111,26,2
111,27,1
111,28,4
111,29,13
111,30,11
111,32,2
111,33,2
111,39,1
111,41,2
111,42,4
111,43,1
111,45,2
111,46,2
111,49,4
111,51,12
111,52,4
111,53,1
111,54,9
111,55,2
111,56,2
111,57,15
111,58,5
111,60,4
111,61,2
111,62,8
111,66,48
111,67,24
111,69,6
111,70,2
111,71,1
111,72,1
111,73,1
111,76,6
111,81,5
111,82,1
111,83,3
111,85,2
111,86,5
111,87,5
111,88,2
111,89,2
111,90,1
111,91,1
111,92,1
111,93,1
111,94,1
111,95,2
111,96,5
111,97,2
111,98,3
111,99,1
111,101,1
111,102,1
111,103,2
111,104,1
111,106,1
111,108,1
111,109,2
111,110,2
111,113,4
111,114,1
111,116,3
111,119,3
111,127,2
111,128,2
111,130,4
111,134,4
111,135,3
111,136,1
111,137,3
111,141,5
111,142,1
111,144,1
111,151,2
111,157,1
111,167,1
111,169,1
111,170,3
111,172,3
112,1,4
112,4,1
112,5,8
112,6,4
112,7,2
112,13,1
112,14,7
112,15,2
112,19,2
112,21,1
112,24,6
112,25,2
112,26,3
112,27,1
112,28,2
112,29,6
112,30,13
112,32,1
112,33,2
112,36,2
112,39,2
112,40,3
112,41,2
112,42,3
112,45,3
112,47,1
112,49,1
112,51,27
112,52,7
112,54,3
112,55,12
112,56,2
112,57,8
112,58,6
112,60,4
112,61,1
112,62,1
112,63,2
112,66,36
112,67,36
112,68,1
112,69,4
112,70,1
112,71,2
112,73,1
112,74,2
112,76,7
112,80,1
112,82,7
112,83,1
112,85,7
112,88,3
112,89,7
112,90,3
112,91,2
112,93,4
112,94,5
112,95,2
112,96,9
112,97,1
112,98,1
112,99,3
112,101,2
112,102,3
112,103,4
112,104,2
112,105,1
112,106,3
112,108,1
112,109,1
112,110,6
112,113,1
112,114,8
112,116,1
112,118,1
112,119,1
112,121,3
112,124,5
112,131,1
112,132,1
112,134,1
112,135,6
112,136,2
112,137,2
112,140,6
112,141,2
112,142,1
112,144,5
112,151,1
112,154,2
112,162,1
112,168,3
112,169,1
112,172,2
112,174,1
113,1,21
113,2,5
113,4,6
113,5,11
113,6,15
113,14,3
113,15,2
113,18,1
113,19,1
113,21,2
113,24,3
113,28,4
113,29,20
113,30,14
113,32,2
113,33,2
113,34,2
113,35,3
113,36,3
113,41,20
113,42,26
113,43,1
113,44,1
113,45,2
113,46,2
113,47,1
113,48,2
113,49,3
113,51,23
113,52,11
113,54,5
113,55,4
113,56,5
113,57,15
113,58,3
113,62,2
113,66,43
113,67,65
113,68,3
113,69,33
113,70,3
113,71,9
113,72,2
113,73,6
113,74,4
113,76,30
113,77,2
113,78,1
113,79,3
113,80,5
113,81,2
113,82,6
113,85,3
113,86,2
113,88,1
113,89,5
113,90,1
113,92,1
113,93,2
113,94,12
113,95,7
113,96,16
113,97,5
113,98,2
113,99,4
113,101,6
113,102,4
113,103,1
113,104,4
113,105,4
113,106,2
113,108,2
113,109,2
113,110,7
113,115,3
113,117,1
113,118,1
113,119,11
113,120,6
113,121,1
113,124,4
113,126,2
113,127,7
113,128,1
113,131,1
113,132,3
113,136,12
113,137,2
113,139,2
113,141,16
113,142,3
113,144,6
113,145,3
113,147,1
113,150,1
113,151,2
113,154,4
113,156,1
113,157,2
113,159,4
113,161,2
113,162,1
113,164,3
113,167,2
113,168,3
113,169,2
113,171,2
113,172,2
114,1,11
114,3,1
114,4,5
114,5,7
114,6,20
114,8,3
114,9,2
114,13,1
114,14,5
114,15,2
114,16,1
114,17,3
114,19,1
114,21,1
114,24,6
114,26,2
114,27,2
114,28,6
114,29,5
114,30,9
114,31,2
114,33,1
114,34,1
114,39,1
114,41,6
114,42,3
114,44,1
114,45,3
114,47,1
114,49,1
114,51,23
114,52,9
114,54,6
114,55,6
114,57,6
114,58,7
114,59,1
114,61,4
114,63,3
114,65,1
114,66,45
114,67,32
114,69,8
114,70,4
114,71,1
114,72,6
114,73,2
114,74,3
114,76,6
114,77,2
114,78,6
114,79,2
114,81,4
114,82,3
114,83,5
114,84,2
114,85,2
114,86,2
114,88,3
114,89,5
114,90,2
114,91,1
114,92,2
114,93,1
114,94,12
114,95,8
114,96,36
114,97,5
114,98,3
114,99,1
114,102,1
114,103,2
114,104,5
114,105,2
114,106,2
114,108,3
114,109,2
114,110,2
114,113,1
114,115,4
114,116,2
114,117,2
114,119,7
114,120,2
114,121,5
114,126,1
114,127,4
114,128,4
114,130,3
114,131,1
114,132,3
114,133,6
114,135,1
114,136,6
114,137,4
114,139,1
114,140,1
114,141,7
114,142,5
114,146,1
114,147,1
114,150,1
114,157,1
114,160,1
114,167,2
114,169,1
114,170,1
114,173,2
114,175,5
115,1,5
115,4,7
115,5,2
115,6,9
115,7,1
115,14,1
115,28,1
115,30,13
115,32,3
115,33,1
115,41,2
115,42,1
115,45,1
115,46,1
115,51,18
115,52,4
115,54,7
115,55,1
115,57,17
115,58,4
115,66,56
115,67,13
115,68,1
115,69,5
115,70,1
115,73,1
115,76,2
115,78,4
115,80,4
115,81,3
115,82,2
115,85,3
115,86,1
115,92,2
115,93,3
115,94,5
115,95,10
115,96,13
115,97,8
115,98,4
115,99,2
115,103,2
115,104,1
115,105,2
115,106,1
115,108,1
115,110,1
115,117,2
115,119,1
115,124,1
115,128,1
115,136,2
115,137,1
115,140,2
115,141,1
115,142,1
115,144,1
115,145,1
115,151,2
115,159,2
115,171,1
115,175,3
116,1,10
116,2,4
116,3,2
116,6,14
116,9,2
116,14,3
116,16,2
116,17,1
116,19,2
116,21,2
116,23,2
116,24,4
116,25,1
116,26,1
116,28,8
116,29,9
116,30,8
116,31,2
116,33,2
116,36,1
116,41,2
116,42,1
116,46,1
116,47,2
116,48,3
116,49,2
116,51,22
116,52,6
116,54,8
116,55,7
116,56,3
116,57,12
116,58,4
116,60,1
116,61,6
116,62,2
116,64,3
116,66,31
116,67,70
116,68,1
116,69,6
116,70,1
116,71,1
116,72,1
116,73,1
116,74,1
116,76,10
116,82,1
116,84,1
116,85,2
116,86,2
116,87,2
116,88,4
116,89,5
116,90,1
116,92,1
116,93,2
116,94,10
116,95,2
116,96,19
116,97,4
116,98,4
116,99,1
116,101,1
116,102,3
116,103,5
116,104,2
116,105,1
116,109,1
116,110,1
116,113,2
116,114,1
116,115,6
116,117,1
116,122,2
116,127,1
116,128,1
116,129,1
116,130,1
116,132,1
116,133,3
116,134,1
116,136,4
116,137,4
116,139,1
116,141,2
116,144,2
116,149,2
116,156,1
116,157,4
116,159,1
116,165,2
116,167,1
116,168,1
116,169,1
116,172,2
117,1,9
117,2,4
117,4,6
117,5,4
117,6,10
117,9,1
117,13,2
117,14,3
117,21,2
117,23,1
117,24,1
117,26,1
117,27,1
117,28,1
117,29,14
117,30,20
117,31,1
117,32,3
117,33,1
117,36,1
117,38,1
117,41,3
117,42,9
117,45,2
117,46,1
117,49,4
117,51,16
117,52,4
117,53,1
117,54,2
117,55,12
117,56,29
117,57,4
117,58,3
117,66,22
117,67,47
117,68,2
117,69,12
117,70,9
117,71,1
117,73,1
117,75,3
117,76,10
117,77,1
117,78,1
117,79,1
117,81,2
117,82,1
117,83,1
117,85,2
117,86,2
117,87,1
117,89,6
117,93,3
117,94,11
117,95,3
117,96,16
117,97,2
117,98,2
117,99,2
117,102,3
117,103,3
117,104,1
117,106,3
117,107,1
117,108,1
117,109,4
117,110,1
117,112,1
117,115,1
117,119,3
117,120,1
117,121,2
117,126,1
117,127,4
117,128,1
117,129,3
117,130,1
117,131,1
117,132,2
117,133,2
117,134,2
117,135,1
117,137,4
117,140,1
117,141,7
117,142,1
117,143,1
117,148,2
117,150,3
117,151,4
117,155,1
117,157,1
117,159,3
117,160,1
117,162,5
117,164,2
117,166,1
117,172,1
117,175,1
118,1,27
118,2,3
118,3,4
118,4,1
118,6,15
118,7,4
118,8,3
118,9,1
118,10,1
118,14,11
118,16,2
118,19,4
118,23,1
118,24,2
118,27,1
118,28,3
118,29,11
118,30,12
118,31,1
118,33,3
118,34,4
118,36,2
118,39,1
118,41,16
118,42,11
118,44,3
118,45,11
118,46,5
118,49,3
118,51,16
118,52,10
118,54,3
118,55,17
118,56,7
118,57,13
118,58,2
118,63,6
118,65,1
118,66,48
118,67,73
118,68,3
118,69,22
118,70,3
118,71,4
118,72,3
118,73,1
118,74,8
118,76,23
118,77,8
118,78,4
118,79,4
118,82,4
118,85,3
118,86,2
118,88,5
118,89,3
118,90,1
118,92,2
118,94,8
118,95,4
118,96,7
118,97,1
118,99,11
118,101,2
118,102,3
118,105,4
118,106,1
118,107,2
118,108,2
118,109,4
118,110,6
118,113,6
118,115,4
118,117,2
118,119,10
118,120,1
118,126,1
118,127,9
118,128,1
118,132,3
118,136,7
118,137,2
118,139,4
118,141,10
118,142,1
118,144,2
118,145,2
118,151,4
118,154,3
118,157,2
118,159,1
118,160,1
118,164,2
118,165,1
118,167,1
118,175,1
119,1,11
119,2,1
119,5,9
119,6,52
119,7,1
119,8,1
119,9,1
119,14,5
119,18,3
119,19,3
119,21,2
119,24,3
119,27,2
119,28,6
119,29,9
119,30,18
119,31,4
119,32,3
119,33,20
119,36,8
119,37,1
119,41,49
119,42,14
119,43,3
119,45,14
119,46,2
119,47,1
119,49,3
119,50,1
119,51,33
119,52,23
119,54,2
119,55,5
119,56,2
119,57,23
119,58,5
119,66,45
119,67,71
119,68,3
119,69,21
119,70,4
119,71,11
119,72,3
119,73,6
119,74,5
119,76,67
119,77,1
119,79,8
119,80,5
119,82,6
119,83,1
119,86,6
119,88,1
119,89,3
119,91,2
119,93,14
119,94,7
119,95,11
119,96,4
119,97,1
119,98,2
119,99,6
119,101,2
119,102,6
119,104,1
119,109,2
119,115,8
119,117,6
119,118,2
119,120,1
119,124,10
119,126,2
119,128,3
119,131,1
119,132,1
119,136,2
119,137,1
119,139,1
119,140,2
119,141,2
119,144,2
119,145,1
119,146,1
119,147,1
119,148,2
119,151,1
119,156,1
119,157,5
119,164,1
119,171,2
119,174,2
119,175,4
120,1,11
120,2,4
120,4,1
120,5,6
120,6,27
120,7,3
120,9,2
120,11,4
120,12,2
120,13,2
120,14,9
120,15,4
120,19,3
120,21,2
120,23,2
120,25,1
120,26,3
120,28,4
120,29,16
120,30,22
120,31,6
120,32,7
120,33,15
120,36,3
120,40,2
120,41,11
120,42,18
120,43,1
120,45,10
120,46,2
120,48,1
120,49,2
120,50,1
120,51,22
120,52,14
120,55,2
120,56,5
120,57,26
120,58,8
120,59,2
120,62,2
120,66,41
120,67,104
120,68,2
120,69,15
120,70,9
120,71,9
120,72,4
120,74,6
120,75,1
120,76,42
120,79,8
120,80,3
120,81,5
120,82,11
120,84,1
120,85,1
120,86,4
120,87,2
120,88,1
120,89,5
120,92,1
120,93,6
120,94,8
120,95,8
120,96,4
120,97,8
120,99,6
120,101,2
120,102,15
120,105,1
120,106,3
120,108,2
120,109,2
120,110,2
120,111,1
120,113,6
120,118,4
120,119,16
120,122,1
120,124,3
120,126,5
120,127,2
120,128,2
120,130,4
120,132,3
120,136,5
120,137,4
120,138,2
120,139,3
120,140,3
120,141,10
120,142,1
120,143,2
120,144,2
120,150,3
120,154,1
120,157,1
120,159,2
120,160,1
120,164,1
120,167,1
120,168,6
120,171,2
120,173,1
120,174,4
120,175,3
121,1,24
121,2,3
121,3,4
121,4,8
121,5,17
121,6,16
121,7,7
121,8,2
121,9,1
121,11,2
121,12,1
121,14,21
121,19,5
121,21,2
121,23,1
121,24,4
121,26,4
121,28,9
121,29,14
121,30,30
121,31,5
121,32,3
121,33,1
121,34,1
121,36,2
121,38,1
121,39,2
121,40,1
121,41,13
121,42,16
121,44,3
121,45,11
121,46,7
121,48,1
121,49,1
121,51,25
121,52,20
121,54,8
121,55,16
121,56,13
121,57,22
121,58,2
121,60,2
121,61,2
121,62,1
121,66,64
121,67,92
121,68,6
121,69,26
121,70,17
121,71,10
121,72,6
121,73,3
121,74,2
121,76,23
121,77,4
121,78,3
121,79,1
121,81,4
121,82,6
121,83,1
121,84,1
121,85,4
121,86,10
121,87,4
121,88,3
121,89,2
121,90,2
121,91,2
121,93,5
121,94,14
121,95,17
121,96,17
121,97,3
121,98,2
121,99,6
121,101,1
121,102,22
121,103,4
121,104,1
121,106,2
121,108,2
121,109,3
121,110,5
121,113,4
121,114,3
121,115,5
121,117,3
121,118,10
121,119,9
121,122,2
121,124,1
121,125,1
121,126,6
121,127,3
121,128,6
121,129,1
121,130,1
121,132,1
121,133,1
121,134,2
121,135,2
121,136,8
121,137,7
121,138,2
121,139,8
121,140,4
121,141,17
121,142,2
121,144,4
121,145,1
121,151,7
121,154,1
121,157,6
121,159,1
121,160,4
121,163,1
121,164,1
121,167,1
121,168,3
121,170,2
121,175,5
122,1,13
122,2,2
122,3,3
122,4,1
122,5,1
122,6,18
122,7,3
122,8,2
122,11,1
122,14,9
122,21,3
122,23,1
122,24,5
122,26,1
122,27,3
122,28,3
122,29,7
122,30,11
122,31,1
122,32,2
122,39,1
122,41,1
122,42,1
122,45,3
122,49,6
122,51,21
122,52,6
122,54,7
122,55,6
122,56,2
122,57,11
122,58,7
122,62,3
122,63,1
122,66,39
122,67,56
122,68,2
122,69,16
122,70,2
122,71,2
122,74,1
122,75,1
122,76,12
122,77,6
122,78,4
122,79,4
122,80,4
122,81,5
122,82,3
122,83,1
122,85,1
122,86,4
122,88,3
122,89,3
122,92,3
122,94,7
122,95,5
122,96,18
122,97,3
122,99,3
122,101,1
122,102,4
122,103,1
122,104,5
122,105,3
122,106,1
122,107,1
122,108,2
122,109,1
122,110,4
122,113,2
122,114,2
122,115,1
122,116,1
122,117,1
122,119,3
122,120,4
122,121,2
122,123,1
122,128,1
122,130,1
122,133,2
122,135,1
122,136,3
122,137,4
122,140,3
122,141,7
122,144,3
122,151,1
122,157,5
122,159,3
122,164,1
122,166,2
122,167,1
122,168,2
122,175,2
123,1,11
123,2,1
123,3,2
123,4,2
123,5,4
123,6,9
123,7,2
123,8,3
123,9,1
123,14,7
123,19,1
123,24,2
123,26,1
123,28,5
123,29,7
123,30,16
123,31,1
123,32,1
123,33,2
123,39,1
123,41,2
123,42,5
123,44,1
123,45,4
123,46,1
123,48,1
123,49,4
123,51,16
123,52,6
123,54,6
123,55,10
123,56,1
123,57,3
123,58,5
123,59,1
123,62,2
123,63,1
123,66,20
123,67,19
123,68,1
123,69,3
123,70,2
123,71,3
123,73,1
123,74,4
123,76,11
123,77,2
123,78,1
123,79,3
123,81,2
123,82,2
123,83,1
123,85,1
123,86,3
123,88,1
123,90,1
123,93,1
123,94,10
123,95,4
123,96,13
123,97,8
123,98,1
123,99,8
123,102,6
123,104,3
123,106,4
123,109,2
123,110,6
123,111,1
123,113,4
123,115,2
123,118,2
123,119,5
123,120,4
123,126,2
123,127,4
123,128,1
123,130,1
123,131,1
123,132,2
123,133,1
123,136,7
123,137,1
123,140,3
123,141,5
123,142,3
123,148,2
123,150,1
123,156,1
123,157,7
123,159,2
123,162,2
123,164,1
123,167,1
123,170,2
123,175,3
124,1,9
124,2,8
124,3,1
124,4,7
124,5,4
124,6,56
124,7,2
124,9,4
124,10,3
124,11,1
124,13,1
124,14,12
124,15,1
124,19,1
124,20,2
124,24,4
124,26,1
124,28,2
124,29,14
124,30,27
124,31,3
124,32,1
124,33,13
124,34,2
124,35,1
124,36,5
124,37,2
124,39,1
124,40,4
124,41,76
124,42,28
124,43,8
124,45,15
124,47,1
124,49,3
124,50,3
124,51,47
124,52,5
124,53,2
124,54,3
124,55,1
124,56,2
124,57,57
124,58,5
124,60,1
124,62,1
124,63,1
124,66,64
124,67,139
124,68,10
124,69,33
124,70,6
124,71,14
124,72,9
124,73,6
124,74,2
124,76,81
124,77,1
124,79,8
124,80,16
124,81,3
124,82,6
124,85,1
124,86,5
124,87,1
124,88,2
124,89,2
124,90,5
124,92,1
124,93,1
124,94,13
124,95,9
124,96,13
124,97,6
124,99,4
124,100,1
124,101,6
124,102,6
124,103,3
124,104,1
124,107,5
124,108,6
124,109,1
124,110,4
124,113,3
124,115,14
124,118,2
124,119,40
124,120,1
124,121,2
124,126,1
124,127,3
124,128,5
124,130,3
124,131,2
124,132,1
124,136,8
124,139,1
124,140,2
124,141,10
124,144,4
124,150,1
124,151,4
124,154,1
124,157,8
124,159,2
124,164,3
124,165,1
124,166,2
124,168,4
124,172,3
124,174,4
124,175,4
125,1,6
125,2,3
125,3,1
125,4,1
125,5,1
125,6,36
125,8,1
125,12,1
125,14,14
125,17,2
125,19,5
125,21,1
125,23,1
125,24,4
125,26,1
125,27,2
125,29,15
125,30,9
125,31,6
125,32,5
125,33,6
125,34,1
125,36,10
125,40,1
125,41,48
125,42,15
125,45,11
125,46,1
125,47,1
125,51,31
125,52,6
125,54,8
125,55,9
125,57,29
125,58,6
125,62,1
125,63,1
125,66,39
125,67,98
125,68,4
125,69,20
125,70,9
125,71,7
125,72,4
125,73,4
125,74,7
125,76,39
125,79,5
125,80,4
125,81,2
125,82,11
125,86,6
125,93,2
125,94,15
125,95,15
125,96,9
125,97,1
125,99,9
125,102,5
125,104,1
125,105,1
125,107,1
125,109,3
125,110,1
125,111,1
125,112,1
125,113,7
125,115,7
125,118,3
125,119,25
125,120,1
125,124,2
125,127,2
125,129,1
125,130,1
125,133,2
125,136,4
125,137,5
125,139,1
125,141,7
125,144,1
125,145,2
125,146,1
125,151,3
125,156,3
125,157,1
125,159,2
125,169,4
125,171,1
125,172,5
125,174,2
125,175,3
126,1,12
126,2,9
126,3,2
126,4,7
126,5,4
126,6,67
126,7,3
126,9,1
126,14,25
126,19,1
126,21,8
126,22,2
126,24,5
126,27,1
126,28,3
126,29,14
126,30,18
126,31,11
126,32,11
126,33,9
126,34,2
126,35,1
126,36,5
126,41,25
126,42,15
126,45,25
126,46,6
126,48,1
126,49,5
126,51,21
126,52,7
126,54,5
126,55,10
126,56,4
126,57,29
126,58,1
126,60,1
126,64,1
126,66,46
126,67,92
126,68,11
126,69,22
126,70,3
126,71,4
126,72,9
126,73,2
126,74,5
126,75,6
126,76,35
126,78,1
126,79,4
126,81,5
126,82,15
126,83,3
126,85,3
126,86,8
126,88,2
126,89,1
126,90,1
126,91,2
126,93,3
126,94,17
126,95,11
126,96,3
126,97,5
126,98,1
126,99,17
126,101,2
126,102,9
126,103,3
126,105,5
126,107,4
126,110,2
126,113,5
126,115,4
126,116,1
126,118,10
126,119,17
126,120,3
126,124,1
126,127,7
126,128,4
126,129,2
126,130,8
126,131,1
126,132,3
126,133,4
126,136,9
126,137,3
126,138,1
126,139,1
126,140,7
126,141,22
126,142,1
126,144,2
126,149,1
126,150,2
126,151,2
126,154,1
126,157,18
126,159,2
126,162,1
126,167,5
126,168,6
126,171,3
126,172,9
126,175,2
127,1,24
127,2,10
127,3,5
127,4,8
127,5,10
127,6,61
127,7,8
127,8,4
127,9,3
127,12,1
127,13,1
127,14,23
127,15,1
127,19,8
127,20,1
127,21,10
127,23,1
127,24,14
127,25,1
127,26,3
127,27,2
127,28,5
127,29,17
127,30,34
127,31,6
127,32,6
127,33,7
127,34,1
127,36,3
127,38,3
127,39,1
127,40,2
127,41,27
127,42,31
127,44,1
127,45,25
127,46,8
127,48,4
127,49,1
127,51,19
127,52,31
127,53,2
127,54,7
127,55,17
127,56,5
127,57,28
127,58,2
127,60,1
127,63,1
127,66,49
127,67,127
127,68,6
127,69,26
127,70,21
127,71,9
127,72,3
127,73,7
127,74,2
127,76,29
127,77,3
127,78,5
127,79,3
127,80,4
127,81,1
127,82,5
127,84,1
127,85,2
127,86,11
127,88,4
127,89,3
127,91,3
127,92,2
127,93,8
127,94,23
127,95,6
127,96,33
127,97,10
127,98,3
127,99,14
127,101,5
127,102,13
127,103,7
127,105,1
127,106,6
127,107,3
127,108,3
127,109,6
127,110,2
127,113,14
127,115,2
127,116,1
127,117,3
127,118,4
127,119,11
127,120,6
127,126,3
127,128,9
127,129,1
127,130,2
127,131,3
127,132,3
127,133,5
127,134,2
127,135,1
127,136,12
127,137,4
127,139,3
127,140,9
127,141,16
127,142,7
127,144,4
127,145,3
127,150,1
127,151,4
127,152,1
127,154,3
127,157,8
127,159,5
127,160,1
127,162,3
127,163,1
127,164,4
127,165,1
127,166,3
127,167,1
127,168,6
127,169,1
127,170,4
127,172,1
127,175,5
128,1,27
128,2,10
128,3,5
128,4,17
128,5,23
128,6,48
128,7,3
128,8,3
128,9,4
128,10,2
128,11,4
128,13,2
128,14,22
128,19,8
128,20,1
128,21,1
128,23,4
128,24,9
128,26,3
128,27,1
128,28,8
128,29,19
128,30,53
128,31,9
128,32,2
128,33,6
128,36,11
128,40,1
128,41,24
128,42,11
128,45,7
128,46,7
128,47,1
128,48,3
128,49,3
128,51,82
128,52,14
128,54,10
128,55,10
128,56,7
128,57,43
128,58,5
128,66,94
128,67,223
128,68,7
128,69,43
128,70,11
128,71,20
128,72,6
128,74,6
128,76,25
128,79,2
128,80,1
128,81,2
128,82,3
128,85,2
128,86,13
128,87,2
128,88,1
128,89,7
128,93,9
128,94,30
128,95,8
128,96,16
128,97,1
128,99,3
128,100,1
128,101,4
128,102,5
128,103,1
128,104,1
128,105,4
128,106,4
128,108,3
128,109,1
128,110,1
128,113,5
128,114,3
128,115,8
128,118,3
128,119,18
128,121,6
128,124,1
128,126,3
128,129,12
128,130,8
128,131,7
128,132,13
128,133,3
128,135,1
128,136,12
128,137,8
128,138,1
128,139,3
128,140,8
128,141,34
128,142,4
128,144,5
128,147,2
128,149,1
128,150,3
128,151,4
128,154,1
128,155,1
128,157,8
128,159,2
128,160,5
128,164,1
128,165,1
128,167,2
128,168,1
128,169,2
128,170,2
128,171,4
128,172,3
128,174,2
128,175,7
129,1,6
129,2,2
129,4,5
129,5,15
129,6,26
129,7,2
129,8,3
129,9,4
129,10,3
129,13,1
129,14,6
129,15,1
129,20,1
129,21,4
129,23,2
129,24,2
129,25,1
129,26,3
129,27,1
129,28,4
129,29,3
129,30,11
129,31,6
129,32,2
129,33,1
129,34,1
129,39,1
129,40,2
129,41,12
129,42,10
129,45,8
129,46,3
129,48,1
129,49,5
129,51,22
129,52,6
129,55,9
129,56,3
129,57,15
129,58,5
129,59,2
129,60,5
129,62,1
129,66,62
129,67,112
129,68,12
129,69,22
129,70,8
129,71,10
129,72,5
129,73,1
129,74,3
129,76,3
129,78,3
129,79,1
129,80,3
129,81,4
129,82,2
129,83,1
129,86,7
129,88,2
129,93,8
129,94,9
129,95,4
129,96,8
129,97,4
129,98,3
129,99,5
129,102,3
129,103,1
129,104,4
129,106,5
129,107,4
129,108,1
129,109,1
129,110,4
129,113,1
129,116,1
129,118,2
129,119,12
129,120,2
129,121,4
129,124,2
129,126,5
129,127,2
129,128,8
129,130,2
129,131,1
129,132,1
129,133,3
129,136,7
129,137,2
129,140,11
129,141,15
129,142,6
129,143,2
129,144,1
129,145,3
129,147,2
129,148,1
129,154,2
129,157,5
129,158,1
129,159,1
129,160,4
129,165,2
129,166,3
129,168,2
129,169,1
129,171,3
129,172,6
129,173,1
129,174,5
130,1,12
130,2,5
130,3,5
130,4,12
130,5,12
130,6,47
130,7,2
130,8,7
130,9,3
130,10,1
130,13,1
130,14,11
130,15,1
130,19,8
130,21,5
130,22,2
130,23,4
130,24,3
130,26,2
130,27,3
130,29,15
130,30,18
130,31,12
130,32,7
130,33,4
130,34,2
130,36,3
130,40,2
130,41,17
130,42,10
130,45,2
130,46,2
130,48,1
130,51,49
130,52,17
130,54,10
130,55,6
130,56,4
130,57,31
130,58,1
130,60,2
130,63,2
130,66,79
130,67,176
130,68,11
130,69,35
130,70,12
130,71,9
130,72,2
130,73,5
130,74,1
130,76,18
130,77,1
130,78,3
130,79,5
130,80,6
130,81,2
130,82,6
130,83,6
130,85,3
130,86,1
130,87,1
130,89,7
130,90,1
130,92,1
130,93,3
130,94,16
130,95,10
130,96,34
130,97,11
130,98,2
130,99,5
130,100,5
130,101,6
130,102,1
130,103,5
130,104,1
130,105,2
130,106,3
130,107,1
130,108,4
130,109,2
130,110,9
130,113,1
130,114,1
130,115,6
130,118,8
130,119,12
130,124,2
130,126,2
130,127,9
130,128,6
130,129,5
130,131,2
130,132,4
130,133,2
130,135,3
130,136,9
130,137,3
130,139,14
130,140,15
130,141,18
130,142,6
130,144,7
130,145,1
130,147,3
130,148,1
130,150,1
130,151,6
130,154,4
130,155,1
130,156,1
130,157,4
130,159,10
130,160,1
130,164,2
130,168,2
130,172,1
130,174,2
130,175,2
131,1,8
131,2,2
131,4,15
131,5,22
131,6,62
131,7,2
131,8,9
131,9,3
131,10,4
131,12,1
131,13,3
131,14,34
131,17,3
131,18,1
131,19,11
131,20,2
131,21,14
131,22,1
131,23,9
131,24,8
131,25,3
131,26,6
131,27,2
131,28,8
131,29,17
131,30,43
131,31,2
131,32,8
131,33,8
131,34,3
131,36,3
131,39,1
131,40,11
131,41,42
131,42,16
131,45,8
131,46,8
131,48,1
131,49,5
131,51,55
131,52,20
131,53,1
131,54,14
131,55,12
131,56,8
131,57,64
131,58,7
131,59,4
131,62,3
131,66,81
131,67,218
131,68,10
131,69,36
131,70,5
131,71,5
131,72,4
131,73,2
131,74,9
131,76,29
131,77,1
131,78,3
131,79,3
131,81,4
131,82,7
131,83,1
131,84,4
131,85,4
131,86,15
131,87,2
131,88,1
131,89,10
131,91,2
131,92,2
131,93,3
131,94,26
131,95,18
131,96,31
131,97,11
131,98,4
131,99,9
131,101,1
131,102,3
131,103,4
131,104,2
131,105,7
131,106,5
131,107,1
131,108,1
131,109,2
131,110,9
131,113,3
131,114,4
131,115,8
131,117,1
131,118,2
131,119,30
131,120,7
131,121,2
131,126,4
131,127,12
131,128,19
131,129,8
131,130,2
131,132,14
131,133,2
131,135,2
131,136,17
131,137,5
131,138,1
131,139,9
131,140,15
131,141,30
131,142,8
131,143,3
131,144,10
131,147,2
131,150,1
131,151,7
131,154,2
131,155,2
131,156,3
131,157,5
131,159,1
131,160,5
131,166,1
131,167,1
131,168,5
131,169,3
131,172,1
131,174,2
131,175,11
132,1,18
132,2,13
132,3,1
132,4,12
132,5,12
132,6,40
132,7,5
132,8,13
132,9,3
132,10,1
132,11,1
132,12,1
132,13,1
132,14,12
132,15,1
132,17,3
132,19,9
132,21,12
132,23,5
132,24,8
132,26,7
132,27,1
132,28,6
132,29,19
132,30,25
132,31,11
132,32,8
132,33,2
132,36,1
132,40,2
132,41,31
132,42,10
132,43,2
132,45,8
132,46,1
132,48,1
132,49,5
132,51,46
132,52,14
132,53,1
132,54,17
132,55,14
132,56,5
132,57,35
132,58,7
132,60,3
132,61,1
132,66,89
132,67,173
132,68,16
132,69,36
132,70,4
132,71,7
132,72,11
132,73,13
132,74,5
132,75,2
132,76,38
132,78,4
132,79,1
132,81,7
132,82,7
132,84,4
132,85,4
132,86,7
132,88,2
132,89,8
132,90,3
132,91,2
132,93,7
132,94,20
132,95,15
132,96,20
132,97,12
132,98,7
132,99,9
132,100,2
132,101,3
132,102,11
132,103,1
132,104,1
132,105,4
132,106,3
132,107,1
132,108,2
132,109,2
132,110,6
132,113,7
132,114,6
132,115,7
132,118,3
132,119,18
132,120,4
132,121,2
132,124,3
132,125,2
132,126,8
132,127,6
132,128,12
132,129,12
132,130,5
132,131,8
132,134,1
132,135,1
132,136,15
132,137,7
132,138,2
132,139,6
132,140,26
132,141,17
132,142,5
132,144,9
132,147,2
132,150,3
132,151,1
132,154,2
132,157,7
132,159,8
132,160,2
132,164,2
132,166,1
132,167,4
132,168,2
132,169,1
132,175,8
133,1,7
133,2,1
133,4,2
133,5,1
133,6,23
133,7,2
133,8,2
133,9,2
133,13,1
133,14,8
133,19,1
133,23,1
133,24,6
133,25,1
133,26,2
133,27,1
133,28,4
133,29,8
133,30,9
133,31,2
133,32,1
133,33,1
133,36,1
133,39,2
133,41,5
133,42,4
133,45,6
133,46,2
133,49,1
133,51,36
133,52,3
133,54,5
133,55,17
133,56,6
133,57,20
133,58,6
133,59,2
133,60,1
133,61,1
133,62,3
133,65,1
133,66,54
133,67,71
133,68,3
133,69,9
133,70,2
133,71,3
133,72,2
133,73,3
133,76,13
133,79,1
133,80,3
133,82,2
133,83,1
133,85,8
133,86,7
133,87,1
133,88,15
133,89,5
133,92,1
133,94,7
133,95,4
133,96,21
133,97,3
133,98,5
133,99,6
133,102,1
133,103,10
133,104,3
133,105,3
133,107,1
133,108,1
133,111,2
133,113,2
133,114,4
133,115,7
133,116,5
133,119,3
133,121,2
133,124,2
133,127,1
133,128,1
133,129,1
133,132,1
133,134,3
133,136,2
133,137,3
133,140,5
133,141,10
133,142,1
133,144,2
133,145,1
133,151,12
133,154,1
133,157,1
133,158,1
133,160,1
133,161,3
133,164,1
133,167,1
133,168,2
133,169,1
133,170,3
133,174,1
133,175,2
134,1,6
134,4,1
134,6,5
134,7,1
134,8,2
134,14,4
134,18,2
134,24,2
134,25,1
134,28,2
134,29,9
134,30,3
134,33,1
134,36,1
134,40,1
134,41,1
134,42,3
134,51,6
134,52,1
134,54,1
134,55,3
134,56,1
134,57,5
134,58,2
134,60,1
134,63,1
134,65,1
134,66,24
134,67,33
134,68,1
134,69,6
134,70,3
134,71,2
134,73,2
134,74,2
134,76,7
134,78,1
134,81,1
134,82,1
134,86,7
134,88,1
134,89,1
134,90,1
134,91,3
134,92,1
134,94,2
134,95,3
134,96,5
134,97,2
134,99,2
134,101,1
134,102,1
134,108,1
134,110,3
134,114,4
134,115,1
134,116,2
134,118,2
134,119,1
134,124,1
134,126,2
134,127,1
134,129,1
134,130,1
134,131,1
134,133,2
134,135,1
134,137,2
134,140,3
134,141,3
134,144,1
134,146,1
134,151,2
134,154,1
134,157,2
134,159,2
135,1,6
135,2,1
135,3,1
135,4,5
135,5,5
135,6,3
135,7,1
135,8,2
135,11,2
135,12,2
135,14,3
135,26,4
135,28,3
135,29,3
135,30,4
135,33,2
135,41,3
135,42,1
135,45,1
135,48,1
135,49,2
135,50,1
135,51,8
135,52,1
135,54,4
135,55,3
135,56,2
135,57,2
135,58,9
135,59,1
135,62,1
135,63,3
135,65,1
135,66,24
135,67,22
135,68,1
135,69,5
135,70,5
135,71,3
135,72,1
135,73,1
135,74,2
135,76,10
135,77,1
135,80,1
135,81,4
135,85,2
135,86,2
135,88,5
135,89,4
135,90,3
135,92,1
135,94,9
135,96,11
135,97,3
135,98,2
135,99,2
135,100,1
135,101,1
135,102,1
135,103,5
135,104,1
135,105,1
135,106,2
135,110,4
135,111,1
135,113,1
135,114,1
135,115,2
135,119,2
135,126,1
135,128,2
135,134,2
135,136,7
135,137,6
135,141,3
135,142,1
135,144,1
135,148,1
135,150,1
135,151,4
135,152,2
135,157,3
135,159,1
135,163,1
135,169,1
135,172,2
136,1,18
136,2,4
136,3,4
136,4,6
136,5,8
136,6,35
136,7,2
136,8,1
136,13,1
136,14,5
136,15,1
136,17,1
136,21,10
136,23,1
136,24,3
136,26,3
136,28,3
136,29,22
136,30,24
136,31,3
136,32,6
136,33,4
136,36,1
136,38,2
136,40,4
136,41,17
136,42,18
136,44,1
136,45,1
136,46,4
136,47,1
136,49,1
136,51,36
136,52,9
136,53,1
136,54,10
136,55,9
136,56,13
136,57,30
136,58,10
136,60,3
136,61,1
136,62,1
136,66,61
136,67,107
136,68,7
136,69,22
136,70,4
136,71,7
136,72,7
136,73,6
136,74,3
136,75,1
136,76,29
136,77,10
136,78,1
136,80,3
136,81,5
136,82,4
136,84,1
136,85,5
136,86,14
136,88,3
136,89,9
136,92,5
136,93,9
136,94,21
136,95,10
136,96,15
136,97,12
136,98,7
136,99,11
136,100,1
136,101,2
136,102,10
136,103,4
136,106,2
136,107,5
136,108,3
136,109,2
136,110,4
136,112,1
136,113,3
136,114,1
136,115,2
136,116,1
136,117,2
136,118,3
136,119,10
136,120,2
136,121,9
136,124,2
136,126,1
136,127,6
136,128,2
136,130,5
136,131,1
136,133,4
136,134,1
136,135,3
136,137,7
136,139,1
136,140,1
136,141,13
136,142,3
136,144,4
136,145,1
136,149,1
136,150,2
136,151,4
136,154,1
136,155,3
136,156,3
136,157,11
136,160,5
136,162,1
136,164,2
136,165,2
136,169,2
136,170,2
136,172,2
136,175,3
137,1,29
137,2,5
137,3,1
137,4,7
137,5,4
137,6,34
137,7,1
137,8,2
137,9,4
137,10,1
137,14,6
137,17,2
137,19,4
137,21,2
137,23,1
137,24,8
137,27,1
137,28,7
137,29,15
137,30,43
137,31,1
137,32,2
137,33,7
137,36,3
137,39,6
137,40,2
137,41,16
137,42,22
137,45,10
137,46,5
137,47,4
137,48,2
137,49,2
137,51,41
137,52,9
137,53,3
137,54,7
137,55,21
137,56,6
137,57,23
137,58,10
137,59,1
137,61,1
137,62,3
137,65,1
137,66,60
137,67,93
137,68,11
137,69,13
137,70,4
137,71,11
137,72,1
137,73,1
137,74,5
137,75,1
137,76,25
137,77,2
137,78,2
137,79,3
137,81,6
137,82,5
137,83,3
137,84,4
137,85,2
137,86,4
137,89,7
137,91,3
137,92,1
137,93,6
137,94,18
137,95,13
137,96,26
137,97,4
137,98,3
137,99,9
137,101,3
137,102,10
137,104,1
137,105,8
137,106,8
137,107,1
137,108,4
137,109,2
137,110,7
137,113,5
137,114,4
137,115,5
137,117,4
137,119,9
137,120,6
137,121,2
137,123,3
137,126,2
137,127,4
137,128,4
137,130,1
137,132,2
137,133,1
137,134,2
137,135,5
137,136,7
137,139,8
137,140,4
137,141,7
137,142,1
137,144,1
137,148,3
137,151,4
137,152,8
137,154,2
137,157,9
137,159,4
137,160,1
137,161,1
137,162,1
137,165,3
137,167,2
137,168,1
137,169,1
137,170,1
137,171,2
137,175,5
138,1,15
138,2,5
138,4,1
138,5,7
138,6,16
138,7,3
138,8,1
138,9,2
138,12,2
138,13,1
138,14,11
138,15,2
138,17,3
138,18,1
138,19,4
138,20,1
138,21,2
138,23,4
138,24,3
138,26,2
138,28,1
138,29,4
138,30,14
138,31,1
138,32,3
138,33,6
138,36,3
138,39,1
138,40,5
138,41,5
138,42,17
138,44,1
138,45,6
138,46,4
138,48,1
138,49,4
138,51,37
138,52,2
138,54,5
138,55,10
138,56,11
138,57,11
138,58,8
138,62,1
138,66,50
138,67,75
138,68,7
138,69,27
138,70,8
138,71,10
138,72,3
138,73,6
138,74,7
138,76,21
138,78,1
138,79,2
138,80,2
138,81,1
138,82,4
138,83,1
138,84,2
138,85,1
138,86,14
138,89,1
138,90,1
138,91,1
138,93,5
138,94,23
138,95,2
138,96,20
138,97,5
138,98,3
138,99,8
138,101,3
138,102,3
138,103,1
138,104,1
138,105,1
138,106,1
138,107,1
138,108,3
138,109,1
138,110,3
138,113,4
138,115,5
138,119,11
138,120,3
138,124,4
138,126,4
138,127,6
138,128,6
138,133,2
138,135,1
138,136,4
138,137,3
138,140,2
138,141,9
138,142,4
138,144,4
138,145,4
138,146,2
138,151,4
138,154,1
138,157,2
138,160,3
138,161,1
138,168,5
138,170,4
138,175,8
139,1,18
139,2,7
139,3,2
139,4,12
139,5,20
139,6,49
139,7,4
139,8,3
139,9,4
139,10,1
139,11,8
139,12,2
139,13,2
139,14,41
139,15,8
139,17,4
139,19,10
139,20,1
139,21,12
139,23,1
139,24,2
139,27,5
139,28,4
139,29,9
139,30,18
139,31,1
139,32,2
139,33,4
139,36,4
139,40,5
139,41,28
139,42,22
139,45,12
139,46,5
139,48,2
139,51,39
139,52,15
139,54,3
139,55,4
139,56,2
139,57,29
139,58,13
139,59,2
139,62,2
139,63,3
139,66,58
139,67,142
139,68,6
139,69,24
139,70,5
139,71,10
139,72,2
139,73,5
139,74,1
139,76,16
139,77,9
139,78,5
139,79,1
139,81,2
139,82,7
139,83,2
139,85,3
139,86,4
139,88,2
139,89,1
139,92,1
139,93,6
139,94,22
139,95,12
139,96,17
139,97,2
139,98,4
139,99,7
139,101,7
139,102,7
139,103,2
139,104,5
139,105,1
139,106,6
139,108,7
139,109,7
139,110,5
139,113,3
139,114,2
139,115,2
139,119,13
139,120,9
139,121,3
139,124,2
139,126,7
139,127,8
139,128,20
139,129,7
139,130,10
139,131,2
139,132,6
139,136,7
139,137,7
139,140,23
139,141,42
139,142,4
139,144,11
139,146,1
139,150,2
139,151,4
139,154,1
139,156,4
139,157,8
139,159,3
139,160,2
139,163,3
139,164,1
139,165,1
139,166,4
139,167,1
139,168,6
139,170,2
139,172,3
139,174,1
139,175,14
140,1,8
140,2,5
140,4,24
140,5,10
140,6,70
140,7,1
140,12,1
140,13,2
140,14,19
140,17,3
140,19,3
140,20,3
140,21,6
140,23,1
140,24,4
140,25,1
140,27,1
140,28,2
140,29,16
140,30,22
140,31,3
140,32,3
140,33,8
140,34,2
140,36,1
140,39,4
140,40,2
140,41,20
140,42,18
140,43,2
140,44,2
140,45,7
140,46,1
140,47,1
140,48,1
140,49,2
140,51,64
140,52,15
140,54,9
140,55,11
140,56,8
140,57,27
140,58,4
140,59,4
140,62,3
140,63,3
140,66,66
140,67,192
140,68,4
140,69,24
140,70,11
140,71,8
140,72,6
140,73,1
140,74,2
140,76,22
140,77,2
140,79,3
140,80,9
140,81,2
140,82,3
140,84,1
140,85,2
140,86,1
140,87,7
140,88,2
140,90,6
140,91,2
140,93,7
140,94,23
140,95,13
140,96,9
140,98,2
140,99,8
140,101,4
140,102,3
140,103,1
140,104,3
140,105,3
140,106,2
140,107,1
140,108,4
140,110,6
140,113,5
140,114,1
140,115,2
140,118,3
140,119,17
140,120,1
140,124,4
140,127,3
140,128,12
140,129,4
140,130,1
140,131,4
140,132,4
140,133,2
140,135,1
140,136,2
140,137,9
140,139,5
140,141,38
140,142,4
140,143,1
140,144,5
140,145,3
140,147,3
140,150,3
140,151,1
140,152,3
140,153,1
140,154,6
140,155,1
140,157,5
140,158,1
140,159,2
140,160,3
140,163,1
140,167,5
140,168,3
140,170,1
140,172,5
140,174,2
140,175,17
141,1,3
141,3,2
141,4,7
141,6,28
141,8,1
141,9,8
141,13,2
141,14,7
141,19,4
141,21,4
141,23,3
141,24,4
141,26,2
141,27,2
141,28,1
141,29,8
141,30,5
141,31,1
141,32,1
141,33,3
141,34,1
141,36,1
141,39,1
141,40,1
141,41,14
141,42,4
141,43,3
141,45,6
141,51,24
141,52,1
141,54,3
141,55,8
141,56,2
141,57,7
141,58,3
141,62,1
141,65,1
141,66,35
141,67,100
141,68,3
141,69,9
141,70,3
141,71,4
141,72,4
141,73,6
141,74,2
141,76,19
141,77,1
141,78,4
141,79,1
141,80,2
141,81,3
141,82,2
141,83,1
141,86,5
141,88,1
141,89,3
141,91,1
141,93,6
141,94,8
141,95,7
141,96,8
141,97,3
141,98,1
141,99,4
141,101,1
141,102,2
141,103,1
141,109,2
141,110,3
141,113,1
141,115,1
141,119,3
141,126,3
141,127,4
141,128,8
141,131,3
141,132,2
141,136,3
141,137,3
141,139,4
141,140,9
141,142,3
141,143,1
141,144,1
141,146,2
141,147,1
141,150,3
141,151,2
141,152,2
141,153,1
141,154,2
141,155,1
141,157,7
141,158,1
141,159,3
141,160,1
141,166,8
141,167,1
141,168,1
141,175,1
142,1,28
142,2,17
142,3,1
142,4,8
142,5,7
142,6,67
142,7,5
142,8,5
142,9,4
142,11,5
142,13,2
142,14,31
142,15,7
142,16,1
142,17,3
142,19,7
142,20,3
142,21,8
142,23,4
142,24,12
142,27,3
142,29,16
142,30,38
142,31,2
142,32,5
142,33,5
142,35,1
142,36,2
142,38,2
142,39,3
142,40,1
142,41,28
142,42,19
142,44,1
142,45,11
142,46,1
142,48,2
142,49,1
142,51,43
142,52,14
142,54,11
142,55,10
142,56,1
142,57,51
142,58,2
142,59,2
142,62,2
142,66,129
142,67,171
142,68,7
142,69,31
142,70,14
142,71,17
142,72,6
142,76,25
142,78,1
142,79,5
142,80,1
142,81,11
142,82,8
142,83,1
142,84,1
142,85,2
142,86,15
142,88,6
142,89,1
142,92,2
142,93,7
142,94,18
142,95,7
142,96,9
142,97,4
142,98,1
142,99,11
142,100,1
142,102,4
142,103,6
142,104,1
142,105,1
142,106,1
142,107,2
142,109,6
142,110,8
142,113,4
142,115,6
142,117,1
142,118,1
142,119,18
142,120,4
142,122,1
142,124,1
142,126,4
142,127,5
142,128,10
142,129,3
142,130,3
142,131,7
142,132,6
142,135,1
142,136,6
142,137,4
142,138,1
142,139,9
142,140,26
142,141,29
142,144,24
142,145,2
142,146,2
142,147,2
142,150,4
142,151,2
142,152,1
142,154,2
142,157,9
142,159,4
142,160,5
142,163,1
142,165,1
142,166,1
142,167,4
142,168,3
142,172,2
142,174,2
142,175,7
143,1,9
143,2,3
143,4,12
143,6,43
143,13,1
143,14,12
143,15,1
143,18,2
143,19,5
143,21,7
143,23,5
143,28,3
143,29,6
143,30,10
143,32,4
143,33,7
143,36,1
143,38,2
143,41,15
143,42,6
143,44,1
143,45,4
143,46,1
143,49,4
143,51,31
143,52,4
143,54,2
143,55,7
143,56,1
143,57,37
143,58,1
143,61,1
143,62,1
143,66,51
143,67,126
143,68,3
143,69,11
143,70,5
143,71,6
143,72,5
143,73,4
143,74,6
143,76,10
143,78,1
143,79,1
143,80,2
143,82,3
143,85,3
143,86,2
143,89,6
143,93,1
143,94,12
143,95,4
143,96,3
143,97,3
143,99,6
143,102,1
143,105,4
143,106,1
143,107,3
143,108,5
143,109,1
143,113,3
143,114,1
143,115,3
143,118,1
143,119,16
143,120,1
143,121,1
143,124,2
143,126,1
143,127,4
143,128,11
143,129,2
143,130,4
143,131,2
143,132,1
143,133,1
143,136,3
143,137,3
143,139,19
143,140,10
143,141,15
143,142,2
143,144,5
143,147,2
143,150,1
143,151,1
143,152,2
143,154,2
143,157,2
143,159,2
143,160,2
143,162,3
143,166,2
143,167,1
143,168,1
143,169,2
143,170,5
143,172,1
143,174,8
143,175,2
144,1,15
144,2,5
144,3,1
144,4,11
144,5,5
144,6,25
144,7,1
144,8,2
144,11,7
144,13,5
144,14,16
144,16,1
144,19,8
144,21,10
144,23,7
144,24,2
144,27,1
144,28,7
144,29,5
144,30,27
144,31,3
144,32,6
144,33,7
144,35,1
144,36,4
144,40,2
144,41,28
144,42,3
144,43,1
144,45,10
144,51,46
144,52,6
144,54,4
144,55,8
144,56,1
144,57,22
144,58,2
144,59,1
144,63,2
144,66,111
144,67,152
144,68,3
144,69,30
144,71,6
144,72,6
144,73,3
144,76,17
144,77,2
144,79,3
144,80,1
144,82,2
144,83,1
144,86,8
144,88,1
144,89,2
144,90,1
144,91,3
144,92,1
144,94,11
144,95,6
144,96,11
144,97,2
144,99,1
144,101,1
144,102,6
144,103,2
144,104,1
144,105,2
144,106,2
144,108,4
144,109,2
144,110,2
144,112,1
144,113,3
144,115,1
144,118,2
144,119,14
144,120,3
144,125,1
144,126,8
144,127,3
144,128,5
144,130,1
144,131,4
144,132,3
144,134,1
144,136,10
144,139,3
144,140,4
144,141,26
144,142,6
144,147,1
144,149,2
144,150,1
144,151,2
144,153,1
144,157,7
144,159,1
144,160,1
144,167,2
144,169,1
144,170,1
144,172,1
144,174,9
144,175,8
145,1,13
145,2,12
145,4,12
145,5,5
145,6,76
145,8,6
145,9,4
145,10,2
145,11,4
145,13,4
145,14,50
145,15,3
145,17,5
145,18,2
145,19,16
145,21,18
145,22,2
145,23,5
145,24,4
145,26,2
145,27,2
145,28,4
145,29,15
145,30,26
145,31,3
145,32,9
145,33,10
145,34,2
145,36,8
145,39,2
145,40,2
145,41,36
145,42,27
145,45,11
145,46,1
145,48,2
145,49,2
145,51,83
145,52,16
145,54,6
145,55,13
145,56,4
145,57,37
145,58,6
145,60,1
145,62,5
145,63,1
145,66,178
145,67,286
145,68,9
145,69,28
145,70,12
145,71,18
145,72,5
145,73,6
145,74,7
145,76,34
145,78,1
145,79,2
145,80,1
145,82,7
145,84,3
145,85,1
145,86,10
145,87,4
145,88,2
145,89,12
145,93,8
145,94,29
145,95,20
145,96,6
145,97,7
145,98,1
145,99,15
145,101,1
145,102,13
145,105,1
145,106,1
145,108,3
145,109,1
145,110,13
145,113,5
145,114,1
145,115,6
145,117,1
145,118,2
145,119,15
145,120,9
145,121,1
145,126,4
145,127,8
145,128,11
145,130,3
145,131,1
145,132,4
145,134,1
145,135,1
145,136,21
145,137,7
145,138,2
145,139,11
145,140,17
145,141,32
145,142,3
145,144,9
145,146,1
145,149,4
145,150,11
145,151,3
145,154,7
145,157,12
145,158,1
145,159,6
145,160,8
145,164,2
145,167,2
145,168,3
145,169,2
145,172,2
145,173,3
145,174,3
145,175,2
146,1,23
146,2,9
146,3,2
146,4,8
146,5,10
146,6,99
146,7,7
146,8,5
146,9,1
146,10,2
146,11,4
146,12,1
146,13,1
146,14,60
146,17,1
146,19,11
146,20,4
146,21,10
146,22,2
146,23,3
146,24,9
146,27,1
146,28,10
146,29,28
146,30,28
146,31,3
146,32,1
146,33,6
146,35,1
146,36,4
146,38,2
146,40,1
146,41,56
146,42,13
146,45,12
146,46,12
146,47,5
146,49,6
146,51,61
146,52,16
146,53,1
146,54,9
146,55,18
146,56,9
146,57,39
146,58,6
146,59,2
146,62,4
146,63,1
146,66,113
146,67,216
146,68,4
146,69,48
146,70,6
146,71,19
146,72,2
146,73,8
146,74,7
146,75,1
146,76,45
146,79,4
146,80,9
146,81,2
146,82,11
146,85,8
146,86,12
146,87,1
146,88,1
146,89,6
146,91,2
146,92,3
146,93,3
146,94,19
146,95,18
146,96,22
146,97,8
146,99,13
146,101,4
146,102,8
146,103,2
146,104,2
146,105,3
146,106,1
146,107,3
146,108,4
146,110,10
146,113,6
146,115,3
146,118,3
146,119,30
146,120,3
146,121,1
146,126,4
146,127,7
146,128,11
146,129,2
146,130,3
146,131,3
146,132,3
146,133,3
146,134,1
146,135,2
146,136,4
146,137,4
146,139,13
146,140,14
146,141,59
146,142,5
146,144,11
146,147,3
146,148,1
146,150,4
146,151,6
146,152,1
146,154,9
146,156,1
146,157,11
146,159,4
146,160,3
146,162,1
146,164,5
146,166,1
146,167,2
146,168,2
146,169,5
146,171,2
146,172,4
146,174,5
146,175,2
147,1,2
147,2,4
147,3,3
147,4,4
147,5,9
147,6,89
147,7,6
147,8,4
147,9,1
147,11,13
147,12,2
147,13,3
147,14,35
147,16,1
147,19,7
147,21,14
147,23,2
147,24,4
147,27,1
147,28,5
147,29,22
147,30,23
147,31,5
147,32,6
147,33,12
147,34,4
147,36,2
147,40,1
147,41,35
147,42,10
147,43,2
147,44,1
147,45,9
147,46,1
147,47,4
147,48,2
147,49,3
147,51,52
147,52,20
147,54,5
147,55,16
147,56,2
147,57,67
147,58,8
147,59,2
147,62,3
147,63,3
147,66,129
147,67,199
147,68,2
147,69,30
147,70,12
147,71,14
147,72,9
147,73,3
147,74,1
147,76,57
147,77,1
147,78,1
147,79,5
147,81,5
147,82,6
147,83,1
147,85,3
147,86,2
147,87,2
147,89,2
147,92,1
147,93,5
147,94,17
147,95,19
147,96,10
147,97,8
147,98,2
147,99,8
147,100,1
147,101,1
147,102,5
147,103,1
147,104,2
147,106,5
147,110,8
147,113,10
147,115,9
147,118,5
147,119,21
147,120,6
147,121,1
147,123,1
147,124,2
147,126,5
147,127,6
147,128,16
147,129,1
147,130,1
147,131,5
147,132,1
147,133,1
147,136,10
147,137,2
147,139,12
147,140,8
147,141,39
147,142,6
147,144,15
147,145,1
147,146,4
147,148,2
147,150,2
147,151,7
147,152,1
147,154,9
147,156,2
147,157,6
147,159,5
147,160,4
147,163,3
147,164,6
147,167,1
147,168,8
147,170,1
147,171,1
147,172,2
147,174,2
147,175,11
148,1,26
148,2,14
148,3,5
148,4,18
148,5,11
148,6,122
148,7,8
148,8,1
148,9,3
148,10,1
148,11,16
148,12,7
148,13,8
148,14,70
148,15,2
148,17,4
148,19,18
148,21,25
148,22,1
148,23,6
148,24,9
148,26,2
148,27,7
148,28,4
148,29,16
148,30,32
148,31,12
148,32,11
148,33,36
148,34,3
148,35,1
148,36,18
148,40,4
148,41,83
148,42,26
148,43,1
148,44,2
148,45,17
148,46,2
148,47,1
148,48,5
148,49,9
148,51,95
148,52,17
148,54,12
148,55,17
148,56,3
148,57,73
148,58,12
148,59,2
148,62,4
148,63,2
148,66,225
148,67,418
148,68,12
148,69,59
148,70,11
148,71,22
148,72,9
148,73,3
148,74,11
148,76,58
148,77,1
148,78,1
148,79,12
148,80,5
148,81,14
148,82,10
148,85,2
148,86,7
148,88,1
148,89,9
148,90,1
148,92,3
148,93,9
148,94,28
148,95,27
148,96,19
148,97,5
148,98,2
148,99,19
148,101,11
148,102,12
148,103,3
148,104,3
148,105,1
148,106,5
148,107,1
148,108,2
148,109,7
148,110,10
148,113,5
148,114,4
148,115,8
148,116,2
148,117,1
148,118,5
148,119,36
148,120,4
148,124,3
148,126,10
148,127,9
148,128,23
148,129,1
148,130,11
148,131,8
148,132,9
148,133,3
148,135,1
148,136,8
148,137,7
148,138,4
148,139,15
148,140,20
148,141,58
148,142,9
148,144,17
148,146,7
148,147,6
148,150,10
148,151,10
148,152,7
148,154,7
148,155,1
148,156,4
148,157,7
148,159,7
148,160,4
148,161,1
148,163,2
148,164,4
148,165,1
148,167,6
148,168,3
148,169,6
148,170,5
148,171,2
148,173,3
148,174,9
148,175,20
149,1,6
149,4,2
149,5,2
149,6,49
149,7,2
149,8,5
149,10,1
149,11,1
149,13,7
149,14,40
149,19,9
149,20,1
149,21,17
149,24,5
149,27,5
149,28,2
149,29,14
149,30,15
149,31,2
149,32,7
149,33,2
149,34,2
149,39,1
149,41,22
149,42,6
149,44,2
149,45,6
149,46,2
149,49,2
149,51,43
149,52,17
149,54,3
149,55,8
149,56,3
149,57,19
149,58,4
149,66,73
149,67,159
149,68,3
149,69,11
149,70,3
149,71,12
149,72,5
149,73,1
149,74,1
149,76,7
149,78,2
149,79,1
149,82,10
149,83,1
149,85,3
149,86,6
149,87,1
149,89,4
149,93,4
149,94,23
149,95,6
149,96,8
149,97,11
149,98,1
149,99,11
149,101,2
149,102,4
149,103,1
149,104,1
149,106,1
149,107,1
149,108,1
149,109,1
149,110,4
149,113,6
149,114,1
149,115,1
149,119,26
149,120,3
149,124,1
149,126,3
149,127,2
149,128,9
149,129,3
149,130,2
149,131,3
149,132,4
149,133,3
149,136,7
149,137,3
149,138,2
149,139,2
149,140,7
149,141,38
149,142,2
149,144,4
149,145,2
149,146,5
149,150,12
149,151,2
149,157,13
149,159,2
149,160,3
149,163,1
149,164,2
149,166,1
149,167,1
149,168,9
149,169,3
149,171,1
149,172,3
149,174,4
150,1,10
150,2,6
150,3,1
150,4,4
150,5,13
150,6,28
150,8,2
150,10,1
150,12,1
150,13,1
150,14,26
150,15,1
150,19,16
150,20,3
150,21,10
150,24,1
150,26,1
150,27,1
150,28,1
150,29,10
150,30,10
150,31,1
150,32,2
150,33,6
150,36,6
150,39,2
150,41,13
150,42,13
150,45,10
150,46,2
150,48,1
150,49,1
150,51,29
150,52,6
150,54,2
150,55,7
150,56,3
150,57,18
150,58,4
150,59,1
150,60,1
150,62,1
150,66,35
150,67,87
150,68,2
150,69,10
150,70,9
150,71,9
150,72,1
150,73,4
150,74,3
150,76,15
150,78,1
150,79,1
150,80,1
150,82,5
150,84,1
150,86,7
150,88,1
150,89,12
150,93,2
150,94,10
150,95,8
150,96,6
150,98,1
150,99,4
150,101,4
150,104,1
150,106,1
150,109,3
150,110,1
150,113,1
150,115,2
150,116,1
150,119,9
150,121,2
150,124,3
150,126,4
150,127,4
150,128,9
150,130,3
150,131,1
150,132,2
150,137,3
150,139,3
150,140,11
150,141,20
150,142,2
150,145,4
150,148,1
150,151,5
150,152,2
150,154,5
150,157,13
150,160,2
150,162,1
150,164,1
150,168,2
150,169,3
150,174,1
150,175,4
151,6,3
151,14,1
151,17,1
151,28,1
151,29,3
151,30,3
151,50,2
151,51,2
151,52,1
151,55,1
151,56,1
151,57,5
151,66,5
151,67,9
151,69,4
151,72,1
151,73,3
151,80,2
151,83,1
151,90,1
151,94,5
151,95,3
151,96,12
151,98,2
151,110,1
151,113,2
151,115,1
151,119,2
151,124,1
151,129,1
151,133,3
151,141,2
151,154,1
151,172,2
152,1,6
152,2,11
152,3,3
152,4,4
152,5,6
152,6,26
152,8,4
152,9,3
152,11,1
152,13,6
152,14,10
152,19,2
152,23,1
152,24,3
152,26,2
152,27,2
152,29,4
152,30,9
152,31,1
152,32,8
152,33,7
152,34,5
152,36,3
152,40,2
152,41,15
152,42,1
152,45,8
152,46,3
152,49,9
152,51,35
152,52,7
152,53,1
152,54,7
152,55,4
152,56,4
152,57,5
152,58,3
152,59,2
152,66,56
152,67,116
152,68,3
152,69,16
152,70,6
152,71,14
152,72,1
152,73,3
152,74,2
152,76,29
152,79,3
152,80,8
152,81,1
152,82,3
152,83,2
152,85,3
152,86,4
152,87,1
152,91,1
152,93,6
152,94,13
152,95,4
152,96,4
152,97,2
152,99,5
152,103,2
152,106,3
152,110,2
152,113,5
152,114,3
152,115,4
152,117,2
152,118,2
152,119,7
152,120,1
152,122,1
152,126,2
152,127,2
152,128,1
152,129,5
152,130,1
152,132,2
152,133,1
152,136,1
152,137,3
152,140,11
152,141,11
152,143,3
152,144,1
152,153,1
152,154,1
152,155,2
152,156,5
152,157,2
152,159,7
152,160,1
152,163,3
152,164,1
152,167,3
152,168,4
152,172,2
152,174,2
152,175,3
153,2,2
153,4,1
153,5,6
153,6,27
153,7,1
153,8,2
153,9,4
153,13,2
153,14,7
153,15,1
153,18,1
153,19,1
153,21,1
153,22,1
153,23,2
153,26,1
153,28,1
153,29,5
153,30,6
153,31,5
153,32,1
153,33,8
153,34,1
153,36,3
153,41,8
153,42,6
153,45,6
153,46,3
153,51,21
153,52,2
153,55,1
153,56,2
153,57,13
153,58,1
153,66,12
153,67,75
153,68,1
153,69,6
153,70,11
153,71,9
153,72,1
153,73,1
153,76,17
153,79,2
153,80,2
153,81,2
153,82,1
153,84,2
153,85,1
153,86,1
153,87,2
153,89,1
153,91,1
153,93,3
153,94,5
153,95,4
153,96,14
153,97,12
153,99,1
153,101,1
153,104,1
153,109,2
153,112,2
153,113,2
153,116,1
153,119,11
153,126,1
153,128,1
153,129,2
153,133,1
153,136,10
153,138,3
153,139,1
153,140,1
153,141,5
153,144,2
153,148,1
153,150,2
153,151,4
153,154,4
153,157,2
153,159,1
153,164,4
153,167,1
153,169,1
153,170,4
153,172,1
153,174,5
153,175,6
154,1,8
154,2,13
154,3,1
154,4,14
154,5,30
154,6,59
154,7,7
154,8,4
154,11,12
154,12,2
154,13,5
154,14,20
154,15,7
154,19,8
154,21,6
154,23,1
154,24,6
154,25,1
154,26,1
154,27,2
154,29,16
154,30,49
154,31,8
154,32,3
154,33,17
154,34,2
154,36,12
154,37,3
154,39,9
154,40,1
154,41,19
154,42,12
154,44,1
154,45,8
154,48,1
154,51,61
154,52,11
154,54,7
154,55,13
154,56,10
154,57,43
154,58,2
154,59,1
154,66,134
154,67,198
154,68,7
154,69,44
154,70,6
154,71,15
154,72,1
154,73,5
154,74,8
154,75,1
154,76,54
154,77,2
154,78,3
154,79,1
154,80,6
154,81,6
154,82,10
154,86,16
154,87,1
154,93,11
154,94,14
154,95,5
154,96,17
154,97,10
154,99,3
154,101,5
154,102,3
154,103,1
154,105,4
154,107,3
154,108,1
154,109,1
154,110,4
154,113,7
154,114,1
154,115,13
154,117,1
154,118,2
154,119,32
154,120,5
154,121,1
154,126,2
154,127,10
154,128,10
154,129,3
154,130,6
154,131,5
154,132,1
154,133,1
154,136,3
154,137,6
154,139,11
154,140,8
154,141,34
154,142,1
154,143,4
154,144,13
154,147,1
154,148,4
154,150,2
154,152,11
154,155,6
154,156,1
154,157,3
154,158,1
154,159,7
154,160,7
154,161,4
154,164,2
154,165,6
154,166,8
154,167,2
154,168,10
154,169,4
154,170,1
154,171,2
154,172,7
154,173,2
154,174,17
154,175,12
155,1,9
155,2,2
155,4,3
155,5,14
155,6,47
155,7,2
155,8,1
155,9,4
155,11,2
155,12,2
155,13,2
155,14,21
155,19,4
155,20,2
155,21,5
155,24,7
155,25,1
155,27,1
155,28,2
155,29,5
155,30,21
155,31,4
155,32,6
155,33,14
155,34,3
155,35,4
155,36,8
155,39,3
155,41,29
155,42,20
155,44,4
155,45,11
155,48,1
155,49,1
155,51,28
155,52,9
155,54,4
155,55,6
155,56,3
155,57,37
155,58,4
155,59,1
155,63,1
155,66,58
155,67,138
155,68,6
155,69,22
155,70,6
155,71,13
155,72,5
155,73,10
155,74,4
155,75,3
155,76,31
155,78,1
155,79,4
155,80,9
155,81,2
155,82,9
155,83,1
155,86,9
155,88,2
155,89,2
155,91,5
155,92,1
155,93,6
155,94,6
155,95,9
155,96,10
155,97,2
155,98,1
155,99,5
155,101,10
155,102,5
155,103,2
155,104,2
155,105,1
155,107,3
155,108,1
155,109,3
155,110,2
155,113,6
155,114,1
155,115,13
155,118,1
155,119,11
155,120,3
155,121,2
155,124,1
155,126,2
155,127,3
155,128,2
155,129,4
155,130,2
155,131,2
155,132,5
155,134,1
155,135,1
155,136,15
155,137,8
155,139,4
155,140,15
155,141,20
155,142,2
155,144,1
155,145,1
155,151,5
155,152,5
155,154,1
155,156,2
155,157,15
155,159,3
155,160,5
155,166,3
155,167,9
155,168,1
155,170,4
155,171,4
155,172,3
155,175,8
156,1,16
156,2,7
156,4,6
156,5,6
156,6,70
156,8,1
156,9,4
156,11,1
156,12,1
156,14,10
156,15,2
156,19,2
156,21,1
156,24,9
156,26,2
156,27,2
156,28,7
156,29,14
156,30,20
156,31,8
156,32,5
156,33,11
156,36,8
156,38,1
156,39,1
156,41,23
156,42,27
156,45,11
156,46,5
156,51,43
156,52,5
156,54,7
156,55,5
156,56,9
156,57,36
156,58,5
156,66,70
156,67,90
156,68,6
156,69,24
156,70,6
156,71,13
156,72,6
156,73,2
156,74,7
156,76,37
156,77,2
156,78,1
156,79,1
156,80,2
156,81,3
156,82,4
156,83,5
156,84,3
156,85,3
156,86,2
156,88,1
156,89,4
156,90,1
156,93,7
156,94,17
156,95,17
156,96,17
156,97,4
156,98,1
156,99,4
156,101,8
156,102,2
156,103,2
156,104,2
156,107,1
156,108,1
156,110,1
156,111,3
156,113,2
156,114,1
156,115,8
156,118,2
156,119,9
156,120,5
156,121,4
156,124,5
156,126,4
156,127,6
156,128,8
156,129,4
156,130,1
156,131,1
156,132,5
156,133,2
156,136,12
156,137,1
156,139,3
156,140,4
156,141,17
156,142,1
156,144,4
156,147,2
156,148,2
156,150,3
156,151,2
156,155,2
156,157,16
156,159,11
156,165,1
156,166,5
156,167,4
156,168,6
156,171,3
156,172,4
156,174,2
156,175,7
157,1,16
157,2,8
157,3,2
157,4,7
157,5,9
157,6,45
157,7,4
157,8,1
157,11,2
157,12,2
157,14,19
157,19,17
157,21,10
157,24,7
157,25,1
157,26,1
157,28,2
157,29,11
157,30,24
157,31,11
157,32,4
157,33,6
157,34,2
157,36,6
157,39,3
157,40,10
157,41,29
157,42,28
157,45,14
157,46,4
157,47,3
157,48,1
157,50,1
157,51,32
157,52,6
157,54,4
157,55,5
157,56,2
157,57,24
157,58,2
157,62,1
157,66,53
157,67,109
157,68,5
157,69,25
157,70,3
157,71,5
157,72,6
157,73,3
157,74,10
157,76,13
157,77,1
157,79,4
157,80,1
157,81,2
157,82,9
157,83,1
157,85,4
157,86,3
157,87,1
157,88,3
157,89,5
157,90,1
157,93,4
157,94,17
157,95,10
157,96,2
157,97,7
157,98,1
157,99,3
157,102,5
157,103,1
157,104,2
157,105,3
157,108,2
157,109,1
157,110,2
157,113,5
157,115,3
157,118,1
157,119,7
157,120,1
157,124,1
157,126,4
157,127,8
157,128,4
157,129,1
157,130,1
157,131,5
157,132,7
157,133,1
157,134,1
157,136,9
157,137,4
157,139,5
157,140,4
157,141,16
157,142,2
157,144,2
157,150,1
157,151,3
157,154,2
157,155,1
157,156,1
157,159,4
157,160,2
157,163,1
157,164,3
157,165,1
157,166,6
157,167,3
157,169,1
157,172,2
157,174,1
157,175,1
158,1,9
158,2,4
158,3,1
158,4,7
158,5,10
158,6,36
158,7,2
158,8,1
158,9,1
158,10,1
158,14,6
158,15,1
158,21,2
158,24,5
158,25,3
158,27,1
158,28,1
158,29,9
158,30,3
158,32,5
158,33,7
158,34,12
158,36,3
158,39,2
158,40,2
158,41,22
158,42,18
158,43,1
158,45,7
158,46,2
158,48,4
158,49,2
158,50,2
158,51,20
158,52,6
158,54,1
158,55,3
158,56,4
158,57,16
158,58,3
158,63,2
158,66,62
158,67,81
158,68,2
158,69,13
158,70,7
158,71,6
158,72,1
158,73,3
158,74,6
158,76,33
158,79,2
158,80,2
158,81,3
158,82,5
158,86,5
158,87,8
158,88,1
158,89,1
158,94,11
158,95,6
158,96,9
158,97,1
158,98,1
158,99,4
158,100,1
158,101,1
158,102,3
158,103,1
158,105,1
158,108,3
158,109,2
158,110,2
158,113,5
158,114,1
158,115,7
158,116,1
158,119,16
158,124,5
158,126,12
158,127,8
158,128,4
158,129,3
158,130,5
158,132,2
158,133,3
158,136,4
158,137,5
158,139,2
158,140,5
158,141,10
158,142,1
158,143,1
158,144,5
158,151,4
158,155,2
158,156,1
158,157,5
158,159,1
158,164,1
158,167,1
158,168,1
158,172,3
159,1,11
159,2,10
159,3,2
159,4,8
159,5,6
159,6,68
159,7,4
159,8,2
159,11,2
159,14,18
159,15,2
159,17,1
159,18,2
159,19,6
159,20,1
159,21,6
159,23,5
159,24,8
159,25,1
159,26,2
159,28,3
159,29,14
159,30,17
159,31,9
159,32,4
159,33,6
159,40,2
159,41,43
159,42,12
159,45,16
159,46,8
159,47,1
159,48,5
159,49,2
159,51,43
159,52,8
159,54,10
159,55,12
159,56,5
159,57,36
159,58,5
159,59,1
159,66,57
159,67,144
159,68,2
159,69,37
159,70,5
159,71,13
159,72,3
159,73,6
159,76,24
159,78,4
159,79,3
159,80,3
159,82,8
159,84,1
159,85,1
159,86,7
159,89,2
159,93,6
159,94,20
159,95,10
159,96,18
159,98,2
159,99,9
159,101,1
159,102,3
159,103,1
159,105,3
159,106,6
159,107,2
159,108,2
159,109,2
159,110,5
159,113,3
159,114,4
159,115,12
159,118,3
159,119,23
159,120,1
159,125,2
159,126,7
159,127,7
159,128,21
159,129,2
159,130,7
159,132,9
159,133,1
159,135,2
159,136,10
159,137,2
159,139,5
159,140,13
159,141,35
159,142,3
159,143,2
159,144,6
159,148,2
159,150,1
159,151,1
159,152,2
159,154,2
159,155,2
159,157,6
159,160,10
159,166,1
159,167,3
159,170,1
159,171,1
159,174,1
159,175,10
160,1,24
160,2,7
160,3,5
160,4,10
160,5,18
160,6,44
160,7,5
160,8,5
160,10,1
160,11,1
160,13,1
160,14,26
160,15,1
160,19,10
160,21,4
160,23,2
160,24,4
160,25,1
160,26,1
160,27,1
160,28,12
160,29,24
160,30,17
160,31,3
160,32,1
160,33,2
160,37,1
160,38,2
160,40,3
160,41,18
160,42,15
160,43,1
160,44,4
160,45,13
160,46,4
160,48,2
160,49,5
160,51,31
160,52,15
160,53,1
160,54,5
160,55,4
160,56,8
160,57,36
160,58,2
160,62,1
160,66,70
160,67,136
160,68,7
160,69,22
160,70,4
160,71,4
160,72,4
160,73,6
160,74,1
160,76,38
160,77,1
160,78,2
160,80,2
160,81,6
160,82,3
160,83,3
160,84,2
160,85,1
160,86,9
160,87,1
160,88,1
160,91,1
160,93,8
160,94,12
160,95,7
160,96,22
160,97,12
160,98,3
160,99,15
160,101,7
160,102,3
160,103,2
160,104,1
160,105,7
160,106,1
160,107,1
160,108,1
160,109,6
160,110,8
160,112,1
160,113,2
160,115,11
160,116,1
160,118,1
160,119,18
160,120,2
160,123,1
160,124,5
160,126,3
160,127,6
160,128,17
160,129,2
160,130,6
160,131,1
160,132,1
160,133,7
160,136,5
160,137,6
160,139,1
160,140,21
160,141,24
160,142,8
160,144,6
160,145,3
160,150,1
160,151,10
160,154,3
160,155,2
160,157,13
160,159,4
160,163,2
160,164,1
160,165,3
160,166,1
160,167,6
160,168,2
160,169,1
160,170,2
160,172,2
160,174,1
160,175,4
161,1,14
161,2,7
161,4,23
161,5,8
161,6,67
161,7,6
161,8,6
161,11,5
161,12,1
161,13,1
161,14,18
161,15,1
161,19,10
161,21,7
161,24,5
161,26,2
161,27,1
161,28,6
161,29,16
161,30,14
161,31,2
161,32,10
161,33,9
161,36,2
161,38,1
161,39,1
161,40,4
161,41,31
161,42,5
161,44,3
161,45,7
161,46,1
161,48,1
161,49,1
161,51,60
161,52,7
161,53,1
161,54,5
161,55,12
161,56,2
161,57,27
161,58,3
161,59,1
161,62,3
161,63,3
161,66,103
161,67,203
161,68,9
161,69,41
161,70,8
161,71,12
161,72,6
161,73,8
161,74,5
161,76,33
161,78,3
161,79,4
161,80,6
161,81,6
161,82,4
161,83,2
161,85,4
161,86,2
161,88,1
161,89,2
161,90,1
161,92,5
161,93,6
161,94,21
161,95,11
161,96,13
161,97,5
161,99,11
161,100,1
161,101,5
161,103,4
161,105,1
161,106,1
161,108,4
161,110,1
161,113,4
161,114,2
161,115,8
161,117,2
161,118,2
161,119,13
161,120,2
161,121,3
161,124,2
161,126,1
161,127,4
161,128,5
161,129,1
161,130,1
161,131,10
161,132,6
161,133,2
161,134,1
161,135,1
161,136,4
161,137,6
161,139,10
161,140,5
161,141,21
161,142,3
161,143,2
161,144,6
161,147,2
161,150,3
161,153,1
161,154,1
161,155,1
161,156,2
161,157,8
161,159,1
161,160,6
161,164,2
161,167,5
161,168,3
161,169,4
161,172,2
161,175,5
162,1,15
162,2,6
162,4,1
162,5,11
162,6,28
162,7,1
162,8,1
162,9,1
162,10,1
162,12,2
162,13,1
162,14,14
162,19,4
162,21,3
162,22,1
162,23,1
162,24,1
162,27,1
162,28,7
162,29,19
162,30,39
162,32,1
162,33,2
162,34,2
162,36,4
162,40,1
162,41,25
162,42,15
162,44,3
162,45,15
162,46,6
162,47,1
162,48,2
162,49,1
162,51,21
162,52,1
162,53,1
162,54,6
162,55,7
162,56,15
162,57,20
162,58,10
162,62,1
162,66,39
162,67,68
162,68,5
162,69,22
162,70,10
162,71,8
162,72,5
162,73,8
162,74,4
162,76,20
162,77,1
162,78,1
162,80,6
162,81,1
162,82,7
162,83,3
162,85,2
162,86,2
162,88,1
162,89,6
162,92,3
162,93,1
162,94,10
162,95,13
162,96,10
162,97,7
162,98,1
162,99,6
162,101,2
162,102,13
162,104,2
162,105,5
162,108,1
162,110,3
162,111,1
162,113,3
162,114,1
162,117,3
162,118,6
162,119,21
162,120,11
162,126,4
162,127,9
162,128,3
162,129,4
162,130,3
162,131,3
162,133,1
162,134,1
162,135,1
162,136,4
162,137,3
162,138,4
162,140,4
162,141,11
162,142,1
162,143,1
162,144,3
162,146,2
162,150,1
162,151,3
162,153,2
162,154,2
162,157,12
162,166,1
162,167,4
162,168,2
162,169,2
162,170,3
162,172,2
162,174,1
162,175,4
163,2,1
163,6,11
163,7,1
163,10,1
163,14,2
163,15,1
163,21,3
163,28,1
163,29,8
163,31,5
163,32,1
163,33,4
163,36,1
163,41,5
163,42,5
163,45,2
163,48,1
163,51,6
163,52,1
163,56,1
163,57,6
163,58,1
163,66,9
163,67,18
163,68,3
163,69,7
163,70,4
163,71,3
163,72,2
163,73,1
163,74,1
163,76,4
163,82,1
163,85,1
163,89,2
163,94,4
163,96,8
163,99,1
163,105,2
163,108,2
163,110,2
163,113,3
163,118,1
163,119,3
163,120,1
163,121,1
163,124,1
163,136,1
163,139,3
163,141,4
163,142,2
163,144,1
163,145,1
163,151,1
163,157,2
163,158,1
163,160,1
163,164,6
163,166,1
163,171,1
163,175,1
164,1,1
164,2,1
164,4,3
164,5,2
164,6,11
164,7,1
164,10,1
164,13,1
164,20,4
164,21,1
164,24,2
164,26,1
164,28,2
164,29,3
164,30,3
164,31,6
164,32,1
164,33,6
164,36,3
164,41,9
164,42,6
164,45,2
164,51,8
164,56,2
164,58,1
164,62,1
164,67,26
164,69,4
164,70,1
164,73,1
164,74,2
164,76,10
164,80,1
164,85,1
164,86,1
164,87,1
164,94,2
164,95,3
164,96,2
164,99,1
164,101,2
164,102,1
164,112,1
164,119,1
164,125,1
164,126,1
164,128,4
164,131,1
164,133,1
164,137,1
164,139,1
164,141,1
164,146,1
164,149,1
164,151,1
164,154,4
164,157,1
164,163,9
164,171,2
164,175,2
165,1,9
165,2,8
165,3,2
165,4,3
165,5,4
165,6,35
165,7,4
165,8,1
165,9,2
165,10,1
165,12,1
165,14,19
165,15,2
165,19,4
165,20,1
165,21,5
165,23,1
165,24,1
165,26,1
165,27,1
165,28,2
165,29,15
165,30,13
165,31,9
165,32,4
165,33,16
165,34,2
165,35,2
165,36,13
165,40,1
165,41,50
165,42,8
165,45,11
165,46,3
165,47,2
165,49,3
165,50,1
165,51,38
165,52,14
165,54,6
165,55,7
165,56,6
165,57,35
165,58,7
165,59,2
165,60,1
165,62,1
165,66,77
165,67,173
165,68,1
165,69,22
165,71,20
165,72,7
165,73,1
165,74,5
165,76,54
165,78,1
165,79,2
165,80,4
165,81,2
165,82,6
165,84,1
165,85,2
165,86,7
165,88,1
165,89,4
165,92,1
165,93,5
165,94,21
165,95,5
165,96,8
165,97,4
165,99,11
165,101,6
165,102,12
165,103,3
165,104,1
165,105,5
165,106,2
165,108,1
165,109,2
165,110,1
165,111,2
165,113,3
165,115,13
165,119,31
165,124,1
165,126,6
165,127,6
165,128,8
165,129,1
165,130,5
165,131,1
165,132,6
165,133,3
165,136,10
165,137,4
165,138,1
165,139,5
165,140,9
165,141,27
165,142,3
165,144,4
165,147,2
165,148,1
165,149,2
165,150,1
165,151,2
165,152,1
165,154,7
165,156,3
165,157,7
165,159,2
165,160,5
165,163,1
165,164,1
165,166,4
165,167,8
165,170,1
165,174,3
165,175,4
166,1,16
166,2,10
166,3,2
166,4,16
166,5,11
166,6,74
166,7,5
166,8,1
166,9,1
166,10,2
166,11,2
166,13,3
166,14,23
166,19,6
166,21,4
166,22,1
166,23,2
166,24,7
166,25,1
166,26,1
166,27,4
166,28,5
166,29,12
166,30,34
166,31,7
166,32,8
166,33,19
166,34,3
166,36,5
166,39,3
166,40,4
166,41,66
166,42,35
166,44,2
166,45,10
166,46,2
166,47,1
166,48,2
166,51,85
166,52,11
166,53,1
166,54,7
166,55,11
166,56,4
166,57,41
166,58,6
166,59,2
166,62,3
166,63,6
166,66,107
166,67,181
166,68,10
166,69,33
166,70,6
166,71,13
166,72,7
166,73,4
166,74,5
166,75,1
166,76,77
166,77,1
166,78,2
166,79,6
166,80,9
166,81,8
166,82,12
166,83,2
166,84,1
166,85,4
166,86,10
166,88,2
166,89,1
166,93,9
166,94,16
166,95,11
166,96,23
166,97,15
166,99,19
166,101,14
166,102,8
166,103,1
166,104,1
166,105,3
166,106,2
166,110,3
166,111,3
166,115,9
166,118,3
166,119,41
166,120,3
166,121,3
166,124,5
166,126,1
166,127,6
166,128,7
166,129,2
166,130,4
166,131,2
166,132,3
166,133,2
166,135,1
166,136,11
166,137,1
166,139,10
166,140,13
166,141,25
166,143,1
166,144,9
166,146,4
166,151,2
166,154,10
166,156,1
166,157,8
166,159,3
166,160,2
166,163,2
166,165,2
166,167,6
166,168,2
166,169,2
166,170,6
166,172,3
166,173,2
166,174,7
166,175,6
167,1,13
167,2,7
167,3,1
167,4,7
167,5,4
167,6,50
167,7,2
167,8,2
167,11,4
167,13,3
167,14,7
167,15,2
167,18,4
167,19,7
167,21,3
167,24,2
167,26,1
167,27,3
167,28,2
167,29,7
167,30,11
167,31,1
167,32,2
167,33,11
167,36,3
167,40,1
167,41,31
167,42,16
167,45,4
167,48,1
167,49,1
167,51,28
167,52,14
167,54,3
167,55,10
167,56,2
167,57,39
167,58,6
167,66,76
167,67,131
167,68,5
167,69,16
167,70,5
167,71,6
167,72,2
167,73,4
167,74,3
167,76,35
167,79,2
167,80,3
167,81,3
167,82,3
167,84,1
167,85,2
167,86,10
167,89,1
167,93,5
167,94,14
167,95,9
167,96,5
167,97,5
167,99,4
167,101,7
167,102,2
167,107,1
167,108,2
167,110,3
167,113,4
167,114,1
167,115,3
167,118,1
167,119,20
167,120,2
167,124,1
167,126,3
167,128,3
167,130,1
167,132,2
167,136,7
167,138,7
167,139,5
167,140,11
167,141,21
167,142,1
167,144,4
167,150,2
167,151,7
167,154,4
167,157,3
167,158,1
167,159,2
167,160,2
167,163,3
167,164,2
167,166,1
167,168,2
167,170,1
167,171,2
167,172,3
167,174,8
167,175,3
168,1,29
168,2,8
168,3,10
168,4,4
168,5,5
168,6,60
168,7,4
168,8,2
168,10,1
168,11,1
168,14,12
168,18,1
168,19,4
168,21,10
168,23,5
168,24,5
168,26,1
168,27,3
168,28,2
168,29,25
168,30,20
168,31,3
168,32,6
168,33,17
168,34,1
168,36,4
168,39,1
168,40,4
168,41,14
168,42,31
168,43,1
168,45,9
168,46,11
168,48,1
168,49,3
168,51,52
168,52,10
168,54,4
168,55,16
168,56,12
168,57,33
168,58,11
168,61,2
168,63,2
168,66,70
168,67,129
168,68,11
168,69,26
168,70,12
168,71,15
168,72,4
168,73,4
168,74,8
168,76,47
168,77,1
168,78,2
168,79,2
168,80,2
168,82,9
168,83,1
168,84,2
168,85,3
168,86,9
168,88,3
168,89,5
168,92,1
168,93,7
168,94,13
168,95,13
168,96,26
168,97,6
168,98,1
168,99,14
168,100,2
168,101,5
168,102,9
168,103,3
168,104,2
168,105,1
168,106,2
168,107,2
168,108,4
168,109,2
168,110,4
168,113,6
168,114,1
168,115,2
168,117,1
168,118,6
168,119,21
168,120,4
168,121,1
168,124,1
168,125,2
168,126,4
168,127,12
168,128,11
168,129,5
168,130,6
168,131,4
168,132,1
168,133,2
168,134,3
168,135,4
168,136,9
168,137,6
168,139,3
168,140,7
168,141,15
168,144,5
168,148,1
168,151,2
168,152,1
168,155,1
168,157,7
168,159,3
168,160,1
168,161,2
168,164,3
168,166,3
168,167,3
168,169,2
168,170,1
168,172,1
168,174,2
168,175,4
169,1,7
169,2,1
169,3,1
169,4,2
169,5,1
169,6,23
169,7,2
169,11,1
169,14,7
169,19,2
169,21,2
169,23,1
169,24,4
169,26,3
169,28,1
169,29,8
169,30,6
169,31,1
169,32,3
169,33,4
169,36,1
169,40,1
169,41,20
169,42,4
169,45,5
169,46,2
169,48,2
169,50,1
169,51,14
169,52,1
169,54,1
169,55,6
169,56,3
169,57,11
169,58,2
169,59,1
169,66,27
169,67,37
169,68,1
169,69,11
169,70,3
169,71,15
169,72,2
169,73,2
169,74,5
169,76,13
169,79,5
169,82,5
169,84,1
169,86,3
169,92,1
169,93,5
169,94,7
169,95,4
169,96,12
169,97,2
169,99,8
169,101,2
169,102,1
169,103,1
169,104,1
169,106,8
169,107,5
169,109,3
169,110,4
169,113,6
169,115,5
169,118,2
169,119,9
169,120,4
169,124,1
169,126,1
169,127,3
169,130,1
169,132,1
169,133,2
169,136,7
169,139,1
169,140,5
169,141,8
169,144,2
169,145,1
169,156,1
169,157,3
169,163,1
169,166,1
169,168,3
169,170,3
169,172,1
169,175,2
170,1,10
170,2,1
170,3,4
170,4,1
170,5,4
170,6,23
170,7,3
170,9,2
170,11,1
170,14,4
170,15,1
170,19,4
170,21,2
170,24,1
170,26,2
170,28,6
170,29,25
170,30,20
170,31,2
170,32,8
170,33,3
170,34,1
170,36,3
170,38,4
170,40,2
170,41,19
170,42,22
170,44,3
170,45,8
170,46,2
170,49,1
170,51,38
170,52,7
170,53,1
170,54,6
170,55,5
170,56,6
170,57,15
170,63,3
170,66,37
170,67,91
170,68,4
170,69,27
170,70,12
170,71,13
170,72,5
170,73,1
170,74,5
170,75,1
170,76,36
170,77,1
170,78,3
170,79,4
170,81,5
170,82,6
170,85,1
170,86,5
170,88,1
170,89,5
170,91,1
170,92,1
170,93,2
170,94,6
170,95,4
170,96,24
170,97,2
170,98,5
170,99,5
170,101,8
170,102,5
170,104,4
170,105,3
170,106,3
170,109,4
170,110,7
170,112,2
170,113,3
170,114,1
170,115,3
170,116,1
170,118,1
170,119,18
170,124,1
170,125,3
170,126,6
170,127,9
170,128,3
170,129,1
170,130,4
170,132,5
170,133,1
170,135,2
170,136,9
170,137,1
170,140,3
170,141,7
170,142,1
170,144,2
170,145,6
170,148,3
170,150,1
170,151,1
170,157,8
170,159,1
170,160,1
170,162,1
170,164,1
170,168,2
170,169,1
170,172,5
170,174,6
170,175,5
171,1,2
171,2,1
171,4,3
171,5,1
171,6,7
171,8,1
171,9,1
171,14,3
171,18,1
171,21,2
171,22,1
171,23,1
171,24,2
171,26,1
171,29,5
171,30,2
171,31,11
171,32,1
171,33,4
171,34,1
171,36,3
171,41,5
171,42,3
171,45,2
171,49,1
171,51,5
171,54,3
171,55,2
171,57,3
171,58,1
171,60,1
171,63,2
171,66,14
171,67,35
171,68,1
171,69,16
171,70,1
171,71,3
171,72,1
171,73,1
171,76,11
171,80,1
171,82,3
171,85,2
171,89,1
171,91,2
171,94,7
171,95,3
171,96,9
171,97,2
171,99,5
171,102,2
171,104,2
171,105,1
171,110,2
171,117,3
171,119,3
171,128,2
171,130,2
171,133,1
171,134,3
171,136,2
171,137,2
171,141,5
171,144,1
171,146,1
171,151,1
171,157,1
171,163,7
171,164,6
171,174,3
171,175,1
172,1,31
172,2,3
172,3,6
172,4,2
172,5,7
172,6,69
172,7,3
172,8,1
172,10,1
172,13,2
172,14,15
172,19,5
172,21,8
172,23,2
172,24,4
172,25,1
172,26,1
172,28,5
172,29,8
172,30,16
172,31,6
172,32,3
172,33,18
172,34,2
172,36,7
172,41,38
172,42,19
172,45,15
172,47,1
172,49,6
172,50,1
172,51,41
172,52,11
172,54,3
172,55,13
172,56,4
172,57,37
172,58,8
172,59,1
172,63,1
172,66,68
172,67,167
172,68,10
172,69,40
172,70,11
172,71,19
172,72,2
172,73,9
172,74,6
172,76,51
172,78,2
172,79,6
172,80,14
172,82,7
172,85,9
172,86,9
172,87,4
172,88,3
172,89,1
172,90,1
172,92,1
172,93,12
172,94,13
172,95,18
172,96,12
172,97,5
172,98,3
172,99,11
172,100,1
172,101,6
172,102,9
172,103,4
172,105,7
172,106,2
172,107,2
172,109,2
172,110,7
172,113,5
172,115,9
172,118,2
172,119,13
172,120,6
172,121,1
172,122,2
172,126,8
172,127,6
172,128,1
172,130,6
172,131,3
172,132,4
172,133,4
172,135,1
172,136,10
172,137,9
172,138,3
172,139,5
172,140,6
172,141,17
172,142,1
172,144,3
172,145,1
172,146,1
172,151,1
172,157,10
172,158,1
172,160,2
172,162,1
172,164,4
172,167,1
172,168,3
172,169,1
172,170,1
172,171,2
172,174,2
172,175,9
173,1,9
173,2,5
173,4,3
173,5,11
173,6,41
173,8,1
173,9,1
173,12,1
173,13,2
173,14,10
173,16,6
173,19,5
173,21,2
173,22,1
173,24,1
173,27,2
173,28,4
173,29,8
173,30,18
173,31,9
173,32,3
173,33,6
173,36,3
173,39,2
173,40,4
173,41,46
173,42,17
173,43,1
173,44,3
173,45,6
173,46,2
173,48,1
173,49,1
173,50,1
173,51,38
173,52,7
173,54,8
173,55,10
173,56,3
173,57,26
173,58,1
173,59,1
173,66,63
173,67,103
173,68,2
173,69,31
173,70,8
173,71,2
173,72,4
173,73,5
173,74,7
173,76,29
173,77,3
173,79,3
173,80,5
173,81,1
173,82,11
173,86,5
173,88,2
173,89,1
173,90,1
173,91,3
173,93,3
173,94,9
173,95,6
173,96,10
173,97,1
173,98,4
173,99,8
173,101,3
173,102,4
173,103,1
173,104,1
173,105,1
173,108,4
173,109,4
173,110,1
173,113,5
173,115,1
173,117,2
173,118,1
173,119,14
173,120,4
173,124,3
173,126,4
173,127,4
173,128,6
173,129,1
173,132,2
173,133,2
173,136,6
173,137,3
173,139,2
173,140,5
173,141,26
173,142,2
173,143,2
173,144,6
173,150,5
173,151,4
173,154,1
173,157,12
173,159,2
173,160,6
173,164,1
173,166,1
173,167,6
173,168,2
173,169,3
173,170,1
173,172,3
173,174,7
173,175,10
174,1,7
174,2,8
174,3,5
174,4,4
174,5,8
174,6,34
174,7,2
174,8,2
174,10,4
174,11,2
174,14,9
174,15,1
174,18,1
174,19,4
174,21,3
174,23,1
174,24,4
174,25,2
174,26,1
174,27,1
174,28,5
174,29,11
174,30,11
174,31,4
174,32,3
174,33,11
174,36,11
174,40,1
174,41,25
174,42,10
174,45,5
174,46,1
174,49,3
174,51,44
174,52,7
174,54,2
174,56,3
174,57,27
174,58,5
174,59,4
174,60,1
174,61,1
174,63,1
174,66,66
174,67,117
174,68,3
174,69,18
174,70,3
174,71,3
174,74,6
174,75,1
174,76,39
174,80,1
174,81,4
174,82,4
174,84,1
174,86,9
174,87,3
174,88,2
174,89,8
174,91,1
174,92,1
174,93,4
174,94,10
174,95,7
174,96,8
174,97,4
174,98,2
174,99,1
174,100,1
174,101,1
174,102,3
174,103,1
174,105,1
174,107,1
174,108,2
174,110,5
174,113,6
174,115,7
174,116,1
174,118,1
174,119,12
174,122,1
174,124,2
174,126,4
174,127,1
174,128,7
174,130,3
174,131,2
174,133,1
174,135,1
174,137,1
174,139,8
174,140,4
174,141,15
174,144,3
174,145,3
174,146,1
174,147,1
174,148,2
174,150,1
174,157,10
174,159,1
174,160,5
174,164,1
174,165,6
174,166,6
174,167,1
174,168,1
174,171,1
174,172,4
174,175,12
175,1,22
175,2,3
175,3,2
175,5,4
175,6,34
175,7,2
175,11,2
175,14,12
175,15,5
175,18,1
175,19,2
175,20,1
175,21,6
175,23,1
175,24,3
175,26,1
175,27,4
175,28,2
175,29,12
175,30,4
175,31,9
175,32,1
175,33,7
175,34,1
175,36,7
175,41,30
175,42,19
175,43,4
175,45,13
175,46,5
175,47,1
175,49,4
175,51,22
175,52,5
175,54,1
175,55,8
175,56,1
175,57,16
175,58,3
175,60,1
175,66,42
175,67,111
175,68,4
175,69,15
175,70,7
175,71,3
175,72,9
175,73,4
175,74,5
175,76,36
175,77,1
175,78,1
175,80,8
175,82,1
175,84,1
175,86,2
175,89,3
175,91,1
175,93,3
175,94,11
175,95,7
175,96,16
175,97,1
175,98,1
175,99,9
175,102,2
175,104,1
175,106,2
175,107,2
175,108,6
175,110,1
175,113,4
175,114,2
175,115,2
175,118,5
175,119,13
175,125,1
175,126,4
175,127,1
175,128,4
175,129,3
175,130,5
175,131,3
175,132,1
175,133,1
175,134,1
175,135,2
175,136,5
175,137,2
175,139,1
175,140,3
175,141,17
175,142,1
175,144,1
175,151,4
175,157,9
175,160,1
175,163,1
175,164,4
175,167,1
175,169,4
