o_zone_id,d_zone_id,volume
1,2,21
1,4,6
1,5,3
1,7,1
1,10,5
1,11,2
1,12,4
1,19,2
1,24,1
1,25,11
1,26,1
1,27,4
1,28,1
1,30,5
1,31,5
1,32,1
1,33,13
1,34,3
1,36,1
1,37,5
1,38,2
1,39,4
1,40,5
1,41,13
1,42,7
1,43,4
1,44,11
1,45,2
1,46,16
1,47,3
1,48,4
1,49,6
1,50,167
1,51,72
1,52,17
1,53,16
1,54,12
1,55,28
1,56,3
1,57,30
1,60,2
1,63,5
1,69,1
1,70,2
1,71,1
1,73,1
1,74,1
1,77,1
1,78,1
1,79,71
1,80,2
1,81,5
1,82,1
1,87,4
1,88,15
1,89,5
1,90,6
1,91,4
1,97,1
1,98,40
1,99,46
1,101,4
1,102,29
1,103,31
1,104,9
1,105,1
1,107,1
1,108,1
1,109,1
1,110,6
1,111,9
1,113,6
1,114,2
1,115,4
1,116,2
1,117,36
1,118,1
1,119,4
1,121,1
1,122,2
1,126,3
1,127,8
1,128,10
1,129,50
1,130,1
1,131,2
1,132,14
1,133,1
1,134,1
1,135,6
1,137,4
1,139,2
2,1,78
2,3,2
2,4,4
2,5,1
2,6,1
2,7,3
2,10,3
2,11,1
2,12,1
2,13,2
2,14,3
2,16,1
2,21,4
2,25,3
2,26,1
2,27,6
2,29,1
2,30,1
2,31,3
2,33,7
2,34,3
2,35,2
2,37,1
2,38,7
2,40,2
2,41,4
2,42,4
2,43,4
2,44,3
2,46,4
2,48,3
2,49,2
2,50,56
2,51,21
2,52,12
2,53,8
2,54,8
2,55,23
2,56,1
2,57,16
2,58,1
2,63,1
2,64,1
2,69,1
2,71,1
2,73,1
2,74,1
2,75,3
2,76,1
2,77,1
2,78,1
2,79,27
2,82,3
2,85,2
2,86,1
2,87,3
2,88,5
2,90,4
2,91,3
2,93,2
2,97,1
2,98,11
2,99,22
2,101,1
2,102,12
2,103,12
2,104,5
2,107,11
2,108,1
2,109,1
2,110,1
2,111,1
2,113,5
2,114,2
2,115,4
2,116,2
2,117,12
2,118,2
2,120,8
2,121,1
2,122,1
2,125,4
2,126,1
2,127,3
2,128,5
2,129,16
2,130,3
2,131,1
2,132,12
2,133,3
2,135,2
2,137,1
2,138,1
2,139,3
3,1,54
3,2,17
3,4,5
3,5,4
3,6,2
3,7,2
3,10,4
3,12,1
3,17,1
3,20,1
3,23,1
3,27,1
3,28,2
3,29,2
3,30,3
3,33,6
3,34,3
3,36,1
3,37,10
3,38,3
3,39,2
3,40,1
3,41,11
3,42,2
3,43,11
3,44,1
3,46,10
3,47,2
3,48,2
3,49,4
3,50,98
3,51,54
3,52,12
3,53,14
3,54,11
3,55,16
3,56,4
3,57,4
3,58,4
3,59,2
3,60,6
3,61,11
3,63,38
3,64,5
3,65,1
3,66,3
3,67,1
3,68,2
3,69,21
3,70,3
3,71,3
3,73,21
3,74,5
3,75,7
3,77,8
3,78,8
3,79,72
3,80,12
3,81,11
3,82,15
3,84,2
3,85,4
3,86,6
3,87,1
3,88,23
3,89,4
3,90,1
3,91,20
3,93,2
3,94,3
3,95,10
3,96,3
3,97,1
3,98,27
3,99,41
3,101,4
3,102,12
3,103,14
3,104,32
3,105,3
3,107,9
3,108,5
3,109,3
3,110,15
3,111,10
3,112,1
3,113,7
3,114,5
3,115,14
3,116,4
3,117,80
3,118,2
3,119,6
3,120,3
3,122,7
3,123,2
3,124,5
3,125,2
3,126,1
3,128,20
3,129,45
3,130,1
3,131,3
3,132,5
3,133,1
3,134,4
3,135,2
3,137,3
3,138,1
3,139,4
4,1,136
4,2,61
4,3,1
4,5,15
4,6,2
4,7,2
4,9,1
4,10,8
4,11,9
4,12,6
4,13,2
4,14,1
4,17,3
4,21,2
4,23,2
4,24,1
4,25,6
4,28,1
4,29,11
4,30,5
4,31,2
4,32,1
4,33,6
4,34,6
4,35,1
4,37,8
4,38,21
4,39,4
4,40,2
4,41,15
4,42,6
4,43,6
4,44,1
4,45,1
4,46,3
4,47,6
4,48,3
4,49,10
4,50,108
4,51,57
4,52,12
4,53,14
4,54,5
4,55,11
4,56,3
4,57,15
4,58,2
4,62,3
4,63,7
4,69,3
4,72,2
4,73,4
4,77,3
4,79,60
4,81,3
4,82,2
4,85,3
4,87,3
4,88,19
4,89,4
4,90,2
4,91,5
4,94,4
4,95,1
4,98,27
4,99,20
4,100,2
4,101,2
4,102,15
4,103,19
4,104,1
4,106,1
4,107,4
4,109,1
4,110,5
4,111,5
4,112,2
4,113,11
4,114,4
4,115,4
4,116,1
4,117,26
4,118,5
4,119,1
4,121,1
4,122,1
4,124,2
4,126,4
4,127,2
4,128,6
4,129,47
4,130,2
4,131,3
4,132,17
4,134,2
4,135,1
4,136,1
4,139,1
5,1,183
5,2,54
5,4,40
5,6,1
5,7,5
5,8,1
5,10,7
5,11,13
5,12,9
5,13,1
5,14,2
5,15,3
5,17,13
5,18,1
5,19,6
5,20,2
5,21,1
5,23,3
5,24,5
5,25,12
5,27,3
5,28,10
5,29,6
5,30,7
5,31,18
5,32,2
5,33,8
5,34,12
5,35,10
5,36,1
5,37,10
5,38,36
5,40,12
5,41,12
5,42,11
5,43,37
5,44,2
5,46,10
5,47,21
5,48,4
5,49,4
5,50,206
5,51,108
5,52,31
5,53,34
5,54,17
5,55,25
5,56,1
5,57,29
5,61,4
5,62,1
5,63,12
5,64,1
5,68,2
5,69,7
5,70,1
5,73,2
5,75,2
5,76,5
5,77,4
5,79,153
5,80,2
5,81,3
5,82,12
5,83,1
5,85,1
5,86,3
5,88,18
5,89,10
5,90,2
5,91,21
5,94,1
5,95,3
5,96,3
5,97,4
5,98,71
5,99,78
5,100,3
5,101,11
5,102,35
5,103,20
5,104,9
5,105,1
5,107,7
5,108,1
5,109,13
5,110,14
5,111,20
5,112,6
5,113,11
5,114,2
5,115,20
5,116,3
5,117,49
5,118,4
5,119,12
5,120,1
5,121,1
5,122,2
5,124,1
5,125,1
5,126,2
5,127,1
5,128,22
5,129,144
5,130,3
5,131,9
5,132,36
5,133,4
5,134,3
5,135,7
5,138,2
5,139,1
6,1,172
6,2,57
6,4,15
6,5,4
6,7,7
6,8,1
6,10,17
6,11,3
6,12,13
6,13,14
6,15,8
6,16,11
6,17,1
6,18,1
6,19,11
6,20,1
6,21,7
6,23,2
6,25,41
6,26,1
6,27,13
6,29,4
6,30,12
6,31,2
6,33,17
6,34,11
6,37,7
6,38,8
6,39,7
6,40,15
6,41,36
6,42,27
6,43,12
6,44,7
6,46,55
6,47,5
6,48,9
6,49,4
6,50,163
6,51,67
6,52,26
6,53,42
6,54,15
6,55,10
6,56,3
6,57,30
6,58,2
6,59,1
6,60,3
6,61,5
6,63,7
6,64,2
6,69,8
6,70,3
6,72,3
6,73,2
6,75,2
6,77,4
6,78,3
6,79,121
6,80,1
6,82,3
6,83,1
6,85,2
6,86,5
6,88,16
6,90,4
6,91,11
6,92,1
6,94,1
6,98,40
6,99,49
6,101,3
6,102,20
6,103,24
6,104,9
6,105,1
6,106,2
6,107,10
6,108,1
6,109,1
6,110,13
6,111,10
6,112,4
6,113,18
6,114,4
6,115,11
6,116,7
6,117,48
6,118,4
6,119,3
6,121,1
6,124,1
6,126,2
6,127,3
6,128,16
6,129,62
6,130,3
6,131,8
6,132,26
6,134,5
6,135,4
6,138,2
6,139,1
7,1,199
7,2,88
7,3,2
7,4,24
7,5,4
7,6,2
7,8,1
7,10,8
7,11,2
7,12,5
7,13,11
7,14,1
7,15,8
7,16,36
7,17,1
7,18,2
7,19,2
7,21,4
7,25,36
7,26,1
7,27,3
7,28,1
7,29,7
7,30,20
7,33,30
7,34,20
7,36,1
7,37,10
7,38,11
7,39,1
7,40,7
7,41,50
7,42,28
7,43,14
7,44,17
7,45,5
7,46,23
7,47,3
7,48,3
7,49,11
7,50,196
7,51,149
7,52,35
7,53,35
7,54,22
7,55,9
7,56,9
7,57,25
7,58,1
7,63,11
7,64,1
7,68,4
7,69,16
7,70,4
7,71,1
7,72,2
7,73,3
7,74,4
7,75,1
7,76,2
7,77,3
7,79,204
7,81,1
7,82,8
7,85,2
7,86,4
7,88,27
7,89,5
7,90,5
7,91,11
7,94,1
7,95,6
7,96,3
7,97,4
7,98,52
7,99,69
7,100,2
7,101,14
7,102,29
7,103,18
7,104,29
7,105,2
7,106,1
7,107,11
7,108,8
7,109,6
7,110,10
7,111,7
7,112,2
7,113,4
7,114,5
7,115,3
7,116,2
7,117,66
7,118,6
7,119,12
7,121,3
7,122,3
7,124,2
7,125,3
7,126,3
7,127,5
7,128,14
7,129,88
7,130,2
7,131,6
7,132,22
7,133,1
7,134,2
7,135,7
7,137,2
7,138,1
7,139,1
8,1,118
8,2,41
8,4,15
8,5,13
8,7,1
8,10,9
8,11,2
8,12,4
8,14,1
8,17,3
8,19,3
8,23,5
8,24,5
8,25,4
8,27,3
8,28,1
8,29,1
8,30,4
8,31,11
8,32,1
8,33,4
8,34,6
8,35,9
8,36,1
8,37,24
8,38,11
8,41,10
8,42,12
8,43,28
8,44,3
8,45,1
8,46,2
8,47,15
8,49,5
8,50,128
8,51,62
8,52,8
8,53,23
8,54,4
8,55,6
8,56,5
8,57,14
8,58,3
8,63,5
8,69,1
8,72,1
8,73,2
8,76,1
8,77,2
8,79,69
8,81,5
8,82,3
8,84,1
8,85,2
8,86,4
8,87,1
8,88,8
8,90,2
8,91,6
8,95,1
8,97,1
8,98,45
8,99,44
8,102,18
8,103,17
8,104,3
8,105,2
8,107,3
8,108,6
8,109,6
8,110,1
8,111,6
8,112,6
8,113,9
8,114,4
8,115,2
8,116,5
8,117,20
8,118,6
8,119,4
8,120,1
8,121,2
8,122,3
8,125,1
8,127,2
8,128,7
8,129,63
8,131,2
8,132,16
8,133,2
8,135,1
8,139,1
9,1,63
9,2,26
9,3,1
9,4,9
9,5,1
9,6,3
9,10,8
9,11,2
9,12,3
9,17,10
9,18,1
9,24,10
9,25,6
9,29,7
9,30,2
9,31,5
9,32,1
9,33,5
9,34,1
9,35,3
9,37,8
9,38,16
9,39,1
9,40,1
9,41,5
9,42,6
9,43,22
9,44,4
9,45,1
9,46,1
9,47,13
9,48,4
9,49,4
9,50,117
9,51,29
9,52,5
9,53,5
9,54,8
9,55,14
9,57,13
9,59,2
9,60,2
9,63,1
9,64,1
9,69,5
9,71,1
9,72,1
9,73,2
9,75,1
9,77,4
9,79,53
9,81,1
9,82,3
9,85,1
9,86,2
9,88,6
9,89,1
9,90,1
9,91,3
9,95,1
9,98,26
9,99,25
9,101,2
9,102,10
9,103,8
9,104,13
9,107,5
9,109,1
9,110,2
9,111,2
9,114,6
9,115,1
9,116,1
9,117,21
9,118,1
9,119,5
9,121,2
9,124,1
9,126,4
9,128,16
9,129,53
9,130,2
9,131,3
9,132,14
9,133,1
9,135,4
9,137,1
9,139,3
10,1,59
10,2,23
10,4,11
10,5,4
10,6,3
10,7,2
10,9,1
10,12,2
10,13,1
10,14,2
10,17,5
10,24,1
10,25,11
10,27,1
10,28,1
10,30,2
10,33,5
10,34,2
10,36,1
10,38,5
10,39,1
10,40,2
10,41,6
10,42,8
10,44,3
10,46,2
10,47,3
10,49,1
10,50,50
10,51,22
10,52,7
10,53,4
10,54,4
10,55,3
10,56,1
10,57,8
10,59,1
10,61,1
10,63,2
10,77,2
10,79,36
10,80,1
10,81,1
10,85,1
10,88,6
10,90,1
10,91,7
10,98,10
10,99,11
10,100,1
10,102,2
10,103,12
10,104,4
10,106,1
10,108,1
10,110,3
10,111,1
10,112,1
10,113,6
10,114,2
10,117,6
10,118,4
10,120,1
10,124,2
10,125,1
10,127,1
10,128,4
10,129,21
10,131,1
10,132,4
10,135,5
10,138,1
11,1,111
11,2,56
11,3,1
11,4,18
11,5,17
11,6,4
11,7,1
11,8,1
11,10,11
11,12,3
11,13,6
11,14,3
11,15,2
11,16,7
11,17,16
11,18,3
11,19,2
11,21,1
11,22,1
11,24,1
11,25,5
11,26,1
11,27,1
11,28,2
11,29,2
11,30,7
11,31,5
11,33,2
11,34,4
11,35,2
11,36,1
11,37,3
11,38,18
11,39,3
11,40,3
11,41,4
11,42,4
11,43,13
11,44,2
11,46,15
11,47,11
11,48,2
11,49,4
11,50,96
11,51,49
11,52,6
11,53,29
11,54,3
11,55,7
11,56,8
11,57,11
11,61,1
11,63,1
11,64,1
11,68,1
11,69,4
11,70,2
11,72,1
11,75,1
11,77,1
11,79,69
11,81,1
11,85,2
11,86,1
11,88,8
11,89,1
11,91,8
11,95,2
11,98,22
11,99,33
11,100,3
11,101,4
11,102,13
11,103,14
11,104,8
11,107,6
11,110,1
11,111,3
11,113,9
11,114,2
11,115,2
11,116,4
11,117,16
11,118,3
11,119,3
11,120,1
11,121,2
11,126,3
11,127,3
11,128,20
11,129,28
11,130,5
11,131,2
11,132,13
11,133,5
11,134,2
11,137,2
11,139,1
12,1,93
12,2,17
12,4,12
12,5,1
12,6,3
12,8,2
12,10,9
12,11,9
12,14,2
12,15,1
12,17,7
12,19,2
12,23,3
12,24,4
12,25,1
12,26,1
12,27,2
12,28,4
12,29,10
12,30,1
12,31,13
12,33,5
12,34,1
12,37,4
12,38,9
12,41,6
12,42,8
12,43,14
12,44,4
12,47,13
12,48,1
12,49,2
12,50,90
12,51,30
12,52,16
12,53,15
12,54,6
12,55,11
12,56,1
12,57,10
12,59,1
12,63,3
12,69,1
12,71,1
12,72,1
12,73,1
12,74,2
12,77,1
12,78,2
12,79,59
12,80,1
12,85,1
12,86,1
12,87,1
12,88,10
12,89,2
12,91,3
12,94,1
12,95,2
12,98,27
12,99,32
12,101,2
12,102,10
12,103,8
12,104,4
12,108,1
12,110,1
12,111,4
12,112,1
12,113,8
12,114,1
12,115,1
12,116,1
12,117,8
12,118,4
12,121,1
12,126,1
12,128,4
12,129,27
12,130,1
12,131,3
12,132,10
12,138,1
12,139,1
13,1,85
13,2,21
13,3,1
13,4,10
13,5,5
13,6,3
13,7,4
13,10,2
13,11,3
13,12,4
13,14,1
13,15,5
13,16,6
13,17,2
13,18,2
13,19,1
13,21,1
13,24,2
13,25,28
13,26,6
13,27,7
13,28,2
13,29,4
13,30,8
13,31,3
13,32,1
13,33,12
13,34,12
13,37,3
13,38,6
13,39,5
13,40,7
13,41,28
13,42,12
13,43,4
13,44,2
13,46,45
13,47,5
13,48,5
13,49,8
13,50,145
13,51,74
13,52,13
13,53,22
13,54,19
13,55,15
13,57,12
13,58,1
13,60,1
13,61,1
13,63,10
13,64,1
13,65,1
13,67,1
13,69,3
13,70,1
13,71,2
13,73,8
13,75,1
13,76,6
13,78,2
13,79,95
13,80,1
13,82,2
13,85,1
13,88,30
13,89,5
13,90,5
13,91,4
13,92,1
13,94,1
13,95,1
13,97,1
13,98,27
13,99,50
13,100,2
13,101,5
13,102,14
13,103,12
13,104,19
13,105,2
13,107,2
13,108,2
13,109,1
13,110,11
13,111,3
13,112,4
13,113,4
13,114,3
13,115,4
13,116,4
13,117,30
13,119,1
13,121,1
13,122,2
13,124,1
13,125,1
13,127,2
13,128,5
13,129,42
13,130,1
13,131,3
13,132,10
13,133,1
13,135,3
13,136,1
13,137,3
13,139,4
14,1,159
14,2,41
14,4,3
14,5,4
14,6,2
14,7,5
14,10,2
14,11,1
14,12,5
14,13,10
14,15,6
14,16,11
14,17,2
14,19,4
14,20,2
14,24,1
14,25,36
14,26,6
14,27,2
14,28,3
14,29,1
14,30,14
14,31,3
14,32,1
14,33,10
14,34,3
14,37,5
14,38,7
14,39,7
14,40,7
14,41,43
14,42,27
14,43,13
14,44,3
14,46,92
14,47,4
14,48,2
14,49,6
14,50,120
14,51,84
14,52,20
14,53,28
14,54,7
14,55,7
14,56,3
14,57,16
14,59,1
14,60,1
14,61,2
14,63,12
14,67,1
14,69,4
14,70,1
14,71,2
14,72,2
14,73,1
14,74,2
14,75,2
14,77,3
14,78,1
14,79,83
14,81,2
14,82,1
14,84,1
14,85,2
14,86,2
14,88,15
14,90,1
14,91,9
14,95,1
14,98,67
14,99,31
14,101,3
14,102,6
14,103,17
14,104,8
14,106,2
14,107,7
14,109,1
14,110,9
14,111,4
14,112,2
14,113,9
14,114,4
14,115,5
14,116,7
14,117,35
14,118,6
14,119,2
14,121,3
14,123,1
14,124,1
14,125,3
14,126,2
14,127,2
14,128,18
14,129,45
14,130,4
14,131,6
14,132,19
14,134,1
14,135,1
14,138,3
14,139,2
15,1,172
15,2,50
15,3,3
15,4,12
15,5,2
15,6,3
15,7,18
15,10,11
15,11,1
15,12,3
15,13,10
15,16,21
15,18,4
15,19,9
15,21,6
15,22,2
15,23,1
15,24,2
15,25,39
15,26,3
15,27,2
15,28,7
15,29,13
15,30,22
15,31,1
15,33,18
15,34,8
15,35,2
15,36,2
15,37,4
15,38,8
15,39,8
15,40,5
15,41,32
15,42,16
15,43,8
15,44,15
15,45,5
15,46,33
15,47,3
15,48,4
15,49,7
15,50,202
15,51,99
15,52,34
15,53,22
15,54,19
15,55,23
15,56,10
15,57,41
15,58,1
15,59,1
15,60,1
15,61,2
15,63,10
15,64,3
15,67,1
15,69,10
15,70,2
15,71,7
15,73,7
15,75,1
15,76,2
15,77,3
15,79,116
15,80,1
15,81,2
15,82,8
15,83,1
15,85,3
15,86,6
15,88,19
15,89,2
15,91,5
15,92,1
15,97,1
15,98,71
15,99,66
15,100,1
15,101,4
15,102,37
15,103,38
15,104,14
15,105,2
15,106,3
15,107,7
15,108,2
15,109,5
15,110,8
15,111,11
15,113,14
15,114,15
15,115,7
15,116,11
15,117,76
15,118,9
15,119,15
15,122,2
15,123,4
15,124,2
15,125,1
15,126,1
15,127,7
15,128,15
15,129,64
15,130,2
15,131,13
15,132,21
15,134,3
15,135,6
15,136,1
15,137,3
16,1,100
16,2,32
16,4,9
16,5,2
16,6,8
16,7,5
16,10,2
16,12,1
16,13,3
16,14,1
16,15,6
16,17,2
16,21,19
16,23,1
16,25,24
16,26,1
16,27,2
16,28,5
16,29,5
16,30,9
16,31,3
16,33,10
16,34,12
16,36,2
16,37,6
16,38,11
16,39,7
16,40,5
16,41,20
16,42,31
16,43,5
16,44,13
16,45,2
16,46,5
16,48,2
16,49,6
16,50,131
16,51,68
16,52,15
16,53,31
16,54,12
16,55,17
16,56,7
16,57,18
16,58,2
16,59,1
16,61,3
16,63,6
16,66,1
16,67,1
16,69,4
16,70,2
16,71,2
16,73,8
16,75,1
16,77,6
16,79,97
16,80,5
16,81,3
16,82,6
16,86,4
16,88,11
16,89,2
16,90,1
16,91,4
16,94,1
16,98,51
16,99,31
16,100,2
16,101,8
16,102,21
16,103,14
16,104,12
16,105,3
16,106,2
16,107,6
16,109,4
16,110,6
16,111,6
16,113,8
16,114,7
16,115,10
16,116,1
16,117,64
16,118,2
16,119,4
16,120,1
16,123,2
16,125,3
16,126,7
16,127,1
16,128,10
16,129,62
16,130,3
16,131,2
16,132,22
16,133,2
16,135,2
16,136,1
16,138,1
17,1,122
17,2,37
17,3,1
17,4,25
17,5,7
17,6,5
17,7,5
17,8,2
17,9,1
17,10,10
17,11,8
17,12,3
17,13,6
17,15,3
17,18,3
17,19,1
17,20,1
17,24,15
17,25,10
17,26,3
17,27,4
17,28,6
17,29,14
17,30,3
17,31,12
17,32,1
17,33,9
17,34,4
17,37,16
17,38,14
17,39,3
17,40,14
17,41,9
17,42,14
17,43,43
17,44,7
17,45,1
17,46,6
17,47,10
17,48,3
17,49,3
17,50,151
17,51,66
17,52,13
17,53,23
17,54,7
17,55,22
17,57,14
17,61,1
17,63,3
17,67,1
17,69,5
17,70,2
17,71,6
17,72,2
17,73,3
17,75,1
17,77,3
17,78,2
17,79,90
17,81,4
17,82,9
17,84,2
17,86,3
17,87,1
17,88,18
17,90,2
17,91,7
17,92,1
17,95,3
17,97,1
17,98,50
17,99,30
17,100,4
17,101,3
17,102,30
17,103,19
17,104,8
17,106,1
17,107,2
17,108,1
17,109,3
17,110,11
17,111,9
17,112,1
17,113,6
17,114,2
17,115,6
17,117,17
17,118,1
17,119,9
17,123,1
17,125,1
17,127,1
17,128,17
17,129,52
17,130,4
17,131,10
17,132,34
17,136,2
18,1,153
18,2,37
18,3,1
18,4,22
18,5,4
18,6,7
18,7,4
18,8,1
18,10,21
18,11,1
18,12,1
18,13,5
18,14,1
18,15,7
18,16,7
18,17,3
18,19,6
18,25,19
18,27,2
18,29,8
18,30,10
18,31,1
18,33,13
18,34,15
18,35,1
18,36,6
18,37,5
18,38,5
18,39,1
18,40,9
18,41,22
18,42,20
18,43,12
18,44,8
18,45,2
18,46,23
18,49,5
18,50,159
18,51,72
18,52,32
18,53,23
18,54,16
18,55,5
18,56,4
18,57,20
18,63,9
18,67,2
18,69,5
18,70,1
18,71,1
18,73,4
18,75,1
18,77,1
18,78,1
18,79,130
18,80,1
18,81,3
18,82,1
18,86,2
18,88,13
18,89,2
18,90,2
18,91,5
18,92,1
18,94,1
18,95,1
18,98,46
18,99,60
18,102,30
18,103,17
18,104,9
18,105,2
18,107,2
18,109,2
18,110,2
18,111,6
18,112,2
18,113,6
18,114,5
18,115,5
18,116,1
18,117,17
18,118,4
18,119,2
18,121,1
18,122,1
18,126,1
18,127,1
18,128,19
18,129,51
18,130,9
18,131,4
18,132,21
18,133,2
18,135,7
18,137,1
19,1,180
19,2,67
19,3,1
19,4,27
19,5,3
19,6,9
19,7,5
19,10,23
19,12,1
19,13,16
19,14,1
19,15,5
19,16,10
19,17,5
19,18,2
19,21,4
19,25,27
19,26,4
19,28,3
19,29,15
19,30,10
19,31,9
19,32,7
19,33,21
19,34,7
19,35,1
19,37,7
19,38,12
19,39,10
19,40,18
19,41,35
19,42,28
19,43,9
19,44,9
19,46,26
19,47,4
19,48,2
19,49,5
19,50,131
19,51,88
19,52,25
19,53,26
19,54,19
19,55,4
19,56,10
19,57,30
19,58,1
19,59,1
19,60,2
19,63,8
19,67,1
19,69,11
19,70,1
19,73,1
19,75,2
19,77,2
19,78,2
19,79,128
19,81,1
19,82,3
19,85,1
19,86,3
19,88,13
19,89,3
19,90,1
19,91,4
19,94,1
19,95,3
19,98,66
19,99,58
19,100,2
19,101,3
19,102,25
19,103,29
19,104,7
19,105,2
19,106,1
19,107,5
19,109,3
19,110,2
19,111,7
19,112,5
19,113,9
19,114,6
19,115,4
19,117,28
19,118,7
19,119,3
19,120,2
19,121,1
19,124,1
19,126,2
19,128,19
19,129,63
19,130,5
19,131,12
19,132,41
19,134,1
19,135,3
19,137,1
19,138,1
20,1,209
20,2,91
20,3,2
20,4,34
20,5,3
20,6,3
20,7,18
20,10,24
20,11,4
20,12,3
20,13,4
20,14,1
20,15,3
20,16,13
20,17,2
20,18,5
20,19,8
20,21,5
20,24,4
20,25,52
20,26,2
20,27,17
20,29,2
20,30,11
20,31,8
20,32,1
20,33,22
20,34,9
20,35,2
20,37,10
20,38,11
20,39,6
20,40,15
20,41,27
20,42,19
20,43,11
20,44,8
20,45,2
20,46,38
20,47,9
20,48,9
20,49,15
20,50,194
20,51,123
20,52,38
20,53,52
20,54,21
20,55,16
20,56,13
20,57,30
20,58,1
20,59,5
20,60,1
20,61,3
20,63,10
20,64,4
20,66,1
20,69,13
20,70,8
20,73,10
20,75,3
20,76,1
20,77,6
20,79,181
20,80,3
20,81,3
20,82,2
20,83,1
20,85,3
20,86,5
20,88,29
20,89,5
20,90,5
20,91,12
20,92,5
20,94,1
20,95,3
20,98,57
20,99,60
20,100,4
20,101,1
20,102,26
20,103,27
20,104,30
20,106,1
20,107,7
20,108,2
20,109,7
20,110,15
20,111,13
20,112,1
20,113,21
20,114,1
20,115,6
20,116,1
20,117,82
20,118,13
20,119,11
20,120,1
20,121,2
20,124,4
20,126,8
20,127,2
20,128,11
20,129,93
20,130,5
20,131,5
20,132,31
20,134,2
20,135,3
20,137,4
21,1,146
21,2,24
21,4,8
21,5,2
21,6,1
21,7,7
21,8,1
21,10,9
21,11,2
21,12,1
21,13,3
21,14,2
21,15,1
21,16,13
21,17,2
21,18,1
21,19,1
21,23,2
21,24,1
21,25,36
21,26,3
21,27,3
21,29,2
21,30,16
21,31,1
21,33,18
21,34,16
21,35,1
21,37,7
21,38,1
21,39,3
21,40,11
21,41,31
21,42,21
21,43,13
21,44,17
21,45,1
21,46,9
21,47,3
21,48,9
21,49,8
21,50,181
21,51,84
21,52,25
21,53,24
21,54,21
21,55,16
21,56,11
21,57,26
21,58,1
21,63,10
21,69,5
21,73,7
21,74,1
21,77,7
21,79,124
21,80,1
21,82,2
21,84,1
21,85,4
21,86,3
21,87,2
21,88,25
21,90,10
21,91,2
21,92,1
21,94,2
21,95,1
21,97,1
21,98,40
21,99,70
21,100,3
21,101,6
21,102,22
21,103,12
21,104,20
21,105,2
21,106,2
21,107,8
21,108,2
21,109,1
21,110,2
21,111,8
21,112,1
21,113,2
21,114,9
21,115,7
21,116,3
21,117,63
21,119,9
21,121,2
21,122,2
21,123,1
21,124,1
21,126,8
21,127,5
21,128,23
21,129,100
21,130,2
21,131,2
21,132,15
21,133,7
21,134,6
21,135,6
21,136,1
21,137,2
21,138,2
21,139,7
22,1,131
22,2,48
22,3,3
22,4,29
22,5,4
22,7,5
22,8,1
22,10,9
22,11,7
22,12,7
22,13,2
22,16,7
22,17,14
22,20,1
22,23,4
22,24,4
22,25,2
22,27,3
22,28,8
22,29,9
22,30,4
22,31,4
22,32,6
22,33,12
22,34,8
22,35,1
22,36,2
22,37,20
22,38,56
22,39,3
22,40,3
22,41,7
22,42,15
22,43,31
22,44,2
22,46,2
22,47,13
22,48,3
22,49,6
22,50,186
22,51,98
22,52,9
22,53,42
22,54,9
22,55,21
22,56,2
22,57,23
22,62,1
22,63,4
22,64,1
22,69,8
22,70,1
22,73,2
22,75,1
22,76,1
22,77,5
22,79,95
22,80,1
22,81,2
22,82,2
22,85,1
22,86,4
22,88,15
22,89,7
22,90,5
22,91,18
22,92,1
22,93,1
22,96,1
22,97,3
22,98,44
22,99,64
22,101,4
22,102,15
22,103,25
22,104,8
22,105,3
22,107,9
22,109,3
22,110,2
22,111,14
22,112,2
22,113,9
22,114,3
22,115,1
22,116,5
22,117,34
22,118,5
22,119,2
22,121,1
22,122,3
22,125,4
22,126,3
22,127,3
22,128,17
22,129,72
22,130,2
22,131,14
22,132,25
22,133,2
22,135,5
22,136,1
23,1,120
23,2,40
23,4,18
23,5,9
23,6,5
23,7,1
23,8,8
23,9,2
23,10,14
23,11,3
23,12,2
23,14,1
23,16,7
23,17,3
23,18,1
23,19,1
23,21,1
23,24,6
23,25,3
23,27,5
23,28,3
23,29,1
23,30,5
23,31,5
23,32,2
23,33,7
23,34,10
23,35,2
23,36,2
23,37,27
23,38,24
23,39,6
23,40,1
23,41,11
23,42,5
23,43,34
23,44,2
23,46,5
23,47,18
23,48,5
23,49,10
23,50,236
23,51,90
23,52,18
23,53,21
23,54,14
23,55,12
23,57,34
23,58,1
23,60,1
23,63,5
23,67,1
23,69,4
23,70,2
23,71,1
23,73,5
23,74,2
23,76,2
23,77,5
23,79,91
23,80,4
23,81,4
23,82,1
23,83,2
23,84,2
23,86,4
23,88,26
23,89,7
23,90,4
23,91,9
23,94,3
23,95,1
23,98,71
23,99,53
23,100,1
23,101,8
23,102,17
23,103,19
23,104,17
23,105,1
23,106,1
23,107,9
23,108,3
23,109,3
23,110,4
23,111,16
23,113,8
23,114,2
23,115,4
23,116,5
23,117,43
23,118,11
23,119,4
23,120,3
23,121,4
23,122,3
23,123,1
23,124,1
23,125,1
23,126,2
23,128,27
23,129,104
23,130,2
23,131,1
23,132,48
23,133,2
23,134,4
23,135,3
23,137,2
23,138,1
24,1,193
24,2,56
24,3,1
24,4,20
24,5,8
24,6,7
24,7,2
24,8,9
24,9,1
24,10,20
24,11,3
24,12,2
24,14,1
24,16,2
24,17,7
24,18,1
24,19,2
24,23,9
24,25,7
24,26,1
24,27,2
24,28,6
24,29,5
24,30,3
24,31,30
24,32,1
24,33,10
24,34,2
24,35,12
24,36,3
24,37,27
24,38,31
24,40,1
24,41,9
24,42,26
24,43,61
24,44,9
24,45,1
24,46,2
24,47,21
24,48,3
24,49,8
24,50,246
24,51,152
24,52,20
24,53,20
24,54,23
24,55,7
24,56,3
24,57,26
24,58,1
24,60,2
24,61,1
24,63,7
24,67,1
24,69,10
24,70,3
24,71,2
24,73,4
24,76,1
24,77,3
24,78,2
24,79,132
24,80,1
24,82,3
24,83,2
24,84,1
24,85,3
24,86,8
24,87,1
24,88,27
24,89,13
24,90,7
24,91,10
24,92,1
24,95,3
24,97,1
24,98,78
24,99,69
24,100,3
24,101,7
24,102,51
24,103,25
24,104,15
24,105,1
24,106,2
24,107,7
24,108,5
24,109,1
24,110,8
24,111,13
24,112,2
24,113,6
24,114,3
24,115,9
24,116,5
24,117,52
24,118,6
24,119,9
24,120,5
24,121,2
24,122,1
24,128,29
24,129,132
24,130,5
24,131,1
24,132,33
24,133,4
24,134,3
24,135,4
24,137,2
24,139,1
25,1,199
25,2,61
25,3,2
25,4,20
25,5,2
25,6,3
25,7,6
25,8,4
25,10,8
25,11,4
25,12,1
25,13,1
25,15,4
25,16,11
25,17,2
25,18,9
25,20,3
25,21,23
25,22,1
25,23,2
25,24,3
25,26,8
25,27,5
25,28,5
25,29,5
25,30,25
25,31,4
25,33,13
25,34,33
25,35,4
25,36,1
25,37,20
25,38,18
25,39,7
25,40,18
25,41,37
25,42,51
25,43,12
25,44,10
25,45,7
25,46,26
25,47,5
25,48,18
25,49,25
25,50,282
25,51,128
25,52,38
25,53,47
25,54,27
25,55,39
25,56,8
25,57,45
25,58,3
25,60,2
25,63,10
25,66,1
25,68,4
25,69,14
25,70,2
25,71,2
25,72,3
25,73,10
25,74,1
25,75,4
25,77,2
25,79,207
25,80,6
25,81,1
25,82,10
25,84,2
25,85,2
25,86,1
25,87,1
25,88,20
25,89,11
25,90,6
25,91,5
25,92,2
25,93,1
25,94,2
25,95,1
25,97,1
25,98,78
25,99,114
25,100,5
25,101,6
25,102,45
25,103,43
25,104,39
25,105,5
25,106,4
25,107,10
25,108,9
25,109,8
25,110,3
25,111,13
25,112,3
25,113,12
25,114,4
25,115,6
25,116,8
25,117,97
25,118,14
25,119,13
25,121,1
25,122,1
25,123,2
25,124,3
25,125,5
25,126,9
25,127,4
25,128,36
25,129,121
25,130,2
25,131,11
25,132,39
25,133,4
25,134,4
25,135,8
25,136,3
25,137,4
25,139,2
26,1,148
26,2,40
26,3,1
26,4,3
26,5,2
26,7,5
26,8,5
26,10,8
26,11,1
26,12,1
26,13,11
26,14,4
26,16,2
26,17,2
26,19,6
26,21,4
26,24,1
26,25,35
26,27,6
26,28,3
26,29,2
26,30,18
26,31,4
26,33,14
26,34,13
26,35,3
26,37,16
26,38,10
26,39,13
26,40,3
26,41,28
26,42,20
26,43,5
26,44,5
26,45,2
26,46,51
26,47,5
26,49,3
26,50,174
26,51,80
26,52,6
26,53,26
26,54,14
26,55,15
26,56,9
26,57,19
26,58,1
26,61,2
26,62,1
26,63,7
26,69,5
26,71,1
26,73,8
26,75,1
26,76,2
26,77,4
26,78,1
26,79,110
26,80,3
26,81,2
26,82,5
26,85,6
26,86,3
26,88,19
26,89,2
26,90,2
26,91,3
26,94,4
26,98,53
26,99,51
26,100,8
26,101,5
26,102,19
26,103,28
26,104,12
26,105,3
26,107,4
26,108,5
26,109,8
26,110,20
26,111,10
26,113,2
26,114,4
26,115,6
26,116,16
26,117,51
26,118,2
26,119,5
26,120,7
26,121,2
26,122,2
26,125,2
26,126,4
26,128,15
26,129,56
26,130,1
26,131,2
26,132,24
26,133,3
26,134,3
26,137,1
26,139,4
27,1,176
27,2,55
27,3,2
27,4,12
27,5,5
27,6,1
27,7,5
27,8,1
27,9,4
27,10,15
27,11,1
27,12,1
27,13,10
27,14,4
27,16,9
27,17,2
27,18,2
27,19,3
27,21,3
27,23,4
27,25,22
27,26,2
27,28,2
27,29,8
27,30,3
27,31,7
27,33,12
27,34,12
27,37,4
27,38,11
27,39,16
27,40,14
27,41,26
27,42,35
27,43,12
27,44,3
27,45,2
27,46,72
27,47,3
27,48,6
27,49,2
27,50,192
27,51,73
27,52,28
27,53,29
27,54,10
27,55,34
27,56,5
27,57,33
27,58,1
27,63,6
27,64,1
27,68,1
27,69,9
27,70,1
27,71,1
27,73,3
27,74,1
27,75,5
27,76,1
27,77,3
27,78,1
27,79,130
27,80,2
27,81,8
27,82,3
27,86,6
27,88,12
27,89,1
27,90,2
27,91,9
27,92,1
27,94,1
27,95,5
27,98,76
27,99,67
27,100,1
27,101,6
27,102,26
27,103,20
27,104,11
27,105,1
27,106,5
27,107,6
27,108,1
27,109,4
27,110,15
27,111,10
27,112,1
27,113,9
27,114,7
27,115,8
27,116,4
27,117,47
27,118,2
27,119,1
27,120,1
27,121,3
27,122,1
27,123,3
27,126,3
27,127,1
27,128,11
27,129,82
27,130,2
27,131,2
27,132,20
27,133,1
27,134,4
27,135,9
27,139,2
28,1,102
28,2,27
28,4,20
28,5,3
28,6,1
28,8,5
28,10,9
28,11,2
28,12,1
28,13,1
28,14,2
28,17,6
28,19,3
28,22,1
28,24,7
28,25,5
28,27,1
28,29,3
28,30,2
28,31,12
28,32,1
28,33,2
28,34,4
28,35,4
28,37,8
28,38,17
28,40,4
28,41,16
28,42,15
28,43,16
28,44,10
28,46,1
28,47,9
28,49,1
28,50,165
28,51,47
28,52,6
28,53,18
28,54,7
28,55,11
28,56,2
28,57,16
28,60,1
28,63,4
28,69,9
28,70,1
28,73,5
28,75,1
28,76,6
28,77,8
28,79,77
28,80,2
28,81,3
28,82,6
28,83,1
28,84,1
28,86,1
28,88,10
28,89,4
28,90,4
28,91,9
28,92,1
28,93,1
28,97,1
28,98,40
28,99,40
28,100,1
28,101,4
28,102,25
28,103,10
28,104,10
28,105,2
28,107,3
28,108,4
28,109,4
28,110,6
28,111,11
28,112,1
28,113,15
28,114,1
28,115,3
28,116,7
28,117,36
28,118,5
28,119,7
28,121,3
28,123,2
28,124,1
28,125,5
28,126,1
28,128,19
28,129,60
28,130,1
28,131,3
28,132,18
28,133,1
28,134,5
28,135,3
28,136,1
28,138,1
28,139,3
29,1,155
29,2,47
29,3,1
29,4,19
29,5,5
29,6,3
29,7,1
29,8,1
29,10,12
29,11,3
29,12,2
29,13,2
29,14,1
29,15,1
29,16,1
29,17,7
29,22,1
29,23,5
29,24,7
29,25,4
29,26,2
29,28,5
29,30,6
29,31,14
29,32,3
29,33,11
29,34,7
29,35,9
29,36,3
29,37,33
29,38,43
29,39,4
29,40,2
29,41,13
29,42,17
29,43,33
29,44,7
29,46,3
29,47,13
29,49,3
29,50,220
29,51,99
29,52,10
29,53,32
29,54,10
29,55,21
29,56,8
29,57,32
29,58,2
29,59,1
29,60,1
29,63,8
29,64,1
29,67,1
29,69,3
29,70,1
29,71,2
29,73,11
29,75,1
29,76,2
29,77,4
29,79,102
29,80,1
29,81,4
29,82,3
29,83,1
29,85,6
29,86,5
29,88,14
29,90,3
29,91,7
29,95,2
29,98,55
29,99,59
29,100,5
29,101,3
29,102,29
29,103,33
29,104,10
29,105,4
29,106,1
29,107,7
29,109,1
29,110,4
29,111,16
29,112,6
29,113,9
29,114,2
29,115,6
29,116,2
29,117,49
29,118,4
29,119,3
29,123,1
29,125,5
29,127,1
29,128,21
29,129,78
29,130,3
29,131,15
29,132,30
29,133,7
29,134,2
29,136,2
29,138,1
29,139,3
30,1,173
30,2,53
30,3,1
30,4,19
30,5,2
30,6,1
30,7,8
30,10,8
30,11,2
30,12,2
30,13,4
30,14,2
30,15,2
30,16,15
30,18,1
30,19,2
30,20,3
30,21,4
30,23,1
30,24,1
30,25,56
30,27,1
30,28,4
30,29,2
30,31,6
30,32,4
30,33,17
30,34,44
30,35,4
30,37,7
30,38,12
30,39,8
30,40,11
30,41,61
30,42,27
30,43,10
30,44,15
30,45,1
30,46,13
30,47,8
30,48,10
30,49,23
30,50,327
30,51,128
30,52,32
30,53,21
30,54,36
30,55,30
30,56,10
30,57,52
30,58,1
30,59,3
30,60,3
30,61,1
30,63,17
30,64,2
30,67,1
30,69,13
30,70,1
30,71,1
30,73,10
30,76,1
30,77,1
30,78,4
30,79,202
30,80,4
30,81,1
30,82,11
30,85,7
30,86,8
30,87,1
30,88,20
30,89,7
30,90,2
30,92,2
30,93,1
30,94,2
30,95,3
30,97,1
30,98,71
30,99,82
30,100,3
30,101,8
30,102,49
30,103,30
30,104,34
30,105,1
30,106,4
30,107,19
30,108,7
30,109,3
30,110,13
30,111,17
30,112,3
30,113,13
30,114,2
30,115,8
30,116,5
30,117,84
30,118,9
30,119,8
30,120,1
30,121,1
30,124,1
30,125,1
30,126,5
30,127,5
30,128,26
30,129,128
30,130,3
30,131,8
30,132,15
30,133,2
30,134,4
30,135,11
30,136,4
30,137,10
30,139,6
31,1,250
31,2,57
31,3,2
31,4,26
31,5,14
31,6,3
31,7,4
31,8,2
31,9,3
31,10,23
31,11,7
31,12,8
31,14,1
31,16,4
31,17,5
31,19,2
31,22,1
31,23,10
31,24,12
31,25,13
31,27,5
31,28,4
31,29,10
31,30,5
31,32,2
31,33,12
31,34,3
31,35,7
31,36,2
31,37,38
31,38,35
31,39,1
31,40,4
31,41,13
31,42,18
31,43,78
31,44,8
31,46,2
31,47,15
31,48,8
31,49,14
31,50,363
31,51,189
31,52,32
31,53,36
31,54,13
31,55,20
31,56,3
31,57,34
31,58,5
31,63,8
31,64,1
31,65,1
31,66,1
31,68,1
31,69,8
31,71,2
31,72,3
31,73,7
31,75,2
31,76,8
31,77,3
31,79,138
31,80,2
31,81,7
31,82,6
31,83,1
31,85,1
31,86,10
31,87,2
31,88,23
31,89,8
31,90,4
31,91,15
31,93,1
31,94,2
31,98,122
31,99,114
31,100,3
31,101,8
31,102,44
31,103,38
31,104,28
31,105,6
31,107,17
31,108,11
31,109,2
31,110,10
31,111,21
31,112,5
31,113,20
31,114,6
31,115,8
31,116,2
31,117,55
31,118,6
31,119,10
31,121,4
31,122,1
31,124,3
31,125,2
31,128,34
31,129,142
31,130,10
31,131,15
31,132,48
31,133,5
31,134,6
31,135,2
31,138,5
32,1,96
32,2,35
32,4,12
32,5,8
32,6,1
32,7,2
32,8,2
32,9,1
32,10,5
32,11,4
32,12,1
32,13,1
32,14,3
32,15,1
32,16,2
32,17,9
32,18,2
32,21,1
32,23,1
32,24,8
32,25,4
32,26,1
32,27,1
32,28,1
32,30,4
32,31,8
32,33,7
32,34,3
32,35,3
32,37,7
32,38,12
32,40,1
32,41,19
32,42,11
32,43,19
32,44,11
32,45,1
32,46,2
32,47,13
32,48,5
32,49,3
32,50,148
32,51,69
32,52,11
32,53,12
32,54,10
32,55,10
32,56,4
32,57,26
32,58,2
32,61,1
32,63,6
32,64,1
32,67,1
32,69,4
32,72,1
32,73,7
32,78,4
32,79,70
32,81,1
32,82,1
32,84,1
32,85,1
32,86,5
32,88,5
32,90,2
32,91,2
32,92,5
32,93,1
32,98,37
32,99,34
32,100,1
32,101,2
32,102,17
32,103,17
32,104,12
32,105,1
32,107,11
32,108,1
32,109,1
32,110,4
32,111,5
32,113,9
32,114,4
32,115,7
32,117,42
32,118,4
32,119,6
32,121,2
32,122,1
32,123,1
32,128,18
32,129,58
32,131,1
32,132,18
32,133,3
32,134,3
32,135,1
32,139,3
33,1,204
33,2,55
33,3,1
33,4,20
33,5,1
33,6,3
33,7,2
33,10,5
33,11,4
33,12,1
33,13,1
33,14,2
33,16,4
33,19,2
33,21,4
33,24,3
33,25,37
33,26,6
33,27,3
33,28,1
33,29,1
33,30,9
33,34,9
33,37,5
33,38,12
33,39,13
33,40,10
33,41,44
33,42,17
33,43,13
33,44,21
33,46,36
33,47,4
33,48,5
33,49,19
33,50,356
33,51,133
33,52,28
33,53,31
33,54,28
33,55,43
33,56,12
33,57,25
33,58,1
33,59,1
33,61,1
33,62,1
33,63,10
33,64,1
33,66,1
33,67,1
33,69,4
33,73,10
33,74,2
33,75,4
33,76,1
33,77,5
33,79,176
33,80,4
33,81,4
33,82,12
33,84,2
33,86,7
33,87,2
33,88,23
33,89,5
33,90,2
33,91,9
33,93,2
33,94,3
33,95,2
33,98,87
33,99,107
33,100,5
33,101,10
33,102,54
33,103,41
33,104,12
33,107,12
33,108,4
33,109,7
33,110,8
33,111,14
33,112,8
33,113,9
33,114,7
33,115,8
33,116,4
33,117,74
33,118,5
33,119,7
33,120,1
33,122,3
33,124,2
33,125,3
33,126,5
33,127,12
33,128,32
33,129,71
33,130,3
33,131,5
33,132,32
33,133,1
33,134,3
33,135,9
33,136,2
33,137,2
33,138,1
33,139,4
34,1,173
34,2,24
34,4,16
34,5,2
34,7,2
34,10,7
34,11,1
34,12,1
34,13,3
34,14,1
34,15,3
34,16,1
34,17,2
34,19,4
34,21,8
34,22,2
34,23,1
34,24,2
34,25,20
34,26,9
34,27,6
34,28,3
34,30,11
34,31,1
34,32,4
34,33,26
34,35,5
34,37,3
34,38,10
34,39,1
34,40,6
34,41,36
34,42,16
34,43,15
34,44,34
34,45,2
34,46,13
34,47,3
34,48,9
34,49,13
34,50,254
34,51,100
34,52,28
34,53,37
34,54,24
34,55,32
34,56,7
34,57,26
34,58,1
34,59,1
34,60,3
34,61,3
34,63,13
34,67,2
34,69,6
34,70,1
34,71,2
34,72,2
34,73,5
34,75,1
34,77,3
34,78,1
34,79,127
34,80,2
34,81,1
34,82,8
34,83,1
34,84,1
34,85,6
34,88,24
34,89,4
34,90,3
34,91,4
34,93,3
34,94,1
34,98,63
34,99,84
34,100,3
34,101,8
34,102,44
34,103,21
34,104,27
34,105,2
34,106,7
34,107,9
34,108,1
34,110,9
34,111,20
34,112,2
34,113,16
34,114,6
34,115,7
34,116,2
34,117,94
34,118,3
34,119,5
34,120,2
34,123,2
34,124,3
34,126,3
34,127,2
34,128,27
34,129,93
34,130,5
34,131,2
34,132,29
34,133,1
34,134,5
34,135,3
34,139,2
35,1,169
35,2,40
35,3,1
35,4,21
35,5,6
35,6,2
35,8,4
35,10,32
35,12,5
35,13,4
35,16,2
35,17,13
35,18,3
35,21,3
35,23,3
35,24,5
35,25,11
35,27,3
35,28,4
35,29,4
35,30,3
35,31,15
35,32,2
35,33,8
35,34,3
35,36,8
35,37,28
35,38,38
35,39,1
35,40,3
35,41,3
35,42,15
35,43,35
35,44,9
35,46,2
35,47,29
35,48,2
35,49,4
35,50,212
35,51,106
35,52,18
35,53,17
35,54,11
35,55,18
35,56,3
35,57,25
35,58,2
35,59,1
35,60,2
35,63,7
35,64,1
35,67,1
35,69,6
35,70,3
35,73,1
35,75,3
35,76,5
35,77,3
35,78,1
35,79,112
35,80,1
35,81,3
35,82,3
35,83,1
35,86,4
35,88,23
35,89,2
35,90,5
35,91,13
35,94,2
35,97,3
35,98,82
35,99,85
35,101,6
35,102,29
35,103,18
35,104,20
35,105,1
35,106,2
35,107,11
35,108,5
35,109,9
35,110,10
35,111,14
35,112,8
35,113,9
35,114,8
35,116,6
35,117,45
35,118,1
35,121,1
35,122,1
35,124,1
35,126,6
35,128,24
35,129,75
35,130,4
35,131,11
35,132,22
35,133,1
35,134,3
35,135,4
35,137,9
35,139,3
36,1,169
36,2,48
36,4,13
36,5,1
36,6,2
36,7,4
36,8,10
36,10,16
36,11,2
36,12,2
36,13,1
36,16,3
36,17,3
36,20,1
36,24,4
36,25,5
36,27,2
36,28,5
36,29,8
36,30,4
36,31,11
36,32,3
36,33,10
36,34,5
36,35,4
36,37,46
36,38,30
36,39,1
36,40,4
36,42,15
36,43,42
36,44,12
36,47,29
36,49,5
36,50,234
36,51,138
36,52,15
36,53,15
36,54,11
36,55,11
36,56,6
36,57,29
36,60,1
36,61,1
36,63,9
36,67,2
36,69,7
36,70,3
36,73,5
36,74,2
36,77,6
36,79,122
36,81,5
36,82,6
36,83,2
36,85,3
36,87,2
36,88,29
36,89,4
36,90,7
36,91,5
36,93,1
36,94,1
36,95,1
36,96,2
36,97,1
36,98,73
36,99,68
36,101,5
36,102,29
36,103,32
36,104,14
36,105,3
36,106,2
36,107,10
36,108,2
36,109,3
36,110,5
36,111,11
36,112,2
36,113,3
36,114,1
36,115,5
36,116,1
36,117,55
36,118,5
36,119,6
36,120,6
36,121,2
36,122,2
36,124,1
36,125,1
36,126,1
36,128,30
36,129,105
36,130,7
36,131,8
36,132,28
36,134,1
36,135,1
36,137,1
37,1,223
37,2,46
37,3,1
37,4,24
37,5,2
37,6,5
37,7,2
37,8,4
37,9,1
37,10,19
37,11,2
37,12,1
37,14,1
37,15,2
37,16,3
37,17,7
37,20,2
37,23,8
37,24,4
37,25,9
37,26,2
37,27,2
37,28,7
37,29,8
37,30,7
37,31,19
37,32,6
37,33,14
37,34,7
37,35,12
37,36,1
37,38,51
37,39,1
37,40,1
37,41,13
37,42,31
37,43,61
37,44,5
37,45,1
37,46,5
37,47,27
37,48,4
37,49,5
37,50,371
37,51,145
37,52,42
37,53,15
37,54,19
37,55,17
37,56,5
37,57,52
37,58,1
37,59,3
37,60,3
37,61,1
37,63,13
37,67,1
37,69,9
37,70,6
37,71,3
37,72,1
37,73,2
37,74,2
37,75,2
37,76,2
37,77,8
37,78,1
37,79,128
37,80,1
37,81,1
37,82,6
37,85,2
37,86,8
37,87,1
37,88,24
37,89,7
37,90,8
37,91,9
37,92,4
37,94,1
37,96,1
37,97,2
37,98,95
37,99,93
37,100,8
37,101,8
37,102,48
37,103,39
37,104,24
37,105,3
37,106,3
37,107,18
37,108,5
37,109,2
37,110,5
37,111,21
37,112,6
37,113,12
37,114,5
37,115,11
37,116,9
37,117,43
37,118,11
37,119,3
37,121,6
37,122,1
37,123,1
37,124,1
37,125,4
37,126,2
37,127,7
37,128,29
37,129,91
37,130,5
37,131,10
37,132,42
37,133,4
37,134,2
37,135,7
37,136,1
37,137,3
37,139,4
38,1,247
38,2,52
38,4,17
38,5,14
38,7,2
38,8,3
38,9,3
38,10,11
38,11,4
38,12,7
38,13,1
38,14,1
38,16,2
38,17,6
38,19,2
38,21,1
38,22,1
38,23,1
38,25,22
38,27,1
38,28,9
38,30,4
38,31,7
38,32,1
38,33,11
38,34,7
38,35,8
38,36,6
38,37,42
38,39,3
38,40,1
38,41,8
38,42,22
38,43,56
38,44,9
38,46,3
38,47,23
38,48,3
38,49,17
38,50,297
38,51,135
38,52,42
38,53,41
38,54,6
38,55,22
38,56,5
38,57,58
38,58,1
38,60,1
38,61,2
38,63,6
38,66,1
38,69,2
38,70,4
38,71,4
38,72,3
38,73,2
38,77,5
38,78,1
38,79,120
38,80,2
38,81,8
38,82,1
38,83,1
38,84,1
38,85,9
38,86,3
38,87,1
38,88,30
38,90,12
38,91,2
38,92,1
38,93,3
38,98,99
38,99,83
38,100,3
38,101,7
38,102,53
38,103,32
38,104,17
38,105,3
38,106,3
38,107,10
38,108,4
38,109,5
38,110,4
38,111,22
38,112,3
38,113,6
38,114,4
38,115,6
38,116,6
38,117,48
38,118,7
38,119,5
38,120,2
38,121,2
38,122,1
38,123,2
38,125,2
38,126,4
38,127,3
38,128,25
38,129,77
38,130,2
38,131,9
38,132,36
38,133,2
38,134,4
38,135,4
38,136,3
38,137,4
38,139,1
39,1,126
39,2,48
39,3,1
39,4,14
39,5,3
39,6,3
39,7,3
39,10,5
39,11,1
39,12,3
39,13,1
39,14,3
39,15,1
39,16,8
39,17,11
39,18,2
39,19,1
39,20,2
39,21,1
39,24,1
39,25,24
39,26,4
39,27,6
39,28,3
39,30,13
39,31,3
39,33,20
39,34,7
39,37,11
39,38,8
39,40,7
39,41,21
39,42,21
39,43,7
39,44,12
39,45,6
39,46,30
39,47,6
39,48,5
39,49,15
39,50,216
39,51,102
39,52,17
39,53,19
39,54,21
39,55,26
39,56,9
39,57,51
39,60,1
39,61,1
39,63,5
39,64,2
39,67,1
39,69,7
39,71,2
39,73,8
39,74,2
39,75,1
39,77,6
39,78,1
39,79,116
39,80,7
39,81,7
39,82,5
39,85,1
39,86,5
39,87,2
39,88,17
39,89,5
39,90,1
39,91,7
39,92,3
39,94,1
39,95,4
39,98,64
39,99,66
39,100,2
39,101,3
39,102,16
39,103,18
39,104,3
39,106,1
39,107,16
39,108,3
39,109,2
39,110,6
39,111,5
39,112,1
39,113,13
39,114,3
39,115,4
39,116,8
39,117,78
39,118,5
39,119,9
39,122,1
39,128,6
39,129,58
39,130,3
39,131,8
39,132,21
39,133,2
39,134,5
39,135,2
39,136,1
39,137,2
39,138,1
39,139,11
40,1,127
40,2,23
40,4,8
40,5,6
40,10,5
40,12,1
40,13,1
40,14,3
40,15,4
40,16,3
40,20,1
40,21,8
40,25,13
40,26,1
40,27,6
40,28,2
40,30,3
40,31,4
40,32,1
40,33,13
40,34,8
40,35,1
40,37,7
40,38,6
40,39,3
40,41,32
40,42,20
40,43,12
40,44,24
40,45,11
40,46,4
40,47,2
40,48,7
40,49,21
40,50,268
40,51,122
40,52,18
40,53,30
40,54,27
40,55,31
40,56,8
40,57,38
40,58,1
40,59,1
40,60,1
40,61,2
40,63,16
40,64,4
40,66,1
40,67,2
40,68,1
40,69,7
40,71,2
40,73,2
40,74,1
40,75,4
40,77,6
40,78,2
40,79,157
40,80,5
40,81,1
40,82,11
40,83,3
40,84,1
40,85,1
40,86,6
40,87,2
40,88,30
40,89,6
40,90,4
40,91,5
40,92,1
40,93,3
40,94,1
40,95,3
40,96,1
40,98,59
40,99,89
40,100,4
40,101,8
40,102,29
40,103,13
40,104,24
40,106,4
40,107,15
40,108,8
40,109,3
40,110,6
40,111,19
40,112,1
40,113,2
40,114,1
40,115,9
40,116,4
40,117,80
40,118,12
40,119,13
40,120,2
40,121,1
40,122,1
40,125,1
40,126,2
40,127,5
40,128,31
40,129,74
40,130,3
40,131,8
40,132,28
40,133,5
40,134,1
40,135,5
40,137,3
40,138,1
40,139,5
41,1,93
41,2,14
41,4,3
41,7,2
41,10,7
41,11,2
41,13,1
41,16,4
41,25,14
41,27,1
41,28,1
41,30,2
41,31,1
41,33,13
41,34,11
41,37,4
41,38,10
41,39,7
41,40,8
41,42,10
41,43,2
41,44,13
41,45,1
41,46,14
41,47,3
41,48,2
41,49,9
41,50,134
41,51,70
41,52,22
41,53,19
41,54,17
41,55,39
41,56,9
41,57,37
41,62,1
41,63,5
41,65,1
41,69,9
41,71,5
41,73,4
41,74,1
41,75,1
41,77,2
41,79,87
41,80,1
41,81,2
41,82,2
41,84,1
41,86,1
41,87,1
41,88,13
41,90,2
41,91,4
41,94,2
41,98,57
41,99,67
41,100,2
41,101,5
41,102,21
41,103,20
41,104,21
41,105,1
41,106,1
41,107,15
41,108,1
41,109,4
41,110,3
41,111,10
41,112,2
41,113,8
41,114,2
41,115,5
41,116,3
41,117,66
41,118,6
41,119,5
41,120,3
41,121,2
41,122,2
41,126,1
41,127,8
41,128,7
41,129,52
41,130,2
41,131,4
41,132,22
41,133,1
41,134,4
41,135,1
41,136,2
41,137,3
42,1,131
42,2,38
42,3,2
42,4,4
42,5,2
42,7,3
42,8,2
42,10,6
42,11,3
42,12,2
42,13,3
42,14,1
42,16,4
42,17,2
42,18,2
42,19,3
42,21,9
42,24,3
42,25,27
42,26,1
42,27,4
42,28,5
42,29,4
42,30,7
42,31,2
42,32,1
42,33,17
42,34,10
42,36,1
42,37,7
42,38,20
42,39,8
42,40,5
42,41,31
42,43,4
42,44,8
42,45,1
42,46,22
42,47,3
42,48,3
42,49,19
42,50,187
42,51,66
42,52,24
42,53,25
42,54,15
42,55,26
42,56,6
42,57,19
42,58,1
42,59,2
42,60,1
42,62,1
42,63,5
42,67,1
42,69,4
42,70,5
42,71,1
42,72,1
42,73,1
42,79,90
42,80,1
42,81,8
42,82,1
42,84,1
42,85,1
42,86,2
42,87,1
42,88,21
42,89,1
42,91,1
42,92,3
42,93,2
42,94,4
42,95,3
42,98,53
42,99,56
42,100,4
42,101,3
42,102,23
42,103,24
42,104,12
42,105,1
42,106,2
42,107,6
42,108,5
42,109,2
42,110,8
42,111,12
42,112,1
42,113,5
42,114,4
42,115,4
42,116,6
42,117,43
42,118,2
42,119,7
42,121,2
42,122,1
42,123,2
42,125,1
42,126,1
42,127,1
42,128,23
42,129,68
42,131,1
42,132,11
42,133,1
42,134,2
42,135,1
42,136,2
42,139,1
43,1,252
43,2,86
43,3,2
43,4,20
43,5,8
43,6,4
43,7,3
43,8,4
43,9,1
43,10,28
43,11,8
43,12,5
43,13,2
43,14,1
43,15,2
43,16,3
43,17,10
43,19,1
43,21,11
43,22,4
43,23,3
43,24,14
43,25,14
43,27,4
43,28,5
43,29,14
43,30,1
43,31,25
43,32,1
43,33,21
43,34,1
43,35,6
43,36,1
43,37,35
43,38,50
43,39,4
43,40,9
43,41,17
43,42,28
43,44,14
43,46,8
43,47,15
43,48,3
43,49,16
43,50,484
43,51,194
43,52,33
43,53,42
43,54,35
43,55,25
43,56,2
43,57,56
43,58,1
43,60,1
43,61,1
43,63,10
43,67,2
43,68,1
43,69,6
43,70,4
43,73,17
43,76,1
43,77,8
43,78,2
43,79,172
43,81,3
43,82,3
43,84,1
43,85,9
43,86,8
43,88,34
43,89,9
43,90,3
43,91,12
43,92,2
43,93,1
43,94,3
43,95,3
43,97,2
43,98,135
43,99,137
43,100,4
43,101,7
43,102,65
43,103,46
43,104,34
43,105,7
43,106,3
43,107,26
43,108,12
43,109,7
43,110,10
43,111,15
43,112,3
43,113,8
43,114,14
43,115,10
43,116,3
43,117,65
43,118,6
43,119,14
43,120,2
43,121,2
43,122,4
43,125,5
43,126,5
43,128,52
43,129,132
43,130,2
43,131,12
43,132,42
43,133,5
43,134,5
43,135,11
43,137,3
43,139,11
44,1,86
44,2,13
44,3,3
44,4,10
44,6,4
44,7,2
44,10,5
44,11,2
44,14,1
44,17,1
44,18,1
44,19,1
44,21,3
44,24,3
44,25,15
44,26,1
44,27,5
44,29,4
44,30,2
44,33,14
44,34,9
44,35,3
44,37,9
44,38,12
44,39,1
44,40,7
44,41,9
44,42,21
44,43,4
44,45,7
44,46,2
44,47,2
44,48,7
44,49,8
44,50,222
44,51,103
44,52,21
44,53,22
44,54,29
44,55,23
44,56,11
44,57,23
44,58,2
44,59,1
44,60,2
44,62,1
44,63,5
44,64,1
44,69,14
44,73,3
44,77,6
44,78,1
44,79,96
44,80,3
44,81,2
44,82,4
44,84,1
44,85,11
44,88,19
44,89,2
44,90,11
44,91,2
44,94,5
44,95,1
44,96,1
44,97,1
44,98,63
44,99,63
44,100,1
44,101,2
44,102,20
44,103,30
44,104,36
44,107,19
44,108,3
44,109,1
44,110,11
44,111,33
44,112,2
44,113,5
44,115,6
44,116,6
44,117,116
44,118,10
44,119,10
44,121,1
44,124,5
44,126,5
44,128,29
44,129,47
44,130,2
44,131,12
44,132,28
44,133,1
44,134,1
44,135,14
44,136,6
44,137,3
44,138,2
44,139,3
45,1,70
45,2,16
45,3,2
45,4,12
45,6,1
45,7,3
45,10,5
45,11,1
45,13,3
45,16,2
45,17,2
45,19,1
45,21,4
45,25,9
45,27,4
45,28,2
45,29,2
45,30,4
45,33,14
45,34,8
45,35,2
45,37,4
45,38,12
45,39,2
45,40,12
45,41,23
45,42,7
45,43,9
45,44,20
45,46,6
45,48,12
45,49,14
45,50,174
45,51,88
45,52,26
45,53,34
45,54,35
45,55,53
45,56,6
45,57,23
45,60,1
45,61,1
45,62,1
45,63,14
45,66,1
45,69,4
45,71,3
45,73,3
45,77,1
45,78,1
45,79,108
45,80,2
45,81,2
45,82,6
45,85,4
45,86,3
45,87,2
45,88,13
45,89,7
45,90,2
45,91,4
45,93,2
45,94,1
45,95,3
45,97,2
45,98,43
45,99,73
45,100,5
45,101,12
45,102,36
45,103,14
45,104,11
45,105,1
45,107,14
45,108,8
45,109,1
45,110,11
45,111,18
45,112,3
45,113,3
45,114,3
45,115,9
45,116,6
45,117,87
45,118,2
45,119,6
45,123,3
45,124,2
45,126,6
45,127,5
45,128,24
45,129,66
45,130,2
45,131,11
45,132,24
45,133,1
45,135,6
45,136,3
45,137,1
45,139,6
46,1,81
46,2,15
46,3,4
46,4,5
46,6,2
46,7,2
46,10,1
46,12,1
46,13,3
46,16,4
46,17,1
46,24,1
46,25,7
46,26,6
46,27,3
46,28,4
46,30,1
46,33,5
46,34,3
46,35,1
46,37,2
46,38,5
46,40,1
46,41,22
46,43,4
46,49,4
46,50,112
46,51,53
46,52,4
46,53,10
46,54,3
46,55,13
46,56,1
46,57,27
46,58,3
46,61,1
46,63,1
46,68,1
46,69,5
46,70,1
46,73,7
46,74,1
46,75,1
46,79,33
46,81,3
46,82,3
46,84,2
46,88,16
46,89,2
46,90,3
46,91,2
46,95,1
46,97,2
46,98,41
46,99,35
46,100,1
46,101,1
46,102,16
46,103,22
46,104,7
46,106,1
46,107,12
46,109,3
46,110,12
46,111,3
46,112,3
46,113,4
46,115,5
46,116,2
46,117,22
46,118,2
46,119,2
46,120,2
46,124,1
46,125,1
46,127,3
46,128,9
46,129,17
46,131,2
46,132,11
46,133,1
46,134,2
46,135,3
46,139,1
47,1,123
47,2,45
47,4,12
47,5,4
47,6,3
47,7,2
47,9,1
47,10,12
47,11,3
47,12,1
47,13,3
47,14,3
47,15,3
47,17,1
47,18,1
47,21,2
47,24,3
47,25,6
47,28,7
47,29,3
47,30,2
47,31,13
47,33,9
47,34,1
47,35,7
47,36,3
47,37,36
47,38,18
47,39,3
47,40,3
47,41,12
47,42,18
47,43,44
47,44,5
47,46,5
47,48,1
47,49,14
47,50,256
47,51,113
47,52,19
47,53,23
47,54,14
47,55,21
47,56,5
47,57,26
47,58,1
47,59,1
47,60,1
47,63,3
47,64,1
47,67,1
47,69,5
47,71,2
47,73,7
47,74,2
47,75,2
47,77,2
47,78,1
47,79,74
47,81,4
47,82,3
47,85,2
47,88,18
47,89,1
47,90,8
47,91,4
47,92,1
47,98,64
47,99,63
47,101,5
47,102,39
47,103,20
47,104,21
47,105,2
47,106,4
47,107,10
47,108,1
47,109,2
47,110,7
47,111,9
47,112,1
47,113,7
47,114,3
47,115,11
47,116,4
47,117,40
47,118,4
47,119,3
47,120,2
47,121,3
47,122,1
47,125,1
47,126,6
47,128,19
47,129,86
47,130,5
47,131,12
47,132,33
47,133,3
47,134,2
47,135,6
47,136,2
48,1,108
48,2,28
48,4,12
48,5,1
48,6,5
48,7,4
48,9,1
48,10,7
48,12,1
48,15,1
48,17,1
48,21,7
48,23,1
48,25,13
48,26,2
48,27,1
48,29,1
48,30,2
48,31,2
48,33,7
48,34,9
48,35,2
48,36,1
48,37,17
48,38,6
48,39,1
48,40,10
48,41,16
48,42,15
48,43,9
48,44,23
48,45,9
48,46,2
48,47,1
48,49,28
48,50,247
48,51,126
48,52,27
48,53,38
48,54,32
48,55,82
48,56,15
48,57,47
48,58,6
48,59,1
48,60,3
48,62,1
48,63,14
48,64,1
48,67,1
48,68,1
48,69,6
48,70,2
48,73,3
48,74,3
48,75,1
48,77,6
48,78,5
48,79,102
48,80,3
48,81,5
48,82,5
48,83,1
48,85,1
48,86,5
48,88,23
48,89,4
48,91,5
48,93,4
48,95,4
48,98,87
48,99,122
48,100,6
48,101,3
48,102,39
48,103,26
48,104,29
48,105,1
48,106,1
48,107,15
48,109,6
48,110,12
48,111,21
48,112,2
48,113,7
48,115,12
48,116,14
48,117,138
48,118,8
48,119,6
48,120,1
48,121,1
48,122,2
48,123,3
48,124,2
48,126,1
48,127,6
48,128,48
48,129,62
48,130,7
48,131,2
48,132,40
48,133,2
48,134,2
48,135,19
48,136,3
48,137,5
48,138,1
48,139,7
49,1,134
49,2,24
49,3,4
49,4,19
49,5,1
49,6,1
49,7,1
49,10,6
49,11,2
49,13,2
49,14,1
49,15,3
49,16,3
49,17,6
49,20,1
49,21,4
49,25,8
49,26,3
49,27,5
49,28,5
49,30,9
49,31,1
49,33,14
49,34,8
49,35,2
49,36,1
49,37,9
49,38,13
49,39,1
49,40,5
49,41,17
49,42,7
49,43,4
49,44,40
49,45,16
49,46,8
49,47,2
49,48,19
49,50,380
49,51,157
49,52,49
49,53,62
49,54,44
49,55,94
49,56,8
49,57,44
49,58,2
49,60,2
49,61,1
49,63,8
49,64,2
49,66,1
49,69,8
49,70,1
49,73,9
49,74,4
49,75,1
49,76,1
49,77,2
49,78,6
49,79,169
49,80,3
49,81,5
49,82,11
49,85,3
49,86,1
49,88,20
49,89,8
49,90,4
49,91,9
49,92,2
49,93,1
49,94,2
49,97,1
49,98,82
49,99,163
49,100,10
49,101,19
49,102,37
49,103,48
49,104,33
49,105,1
49,106,4
49,107,13
49,108,3
49,109,6
49,110,21
49,111,25
49,113,19
49,114,8
49,115,8
49,116,7
49,117,129
49,118,9
49,119,11
49,120,1
49,121,1
49,122,1
49,123,2
49,124,5
49,125,1
49,126,10
49,127,6
49,128,38
49,129,69
49,130,10
49,131,15
49,132,30
49,133,3
49,134,4
49,135,18
49,137,3
49,139,3
50,1,117
50,2,11
50,3,1
50,4,11
50,5,4
50,6,1
50,7,2
50,10,3
50,11,1
50,14,6
50,16,1
50,17,1
50,24,3
50,25,4
50,28,1
50,29,5
50,31,4
50,33,3
50,37,2
50,38,8
50,39,5
50,40,5
50,41,4
50,42,6
50,43,2
50,44,16
50,46,9
50,47,1
50,48,3
50,49,11
50,51,115
50,52,20
50,53,20
50,54,7
50,55,24
50,56,1
50,57,37
50,58,1
50,59,1
50,61,2
50,63,4
50,64,3
50,67,1
50,68,3
50,69,13
50,70,6
50,71,3
50,72,1
50,73,6
50,74,4
50,79,63
50,81,3
50,82,8
50,83,1
50,86,3
50,87,1
50,88,11
50,89,1
50,90,8
50,91,2
50,92,1
50,94,1
50,98,79
50,99,89
50,100,5
50,101,4
50,102,32
50,103,37
50,104,14
50,106,2
50,107,6
50,108,4
50,109,1
50,110,3
50,111,10
50,112,1
50,113,4
50,114,3
50,115,7
50,116,5
50,117,48
50,118,5
50,119,7
50,120,2
50,123,4
50,126,4
50,127,2
50,128,21
50,129,16
50,130,2
50,131,5
50,132,31
50,133,2
50,134,2
50,135,2
50,137,1
50,139,16
51,1,71
51,2,19
51,3,1
51,4,2
51,5,4
51,7,1
51,8,1
51,10,3
51,16,1
51,17,3
51,19,1
51,21,1
51,27,5
51,28,2
51,30,4
51,31,1
51,33,7
51,34,5
51,35,2
51,37,1
51,38,2
51,39,1
51,40,2
51,41,2
51,42,3
51,43,5
51,44,8
51,45,1
51,46,2
51,48,1
51,49,6
51,50,284
51,52,46
51,53,26
51,54,13
51,55,49
51,56,2
51,57,27
51,59,3
51,60,1
51,63,10
51,67,1
51,69,6
51,70,4
51,73,5
51,77,4
51,78,1
51,79,84
51,80,1
51,81,3
51,82,1
51,83,1
51,84,1
51,85,2
51,86,7
51,88,18
51,89,2
51,91,1
51,92,2
51,93,1
51,94,3
51,95,1
51,98,58
51,99,120
51,100,7
51,101,3
51,102,42
51,103,29
51,104,16
51,105,2
51,106,1
51,107,13
51,110,9
51,111,15
51,112,8
51,113,6
51,114,6
51,115,6
51,116,3
51,117,51
51,118,6
51,119,6
51,122,2
51,124,2
51,125,1
51,126,3
51,128,24
51,129,14
51,130,3
51,131,6
51,132,19
51,133,2
51,134,1
51,135,3
51,136,2
51,137,2
51,139,13
52,1,58
52,2,15
52,3,3
52,4,3
52,5,3
52,7,3
52,8,1
52,10,2
52,16,1
52,17,1
52,19,1
52,24,2
52,25,4
52,26,2
52,29,2
52,30,1
52,31,1
52,33,2
52,34,4
52,35,2
52,37,5
52,38,6
52,39,3
52,40,2
52,41,7
52,42,2
52,43,3
52,44,2
52,45,2
52,46,2
52,48,8
52,49,3
52,50,195
52,51,119
52,53,25
52,54,5
52,55,38
52,56,2
52,57,21
52,58,1
52,63,4
52,69,5
52,70,1
52,73,3
52,76,2
52,78,1
52,79,72
52,80,2
52,81,3
52,82,2
52,83,2
52,86,3
52,88,21
52,89,4
52,90,2
52,91,2
52,92,1
52,95,1
52,98,36
52,99,94
52,100,7
52,101,7
52,102,24
52,103,40
52,104,6
52,105,1
52,106,1
52,107,2
52,108,1
52,109,2
52,110,8
52,111,10
52,112,3
52,113,3
52,114,5
52,115,6
52,116,3
52,117,29
52,118,1
52,119,9
52,122,2
52,124,1
52,126,5
52,127,2
52,128,18
52,129,23
52,130,1
52,131,6
52,132,19
52,133,4
52,134,1
52,135,4
52,136,2
52,137,2
52,139,1
53,1,117
53,2,17
53,3,3
53,4,13
53,5,2
53,7,1
53,10,1
53,11,1
53,12,2
53,16,5
53,17,1
53,21,1
53,24,1
53,25,8
53,27,1
53,28,2
53,32,2
53,33,8
53,34,12
53,35,4
53,37,4
53,38,11
53,39,2
53,40,5
53,41,6
53,42,21
53,43,10
53,44,15
53,45,2
53,46,14
53,47,2
53,48,2
53,49,15
53,50,363
53,51,187
53,52,54
53,54,33
53,55,87
53,56,7
53,57,40
53,58,5
53,59,1
53,61,2
53,63,14
53,64,2
53,68,1
53,69,5
53,70,4
53,73,2
53,74,1
53,75,2
53,77,4
53,79,120
53,80,6
53,82,8
53,83,1
53,85,2
53,86,3
53,87,6
53,88,27
53,89,4
53,90,2
53,91,5
53,92,2
53,98,96
53,99,201
53,100,16
53,101,7
53,102,35
53,103,44
53,104,20
53,105,1
53,106,8
53,107,12
53,108,7
53,109,5
53,110,4
53,111,26
53,112,3
53,113,13
53,114,2
53,115,12
53,116,9
53,117,87
53,118,4
53,119,8
53,120,2
53,121,1
53,122,1
53,125,3
53,126,1
53,127,5
53,128,32
53,129,31
53,130,5
53,131,7
53,132,49
53,133,2
53,134,2
53,135,12
53,136,2
53,137,11
53,138,3
53,139,14
54,1,143
54,2,30
54,3,1
54,4,12
54,7,3
54,10,5
54,13,3
54,16,5
54,25,3
54,26,1
54,27,4
54,28,1
54,30,5
54,31,2
54,33,5
54,34,6
54,37,2
54,38,8
54,39,4
54,40,9
54,41,10
54,42,9
54,43,7
54,44,15
54,45,7
54,46,11
54,47,7
54,48,5
54,49,15
54,50,263
54,51,108
54,52,30
54,53,46
54,55,83
54,56,7
54,57,47
54,60,2
54,63,6
54,69,11
54,73,7
54,75,1
54,77,4
54,78,7
54,79,143
54,80,4
54,81,4
54,82,4
54,83,2
54,86,4
54,87,2
54,88,11
54,89,6
54,90,2
54,91,9
54,92,2
54,94,1
54,95,2
54,98,74
54,99,75
54,100,5
54,101,4
54,102,32
54,103,31
54,104,7
54,105,1
54,106,2
54,107,21
54,108,5
54,109,2
54,110,10
54,111,11
54,112,2
54,113,3
54,114,9
54,115,8
54,116,9
54,117,41
54,118,2
54,119,8
54,120,8
54,121,1
54,123,4
54,124,3
54,125,1
54,126,1
54,127,2
54,128,16
54,129,30
54,130,7
54,131,13
54,132,25
54,135,3
54,136,1
54,137,2
54,138,2
54,139,3
55,1,213
55,2,30
55,3,2
55,4,22
55,5,3
55,6,2
55,7,6
55,10,5
55,11,1
55,14,1
55,15,1
55,16,3
55,17,1
55,21,3
55,24,1
55,25,10
55,26,1
55,27,12
55,28,1
55,30,4
55,32,2
55,33,14
55,34,10
55,36,1
55,37,16
55,38,9
55,39,8
55,40,13
55,41,18
55,42,23
55,43,11
55,44,37
55,45,2
55,46,3
55,47,3
55,48,15
55,49,50
55,50,643
55,51,267
55,52,59
55,53,117
55,54,35
55,56,5
55,57,67
55,58,6
55,59,1
55,60,5
55,63,16
55,64,1
55,67,3
55,68,1
55,69,14
55,70,4
55,71,2
55,72,2
55,73,8
55,75,1
55,77,10
55,78,5
55,79,193
55,81,3
55,82,9
55,83,3
55,85,2
55,86,13
55,87,1
55,88,35
55,89,7
55,90,2
55,91,13
55,92,2
55,94,5
55,95,2
55,97,1
55,98,141
55,99,278
55,100,31
55,101,26
55,102,67
55,103,46
55,104,40
55,105,6
55,106,3
55,107,30
55,108,12
55,109,5
55,110,26
55,111,41
55,112,4
55,113,6
55,114,7
55,115,8
55,116,6
55,117,204
55,118,19
55,119,31
55,120,1
55,121,6
55,122,2
55,123,1
55,124,2
55,125,7
55,126,10
55,127,13
55,128,55
55,129,88
55,130,11
55,131,24
55,132,70
55,133,10
55,134,2
55,135,25
55,136,4
55,137,7
55,139,20
56,1,80
56,2,23
56,4,12
56,5,3
56,6,3
56,7,1
56,10,5
56,13,2
56,16,1
56,17,1
56,21,3
56,22,1
56,25,14
56,27,2
56,28,2
56,29,3
56,30,9
56,31,5
56,33,12
56,34,6
56,35,1
56,37,3
56,38,3
56,39,15
56,40,10
56,41,10
56,42,15
56,43,3
56,44,15
56,45,6
56,46,9
56,48,3
56,49,26
56,50,205
56,51,86
56,52,22
56,53,38
56,54,18
56,55,75
56,57,29
56,58,2
56,62,1
56,63,5
56,64,1
56,67,2
56,68,1
56,69,5
56,70,3
56,71,7
56,72,1
56,73,3
56,76,2
56,77,4
56,78,3
56,79,114
56,80,6
56,81,4
56,82,10
56,84,1
56,86,4
56,88,20
56,89,13
56,90,5
56,91,7
56,92,3
56,94,1
56,95,1
56,98,66
56,99,85
56,100,6
56,101,13
56,102,28
56,103,19
56,104,24
56,105,3
56,106,5
56,107,10
56,108,4
56,109,6
56,110,5
56,111,23
56,112,5
56,113,5
56,114,5
56,115,8
56,116,7
56,117,73
56,118,3
56,119,12
56,120,2
56,121,3
56,122,1
56,123,2
56,126,1
56,127,6
56,128,24
56,129,64
56,130,1
56,131,6
56,132,31
56,133,8
56,134,2
56,135,16
56,136,1
56,137,5
56,139,15
57,1,142
57,2,24
57,3,1
57,4,4
57,5,1
57,7,1
57,11,1
57,12,4
57,16,1
57,18,2
57,20,1
57,21,1
57,24,2
57,25,15
57,27,1
57,29,2
57,30,2
57,33,5
57,34,1
57,37,5
57,38,5
57,41,38
57,42,6
57,43,4
57,44,1
57,45,1
57,46,55
57,48,2
57,49,2
57,50,142
57,51,70
57,52,7
57,53,24
57,54,11
57,55,17
57,56,1
57,59,1
57,60,1
57,63,10
57,64,1
57,67,1
57,69,4
57,70,3
57,71,1
57,72,4
57,73,7
57,74,1
57,75,1
57,77,1
57,79,40
57,80,4
57,81,1
57,82,8
57,85,1
57,86,3
57,88,15
57,90,1
57,91,2
57,92,2
57,95,1
57,98,47
57,99,19
57,100,4
57,101,1
57,102,57
57,103,18
57,104,5
57,106,1
57,107,13
57,108,2
57,109,2
57,110,11
57,111,2
57,112,5
57,113,9
57,115,2
57,116,8
57,117,14
57,119,3
57,122,1
57,125,1
57,127,4
57,128,1
57,129,17
57,130,1
57,132,8
57,134,3
57,135,4
57,138,1
57,139,2
58,1,124
58,2,30
58,3,22
58,4,9
58,5,2
58,7,3
58,10,7
58,11,2
58,13,2
58,14,1
58,17,1
58,25,19
58,26,2
58,27,3
58,28,1
58,29,1
58,30,6
58,32,1
58,33,18
58,34,9
58,35,1
58,37,11
58,38,7
58,39,5
58,40,4
58,41,16
58,42,9
58,43,13
58,44,9
58,45,2
58,46,4
58,47,3
58,48,3
58,49,5
58,50,184
58,51,108
58,52,26
58,53,41
58,54,19
58,55,18
58,56,6
58,57,26
58,59,9
58,60,6
58,61,12
58,63,35
58,64,19
58,65,2
58,66,1
58,67,16
58,68,5
58,69,47
58,70,8
58,71,4
58,72,3
58,73,27
58,74,10
58,75,4
58,76,5
58,77,6
58,78,9
58,79,124
58,80,10
58,81,10
58,82,18
58,83,2
58,84,2
58,85,21
58,86,10
58,87,1
58,88,52
58,89,9
58,90,8
58,91,8
58,92,9
58,93,3
58,94,14
58,95,13
58,97,2
58,98,58
58,99,74
58,100,2
58,101,4
58,102,41
58,103,33
58,104,54
58,105,7
58,106,6
58,107,19
58,108,7
58,109,7
58,110,14
58,111,19
58,112,2
58,113,9
58,114,5
58,115,24
58,116,9
58,117,124
58,118,8
58,119,13
58,120,3
58,121,5
58,122,18
58,124,15
58,125,4
58,126,6
58,127,2
58,128,20
58,129,67
58,130,6
58,131,7
58,132,33
58,133,1
58,134,4
58,135,8
58,137,2
58,138,3
58,139,3
59,1,114
59,2,34
59,3,22
59,4,13
59,5,6
59,6,4
59,7,3
59,10,15
59,12,1
59,14,2
59,16,2
59,17,2
59,24,2
59,25,10
59,27,1
59,28,2
59,29,3
59,30,1
59,31,3
59,33,11
59,34,5
59,35,2
59,36,1
59,37,8
59,38,8
59,41,8
59,42,9
59,43,22
59,44,6
59,46,6
59,47,2
59,48,1
59,49,14
59,50,299
59,51,134
59,52,23
59,53,36
59,54,19
59,55,19
59,56,4
59,57,24
59,58,12
59,60,5
59,61,9
59,62,1
59,63,48
59,64,11
59,66,1
59,67,6
59,68,3
59,69,53
59,70,8
59,71,2
59,72,2
59,73,32
59,74,7
59,75,5
59,77,13
59,78,8
59,79,133
59,80,11
59,81,15
59,82,25
59,83,1
59,84,3
59,85,15
59,86,15
59,87,1
59,88,59
59,89,6
59,90,7
59,91,17
59,92,6
59,93,4
59,95,9
59,97,3
59,98,73
59,99,116
59,100,2
59,101,7
59,102,29
59,103,28
59,104,86
59,105,5
59,106,1
59,107,28
59,108,3
59,109,3
59,110,16
59,111,32
59,112,2
59,113,11
59,114,11
59,115,21
59,116,2
59,117,159
59,118,5
59,119,15
59,120,2
59,121,9
59,122,13
59,123,7
59,124,5
59,125,7
59,126,7
59,128,38
59,129,77
59,130,1
59,131,11
59,132,46
59,133,7
59,134,5
59,135,5
59,136,3
59,137,1
59,138,5
59,139,3
60,1,50
60,2,11
60,3,5
60,4,4
60,5,3
60,6,1
60,7,1
60,11,1
60,21,2
60,25,8
60,27,1
60,28,1
60,30,1
60,34,7
60,35,1
60,37,1
60,41,7
60,42,4
60,43,1
60,44,4
60,46,6
60,47,1
60,48,1
60,49,1
60,50,94
60,51,42
60,52,7
60,53,13
60,54,3
60,55,15
60,57,13
60,58,3
60,59,1
60,61,11
60,63,30
60,67,1
60,69,22
60,70,6
60,72,1
60,73,8
60,74,2
60,75,3
60,76,6
60,77,5
60,78,2
60,79,66
60,80,1
60,81,3
60,82,5
60,84,1
60,85,8
60,86,1
60,87,1
60,88,23
60,90,5
60,91,6
60,92,6
60,93,1
60,97,3
60,98,33
60,99,48
60,100,2
60,101,9
60,102,10
60,103,3
60,104,24
60,105,7
60,106,1
60,107,8
60,108,2
60,110,14
60,111,21
60,112,3
60,113,7
60,114,9
60,115,3
60,116,4
60,117,54
60,118,5
60,119,3
60,120,3
60,121,1
60,122,8
60,123,1
60,124,6
60,128,14
60,129,38
60,130,1
60,131,4
60,132,19
60,133,3
60,134,1
60,135,1
60,137,3
60,138,3
60,139,5
61,1,91
61,2,38
61,3,1
61,4,8
61,6,1
61,7,2
61,10,3
61,11,1
61,12,1
61,15,1
61,16,1
61,20,1
61,21,1
61,25,3
61,27,1
61,28,1
61,29,3
61,30,2
61,33,5
61,34,6
61,35,2
61,37,10
61,38,7
61,40,4
61,41,5
61,42,2
61,43,5
61,44,6
61,46,6
61,48,4
61,49,3
61,50,165
61,51,77
61,52,20
61,53,22
61,54,6
61,55,13
61,56,2
61,57,10
61,58,3
61,59,2
61,60,4
61,63,49
61,64,2
61,67,3
61,69,25
61,70,6
61,71,2
61,72,3
61,73,13
61,74,2
61,76,1
61,77,14
61,78,6
61,79,100
61,80,6
61,81,16
61,82,17
61,84,1
61,85,7
61,86,13
61,87,5
61,88,72
61,89,14
61,90,1
61,91,24
61,92,5
61,93,1
61,94,4
61,95,3
61,96,1
61,97,7
61,98,47
61,99,58
61,100,1
61,101,2
61,102,39
61,103,16
61,104,15
61,105,4
61,106,1
61,107,9
61,108,6
61,109,4
61,110,12
61,111,17
61,112,2
61,113,5
61,114,11
61,115,7
61,116,12
61,117,71
61,118,16
61,119,7
61,120,15
61,121,8
61,122,8
61,123,1
61,124,2
61,125,2
61,126,2
61,127,1
61,128,23
61,129,52
61,130,4
61,131,3
61,132,30
61,133,7
61,135,1
61,137,4
61,138,2
61,139,7
62,1,69
62,2,19
62,4,4
62,6,1
62,7,3
62,10,7
62,11,1
62,29,2
62,30,3
62,33,6
62,37,2
62,38,9
62,42,6
62,44,14
62,46,2
62,47,2
62,48,1
62,49,4
62,50,100
62,51,56
62,52,11
62,53,11
62,54,4
62,55,6
62,56,1
62,57,9
62,58,2
62,59,1
62,60,6
62,61,8
62,63,32
62,65,2
62,67,1
62,69,7
62,70,3
62,71,6
62,73,2
62,75,1
62,77,8
62,78,1
62,79,72
62,80,1
62,81,8
62,82,9
62,83,1
62,85,3
62,88,19
62,89,4
62,90,3
62,91,8
62,94,6
62,95,6
62,97,2
62,98,41
62,99,43
62,102,9
62,103,6
62,104,11
62,105,1
62,106,2
62,107,26
62,108,2
62,109,2
62,110,5
62,111,9
62,112,3
62,113,7
62,114,7
62,115,7
62,116,2
62,117,50
62,118,11
62,119,1
62,122,1
62,123,1
62,126,3
62,127,2
62,128,19
62,129,33
62,130,4
62,131,2
62,132,18
62,133,4
62,134,2
62,135,3
62,138,2
62,139,2
63,1,132
63,2,19
63,3,19
63,4,8
63,5,1
63,6,2
63,7,2
63,10,5
63,11,3
63,13,3
63,15,1
63,16,1
63,17,1
63,18,1
63,19,1
63,21,1
63,24,4
63,25,7
63,27,4
63,28,3
63,29,4
63,30,4
63,31,10
63,32,1
63,33,6
63,34,5
63,37,15
63,38,7
63,39,2
63,40,8
63,41,14
63,42,12
63,43,8
63,44,15
63,45,2
63,46,12
63,47,1
63,48,2
63,49,7
63,50,278
63,51,125
63,52,33
63,53,30
63,54,20
63,55,9
63,56,7
63,57,23
63,58,12
63,59,11
63,60,9
63,61,22
63,62,5
63,64,6
63,65,4
63,66,3
63,67,5
63,68,5
63,69,72
63,70,15
63,71,7
63,72,1
63,73,30
63,74,6
63,75,6
63,76,3
63,77,5
63,78,1
63,79,145
63,80,6
63,81,10
63,82,20
63,83,4
63,85,10
63,86,3
63,87,1
63,88,50
63,89,8
63,90,3
63,91,29
63,92,8
63,93,4
63,94,6
63,95,10
63,97,5
63,98,77
63,99,104
63,100,8
63,101,3
63,102,41
63,103,30
63,104,49
63,105,5
63,106,9
63,107,45
63,108,13
63,109,11
63,110,24
63,111,34
63,112,6
63,113,12
63,114,3
63,115,26
63,116,10
63,117,99
63,118,11
63,119,8
63,120,6
63,121,16
63,122,22
63,123,3
63,124,8
63,125,5
63,127,4
63,128,50
63,129,86
63,130,11
63,131,12
63,132,32
63,133,4
63,134,6
63,135,7
63,136,1
63,137,1
63,138,6
63,139,7
64,1,58
64,2,20
64,3,23
64,4,4
64,9,1
64,10,4
64,11,1
64,13,1
64,16,1
64,17,1
64,25,3
64,30,2
64,33,7
64,34,1
64,37,1
64,38,7
64,39,1
64,40,2
64,41,8
64,42,3
64,43,2
64,44,5
64,45,1
64,46,2
64,47,5
64,48,3
64,49,3
64,50,103
64,51,51
64,52,14
64,53,21
64,54,8
64,55,4
64,56,1
64,57,15
64,58,3
64,59,8
64,60,4
64,61,3
64,63,25
64,66,2
64,67,3
64,68,3
64,69,25
64,70,4
64,71,3
64,73,9
64,75,4
64,77,4
64,78,4
64,79,50
64,80,3
64,81,4
64,82,4
64,83,1
64,84,3
64,85,6
64,86,4
64,88,21
64,89,5
64,91,10
64,92,3
64,93,4
64,95,17
64,96,1
64,97,2
64,98,41
64,99,45
64,101,2
64,102,16
64,103,7
64,104,37
64,105,2
64,106,3
64,107,10
64,108,4
64,109,5
64,110,12
64,111,17
64,112,5
64,113,8
64,114,3
64,115,10
64,116,2
64,117,77
64,118,5
64,119,2
64,120,4
64,121,9
64,123,2
64,124,3
64,125,1
64,127,1
64,128,23
64,129,34
64,131,8
64,132,12
64,133,2
64,134,4
64,135,7
64,136,1
64,137,4
64,138,2
64,139,7
65,1,35
65,2,11
65,3,4
65,4,7
65,6,2
65,7,1
65,10,7
65,20,1
65,23,1
65,24,2
65,25,1
65,27,4
65,28,1
65,33,9
65,37,1
65,38,1
65,41,8
65,42,6
65,43,5
65,44,4
65,45,1
65,46,2
65,47,3
65,49,3
65,50,89
65,51,33
65,52,8
65,53,19
65,54,7
65,55,2
65,56,3
65,57,3
65,58,5
65,59,4
65,60,1
65,61,2
65,63,19
65,64,5
65,67,5
65,68,3
65,69,9
65,70,6
65,71,1
65,73,10
65,74,2
65,77,1
65,78,1
65,79,42
65,80,3
65,81,2
65,82,13
65,83,1
65,84,2
65,85,9
65,86,2
65,88,16
65,89,2
65,90,3
65,91,3
65,93,2
65,94,2
65,95,4
65,96,1
65,98,24
65,99,25
65,100,1
65,101,2
65,102,8
65,103,10
65,104,37
65,105,3
65,107,7
65,108,2
65,109,4
65,110,8
65,111,14
65,113,2
65,114,6
65,115,6
65,116,3
65,117,85
65,118,4
65,119,8
65,120,4
65,121,2
65,122,1
65,123,1
65,124,5
65,125,2
65,126,4
65,127,1
65,128,10
65,129,64
65,130,2
65,131,2
65,132,20
65,133,2
65,134,2
65,137,1
65,138,1
66,1,12
66,2,7
66,3,1
66,4,2
66,10,2
66,24,1
66,25,1
66,30,1
66,33,2
66,34,2
66,35,1
66,37,5
66,38,1
66,42,7
66,43,2
66,44,2
66,46,1
66,50,55
66,51,21
66,52,6
66,53,6
66,54,2
66,55,5
66,56,4
66,57,6
66,58,10
66,59,2
66,60,1
66,61,2
66,63,11
66,67,2
66,69,9
66,70,1
66,72,2
66,73,9
66,74,2
66,79,30
66,82,1
66,84,2
66,85,7
66,86,2
66,88,16
66,89,3
66,90,2
66,91,1
66,94,3
66,95,5
66,97,2
66,98,19
66,99,21
66,101,4
66,102,1
66,103,11
66,104,39
66,105,6
66,106,1
66,107,7
66,108,2
66,110,3
66,111,7
66,112,2
66,113,1
66,114,1
66,115,1
66,116,1
66,117,67
66,118,1
66,119,3
66,120,2
66,121,1
66,124,6
66,125,3
66,126,4
66,128,6
66,129,18
66,130,2
66,131,1
66,132,5
66,133,1
66,134,2
66,135,3
66,137,2
66,139,5
67,1,20
67,2,5
67,3,6
67,4,6
67,7,1
67,10,1
67,12,1
67,15,1
67,21,1
67,22,2
67,24,2
67,25,1
67,26,1
67,30,3
67,31,1
67,33,2
67,37,2
67,38,2
67,39,1
67,40,1
67,41,7
67,43,6
67,46,1
67,48,1
67,49,3
67,50,48
67,51,34
67,52,7
67,53,8
67,54,4
67,55,9
67,56,1
67,57,4
67,58,7
67,59,5
67,60,2
67,61,9
67,62,1
67,63,10
67,64,1
67,66,1
67,68,1
67,69,8
67,70,2
67,73,4
67,74,1
67,75,2
67,79,30
67,80,2
67,81,1
67,83,1
67,84,5
67,85,14
67,86,3
67,88,18
67,89,1
67,90,2
67,91,2
67,92,3
67,95,5
67,97,1
67,98,24
67,99,30
67,100,5
67,102,8
67,103,12
67,104,24
67,105,2
67,107,8
67,108,1
67,110,2
67,111,6
67,113,3
67,114,2
67,115,8
67,116,5
67,117,70
67,119,4
67,122,1
67,125,2
67,126,2
67,128,8
67,129,33
67,130,3
67,131,2
67,132,9
67,133,1
67,134,3
67,135,6
68,1,41
68,2,14
68,4,11
68,5,2
68,10,2
68,13,3
68,21,1
68,23,1
68,24,1
68,25,2
68,31,2
68,32,1
68,33,4
68,34,3
68,37,5
68,38,6
68,41,3
68,42,7
68,43,6
68,44,7
68,46,4
68,47,2
68,48,2
68,49,6
68,50,89
68,51,40
68,52,21
68,53,6
68,54,8
68,55,9
68,57,7
68,58,2
68,59,1
68,63,16
68,67,6
68,69,9
68,70,4
68,72,4
68,73,22
68,74,4
68,75,2
68,77,6
68,78,4
68,79,53
68,80,8
68,81,4
68,82,10
68,83,4
68,84,2
68,85,5
68,86,1
68,88,21
68,89,2
68,90,1
68,91,9
68,92,1
68,93,4
68,94,1
68,95,1
68,97,1
68,98,37
68,99,37
68,101,8
68,102,11
68,103,4
68,104,21
68,105,5
68,106,2
68,107,15
68,108,3
68,109,6
68,110,10
68,111,10
68,113,6
68,114,2
68,115,9
68,116,2
68,117,63
68,118,4
68,119,1
68,120,3
68,121,2
68,122,1
68,123,1
68,124,5
68,125,2
68,126,2
68,127,1
68,128,25
68,129,45
68,130,2
68,132,21
68,133,1
68,134,4
68,135,5
68,139,2
69,1,107
69,2,32
69,3,9
69,4,12
69,5,1
69,6,3
69,7,1
69,10,8
69,11,1
69,13,5
69,14,1
69,16,2
69,17,4
69,21,2
69,25,11
69,26,1
69,27,1
69,28,2
69,30,4
69,33,6
69,34,12
69,35,1
69,36,1
69,37,10
69,38,8
69,39,4
69,40,8
69,41,14
69,42,10
69,43,3
69,44,13
69,45,1
69,46,8
69,48,2
69,49,4
69,50,198
69,51,111
69,52,25
69,53,19
69,54,25
69,55,26
69,57,25
69,58,9
69,59,2
69,60,2
69,61,8
69,62,1
69,63,63
69,64,1
69,66,1
69,67,3
69,68,5
69,70,4
69,72,3
69,73,37
69,74,10
69,75,2
69,76,1
69,77,12
69,78,9
69,79,87
69,80,10
69,81,6
69,82,13
69,83,6
69,84,2
69,85,7
69,86,17
69,87,2
69,88,46
69,89,12
69,90,9
69,91,13
69,93,3
69,94,5
69,95,11
69,97,4
69,98,66
69,99,80
69,100,5
69,101,4
69,102,16
69,103,21
69,104,37
69,105,4
69,106,1
69,107,32
69,108,9
69,109,7
69,110,29
69,111,22
69,112,3
69,113,27
69,114,5
69,115,18
69,116,8
69,117,132
69,118,8
69,119,13
69,120,2
69,121,4
69,122,1
69,123,6
69,124,3
69,125,7
69,126,5
69,127,2
69,128,41
69,129,80
69,130,11
69,131,5
69,132,34
69,133,2
69,134,5
69,135,8
69,137,7
69,138,2
69,139,7
70,1,57
70,2,20
70,3,2
70,4,9
70,5,1
70,10,10
70,13,2
70,16,2
70,20,1
70,21,4
70,23,1
70,24,4
70,25,6
70,26,1
70,27,3
70,30,2
70,31,4
70,33,2
70,34,6
70,37,8
70,39,1
70,40,1
70,41,9
70,42,6
70,43,1
70,44,6
70,45,5
70,46,1
70,47,2
70,48,1
70,49,11
70,50,232
70,51,73
70,52,15
70,53,13
70,54,12
70,55,11
70,56,4
70,57,19
70,58,1
70,59,3
70,60,1
70,61,8
70,63,25
70,66,3
70,67,1
70,68,1
70,69,21
70,71,9
70,72,4
70,73,9
70,74,1
70,75,4
70,76,2
70,77,7
70,78,4
70,79,84
70,80,4
70,81,24
70,82,8
70,83,3
70,84,3
70,85,1
70,86,9
70,87,2
70,88,50
70,89,5
70,90,5
70,91,21
70,94,2
70,95,4
70,96,1
70,97,2
70,98,60
70,99,70
70,101,1
70,102,23
70,103,19
70,104,38
70,105,8
70,106,1
70,107,13
70,108,10
70,109,9
70,110,15
70,111,40
70,112,3
70,113,4
70,114,11
70,115,7
70,116,3
70,117,83
70,118,9
70,119,7
70,120,14
70,121,12
70,122,5
70,123,2
70,124,1
70,125,4
70,126,3
70,128,17
70,129,80
70,130,2
70,131,3
70,132,42
70,133,6
70,134,10
70,135,1
70,137,4
70,138,4
70,139,4
71,1,88
71,2,26
71,3,5
71,4,7
71,5,6
71,6,2
71,7,3
71,10,7
71,12,2
71,13,1
71,17,2
71,24,2
71,25,4
71,28,2
71,30,1
71,32,2
71,33,7
71,34,2
71,37,4
71,38,13
71,40,1
71,41,2
71,42,6
71,43,7
71,44,6
71,46,5
71,47,1
71,48,3
71,49,11
71,50,218
71,51,84
71,52,12
71,53,22
71,54,5
71,55,11
71,56,4
71,57,36
71,58,7
71,59,5
71,60,5
71,61,14
71,63,31
71,65,2
71,66,5
71,67,3
71,68,6
71,69,14
71,70,17
71,73,9
71,74,1
71,75,5
71,76,1
71,77,19
71,78,13
71,79,76
71,80,2
71,81,16
71,82,19
71,83,1
71,84,1
71,85,11
71,86,9
71,87,7
71,88,81
71,89,20
71,90,7
71,91,15
71,92,1
71,93,1
71,94,2
71,95,10
71,97,12
71,98,66
71,99,63
71,100,4
71,101,4
71,102,34
71,103,6
71,104,17
71,105,1
71,107,17
71,108,6
71,109,8
71,110,11
71,111,33
71,112,6
71,113,7
71,114,4
71,115,13
71,116,5
71,117,59
71,118,16
71,119,6
71,120,16
71,121,7
71,122,9
71,123,1
71,124,1
71,125,8
71,126,2
71,127,2
71,128,29
71,129,78
71,130,4
71,131,7
71,132,34
71,133,1
71,134,11
71,135,7
71,137,1
71,138,11
71,139,16
72,1,78
72,2,19
72,3,1
72,4,12
72,7,1
72,8,1
72,10,7
72,11,1
72,13,2
72,16,1
72,17,2
72,23,1
72,24,1
72,25,6
72,27,1
72,29,4
72,30,6
72,33,8
72,34,1
72,37,8
72,38,10
72,39,1
72,41,13
72,42,3
72,43,5
72,44,9
72,45,1
72,46,6
72,47,1
72,48,3
72,49,2
72,50,233
72,51,117
72,52,17
72,53,33
72,54,8
72,55,15
72,56,3
72,57,13
72,58,8
72,59,1
72,60,1
72,61,5
72,63,38
72,64,2
72,67,7
72,68,1
72,69,16
72,70,20
72,71,2
72,73,19
72,74,1
72,75,1
72,77,12
72,78,4
72,79,72
72,80,5
72,81,18
72,82,31
72,83,1
72,85,3
72,86,7
72,87,3
72,88,48
72,89,7
72,90,4
72,91,13
72,92,3
72,94,5
72,95,3
72,97,5
72,98,75
72,99,92
72,100,16
72,101,5
72,102,32
72,103,26
72,104,33
72,105,7
72,107,19
72,108,5
72,109,1
72,110,9
72,111,50
72,112,3
72,113,7
72,114,13
72,115,14
72,116,11
72,117,113
72,118,19
72,119,20
72,120,10
72,121,4
72,122,2
72,123,2
72,125,4
72,126,2
72,128,53
72,129,85
72,130,6
72,131,6
72,132,36
72,133,7
72,134,11
72,135,2
72,136,1
72,137,3
72,138,1
72,139,5
73,1,93
73,2,21
73,3,1
73,4,7
73,6,1
73,10,3
73,17,1
73,21,2
73,24,1
73,25,1
73,29,1
73,30,3
73,31,1
73,33,2
73,34,1
73,35,1
73,37,1
73,38,11
73,39,5
73,40,4
73,42,6
73,43,10
73,44,11
73,46,2
73,47,3
73,48,1
73,49,2
73,50,169
73,51,71
73,52,15
73,53,18
73,54,10
73,55,17
73,56,1
73,57,23
73,58,6
73,59,3
73,60,1
73,61,2
73,63,18
73,65,1
73,66,1
73,67,7
73,68,1
73,69,13
73,70,10
73,71,3
73,72,1
73,74,2
73,75,1
73,76,1
73,77,3
73,78,1
73,79,88
73,80,8
73,81,4
73,82,15
73,84,2
73,85,14
73,86,4
73,88,29
73,89,2
73,90,3
73,91,11
73,93,1
73,94,6
73,95,2
73,96,1
73,97,2
73,98,65
73,99,96
73,100,3
73,101,3
73,102,20
73,103,6
73,104,24
73,105,9
73,106,4
73,107,29
73,108,4
73,109,7
73,110,16
73,111,19
73,112,3
73,113,4
73,114,4
73,115,5
73,116,2
73,117,102
73,118,14
73,119,9
73,120,5
73,121,11
73,122,2
73,124,3
73,125,3
73,126,2
73,127,1
73,128,22
73,129,64
73,130,6
73,131,5
73,132,18
73,133,2
73,134,7
73,135,1
73,136,2
73,137,4
73,138,1
73,139,1
74,1,59
74,2,19
74,3,1
74,4,3
74,5,1
74,10,6
74,12,1
74,14,2
74,16,1
74,17,3
74,24,1
74,25,6
74,27,2
74,28,2
74,30,1
74,32,1
74,33,4
74,34,2
74,35,1
74,37,2
74,38,9
74,39,2
74,40,1
74,42,10
74,43,7
74,44,7
74,46,2
74,47,2
74,48,3
74,49,5
74,50,146
74,51,78
74,52,9
74,53,11
74,54,13
74,55,9
74,56,5
74,57,17
74,58,1
74,59,4
74,60,6
74,61,4
74,63,26
74,64,2
74,67,3
74,68,3
74,69,10
74,70,1
74,71,3
74,73,8
74,75,5
74,77,4
74,78,3
74,79,61
74,80,7
74,81,1
74,82,8
74,84,1
74,85,5
74,86,8
74,87,4
74,88,31
74,89,1
74,90,4
74,91,4
74,92,3
74,93,5
74,94,1
74,95,7
74,96,1
74,97,3
74,98,29
74,99,55
74,100,2
74,101,2
74,102,22
74,103,11
74,104,42
74,107,14
74,108,3
74,109,4
74,110,16
74,111,29
74,112,1
74,113,3
74,114,6
74,115,14
74,116,10
74,117,136
74,118,3
74,119,16
74,123,4
74,124,11
74,125,4
74,126,3
74,128,25
74,129,73
74,130,3
74,131,6
74,132,27
74,133,4
74,134,4
74,135,3
74,138,2
74,139,6
75,1,91
75,2,26
75,3,1
75,4,2
75,10,11
75,11,1
75,12,1
75,16,4
75,21,1
75,27,1
75,28,2
75,30,4
75,31,2
75,33,16
75,34,6
75,35,2
75,37,3
75,38,8
75,39,1
75,40,2
75,41,14
75,42,5
75,43,14
75,44,24
75,45,1
75,46,6
75,47,3
75,48,3
75,49,3
75,50,313
75,51,111
75,52,21
75,53,22
75,54,17
75,55,14
75,56,8
75,57,40
75,58,2
75,59,6
75,60,3
75,61,3
75,63,23
75,66,1
75,67,3
75,68,1
75,69,18
75,70,11
75,71,9
75,72,2
75,73,8
75,74,1
75,76,7
75,77,39
75,78,17
75,79,115
75,80,3
75,81,13
75,82,10
75,85,12
75,86,7
75,88,137
75,89,15
75,90,3
75,91,21
75,93,4
75,94,9
75,95,1
75,96,1
75,97,9
75,98,109
75,99,124
75,100,3
75,101,9
75,102,55
75,103,28
75,104,33
75,105,3
75,106,7
75,107,68
75,108,12
75,109,4
75,110,12
75,111,48
75,113,22
75,114,14
75,115,13
75,116,10
75,117,107
75,118,13
75,119,8
75,120,7
75,121,1
75,122,4
75,124,1
75,125,15
75,126,3
75,127,3
75,128,30
75,129,96
75,130,7
75,131,4
75,132,54
75,133,8
75,134,6
75,135,4
75,137,5
75,138,4
75,139,3
76,1,117
76,2,28
76,3,5
76,4,7
76,5,2
76,6,2
76,7,3
76,9,1
76,10,10
76,17,2
76,18,1
76,21,1
76,24,4
76,25,1
76,28,1
76,29,7
76,30,3
76,33,4
76,34,7
76,35,2
76,36,2
76,37,6
76,38,5
76,39,2
76,40,4
76,41,5
76,42,14
76,43,10
76,44,19
76,45,1
76,46,1
76,47,2
76,49,5
76,50,269
76,51,125
76,52,16
76,53,17
76,54,13
76,55,15
76,56,5
76,57,24
76,58,3
76,59,8
76,60,5
76,61,5
76,62,2
76,63,25
76,67,2
76,69,18
76,70,9
76,71,1
76,72,1
76,73,7
76,75,11
76,77,26
76,78,8
76,79,123
76,80,7
76,81,11
76,82,23
76,83,1
76,84,1
76,86,6
76,87,6
76,88,101
76,89,8
76,90,8
76,91,28
76,94,3
76,96,3
76,97,5
76,98,91
76,99,95
76,100,2
76,101,8
76,102,45
76,103,13
76,104,37
76,105,7
76,107,28
76,108,11
76,109,6
76,110,11
76,111,33
76,112,5
76,113,8
76,114,22
76,115,11
76,116,9
76,117,124
76,118,22
76,119,10
76,120,3
76,121,7
76,122,2
76,123,3
76,125,11
76,126,3
76,127,1
76,128,50
76,129,122
76,130,1
76,131,15
76,132,42
76,133,10
76,134,8
76,135,3
76,137,3
76,138,6
76,139,14
77,1,164
77,2,37
77,3,3
77,4,11
77,5,2
77,6,3
77,7,2
77,10,7
77,12,1
77,14,1
77,20,1
77,21,3
77,25,3
77,27,3
77,28,2
77,29,1
77,30,1
77,31,2
77,32,1
77,33,10
77,34,5
77,37,8
77,38,13
77,39,1
77,40,3
77,41,10
77,42,9
77,43,14
77,44,24
77,45,1
77,46,1
77,48,8
77,49,9
77,50,446
77,51,166
77,52,19
77,53,31
77,54,15
77,55,26
77,56,2
77,57,36
77,58,4
77,59,2
77,60,7
77,61,5
77,62,2
77,63,28
77,64,3
77,66,1
77,67,2
77,68,2
77,69,13
77,70,10
77,71,10
77,72,3
77,73,18
77,74,3
77,75,10
77,76,13
77,78,11
77,79,131
77,80,1
77,81,19
77,82,11
77,83,1
77,85,10
77,86,4
77,87,5
77,88,209
77,89,27
77,90,14
77,91,36
77,92,4
77,93,1
77,94,6
77,95,1
77,96,7
77,97,7
77,98,134
77,99,169
77,100,9
77,101,9
77,102,54
77,103,55
77,104,50
77,105,16
77,106,2
77,107,41
77,108,13
77,109,10
77,110,19
77,111,77
77,112,6
77,113,18
77,114,33
77,115,17
77,116,18
77,117,175
77,118,31
77,119,17
77,120,5
77,121,6
77,122,6
77,124,1
77,125,6
77,126,10
77,127,2
77,128,67
77,129,155
77,130,13
77,131,4
77,132,84
77,133,5
77,134,5
77,135,4
77,136,4
77,137,2
77,138,10
77,139,21
78,1,92
78,2,19
78,3,4
78,4,9
78,5,2
78,7,2
78,9,1
78,10,3
78,14,3
78,15,1
78,16,2
78,17,2
78,21,1
78,24,4
78,25,6
78,28,1
78,29,2
78,30,2
78,31,4
78,32,1
78,33,14
78,34,7
78,37,8
78,38,8
78,39,1
78,40,7
78,41,11
78,42,4
78,43,2
78,44,12
78,46,4
78,47,4
78,48,1
78,49,9
78,50,204
78,51,95
78,52,11
78,53,23
78,54,12
78,55,11
78,56,3
78,57,21
78,58,6
78,59,7
78,60,6
78,61,13
78,62,1
78,63,24
78,67,1
78,69,13
78,70,6
78,71,4
78,72,1
78,73,18
78,74,1
78,75,9
78,76,2
78,77,13
78,79,71
78,80,6
78,81,26
78,82,25
78,83,6
78,84,2
78,85,3
78,86,4
78,87,4
78,88,65
78,89,8
78,90,9
78,91,7
78,95,6
78,96,1
78,97,10
78,98,60
78,99,90
78,101,5
78,102,34
78,103,14
78,104,21
78,105,7
78,106,1
78,107,27
78,108,9
78,109,12
78,110,20
78,111,47
78,112,2
78,113,5
78,114,16
78,115,5
78,116,5
78,117,84
78,118,13
78,119,8
78,120,14
78,121,5
78,122,4
78,124,2
78,125,9
78,126,3
78,128,42
78,129,107
78,130,5
78,131,11
78,132,49
78,133,10
78,134,8
78,135,10
78,136,1
78,137,1
78,138,2
78,139,8
79,1,68
79,2,8
79,4,1
79,6,1
79,7,4
79,10,3
79,13,1
79,16,2
79,17,3
79,18,1
79,19,2
79,20,1
79,21,5
79,25,10
79,29,2
79,31,1
79,33,4
79,34,2
79,36,1
79,37,1
79,39,2
79,40,8
79,41,8
79,42,4
79,43,3
79,44,1
79,45,1
79,46,10
79,49,4
79,50,144
79,51,47
79,52,15
79,53,27
79,54,12
79,55,22
79,56,5
79,57,31
79,63,2
79,68,1
79,69,10
79,70,3
79,71,5
79,77,2
79,80,5
79,81,2
79,82,3
79,83,2
79,85,1
79,86,3
79,88,5
79,90,2
79,91,1
79,92,2
79,94,3
79,95,5
79,97,1
79,98,26
79,99,42
79,100,3
79,102,17
79,103,15
79,104,3
79,107,5
79,108,1
79,109,4
79,110,8
79,111,10
79,112,5
79,113,2
79,114,1
79,115,3
79,116,3
79,117,25
79,118,4
79,122,1
79,124,2
79,126,2
79,127,2
79,128,5
79,129,18
79,130,3
79,131,4
79,132,18
79,133,1
79,134,1
79,135,4
79,137,1
79,139,2
80,1,50
80,2,8
80,5,1
80,10,5
80,11,1
80,15,1
80,16,1
80,24,3
80,25,3
80,27,2
80,28,1
80,30,1
80,33,7
80,34,7
80,37,3
80,38,7
80,40,2
80,41,9
80,42,8
80,43,2
80,44,9
80,45,1
80,46,4
80,49,3
80,50,116
80,51,56
80,52,19
80,53,20
80,54,9
80,55,6
80,56,3
80,57,9
80,58,3
80,60,2
80,61,2
80,62,2
80,63,19
80,68,5
80,69,7
80,70,2
80,71,2
80,73,4
80,79,71
80,81,2
80,82,11
80,83,10
80,85,9
80,86,5
80,87,2
80,88,10
80,89,2
80,90,1
80,91,8
80,92,7
80,94,6
80,95,3
80,97,2
80,98,29
80,99,45
80,101,1
80,102,8
80,103,11
80,104,38
80,105,5
80,106,5
80,107,7
80,108,1
80,109,2
80,110,9
80,111,13
80,113,2
80,114,2
80,115,12
80,116,1
80,117,127
80,118,6
80,119,4
80,123,1
80,124,5
80,125,4
80,126,5
80,127,3
80,128,28
80,129,45
80,131,6
80,132,17
80,133,2
80,134,3
80,135,2
80,137,2
80,139,3
81,1,56
81,2,18
81,3,5
81,4,6
81,5,1
81,10,8
81,11,1
81,12,1
81,22,1
81,25,4
81,27,3
81,29,1
81,31,1
81,32,1
81,33,4
81,34,1
81,37,3
81,38,5
81,41,1
81,42,2
81,43,9
81,44,15
81,46,2
81,48,3
81,49,7
81,50,179
81,51,65
81,52,8
81,53,10
81,54,7
81,55,14
81,56,6
81,57,17
81,58,1
81,60,7
81,62,1
81,63,12
81,66,2
81,67,4
81,68,1
81,69,6
81,70,7
81,71,2
81,72,2
81,73,6
81,74,1
81,75,1
81,77,9
81,78,3
81,79,60
81,80,3
81,82,17
81,84,1
81,85,7
81,86,5
81,88,26
81,89,5
81,90,3
81,91,11
81,95,4
81,96,1
81,97,4
81,98,66
81,99,51
81,101,1
81,102,23
81,103,10
81,104,40
81,105,4
81,106,1
81,107,27
81,108,8
81,109,2
81,110,9
81,111,21
81,112,2
81,113,3
81,114,12
81,115,6
81,116,12
81,117,81
81,118,4
81,119,11
81,120,8
81,121,5
81,122,1
81,123,2
81,124,1
81,125,4
81,128,20
81,129,63
81,130,11
81,131,2
81,132,43
81,133,6
81,134,1
81,135,1
81,136,1
81,138,6
81,139,7
82,1,148
82,2,46
82,3,1
82,4,14
82,5,1
82,6,1
82,7,2
82,8,2
82,10,11
82,11,1
82,12,2
82,15,1
82,16,2
82,22,2
82,25,6
82,27,7
82,28,3
82,29,2
82,31,1
82,33,11
82,34,2
82,35,1
82,37,8
82,38,5
82,39,2
82,40,4
82,41,1
82,42,6
82,43,5
82,44,25
82,45,2
82,46,6
82,47,4
82,48,5
82,49,11
82,50,343
82,51,159
82,52,35
82,53,35
82,54,11
82,55,30
82,56,2
82,57,30
82,58,5
82,59,1
82,60,3
82,61,4
82,63,30
82,64,2
82,67,2
82,68,7
82,69,12
82,70,11
82,71,3
82,72,3
82,73,26
82,74,5
82,77,10
82,78,10
82,79,112
82,80,14
82,81,1
82,83,2
82,84,4
82,85,13
82,86,18
82,87,5
82,88,47
82,89,13
82,90,4
82,91,5
82,92,3
82,93,1
82,94,11
82,95,2
82,96,1
82,98,90
82,99,149
82,100,1
82,101,8
82,102,52
82,103,27
82,104,79
82,105,9
82,106,6
82,107,50
82,108,10
82,109,9
82,110,19
82,111,48
82,112,1
82,113,5
82,114,1
82,115,22
82,116,28
82,117,211
82,118,11
82,119,23
82,120,6
82,121,1
82,123,4
82,124,1
82,125,2
82,126,5
82,127,3
82,128,61
82,129,77
82,130,10
82,131,9
82,132,32
82,133,4
82,134,6
82,135,11
82,136,1
82,137,1
82,138,5
82,139,6
83,1,31
83,2,10
83,3,1
83,4,6
83,5,1
83,7,2
83,10,2
83,12,1
83,13,1
83,14,1
83,16,1
83,24,1
83,25,2
83,27,2
83,28,1
83,30,1
83,33,4
83,34,1
83,35,2
83,37,1
83,38,5
83,40,2
83,41,3
83,42,3
83,43,2
83,44,10
83,45,1
83,46,5
83,48,3
83,49,5
83,50,101
83,51,34
83,52,3
83,53,12
83,54,6
83,55,8
83,56,2
83,57,8
83,58,1
83,59,2
83,63,17
83,64,1
83,66,3
83,67,1
83,68,3
83,69,11
83,70,2
83,71,4
83,73,5
83,74,1
83,75,1
83,78,2
83,79,33
83,80,6
83,81,4
83,82,5
83,84,1
83,85,14
83,86,3
83,87,2
83,88,2
83,89,5
83,90,4
83,91,4
83,92,3
83,94,1
83,95,2
83,97,3
83,98,43
83,99,44
83,101,1
83,102,7
83,103,1
83,104,42
83,105,4
83,107,11
83,108,3
83,109,3
83,110,12
83,111,12
83,112,1
83,113,1
83,115,13
83,116,2
83,117,93
83,118,5
83,119,2
83,124,2
83,125,4
83,126,1
83,127,3
83,128,12
83,129,48
83,130,3
83,132,5
83,134,4
83,135,3
83,136,1
83,137,2
83,139,4
84,1,38
84,2,11
84,3,2
84,4,2
84,10,2
84,17,1
84,20,1
84,25,1
84,27,1
84,29,1
84,30,2
84,31,3
84,33,4
84,34,3
84,35,2
84,38,7
84,40,2
84,41,9
84,43,6
84,44,4
84,46,2
84,49,5
84,50,81
84,51,51
84,52,4
84,53,19
84,54,9
84,55,2
84,56,3
84,57,6
84,58,4
84,59,2
84,60,2
84,63,6
84,64,7
84,67,3
84,69,4
84,70,1
84,73,6
84,74,1
84,75,3
84,79,46
84,80,8
84,81,5
84,82,17
84,83,2
84,85,7
84,86,4
84,88,11
84,89,8
84,90,8
84,91,2
84,92,4
84,93,2
84,94,2
84,96,1
84,98,28
84,99,33
84,100,1
84,101,1
84,102,16
84,103,11
84,104,51
84,105,13
84,107,7
84,108,3
84,109,3
84,110,14
84,111,13
84,113,6
84,115,6
84,117,91
84,118,8
84,120,1
84,121,1
84,122,1
84,124,1
84,125,2
84,126,1
84,127,2
84,128,19
84,129,64
84,130,1
84,131,9
84,132,8
84,133,6
84,134,2
84,135,2
84,136,1
84,139,3
85,1,47
85,2,7
85,3,1
85,4,4
85,7,1
85,10,5
85,11,1
85,12,2
85,15,1
85,17,1
85,24,1
85,25,2
85,30,2
85,33,5
85,34,4
85,35,1
85,36,1
85,37,1
85,38,1
85,41,4
85,42,8
85,43,2
85,44,2
85,46,1
85,47,3
85,49,5
85,50,88
85,51,55
85,52,6
85,53,8
85,54,5
85,55,3
85,56,3
85,57,5
85,61,3
85,63,17
85,66,1
85,67,3
85,69,14
85,70,4
85,71,2
85,73,9
85,77,2
85,79,48
85,80,9
85,82,8
85,87,2
85,88,13
85,89,1
85,91,2
85,92,7
85,93,2
85,94,2
85,95,5
85,98,39
85,99,35
85,100,1
85,101,1
85,102,8
85,103,3
85,104,75
85,105,8
85,106,2
85,107,4
85,108,3
85,109,2
85,110,7
85,111,10
85,112,1
85,113,1
85,115,10
85,116,3
85,117,112
85,118,1
85,119,2
85,120,3
85,122,2
85,124,3
85,125,2
85,126,3
85,128,12
85,129,30
85,130,1
85,131,1
85,132,13
85,134,5
85,135,2
85,137,2
85,138,1
86,1,73
86,2,35
86,3,5
86,4,6
86,5,2
86,6,1
86,10,11
86,11,2
86,14,1
86,17,1
86,19,1
86,21,2
86,24,1
86,25,14
86,26,2
86,29,1
86,30,6
86,31,2
86,32,1
86,33,10
86,34,5
86,35,2
86,36,2
86,37,4
86,38,10
86,39,2
86,40,3
86,41,2
86,42,5
86,43,8
86,44,11
86,46,4
86,47,3
86,48,4
86,49,10
86,50,193
86,51,92
86,52,25
86,53,29
86,54,19
86,55,30
86,56,3
86,57,19
86,58,10
86,59,3
86,60,10
86,61,6
86,63,19
86,64,2
86,66,1
86,68,4
86,69,20
86,70,5
86,71,2
86,72,1
86,73,14
86,74,1
86,75,5
86,76,1
86,77,11
86,78,4
86,79,69
86,80,7
86,81,6
86,82,23
86,83,1
86,84,7
86,85,10
86,87,3
86,88,38
86,89,7
86,90,6
86,91,6
86,92,12
86,93,2
86,94,6
86,95,2
86,97,2
86,98,52
86,99,64
86,100,3
86,101,8
86,102,29
86,103,11
86,104,44
86,105,11
86,106,7
86,107,23
86,108,10
86,109,11
86,110,47
86,111,36
86,112,1
86,113,5
86,114,14
86,115,34
86,116,14
86,117,208
86,118,9
86,119,11
86,120,7
86,121,1
86,122,4
86,123,11
86,124,5
86,126,5
86,127,1
86,128,37
86,129,57
86,130,6
86,131,4
86,132,26
86,133,8
86,134,3
86,135,2
86,137,2
86,138,4
86,139,2
87,1,39
87,2,17
87,3,1
87,4,5
87,5,6
87,7,1
87,10,5
87,11,1
87,13,1
87,24,2
87,25,1
87,26,2
87,27,4
87,29,1
87,33,2
87,34,2
87,37,2
87,38,4
87,39,3
87,40,2
87,41,1
87,42,6
87,43,3
87,44,12
87,46,3
87,48,2
87,49,3
87,50,125
87,51,73
87,52,12
87,53,13
87,54,7
87,55,12
87,56,1
87,57,15
87,58,1
87,60,2
87,63,19
87,64,2
87,69,11
87,70,4
87,72,1
87,74,7
87,76,3
87,77,3
87,79,52
87,80,4
87,81,8
87,82,23
87,83,2
87,84,1
87,85,3
87,86,11
87,88,26
87,89,6
87,90,1
87,91,5
87,92,1
87,93,1
87,95,3
87,98,44
87,99,69
87,100,1
87,101,4
87,102,18
87,103,8
87,104,40
87,105,4
87,106,2
87,107,24
87,108,2
87,109,7
87,110,6
87,111,39
87,112,2
87,113,5
87,114,9
87,115,9
87,116,11
87,117,91
87,118,11
87,119,8
87,120,2
87,121,3
87,122,1
87,124,5
87,125,1
87,128,24
87,129,45
87,130,2
87,131,4
87,132,11
87,133,3
87,134,3
87,135,10
87,136,2
87,137,1
87,138,2
87,139,4
88,1,189
88,2,40
88,3,7
88,4,8
88,5,7
88,7,3
88,8,1
88,9,1
88,10,11
88,11,3
88,13,1
88,14,2
88,16,1
88,20,2
88,21,2
88,23,1
88,24,2
88,25,10
88,27,3
88,28,1
88,30,8
88,31,4
88,33,10
88,34,10
88,35,4
88,37,15
88,38,7
88,39,2
88,40,16
88,41,8
88,42,17
88,43,13
88,44,40
88,46,6
88,47,4
88,48,1
88,49,15
88,50,623
88,51,245
88,52,34
88,53,32
88,54,30
88,55,28
88,56,8
88,57,71
88,58,3
88,59,7
88,60,8
88,61,5
88,63,39
88,64,1
88,66,3
88,67,5
88,68,3
88,69,16
88,70,8
88,71,3
88,73,16
88,74,2
88,75,9
88,76,14
88,77,76
88,78,13
88,79,120
88,80,2
88,81,29
88,82,10
88,83,2
88,85,10
88,86,7
88,87,2
88,89,28
88,90,12
88,91,45
88,92,3
88,93,2
88,94,3
88,95,6
88,96,2
88,97,6
88,98,208
88,99,272
88,100,1
88,101,8
88,102,78
88,103,58
88,104,57
88,105,15
88,106,5
88,107,59
88,108,12
88,109,12
88,110,22
88,111,109
88,112,14
88,113,12
88,114,15
88,115,15
88,116,18
88,117,208
88,118,39
88,119,24
88,120,7
88,121,5
88,122,1
88,123,1
88,124,6
88,125,16
88,126,6
88,127,12
88,128,65
88,129,112
88,130,15
88,131,18
88,132,126
88,134,12
88,135,13
88,136,5
88,137,4
88,138,14
88,139,17
89,1,88
89,2,24
89,4,11
89,7,1
89,8,2
89,9,1
89,10,4
89,11,1
89,12,2
89,16,1
89,21,3
89,23,1
89,24,1
89,25,2
89,27,3
89,28,2
89,29,2
89,30,1
89,33,4
89,34,6
89,36,1
89,37,2
89,38,9
89,40,3
89,41,5
89,42,1
89,43,14
89,44,42
89,45,1
89,46,1
89,48,4
89,49,11
89,50,226
89,51,86
89,52,16
89,53,21
89,54,14
89,55,21
89,56,4
89,57,22
89,58,1
89,59,1
89,60,8
89,61,2
89,63,12
89,67,1
89,69,8
89,70,8
89,71,2
89,72,1
89,73,3
89,75,4
89,76,3
89,77,19
89,78,6
89,79,97
89,80,2
89,81,8
89,82,15
89,83,6
89,84,1
89,85,5
89,86,5
89,87,3
89,88,70
89,90,4
89,91,18
89,92,3
89,93,2
89,94,3
89,95,2
89,97,1
89,98,115
89,99,129
89,100,3
89,101,4
89,102,23
89,103,11
89,104,44
89,105,5
89,106,3
89,107,44
89,108,9
89,109,6
89,110,9
89,111,45
89,112,4
89,113,4
89,114,13
89,115,12
89,116,12
89,117,117
89,118,10
89,119,8
89,120,10
89,121,2
89,122,1
89,123,1
89,124,4
89,125,2
89,127,3
89,128,50
89,129,61
89,130,13
89,131,8
89,132,31
89,134,3
89,135,13
89,136,2
89,137,2
89,138,8
89,139,9
90,1,96
90,2,26
90,4,5
90,5,2
90,7,2
90,8,1
90,10,3
90,11,4
90,12,1
90,15,1
90,16,6
90,17,2
90,25,3
90,29,4
90,30,1
90,33,3
90,34,3
90,37,5
90,38,11
90,40,3
90,41,8
90,42,7
90,43,9
90,44,6
90,46,4
90,47,6
90,48,2
90,49,10
90,50,262
90,51,113
90,52,12
90,53,26
90,54,12
90,55,16
90,56,6
90,57,29
90,58,1
90,59,2
90,60,2
90,61,3
90,63,26
90,64,1
90,67,3
90,68,1
90,69,16
90,70,10
90,73,8
90,75,9
90,76,6
90,77,11
90,79,121
90,80,4
90,81,9
90,82,2
90,83,1
90,85,7
90,86,5
90,88,72
90,89,18
90,91,50
90,92,8
90,95,2
90,96,1
90,97,5
90,98,91
90,99,107
90,100,3
90,101,5
90,102,53
90,103,27
90,104,33
90,105,5
90,107,17
90,108,2
90,109,10
90,110,7
90,111,31
90,112,20
90,113,21
90,114,25
90,115,8
90,116,7
90,117,69
90,118,20
90,119,5
90,120,4
90,123,8
90,125,4
90,126,5
90,128,25
90,129,91
90,130,3
90,131,13
90,132,43
90,133,7
90,135,6
90,137,1
90,139,10
91,1,130
91,2,26
91,3,1
91,4,10
91,5,2
91,6,2
91,7,2
91,8,1
91,9,1
91,10,5
91,12,5
91,14,3
91,15,2
91,21,1
91,22,2
91,23,2
91,24,1
91,25,8
91,27,4
91,28,4
91,29,1
91,30,5
91,31,1
91,33,7
91,34,10
91,35,1
91,36,2
91,37,6
91,38,6
91,40,11
91,41,7
91,42,5
91,43,7
91,44,15
91,45,2
91,46,4
91,47,3
91,48,2
91,49,12
91,50,273
91,51,131
91,52,16
91,53,26
91,54,13
91,55,22
91,56,6
91,57,36
91,58,4
91,59,3
91,60,2
91,61,3
91,63,20
91,66,1
91,69,15
91,70,5
91,71,1
91,72,7
91,73,3
91,74,1
91,75,4
91,76,7
91,77,20
91,78,4
91,79,100
91,81,8
91,82,8
91,84,3
91,85,6
91,86,5
91,88,68
91,89,6
91,90,16
91,92,3
91,95,3
91,96,1
91,97,4
91,98,105
91,99,108
91,100,1
91,101,6
91,102,68
91,103,40
91,104,32
91,105,3
91,106,3
91,107,26
91,108,11
91,109,10
91,110,12
91,111,63
91,112,14
91,113,38
91,114,32
91,115,7
91,116,5
91,117,92
91,118,27
91,119,12
91,120,1
91,121,4
91,122,1
91,123,2
91,124,2
91,125,6
91,126,3
91,128,60
91,129,74
91,130,9
91,131,16
91,132,86
91,133,2
91,134,10
91,135,15
91,137,1
91,138,1
91,139,8
92,1,62
92,2,23
92,3,4
92,4,2
92,5,2
92,10,10
92,11,1
92,12,1
92,13,2
92,16,1
92,25,6
92,28,1
92,30,3
92,31,1
92,33,7
92,38,7
92,41,7
92,42,15
92,43,6
92,44,12
92,46,2
92,47,2
92,48,4
92,49,9
92,50,158
92,51,114
92,52,22
92,53,21
92,54,12
92,55,8
92,56,2
92,57,17
92,58,1
92,59,4
92,60,3
92,61,4
92,63,33
92,66,4
92,67,7
92,68,2
92,69,18
92,71,1
92,73,9
92,74,2
92,75,1
92,76,2
92,77,2
92,78,1
92,79,95
92,80,21
92,81,3
92,82,12
92,83,5
92,84,4
92,85,16
92,86,7
92,87,1
92,88,15
92,89,4
92,90,3
92,91,6
92,93,5
92,94,10
92,95,1
92,97,2
92,98,57
92,99,82
92,101,3
92,102,18
92,103,12
92,104,82
92,105,7
92,106,2
92,107,7
92,108,3
92,109,1
92,110,8
92,111,23
92,112,2
92,113,2
92,114,8
92,115,21
92,116,2
92,117,229
92,118,6
92,119,8
92,120,2
92,121,2
92,122,1
92,123,2
92,124,6
92,125,7
92,126,4
92,127,1
92,128,36
92,129,93
92,130,5
92,131,2
92,132,24
92,133,2
92,134,4
92,135,6
92,137,3
92,139,1
93,1,52
93,2,12
93,3,1
93,4,5
93,5,2
93,6,4
93,10,4
93,12,1
93,14,2
93,16,1
93,21,2
93,22,1
93,23,3
93,24,1
93,25,4
93,27,3
93,29,2
93,30,6
93,33,3
93,34,2
93,37,4
93,38,5
93,40,1
93,41,2
93,42,9
93,43,2
93,44,10
93,47,1
93,49,3
93,50,107
93,51,51
93,52,9
93,53,8
93,54,6
93,55,13
93,57,15
93,58,5
93,60,7
93,61,1
93,62,2
93,63,17
93,66,1
93,68,1
93,69,8
93,72,1
93,73,8
93,74,2
93,77,1
93,79,50
93,80,7
93,82,7
93,83,3
93,84,2
93,85,8
93,86,2
93,88,18
93,89,6
93,90,2
93,91,5
93,92,8
93,94,1
93,95,1
93,98,17
93,99,51
93,100,1
93,101,4
93,102,13
93,103,13
93,104,39
93,105,5
93,106,1
93,107,10
93,108,5
93,109,3
93,110,6
93,111,6
93,112,1
93,113,7
93,114,6
93,115,16
93,116,4
93,117,148
93,118,1
93,119,2
93,120,2
93,121,1
93,123,1
93,124,10
93,125,5
93,126,6
93,127,5
93,128,32
93,129,55
93,131,1
93,132,14
93,133,1
93,134,4
93,135,1
93,138,4
93,139,1
94,1,91
94,2,40
94,3,2
94,4,5
94,5,1
94,6,1
94,7,2
94,8,1
94,10,11
94,13,1
94,14,1
94,16,1
94,21,4
94,24,1
94,25,2
94,27,2
94,29,2
94,30,5
94,31,1
94,32,1
94,33,16
94,34,5
94,37,3
94,38,1
94,40,5
94,41,5
94,42,10
94,43,2
94,44,15
94,46,4
94,48,3
94,49,2
94,50,221
94,51,102
94,52,6
94,53,10
94,54,14
94,55,23
94,56,5
94,57,17
94,58,3
94,59,5
94,60,3
94,61,2
94,63,27
94,64,5
94,67,2
94,69,18
94,70,4
94,71,5
94,73,17
94,74,1
94,77,4
94,78,2
94,79,103
94,80,1
94,81,3
94,82,34
94,83,2
94,85,11
94,86,16
94,88,25
94,89,9
94,90,5
94,91,5
94,92,3
94,93,1
94,95,2
94,97,2
94,98,53
94,99,85
94,100,8
94,102,34
94,103,16
94,104,54
94,105,5
94,106,3
94,107,13
94,108,4
94,109,6
94,110,13
94,111,15
94,112,1
94,113,8
94,114,6
94,115,13
94,116,7
94,117,152
94,118,3
94,119,8
94,120,1
94,121,4
94,122,1
94,123,8
94,124,4
94,125,2
94,126,5
94,127,2
94,128,45
94,129,96
94,131,7
94,132,24
94,133,2
94,134,4
94,135,7
94,136,2
94,138,2
94,139,1
95,1,73
95,2,21
95,3,19
95,4,8
95,6,2
95,9,1
95,10,4
95,15,1
95,17,2
95,23,4
95,25,7
95,28,1
95,29,4
95,31,1
95,32,1
95,33,11
95,34,9
95,37,6
95,38,2
95,40,8
95,41,9
95,42,2
95,43,5
95,44,8
95,45,1
95,46,4
95,48,1
95,49,4
95,50,197
95,51,69
95,52,10
95,53,29
95,54,15
95,55,12
95,56,4
95,57,30
95,58,6
95,59,8
95,60,7
95,61,7
95,63,44
95,64,10
95,65,1
95,66,4
95,67,11
95,68,2
95,69,27
95,70,8
95,71,4
95,72,1
95,73,23
95,74,5
95,75,8
95,76,2
95,77,4
95,78,6
95,79,84
95,80,5
95,81,3
95,82,10
95,83,4
95,84,4
95,85,7
95,86,11
95,88,43
95,89,8
95,90,5
95,91,7
95,92,8
95,93,7
95,94,11
95,97,2
95,98,44
95,99,53
95,100,1
95,101,2
95,102,23
95,103,19
95,104,47
95,105,2
95,106,4
95,107,26
95,108,1
95,109,4
95,110,20
95,111,19
95,112,2
95,113,4
95,114,8
95,115,27
95,116,3
95,117,133
95,118,10
95,119,9
95,120,2
95,121,6
95,122,9
95,123,1
95,124,8
95,125,3
95,126,3
95,127,2
95,128,28
95,129,63
95,130,5
95,131,2
95,132,23
95,134,2
95,135,5
95,136,1
95,137,2
95,138,1
95,139,7
96,1,30
96,2,12
96,3,1
96,4,2
96,5,4
96,7,1
96,10,3
96,17,1
96,25,2
96,30,1
96,31,1
96,32,1
96,33,3
96,34,2
96,35,1
96,36,1
96,38,9
96,39,2
96,41,8
96,43,5
96,44,3
96,48,2
96,49,3
96,50,91
96,51,38
96,52,9
96,53,5
96,54,6
96,55,3
96,56,1
96,57,13
96,58,1
96,59,3
96,60,3
96,61,2
96,63,14
96,65,1
96,67,2
96,69,5
96,70,1
96,71,2
96,73,6
96,75,4
96,76,5
96,77,12
96,78,6
96,79,32
96,80,1
96,81,4
96,82,1
96,83,1
96,84,2
96,85,1
96,86,2
96,88,40
96,89,7
96,90,5
96,91,9
96,94,1
96,97,6
96,98,37
96,99,41
96,100,1
96,101,3
96,102,8
96,103,8
96,104,17
96,106,1
96,107,18
96,108,1
96,109,2
96,110,4
96,111,16
96,112,1
96,113,17
96,114,4
96,115,6
96,116,4
96,117,38
96,118,3
96,119,3
96,120,1
96,121,2
96,128,12
96,129,34
96,132,14
96,134,6
96,137,1
96,138,3
96,139,3
97,1,78
97,2,11
97,4,1
97,5,4
97,6,2
97,10,3
97,11,2
97,17,1
97,21,1
97,25,3
97,27,2
97,30,3
97,32,1
97,33,4
97,36,1
97,37,4
97,38,13
97,40,2
97,41,2
97,42,2
97,43,4
97,44,5
97,45,1
97,46,14
97,47,1
97,48,5
97,49,4
97,50,162
97,51,61
97,52,9
97,53,25
97,54,16
97,55,2
97,56,1
97,57,12
97,58,3
97,59,3
97,60,1
97,61,5
97,63,20
97,64,3
97,67,2
97,68,2
97,69,14
97,70,9
97,71,3
97,72,3
97,73,10
97,74,5
97,75,10
97,76,2
97,77,23
97,78,6
97,79,70
97,80,4
97,81,3
97,82,8
97,85,8
97,86,3
97,88,71
97,89,8
97,90,5
97,91,13
97,92,1
97,93,2
97,94,3
97,96,5
97,98,65
97,99,49
97,101,4
97,102,29
97,103,22
97,104,17
97,105,1
97,107,26
97,108,4
97,109,9
97,110,7
97,111,21
97,112,6
97,113,14
97,114,7
97,115,3
97,116,7
97,117,57
97,118,7
97,119,1
97,120,1
97,121,2
97,122,4
97,124,3
97,125,4
97,127,1
97,128,16
97,129,72
97,130,4
97,131,5
97,132,27
97,133,3
97,134,4
97,135,9
97,138,3
97,139,3
98,1,164
98,2,32
98,3,2
98,4,6
98,5,5
98,7,1
98,8,1
98,9,1
98,10,4
98,11,1
98,17,4
98,22,1
98,24,1
98,28,1
98,29,1
98,30,4
98,32,1
98,33,28
98,34,3
98,35,2
98,36,1
98,37,11
98,38,7
98,40,10
98,41,4
98,42,9
98,43,10
98,44,48
98,46,7
98,47,2
98,48,2
98,49,4
98,50,584
98,51,273
98,52,26
98,53,25
98,54,10
98,55,43
98,56,5
98,57,44
98,58,1
98,60,1
98,61,1
98,63,9
98,68,1
98,69,8
98,70,2
98,71,5
98,73,5
98,74,1
98,76,1
98,77,5
98,78,3
98,79,98
98,80,2
98,81,11
98,82,12
98,84,1
98,85,1
98,86,5
98,88,23
98,89,3
98,90,9
98,91,12
98,92,2
98,94,1
98,95,3
98,97,2
98,99,357
98,100,1
98,101,8
98,102,73
98,103,71
98,104,32
98,105,1
98,107,12
98,108,3
98,109,6
98,110,11
98,111,29
98,112,3
98,113,9
98,114,5
98,115,4
98,116,5
98,117,71
98,118,11
98,119,11
98,120,2
98,121,2
98,122,1
98,123,1
98,124,4
98,125,2
98,126,2
98,127,6
98,128,55
98,129,36
98,130,6
98,131,5
98,132,68
98,133,4
98,134,3
98,135,11
98,137,1
98,139,12
99,1,139
99,2,30
99,4,13
99,6,3
99,7,1
99,10,5
99,14,1
99,16,3
99,17,1
99,24,6
99,25,5
99,29,1
99,30,4
99,31,1
99,33,16
99,34,3
99,37,8
99,38,8
99,39,2
99,40,14
99,41,3
99,42,5
99,43,11
99,44,46
99,45,1
99,46,10
99,48,2
99,49,7
99,50,413
99,51,252
99,52,26
99,53,30
99,54,6
99,55,44
99,56,4
99,57,32
99,58,2
99,60,1
99,61,2
99,63,5
99,65,1
99,67,2
99,68,1
99,69,5
99,71,2
99,72,2
99,73,4
99,74,2
99,75,5
99,77,5
99,78,3
99,79,75
99,80,4
99,81,3
99,82,7
99,84,1
99,86,6
99,88,23
99,89,1
99,90,4
99,91,5
99,92,2
99,93,3
99,94,2
99,95,3
99,97,2
99,98,135
99,100,10
99,101,3
99,102,52
99,103,39
99,104,23
99,105,3
99,106,2
99,107,12
99,108,2
99,109,2
99,110,5
99,111,18
99,112,4
99,113,15
99,114,5
99,115,16
99,116,14
99,117,69
99,118,10
99,119,8
99,120,2
99,121,5
99,122,2
99,123,2
99,124,5
99,125,2
99,126,1
99,127,2
99,128,77
99,129,27
99,130,4
99,131,19
99,132,43
99,133,4
99,134,3
99,135,7
99,137,9
99,139,12
100,1,139
100,2,22
100,3,6
100,4,16
100,5,2
100,6,3
100,10,6
100,11,1
100,12,1
100,13,1
100,16,3
100,17,2
100,18,3
100,21,3
100,23,1
100,25,12
100,26,1
100,27,7
100,28,3
100,30,1
100,32,1
100,33,9
100,34,6
100,37,10
100,38,8
100,39,1
100,40,12
100,41,8
100,42,4
100,43,12
100,44,17
100,45,7
100,46,5
100,47,1
100,48,6
100,49,16
100,50,421
100,51,152
100,52,24
100,53,100
100,54,19
100,55,133
100,56,3
100,57,76
100,58,1
100,59,1
100,60,1
100,63,14
100,69,8
100,70,4
100,71,3
100,73,6
100,75,3
100,76,2
100,77,2
100,78,3
100,79,79
100,80,1
100,81,4
100,82,20
100,84,1
100,86,8
100,87,1
100,88,18
100,89,12
100,90,4
100,91,18
100,92,8
100,93,1
100,94,2
100,95,1
100,96,1
100,98,134
100,99,147
100,101,18
100,102,82
100,103,37
100,104,32
100,105,4
100,106,6
100,107,26
100,108,4
100,109,2
100,110,18
100,111,30
100,113,5
100,114,7
100,115,15
100,116,7
100,117,110
100,118,1
100,119,17
100,120,2
100,124,3
100,125,2
100,127,7
100,128,40
100,129,32
100,130,6
100,131,10
100,132,59
100,133,4
100,134,1
100,135,15
100,136,1
100,137,19
100,138,2
100,139,7
101,1,86
101,2,18
101,3,2
101,4,8
101,7,2
101,10,3
101,11,1
101,12,1
101,15,2
101,16,4
101,24,1
101,25,5
101,27,6
101,28,2
101,30,3
101,32,2
101,33,8
101,34,8
101,37,9
101,38,6
101,39,6
101,40,3
101,41,9
101,42,10
101,43,14
101,44,15
101,45,5
101,46,5
101,47,2
101,48,1
101,49,19
101,50,268
101,51,114
101,52,14
101,53,37
101,54,14
101,55,69
101,56,9
101,57,26
101,59,2
101,63,5
101,64,2
101,67,4
101,69,5
101,70,2
101,71,2
101,72,1
101,73,4
101,77,1
101,79,86
101,82,8
101,85,5
101,86,5
101,88,22
101,89,3
101,90,1
101,91,4
101,95,2
101,98,51
101,99,98
101,100,7
101,102,12
101,103,27
101,104,22
101,105,3
101,106,1
101,107,14
101,108,1
101,109,3
101,110,16
101,111,24
101,112,1
101,113,3
101,114,6
101,115,10
101,116,3
101,117,122
101,118,6
101,119,19
101,120,3
101,121,1
101,123,3
101,124,2
101,125,1
101,126,13
101,127,5
101,128,36
101,129,32
101,130,5
101,131,3
101,132,20
101,133,3
101,134,3
101,135,7
101,136,5
101,139,2
102,1,152
102,2,29
102,3,3
102,4,5
102,5,1
102,6,2
102,8,1
102,10,7
102,16,1
102,21,3
102,23,1
102,26,4
102,27,1
102,28,1
102,30,2
102,31,4
102,33,7
102,34,7
102,35,2
102,37,2
102,38,6
102,39,1
102,40,18
102,41,8
102,42,5
102,43,6
102,44,28
102,46,3
102,47,5
102,48,4
102,49,5
102,50,446
102,51,204
102,52,18
102,53,23
102,54,18
102,55,12
102,56,5
102,57,21
102,58,1
102,59,1
102,60,1
102,61,1
102,63,5
102,65,1
102,67,4
102,68,3
102,69,16
102,70,1
102,71,1
102,74,1
102,75,2
102,76,1
102,79,82
102,81,2
102,82,2
102,83,1
102,85,4
102,86,4
102,87,3
102,88,22
102,89,6
102,90,3
102,91,11
102,98,103
102,99,185
102,100,5
102,101,4
102,103,68
102,104,16
102,105,4
102,106,1
102,107,16
102,108,5
102,109,5
102,110,7
102,111,21
102,112,1
102,113,7
102,114,14
102,115,6
102,116,2
102,117,47
102,118,4
102,119,3
102,120,3
102,121,2
102,122,1
102,123,2
102,124,3
102,125,1
102,126,2
102,127,1
102,128,30
102,129,39
102,130,6
102,131,10
102,132,60
102,133,1
102,134,2
102,135,9
102,137,3
102,139,2
103,1,75
103,2,23
103,4,1
103,10,2
103,11,1
103,12,3
103,20,1
103,27,8
103,28,2
103,30,4
103,31,1
103,33,4
103,34,1
103,35,1
103,38,4
103,39,1
103,40,8
103,41,5
103,42,1
103,43,8
103,44,6
103,47,2
103,48,3
103,49,4
103,50,276
103,51,92
103,52,13
103,53,12
103,54,6
103,55,20
103,57,31
103,58,4
103,59,1
103,60,2
103,61,1
103,63,5
103,66,1
103,67,1
103,69,1
103,70,1
103,73,1
103,76,3
103,79,44
103,80,1
103,81,6
103,82,10
103,84,2
103,86,4
103,88,2
103,89,2
103,90,2
103,91,7
103,94,1
103,95,2
103,97,1
103,98,76
103,99,107
103,100,3
103,101,1
103,102,65
103,104,11
103,105,2
103,106,3
103,107,4
103,108,1
103,109,2
103,110,6
103,111,3
103,112,2
103,113,11
103,114,2
103,115,6
103,116,2
103,117,36
103,118,4
103,119,7
103,120,2
103,124,1
103,127,3
103,128,17
103,129,16
103,130,2
103,131,5
103,132,24
103,133,3
103,135,3
103,137,3
103,139,1
104,1,61
104,2,11
104,3,2
104,4,4
104,6,1
104,10,7
104,11,1
104,13,1
104,15,1
104,16,1
104,21,2
104,25,6
104,27,3
104,28,1
104,30,5
104,33,5
104,37,8
104,38,5
104,40,5
104,41,3
104,42,16
104,43,3
104,44,18
104,45,2
104,46,1
104,47,3
104,48,2
104,49,1
104,50,240
104,51,132
104,52,21
104,53,22
104,54,27
104,55,14
104,56,9
104,57,13
104,58,3
104,59,1
104,60,4
104,63,22
104,64,3
104,68,4
104,69,13
104,70,3
104,73,12
104,74,1
104,75,4
104,76,3
104,77,5
104,78,1
104,79,72
104,80,4
104,81,3
104,82,20
104,83,5
104,84,2
104,85,14
104,86,3
104,88,27
104,89,9
104,90,8
104,91,10
104,92,14
104,93,1
104,94,4
104,95,3
104,97,1
104,98,41
104,99,90
104,100,3
104,101,4
104,102,19
104,103,15
104,105,21
104,106,2
104,107,9
104,108,2
104,109,4
104,110,19
104,111,32
104,112,2
104,113,5
104,114,10
104,115,28
104,116,3
104,117,278
104,118,4
104,119,4
104,121,2
104,122,2
104,123,1
104,124,1
104,127,3
104,128,37
104,129,56
104,130,8
104,131,6
104,132,29
104,133,8
104,134,6
104,135,18
104,136,2
104,137,2
104,138,3
104,139,3
105,1,87
105,2,16
105,3,7
105,4,4
105,5,1
105,6,2
105,7,1
105,10,3
105,11,2
105,16,2
105,17,1
105,24,4
105,25,8
105,27,6
105,30,1
105,33,9
105,34,2
105,35,1
105,36,1
105,37,3
105,38,8
105,39,3
105,40,7
105,41,3
105,42,26
105,43,5
105,44,27
105,46,4
105,47,5
105,48,2
105,49,10
105,50,242
105,51,113
105,52,37
105,53,23
105,54,34
105,55,23
105,56,3
105,57,30
105,59,2
105,60,4
105,61,3
105,63,37
105,64,1
105,67,3
105,69,13
105,70,2
105,71,5
105,73,14
105,74,4
105,75,2
105,76,1
105,77,9
105,78,5
105,79,147
105,80,11
105,81,11
105,82,10
105,83,5
105,84,6
105,85,16
105,86,6
105,87,2
105,88,24
105,89,6
105,90,8
105,91,8
105,92,17
105,93,2
105,94,5
105,95,3
105,98,66
105,99,88
105,100,1
105,101,7
105,102,33
105,103,36
105,104,174
105,106,4
105,107,22
105,108,9
105,109,10
105,110,21
105,111,28
105,112,5
105,113,3
105,114,6
105,115,40
105,116,8
105,117,318
105,118,10
105,119,12
105,120,2
105,121,3
105,122,4
105,123,2
105,124,6
105,125,5
105,126,9
105,127,3
105,128,45
105,129,83
105,130,3
105,131,12
105,132,30
105,133,7
105,134,2
105,135,11
105,136,3
105,139,5
106,1,28
106,2,9
106,3,5
106,4,4
106,5,3
106,10,3
106,13,1
106,16,3
106,21,3
106,25,2
106,27,1
106,30,3
106,33,3
106,37,4
106,38,12
106,40,4
106,41,1
106,42,1
106,43,2
106,44,2
106,46,2
106,48,2
106,49,4
106,50,79
106,51,31
106,52,8
106,53,8
106,54,5
106,55,6
106,56,1
106,57,5
106,58,2
106,59,2
106,60,1
106,63,5
106,64,2
106,69,9
106,70,3
106,71,1
106,72,2
106,73,4
106,75,5
106,76,1
106,77,3
106,78,2
106,79,13
106,81,2
106,82,3
106,84,4
106,85,4
106,86,6
106,88,7
106,91,3
106,93,1
106,95,1
106,98,13
106,99,25
106,101,5
106,102,8
106,103,10
106,104,11
106,105,9
106,107,12
106,108,3
106,109,4
106,110,32
106,111,19
106,113,5
106,114,7
106,115,28
106,116,6
106,117,58
106,118,7
106,119,3
106,120,3
106,123,2
106,124,1
106,125,4
106,127,1
106,128,14
106,129,16
106,130,8
106,131,3
106,132,19
106,134,4
106,135,8
106,137,1
106,138,1
106,139,5
107,1,158
107,2,32
107,3,3
107,4,16
107,5,4
107,6,3
107,7,1
107,10,13
107,11,2
107,16,1
107,17,2
107,21,2
107,24,5
107,25,5
107,27,8
107,28,1
107,29,1
107,30,5
107,31,4
107,32,3
107,33,6
107,34,8
107,35,4
107,36,1
107,37,9
107,38,10
107,39,1
107,40,4
107,41,5
107,42,1
107,43,3
107,44,54
107,45,2
107,46,2
107,47,2
107,48,4
107,49,8
107,50,394
107,51,138
107,52,17
107,53,33
107,54,23
107,55,35
107,56,4
107,57,41
107,58,2
107,59,1
107,60,3
107,61,4
107,62,1
107,63,28
107,68,1
107,69,18
107,70,3
107,71,9
107,73,20
107,74,6
107,75,2
107,76,1
107,77,10
107,78,5
107,79,91
107,80,6
107,81,20
107,82,20
107,84,3
107,85,8
107,86,11
107,87,3
107,88,78
107,89,26
107,90,14
107,91,23
107,92,1
107,93,1
107,94,3
107,95,4
107,97,4
107,98,135
107,99,183
107,100,1
107,101,3
107,102,38
107,103,28
107,104,45
107,105,10
107,106,5
107,108,6
107,109,14
107,110,26
107,111,95
107,112,8
107,113,14
107,114,10
107,115,11
107,116,17
107,117,165
107,118,22
107,119,24
107,120,13
107,121,7
107,122,4
107,123,1
107,124,2
107,125,13
107,126,6
107,127,5
107,128,57
107,129,105
107,130,3
107,131,8
107,132,54
107,133,11
107,134,7
107,135,13
107,137,1
107,138,1
107,139,12
108,1,74
108,2,13
108,3,1
108,4,8
108,6,1
108,7,1
108,9,2
108,10,4
108,11,1
108,12,2
108,13,1
108,16,2
108,21,1
108,24,1
108,25,2
108,26,1
108,27,6
108,28,1
108,29,1
108,30,1
108,34,2
108,36,1
108,37,2
108,38,2
108,39,1
108,40,3
108,41,3
108,42,10
108,43,5
108,44,25
108,46,6
108,47,1
108,48,2
108,49,1
108,50,163
108,51,63
108,52,13
108,53,9
108,54,8
108,55,18
108,56,1
108,57,14
108,58,1
108,60,2
108,61,5
108,63,15
108,65,1
108,67,1
108,69,8
108,70,2
108,72,4
108,73,9
108,75,2
108,76,1
108,77,1
108,79,68
108,81,7
108,82,10
108,83,1
108,84,1
108,85,7
108,86,5
108,87,1
108,88,16
108,89,2
108,90,9
108,91,6
108,92,1
108,95,3
108,98,85
108,99,62
108,101,2
108,102,30
108,103,8
108,104,27
108,105,3
108,106,1
108,107,28
108,109,6
108,110,8
108,111,33
108,112,2
108,113,6
108,114,8
108,115,9
108,116,17
108,117,131
108,118,9
108,119,10
108,120,1
108,122,1
108,123,2
108,125,2
108,126,6
108,127,7
108,128,38
108,129,67
108,130,5
108,131,6
108,132,36
108,133,7
108,134,3
108,135,1
108,136,2
108,137,1
108,138,3
108,139,6
109,1,72
109,2,27
109,4,6
109,9,2
109,10,10
109,14,2
109,16,1
109,21,3
109,27,1
109,29,1
109,30,5
109,31,1
109,33,2
109,34,1
109,35,2
109,37,3
109,38,3
109,39,3
109,40,6
109,41,9
109,42,10
109,43,3
109,44,21
109,46,4
109,47,1
109,49,9
109,50,200
109,51,86
109,52,16
109,53,23
109,54,9
109,55,19
109,56,2
109,57,18
109,58,3
109,59,2
109,60,6
109,61,3
109,63,20
109,64,7
109,67,5
109,68,1
109,69,6
109,70,6
109,71,4
109,73,8
109,74,2
109,76,3
109,77,9
109,78,1
109,79,73
109,80,3
109,81,4
109,82,10
109,85,2
109,86,18
109,88,46
109,89,8
109,90,1
109,91,7
109,92,4
109,94,1
109,95,3
109,97,1
109,98,52
109,99,115
109,100,2
109,101,7
109,102,27
109,103,16
109,104,47
109,105,9
109,106,5
109,107,26
109,108,9
109,110,45
109,111,48
109,112,1
109,113,9
109,114,7
109,115,18
109,116,7
109,117,170
109,118,8
109,119,19
109,120,2
109,121,1
109,122,2
109,123,4
109,124,4
109,125,7
109,127,1
109,128,43
109,129,60
109,130,13
109,131,3
109,132,29
109,133,2
109,134,5
109,135,7
109,136,1
109,137,1
109,138,2
109,139,2
110,1,47
110,2,9
110,4,3
110,7,1
110,10,2
110,11,2
110,12,2
110,13,1
110,14,1
110,16,1
110,17,1
110,21,1
110,24,1
110,25,2
110,27,1
110,28,2
110,29,1
110,30,4
110,31,2
110,32,1
110,33,11
110,35,1
110,37,5
110,38,3
110,39,3
110,40,1
110,41,11
110,42,4
110,43,3
110,44,16
110,46,5
110,49,6
110,50,110
110,51,71
110,52,10
110,53,35
110,54,7
110,55,27
110,56,1
110,57,18
110,58,3
110,61,2
110,63,8
110,64,11
110,67,2
110,68,4
110,69,6
110,70,7
110,71,1
110,73,6
110,76,5
110,77,1
110,78,1
110,79,39
110,80,7
110,81,5
110,82,12
110,84,2
110,85,1
110,86,13
110,87,3
110,88,16
110,89,2
110,90,2
110,91,10
110,93,1
110,94,4
110,95,3
110,96,1
110,97,1
110,98,47
110,99,74
110,100,4
110,101,3
110,102,11
110,103,4
110,104,25
110,105,11
110,106,6
110,107,15
110,108,6
110,109,7
110,111,12
110,112,9
110,113,3
110,114,4
110,115,41
110,116,8
110,117,129
110,118,5
110,119,8
110,121,2
110,122,1
110,124,3
110,125,2
110,127,5
110,128,25
110,129,37
110,130,7
110,131,4
110,132,33
110,134,7
110,135,2
110,136,3
110,137,1
110,139,5
111,1,122
111,2,44
111,4,9
111,5,2
111,7,2
111,10,15
111,11,4
111,16,1
111,17,1
111,21,3
111,25,8
111,28,1
111,29,1
111,30,3
111,31,5
111,33,6
111,34,4
111,35,2
111,37,10
111,38,6
111,39,2
111,40,1
111,41,10
111,42,13
111,43,5
111,44,50
111,45,1
111,46,1
111,48,3
111,49,6
111,50,322
111,51,162
111,52,11
111,53,30
111,54,11
111,55,15
111,56,5
111,57,51
111,59,3
111,60,1
111,62,1
111,63,22
111,64,3
111,67,1
111,69,12
111,70,2
111,71,4
111,72,1
111,73,4
111,74,2
111,75,3
111,76,3
111,77,9
111,79,96
111,80,11
111,81,4
111,82,19
111,83,4
111,84,1
111,85,7
111,86,4
111,87,3
111,88,60
111,89,8
111,90,5
111,91,15
111,92,1
111,93,2
111,94,1
111,95,4
111,96,1
111,97,3
111,98,113
111,99,183
111,101,8
111,102,55
111,103,25
111,104,88
111,105,2
111,106,6
111,107,47
111,108,8
111,109,3
111,110,19
111,112,10
111,113,4
111,114,17
111,115,16
111,116,27
111,117,222
111,118,17
111,119,21
111,120,1
111,121,5
111,122,1
111,123,1
111,124,3
111,125,8
111,126,5
111,127,4
111,128,62
111,129,90
111,130,5
111,131,4
111,132,51
111,133,11
111,134,8
111,135,8
111,136,2
111,137,2
111,138,2
111,139,9
112,1,85
112,2,19
112,3,2
112,4,2
112,10,10
112,12,3
112,16,1
112,17,3
112,27,3
112,28,3
112,30,2
112,33,5
112,34,1
112,35,5
112,37,5
112,38,9
112,40,1
112,41,2
112,42,13
112,43,3
112,44,20
112,46,1
112,49,2
112,50,262
112,51,139
112,52,14
112,53,17
112,54,11
112,55,9
112,56,1
112,57,33
112,63,12
112,64,2
112,69,4
112,70,4
112,72,2
112,73,9
112,75,2
112,77,5
112,79,88
112,80,1
112,81,4
112,82,4
112,83,3
112,85,5
112,86,1
112,87,1
112,88,43
112,89,4
112,90,30
112,91,27
112,92,1
112,94,1
112,95,1
112,97,1
112,98,90
112,99,116
112,101,5
112,102,29
112,103,13
112,104,28
112,105,1
112,106,3
112,107,13
112,108,1
112,109,5
112,110,5
112,111,15
112,113,16
112,114,15
112,115,10
112,116,4
112,117,77
112,118,8
112,119,3
112,121,4
112,122,3
112,124,3
112,125,2
112,128,39
112,129,108
112,130,11
112,131,13
112,132,59
112,133,9
112,134,5
112,135,6
112,139,10
113,1,130
113,2,35
113,3,3
113,4,6
113,5,1
113,7,2
113,10,6
113,16,2
113,17,3
113,21,2
113,22,1
113,23,1
113,25,7
113,26,2
113,27,2
113,28,3
113,30,2
113,31,5
113,33,8
113,34,4
113,37,4
113,38,12
113,39,2
113,40,4
113,41,4
113,42,5
113,43,17
113,44,13
113,46,1
113,47,1
113,48,5
113,49,6
113,50,327
113,51,118
113,52,25
113,53,17
113,54,22
113,55,30
113,56,5
113,57,22
113,59,3
113,60,2
113,61,2
113,63,16
113,64,1
113,67,1
113,68,1
113,69,9
113,70,4
113,71,6
113,72,2
113,73,3
113,74,1
113,75,2
113,76,3
113,77,12
113,78,5
113,79,98
113,80,3
113,81,8
113,82,7
113,84,1
113,85,1
113,86,6
113,87,2
113,88,93
113,89,2
113,90,30
113,91,54
113,92,5
113,93,4
113,94,1
113,95,4
113,97,3
113,98,111
113,99,123
113,100,10
113,101,10
113,102,94
113,103,47
113,104,28
113,105,4
113,106,2
113,107,24
113,109,7
113,110,15
113,111,36
113,112,8
113,114,34
113,115,11
113,116,11
113,117,68
113,118,15
113,119,6
113,120,9
113,121,10
113,122,3
113,123,2
113,124,11
113,125,4
113,127,1
113,128,40
113,129,82
113,130,21
113,131,13
113,132,85
113,133,5
113,135,7
113,137,9
113,138,8
113,139,3
114,1,81
114,2,14
114,4,8
114,5,1
114,10,5
114,14,1
114,21,1
114,24,1
114,25,5
114,27,2
114,28,1
114,30,1
114,31,6
114,33,7
114,34,6
114,35,1
114,37,16
114,38,10
114,39,5
114,40,2
114,41,2
114,42,6
114,43,3
114,44,20
114,45,3
114,47,3
114,49,5
114,50,330
114,51,145
114,52,18
114,53,9
114,54,8
114,55,16
114,56,3
114,57,18
114,58,2
114,59,2
114,60,2
114,61,4
114,63,12
114,66,1
114,67,1
114,69,8
114,70,3
114,71,4
114,73,3
114,75,1
114,76,5
114,77,8
114,78,9
114,79,75
114,80,3
114,81,8
114,82,23
114,83,1
114,85,7
114,86,9
114,88,45
114,89,9
114,90,7
114,91,29
114,93,2
114,95,2
114,96,4
114,97,2
114,98,95
114,99,151
114,100,1
114,101,1
114,102,55
114,103,33
114,104,29
114,106,3
114,107,38
114,109,4
114,110,13
114,111,43
114,112,4
114,113,17
114,115,10
114,116,10
114,117,65
114,118,19
114,119,8
114,120,9
114,121,3
114,122,1
114,123,1
114,124,1
114,125,7
114,128,45
114,129,69
114,130,18
114,131,14
114,132,67
114,133,3
114,134,7
114,135,8
114,137,6
114,139,11
115,1,46
115,2,10
115,3,2
115,4,3
115,7,1
115,10,1
115,17,1
115,20,1
115,24,1
115,25,5
115,28,2
115,29,1
115,30,2
115,31,1
115,32,1
115,33,4
115,34,2
115,35,1
115,37,2
115,38,3
115,39,6
115,41,2
115,42,15
115,43,4
115,44,7
115,45,2
115,47,1
115,48,4
115,49,6
115,50,126
115,51,40
115,52,17
115,53,10
115,54,5
115,55,3
115,56,1
115,57,10
115,58,4
115,59,1
115,60,1
115,61,1
115,63,6
115,65,2
115,67,3
115,69,10
115,70,3
115,73,5
115,74,2
115,75,2
115,76,1
115,77,2
115,79,43
115,80,5
115,81,1
115,82,12
115,83,1
115,84,2
115,85,5
115,86,6
115,88,9
115,89,6
115,90,2
115,91,3
115,94,2
115,95,2
115,97,1
115,98,39
115,99,43
115,101,1
115,102,12
115,103,11
115,104,37
115,105,8
115,106,2
115,107,4
115,108,8
115,109,8
115,110,5
115,111,8
115,112,3
115,114,2
115,117,137
115,118,6
115,119,3
115,121,1
115,123,1
115,124,1
115,125,1
115,127,1
115,128,26
115,129,39
115,131,4
115,132,8
115,133,1
115,134,3
115,135,2
115,137,1
115,138,1
116,1,88
116,2,20
116,3,1
116,4,9
116,5,1
116,6,3
116,7,2
116,10,12
116,14,2
116,16,2
116,17,1
116,24,2
116,25,4
116,26,1
116,28,3
116,29,2
116,30,8
116,33,7
116,34,1
116,35,1
116,37,6
116,38,2
116,39,1
116,41,2
116,42,8
116,43,8
116,44,28
116,45,2
116,46,4
116,47,4
116,48,1
116,49,7
116,50,194
116,51,91
116,52,16
116,53,20
116,54,11
116,55,34
116,57,19
116,58,1
116,59,1
116,60,1
116,61,2
116,62,1
116,63,17
116,64,1
116,67,2
116,68,2
116,69,4
116,70,2
116,73,12
116,75,1
116,76,3
116,77,3
116,78,3
116,79,77
116,80,1
116,81,8
116,82,19
116,83,2
116,85,5
116,86,7
116,87,1
116,88,56
116,89,12
116,90,4
116,91,13
116,92,5
116,94,3
116,97,2
116,98,110
116,99,74
116,101,5
116,102,20
116,103,28
116,104,34
116,105,3
116,106,4
116,107,31
116,108,12
116,109,3
116,110,21
116,111,47
116,112,1
116,113,4
116,114,14
116,115,7
116,117,129
116,118,13
116,119,11
116,120,7
116,121,3
116,122,1
116,123,2
116,124,5
116,125,1
116,126,5
116,127,4
116,128,19
116,129,50
116,130,5
116,131,2
116,132,24
116,133,10
116,134,2
116,135,6
116,137,2
116,138,2
116,139,4
117,1,6
117,2,2
117,4,3
117,7,1
117,14,1
117,16,1
117,24,1
117,25,1
117,35,1
117,38,2
117,42,4
117,44,1
117,50,8
117,51,2
117,52,1
117,53,2
117,54,2
117,55,1
117,63,3
117,64,1
117,67,1
117,73,1
117,75,1
117,79,3
117,81,1
117,83,1
117,88,7
117,91,1
117,95,1
117,99,3
117,103,2
117,104,2
117,106,1
117,107,1
117,108,2
117,109,2
117,110,3
117,115,1
117,116,2
117,118,1
117,120,1
117,123,1
117,128,1
117,131,2
117,132,4
117,135,6
118,1,96
118,2,15
118,3,1
118,4,3
118,5,4
118,6,1
118,7,1
118,10,6
118,15,1
118,16,3
118,21,1
118,24,3
118,30,3
118,33,5
118,34,1
118,35,1
118,37,8
118,38,4
118,40,9
118,41,1
118,42,3
118,43,7
118,44,20
118,45,3
118,46,5
118,47,2
118,48,3
118,49,7
118,50,338
118,51,160
118,52,17
118,53,8
118,54,12
118,55,25
118,57,23
118,58,2
118,60,2
118,63,9
118,66,1
118,67,2
118,69,11
118,70,9
118,71,2
118,73,4
118,75,3
118,76,3
118,77,13
118,78,5
118,79,71
118,80,1
118,81,12
118,82,15
118,83,3
118,85,2
118,86,3
118,88,50
118,89,8
118,90,11
118,91,18
118,92,2
118,94,1
118,95,3
118,97,2
118,98,105
118,99,149
118,100,2
118,101,2
118,102,35
118,103,42
118,104,22
118,105,1
118,106,1
118,107,47
118,108,5
118,109,6
118,110,7
118,111,29
118,112,8
118,113,8
118,114,19
118,115,12
118,116,4
118,117,98
118,119,6
118,120,3
118,121,2
118,122,1
118,123,5
118,124,3
118,125,11
118,126,2
118,127,2
118,128,38
118,129,67
118,130,19
118,131,6
118,132,44
118,133,2
118,134,3
118,135,16
118,138,5
118,139,5
119,1,104
119,2,21
119,4,5
119,6,1
119,8,4
119,10,6
119,14,6
119,15,1
119,16,2
119,19,1
119,24,1
119,25,7
119,27,2
119,29,4
119,30,2
119,31,1
119,33,5
119,34,2
119,36,2
119,37,9
119,38,5
119,40,3
119,41,10
119,42,2
119,43,4
119,44,25
119,46,6
119,47,4
119,48,17
119,49,16
119,50,242
119,51,126
119,52,20
119,53,40
119,54,22
119,55,32
119,56,4
119,57,29
119,58,1
119,59,1
119,60,2
119,63,12
119,66,2
119,68,1
119,69,7
119,70,2
119,71,1
119,73,7
119,75,1
119,77,16
119,79,96
119,80,4
119,81,6
119,82,10
119,83,1
119,85,7
119,86,4
119,87,14
119,88,28
119,89,8
119,90,4
119,91,13
119,95,1
119,96,1
119,97,1
119,98,75
119,99,132
119,100,11
119,101,4
119,102,23
119,103,27
119,104,30
119,105,4
119,106,3
119,107,24
119,108,7
119,109,8
119,110,12
119,111,29
119,112,4
119,113,7
119,114,7
119,115,6
119,116,4
119,117,138
119,118,16
119,120,4
119,121,3
119,123,4
119,124,6
119,125,4
119,126,3
119,127,5
119,128,70
119,129,48
119,130,13
119,131,4
119,132,50
119,133,2
119,134,3
119,135,8
119,136,4
119,137,5
119,139,3
120,1,75
120,2,30
120,3,3
120,4,3
120,7,1
120,10,3
120,11,1
120,15,1
120,19,1
120,20,2
120,23,1
120,25,1
120,26,2
120,27,8
120,29,2
120,30,2
120,32,1
120,33,3
120,37,1
120,38,2
120,39,4
120,40,4
120,41,2
120,42,4
120,43,4
120,44,23
120,46,3
120,47,2
120,49,8
120,50,240
120,51,78
120,52,16
120,53,28
120,54,12
120,55,14
120,56,6
120,57,24
120,58,2
120,59,4
120,60,2
120,61,6
120,62,1
120,63,31
120,64,1
120,67,4
120,69,10
120,70,8
120,71,8
120,72,2
120,73,6
120,74,4
120,75,1
120,76,1
120,77,11
120,78,5
120,79,98
120,80,5
120,81,24
120,82,20
120,83,2
120,84,2
120,85,3
120,86,3
120,88,45
120,89,10
120,90,7
120,91,10
120,94,2
120,95,2
120,97,6
120,98,73
120,99,60
120,100,2
120,101,4
120,102,25
120,103,19
120,104,32
120,105,3
120,107,39
120,108,6
120,109,4
120,110,9
120,111,21
120,112,1
120,113,10
120,114,5
120,115,6
120,116,9
120,117,98
120,118,12
120,119,7
120,121,1
120,122,3
120,123,2
120,124,1
120,125,6
120,126,4
120,127,6
120,128,33
120,129,93
120,130,12
120,131,5
120,132,42
120,133,2
120,134,3
120,135,2
120,136,1
120,138,5
120,139,10
121,1,93
121,2,25
121,3,6
121,4,6
121,5,3
121,6,2
121,10,4
121,17,3
121,19,1
121,24,2
121,25,8
121,28,7
121,29,1
121,30,1
121,32,1
121,33,3
121,34,9
121,37,12
121,38,11
121,39,1
121,40,6
121,41,7
121,42,6
121,43,7
121,44,12
121,45,3
121,46,3
121,47,4
121,48,2
121,49,8
121,50,151
121,51,68
121,52,19
121,53,24
121,54,19
121,55,36
121,56,3
121,57,19
121,59,2
121,60,7
121,61,9
121,62,1
121,63,39
121,64,2
121,67,3
121,68,1
121,69,28
121,70,15
121,71,2
121,73,12
121,74,1
121,75,5
121,76,4
121,77,16
121,78,5
121,79,78
121,80,7
121,81,8
121,82,11
121,83,3
121,84,1
121,85,2
121,86,9
121,87,5
121,88,48
121,89,9
121,90,2
121,91,7
121,92,1
121,93,4
121,94,7
121,95,9
121,97,8
121,98,70
121,99,84
121,100,1
121,101,1
121,102,38
121,103,23
121,104,45
121,105,5
121,106,1
121,107,26
121,108,8
121,109,15
121,110,6
121,111,13
121,112,4
121,113,15
121,114,6
121,115,7
121,116,13
121,117,70
121,118,14
121,119,10
121,120,2
121,122,6
121,123,1
121,124,6
121,125,4
121,126,4
121,128,28
121,129,56
121,130,10
121,131,8
121,132,44
121,133,4
121,134,4
121,135,5
121,136,3
121,137,3
121,139,10
122,1,89
122,2,23
122,3,15
122,4,9
122,5,7
122,6,1
122,7,2
122,8,2
122,10,5
122,11,1
122,14,1
122,16,1
122,17,9
122,18,1
122,19,4
122,25,11
122,28,1
122,29,2
122,30,8
122,31,3
122,32,1
122,33,5
122,34,8
122,35,1
122,37,12
122,39,6
122,40,10
122,41,8
122,42,9
122,43,4
122,44,7
122,45,1
122,46,1
122,47,2
122,48,2
122,49,6
122,50,179
122,51,91
122,52,18
122,53,39
122,54,14
122,55,10
122,56,12
122,57,17
122,58,8
122,59,6
122,60,2
122,61,60
122,63,66
122,64,6
122,65,2
122,67,5
122,69,36
122,70,14
122,71,9
122,73,28
122,74,1
122,75,6
122,76,5
122,77,6
122,78,3
122,79,111
122,80,1
122,81,16
122,82,10
122,85,7
122,86,6
122,87,9
122,88,81
122,89,5
122,90,2
122,91,27
122,92,8
122,93,2
122,94,1
122,95,7
122,97,4
122,98,45
122,99,79
122,100,3
122,101,6
122,102,37
122,103,18
122,104,27
122,105,9
122,106,4
122,107,23
122,108,5
122,109,5
122,110,20
122,111,14
122,112,2
122,113,5
122,114,12
122,115,24
122,116,25
122,117,58
122,118,14
122,119,9
122,120,9
122,121,15
122,123,2
122,124,2
122,125,11
122,126,3
122,127,1
122,128,27
122,129,68
122,130,4
122,131,10
122,132,31
122,133,5
122,134,10
122,135,8
122,136,1
122,137,3
122,138,4
122,139,9
123,1,39
123,2,11
123,3,2
123,7,1
123,8,1
123,9,1
123,10,6
123,14,1
123,24,1
123,25,2
123,27,2
123,29,4
123,30,1
123,33,2
123,34,3
123,38,4
123,40,2
123,41,2
123,42,5
123,43,8
123,44,13
123,49,3
123,50,98
123,51,60
123,52,13
123,53,18
123,54,5
123,55,17
123,56,3
123,57,12
123,58,5
123,61,1
123,62,2
123,63,7
123,67,2
123,69,4
123,72,1
123,73,6
123,77,1
123,78,1
123,79,29
123,80,3
123,81,2
123,82,13
123,85,5
123,86,11
123,87,2
123,88,20
123,89,12
123,90,1
123,91,4
123,92,4
123,93,4
123,95,1
123,97,1
123,98,36
123,99,39
123,100,3
123,101,5
123,102,6
123,103,12
123,104,18
123,107,16
123,108,6
123,109,10
123,110,11
123,111,23
123,112,1
123,113,4
123,114,8
123,115,9
123,116,14
123,117,56
123,118,3
123,119,4
123,120,3
123,121,6
123,125,4
123,128,23
123,129,44
123,130,6
123,131,6
123,132,17
123,133,3
123,134,6
123,135,2
123,136,4
123,137,2
123,138,2
123,139,7
124,1,83
124,2,19
124,3,2
124,4,7
124,7,2
124,10,5
124,11,3
124,12,1
124,13,1
124,16,2
124,21,3
124,24,1
124,25,2
124,27,3
124,29,1
124,30,3
124,33,5
124,34,2
124,37,13
124,38,5
124,39,2
124,40,1
124,41,5
124,42,9
124,43,3
124,44,6
124,46,4
124,47,1
124,48,10
124,49,5
124,50,160
124,51,64
124,52,13
124,53,10
124,54,6
124,55,6
124,56,1
124,57,14
124,58,3
124,59,1
124,60,3
124,61,2
124,63,22
124,66,1
124,67,7
124,68,2
124,69,7
124,72,1
124,73,15
124,74,2
124,75,4
124,77,1
124,78,5
124,79,67
124,80,10
124,81,1
124,82,11
124,83,4
124,84,5
124,85,9
124,86,1
124,88,16
124,89,14
124,91,3
124,92,6
124,93,2
124,94,10
124,95,2
124,97,1
124,98,43
124,99,43
124,100,1
124,101,2
124,102,24
124,103,9
124,104,67
124,105,5
124,107,7
124,108,4
124,109,4
124,110,21
124,111,14
124,112,3
124,113,5
124,114,3
124,115,21
124,116,8
124,117,122
124,118,9
124,119,6
124,121,3
124,122,2
124,125,4
124,126,2
124,127,2
124,128,39
124,129,61
124,130,7
124,131,3
124,132,21
124,133,1
124,134,1
124,135,1
124,137,1
125,1,122
125,2,33
125,3,5
125,4,14
125,5,1
125,6,1
125,7,2
125,8,2
125,10,15
125,14,2
125,16,1
125,20,1
125,24,5
125,25,3
125,26,1
125,27,3
125,29,2
125,30,1
125,31,1
125,33,18
125,34,5
125,35,2
125,36,1
125,37,8
125,38,9
125,39,1
125,40,5
125,41,5
125,42,9
125,43,15
125,44,37
125,46,1
125,47,2
125,48,2
125,49,16
125,50,401
125,51,176
125,52,37
125,53,34
125,54,24
125,55,26
125,56,3
125,57,33
125,58,5
125,59,5
125,60,8
125,61,3
125,62,2
125,63,26
125,64,1
125,67,2
125,69,17
125,70,10
125,71,2
125,72,5
125,73,18
125,74,1
125,75,15
125,76,3
125,77,42
125,78,2
125,79,111
125,80,4
125,81,20
125,82,20
125,85,10
125,86,6
125,87,5
125,88,179
125,89,20
125,90,4
125,91,35
125,92,1
125,93,1
125,94,2
125,95,2
125,96,4
125,97,9
125,98,149
125,99,193
125,100,2
125,101,8
125,102,54
125,103,35
125,104,44
125,105,3
125,107,57
125,108,11
125,109,11
125,110,15
125,111,47
125,112,3
125,113,13
125,114,13
125,115,16
125,116,24
125,117,154
125,118,18
125,119,16
125,120,12
125,121,5
125,122,5
125,124,3
125,126,8
125,127,11
125,128,56
125,129,91
125,130,14
125,131,12
125,132,53
125,133,7
125,134,9
125,135,10
125,136,1
125,137,4
125,138,12
125,139,23
126,1,64
126,2,21
126,8,2
126,10,2
126,14,1
126,15,1
126,24,1
126,25,5
126,28,2
126,30,3
126,33,9
126,34,2
126,37,4
126,38,4
126,39,2
126,40,2
126,41,3
126,42,8
126,43,4
126,44,23
126,46,4
126,48,2
126,49,6
126,50,172
126,51,84
126,52,13
126,53,19
126,54,7
126,55,14
126,56,4
126,57,18
126,60,3
126,63,7
126,69,1
126,70,1
126,71,3
126,73,4
126,76,1
126,77,2
126,78,1
126,79,58
126,80,3
126,81,1
126,82,3
126,85,3
126,86,2
126,88,9
126,89,4
126,90,2
126,91,3
126,94,1
126,98,40
126,99,64
126,101,6
126,102,14
126,103,6
126,104,26
126,105,5
126,106,3
126,107,16
126,108,2
126,109,1
126,111,22
126,112,2
126,113,3
126,114,1
126,115,4
126,117,137
126,118,7
126,119,8
126,121,1
126,124,1
126,125,1
126,127,8
126,128,27
126,129,38
126,131,1
126,132,9
126,133,5
126,134,5
126,135,15
126,136,1
126,137,3
127,1,105
127,2,16
127,4,4
127,6,2
127,10,2
127,21,1
127,25,3
127,27,3
127,30,3
127,32,1
127,37,6
127,38,7
127,40,9
127,41,9
127,42,7
127,43,9
127,44,19
127,45,3
127,46,2
127,47,1
127,48,15
127,49,24
127,50,267
127,51,137
127,52,26
127,53,38
127,54,20
127,55,67
127,56,7
127,57,28
127,58,1
127,60,4
127,62,1
127,63,10
127,64,1
127,68,2
127,69,6
127,70,7
127,71,4
127,73,7
127,74,2
127,75,6
127,76,1
127,77,5
127,79,79
127,80,1
127,81,2
127,82,7
127,83,1
127,84,2
127,85,1
127,86,5
127,88,32
127,89,4
127,90,5
127,91,2
127,95,1
127,98,85
127,99,119
127,100,7
127,101,7
127,102,24
127,103,34
127,104,26
127,105,1
127,106,4
127,107,9
127,108,6
127,109,2
127,110,12
127,111,17
127,112,2
127,113,3
127,114,7
127,115,4
127,116,6
127,117,107
127,118,7
127,119,16
127,120,3
127,121,1
127,122,1
127,123,3
127,126,8
127,128,41
127,129,45
127,130,1
127,131,1
127,132,27
127,133,4
127,135,6
127,136,1
127,137,10
127,138,1
127,139,6
128,1,93
128,2,19
128,4,5
128,9,1
128,10,13
128,13,1
128,14,3
128,16,1
128,18,2
128,20,1
128,24,1
128,27,2
128,29,2
128,30,2
128,33,5
128,34,3
128,37,10
128,38,10
128,39,3
128,40,9
128,41,6
128,42,8
128,43,4
128,44,18
128,45,2
128,46,5
128,48,2
128,49,3
128,50,197
128,51,99
128,52,21
128,53,20
128,54,20
128,55,28
128,56,8
128,57,24
128,58,2
128,61,1
128,63,5
128,66,1
128,69,8
128,71,1
128,72,1
128,73,4
128,77,2
128,79,47
128,80,3
128,81,4
128,82,4
128,83,1
128,85,3
128,86,4
128,87,3
128,88,16
128,89,7
128,91,1
128,95,3
128,98,89
128,99,116
128,100,3
128,101,6
128,102,34
128,103,22
128,104,30
128,105,2
128,106,2
128,107,11
128,108,3
128,109,2
128,110,5
128,111,38
128,112,1
128,113,1
128,114,4
128,115,6
128,116,4
128,117,96
128,118,3
128,119,29
128,120,2
128,123,2
128,125,4
128,126,5
128,127,5
128,129,39
128,130,6
128,131,3
128,132,17
128,133,4
128,134,2
128,135,16
128,136,4
128,137,11
128,138,1
128,139,3
129,1,157
129,2,37
129,3,4
129,4,6
129,5,1
129,6,1
129,7,1
129,8,1
129,10,7
129,13,1
129,14,1
129,15,1
129,17,1
129,20,1
129,21,8
129,24,1
129,26,1
129,27,2
129,28,3
129,29,3
129,30,4
129,31,4
129,33,14
129,34,2
129,37,11
129,38,11
129,39,2
129,40,4
129,41,7
129,42,6
129,43,11
129,44,27
129,45,1
129,46,1
129,47,1
129,48,8
129,49,10
129,50,529
129,51,260
129,52,22
129,53,25
129,54,26
129,55,37
129,56,2
129,57,42
129,59,1
129,60,1
129,61,2
129,63,18
129,64,1
129,65,1
129,67,1
129,68,1
129,69,9
129,70,5
129,71,4
129,72,1
129,73,17
129,74,1
129,75,4
129,76,1
129,77,16
129,78,1
129,79,91
129,81,10
129,82,9
129,83,2
129,85,4
129,86,13
129,87,5
129,88,27
129,89,8
129,90,3
129,91,18
129,92,4
129,94,2
129,95,1
129,98,164
129,99,564
129,100,4
129,101,9
129,102,95
129,103,36
129,104,36
129,105,10
129,106,11
129,107,39
129,108,4
129,109,3
129,110,10
129,111,37
129,112,19
129,113,17
129,114,18
129,115,13
129,116,8
129,117,82
129,118,33
129,119,13
129,120,3
129,121,5
129,122,1
129,123,4
129,124,2
129,125,2
129,127,1
129,128,81
129,130,13
129,131,14
129,132,75
129,133,2
129,134,2
129,135,10
129,136,1
129,137,1
129,139,15
130,1,44
130,2,6
130,4,7
130,6,3
130,7,1
130,10,5
130,12,1
130,16,1
130,17,1
130,24,1
130,25,2
130,27,1
130,28,2
130,29,1
130,30,3
130,31,1
130,33,3
130,34,2
130,37,2
130,38,3
130,39,1
130,40,1
130,41,1
130,42,6
130,43,3
130,44,7
130,48,3
130,49,1
130,50,226
130,51,98
130,52,16
130,53,3
130,54,7
130,55,9
130,56,4
130,57,17
130,60,1
130,63,1
130,64,1
130,67,1
130,69,2
130,70,1
130,73,4
130,76,2
130,77,4
130,78,1
130,79,60
130,80,4
130,81,4
130,82,1
130,84,2
130,86,2
130,88,18
130,89,1
130,90,4
130,91,3
130,94,1
130,95,1
130,98,77
130,99,70
130,100,1
130,102,24
130,103,13
130,104,13
130,105,1
130,106,3
130,107,20
130,108,4
130,109,1
130,110,3
130,111,17
130,112,2
130,113,8
130,114,13
130,115,2
130,116,3
130,117,29
130,118,6
130,119,4
130,121,5
130,123,1
130,124,1
130,128,11
130,129,46
130,131,8
130,132,32
130,133,9
130,134,5
130,135,1
130,137,2
130,138,1
130,139,4
131,1,182
131,2,40
131,3,1
131,4,8
131,5,2
131,6,1
131,7,2
131,10,15
131,11,1
131,13,1
131,15,2
131,16,2
131,18,1
131,20,3
131,21,2
131,24,1
131,25,4
131,27,7
131,28,3
131,30,5
131,31,4
131,33,8
131,34,8
131,35,1
131,37,6
131,38,21
131,39,1
131,40,2
131,41,5
131,42,7
131,43,13
131,44,27
131,46,9
131,47,5
131,48,3
131,49,10
131,50,444
131,51,242
131,52,48
131,53,34
131,54,21
131,55,49
131,56,8
131,57,29
131,58,7
131,60,2
131,63,14
131,68,1
131,69,10
131,70,4
131,71,1
131,73,8
131,75,1
131,76,1
131,77,5
131,79,122
131,80,2
131,81,2
131,82,5
131,84,8
131,85,3
131,86,6
131,87,3
131,88,75
131,89,7
131,90,5
131,91,21
131,92,7
131,94,4
131,95,1
131,96,2
131,97,1
131,98,192
131,99,185
131,100,8
131,101,7
131,102,97
131,103,63
131,104,37
131,105,5
131,106,6
131,107,26
131,108,5
131,109,6
131,110,10
131,111,43
131,112,2
131,113,27
131,114,27
131,115,15
131,116,6
131,117,91
131,118,34
131,119,20
131,120,5
131,121,7
131,122,1
131,124,7
131,125,6
131,126,1
131,127,4
131,128,57
131,129,65
131,130,23
131,132,125
131,133,8
131,134,4
131,135,17
131,137,5
131,138,1
131,139,2
132,1,92
132,2,21
132,4,10
132,10,4
132,11,3
132,12,1
132,17,4
132,20,1
132,25,6
132,27,2
132,28,2
132,30,2
132,33,8
132,34,4
132,35,1
132,37,2
132,38,8
132,40,5
132,41,8
132,42,1
132,43,10
132,44,14
132,45,1
132,46,2
132,47,4
132,48,1
132,49,4
132,50,357
132,51,169
132,52,25
132,53,20
132,54,13
132,55,26
132,56,1
132,57,33
132,58,2
132,60,1
132,61,3
132,63,8
132,68,2
132,69,5
132,73,8
132,75,2
132,76,2
132,77,15
132,78,3
132,79,57
132,80,2
132,81,3
132,82,5
132,85,3
132,86,3
132,87,2
132,88,18
132,89,9
132,90,2
132,91,8
132,92,2
132,93,1
132,95,5
132,96,1
132,98,124
132,99,142
132,100,2
132,101,7
132,102,111
132,103,48
132,104,13
132,105,9
132,106,1
132,107,13
132,108,4
132,110,10
132,111,30
132,112,2
132,113,8
132,114,7
132,115,3
132,116,2
132,117,40
132,118,10
132,119,6
132,120,1
132,121,2
132,125,4
132,127,1
132,128,32
132,129,46
132,130,6
132,131,28
132,133,3
132,134,3
132,135,7
132,136,1
132,137,3
132,138,3
132,139,9
133,1,71
133,2,19
133,3,1
133,4,1
133,5,1
133,7,1
133,8,2
133,10,1
133,14,1
133,21,1
133,25,2
133,26,2
133,27,4
133,30,1
133,31,2
133,32,1
133,33,1
133,34,1
133,37,2
133,38,1
133,39,1
133,40,1
133,41,5
133,42,5
133,43,11
133,44,10
133,45,2
133,46,4
133,48,2
133,49,7
133,50,232
133,51,108
133,52,13
133,53,31
133,54,11
133,55,24
133,56,3
133,57,21
133,59,1
133,60,1
133,61,3
133,63,11
133,65,1
133,69,8
133,70,3
133,71,1
133,73,1
133,75,1
133,77,6
133,78,1
133,79,57
133,80,1
133,81,4
133,82,4
133,86,1
133,88,30
133,89,11
133,90,14
133,91,8
133,92,1
133,93,1
133,94,1
133,95,1
133,97,1
133,98,94
133,99,99
133,100,5
133,101,5
133,102,23
133,103,19
133,104,12
133,105,6
133,106,5
133,107,12
133,108,2
133,110,6
133,111,24
133,112,3
133,113,14
133,114,21
133,115,4
133,116,5
133,117,44
133,118,8
133,119,6
133,120,3
133,121,3
133,124,1
133,125,2
133,126,1
133,127,3
133,128,34
133,129,44
133,130,22
133,131,14
133,132,33
133,134,2
133,135,5
133,136,3
133,137,2
133,139,2
134,1,99
134,2,30
134,3,3
134,4,11
134,5,1
134,6,1
134,7,1
134,10,11
134,16,1
134,24,1
134,25,6
134,27,2
134,28,3
134,30,3
134,31,1
134,33,7
134,34,1
134,35,1
134,37,8
134,38,7
134,39,3
134,41,3
134,42,18
134,43,6
134,44,20
134,46,2
134,47,1
134,48,2
134,49,9
134,50,253
134,51,89
134,52,16
134,53,34
134,54,13
134,55,21
134,56,4
134,57,38
134,58,1
134,59,1
134,60,6
134,61,5
134,63,14
134,64,3
134,67,6
134,68,4
134,69,14
134,70,4
134,72,4
134,73,18
134,74,7
134,76,2
134,77,12
134,78,10
134,79,86
134,80,10
134,81,6
134,82,23
134,83,3
134,84,5
134,85,5
134,86,13
134,87,4
134,88,51
134,89,4
134,90,7
134,91,3
134,92,1
134,94,1
134,95,1
134,98,66
134,99,86
134,100,2
134,101,6
134,102,27
134,103,25
134,104,47
134,105,3
134,106,3
134,107,19
134,108,12
134,109,5
134,110,19
134,111,39
134,113,6
134,114,6
134,115,24
134,116,13
134,117,112
134,118,16
134,119,4
134,120,6
134,121,5
134,123,4
134,124,4
134,125,2
134,126,8
134,127,2
134,128,43
134,129,106
134,130,5
134,131,8
134,132,43
134,135,2
134,137,3
134,138,2
134,139,5
135,1,46
135,2,15
135,4,5
135,5,1
135,6,5
135,7,1
135,9,3
135,12,1
135,13,1
135,14,2
135,21,2
135,27,1
135,28,2
135,30,2
135,31,8
135,34,8
135,37,8
135,38,4
135,40,2
135,41,2
135,42,9
135,43,3
135,44,30
135,45,1
135,46,1
135,48,3
135,49,13
135,50,216
135,51,94
135,52,14
135,53,23
135,54,10
135,55,20
135,56,9
135,57,5
135,58,2
135,60,2
135,63,6
135,69,8
135,73,6
135,75,1
135,77,1
135,78,1
135,79,60
135,80,1
135,82,4
135,83,1
135,85,1
135,86,2
135,88,13
135,89,4
135,90,1
135,91,5
135,95,1
135,97,2
135,98,38
135,99,54
135,100,2
135,101,2
135,102,17
135,103,18
135,104,24
135,105,3
135,106,6
135,107,22
135,108,5
135,109,1
135,110,8
135,111,15
135,112,1
135,113,8
135,114,3
135,115,5
135,116,1
135,117,79
135,118,2
135,119,7
135,120,1
135,121,1
135,122,1
135,123,1
135,124,1
135,126,4
135,127,1
135,128,28
135,129,15
135,130,1
135,131,10
135,132,19
135,133,3
135,134,1
135,136,2
135,137,2
135,139,2
136,1,61
136,2,10
136,4,1
136,8,2
136,10,3
136,12,2
136,16,2
136,17,1
136,19,1
136,20,1
136,25,2
136,27,8
136,28,1
136,30,3
136,33,4
136,34,3
136,37,13
136,38,1
136,39,1
136,41,3
136,42,4
136,43,6
136,44,20
136,45,2
136,46,2
136,48,3
136,49,5
136,50,112
136,51,71
136,52,12
136,53,19
136,54,21
136,55,21
136,56,5
136,57,14
136,58,4
136,60,3
136,62,3
136,63,9
136,67,1
136,69,2
136,70,1
136,71,2
136,73,4
136,75,2
136,76,2
136,78,2
136,79,56
136,80,1
136,81,1
136,82,3
136,83,3
136,85,6
136,86,1
136,88,11
136,89,2
136,90,1
136,91,1
136,94,2
136,95,2
136,98,49
136,99,39
136,100,2
136,101,16
136,102,9
136,103,13
136,104,14
136,105,2
136,107,4
136,108,1
136,109,1
136,110,2
136,111,15
136,112,2
136,113,2
136,114,1
136,115,7
136,117,76
136,118,6
136,119,9
136,120,1
136,121,3
136,124,1
136,126,4
136,127,6
136,128,20
136,129,38
136,130,1
136,131,3
136,132,19
136,133,1
136,135,5
136,137,1
136,139,1
137,1,139
137,2,27
137,4,3
137,6,1
137,7,3
137,8,1
137,10,1
137,16,1
137,17,5
137,24,3
137,25,3
137,27,5
137,28,1
137,29,3
137,30,2
137,31,2
137,32,1
137,33,8
137,34,16
137,35,5
137,37,17
137,38,8
137,39,4
137,40,4
137,41,20
137,42,8
137,43,3
137,44,21
137,45,1
137,46,6
137,47,1
137,48,6
137,49,14
137,50,393
137,51,200
137,52,34
137,53,58
137,54,34
137,55,119
137,56,2
137,57,35
137,58,3
137,60,1
137,63,14
137,64,1
137,67,1
137,68,1
137,69,8
137,70,4
137,71,2
137,72,3
137,73,11
137,74,3
137,75,1
137,77,5
137,78,7
137,79,100
137,80,4
137,81,6
137,82,3
137,83,1
137,84,1
137,85,2
137,86,5
137,87,3
137,88,34
137,89,2
137,90,2
137,91,4
137,92,5
137,93,1
137,94,1
137,95,4
137,98,96
137,99,155
137,100,27
137,101,13
137,102,56
137,103,47
137,104,23
137,105,5
137,106,1
137,107,20
137,108,2
137,109,11
137,110,16
137,111,49
137,112,2
137,113,5
137,114,1
137,115,15
137,116,7
137,117,145
137,118,6
137,119,14
137,120,2
137,121,1
137,123,2
137,124,2
137,125,4
137,127,7
137,128,63
137,129,44
137,130,7
137,131,3
137,132,39
137,133,5
137,134,7
137,135,19
137,136,2
137,138,3
137,139,3
138,1,74
138,2,23
138,3,4
138,4,4
138,6,2
138,10,7
138,14,1
138,16,2
138,17,1
138,21,1
138,24,2
138,25,3
138,27,2
138,28,2
138,30,3
138,31,1
138,32,1
138,33,3
138,34,1
138,35,2
138,36,2
138,37,1
138,38,10
138,39,4
138,40,2
138,41,6
138,42,12
138,43,2
138,44,15
138,45,2
138,46,4
138,47,1
138,48,4
138,49,3
138,50,151
138,51,68
138,52,9
138,53,13
138,54,12
138,55,19
138,56,2
138,57,17
138,58,5
138,59,3
138,60,3
138,61,3
138,63,3
138,64,1
138,68,4
138,70,5
138,71,2
138,72,1
138,73,8
138,75,6
138,76,2
138,77,13
138,78,9
138,79,57
138,80,1
138,81,21
138,82,9
138,83,4
138,85,7
138,86,3
138,87,2
138,88,70
138,89,14
138,90,6
138,91,17
138,92,1
138,93,1
138,94,5
138,95,4
138,97,3
138,98,73
138,99,65
138,100,1
138,101,5
138,102,25
138,103,17
138,104,33
138,105,1
138,106,5
138,107,24
138,108,2
138,109,1
138,110,4
138,111,31
138,112,1
138,113,2
138,114,7
138,115,7
138,116,9
138,117,106
138,118,7
138,119,7
138,120,3
138,121,2
138,122,1
138,123,6
138,124,1
138,125,7
138,126,3
138,127,2
138,128,26
138,129,64
138,130,5
138,131,3
138,132,20
138,133,5
138,134,8
138,135,4
138,139,6
139,1,67
139,2,36
139,3,8
139,4,5
139,5,2
139,6,2
139,9,1
139,10,14
139,11,2
139,12,1
139,13,1
139,15,1
139,25,4
139,26,2
139,27,1
139,30,3
139,33,2
139,34,4
139,35,1
139,37,4
139,38,3
139,40,6
139,41,2
139,42,7
139,43,6
139,44,14
139,46,4
139,47,1
139,48,5
139,49,17
139,50,226
139,51,75
139,52,14
139,53,13
139,54,17
139,55,6
139,56,2
139,57,15
139,58,1
139,59,4
139,60,7
139,61,3
139,63,19
139,69,6
139,70,11
139,71,2
139,73,11
139,75,5
139,76,4
139,77,7
139,78,3
139,79,78
139,80,6
139,81,27
139,82,27
139,83,2
139,84,2
139,85,14
139,86,8
139,87,4
139,88,52
139,89,8
139,90,8
139,91,11
139,92,1
139,95,6
139,97,5
139,98,74
139,99,122
139,100,1
139,101,2
139,102,25
139,103,15
139,104,43
139,105,7
139,106,1
139,107,22
139,108,5
139,109,3
139,110,14
139,111,47
139,113,9
139,114,11
139,115,9
139,116,21
139,117,114
139,118,11
139,119,7
139,120,19
139,121,4
139,122,1
139,123,3
139,125,3
139,126,1
139,127,7
139,128,35
139,129,103
139,131,8
139,132,43
139,133,2
139,134,2
139,135,3
139,136,1
139,137,3
139,138,7
