link_id,from_node_id,to_node_id,dir_flag,length,vdf_length_mi,lanes,capacity,free_speed,vdf_free_speed_mph,vdf_toll,link_type,allowed_uses,vdf_alpha,vdf_beta,vdf_plf,ref_volume,ref_cost,vdf_fftt,geometry
1,1,117,1,556.7119440739863,0.34592562421488704,1,9000,30.63180947465758,19.033718085077457,0,1,,0.15,4,1,7074.9,2.001895725,1.090458488,"LINESTRING (-117.88014171370772 33.871155530597115, -117.8788459556524 33.866265873896694)"
2,2,87,1,623.0028628013217,0.3871169937995214,1,9000,34.27931661721295,21.300173245754227,0,1,,0.15,4,1,9662.5,2.001895725,1.090458488,"LINESTRING (-117.81516143365 33.85017260317939, -117.82041419826294 33.84665693703933)"
3,3,74,1,937.1732583961078,0.5823339122846061,1,9000,51.565828614804154,32.041510492209476,0,1,,0.15,4,1,7669.0,2.001895725,1.090458488,"LINESTRING (-117.83104413507152 33.75977191943139, -117.83059661334968 33.76819189376001)"
4,4,233,1,587.5855297219435,0.3651096286191505,1,9000,32.33055835805151,20.089271377500825,0,1,,0.15,4,1,12173.8,2.001895725,1.090458488,"LINESTRING (-117.86754231924492 33.76795292347166, -117.8706861876761 33.7725457051798)"
5,5,165,1,1065.912813649172,0.6623291620472815,1,9000,58.64943005418682,36.44305500220012,0,1,,0.15,4,1,2586.8,2.001895725,1.090458488,"LINESTRING (-118.01096501268532 33.77459957583318, -118.0000947428427 33.77139898006113)"
6,6,213,1,170.0626166396071,0.10567227350317965,1,9000,9.357308976604003,5.814360436101405,0,1,,0.15,4,1,6576.6,2.001895725,1.090458488,"LINESTRING (-118.00780339093008 33.856026422497266, -118.0059687030936 33.855893259670424)"
7,7,253,1,1757.9379323406151,1.092334703878991,1,9000,96.7265394337844,60.10306653451004,0,1,,0.15,4,1,7137.1,2.001895725,1.090458488,"LINESTRING (-118.0062965112362 33.87094380579418, -117.99065148453744 33.86193367345452)"
8,8,411,1,737.0711305603448,0.45799590550184854,1,5400,44.22426783362069,27.47967752804472,0,1,,0.15,4,1,722.1,2.001895725,1.0,"LINESTRING (-117.99815155196224 33.86975452355336, -117.99811209630984 33.86312597395058)"
9,9,379,1,911.539793329946,0.5664059759466279,1,5400,54.69238759979675,33.98426357527331,0,1,,0.15,4,1,1187.032944,2.001895725,1.0,"LINESTRING (-117.9682645117656 33.87004674197874, -117.9593376704107 33.86654505282847)"
10,9,395,1,855.2202522347386,0.5314105485694376,1,5400,51.31321513408432,31.884543801081108,0,1,,0.15,4,1,1050.467056,2.001895725,1.0,"LINESTRING (-117.9682645117656 33.87004674197874, -117.97635292050708 33.86629845500099)"
11,10,338,1,912.7697326801476,0.5671702267265759,1,5400,54.76618396080885,34.03011849391176,0,1,,0.15,4,1,69.2,2.001895725,1.0,"LINESTRING (-117.93289692864228 33.87029465609758, -117.92431629030835 33.86621764722209)"
12,10,362,1,920.2488766894281,0.5718175629074206,1,5400,55.21493260136569,34.3089578854432,0,1,,0.15,4,1,80.1,2.001895725,1.0,"LINESTRING (-117.93289692864228 33.87029465609758, -117.9418596706288 33.866673945758656)"
13,11,309,1,376.18139813865025,0.23374886483816365,1,5400,22.570883888319013,14.024892692568674,0,1,,0.15,4,1,485.8,2.001895725,1.0,"LINESTRING (-117.8894374833817 33.86648073492989, -117.8894374833817 33.86309765911809)"
14,12,275,1,580.2869706137838,0.36057450297251287,1,5400,34.817218236827024,21.634409713035446,0,1,,0.15,4,1,488.2,2.001895725,1.0,"LINESTRING (-117.86208231585849 33.876164267361666, -117.86288423012498 33.870988275277895)"
15,13,262,1,209.85704336209528,0.13039944533914233,1,5400,12.591422601725716,7.82394485345691,0,1,,0.15,4,1,37.0,2.001895725,1.0,"LINESTRING (-117.8469260602827 33.85379420063564, -117.84910968194303 33.85327136164654)"
16,14,257,1,866.1894190573967,0.5382264897768009,1,5400,51.9713651434438,32.29349913054681,0,1,,0.15,4,1,125.2,2.001895725,1.0,"LINESTRING (-117.81271820695166 33.81065634873629, -117.82209024486636 33.81044900276473)"
17,15,254,1,822.7024061634941,0.5112048455661912,1,5400,49.36214436980964,30.672205009212988,0,1,,0.15,4,1,407.1,2.001895725,1.0,"LINESTRING (-117.81828544628792 33.787763625592554, -117.82718750000042 33.78781891785164)"
18,16,263,1,821.0121218368337,0.5101545489684179,1,5400,49.260727310210015,30.609187389472506,0,1,,0.15,4,1,249.0,2.001895725,1.0,"LINESTRING (-117.85184439178566 33.760027646129686, -117.85163704581409 33.76740916271736)"
19,17,276,1,696.50132237133,0.4327869327620827,1,5400,41.7900793422798,25.967143390991744,0,1,,0.15,4,1,648.3,2.001895725,1.0,"LINESTRING (-117.8848595780595 33.766831988296126, -117.88480039458088 33.77309557311422)"
20,18,322,1,1121.7591621607894,0.6970305604538442,1,5400,67.30554972964737,41.82171674106071,0,1,,0.15,4,1,2185.8,2.001895725,1.0,"LINESTRING (-117.92880331091712 33.75246026691036, -117.92028088999928 33.75964119564669)"
21,18,348,1,1133.2841801640827,0.7041918924304889,1,5400,67.99705080984496,42.25139545876418,0,1,,0.15,4,1,683.0,2.001895725,1.0,"LINESTRING (-117.92880331091712 33.75246026691036, -117.93764137705412 33.759522828689505)"
22,19,364,1,1154.0295372058652,0.7170824917083185,1,5400,69.2417722323519,43.02482925378874,0,1,,0.15,4,1,746.9,2.001895725,1.0,"LINESTRING (-117.96360319633168 33.75206571038639, -117.9548243136732 33.75944391738471)"
23,19,380,1,1139.0305200144937,0.7077625113490585,1,5400,68.34183120086962,42.46563199511556,0,1,,0.15,4,1,291.1,2.001895725,1.0,"LINESTRING (-117.96360319633168 33.75206571038639, -117.97234262333764 33.75928609477511)"
24,20,397,1,1374.7756257765386,0.8542480928682186,1,5400,82.48653754659232,51.25474232186362,0,1,,0.15,4,1,503.6,2.001895725,1.0,"LINESTRING (-117.98952024911289 33.75207286429261, -117.98974749800156 33.764435057413)"
25,21,412,1,1145.1962573355968,0.7115937324217362,1,5400,68.71177544013581,42.69550461701263,0,1,,0.15,4,1,1396.5,2.001895725,1.0,"LINESTRING (-118.01102889051344 33.79543733628435, -118.00185545133104 33.7885128692886)"
26,21,413,1,1165.5872569652902,0.724264143664664,1,5400,69.93523541791741,43.45572716686676,0,1,,0.15,4,1,1245.3,2.001895725,1.0,"LINESTRING (-118.01102889051344 33.79543733628435, -118.00209218524542 33.80283527110888)"
27,22,414,1,1136.0119722756222,0.7058868680798478,1,5400,68.16071833653733,42.353093713492534,0,1,,0.15,4,1,619.8,2.001895725,1.0,"LINESTRING (-118.0107329731205 33.82461479123231, -118.00203300176686 33.81739440684357)"
28,22,415,1,1134.8287696345121,0.70515165821673,1,5400,68.08972617807072,42.30898124499398,0,1,,0.15,4,1,904.6,2.001895725,1.0,"LINESTRING (-118.0107329731205 33.82461479123231, -118.00226973568124 33.83201272605684)"
29,23,416,1,758.361403759726,0.47122510082377006,1,5400,45.50168422558356,28.27342702893508,0,1,,0.15,4,1,1522.5,2.001895725,1.0,"LINESTRING (-118.01041239594488 33.84647322266048, -118.00220562024616 33.84670995657487)"
30,24,266,1,1546.9331975237376,0.961222114359761,1,12600,622.6406119254742,386.8908196727438,0,1,,0.15,4,1,203.1,2.001895725,0.149068323,"LINESTRING (-117.8421380367962 33.79837384529766, -117.85302626382362 33.78780682266997)"
31,24,267,1,1558.779684560484,0.9685831984294705,1,12600,627.4088229571686,389.85364772971883,0,1,,0.15,4,1,172.8,2.001895725,0.149068323,"LINESTRING (-117.8421380367962 33.79837384529766, -117.8529536927336 33.8091323558453)"
32,25,268,1,1570.8664323671533,0.9760935739912967,1,12600,632.273738948745,392.8765654443206,0,1,,0.15,4,1,4694.9,2.001895725,0.149068323,"LINESTRING (-117.84071402687071 33.82560918727491, -117.85289675244222 33.81575339261862)"
33,25,269,1,1542.7989410480102,0.9586532000994261,1,12600,620.976573694202,385.85683457294,0,1,,0.15,4,1,3859.3,2.001895725,0.149068323,"LINESTRING (-117.84071402687071 33.82560918727491, -117.85226494120194 33.835631146254904)"
34,26,273,1,1298.962142279864,0.8071396611529349,1,12600,522.8322622022913,324.8728055969,0,1,,0.15,4,1,2660.0,2.001895725,0.149068323,"LINESTRING (-117.84939629197672 33.86077527446604, -117.85731943112413 33.85112267185776)"
35,26,274,1,1268.7114563742755,0.7883427096662455,1,12600,510.65636112681386,317.30705376972946,0,1,,0.15,4,1,315.0,2.001895725,0.149068323,"LINESTRING (-117.84939629197672 33.86077527446604, -117.86215521715542 33.865010368927614)"
36,27,302,1,1072.9151211774777,0.6666802050390084,1,12600,431.8483362199537,268.33803252532886,0,1,,0.15,4,1,314.2,2.001895725,0.149068323,"LINESTRING (-117.88273747731796 33.811372788973465, -117.88918357248905 33.80334696589511)"
37,27,303,1,965.1019911388281,0.5996880653801112,1,12600,388.4535513848216,241.37377167753797,0,1,,0.15,4,1,233.5,2.001895725,0.149068323,"LINESTRING (-117.88273747731796 33.811372788973465, -117.8892224970829 33.818177236154845)"
38,28,303,1,1382.6754557507277,0.8591568318383486,1,12600,556.526870870102,345.8096582794262,0,1,,0.15,4,1,1486.4,2.001895725,0.149068323,"LINESTRING (-117.88166907098844 33.82891245954973, -117.8892224970829 33.818177236154845)"
39,28,304,1,1417.0562264107125,0.8805201053914727,1,12600,570.3651310590161,354.4083518512719,0,1,,0.15,4,1,596.8,2.001895725,0.149068323,"LINESTRING (-117.88166907098844 33.82891245954973, -117.88920303478596 33.84001393330896)"
40,29,308,1,1772.4236042858217,1.1013357054977952,1,12600,713.4005006358682,443.28638248061003,0,1,,0.15,4,1,718.3,2.001895725,0.149068323,"LINESTRING (-117.90691017052332 33.8661731302917, -117.889360595295 33.859714583306285)"
41,29,337,1,1766.667403473679,1.0977589592464485,1,12600,711.0836298092703,441.8467461382161,0,1,,0.15,4,1,426.5,2.001895725,0.149068323,"LINESTRING (-117.90691017052332 33.8661731302917, -117.92427177337802 33.85949559073221)"
42,30,340,1,1117.242058724792,0.6942237555300882,1,12600,449.6899285805176,279.4242806120048,0,1,,0.15,4,1,1804.7,2.001895725,0.149068323,"LINESTRING (-117.9321303148382 33.781382078446256, -117.9234866617566 33.77435815399093)"
43,30,341,1,1130.9096996174956,0.7027164549551342,1,12600,455.19115403914304,282.8425825764564,0,1,,0.15,4,1,1130.8,2.001895725,0.149068323,"LINESTRING (-117.9321303148382 33.781382078446256, -117.9237825791496 33.78881865059461)"
44,31,329,1,846.9899948939802,0.5262964910422784,1,12600,340.91347290221285,211.8337455707209,0,1,,0.15,4,1,1563.5,2.001895725,0.149068323,"LINESTRING (-117.91966048441746 33.81005103436679, -117.91524043040556 33.803377786329264)"
45,31,330,1,977.738558510768,0.6075400838298732,1,12600,393.53976975139165,244.53420027019197,0,1,,0.15,4,1,2075.3,2.001895725,0.149068323,"LINESTRING (-117.91966048441746 33.81005103436679, -117.91536057620672 33.81808556147336)"
46,32,332,1,1021.9872034702862,0.6350349854414147,1,12600,411.34984934537147,255.6008672375828,0,1,,0.15,4,1,1395.2,2.001895725,0.149068323,"LINESTRING (-117.92890153413924 33.838973285819364, -117.9194941722899 33.834134456333274)"
47,32,333,1,1029.911056480492,0.6399586516711772,1,12600,414.53920018158067,257.58263735602895,0,1,,0.15,4,1,662.7,2.001895725,0.149068323,"LINESTRING (-117.92890153413924 33.838973285819364, -117.92378035077884 33.84720105871704)"
48,33,337,1,991.8903229596516,0.6163336044338994,1,12600,399.2358549413553,248.07358242076486,0,1,,0.15,4,1,803.1,2.001895725,0.149068323,"LINESTRING (-117.93301408007832 33.864679380251964, -117.92427177337802 33.85949559073221)"
49,33,361,1,1008.9953826944167,0.6269622222118488,1,12600,406.12064148373764,252.35158911939155,0,1,,0.15,4,1,980.1,2.001895725,0.149068323,"LINESTRING (-117.93301408007832 33.864679380251964, -117.9418003147216 33.85928413531282)"
50,34,369,1,1141.0788640345272,0.709035296478387,1,12600,459.28424271648663,285.385909180986,0,1,,0.15,4,1,3909.7,2.001895725,0.149068323,"LINESTRING (-117.9672381317938 33.7811684209157, -117.95870083152133 33.788581916680215)"
51,34,385,1,1110.3886325777064,0.6899652233696463,1,12600,446.9314245566604,277.7102262081966,0,1,,0.15,4,1,1412.5,2.001895725,0.149068323,"LINESTRING (-117.9672381317938 33.7811684209157, -117.9754300281378 33.788473413636126)"
52,35,373,1,1149.7372195703913,0.7144153625525939,1,12600,462.7692308192363,287.5513797233797,0,1,,0.15,4,1,1529.2,2.001895725,0.149068323,"LINESTRING (-117.96753919467788 33.82484681835903, -117.95899346094346 33.83236453895732)"
53,35,389,1,1130.6816187659426,0.7025747317322274,1,12600,455.0993514964045,282.78553913867233,0,1,,0.15,4,1,435.3,2.001895725,0.149068323,"LINESTRING (-117.96753919467788 33.82484681835903, -117.97591007190888 33.832265899826325)"
54,36,378,1,1016.1124882773753,0.6313845975849575,1,12600,408.9852764805204,254.13159023197744,0,1,,0.15,4,1,615.6,2.001895725,0.149068323,"LINESTRING (-117.96806362679824 33.86473765048758, -117.95931301062797 33.85919643756945)"
55,36,394,1,977.2125640478079,0.607213245210961,1,12600,393.32805698007667,244.40264809376723,0,1,,0.15,4,1,317.2,2.001895725,0.149068323,"LINESTRING (-117.96806362679824 33.86473765048758, -117.97620496181058 33.85912245822121)"
56,37,401,1,1141.7704456969102,0.7094650264685588,1,12600,459.56260433556105,285.5588750185919,0,1,,0.15,4,1,222.9,2.001895725,0.149068323,"LINESTRING (-117.98413650012095 33.78111015068009, -117.99274612758374 33.77374659137878)"
57,37,402,1,1148.339692332552,0.713546977228275,1,12600,462.2067261060763,287.2018556072587,0,1,,0.15,4,1,114.7,2.001895725,0.149068323,"LINESTRING (-117.98413650012095 33.78111015068009, -117.99280037910584 33.78851286928862)"
58,38,406,1,1138.364552719485,0.7073486974284396,1,12600,458.1917324123187,284.7070549607749,0,1,,0.15,4,1,350.1,2.001895725,0.149068323,"LINESTRING (-117.98489401318383 33.83938038629094, -117.99345139737044 33.83201272605684)"
59,38,407,1,1442.8519174907715,0.896548844551662,1,12600,580.747896717442,360.8599013312137,0,1,,0.15,4,1,1161.7,2.001895725,0.149068323,"LINESTRING (-117.98489401318383 33.83938038629094, -117.99781617891684 33.8466729669008)"
60,39,266,1,1162.0183640065513,0.7220465308800822,1,5400,47.75913566152934,29.67614188514015,0,1,,0.15,4,1,18.3,2.001895725,1.459848485,"LINESTRING (-117.85304255503613 33.79825708134951, -117.85302626382362 33.78780682266997)"
61,39,267,1,1209.3049317295313,0.7514291148728867,1,5400,49.70262095642883,30.883767286317138,0,1,,0.15,4,1,24.2,2.001895725,1.459848485,"LINESTRING (-117.85304255503613 33.79825708134951, -117.8529536927336 33.8091323558453)"
62,40,268,1,1053.804559756652,0.6548054231900358,1,5400,47.897458310418514,29.76209156780306,0,1,,0.15,4,1,34.1,2.001895725,1.320075758,"LINESTRING (-117.85286337099558 33.82523043074344, -117.85289675244222 33.81575339261862)"
63,40,269,1,1157.828656555359,0.7194431608953727,1,5400,52.625554989792896,32.6999937295626,0,1,,0.15,4,1,13.3,2.001895725,1.320075758,"LINESTRING (-117.85286337099558 33.82523043074344, -117.85226494120194 33.835631146254904)"
64,41,273,1,802.8974226019902,0.49889856873127514,1,5400,48.173845356119415,29.933830462777276,0,1,,0.15,4,1,342.5,2.001895725,1.0,"LINESTRING (-117.85982666415109 33.85803657339233, -117.85731943112413 33.85112267185776)"
65,41,274,1,804.7070014167782,0.5000229916716035,1,5400,48.28242008500669,30.001295650640692,0,1,,0.15,4,1,55.3,2.001895725,1.0,"LINESTRING (-117.85982666415109 33.85803657339233, -117.86215521715542 33.865010368927614)"
66,42,302,1,802.9035771668808,0.4989023930101041,1,5400,48.17421463001285,29.934059918865714,0,1,,0.15,4,1,387.8056767,2.001895725,1.0,"LINESTRING (-117.88924195937985 33.81056747805571, -117.88918357248905 33.80334696589511)"
67,42,303,1,846.1695993009865,0.5257867195875244,1,5400,50.77017595805919,31.5471150052352,0,1,,0.15,4,1,252.2,2.001895725,1.0,"LINESTRING (-117.88924195937985 33.81056747805571, -117.8892224970829 33.818177236154845)"
68,43,303,1,1116.7202894809843,0.6938995423471637,1,5400,43.50430247692809,27.032311934391284,0,1,,0.15,4,1,5.6,2.001895725,1.540151515,"LINESTRING (-117.88932305228384 33.82821978137013, -117.8892224970829 33.818177236154845)"
69,43,304,1,1311.4985622940023,0.8149294507649114,1,5400,51.0923197953288,31.74728584354325,0,1,,0.15,4,1,12.1,2.001895725,1.540151515,"LINESTRING (-117.88932305228384 33.82821978137013, -117.88920303478596 33.84001393330896)"
70,44,308,1,1612.3177019065754,1.0018502627826162,1,5400,96.73906211439451,60.110847765083435,0,1,,0.15,4,1,229.2,2.001895725,1.0,"LINESTRING (-117.90682113666251 33.859584624593, -117.889360595295 33.859714583306285)"
71,44,337,1,1611.3708553532003,1.001261918148558,1,5400,32.22741710706401,20.025182395233468,0,1,,0.15,4,1,32.2,2.001895725,3.0,"LINESTRING (-117.90682113666251 33.859584624593, -117.92427177337802 33.85949559073221)"
72,45,340,1,806.9934856487619,0.5014437506361378,1,5400,48.41960913892571,30.086540950263405,0,1,,0.15,4,1,0.0,2.001895725,1.0,"LINESTRING (-117.92358401361528 33.7816151593887, -117.9234866617566 33.77435815399093)"
73,45,341,1,801.2029914900675,0.4978456954341951,1,5400,48.07217948940404,29.87065824151048,0,1,,0.15,4,1,0.0,2.001895725,1.0,"LINESTRING (-117.92358401361528 33.7816151593887, -117.9237825791496 33.78881865059461)"
74,46,329,1,711.8008718064358,0.44229365566408335,1,5400,42.708052308386144,26.537545170914207,0,1,,0.15,4,1,320.0,2.001895725,1.0,"LINESTRING (-117.91527079333476 33.80977910660061, -117.91524043040556 33.803377786329264)"
75,46,330,1,923.6741895564436,0.5739459589374798,1,5400,55.42045137338661,34.436661290332616,0,1,,0.15,4,1,736.3,2.001895725,1.0,"LINESTRING (-117.91527079333476 33.80977910660061, -117.91536057620672 33.81808556147336)"
76,47,332,1,752.6593218457182,0.46768198258026167,1,5400,49.08243578649215,30.498402207088414,0,1,,0.15,4,1,143.1,2.001895725,0.920075758,"LINESTRING (-117.92168581048163 33.84065388639736, -117.9194941722899 33.834134456333274)"
77,47,333,1,753.2742762088567,0.46806409845579977,1,5400,48.07358798175356,29.871533437810193,0,1,,0.15,4,1,0.0,2.001895725,0.940151515,"LINESTRING (-117.92168581048163 33.84065388639736, -117.92378035077884 33.84720105871704)"
78,48,337,1,812.625167492893,0.5049431241955665,1,5400,48.757510049573575,30.296502777013583,0,1,,0.15,4,1,107.2,2.001895725,1.0,"LINESTRING (-117.93307235031394 33.8595224644004, -117.92427177337802 33.85949559073221)"
79,48,361,1,806.3514418076667,0.5010448020975473,1,5400,48.38108650846,30.0626041048483,0,1,,0.15,4,1,17.4,2.001895725,1.0,"LINESTRING (-117.93307235031394 33.8595224644004, -117.9418003147216 33.85928413531282)"
80,49,369,1,794.4801300758108,0.4936682926391011,1,5400,47.66880780454865,29.6200147743202,0,1,,0.15,4,1,81.8,2.001895725,1.0,"LINESTRING (-117.96729640202942 33.788452200367054, -117.95870083152133 33.788581916680215)"
81,49,385,1,751.663334757159,0.4670631033573757,1,5400,45.099800085429536,28.023707878883435,0,1,,0.15,4,1,95.5,2.001895725,1.0,"LINESTRING (-117.96729640202942 33.788452200367054, -117.9754300281378 33.788473413636126)"
82,50,373,1,796.5185036527856,0.49493488240694056,1,5400,47.79111021916714,29.696009947994103,0,1,,0.15,4,1,288.6,2.001895725,1.0,"LINESTRING (-117.96761688832537 33.83234425534096, -117.95899346094346 33.83236453895732)"
83,50,389,1,766.0618559921988,0.47600995190090284,1,5400,45.96371135953193,28.560517291183714,0,1,,0.15,4,1,275.0,2.001895725,1.0,"LINESTRING (-117.96761688832537 33.83234425534096, -117.97591007190888 33.832265899826325)"
84,51,378,1,808.0137702306245,0.5020777276589313,1,5400,48.48082621383747,30.1245794653184,0,1,,0.15,4,1,20.8,2.001895725,1.0,"LINESTRING (-117.96806362679824 33.85917284298674, -117.95931301062797 33.85919643756945)"
85,51,394,1,751.7712496715357,0.4671301587430473,1,5400,45.106274980292135,28.027731190779104,0,1,,0.15,4,1,0.0,2.001895725,1.0,"LINESTRING (-117.96806362679824 33.85917284298674, -117.97620496181058 33.85912245822121)"
86,52,401,1,799.3816943478781,0.49671399104470043,1,5400,47.96290166087269,29.802756167918123,0,1,,0.15,4,1,2771.558749,2.001895725,1.0,"LINESTRING (-117.99281876522696 33.780935339973254, -117.99274612758374 33.77374659137878)"
87,52,402,1,842.5857200039802,0.5235597947009211,1,5400,50.55514320023881,31.41349988547559,0,1,,0.15,4,1,956.1312664,2.001895725,1.0,"LINESTRING (-117.99281876522696 33.780935339973254, -117.99280037910584 33.78851286928862)"
88,53,406,1,833.2823067052407,0.5177789073192991,1,5400,46.296709026293385,28.767432384376946,0,1,,0.15,4,1,1892.687496,2.001895725,1.079924242,"LINESTRING (-117.99544092582944 33.83932211605532, -117.99345139737044 33.83201272605684)"
89,53,407,1,846.3032380784745,0.5258697590804147,1,5400,47.91080517958042,29.770384925241068,0,1,,0.15,4,1,923.3,2.001895725,1.059848485,"LINESTRING (-117.99544092582944 33.83932211605532, -117.99781617891684 33.8466729669008)"
90,54,56,1,453.1911653994654,0.281600634669781,1,9000,81.57440985347817,50.68797262506558,0,1,,0.15,4,1,1861.3,2.001895725,0.333333333,"LINESTRING (-117.8769706265266 33.78078768842045, -117.87984022816336 33.784092566709994)"
91,54,230,1,544.6843509878371,0.33845200578363627,1,9000,98.04318327585386,60.92119083530059,0,1,,0.15,4,1,481.7,2.001895725,0.333333333,"LINESTRING (-117.8769706265266 33.78078768842045, -117.88183353631442 33.78355506599497)"
92,55,59,1,353.4108172437418,0.21959984667238858,1,9000,63.613947167487474,39.52786196540886,0,1,,0.15,4,1,2691.353346,2.001895725,0.333333333,"LINESTRING (-117.88167855144565 33.78269110779023, -117.87921845671572 33.78025788198956)"
93,56,102,1,144.14591170392308,0.0895683396323481,1,9000,25.946264132652416,16.122256090370364,0,1,,0.15,4,1,4415.8,2.001895725,0.333333333,"LINESTRING (-117.87984022816336 33.784092566709994, -117.87978758096318 33.78538816150654)"
94,57,54,1,275.44176642633187,0.17115200419198673,1,9000,49.579518006319255,30.807274683104602,0,1,,0.15,4,1,2343.0,2.001895725,0.333333333,"LINESTRING (-117.87858972377288 33.77870803330167, -117.8769706265266 33.78078768842045)"
95,57,235,1,668.2249524976052,0.41521676743112407,1,9000,120.28049156984942,74.7388093272489,0,1,,0.15,4,1,1287.8,2.001895725,0.333333333,"LINESTRING (-117.87858972377288 33.77870803330167, -117.87305748314566 33.77483916881777)"
96,58,137,1,601.7133251334016,0.3738882555167967,1,9000,108.30839863232067,67.29969796656373,0,1,,0.15,4,1,2256.731266,2.001895725,0.333333333,"LINESTRING (-117.87297069789172 33.77586554485708, -117.87820929866064 33.77907836398334)"
97,58,145,1,357.8621525220073,0.22236578505599025,1,9000,64.4151875183765,40.02572948348112,0,1,,0.15,4,1,3788.3,2.001895725,0.333333333,"LINESTRING (-117.87297069789172 33.77586554485708, -117.87022508852864 33.77813475657666)"
98,59,146,1,778.8910279704687,0.48398164960199136,1,9000,140.20038517488473,87.1164535365033,0,1,,0.15,4,1,3371.253346,2.001895725,0.333333333,"LINESTRING (-117.87921845671572 33.78025788198956, -117.87117023537346 33.778180425237714)"
99,60,102,1,455.1242909143295,0.2828018261612397,1,9000,81.92237244650167,50.90418648945519,0,1,,0.15,4,1,985.4,2.001895725,0.333333333,"LINESTRING (-117.87775892852304 33.781658562020404, -117.87978758096318 33.78538816150654)"
100,60,230,1,431.6023620038494,0.2681859408228525,1,9000,77.68842523838131,48.27333447879823,0,1,,0.15,4,1,2013.2,2.001895725,0.333333333,"LINESTRING (-117.87775892852304 33.781658562020404, -117.88183353631442 33.78355506599497)"
101,61,136,1,196.0344453780239,0.12181045980216978,1,9000,35.286200203330495,21.925821506543674,0,1,,0.15,4,1,3020.302248,2.001895725,0.333333333,"LINESTRING (-117.88335370704866 33.77982223894244, -117.8852870486348 33.779097144248844)"
102,62,2,1,627.5379392163044,0.38993496664241517,1,9000,34.52884889000769,21.455225363632966,0,1,,0.15,4,1,13602.2,2.001895725,1.090458488,"LINESTRING (-117.8203542983156 33.84653252945639, -117.81516143365 33.85017260317939)"
103,63,62,1,441.85727203634514,0.27455806233384195,1,7200,24.31219217781054,15.106891165718315,0,1,,0.15,4,1,13602.2,2.001895725,1.090458488,"LINESTRING (-117.82451624841627 33.8445724799997, -117.8203542983156 33.84653252945639)"
104,64,63,1,770.2911882203673,0.4786379436417211,1,7200,84.76704395779262,52.67178287109756,0,1,,0.15,4,1,6620.455187,2.001895725,0.545229244,"LINESTRING (-117.8316994347361 33.84105197225527, -117.82451624841627 33.8445724799997)"
105,64,189,1,674.4939270707135,0.4191121373176045,1,7200,121.40890699413734,75.43997394785411,0,1,,0.15,4,1,162.1,2.001895725,0.333333333,"LINESTRING (-117.8316994347361 33.84105197225527, -117.83169455705064 33.84711783195025)"
106,65,64,1,230.86846542152063,0.14345537016511156,1,7200,39.68751865166688,24.6606731521049,0,1,,0.15,4,1,6782.555187,2.001895725,0.349029327,"LINESTRING (-117.83339707987824 33.83952797936427, -117.8316994347361 33.84105197225527)"
107,66,65,1,345.27516515794747,0.21454457427140786,1,7200,90.45026229265412,56.203169931048784,0,1,,0.15,4,1,6782.555187,2.001895725,0.229037588,"LINESTRING (-117.83506621494936 33.83674954334532, -117.83339707987824 33.83952797936427)"
108,67,66,1,562.6394308056878,0.34960880286681983,1,7200,123.83182384230757,76.9455042127185,0,1,,0.15,4,1,5550.255187,2.001895725,0.272614622,"LINESTRING (-117.8345983906009 33.83170455667469, -117.83506621494936 33.83674954334532)"
109,67,260,1,273.2948343977125,0.16981795916196238,1,1800,32.7953801277255,20.37809814534492,0,1,,0.15,4,1,0.0,2.001895725,0.5,"LINESTRING (-117.8345983906009 33.83170455667469, -117.83388272746032 33.83408937516793)"
110,68,67,1,1943.837309672221,1.207847508713026,1,7200,66.43025706389504,41.27783526204953,0,1,,0.15,4,1,5550.255187,2.001895725,1.755679471,"LINESTRING (-117.83171109794688 33.814388576224445, -117.8345983906009 33.83170455667469)"
111,69,68,1,821.6782559429989,0.5105684665409417,1,7200,180.84391436854014,112.37116391509416,0,1,,0.15,4,1,5445.155187,2.001895725,0.272614622,"LINESTRING (-117.8316997587234 33.8069990625826, -117.83171109794688 33.814388576224445)"
112,69,258,1,384.58850623504213,0.23897281260332942,1,1800,46.15062074820506,28.676657364932925,0,1,,0.15,4,1,735.5,2.001895725,0.5,"LINESTRING (-117.8316997587234 33.8069990625826, -117.83086097946352 33.810386798973255)"
113,70,69,1,1700.0085460062585,1.056338962559968,1,7200,72.51306454767081,45.05751543105076,0,1,,0.15,4,1,6180.655187,2.001895725,1.406650145,"LINESTRING (-117.8307218442138 33.791732152552264, -117.8316997587234 33.8069990625826)"
114,71,70,1,688.3395142817055,0.42771540773342215,1,7200,151.49726949313208,94.13600984221698,0,1,,0.15,4,1,6023.855187,2.001895725,0.272614622,"LINESTRING (-117.8308050709806 33.78554216177335, -117.8307218442138 33.791732152552264)"
115,71,255,1,275.2281986465012,0.1710192989961731,1,1800,33.027383837580146,20.522258522541012,0,1,,0.15,4,1,2419.447184,2.001895725,0.5,"LINESTRING (-117.8308050709806 33.78554216177335, -117.82967110628329 33.78783089785967)"
116,72,71,1,502.07461171952895,0.31197547548655286,1,7200,110.5020577479213,68.66277412488361,0,1,,0.15,4,1,8443.302372,2.001895725,0.272614622,"LINESTRING (-117.83085708770965 33.78102710967576, -117.8308050709806 33.78554216177335)"
117,73,72,1,897.7645346227217,0.5578464057456608,1,7200,114.8980409017633,71.39431057316956,0,1,,0.15,4,1,2232.5,2.001895725,0.468814539,"LINESTRING (-117.83072184421366 33.772954113298546, -117.83085708770965 33.78102710967576)"
118,73,141,1,617.1349454696713,0.38347082994871895,1,7200,111.08429029562511,69.02455654528288,0,1,,0.15,4,1,5436.5,2.001895725,0.333333333,"LINESTRING (-117.83072184421366 33.772954113298546, -117.83408212492216 33.77775005573398)"
119,74,73,1,529.6619034521436,0.32911746644720424,1,7200,29.143442466494534,18.108889988848176,0,1,,0.15,4,1,7669.0,2.001895725,1.090458488,"LINESTRING (-117.83059661334968 33.76819189376001, -117.83072184421366 33.772954113298546)"
120,75,3,1,931.5258899115338,0.5788247914744764,1,9000,51.25509499880387,31.84842963450176,0,1,,0.15,4,1,5676.6,2.001895725,1.090458488,"LINESTRING (-117.83135860979516 33.76814524091641, -117.83104413507152 33.75977191943139)"
121,76,75,1,552.3838718376289,0.34323627812496366,1,7200,30.39366713633003,18.885743342168528,0,1,,0.15,4,1,5676.6,2.001895725,1.090458488,"LINESTRING (-117.8311587847392 33.77311016348626, -117.83135860979516 33.76814524091641)"
122,77,76,1,911.5839680554317,0.5664334249166937,1,7200,116.66668486858916,72.49329464348011,0,1,,0.15,4,1,1761.8,2.001895725,0.468814539,"LINESTRING (-117.83123160816012 33.781308000013624, -117.8311587847392 33.77311016348626)"
123,77,141,1,475.3190863349304,0.2953503214578215,1,7200,85.5574356258449,53.16290933226687,0,1,,0.15,4,1,3073.892075,2.001895725,0.333333333,"LINESTRING (-117.83123160816012 33.781308000013624, -117.83408212492216 33.77775005573398)"
124,78,77,1,456.94040659598994,0.2839303109324257,1,7200,100.56842950910901,62.49030561250458,0,1,,0.15,4,1,4835.692075,2.001895725,0.272614622,"LINESTRING (-117.8312108014686 33.78541732162319, -117.83123160816012 33.781308000013624)"
125,79,78,1,701.0635444237968,0.435621773164028,1,7200,154.2977128549906,95.87612413441838,0,1,,0.15,4,1,4565.092075,2.001895725,0.272614622,"LINESTRING (-117.83112757470184 33.79172174920642, -117.8312108014686 33.78541732162319)"
126,79,256,1,450.83961722851535,0.28013944674743396,1,1800,54.10075406742184,33.61663965562798,0,1,,0.15,4,1,1227.2,2.001895725,0.5,"LINESTRING (-117.83112757470184 33.79172174920642, -117.83235732622484 33.78779818325449)"
127,80,79,1,1713.9912242371659,1.0650274175980003,1,7200,73.10948910770557,45.42811635634412,0,1,,0.15,4,1,5792.292075,2.001895725,1.406650145,"LINESTRING (-117.83200665742588 33.80711870105984, -117.83112757470184 33.79172174920642)"
128,81,80,1,729.1499993268502,0.4530739305099297,1,7200,160.47928624903696,99.71717457585035,0,1,,0.15,4,1,4571.292075,2.001895725,0.272614622,"LINESTRING (-117.83223983017436 33.81367323262254, -117.83200665742588 33.80711870105984)"
129,81,259,1,409.88311811765266,0.2546901948113218,1,1800,49.185974174118314,30.562737958546073,0,1,,0.15,4,1,56.6,2.001895725,0.5,"LINESTRING (-117.83223983017436 33.81367323262254, -117.83265452211752 33.81000320892587)"
130,82,81,1,1800.3107746757203,1.118664032880386,1,7200,61.52526600941454,38.23001606553592,0,1,,0.15,4,1,4627.892075,2.001895725,1.755679471,"LINESTRING (-117.83401797095638 33.82979626111509, -117.83223983017436 33.81367323262254)"
131,83,82,1,1000.0706028762145,0.6214166073522156,1,7200,220.10644818814185,136.7677638171139,0,1,,0.15,4,1,4627.892075,2.001895725,0.272614622,"LINESTRING (-117.83432486965886 33.83878648581779, -117.83401797095638 33.82979626111509)"
132,83,261,1,453.2444934029028,0.281633771237217,1,1800,54.38933920834833,33.79595809323061,0,1,,0.15,4,1,942.1,2.001895725,0.5,"LINESTRING (-117.83432486965886 33.83878648581779, -117.83616514859862 33.835007837184186)"
133,84,83,1,299.6640156979625,0.18620304950971364,1,7200,78.50170401671254,48.778682326568685,0,1,,0.15,4,1,5569.992075,2.001895725,0.229037588,"LINESTRING (-117.83229101554588 33.840886227787934, -117.83432486965886 33.83878648581779)"
134,85,84,1,184.08041437205944,0.114382550841997,1,7200,31.64440351547756,19.662914656815808,0,1,,0.15,4,1,5569.992075,2.001895725,0.349029327,"LINESTRING (-117.8309177738941 33.842086080342284, -117.83229101554588 33.840886227787934)"
135,86,85,1,836.4453698059839,0.5197443484944039,1,7200,92.04701094198651,57.1953432360331,0,1,,0.15,4,1,4999.292075,2.001895725,0.545229244,"LINESTRING (-117.82296961766704 33.84569257356924, -117.8309177738941 33.842086080342284)"
136,86,189,1,821.1968239995405,0.5102693178567242,1,7200,147.8154284677327,91.84822060242352,0,1,,0.15,4,1,4663.207925,2.001895725,0.333333333,"LINESTRING (-117.82296961766704 33.84569257356924, -117.83169455705064 33.84711783195025)"
137,87,86,1,259.21672188636677,0.1610702038639236,1,7200,14.262810995866179,8.862497131312363,0,1,,0.15,4,1,9662.5,2.001895725,1.090458488,"LINESTRING (-117.82041419826294 33.84665693703933, -117.82296961766704 33.84569257356924)"
138,88,1,1,557.5974587248144,0.3464758588768156,1,9000,30.680532905796284,19.063993412207545,0,1,,0.15,4,1,8328.0,2.001895725,1.090458488,"LINESTRING (-117.87851949816282 33.86632522980389, -117.88014171370772 33.871155530597115)"
139,89,88,1,311.8582226151988,0.19378019723315076,1,7200,17.159289934301405,10.662285145766798,0,1,,0.15,4,1,8328.0,2.001895725,1.090458488,"LINESTRING (-117.87769667255284 33.86360512048987, -117.87851949816282 33.86632522980389)"
140,90,89,1,565.0182070320059,0.35108690956044464,1,7200,124.35537086459124,77.27082114950193,0,1,,0.15,4,1,7777.3,2.001895725,0.272614622,"LINESTRING (-117.87610816443298 33.85869799572926, -117.87769667255284 33.86360512048987)"
141,90,293,1,315.39797346875713,0.19597970190808478,1,1800,37.84775681625086,23.517498500670612,0,1,,0.15,4,1,726.5,2.001895725,0.5,"LINESTRING (-117.87610816443298 33.85869799572926, -117.87665099457462 33.86149838691617)"
142,91,90,1,164.0360546994815,0.10192753221785422,1,7200,42.97182557637173,26.701446230215677,0,1,,0.15,4,1,8503.8,2.001895725,0.229037588,"LINESTRING (-117.87574371515244 33.85725416453408, -117.87610816443298 33.85869799572926)"
143,92,91,1,206.24307566018527,0.12815382433804248,1,7200,39.13634121834991,24.318187479187305,0,1,,0.15,4,1,8503.8,2.001895725,0.316191656,"LINESTRING (-117.87535236680512 33.85542807247657, -117.87574371515244 33.85725416453408)"
144,93,92,1,1139.494944047428,0.7080510917813688,1,7200,195.88524904340107,121.71741308334717,0,1,,0.15,4,1,4198.446952,2.001895725,0.349029327,"LINESTRING (-117.87591190784195 33.845190904292025, -117.87535236680512 33.85542807247657)"
145,93,183,1,785.0694173830304,0.4878207323393631,1,7200,141.31249527025795,87.80748649857546,0,1,,0.15,4,1,1837.2,2.001895725,0.333333333,"LINESTRING (-117.87591190784195 33.845190904292025, -117.87951027029642 33.85158751254929)"
146,93,195,1,443.99503153899246,0.275886407806301,1,7200,79.91910575693774,49.65941466329416,0,1,,0.15,4,1,684.2448127,2.001895725,0.333333333,"LINESTRING (-117.87591190784195 33.845190904292025, -117.87263935865484 33.84811601543784)"
147,94,93,1,387.3647516569355,0.2406978958187428,1,7200,33.30488537640601,20.69468993122278,0,1,,0.15,4,1,6719.891764,2.001895725,0.697852127,"LINESTRING (-117.87587442489988 33.84170739341709, -117.87591190784195 33.845190904292025)"
148,95,94,1,796.8661645621162,0.49515090941759743,1,7200,175.3829986189331,108.97790923484509,0,1,,0.15,4,1,4821.744813,2.001895725,0.272614622,"LINESTRING (-117.87596669060387 33.834541423742984, -117.87587442489988 33.84170739341709)"
149,95,290,1,377.2340899502527,0.23440297882998792,1,1800,45.26809079403033,28.12827884477742,0,1,,0.15,4,1,0.0,2.001895725,0.5,"LINESTRING (-117.87596669060387 33.834541423742984, -117.87398810384116 33.83750930388701)"
150,96,95,1,1445.4780113859974,0.8981806277020379,1,7200,69.76910981570799,43.35250153529629,0,1,,0.15,4,1,4821.744813,2.001895725,1.243081371,"LINESTRING (-117.87586673609091 33.82154221122985, -117.87596669060387 33.834541423742984)"
151,97,96,1,783.1141488595837,0.48660578178606373,1,7200,172.3563049804974,107.09720958203665,0,1,,0.15,4,1,3992.444813,2.001895725,0.272614622,"LINESTRING (-117.8770723009972 33.81457109226573, -117.87586673609091 33.82154221122985)"
152,97,288,1,474.58297245797127,0.2948929203636095,1,1800,56.94995669495655,35.38705154150185,0,1,,0.15,4,1,1925.1,2.001895725,0.5,"LINESTRING (-117.8770723009972 33.81457109226573, -117.87422321745184 33.81812255404625)"
153,98,97,1,700.589276844157,0.435327076220163,1,7200,67.61966665688468,42.01689989025509,0,1,,0.15,4,1,5917.544813,2.001895725,0.621643949,"LINESTRING (-117.87943434331063 33.808584005696154, -117.8770723009972 33.81457109226573)"
154,99,98,1,693.2611323965353,0.4307735670501792,1,7200,152.58047289844973,94.80908102538261,0,1,,0.15,4,1,5917.544813,2.001895725,0.272614622,"LINESTRING (-117.87906402143864 33.80235696558513, -117.87943434331063 33.808584005696154)"
155,99,283,1,415.0306367491192,0.2578887225503121,1,1800,49.8036764098943,30.946560214492433,0,1,,0.15,4,1,0.0,2.001895725,0.5,"LINESTRING (-117.87906402143864 33.80235696558513, -117.8790721149914 33.806089414441004)"
156,100,99,1,481.39222658257256,0.299124005233557,1,7200,73.56868472886092,45.713447198657036,0,1,,0.15,4,1,5917.544813,2.001895725,0.392606361,"LINESTRING (-117.87734298735428 33.79827075034259, -117.87906402143864 33.80235696558513)"
157,101,100,1,534.6433196273777,0.33221278264840104,1,7200,117.67013428077479,73.11680900817932,0,1,,0.15,4,1,5401.2,2.001895725,0.272614622,"LINESTRING (-117.878696217679 33.79359595467537, -117.87734298735428 33.79827075034259)"
158,101,278,1,293.6028239762457,0.1824367902222313,1,1800,35.23233887714948,21.89235364043325,0,1,,0.15,4,1,0.0,2.001895725,0.5,"LINESTRING (-117.878696217679 33.79359595467537, -117.87689191057936 33.79576932459083)"
159,102,101,1,918.2219699087342,0.5705580982941667,1,7200,71.15546723370949,44.2139438304773,0,1,,0.15,4,1,5401.2,2.001895725,0.774266832,"LINESTRING (-117.87978758096318 33.78538816150654, -117.878696217679 33.79359595467537)"
160,103,59,1,621.5753004471462,0.3862299454727691,1,9000,111.88355419236987,69.52119595206706,0,1,,0.15,4,1,679.9,2.001895725,0.333333333,"LINESTRING (-117.88008922290908 33.785800785623934, -117.87921845671572 33.78025788198956)"
161,103,61,1,730.0438712089623,0.453629358127532,1,9000,131.4078969490211,81.6530563351102,0,1,,0.15,4,1,3020.302248,2.001895725,0.333333333,"LINESTRING (-117.88008922290908 33.785800785623934, -117.88335370704866 33.77982223894244)"
162,103,237,1,648.083625599056,0.4027014960164142,1,9000,116.65505272448512,72.48606676646604,0,1,,0.15,4,1,2831.8,2.001895725,0.333333333,"LINESTRING (-117.88008922290908 33.785800785623934, -117.8782128259756 33.78018496948642)"
163,104,103,1,909.6831019100657,0.5652522785179427,1,7200,70.4937675989767,43.802782866743755,0,1,,0.15,4,1,6532.002248,2.001895725,0.774266832,"LINESTRING (-117.87892175606645 33.79392401051167, -117.88008922290908 33.785800785623934)"
164,105,104,1,477.47043607538353,0.2966871115335377,1,7200,105.08690236183668,65.29795360747681,0,1,,0.15,4,1,6532.002248,2.001895725,0.272614622,"LINESTRING (-117.87775305714965 33.79810672242444, -117.87892175606645 33.79392401051167)"
165,105,279,1,268.4319625588716,0.16679630317948452,1,1800,32.21183550706459,20.015500440860233,0,1,,0.15,4,1,287.8,2.001895725,0.5,"LINESTRING (-117.87775305714965 33.79810672242444, -117.87831690311826 33.795738569356175)"
166,106,105,1,650.4990624570422,0.4042023826270659,1,7200,99.41240801094033,61.771987378166,0,1,,0.15,4,1,6819.802248,2.001895725,0.392606361,"LINESTRING (-117.88002894451394 33.803642664661936, -117.87775305714965 33.79810672242444)"
167,107,106,1,547.3827848879532,0.34012873904082,1,7200,120.47397477189318,74.85903417798603,0,1,,0.15,4,1,6284.517892,2.001895725,0.272614622,"LINESTRING (-117.8798649165958 33.808563502206376, -117.88002894451394 33.803642664661936)"
168,107,284,1,328.3549189512793,0.20403079458118192,1,1800,39.40259027415351,24.48362692124104,0,1,,0.15,4,1,0.0,2.001895725,0.5,"LINESTRING (-117.8798649165958 33.808563502206376, -117.88178120296804 33.80607660243605)"
169,108,107,1,729.3545434789511,0.45320102866948636,1,7200,70.39604049735078,43.74205807987936,0,1,,0.15,4,1,6284.517892,2.001895725,0.621643949,"LINESTRING (-117.87735067616325 33.81478118547861, -117.8798649165958 33.808563502206376)"
170,109,108,1,741.2894435899656,0.4606170502131095,1,7200,163.1510675733231,101.37734200910336,0,1,,0.15,4,1,4138.707925,2.001895725,0.272614622,"LINESTRING (-117.87627099625008 33.82138712894198, -117.87735067616325 33.81478118547861)"
171,109,289,1,425.76402576385755,0.264558157855927,1,1800,51.0916830916629,31.74689021434967,0,1,,0.15,4,1,811.8,2.001895725,0.5,"LINESTRING (-117.87627099625008 33.82138712894198, -117.87851662807228 33.81804341283665)"
172,110,109,1,1569.1360913071126,0.9750183872314817,1,7200,75.73773340572953,47.06123114405156,0,1,,0.15,4,1,4950.507925,2.001895725,1.243081371,"LINESTRING (-117.87628962056772 33.83549868042155, -117.87627099625008 33.82138712894198)"
173,111,110,1,687.3992147041046,0.4271311312116176,1,7200,151.2903181042368,94.00741625074772,0,1,,0.15,4,1,4950.507925,2.001895725,0.272614622,"LINESTRING (-117.87624348771574 33.84168048258675, -117.87628962056772 33.83549868042155)"
174,111,291,1,438.76081320861203,0.27263400723812997,1,1800,52.65129758503344,32.715989431709815,0,1,,0.15,4,1,187.8,2.001895725,0.5,"LINESTRING (-117.87624348771574 33.84168048258675, -117.8783986443396 33.83816401895799)"
175,112,111,1,505.2845049454392,0.3139700156246904,1,7200,43.44340172330857,26.99446997221397,0,1,,0.15,4,1,5138.307925,2.001895725,0.697852127,"LINESTRING (-117.8762665541416 33.846224568506685, -117.87624348771574 33.84168048258675)"
176,113,112,1,959.7830021124504,0.5963829906125806,1,7200,164.99180920331952,102.52112547647586,0,1,,0.15,4,1,3492.6,2.001895725,0.349029327,"LINESTRING (-117.87589893297734 33.85485069100101, -117.8762665541416 33.846224568506685)"
177,113,183,1,492.8203471085616,0.3062251277595546,1,7200,88.70766256824875,55.120368997695294,0,1,,0.15,4,1,1668.2,2.001895725,0.333333333,"LINESTRING (-117.87589893297734 33.85485069100101, -117.87951027029642 33.85158751254929)"
178,113,195,1,807.0943348186528,0.5015064155608218,1,7200,145.2769804126345,90.27090259597911,0,1,,0.15,4,1,2688.2,2.001895725,0.333333333,"LINESTRING (-117.87589893297734 33.85485069100101, -117.87263935865484 33.84811601543784)"
179,114,113,1,259.62818088398245,0.16132587326729125,1,7200,49.26660953076809,30.6128424307429,0,1,,0.15,4,1,7849.0,2.001895725,0.316191656,"LINESTRING (-117.8761358443943 33.85717727644746, -117.87589893297734 33.85485069100101)"
180,115,114,1,497.7420048809896,0.309283311718462,1,7200,130.3913499685448,81.02140352130465,0,1,,0.15,4,1,7849.0,2.001895725,0.229037588,"LINESTRING (-117.87754289637964 33.86149838691617, -117.8761358443943 33.85717727644746)"
181,116,115,1,356.74809668126704,0.22167354112944876,1,7200,78.51701293144879,48.78819484222726,0,1,,0.15,4,1,6819.4,2.001895725,0.272614622,"LINESTRING (-117.87843479818451 33.86462004323341, -117.87754289637964 33.86149838691617)"
182,116,294,1,398.42041917586766,0.24756758620047206,1,1800,47.81045030110412,29.708027314047367,0,1,,0.15,4,1,255.5,2.001895725,0.5,"LINESTRING (-117.87843479818451 33.86462004323341, -117.87840404294992 33.86103705839635)"
183,117,116,1,186.9041927988792,0.11613716977076269,1,7200,10.283978428652253,6.390165960190079,0,1,,0.15,4,1,7074.9,2.001895725,1.090458488,"LINESTRING (-117.8788459556524 33.866265873896694, -117.87843479818451 33.86462004323341)"
184,118,5,1,1052.4011973046365,0.6539334120227153,1,9000,57.905984072892274,35.98109922935715,0,1,,0.15,4,1,4644.2,2.001895725,1.090458488,"LINESTRING (-118.0000947428427 33.771783672672015, -118.01096501268532 33.77459957583318)"
185,119,118,1,378.832485328392,0.23539617814035074,1,7200,20.844396526631947,12.952103514149819,0,1,,0.15,4,1,4644.2,2.001895725,1.090458488,"LINESTRING (-117.9960123301784 33.77148211605756, -118.0000947428427 33.771783672672015)"
186,120,119,1,766.4018298707128,0.4762212024001845,1,7200,168.6780755004505,104.81166445179042,0,1,,0.15,4,1,3210.5,2.001895725,0.272614622,"LINESTRING (-117.98774512364234 33.77095510397168, -117.9960123301784 33.77148211605756)"
187,120,400,1,493.9131125918247,0.3069041424384063,1,1800,59.26957351101896,36.828394162115366,0,1,,0.15,4,1,3562.031266,2.001895725,0.5,"LINESTRING (-117.98774512364234 33.77095510397168, -117.99268505520206 33.772648606449934)"
188,121,120,1,633.0882498124503,0.39338377832679877,1,7200,69.66848423256442,43.28997571607279,0,1,,0.15,4,1,6772.531266,2.001895725,0.545229244,"LINESTRING (-117.98094238525223 33.7702934068006, -117.98774512364234 33.77095510397168)"
189,122,121,1,487.59411677788967,0.3029776907166228,1,7200,47.061741779575144,29.242801551316386,0,1,,0.15,4,1,6772.531266,2.001895725,0.621643949,"LINESTRING (-117.976697540971 33.76769014873577, -117.98094238525223 33.7702934068006)"
190,123,122,1,919.0605626279611,0.5710791769470474,1,7200,202.2768747806846,125.68898395934877,0,1,,0.15,4,1,6732.831266,2.001895725,0.272614622,"LINESTRING (-117.96697172265507 33.76597382785648, -117.976697540971 33.76769014873577)"
191,123,382,1,513.2735164547637,0.31893416956936615,1,1800,61.59282197457164,38.27199338316156,0,1,,0.15,4,1,0.0,2.001895725,0.5,"LINESTRING (-117.96697172265507 33.76597382785648, -117.97246099029488 33.766669233729985)"
192,124,123,1,480.9764873998082,0.2988656762398302,1,7200,33.50114821220206,20.81664196576421,0,1,,0.15,4,1,6732.831266,2.001895725,0.8614209,"LINESTRING (-117.96176850849515 33.7659836917696, -117.96697172265507 33.76597382785648)"
193,125,124,1,539.8574603767526,0.3354527075551174,1,7200,118.81771925867262,73.82988503348066,0,1,,0.15,4,1,6732.831266,2.001895725,0.272614622,"LINESTRING (-117.95592907194036 33.76606260307439, -117.96176850849515 33.7659836917696)"
194,125,366,1,115.74929830620765,0.0719234582538231,1,1800,13.889915796744917,8.630790868539187,0,1,,0.15,4,1,885.8,2.001895725,0.5,"LINESTRING (-117.95592907194036 33.76606260307439, -117.95499200019592 33.76675307699134)"
195,126,125,1,1430.0757579100177,0.8886100873090943,1,7200,99.6081537777886,61.89361812105828,0,1,,0.15,4,1,7618.631266,2.001895725,0.8614209,"LINESTRING (-117.94045868813492 33.76613847911729, -117.95592907194036 33.76606260307439)"
196,127,126,1,538.8281446150943,0.334813118803419,1,7200,118.59117621690027,73.68911775707154,0,1,,0.15,4,1,6981.331266,2.001895725,0.272614622,"LINESTRING (-117.9346299393172 33.76619032313474, -117.94045868813492 33.76613847911729)"
197,127,350,1,300.2015281296836,0.18653704508039545,1,1800,36.02418337556203,22.384382848256354,0,1,,0.15,4,1,0.0,2.001895725,0.5,"LINESTRING (-117.9346299393172 33.76619032313474, -117.9377597440114 33.76691089960093)"
198,128,127,1,605.0914542584483,0.3759873328559834,1,7200,58.40238180377896,36.28954638379594,0,1,,0.15,4,1,6981.331266,2.001895725,0.621643949,"LINESTRING (-117.92808401492496 33.766194026278846, -117.9346299393172 33.76619032313474)"
199,129,128,1,438.09149986046515,0.2722181141713157,1,7200,83.13151056594583,51.655509851872324,0,1,,0.15,4,1,6981.331266,2.001895725,0.316191656,"LINESTRING (-117.92339788653877 33.766782668730634, -117.92808401492496 33.766194026278846)"
200,130,129,1,669.1031372599381,0.41576244750017904,1,7200,147.26351778591058,91.50527931014905,0,1,,0.15,4,1,6155.431266,2.001895725,0.272614622,"LINESTRING (-117.91677920084906 33.76921905526617, -117.92339788653877 33.766782668730634)"
201,130,324,1,342.19290898213984,0.2126293443163905,1,1800,41.06314907785678,25.515450005656945,0,1,,0.15,4,1,1491.822297,2.001895725,0.5,"LINESTRING (-117.91677920084906 33.76921905526617, -117.92036966521724 33.76846939787063)"
202,131,130,1,738.1751750761244,0.4586819286640017,1,7200,51.415644204322724,31.948190254884217,0,1,,0.15,4,1,7647.253563,2.001895725,0.8614209,"LINESTRING (-117.90961602382428 33.77215403098198, -117.91677920084906 33.76921905526617)"
203,132,131,1,980.8393165550812,0.6094668103415569,1,7200,186.1224288388713,115.65107973003829,0,1,,0.15,4,1,7310.253563,2.001895725,0.316191656,"LINESTRING (-117.9005333359744 33.7767156292217, -117.90961602382428 33.77215403098198)"
204,132,314,1,527.456001312356,0.32774677899782273,1,1800,63.294720157482715,39.32950355897519,0,1,,0.15,4,1,1008.277703,2.001895725,0.5,"LINESTRING (-117.9005333359744 33.7767156292217, -117.9061459025279 33.77585746878205)"
205,133,132,1,407.19573842709787,0.25302033033858473,1,7200,52.1138793130003,32.38205330259831,0,1,,0.15,4,1,8318.531266,2.001895725,0.468814539,"LINESTRING (-117.89675545725731 33.77859963662367, -117.9005333359744 33.7767156292217)"
206,134,133,1,246.08979270230887,0.15291348795301732,1,7200,42.304145869491734,26.28656942307195,0,1,,0.15,4,1,8318.531266,2.001895725,0.349029327,"LINESTRING (-117.89417111202528 33.77913228793104, -117.89675545725731 33.77859963662367)"
207,135,134,1,636.6792599290984,0.39561513411031757,1,7200,140.12731714642183,87.07105118258929,0,1,,0.15,4,1,7965.82559,2.001895725,0.272614622,"LINESTRING (-117.8872830475081 33.77905559436157, -117.89417111202528 33.77913228793104)"
208,135,298,1,182.41211080486093,0.11334591248888423,1,1800,21.889453296583312,13.60147148435127,0,1,,0.15,4,1,499.5,2.001895725,0.5,"LINESTRING (-117.8872830475081 33.77905559436157, -117.88883473503851 33.78006935967548)"
209,136,135,1,184.5359870979763,0.11466563131344297,1,7200,72.54586604735135,45.077897331708755,0,1,,0.15,4,1,8465.32559,2.001895725,0.152622883,"LINESTRING (-117.8852870486348 33.779097144248844, -117.8872830475081 33.77905559436157)"
210,137,136,1,654.1570039438966,0.4064753277392575,1,7200,62.0658695917136,38.56593145407267,0,1,,0.15,4,1,5445.023342,2.001895725,0.632383313,"LINESTRING (-117.87820929866064 33.77907836398334, -117.8852870486348 33.779097144248844)"
211,138,60,1,791.6951412307068,0.4919377764988796,1,9000,142.50512556403234,88.54855237684833,0,1,,0.15,4,1,2998.6,2.001895725,0.333333333,"LINESTRING (-117.87014982672191 33.778388537307386, -117.87775892852304 33.781658562020404)"
212,138,137,1,748.8303409032603,0.46530275821346667,1,7200,343.13910216134747,213.21668704909865,0,1,,0.15,4,1,3188.292075,2.001895725,0.130937629,"LINESTRING (-117.87014982672191 33.778388537307386, -117.87820929866064 33.77907836398334)"
213,138,236,1,677.6058825824366,0.42104582163025633,1,9000,121.96905898680764,75.78803615169166,0,1,,0.15,4,1,2512.0,2.001895725,0.333333333,"LINESTRING (-117.87014982672191 33.778388537307386, -117.87738678960046 33.77936387943689)"
214,139,138,1,1275.805144726494,0.7927505342106045,1,7200,70.19827854610605,43.619174538472464,0,1,,0.15,4,1,8698.892075,2.001895725,1.090458488,"LINESTRING (-117.85644227610469 33.7770372744325, -117.87014982672191 33.778388537307386)"
215,140,139,1,749.2180896529688,0.46554369471520557,1,7200,164.89609049355442,102.4616486460704,0,1,,0.15,4,1,8436.692075,2.001895725,0.272614622,"LINESTRING (-117.84859850288711 33.77533720400419, -117.85644227610469 33.7770372744325)"
216,140,265,1,429.0892170015492,0.2666243410351754,1,1800,51.4907060401859,31.994831502896353,0,1,,0.15,4,1,73.7,2.001895725,0.5,"LINESTRING (-117.84859850288711 33.77533720400419, -117.85313006992536 33.776175514594705)"
217,141,140,1,1368.2634581888028,0.850201609472705,1,7200,87.53752475768732,54.39327929620893,0,1,,0.15,4,1,8510.392075,2.001895725,0.937835605,"LINESTRING (-117.83408212492216 33.77775005573398, -117.84859850288711 33.77533720400419)"
218,142,72,1,685.0739146473886,0.42568625315184405,1,7200,123.31330475984325,76.62331149192856,0,1,,0.15,4,1,6210.802372,2.001895725,0.333333333,"LINESTRING (-117.83550218163028 33.7762259655674, -117.83085708770965 33.78102710967576)"
219,142,76,1,530.2845113974026,0.3295043380500098,1,7200,95.45121214698369,59.3106151429834,0,1,,0.15,4,1,3914.8,2.001895725,0.333333333,"LINESTRING (-117.83550218163028 33.7762259655674, -117.8311587847392 33.77311016348626)"
220,143,142,1,1252.0586430537671,0.7779951054803629,1,7200,80.10307796239623,49.77372965657211,0,1,,0.15,4,1,10125.60237,2.001895725,0.937835605,"LINESTRING (-117.84897955315554 33.77509098690767, -117.83550218163028 33.7762259655674)"
221,144,143,1,731.2060832567378,0.4543515250082256,1,7200,160.93181163042777,99.99836072461054,0,1,,0.15,4,1,10069.40237,2.001895725,0.272614622,"LINESTRING (-117.85660055852388 33.77685554276603, -117.84897955315554 33.77509098690767)"
222,144,264,1,373.710742741114,0.23221366693247794,1,1800,44.84528912893368,27.86556215133465,0,1,,0.15,4,1,311.4,2.001895725,0.5,"LINESTRING (-117.85660055852388 33.77685554276603, -117.85315938148447 33.77509098690767)"
223,145,144,1,1267.264602470624,0.7874436740966011,1,7200,85.02672338181866,52.83314013448404,0,1,,0.15,4,1,10380.80237,2.001895725,0.894258571,"LINESTRING (-117.87022508852864 33.77813475657666, -117.85660055852388 33.77685554276603)"
224,146,145,1,87.50263795967142,0.0543717536130783,1,7200,43.75433110091258,27.187672470505152,0,1,,0.15,4,1,6592.502372,2.001895725,0.119991739,"LINESTRING (-117.87117023537346 33.778180425237714, -117.87022508852864 33.77813475657666)"
225,147,57,1,110.3441924518761,0.06856487283723521,1,9000,19.861954661199654,12.34164262978429,0,1,,0.15,4,1,3630.8,2.001895725,0.333333333,"LINESTRING (-117.8797768419168 33.778813554914464, -117.87858972377288 33.77870803330167)"
226,147,146,1,798.5714076131922,0.49621050095889757,1,7200,62.770823935800685,39.00396963981241,0,1,,0.15,4,1,3221.249026,2.001895725,0.763320942,"LINESTRING (-117.8797768419168 33.778813554914464, -117.87117023537346 33.778180425237714)"
227,148,147,1,882.8355250618062,0.5485699262193237,1,7200,231.27265688681794,143.70612208241894,0,1,,0.15,4,1,6852.049026,2.001895725,0.229037588,"LINESTRING (-117.88932828028068 33.77872862045265, -117.8797768419168 33.778813554914464)"
228,149,148,1,262.5626284619629,0.16314925898937635,1,7200,57.7876476035749,35.907568379080935,0,1,,0.15,4,1,6335.449026,2.001895725,0.272614622,"LINESTRING (-117.89216873766613 33.77876732314636, -117.88932828028068 33.77872862045265)"
229,149,297,1,284.13440292358285,0.17655337152098555,1,1800,34.09612835082994,21.186345369483554,0,1,,0.15,4,1,112.4,2.001895725,0.5,"LINESTRING (-117.89216873766613 33.77876732314636, -117.8893377946066 33.777771067923325)"
230,150,149,1,372.5097285995693,0.2314673894885912,1,7200,64.03640607533863,39.79036567943924,0,1,,0.15,4,1,6447.849026,2.001895725,0.349029327,"LINESTRING (-117.89616362247138 33.778323447056884, -117.89216873766613 33.77876732314636)"
231,151,150,1,442.3593959370219,0.2748700684361427,1,7200,115.88300413040201,72.00633815951203,0,1,,0.15,4,1,6447.849026,2.001895725,0.229037588,"LINESTRING (-117.9004346968434 33.776528214872805, -117.89616362247138 33.778323447056884)"
232,152,151,1,807.1404486301382,0.5015350694260617,1,7200,77.90380167893872,48.40716315304383,0,1,,0.15,4,1,5208.949026,2.001895725,0.621643949,"LINESTRING (-117.9078326316679 33.772671424850955, -117.9004346968434 33.776528214872805)"
233,152,310,1,489.21186326451857,0.303982914278225,1,1800,58.705423591742225,36.47784776262446,0,1,,0.15,4,1,222.2,2.001895725,0.5,"LINESTRING (-117.9078326316679 33.772671424850955, -117.90297958642302 33.77442720138264)"
234,153,152,1,922.0437841706208,0.5729328694810425,1,7200,79.27557273209722,49.25954190411598,0,1,,0.15,4,1,5431.149026,2.001895725,0.697852127,"LINESTRING (-117.91670028954428 33.7688738183077, -117.9078326316679 33.772671424850955)"
235,154,153,1,883.1035536859738,0.5487364718990232,1,7200,194.36306399279798,120.77157143626887,0,1,,0.15,4,1,3628.949026,2.001895725,0.272614622,"LINESTRING (-117.92561726698604 33.76602314742198, -117.91670028954428 33.7688738183077)"
236,154,323,1,499.41750198841686,0.3103244199413529,1,1800,59.930100238610024,37.23882631536535,0,1,,0.15,4,1,334.7,2.001895725,0.5,"LINESTRING (-117.92561726698604 33.76602314742198, -117.92036666261494 33.76708154648214)"
237,155,154,1,225.96778771928427,0.14041022264983427,1,7200,42.87926960083051,26.643934631137657,0,1,,0.15,4,1,3963.649026,2.001895725,0.316191656,"LINESTRING (-117.92806179606032 33.766019978506016, -117.92561726698604 33.76602314742198)"
238,156,155,1,608.4897295228365,0.3780989284569056,1,7200,58.730377461407876,36.493353373572475,0,1,,0.15,4,1,3963.649026,2.001895725,0.621643949,"LINESTRING (-117.93464274747195 33.76589491655169, -117.92806179606032 33.766019978506016)"
239,157,156,1,539.8049083715825,0.3354200531718485,1,7200,118.80615304007777,73.82269812066616,0,1,,0.15,4,1,3963.649026,2.001895725,0.272614622,"LINESTRING (-117.94048218402676 33.76585546089929, -117.93464274747195 33.76589491655169)"
240,157,349,1,259.5744084404947,0.16129246053692492,1,1800,31.148929012859366,19.355041169649436,0,1,,0.15,4,1,578.2,2.001895725,0.5,"LINESTRING (-117.94048218402676 33.76585546089929, -117.93775974401136 33.76528335393952)"
241,158,157,1,1214.5534627167813,0.7546904089358255,1,7200,84.59651694427994,52.56582233018417,0,1,,0.15,4,1,4541.849026,2.001895725,0.8614209,"LINESTRING (-117.9536209162751 33.765776549594506, -117.94048218402676 33.76585546089929)"
242,159,158,1,544.3567572176773,0.33824844794616266,1,7200,119.80797359086866,74.44520035813164,0,1,,0.15,4,1,3203.7,2.001895725,0.272614622,"LINESTRING (-117.9595096723954 33.76574695785519, -117.9536209162751 33.765776549594506)"
243,159,365,1,431.1706498550585,0.26791768666351334,1,1800,51.74047798260702,32.150032544530504,0,1,,0.15,4,1,0.0,2.001895725,0.5,"LINESTRING (-117.9595096723954 33.76574695785519, -117.955001864109 33.76475070263217)"
244,160,159,1,752.7335487698497,0.46772810516724234,1,7200,52.42966931286549,32.57827605060454,0,1,,0.15,4,1,3203.7,2.001895725,0.8614209,"LINESTRING (-117.96765233265894 33.7656779104635, -117.9595096723954 33.76574695785519)"
245,161,160,1,784.502866460117,0.4874686930419409,1,7200,172.66194909973325,107.28712797405035,0,1,,0.15,4,1,3203.7,2.001895725,0.272614622,"LINESTRING (-117.97602679488024 33.766822124383026, -117.96765233265894 33.7656779104635)"
246,161,381,1,381.95903932377144,0.23733893355274305,1,1800,45.83508471885257,28.48059242683814,0,1,,0.15,4,1,191.5,2.001895725,0.5,"LINESTRING (-117.97602679488024 33.766822124383026, -117.9724325601041 33.765127520777256)"
247,162,161,1,577.7784816868686,0.35901579634313985,1,7200,55.76618087729849,34.65148757790784,0,1,,0.15,4,1,3395.2,2.001895725,0.621643949,"LINESTRING (-117.98093127581993 33.77004344457366, -117.97602679488024 33.766822124383026)"
248,163,162,1,698.84312865026,0.4342420673383251,1,7200,76.90450976436547,47.78623213679354,0,1,,0.15,4,1,3395.2,2.001895725,0.545229244,"LINESTRING (-117.98844546147242 33.770738097883495, -117.98093127581993 33.77004344457366)"
249,164,163,1,786.0188664217029,0.4884106940868325,1,7200,172.99560690953027,107.49445326098173,0,1,,0.15,4,1,1832.1,2.001895725,0.272614622,"LINESTRING (-117.99692842673782 33.771231293538435, -117.98844546147242 33.770738097883495)"
250,164,399,1,518.8844549181388,0.3224206537575272,1,1800,62.26613459017665,38.690370316432656,0,1,,0.15,4,1,754.7,2.001895725,0.5,"LINESTRING (-117.99692842673782 33.771231293538435, -117.99164136931662 33.769662931355654)"
251,165,164,1,293.26338274979526,0.18222587069842003,1,7200,16.13615113149334,10.026536364727148,0,1,,0.15,4,1,2586.8,2.001895725,1.090458488,"LINESTRING (-118.0000947428427 33.77139898006113, -117.99692842673782 33.771231293538435)"
252,166,6,1,169.70110341558427,0.10544763904183348,1,9000,9.33741753306895,5.8020004699405865,0,1,,0.15,4,1,6522.2,2.001895725,1.090458488,"LINESTRING (-118.00597610102842 33.856189177063406, -118.00780339093008 33.856026422497266)"
253,167,166,1,379.1453191445768,0.23559056454483007,1,7200,20.861609496385164,12.962799154378345,0,1,,0.15,4,1,6522.2,2.001895725,1.090458488,"LINESTRING (-118.00187024720069 33.8562113708679, -118.00597610102842 33.856189177063406)"
254,168,167,1,691.3588031935036,0.42959151154728253,1,7200,152.16178753467676,94.54892208220963,0,1,,0.15,4,1,5835.9,2.001895725,0.272614622,"LINESTRING (-117.99438353715824 33.85627055434649, -118.00187024720069 33.8562113708679)"
255,168,409,1,344.4426313098754,0.21402726043587772,1,1800,41.33311575718505,25.68319947115783,0,1,,0.15,4,1,2133.587496,2.001895725,0.5,"LINESTRING (-117.99438353715824 33.85627055434649, -117.99799372935264 33.85704980348136)"
256,169,168,1,843.5908703519216,0.5241843677233659,1,7200,65.37210445960997,40.62032992017231,0,1,,0.15,4,1,7969.487496,2.001895725,0.774266832,"LINESTRING (-117.9852544855849 33.856559073804625, -117.99438353715824 33.85627055434649)"
257,170,169,1,580.7890808940309,0.36088650061145,1,7200,99.84073588647712,62.038137898516176,0,1,,0.15,4,1,4449.187496,2.001895725,0.349029327,"LINESTRING (-117.9792755542901 33.85818063433107, -117.9852544855849 33.856559073804625)"
258,171,170,1,648.3960073515711,0.402895601520854,1,7200,594.2334597181004,369.2394390984958,0,1,,0.15,4,1,3488.387496,2.001895725,0.065468815,"LINESTRING (-117.9726282890213 33.856301500976265, -117.9792755542901 33.85818063433107)"
259,171,216,1,1248.3568988313364,0.7756949425424935,1,7200,224.70424201434477,139.62469956469542,0,1,,0.15,4,1,1695.4,2.001895725,0.333333333,"LINESTRING (-117.9726282890213 33.856301500976265, -117.9856111919109 33.85943250361466)"
260,172,171,1,297.1850741881178,0.18466270283974665,1,7200,62.88288988308452,39.073604169542115,0,1,,0.15,4,1,5183.787496,2.001895725,0.283560512,"LINESTRING (-117.96962339621952 33.85534438697274, -117.9726282890213 33.856301500976265)"
261,172,393,1,667.7137371020739,0.4148991121217853,1,1800,80.12564845224887,49.78775430442233,0,1,,0.15,4,1,373.4125039,2.001895725,0.5,"LINESTRING (-117.96962339621952 33.85534438697274, -117.97624297897578 33.857761032715295)"
262,173,172,1,434.6411934710661,0.27007418784785453,1,7200,51.985162406169735,32.30207234948409,0,1,,0.15,4,1,5557.2,2.001895725,0.50165221,"LINESTRING (-117.96520669870476 33.85399322340954, -117.96962339621952 33.85534438697274)"
263,174,173,1,259.6107210540678,0.16131502420499574,1,7200,68.0091132606761,42.25889071589957,0,1,,0.15,4,1,5557.2,2.001895725,0.229037588,"LINESTRING (-117.96239548347152 33.8539685636268, -117.96520669870476 33.85399322340954)"
264,175,174,1,617.4523579957846,0.3836680614387169,1,7200,135.89565082003224,84.44161644569425,0,1,,0.15,4,1,5557.2,2.001895725,0.272614622,"LINESTRING (-117.95571268234669 33.85415351199742, -117.96239548347152 33.8539685636268)"
265,175,377,1,329.55992566390836,0.20477955289988964,1,1800,39.547191079669,24.573477668365005,0,1,,0.15,4,1,870.0,2.001895725,0.5,"LINESTRING (-117.95571268234669 33.85415351199742, -117.95923903127972 33.854609717978256)"
266,176,175,1,991.7670307579662,0.6162569940211305,1,7200,72.75963581718416,45.21072766735954,0,1,,0.15,4,1,6427.2,2.001895725,0.817843866,"LINESTRING (-117.94497585575655 33.85437243399239, -117.95571268234669 33.85415351199742)"
267,177,176,1,542.6371928285976,0.3371799575158746,1,7200,119.4295131011566,74.21003598517878,0,1,,0.15,4,1,5863.6,2.001895725,0.272614622,"LINESTRING (-117.93909962094418 33.85434275603879, -117.94497585575655 33.85437243399239)"
268,177,360,1,249.80703192086727,0.15522327905903494,1,1800,29.976843830504073,18.626741427804145,0,1,,0.15,4,1,0.0,2.001895725,0.5,"LINESTRING (-117.93909962094418 33.85434275603879, -117.941770636768 33.85469889148196)"
269,178,177,1,1073.2902609522694,0.6669133066674969,1,7200,78.74047643359859,48.92704858202159,0,1,,0.15,4,1,5863.6,2.001895725,0.817843866,"LINESTRING (-117.9274807021107 33.85409049343321, -117.93909962094418 33.85434275603879)"
270,179,178,1,1032.1646540265508,0.6413589757456789,1,7200,227.17005708370644,141.15688554015975,0,1,,0.15,4,1,5418.6,2.001895725,0.272614622,"LINESTRING (-117.91630324283705 33.85412017138682, -117.9274807021107 33.85409049343321)"
271,179,336,1,733.9133490734705,0.45603374617760734,1,1800,88.06960188881645,54.723896595255766,0,1,,0.15,4,1,852.1,2.001895725,0.5,"LINESTRING (-117.91630324283705 33.85412017138682, -117.92424580516855 33.85435759501559)"
272,180,179,1,2114.041348431495,1.3136076580657259,1,7200,66.46875461847787,41.30175652603822,0,1,,0.15,4,1,6270.7,2.001895725,1.908302354,"LINESTRING (-117.89341041138049 33.854253722178, -117.91630324283705 33.85412017138682)"
273,181,180,1,645.5405878446624,0.40112132168756287,1,7200,142.07761486351873,88.2829096253595,0,1,,0.15,4,1,6000.3,2.001895725,0.272614622,"LINESTRING (-117.88641992632536 33.85420843520236, -117.89341041138049 33.854253722178)"
274,181,307,1,267.323059300269,0.16610726092700673,1,1800,32.07876711603228,19.932815601656095,0,1,,0.15,4,1,756.7,2.001895725,0.5,"LINESTRING (-117.88641992632536 33.85420843520236, -117.88921600965072 33.85483122870408)"
275,182,181,1,332.2063183500206,0.20642394916550924,1,7200,130.59888995152343,81.15036284806807,0,1,,0.15,4,1,6757.0,2.001895725,0.152622883,"LINESTRING (-117.8830351085179 33.85319639576208, -117.88641992632536 33.85420843520236)"
276,183,182,1,371.423889923625,0.23079267893895947,1,7200,56.76279247909969,35.27075312553065,0,1,,0.15,4,1,6757.0,2.001895725,0.392606361,"LINESTRING (-117.87951027029642 33.85158751254929, -117.8830351085179 33.85319639576208)"
277,184,92,1,1077.7841009703213,0.6697056563375803,1,7200,194.00113836865896,120.54668134927199,0,1,,0.15,4,1,1559.153048,2.001895725,0.333333333,"LINESTRING (-117.86925628284304 33.84716260316361, -117.87535236680512 33.85542807247657)"
278,184,112,1,655.7537449592237,0.4074674990736723,1,7200,118.03567421069593,73.34394491997435,0,1,,0.15,4,1,1632.107925,2.001895725,0.333333333,"LINESTRING (-117.86925628284304 33.84716260316361, -117.8762665541416 33.846224568506685)"
279,184,183,1,1067.1358737024705,0.6630891382196867,1,7200,163.08485746146184,101.336200965686,0,1,,0.15,4,1,3251.6,2.001895725,0.392606361,"LINESTRING (-117.86925628284304 33.84716260316361, -117.87951027029642 33.85158751254929)"
280,185,184,1,357.93202117624946,0.22240919953288274,1,7200,28.965574017406894,17.998367692770138,0,1,,0.15,4,1,6442.860973,2.001895725,0.741429162,"LINESTRING (-117.86542533392632 33.84667436381354, -117.86925628284304 33.84716260316361)"
281,186,185,1,637.3745035176267,0.3960471395215597,1,7200,97.40664953479346,60.525667228084146,0,1,,0.15,4,1,6442.860973,2.001895725,0.392606361,"LINESTRING (-117.85857090338854 33.84734395463229, -117.86542533392632 33.84667436381354)"
282,187,186,1,640.7710680747374,0.39815767213561926,1,7200,141.0278869212094,87.6306391241188,0,1,,0.15,4,1,4630.907925,2.001895725,0.272614622,"LINESTRING (-117.85191172581324 33.84896269194711, -117.85857090338854 33.84734395463229)"
283,187,272,1,386.0995141073091,0.23991171170001938,1,1800,46.331941692877095,28.789324941644733,0,1,,0.15,4,1,194.4,2.001895725,0.5,"LINESTRING (-117.85191172581324 33.84896269194711, -117.85609225929204 33.849008534246074)"
284,188,187,1,1317.7319375851964,0.8188027002281659,1,7200,88.41281349609987,54.937158334885076,0,1,,0.15,4,1,4825.307925,2.001895725,0.894258571,"LINESTRING (-117.8379226934311 33.85129997698073, -117.85191172581324 33.84896269194711)"
285,189,188,1,739.6367819284511,0.45959013131373805,1,7200,57.316425141283936,35.614764406464744,0,1,,0.15,4,1,4825.307925,2.001895725,0.774266832,"LINESTRING (-117.83169455705064 33.84711783195025, -117.8379226934311 33.85129997698073)"
286,190,63,1,594.5333945011649,0.3694268423708881,1,7200,107.01601111722569,66.49664584392164,0,1,,0.15,4,1,6981.744813,2.001895725,0.333333333,"LINESTRING (-117.83073138823136 33.84596607178134, -117.82451624841627 33.8445724799997)"
287,190,85,1,431.7792270199423,0.26829583992191974,1,7200,77.72026094130987,48.293116261362655,0,1,,0.15,4,1,570.7,2.001895725,0.333333333,"LINESTRING (-117.83073138823136 33.84596607178134, -117.8309177738941 33.842086080342284)"
288,191,190,1,868.1476541737449,0.5394432836900499,1,7200,67.27507507440883,41.80278067406049,0,1,,0.15,4,1,7552.444813,2.001895725,0.774266832,"LINESTRING (-117.83796430681448 33.85095319878583, -117.83073138823136 33.84596607178134)"
289,192,191,1,1396.6462028194471,0.8678378731774811,1,7200,93.70754151728094,58.22714878013438,0,1,,0.15,4,1,7552.444813,2.001895725,0.894258571,"LINESTRING (-117.85275094984834 33.848315971925004, -117.83796430681448 33.85095319878583)"
290,193,192,1,831.979208912007,0.5169691978773951,1,7200,183.11106047246585,113.77990275683658,0,1,,0.15,4,1,6804.144813,2.001895725,0.272614622,"LINESTRING (-117.86145050461818 33.84637193733956, -117.85275094984834 33.848315971925004)"
291,193,271,1,618.049678906469,0.38403922036764704,1,1800,74.16596146877627,46.08457764381498,0,1,,0.15,4,1,2664.2,2.001895725,0.5,"LINESTRING (-117.86145050461818 33.84637193733956, -117.85478003594687 33.84682149533743)"
292,194,193,1,366.0874722437219,0.22747677448129167,1,7200,55.94725535948031,34.76400200997564,0,1,,0.15,4,1,9468.344813,2.001895725,0.392606361,"LINESTRING (-117.865409956309 33.84621303529375, -117.86145050461818 33.84637193733956)"
293,195,194,1,700.3688607857201,0.4351901156907305,1,7200,56.67720370451683,35.21757074307933,0,1,,0.15,4,1,9468.344813,2.001895725,0.741429162,"LINESTRING (-117.87263935865484 33.84811601543784, -117.865409956309 33.84621303529375)"
294,196,92,1,646.8724885995314,0.40194892850456176,1,7200,116.4370480643527,72.3506049927949,0,1,,0.15,4,1,2746.2,2.001895725,0.333333333,"LINESTRING (-117.88075585729985 33.85172591110523, -117.87535236680512 33.85542807247657)"
295,196,112,1,738.9729049184702,0.45917761623924735,1,7200,133.01512301833978,82.65174000502881,0,1,,0.15,4,1,13.6,2.001895725,0.333333333,"LINESTRING (-117.88075585729985 33.85172591110523, -117.8762665541416 33.846224568506685)"
296,196,195,1,850.253678385863,0.5283244549851884,1,7200,129.93987304029386,80.74086885092044,0,1,,0.15,4,1,6095.9,2.001895725,0.392606361,"LINESTRING (-117.88075585729985 33.85172591110523, -117.87263935865484 33.84811601543784)"
297,197,196,1,260.5469782049508,0.16189678887304784,1,7200,39.81804740116538,24.741779931709534,0,1,,0.15,4,1,8855.7,2.001895725,0.392606361,"LINESTRING (-117.88321675662256 33.8528720241466, -117.88075585729985 33.85172591110523)"
298,198,197,1,270.69187876564644,0.16820055349748747,1,7200,106.41597384802897,66.1238000859236,0,1,,0.15,4,1,8855.7,2.001895725,0.152622883,"LINESTRING (-117.88597229349593 33.85370241548222, -117.88321675662256 33.8528720241466)"
299,199,198,1,633.1312293427626,0.39341048463516887,1,7200,139.34642786902955,86.58582923140676,0,1,,0.15,4,1,8481.5,2.001895725,0.272614622,"LINESTRING (-117.89281653458242 33.85403976196232, -117.88597229349593 33.85370241548222)"
300,199,306,1,334.97127345105696,0.20814201688335404,1,1800,40.19655281412683,24.976972218666806,0,1,,0.15,4,1,244.6,2.001895725,0.5,"LINESTRING (-117.89281653458242 33.85403976196232, -117.88924195937992 33.85352725480987)"
301,200,199,1,2105.777208455852,1.3084725467930034,1,7200,66.20891717841015,41.14030107606589,0,1,,0.15,4,1,8726.1,2.001895725,1.908302354,"LINESTRING (-117.91561694016002 33.85371209952485, -117.89281653458242 33.85403976196232)"
302,201,200,1,1091.498226393054,0.6782272399822624,1,7200,240.2288369681918,149.2712326557623,0,1,,0.15,4,1,7816.6,2.001895725,0.272614622,"LINESTRING (-117.9274361851803 33.853823391850824, -117.91561694016002 33.85371209952485)"
303,201,335,1,305.9448388444177,0.19010578177663995,1,1800,36.71338066133012,22.81263005491136,0,1,,0.15,4,1,836.6,2.001895725,0.5,"LINESTRING (-117.9274361851803 33.853823391850824, -117.92424580516854 33.85308144301087)"
304,202,201,1,1071.5694658603343,0.6658440515120077,1,7200,78.61423264819112,48.84860435483917,0,1,,0.15,4,1,8653.2,2.001895725,0.817843866,"LINESTRING (-117.939040265037 33.853867908781226, -117.9274361851803 33.853823391850824)"
305,203,202,1,531.6783753577191,0.3303704471135491,1,7200,117.01757700092531,72.71132883864196,0,1,,0.15,4,1,8653.2,2.001895725,0.272614622,"LINESTRING (-117.94479778803496 33.85383823082763, -117.939040265037 33.853867908781226)"
306,203,359,1,278.4910749997978,0.17304676140517095,1,1800,33.41892899997573,20.765553331643922,0,1,,0.15,4,1,452.7,2.001895725,0.5,"LINESTRING (-117.94479778803496 33.85383823082763, -117.94182999267518 33.85339306152366)"
307,204,203,1,1051.1845594052163,0.6531774264016407,1,7200,77.11872178339841,47.919337273272056,0,1,,0.15,4,1,9105.9,2.001895725,0.817843866,"LINESTRING (-117.95618121821892 33.853820604930306, -117.94479778803496 33.85383823082763)"
308,205,204,1,599.1206601189343,0.372277244161541,1,7200,131.86101076829277,81.93460812210485,0,1,,0.15,4,1,7432.0,2.001895725,0.272614622,"LINESTRING (-117.96266674108176 33.85367264623382, -117.95618121821892 33.853820604930306)"
309,205,376,1,317.68851391171546,0.19740298129153286,1,1800,38.12262166940585,23.688291549340384,0,1,,0.15,4,1,0.0,2.001895725,0.5,"LINESTRING (-117.96266674108176 33.85367264623382, -117.95926369106247 33.85325342992709)"
310,206,205,1,254.7026437335236,0.15826527876864033,1,7200,66.72336517974253,41.45996414510179,0,1,,0.15,4,1,7432.0,2.001895725,0.229037588,"LINESTRING (-117.9654174737331 33.853841244994776, -117.96266674108176 33.85367264623382)"
311,207,206,1,613.7701079433809,0.38138001164662594,1,7200,73.40983602285506,45.61474321935747,0,1,,0.15,4,1,7432.0,2.001895725,0.50165221,"LINESTRING (-117.97166756178484 33.85571940820192, -117.9654174737331 33.853841244994776)"
312,208,207,1,1273.3265979668552,0.7912104328276531,1,7200,269.4296019539255,167.41574119571266,0,1,,0.15,4,1,6805.0,2.001895725,0.283560512,"LINESTRING (-117.98505027818042 33.85848059746963, -117.97166756178484 33.85571940820192)"
313,209,208,1,198.39053871882805,0.12327447196914765,1,7200,181.81835616132173,112.97665378631665,0,1,,0.15,4,1,3955.0,2.001895725,0.065468815,"LINESTRING (-117.98423422375018 33.85683013952469, -117.98505027818042 33.85848059746963)"
314,209,392,1,737.5943674607372,0.4583210306465615,1,1800,88.51132409528846,54.998369964413484,0,1,,0.15,4,1,647.6425228,2.001895725,0.5,"LINESTRING (-117.98423422375018 33.85683013952469, -117.97625222639437 33.85657736314335)"
315,210,209,1,284.06747373047796,0.1765117835451042,1,7200,48.832711481086164,30.34323076571399,0,1,,0.15,4,1,4602.642523,2.001895725,0.349029327,"LINESTRING (-117.98714835689998 33.85601162662759, -117.98423422375018 33.85683013952469)"
316,210,250,1,1103.1099420105065,0.6854424434926781,1,7200,198.55978976045094,123.37929512324116,0,1,,0.15,4,1,3293.4,2.001895725,0.333333333,"LINESTRING (-117.98714835689998 33.85601162662759, -117.97539684018014 33.8542290968002)"
317,211,210,1,709.470479562812,0.44084561345819534,1,7200,54.97875798684441,34.162205829043494,0,1,,0.15,4,1,7896.042523,2.001895725,0.774266832,"LINESTRING (-117.99483110805662 33.85594536553308, -117.98714835689998 33.85601162662759)"
318,212,211,1,668.013014577788,0.4150850749858874,1,7200,147.02359169372536,91.35619619432183,0,1,,0.15,4,1,5499.542523,2.001895725,0.272614622,"LINESTRING (-118.00206510924608 33.85590084860269, -117.99483110805662 33.85594536553308)"
319,212,408,1,386.8048179991095,0.24034996830943714,1,1800,46.41657815989314,28.84191558779096,0,1,,0.15,4,1,1077.057477,2.001895725,0.5,"LINESTRING (-118.00206510924608 33.85590084860269, -117.9980134571788 33.85501783738288)"
320,213,212,1,360.4627332080404,0.22398171499374925,1,7200,19.833642665434894,12.324050376663946,0,1,,0.15,4,1,6576.6,2.001895725,1.090458488,"LINESTRING (-118.0059687030936 33.855893259670424, -118.00206510924608 33.85590084860269)"
321,214,7,1,1750.6287069557434,1.087792950498803,1,9000,96.32436591877362,59.85316757531429,0,1,,0.15,4,1,4983.6,2.001895725,1.090458488,"LINESTRING (-117.99051174576852 33.86222137091991, -118.0062965112362 33.87094380579418)"
322,215,214,1,327.38869285359283,0.20343040802664003,1,9000,18.013818762824442,11.193264578474986,0,1,,0.15,4,1,4983.6,2.001895725,1.090458488,"LINESTRING (-117.98767587075248 33.86045408648961, -117.99051174576852 33.86222137091991)"
323,216,215,1,221.92232244481912,0.1378964808212181,1,9000,33.91524098787882,21.07394720787925,0,1,,0.15,4,1,3779.7,2.001895725,0.392606361,"LINESTRING (-117.9856111919109 33.85943250361466, -117.98767587075248 33.86045408648961)"
324,217,169,1,1018.7024950875208,0.6329939572045192,1,7200,183.36644929912018,113.93859396744361,0,1,,0.15,4,1,3520.3,2.001895725,0.333333333,"LINESTRING (-117.97461543331444 33.85413604465126, -117.9852544855849 33.856559073804625)"
325,217,216,1,1173.7902934657948,0.7293612869038207,1,9000,119.6105072914112,74.32250052617147,0,1,,0.15,4,1,2084.3,2.001895725,0.588806278,"LINESTRING (-117.97461543331444 33.85413604465126, -117.9856111919109 33.85943250361466)"
326,218,217,1,390.93494383803676,0.24291631590467944,1,9000,82.71989800287216,51.399745741942674,0,1,,0.15,4,1,5604.6,2.001895725,0.283560512,"LINESTRING (-117.971314104899 33.85193515904099, -117.97461543331444 33.85413604465126)"
327,218,392,1,688.7584727310027,0.4279757370916045,1,1800,82.65101672772032,51.3569449151203,0,1,,0.15,4,1,469.8,2.001895725,0.5,"LINESTRING (-117.971314104899 33.85193515904099, -117.97625222639437 33.85657736314335)"
328,219,218,1,775.8004039869004,0.48206122011936603,1,9000,60.11884057977318,37.35610408989424,0,1,,0.15,4,1,6074.4,2.001895725,0.774266832,"LINESTRING (-117.96413781913714 33.8483078591223, -117.971314104899 33.85193515904099)"
329,220,219,1,934.3247251776239,0.5805639114031989,1,9000,111.74969908067868,69.4380222674604,0,1,,0.15,4,1,5393.5,2.001895725,0.50165221,"LINESTRING (-117.9557352871476 33.843627894727646, -117.96413781913714 33.8483078591223)"
330,220,363,1,409.7005250084287,0.25457673643135,1,1800,49.16406300101144,30.549122991001482,0,1,,0.15,4,1,0.0,2.001895725,0.5,"LINESTRING (-117.9557352871476 33.843627894727646, -117.95757244096237 33.84698162518142)"
331,221,220,1,1499.8472402594737,0.9319641842366895,1,9000,77.12134870816972,47.92096956814413,0,1,,0.15,4,1,5393.5,2.001895725,1.166873193,"LINESTRING (-117.94213474267094 33.83625731684964, -117.9557352871476 33.843627894727646)"
332,222,221,1,955.672899317201,0.5938290847907844,1,9000,181.34689157968182,112.68369936775848,0,1,,0.15,4,1,5393.5,2.001895725,0.316191656,"LINESTRING (-117.93264140060369 33.83283923977522, -117.94213474267094 33.83625731684964)"
333,223,222,1,550.5478599323737,0.3420954303828736,1,9000,77.68099287465817,48.26871622351923,0,1,,0.15,4,1,5210.2,2.001895725,0.425237505,"LINESTRING (-117.92849547462922 33.82928206611375, -117.93264140060369 33.83283923977522)"
334,223,346,1,398.9375177042279,0.24788889712815684,1,1800,47.87250212450735,29.746584517607257,0,1,,0.15,4,1,617.9,2.001895725,0.5,"LINESTRING (-117.92849547462922 33.82928206611375, -117.93016000996474 33.83259264194772)"
335,224,223,1,1377.2079794281847,0.855759491113242,1,9000,85.14715094652983,52.90797033079619,0,1,,0.15,4,1,5828.1,2.001895725,0.970466749,"LINESTRING (-117.91928610537298 33.819542029891934, -117.92849547462922 33.82928206611375)"
336,225,224,1,920.0170978322896,0.5716735418446628,1,9000,88.79846085325183,55.17678841884594,0,1,,0.15,4,1,4465.4,2.001895725,0.621643949,"LINESTRING (-117.91277823458188 33.81327921569211, -117.91928610537298 33.819542029891934)"
337,225,330,1,585.2717911246546,0.36367193453506075,1,1800,70.23261493495855,43.640510174750126,0,1,,0.15,4,1,1387.4,2.001895725,0.5,"LINESTRING (-117.91277823458188 33.81327921569211, -117.91536057620672 33.81808556147336)"
338,226,225,1,1028.9862734717933,0.6393840167222548,1,9000,65.83155520983617,40.90581929229111,0,1,,0.15,4,1,5852.8,2.001895725,0.937835605,"LINESTRING (-117.90541089954102 33.80633930728471, -117.91277823458188 33.81327921569211)"
339,227,226,1,1064.6349014965983,0.6615351022758388,1,9000,162.7026468116646,101.09870635201085,0,1,,0.15,4,1,5766.1,2.001895725,0.392606361,"LINESTRING (-117.89758910999278 33.79930892983242, -117.90541089954102 33.80633930728471)"
340,227,311,1,539.4106418185771,0.335175066684838,1,1800,64.72927701822925,40.22089559009413,0,1,,0.15,4,1,144.6687336,2.001895725,0.5,"LINESTRING (-117.89758910999278 33.79930892983242, -117.90077993380191 33.803371210387255)"
341,228,227,1,1113.9696486992386,0.6921903691570699,1,9000,61.29364818328997,38.086095465299074,0,1,,0.15,4,1,5910.768734,2.001895725,1.090458488,"LINESTRING (-117.88961775985528 33.79179357215314, -117.89758910999278 33.79930892983242)"
342,229,228,1,734.0664880431427,0.4561289025582803,1,9000,93.94757546669977,58.376298915318706,0,1,,0.15,4,1,5840.868734,2.001895725,0.468814539,"LINESTRING (-117.88466710915964 33.786630947728824, -117.88961775985528 33.79179357215314)"
343,229,277,1,336.8051773155877,0.20928155474641016,1,1800,40.41662127787052,25.11371638005168,0,1,,0.15,4,1,228.3,2.001895725,0.5,"LINESTRING (-117.88466710915964 33.786630947728824, -117.88644416535922 33.789275434163265)"
344,230,229,1,430.76263442471844,0.26766415699896756,1,9000,215.396145442005,133.8409182894441,0,1,,0.15,4,1,6069.168734,2.001895725,0.119991739,"LINESTRING (-117.88183353631442 33.78355506599497, -117.88466710915964 33.786630947728824)"
345,231,56,1,877.9123601667835,0.5455108057755251,1,9000,158.02422498804526,98.19167070504668,0,1,,0.15,4,1,2554.5,2.001895725,0.333333333,"LINESTRING (-117.87473840049196 33.77743275368566, -117.87984022816336 33.784092566709994)"
346,231,230,1,945.2285228404875,0.5873392339968482,1,9000,192.57208327318213,119.65870795554045,0,1,,0.15,4,1,3574.268734,2.001895725,0.294506402,"LINESTRING (-117.87473840049196 33.77743275368566, -117.88183353631442 33.78355506599497)"
347,232,58,1,242.95063036045894,0.15096289805787402,1,9000,43.731113508613724,27.17324573196082,0,1,,0.15,4,1,6045.031266,2.001895725,0.333333333,"LINESTRING (-117.8717901748486 33.77391339502044, -117.87297069789172 33.77586554485708)"
348,232,231,1,476.8629718879667,0.2963096498489858,1,9000,90.48872027564828,56.227066606399845,0,1,,0.15,4,1,6128.768734,2.001895725,0.316191656,"LINESTRING (-117.8717901748486 33.77391339502044, -117.87473840049196 33.77743275368566)"
349,233,232,1,183.14197107771562,0.11379942776399993,1,9000,10.076970728905858,6.261537378790962,0,1,,0.15,4,1,12173.8,2.001895725,1.090458488,"LINESTRING (-117.8706861876761 33.7725457051798, -117.8717901748486 33.77391339502044)"
350,234,4,1,575.4494637342449,0.35756860808421154,1,9000,31.66279890890693,19.674345020826408,0,1,,0.15,4,1,10223.9,2.001895725,1.090458488,"LINESTRING (-117.87106891948513 33.77221764934351, -117.86754231924492 33.76795292347166)"
351,235,234,1,344.6096110654495,0.2141310171035639,1,9000,18.961360649179497,11.782039627941312,0,1,,0.15,4,1,10223.9,2.001895725,1.090458488,"LINESTRING (-117.87305748314566 33.77483916881777, -117.87106891948513 33.77221764934351)"
352,236,235,1,642.8437603257772,0.39944558659188073,1,9000,321.44400890420155,199.73598525681263,0,1,,0.15,4,1,8936.1,2.001895725,0.119991739,"LINESTRING (-117.87738678960046 33.77936387943689, -117.87305748314566 33.77483916881777)"
353,237,236,1,119.01451468827389,0.07395237469290138,1,9000,28.481134085487245,17.697350767833296,0,1,,0.15,4,1,6424.1,2.001895725,0.250722842,"LINESTRING (-117.8782128259756 33.78018496948642, -117.87738678960046 33.77936387943689)"
354,238,55,1,209.66156499998064,0.13027798041431932,1,9000,37.739081737735596,23.449970958458504,0,1,,0.15,4,1,2691.353346,2.001895725,0.333333333,"LINESTRING (-117.88302065445832 33.78421127852452, -117.88167855144565 33.78269110779023)"
355,238,61,1,489.009349100211,0.3038570774977389,1,9000,88.02168292605965,54.69412114144861,0,1,,0.15,4,1,0.0,2.001895725,0.333333333,"LINESTRING (-117.88302065445832 33.78421127852452, -117.88335370704866 33.77982223894244)"
356,238,237,1,630.7777968823453,0.3919481258667189,1,9000,165.24216895324938,102.67669176464952,0,1,,0.15,4,1,3592.3,2.001895725,0.229037588,"LINESTRING (-117.88302065445832 33.78421127852452, -117.8782128259756 33.78018496948642)"
357,239,238,1,356.43388801455404,0.22147830043033423,1,9000,93.37346532340028,58.01956352146656,0,1,,0.15,4,1,6283.653346,2.001895725,0.229037588,"LINESTRING (-117.88536099570912 33.78675914774544, -117.88302065445832 33.78421127852452)"
358,240,239,1,1250.8643579853597,0.7772530092990666,1,9000,160.0885963119023,99.47441117892305,0,1,,0.15,4,1,5567.4,2.001895725,0.468814539,"LINESTRING (-117.89415306247624 33.79531229874792, -117.88536099570912 33.78675914774544)"
359,240,299,1,764.979384284999,0.47533733349385404,1,1800,91.79752611419988,57.040320599106494,0,1,,0.15,4,1,469.1,2.001895725,0.5,"LINESTRING (-117.89415306247624 33.79531229874792, -117.89081738157152 33.78901592885661)"
360,241,240,1,898.5092105085178,0.558309127038735,1,9000,57.48401142278136,35.71889766178508,0,1,,0.15,4,1,6036.5,2.001895725,0.937835605,"LINESTRING (-117.9005569053526 33.80139298168508, -117.89415306247624 33.79531229874792)"
361,242,241,1,861.7942595766727,0.5354954575022511,1,9000,83.17889309110022,51.684951978910036,0,1,,0.15,4,1,5357.5,2.001895725,0.621643949,"LINESTRING (-117.90686182171692 33.80710433897745, -117.9005569053526 33.80139298168508)"
362,242,317,1,417.9215023564146,0.25968502762400403,1,1800,50.150580282769745,31.16211622088492,0,1,,0.15,4,1,411.2,2.001895725,0.5,"LINESTRING (-117.90686182171692 33.80710433897745, -117.9065975875487 33.80335230455378)"
363,243,242,1,996.1615511014797,0.6189876291532429,1,9000,63.73152474424213,39.600921261854474,0,1,,0.15,4,1,5768.7,2.001895725,0.937835605,"LINESTRING (-117.91399757735516 33.81382038233052, -117.90686182171692 33.80710433897745)"
364,244,243,1,371.89299923908493,0.23108417067809472,1,9000,56.834484030036116,35.315300176227574,0,1,,0.15,4,1,5402.4,2.001895725,0.392606361,"LINESTRING (-117.91662795418166 33.81635212002602, -117.91399757735516 33.81382038233052)"
365,244,339,1,338.84132507773325,0.21054676145359794,1,1800,40.66095900932799,25.265540760585143,0,1,,0.15,4,1,1872.7,2.001895725,0.5,"LINESTRING (-117.91662795418166 33.81635212002602, -117.91963288356789 33.81809943260116)"
366,245,244,1,2200.4698144621893,1.3673119505276632,1,9000,126.1157014132484,78.36463950285157,0,1,,0.15,4,1,7275.1,2.001895725,1.046881454,"LINESTRING (-117.93165809176668 33.83170488976879, -117.91662795418166 33.81635212002602)"
367,246,245,1,963.6807131469559,0.5988049219847614,1,9000,93.01279756978275,57.79545503873348,0,1,,0.15,4,1,6033.2,2.001895725,0.621643949,"LINESTRING (-117.94113602146965 33.83532795128731, -117.93165809176668 33.83170488976879)"
368,246,347,1,656.9885253472809,0.40823475794256087,1,1800,78.8386230416737,48.98803403802783,0,1,,0.15,4,1,0.0,2.001895725,0.5,"LINESTRING (-117.94113602146965 33.83532795128731, -117.93491482065316 33.83246356339746)"
369,247,246,1,1451.8742773229055,0.9021550929715944,1,9000,74.654604426562,46.38820620713726,0,1,,0.15,4,1,6033.2,2.001895725,1.166873193,"LINESTRING (-117.9543543393137 33.842394905590226, -117.94113602146965 33.83532795128731)"
370,248,247,1,1082.6380150498474,0.6727217462126384,1,9000,165.45396956263488,102.808298521104,0,1,,0.15,4,1,5541.667056,2.001895725,0.392606361,"LINESTRING (-117.96396096225774 33.8479749520552, -117.9543543393137 33.842394905590226)"
371,248,374,1,584.1771224155369,0.3629917372435514,1,1800,70.10125468986443,43.558886727895754,0,1,,0.15,4,1,464.3,2.001895725,0.5,"LINESTRING (-117.96396096225774 33.8479749520552, -117.95886332279274 33.84486435164696)"
372,249,248,1,944.896114578127,0.5871326845651802,1,9000,63.397510198074045,39.393374309287466,0,1,,0.15,4,1,6005.967056,2.001895725,0.894258571,"LINESTRING (-117.97270327266028 33.85239033753088, -117.96396096225774 33.8479749520552)"
373,250,249,1,321.98295084426167,0.2000714273206791,1,9000,53.69832765868918,33.366583555607356,0,1,,0.15,4,1,5689.5,2.001895725,0.359768691,"LINESTRING (-117.97539684018014 33.8542290968002, -117.97270327266028 33.85239033753088)"
374,251,250,1,644.3654447726317,0.4003911198209401,1,9000,709.0948879843256,440.6109996417084,0,1,,0.15,4,1,2396.1,2.001895725,0.054522924,"LINESTRING (-117.98143771633518 33.85712989640051, -117.97539684018014 33.8542290968002)"
375,251,391,1,575.8010802652057,0.3577870930103059,1,1800,69.09612963182468,42.934331165456534,0,1,,0.15,4,1,1891.0,2.001895725,0.5,"LINESTRING (-117.98143771633518 33.85712989640051, -117.97624297897583 33.8542655085107)"
376,252,208,1,543.2567751445209,0.3375649490750997,1,7200,97.78621962379998,60.761521073860216,0,1,,0.15,4,1,2850.0,2.001895725,0.333333333,"LINESTRING (-117.9898048319964 33.86135827852372, -117.98505027818042 33.85848059746963)"
377,252,251,1,904.4179009133667,0.5619806261656125,1,9000,103.69040588082568,64.43021119257453,0,1,,0.15,4,1,4287.1,2.001895725,0.523337464,"LINESTRING (-117.9898048319964 33.86135827852372, -117.98143771633518 33.85712989640051)"
378,253,252,1,101.01972412752765,0.06277090243673038,1,9000,5.558380730997309,3.4538165932005285,0,1,,0.15,4,1,7137.1,2.001895725,1.090458488,"LINESTRING (-117.99065148453744 33.86193367345452, -117.9898048319964 33.86135827852372)"
379,254,15,1,822.7024061634943,0.5112048455661914,1,5400,49.362144369809656,30.672205009212995,0,1,,0.15,4,1,3703.3,2.001895725,1.0,"LINESTRING (-117.82718750000042 33.78781891785164, -117.81828544628792 33.787763625592554)"
380,254,255,1,229.52517291412562,0.14262068482367035,1,5400,6.885755187423769,4.278608586564695,0,1,,0.15,4,1,407.1,2.001895725,2.0,"LINESTRING (-117.82718750000042 33.78781891785164, -117.82967110628329 33.78783089785967)"
381,255,70,1,444.5350225974001,0.2762219435280302,1,1800,53.344202711688006,33.14654058316429,0,1,,0.15,4,1,156.8,2.001895725,0.5,"LINESTRING (-117.82967110628329 33.78783089785967, -117.8307218442138 33.791732152552264)"
382,255,254,1,229.52517291412673,0.14262068482367105,1,5400,6.885755187423801,4.278608586564715,0,1,,0.15,4,1,3703.3,2.001895725,2.0,"LINESTRING (-117.82967110628329 33.78783089785967, -117.82718750000042 33.78781891785164)"
383,255,256,1,248.27243465024722,0.15426972215333445,1,5400,29.792692158029666,18.512314918927053,0,1,,0.15,4,1,250.3,2.001895725,0.5,"LINESTRING (-117.82967110628329 33.78783089785967, -117.83235732622484 33.78779818325449)"
384,256,78,1,285.15648683795644,0.1771884665999456,1,1800,34.21877842055477,21.262556565958537,0,1,,0.15,4,1,270.6,2.001895725,0.5,"LINESTRING (-117.83235732622484 33.78779818325449, -117.8312108014686 33.78541732162319)"
385,256,255,1,248.2724346502466,0.15426972215333407,1,5400,29.792692158029592,18.512314918927007,0,1,,0.15,4,1,1283.852816,2.001895725,0.5,"LINESTRING (-117.83235732622484 33.78779818325449, -117.82967110628329 33.78783089785967)"
386,256,266,1,1910.1108909373663,1.186890831606352,1,5400,59.68861019089121,37.088771402924266,0,1,,0.15,4,1,9.5,2.001895725,1.920075758,"LINESTRING (-117.83235732622484 33.78779818325449, -117.85302626382362 33.78780682266997)"
387,257,14,1,866.1894190573835,0.5382264897767927,1,5400,51.97136514344301,32.29349913054632,0,1,,0.15,4,1,37.0,2.001895725,1.0,"LINESTRING (-117.82209024486636 33.81044900276473, -117.81271820695166 33.81065634873629)"
388,257,258,1,810.3589057610448,0.5035349309412833,1,5400,24.31076717283134,15.106005708949382,0,1,,0.15,4,1,125.2,2.001895725,2.0,"LINESTRING (-117.82209024486636 33.81044900276473, -117.83086097946352 33.810386798973255)"
389,258,68,1,451.85620738325525,0.28077112815393596,1,1800,54.22274488599063,33.692441212552886,0,1,,0.15,4,1,105.1,2.001895725,0.5,"LINESTRING (-117.83086097946352 33.810386798973255, -117.83171109794688 33.814388576224445)"
390,258,257,1,810.3589057610478,0.5035349309412852,1,5400,24.310767172831433,15.106005708949441,0,1,,0.15,4,1,37.0,2.001895725,2.0,"LINESTRING (-117.83086097946352 33.810386798973255, -117.82209024486636 33.81044900276473)"
391,258,259,1,171.1076077437631,0.10632160248534377,1,5400,20.532912929251573,12.758556639761979,0,1,,0.15,4,1,793.9,2.001895725,0.5,"LINESTRING (-117.83086097946352 33.810386798973255, -117.83265452211752 33.81000320892587)"
392,259,80,1,326.28065428449213,0.2027419030686444,1,1800,39.15367851413905,24.328960372009096,0,1,,0.15,4,1,1221.0,2.001895725,0.5,"LINESTRING (-117.83265452211752 33.81000320892587, -117.83200665742588 33.80711870105984)"
393,259,258,1,171.1076077437733,0.10632160248535008,1,5400,20.532912929252795,12.75855663976274,0,1,,0.15,4,1,75.3,2.001895725,0.5,"LINESTRING (-117.83265452211752 33.81000320892587, -117.83086097946352 33.810386798973255)"
394,259,267,1,1877.960059613663,1.1669131815611762,1,5400,58.683936353734104,36.46449621605611,0,1,,0.15,4,1,799.3,2.001895725,1.920075758,"LINESTRING (-117.83265452211752 33.81000320892587, -117.8529536927336 33.8091323558453)"
395,260,66,1,315.34908157243973,0.19594932181667005,1,1800,37.84188978869277,23.513852899889816,0,1,,0.15,4,1,1232.3,2.001895725,0.5,"LINESTRING (-117.83388272746032 33.83408937516793, -117.83506621494936 33.83674954334532)"
396,260,261,1,234.24910385677825,0.14555600672125113,1,5400,28.109892462813388,17.466671989510818,0,1,,0.15,4,1,0.0,2.001895725,0.5,"LINESTRING (-117.83388272746032 33.83408937516793, -117.83616514859862 33.835007837184186)"
397,261,82,1,612.4996051928697,0.3805905558756197,1,1800,73.49995262314437,45.670739061395835,0,1,,0.15,4,1,0.0,2.001895725,0.5,"LINESTRING (-117.83616514859862 33.835007837184186, -117.83401797095638 33.82979626111509)"
398,261,260,1,234.24910385664947,0.1455560067211711,1,5400,28.109892462797934,17.466671989501215,0,1,,0.15,4,1,1232.3,2.001895725,0.5,"LINESTRING (-117.83616514859862 33.835007837184186, -117.83388272746032 33.83408937516793)"
399,261,269,1,1488.6433173948187,0.9250023720250655,1,5400,48.02466424768419,29.841133648247776,0,1,,0.15,4,1,942.1,2.001895725,1.859848485,"LINESTRING (-117.83616514859862 33.835007837184186, -117.85226494120194 33.835631146254904)"
400,262,13,1,209.85704336214334,0.1303994453391722,1,5400,12.5914226017286,7.823944853458703,0,1,,0.15,4,1,592.8,2.001895725,1.0,"LINESTRING (-117.84910968194303 33.85327136164654, -117.8469260602827 33.85379420063564)"
401,262,273,1,794.8864883995653,0.4939207926227928,1,5400,23.84659465198696,14.817582365499788,0,1,,0.15,4,1,37.0,2.001895725,2.0,"LINESTRING (-117.84910968194303 33.85327136164654, -117.85731943112413 33.85112267185776)"
402,263,16,1,821.0121218367175,0.5101545489683458,1,5400,49.260727310203045,30.609187389468175,0,1,,0.15,4,1,241.5,2.001895725,1.0,"LINESTRING (-117.85163704581409 33.76740916271736, -117.85184439178566 33.760027646129686)"
403,263,264,1,865.6936630246058,0.5379184404939951,1,5400,25.970809890738174,16.13750811261787,0,1,,0.15,4,1,249.0,2.001895725,2.0,"LINESTRING (-117.85163704581409 33.76740916271736, -117.85315938148447 33.77509098690767)"
404,264,143,1,386.3343056027495,0.24005760473408327,1,1800,46.36011667232994,28.806832056802325,0,1,,0.15,4,1,56.2,2.001895725,0.5,"LINESTRING (-117.85315938148447 33.77509098690767, -117.84897955315554 33.77509098690767)"
405,264,263,1,865.6936630248837,0.5379184404941677,1,5400,25.97080989074651,16.13750811262305,0,1,,0.15,4,1,241.5,2.001895725,2.0,"LINESTRING (-117.85315938148447 33.77509098690767, -117.85163704581409 33.76740916271736)"
406,264,265,1,120.62457479147206,0.0749528221453963,1,5400,14.474948974976646,8.994313519530214,0,1,,0.15,4,1,322.9,2.001895725,0.5,"LINESTRING (-117.85315938148447 33.77509098690767, -117.85313006992536 33.776175514594705)"
407,265,139,1,320.78252962366,0.19932551830170137,1,1800,38.4939035548392,23.91899534577399,0,1,,0.15,4,1,262.2,2.001895725,0.5,"LINESTRING (-117.85313006992536 33.776175514594705, -117.85644227610469 33.7770372744325)"
408,265,264,1,120.62457479101423,0.07495282214511181,1,5400,14.474948974921707,8.994313519496076,0,1,,0.15,4,1,60.2,2.001895725,0.5,"LINESTRING (-117.85313006992536 33.776175514594705, -117.85315938148447 33.77509098690767)"
409,265,266,1,1293.3798576588265,0.8036709816812027,1,5400,77.60279145952958,48.220124131999356,0,1,,0.15,4,1,188.1,2.001895725,1.0,"LINESTRING (-117.85313006992536 33.776175514594705, -117.85302626382362 33.78780682266997)"
410,266,24,1,1546.933197524134,0.9612221143600073,1,12600,622.6406119256338,386.890819672843,0,1,,0.15,4,1,340.3,2.001895725,0.149068323,"LINESTRING (-117.85302626382362 33.78780682266997, -117.8421380367962 33.79837384529766)"
411,266,39,1,1162.018364006485,0.7220465308800409,1,5400,47.759135661526614,29.676141885138453,0,1,,0.15,4,1,24.2,2.001895725,1.459848485,"LINESTRING (-117.85302626382362 33.78780682266997, -117.85304255503613 33.79825708134951)"
412,266,256,1,1910.1108909373663,1.186890831606352,1,5400,59.68861019089121,37.088771402924266,0,1,,0.15,4,1,86.45281552,2.001895725,1.920075758,"LINESTRING (-117.85302626382362 33.78780682266997, -117.83235732622484 33.78779818325449)"
413,266,265,1,1293.3798576587894,0.8036709816811796,1,5400,77.60279145952737,48.22012413199798,0,1,,0.15,4,1,113.9,2.001895725,1.0,"LINESTRING (-117.85302626382362 33.78780682266997, -117.85313006992536 33.776175514594705)"
414,266,277,1,3092.5883709339296,1.9216500993785837,1,5400,51.83218686001338,32.207017781393375,0,1,,0.15,4,1,76.7,2.001895725,3.579924242,"LINESTRING (-117.85302626382362 33.78780682266997, -117.88644416535922 33.789275434163265)"
415,267,24,1,1558.7796845609148,0.9685831984297383,1,12600,627.4088229573421,389.8536477298266,0,1,,0.15,4,1,306.8,2.001895725,0.149068323,"LINESTRING (-117.8529536927336 33.8091323558453, -117.8421380367962 33.79837384529766)"
416,267,39,1,1209.3049317296445,0.751429114872957,1,5400,49.702620956433485,30.88376728632003,0,1,,0.15,4,1,18.3,2.001895725,1.459848485,"LINESTRING (-117.8529536927336 33.8091323558453, -117.85304255503613 33.79825708134951)"
417,267,259,1,1877.9600596136775,1.166913181561185,1,5400,58.68393635373456,36.464496216056396,0,1,,0.15,4,1,1245.1,2.001895725,1.920075758,"LINESTRING (-117.8529536927336 33.8091323558453, -117.83265452211752 33.81000320892587)"
418,267,268,1,736.2455325112985,0.4574829013827399,1,5400,44.17473195067791,27.448897366924683,0,1,,0.15,4,1,1412.2,2.001895725,1.0,"LINESTRING (-117.8529536927336 33.8091323558453, -117.85289675244222 33.81575339261862)"
419,267,281,1,1296.7705248512427,0.805777849833623,1,5400,47.43844137538388,29.47687175586366,0,1,,0.15,4,1,921.3843562,2.001895725,1.640151515,"LINESTRING (-117.8529536927336 33.8091323558453, -117.86698872502116 33.80902824797448)"
420,268,25,1,1570.8664323674009,0.9760935739914506,1,12600,632.2737389488447,392.87656544438255,0,1,,0.15,4,1,4077.3,2.001895725,0.149068323,"LINESTRING (-117.85289675244222 33.81575339261862, -117.84071402687071 33.82560918727491)"
421,268,40,1,1053.804559756809,0.6548054231901334,1,5400,47.897458310425655,29.7620915678075,0,1,,0.15,4,1,13.3,2.001895725,1.320075758,"LINESTRING (-117.85289675244222 33.81575339261862, -117.85286337099558 33.82523043074344)"
422,268,267,1,736.2455325109544,0.45748290138252606,1,5400,44.17473195065726,27.448897366911854,0,1,,0.15,4,1,2330.884356,2.001895725,1.0,"LINESTRING (-117.85289675244222 33.81575339261862, -117.8529536927336 33.8091323558453)"
423,268,287,1,1407.9669948835826,0.8748723047234163,1,5400,49.11296453084188,30.517371883493748,0,1,,0.15,4,1,2534.715644,2.001895725,1.720075758,"LINESTRING (-117.85289675244222 33.81575339261862, -117.8681369204482 33.815698716645834)"
424,269,25,1,1542.7989410481412,0.9586532000995075,1,12600,620.9765736942547,385.8568345729728,0,1,,0.15,4,1,4303.4,2.001895725,0.149068323,"LINESTRING (-117.85226494120194 33.835631146254904, -117.84071402687071 33.82560918727491)"
425,269,40,1,1157.8286565556919,0.7194431608955796,1,5400,52.62555498980802,32.699993729572,0,1,,0.15,4,1,34.1,2.001895725,1.320075758,"LINESTRING (-117.85226494120194 33.835631146254904, -117.85286337099558 33.82523043074344)"
426,269,261,1,1488.6433173948242,0.9250023720250689,1,5400,48.02466424768437,29.841133648247887,0,1,,0.15,4,1,1232.3,2.001895725,1.859848485,"LINESTRING (-117.85226494120194 33.835631146254904, -117.83616514859862 33.835007837184186)"
427,269,270,1,772.9146585763889,0.4802680965963618,1,5400,46.374879514583334,28.816005258856162,0,1,,0.15,4,1,550.5530485,2.001895725,1.0,"LINESTRING (-117.85226494120194 33.835631146254904, -117.85241074379586 33.84258106989791)"
428,269,290,1,2017.2320049256812,1.2534529713582472,1,5400,48.41356811821635,30.08278723518421,0,1,,0.15,4,1,2089.746952,2.001895725,2.5,"LINESTRING (-117.85226494120194 33.835631146254904, -117.87398810384116 33.83750930388701)"
429,270,269,1,772.9146585763725,0.48026809659635167,1,5400,46.37487951458235,28.816005258855547,0,1,,0.15,4,1,3178.1,2.001895725,1.0,"LINESTRING (-117.85241074379586 33.84258106989791, -117.85226494120194 33.835631146254904)"
430,270,271,1,519.8118395472703,0.32299690528245767,1,5400,53.78066325572956,33.41774450787593,0,1,,0.15,4,1,550.5530485,2.001895725,0.579924242,"LINESTRING (-117.85241074379586 33.84258106989791, -117.85478003594687 33.84682149533743)"
431,271,192,1,250.45723758107695,0.15562729912950463,1,1800,30.054868509729232,18.675223700758963,0,1,,0.15,4,1,748.3,2.001895725,0.5,"LINESTRING (-117.85478003594687 33.84682149533743, -117.85275094984834 33.848315971925004)"
432,271,270,1,519.8118395473875,0.3229969052825305,1,5400,53.780663255741686,33.41774450788347,0,1,,0.15,4,1,3178.1,2.001895725,0.579924242,"LINESTRING (-117.85478003594687 33.84682149533743, -117.85241074379586 33.84258106989791)"
433,271,272,1,271.7090200110664,0.16883257733671345,1,5400,32.60508240132797,20.259852656795562,0,1,,0.15,4,1,550.5530485,2.001895725,0.5,"LINESTRING (-117.85478003594687 33.84682149533743, -117.85609225929204 33.849008534246074)"
434,272,186,1,294.3725239417689,0.18291506079620773,1,1800,35.32470287301227,21.949745948906507,0,1,,0.15,4,1,1811.953048,2.001895725,0.5,"LINESTRING (-117.85609225929204 33.849008534246074, -117.85857090338854 33.84734395463229)"
435,272,271,1,271.7090200106911,0.16883257733648027,1,5400,32.605082401282935,20.259852656767578,0,1,,0.15,4,1,1262.2,2.001895725,0.5,"LINESTRING (-117.85609225929204 33.849008534246074, -117.85478003594687 33.84682149533743)"
436,272,273,1,260.97163350234024,0.16216065809731955,1,5400,6.867902766981683,4.267515610222175,0,1,,0.15,4,1,454.0,2.001895725,2.279924242,"LINESTRING (-117.85609225929204 33.849008534246074, -117.85731943112413 33.85112267185776)"
437,273,26,1,1298.9621422798027,0.8071396611528968,1,12600,522.8322622022665,324.8728055968846,0,1,,0.15,4,1,302.3,2.001895725,0.149068323,"LINESTRING (-117.85731943112413 33.85112267185776, -117.84939629197672 33.86077527446604)"
438,273,41,1,802.8974226018265,0.4988985687311734,1,5400,48.17384535610959,29.933830462771173,0,1,,0.15,4,1,55.3,2.001895725,1.0,"LINESTRING (-117.85731943112413 33.85112267185776, -117.85982666415109 33.85803657339233)"
439,273,262,1,794.8864883996615,0.4939207926228526,1,5400,23.846594651989843,14.81758236550158,0,1,,0.15,4,1,592.8,2.001895725,2.0,"LINESTRING (-117.85731943112413 33.85112267185776, -117.84910968194303 33.85327136164654)"
440,273,272,1,260.9716335022392,0.16216065809725677,1,5400,55.93762761759787,34.758019610374404,0,1,,0.15,4,1,2783.2,2.001895725,0.279924242,"LINESTRING (-117.85731943112413 33.85112267185776, -117.85609225929204 33.849008534246074)"
441,273,292,1,1419.941343913122,0.8823128387495011,1,5400,42.59824031739366,26.469311184259215,0,1,,0.15,4,1,56.4,2.001895725,2.0,"LINESTRING (-117.85731943112413 33.85112267185776, -117.87203770937666 33.84742786706252)"
442,274,26,1,1268.7114563743526,0.7883427096662935,1,12600,510.65636112684484,317.30705376974873,0,1,,0.15,4,1,378.8,2.001895725,0.149068323,"LINESTRING (-117.86215521715542 33.865010368927614, -117.84939629197672 33.86077527446604)"
443,274,41,1,804.707001416758,0.5000229916715909,1,5400,48.28242008500548,30.00129565063994,0,1,,0.15,4,1,342.5,2.001895725,1.0,"LINESTRING (-117.86215521715542 33.865010368927614, -117.85982666415109 33.85803657339233)"
444,274,275,1,668.1128884481993,0.4151471338860647,1,5400,20.043386653445978,12.45437920823838,0,1,,0.15,4,1,501.6,2.001895725,2.0,"LINESTRING (-117.86215521715542 33.865010368927614, -117.86288423012498 33.870988275277895)"
445,274,293,1,1394.2458846633465,0.8663463809159946,1,5400,58.908655125285776,36.60412994385395,0,1,,0.15,4,1,615.0,2.001895725,1.420075758,"LINESTRING (-117.86215521715542 33.865010368927614, -117.87665099457462 33.86149838691617)"
446,275,12,1,580.2869706137819,0.3605745029725117,1,5400,34.81721823682692,21.634409713035378,0,1,,0.15,4,1,501.6,2.001895725,1.0,"LINESTRING (-117.86288423012498 33.870988275277895, -117.86208231585849 33.876164267361666)"
447,275,274,1,668.1128884481061,0.4151471338860068,1,5400,20.043386653443182,12.454379208236643,0,1,,0.15,4,1,488.2,2.001895725,2.0,"LINESTRING (-117.86288423012498 33.870988275277895, -117.86215521715542 33.865010368927614)"
448,276,17,1,696.501322371505,0.4327869327621914,1,5400,41.7900793422903,25.967143390998263,0,1,,0.15,4,1,1184.0,2.001895725,1.0,"LINESTRING (-117.88480039458088 33.77309557311422, -117.8848595780595 33.766831988296126)"
449,276,296,1,558.0329544727101,0.34674646406148496,1,5400,16.740988634181303,10.40236484860987,0,1,,0.15,4,1,648.3,2.001895725,2.0,"LINESTRING (-117.88480039458088 33.77309557311422, -117.89064969504882 33.77433842616474)"
450,277,228,1,405.4798797365956,0.25195414252836296,1,1800,48.65758556839147,30.234412602216974,0,1,,0.15,4,1,69.9,2.001895725,0.5,"LINESTRING (-117.88644416535922 33.789275434163265, -117.88961775985528 33.79179357215314)"
451,277,266,1,3092.588370933924,1.9216500993785803,1,5400,51.832186860013294,32.20701778139332,0,1,,0.15,4,1,222.5528155,2.001895725,3.579924242,"LINESTRING (-117.88644416535922 33.789275434163265, -117.85302626382362 33.78780682266997)"
452,277,299,1,405.1713239045718,0.25176241434660906,1,5400,33.760724707349894,20.97793527213071,0,1,,0.15,4,1,235.1,2.001895725,0.720075758,"LINESTRING (-117.88644416535922 33.789275434163265, -117.89081738157152 33.78901592885661)"
453,278,100,1,281.25199994672437,0.17476232489512744,1,1800,33.750239993606925,20.971420375067527,0,1,,0.15,4,1,516.3448127,2.001895725,0.5,"LINESTRING (-117.87689191057936 33.79576932459083, -117.87734298735428 33.79827075034259)"
454,278,279,1,131.7222209752747,0.08184859692499702,1,5400,15.806666517032962,9.821804180355288,0,1,,0.15,4,1,0.0,2.001895725,0.5,"LINESTRING (-117.87689191057936 33.79576932459083, -117.87831690311826 33.795738569356175)"
455,279,104,1,209.36840199809603,0.1300958169175538,1,1800,25.124208239771523,15.611454398155072,0,1,,0.15,4,1,0.0,2.001895725,0.5,"LINESTRING (-117.87831690311826 33.795738569356175, -117.87892175606645 33.79392401051167)"
456,279,278,1,131.7222209752614,0.08184859692498876,1,5400,15.806666517031367,9.821804180354297,0,1,,0.15,4,1,516.3448127,2.001895725,0.5,"LINESTRING (-117.87831690311826 33.795738569356175, -117.87689191057936 33.79576932459083)"
457,279,280,1,394.45056860502723,0.24510082928717813,1,5400,56.33991884935581,35.00799171534307,0,1,,0.15,4,1,287.8,2.001895725,0.420075758,"LINESTRING (-117.87831690311826 33.795738569356175, -117.88256368843687 33.79609738042707)"
458,280,279,1,394.45056860504235,0.24510082928718754,1,5400,56.33991884935798,35.00799171534442,0,1,,0.15,4,1,516.3448127,2.001895725,0.420075758,"LINESTRING (-117.88256368843687 33.79609738042707, -117.87831690311826 33.795738569356175)"
459,280,300,1,609.6018911393099,0.37878999536413066,1,5400,87.07027904323532,54.10294635937417,0,1,,0.15,4,1,287.8,2.001895725,0.420075758,"LINESTRING (-117.88256368843687 33.79609738042707, -117.88916068626988 33.796112758044394)"
460,281,267,1,1296.7705248512411,0.805777849833622,1,5400,47.43844137538383,29.476871755863627,0,1,,0.15,4,1,576.6,2.001895725,1.640151515,"LINESTRING (-117.86698872502116 33.80902824797448, -117.8529536927336 33.8091323558453)"
461,281,282,1,487.65920962915294,0.3030181376397486,1,5400,50.45409461905056,31.350711227534063,0,1,,0.15,4,1,921.3843562,2.001895725,0.579924242,"LINESTRING (-117.86698872502116 33.80902824797448, -117.87108942297486 33.80626711135232)"
462,282,281,1,487.6592096291597,0.30301813763975277,1,5400,50.454094619051254,31.350711227534497,0,1,,0.15,4,1,576.6,2.001895725,0.579924242,"LINESTRING (-117.87108942297486 33.80626711135232, -117.86698872502116 33.80902824797448)"
463,282,283,1,737.8231915841692,0.4584632157183499,1,5400,123.02230894497207,76.44249513144624,0,1,,0.15,4,1,921.3843562,2.001895725,0.359848485,"LINESTRING (-117.87108942297486 33.80626711135232, -117.8790721149914 33.806089414441004)"
464,283,98,1,279.3979703185412,0.17361028143123344,1,1800,33.52775643822494,20.83317554577627,0,1,,0.15,4,1,0.0,2.001895725,0.5,"LINESTRING (-117.8790721149914 33.806089414441004, -117.87943434331063 33.808584005696154)"
465,283,282,1,737.8231915841667,0.45846321571834836,1,5400,123.02230894497166,76.44249513144598,0,1,,0.15,4,1,576.6,2.001895725,0.359848485,"LINESTRING (-117.8790721149914 33.806089414441004, -117.87108942297486 33.80626711135232)"
466,283,284,1,250.309749611765,0.15553565412639034,1,5400,30.037169953411798,18.664226331121444,0,1,,0.15,4,1,921.3843562,2.001895725,0.5,"LINESTRING (-117.8790721149914 33.806089414441004, -117.88178120296804 33.80607660243605)"
467,284,106,1,315.3716493653765,0.19596334482792732,1,1800,37.84459792384518,23.5155356565376,0,1,,0.15,4,1,535.2843562,2.001895725,0.5,"LINESTRING (-117.88178120296804 33.80607660243605, -117.88002894451394 33.803642664661936)"
468,284,283,1,250.3097496117651,0.15553565412639042,1,5400,30.037169953411812,18.66422633112145,0,1,,0.15,4,1,576.6,2.001895725,0.5,"LINESTRING (-117.88178120296804 33.80607660243605, -117.8790721149914 33.806089414441004)"
469,284,285,1,158.79554827185189,0.09867122439748711,1,5400,34.036826636512295,21.14949700395628,0,1,,0.15,4,1,386.1,2.001895725,0.279924242,"LINESTRING (-117.88178120296804 33.80607660243605, -117.88340327030122 33.80560459233887)"
470,285,284,1,158.79554827176375,0.09867122439743234,1,5400,34.0368266364934,21.149497003944543,0,1,,0.15,4,1,576.6,2.001895725,0.279924242,"LINESTRING (-117.88340327030122 33.80560459233887, -117.88178120296804 33.80607660243605)"
471,285,286,1,379.0018127513839,0.23550139358456507,1,5400,39.21220586788823,24.365327572335577,0,1,,0.15,4,1,386.1,2.001895725,0.579924242,"LINESTRING (-117.88340327030122 33.80560459233887, -117.88659508699752 33.8034637396767)"
472,286,285,1,379.0018127512249,0.23550139358446628,1,5400,39.21220586787178,24.365327572325356,0,1,,0.15,4,1,576.6,2.001895725,0.579924242,"LINESTRING (-117.88659508699752 33.8034637396767, -117.88340327030122 33.80560459233887)"
473,286,302,1,239.52234727496727,0.14883265641503182,1,5400,34.211307276860374,21.257914213930007,0,1,,0.15,4,1,386.1,2.001895725,0.420075758,"LINESTRING (-117.88659508699752 33.8034637396767, -117.88918357248905 33.80334696589511)"
474,287,268,1,1407.9669948835826,0.8748723047234163,1,5400,49.11296453084188,30.517371883493748,0,1,,0.15,4,1,2815.0,2.001895725,1.720075758,"LINESTRING (-117.8681369204482 33.815698716645834, -117.85289675244222 33.81575339261862)"
475,287,288,1,623.5296524097403,0.38744432650014315,1,5400,51.955337655714295,32.28354011446885,0,1,,0.15,4,1,2534.715644,2.001895725,0.720075758,"LINESTRING (-117.8681369204482 33.815698716645834, -117.87422321745184 33.81812255404625)"
476,288,96,1,409.4400521424374,0.25441488569378595,1,1800,49.13280625709249,30.52970095677582,0,1,,0.15,4,1,829.3,2.001895725,0.5,"LINESTRING (-117.87422321745184 33.81812255404625, -117.87586673609091 33.82154221122985)"
477,288,287,1,623.5296524097778,0.3874443265001664,1,5400,51.95533765571742,32.28354011447079,0,1,,0.15,4,1,2815.0,2.001895725,0.720075758,"LINESTRING (-117.87422321745184 33.81812255404625, -117.8681369204482 33.815698716645834)"
478,288,289,1,396.73087266361404,0.2465177480604559,1,5400,47.60770471963368,29.5820470893435,0,1,,0.15,4,1,2687.015644,2.001895725,0.5,"LINESTRING (-117.87422321745184 33.81812255404625, -117.87851662807228 33.81804341283665)"
479,289,108,1,378.3985377026286,0.23512653491656743,1,1800,45.40782452431543,28.215105332498403,0,1,,0.15,4,1,2145.809967,2.001895725,0.5,"LINESTRING (-117.87851662807228 33.81804341283665, -117.87735067616325 33.81478118547861)"
480,289,288,1,396.73087266361574,0.24651774806045695,1,5400,47.60770471963389,29.58204708934363,0,1,,0.15,4,1,1871.5,2.001895725,0.5,"LINESTRING (-117.87851662807228 33.81804341283665, -117.87422321745184 33.81812255404625)"
481,289,303,1,989.1397161462618,0.6146244523508158,1,5400,48.643194965255354,30.225470698755686,0,1,,0.15,4,1,1698.5,2.001895725,1.220075758,"LINESTRING (-117.87851662807228 33.81804341283665, -117.8892224970829 33.818177236154845)"
482,290,94,1,498.25756577028613,0.30960366719915383,1,1800,59.79090789243433,37.15233622802982,0,1,,0.15,4,1,1898.146952,2.001895725,0.5,"LINESTRING (-117.87398810384116 33.83750930388701, -117.87587442489988 33.84170739341709)"
483,290,269,1,2017.2320049256762,1.253452971358244,1,5400,48.413568118216226,30.082787235184135,0,1,,0.15,4,1,217.3,2.001895725,2.5,"LINESTRING (-117.87398810384116 33.83750930388701, -117.85226494120194 33.835631146254904)"
484,290,291,1,413.81398271512876,0.2571327269036554,1,5400,49.65767792581545,30.855840990441873,0,1,,0.15,4,1,191.6,2.001895725,0.5,"LINESTRING (-117.87398810384116 33.83750930388701, -117.8783986443396 33.83816401895799)"
485,291,110,1,354.65606764655445,0.22037361132299854,1,1800,42.55872811758653,26.444759449152862,0,1,,0.15,4,1,0.0,2.001895725,0.5,"LINESTRING (-117.8783986443396 33.83816401895799, -117.87628962056772 33.83549868042155)"
486,291,290,1,413.81398271513336,0.2571327269036583,1,5400,49.657677925816,30.855840990442218,0,1,,0.15,4,1,217.3,2.001895725,0.5,"LINESTRING (-117.8783986443396 33.83816401895799, -117.87398810384116 33.83750930388701)"
487,291,304,1,1018.8652977801028,0.6330951183591428,1,5400,47.76213768033793,29.67800725256926,0,1,,0.15,4,1,379.4,2.001895725,1.279924242,"LINESTRING (-117.8783986443396 33.83816401895799, -117.88920303478596 33.84001393330896)"
488,292,273,1,1419.9413439130692,0.8823128387494683,1,5400,42.598240317392076,26.46931118425823,0,1,,0.15,4,1,296.5,2.001895725,2.0,"LINESTRING (-117.87203770937666 33.84742786706252, -117.85731943112413 33.85112267185776)"
489,292,305,1,1587.1202048278776,0.9861932250661003,1,5400,51.20159682775054,31.815187422456184,0,1,,0.15,4,1,56.4,2.001895725,1.859848485,"LINESTRING (-117.87203770937666 33.84742786706252, -117.88922249708294 33.847266882631104)"
490,293,89,1,253.37557624740742,0.15744067521307334,1,1800,30.405069149688888,18.892828222611335,0,1,,0.15,4,1,550.7,2.001895725,0.5,"LINESTRING (-117.87665099457462 33.86149838691617, -117.87769667255284 33.86360512048987)"
491,293,274,1,1394.245884663452,0.8663463809160601,1,5400,58.90865512529023,36.60412994385672,0,1,,0.15,4,1,979.4,2.001895725,1.420075758,"LINESTRING (-117.87665099457462 33.86149838691617, -117.86215521715542 33.865010368927614)"
492,293,294,1,169.80193323117982,0.10551029194028598,1,5400,20.376231987741576,12.661199646454971,0,1,,0.15,4,1,335.2,2.001895725,0.5,"LINESTRING (-117.87665099457462 33.86149838691617, -117.87840404294992 33.86103705839635)"
493,294,115,1,94.62519153517616,0.05879751422022454,1,1800,11.355022984221138,7.055681986728473,0,1,,0.15,4,1,1029.6,2.001895725,0.5,"LINESTRING (-117.87840404294992 33.86103705839635, -117.87754289637964 33.86149838691617)"
494,294,293,1,169.80193323129845,0.1055102919403597,1,5400,20.376231987755812,12.661199646463817,0,1,,0.15,4,1,523.8,2.001895725,0.5,"LINESTRING (-117.87840404294992 33.86103705839635, -117.87665099457462 33.86149838691617)"
495,294,295,1,459.7545508995425,0.2856789434796516,1,5400,98.54549522714275,61.23331291478492,0,1,,0.15,4,1,310.7,2.001895725,0.279924242,"LINESTRING (-117.87840404294992 33.86103705839635, -117.88316341551248 33.85982222662757)"
496,295,294,1,459.7545508995688,0.285678943479668,1,5400,98.54549522714838,61.233312914788414,0,1,,0.15,4,1,1273.4,2.001895725,0.279924242,"LINESTRING (-117.88316341551248 33.85982222662757, -117.87840404294992 33.86103705839635)"
497,295,308,1,572.35298506253,0.3556445406579903,1,5400,47.691064061278674,29.63384416682079,0,1,,0.15,4,1,310.7,2.001895725,0.720075758,"LINESTRING (-117.88316341551248 33.85982222662757, -117.889360595295 33.859714583306285)"
498,296,276,1,558.0329544727322,0.34674646406149867,1,5400,16.740988634181964,10.402364848610281,0,1,,0.15,4,1,1184.0,2.001895725,2.0,"LINESTRING (-117.89064969504882 33.77433842616474, -117.88480039458088 33.77309557311422)"
499,296,297,1,400.49009288668174,0.24885362501813277,1,5400,57.202552433889565,35.54400720839839,0,1,,0.15,4,1,610.4,2.001895725,0.420075758,"LINESTRING (-117.89064969504882 33.77433842616474, -117.8893377946066 33.777771067923325)"
500,296,310,1,1139.6827128830844,0.7081677662166382,1,5400,43.28116561236046,26.893661157718032,0,1,,0.15,4,1,37.9,2.001895725,1.579924242,"LINESTRING (-117.89064969504882 33.77433842616474, -117.90297958642302 33.77442720138264)"
501,297,148,1,106.47876485034075,0.06616300151014749,1,1800,12.77745178204089,7.93953799125853,0,1,,0.15,4,1,516.6,2.001895725,0.5,"LINESTRING (-117.8893377946066 33.777771067923325, -117.88932828028068 33.77872862045265)"
502,297,296,1,400.4900928865481,0.24885362501804972,1,5400,57.20255243387047,35.54400720838653,0,1,,0.15,4,1,894.0,2.001895725,0.420075758,"LINESTRING (-117.8893377946066 33.777771067923325, -117.89064969504882 33.77433842616474)"
503,297,298,1,259.75381112116474,0.16140393647157517,1,5400,31.17045733453977,19.36841824442031,0,1,,0.15,4,1,206.2,2.001895725,0.5,"LINESTRING (-117.8893377946066 33.777771067923325, -117.88883473503851 33.78006935967548)"
504,298,134,1,504.092713351507,0.3132294688204525,1,1800,60.49112560218084,37.58743120655271,0,1,,0.15,4,1,352.7056767,2.001895725,0.5,"LINESTRING (-117.88883473503851 33.78006935967548, -117.89417111202528 33.77913228793104)"
505,298,297,1,259.75381112112944,0.16140393647155324,1,5400,31.17045733453553,19.36841824441768,0,1,,0.15,4,1,894.0,2.001895725,0.5,"LINESTRING (-117.88883473503851 33.78006935967548, -117.8893377946066 33.777771067923325)"
506,298,299,1,1011.5483226462321,0.628548549496211,1,5400,53.23231040812495,33.07701395060701,0,1,,0.15,4,1,124.4,2.001895725,1.140151515,"LINESTRING (-117.88883473503851 33.78006935967548, -117.89081738157152 33.78901592885661)"
507,299,239,1,563.2400828556563,0.34998203167488307,1,1800,67.58880994267875,41.997726422892235,0,1,,0.15,4,1,716.253346,2.001895725,0.5,"LINESTRING (-117.89081738157152 33.78901592885661, -117.88536099570912 33.78675914774544)"
508,299,277,1,405.17132390456754,0.25176241434660646,1,5400,33.76072470734954,20.97793527213049,0,1,,0.15,4,1,222.5528155,2.001895725,0.720075758,"LINESTRING (-117.89081738157152 33.78901592885661, -117.88644416535922 33.789275434163265)"
509,299,298,1,1011.5483226459107,0.6285485494960114,1,5400,53.23231040810804,33.0770139505965,0,1,,0.15,4,1,665.4056767,2.001895725,1.140151515,"LINESTRING (-117.89081738157152 33.78901592885661, -117.88883473503851 33.78006935967548)"
510,299,300,1,803.8457404681766,0.49948782759900123,1,5400,48.230744428090595,29.96918589602708,0,1,,0.15,4,1,185.2,2.001895725,1.0,"LINESTRING (-117.89081738157152 33.78901592885661, -117.88916068626988 33.796112758044394)"
511,299,315,1,1416.6683587477646,0.8802790950002888,1,5400,44.269139470519725,27.507559461936314,0,1,,0.15,4,1,222.4422527,2.001895725,1.920075758,"LINESTRING (-117.89081738157152 33.78901592885661, -117.90614590252792 33.788858106247005)"
512,300,280,1,609.6018911393097,0.3787899953641305,1,5400,87.07027904323529,54.10294635937416,0,1,,0.15,4,1,516.3448127,2.001895725,0.420075758,"LINESTRING (-117.88916068626988 33.796112758044394, -117.88256368843687 33.79609738042707)"
513,300,299,1,803.8457404680377,0.4994878275989149,1,5400,48.23074442808226,29.9691858960219,0,1,,0.15,4,1,455.4479294,2.001895725,1.0,"LINESTRING (-117.88916068626988 33.796112758044394, -117.89081738157152 33.78901592885661)"
514,300,301,1,384.9314860813009,0.23918593092901494,1,5400,46.191778329756104,28.702231492538882,0,1,,0.15,4,1,185.2,2.001895725,0.5,"LINESTRING (-117.88916068626988 33.796112758044394, -117.8891641101922 33.799574524007134)"
515,300,316,1,1589.5887395333425,0.98772710523155,1,5400,49.67268816067233,30.865167915085127,0,1,,0.15,4,1,239.6577473,2.001895725,1.920075758,"LINESTRING (-117.88916068626988 33.796112758044394, -117.90636290861612 33.79615740194053)"
516,301,300,1,384.93148608120816,0.23918593092895735,1,5400,46.19177832974498,28.70223149253197,0,1,,0.15,4,1,407.3056767,2.001895725,0.5,"LINESTRING (-117.8891641101922 33.799574524007134, -117.88916068626988 33.796112758044394)"
517,301,302,1,419.4808462751309,0.260653961422155,1,5400,50.337701553015705,31.27838795169892,0,1,,0.15,4,1,185.2,2.001895725,0.5,"LINESTRING (-117.8891641101922 33.799574524007134, -117.88918357248905 33.80334696589511)"
518,302,27,1,1072.9151211774029,0.666680205038962,1,12600,431.8483362199236,268.33803252531015,0,1,,0.15,4,1,207.3,2.001895725,0.149068323,"LINESTRING (-117.88918357248905 33.80334696589511, -117.88273747731796 33.811372788973465)"
519,302,42,1,802.9035771670126,0.49890239301018596,1,5400,48.17421463002076,29.934059918870627,0,1,,0.15,4,1,252.2,2.001895725,1.0,"LINESTRING (-117.88918357248905 33.80334696589511, -117.88924195937985 33.81056747805571)"
520,302,286,1,239.52234727498734,0.14883265641504428,1,5400,34.21130727686324,21.257914213931787,0,1,,0.15,4,1,576.6,2.001895725,0.420075758,"LINESTRING (-117.88918357248905 33.80334696589511, -117.88659508699752 33.8034637396767)"
521,302,301,1,419.4808462747358,0.26065396142190955,1,5400,50.3377015529683,31.278387951669465,0,1,,0.15,4,1,407.3056767,2.001895725,0.5,"LINESTRING (-117.88918357248905 33.80334696589511, -117.8891641101922 33.799574524007134)"
522,302,311,1,1071.4812114192023,0.6657892126084,1,5400,56.38625379114822,35.036782904459564,0,1,,0.15,4,1,668.3,2.001895725,1.140151515,"LINESTRING (-117.88918357248905 33.80334696589511, -117.90077993380191 33.803371210387255)"
523,303,27,1,965.1019911389135,0.5996880653801643,1,12600,388.453551384856,241.37377167755935,0,1,,0.15,4,1,144.4,2.001895725,0.149068323,"LINESTRING (-117.8892224970829 33.818177236154845, -117.88273747731796 33.811372788973465)"
524,303,28,1,1382.6754557505649,0.8591568318382474,1,12600,556.5268708700365,345.8096582793855,0,1,,0.15,4,1,840.8,2.001895725,0.149068323,"LINESTRING (-117.8892224970829 33.818177236154845, -117.88166907098844 33.82891245954973)"
525,303,42,1,846.1695993006545,0.5257867195873182,1,5400,50.77017595803927,31.547115005222818,0,1,,0.15,4,1,387.8056767,2.001895725,1.0,"LINESTRING (-117.8892224970829 33.818177236154845, -117.88924195937985 33.81056747805571)"
526,303,43,1,1116.720289481252,0.69389954234733,1,5400,43.50430247693852,27.032311934397764,0,1,,0.15,4,1,12.1,2.001895725,1.540151515,"LINESTRING (-117.8892224970829 33.818177236154845, -117.88932305228384 33.82821978137013)"
527,303,289,1,989.1397161462609,0.6146244523508152,1,5400,48.64319496525531,30.225470698755657,0,1,,0.15,4,1,2216.994323,2.001895725,1.220075758,"LINESTRING (-117.8892224970829 33.818177236154845, -117.87851662807228 33.81804341283665)"
528,303,319,1,1737.5830835293682,1.0796867557690535,1,5400,48.713833708059724,30.269363565010778,0,1,,0.15,4,1,1669.2,2.001895725,2.140151515,"LINESTRING (-117.8892224970829 33.818177236154845, -117.90803093742085 33.81809268969166)"
529,304,28,1,1417.0562264106907,0.8805201053914591,1,12600,570.3651310590074,354.40835185126645,0,1,,0.15,4,1,438.4,2.001895725,0.149068323,"LINESTRING (-117.88920303478596 33.84001393330896, -117.88166907098844 33.82891245954973)"
530,304,43,1,1311.498562293781,0.814929450764774,1,5400,51.09231979532018,31.747285843537895,0,1,,0.15,4,1,5.6,2.001895725,1.540151515,"LINESTRING (-117.88920303478596 33.84001393330896, -117.88932305228384 33.82821978137013)"
531,304,291,1,1018.8652977801149,0.6330951183591503,1,5400,47.7621376803385,29.678007252569614,0,1,,0.15,4,1,217.3,2.001895725,1.279924242,"LINESTRING (-117.88920303478596 33.84001393330896, -117.8783986443396 33.83816401895799)"
532,304,305,1,806.4943100786508,0.5011335765460692,1,5400,52.59312419001811,32.67984217107574,0,1,,0.15,4,1,737.7,2.001895725,0.920075758,"LINESTRING (-117.88920303478596 33.84001393330896, -117.88922249708294 33.847266882631104)"
533,304,312,1,343.16451000392306,0.2132330707022277,1,5400,73.5551535412763,45.70503931109639,0,1,,0.15,4,1,251.0,2.001895725,0.279924242,"LINESTRING (-117.88920303478596 33.84001393330896, -117.89290411491874 33.84028640546598)"
534,305,292,1,1587.1202048278742,0.9861932250660982,1,5400,51.20159682775043,31.815187422456113,0,1,,0.15,4,1,296.5,2.001895725,1.859848485,"LINESTRING (-117.88922249708294 33.847266882631104, -117.87203770937666 33.84742786706252)"
535,305,304,1,806.4943100784616,0.5011335765459516,1,5400,52.59312419000577,32.679842171068074,0,1,,0.15,4,1,248.7,2.001895725,0.920075758,"LINESTRING (-117.88922249708294 33.847266882631104, -117.88920303478596 33.84001393330896)"
536,305,306,1,696.1249287160508,0.43255305200644417,1,5400,58.00430754532226,36.04219458374444,0,1,,0.15,4,1,558.5,2.001895725,0.720075758,"LINESTRING (-117.88922249708294 33.847266882631104, -117.88924195937992 33.85352725480987)"
537,305,321,1,2634.192646101594,1.6368154933709436,1,5400,48.187563829133,29.9423547240722,0,1,,0.15,4,1,0.0,2.001895725,3.279924242,"LINESTRING (-117.88922249708294 33.847266882631104, -117.91774641018765 33.84727041435603)"
538,306,198,1,302.5598311678833,0.1880024302930912,1,1800,36.307179740146,22.56022858231426,0,1,,0.15,4,1,374.2,2.001895725,0.5,"LINESTRING (-117.88924195937992 33.85352725480987, -117.88597229349593 33.85370241548222)"
539,306,305,1,696.1249287158943,0.4325530520063469,1,5400,58.00430754530922,36.04219458373633,0,1,,0.15,4,1,296.7,2.001895725,0.720075758,"LINESTRING (-117.88924195937992 33.85352725480987, -117.88922249708294 33.847266882631104)"
540,306,307,1,145.01528601852232,0.09010854512938368,1,5400,17.401834322222676,10.812995194633826,0,1,,0.15,4,1,194.3,2.001895725,0.5,"LINESTRING (-117.88924195937992 33.85352725480987, -117.88921600965072 33.85483122870408)"
541,307,180,1,392.6086217220827,0.24395629371175934,1,1800,47.113034606649926,29.274673426568672,0,1,,0.15,4,1,270.4,2.001895725,0.5,"LINESTRING (-117.88921600965072 33.85483122870408, -117.89341041138049 33.854253722178)"
542,307,306,1,145.0152860183556,0.09010854512928008,1,5400,17.40183432220267,10.812995194621395,0,1,,0.15,4,1,62.1,2.001895725,0.5,"LINESTRING (-117.88921600965072 33.85483122870408, -117.88924195937992 33.85352725480987)"
543,307,308,1,543.1691304313326,0.337510489039813,1,5400,65.18029565175992,40.50114548942971,0,1,,0.15,4,1,856.1,2.001895725,0.5,"LINESTRING (-117.88921600965072 33.85483122870408, -117.889360595295 33.859714583306285)"
544,308,29,1,1772.4236042856887,1.1013357054977126,1,12600,713.4005006358145,443.2863824805767,0,1,,0.15,4,1,1019.9,2.001895725,0.149068323,"LINESTRING (-117.889360595295 33.859714583306285, -117.90691017052332 33.8661731302917)"
545,308,44,1,1612.3177019065743,1.0018502627826156,1,5400,96.73906211439446,60.1108477650834,0,1,,0.15,4,1,32.2,2.001895725,1.0,"LINESTRING (-117.889360595295 33.859714583306285, -117.90682113666251 33.859584624593)"
546,308,295,1,572.3529850625428,0.3556445406579982,1,5400,47.69106406127973,29.633844166821447,0,1,,0.15,4,1,1273.4,2.001895725,0.720075758,"LINESTRING (-117.889360595295 33.859714583306285, -117.88316341551248 33.85982222662757)"
547,308,307,1,543.1691304316181,0.3375104890399904,1,5400,65.18029565179417,40.50114548945099,0,1,,0.15,4,1,237.6,2.001895725,0.5,"LINESTRING (-117.889360595295 33.859714583306285, -117.88921600965072 33.85483122870408)"
548,308,309,1,376.24838431786725,0.23379048822366144,1,5400,11.287451529536018,7.0136950443593244,0,1,,0.15,4,1,37.0,2.001895725,2.0,"LINESTRING (-117.889360595295 33.859714583306285, -117.8894374833817 33.86309765911809)"
549,309,11,1,376.18139813865025,0.23374886483816365,1,5400,22.570883888319013,14.024892692568674,0,1,,0.15,4,1,37.0,2.001895725,1.0,"LINESTRING (-117.8894374833817 33.86309765911809, -117.8894374833817 33.86648073492989)"
550,309,308,1,376.248384318135,0.2337904882238278,1,5400,11.287451529544049,7.013695044364315,0,1,,0.15,4,1,485.8,2.001895725,2.0,"LINESTRING (-117.8894374833817 33.86309765911809, -117.889360595295 33.859714583306285)"
551,310,151,1,331.5226093835348,0.20599911105393195,1,1800,39.78271312602418,24.719824237830768,0,1,,0.15,4,1,1238.9,2.001895725,0.5,"LINESTRING (-117.90297958642302 33.77442720138264, -117.9004346968434 33.776528214872805)"
552,310,296,1,1139.682712883085,0.7081677662166386,1,5400,43.28116561236049,26.89366115771805,0,1,,0.15,4,1,290.0,2.001895725,1.579924242,"LINESTRING (-117.90297958642302 33.77442720138264, -117.89064969504882 33.77433842616474)"
553,310,313,1,299.0433998140953,0.18581741571954674,1,5400,64.09807118043645,39.82868258745898,0,1,,0.15,4,1,37.9,2.001895725,0.279924242,"LINESTRING (-117.90297958642302 33.77442720138264, -117.90621494991962 33.77441733746955)"
554,311,226,1,540.3786899761905,0.335776585417743,1,1800,64.84544279714285,40.29307763630345,0,1,,0.15,4,1,86.7,2.001895725,0.5,"LINESTRING (-117.90077993380191 33.803371210387255, -117.90541089954102 33.80633930728471)"
555,311,302,1,1071.4812114192018,0.6657892126083997,1,5400,56.3862537911482,35.03678290445955,0,1,,0.15,4,1,838.4,2.001895725,1.140151515,"LINESTRING (-117.90077993380191 33.803371210387255, -117.88918357248905 33.80334696589511)"
556,311,317,1,537.5422741410766,0.33401411394800146,1,5400,44.79047668268343,27.831503286795687,0,1,,0.15,4,1,726.2687336,2.001895725,0.720075758,"LINESTRING (-117.90077993380191 33.803371210387255, -117.9065975875487 33.80335230455378)"
557,312,304,1,343.1645100039246,0.21323307070222863,1,5400,73.55515354127664,45.705039311096606,0,1,,0.15,4,1,413.0,2.001895725,0.279924242,"LINESTRING (-117.89290411491874 33.84028640546598, -117.88920303478596 33.84001393330896)"
558,312,320,1,2003.0040921181037,1.244612134240188,1,5400,44.18268321153363,27.453838049833863,0,1,,0.15,4,1,251.0,2.001895725,2.720075758,"LINESTRING (-117.89290411491874 33.84028640546598, -117.91413991696064 33.83663125933655)"
559,313,310,1,299.0433998140953,0.18581741571954674,1,5400,64.09807118043645,39.82868258745898,0,1,,0.15,4,1,1306.7,2.001895725,0.279924242,"LINESTRING (-117.90621494991962 33.77441733746955, -117.90297958642302 33.77442720138264)"
560,313,314,1,160.26264182110336,0.09958283633110677,1,5400,12.329092995760737,7.660940843868845,0,1,,0.15,4,1,0.0,2.001895725,0.779924242,"LINESTRING (-117.90621494991962 33.77441733746955, -117.9061459025279 33.77585746878205)"
561,313,325,1,1288.295925767042,0.8005119650086633,1,5400,44.93857621474747,27.92352804113385,0,1,,0.15,4,1,1046.177703,2.001895725,1.720075758,"LINESTRING (-117.90621494991962 33.77441733746955, -117.92015265912902 33.774318698338526)"
562,314,131,1,521.9747374777197,0.32434087108859516,1,1800,62.636968497326365,38.92079575215218,0,1,,0.15,4,1,337.0,2.001895725,0.5,"LINESTRING (-117.9061459025279 33.77585746878205, -117.90961602382428 33.77215403098198)"
563,314,313,1,160.2626418213166,0.09958283633123928,1,5400,34.351288907943164,21.34489474001755,0,1,,0.15,4,1,1008.277703,2.001895725,0.279924242,"LINESTRING (-117.9061459025279 33.77585746878205, -117.90621494991962 33.77441733746955)"
564,314,315,1,1445.6069713836384,0.8982607599286904,1,5400,52.88317420053617,32.86007083616136,0,1,,0.15,4,1,0.0,2.001895725,1.640151515,"LINESTRING (-117.9061459025279 33.77585746878205, -117.90614590252792 33.788858106247005)"
565,315,299,1,1416.668358747768,0.8802790950002909,1,5400,44.269139470519825,27.507559461936374,0,1,,0.15,4,1,727.8061615,2.001895725,1.920075758,"LINESTRING (-117.90614590252792 33.788858106247005, -117.89081738157152 33.78901592885661)"
566,315,314,1,1445.6069713836384,0.8982607599286904,1,5400,50.42592913690625,31.33321001372857,0,1,,0.15,4,1,337.0,2.001895725,1.720075758,"LINESTRING (-117.90614590252792 33.788858106247005, -117.9061459025279 33.77585746878205)"
567,315,316,1,811.8934889473876,0.504488479095398,1,5400,18.88179836593948,11.732601932442181,0,1,,0.15,4,1,0.0,2.001895725,2.579924242,"LINESTRING (-117.90614590252792 33.788858106247005, -117.90636290861612 33.79615740194053)"
568,315,327,1,813.2167207729871,0.5053106992760927,1,5400,45.181876050875076,28.0747075036083,0,1,,0.15,4,1,336.5057011,2.001895725,1.079924242,"LINESTRING (-117.90614590252792 33.788858106247005, -117.91494451301256 33.78873973928981)"
569,316,300,1,1589.5887395333418,0.9877271052315496,1,5400,49.67268816067231,30.865167915085113,0,1,,0.15,4,1,516.3448127,2.001895725,1.920075758,"LINESTRING (-117.90636290861612 33.79615740194053, -117.88916068626988 33.796112758044394)"
570,316,315,1,811.8934889472358,0.5044884790953036,1,5400,48.713609336834146,30.26922414723797,0,1,,0.15,4,1,451.0634484,2.001895725,1.0,"LINESTRING (-117.90636290861612 33.79615740194053, -117.90614590252792 33.788858106247005)"
571,316,317,1,800.3316225832405,0.49730425055192845,1,5400,55.84692907261961,34.70166216478272,0,1,,0.15,4,1,471.6,2.001895725,0.859848485,"LINESTRING (-117.90636290861612 33.79615740194053, -117.9065975875487 33.80335230455378)"
572,316,328,1,802.1147384340725,0.49841223012792363,1,5400,44.56505598662573,27.691433403465616,0,1,,0.15,4,1,398.2942989,2.001895725,1.079924242,"LINESTRING (-117.90636290861612 33.79615740194053, -117.91504315214355 33.796117946288135)"
573,317,241,1,599.1657967339208,0.37230529082351826,1,1800,71.8998956080705,44.67651003388237,0,1,,0.15,4,1,679.0,2.001895725,0.5,"LINESTRING (-117.9065975875487 33.80335230455378, -117.9005569053526 33.80139298168508)"
574,317,311,1,537.5422741410753,0.3340141139480006,1,5400,44.79047668268332,27.831503286795616,0,1,,0.15,4,1,838.4,2.001895725,0.720075758,"LINESTRING (-117.9065975875487 33.80335230455378, -117.90077993380191 33.803371210387255)"
575,317,316,1,800.3316225834172,0.4973042505520383,1,5400,48.019897355005035,29.838171639376835,0,1,,0.15,4,1,609.7,2.001895725,1.0,"LINESTRING (-117.9065975875487 33.80335230455378, -117.90636290861612 33.79615740194053)"
576,317,318,1,807.7900202985072,0.5019386955512865,1,5400,42.50961436288618,26.41424158628095,0,1,,0.15,4,1,0.0,2.001895725,1.140151515,"LINESTRING (-117.9065975875487 33.80335230455378, -117.90604274243684 33.81060228068182)"
577,317,329,1,798.584299124417,0.49621851139250694,1,5400,44.36890671027739,27.569551931471775,0,1,,0.15,4,1,453.5687336,2.001895725,1.079924242,"LINESTRING (-117.9065975875487 33.80335230455378, -117.91524043040556 33.803377786329264)"
578,318,317,1,807.7900202982967,0.5019386955511556,1,5400,42.5096143628751,26.414241586274063,0,1,,0.15,4,1,0.0,2.001895725,1.140151515,"LINESTRING (-117.90604274243684 33.81060228068182, -117.9065975875487 33.80335230455378)"
579,318,319,1,852.91008577042,0.5299750741113873,1,5400,51.1746051462252,31.798415574315097,0,1,,0.15,4,1,0.0,2.001895725,1.0,"LINESTRING (-117.90604274243684 33.81060228068182, -117.90803093742085 33.81809268969166)"
580,319,303,1,1737.5830835293682,1.0796867557690535,1,5400,48.713833708059724,30.269363565010778,0,1,,0.15,4,1,1595.1,2.001895725,2.140151515,"LINESTRING (-117.90803093742085 33.81809268969166, -117.8892224970829 33.818177236154845)"
581,319,318,1,852.9100857703876,0.5299750741113672,1,5400,59.515840335781085,36.98141722528463,0,1,,0.15,4,1,0.0,2.001895725,0.859848485,"LINESTRING (-117.90803093742085 33.81809268969166, -117.90604274243684 33.81060228068182)"
582,319,320,1,2137.2395159653815,1.3280223669115176,1,5400,128.2343709579229,79.68111931649551,0,1,,0.15,4,1,890.2,2.001895725,1.0,"LINESTRING (-117.90803093742085 33.81809268969166, -117.91413991696064 33.83663125933655)"
583,319,330,1,677.1260821447181,0.4207476867192254,1,5400,47.24967902767553,29.359580307105773,0,1,,0.15,4,1,1635.2,2.001895725,0.859848485,"LINESTRING (-117.90803093742085 33.81809268969166, -117.91536057620672 33.81808556147336)"
584,320,312,1,2003.0040921181285,1.2446121342402032,1,5400,44.182683211534176,27.453838049834204,0,1,,0.15,4,1,413.0,2.001895725,2.720075758,"LINESTRING (-117.91413991696064 33.83663125933655, -117.89290411491874 33.84028640546598)"
585,320,319,1,2137.2395159654693,1.3280223669115723,1,5400,49.70470406468941,30.88506166938012,0,1,,0.15,4,1,10.2,2.001895725,2.579924242,"LINESTRING (-117.91413991696064 33.83663125933655, -117.90803093742085 33.81809268969166)"
586,320,321,1,1229.0173873507586,0.7636778973683366,1,5400,42.8708112989088,26.638678887614258,0,1,,0.15,4,1,722.4,2.001895725,1.720075758,"LINESTRING (-117.91413991696064 33.83663125933655, -117.91774641018765 33.84727041435603)"
587,320,332,1,567.1379906060272,0.3524040852809395,1,5400,47.25652691166091,29.363835383625652,0,1,,0.15,4,1,273.4,2.001895725,0.720075758,"LINESTRING (-117.91413991696064 33.83663125933655, -117.9194941722899 33.834134456333274)"
588,321,305,1,2634.1926461015946,1.636815493370944,1,5400,48.187563829133,29.9423547240722,0,1,,0.15,4,1,12.9,2.001895725,3.279924242,"LINESTRING (-117.91774641018765 33.84727041435603, -117.88922249708294 33.847266882631104)"
589,321,320,1,1229.0173873510628,0.7636778973685255,1,5400,44.95989703796589,27.9367761823779,0,1,,0.15,4,1,10.2,2.001895725,1.640151515,"LINESTRING (-117.91774641018765 33.84727041435603, -117.91413991696064 33.83663125933655)"
590,321,333,1,557.2899484340502,0.3462847803658955,1,5400,46.435943072038555,28.85394838261567,0,1,,0.15,4,1,0.0,2.001895725,0.720075758,"LINESTRING (-117.91774641018765 33.84727041435603, -117.92378035077884 33.84720105871704)"
591,321,334,1,678.0071078175026,0.42129513205258223,1,5400,145.32655756570793,90.3017084011615,0,1,,0.15,4,1,722.4,2.001895725,0.279924242,"LINESTRING (-117.91774641018765 33.84727041435603, -117.92416874235712 33.85022496457656)"
592,322,18,1,1121.7591621605563,0.6970305604536994,1,5400,67.30554972963338,41.82171674105203,0,1,,0.15,4,1,1626.7,2.001895725,1.0,"LINESTRING (-117.92028088999928 33.75964119564669, -117.92880331091712 33.75246026691036)"
593,322,323,1,827.3684273749161,0.5141041839355985,1,5400,24.821052821247484,15.42308241259137,0,1,,0.15,4,1,2185.8,2.001895725,2.0,"LINESTRING (-117.92028088999928 33.75964119564669, -117.92036666261494 33.76708154648214)"
594,323,153,1,393.1584869798265,0.24429796499175221,1,1800,47.179018437579174,29.315673865577008,0,1,,0.15,4,1,1802.2,2.001895725,0.5,"LINESTRING (-117.92036666261494 33.76708154648214, -117.91670028954428 33.7688738183077)"
595,323,322,1,827.3684273747995,0.5141041839355261,1,5400,24.821052821243985,15.423082412589196,0,1,,0.15,4,1,1626.7,2.001895725,2.0,"LINESTRING (-117.92036666261494 33.76708154648214, -117.92028088999928 33.75964119564669)"
596,323,324,1,154.32250092637236,0.09589179472726234,1,5400,18.518700111164684,11.50698320677451,0,1,,0.15,4,1,718.3,2.001895725,0.5,"LINESTRING (-117.92036666261494 33.76708154648214, -117.92036966521724 33.76846939787063)"
597,324,129,1,336.9438206722125,0.20936770394833443,1,1800,40.4332584806655,25.124054255389602,0,1,,0.15,4,1,825.9,2.001895725,0.5,"LINESTRING (-117.92036966521724 33.76846939787063, -117.92339788653877 33.766782668730634)"
598,324,323,1,154.32250092667638,0.09589179472745125,1,5400,18.518700111201166,11.50698320679718,0,1,,0.15,4,1,1626.7,2.001895725,0.5,"LINESTRING (-117.92036966521724 33.76846939787063, -117.92036666261494 33.76708154648214)"
599,324,325,1,650.7226757269038,0.40434132981651105,1,5400,67.32493266528118,41.833760735158435,0,1,,0.15,4,1,776.2222969,2.001895725,0.579924242,"LINESTRING (-117.92036966521724 33.76846939787063, -117.92015265912902 33.774318698338526)"
600,325,313,1,1288.295925767042,0.8005119650086633,1,5400,44.93857621474747,27.92352804113385,0,1,,0.15,4,1,1306.7,2.001895725,1.720075758,"LINESTRING (-117.92015265912902 33.774318698338526, -117.90621494991962 33.77441733746955)"
601,325,324,1,650.7226757269842,0.404341329816561,1,5400,67.3249326652895,41.8337607351636,0,1,,0.15,4,1,1018.7,2.001895725,0.579924242,"LINESTRING (-117.92015265912902 33.774318698338526, -117.92036966521724 33.76846939787063)"
602,325,326,1,602.5757868052109,0.37442416568606446,1,5400,42.047579124725274,26.127146288309667,0,1,,0.15,4,1,437.5,2.001895725,0.859848485,"LINESTRING (-117.92015265912902 33.774318698338526, -117.91490505736016 33.777534334008934)"
603,325,340,1,308.19003481523345,0.19150088534134085,1,5400,51.38663315176665,31.930163628146396,0,1,,0.15,4,1,1379.1,2.001895725,0.359848485,"LINESTRING (-117.92015265912902 33.774318698338526, -117.9234866617566 33.77435815399093)"
604,326,325,1,602.5757868053096,0.3744241656861258,1,5400,42.04757912473216,26.12714628831395,0,1,,0.15,4,1,774.4,2.001895725,0.859848485,"LINESTRING (-117.91490505736016 33.777534334008934, -117.92015265912902 33.774318698338526)"
605,326,327,1,1245.9913142060825,0.7742250327501228,1,5400,47.318394683107186,29.402278222636994,0,1,,0.15,4,1,437.5,2.001895725,1.579924242,"LINESTRING (-117.91490505736016 33.777534334008934, -117.91494451301256 33.78873973928981)"
606,327,315,1,813.216720772991,0.5053106992760953,1,5400,45.1818760508753,28.074707503608437,0,1,,0.15,4,1,727.8061615,2.001895725,1.079924242,"LINESTRING (-117.91494451301256 33.78873973928981, -117.90614590252792 33.788858106247005)"
607,327,326,1,1245.9913142057576,0.7742250327499209,1,5400,47.31839468309485,29.40227822262933,0,1,,0.15,4,1,774.4,2.001895725,1.579924242,"LINESTRING (-117.91494451301256 33.78873973928981, -117.91490505736016 33.777534334008934)"
608,327,328,1,820.4709801065752,0.5098182982505719,1,5400,49.228258806394514,30.589012402788168,0,1,,0.15,4,1,786.5858846,2.001895725,1.0,"LINESTRING (-117.91494451301256 33.78873973928981, -117.91504315214355 33.796117946288135)"
609,327,341,1,816.8037565757909,0.5075395855293419,1,5400,49.00822539454745,30.452290021635346,0,1,,0.15,4,1,381.8981669,2.001895725,1.0,"LINESTRING (-117.91494451301256 33.78873973928981, -117.9237825791496 33.78881865059461)"
610,328,316,1,802.1147384340733,0.49841223012792407,1,5400,44.56505598662577,27.69143340346564,0,1,,0.15,4,1,987.9448127,2.001895725,1.079924242,"LINESTRING (-117.91504315214355 33.796117946288135, -117.90636290861612 33.79615740194053)"
611,328,327,1,820.4709801065077,0.5098182982505299,1,5400,49.22825880639046,30.589012402785645,0,1,,0.15,4,1,819.7924658,2.001895725,1.0,"LINESTRING (-117.91504315214355 33.796117946288135, -117.91494451301256 33.78873973928981)"
612,328,329,1,807.4643091867207,0.5017363075463984,1,5400,48.44785855120324,30.104094315819708,0,1,,0.15,4,1,923.1101049,2.001895725,1.0,"LINESTRING (-117.91504315214355 33.796117946288135, -117.91524043040556 33.803377786329264)"
613,328,342,1,813.3375035554993,0.5053857504042026,1,5400,48.80025021332996,30.32306027530705,0,1,,0.15,4,1,447.5177825,2.001895725,1.0,"LINESTRING (-117.91504315214355 33.796117946288135, -117.9238417626282 33.79592066802615)"
614,329,31,1,846.9899948941365,0.5262964910423755,1,12600,340.9134729022757,211.83374557075996,0,1,,0.15,4,1,1191.1,2.001895725,0.149068323,"LINESTRING (-117.91524043040556 33.803377786329264, -117.91966048441746 33.81005103436679)"
615,329,46,1,711.8008718068443,0.44229365566433715,1,5400,42.70805230841066,26.537545170929437,0,1,,0.15,4,1,736.3,2.001895725,1.0,"LINESTRING (-117.91524043040556 33.803377786329264, -117.91527079333476 33.80977910660061)"
616,329,317,1,798.584299124417,0.49621851139250694,1,5400,44.36890671027739,27.569551931471775,0,1,,0.15,4,1,971.6,2.001895725,1.079924242,"LINESTRING (-117.91524043040556 33.803377786329264, -117.9065975875487 33.80335230455378)"
617,329,328,1,807.4643091865918,0.5017363075463183,1,5400,48.4478585511955,30.1040943158149,0,1,,0.15,4,1,869.0159494,2.001895725,1.0,"LINESTRING (-117.91524043040556 33.803377786329264, -117.91504315214355 33.796117946288135)"
618,329,343,1,812.9837559117816,0.5051659412627423,1,5400,48.779025354706896,30.309871763679578,0,1,,0.15,4,1,723.1527842,2.001895725,1.0,"LINESTRING (-117.91524043040556 33.803377786329264, -117.92403904089018 33.803338330676866)"
619,330,31,1,977.7385585105402,0.6075400838297317,1,12600,393.5397697512999,244.53420027013496,0,1,,0.15,4,1,3156.5,2.001895725,0.149068323,"LINESTRING (-117.91536057620672 33.81808556147336, -117.91966048441746 33.81005103436679)"
620,330,46,1,923.6741895562775,0.5739459589373765,1,5400,55.42045137337665,34.43666129032642,0,1,,0.15,4,1,320.0,2.001895725,1.0,"LINESTRING (-117.91536057620672 33.81808556147336, -117.91527079333476 33.80977910660061)"
621,330,224,1,397.1644361441267,0.24678715258685344,1,1800,47.6597323372952,29.614375542157457,0,1,,0.15,4,1,1362.7,2.001895725,0.5,"LINESTRING (-117.91536057620672 33.81808556147336, -117.91928610537298 33.819542029891934)"
622,330,319,1,677.1260821447185,0.4207476867192256,1,5400,47.24967902767556,29.35958030710579,0,1,,0.15,4,1,2441.1,2.001895725,0.859848485,"LINESTRING (-117.91536057620672 33.81808556147336, -117.90803093742085 33.81809268969166)"
623,330,331,1,844.4157927173953,0.524696951991124,1,5400,120.60907252601736,74.94298000456394,0,1,,0.15,4,1,392.5,2.001895725,0.420075758,"LINESTRING (-117.91536057620672 33.81808556147336, -117.91676156011404 33.82558984161099)"
624,330,339,1,394.68667203389583,0.24524753752090664,1,5400,36.99311767157772,22.98645052070592,0,1,,0.15,4,1,628.3,2.001895725,0.640151515,"LINESTRING (-117.91536057620672 33.81808556147336, -117.91963288356789 33.81809943260116)"
625,331,330,1,844.4157927170214,0.5246969519908916,1,5400,120.60907252596394,74.94298000453074,0,1,,0.15,4,1,962.6,2.001895725,0.420075758,"LINESTRING (-117.91676156011404 33.82558984161099, -117.91536057620672 33.81808556147336)"
626,331,332,1,983.0751311029193,0.6108560845457885,1,5400,30.71988572347527,19.088446111881552,0,1,,0.15,4,1,392.5,2.001895725,1.920075758,"LINESTRING (-117.91676156011404 33.82558984161099, -117.9194941722899 33.834134456333274)"
627,332,32,1,1021.9872034701821,0.63503498544135,1,12600,411.3498493453295,255.60086723755674,0,1,,0.15,4,1,803.6,2.001895725,0.149068323,"LINESTRING (-117.9194941722899 33.834134456333274, -117.92890153413924 33.838973285819364)"
628,332,47,1,752.6593218454956,0.46768198258012333,1,5400,49.08243578647763,30.498402207079394,0,1,,0.15,4,1,0.0,2.001895725,0.920075758,"LINESTRING (-117.9194941722899 33.834134456333274, -117.92168581048163 33.84065388639736)"
629,332,320,1,567.1379906059651,0.352404085280901,1,5400,47.25652691165573,29.363835383622433,0,1,,0.15,4,1,267.6,2.001895725,0.720075758,"LINESTRING (-117.9194941722899 33.834134456333274, -117.91413991696064 33.83663125933655)"
630,332,331,1,983.0751311029421,0.6108560845458028,1,5400,30.71988572347598,19.088446111881993,0,1,,0.15,4,1,962.6,2.001895725,1.920075758,"LINESTRING (-117.9194941722899 33.834134456333274, -117.91676156011404 33.82558984161099)"
631,332,345,1,716.7564474682486,0.4453729152747391,1,5400,59.72341989062616,37.11040114085827,0,1,,0.15,4,1,350.9,2.001895725,0.720075758,"LINESTRING (-117.9194941722899 33.834134456333274, -117.92703438250138 33.832611136784784)"
632,333,32,1,1029.9110564804996,0.6399586516711818,1,12600,414.5392001815837,257.58263735603083,0,1,,0.15,4,1,591.4,2.001895725,0.149068323,"LINESTRING (-117.92378035077884 33.84720105871704, -117.92890153413924 33.838973285819364)"
633,333,47,1,753.2742762090083,0.468064098455894,1,5400,48.07358798176323,29.8715334378162,0,1,,0.15,4,1,143.1,2.001895725,0.940151515,"LINESTRING (-117.92378035077884 33.84720105871704, -117.92168581048163 33.84065388639736)"
634,333,321,1,557.2899484340572,0.3462847803658999,1,5400,46.43594307203914,28.853948382616032,0,1,,0.15,4,1,12.9,2.001895725,0.720075758,"LINESTRING (-117.92378035077884 33.84720105871704, -117.91774641018765 33.84727041435603)"
635,333,334,1,338.15106706303493,0.21011785394201038,1,5400,48.29858338024375,30.01133905356544,0,1,,0.15,4,1,649.8,2.001895725,0.420075758,"LINESTRING (-117.92378035077884 33.84720105871704, -117.92416874235712 33.85022496457656)"
636,333,358,1,1653.0767240485104,1.0271768079141204,1,5400,47.6866423497893,29.631096643530928,0,1,,0.15,4,1,0.0,2.001895725,2.079924242,"LINESTRING (-117.92378035077884 33.84720105871704, -117.941679210981 33.847030944746926)"
637,334,321,1,678.0071078173638,0.42129513205249597,1,5400,52.1594589299121,32.41037515473841,0,1,,0.15,4,1,10.2,2.001895725,0.779924242,"LINESTRING (-117.92416874235712 33.85022496457656, -117.91774641018765 33.84727041435603)"
638,334,333,1,338.1510670627788,0.2101178539418512,1,5400,48.29858338020716,30.011339053542706,0,1,,0.15,4,1,734.5,2.001895725,0.420075758,"LINESTRING (-117.92416874235712 33.85022496457656, -117.92378035077884 33.84720105871704)"
639,334,335,1,317.70607015234583,0.19741389026081863,1,5400,68.09829714262743,42.31430699381155,0,1,,0.15,4,1,1372.2,2.001895725,0.279924242,"LINESTRING (-117.92416874235712 33.85022496457656, -117.92424580516854 33.85308144301087)"
640,335,200,1,799.9011534233449,0.4970367687520008,1,1800,95.98813841080138,59.64424555245807,0,1,,0.15,4,1,909.5,2.001895725,0.5,"LINESTRING (-117.92424580516854 33.85308144301087, -117.91561694016002 33.85371209952485)"
641,335,334,1,317.70607015268143,0.19741389026102718,1,5400,68.09829714269937,42.31430699385625,0,1,,0.15,4,1,744.7,2.001895725,0.279924242,"LINESTRING (-117.92424580516854 33.85308144301087, -117.92416874235712 33.85022496457656)"
642,335,336,1,141.90182901009774,0.08817392782761738,1,5400,17.02821948121173,10.580841767260013,0,1,,0.15,4,1,1516.1,2.001895725,0.5,"LINESTRING (-117.92424580516854 33.85308144301087, -117.92424580516855 33.85435759501559)"
643,336,178,1,300.1923174420618,0.18653132181022147,1,1800,36.02307809304741,22.383696057754964,0,1,,0.15,4,1,445.0,2.001895725,0.5,"LINESTRING (-117.92424580516855 33.85435759501559, -117.9274807021107 33.85409049343321)"
644,336,335,1,141.90182901009774,0.08817392782761738,1,5400,17.02821948121173,10.580841767260013,0,1,,0.15,4,1,961.5,2.001895725,0.5,"LINESTRING (-117.92424580516855 33.85435759501559, -117.92424580516854 33.85308144301087)"
645,336,337,1,571.3248960082537,0.35500571414881493,1,5400,68.55898752099044,42.600566634905356,0,1,,0.15,4,1,1981.5,2.001895725,0.5,"LINESTRING (-117.92424580516855 33.85435759501559, -117.92427177337802 33.85949559073221)"
646,337,29,1,1766.667403473583,1.0977589592463886,1,12600,711.0836298092315,441.84674613819203,0,1,,0.15,4,1,842.0,2.001895725,0.149068323,"LINESTRING (-117.92427177337802 33.85949559073221, -117.90691017052332 33.8661731302917)"
647,337,33,1,991.8903229597464,0.6163336044339583,1,12600,399.2358549413934,248.07358242078857,0,1,,0.15,4,1,577.3,2.001895725,0.149068323,"LINESTRING (-117.92427177337802 33.85949559073221, -117.93301408007832 33.864679380251964)"
648,337,44,1,1611.3708553531976,1.0012619181485565,1,5400,32.22741710706396,20.02518239523344,0,1,,0.15,4,1,229.2,2.001895725,3.0,"LINESTRING (-117.92427177337802 33.85949559073221, -117.90682113666251 33.859584624593)"
649,337,48,1,812.6251674928917,0.5049431241955658,1,5400,48.7575100495735,30.296502777013533,0,1,,0.15,4,1,17.4,2.001895725,1.0,"LINESTRING (-117.92427177337802 33.85949559073221, -117.93307235031394 33.8595224644004)"
650,337,336,1,571.3248960082649,0.35500571414882187,1,5400,68.55898752099178,42.60056663490618,0,1,,0.15,4,1,1019.8,2.001895725,0.5,"LINESTRING (-117.92427177337802 33.85949559073221, -117.92424580516855 33.85435759501559)"
651,337,338,1,747.4709359941291,0.46445806106486465,1,5400,22.424128079823873,13.93370288908824,0,1,,0.15,4,1,734.0,2.001895725,2.0,"LINESTRING (-117.92427177337802 33.85949559073221, -117.92431629030835 33.86621764722209)"
652,338,10,1,912.7697326801557,0.567170226726581,1,5400,54.76618396080934,34.03011849391206,0,1,,0.15,4,1,734.0,2.001895725,1.0,"LINESTRING (-117.92431629030835 33.86621764722209, -117.93289692864228 33.87029465609758)"
653,338,337,1,747.470935994024,0.4644580610647993,1,5400,22.42412807982072,13.93370288908628,0,1,,0.15,4,1,69.2,2.001895725,2.0,"LINESTRING (-117.92431629030835 33.86621764722209, -117.92427177337802 33.85949559073221)"
654,339,243,1,705.2888981696353,0.4382472927843932,1,1800,84.63466778035624,52.589528153347736,0,1,,0.15,4,1,366.3,2.001895725,0.5,"LINESTRING (-117.91963288356789 33.81809943260116, -117.91399757735516 33.81382038233052)"
655,339,330,1,394.6866720338949,0.24524753752090606,1,5400,36.99311767157763,22.986450520705862,0,1,,0.15,4,1,1504.3,2.001895725,0.640151515,"LINESTRING (-117.91963288356789 33.81809943260116, -117.91536057620672 33.81808556147336)"
656,339,344,1,231.19032950071133,0.14365536772882756,1,5400,33.02123368433624,20.518436995669692,0,1,,0.15,4,1,875.1,2.001895725,0.420075758,"LINESTRING (-117.91963288356789 33.81809943260116, -117.92213530566214 33.818078304818414)"
657,340,30,1,1117.2420587244685,0.6942237555298871,1,12600,449.6899285803873,279.42428061192385,0,1,,0.15,4,1,1379.0,2.001895725,0.149068323,"LINESTRING (-117.9234866617566 33.77435815399093, -117.9321303148382 33.781382078446256)"
658,340,45,1,806.9934856488053,0.5014437506361648,1,5400,48.419609138928315,30.086540950265025,0,1,,0.15,4,1,0.0,2.001895725,1.0,"LINESTRING (-117.9234866617566 33.77435815399093, -117.92358401361528 33.7816151593887)"
659,340,325,1,308.1900348152339,0.19150088534134113,1,5400,51.38663315176673,31.930163628146445,0,1,,0.15,4,1,1545.2,2.001895725,0.359848485,"LINESTRING (-117.9234866617566 33.77435815399093, -117.92015265912902 33.774318698338526)"
660,340,351,1,1332.1433730691201,0.8277575733338638,1,5400,46.468070962806515,28.873911722230048,0,1,,0.15,4,1,270.6,2.001895725,1.720075758,"LINESTRING (-117.9234866617566 33.77435815399093, -117.93789783879484 33.77419046746826)"
661,341,30,1,1130.909699617484,0.702716454955127,1,12600,455.1911540391384,282.8425825764535,0,1,,0.15,4,1,1298.0,2.001895725,0.149068323,"LINESTRING (-117.9237825791496 33.78881865059461, -117.9321303148382 33.781382078446256)"
662,341,45,1,801.2029914898256,0.49784569543404483,1,5400,48.07217948938954,29.87065824150147,0,1,,0.15,4,1,0.0,2.001895725,1.0,"LINESTRING (-117.9237825791496 33.78881865059461, -117.92358401361528 33.7816151593887)"
663,341,327,1,816.8037565757875,0.5075395855293398,1,5400,49.008225394547246,30.452290021635218,0,1,,0.15,4,1,1076.892046,2.001895725,1.0,"LINESTRING (-117.9237825791496 33.78881865059461, -117.91494451301256 33.78873973928981)"
664,341,342,1,789.7283608560061,0.49071567279506273,1,5400,47.38370165136037,29.442858078807443,0,1,,0.15,4,1,599.2141154,2.001895725,1.0,"LINESTRING (-117.9237825791496 33.78881865059461, -117.9238417626282 33.79592066802615)"
665,341,353,1,1611.7862360817574,1.001520024408613,1,5400,48.35358708245272,30.045516759010727,0,1,,0.15,4,1,413.3057011,2.001895725,2.0,"LINESTRING (-117.9237825791496 33.78881865059461, -117.94122197750929 33.78862137233261)"
666,342,328,1,813.3375035555074,0.5053857504042076,1,5400,48.80025021333044,30.323060275307352,0,1,,0.15,4,1,1124.469033,2.001895725,1.0,"LINESTRING (-117.9238417626282 33.79592066802615, -117.91504315214355 33.796117946288135)"
667,342,341,1,789.7283608561347,0.4907156727951426,1,5400,47.38370165136808,29.442858078812236,0,1,,0.15,4,1,811.1075342,2.001895725,1.0,"LINESTRING (-117.9238417626282 33.79592066802615, -117.9237825791496 33.78881865059461)"
668,342,343,1,825.0090306432847,0.5126381191316222,1,5400,49.50054183859708,30.758201182790906,0,1,,0.15,4,1,411.4898951,2.001895725,1.0,"LINESTRING (-117.9238417626282 33.79592066802615, -117.92403904089018 33.803338330676866)"
669,342,354,1,1620.6708001994634,1.0070406503283729,1,5400,48.620124005983904,30.211135073722225,0,1,,0.15,4,1,398.2942989,2.001895725,2.0,"LINESTRING (-117.9238417626282 33.79592066802615, -117.94137980011884 33.795802301068946)"
670,343,329,1,812.9837559117838,0.5051659412627436,1,5400,48.779025354707024,30.30987176367966,0,1,,0.15,4,1,1230.989895,2.001895725,1.0,"LINESTRING (-117.92403904089018 33.803338330676866, -117.91524043040556 33.803377786329264)"
671,343,342,1,825.0090306430963,0.512638119131505,1,5400,49.500541838585775,30.758201182783882,0,1,,0.15,4,1,761.8840506,2.001895725,1.0,"LINESTRING (-117.92403904089018 33.803338330676866, -117.9238417626282 33.79592066802615)"
672,343,344,1,1648.4229728663777,1.0242850938063914,1,5400,49.45268918599133,30.72846693218862,0,1,,0.15,4,1,74.3,2.001895725,2.0,"LINESTRING (-117.92403904089018 33.803338330676866, -117.92213530566214 33.818078304818414)"
673,343,355,1,1601.554870369583,0.9951625326963744,1,5400,48.04664611108749,29.854792540692547,0,1,,0.15,4,1,613.3687336,2.001895725,2.0,"LINESTRING (-117.92403904089018 33.803338330676866, -117.94136993620587 33.80310159676254)"
674,344,339,1,231.19032950070954,0.14365536772882645,1,5400,33.02123368433598,20.518436995669532,0,1,,0.15,4,1,244.7,2.001895725,0.420075758,"LINESTRING (-117.92213530566214 33.818078304818414, -117.91963288356789 33.81809943260116)"
675,344,343,1,1648.4229728660525,1.0242850938061894,1,5400,49.452689185981576,30.72846693218256,0,1,,0.15,4,1,652.1,2.001895725,2.0,"LINESTRING (-117.92213530566214 33.818078304818414, -117.92403904089018 33.803338330676866)"
676,344,356,1,1801.3451018107737,1.1193067355628854,1,5400,54.04035305432321,33.57910821771787,0,1,,0.15,4,1,336.3,2.001895725,2.0,"LINESTRING (-117.92213530566214 33.818078304818414, -117.94163297388852 33.81789746641159)"
677,345,332,1,716.7564474682714,0.4453729152747533,1,5400,59.723419890628065,37.11040114085945,0,1,,0.15,4,1,180.5,2.001895725,0.720075758,"LINESTRING (-117.92703438250138 33.832611136784784, -117.9194941722899 33.834134456333274)"
678,345,346,1,288.70957856950196,0.17939626093274386,1,5400,27.060116719664588,16.814371786214704,0,1,,0.15,4,1,350.9,2.001895725,0.640151515,"LINESTRING (-117.92703438250138 33.832611136784784, -117.93016000996474 33.83259264194772)"
679,346,222,1,230.8306869952196,0.14343189568097459,1,1800,27.69968243942635,17.21177937706879,0,1,,0.15,4,1,183.3,2.001895725,0.5,"LINESTRING (-117.93016000996474 33.83259264194772, -117.93264140060369 33.83283923977522)"
680,346,345,1,288.70957856950184,0.17939626093274377,1,5400,27.060116719664578,16.8143717862147,0,1,,0.15,4,1,180.5,2.001895725,0.640151515,"LINESTRING (-117.93016000996474 33.83259264194772, -117.92703438250138 33.832611136784784)"
681,346,347,1,439.4185259851909,0.2730426920260423,1,5400,24.413852873868034,15.170060174088254,0,1,,0.15,4,1,785.5,2.001895725,1.079924242,"LINESTRING (-117.93016000996474 33.83259264194772, -117.93491482065316 33.83246356339746)"
682,347,245,1,312.4187094216971,0.1941284684539607,1,1800,37.49024513060365,23.29535110704832,0,1,,0.15,4,1,1241.9,2.001895725,0.5,"LINESTRING (-117.93491482065316 33.83246356339746, -117.93165809176668 33.83170488976879)"
683,347,346,1,439.4185259851871,0.27304269202604,1,5400,24.41385287386782,15.170060174088123,0,1,,0.15,4,1,180.5,2.001895725,1.079924242,"LINESTRING (-117.93491482065316 33.83246356339746, -117.93016000996474 33.83259264194772)"
684,347,357,1,597.7537907751899,0.37142790881677584,1,5400,128.12476400851128,79.61301273673266,0,1,,0.15,4,1,785.5,2.001895725,0.279924242,"LINESTRING (-117.93491482065316 33.83246356339746, -117.94138637606105 33.832463178088325)"
685,348,18,1,1133.2841801637255,0.7041918924302668,1,5400,67.99705080982353,42.25139545875086,0,1,,0.15,4,1,523.5,2.001895725,1.0,"LINESTRING (-117.93764137705412 33.759522828689505, -117.92880331091712 33.75246026691036)"
686,348,349,1,640.6355397484199,0.39807345852860176,1,5400,19.219066192452598,11.942170379070463,0,1,,0.15,4,1,683.0,2.001895725,2.0,"LINESTRING (-117.93764137705412 33.759522828689505, -117.93775974401136 33.76528335393952)"
687,349,156,1,296.04660012083036,0.1839552860929514,1,1800,35.525592014499644,22.07457263564166,0,1,,0.15,4,1,0.0,2.001895725,0.5,"LINESTRING (-117.93775974401136 33.76528335393952, -117.93464274747195 33.76589491655169)"
688,349,348,1,640.6355397484559,0.39807345852862414,1,5400,19.219066192453678,11.942170379071134,0,1,,0.15,4,1,523.5,2.001895725,2.0,"LINESTRING (-117.93775974401136 33.76528335393952, -117.93764137705412 33.759522828689505)"
689,349,350,1,180.97507608518077,0.11245297829245579,1,5400,21.71700913022169,13.494319680254982,0,1,,0.15,4,1,765.8,2.001895725,0.5,"LINESTRING (-117.93775974401136 33.76528335393952, -117.9377597440114 33.76691089960093)"
690,350,126,1,263.8542951821771,0.16395186547415533,1,1800,31.66251542186125,19.67416887019735,0,1,,0.15,4,1,637.3,2.001895725,0.5,"LINESTRING (-117.9377597440114 33.76691089960093, -117.94045868813492 33.76613847911729)"
691,350,349,1,180.97507608518077,0.11245297829245579,1,5400,21.71700913022169,13.494319680254982,0,1,,0.15,4,1,28.1,2.001895725,0.5,"LINESTRING (-117.9377597440114 33.76691089960093, -117.93775974401136 33.76528335393952)"
692,350,351,1,809.5527964974228,0.5030340366221078,1,5400,56.49038015092318,35.101484004759286,0,1,,0.15,4,1,188.0,2.001895725,0.859848485,"LINESTRING (-117.9377597440114 33.76691089960093, -117.93789783879484 33.77419046746826)"
693,351,340,1,1332.1433730691238,0.827757573333866,1,5400,46.46807096280665,28.87391172223013,0,1,,0.15,4,1,11.0,2.001895725,1.720075758,"LINESTRING (-117.93789783879484 33.77419046746826, -117.9234866617566 33.77435815399093)"
694,351,350,1,809.5527964974987,0.5030340366221548,1,5400,56.49038015092847,35.101484004762575,0,1,,0.15,4,1,87.6,2.001895725,0.859848485,"LINESTRING (-117.93789783879484 33.77419046746826, -117.9377597440114 33.76691089960093)"
695,351,352,1,672.3611296722518,0.4177868751614027,1,5400,56.02419930422807,34.8118127458675,0,1,,0.15,4,1,116.6,2.001895725,0.720075758,"LINESTRING (-117.93789783879484 33.77419046746826, -117.94085701272462 33.77971425880391)"
696,351,367,1,1584.6058942549853,0.9846309010246346,1,5400,47.53817682764956,29.538844473573434,0,1,,0.15,4,1,342.0,2.001895725,2.0,"LINESTRING (-117.93789783879484 33.77419046746826, -117.95504131976143 33.77408196442417)"
697,352,351,1,672.3611296723802,0.41778687516148255,1,5400,56.024199304238785,34.81181274587416,0,1,,0.15,4,1,87.6,2.001895725,0.720075758,"LINESTRING (-117.94085701272462 33.77971425880391, -117.93789783879484 33.77419046746826)"
698,352,353,1,991.0014053579027,0.6157812552710445,1,5400,41.87106496713689,26.017465509694816,0,1,,0.15,4,1,116.6,2.001895725,1.420075758,"LINESTRING (-117.94085701272462 33.77971425880391, -117.94122197750929 33.78862137233261)"
699,353,341,1,1611.7862360817546,1.0015200244086115,1,5400,48.353587082452634,30.045516759010678,0,1,,0.15,4,1,1063.606161,2.001895725,2.0,"LINESTRING (-117.94122197750929 33.78862137233261, -117.9237825791496 33.78881865059461)"
700,353,352,1,991.0014053577946,0.6157812552709774,1,5400,41.87106496713232,26.017465509691977,0,1,,0.15,4,1,87.6,2.001895725,1.420075758,"LINESTRING (-117.94122197750929 33.78862137233261, -117.94085701272462 33.77971425880391)"
701,353,354,1,798.6171529824902,0.49623892588420737,1,5400,47.91702917894941,29.774252337952976,0,1,,0.15,4,1,587.324113,2.001895725,1.0,"LINESTRING (-117.94122197750929 33.78862137233261, -117.94137980011884 33.795802301068946)"
702,353,369,1,1615.2913809436834,1.0036980258638222,1,5400,48.4587414283105,30.110856620050725,0,1,,0.15,4,1,688.1392372,2.001895725,2.0,"LINESTRING (-117.94122197750929 33.78862137233261, -117.95870083152133 33.788581916680215)"
703,354,342,1,1620.670800199463,1.0070406503283726,1,5400,48.62012400598389,30.211135073722215,0,1,,0.15,4,1,936.7448127,2.001895725,2.0,"LINESTRING (-117.94137980011884 33.795802301068946, -117.9238417626282 33.79592066802615)"
704,354,353,1,798.6171529823324,0.49623892588410934,1,5400,47.91702917893994,29.77425233794709,0,1,,0.15,4,1,362.4335361,2.001895725,1.0,"LINESTRING (-117.94137980011884 33.795802301068946, -117.94122197750929 33.78862137233261)"
705,354,355,1,811.64630753445,0.5043348873043919,1,5400,48.698778452066996,30.26000866553932,0,1,,0.15,4,1,513.2118078,2.001895725,1.0,"LINESTRING (-117.94137980011884 33.795802301068946, -117.94136993620587 33.80310159676254)"
706,354,370,1,1589.628020321098,0.9877515132421353,1,5400,47.68884060963293,29.632462578448227,0,1,,0.15,4,1,263.9607628,2.001895725,2.0,"LINESTRING (-117.94137980011884 33.795802301068946, -117.95858246456416 33.795802301068946)"
707,355,343,1,1601.5548703695908,0.9951625326963793,1,5400,48.046646111087725,29.854792540692692,0,1,,0.15,4,1,893.8,2.001895725,2.0,"LINESTRING (-117.94136993620587 33.80310159676254, -117.92403904089018 33.803338330676866)"
708,355,354,1,811.6463075347376,0.5043348873045707,1,5400,48.698778452084255,30.260008665550046,0,1,,0.15,4,1,228.1,2.001895725,1.0,"LINESTRING (-117.94136993620587 33.80310159676254, -117.94137980011884 33.795802301068946)"
709,355,356,1,1645.4074404797075,1.02241132419483,1,5400,49.36222321439122,30.672254000949486,0,1,,0.15,4,1,312.2324819,2.001895725,2.0,"LINESTRING (-117.94136993620587 33.80310159676254, -117.94163297388852 33.81789746641159)"
710,355,371,1,1610.1509990485204,1.0005039326981997,1,5400,48.30452997145561,30.015034092893345,0,1,,0.15,4,1,574.9687336,2.001895725,2.0,"LINESTRING (-117.94136993620587 33.80310159676254, -117.95879618268144 33.80310159676254)"
711,356,344,1,1801.345101810773,1.119306735562885,1,5400,54.04035305432319,33.57910821771785,0,1,,0.15,4,1,283.7,2.001895725,2.0,"LINESTRING (-117.94163297388852 33.81789746641159, -117.92213530566214 33.818078304818414)"
712,356,355,1,1645.4074404798412,1.022411324194913,1,5400,49.362223214395236,30.672254000951984,0,1,,0.15,4,1,189.7,2.001895725,2.0,"LINESTRING (-117.94163297388852 33.81789746641159, -117.94136993620587 33.80310159676254)"
713,356,357,1,1619.7957104122372,1.0064968933924698,1,5400,48.59387131236711,30.194822411236867,0,1,,0.15,4,1,347.1146546,2.001895725,2.0,"LINESTRING (-117.94163297388852 33.81789746641159, -117.94138637606105 33.832463178088325)"
714,356,372,1,1597.8750034687084,0.9928759637296709,1,5400,47.93625010406125,29.786195663410645,0,1,,0.15,4,1,362.0853454,2.001895725,2.0,"LINESTRING (-117.94163297388852 33.81789746641159, -117.95892770152275 33.8177001881496)"
715,357,347,1,597.7537907751902,0.37142790881677595,1,5400,128.1247640085113,79.61301273673268,0,1,,0.15,4,1,1422.4,2.001895725,0.279924242,"LINESTRING (-117.94138637606105 33.832463178088325, -117.93491482065316 33.83246356339746)"
716,357,356,1,1619.7957104126579,1.0064968933927312,1,5400,48.59387131237973,30.194822411244708,0,1,,0.15,4,1,189.7,2.001895725,2.0,"LINESTRING (-117.94138637606105 33.832463178088325, -117.94163297388852 33.81789746641159)"
717,357,358,1,1620.0898001452015,1.0066796327346625,1,5400,48.602694004356046,30.20030457618072,0,1,,0.15,4,1,287.3,2.001895725,2.0,"LINESTRING (-117.94138637606105 33.832463178088325, -117.941679210981 33.847030944746926)"
718,357,373,1,1626.3396482267415,1.0105631179407346,1,5400,48.790189446802245,30.31680880674896,0,1,,0.15,4,1,691.4146546,2.001895725,2.0,"LINESTRING (-117.94138637606105 33.832463178088325, -117.95899346094346 33.83236453895732)"
719,358,333,1,1653.0767240485059,1.0271768079141177,1,5400,47.686642349789174,29.63109664353085,0,1,,0.15,4,1,0.0,2.001895725,2.079924242,"LINESTRING (-117.941679210981 33.847030944746926, -117.92378035077884 33.84720105871704)"
720,358,357,1,1620.0898001451992,1.006679632734661,1,5400,48.602694004355975,30.200304576180677,0,1,,0.15,4,1,408.7,2.001895725,2.0,"LINESTRING (-117.941679210981 33.847030944746926, -117.94138637606105 33.832463178088325)"
721,358,359,1,707.5731279445092,0.4396666508907436,1,5400,58.95822377715783,36.63493046663634,0,1,,0.15,4,1,287.3,2.001895725,0.720075758,"LINESTRING (-117.941679210981 33.847030944746926, -117.94182999267518 33.85339306152366)"
722,358,363,1,1467.759693997385,0.9120258578034381,1,5400,51.19866449501063,31.813365355929253,0,1,,0.15,4,1,0.0,2.001895725,1.720075758,"LINESTRING (-117.941679210981 33.847030944746926, -117.95757244096237 33.84698162518142)"
723,359,202,1,262.96844618972204,0.16340142306145505,1,1800,31.556213542766645,19.608115965282455,0,1,,0.15,4,1,0.0,2.001895725,0.5,"LINESTRING (-117.94182999267518 33.85339306152366, -117.939040265037 33.853867908781226)"
724,359,358,1,707.5731279442531,0.43966665089058443,1,5400,58.958223777136496,36.63493046662308,0,1,,0.15,4,1,408.7,2.001895725,0.720075758,"LINESTRING (-117.94182999267518 33.85339306152366, -117.941679210981 33.847030944746926)"
725,359,360,1,145.30528546094743,0.0902887428765503,1,5400,17.43663425531369,10.834618863858523,0,1,,0.15,4,1,740.0,2.001895725,0.5,"LINESTRING (-117.94182999267518 33.85339306152366, -117.941770636768 33.85469889148196)"
726,360,176,1,298.1955759497955,0.18529060108478976,1,1800,35.78346911397546,22.234809986820043,0,1,,0.15,4,1,563.6,2.001895725,0.5,"LINESTRING (-117.941770636768 33.85469889148196, -117.94497585575655 33.85437243399239)"
727,360,359,1,145.3052854609907,0.09028874287657718,1,5400,17.436634255318882,10.834618863861749,0,1,,0.15,4,1,408.7,2.001895725,0.5,"LINESTRING (-117.941770636768 33.85469889148196, -117.94182999267518 33.85339306152366)"
728,360,361,1,509.8639365322768,0.3168155495621042,1,5400,61.183672383873215,38.01775969283968,0,1,,0.15,4,1,740.0,2.001895725,0.5,"LINESTRING (-117.941770636768 33.85469889148196, -117.9418003147216 33.85928413531282)"
729,361,33,1,1008.9953826942528,0.626962222211747,1,12600,406.12064148367165,252.35158911935054,0,1,,0.15,4,1,458.9,2.001895725,0.149068323,"LINESTRING (-117.9418003147216 33.85928413531282, -117.93301408007832 33.864679380251964)"
730,361,48,1,806.3514418076763,0.5010448020975533,1,5400,48.38108650846058,30.062604104848656,0,1,,0.15,4,1,107.2,2.001895725,1.0,"LINESTRING (-117.9418003147216 33.85928413531282, -117.93307235031394 33.8595224644004)"
731,361,360,1,509.86393653232096,0.3168155495621317,1,5400,61.183672383878516,38.01775969284298,0,1,,0.15,4,1,972.3,2.001895725,0.5,"LINESTRING (-117.9418003147216 33.85928413531282, -117.941770636768 33.85469889148196)"
732,361,362,1,821.7288676565541,0.5105999152799,1,5400,24.651866029696624,15.31795464673862,0,1,,0.15,4,1,425.4,2.001895725,2.0,"LINESTRING (-117.9418003147216 33.85928413531282, -117.9418596706288 33.866673945758656)"
733,361,378,1,1617.1058852660276,1.00482550938026,1,5400,48.51317655798083,30.144681031009107,0,1,,0.15,4,1,71.7,2.001895725,2.0,"LINESTRING (-117.9418003147216 33.85928413531282, -117.95931301062797 33.85919643756945)"
734,362,10,1,920.2488766893499,0.571817562907372,1,5400,55.21493260136099,34.30895788544028,0,1,,0.15,4,1,425.4,2.001895725,1.0,"LINESTRING (-117.9418596706288 33.866673945758656, -117.93289692864228 33.87029465609758)"
735,362,361,1,821.7288676566479,0.5105999152799583,1,5400,24.651866029699438,15.31795464674037,0,1,,0.15,4,1,80.1,2.001895725,2.0,"LINESTRING (-117.9418596706288 33.866673945758656, -117.9418003147216 33.85928413531282)"
736,363,358,1,1467.759693997384,0.9120258578034375,1,5400,51.1986644950106,31.81336535592923,0,1,,0.15,4,1,0.0,2.001895725,1.720075758,"LINESTRING (-117.95757244096237 33.84698162518142, -117.941679210981 33.847030944746926)"
737,363,375,1,141.25535251094584,0.08777222495615958,1,5400,30.277196037407688,18.81337157896005,0,1,,0.15,4,1,0.0,2.001895725,0.279924242,"LINESTRING (-117.95757244096237 33.84698162518142, -117.95910134749276 33.84701861485555)"
738,364,19,1,1154.0295372055132,0.7170824917080998,1,5400,69.24177223233079,43.024829253775614,0,1,,0.15,4,1,1110.7,2.001895725,1.0,"LINESTRING (-117.9548243136732 33.75944391738471, -117.96360319633168 33.75206571038639)"
739,364,365,1,590.3166499410071,0.3668066722637896,1,5400,17.709499498230212,11.004169412714806,0,1,,0.15,4,1,746.9,2.001895725,2.0,"LINESTRING (-117.9548243136732 33.75944391738471, -117.955001864109 33.76475070263217)"
740,365,158,1,171.19323418575763,0.10637480842193549,1,1800,20.543188102290916,12.76494133430861,0,1,,0.15,4,1,1338.149026,2.001895725,0.5,"LINESTRING (-117.955001864109 33.76475070263217, -117.9536209162751 33.765776549594506)"
741,365,364,1,590.3166499411401,0.36680667226387226,1,5400,17.7094994982342,11.004169412717284,0,1,,0.15,4,1,1110.7,2.001895725,2.0,"LINESTRING (-117.955001864109 33.76475070263217, -117.9548243136732 33.75944391738471)"
742,365,366,1,222.65605149736467,0.1383524000505578,1,5400,26.71872617968376,16.602241604996276,0,1,,0.15,4,1,85.2,2.001895725,0.5,"LINESTRING (-117.955001864109 33.76475070263217, -117.95499200019592 33.76675307699134)"
743,366,124,1,632.2198845343472,0.3928441998175322,1,1800,75.86638614412166,47.141172224759025,0,1,,0.15,4,1,0.0,2.001895725,0.5,"LINESTRING (-117.95499200019592 33.76675307699134, -117.96176850849515 33.7659836917696)"
744,366,365,1,222.6560514976098,0.13835240005071012,1,5400,26.718726179713176,16.602241605014555,0,1,,0.15,4,1,1787.149026,2.001895725,0.5,"LINESTRING (-117.95499200019592 33.76675307699134, -117.955001864109 33.76475070263217)"
745,366,367,1,814.94900252876,0.506387091931326,1,5400,56.86692598141358,35.33545866399694,0,1,,0.15,4,1,200.3,2.001895725,0.859848485,"LINESTRING (-117.95499200019592 33.76675307699134, -117.95504131976143 33.77408196442417)"
746,367,351,1,1584.6058942549878,0.9846309010246361,1,5400,47.53817682764963,29.538844473573477,0,1,,0.15,4,1,11.0,2.001895725,2.0,"LINESTRING (-117.95504131976143 33.77408196442417, -117.93789783879484 33.77419046746826)"
747,367,366,1,814.9490025290235,0.5063870919314897,1,5400,56.866925981431955,35.33545866400836,0,1,,0.15,4,1,1016.449026,2.001895725,0.859848485,"LINESTRING (-117.95504131976143 33.77408196442417, -117.95499200019592 33.76675307699134)"
748,367,368,1,684.2962196832351,0.4252030147036892,1,5400,57.01868549919175,35.429757627318274,0,1,,0.15,4,1,282.8,2.001895725,0.720075758,"LINESTRING (-117.95504131976143 33.77408196442417, -117.95876987891306 33.779398613584725)"
749,367,384,1,1854.006309467919,1.1520289742800895,1,5400,48.791260919482404,30.3174745887997,0,1,,0.15,4,1,259.5,2.001895725,2.279924242,"LINESTRING (-117.95504131976143 33.77408196442417, -117.97509958704892 33.77398332529316)"
750,368,367,1,684.296219683456,0.4252030147038265,1,5400,57.01868549921015,35.429757627329714,0,1,,0.15,4,1,1016.449026,2.001895725,0.720075758,"LINESTRING (-117.95876987891306 33.779398613584725, -117.95504131976143 33.77408196442417)"
751,368,369,1,1021.1580951939671,0.6345198001627793,1,5400,43.14522332099273,26.809190560188572,0,1,,0.15,4,1,282.8,2.001895725,1.420075758,"LINESTRING (-117.95876987891306 33.779398613584725, -117.95870083152133 33.788581916680215)"
752,369,34,1,1141.0788640346852,0.7090352964784852,1,12600,459.28424271655024,285.38590918102557,0,1,,0.15,4,1,1355.4,2.001895725,0.149068323,"LINESTRING (-117.95870083152133 33.788581916680215, -117.9672381317938 33.7811684209157)"
753,369,49,1,794.4801300758087,0.4936682926390997,1,5400,47.66880780454852,29.62001477432012,0,1,,0.15,4,1,95.5,2.001895725,1.0,"LINESTRING (-117.95870083152133 33.788581916680215, -117.96729640202942 33.788452200367054)"
754,369,353,1,1615.2913809436834,1.0036980258638222,1,5400,48.4587414283105,30.110856620050725,0,1,,0.15,4,1,1534.330274,2.001895725,2.0,"LINESTRING (-117.95870083152133 33.788581916680215, -117.94122197750929 33.78862137233261)"
755,369,368,1,1021.1580951943727,0.6345198001630313,1,5400,43.145223321009865,26.809190560199223,0,1,,0.15,4,1,1016.449026,2.001895725,1.420075758,"LINESTRING (-117.95870083152133 33.788581916680215, -117.95876987891306 33.779398613584725)"
756,369,370,1,802.9457543198222,0.49892860074305134,1,5400,48.17674525918933,29.935632378447735,0,1,,0.15,4,1,1782.5207,2.001895725,1.0,"LINESTRING (-117.95870083152133 33.788581916680215, -117.95858246456416 33.795802301068946)"
757,370,354,1,1589.628020321098,0.9877515132421353,1,5400,47.68884060963293,29.632462578448227,0,1,,0.15,4,1,862.6325076,2.001895725,2.0,"LINESTRING (-117.95858246456416 33.795802301068946, -117.94137980011884 33.795802301068946)"
758,370,369,1,802.9457543199508,0.4989286007431313,1,5400,48.17674525919704,29.935632378452524,0,1,,0.15,4,1,821.7607628,2.001895725,1.0,"LINESTRING (-117.95858246456416 33.795802301068946, -117.95870083152133 33.788581916680215)"
759,370,371,1,811.8860020957557,0.5044838269699105,1,5400,48.71316012574534,30.268945020494506,0,1,,0.15,4,1,919.8881922,2.001895725,1.0,"LINESTRING (-117.95858246456416 33.795802301068946, -117.95879618268144 33.80310159676254)"
760,370,386,1,1575.4381947899942,0.9789343425192901,1,5400,47.263145843699824,29.367948196045603,0,1,,0.15,4,1,0.0,2.001895725,2.0,"LINESTRING (-117.95858246456416 33.795802301068946, -117.97562730639984 33.79548665584977)"
761,371,355,1,1610.1509990485204,1.0005039326981997,1,5400,48.30452997145561,30.015034092893345,0,1,,0.15,4,1,692.8206741,2.001895725,2.0,"LINESTRING (-117.95879618268144 33.80310159676254, -117.94136993620587 33.80310159676254)"
762,371,370,1,811.8860020954055,0.504483826969693,1,5400,48.71316012572433,30.268945020481453,0,1,,0.15,4,1,557.8,2.001895725,1.0,"LINESTRING (-117.95879618268144 33.80310159676254, -117.95858246456416 33.795802301068946)"
763,371,372,1,1623.3370688463997,1.0086973969741633,1,5400,48.70011206539199,30.260837334184686,0,1,,0.15,4,1,689.3675181,2.001895725,2.0,"LINESTRING (-117.95879618268144 33.80310159676254, -117.95892770152275 33.8177001881496)"
764,371,387,1,1573.7123424090098,0.9778619449022643,1,5400,47.211370272270294,29.335776357450865,0,1,,0.15,4,1,574.9687336,2.001895725,2.0,"LINESTRING (-117.95879618268144 33.80310159676254, -117.975827872633 33.803035837341874)"
765,372,356,1,1597.875003468713,0.9928759637296738,1,5400,47.936250104061386,29.786195663410727,0,1,,0.15,4,1,344.3675181,2.001895725,2.0,"LINESTRING (-117.95892770152275 33.8177001881496, -117.94163297388852 33.81789746641159)"
766,372,371,1,1623.3370688459695,1.008697396973896,1,5400,48.70011206537908,30.260837334176664,0,1,,0.15,4,1,557.8,2.001895725,2.0,"LINESTRING (-117.95892770152275 33.8177001881496, -117.95879618268144 33.80310159676254)"
767,372,373,1,1630.6150304163016,1.0132197238720853,1,5400,48.91845091248904,30.39650676194423,0,1,,0.15,4,1,689.3853454,2.001895725,2.0,"LINESTRING (-117.95892770152275 33.8177001881496, -117.95899346094346 33.83236453895732)"
768,372,388,1,1567.5065473582765,0.9740058330485023,1,5400,47.025196420748294,29.22009332515679,0,1,,0.15,4,1,301.4,2.001895725,2.0,"LINESTRING (-117.95892770152275 33.8177001881496, -117.97589363205368 33.817502909887615)"
769,373,35,1,1149.7372195702505,0.7144153625525064,1,12600,462.7692308191797,287.5513797233445,0,1,,0.15,4,1,851.8,2.001895725,0.149068323,"LINESTRING (-117.95899346094346 33.83236453895732, -117.96753919467788 33.82484681835903)"
770,373,50,1,796.5185036527847,0.49493488240694,1,5400,47.79111021916708,29.696009947994067,0,1,,0.15,4,1,275.0,2.001895725,1.0,"LINESTRING (-117.95899346094346 33.83236453895732, -117.96761688832537 33.83234425534096)"
771,373,357,1,1626.339648226741,1.0105631179407342,1,5400,48.79018944680223,30.31680880674895,0,1,,0.15,4,1,1049.5,2.001895725,2.0,"LINESTRING (-117.95899346094346 33.83236453895732, -117.94138637606105 33.832463178088325)"
772,373,372,1,1630.615030416479,1.0132197238721956,1,5400,48.918450912494365,30.396506761947535,0,1,,0.15,4,1,557.8,2.001895725,2.0,"LINESTRING (-117.95899346094346 33.83236453895732, -117.95892770152275 33.8177001881496)"
773,373,374,1,1389.9696878617253,0.8636892688069181,1,5400,58.72798039251052,36.491863904474656,0,1,,0.15,4,1,1288.3,2.001895725,1.420075758,"LINESTRING (-117.95899346094346 33.83236453895732, -117.95886332279274 33.84486435164696)"
774,374,247,1,498.80718818329,0.3099451875820461,1,1800,59.8568625819948,37.19331855943669,0,1,,0.15,4,1,491.5329437,2.001895725,0.5,"LINESTRING (-117.95886332279274 33.84486435164696, -117.9543543393137 33.842394905590226)"
775,374,373,1,1389.9696878615887,0.8636892688068332,1,5400,58.72798039250474,36.49186390447106,0,1,,0.15,4,1,823.8,2.001895725,1.420075758,"LINESTRING (-117.95886332279274 33.84486435164696, -117.95899346094346 33.83236453895732)"
776,374,375,1,240.54996588616973,0.14947119060370695,1,5400,24.887729996240065,15.464513675493686,0,1,,0.15,4,1,1288.3,2.001895725,0.579924242,"LINESTRING (-117.95886332279274 33.84486435164696, -117.95910134749276 33.84701861485555)"
777,375,219,1,486.70918289790495,0.30242781692986254,1,1800,58.40510194774859,36.29123660237449,0,1,,0.15,4,1,680.9,2.001895725,0.5,"LINESTRING (-117.95910134749276 33.84701861485555, -117.96413781913714 33.8483078591223)"
778,375,363,1,141.25535251094317,0.08777222495615791,1,5400,30.277196037407112,18.813371578959696,0,1,,0.15,4,1,0.0,2.001895725,0.279924242,"LINESTRING (-117.95910134749276 33.84701861485555, -117.95757244096237 33.84698162518142)"
779,375,374,1,240.54996588573826,0.14947119060343886,1,5400,24.887729996195425,15.464513675465948,0,1,,0.15,4,1,851.0329437,2.001895725,0.579924242,"LINESTRING (-117.95910134749276 33.84701861485555, -117.95886332279274 33.84486435164696)"
780,375,376,1,693.4428633364435,0.43088648970164384,1,5400,57.78082561166655,35.903329391146855,0,1,,0.15,4,1,607.4,2.001895725,0.720075758,"LINESTRING (-117.95910134749276 33.84701861485555, -117.95926369106247 33.85325342992709)"
781,375,390,1,1565.2619264356942,0.9726110868030959,1,5400,46.95785779307083,29.178251054738215,0,1,,0.15,4,1,0.0,2.001895725,2.0,"LINESTRING (-117.95910134749276 33.84701861485555, -117.97604570071384 33.84668570778843)"
782,376,204,1,291.54943581563174,0.1811608708014663,1,1800,34.985932297875806,21.739243737863386,0,1,,0.15,4,1,1673.9,2.001895725,0.5,"LINESTRING (-117.95926369106247 33.85325342992709, -117.95618121821892 33.853820604930306)"
783,376,375,1,693.4428633366416,0.430886489701767,1,5400,57.78082561168306,35.903329391157115,0,1,,0.15,4,1,851.0329437,2.001895725,0.720075758,"LINESTRING (-117.95926369106247 33.85325342992709, -117.95910134749276 33.84701861485555)"
784,376,377,1,150.82975417203644,0.09372149711809591,1,5400,18.099570500644372,11.246548221555894,0,1,,0.15,4,1,0.0,2.001895725,0.5,"LINESTRING (-117.95926369106247 33.85325342992709, -117.95923903127972 33.854609717978256)"
785,377,174,1,300.06773740886405,0.18645391117406146,1,1800,36.00812848906369,22.37440680737799,0,1,,0.15,4,1,0.0,2.001895725,0.5,"LINESTRING (-117.95923903127972 33.854609717978256, -117.96239548347152 33.8539685636268)"
786,377,376,1,150.82975417196144,0.0937214971180493,1,5400,18.099570500635373,11.246548221550302,0,1,,0.15,4,1,1917.532944,2.001895725,0.5,"LINESTRING (-117.95923903127972 33.854609717978256, -117.95926369106247 33.85325342992709)"
787,377,378,1,510.066415965031,0.31694136476135004,1,5400,61.207969915803716,38.03285747455287,0,1,,0.15,4,1,545.1,2.001895725,0.5,"LINESTRING (-117.95923903127972 33.854609717978256, -117.95931301062797 33.85919643756945)"
788,378,36,1,1016.1124882774915,0.6313845975850296,1,12600,408.98527648056717,254.13159023200652,0,1,,0.15,4,1,400.0,2.001895725,0.149068323,"LINESTRING (-117.95931301062797 33.85919643756945, -117.96806362679824 33.86473765048758)"
789,378,51,1,808.0137702306247,0.5020777276589314,1,5400,48.48082621383748,30.12457946531841,0,1,,0.15,4,1,0.0,2.001895725,1.0,"LINESTRING (-117.95931301062797 33.85919643756945, -117.96806362679824 33.85917284298674)"
790,378,361,1,1617.1058852660262,1.0048255093802592,1,5400,48.513176557980785,30.14468103100908,0,1,,0.15,4,1,217.9,2.001895725,2.0,"LINESTRING (-117.95931301062797 33.85919643756945, -117.9418003147216 33.85928413531282)"
791,378,377,1,510.0664159649183,0.31694136476128,1,5400,61.207969915790194,38.03285747454447,0,1,,0.15,4,1,1592.632944,2.001895725,0.5,"LINESTRING (-117.95931301062797 33.85919643756945, -117.95923903127972 33.854609717978256)"
792,378,379,1,817.1330612869367,0.5077442064988982,1,5400,24.5139918386081,15.232283622747753,0,1,,0.15,4,1,229.7,2.001895725,2.0,"LINESTRING (-117.95931301062797 33.85919643756945, -117.9593376704107 33.86654505282847)"
793,379,9,1,911.5397933298678,0.5664059759465793,1,5400,54.69238759979207,33.9842635752704,0,1,,0.15,4,1,229.7,2.001895725,1.0,"LINESTRING (-117.9593376704107 33.86654505282847, -117.9682645117656 33.87004674197874)"
794,379,378,1,817.1330612869315,0.507744206498895,1,5400,24.513991838607943,15.232283622747657,0,1,,0.15,4,1,1187.032944,2.001895725,2.0,"LINESTRING (-117.9593376704107 33.86654505282847, -117.95931301062797 33.85919643756945)"
795,380,19,1,1139.0305200143478,0.7077625113489678,1,5400,68.34183120086087,42.465631995110115,0,1,,0.15,4,1,191.5,2.001895725,1.0,"LINESTRING (-117.97234262333764 33.75928609477511, -117.96360319633168 33.75206571038639)"
796,380,381,1,649.5910596138106,0.4036381744154813,1,5400,19.487731788414315,12.109111389098791,0,1,,0.15,4,1,291.1,2.001895725,2.0,"LINESTRING (-117.97234262333764 33.75928609477511, -117.9724325601041 33.765127520777256)"
797,381,160,1,446.0961647288044,0.2771919946865202,1,1800,53.53153976745653,33.26294639684423,0,1,,0.15,4,1,0.0,2.001895725,0.5,"LINESTRING (-117.9724325601041 33.765127520777256, -117.96765233265894 33.7656779104635)"
798,381,380,1,649.591059613605,0.40363817441535355,1,5400,19.48773178840815,12.109111389094961,0,1,,0.15,4,1,191.5,2.001895725,2.0,"LINESTRING (-117.9724325601041 33.765127520777256, -117.97234262333764 33.75928609477511)"
799,381,382,1,171.45104356241023,0.10653500413984009,1,5400,20.574125227489226,12.784164766730209,0,1,,0.15,4,1,291.1,2.001895725,0.5,"LINESTRING (-117.9724325601041 33.765127520777256, -117.97246099029488 33.766669233729985)"
800,382,122,1,407.73504107589326,0.2533554383013492,1,1800,48.92820492910719,30.402567625004263,0,1,,0.15,4,1,39.7,2.001895725,0.5,"LINESTRING (-117.97246099029488 33.766669233729985, -117.976697540971 33.76769014873577)"
801,382,381,1,171.45104356218542,0.10653500413970039,1,5400,20.57412522746225,12.784164766713445,0,1,,0.15,4,1,0.0,2.001895725,0.5,"LINESTRING (-117.97246099029488 33.766669233729985, -117.9724325601041 33.765127520777256)"
802,382,383,1,563.393652277964,0.35007745552708813,1,5400,58.289715601642044,36.21953887310792,0,1,,0.15,4,1,251.4,2.001895725,0.579924242,"LINESTRING (-117.97246099029488 33.766669233729985, -117.97261388094788 33.7717343531065)"
803,383,382,1,563.3936522783141,0.35007745552730574,1,5400,58.28971560167827,36.219538873130425,0,1,,0.15,4,1,0.0,2.001895725,0.579924242,"LINESTRING (-117.97261388094788 33.7717343531065, -117.97246099029488 33.766669233729985)"
804,383,384,1,339.5952328288426,0.21101521917608623,1,5400,48.50485556876756,30.139510609620668,0,1,,0.15,4,1,251.4,2.001895725,0.420075758,"LINESTRING (-117.97261388094788 33.7717343531065, -117.97509958704892 33.77398332529316)"
805,384,367,1,1854.0063094679176,1.1520289742800887,1,5400,48.79126091948237,30.31747458879968,0,1,,0.15,4,1,11.0,2.001895725,2.279924242,"LINESTRING (-117.97509958704892 33.77398332529316, -117.95504131976143 33.77408196442417)"
806,384,383,1,339.5952328288866,0.21101521917611357,1,5400,48.50485556877384,30.139510609624573,0,1,,0.15,4,1,0.0,2.001895725,0.420075758,"LINESTRING (-117.97509958704892 33.77398332529316, -117.97261388094788 33.7717343531065)"
807,384,385,1,1611.51599403919,1.0013521033710653,1,5400,48.3454798211757,30.04047914196377,0,1,,0.15,4,1,270.5,2.001895725,2.0,"LINESTRING (-117.97509958704892 33.77398332529316, -117.9754300281378 33.788473413636126)"
808,384,401,1,1631.274975578963,1.013629795803847,1,5400,48.93824926736889,30.408808885514276,0,1,,0.15,4,1,2490.941251,2.001895725,2.0,"LINESTRING (-117.97509958704892 33.77398332529316, -117.99274612758374 33.77374659137878)"
809,385,34,1,1110.3886325777628,0.6899652233696814,1,12600,446.9314245566831,277.71022620821077,0,1,,0.15,4,1,314.5,2.001895725,0.149068323,"LINESTRING (-117.9754300281378 33.788473413636126, -117.9672381317938 33.7811684209157)"
810,385,49,1,751.6633347571594,0.467063103357376,1,5400,45.099800085429564,28.023707878883453,0,1,,0.15,4,1,81.8,2.001895725,1.0,"LINESTRING (-117.9754300281378 33.788473413636126, -117.96729640202942 33.788452200367054)"
811,385,384,1,1611.5159940389242,1.0013521033709,1,5400,48.34547982116772,30.04047914195881,0,1,,0.15,4,1,2128.241251,2.001895725,2.0,"LINESTRING (-117.9754300281378 33.788473413636126, -117.97509958704892 33.77398332529316)"
812,385,386,1,780.0511156963198,0.48470249648695735,1,5400,46.803066941779186,29.082068508680276,0,1,,0.15,4,1,689.5201983,2.001895725,1.0,"LINESTRING (-117.9754300281378 33.788473413636126, -117.97562730639984 33.79548665584977)"
813,385,402,1,1605.2662855217125,0.9974687048862967,1,5400,48.15798856565137,29.92397751302736,0,1,,0.15,4,1,307.4583083,2.001895725,2.0,"LINESTRING (-117.9754300281378 33.788473413636126, -117.99280037910584 33.78851286928862)"
814,386,370,1,1575.438194789986,0.978934342519285,1,5400,47.263145843699576,29.36794819604545,0,1,,0.15,4,1,0.0,2.001895725,2.0,"LINESTRING (-117.97562730639984 33.79548665584977, -117.95858246456416 33.795802301068946)"
815,386,385,1,780.0511156961777,0.48470249648686903,1,5400,46.80306694177066,29.082068508674976,0,1,,0.15,4,1,1548.79956,2.001895725,1.0,"LINESTRING (-117.97562730639984 33.79548665584977, -117.9754300281378 33.788473413636126)"
816,386,387,1,839.6364238446796,0.5217271824752256,1,5400,50.37818543068077,31.303543459247543,0,1,,0.15,4,1,713.0,2.001895725,1.0,"LINESTRING (-117.97562730639984 33.79548665584977, -117.975827872633 33.803035837341874)"
817,386,403,1,1603.3239280201701,0.996261776890011,1,5400,48.0997178406051,29.887769774334632,0,1,,0.15,4,1,40.00044023,2.001895725,2.0,"LINESTRING (-117.97562730639984 33.79548665584977, -117.9929779295416 33.79555570324157)"
818,387,371,1,1573.7123424090078,0.977861944902263,1,5400,47.21137027227023,29.335776357450825,0,1,,0.15,4,1,462.3,2.001895725,2.0,"LINESTRING (-117.975827872633 33.803035837341874, -117.95879618268144 33.80310159676254)"
819,387,386,1,839.6364238447499,0.5217271824752694,1,5400,50.37818543068499,31.30354345925016,0,1,,0.15,4,1,1588.8,2.001895725,1.0,"LINESTRING (-117.975827872633 33.803035837341874, -117.97562730639984 33.79548665584977)"
820,387,388,1,1608.6788158066367,0.9995891581683404,1,5400,48.2603644741991,29.987590933697568,0,1,,0.15,4,1,1045.572598,2.001895725,2.0,"LINESTRING (-117.975827872633 33.803035837341874, -117.97589363205368 33.817502909887615)"
821,387,404,1,1606.6632847232033,0.9983367621032246,1,5400,48.1998985416961,29.950019156752248,0,1,,0.15,4,1,955.4061814,2.001895725,2.0,"LINESTRING (-117.975827872633 33.803035837341874, -117.99321466345602 33.80283527110888)"
822,388,372,1,1567.5065473582733,0.9740058330485003,1,5400,47.0251964207482,29.220093325156732,0,1,,0.15,4,1,283.7,2.001895725,2.0,"LINESTRING (-117.97589363205368 33.817502909887615, -117.95892770152275 33.8177001881496)"
823,388,387,1,1608.6788158066988,0.999589158168379,1,5400,48.26036447420096,29.987590933698726,0,1,,0.15,4,1,1969.237448,2.001895725,2.0,"LINESTRING (-117.97589363205368 33.817502909887615, -117.975827872633 33.803035837341874)"
824,388,389,1,1641.5726046956117,1.0200284617890638,1,5400,49.24717814086835,30.600768328569508,0,1,,0.15,4,1,926.0707452,2.001895725,2.0,"LINESTRING (-117.97589363205368 33.817502909887615, -117.97591007190888 33.832265899826325)"
825,388,405,1,1594.7390894660043,0.9909273922639122,1,5400,47.84217268398013,29.727738682817417,0,1,,0.15,4,1,457.5292548,2.001895725,2.0,"LINESTRING (-117.97589363205368 33.817502909887615, -117.99315547997745 33.81739440684357)"
826,389,35,1,1130.6816187661336,0.7025747317323461,1,12600,455.09935149648135,282.78553913872014,0,1,,0.15,4,1,274.0,2.001895725,0.149068323,"LINESTRING (-117.97591007190888 33.832265899826325, -117.96753919467788 33.82484681835903)"
827,389,50,1,766.0618559922009,0.47600995190090406,1,5400,45.96371135953205,28.56051729118379,0,1,,0.15,4,1,288.6,2.001895725,1.0,"LINESTRING (-117.97591007190888 33.832265899826325, -117.96761688832537 33.83234425534096)"
828,389,388,1,1641.572604695556,1.0200284617890292,1,5400,49.24717814086668,30.60076832856847,0,1,,0.15,4,1,1878.637448,2.001895725,2.0,"LINESTRING (-117.97591007190888 33.832265899826325, -117.97589363205368 33.817502909887615)"
829,389,390,1,1603.460683974773,0.9963467533117758,1,5400,48.103820519243186,29.89031905986266,0,1,,0.15,4,1,965.2,2.001895725,2.0,"LINESTRING (-117.97591007190888 33.832265899826325, -117.97604570071384 33.84668570778843)"
830,389,406,1,1620.4784569649778,1.0069211334863846,1,5400,48.61435370894933,30.207549578483555,0,1,,0.15,4,1,811.8458013,2.001895725,2.0,"LINESTRING (-117.97591007190888 33.832265899826325, -117.99345139737044 33.83201272605684)"
831,390,375,1,1565.261926435705,0.9726110868031026,1,5400,46.95785779307115,29.178251054738414,0,1,,0.15,4,1,0.0,2.001895725,2.0,"LINESTRING (-117.97604570071384 33.84668570778843, -117.95910134749276 33.84701861485555)"
832,390,389,1,1603.4606839747432,0.9963467533117573,1,5400,48.1038205192423,29.890319059862104,0,1,,0.15,4,1,1864.212504,2.001895725,2.0,"LINESTRING (-117.97604570071384 33.84668570778843, -117.97591007190888 33.832265899826325)"
833,390,391,1,843.033445508048,0.5238379991226516,1,5400,70.24539594413464,43.648451923202884,0,1,,0.15,4,1,965.2,2.001895725,0.720075758,"LINESTRING (-117.97604570071384 33.84668570778843, -117.97624297897583 33.8542655085107)"
834,390,407,1,2010.5250853742484,1.2492854744020832,1,5400,46.75777030915425,29.053922494769488,0,1,,0.15,4,1,182.7,2.001895725,2.579924242,"LINESTRING (-117.97604570071384 33.84668570778843, -117.99781617891684 33.8466729669008)"
835,391,249,1,387.71152498558683,0.24091337131096405,1,1800,46.525382998270416,28.90952375901829,0,1,,0.15,4,1,316.4670563,2.001895725,0.5,"LINESTRING (-117.97624297897583 33.8542655085107, -117.97270327266028 33.85239033753088)"
836,391,390,1,843.033445507884,0.5238379991225497,1,5400,70.24539594412099,43.6484519231944,0,1,,0.15,4,1,2046.912504,2.001895725,0.720075758,"LINESTRING (-117.97624297897583 33.8542655085107, -117.97604570071384 33.84668570778843)"
837,391,392,1,257.06828770085593,0.15973522543456073,1,5400,36.717418152111875,22.81513883459591,0,1,,0.15,4,1,1731.5,2.001895725,0.420075758,"LINESTRING (-117.97624297897583 33.8542655085107, -117.97625222639437 33.85657736314335)"
838,392,207,1,433.96718057163304,0.2696553746079965,1,1800,52.07606166859596,32.358554515077145,0,1,,0.15,4,1,627.0,2.001895725,0.5,"LINESTRING (-117.97625222639437 33.85657736314335, -117.97166756178484 33.85571940820192)"
839,392,391,1,257.06828770124497,0.15973522543480245,1,5400,36.71741815216744,22.815138834630435,0,1,,0.15,4,1,1238.67956,2.001895725,0.420075758,"LINESTRING (-117.97625222639437 33.85657736314335, -117.97624297897583 33.8542655085107)"
840,392,393,1,131.62100707035373,0.08178570536390926,1,5400,18.79961000801485,11.681532470290195,0,1,,0.15,4,1,2221.942523,2.001895725,0.420075758,"LINESTRING (-117.97625222639437 33.85657736314335, -117.97624297897578 33.857761032715295)"
841,393,170,1,283.88466414786683,0.17639819065447132,1,1800,34.06615969774402,21.1677237175469,0,1,,0.15,4,1,960.8,2.001895725,0.5,"LINESTRING (-117.97624297897578 33.857761032715295, -117.9792755542901 33.85818063433107)"
842,393,392,1,131.62100707074458,0.08178570536415214,1,5400,18.799610008070673,11.681532470324882,0,1,,0.15,4,1,1238.67956,2.001895725,0.420075758,"LINESTRING (-117.97624297897578 33.857761032715295, -117.97625222639437 33.85657736314335)"
843,393,394,1,151.42451940816434,0.09409106802053287,1,5400,64.82606459509097,40.28103658351627,0,1,,0.15,4,1,1574.542523,2.001895725,0.140151515,"LINESTRING (-117.97624297897578 33.857761032715295, -117.97620496181058 33.85912245822121)"
844,394,36,1,977.2125640479856,0.6072132452110715,1,12600,393.3280569801481,244.40264809381162,0,1,,0.15,4,1,564.7,2.001895725,0.149068323,"LINESTRING (-117.97620496181058 33.85912245822121, -117.96806362679824 33.86473765048758)"
845,394,51,1,751.7712496715359,0.4671301587430474,1,5400,45.10627498029215,28.027731190779114,0,1,,0.15,4,1,20.8,2.001895725,1.0,"LINESTRING (-117.97620496181058 33.85912245822121, -117.96806362679824 33.85917284298674)"
846,394,393,1,151.42451940795684,0.09409106802040393,1,5400,64.82606459500212,40.281036583461066,0,1,,0.15,4,1,1178.667056,2.001895725,0.140151515,"LINESTRING (-117.97620496181058 33.85912245822121, -117.97624297897578 33.857761032715295)"
847,394,395,1,798.0525049052045,0.49588806896318033,1,5400,23.941575147156133,14.876600490763554,0,1,,0.15,4,1,603.1,2.001895725,2.0,"LINESTRING (-117.97620496181058 33.85912245822121, -117.97635292050708 33.86629845500099)"
848,394,396,1,541.5550864989289,0.33650756614446226,1,5400,56.030258500446905,34.81557775468119,0,1,,0.15,4,1,610.8425228,2.001895725,0.579924242,"LINESTRING (-117.97620496181058 33.85912245822121, -117.982069880141 33.85910601836603)"
849,395,9,1,855.2202522346972,0.531410548569412,1,5400,51.31321513408183,31.884543801079563,0,1,,0.15,4,1,603.1,2.001895725,1.0,"LINESTRING (-117.97635292050708 33.86629845500099, -117.9682645117656 33.87004674197874)"
850,395,394,1,798.0525049049721,0.4958880689630359,1,5400,23.941575147149162,14.876600490759222,0,1,,0.15,4,1,1050.467056,2.001895725,2.0,"LINESTRING (-117.97635292050708 33.86629845500099, -117.97620496181058 33.85912245822121)"
851,396,215,1,538.906243400145,0.33486164725921497,1,1800,64.66874920801739,40.183285364134974,0,1,,0.15,4,1,1203.9,2.001895725,0.5,"LINESTRING (-117.982069880141 33.85910601836603, -117.98767587075248 33.86045408648961)"
852,396,394,1,541.5550864989277,0.3365075661444616,1,5400,56.030258500446784,34.81557775468112,0,1,,0.15,4,1,35.9,2.001895725,0.579924242,"LINESTRING (-117.982069880141 33.85910601836603, -117.97620496181058 33.85912245822121)"
853,396,410,1,1477.766991753052,0.9182441197963465,1,5400,44.33300975259156,27.54724660297757,0,1,,0.15,4,1,2.0,2.001895725,2.0,"LINESTRING (-117.982069880141 33.85910601836603, -117.99807264065744 33.85894367479644)"
854,397,20,1,1374.775625776812,0.8542480928683883,1,5400,82.48653754660872,51.254742321873806,0,1,,0.15,4,1,6087.1,2.001895725,1.0,"LINESTRING (-117.98974749800156 33.764435057413, -117.98952024911289 33.75207286429261)"
855,397,398,1,219.8483157213148,0.13660774958760413,1,5400,6.595449471639444,4.098221033642073,0,1,,0.15,4,1,503.6,2.001895725,2.0,"LINESTRING (-117.98974749800156 33.764435057413, -117.98990532061114 33.76640784003288)"
856,398,397,1,219.84831572101675,0.13660774958741892,1,5400,6.595449471630502,4.098221033636516,0,1,,0.15,4,1,6087.1,2.001895725,2.0,"LINESTRING (-117.98990532061114 33.76640784003288, -117.98974749800156 33.764435057413)"
857,398,399,1,395.92872943519205,0.24601931812742622,1,5400,40.96349496303954,25.45352782867884,0,1,,0.15,4,1,503.6,2.001895725,0.579924242,"LINESTRING (-117.98990532061114 33.76640784003288, -117.99164136931662 33.769662931355654)"
858,399,163,1,318.6840293807264,0.1980215674628894,1,1800,38.242083525687164,23.762521682439758,0,1,,0.15,4,1,1563.1,2.001895725,0.5,"LINESTRING (-117.99164136931662 33.769662931355654, -117.98844546147242 33.770738097883495)"
859,399,398,1,395.92872943523787,0.24601931812745467,1,5400,40.963494963044276,25.453527828681786,0,1,,0.15,4,1,6087.1,2.001895725,0.579924242,"LINESTRING (-117.99164136931662 33.769662931355654, -117.98990532061114 33.76640784003288)"
860,399,400,1,345.7246133163485,0.21482384910357571,1,5400,41.486953597961815,25.77878984411913,0,1,,0.15,4,1,737.3,2.001895725,0.5,"LINESTRING (-117.99164136931662 33.769662931355654, -117.99268505520206 33.772648606449934)"
861,400,119,1,333.77863039409874,0.20740094100320552,1,1800,40.05343564729185,24.888043361593382,0,1,,0.15,4,1,1433.7,2.001895725,0.5,"LINESTRING (-117.99268505520206 33.772648606449934, -117.9960123301784 33.77148211605756)"
862,400,399,1,345.7246133163761,0.21482384910359287,1,5400,41.48695359796513,25.778789844121192,0,1,,0.15,4,1,7129.2,2.001895725,0.5,"LINESTRING (-117.99268505520206 33.772648606449934, -117.99164136931662 33.769662931355654)"
863,400,401,1,122.22095524958387,0.07594476943938751,1,5400,52.32378197963134,32.512480732465505,0,1,,0.15,4,1,1205.231266,2.001895725,0.140151515,"LINESTRING (-117.99268505520206 33.772648606449934, -117.99274612758374 33.77374659137878)"
864,401,37,1,1141.770445696826,0.7094650264685065,1,12600,459.56260433552717,285.55887501857086,0,1,,0.15,4,1,132.4,2.001895725,0.149068323,"LINESTRING (-117.99274612758374 33.77374659137878, -117.98413650012095 33.78111015068009)"
865,401,52,1,799.3816943478924,0.49671399104470937,1,5400,47.96290166087355,29.80275616791866,0,1,,0.15,4,1,956.1312664,2.001895725,1.0,"LINESTRING (-117.99274612758374 33.77374659137878, -117.99281876522696 33.780935339973254)"
866,401,384,1,1631.2749755789644,1.0136297958038478,1,5400,48.93824926736893,30.4088088855143,0,1,,0.15,4,1,133.3,2.001895725,2.0,"LINESTRING (-117.99274612758374 33.77374659137878, -117.97509958704892 33.77398332529316)"
867,401,400,1,122.22095524955118,0.07594476943936719,1,5400,52.32378197961735,32.512480732456815,0,1,,0.15,4,1,5468.8,2.001895725,0.140151515,"LINESTRING (-117.99274612758374 33.77374659137878, -117.99268505520206 33.772648606449934)"
868,402,37,1,1148.3396923323494,0.7135469772281491,1,12600,462.2067261059948,287.2018556072081,0,1,,0.15,4,1,96.4,2.001895725,0.149068323,"LINESTRING (-117.99280037910584 33.78851286928862, -117.98413650012095 33.78111015068009)"
869,402,52,1,842.5857200037501,0.5235597947007781,1,5400,50.555143200225004,31.41349988546701,0,1,,0.15,4,1,2771.558749,2.001895725,1.0,"LINESTRING (-117.99280037910584 33.78851286928862, -117.99281876522696 33.780935339973254)"
870,402,385,1,1605.2662855217136,0.9974687048862974,1,5400,48.15798856565141,29.92397751302738,0,1,,0.15,4,1,194.2201983,2.001895725,2.0,"LINESTRING (-117.99280037910584 33.78851286928862, -117.9754300281378 33.788473413636126)"
871,402,403,1,783.3003693955401,0.48672149415011134,1,5400,46.9980221637324,29.203208029900566,0,1,,0.15,4,1,691.6798017,2.001895725,1.0,"LINESTRING (-117.99280037910584 33.78851286928862, -117.9929779295416 33.79555570324157)"
872,402,412,1,836.8135196644571,0.5199731067794606,1,5400,25.104405589933712,15.599149605822701,0,1,,0.15,4,1,570.9312664,2.001895725,2.0,"LINESTRING (-117.99280037910584 33.78851286928862, -118.00185545133104 33.7885128692886)"
873,403,386,1,1603.3239280201692,0.9962617768900104,1,5400,48.099717840605074,29.887769774334615,0,1,,0.15,4,1,23.47980174,2.001895725,2.0,"LINESTRING (-117.9929779295416 33.79555570324157, -117.97562730639984 33.79548665584977)"
874,403,402,1,783.3003693955,0.4867214941500864,1,5400,46.99802216373,29.203208029899073,0,1,,0.15,4,1,1550.00044,2.001895725,1.0,"LINESTRING (-117.9929779295416 33.79555570324157, -117.99280037910584 33.78851286928862)"
875,403,404,1,809.7476776512804,0.5031551304580016,1,5400,48.58486065907682,30.18922345259122,0,1,,0.15,4,1,668.2,2.001895725,1.0,"LINESTRING (-117.9929779295416 33.79555570324157, -117.99321466345602 33.80283527110888)"
876,404,387,1,1606.6632847232054,0.9983367621032259,1,5400,48.19989854169616,29.950019156752283,0,1,,0.15,4,1,794.872598,2.001895725,2.0,"LINESTRING (-117.99321466345602 33.80283527110888, -117.975827872633 33.803035837341874)"
877,404,403,1,809.7476776512044,0.5031551304579545,1,5400,48.58486065907226,30.18922345258839,0,1,,0.15,4,1,1510.0,2.001895725,1.0,"LINESTRING (-117.99321466345602 33.80283527110888, -117.9929779295416 33.79555570324157)"
878,404,405,1,1618.913551246793,1.005948743737677,1,5400,48.56740653740379,30.178377967553132,0,1,,0.15,4,1,1118.627402,2.001895725,2.0,"LINESTRING (-117.99321466345602 33.80283527110888, -117.99315547997745 33.81739440684357)"
879,404,413,1,820.2681567520215,0.5096922693476963,1,5400,24.608044702560644,15.29072534487481,0,1,,0.15,4,1,1488.968734,2.001895725,2.0,"LINESTRING (-117.99321466345602 33.80283527110888, -118.00209218524542 33.80283527110888)"
880,405,388,1,1594.739089466003,0.9909273922639114,1,5400,47.84217268398009,29.727738682817392,0,1,,0.15,4,1,410.927402,2.001895725,2.0,"LINESTRING (-117.99315547997745 33.81739440684357, -117.97589363205368 33.817502909887615)"
881,405,404,1,1618.9135512470166,1.005948743737816,1,5400,48.5674065374105,30.1783779675573,0,1,,0.15,4,1,2043.562552,2.001895725,2.0,"LINESTRING (-117.99315547997745 33.81739440684357, -117.99321466345602 33.80283527110888)"
882,405,406,1,1625.7150570800952,1.0101750140306556,1,5400,48.77145171240286,30.305165721987475,0,1,,0.15,4,1,1030.129255,2.001895725,2.0,"LINESTRING (-117.99315547997745 33.81739440684357, -117.99345139737044 33.83201272605684)"
883,405,414,1,820.1285808542991,0.5096055406901582,1,5400,24.603857425628973,15.288123492420501,0,1,,0.15,4,1,509.4,2.001895725,2.0,"LINESTRING (-117.99315547997745 33.81739440684357, -118.00203300176686 33.81739440684357)"
884,406,38,1,1138.3645527192427,0.7073486974282892,1,12600,458.1917324122212,284.7070549607143,0,1,,0.15,4,1,616.1,2.001895725,0.149068323,"LINESTRING (-117.99345139737044 33.83201272605684, -117.98489401318383 33.83938038629094)"
885,406,53,1,833.2823067051103,0.517778907319218,1,5400,46.29670902628614,28.767432384372444,0,1,,0.15,4,1,923.3,2.001895725,1.079924242,"LINESTRING (-117.99345139737044 33.83201272605684, -117.99544092582944 33.83932211605532)"
886,406,389,1,1620.4784569649785,1.0069211334863848,1,5400,48.61435370894935,30.20754957848357,0,1,,0.15,4,1,717.7,2.001895725,2.0,"LINESTRING (-117.99345139737044 33.83201272605684, -117.97591007190888 33.832265899826325)"
887,406,405,1,1625.7150570802198,1.010175014030733,1,5400,48.771451712406595,30.3051657219898,0,1,,0.15,4,1,1798.062552,2.001895725,2.0,"LINESTRING (-117.99345139737044 33.83201272605684, -117.99315547997745 33.81739440684357)"
888,406,415,1,814.5217950664808,0.5061216368613722,1,5400,24.435653851994424,15.183606669667627,0,1,,0.15,4,1,934.2,2.001895725,2.0,"LINESTRING (-117.99345139737044 33.83201272605684, -118.00226973568124 33.83201272605684)"
889,407,38,1,1442.8519174908286,0.8965488445516974,1,12600,580.747896717465,360.85990133122795,0,1,,0.15,4,1,1693.6,2.001895725,0.149068323,"LINESTRING (-117.99781617891684 33.8466729669008, -117.98489401318383 33.83938038629094)"
890,407,53,1,846.3032380785883,0.5258697590804854,1,5400,47.910805179586866,29.77038492524507,0,1,,0.15,4,1,1892.687496,2.001895725,1.059848485,"LINESTRING (-117.99781617891684 33.8466729669008, -117.99544092582944 33.83932211605532)"
891,407,390,1,2010.525085374248,1.249285474402083,1,5400,46.757770309154246,29.053922494769484,0,1,,0.15,4,1,0.0,2.001895725,2.579924242,"LINESTRING (-117.99781617891684 33.8466729669008, -117.97604570071384 33.84668570778843)"
892,407,408,1,928.0873943232401,0.5766882040608201,1,5400,51.564027821309345,32.04039153135481,0,1,,0.15,4,1,3154.2,2.001895725,1.079924242,"LINESTRING (-117.99781617891684 33.8466729669008, -117.9980134571788 33.85501783738288)"
893,407,416,1,405.38993482670367,0.2518982532135557,1,5400,12.16169804480111,7.556926475796111,0,1,,0.15,4,1,387.9,2.001895725,2.0,"LINESTRING (-117.99781617891684 33.8466729669008, -118.00220562024616 33.84670995657487)"
894,408,211,1,311.43610798018585,0.19351790670721283,1,1800,37.3723329576223,23.222083902210723,0,1,,0.15,4,1,2396.5,2.001895725,0.5,"LINESTRING (-117.9980134571788 33.85501783738288, -117.99483110805662 33.85594536553308)"
895,408,407,1,928.0873943229076,0.5766882040606135,1,5400,51.56402782129087,32.04039153134333,0,1,,0.15,4,1,3338.187496,2.001895725,1.079924242,"LINESTRING (-117.9980134571788 33.85501783738288, -117.99781617891684 33.8466729669008)"
896,408,409,1,225.9519840120176,0.14040040265700077,1,5400,27.11423808144211,16.848001230903765,0,1,,0.15,4,1,1219.757477,2.001895725,0.5,"LINESTRING (-117.9980134571788 33.85501783738288, -117.99799372935264 33.85704980348136)"
897,409,167,1,369.89999282671465,0.2298457708294796,1,1800,44.38799913920575,27.58141541312742,0,1,,0.15,4,1,686.3,2.001895725,0.5,"LINESTRING (-117.99799372935264 33.85704980348136, -118.00187024720069 33.8562113708679)"
898,409,408,1,225.95198401203666,0.14040040265701262,1,5400,27.114238081444398,16.848001230905187,0,1,,0.15,4,1,2723.187496,2.001895725,0.5,"LINESTRING (-117.99799372935264 33.85704980348136, -117.9980134571788 33.85501783738288)"
899,409,410,1,210.7152025650371,0.13093268207155548,1,5400,57.448000037797094,35.69652123148602,0,1,,0.15,4,1,594.2574772,2.001895725,0.220075758,"LINESTRING (-117.99799372935264 33.85704980348136, -117.99807264065744 33.85894367479644)"
900,410,396,1,1477.7669917530566,0.9182441197963492,1,5400,44.33300975259169,27.54724660297765,0,1,,0.15,4,1,630.9574772,2.001895725,2.0,"LINESTRING (-117.99807264065744 33.85894367479644, -117.982069880141 33.85910601836603)"
901,410,409,1,210.7152025647922,0.13093268207140332,1,5400,57.44800003773033,35.696521231444535,0,1,,0.15,4,1,650.4,2.001895725,0.220075758,"LINESTRING (-117.99807264065744 33.85894367479644, -117.99799372935264 33.85704980348136)"
902,410,411,1,465.0653744071083,0.2889789444164119,1,5400,13.951961232213248,8.669344102821578,0,1,,0.15,4,1,37.0,2.001895725,2.0,"LINESTRING (-117.99807264065744 33.85894367479644, -117.99811209630984 33.86312597395058)"
903,411,8,1,737.0711305604141,0.45799590550189156,1,5400,44.22426783362484,27.479677528047304,0,1,,0.15,4,1,37.0,2.001895725,1.0,"LINESTRING (-117.99811209630984 33.86312597395058, -117.99815155196224 33.86975452355336)"
904,411,410,1,465.065374406931,0.2889789444163018,1,5400,13.95196123220793,8.669344102818274,0,1,,0.15,4,1,722.1,2.001895725,2.0,"LINESTRING (-117.99811209630984 33.86312597395058, -117.99807264065744 33.85894367479644)"
905,412,21,1,1145.1962573358064,0.7115937324218664,1,5400,68.71177544014839,42.69550461702045,0,1,,0.15,4,1,570.9312664,2.001895725,1.0,"LINESTRING (-118.00185545133104 33.7885128692886, -118.01102889051344 33.79543733628435)"
906,412,402,1,836.8135196644569,0.5199731067794605,1,5400,25.104405589933705,15.599149605822696,0,1,,0.15,4,1,1396.5,2.001895725,2.0,"LINESTRING (-118.00185545133104 33.7885128692886, -117.99280037910584 33.78851286928862)"
907,413,21,1,1165.5872569653748,0.7242641436647166,1,5400,69.93523541792248,43.45572716686991,0,1,,0.15,4,1,1488.968734,2.001895725,1.0,"LINESTRING (-118.00209218524542 33.80283527110888, -118.01102889051344 33.79543733628435)"
908,413,404,1,820.2681567520215,0.5096922693476963,1,5400,24.608044702560644,15.29072534487481,0,1,,0.15,4,1,1245.3,2.001895725,2.0,"LINESTRING (-118.00209218524542 33.80283527110888, -117.99321466345602 33.80283527110888)"
909,414,22,1,1136.0119722756835,0.705886868079886,1,5400,68.16071833654101,42.35309371349482,0,1,,0.15,4,1,509.4,2.001895725,1.0,"LINESTRING (-118.00203300176686 33.81739440684357, -118.0107329731205 33.82461479123231)"
910,414,405,1,820.1285808542991,0.5096055406901582,1,5400,24.603857425628973,15.288123492420501,0,1,,0.15,4,1,619.8,2.001895725,2.0,"LINESTRING (-118.00203300176686 33.81739440684357, -117.99315547997745 33.81739440684357)"
911,415,22,1,1134.8287696343546,0.7051516582166321,1,5400,68.08972617806127,42.30898124498811,0,1,,0.15,4,1,934.2,2.001895725,1.0,"LINESTRING (-118.00226973568124 33.83201272605684, -118.0107329731205 33.82461479123231)"
912,415,406,1,814.5217950664808,0.5061216368613722,1,5400,24.435653851994424,15.183606669667627,0,1,,0.15,4,1,904.6,2.001895725,2.0,"LINESTRING (-118.00226973568124 33.83201272605684, -117.99345139737044 33.83201272605684)"
913,416,23,1,758.3614037597256,0.4712251008237698,1,5400,45.50168422558353,28.273427028935064,0,1,,0.15,4,1,387.9,2.001895725,1.0,"LINESTRING (-118.00220562024616 33.84670995657487, -118.01041239594488 33.84647322266048)"
914,416,407,1,405.38993482670804,0.2518982532135584,1,5400,12.161698044801241,7.5569264757961925,0,1,,0.15,4,1,1522.5,2.001895725,2.0,"LINESTRING (-118.00220562024616 33.84670995657487, -117.99781617891684 33.8466729669008)"
