link_id,from_node_id,to_node_id,dir_flag,length,vdf_length_mi,lanes,capacity,free_speed,vdf_free_speed_mph,vdf_toll,link_type,allowed_uses,vdf_alpha,vdf_beta,vdf_plf,ref_volume,ref_cost,vdf_fftt,geometry
1,1,303,1,6388.002995966983,3.9693309033311692,1,999999,,,0,0,,0,4,1,0,-1,0.0,"LINESTRING (1.21106 2.13814, 1.19552 2.19345)"
2,1,304,1,10133.617933120075,6.29675390726638,1,999999,,,0,0,,0,4,1,0,-1,0.0,"LINESTRING (1.21106 2.13814, 1.25207 2.21954)"
3,1,306,1,11005.661746997019,6.838618158373632,1,999999,,,0,0,,0,4,1,0,-1,0.0,"LINESTRING (1.21106 2.13814, 1.11288 2.12509)"
4,1,307,1,12256.555611162014,7.615889502008286,1,999999,,,0,0,,0,4,1,0,-1,0.0,"LINESTRING (1.21106 2.13814, 1.27879 2.22514)"
5,2,253,1,7754.303764727647,4.818312951102718,1,999999,,,0,0,,0,4,1,0,-1,0.0,"LINESTRING (0.753725 1.33595, 0.815862 1.36764)"
6,2,255,1,11695.573117338154,7.267310274608321,1,999999,,,0,0,,0,4,1,0,-1,0.0,"LINESTRING (0.753725 1.33595, 0.68786 1.41797)"
7,2,256,1,7848.78330524538,4.877019961751638,1,999999,,,0,0,,0,4,1,0,-1,0.0,"LINESTRING (0.753725 1.33595, 0.786037 1.27319)"
8,2,272,1,5519.667238794888,3.4297707375662627,1,999999,,,0,0,,0,4,1,0,-1,0.0,"LINESTRING (0.753725 1.33595, 0.802814 1.32849)"
9,3,258,1,7406.751191957184,4.6023532578306545,1,999999,,,0,0,,0,4,1,0,-1,0.0,"LINESTRING (0.981148 1.35335, 0.918389 1.33098)"
10,3,259,1,5251.085648839105,3.262881460001681,1,999999,,,0,0,,0,4,1,0,-1,0.0,"LINESTRING (0.981148 1.35335, 0.981769 1.30613)"
11,3,260,1,7832.461479332655,4.866878024117126,1,999999,,,0,0,,0,4,1,0,-1,0.0,"LINESTRING (0.981148 1.35335, 1.01657 1.29246)"
12,3,261,1,11446.437382989985,7.11250412155914,1,999999,,,0,0,,0,4,1,0,-1,0.0,"LINESTRING (0.981148 1.35335, 1.0613 1.28873)"
13,4,226,1,6533.7720569891,4.059907823697355,1,999999,,,0,0,,0,4,1,0,-1,0.0,"LINESTRING (1.24834 1.39995, 1.26636 1.45588)"
14,4,231,1,13413.285875669297,8.334650152030832,1,999999,,,0,0,,0,4,1,0,-1,0.0,"LINESTRING (1.24834 1.39995, 1.25269 1.5205)"
15,4,232,1,4283.23462505589,2.6614852206841877,1,999999,,,0,0,,0,4,1,0,-1,0.0,"LINESTRING (1.24834 1.39995, 1.24834 1.36143)"
16,4,263,1,12186.113282338216,7.572118559371058,1,999999,,,0,0,,0,4,1,0,-1,0.0,"LINESTRING (1.24834 1.39995, 1.21913 1.29432)"
17,5,254,1,10760.63236540047,6.686363580971374,1,999999,,,0,0,,0,4,1,0,-1,0.0,"LINESTRING (0.805299 1.55467, 0.845067 1.46644)"
18,5,255,1,20036.577511274943,12.450183001276887,1,999999,,,0,0,,0,4,1,0,-1,0.0,"LINESTRING (0.805299 1.55467, 0.68786 1.41797)"
19,5,352,1,6657.815814457097,4.136985232739569,1,999999,,,0,0,,0,4,1,0,-1,0.0,"LINESTRING (0.805299 1.55467, 0.749997 1.57767)"
20,5,353,1,4501.512534546655,2.797117162654663,1,999999,,,0,0,,0,4,1,0,-1,0.0,"LINESTRING (0.805299 1.55467, 0.792872 1.5932)"
21,6,196,1,18322.315538454688,11.384987347890869,1,999999,,,0,0,,0,4,1,0,-1,0.0,"LINESTRING (1.32477 1.06006, 1.42294 0.927709)"
22,6,223,1,2682.832828113943,1.6670391763791015,1,999999,,,0,0,,0,4,1,0,-1,0.0,"LINESTRING (1.32477 1.06006, 1.32974 1.03645)"
23,6,264,1,11848.474485037796,7.362319015893346,1,999999,,,0,0,,0,4,1,0,-1,0.0,"LINESTRING (1.32477 1.06006, 1.24461 1.13028)"
24,6,295,1,1638.2786561184614,1.0179816919472962,1,999999,,,0,0,,0,4,1,0,-1,0.0,"LINESTRING (1.32477 1.06006, 1.31793 1.04701)"
25,7,50,1,5505.6535974822955,3.421063042913428,1,999999,,,0,0,,0,4,1,0,-1,0.0,"LINESTRING (1.59506 0.886699, 1.54784 0.901612)"
26,7,51,1,11535.098841126239,7.167595934436626,1,999999,,,0,0,,0,4,1,0,-1,0.0,"LINESTRING (1.59506 0.886699, 1.50434 0.836368)"
27,7,55,1,4925.962947686449,3.060859077439478,1,999999,,,0,0,,0,4,1,0,-1,0.0,"LINESTRING (1.59506 0.886699, 1.55219 0.875514)"
28,7,59,1,6532.320135025199,4.059005638973244,1,999999,,,0,0,,0,4,1,0,-1,0.0,"LINESTRING (1.59506 0.886699, 1.60563 0.944487)"
29,8,359,1,1577.5203178680492,0.9802281170343429,1,999999,,,0,0,,0,4,1,0,-1,0.0,"LINESTRING (1.58201 1.43724, 1.57642 1.45028)"
30,8,360,1,12237.690274777404,7.604167096311162,1,999999,,,0,0,,0,4,1,0,-1,0.0,"LINESTRING (1.58201 1.43724, 1.53106 1.33968)"
31,8,361,1,2181.173628561049,1.3553218266873683,1,999999,,,0,0,,0,4,1,0,-1,0.0,"LINESTRING (1.58201 1.43724, 1.57829 1.4565)"
32,8,364,1,9120.614443163113,5.667301156476017,1,999999,,,0,0,,0,4,1,0,-1,0.0,"LINESTRING (1.58201 1.43724, 1.56772 1.51801)"
33,9,158,1,13682.78415028811,8.502109032453124,1,999999,,,0,0,,0,4,1,0,-1,0.0,"LINESTRING (1.75289 1.29246, 1.8287 1.19552)"
34,9,168,1,12910.080296963055,8.021971924492684,1,999999,,,0,0,,0,4,1,0,-1,0.0,"LINESTRING (1.75289 1.29246, 1.79825 1.18558)"
35,9,176,1,11536.010279357472,7.1681622773046545,1,999999,,,0,0,,0,4,1,0,-1,0.0,"LINESTRING (1.75289 1.29246, 1.8113 1.20671)"
36,9,362,1,5726.86634089613,3.5585186106702937,1,999999,,,0,0,,0,4,1,0,-1,0.0,"LINESTRING (1.75289 1.29246, 1.76035 1.2415)"
37,10,140,1,7048.893018524363,4.379989945272201,1,999999,,,0,0,,0,4,1,0,-1,0.0,"LINESTRING (1.05198 0.338027, 1.05074 0.401407)"
38,10,142,1,10523.360658140216,6.538929410901498,1,999999,,,0,0,,0,4,1,0,-1,0.0,"LINESTRING (1.05198 0.338027, 1.12966 0.283967)"
39,10,144,1,558.0444938686175,0.34675363432749917,1,999999,,,0,0,,0,4,1,0,-1,0.0,"LINESTRING (1.05198 0.338027, 1.05696 0.337405)"
40,10,146,1,13455.688406917925,8.36099792891367,1,999999,,,0,0,,0,4,1,0,-1,0.0,"LINESTRING (1.05198 0.338027, 1.17253 0.34859)"
41,11,63,1,18166.05720633639,11.287892680438187,1,999999,,,0,0,,0,4,1,0,-1,0.0,"LINESTRING (1.25393 0.728249, 1.37696 0.620751)"
42,11,275,1,4480.2061597257725,2.7838779622241248,1,999999,,,0,0,,0,4,1,0,-1,0.0,"LINESTRING (1.25393 0.728249, 1.28997 0.710229)"
43,11,279,1,7415.967278064056,4.608079882476082,1,999999,,,0,0,,0,4,1,0,-1,0.0,"LINESTRING (1.25393 0.728249, 1.2297 0.790386)"
44,11,283,1,10512.945247036394,6.5324575584005835,1,999999,,,0,0,,0,4,1,0,-1,0.0,"LINESTRING (1.25393 0.728249, 1.16507 0.76056)"
45,12,112,1,3322.2532025025653,2.064357564282604,1,999999,,,0,0,,0,4,1,0,-1,0.0,"LINESTRING (1.99771 0.223694, 2.00641 0.195111)"
46,12,114,1,2563.81198029163,1.5930828664493706,1,999999,,,0,0,,0,4,1,0,-1,0.0,"LINESTRING (1.99771 0.223694, 1.99212 0.201325)"
47,12,120,1,2146.0563680012824,1.3335009183897018,1,999999,,,0,0,,0,4,1,0,-1,0.0,"LINESTRING (1.99771 0.223694, 1.97845 0.224937)"
48,12,121,1,4108.845437464722,2.5531245339485267,1,999999,,,0,0,,0,4,1,0,-1,0.0,"LINESTRING (1.99771 0.223694, 1.9623 0.213131)"
49,13,166,1,15686.130060667694,9.746933563241885,1,999999,,,0,0,,0,4,1,0,-1,0.0,"LINESTRING (1.56462 0.576634, 1.64726 0.690966)"
50,13,201,1,6883.89166280514,4.277462601318019,1,999999,,,0,0,,0,4,1,0,-1,0.0,"LINESTRING (1.56462 0.576634, 1.61743 0.544323)"
51,13,203,1,12131.07972678494,7.5379222083493485,1,999999,,,0,0,,0,4,1,0,-1,0.0,"LINESTRING (1.56462 0.576634, 1.5031 0.486535)"
52,13,398,1,11945.78596499195,7.422785716499901,1,999999,,,0,0,,0,4,1,0,-1,0.0,"LINESTRING (1.56462 0.576634, 1.47327 0.520089)"
53,14,128,1,2073.8386516483974,1.2886267983449102,1,999999,,,0,0,,0,4,1,0,-1,0.0,"LINESTRING (1.8461 0.507662, 1.85542 0.523817)"
54,14,129,1,9435.732299674934,5.863106801343989,1,999999,,,0,0,,0,4,1,0,-1,0.0,"LINESTRING (1.8461 0.507662, 1.82684 0.425019)"
55,14,130,1,11527.181059465402,7.1626760407778365,1,999999,,,0,0,,0,4,1,0,-1,0.0,"LINESTRING (1.8461 0.507662, 1.76656 0.441175)"
56,14,133,1,11429.642038668948,7.102067952495402,1,999999,,,0,0,,0,4,1,0,-1,0.0,"LINESTRING (1.8461 0.507662, 1.86971 0.407621)"
57,15,165,1,9888.351742268214,6.144352183049086,1,999999,,,0,0,,0,4,1,0,-1,0.0,"LINESTRING (1.90016 0.933302, 1.82559 0.981769)"
58,15,175,1,5265.498876788226,3.271837446896384,1,999999,,,0,0,,0,4,1,0,-1,0.0,"LINESTRING (1.90016 0.933302, 1.86288 0.904097)"
59,15,177,1,7422.212256093352,4.611960341564463,1,999999,,,0,0,,0,4,1,0,-1,0.0,"LINESTRING (1.90016 0.933302, 1.87282 0.872407)"
60,15,191,1,3030.413516573294,1.8830163399737125,1,999999,,,0,0,,0,4,1,0,-1,0.0,"LINESTRING (1.90016 0.933302, 1.88152 0.913418)"
61,16,75,1,18468.715467129416,11.47595627221682,1,999999,,,0,0,,0,4,1,0,-1,0.0,"LINESTRING (0.367853 1.13711, 0.252277 1.25642)"
62,16,241,1,14792.260972676533,9.191507681830151,1,999999,,,0,0,,0,4,1,0,-1,0.0,"LINESTRING (0.367853 1.13711, 0.257248 1.21106)"
63,16,246,1,13501.028017472028,8.38917072680231,1,999999,,,0,0,,0,4,1,0,-1,0.0,"LINESTRING (0.367853 1.13711, 0.259112 1.19117)"
64,16,317,1,19684.076037351675,12.231148195752095,1,999999,,,0,0,,0,4,1,0,-1,0.0,"LINESTRING (0.367853 1.13711, 0.286453 0.979905)"
65,17,70,1,19804.611639739825,12.306045732871754,1,999999,,,0,0,,0,4,1,0,-1,0.0,"LINESTRING (0.380901 1.61246, 0.219966 1.53603)"
66,17,251,1,9030.021826768581,5.611009374506681,1,999999,,,0,0,,0,4,1,0,-1,0.0,"LINESTRING (0.380901 1.61246, 0.305094 1.58326)"
67,17,270,1,12671.076505264831,7.873461484375478,1,999999,,,0,0,,0,4,1,0,-1,0.0,"LINESTRING (0.380901 1.61246, 0.494613 1.62054)"
68,17,273,1,10633.697670995278,6.6074898225330125,1,999999,,,0,0,,0,4,1,0,-1,0.0,"LINESTRING (0.380901 1.61246, 0.464787 1.65844)"
69,18,70,1,17167.235669004564,10.667252208361543,1,999999,,,0,0,,0,4,1,0,-1,0.0,"LINESTRING (0.241714 1.38318, 0.219966 1.53603)"
70,18,73,1,10006.604262675077,6.217831075270035,1,999999,,,0,0,,0,4,1,0,-1,0.0,"LINESTRING (0.241714 1.38318, 0.227422 1.47203)"
71,18,75,1,14143.916449196066,8.788644070983178,1,999999,,,0,0,,0,4,1,0,-1,0.0,"LINESTRING (0.241714 1.38318, 0.252277 1.25642)"
72,18,241,1,19216.645359071223,11.940699515994895,1,999999,,,0,0,,0,4,1,0,-1,0.0,"LINESTRING (0.241714 1.38318, 0.257248 1.21106)"
73,19,287,1,13578.69855839068,8.437433083370005,1,999999,,,0,0,,0,4,1,0,-1,0.0,"LINESTRING (0.920253 1.76283, 1.00662 1.67646)"
74,19,291,1,17611.68847420035,10.943423064237733,1,999999,,,0,0,,0,4,1,0,-1,0.0,"LINESTRING (0.920253 1.76283, 1.01097 1.63297)"
75,19,292,1,12760.867500238573,7.929255160648822,1,999999,,,0,0,,0,4,1,0,-1,0.0,"LINESTRING (0.920253 1.76283, 0.930195 1.6485)"
76,19,357,1,18932.88628922953,11.764379366218158,1,999999,,,0,0,,0,4,1,0,-1,0.0,"LINESTRING (0.920253 1.76283, 0.776095 1.85355)"
77,20,217,1,13664.35113903307,8.490655261804884,1,999999,,,0,0,,0,4,1,0,-1,0.0,"LINESTRING (1.221 1.83678, 1.28686 1.94055)"
78,20,220,1,19121.511720012866,11.881586066345749,1,999999,,,0,0,,0,4,1,0,-1,0.0,"LINESTRING (1.221 1.83678, 1.24523 2.00703)"
79,20,221,1,15836.992905612899,9.840675622064262,1,999999,,,0,0,,0,4,1,0,-1,0.0,"LINESTRING (1.221 1.83678, 1.22721 1.97907)"
80,20,238,1,16705.754848237324,10.380500607850005,1,999999,,,0,0,,0,4,1,0,-1,0.0,"LINESTRING (1.221 1.83678, 1.35149 1.76221)"
81,21,312,1,12314.56662559555,7.651935964802684,1,999999,,,0,0,,0,4,1,0,-1,0.0,"LINESTRING (0.945729 2.14187, 1.02154 2.06109)"
82,21,372,1,11218.633104872519,6.970952753844756,1,999999,,,0,0,,0,4,1,0,-1,0.0,"LINESTRING (0.945729 2.14187, 0.952564 2.24253)"
83,21,373,1,8194.212472033343,5.091660228437338,1,999999,,,0,0,,0,4,1,0,-1,0.0,"LINESTRING (0.945729 2.14187, 0.968099 2.21209)"
84,21,375,1,7106.248823440112,4.4156292787354525,1,999999,,,0,0,,0,4,1,0,-1,0.0,"LINESTRING (0.945729 2.14187, 0.974312 2.19904)"
85,22,228,1,9209.114800034198,5.7222928654194885,1,999999,,,0,0,,0,4,1,0,-1,0.0,"LINESTRING (1.11226 1.62178, 1.18931 1.65223)"
86,22,285,1,8775.080429730533,5.452595740943824,1,999999,,,0,0,,0,4,1,0,-1,0.0,"LINESTRING (1.11226 1.62178, 1.14146 1.6951)"
87,22,286,1,10295.949445915887,6.397622283616817,1,999999,,,0,0,,0,4,1,0,-1,0.0,"LINESTRING (1.11226 1.62178, 1.16632 1.69697)"
88,22,287,1,13222.619042445209,8.216174980082029,1,999999,,,0,0,,0,4,1,0,-1,0.0,"LINESTRING (1.11226 1.62178, 1.00662 1.67646)"
89,23,222,1,15340.754935506598,9.532326876549766,1,999999,,,0,0,,0,4,1,0,-1,0.0,"LINESTRING (1.33968 1.54908, 1.33782 1.68703)"
90,23,224,1,15546.550784316705,9.660202806316072,1,999999,,,0,0,,0,4,1,0,-1,0.0,"LINESTRING (1.33968 1.54908, 1.41362 1.66776)"
91,23,226,1,13184.176207242264,8.192287650367396,1,999999,,,0,0,,0,4,1,0,-1,0.0,"LINESTRING (1.33968 1.54908, 1.26636 1.45588)"
92,23,231,1,10178.236839144323,6.324478879008988,1,999999,,,0,0,,0,4,1,0,-1,0.0,"LINESTRING (1.33968 1.54908, 1.25269 1.5205)"
93,24,317,1,10136.921123282862,6.298806419577506,1,999999,,,0,0,,0,4,1,0,-1,0.0,"LINESTRING (0.372824 0.9507, 0.286453 0.979905)"
94,24,379,1,9108.733855527844,5.6599188832240825,1,999999,,,0,0,,0,4,1,0,-1,0.0,"LINESTRING (0.372824 0.9507, 0.292045 0.93703)"
95,24,383,1,10758.785938412588,6.68521626158089,1,999999,,,0,0,,0,4,1,0,-1,0.0,"LINESTRING (0.372824 0.9507, 0.301366 0.885456)"
96,24,385,1,8569.318675915592,5.324740996877971,1,999999,,,0,0,,0,4,1,0,-1,0.0,"LINESTRING (0.372824 0.9507, 0.435582 0.905961)"
97,25,315,1,21995.802763277774,13.667592157827293,1,999999,,,0,0,,0,4,1,0,-1,0.0,"LINESTRING (0.421291 0.275268, 0.60646 0.344862)"
98,25,331,1,8014.792913454484,4.980173806314691,1,999999,,,0,0,,0,4,1,0,-1,0.0,"LINESTRING (0.421291 0.275268, 0.471001 0.327463)"
99,25,332,1,17471.944911774524,10.856590224424004,1,999999,,,0,0,,0,4,1,0,-1,0.0,"LINESTRING (0.421291 0.275268, 0.43434 0.431854)"
100,25,334,1,18531.04446554253,11.51468581253342,1,999999,,,0,0,,0,4,1,0,-1,0.0,"LINESTRING (0.421291 0.275268, 0.534381 0.152858)"
101,26,327,1,13789.775372511313,8.568590461003463,1,999999,,,0,0,,0,4,1,0,-1,0.0,"LINESTRING (0.328706 0.557993, 0.34859 0.680403)"
102,26,328,1,13306.320382390613,8.26818471074516,1,999999,,,0,0,,0,4,1,0,-1,0.0,"LINESTRING (0.328706 0.557993, 0.319386 0.677296)"
103,26,332,1,18294.46460714552,11.367681538485046,1,999999,,,0,0,,0,4,1,0,-1,0.0,"LINESTRING (0.328706 0.557993, 0.43434 0.431854)"
104,26,335,1,19209.874242275764,11.936492128621525,1,999999,,,0,0,,0,4,1,0,-1,0.0,"LINESTRING (0.328706 0.557993, 0.182062 0.649335)"
105,27,68,1,14986.299683575195,9.312078046637254,1,999999,,,0,0,,0,4,1,0,-1,0.0,"LINESTRING (0.957535 0.617645, 0.83761 0.67916)"
106,27,78,1,9961.83479466044,6.190012548411425,1,999999,,,0,0,,0,4,1,0,-1,0.0,"LINESTRING (0.957535 0.617645, 0.993575 0.699666)"
107,27,276,1,15929.091676626338,9.897903287450967,1,999999,,,0,0,,0,4,1,0,-1,0.0,"LINESTRING (0.957535 0.617645, 1.06068 0.717064)"
108,27,280,1,14324.662181322927,8.900954541192618,1,999999,,,0,0,,0,4,1,0,-1,0.0,"LINESTRING (0.957535 0.617645, 1.04515 0.712093)"
109,28,210,1,13599.276342823297,8.450219557597089,1,999999,,,0,0,,0,4,1,0,-1,0.0,"LINESTRING (1.55157 0.270297, 1.56275 0.392086)"
110,28,213,1,10562.887431063284,6.563490269963641,1,999999,,,0,0,,0,4,1,0,-1,0.0,"LINESTRING (1.55157 0.270297, 1.64291 0.296395)"
111,28,214,1,19389.323650605977,12.047997098565858,1,999999,,,0,0,,0,4,1,0,-1,0.0,"LINESTRING (1.55157 0.270297, 1.65409 0.411349)"
112,28,215,1,10105.509633328378,6.2792881761022405,1,999999,,,0,0,,0,4,1,0,-1,0.0,"LINESTRING (1.55157 0.270297, 1.59071 0.352318)"
113,29,46,1,20464.61574852441,12.716154292147348,1,999999,,,0,0,,0,4,1,0,-1,0.0,"LINESTRING (2.02692 1.23964, 1.93433 1.39871)"
114,29,155,1,13046.932016298708,8.10700785185151,1,999999,,,0,0,,0,4,1,0,-1,0.0,"LINESTRING (2.02692 1.23964, 2.1021 1.32974)"
115,29,156,1,13077.356729683645,8.125912939269295,1,999999,,,0,0,,0,4,1,0,-1,0.0,"LINESTRING (2.02692 1.23964, 2.13007 1.29618)"
116,29,157,1,11075.401077052822,6.88195227674253,1,999999,,,0,0,,0,4,1,0,-1,0.0,"LINESTRING (2.02692 1.23964, 2.09154 1.31545)"
117,30,134,1,15425.867678580607,9.585213614637436,1,999999,,,0,0,,0,4,1,0,-1,0.0,"LINESTRING (2.19717 1.12593, 2.24067 0.994196)"
118,30,154,1,17765.336871996933,11.038895989658453,1,999999,,,0,0,,0,4,1,0,-1,0.0,"LINESTRING (2.19717 1.12593, 2.1922 1.28562)"
119,30,156,1,20347.624176509187,12.643458918879286,1,999999,,,0,0,,0,4,1,0,-1,0.0,"LINESTRING (2.19717 1.12593, 2.13007 1.29618)"
120,30,389,1,13540.889349551782,8.413939471803214,1,999999,,,0,0,,0,4,1,0,-1,0.0,"LINESTRING (2.19717 1.12593, 2.099 1.05385)"
121,31,266,1,15266.054638961645,9.485910148857077,1,999999,,,0,0,,0,4,1,0,-1,0.0,"LINESTRING (0.0236122 1.90326, 0.110604 1.79701)"
122,31,267,1,25784.593521943643,16.021843440133004,1,999999,,,0,0,,0,4,1,0,-1,0.0,"LINESTRING (0.0236122 1.90326, 0.0932059 2.12447)"
123,31,268,1,21681.653873280517,13.472388602334199,1,999999,,,0,0,,0,4,1,0,-1,0.0,"LINESTRING (0.0236122 1.90326, 0.193247 1.99958)"
124,31,269,1,18345.10241713628,11.399146493056957,1,999999,,,0,0,,0,4,1,0,-1,0.0,"LINESTRING (0.0236122 1.90326, 0.175227 1.83802)"
125,32,79,1,19933.55023437257,12.386164660278483,1,999999,,,0,0,,0,4,1,0,-1,0.0,"LINESTRING (0.628829 1.68143, 0.567313 1.51304)"
126,32,240,1,19343.59431213352,12.019582134374042,1,999999,,,0,0,,0,4,1,0,-1,0.0,"LINESTRING (0.628829 1.68143, 0.493991 1.79142)"
127,32,244,1,17748.955321609414,11.028716940863594,1,999999,,,0,0,,0,4,1,0,-1,0.0,"LINESTRING (0.628829 1.68143, 0.674811 1.83429)"
128,32,270,1,16382.538901490489,10.179663030491065,1,999999,,,0,0,,0,4,1,0,-1,0.0,"LINESTRING (0.628829 1.68143, 0.494613 1.62054)"
129,33,40,1,18853.14741298021,11.71483180246574,1,999999,,,0,0,,0,4,1,0,-1,0.0,"LINESTRING (0.196354 2.20898, 0.026719 2.20525)"
130,33,267,1,14821.20789151152,9.209494508004227,1,999999,,,0,0,,0,4,1,0,-1,0.0,"LINESTRING (0.196354 2.20898, 0.0932059 2.12447)"
131,33,268,1,23286.810008297034,14.46978886269964,1,999999,,,0,0,,0,4,1,0,-1,0.0,"LINESTRING (0.196354 2.20898, 0.193247 1.99958)"
132,33,390,1,17677.4453460512,10.984282591653226,1,999999,,,0,0,,0,4,1,0,-1,0.0,"LINESTRING (0.196354 2.20898, 0.0379037 2.19469)"
133,34,89,1,19098.532323467123,11.86730729582756,1,999999,,,0,0,,0,4,1,0,-1,0.0,"LINESTRING (0.928952 1.00725, 0.919632 0.835746)"
134,34,90,1,16772.622642050937,10.422050431885705,1,999999,,,0,0,,0,4,1,0,-1,0.0,"LINESTRING (0.928952 1.00725, 0.917146 0.856873)"
135,34,98,1,15425.888106420212,9.585226307940033,1,999999,,,0,0,,0,4,1,0,-1,0.0,"LINESTRING (0.928952 1.00725, 0.7966 0.965613)"
136,34,102,1,16025.10654259639,9.957564307477844,1,999999,,,0,0,,0,4,1,0,-1,0.0,"LINESTRING (0.928952 1.00725, 0.786658 1.03024)"
137,35,147,1,17852.464647432993,11.093034813919367,1,999999,,,0,0,,0,4,1,0,-1,0.0,"LINESTRING (2.06544 0.783551, 2.08719 0.62448)"
138,35,148,1,20286.92545974355,12.605742391131491,1,999999,,,0,0,,0,4,1,0,-1,0.0,"LINESTRING (2.06544 0.783551, 2.13566 0.615159)"
139,35,149,1,16518.556495093708,10.26418065486082,1,999999,,,0,0,,0,4,1,0,-1,0.0,"LINESTRING (2.06544 0.783551, 2.09589 0.63815)"
140,35,150,1,19596.384253005403,12.176658911731147,1,999999,,,0,0,,0,4,1,0,-1,0.0,"LINESTRING (2.06544 0.783551, 1.89581 0.735705)"
141,36,240,1,33144.94734887941,20.595366640286958,1,999999,,,0,0,,0,4,1,0,-1,0.0,"LINESTRING (0.444282 2.08533, 0.493991 1.79142)"
142,36,247,1,27952.31070929038,17.368803801117465,1,999999,,,0,0,,0,4,1,0,-1,0.0,"LINESTRING (0.444282 2.08533, 0.272161 1.90202)"
143,36,268,1,29480.661437046238,18.318479275383847,1,999999,,,0,0,,0,4,1,0,-1,0.0,"LINESTRING (0.444282 2.08533, 0.193247 1.99958)"
144,36,354,1,34264.46965287277,21.291007278059812,1,999999,,,0,0,,0,4,1,0,-1,0.0,"LINESTRING (0.444282 2.08533, 0.605217 1.82249)"
145,37,38,1,155.17716807651306,0.09642286159326996,1,2400,27.931918185690535,17.356083934960715,0,1,,1,4,1,0,-1,0.333333,"LINESTRING (0.933923 2.27795, 0.933302 2.2792)"
146,37,375,1,9855.404421372616,6.123879616098908,1,2400,126.71233350962407,78.73536938520863,0,1,,1,4,1,0,-1,4.666667,"LINESTRING (0.933923 2.27795, 0.974312 2.19904)"
147,38,37,1,155.17716807651271,0.09642286159326975,1,2400,27.931918185690474,17.356083934960676,0,1,,1,4,1,0,-1,0.333333,"LINESTRING (0.933302 2.2792, 0.933923 2.27795)"
148,40,33,1,18853.14741298021,11.71483180246574,1,999999,,,0,0,,0,4,1,0,-1,0.0,"LINESTRING (0.026719 2.20525, 0.196354 2.20898)"
149,40,390,1,1709.755118709244,1.0623952171133784,1,2400,153.87788374489008,95.6152545004461,0,1,,1,4,1,0,-1,0.666667,"LINESTRING (0.026719 2.20525, 0.0379037 2.19469)"
150,41,101,1,21421.745202807633,13.31088844048345,1,600,160.66308902105723,99.83138428810335,0,1,,1,4,1,0,-1,8.0,"LINESTRING (2.0729 0.0223694, 2.25869 0.073322)"
151,41,113,1,14027.724341050916,8.716445462767917,1,600,140.27724341050916,87.16421101523149,0,1,,1,4,1,0,-1,6.0,"LINESTRING (2.0729 0.0223694, 1.96727 0.0913418)"
152,42,41,1,13553.34912095855,8.421681634060269,1,600,162.6401894515026,101.05989715966963,0,1,,1,4,1,0,-1,5.0,"LINESTRING (1.95857 0.0646228, 2.0729 0.0223694)"
153,44,46,1,3127.673226891984,1.9434508723402044,1,2800,140.74533039647187,87.45506669378612,0,1,,1,4,1,0,-1,1.333333,"LINESTRING (1.94862 1.42294, 1.93433 1.39871)"
154,44,47,1,22090.343614297784,13.726337265150798,1,2800,72.29567132489586,44.92243358682187,0,1,,1,4,1,0,-1,18.333333,"LINESTRING (1.94862 1.42294, 1.78396 1.53417)"
155,45,46,1,22268.252201046562,13.836884810572386,1,2800,69.1083700913233,42.941937032015645,0,1,,1,4,1,0,-1,19.333333,"LINESTRING (1.77029 1.51366, 1.93433 1.39871)"
156,45,47,1,2740.4497833568657,1.702840781535826,1,2800,123.32027108112672,76.6276401619508,0,1,,1,4,1,0,-1,1.333333,"LINESTRING (1.77029 1.51366, 1.78396 1.53417)"
157,46,29,1,20464.61574852441,12.716154292147348,1,999999,,,0,0,,0,4,1,0,-1,0.0,"LINESTRING (1.93433 1.39871, 2.02692 1.23964)"
158,46,49,1,2442.819367617562,1.517901355597675,1,2800,109.92689902451504,68.30538717376193,0,1,,1,4,1,0,-1,1.333333,"LINESTRING (1.93433 1.39871, 1.9536 1.38815)"
159,46,212,1,5724.132614803956,3.5568199478071487,1,2800,171.72397844411867,106.70430020980046,0,1,,1,4,1,0,-1,2.0,"LINESTRING (1.93433 1.39871, 1.90886 1.35397)"
160,47,66,1,1686.6631024388967,1.0480464677687107,1,2800,151.79960331969903,94.32387131436471,0,1,,1,4,1,0,-1,0.666667,"LINESTRING (1.78396 1.53417, 1.77153 1.54287)"
161,48,44,1,2606.870663287725,1.6198383581391909,1,2800,93.84732510889309,58.31400625023801,0,1,,1,4,1,0,-1,1.666667,"LINESTRING (1.96851 1.41052, 1.94862 1.42294)"
162,49,48,1,2989.0438554632524,1.8573103604354908,1,2800,33.62674547563318,20.894684462939665,0,1,,1,4,1,0,-1,5.333333,"LINESTRING (1.9536 1.38815, 1.96851 1.41052)"
163,49,157,1,17334.36185672084,10.771099864988654,1,2400,164.22027886473842,102.04171889846138,0,1,,1,4,1,0,-1,6.333333,"LINESTRING (1.9536 1.38815, 2.09154 1.31545)"
164,50,7,1,5505.6535974822955,3.421063042913428,1,999999,,,0,0,,0,4,1,0,-1,0.0,"LINESTRING (1.54784 0.901612, 1.59506 0.886699)"
165,50,51,1,8719.136924799279,5.417833972186909,1,2800,58.12757949866185,36.118792200663016,0,1,,1,4,1,0,-1,9.0,"LINESTRING (1.54784 0.901612, 1.50434 0.836368)"
166,51,7,1,11535.098841126242,7.167595934436629,1,999999,,,0,0,,0,4,1,0,-1,0.0,"LINESTRING (1.50434 0.836368, 1.59506 0.886699)"
167,51,54,1,2054.376688739895,1.276533665191877,1,2400,123.2626013243937,76.59180584753985,0,1,,1,4,1,0,-1,1.0,"LINESTRING (1.50434 0.836368, 1.51677 0.822698)"
168,51,58,1,3566.408227526705,2.2160688403486555,1,2800,128.39067051282728,79.778239327226,0,1,,1,4,1,0,-1,1.666667,"LINESTRING (1.50434 0.836368, 1.48757 0.809027)"
169,51,196,1,13603.829728839632,8.453048907527082,1,2400,87.45319423729742,54.34087875642374,0,1,,1,4,1,0,-1,9.333333,"LINESTRING (1.50434 0.836368, 1.42294 0.927709)"
170,52,54,1,6401.500488653587,3.9777178772997552,1,2800,50.09869729821514,31.12987763888924,0,1,,1,4,1,0,-1,7.666667,"LINESTRING (1.4857 0.77423, 1.51677 0.822698)"
171,52,163,1,8638.221403567231,5.367555273321506,1,900,111.06283868423306,69.01122713606058,0,1,,1,4,1,0,-1,4.666667,"LINESTRING (1.4857 0.77423, 1.56337 0.776095)"
172,53,50,1,7899.548234980312,4.908563905066868,1,2800,142.19188244883387,88.35391218911435,0,1,,1,4,1,0,-1,3.333333,"LINESTRING (1.5932 0.956293, 1.54784 0.901612)"
173,54,51,1,2054.376688739893,1.2765336651918757,1,2800,73.95754600312694,45.95507431750899,0,1,,1,4,1,0,-1,1.666667,"LINESTRING (1.51677 0.822698, 1.50434 0.836368)"
174,54,55,1,7071.02000880221,4.39373905377497,1,2800,115.70758962516439,71.89734067297802,0,1,,1,4,1,0,-1,3.666667,"LINESTRING (1.51677 0.822698, 1.55219 0.875514)"
175,54,163,1,7327.8967380347785,4.553355249999863,1,900,146.5579347606956,91.06685048018818,0,1,,1,4,1,0,-1,3.0,"LINESTRING (1.51677 0.822698, 1.56337 0.776095)"
176,55,7,1,4925.962947686449,3.060859077439478,1,999999,,,0,0,,0,4,1,0,-1,0.0,"LINESTRING (1.55219 0.875514, 1.59506 0.886699)"
177,55,59,1,9701.659635628324,6.02834679783534,1,2800,174.62989090429892,108.50994994109513,0,1,,1,4,1,0,-1,3.333333,"LINESTRING (1.55219 0.875514, 1.60563 0.944487)"
178,56,53,1,3223.8625507027737,2.003220295713009,1,2800,193.4317530421664,120.19288181956398,0,1,,1,4,1,0,-1,1.0,"LINESTRING (1.6137 0.976798, 1.5932 0.956293)"
179,57,64,1,18952.436154860177,11.776527119726211,1,2800,117.63580655996638,73.09547875797287,0,1,,1,4,1,0,-1,9.666667,"LINESTRING (1.46768 0.774852, 1.37199 0.6338)"
180,58,57,1,4396.731701993736,2.732009209982811,1,2800,158.28230961531258,98.35203700797639,0,1,,1,4,1,0,-1,1.666667,"LINESTRING (1.48757 0.809027, 1.46768 0.774852)"
181,59,7,1,6532.32013502521,4.05900563897325,1,999999,,,0,0,,0,4,1,0,-1,0.0,"LINESTRING (1.60563 0.944487, 1.59506 0.886699)"
182,59,60,1,3323.0565996643313,2.064856773375627,1,2800,199.38339597985987,123.8910601434015,0,1,,1,4,1,0,-1,1.0,"LINESTRING (1.60563 0.944487, 1.62613 0.966235)"
183,60,61,1,3928.7441890677933,2.441214528358081,1,2800,176.79353270643387,109.85437421132951,0,1,,1,4,1,0,-1,1.333333,"LINESTRING (1.62613 0.966235, 1.65534 0.986119)"
184,60,394,1,11243.623495460884,6.986481101234597,1,2800,183.98654956330998,114.32390628870348,0,1,,1,4,1,0,-1,3.666667,"LINESTRING (1.62613 0.966235, 1.70008 1.03521)"
185,61,172,1,9740.536746430424,6.052503974567478,1,600,146.10805119645636,90.78730587999328,0,1,,1,4,1,0,-1,4.0,"LINESTRING (1.65534 0.986119, 1.70132 0.911554)"
186,61,393,1,7379.91764059246,4.585679620585123,1,2800,166.04812615731458,103.17749019849673,0,1,,1,4,1,0,-1,2.666667,"LINESTRING (1.65534 0.986119, 1.70753 1.02713)"
187,62,56,1,9141.453152959473,5.680249762610433,1,2800,205.68267023125438,127.80524648426477,0,1,,1,4,1,0,-1,2.666667,"LINESTRING (1.68268 1.02154, 1.6137 0.976798)"
188,63,11,1,18166.057206336387,11.287892680438185,1,999999,,,0,0,,0,4,1,0,-1,0.0,"LINESTRING (1.37696 0.620751, 1.25393 0.728249)"
189,63,52,1,20914.85581762596,12.995921196034377,1,2800,104.5742790881298,64.9794243712703,0,1,,1,4,1,0,-1,12.0,"LINESTRING (1.37696 0.620751, 1.4857 0.77423)"
190,63,64,1,1552.6526756630037,0.9647760421433655,1,2800,139.73867094033486,86.82955770086681,0,1,,1,4,1,0,-1,0.666667,"LINESTRING (1.37696 0.620751, 1.37199 0.6338)"
191,63,348,1,6304.255574605169,3.9172925389322146,1,900,141.84573269789973,88.13882477222666,0,1,,1,4,1,0,-1,2.666667,"LINESTRING (1.37696 0.620751, 1.41611 0.579741)"
192,64,65,1,1092.3093789595468,0.6787312680723445,1,2800,98.30779495246175,61.08561285740611,0,1,,1,4,1,0,-1,0.666667,"LINESTRING (1.37199 0.6338, 1.3664 0.625722)"
193,64,279,1,23525.70542266658,14.618231960099532,1,900,162.87026204652776,101.202857598113,0,1,,1,4,1,0,-1,8.666667,"LINESTRING (1.37199 0.6338, 1.2297 0.790386)"
194,65,63,1,1297.7530874148058,0.8063883874226738,1,2800,58.39890353339214,36.287385087447404,0,1,,1,4,1,0,-1,1.333333,"LINESTRING (1.3664 0.625722, 1.37696 0.620751)"
195,65,351,1,7987.488819889082,4.963207786974215,1,2800,143.77481313548478,89.33749941280931,0,1,,1,4,1,0,-1,3.333333,"LINESTRING (1.3664 0.625722, 1.3229 0.568556)"
196,66,67,1,2511.3549665880023,1.560487508287871,1,2800,90.40876071541594,56.177382054498715,0,1,,1,4,1,0,-1,1.666667,"LINESTRING (1.77153 1.54287, 1.75973 1.52361)"
197,66,193,1,19338.04807917929,12.016135856425176,1,2400,133.87878924513396,83.18839715203814,0,1,,1,4,1,0,-1,8.666667,"LINESTRING (1.77153 1.54287, 1.61681 1.6224)"
198,67,45,1,1613.0485492030423,1.0023043913672949,1,2800,145.17429684112537,90.2070980024669,0,1,,1,4,1,0,-1,0.666667,"LINESTRING (1.75973 1.52361, 1.77029 1.51366)"
199,67,369,1,2973.8789362557086,1.847887293086426,1,2800,178.4327361753425,110.87292771000875,0,1,,1,4,1,0,-1,1.0,"LINESTRING (1.75973 1.52361, 1.74606 1.50062)"
200,68,27,1,14986.2996835752,9.312078046637255,1,999999,,,0,0,,0,4,1,0,-1,0.0,"LINESTRING (0.83761 0.67916, 0.957535 0.617645)"
201,68,100,1,18211.763179377078,11.316293125987722,1,600,102.44116468270965,63.65396894005998,0,1,,1,4,1,0,-1,10.666667,"LINESTRING (0.83761 0.67916, 0.674811 0.661141)"
202,69,314,1,9035.251945878288,5.6142592279308845,1,2800,67.76438959408716,42.106826526467536,0,1,,1,4,1,0,-1,8.0,"LINESTRING (0.788522 0.38028, 0.710229 0.358532)"
203,70,17,1,19804.611639739825,12.306045732871754,1,999999,,,0,0,,0,4,1,0,-1,0.0,"LINESTRING (0.219966 1.53603, 0.380901 1.61246)"
204,70,18,1,17167.235669004545,10.667252208361532,1,999999,,,0,0,,0,4,1,0,-1,0.0,"LINESTRING (0.219966 1.53603, 0.241714 1.38318)"
205,70,73,1,7164.582906045239,4.451876487283756,1,900,107.46874359067859,66.77796067368354,0,1,,1,4,1,0,-1,4.0,"LINESTRING (0.219966 1.53603, 0.227422 1.47203)"
206,70,245,1,5316.751449404653,3.303684398203396,1,900,159.50254348213957,99.11025494604056,0,1,,1,4,1,0,-1,2.0,"LINESTRING (0.219966 1.53603, 0.212509 1.58326)"
207,71,243,1,13190.600521063849,8.196279543827812,1,900,158.28720625276617,98.35507963648757,0,1,,1,4,1,0,-1,5.0,"LINESTRING (0.0969341 1.59444, 0.202568 1.6485)"
208,72,39,1,21190.730138973446,13.16734197806147,1,900,173.3787090179059,107.7325018011652,0,1,,1,4,1,0,-1,7.333333,"LINESTRING (0.170256 1.6311, 0.0 1.54535)"
209,73,18,1,10006.604262675082,6.2178310752700385,1,999999,,,0,0,,0,4,1,0,-1,0.0,"LINESTRING (0.227422 1.47203, 0.241714 1.38318)"
210,73,75,1,24133.45580427062,14.995871477916799,1,900,98.72777150093044,61.346574105304654,0,1,,1,4,1,0,-1,14.666667,"LINESTRING (0.227422 1.47203, 0.252277 1.25642)"
211,74,96,1,39525.114377484904,24.55982848713442,1,2400,78.18154578163546,48.57974528388061,0,1,,1,4,1,0,-1,30.333333,"LINESTRING (0.597139 1.28624, 0.639393 0.933302)"
212,75,16,1,18468.715467129412,11.475956272216818,1,999999,,,0,0,,0,4,1,0,-1,0.0,"LINESTRING (0.252277 1.25642, 0.367853 1.13711)"
213,75,18,1,14143.91644919608,8.788644070983187,1,999999,,,0,0,,0,4,1,0,-1,0.0,"LINESTRING (0.252277 1.25642, 0.241714 1.38318)"
214,75,70,1,31298.034785994096,19.447745526734003,1,900,165.69548315218884,102.95836806175873,0,1,,1,4,1,0,-1,11.333333,"LINESTRING (0.252277 1.25642, 0.219966 1.53603)"
215,75,317,1,30980.973232834385,19.250732121760716,1,900,168.9871267245512,105.0036999199611,0,1,,1,4,1,0,-1,11.0,"LINESTRING (0.252277 1.25642, 0.286453 0.979905)"
216,76,79,1,12191.173293202346,7.57526271216918,1,900,47.70459218436988,29.642250150194098,0,1,,1,4,1,0,-1,15.333333,"LINESTRING (0.458573 1.49875, 0.567313 1.51304)"
217,77,69,1,9538.195526381405,5.926774656928559,1,2800,81.75596165469776,50.8007836493412,0,1,,1,4,1,0,-1,7.0,"LINESTRING (0.87365 0.390843, 0.788522 0.38028)"
218,78,27,1,9961.834794660448,6.1900125484114294,1,999999,,,0,0,,0,4,1,0,-1,0.0,"LINESTRING (0.993575 0.699666, 0.957535 0.617645)"
219,78,68,1,17490.550275782443,10.86815109037397,1,600,149.91900236384953,93.15532041782755,0,1,,1,4,1,0,-1,7.0,"LINESTRING (0.993575 0.699666, 0.83761 0.67916)"
220,78,104,1,16327.826876744357,10.145666469946908,1,600,163.27826876744356,101.45638114229517,0,1,,1,4,1,0,-1,6.0,"LINESTRING (0.993575 0.699666, 0.97307 0.845067)"
221,78,280,1,5898.589735054296,3.6652228460451473,1,600,132.71825244894012,82.46727324245037,0,1,,1,4,1,0,-1,2.666667,"LINESTRING (0.993575 0.699666, 1.04515 0.712093)"
222,79,32,1,19933.55023437256,12.386164660278476,1,999999,,,0,0,,0,4,1,0,-1,0.0,"LINESTRING (0.567313 1.51304, 0.628829 1.68143)"
223,79,81,1,6179.7655029564285,3.839937802426106,1,2400,55.61788674571351,34.55934190507075,0,1,,1,4,1,0,-1,6.666667,"LINESTRING (0.567313 1.51304, 0.577255 1.45836)"
224,79,251,1,30174.554700318375,18.74964563132612,1,900,129.3195201442216,80.35539955153511,0,1,,1,4,1,0,-1,14.0,"LINESTRING (0.567313 1.51304, 0.305094 1.58326)"
225,79,273,1,19780.441342010225,12.291026968825872,1,2400,98.90220671005112,61.45496308563117,0,1,,1,4,1,0,-1,12.0,"LINESTRING (0.567313 1.51304, 0.464787 1.65844)"
226,79,352,1,21540.357663410537,13.384590989729045,1,2400,129.24214598046322,80.30732149002641,0,1,,1,4,1,0,-1,10.0,"LINESTRING (0.567313 1.51304, 0.749997 1.57767)"
227,80,76,1,30728.40995498787,19.09379618662798,1,900,125.70712877706109,78.11076431533122,0,1,,1,4,1,0,-1,14.666667,"LINESTRING (0.23985 1.66776, 0.458573 1.49875)"
228,80,82,1,2382.056110297421,1.4801447241089027,1,900,107.19255176152187,66.60634308060861,0,1,,1,4,1,0,-1,1.333333,"LINESTRING (0.23985 1.66776, 0.258491 1.67833)"
229,80,243,1,4664.539445294642,2.8984176403337036,1,900,93.29078890589284,57.96819079324354,0,1,,1,4,1,0,-1,3.0,"LINESTRING (0.23985 1.66776, 0.202568 1.6485)"
230,81,74,1,19266.11368124991,11.971437782724541,1,2400,63.05273683050402,39.179142137107114,0,1,,1,4,1,0,-1,18.333333,"LINESTRING (0.577255 1.45836, 0.597139 1.28624)"
231,81,79,1,6179.765502956458,3.839937802426124,1,2400,32.716406566134374,20.32902626440548,0,1,,1,4,1,0,-1,11.333333,"LINESTRING (0.577255 1.45836, 0.567313 1.51304)"
232,81,255,1,13089.466420760305,8.133437571153582,1,900,117.80519189658315,73.20072989397177,0,1,,1,4,1,0,-1,6.666667,"LINESTRING (0.577255 1.45836, 0.68786 1.41797)"
233,82,80,1,2382.056110297419,1.4801447241089012,1,900,142.92336661784512,88.80843523869704,0,1,,1,4,1,0,-1,1.0,"LINESTRING (0.258491 1.67833, 0.23985 1.66776)"
234,82,229,1,3032.820772575829,1.884512143223824,1,900,136.47696888515452,84.80283063313735,0,1,,1,4,1,0,-1,1.333333,"LINESTRING (0.258491 1.67833, 0.282103 1.692)"
235,83,97,1,4441.390393312938,2.759758903223022,1,2400,199.8626176647366,124.18883460095505,0,1,,1,4,1,0,-1,1.333333,"LINESTRING (0.666733 0.720792, 0.663005 0.76056)"
236,83,100,1,6693.432735091085,4.159116616184949,1,2400,32.56264661835249,20.233484291892303,0,1,,1,4,1,0,-1,12.333333,"LINESTRING (0.666733 0.720792, 0.674811 0.661141)"
237,83,344,1,13728.371089230095,8.530435513458993,1,600,53.71971412567677,33.3798724859859,0,1,,1,4,1,0,-1,15.333333,"LINESTRING (0.666733 0.720792, 0.544323 0.704637)"
238,84,85,1,9135.37213804154,5.67647118572927,1,2400,56.70230786707481,35.23316974167214,0,1,,1,4,1,0,-1,9.666667,"LINESTRING (0.735084 0.835746, 0.653684 0.824562)"
239,85,87,1,13710.655156845127,8.519427316070644,1,2400,53.65039091048943,33.336797050441724,0,1,,1,4,1,0,-1,15.333333,"LINESTRING (0.653684 0.824562, 0.531274 0.809649)"
240,85,91,1,2228.2129842424256,1.384550799857349,1,2400,100.26960935831148,62.30462743658337,0,1,,1,4,1,0,-1,1.333333,"LINESTRING (0.653684 0.824562, 0.65617 0.804678)"
241,85,252,1,20961.63167603053,13.024986439180369,1,2400,198.58388948786236,123.39426999496253,0,1,,1,4,1,0,-1,6.333333,"LINESTRING (0.653684 0.824562, 0.630072 1.01159)"
242,86,87,1,2228.199320586343,1.3845423096339764,1,600,100.26899449363405,62.30424537750389,0,1,,1,4,1,0,-1,1.333333,"LINESTRING (0.533759 0.789765, 0.531274 0.809649)"
243,86,91,1,13710.831580395525,8.519536940854962,1,2400,77.12342522961778,47.92225985835283,0,1,,1,4,1,0,-1,10.666667,"LINESTRING (0.533759 0.789765, 0.65617 0.804678)"
244,86,344,1,9538.409610602132,5.9269076830266645,1,600,37.32421233114339,23.1921831404149,0,1,,1,4,1,0,-1,15.333333,"LINESTRING (0.533759 0.789765, 0.544323 0.704637)"
245,87,86,1,2228.19932058635,1.3845423096339806,1,600,100.26899449363437,62.30424537750408,0,1,,1,4,1,0,-1,1.333333,"LINESTRING (0.531274 0.809649, 0.533759 0.789765)"
246,87,108,1,12063.45583537692,7.495902565882239,1,600,108.57109708983742,67.46293116980937,0,1,,1,4,1,0,-1,6.666667,"LINESTRING (0.531274 0.809649, 0.512633 0.916525)"
247,87,384,1,14945.927696617335,9.286991994617257,1,2400,134.51334254388888,83.58269016983878,0,1,,1,4,1,0,-1,6.666667,"LINESTRING (0.531274 0.809649, 0.397679 0.794736)"
248,88,85,1,6967.45794434076,4.329388410367455,1,2400,96.47250203491069,59.94521506193449,0,1,,1,4,1,0,-1,4.333333,"LINESTRING (0.645606 0.886699, 0.653684 0.824562)"
249,89,34,1,19098.532323467123,11.86730729582756,1,999999,,,0,0,,0,4,1,0,-1,0.0,"LINESTRING (0.919632 0.835746, 0.928952 1.00725)"
250,89,104,1,6031.128008720981,3.7475785158642556,1,2400,135.70036323367665,84.3202704028729,0,1,,1,4,1,0,-1,2.666667,"LINESTRING (0.919632 0.835746, 0.97307 0.845067)"
251,90,34,1,16772.622642050937,10.422050431885705,1,999999,,,0,0,,0,4,1,0,-1,0.0,"LINESTRING (0.917146 0.856873, 0.928952 1.00725)"
252,90,94,1,11521.442697466693,7.159110379078811,1,2400,66.89870169170021,41.56891316887345,0,1,,1,4,1,0,-1,10.333333,"LINESTRING (0.917146 0.856873, 0.813998 0.846931)"
253,91,83,1,9401.357362150531,5.841747152342284,1,2400,65.08631769618376,40.4427503131954,0,1,,1,4,1,0,-1,8.666667,"LINESTRING (0.65617 0.804678, 0.666733 0.720792)"
254,91,85,1,2228.21298424242,1.3845507998573454,1,2400,200.53906831228363,124.60916141627199,0,1,,1,4,1,0,-1,0.666667,"LINESTRING (0.65617 0.804678, 0.653684 0.824562)"
255,91,92,1,8895.764911189144,5.527585787458924,1,2400,114.37411211713813,71.06875642033823,0,1,,1,4,1,0,-1,4.666667,"LINESTRING (0.65617 0.804678, 0.735705 0.813377)"
256,92,95,1,9117.625128090656,5.665443677588737,1,2400,65.64690354812888,40.791082104604385,0,1,,1,4,1,0,-1,8.333333,"LINESTRING (0.735705 0.813377, 0.817105 0.823319)"
257,93,86,1,9040.879160888759,5.617755825921657,1,2400,40.68395724109835,25.27983119485852,0,1,,1,4,1,0,-1,13.333333,"LINESTRING (0.452981 0.780444, 0.533759 0.789765)"
258,94,84,1,8861.613988673837,5.506365335276472,1,2400,132.92420983010754,82.59524918634375,0,1,,1,4,1,0,-1,4.0,"LINESTRING (0.813998 0.846931, 0.735084 0.835746)"
259,94,95,1,2648.1662873683213,1.6454983330858126,1,900,95.33396727846612,59.23776258178777,0,1,,1,4,1,0,-1,1.666667,"LINESTRING (0.813998 0.846931, 0.817105 0.823319)"
260,94,98,1,13337.863825038728,8.287784946026775,1,900,82.78673812828389,51.441278257509886,0,1,,1,4,1,0,-1,9.666667,"LINESTRING (0.813998 0.846931, 0.7966 0.965613)"
261,95,89,1,11482.75011553013,7.135067863552843,1,2400,137.79300138636154,85.62057506444485,0,1,,1,4,1,0,-1,5.0,"LINESTRING (0.817105 0.823319, 0.919632 0.835746)"
262,95,94,1,2648.166287368312,1.6454983330858068,1,900,79.44498862104936,49.36481202445006,0,1,,1,4,1,0,-1,2.0,"LINESTRING (0.817105 0.823319, 0.813998 0.846931)"
263,96,88,1,5227.861711722245,3.248450738639595,1,2400,78.41792567583367,48.72662489511845,0,1,,1,4,1,0,-1,4.0,"LINESTRING (0.639393 0.933302, 0.645606 0.886699)"
264,97,91,1,4964.217844857721,3.084629627585048,1,2400,178.71180667251662,111.04633402390833,0,1,,1,4,1,0,-1,1.666667,"LINESTRING (0.663005 0.76056, 0.65617 0.804678)"
265,98,34,1,15425.888106420205,9.58522630794003,1,999999,,,0,0,,0,4,1,0,-1,0.0,"LINESTRING (0.7966 0.965613, 0.928952 1.00725)"
266,98,250,1,23656.459968384042,14.699479270001396,1,900,81.88774761917067,50.882671625871694,0,1,,1,4,1,0,-1,17.333333,"LINESTRING (0.7966 0.965613, 0.766774 1.17626)"
267,99,100,1,7074.918679078563,4.3961615811938834,1,2400,212.2475603723569,131.8844788361318,0,1,,1,4,1,0,-1,2.0,"LINESTRING (0.680403 0.597761, 0.674811 0.661141)"
268,100,83,1,6693.432735091101,4.159116616184959,1,2400,200.80298205273303,124.77314976108877,0,1,,1,4,1,0,-1,2.0,"LINESTRING (0.674811 0.661141, 0.666733 0.720792)"
269,100,106,1,9026.30417420866,5.60869932656161,1,600,124.9796058720896,77.6587026803462,0,1,,1,4,1,0,-1,4.333333,"LINESTRING (0.674811 0.661141, 0.755589 0.669218)"
270,100,320,1,27210.075550868474,16.907599109491144,1,2400,85.9265543711636,53.3922690161643,0,1,,1,4,1,0,-1,19.0,"LINESTRING (0.674811 0.661141, 0.704015 0.418184)"
271,100,343,1,13917.015563939289,8.647654046962911,1,600,92.78010375959526,57.65086585320347,0,1,,1,4,1,0,-1,9.0,"LINESTRING (0.674811 0.661141, 0.550536 0.646228)"
272,101,103,1,14795.737392525434,9.193667834345407,1,600,59.182949570101734,36.77456855732368,0,1,,1,4,1,0,-1,15.0,"LINESTRING (2.25869 0.073322, 2.33077 0.185169)"
273,101,392,1,8476.313978920862,5.266950413785069,1,600,169.52627957841722,105.33871386792069,0,1,,1,4,1,0,-1,3.0,"LINESTRING (2.25869 0.073322, 2.1922 0.0360396)"
274,102,34,1,16025.10654259639,9.957564307477844,1,999999,,,0,0,,0,4,1,0,-1,0.0,"LINESTRING (0.786658 1.03024, 0.928952 1.00725)"
275,102,94,1,20608.461330426908,12.805536015029087,1,900,65.07935156976917,40.43842176425904,0,1,,1,4,1,0,-1,19.0,"LINESTRING (0.786658 1.03024, 0.813998 0.846931)"
276,103,101,1,14795.737392525436,9.193667834345407,1,600,166.45205606916468,103.42848053175292,0,1,,1,4,1,0,-1,5.333333,"LINESTRING (2.33077 0.185169, 2.25869 0.073322)"
277,103,117,1,2666.6208354746814,1.656965486146297,1,900,95.99833087742236,59.65057885563481,0,1,,1,4,1,0,-1,1.666667,"LINESTRING (2.33077 0.185169, 2.31026 0.197597)"
278,103,137,1,5377.859472956223,3.341655258028896,1,900,138.28783477427925,85.92805018152868,0,1,,1,4,1,0,-1,2.333333,"LINESTRING (2.33077 0.185169, 2.34755 0.230529)"
279,104,281,1,13607.394425538272,8.455263912870043,1,2400,90.7159628369218,56.368268543940935,0,1,,1,4,1,0,-1,9.0,"LINESTRING (0.97307 0.845067, 1.09362 0.866194)"
280,105,78,1,13885.012176896878,8.627768014774306,1,600,166.62014612276252,103.53292681644707,0,1,,1,4,1,0,-1,5.0,"LINESTRING (0.976177 0.823319, 0.993575 0.699666)"
281,106,78,1,26676.70260072221,16.576175699803777,1,600,145.50928691303022,90.4152511184365,0,1,,1,4,1,0,-1,11.0,"LINESTRING (0.755589 0.669218, 0.993575 0.699666)"
282,107,87,1,6910.665942977713,4.29409940906068,1,600,177.70286391983603,110.41940625673244,0,1,,1,4,1,0,-1,2.333333,"LINESTRING (0.518846 0.870543, 0.531274 0.809649)"
283,108,107,1,5159.423491092249,3.205925094195291,1,600,154.78270473276746,96.17748402250444,0,1,,1,4,1,0,-1,2.0,"LINESTRING (0.512633 0.916525, 0.518846 0.870543)"
284,108,385,1,8646.769599144709,5.372866889000901,1,600,141.49258057758792,87.91938628607639,0,1,,1,4,1,0,-1,3.666667,"LINESTRING (0.512633 0.916525, 0.435582 0.905961)"
285,109,90,1,5836.391756775973,3.6265747180682597,1,2400,175.09175270327918,108.79693746898928,0,1,,1,4,1,0,-1,2.0,"LINESTRING (0.969341 0.862465, 0.917146 0.856873)"
286,110,118,1,7296.2600226817,4.53369705760231,1,900,119.393334971761,74.18755594473811,0,1,,1,4,1,0,-1,3.666667,"LINESTRING (2.11515 0.309444, 2.1748 0.282103)"
287,111,110,1,10417.843146981093,6.473363706228078,1,900,117.20074272858372,72.8251427100028,0,1,,1,4,1,0,-1,5.333333,"LINESTRING (2.02816 0.34424, 2.11515 0.309444)"
288,111,119,1,3592.8754478800547,2.23251484949113,1,900,161.67943557446134,100.46291256233862,0,1,,1,4,1,0,-1,1.333333,"LINESTRING (2.02816 0.34424, 2.01573 0.314415)"
289,111,133,1,18975.782404008856,11.791033842450233,1,900,71.1591840150332,44.2162533306052,0,1,,1,4,1,0,-1,16.0,"LINESTRING (2.02816 0.34424, 1.86971 0.407621)"
290,111,396,1,20159.66944552137,12.526668973319106,1,900,139.56693694718882,86.72284717781167,0,1,,1,4,1,0,-1,8.666667,"LINESTRING (2.02816 0.34424, 2.09838 0.51139)"
291,112,12,1,3322.2532025025644,2.064357564282603,1,999999,,,0,0,,0,4,1,0,-1,0.0,"LINESTRING (2.00641 0.195111, 1.99771 0.223694)"
292,112,113,1,12332.119561548136,7.662842880651781,1,900,170.75243783316174,106.10061304882954,0,1,,1,4,1,0,-1,4.333333,"LINESTRING (2.00641 0.195111, 1.96727 0.0913418)"
293,113,42,1,3124.5518168066847,1.9415113132132955,1,600,187.47310900840108,116.49035321765919,0,1,,1,4,1,0,-1,1.0,"LINESTRING (1.96727 0.0913418, 1.95857 0.0646228)"
294,113,114,1,12537.867018128309,7.790688740805741,1,900,90.27264614142966,56.09280440554629,0,1,,1,4,1,0,-1,8.333333,"LINESTRING (1.96727 0.0913418, 1.99212 0.201325)"
295,113,125,1,8866.499476039997,5.509401043931051,1,900,132.99749214059995,82.64078468889673,0,1,,1,4,1,0,-1,4.0,"LINESTRING (1.96727 0.0913418, 1.89332 0.121168)"
296,114,12,1,2563.8119802916294,1.5930828664493704,1,999999,,,0,0,,0,4,1,0,-1,0.0,"LINESTRING (1.99212 0.201325, 1.99771 0.223694)"
297,114,120,1,3033.798165105848,1.8851194682949832,1,900,78.0119639615738,48.474372058767074,0,1,,1,4,1,0,-1,2.333333,"LINESTRING (1.99212 0.201325, 1.97845 0.224937)"
298,114,121,1,3566.230031831212,2.2159581144016878,1,900,160.4803915525024,99.71786137936996,0,1,,1,4,1,0,-1,1.333333,"LINESTRING (1.99212 0.201325, 1.9623 0.213131)"
299,115,41,1,2886.2413161430995,1.793431665243578,1,600,129.8808916966624,80.70421955444681,0,1,,1,4,1,0,-1,1.333333,"LINESTRING (2.07787 0.0478457, 2.0729 0.0223694)"
300,115,113,1,13215.034953392646,8.211462433912441,1,600,118.93530863376837,73.90295166107329,0,1,,1,4,1,0,-1,6.666667,"LINESTRING (2.07787 0.0478457, 1.96727 0.0913418)"
301,115,116,1,11948.252466261121,7.424318333143477,1,600,107.53426681963674,66.8186749079845,0,1,,1,4,1,0,-1,6.666667,"LINESTRING (2.07787 0.0478457, 2.12012 0.146644)"
302,116,118,1,16243.238315644852,10.093105444247241,1,600,71.31177623181212,44.311069708937325,0,1,,1,4,1,0,-1,13.666667,"LINESTRING (2.12012 0.146644, 2.1748 0.282103)"
303,117,103,1,2666.620835474681,1.6569654861462968,1,900,68.57025985081462,42.607570933760535,0,1,,1,4,1,0,-1,2.333333,"LINESTRING (2.31026 0.197597, 2.33077 0.185169)"
304,117,115,1,30741.023786199945,19.101634077447866,1,600,108.49773101011745,67.4173436154877,0,1,,1,4,1,0,-1,17.0,"LINESTRING (2.31026 0.197597, 2.07787 0.0478457)"
305,117,118,1,17753.071081607035,11.03127436191671,1,900,159.77763174558171,99.28118681538386,0,1,,1,4,1,0,-1,6.666667,"LINESTRING (2.31026 0.197597, 2.1748 0.282103)"
306,118,111,1,17708.895604104782,11.003824924568322,1,900,91.07431764755837,56.59093983098099,0,1,,1,4,1,0,-1,11.666667,"LINESTRING (2.1748 0.282103, 2.02816 0.34424)"
307,118,115,1,28190.051772478742,17.516529616164853,1,600,89.02121612361708,55.31520208394807,0,1,,1,4,1,0,-1,19.0,"LINESTRING (2.1748 0.282103, 2.07787 0.0478457)"
308,118,117,1,17753.071081607035,11.03127436191671,1,900,93.98684966694458,58.40070276439902,0,1,,1,4,1,0,-1,11.333333,"LINESTRING (2.1748 0.282103, 2.31026 0.197597)"
309,119,120,1,10778.51510679961,6.697475428933359,1,900,97.00663111086493,60.27710737998925,0,1,,1,4,1,0,-1,6.666667,"LINESTRING (2.01573 0.314415, 1.97845 0.224937)"
310,120,12,1,2146.0563680012824,1.3335009183897018,1,999999,,,0,0,,0,4,1,0,-1,0.0,"LINESTRING (1.97845 0.224937, 1.99771 0.223694)"
311,120,111,1,14371.390540386123,8.929990269542872,1,900,55.03936685596032,34.19986642265492,0,1,,1,4,1,0,-1,15.666667,"LINESTRING (1.97845 0.224937, 2.02816 0.34424)"
312,120,126,1,3319.5802212090734,2.0626966465812533,1,900,119.50486406255384,74.25685688741314,0,1,,1,4,1,0,-1,1.666667,"LINESTRING (1.97845 0.224937, 1.94925 0.218723)"
313,121,12,1,4108.845437464721,2.5531245339485262,1,999999,,,0,0,,0,4,1,0,-1,0.0,"LINESTRING (1.9623 0.213131, 1.99771 0.223694)"
314,121,126,1,1578.6982274452334,0.9809600379318438,1,900,142.0827694286863,88.28611252267224,0,1,,1,4,1,0,-1,0.666667,"LINESTRING (1.9623 0.213131, 1.94925 0.218723)"
315,122,123,1,10200.143531651476,6.338091100483103,1,900,141.23276745615638,87.75794594699934,0,1,,1,4,1,0,-1,4.333333,"LINESTRING (1.73239 0.214374, 1.80695 0.160936)"
316,122,129,1,25669.41114648542,15.950272252280701,1,2400,56.34748856969347,35.012695320039,0,1,,1,4,1,0,-1,27.333333,"LINESTRING (1.73239 0.214374, 1.82684 0.425019)"
317,122,213,1,13497.248596221885,8.386822297477156,1,900,115.69070225333044,71.8868473498542,0,1,,1,4,1,0,-1,7.0,"LINESTRING (1.73239 0.214374, 1.64291 0.296395)"
318,122,350,1,26020.65690748303,16.16852679202843,1,2400,146.3661905306486,90.94770617621965,0,1,,1,4,1,0,-1,10.666667,"LINESTRING (1.73239 0.214374, 1.63856 0.0)"
319,123,132,1,2968.4662208133277,1.8445239792792871,1,900,133.5810133318531,83.00336783502688,0,1,,1,4,1,0,-1,1.333333,"LINESTRING (1.80695 0.160936, 1.83119 0.149751)"
320,124,125,1,6081.9907139814595,3.779183214225372,1,900,68.42239980869141,42.51569499152639,0,1,,1,4,1,0,-1,5.333333,"LINESTRING (1.91321 0.17212, 1.89332 0.121168)"
321,125,113,1,8866.499476039997,5.509401043931051,1,900,83.99842050976947,52.19418255057597,0,1,,1,4,1,0,-1,6.333333,"LINESTRING (1.89332 0.121168, 1.96727 0.0913418)"
322,125,122,1,20679.17533462201,12.849475769335264,1,900,58.160181537377234,36.13905016206163,0,1,,1,4,1,0,-1,21.333333,"LINESTRING (1.89332 0.121168, 1.73239 0.214374)"
323,126,127,1,1762.3777122292731,1.095093462058529,1,900,52.871331366878195,32.852712042768474,0,1,,1,4,1,0,-1,2.0,"LINESTRING (1.94925 0.218723, 1.93495 0.225558)"
324,127,124,1,6414.9461660173965,3.9860726546394156,1,900,115.46904253521738,71.74911442915057,0,1,,1,4,1,0,-1,3.333333,"LINESTRING (1.93495 0.225558, 1.91321 0.17212)"
325,128,14,1,2073.8386516483956,1.2886267983449091,1,999999,,,0,0,,0,4,1,0,-1,0.0,"LINESTRING (1.85542 0.523817, 1.8461 0.507662)"
326,128,129,1,11436.24272963134,7.106169441902482,1,2400,62.37950579798913,38.760815897202306,0,1,,1,4,1,0,-1,11.0,"LINESTRING (1.85542 0.523817, 1.82684 0.425019)"
327,129,14,1,9435.73229967493,5.863106801343986,1,999999,,,0,0,,0,4,1,0,-1,0.0,"LINESTRING (1.82684 0.425019, 1.8461 0.507662)"
328,129,111,1,24120.147853103175,14.987602279880683,1,900,103.37206222758503,64.23240167841674,0,1,,1,4,1,0,-1,14.0,"LINESTRING (1.82684 0.425019, 2.02816 0.34424)"
329,129,122,1,25669.41114648542,15.950272252280701,1,2400,121.59194433619555,75.55370804412617,0,1,,1,4,1,0,-1,12.666667,"LINESTRING (1.82684 0.425019, 1.73239 0.214374)"
330,129,130,1,6939.2210255415985,4.3118427588586625,1,600,138.78442051083198,86.23661415723618,0,1,,1,4,1,0,-1,3.0,"LINESTRING (1.82684 0.425019, 1.76656 0.441175)"
331,129,152,1,28928.385385691145,17.975309993967183,1,2400,110.78955869435845,68.8414188754722,0,1,,1,4,1,0,-1,15.666667,"LINESTRING (1.82684 0.425019, 1.88524 0.678539)"
332,130,14,1,11527.181059465402,7.1626760407778365,1,999999,,,0,0,,0,4,1,0,-1,0.0,"LINESTRING (1.76656 0.441175, 1.8461 0.507662)"
333,130,129,1,6939.2210255415985,4.3118427588586625,1,600,178.43713757637502,110.87566261296972,0,1,,1,4,1,0,-1,2.333333,"LINESTRING (1.76656 0.441175, 1.82684 0.425019)"
334,130,206,1,9481.225991202791,5.891375340948955,1,600,121.90146832250242,75.74603727302166,0,1,,1,4,1,0,-1,4.666667,"LINESTRING (1.76656 0.441175, 1.68765 0.473486)"
335,131,45,1,3774.8317236647895,2.3455775185260976,1,2800,28.31123792748592,17.591782222239853,0,1,,1,4,1,0,-1,8.0,"LINESTRING (1.75103 1.4857, 1.77029 1.51366)"
336,131,368,1,1398.6904732322034,0.8691081270783076,1,2400,83.9214283939322,52.14634188256605,0,1,,1,4,1,0,-1,1.0,"LINESTRING (1.75103 1.4857, 1.74047 1.49254)"
337,132,125,1,7604.55944973725,4.725265916299384,1,900,136.8820837834789,85.05455728262406,0,1,,1,4,1,0,-1,3.333333,"LINESTRING (1.83119 0.149751, 1.89332 0.121168)"
338,133,14,1,11429.64203866895,7.1020679524954025,1,999999,,,0,0,,0,4,1,0,-1,0.0,"LINESTRING (1.86971 0.407621, 1.8461 0.507662)"
339,133,129,1,5144.416555273434,3.1966001934168258,1,900,54.4702897340546,33.846258402339245,0,1,,1,4,1,0,-1,5.666667,"LINESTRING (1.86971 0.407621, 1.82684 0.425019)"
340,134,30,1,15425.867678580611,9.585213614637437,1,999999,,,0,0,,0,4,1,0,-1,0.0,"LINESTRING (2.24067 0.994196, 2.19717 1.12593)"
341,134,386,1,743.700258699896,0.4621150649955237,1,2800,133.86618043216174,83.18056240131277,0,1,,1,4,1,0,-1,0.333333,"LINESTRING (2.24067 0.994196, 2.23446 0.996682)"
342,135,117,1,5255.407368540467,3.2655668587995503,1,900,35.036049123603114,21.77038487998239,0,1,,1,4,1,0,-1,9.0,"LINESTRING (2.33015 0.240471, 2.31026 0.197597)"
343,135,136,1,4175.8944178111,2.5947869423559347,1,900,93.95761265604816,58.382535733701296,0,1,,1,4,1,0,-1,2.666667,"LINESTRING (2.33015 0.240471, 2.35376 0.269676)"
344,135,137,1,2228.3401793567887,1.3846298354336493,1,900,200.55051586685303,124.61627459470233,0,1,,1,4,1,0,-1,0.666667,"LINESTRING (2.33015 0.240471, 2.34755 0.230529)"
345,136,135,1,4175.894417811098,2.5947869423559338,1,900,83.51788835622196,51.89559380579399,0,1,,1,4,1,0,-1,3.0,"LINESTRING (2.35376 0.269676, 2.33015 0.240471)"
346,136,137,1,4407.382309544343,2.7386272071435145,1,900,113.33270415009798,70.42165571045054,0,1,,1,4,1,0,-1,2.333333,"LINESTRING (2.35376 0.269676, 2.34755 0.230529)"
347,137,135,1,2228.340179356789,1.3846298354336495,1,900,200.5505158668531,124.61627459470238,0,1,,1,4,1,0,-1,0.666667,"LINESTRING (2.34755 0.230529, 2.33015 0.240471)"
348,137,136,1,4407.382309544347,2.7386272071435167,1,900,113.33270415009807,70.4216557104506,0,1,,1,4,1,0,-1,2.333333,"LINESTRING (2.34755 0.230529, 2.35376 0.269676)"
349,138,139,1,7241.570506378688,4.4997144831910525,1,600,108.62355759568032,67.49552860678548,0,1,,1,4,1,0,-1,4.0,"LINESTRING (0.797843 0.304473, 0.789765 0.369095)"
350,139,140,1,29240.065018738518,18.168979220511837,1,2800,107.41248593439632,66.74300379754177,0,1,,1,4,1,0,-1,16.333333,"LINESTRING (0.789765 0.369095, 1.05074 0.401407)"
351,140,10,1,7048.893018524366,4.379989945272203,1,999999,,,0,0,,0,4,1,0,-1,0.0,"LINESTRING (1.05074 0.401407, 1.05198 0.338027)"
352,140,144,1,7150.235383016233,4.442961327635076,1,600,80.4401530864422,49.98317836347567,0,1,,1,4,1,0,-1,5.333333,"LINESTRING (1.05074 0.401407, 1.05696 0.337405)"
353,140,271,1,17006.604279003655,10.567440241964816,1,2800,127.54953209252741,79.25558030586585,0,1,,1,4,1,0,-1,8.0,"LINESTRING (1.05074 0.401407, 1.20111 0.429369)"
354,140,274,1,1206.4900199922122,0.749680005463241,1,600,54.292064472665665,33.73551439344474,0,1,,1,4,1,0,-1,1.333333,"LINESTRING (1.05074 0.401407, 1.04826 0.41197)"
355,141,234,1,5117.008421440609,3.1795695262906594,1,900,36.84246210807087,22.892837522554103,0,1,,1,4,1,0,-1,8.333333,"LINESTRING (1.27133 1.24647, 1.23342 1.27257)"
356,141,293,1,6288.481138589856,3.907490734456272,1,900,70.74541723072446,43.95915065007249,0,1,,1,4,1,0,-1,5.333333,"LINESTRING (1.27133 1.24647, 1.27009 1.18993)"
357,142,10,1,10523.360658140218,6.5389294109015,1,999999,,,0,0,,0,4,1,0,-1,0.0,"LINESTRING (1.12966 0.283967, 1.05198 0.338027)"
358,143,318,1,2033.3009924864468,1.2634378021340718,1,2400,121.9980595491868,75.80605626013775,0,1,,1,4,1,0,-1,1.0,"LINESTRING (0.734463 0.17647, 0.731356 0.19449)"
359,143,334,1,22402.42968235834,13.920259039331864,1,900,168.01822261768754,104.40165100617513,0,1,,1,4,1,0,-1,8.0,"LINESTRING (0.734463 0.17647, 0.534381 0.152858)"
360,144,10,1,558.0444938686171,0.34675363432749895,1,999999,,,0,0,,0,4,1,0,-1,0.0,"LINESTRING (1.05696 0.337405, 1.05198 0.338027)"
361,144,142,1,10032.701784842971,6.234047364039278,1,600,50.16350892421485,31.170149703748308,0,1,,1,4,1,0,-1,12.0,"LINESTRING (1.05696 0.337405, 1.12966 0.283967)"
362,145,234,1,10659.823479348821,6.623723687566843,1,600,174.43345925902986,108.38789301324265,0,1,,1,4,1,0,-1,3.666667,"LINESTRING (1.16259 1.20795, 1.23342 1.27257)"
363,146,10,1,13455.688406917925,8.36099792891367,1,999999,,,0,0,,0,4,1,0,-1,0.0,"LINESTRING (1.17253 0.34859, 1.05198 0.338027)"
364,146,140,1,14760.82933976412,9.171976922069993,1,600,53.138984560371135,33.01902397526237,0,1,,1,4,1,0,-1,16.666667,"LINESTRING (1.17253 0.34859, 1.05074 0.401407)"
365,147,35,1,17852.464647432982,11.093034813919362,1,999999,,,0,0,,0,4,1,0,-1,0.0,"LINESTRING (2.08719 0.62448, 2.06544 0.783551)"
366,147,149,1,1801.7368381245583,1.1195501498282268,1,2400,162.15623435309308,100.7591814962158,0,1,,1,4,1,0,-1,0.666667,"LINESTRING (2.08719 0.62448, 2.09589 0.63815)"
367,148,35,1,20286.92545974354,12.605742391131484,1,999999,,,0,0,,0,4,1,0,-1,0.0,"LINESTRING (2.13566 0.615159, 2.06544 0.783551)"
368,148,149,1,5107.777085388719,3.1738334257451624,1,2400,153.23331256166156,95.2147366597522,0,1,,1,4,1,0,-1,2.0,"LINESTRING (2.13566 0.615159, 2.09589 0.63815)"
369,149,35,1,16518.5564950937,10.264180654860814,1,999999,,,0,0,,0,4,1,0,-1,0.0,"LINESTRING (2.09589 0.63815, 2.06544 0.783551)"
370,149,147,1,1801.7368381245533,1.1195501498282237,1,2400,162.1562343530926,100.7591814962155,0,1,,1,4,1,0,-1,0.666667,"LINESTRING (2.09589 0.63815, 2.08719 0.62448)"
371,149,153,1,25193.49923874011,15.654553567760768,1,2400,78.1867231234473,48.58296233393957,0,1,,1,4,1,0,-1,19.333333,"LINESTRING (2.09589 0.63815, 1.89643 0.745647)"
372,150,35,1,19596.384253005403,12.176658911731147,1,999999,,,0,0,,0,4,1,0,-1,0.0,"LINESTRING (1.89581 0.735705, 2.06544 0.783551)"
373,150,147,1,24612.10514393065,15.293291127996977,1,2400,69.22154679889162,43.01226175597409,0,1,,1,4,1,0,-1,21.333333,"LINESTRING (1.89581 0.735705, 2.08719 0.62448)"
374,150,153,1,1107.6487153489866,0.6882627135030427,1,2400,99.68833453724152,61.9434401197403,0,1,,1,4,1,0,-1,0.666667,"LINESTRING (1.89581 0.735705, 1.89643 0.745647)"
375,151,150,1,1303.4083023716798,0.8099023838167696,1,2400,234.6137290406314,145.78216742770618,0,1,,1,4,1,0,-1,0.333333,"LINESTRING (1.88587 0.741919, 1.89581 0.735705)"
376,151,207,1,15171.927342084326,9.427422012802968,1,2400,97.53382211103573,60.604688578956385,0,1,,1,4,1,0,-1,9.333333,"LINESTRING (1.88587 0.741919, 1.87592 0.605838)"
377,152,150,1,6464.308217815977,4.016744887852149,1,2400,32.321541089079886,20.08366830806266,0,1,,1,4,1,0,-1,12.0,"LINESTRING (1.88524 0.678539, 1.89581 0.735705)"
378,153,178,1,1362.3478663448543,0.8465258219797274,1,2400,81.74087198069125,50.791407363514104,0,1,,1,4,1,0,-1,1.0,"LINESTRING (1.89643 0.745647, 1.88587 0.751861)"
379,153,192,1,6910.81547949085,4.294192326973076,1,2400,155.493328851878,96.61904524202029,0,1,,1,4,1,0,-1,2.666667,"LINESTRING (1.89643 0.745647, 1.89519 0.807785)"
380,154,30,1,17765.33687199692,11.038895989658444,1,999999,,,0,0,,0,4,1,0,-1,0.0,"LINESTRING (2.1922 1.28562, 2.19717 1.12593)"
381,154,155,1,11153.014359109538,6.930179054214485,1,2400,167.29521538664306,103.95239528001379,0,1,,1,4,1,0,-1,4.0,"LINESTRING (2.1922 1.28562, 2.1021 1.32974)"
382,155,29,1,13046.932016298708,8.10700785185151,1,999999,,,0,0,,0,4,1,0,-1,0.0,"LINESTRING (2.1021 1.32974, 2.02692 1.23964)"
383,155,48,1,17355.515240211047,10.784244000777369,1,2400,52.94902864896542,32.90099088063629,0,1,,1,4,1,0,-1,19.666667,"LINESTRING (2.1021 1.32974, 1.96851 1.41052)"
384,156,29,1,13077.35672968364,8.125912939269291,1,999999,,,0,0,,0,4,1,0,-1,0.0,"LINESTRING (2.13007 1.29618, 2.02692 1.23964)"
385,156,30,1,20347.624176509176,12.64345891887928,1,999999,,,0,0,,0,4,1,0,-1,0.0,"LINESTRING (2.13007 1.29618, 2.19717 1.12593)"
386,156,387,1,8626.502930385335,5.3602737335711135,1,2400,194.0962916716336,120.60580685229463,0,1,,1,4,1,0,-1,2.666667,"LINESTRING (2.13007 1.29618, 2.2009 1.26449)"
387,157,29,1,11075.401077052804,6.881952276742519,1,999999,,,0,0,,0,4,1,0,-1,0.0,"LINESTRING (2.09154 1.31545, 2.02692 1.23964)"
388,157,156,1,4789.2986428334925,2.975939604330653,1,2400,172.4147166590624,107.13350490515826,0,1,,1,4,1,0,-1,1.666667,"LINESTRING (2.09154 1.31545, 2.13007 1.29618)"
389,158,9,1,13682.78415028812,8.50210903245313,1,999999,,,0,0,,0,4,1,0,-1,0.0,"LINESTRING (1.8287 1.19552, 1.75289 1.29246)"
390,158,159,1,10641.020597005243,6.612040089108109,1,2800,159.61530895507863,99.18032414072617,0,1,,1,4,1,0,-1,4.0,"LINESTRING (1.8287 1.19552, 1.87903 1.27692)"
391,158,176,1,2299.9999956790125,1.4291572916096118,1,2800,82.79998328444779,51.44950841344061,0,1,,1,4,1,0,-1,1.666667,"LINESTRING (1.8287 1.19552, 1.8113 1.20671)"
392,159,160,1,8803.598362331832,5.470316006767888,1,2800,75.45941453427284,46.88829186857565,0,1,,1,4,1,0,-1,7.0,"LINESTRING (1.87903 1.27692, 1.92004 1.34465)"
393,160,49,1,6108.531163062117,3.7956747257025354,1,2800,34.3604867184592,21.350609992735713,0,1,,1,4,1,0,-1,10.666667,"LINESTRING (1.92004 1.34465, 1.9536 1.38815)"
394,162,181,1,2875.435409508768,1.7867171694662212,1,2800,47.05257515081846,29.23710567403922,0,1,,1,4,1,0,-1,3.666667,"LINESTRING (1.74295 1.06068, 1.75786 1.08181)"
395,162,187,1,3624.520279455149,2.2521780850877686,1,2400,130.48270396384459,81.07816824471807,0,1,,1,4,1,0,-1,1.666667,"LINESTRING (1.74295 1.06068, 1.77526 1.05633)"
396,163,54,1,7327.89673803478,4.553355249999864,1,2800,33.82106186785283,21.015427033889583,0,1,,1,4,1,0,-1,13.0,"LINESTRING (1.56337 0.776095, 1.51677 0.822698)"
397,163,171,1,526.2390210848442,0.3269905806634051,1,900,94.72311851839048,58.85819887689081,0,1,,1,4,1,0,-1,0.333333,"LINESTRING (1.56337 0.776095, 1.56772 0.77423)"
398,164,167,1,10853.221907000754,6.7438961978206935,1,600,162.7983286050113,101.15816024362448,0,1,,1,4,1,0,-1,4.0,"LINESTRING (1.64974 0.851281, 1.64664 0.753725)"
399,165,15,1,9888.351742268202,6.144352183049078,1,999999,,,0,0,,0,4,1,0,-1,0.0,"LINESTRING (1.82559 0.981769, 1.90016 0.933302)"
400,165,175,1,9580.28531555452,5.95292810441207,1,2400,156.76829091195663,97.4112696922534,0,1,,1,4,1,0,-1,3.666667,"LINESTRING (1.82559 0.981769, 1.86288 0.904097)"
401,166,13,1,15686.13006066769,9.746933563241884,1,999999,,,0,0,,0,4,1,0,-1,0.0,"LINESTRING (1.64726 0.690966, 1.56462 0.576634)"
402,166,167,1,6978.832732923994,4.336456393878232,1,600,157.02371686282524,97.56998397077058,0,1,,1,4,1,0,-1,2.666667,"LINESTRING (1.64726 0.690966, 1.64664 0.753725)"
403,167,163,1,9586.714934336378,5.956923294230168,1,900,156.87350284609502,97.47664533698091,0,1,,1,4,1,0,-1,3.666667,"LINESTRING (1.64664 0.753725, 1.56337 0.776095)"
404,167,170,1,12782.452182140989,7.942667293512241,1,900,176.98781305947622,109.9750943885798,0,1,,1,4,1,0,-1,4.333333,"LINESTRING (1.64664 0.753725, 1.76159 0.751861)"
405,168,9,1,12910.080296963039,8.021971924492673,1,999999,,,0,0,,0,4,1,0,-1,0.0,"LINESTRING (1.79825 1.18558, 1.75289 1.29246)"
406,168,169,1,11149.849396549253,6.9282124327670065,1,2800,105.63015773731702,65.63551674339442,0,1,,1,4,1,0,-1,6.333333,"LINESTRING (1.79825 1.18558, 1.7473 1.09921)"
407,168,185,1,2417.101717343035,1.5019211088663895,1,2800,145.0261030405821,90.11501467242954,0,1,,1,4,1,0,-1,1.0,"LINESTRING (1.79825 1.18558, 1.81689 1.17439)"
408,169,181,1,2263.1223942934234,1.4062425555155678,1,2400,203.68091364595128,126.56141299309839,0,1,,1,4,1,0,-1,0.666667,"LINESTRING (1.7473 1.09921, 1.75786 1.08181)"
409,169,225,1,2607.900859341816,1.6204784938806072,1,2800,117.35556800927372,72.92134664949043,0,1,,1,4,1,0,-1,1.333333,"LINESTRING (1.7473 1.09921, 1.73487 1.07932)"
410,170,167,1,12782.452182140987,7.94266729351224,1,900,153.38942618569183,95.31174113842953,0,1,,1,4,1,0,-1,5.0,"LINESTRING (1.76159 0.751861, 1.64664 0.753725)"
411,170,174,1,9752.642027101218,6.0600258659458035,1,600,87.77377385522226,54.54007763419331,0,1,,1,4,1,0,-1,6.666667,"LINESTRING (1.76159 0.751861, 1.73052 0.833882)"
412,170,195,1,6586.51921203448,4.092683467778394,1,900,169.36766107626678,105.24015293062097,0,1,,1,4,1,0,-1,2.333333,"LINESTRING (1.76159 0.751861, 1.82062 0.74689)"
413,171,167,1,9066.126021743037,5.633443536942497,1,900,135.99189032614555,84.50141688384738,0,1,,1,4,1,0,-1,4.0,"LINESTRING (1.56772 0.77423, 1.64664 0.753725)"
414,172,173,1,3810.791920289738,2.3679222043134067,1,600,57.16187880434607,35.51873379453532,0,1,,1,4,1,0,-1,4.0,"LINESTRING (1.70132 0.911554, 1.71437 0.879864)"
415,173,61,1,13515.459869315797,8.398138286077398,1,600,162.18551843178955,100.7773777734795,0,1,,1,4,1,0,-1,5.0,"LINESTRING (1.71437 0.879864, 1.65534 0.986119)"
416,173,170,1,15170.711424268691,9.426666474622325,1,600,170.67051418992992,106.04970807271094,0,1,,1,4,1,0,-1,5.333333,"LINESTRING (1.71437 0.879864, 1.76159 0.751861)"
417,174,173,1,5419.101821419176,3.3672821289591863,1,600,81.28652732128764,50.50909076815582,0,1,,1,4,1,0,-1,4.0,"LINESTRING (1.73052 0.833882, 1.71437 0.879864)"
418,175,15,1,5265.498876788225,3.2718374468963836,1,999999,,,0,0,,0,4,1,0,-1,0.0,"LINESTRING (1.86288 0.904097, 1.90016 0.933302)"
419,175,177,1,3693.009461470927,2.294735395547819,1,2400,166.18546731255853,103.26283000947181,0,1,,1,4,1,0,-1,1.333333,"LINESTRING (1.86288 0.904097, 1.87282 0.872407)"
420,176,9,1,11536.010279357484,7.1681622773046625,1,999999,,,0,0,,0,4,1,0,-1,0.0,"LINESTRING (1.8113 1.20671, 1.75289 1.29246)"
421,176,168,1,2761.3686253177166,1.7158391796125847,1,2800,165.68211751906298,102.95006304493769,0,1,,1,4,1,0,-1,1.0,"LINESTRING (1.8113 1.20671, 1.79825 1.18558)"
422,176,367,1,4771.165367498536,2.9646720814113467,1,2800,171.76191887756355,106.72787529487054,0,1,,1,4,1,0,-1,1.666667,"LINESTRING (1.8113 1.20671, 1.77588 1.23094)"
423,177,15,1,7422.2122560933485,4.611960341564461,1,999999,,,0,0,,0,4,1,0,-1,0.0,"LINESTRING (1.87282 0.872407, 1.90016 0.933302)"
424,177,179,1,7465.2945299683515,4.638730491983268,1,2400,83.9845687111795,52.185575444634324,0,1,,1,4,1,0,-1,5.333333,"LINESTRING (1.87282 0.872407, 1.88214 0.80592)"
425,178,151,1,1105.5015223859289,0.6869285063354723,1,2400,49.747580944262026,30.91170411891704,0,1,,1,4,1,0,-1,1.333333,"LINESTRING (1.88587 0.751861, 1.88587 0.741919)"
426,178,170,1,13818.135186996926,8.58621247654127,1,900,165.81762224396311,103.03426175135361,0,1,,1,4,1,0,-1,5.0,"LINESTRING (1.88587 0.751861, 1.76159 0.751861)"
427,179,178,1,6025.384269028744,3.7440095126130863,1,2800,49.29860080562612,30.63272088119271,0,1,,1,4,1,0,-1,7.333333,"LINESTRING (1.88214 0.80592, 1.88587 0.751861)"
428,180,185,1,10024.705065166278,6.22907842044955,1,2800,47.48544379590753,29.506077696906857,0,1,,1,4,1,0,-1,12.666667,"LINESTRING (1.76905 1.09797, 1.81689 1.17439)"
429,181,180,1,2185.53193422179,1.3580299590029392,1,2800,49.17446237318247,30.555584859286768,0,1,,1,4,1,0,-1,2.666667,"LINESTRING (1.75786 1.08181, 1.76905 1.09797)"
430,181,187,1,3430.661178313291,2.1317193248867805,1,2400,154.379791619046,95.92712549811823,0,1,,1,4,1,0,-1,1.333333,"LINESTRING (1.75786 1.08181, 1.77526 1.05633)"
431,182,180,1,7494.308314779055,4.656758866851663,1,2400,51.88367095294457,32.239008503702124,0,1,,1,4,1,0,-1,8.666667,"LINESTRING (1.80757 1.04266, 1.76905 1.09797)"
432,183,161,1,1698.9724693692663,1.055695172784661,1,2800,101.93834816215598,63.34153333586702,0,1,,1,4,1,0,-1,1.0,"LINESTRING (2.04556 1.0613, 2.05923 1.05447)"
433,183,184,1,1887.4501944993713,1.1728100926462846,1,2800,113.24701166996228,70.36840888837612,0,1,,1,4,1,0,-1,1.0,"LINESTRING (2.04556 1.0613, 2.05239 1.07684)"
434,184,188,1,23791.217500574592,14.783213926562812,1,2800,186.19212886570858,115.6943893054142,0,1,,1,4,1,0,-1,7.666667,"LINESTRING (2.05239 1.07684, 1.86225 1.17502)"
435,185,158,1,2691.503015135385,1.6724265942158805,1,2800,48.447059117142835,30.10359757067816,0,1,,1,4,1,0,-1,3.333333,"LINESTRING (1.81689 1.17439, 1.8287 1.19552)"
436,185,189,1,4202.2615007152235,2.6111707288175428,1,2800,151.28138376947132,94.00186471422016,0,1,,1,4,1,0,-1,1.666667,"LINESTRING (1.81689 1.17439, 1.85045 1.157)"
437,186,161,1,3049.82651523462,1.8950790480784796,1,600,137.24222749611474,85.27834014148831,0,1,,1,4,1,0,-1,1.333333,"LINESTRING (2.08595 1.06068, 2.05923 1.05447)"
438,186,184,1,4141.218056699784,2.57323999695514,1,2800,149.0838202244282,92.63636245667317,0,1,,1,4,1,0,-1,1.666667,"LINESTRING (2.08595 1.06068, 2.05239 1.07684)"
439,187,190,1,3373.0474761880782,2.0959197411287103,1,2400,202.38284857128468,125.75483299958773,0,1,,1,4,1,0,-1,1.0,"LINESTRING (1.77526 1.05633, 1.79266 1.03148)"
440,188,158,1,4371.212760481758,2.7161524354591067,1,2800,34.20948968161855,21.256784812957,0,1,,1,4,1,0,-1,7.666667,"LINESTRING (1.86225 1.17502, 1.8287 1.19552)"
441,188,189,1,2394.964361111531,1.4881655592426284,1,2800,143.69786166669186,89.28968400169398,0,1,,1,4,1,0,-1,1.0,"LINESTRING (1.86225 1.17502, 1.85045 1.157)"
442,189,183,1,24160.85950682607,15.012899391568016,1,2800,149.96395038843937,93.18324981681496,0,1,,1,4,1,0,-1,9.666667,"LINESTRING (1.85045 1.157, 2.04556 1.0613)"
443,190,165,1,6630.093630255566,4.119759423276354,1,2400,170.48814627630685,105.93638993985506,0,1,,1,4,1,0,-1,2.333333,"LINESTRING (1.79266 1.03148, 1.82559 0.981769)"
444,191,15,1,3030.413516573275,1.8830163399737005,1,999999,,,0,0,,0,4,1,0,-1,0.0,"LINESTRING (1.88152 0.913418, 1.90016 0.933302)"
445,191,182,1,16556.68339258986,10.287871669497969,1,2400,149.0101430828016,92.5905816175035,0,1,,1,4,1,0,-1,6.666667,"LINESTRING (1.88152 0.913418, 1.80757 1.04266)"
446,192,191,1,11843.794095550706,7.359410749469165,1,2400,152.2773417801275,94.62072413925961,0,1,,1,4,1,0,-1,4.666667,"LINESTRING (1.89519 0.807785, 1.88152 0.913418)"
447,193,194,1,10825.461035627744,6.726646349203864,1,2400,62.8575177184036,39.057838642202164,0,1,,1,4,1,0,-1,10.333333,"LINESTRING (1.61681 1.6224, 1.52298 1.6485)"
448,194,204,1,720.8756670663336,0.4479324860292627,1,2400,129.75774982968986,80.62770276942422,0,1,,1,4,1,0,-1,0.333333,"LINESTRING (1.52298 1.6485, 1.51677 1.65037)"
449,195,151,1,7275.893519612567,4.521041867854255,1,900,29.103574078450265,18.08411692870072,0,1,,1,4,1,0,-1,15.0,"LINESTRING (1.82062 0.74689, 1.88587 0.741919)"
450,196,6,1,18322.315538454684,11.384987347890867,1,999999,,,0,0,,0,4,1,0,-1,0.0,"LINESTRING (1.42294 0.927709, 1.32477 1.06006)"
451,196,223,1,15923.93216592655,9.894697308167666,1,2400,86.85781181414481,53.97092538476698,0,1,,1,4,1,0,-1,11.0,"LINESTRING (1.42294 0.927709, 1.32974 1.03645)"
452,197,194,1,3401.879022936109,2.113834878233381,1,900,34.01879022936109,21.13828970360833,0,1,,1,4,1,0,-1,6.0,"LINESTRING (1.52982 1.61868, 1.52298 1.6485)"
453,198,200,1,2798.4965586944136,1.7389094651810144,1,2400,167.9097935216648,104.33427631035038,0,1,,1,4,1,0,-1,1.0,"LINESTRING (1.51926 1.63856, 1.54349 1.63172)"
454,198,363,1,6306.296035554453,3.918560425736298,1,900,126.12592071108904,78.3709894781701,0,1,,1,4,1,0,-1,3.0,"LINESTRING (1.51926 1.63856, 1.54287 1.58699)"
455,199,67,1,19297.208268071114,11.990759111232627,1,2400,82.7023211488762,51.38882399459835,0,1,,1,4,1,0,-1,14.0,"LINESTRING (1.6106 1.61246, 1.75973 1.52361)"
456,200,199,1,7760.660788044849,4.822263032078275,1,2400,174.61484590415338,108.5006014143097,0,1,,1,4,1,0,-1,2.666667,"LINESTRING (1.54349 1.63172, 1.6106 1.61246)"
457,201,13,1,6883.891662805144,4.277462601318021,1,999999,,,0,0,,0,4,1,0,-1,0.0,"LINESTRING (1.61743 0.544323, 1.56462 0.576634)"
458,201,203,1,14244.14792371105,8.850925176600999,1,600,170.9297750845326,106.2108052740511,0,1,,1,4,1,0,-1,5.0,"LINESTRING (1.61743 0.544323, 1.5031 0.486535)"
459,202,51,1,4759.132186850315,2.95719499102136,1,2400,24.475536261643438,15.208388442433645,0,1,,1,4,1,0,-1,11.666667,"LINESTRING (1.477 0.8693, 1.50434 0.836368)"
460,203,13,1,12131.079726784945,7.537922208349352,1,999999,,,0,0,,0,4,1,0,-1,0.0,"LINESTRING (1.5031 0.486535, 1.56462 0.576634)"
461,203,206,1,20571.56782050737,12.782611393805768,1,600,137.14378547004912,85.21717112130989,0,1,,1,4,1,0,-1,9.0,"LINESTRING (1.5031 0.486535, 1.68765 0.473486)"
462,203,210,1,12421.305187385062,7.718260397047898,1,900,159.70248385905907,99.2344920979874,0,1,,1,4,1,0,-1,4.666667,"LINESTRING (1.5031 0.486535, 1.56275 0.392086)"
463,203,398,1,4992.1900970262,3.102010822465235,1,900,128.37062083361954,79.765781038007,0,1,,1,4,1,0,-1,2.333333,"LINESTRING (1.5031 0.486535, 1.47327 0.520089)"
464,204,198,1,1342.0610647935164,0.833920156581901,1,2400,80.52366388761098,50.03506955350872,0,1,,1,4,1,0,-1,1.0,"LINESTRING (1.51677 1.65037, 1.51926 1.63856)"
465,204,233,1,1490.889214483942,0.9263979112455678,1,2400,134.17996221357367,83.37553730061049,0,1,,1,4,1,0,-1,0.666667,"LINESTRING (1.51677 1.65037, 1.50372 1.65347)"
466,205,130,1,3671.9564291779743,2.2816536152571705,1,600,165.23808062252897,102.67415139450145,0,1,,1,4,1,0,-1,1.333333,"LINESTRING (1.73363 0.44366, 1.76656 0.441175)"
467,206,201,1,11090.749130659082,6.8914891388141,1,600,95.06356397707783,59.06974181200083,0,1,,1,4,1,0,-1,7.0,"LINESTRING (1.68765 0.473486, 1.61743 0.544323)"
468,206,211,1,4398.06492459441,2.7328376381587547,1,600,158.33030561933762,98.38186033299344,0,1,,1,4,1,0,-1,1.666667,"LINESTRING (1.68765 0.473486, 1.71499 0.444903)"
469,207,128,1,9400.854532229017,5.841434707537884,1,2400,94.00854532229017,58.41418381545677,0,1,,1,4,1,0,-1,6.0,"LINESTRING (1.87592 0.605838, 1.85542 0.523817)"
470,208,209,1,6708.953375775449,4.1687607191615506,1,2800,150.9514320860186,93.79684230672146,0,1,,1,4,1,0,-1,2.666667,"LINESTRING (1.89643 1.33782, 1.86412 1.28686)"
471,209,176,1,10672.789798509999,6.631780604788299,1,2800,46.856149192089035,29.115052279637556,0,1,,1,4,1,0,-1,13.666667,"LINESTRING (1.86412 1.28686, 1.8113 1.20671)"
472,210,28,1,13599.276342823305,8.450219557597093,1,999999,,,0,0,,0,4,1,0,-1,0.0,"LINESTRING (1.56275 0.392086, 1.55157 0.270297)"
473,210,203,1,12421.305187385062,7.718260397047898,1,900,82.80870124923375,51.45492550393762,0,1,,1,4,1,0,-1,9.0,"LINESTRING (1.56275 0.392086, 1.5031 0.486535)"
474,210,214,1,10379.719237965379,6.449674548551195,1,600,155.69578856948067,96.74484783920677,0,1,,1,4,1,0,-1,4.0,"LINESTRING (1.56275 0.392086, 1.65409 0.411349)"
475,210,215,1,5405.525042547805,3.3588458887169934,1,900,162.16575127643415,100.76509503638917,0,1,,1,4,1,0,-1,2.0,"LINESTRING (1.56275 0.392086, 1.59071 0.352318)"
476,211,205,1,2077.2174937831555,1.2907263187288924,1,600,186.9494809657435,116.16498593716501,0,1,,1,4,1,0,-1,0.666667,"LINESTRING (1.71499 0.444903, 1.73363 0.44366)"
477,212,208,1,2265.8768732197395,1.407954113624057,1,2800,203.92881662536826,126.7154527153217,0,1,,1,4,1,0,-1,0.666667,"LINESTRING (1.90886 1.35397, 1.89643 1.33782)"
478,212,216,1,5843.270645313819,3.63084907186413,1,2800,150.2555523445771,93.36444281590222,0,1,,1,4,1,0,-1,2.333333,"LINESTRING (1.90886 1.35397, 1.88711 1.30613)"
479,213,28,1,10562.887431063284,6.563490269963641,1,999999,,,0,0,,0,4,1,0,-1,0.0,"LINESTRING (1.64291 0.296395, 1.55157 0.270297)"
480,213,210,1,13880.317837155631,8.624851080042523,1,900,113.56624201155708,70.56676936496324,0,1,,1,4,1,0,-1,7.333333,"LINESTRING (1.64291 0.296395, 1.56275 0.392086)"
481,214,28,1,19389.323650605977,12.047997098565858,1,999999,,,0,0,,0,4,1,0,-1,0.0,"LINESTRING (1.65409 0.411349, 1.55157 0.270297)"
482,215,28,1,10105.50963332838,6.279288176102241,1,999999,,,0,0,,0,4,1,0,-1,0.0,"LINESTRING (1.59071 0.352318, 1.55157 0.270297)"
483,215,122,1,21987.761215491097,13.662595359272185,1,900,164.90820911618323,102.46917880673189,0,1,,1,4,1,0,-1,8.0,"LINESTRING (1.59071 0.352318, 1.73239 0.214374)"
484,216,62,1,38960.473360630014,24.208975953266567,1,2800,175.32213450588844,108.94009004005841,0,1,,1,4,1,0,-1,13.333333,"LINESTRING (1.88711 1.30613, 1.68268 1.02154)"
485,217,20,1,13664.351139033064,8.49065526180488,1,999999,,,0,0,,0,4,1,0,-1,0.0,"LINESTRING (1.28686 1.94055, 1.221 1.83678)"
486,217,218,1,8226.246927128062,5.111565565466628,1,900,113.90188929114927,70.77533085073071,0,1,,1,4,1,0,-1,4.333333,"LINESTRING (1.28686 1.94055, 1.3229 2.00517)"
487,218,217,1,8226.246927128039,5.111565565466614,1,900,87.10143292833023,54.122304480109484,0,1,,1,4,1,0,-1,5.666667,"LINESTRING (1.3229 2.00517, 1.28686 1.94055)"
488,218,219,1,2972.794897982752,1.847213701258126,1,900,178.3676938789651,110.83251231326642,0,1,,1,4,1,0,-1,1.0,"LINESTRING (1.3229 2.00517, 1.29991 2.01884)"
489,219,220,1,6216.679985040547,3.862875455180725,1,900,159.85750816640095,99.33081970686473,0,1,,1,4,1,0,-1,2.333333,"LINESTRING (1.29991 2.01884, 1.24523 2.00703)"
490,220,20,1,19121.511720012895,11.881586066345768,1,999999,,,0,0,,0,4,1,0,-1,0.0,"LINESTRING (1.24523 2.00703, 1.221 1.83678)"
491,220,219,1,6216.679985040541,3.8628754551807214,1,900,159.8575081664008,99.33081970686463,0,1,,1,4,1,0,-1,2.333333,"LINESTRING (1.24523 2.00703, 1.29991 2.01884)"
492,220,221,1,3698.117186145554,2.297909196406946,1,900,166.41531498037867,103.40565068467288,0,1,,1,4,1,0,-1,1.333333,"LINESTRING (1.24523 2.00703, 1.22721 1.97907)"
493,221,20,1,15836.992905612879,9.84067562206425,1,999999,,,0,0,,0,4,1,0,-1,0.0,"LINESTRING (1.22721 1.97907, 1.221 1.83678)"
494,221,217,1,7892.306685225452,4.904064203478105,1,900,43.0489455557752,26.749366348937592,0,1,,1,4,1,0,-1,11.0,"LINESTRING (1.22721 1.97907, 1.28686 1.94055)"
495,221,220,1,3698.117186145549,2.297909196406943,1,900,166.41531498037844,103.40565068467274,0,1,,1,4,1,0,-1,1.333333,"LINESTRING (1.22721 1.97907, 1.24523 2.00703)"
496,221,290,1,20587.23969391276,12.792349468672104,1,900,57.90161254384234,35.97838288797986,0,1,,1,4,1,0,-1,21.333333,"LINESTRING (1.22721 1.97907, 1.0582 1.90326)"
497,222,23,1,15340.754935506604,9.532326876549769,1,999999,,,0,0,,0,4,1,0,-1,0.0,"LINESTRING (1.33782 1.68703, 1.33968 1.54908)"
498,222,224,1,8693.187079645812,5.40170944588826,1,2400,120.36721497718932,74.7926967375911,0,1,,1,4,1,0,-1,4.333333,"LINESTRING (1.33782 1.68703, 1.41362 1.66776)"
499,222,239,1,1452.7843154813945,0.9027205658725904,1,600,261.50143828808933,162.48941021050837,0,1,,1,4,1,0,-1,0.333333,"LINESTRING (1.33782 1.68703, 1.33719 1.70008)"
500,223,6,1,2682.8328281139497,1.6670391763791057,1,999999,,,0,0,,0,4,1,0,-1,0.0,"LINESTRING (1.32974 1.03645, 1.32477 1.06006)"
501,223,202,1,24768.968197881528,15.390761553109678,1,2400,94.85987618635741,58.943176125793094,0,1,,1,4,1,0,-1,15.666667,"LINESTRING (1.32974 1.03645, 1.477 0.8693)"
502,223,237,1,27059.458913924693,16.814010037608394,1,2400,147.5970486214074,91.71252569893254,0,1,,1,4,1,0,-1,11.0,"LINESTRING (1.32974 1.03645, 1.51553 1.19366)"
503,223,295,1,1761.4634917004753,1.0945253903466485,1,2400,63.41267301868251,39.40279604629177,0,1,,1,4,1,0,-1,1.666667,"LINESTRING (1.32974 1.03645, 1.31793 1.04701)"
504,224,23,1,15546.550784316702,9.66020280631607,1,999999,,,0,0,,0,4,1,0,-1,0.0,"LINESTRING (1.41362 1.66776, 1.33968 1.54908)"
505,224,198,1,12182.415532460172,7.569820878409891,1,2400,56.22653322673926,34.9375371776322,0,1,,1,4,1,0,-1,13.0,"LINESTRING (1.41362 1.66776, 1.51926 1.63856)"
506,225,56,1,17647.538752588112,10.965699449829193,1,2800,144.3889599934009,89.71911246005952,0,1,,1,4,1,0,-1,7.333333,"LINESTRING (1.73487 1.07932, 1.6137 0.976798)"
507,226,4,1,6533.772056989099,4.059907823697354,1,999999,,,0,0,,0,4,1,0,-1,0.0,"LINESTRING (1.26636 1.45588, 1.24834 1.39995)"
508,226,23,1,13184.176207242277,8.192287650367405,1,999999,,,0,0,,0,4,1,0,-1,0.0,"LINESTRING (1.26636 1.45588, 1.33968 1.54908)"
509,226,228,1,23452.846977294743,14.572959708510785,1,900,65.96113315428417,40.986335269210706,0,1,,1,4,1,0,-1,21.333333,"LINESTRING (1.26636 1.45588, 1.18931 1.65223)"
510,226,232,1,10691.698778165028,6.643530129223799,1,900,71.27799185443351,44.290077076581206,0,1,,1,4,1,0,-1,9.0,"LINESTRING (1.26636 1.45588, 1.24834 1.36143)"
511,227,77,1,13848.91043761456,8.605335378238633,1,2800,92.32606958409707,57.36874218353998,0,1,,1,4,1,0,-1,9.0,"LINESTRING (0.997303 0.405756, 0.87365 0.390843)"
512,228,22,1,9209.114800034191,5.722292865419484,1,999999,,,0,0,,0,4,1,0,-1,0.0,"LINESTRING (1.18931 1.65223, 1.11226 1.62178)"
513,228,231,1,16253.791616927681,10.099662977946043,1,900,127.20358103666962,79.04061635233644,0,1,,1,4,1,0,-1,7.666667,"LINESTRING (1.18931 1.65223, 1.25269 1.5205)"
514,228,286,1,5592.743859386889,3.4751785572886336,1,2800,22.879406177505313,14.216599495922654,0,1,,1,4,1,0,-1,14.666667,"LINESTRING (1.18931 1.65223, 1.16632 1.69697)"
515,229,82,1,3032.820772575826,1.8845121432238225,1,900,136.47696888515438,84.80283063313726,0,1,,1,4,1,0,-1,1.333333,"LINESTRING (0.282103 1.692, 0.258491 1.67833)"
516,229,242,1,14028.267200318984,8.716782780716931,1,900,84.16960320191389,52.30055051117643,0,1,,1,4,1,0,-1,10.0,"LINESTRING (0.282103 1.692, 0.396436 1.74544)"
517,230,226,1,15403.546562755884,9.57134388181235,1,900,81.54819008365438,50.6716804204704,0,1,,1,4,1,0,-1,11.333333,"LINESTRING (1.38193 1.37945, 1.26636 1.45588)"
518,230,296,1,17317.580302160208,10.760672264506077,1,900,64.94092613310077,40.352408212250964,0,1,,1,4,1,0,-1,16.0,"LINESTRING (1.38193 1.37945, 1.52423 1.31607)"
519,231,4,1,13413.28587566931,8.33465015203084,1,999999,,,0,0,,0,4,1,0,-1,0.0,"LINESTRING (1.25269 1.5205, 1.24834 1.39995)"
520,231,23,1,10178.236839144323,6.324478879008988,1,999999,,,0,0,,0,4,1,0,-1,0.0,"LINESTRING (1.25269 1.5205, 1.33968 1.54908)"
521,231,226,1,7344.338258852317,4.563571562784942,1,900,45.58554624165072,28.325536453720748,0,1,,1,4,1,0,-1,9.666667,"LINESTRING (1.25269 1.5205, 1.26636 1.45588)"
522,232,4,1,4283.23462505589,2.6614852206841877,1,999999,,,0,0,,0,4,1,0,-1,0.0,"LINESTRING (1.24834 1.36143, 1.24834 1.39995)"
523,232,226,1,10691.698778165017,6.643530129223793,1,900,39.27562896623127,24.40473684637609,0,1,,1,4,1,0,-1,16.333333,"LINESTRING (1.24834 1.36143, 1.26636 1.45588)"
524,232,230,1,14984.873408728605,9.311191798332613,1,900,61.301753460668074,38.09113184960878,0,1,,1,4,1,0,-1,14.666667,"LINESTRING (1.24834 1.36143, 1.38193 1.37945)"
525,232,263,1,8138.172040421024,5.056838232083354,1,900,50.51279023320669,31.387182979997874,0,1,,1,4,1,0,-1,9.666667,"LINESTRING (1.24834 1.36143, 1.21913 1.29432)"
526,233,235,1,5875.610519781313,3.6509441881649085,1,2400,176.26831559343938,109.52801952861103,0,1,,1,4,1,0,-1,2.0,"LINESTRING (1.50372 1.65347, 1.45339 1.66963)"
527,234,141,1,5117.008421440608,3.1795695262906585,1,900,51.170084214406074,31.79560639838972,0,1,,1,4,1,0,-1,6.0,"LINESTRING (1.23342 1.27257, 1.27133 1.24647)"
528,234,263,1,2893.560486178675,1.7979795979585889,1,2800,37.202917879231684,23.116814285536073,0,1,,1,4,1,0,-1,4.666667,"LINESTRING (1.23342 1.27257, 1.21913 1.29432)"
529,235,236,1,4240.486945885729,2.634922978292797,1,2400,190.82196027034786,118.57123227514631,0,1,,1,4,1,0,-1,1.333333,"LINESTRING (1.45339 1.66963, 1.41673 1.68019)"
530,236,239,1,9113.05961134732,5.662606789955709,1,2400,126.18083509410405,78.40511168325853,0,1,,1,4,1,0,-1,4.333333,"LINESTRING (1.41673 1.68019, 1.33719 1.70008)"
531,237,298,1,3177.933878226791,1.974681470805915,1,2400,114.40559673504512,71.08832004885173,0,1,,1,4,1,0,-1,1.666667,"LINESTRING (1.51553 1.19366, 1.53665 1.21292)"
532,238,20,1,16705.75484823731,10.380500607849996,1,999999,,,0,0,,0,4,1,0,-1,0.0,"LINESTRING (1.35149 1.76221, 1.221 1.83678)"
533,239,222,1,1452.7843154814122,0.9027205658726014,1,600,261.50143828809246,162.4894102105103,0,1,,1,4,1,0,-1,0.333333,"LINESTRING (1.33719 1.70008, 1.33782 1.68703)"
534,239,238,1,7089.016029848578,4.40492129062136,1,600,116.00206994278855,72.08032220242046,0,1,,1,4,1,0,-1,3.666667,"LINESTRING (1.33719 1.70008, 1.35149 1.76221)"
535,239,288,1,19340.26160884381,12.017511283410474,1,2800,50.452856370896896,31.349941816040577,0,1,,1,4,1,0,-1,23.0,"LINESTRING (1.33719 1.70008, 1.16321 1.70318)"
536,240,32,1,19343.594312133526,12.019582134374046,1,999999,,,0,0,,0,4,1,0,-1,0.0,"LINESTRING (0.493991 1.79142, 0.628829 1.68143)"
537,240,36,1,33144.94734887943,20.595366640286972,1,999999,,,0,0,,0,4,1,0,-1,0.0,"LINESTRING (0.493991 1.79142, 0.444282 2.08533)"
538,240,355,1,7862.348296693638,4.885448877610473,1,900,141.52228349271383,87.93784281615109,0,1,,1,4,1,0,-1,3.333333,"LINESTRING (0.493991 1.79142, 0.5611 1.81379)"
539,241,16,1,14792.260972676544,9.191507681830158,1,999999,,,0,0,,0,4,1,0,-1,0.0,"LINESTRING (0.257248 1.21106, 0.367853 1.13711)"
540,241,18,1,19216.645359071208,11.940699515994886,1,999999,,,0,0,,0,4,1,0,-1,0.0,"LINESTRING (0.257248 1.21106, 0.241714 1.38318)"
541,241,75,1,5073.992604556641,3.152840670434241,1,900,182.6636972312996,113.50192421230987,0,1,,1,4,1,0,-1,1.666667,"LINESTRING (0.257248 1.21106, 0.252277 1.25642)"
542,242,229,1,14028.267200318993,8.716782780716937,1,900,148.53458514840196,92.29508370824767,0,1,,1,4,1,0,-1,5.666667,"LINESTRING (0.396436 1.74544, 0.282103 1.692)"
543,242,240,1,11987.466698869854,7.448684988175187,1,900,79.91644465913235,49.65776113428973,0,1,,1,4,1,0,-1,9.0,"LINESTRING (0.396436 1.74544, 0.493991 1.79142)"
544,242,247,1,22223.978148339214,13.809374121279044,1,2400,117.65635836345344,73.10824905265743,0,1,,1,4,1,0,-1,11.333333,"LINESTRING (0.396436 1.74544, 0.272161 1.90202)"
545,242,270,1,17662.321554688446,10.974885080025631,1,2400,122.27760606024283,75.97975835525915,0,1,,1,4,1,0,-1,8.666667,"LINESTRING (0.396436 1.74544, 0.494613 1.62054)"
546,243,72,1,4079.466179053915,2.534869063749062,1,900,122.38398537161744,76.0458593743473,0,1,,1,4,1,0,-1,2.0,"LINESTRING (0.202568 1.6485, 0.170256 1.6311)"
547,243,80,1,4664.539445294647,2.8984176403337063,1,900,64.58593574915172,40.13182748238615,0,1,,1,4,1,0,-1,4.333333,"LINESTRING (0.202568 1.6485, 0.23985 1.66776)"
548,243,245,1,7338.035187585305,4.559655006142459,1,900,132.08464658500012,82.0735689331681,0,1,,1,4,1,0,-1,3.333333,"LINESTRING (0.202568 1.6485, 0.212509 1.58326)"
549,244,32,1,17748.9553216094,11.028716940863585,1,999999,,,0,0,,0,4,1,0,-1,0.0,"LINESTRING (0.674811 1.83429, 0.628829 1.68143)"
550,244,354,1,7845.074665933016,4.874715514392867,1,900,156.90149331866033,97.49403780490928,0,1,,1,4,1,0,-1,3.0,"LINESTRING (0.674811 1.83429, 0.605217 1.82249)"
551,244,376,1,20397.087096297164,12.674193828710631,1,900,131.12413601634375,81.47673552061154,0,1,,1,4,1,0,-1,9.333333,"LINESTRING (0.674811 1.83429, 0.855009 1.86909)"
552,245,70,1,5316.751449404659,3.3036843982034,1,900,119.62689265824325,74.33268191794527,0,1,,1,4,1,0,-1,2.666667,"LINESTRING (0.212509 1.58326, 0.219966 1.53603)"
553,245,243,1,7338.035187585311,4.559655006142464,1,900,165.10577108244811,102.59193808327187,0,1,,1,4,1,0,-1,2.666667,"LINESTRING (0.212509 1.58326, 0.202568 1.6485)"
554,246,16,1,13501.028017472021,8.389170726802305,1,999999,,,0,0,,0,4,1,0,-1,0.0,"LINESTRING (0.259112 1.19117, 0.367853 1.13711)"
555,246,241,1,2221.356823448037,1.3802905684616287,1,900,199.92201414931625,124.2257418539748,0,1,,1,4,1,0,-1,0.666667,"LINESTRING (0.259112 1.19117, 0.257248 1.21106)"
556,247,36,1,27952.31070929039,17.368803801117473,1,999999,,,0,0,,0,4,1,0,-1,0.0,"LINESTRING (0.272161 1.90202, 0.444282 2.08533)"
557,247,242,1,22223.9781483392,13.809374121279035,1,2400,43.48169590455826,27.01826486591127,0,1,,1,4,1,0,-1,30.666667,"LINESTRING (0.272161 1.90202, 0.396436 1.74544)"
558,247,267,1,31738.2338120462,19.72127320022258,1,2400,93.65380622659218,58.19375922882381,0,1,,1,4,1,0,-1,20.333333,"LINESTRING (0.272161 1.90202, 0.0932059 2.12447)"
559,247,269,1,12911.177976546913,8.02265399265967,1,600,166.00084784125687,103.14811282396963,0,1,,1,4,1,0,-1,4.666667,"LINESTRING (0.272161 1.90202, 0.175227 1.83802)"
560,248,257,1,13078.417085309296,8.126571815346228,1,2400,196.17625627963943,121.89823654073584,0,1,,1,4,1,0,-1,4.0,"LINESTRING (0.614538 1.14022, 0.600867 1.25704)"
561,249,102,1,15496.730025591149,9.629245545124803,1,900,89.98101595443299,55.911593864621985,0,1,,1,4,1,0,-1,10.333333,"LINESTRING (0.766774 1.16818, 0.786658 1.03024)"
562,250,397,1,4008.065428600773,2.490502584041143,1,900,103.06455431609906,64.04132517994879,0,1,,1,4,1,0,-1,2.333333,"LINESTRING (0.766774 1.17626, 0.766153 1.2123)"
563,251,17,1,9030.021826768578,5.611009374506679,1,999999,,,0,0,,0,4,1,0,-1,0.0,"LINESTRING (0.305094 1.58326, 0.380901 1.61246)"
564,251,80,1,11869.054837642916,7.375107085912807,1,900,53.41074810466182,33.18788996054182,0,1,,1,4,1,0,-1,13.333333,"LINESTRING (0.305094 1.58326, 0.23985 1.66776)"
565,252,248,1,14406.908483925374,8.95206015132003,1,2400,199.48028666052724,123.95126520253848,0,1,,1,4,1,0,-1,4.333333,"LINESTRING (0.630072 1.01159, 0.614538 1.14022)"
566,253,2,1,7754.303764727652,4.818312951102722,1,999999,,,0,0,,0,4,1,0,-1,0.0,"LINESTRING (0.815862 1.36764, 0.753725 1.33595)"
567,253,81,1,28377.366107346526,17.632921637035388,1,900,60.093246581360255,37.340200721506406,0,1,,1,4,1,0,-1,28.333333,"LINESTRING (0.815862 1.36764, 0.577255 1.45836)"
568,253,258,1,12104.396826822715,7.521342181778068,1,600,121.04396826822713,75.21321160679656,0,1,,1,4,1,0,-1,6.0,"LINESTRING (0.815862 1.36764, 0.918389 1.33098)"
569,253,272,1,4588.570683100902,2.851212722669481,1,900,103.24282746441686,64.15209894439216,0,1,,1,4,1,0,-1,2.666667,"LINESTRING (0.815862 1.36764, 0.802814 1.32849)"
570,253,353,1,25211.017915473858,15.6654391958653,1,900,72.03147975849674,44.75827260901688,0,1,,1,4,1,0,-1,21.0,"LINESTRING (0.815862 1.36764, 0.792872 1.5932)"
571,254,5,1,10760.632365400465,6.686363580971371,1,999999,,,0,0,,0,4,1,0,-1,0.0,"LINESTRING (0.845067 1.46644, 0.805299 1.55467)"
572,254,253,1,11455.711377419633,7.118266728857566,1,900,79.30876802410639,49.280168495907006,0,1,,1,4,1,0,-1,8.666667,"LINESTRING (0.845067 1.46644, 0.815862 1.36764)"
573,255,2,1,11695.573117338157,7.267310274608323,1,999999,,,0,0,,0,4,1,0,-1,0.0,"LINESTRING (0.68786 1.41797, 0.753725 1.33595)"
574,255,5,1,20036.57751127494,12.450183001276885,1,999999,,,0,0,,0,4,1,0,-1,0.0,"LINESTRING (0.68786 1.41797, 0.805299 1.55467)"
575,255,253,1,15290.007206657723,9.500793621396179,1,900,68.8050341500856,42.75345287487284,0,1,,1,4,1,0,-1,13.333333,"LINESTRING (0.68786 1.41797, 0.815862 1.36764)"
576,256,2,1,7848.783305245381,4.877019961751638,1,999999,,,0,0,,0,4,1,0,-1,0.0,"LINESTRING (0.786037 1.27319, 0.753725 1.33595)"
577,256,272,1,6425.702725886456,3.992756487682191,1,900,46.26506147698495,28.747767515015614,0,1,,1,4,1,0,-1,8.333333,"LINESTRING (0.786037 1.27319, 0.802814 1.32849)"
578,256,397,1,7122.3723902547745,4.425648023571635,1,900,116.54790124526892,72.419485944674,0,1,,1,4,1,0,-1,3.666667,"LINESTRING (0.786037 1.27319, 0.766153 1.2123)"
579,257,81,1,22539.151686239915,14.005214365044004,1,2400,202.85235503354147,126.0465706995467,0,1,,1,4,1,0,-1,6.666667,"LINESTRING (0.600867 1.25704, 0.577255 1.45836)"
580,258,3,1,7406.751191957194,4.602353257830661,1,999999,,,0,0,,0,4,1,0,-1,0.0,"LINESTRING (0.918389 1.33098, 0.981148 1.35335)"
581,258,253,1,12104.39682682271,7.521342181778066,1,600,60.52198413411355,37.606605803398274,0,1,,1,4,1,0,-1,12.0,"LINESTRING (0.918389 1.33098, 0.815862 1.36764)"
582,258,259,1,7568.146666451407,4.702640005500024,1,600,113.5221999967711,70.53940293419366,0,1,,1,4,1,0,-1,4.0,"LINESTRING (0.918389 1.33098, 0.981769 1.30613)"
583,259,3,1,5251.085648839095,3.2628814600016747,1,999999,,,0,0,,0,4,1,0,-1,0.0,"LINESTRING (0.981769 1.30613, 0.981148 1.35335)"
584,259,260,1,4156.608164194346,2.5828029901663703,1,600,93.52367200391377,58.112897596743906,0,1,,1,4,1,0,-1,2.666667,"LINESTRING (0.981769 1.30613, 1.01657 1.29246)"
585,260,3,1,7832.461479332655,4.866878024117126,1,999999,,,0,0,,0,4,1,0,-1,0.0,"LINESTRING (1.01657 1.29246, 0.981148 1.35335)"
586,260,262,1,4892.721009891481,3.040203443580276,1,600,97.85442019782963,60.8038989327456,0,1,,1,4,1,0,-1,3.0,"LINESTRING (1.01657 1.29246, 1.05447 1.27009)"
587,261,3,1,11446.437382989985,7.11250412155914,1,999999,,,0,0,,0,4,1,0,-1,0.0,"LINESTRING (1.0613 1.28873, 0.981148 1.35335)"
588,261,258,1,16566.926834636182,10.294236665115006,1,600,102.829197496735,63.89508127774373,0,1,,1,4,1,0,-1,9.666667,"LINESTRING (1.0613 1.28873, 0.918389 1.33098)"
589,261,262,1,2207.3701343762327,1.3715996211964117,1,600,198.66321276225455,123.44355917729487,0,1,,1,4,1,0,-1,0.666667,"LINESTRING (1.0613 1.28873, 1.05447 1.27009)"
590,262,145,1,13864.135079877873,8.614795555866301,1,600,124.77720948004036,77.53293943182216,0,1,,1,4,1,0,-1,6.666667,"LINESTRING (1.05447 1.27009, 1.16259 1.20795)"
591,262,261,1,2207.3701343762264,1.3715996211964077,1,600,198.66321276225398,123.44355917729452,0,1,,1,4,1,0,-1,0.666667,"LINESTRING (1.05447 1.27009, 1.0613 1.28873)"
592,263,4,1,12186.113282338221,7.57211855937106,1,999999,,,0,0,,0,4,1,0,-1,0.0,"LINESTRING (1.21913 1.29432, 1.24834 1.39995)"
593,263,232,1,8138.172040421016,5.056838232083349,1,900,63.69003928633668,39.57514340139031,0,1,,1,4,1,0,-1,7.666667,"LINESTRING (1.21913 1.29432, 1.24834 1.36143)"
594,263,265,1,3123.941843957288,1.9411322927145838,1,600,51.11904370847892,31.763891308181254,0,1,,1,4,1,0,-1,3.666667,"LINESTRING (1.21913 1.29432, 1.19241 1.28562)"
595,264,6,1,11848.474485037805,7.362319015893352,1,999999,,,0,0,,0,4,1,0,-1,0.0,"LINESTRING (1.24461 1.13028, 1.32477 1.06006)"
596,264,295,1,12336.027804338404,7.665271356169862,1,900,58.433814377555215,36.309077673595866,0,1,,1,4,1,0,-1,12.666667,"LINESTRING (1.24461 1.13028, 1.31793 1.04701)"
597,265,261,1,14579.210587571934,9.05912398099341,1,600,82.00805699234034,50.95742838138751,0,1,,1,4,1,0,-1,10.666667,"LINESTRING (1.19241 1.28562, 1.0613 1.28873)"
598,266,31,1,15266.054638961657,9.485910148857084,1,999999,,,0,0,,0,4,1,0,-1,0.0,"LINESTRING (0.110604 1.79701, 0.0236122 1.90326)"
599,266,269,1,8507.514839950043,5.286337778188601,1,600,170.15029679900084,105.72646007229196,0,1,,1,4,1,0,-1,3.0,"LINESTRING (0.110604 1.79701, 0.175227 1.83802)"
600,267,31,1,25784.593521943643,16.021843440133004,1,999999,,,0,0,,0,4,1,0,-1,0.0,"LINESTRING (0.0932059 2.12447, 0.0236122 1.90326)"
601,267,33,1,14821.207891511543,9.20949450800424,1,999999,,,0,0,,0,4,1,0,-1,0.0,"LINESTRING (0.0932059 2.12447, 0.196354 2.20898)"
602,267,40,1,11630.180646082832,7.226677175788108,1,2400,130.83954044590314,81.29989608641128,0,1,,1,4,1,0,-1,5.333333,"LINESTRING (0.0932059 2.12447, 0.026719 2.20525)"
603,268,31,1,21681.65387328052,13.4723886023342,1,999999,,,0,0,,0,4,1,0,-1,0.0,"LINESTRING (0.193247 1.99958, 0.0236122 1.90326)"
604,268,33,1,23286.810008296998,14.469788862699616,1,999999,,,0,0,,0,4,1,0,-1,0.0,"LINESTRING (0.193247 1.99958, 0.196354 2.20898)"
605,268,36,1,29480.661437046245,18.31847927538385,1,999999,,,0,0,,0,4,1,0,-1,0.0,"LINESTRING (0.193247 1.99958, 0.444282 2.08533)"
606,268,247,1,13949.623831951567,8.66791593569511,1,2400,114.13329108566242,70.91911721518915,0,1,,1,4,1,0,-1,7.333333,"LINESTRING (0.193247 1.99958, 0.272161 1.90202)"
607,269,31,1,18345.10241713628,11.399146493056957,1,999999,,,0,0,,0,4,1,0,-1,0.0,"LINESTRING (0.175227 1.83802, 0.0236122 1.90326)"
608,269,247,1,12911.177976546924,8.022653992659677,1,600,166.000847841257,103.14811282396971,0,1,,1,4,1,0,-1,4.666667,"LINESTRING (0.175227 1.83802, 0.272161 1.90202)"
609,270,17,1,12671.076505264831,7.873461484375478,1,999999,,,0,0,,0,4,1,0,-1,0.0,"LINESTRING (0.494613 1.62054, 0.380901 1.61246)"
610,270,32,1,16382.538901490478,10.179663030491058,1,999999,,,0,0,,0,4,1,0,-1,0.0,"LINESTRING (0.494613 1.62054, 0.628829 1.68143)"
611,270,79,1,14428.643889453288,8.965565939735102,1,2400,36.07160972363322,22.4138522055837,0,1,,1,4,1,0,-1,24.0,"LINESTRING (0.494613 1.62054, 0.567313 1.51304)"
612,271,277,1,14267.691407505772,8.865554455556795,1,2800,151.0696648400808,93.87030871134586,0,1,,1,4,1,0,-1,5.666667,"LINESTRING (1.20111 0.429369, 1.29308 0.518846)"
613,271,282,1,1149.7749653440555,0.7144388167472726,1,600,206.95970072163072,128.5987561971004,0,1,,1,4,1,0,-1,0.333333,"LINESTRING (1.20111 0.429369, 1.19552 0.438068)"
614,272,2,1,5519.66723879489,3.4297707375662636,1,999999,,,0,0,,0,4,1,0,-1,0.0,"LINESTRING (0.802814 1.32849, 0.753725 1.33595)"
615,272,253,1,4588.5706831008865,2.8512127226694712,1,900,45.88570683100886,28.51204753929081,0,1,,1,4,1,0,-1,6.0,"LINESTRING (0.802814 1.32849, 0.815862 1.36764)"
616,272,256,1,6425.702725886456,3.992756487682191,1,900,88.97127535621827,55.28417033936871,0,1,,1,4,1,0,-1,4.333333,"LINESTRING (0.802814 1.32849, 0.786037 1.27319)"
617,273,17,1,10633.697670995283,6.607489822533016,1,999999,,,0,0,,0,4,1,0,-1,0.0,"LINESTRING (0.464787 1.65844, 0.380901 1.61246)"
618,273,242,1,12300.376477271982,7.6431185935054025,1,2400,35.14393279220566,21.837420663025625,0,1,,1,4,1,0,-1,21.0,"LINESTRING (0.464787 1.65844, 0.396436 1.74544)"
619,274,140,1,1206.490019992215,0.7496800054632428,1,600,108.58404750727557,67.47097818364333,0,1,,1,4,1,0,-1,0.666667,"LINESTRING (1.04826 0.41197, 1.05074 0.401407)"
620,274,227,1,5707.999467590174,3.546795249972147,1,2800,114.15998935180349,70.93570674351949,0,1,,1,4,1,0,-1,3.0,"LINESTRING (1.04826 0.41197, 0.997303 0.405756)"
621,275,11,1,4480.206159725771,2.783877962224124,1,999999,,,0,0,,0,4,1,0,-1,0.0,"LINESTRING (1.28997 0.710229, 1.25393 0.728249)"
622,275,65,1,12669.499211776772,7.872481397204304,1,2800,40.008944879295065,24.860398088592454,0,1,,1,4,1,0,-1,19.0,"LINESTRING (1.28997 0.710229, 1.3664 0.625722)"
623,276,27,1,15929.091676626334,9.897903287450966,1,999999,,,0,0,,0,4,1,0,-1,0.0,"LINESTRING (1.06068 0.717064, 0.957535 0.617645)"
624,276,280,1,1813.0399436426253,1.1265735914366297,1,600,46.62103378238661,28.96895838239535,0,1,,1,4,1,0,-1,2.333333,"LINESTRING (1.06068 0.717064, 1.04515 0.712093)"
625,277,63,1,14675.975927458825,9.119251325051778,1,2800,88.05585556475295,54.715355028126105,0,1,,1,4,1,0,-1,10.0,"LINESTRING (1.29308 0.518846, 1.37696 0.620751)"
626,278,109,1,7798.416655119363,4.845723498526952,1,2400,140.37151382929991,87.22278791962592,0,1,,1,4,1,0,-1,3.333333,"LINESTRING (1.03894 0.871165, 0.969341 0.862465)"
627,279,11,1,7415.967278064064,4.608079882476086,1,999999,,,0,0,,0,4,1,0,-1,0.0,"LINESTRING (1.2297 0.790386, 1.25393 0.728249)"
628,279,275,1,11151.15065117327,6.92902099691381,1,900,154.40055935474984,95.94002996682026,0,1,,1,4,1,0,-1,4.333333,"LINESTRING (1.2297 0.790386, 1.28997 0.710229)"
629,279,276,1,20484.937865213797,12.728781901409148,1,600,175.58518170183254,109.10353993924939,0,1,,1,4,1,0,-1,7.0,"LINESTRING (1.2297 0.790386, 1.06068 0.717064)"
630,280,27,1,14324.662181322921,8.900954541192615,1,999999,,,0,0,,0,4,1,0,-1,0.0,"LINESTRING (1.04515 0.712093, 0.957535 0.617645)"
631,280,78,1,5898.589735054296,3.6652228460451473,1,600,151.67804342683095,94.24833752217337,0,1,,1,4,1,0,-1,2.333333,"LINESTRING (1.04515 0.712093, 0.993575 0.699666)"
632,280,283,1,14381.389696013808,8.936203472239434,1,600,161.7906441920706,100.5320143722711,0,1,,1,4,1,0,-1,5.333333,"LINESTRING (1.04515 0.712093, 1.16507 0.76056)"
633,281,284,1,9742.615055545342,6.053795379189819,1,2400,76.24654929354836,47.37739458108143,0,1,,1,4,1,0,-1,7.666667,"LINESTRING (1.09362 0.866194, 1.17004 0.909068)"
634,282,271,1,1149.7749653440555,0.7144388167472726,1,600,206.95970072163072,128.5987561971004,0,1,,1,4,1,0,-1,0.333333,"LINESTRING (1.19552 0.438068, 1.20111 0.429369)"
635,282,274,1,16629.30547137725,10.332997049335289,1,2800,69.61104777811519,43.25428636893522,0,1,,1,4,1,0,-1,14.333333,"LINESTRING (1.19552 0.438068, 1.04826 0.41197)"
636,283,11,1,10512.945247036396,6.532457558400584,1,999999,,,0,0,,0,4,1,0,-1,0.0,"LINESTRING (1.16507 0.76056, 1.25393 0.728249)"
637,283,279,1,7914.2955048574195,4.917727456508519,1,900,178.07162660033862,110.648544692279,0,1,,1,4,1,0,-1,2.666667,"LINESTRING (1.16507 0.76056, 1.2297 0.790386)"
638,284,223,1,22712.913312045275,14.1131851019954,1,2400,75.7097110401509,47.04381885872961,0,1,,1,4,1,0,-1,18.0,"LINESTRING (1.17004 0.909068, 1.32974 1.03645)"
639,285,22,1,8775.08042973053,5.452595740943822,1,999999,,,0,0,,0,4,1,0,-1,0.0,"LINESTRING (1.14146 1.6951, 1.11226 1.62178)"
640,285,286,1,2770.911705255137,1.7217689893093673,1,2800,23.750671759329745,14.757978661766483,0,1,,1,4,1,0,-1,7.0,"LINESTRING (1.14146 1.6951, 1.16632 1.69697)"
641,285,287,1,15129.700119318766,9.401183167832011,1,2800,100.8646674621251,62.67437928560813,0,1,,1,4,1,0,-1,9.0,"LINESTRING (1.14146 1.6951, 1.00662 1.67646)"
642,286,22,1,10295.949445915883,6.397622283616815,1,999999,,,0,0,,0,4,1,0,-1,0.0,"LINESTRING (1.16632 1.69697, 1.11226 1.62178)"
643,286,222,1,19093.65980555189,11.864279646036197,1,2800,132.18687049278728,82.13708790497373,0,1,,1,4,1,0,-1,8.666667,"LINESTRING (1.16632 1.69697, 1.33782 1.68703)"
644,286,228,1,5592.743859386903,3.4751785572886424,1,900,125.83672110661516,78.19128923073856,0,1,,1,4,1,0,-1,2.666667,"LINESTRING (1.16632 1.69697, 1.18931 1.65223)"
645,286,288,1,772.207122102499,0.47982845272130137,1,2800,69.4986062399218,43.184418457906446,0,1,,1,4,1,0,-1,0.666667,"LINESTRING (1.16632 1.69697, 1.16321 1.70318)"
646,287,19,1,13578.69855839068,8.437433083370005,1,999999,,,0,0,,0,4,1,0,-1,0.0,"LINESTRING (1.00662 1.67646, 0.920253 1.76283)"
647,287,22,1,13222.619042445218,8.216174980082034,1,999999,,,0,0,,0,4,1,0,-1,0.0,"LINESTRING (1.00662 1.67646, 1.11226 1.62178)"
648,287,285,1,15129.700119318768,9.401183167832011,1,2800,73.60394851571154,45.73535909315619,0,1,,1,4,1,0,-1,12.333333,"LINESTRING (1.00662 1.67646, 1.14146 1.6951)"
649,287,353,1,25498.18449203732,15.843876677418894,1,2400,111.94324625910905,69.55828687126885,0,1,,1,4,1,0,-1,13.666667,"LINESTRING (1.00662 1.67646, 0.792872 1.5932)"
650,288,285,1,2578.990091485239,1.6025141309389188,1,2400,92.84362472474366,57.69033593883869,0,1,,1,4,1,0,-1,1.666667,"LINESTRING (1.16321 1.70318, 1.14146 1.6951)"
651,288,286,1,772.207122102515,0.47982845272131125,1,2800,69.49860623992322,43.184418457907334,0,1,,1,4,1,0,-1,0.666667,"LINESTRING (1.16321 1.70318, 1.16632 1.69697)"
652,288,290,1,25123.243240614844,15.610898405939606,1,2400,74.13416159745628,46.06481812597301,0,1,,1,4,1,0,-1,20.333333,"LINESTRING (1.16321 1.70318, 1.0582 1.90326)"
653,289,288,1,17462.774756409024,10.850892139889039,1,2800,45.555064581936584,28.30659603434252,0,1,,1,4,1,0,-1,23.0,"LINESTRING (1.08927 1.84175, 1.16321 1.70318)"
654,290,221,1,20587.23969391278,12.792349468672116,1,900,100.15414175833628,62.23287921851917,0,1,,1,4,1,0,-1,12.333333,"LINESTRING (1.0582 1.90326, 1.22721 1.97907)"
655,290,289,1,7661.812675909571,4.76084151012811,1,2400,86.19539799119505,53.55932064518686,0,1,,1,4,1,0,-1,5.333333,"LINESTRING (1.0582 1.90326, 1.08927 1.84175)"
656,290,312,1,18016.573936306162,11.195007851856142,1,2400,101.34322522474636,62.97174120112587,0,1,,1,4,1,0,-1,10.666667,"LINESTRING (1.0582 1.90326, 1.02154 2.06109)"
657,290,377,1,13644.86476790634,8.478546962050494,1,900,94.46444475994984,58.697466504934795,0,1,,1,4,1,0,-1,8.666667,"LINESTRING (1.0582 1.90326, 0.936409 1.88773)"
658,291,19,1,17611.68847420035,10.943423064237733,1,999999,,,0,0,,0,4,1,0,-1,0.0,"LINESTRING (1.01097 1.63297, 0.920253 1.76283)"
659,291,287,1,4859.984407703053,3.0198618114898363,1,600,174.95940368542915,108.7146996274188,0,1,,1,4,1,0,-1,1.666667,"LINESTRING (1.01097 1.63297, 1.00662 1.67646)"
660,292,19,1,12760.8675002386,7.929255160648839,1,999999,,,0,0,,0,4,1,0,-1,0.0,"LINESTRING (0.930195 1.6485, 0.920253 1.76283)"
661,292,287,1,9045.585802057638,5.620680404425192,1,2400,116.30038057642815,72.26568377915574,0,1,,1,4,1,0,-1,4.666667,"LINESTRING (0.930195 1.6485, 1.00662 1.67646)"
662,293,141,1,6288.481138589853,3.90749073445627,1,900,70.74541723072443,43.959150650072466,0,1,,1,4,1,0,-1,5.333333,"LINESTRING (1.27009 1.18993, 1.27133 1.24647)"
663,293,264,1,7212.3420953041,4.481552745413711,1,900,56.44441394392713,35.072921936751946,0,1,,1,4,1,0,-1,7.666667,"LINESTRING (1.27009 1.18993, 1.24461 1.13028)"
664,294,295,1,24255.757570057904,15.071866460821148,1,2800,103.95324672881958,64.59353287313336,0,1,,1,4,1,0,-1,14.0,"LINESTRING (1.48694 1.18496, 1.31793 1.04701)"
665,295,6,1,1638.2786561184555,1.0179816919472926,1,999999,,,0,0,,0,4,1,0,-1,0.0,"LINESTRING (1.31793 1.04701, 1.32477 1.06006)"
666,295,223,1,1761.4634917004685,1.0945253903466443,1,2400,105.6878095020281,65.67133987808471,0,1,,1,4,1,0,-1,1.0,"LINESTRING (1.31793 1.04701, 1.32974 1.03645)"
667,295,278,1,36666.57090835639,22.783607508889606,1,2400,90.41072402623116,56.17860199890328,0,1,,1,4,1,0,-1,24.333333,"LINESTRING (1.31793 1.04701, 1.03894 0.871165)"
668,295,293,1,16758.36404602335,10.413190529051258,1,900,100.5501842761401,62.47896855384945,0,1,,1,4,1,0,-1,10.0,"LINESTRING (1.31793 1.04701, 1.27009 1.18993)"
669,296,297,1,9272.88841301447,5.761920049843086,1,900,98.18351859759329,61.00839113450514,0,1,,1,4,1,0,-1,5.666667,"LINESTRING (1.52423 1.31607, 1.44842 1.35086)"
670,296,300,1,9047.751801812248,5.622026297620297,1,2800,37.013529257106256,22.999133688017373,0,1,,1,4,1,0,-1,14.666667,"LINESTRING (1.52423 1.31607, 1.60501 1.30613)"
671,296,360,1,2732.90269354732,1.6981512256871265,1,900,163.9741616128392,101.88878877553151,0,1,,1,4,1,0,-1,1.0,"LINESTRING (1.52423 1.31607, 1.53106 1.33968)"
672,297,230,1,8045.945044993456,4.999530891541537,1,900,55.70269432292798,34.61203887413208,0,1,,1,4,1,0,-1,8.666667,"LINESTRING (1.44842 1.35086, 1.38193 1.37945)"
673,298,301,1,13734.508854906491,8.534249353714252,1,2800,82.40705312943895,51.20535301009261,0,1,,1,4,1,0,-1,10.0,"LINESTRING (1.53665 1.21292, 1.62116 1.30302)"
674,299,302,1,13606.037277092351,8.45442061782616,1,2400,74.2147487841401,46.11489266674992,0,1,,1,4,1,0,-1,11.0,"LINESTRING (1.66279 1.28065, 1.76346 1.21106)"
675,300,294,1,18810.087729472853,11.688075689085498,1,2400,105.80674017182416,65.74523994730654,0,1,,1,4,1,0,-1,10.666667,"LINESTRING (1.60501 1.30613, 1.48694 1.18496)"
676,300,301,1,1828.33733011526,1.1360789703327205,1,2800,54.8501199034578,34.08227385453148,0,1,,1,4,1,0,-1,2.0,"LINESTRING (1.60501 1.30613, 1.62116 1.30302)"
677,301,299,1,5254.003494842562,3.2646945299579717,1,2800,135.10296631066106,83.94906527942177,0,1,,1,4,1,0,-1,2.333333,"LINESTRING (1.62116 1.30302, 1.66279 1.28065)"
678,301,358,1,1911.304729983352,1.1876326506414756,1,2800,114.67828379900112,71.25775988246913,0,1,,1,4,1,0,-1,1.0,"LINESTRING (1.62116 1.30302, 1.63235 1.31607)"
679,302,168,1,4794.359015602334,2.9790839820064963,1,2800,61.64175436904754,38.30239855404944,0,1,,1,4,1,0,-1,4.666667,"LINESTRING (1.76346 1.21106, 1.79825 1.18558)"
680,302,367,1,2606.3348575257432,1.6195054230465555,1,2400,234.57001989230696,145.75500783050268,0,1,,1,4,1,0,-1,0.666667,"LINESTRING (1.76346 1.21106, 1.77588 1.23094)"
681,303,1,1,6388.002995966997,3.969330903331178,1,999999,,,0,0,,0,4,1,0,-1,0.0,"LINESTRING (1.19552 2.19345, 1.21106 2.13814)"
682,303,304,1,6920.81111941192,4.300403345105398,1,600,177.96373992255505,110.58150703941796,0,1,,1,4,1,0,-1,2.333333,"LINESTRING (1.19552 2.19345, 1.25207 2.21954)"
683,304,1,1,10133.617933120098,6.296753907266394,1,999999,,,0,0,,0,4,1,0,-1,0.0,"LINESTRING (1.25207 2.21954, 1.21106 2.13814)"
684,304,307,1,3033.4965047711207,1.8849320247872552,1,600,182.00979028626725,113.09560539996816,0,1,,1,4,1,0,-1,1.0,"LINESTRING (1.25207 2.21954, 1.27879 2.22514)"
685,304,308,1,13286.826275543583,8.256071604225076,1,600,170.83061134051667,106.14918779926819,0,1,,1,4,1,0,-1,4.666667,"LINESTRING (1.25207 2.21954, 1.14333 2.16983)"
686,304,310,1,11373.577560227162,7.067231014097185,1,600,170.60366340340744,106.00816893263868,0,1,,1,4,1,0,-1,4.0,"LINESTRING (1.25207 2.21954, 1.20857 2.31213)"
687,305,312,1,6734.8118587949475,4.184828475520989,1,600,173.18090110914167,107.60958970308847,0,1,,1,4,1,0,-1,2.333333,"LINESTRING (1.07995 2.07725, 1.02154 2.06109)"
688,306,1,1,11005.661746997015,6.838618158373629,1,999999,,,0,0,,0,4,1,0,-1,0.0,"LINESTRING (1.11288 2.12509, 1.21106 2.13814)"
689,306,303,1,11920.591913045446,7.407130819494605,1,600,165.05436226173404,102.55999413293594,0,1,,1,4,1,0,-1,4.333333,"LINESTRING (1.11288 2.12509, 1.19552 2.19345)"
690,307,1,1,12256.555611161995,7.615889502008275,1,999999,,,0,0,,0,4,1,0,-1,0.0,"LINESTRING (1.27879 2.22514, 1.21106 2.13814)"
691,307,311,1,7879.004181442883,4.895798390298435,1,600,157.58008362885766,97.91569414454692,0,1,,1,4,1,0,-1,3.0,"LINESTRING (1.27879 2.22514, 1.349 2.23508)"
692,308,305,1,12472.978344267458,7.750368687951247,1,600,160.36685297152064,99.64731179776676,0,1,,1,4,1,0,-1,4.666667,"LINESTRING (1.14333 2.16983, 1.07995 2.07725)"
693,309,310,1,12197.997910321144,7.579503343184874,1,600,168.89536867332114,104.94668412791023,0,1,,1,4,1,0,-1,4.333333,"LINESTRING (1.30737 2.35997, 1.20857 2.31213)"
694,310,304,1,11373.577560227135,7.067231014097168,1,600,170.603663403407,106.00816893263843,0,1,,1,4,1,0,-1,4.0,"LINESTRING (1.20857 2.31213, 1.25207 2.21954)"
695,310,311,1,17800.331706669946,11.06064082584783,1,600,110.48481367985435,68.65205916106478,0,1,,1,4,1,0,-1,9.666667,"LINESTRING (1.20857 2.31213, 1.349 2.23508)"
696,310,313,1,13249.655432408343,8.232974655702552,1,600,170.35270053434294,105.8522278837252,0,1,,1,4,1,0,-1,4.666667,"LINESTRING (1.20857 2.31213, 1.10107 2.26055)"
697,311,304,1,10907.736369206925,6.7777699983887345,1,600,163.61604553810386,101.66626583205714,0,1,,1,4,1,0,-1,4.0,"LINESTRING (1.349 2.23508, 1.25207 2.21954)"
698,311,309,1,14637.169024754943,9.095137773717763,1,600,164.66816182025323,102.32002037841258,0,1,,1,4,1,0,-1,5.333333,"LINESTRING (1.349 2.23508, 1.30737 2.35997)"
699,312,21,1,12314.566625595582,7.651935964802704,1,999999,,,0,0,,0,4,1,0,-1,0.0,"LINESTRING (1.02154 2.06109, 0.945729 2.14187)"
700,312,290,1,18016.57393630619,11.195007851856161,1,2400,67.56215226114821,41.98116211266193,0,1,,1,4,1,0,-1,16.0,"LINESTRING (1.02154 2.06109, 1.0582 1.90326)"
701,312,306,1,12396.065460157597,7.702577118668273,1,600,159.3779731035996,99.03285052535679,0,1,,1,4,1,0,-1,4.666667,"LINESTRING (1.02154 2.06109, 1.11288 2.12509)"
702,312,375,1,16212.22950376713,10.073837413950521,1,2400,121.59172127825347,75.55356944238964,0,1,,1,4,1,0,-1,8.0,"LINESTRING (1.02154 2.06109, 0.974312 2.19904)"
703,313,375,1,15657.099425117602,9.728894717783442,1,600,165.78104298471322,103.01153246045425,0,1,,1,4,1,0,-1,5.666667,"LINESTRING (1.10107 2.26055, 0.974312 2.19904)"
704,314,139,1,8921.489445959873,5.543570312028455,1,2800,123.52832490777709,76.75691877627035,0,1,,1,4,1,0,-1,4.333333,"LINESTRING (0.710229 0.358532, 0.789765 0.369095)"
705,314,315,1,11638.07740848756,7.231584008654207,1,2800,67.57593551947407,41.989726629671125,0,1,,1,4,1,0,-1,10.333333,"LINESTRING (0.710229 0.358532, 0.60646 0.344862)"
706,314,319,1,7241.680961634552,4.499783117075666,1,2400,162.93780126955224,101.24482451266294,0,1,,1,4,1,0,-1,2.666667,"LINESTRING (0.710229 0.358532, 0.718307 0.293909)"
707,314,320,1,6668.899651168723,4.143872426689652,1,2400,85.74298939052719,53.278207060581266,0,1,,1,4,1,0,-1,4.666667,"LINESTRING (0.710229 0.358532, 0.704015 0.418184)"
708,315,25,1,21995.80276327777,13.667592157827292,1,999999,,,0,0,,0,4,1,0,-1,0.0,"LINESTRING (0.60646 0.344862, 0.421291 0.275268)"
709,315,314,1,11638.07740848756,7.231584008654207,1,2800,83.79416069287686,52.067261423893584,0,1,,1,4,1,0,-1,8.333333,"LINESTRING (0.60646 0.344862, 0.710229 0.358532)"
710,315,316,1,7437.730757629339,4.621603115332583,1,600,111.56596136444007,69.3238529789835,0,1,,1,4,1,0,-1,4.0,"LINESTRING (0.60646 0.344862, 0.644985 0.290181)"
711,315,321,1,7168.7686923933825,4.4544774208019335,1,600,107.53153038590074,66.81697456741753,0,1,,1,4,1,0,-1,4.0,"LINESTRING (0.60646 0.344862, 0.577877 0.40265)"
712,315,331,1,15185.85933914435,9.436078975943152,1,2800,40.197862365413535,24.977785935859373,0,1,,1,4,1,0,-1,22.666667,"LINESTRING (0.60646 0.344862, 0.471001 0.327463)"
713,316,315,1,7437.730757629343,4.6216031153325865,1,600,167.34892112804508,103.9857664702545,0,1,,1,4,1,0,-1,2.666667,"LINESTRING (0.644985 0.290181, 0.60646 0.344862)"
714,316,319,1,8163.471712070353,5.0725587582924385,1,600,122.45207568105529,76.08816871801301,0,1,,1,4,1,0,-1,4.0,"LINESTRING (0.644985 0.290181, 0.718307 0.293909)"
715,316,326,1,8374.820423516972,5.203885085511435,1,600,167.49640847033945,104.0774108276233,0,1,,1,4,1,0,-1,3.0,"LINESTRING (0.644985 0.290181, 0.690966 0.230529)"
716,317,16,1,19684.076037351675,12.231148195752095,1,999999,,,0,0,,0,4,1,0,-1,0.0,"LINESTRING (0.286453 0.979905, 0.367853 1.13711)"
717,317,24,1,10136.921123282862,6.298806419577506,1,999999,,,0,0,,0,4,1,0,-1,0.0,"LINESTRING (0.286453 0.979905, 0.372824 0.9507)"
718,317,383,1,10632.338889748997,6.606645512911503,1,900,173.98371147010073,108.10843277988796,0,1,,1,4,1,0,-1,3.666667,"LINESTRING (0.286453 0.979905, 0.301366 0.885456)"
719,318,143,1,2033.3009924864486,1.2634378021340729,1,2400,182.99699782528145,113.70902753569297,0,1,,1,4,1,0,-1,0.666667,"LINESTRING (0.731356 0.19449, 0.734463 0.17647)"
720,318,319,1,11149.718416181953,6.9281310451377305,1,2400,50.17373412716214,31.17650334832887,0,1,,1,4,1,0,-1,13.333333,"LINESTRING (0.731356 0.19449, 0.718307 0.293909)"
721,318,326,1,6019.074336087225,3.740088692313138,1,600,180.57223008261673,112.20234717866563,0,1,,1,4,1,0,-1,2.0,"LINESTRING (0.731356 0.19449, 0.690966 0.230529)"
722,319,138,1,8921.561296294396,5.5436149578674465,1,600,89.21561296294396,55.43599464239745,0,1,,1,4,1,0,-1,6.0,"LINESTRING (0.718307 0.293909, 0.797843 0.304473)"
723,319,314,1,7241.6809616345545,4.499783117075668,1,2400,72.41680961634555,44.99770540811825,0,1,,1,4,1,0,-1,6.0,"LINESTRING (0.718307 0.293909, 0.710229 0.358532)"
724,319,318,1,11149.718416181953,6.9281310451377305,1,2400,167.2457762427293,103.92167522972095,0,1,,1,4,1,0,-1,4.0,"LINESTRING (0.718307 0.293909, 0.731356 0.19449)"
725,320,314,1,6668.899651168727,4.143872426689654,1,2400,80.02679581402472,49.72633014175636,0,1,,1,4,1,0,-1,5.0,"LINESTRING (0.704015 0.418184, 0.710229 0.358532)"
726,320,339,1,13181.605980448001,8.190690581510434,1,2400,84.73889861498353,52.65429417129093,0,1,,1,4,1,0,-1,9.333333,"LINESTRING (0.704015 0.418184, 0.68786 0.535623)"
727,321,341,1,6874.974333938331,4.271921616276444,1,600,88.39252083688419,54.92454906493557,0,1,,1,4,1,0,-1,4.666667,"LINESTRING (0.577877 0.40265, 0.571663 0.464165)"
728,322,336,1,5750.943063946942,3.5734792299619365,1,900,129.39620276428084,80.40304790784396,0,1,,1,4,1,0,-1,2.666667,"LINESTRING (0.187033 0.211888, 0.216859 0.169635)"
729,323,327,1,9941.942947522726,6.177652296918443,1,2400,54.228779713760325,33.69619107951897,0,1,,1,4,1,0,-1,11.0,"LINESTRING (0.32125 0.765531, 0.34859 0.680403)"
730,323,345,1,8903.632933698087,5.532474762137328,1,2400,160.26540883310645,99.58427735203618,0,1,,1,4,1,0,-1,3.333333,"LINESTRING (0.32125 0.765531, 0.400785 0.774852)"
731,323,381,1,1994.2218913649278,1.239155114124379,1,2400,119.65331348189567,74.349099051559,0,1,,1,4,1,0,-1,1.0,"LINESTRING (0.32125 0.765531, 0.3169 0.78293)"
732,324,337,1,4448.258083159226,2.764026298457272,1,2800,114.38379562177946,71.07477346930072,0,1,,1,4,1,0,-1,2.333333,"LINESTRING (0.154722 0.377795, 0.159071 0.417562)"
733,325,322,1,10453.052631644123,6.495241920069174,1,900,89.59759398552104,55.6733465723772,0,1,,1,4,1,0,-1,7.0,"LINESTRING (0.148508 0.297638, 0.187033 0.211888)"
734,325,324,1,8939.806115065498,5.554951790836926,1,2800,67.04854586299123,41.662021991432724,0,1,,1,4,1,0,-1,8.0,"LINESTRING (0.148508 0.297638, 0.154722 0.377795)"
735,325,331,1,36012.13232441162,22.376957215014617,1,2800,86.42911757858788,53.70454721892473,0,1,,1,4,1,0,-1,25.0,"LINESTRING (0.148508 0.297638, 0.471001 0.327463)"
736,326,316,1,8374.820423516974,5.203885085511437,1,600,167.49640847033947,104.07741082762331,0,1,,1,4,1,0,-1,3.0,"LINESTRING (0.690966 0.230529, 0.644985 0.290181)"
737,326,318,1,6019.074336087223,3.7400886923131367,1,600,180.57223008261667,112.2023471786656,0,1,,1,4,1,0,-1,2.0,"LINESTRING (0.690966 0.230529, 0.731356 0.19449)"
738,327,26,1,13789.775372511318,8.568590461003467,1,999999,,,0,0,,0,4,1,0,-1,0.0,"LINESTRING (0.34859 0.680403, 0.328706 0.557993)"
739,327,323,1,9941.942947522719,6.177652296918438,1,2400,48.36621024108918,30.053360423715823,0,1,,1,4,1,0,-1,12.333333,"LINESTRING (0.34859 0.680403, 0.32125 0.765531)"
740,327,328,1,3265.440760716167,2.0290558618540318,1,900,146.94487096844523,91.30728141853378,0,1,,1,4,1,0,-1,1.333333,"LINESTRING (0.34859 0.680403, 0.319386 0.677296)"
741,327,332,1,29235.84220905195,18.166355281700543,1,2400,111.96705288643186,69.57307961909505,0,1,,1,4,1,0,-1,15.666667,"LINESTRING (0.34859 0.680403, 0.43434 0.431854)"
742,327,346,1,14071.01570733202,8.743345537507315,1,600,115.12649738392095,71.53626680594435,0,1,,1,4,1,0,-1,7.333333,"LINESTRING (0.34859 0.680403, 0.474107 0.696559)"
743,328,26,1,13306.320382390615,8.26818471074516,1,999999,,,0,0,,0,4,1,0,-1,0.0,"LINESTRING (0.319386 0.677296, 0.328706 0.557993)"
744,329,330,1,1182.7658082968494,0.7349384271172341,1,900,212.89805839149128,132.28867944077933,0,1,,1,4,1,0,-1,0.333333,"LINESTRING (0.254141 0.119925, 0.264705 0.121168)"
745,330,329,1,1182.7658082968494,0.7349384271172341,1,900,53.224474679476884,33.07214505606123,0,1,,1,4,1,0,-1,1.333333,"LINESTRING (0.264705 0.121168, 0.254141 0.119925)"
746,330,333,1,7545.1138924386305,4.688328067679068,1,900,97.00860025931094,60.2783309517283,0,1,,1,4,1,0,-1,4.666667,"LINESTRING (0.264705 0.121168, 0.223694 0.175227)"
747,330,334,1,30192.891677401785,18.761039728958323,1,900,164.68850005855518,102.3326579698845,0,1,,1,4,1,0,-1,11.0,"LINESTRING (0.264705 0.121168, 0.534381 0.152858)"
748,331,25,1,8014.79291345448,4.9801738063146885,1,999999,,,0,0,,0,4,1,0,-1,0.0,"LINESTRING (0.471001 0.327463, 0.421291 0.275268)"
749,331,315,1,15185.85933914435,9.436078975943152,1,2800,80.3957282776974,49.95557407564111,0,1,,1,4,1,0,-1,11.333333,"LINESTRING (0.471001 0.327463, 0.60646 0.344862)"
750,331,325,1,36012.132324411614,22.376957215014613,1,2800,52.70068145035846,32.74667513349068,0,1,,1,4,1,0,-1,41.0,"LINESTRING (0.471001 0.327463, 0.148508 0.297638)"
751,331,327,1,41538.4546442581,25.81086323850653,1,2400,86.94095057006402,54.022585396671246,0,1,,1,4,1,0,-1,28.666667,"LINESTRING (0.471001 0.327463, 0.34859 0.680403)"
752,331,334,1,20654.724527300838,12.83428270427681,1,900,92.94626269651035,57.75411219799333,0,1,,1,4,1,0,-1,13.333333,"LINESTRING (0.471001 0.327463, 0.534381 0.152858)"
753,332,25,1,17471.944911774524,10.856590224424004,1,999999,,,0,0,,0,4,1,0,-1,0.0,"LINESTRING (0.43434 0.431854, 0.421291 0.275268)"
754,332,26,1,18294.464607145514,11.36768153848504,1,999999,,,0,0,,0,4,1,0,-1,0.0,"LINESTRING (0.43434 0.431854, 0.328706 0.557993)"
755,332,331,1,12302.745075629025,7.6445903759485425,1,2400,40.263530070486446,25.018589943428236,0,1,,1,4,1,0,-1,18.333333,"LINESTRING (0.43434 0.431854, 0.471001 0.327463)"
756,333,325,1,15973.934904418418,9.925767646624344,1,900,57.50616450578301,35.7326629451229,0,1,,1,4,1,0,-1,16.666667,"LINESTRING (0.223694 0.175227, 0.148508 0.297638)"
757,333,336,1,981.968221869733,0.6101682813263407,1,900,176.75445669100864,109.83009350854873,0,1,,1,4,1,0,-1,0.333333,"LINESTRING (0.223694 0.175227, 0.216859 0.169635)"
758,334,25,1,18531.04446554253,11.51468581253342,1,999999,,,0,0,,0,4,1,0,-1,0.0,"LINESTRING (0.534381 0.152858, 0.421291 0.275268)"
759,334,143,1,22402.42968235834,13.920259039331864,1,900,103.39582930319234,64.24716984995393,0,1,,1,4,1,0,-1,13.0,"LINESTRING (0.534381 0.152858, 0.734463 0.17647)"
760,334,330,1,30192.891677401785,18.761039728958323,1,900,164.68850005855518,102.3326579698845,0,1,,1,4,1,0,-1,11.0,"LINESTRING (0.534381 0.152858, 0.264705 0.121168)"
761,334,331,1,20654.724527300838,12.83428270427681,1,900,30.726036740827997,19.092268175685035,0,1,,1,4,1,0,-1,40.333333,"LINESTRING (0.534381 0.152858, 0.471001 0.327463)"
762,335,26,1,19209.874242275768,11.936492128621529,1,999999,,,0,0,,0,4,1,0,-1,0.0,"LINESTRING (0.182062 0.649335, 0.328706 0.557993)"
763,335,327,1,18835.364299407516,11.70378186051892,1,900,62.784547664691715,39.012497166957154,0,1,,1,4,1,0,-1,18.0,"LINESTRING (0.182062 0.649335, 0.34859 0.680403)"
764,335,337,1,25898.4934911956,16.09261777573142,1,900,83.24515616375092,51.726125930626075,0,1,,1,4,1,0,-1,18.666667,"LINESTRING (0.182062 0.649335, 0.159071 0.417562)"
765,335,338,1,11152.218014581536,6.929684227435804,1,900,48.960955943017574,30.42291815526877,0,1,,1,4,1,0,-1,13.666667,"LINESTRING (0.182062 0.649335, 0.161557 0.747511)"
766,336,329,1,6909.343137546914,4.293277453830088,1,900,103.6401470632037,64.39898182080995,0,1,,1,4,1,0,-1,4.0,"LINESTRING (0.216859 0.169635, 0.254141 0.119925)"
767,336,333,1,981.9682218697328,0.6101682813263406,1,900,176.75445669100858,109.8300935085487,0,1,,1,4,1,0,-1,0.333333,"LINESTRING (0.216859 0.169635, 0.223694 0.175227)"
768,337,335,1,25898.49349119559,16.092617775731412,1,900,116.54322362396074,72.41657940644411,0,1,,1,4,1,0,-1,13.333333,"LINESTRING (0.159071 0.417562, 0.182062 0.649335)"
769,338,335,1,11152.218014581542,6.929684227435808,1,900,59.041155931348044,36.68646210221767,0,1,,1,4,1,0,-1,11.333333,"LINESTRING (0.161557 0.747511, 0.182062 0.649335)"
770,338,380,1,1192.8076127693732,0.7411781306432285,1,900,35.78422838308119,22.235281774623544,0,1,,1,4,1,0,-1,2.0,"LINESTRING (0.161557 0.747511, 0.159693 0.758075)"
771,339,99,1,6959.011258830857,4.324139870276547,1,2400,73.68364428858293,45.78487973524106,0,1,,1,4,1,0,-1,5.666667,"LINESTRING (0.68786 0.535623, 0.680403 0.597761)"
772,340,342,1,6043.167501530345,3.7550595284590864,1,600,98.88818648975233,61.44625132732389,0,1,,1,4,1,0,-1,3.666667,"LINESTRING (0.564828 0.521953, 0.57042 0.467894)"
773,341,315,1,13818.635086278431,8.586523100325868,1,600,46.931212615073676,29.161694513840946,0,1,,1,4,1,0,-1,17.666667,"LINESTRING (0.571663 0.464165, 0.60646 0.344862)"
774,341,342,1,437.0743075942767,0.2715860586291752,1,600,78.67345404042385,48.88540281055221,0,1,,1,4,1,0,-1,0.333333,"LINESTRING (0.571663 0.464165, 0.57042 0.467894)"
775,342,341,1,437.0743075942758,0.2715860586291746,1,600,78.67345404042369,48.88540281055211,0,1,,1,4,1,0,-1,0.333333,"LINESTRING (0.57042 0.467894, 0.571663 0.464165)"
776,342,347,1,12986.93851692281,8.06972952696311,1,600,116.88244080818325,72.62735912742163,0,1,,1,4,1,0,-1,6.666667,"LINESTRING (0.57042 0.467894, 0.558614 0.58409)"
777,343,100,1,13917.015563939287,8.64765404696291,1,600,83.50209338363572,51.885779267883116,0,1,,1,4,1,0,-1,10.0,"LINESTRING (0.550536 0.646228, 0.674811 0.661141)"
778,343,340,1,13909.84080164102,8.643195845278823,1,600,100.15085777784965,62.23083864828022,0,1,,1,4,1,0,-1,8.333333,"LINESTRING (0.550536 0.646228, 0.564828 0.521953)"
779,343,344,1,6531.428544812604,4.058451629122873,1,600,27.34086431179379,16.98882019828362,0,1,,1,4,1,0,-1,14.333333,"LINESTRING (0.550536 0.646228, 0.544323 0.704637)"
780,344,83,1,13728.371089230091,8.530435513458992,1,600,72.6796137865009,45.16100429813185,0,1,,1,4,1,0,-1,11.333333,"LINESTRING (0.544323 0.704637, 0.666733 0.720792)"
781,344,86,1,9538.409610602124,5.92690768302666,1,600,68.67655194339737,42.67361775762077,0,1,,1,4,1,0,-1,8.333333,"LINESTRING (0.544323 0.704637, 0.533759 0.789765)"
782,344,343,1,6531.4285448126,4.058451629122871,1,600,97.971428172189,60.876604294781245,0,1,,1,4,1,0,-1,4.0,"LINESTRING (0.544323 0.704637, 0.550536 0.646228)"
783,345,93,1,5836.620341863264,3.6267167546095074,1,2400,95.50832418427848,59.346102906709305,0,1,,1,4,1,0,-1,3.666667,"LINESTRING (0.400785 0.774852, 0.452981 0.780444)"
784,345,384,1,2237.8100579100565,1.3905141597860344,1,2400,201.40280451050282,125.14586204149565,0,1,,1,4,1,0,-1,0.666667,"LINESTRING (0.400785 0.774852, 0.397679 0.794736)"
785,346,344,1,7858.592951321126,4.8831154083792905,1,600,56.58187151278697,35.158334083771955,0,1,,1,4,1,0,-1,8.333333,"LINESTRING (0.474107 0.696559, 0.544323 0.704637)"
786,347,343,1,6967.5744489139015,4.329460803132901,1,600,73.774313354717,45.841218863533854,0,1,,1,4,1,0,-1,5.666667,"LINESTRING (0.558614 0.58409, 0.550536 0.646228)"
787,348,349,1,1563.2186791904358,0.9713414686706575,1,900,140.6896107823338,87.42044414142954,0,1,,1,4,1,0,-1,0.666667,"LINESTRING (1.41611 0.579741, 1.42605 0.569799)"
788,349,203,1,12614.194316366506,7.838116442993095,1,900,108.12166556885575,67.18366745618546,0,1,,1,4,1,0,-1,7.0,"LINESTRING (1.42605 0.569799, 1.5031 0.486535)"
789,351,282,1,20276.423816577284,12.599216956377948,1,2800,145.99025731896674,90.71411218054368,0,1,,1,4,1,0,-1,8.333333,"LINESTRING (1.3229 0.568556, 1.19552 0.438068)"
790,352,5,1,6657.815814457102,4.136985232739572,1,999999,,,0,0,,0,4,1,0,-1,0.0,"LINESTRING (0.749997 1.57767, 0.805299 1.55467)"
791,352,353,1,5068.885349551185,3.1496671614147322,1,2400,50.68885349551184,31.49658358535969,0,1,,1,4,1,0,-1,6.0,"LINESTRING (0.749997 1.57767, 0.792872 1.5932)"
792,353,5,1,4501.512534546654,2.7971171626546627,1,999999,,,0,0,,0,4,1,0,-1,0.0,"LINESTRING (0.792872 1.5932, 0.805299 1.55467)"
793,353,79,1,26609.126405542665,16.534185694472683,1,2400,82.58004888927118,51.312847558375324,0,1,,1,4,1,0,-1,19.333333,"LINESTRING (0.792872 1.5932, 0.567313 1.51304)"
794,353,254,1,15242.438093236096,9.471235471209377,1,900,80.69526286699293,50.14169618292627,0,1,,1,4,1,0,-1,11.333333,"LINESTRING (0.792872 1.5932, 0.845067 1.46644)"
795,353,292,1,16455.597944927726,10.225059928248678,1,2400,113.92336600629325,70.78867585869645,0,1,,1,4,1,0,-1,8.666667,"LINESTRING (0.792872 1.5932, 0.930195 1.6485)"
796,354,36,1,34264.46965287276,21.2910072780598,1,999999,,,0,0,,0,4,1,0,-1,0.0,"LINESTRING (0.605217 1.82249, 0.444282 2.08533)"
797,354,244,1,7845.0746659330225,4.8747155143928715,1,900,32.8398482025068,20.405729317439853,0,1,,1,4,1,0,-1,14.333333,"LINESTRING (0.605217 1.82249, 0.674811 1.83429)"
798,354,355,1,4997.64754401112,3.1054019312333754,1,900,128.5109552047081,79.85298074650467,0,1,,1,4,1,0,-1,2.333333,"LINESTRING (0.605217 1.82249, 0.5611 1.81379)"
799,355,354,1,4997.647544011121,3.105401931233376,1,900,99.95295088022242,62.10786504139468,0,1,,1,4,1,0,-1,3.0,"LINESTRING (0.5611 1.81379, 0.605217 1.82249)"
800,355,356,1,1223.9472126670535,0.7605274290498302,1,900,110.15519406243777,68.44724308977102,0,1,,1,4,1,0,-1,0.666667,"LINESTRING (0.5611 1.81379, 0.550536 1.81068)"
801,356,242,1,18599.917467271494,11.557481618099033,1,900,42.922886462934216,26.671036884359896,0,1,,1,4,1,0,-1,26.0,"LINESTRING (0.550536 1.81068, 0.396436 1.74544)"
802,357,19,1,18932.88628922953,11.764379366218158,1,999999,,,0,0,,0,4,1,0,-1,0.0,"LINESTRING (0.776095 1.85355, 0.920253 1.76283)"
803,357,244,1,11458.368792868787,7.119917974367621,1,900,82.5002586086656,51.26326819192516,0,1,,1,4,1,0,-1,8.333333,"LINESTRING (0.776095 1.85355, 0.674811 1.83429)"
804,358,366,1,2083.531091508128,1.2946494162253648,1,2800,75.00710429287176,46.60723940156602,0,1,,1,4,1,0,-1,1.666667,"LINESTRING (1.63235 1.31607, 1.6137 1.31793)"
805,358,371,1,12898.338037886253,8.01467560483568,1,2400,154.78005645463503,96.17583845927302,0,1,,1,4,1,0,-1,5.0,"LINESTRING (1.63235 1.31607, 1.69883 1.41114)"
806,359,8,1,1577.5203178680467,0.9802281170343413,1,999999,,,0,0,,0,4,1,0,-1,0.0,"LINESTRING (1.57642 1.45028, 1.58201 1.43724)"
807,359,296,1,16011.52521060076,9.949125238048369,1,900,61.320733544412825,38.102925523225345,0,1,,1,4,1,0,-1,15.666667,"LINESTRING (1.57642 1.45028, 1.52423 1.31607)"
808,359,361,1,722.1951657117103,0.44875238651354615,1,900,129.9952598233677,80.77528459170581,0,1,,1,4,1,0,-1,0.333333,"LINESTRING (1.57642 1.45028, 1.57829 1.4565)"
809,360,8,1,12237.690274777393,7.604167096311155,1,999999,,,0,0,,0,4,1,0,-1,0.0,"LINESTRING (1.53106 1.33968, 1.58201 1.43724)"
810,360,359,1,13291.729133750325,8.259118106646406,1,900,104.02222348055804,64.63639302633783,0,1,,1,4,1,0,-1,7.666667,"LINESTRING (1.53106 1.33968, 1.57642 1.45028)"
811,361,8,1,2181.173628561037,1.3553218266873608,1,999999,,,0,0,,0,4,1,0,-1,0.0,"LINESTRING (1.57829 1.4565, 1.58201 1.43724)"
812,361,197,1,18821.225622280475,11.694996472019882,1,900,61.59673952013137,38.274427632363555,0,1,,1,4,1,0,-1,18.333333,"LINESTRING (1.57829 1.4565, 1.52982 1.61868)"
813,362,9,1,5726.866340896133,3.5585186106702955,1,999999,,,0,0,,0,4,1,0,-1,0.0,"LINESTRING (1.76035 1.2415, 1.75289 1.29246)"
814,362,358,1,16469.085209479887,10.233440546733375,1,2400,123.51813907109914,76.75058959274794,0,1,,1,4,1,0,-1,8.0,"LINESTRING (1.76035 1.2415, 1.63235 1.31607)"
815,363,364,1,8152.434640421219,5.065700622877217,1,900,122.28651960631828,75.9852969742976,0,1,,1,4,1,0,-1,4.0,"LINESTRING (1.54287 1.58699, 1.56772 1.51801)"
816,364,8,1,9120.614443163136,5.667301156476032,1,999999,,,0,0,,0,4,1,0,-1,0.0,"LINESTRING (1.56772 1.51801, 1.58201 1.43724)"
817,364,359,1,7593.079146584642,4.718132368911879,1,900,113.89618719876962,70.77178773588668,0,1,,1,4,1,0,-1,4.0,"LINESTRING (1.56772 1.51801, 1.57642 1.45028)"
818,365,366,1,18793.428607277885,11.677724164737027,1,2400,66.32974802568665,41.215381860468945,0,1,,1,4,1,0,-1,17.0,"LINESTRING (1.71312 1.45463, 1.6137 1.31793)"
819,366,300,1,1629.3647024586758,1.0124428041673457,1,2800,58.65711755708882,36.44783179356583,0,1,,1,4,1,0,-1,1.666667,"LINESTRING (1.6137 1.31793, 1.60501 1.30613)"
820,366,370,1,7390.293624991969,4.592126974406881,1,2800,102.32715037120806,63.58312375330792,0,1,,1,4,1,0,-1,4.333333,"LINESTRING (1.6137 1.31793, 1.54722 1.31793)"
821,367,302,1,2606.3348575257523,1.619505423046561,1,2400,234.57001989230776,145.75500783050316,0,1,,1,4,1,0,-1,0.666667,"LINESTRING (1.77588 1.23094, 1.76346 1.21106)"
822,367,362,1,2087.9293661352767,1.2973823841669734,1,2400,125.2757619681166,77.84272548989058,0,1,,1,4,1,0,-1,1.0,"LINESTRING (1.77588 1.23094, 1.76035 1.2415)"
823,368,365,1,5197.339447661671,3.2294850358915284,1,2400,155.92018342985014,96.8842802979894,0,1,,1,4,1,0,-1,2.0,"LINESTRING (1.74047 1.49254, 1.71312 1.45463)"
824,369,368,1,1092.3930052990283,0.6787832311997641,1,2400,65.5435803179417,40.726880045739755,0,1,,1,4,1,0,-1,1.0,"LINESTRING (1.74606 1.50062, 1.74047 1.49254)"
825,370,296,1,2564.0546954692677,1.5932336830435259,1,900,76.92164086407803,47.79687690535303,0,1,,1,4,1,0,-1,2.0,"LINESTRING (1.54722 1.31793, 1.52423 1.31607)"
826,370,360,1,3012.6843520005355,1.8719999204646227,1,900,77.4690372613048,48.13701315209423,0,1,,1,4,1,0,-1,2.333333,"LINESTRING (1.54722 1.31793, 1.53106 1.33968)"
827,371,131,1,10119.542098245958,6.28800756723002,1,2400,53.574047978185895,33.28935976625335,0,1,,1,4,1,0,-1,11.333333,"LINESTRING (1.69883 1.41114, 1.75103 1.4857)"
828,372,21,1,11218.633104872493,6.970952753844741,1,999999,,,0,0,,0,4,1,0,-1,0.0,"LINESTRING (0.952564 2.24253, 0.945729 2.14187)"
829,372,37,1,4449.919434568546,2.7650586169290188,1,2400,100.12317476239545,62.21363722528442,0,1,,1,4,1,0,-1,2.666667,"LINESTRING (0.952564 2.24253, 0.933923 2.27795)"
830,373,21,1,8194.212472033336,5.091660228437332,1,999999,,,0,0,,0,4,1,0,-1,0.0,"LINESTRING (0.968099 2.21209, 0.945729 2.14187)"
831,373,372,1,3799.497612412767,2.360904229319328,1,2400,113.98492837238301,70.82692892767601,0,1,,1,4,1,0,-1,2.0,"LINESTRING (0.968099 2.21209, 0.952564 2.24253)"
832,374,290,1,5392.941550424135,3.351026849779497,1,900,34.6689112051877,21.542256024478686,0,1,,1,4,1,0,-1,9.333333,"LINESTRING (1.01035 1.89519, 1.0582 1.90326)"
833,375,21,1,7106.248823440095,4.415629278735442,1,999999,,,0,0,,0,4,1,0,-1,0.0,"LINESTRING (0.974312 2.19904, 0.945729 2.14187)"
834,375,310,1,28906.687888287273,17.96182776062689,1,600,167.84528992699998,104.29419564722991,0,1,,1,4,1,0,-1,10.333333,"LINESTRING (0.974312 2.19904, 1.20857 2.31213)"
835,375,312,1,16212.229503767165,10.073837413950542,1,2400,116.72805709624588,72.5314295659514,0,1,,1,4,1,0,-1,8.333333,"LINESTRING (0.974312 2.19904, 1.02154 2.06109)"
836,375,373,1,1606.9390020767758,0.9985080853497558,1,2400,72.3122731715232,44.93274949286254,0,1,,1,4,1,0,-1,1.333333,"LINESTRING (0.974312 2.19904, 0.968099 2.21209)"
837,376,377,1,9280.820496729057,5.766848830408153,1,900,139.21230745093584,86.50249069309545,0,1,,1,4,1,0,-1,4.0,"LINESTRING (0.855009 1.86909, 0.936409 1.88773)"
838,377,287,1,24754.28948936796,15.381640603830117,1,600,79.56735765212277,49.44084859165718,0,1,,1,4,1,0,-1,18.666667,"LINESTRING (0.936409 1.88773, 1.00662 1.67646)"
839,377,357,1,18217.49630912173,11.319855536506724,1,900,117.11248045551399,72.77029909312319,0,1,,1,4,1,0,-1,9.333333,"LINESTRING (0.936409 1.88773, 0.776095 1.85355)"
840,377,374,1,8259.158073451967,5.132015654524195,1,900,87.44990386890883,54.33883421692775,0,1,,1,4,1,0,-1,5.666667,"LINESTRING (0.936409 1.88773, 1.01035 1.89519)"
841,378,382,1,11539.43021112226,7.1702873296644976,1,600,173.0914531668339,107.55400934572874,0,1,,1,4,1,0,-1,4.0,"LINESTRING (0.163421 0.966856, 0.162178 0.863087)"
842,379,24,1,9108.733855527842,5.659918883224082,1,999999,,,0,0,,0,4,1,0,-1,0.0,"LINESTRING (0.292045 0.93703, 0.372824 0.9507)"
843,379,246,1,28495.320488312907,17.7062152735363,1,900,165.4567049468719,102.80999820954274,0,1,,1,4,1,0,-1,10.333333,"LINESTRING (0.292045 0.93703, 0.259112 1.19117)"
844,380,338,1,1192.807612769376,0.7411781306432302,1,900,107.3526314729281,66.7058119709648,0,1,,1,4,1,0,-1,0.666667,"LINESTRING (0.159693 0.758075, 0.161557 0.747511)"
845,380,382,1,11680.086429872848,7.257687269236364,1,900,55.32672373816813,34.378421655909264,0,1,,1,4,1,0,-1,12.666667,"LINESTRING (0.159693 0.758075, 0.162178 0.863087)"
846,381,323,1,1994.2218913649224,1.2391551141243755,1,2400,89.74000754642339,55.76183822912864,0,1,,1,4,1,0,-1,1.333333,"LINESTRING (0.3169 0.78293, 0.32125 0.765531)"
847,381,383,1,11530.471571186195,7.164720675050765,1,900,172.95707356779292,107.47050975989305,0,1,,1,4,1,0,-1,4.0,"LINESTRING (0.3169 0.78293, 0.301366 0.885456)"
848,382,380,1,11680.086429872856,7.257687269236368,1,900,80.86213371211461,50.24538488683037,0,1,,1,4,1,0,-1,8.666667,"LINESTRING (0.162178 0.863087, 0.159693 0.758075)"
849,383,24,1,10758.785938412586,6.685216261580888,1,999999,,,0,0,,0,4,1,0,-1,0.0,"LINESTRING (0.301366 0.885456, 0.372824 0.9507)"
850,383,379,1,5827.658422084204,3.621148061990757,1,900,174.82975266252612,108.63413824166652,0,1,,1,4,1,0,-1,2.0,"LINESTRING (0.301366 0.885456, 0.292045 0.93703)"
851,383,381,1,11530.471571186203,7.164720675050769,1,900,172.95707356779303,107.47050975989312,0,1,,1,4,1,0,-1,4.0,"LINESTRING (0.301366 0.885456, 0.3169 0.78293)"
852,383,382,1,15673.83782237534,9.739295501494615,1,900,67.17359066732288,41.73972120654509,0,1,,1,4,1,0,-1,14.0,"LINESTRING (0.301366 0.885456, 0.162178 0.863087)"
853,384,345,1,2237.810057910055,1.3905141597860335,1,2400,57.54369542392933,35.75598356926239,0,1,,1,4,1,0,-1,2.333333,"LINESTRING (0.397679 0.794736, 0.400785 0.774852)"
854,384,381,1,9076.81025544539,5.640082428477134,1,2400,54.46086153267235,33.84039999141815,0,1,,1,4,1,0,-1,10.0,"LINESTRING (0.397679 0.794736, 0.3169 0.78293)"
855,385,24,1,8569.318675915596,5.324740996877973,1,999999,,,0,0,,0,4,1,0,-1,0.0,"LINESTRING (0.435582 0.905961, 0.372824 0.9507)"
856,385,383,1,15095.520942387713,9.379945159125924,1,600,123.50881332448189,76.74479484424664,0,1,,1,4,1,0,-1,7.333333,"LINESTRING (0.435582 0.905961, 0.301366 0.885456)"
857,386,389,1,16346.70426213534,10.157396362568097,1,2800,173.08274082950706,107.54859575197163,0,1,,1,4,1,0,-1,5.666667,"LINESTRING (2.23446 0.996682, 2.099 1.05385)"
858,387,388,1,3478.6730592562308,2.1615525987399997,1,2400,208.72038355537384,129.6927934501862,0,1,,1,4,1,0,-1,1.0,"LINESTRING (2.2009 1.26449, 2.23197 1.26077)"
859,389,30,1,13540.889349551779,8.41393947180321,1,999999,,,0,0,,0,4,1,0,-1,0.0,"LINESTRING (2.099 1.05385, 2.19717 1.12593)"
860,389,186,1,1637.6035542598142,1.0175622020578712,1,2800,147.38424619126016,91.58029644010952,0,1,,1,4,1,0,-1,0.666667,"LINESTRING (2.099 1.05385, 2.08595 1.06068)"
861,390,33,1,17677.445346051205,10.984282591653228,1,999999,,,0,0,,0,4,1,0,-1,0.0,"LINESTRING (0.0379037 2.19469, 0.196354 2.20898)"
862,390,268,1,27724.641734773435,17.227336507371618,1,2400,131.32724686663082,81.60294271276526,0,1,,1,4,1,0,-1,12.666667,"LINESTRING (0.0379037 2.19469, 0.193247 1.99958)"
863,391,325,1,1521.5890394100575,0.9454739454745782,1,2800,30.43178078820115,18.909426060145336,0,1,,1,4,1,0,-1,3.0,"LINESTRING (0.134838 0.297016, 0.148508 0.297638)"
864,392,41,1,13352.377049947881,8.29680306830619,1,600,171.6734069512294,106.67287655069237,0,1,,1,4,1,0,-1,4.666667,"LINESTRING (2.1922 0.0360396, 2.0729 0.0223694)"
865,393,162,1,5424.408526242499,3.370579570657847,1,2800,97.63936323630129,60.67026877350377,0,1,,1,4,1,0,-1,3.333333,"LINESTRING (1.70753 1.02713, 1.74295 1.06068)"
866,394,160,1,42212.34456298649,26.229600061507508,1,2800,165.1787431851372,102.63728083169188,0,1,,1,4,1,0,-1,15.333333,"LINESTRING (1.70008 1.03521, 1.92004 1.34465)"
867,395,111,1,19197.63203730191,11.928885156214296,1,900,73.52284453598935,45.68496343217224,0,1,,1,4,1,0,-1,15.666667,"LINESTRING (2.09527 0.503312, 2.02816 0.34424)"
868,397,249,1,4906.412823250369,3.0487111631167867,1,900,98.12825646500738,60.9740528479181,0,1,,1,4,1,0,-1,3.0,"LINESTRING (0.766153 1.2123, 0.766774 1.16818)"
869,397,256,1,7122.372390254756,4.425648023571624,1,900,61.04890620218362,37.93401989575704,0,1,,1,4,1,0,-1,7.0,"LINESTRING (0.766153 1.2123, 0.786037 1.27319)"
870,398,13,1,11945.785964991952,7.422785716499902,1,999999,,,0,0,,0,4,1,0,-1,0.0,"LINESTRING (1.47327 0.520089, 1.56462 0.576634)"
871,398,63,1,15490.689490370916,9.625492121224177,1,900,132.77733848889355,82.50398759418228,0,1,,1,4,1,0,-1,7.0,"LINESTRING (1.47327 0.520089, 1.37696 0.620751)"
