node_id,zone_id,x_coord,y_coord,geometry
1,1,-80.15689443250001,25.785118617500007,POINT (-80.15689443250001 25.785118617500007)
2,2,-80.21511255432097,25.79869970123457,POINT (-80.21511255432097 25.79869970123457)
3,3,-80.26331780864194,25.76790837654321,POINT (-80.26331780864194 25.76790837654321)
4,4,-80.25485574215686,25.71683772254901,POINT (-80.25485574215686 25.71683772254901)
5,5,-80.21560391818177,25.81629266515152,POINT (-80.21560391818177 25.81629266515152)
6,6,-80.19953396710525,25.80777880526316,POINT (-80.19953396710525 25.80777880526316)
7,7,-80.19931122452832,25.7993840509434,POINT (-80.19931122452832 25.7993840509434)
8,8,-80.20152240389609,25.79171275584416,POINT (-80.20152240389609 25.79171275584416)
9,9,-80.20005278924732,25.783864055913977,POINT (-80.20005278924732 25.783864055913977)
10,10,-80.20215989999997,25.850961478947365,POINT (-80.20215989999997 25.850961478947365)
11,11,-80.20182567121216,25.84223049090909,POINT (-80.20182567121216 25.84223049090909)
12,12,-80.19539347234044,25.83544519468086,POINT (-80.19539347234044 25.83544519468086)
13,13,-80.20101197906978,25.828731446511625,POINT (-80.20101197906978 25.828731446511625)
14,14,-80.20100148202246,25.81815625505618,POINT (-80.20100148202246 25.81815625505618)
15,15,-80.21262783484849,25.8087950939394,POINT (-80.21262783484849 25.8087950939394)
16,16,-80.21024405333333,25.78668542933333,POINT (-80.21024405333333 25.78668542933333)
17,17,-80.22351608000002,25.78261109285715,POINT (-80.22351608000002 25.78261109285715)
18,18,-80.21133266896551,25.777020917241376,POINT (-80.21133266896551 25.777020917241376)
19,19,-80.22902698144328,25.746820318556704,POINT (-80.22902698144328 25.746820318556704)
20,20,-80.21878285999998,25.771734448,POINT (-80.21878285999998 25.771734448)
21,21,-80.21865998499999,25.76758574,POINT (-80.21865998499999 25.76758574)
22,22,-80.21837755833334,25.76194387916668,POINT (-80.21837755833334 25.76194387916668)
23,23,-80.2181075848485,25.75451143030304,POINT (-80.2181075848485 25.754511430303037)
24,24,-80.21948740000002,25.74243241571429,POINT (-80.21948740000002 25.74243241571429)
25,25,-80.26580167380953,25.78533588571429,POINT (-80.26580167380953 25.78533588571429)
26,26,-80.26341875901636,25.775221180327875,POINT (-80.26341875901636 25.775221180327875)
27,27,-80.26052880169493,25.74573785932204,POINT (-80.26052880169493 25.74573785932204)
28,28,-80.2603509230769,25.7526598,POINT (-80.2603509230769 25.7526598)
29,29,-80.26541128521738,25.730837519565217,POINT (-80.26541128521738 25.730837519565217)
30,30,-80.26046799999999,25.782391863157898,POINT (-80.26046799999999 25.782391863157898)
31,31,-80.24794372621358,25.78975464174757,POINT (-80.24794372621358 25.78975464174757)
32,32,-80.24773473958334,25.78263056666667,POINT (-80.24773473958334 25.78263056666667)
33,33,-80.24847806374999,25.77591951625,POINT (-80.24847806374999 25.77591951625)
34,34,-80.24775267500002,25.768446773750007,POINT (-80.24775267500002 25.768446773750007)
35,35,-80.24726578470586,25.76204266352941,POINT (-80.24726578470586 25.76204266352941)
36,36,-80.24932640731707,25.738531560975595,POINT (-80.24932640731707 25.738531560975595)
37,37,-80.25382201923077,25.727188805769234,POINT (-80.25382201923077 25.727188805769234)
38,38,-80.25807447027027,25.76034577297297,POINT (-80.25807447027027 25.76034577297297)
39,39,-80.17904405853658,25.85016764512196,POINT (-80.17904405853658 25.85016764512196)
40,40,-80.19300949589042,25.847395712328755,POINT (-80.19300949589042 25.847395712328755)
41,41,-80.1920215661972,25.82892725633803,POINT (-80.1920215661972 25.82892725633803)
42,42,-80.19281267586207,25.81806315517241,POINT (-80.19281267586207 25.81806315517241)
43,43,-80.1998876152174,25.77566702717392,POINT (-80.1998876152174 25.77566702717392)
44,44,-80.20346797735851,25.771777364150942,POINT (-80.20346797735851 25.771777364150942)
45,45,-80.20828727916667,25.760686394791662,POINT (-80.20828727916667 25.760686394791662)
46,46,-80.19983841041669,25.76540660416667,POINT (-80.19983841041669 25.76540660416667)
47,47,-80.20208141666667,25.75768631666668,POINT (-80.20208141666667 25.75768631666668)
48,48,-80.18328889318182,25.84060667727273,POINT (-80.18328889318182 25.84060667727273)
49,49,-80.21096932352941,25.76968475,POINT (-80.21096932352941 25.76968475)
50,50,-80.23485022631579,25.78153187368421,POINT (-80.23485022631579 25.78153187368421)
51,51,-80.23736009230771,25.77590398461538,POINT (-80.23736009230771 25.77590398461538)
52,52,-80.24628319814812,25.74641627962964,POINT (-80.24628319814812 25.74641627962964)
53,53,-80.24872662682925,25.731804256097565,POINT (-80.24872662682925 25.731804256097565)
54,54,-80.236321972,25.786676839999995,POINT (-80.236321972 25.786676839999995)
55,55,-80.23457638222223,25.768912917777783,POINT (-80.23457638222223 25.768912917777783)
56,56,-80.24576055000003,25.75410472678571,POINT (-80.24576055000003 25.75410472678571)
57,57,-80.27938211403512,25.774422952631586,POINT (-80.27938211403512 25.774422952631586)
58,58,-80.28121057127662,25.76727488085105,POINT (-80.28121057127662 25.76727488085105)
59,59,-80.29514139120876,25.759987048351647,POINT (-80.29514139120876 25.759987048351647)
60,60,-80.22333747668712,25.84316218282208,POINT (-80.22333747668712 25.84316218282208)
61,61,-80.22029787142858,25.834721874025973,POINT (-80.22029787142858 25.834721874025973)
62,62,-80.23292445789475,25.82776940394736,POINT (-80.23292445789475 25.82776940394736)
63,63,-80.22830183846159,25.818020167692296,POINT (-80.22830183846159 25.818020167692296)
64,64,-80.23202306197182,25.798037139436627,POINT (-80.23202306197182 25.798037139436627)
65,65,-80.22799007317073,25.807110319512194,POINT (-80.22799007317073 25.807110319512194)
66,66,-80.22932515833337,25.79117500416666,POINT (-80.22932515833337 25.79117500416666)
67,67,-80.23210885161289,25.775826583870973,POINT (-80.23210885161289 25.775826583870973)
68,68,-80.23450933513516,25.76177888108108,POINT (-80.23450933513516 25.76177888108108)
69,69,-80.2341231225,25.7542260075,POINT (-80.2341231225 25.7542260075)
70,70,-80.24212069333335,25.72934345333333,POINT (-80.24212069333335 25.729343453333332)
71,71,-80.21120885421688,25.833654181927702,POINT (-80.21120885421688 25.833654181927702)
72,72,-80.27663458181817,25.780408636363635,POINT (-80.27663458181817 25.780408636363635)
73,73,-80.17952178709679,25.792216929032254,POINT (-80.17952178709679 25.792216929032254)
74,74,-80.16940138529411,25.77677775882353,POINT (-80.16940138529411 25.77677775882353)
75,75,-80.1914410657534,25.7980200739726,POINT (-80.1914410657534 25.7980200739726)
76,76,-80.19109100927834,25.78410699381444,POINT (-80.19109100927834 25.78410699381444)
77,77,-80.18848096666666,25.77291731333333,POINT (-80.18848096666666 25.77291731333333)
78,78,-80.19135009444443,25.773331666666667,POINT (-80.19135009444443 25.773331666666667)
79,79,-80.19528914615385,25.7720039,POINT (-80.19528914615385 25.7720039)
80,80,-80.19383093461539,25.77822256538461,POINT (-80.19383093461539 25.77822256538461)
81,81,-80.1896701357143,25.777991385714284,POINT (-80.1896701357143 25.777991385714284)
82,82,-80.29792035384618,25.77362267472527,POINT (-80.29792035384618 25.77362267472527)
83,83,-80.30265262478633,25.766450636752133,POINT (-80.30265262478633 25.766450636752133)
84,84,-80.3108372903846,25.759675622115388,POINT (-80.3108372903846 25.759675622115388)
85,85,-80.21362591506848,25.82463035890412,POINT (-80.21362591506848 25.824630358904116)
86,86,-80.2190940105263,25.78918625789474,POINT (-80.2190940105263 25.78918625789474)
87,87,-80.21876179333331,25.776617973333327,POINT (-80.21876179333331 25.776617973333327)
88,88,-80.22623689024391,25.75447248292683,POINT (-80.22623689024391 25.75447248292683)
89,89,-80.2179140754386,25.8062328122807,POINT (-80.2179140754386 25.8062328122807)
90,90,-80.23418413650795,25.736685111111107,POINT (-80.23418413650795 25.736685111111107)
91,91,-80.24148746551722,25.73476141379311,POINT (-80.24148746551722 25.73476141379311)
92,92,-80.22715838571428,25.77111293333333,POINT (-80.22715838571428 25.77111293333333)
93,93,-80.22676395625001,25.76730754375,POINT (-80.22676395625001 25.76730754375)
94,94,-80.2263525075,25.761858295000003,POINT (-80.2263525075 25.761858295000003)
95,95,-80.22564259285714,25.776234296428576,POINT (-80.22564259285714 25.776234296428576)
96,96,-80.22053712926831,25.82823565365854,POINT (-80.22053712926831 25.82823565365854)
97,97,-80.19519235,25.754788075,POINT (-80.19519235 25.754788075)
98,98,-80.19659564,25.74871907,POINT (-80.19659564 25.74871907)
99,99,-80.18917613333333,25.768579266666663,POINT (-80.18917613333333 25.768579266666663)
100,100,-80.1904280142857,25.761349485714284,POINT (-80.1904280142857 25.761349485714284)
101,101,-80.19053626666665,25.758486500000004,POINT (-80.19053626666665 25.758486500000004)
102,102,-80.18394589892476,25.822318670967743,POINT (-80.18394589892476 25.822318670967743)
103,103,-80.18453543000001,25.808676845,POINT (-80.18453543000001 25.808676845)
104,104,-80.18641351666669,25.801531779166663,POINT (-80.18641351666669 25.801531779166663)
105,105,-80.190248375,25.76397075,POINT (-80.190248375 25.76397075)
106,106,-80.24792852614378,25.80565296797384,POINT (-80.24792852614378 25.80565296797384)
107,107,-80.15835468333333,25.84915495,POINT (-80.15835468333333 25.84915495)
108,108,-80.23610872340427,25.80721737021277,POINT (-80.23610872340427 25.80721737021277)
109,,-80.1947449,25.8253124,POINT (-80.1947449 25.8253124)
110,,-80.1941568,25.8253274,POINT (-80.1941568 25.8253274)
111,,-80.2168176,25.8120861,POINT (-80.2168176 25.8120861)
112,,-80.2162291,25.812107,POINT (-80.2162291 25.812107)
113,,-80.2659987,25.778725,POINT (-80.2659987 25.778725)
114,,-80.2665084,25.778716,POINT (-80.2665084 25.778716)
115,,-80.2122787,25.8262986,POINT (-80.2122787 25.8262986)
116,,-80.2123138,25.8270172,POINT (-80.2123138 25.8270172)
117,,-80.2122437,25.8255806,POINT (-80.2122437 25.8255806)
118,,-80.237083,25.772392,POINT (-80.237083 25.772392)
119,,-80.2380848,25.7723655,POINT (-80.2380848 25.7723655)
120,,-80.234962,25.7723763,POINT (-80.234962 25.7723763)
121,,-80.2641053,25.7787113,POINT (-80.2641053 25.7787113)
122,,-80.2370409,25.7795345,POINT (-80.2370409 25.7795345)
123,,-80.2364139,25.7795539,POINT (-80.2364139 25.7795539)
124,,-80.2373886,25.7795237,POINT (-80.2373886 25.7795237)
125,,-80.2377447,25.7943478,POINT (-80.2377447 25.7943478)
126,,-80.237994,25.7943422,POINT (-80.237994 25.7943422)
127,,-80.23683,25.794377,POINT (-80.23683 25.794377)
128,,-80.2379394,25.8017373,POINT (-80.2379394 25.8017373)
129,,-80.2398978,25.801679,POINT (-80.2398978 25.801679)
130,,-80.236898,25.801759,POINT (-80.236898 25.801759)
131,,-80.2381906,25.8091729,POINT (-80.2381906 25.8091729)
132,,-80.2401631,25.8090993,POINT (-80.2401631 25.8090993)
133,,-80.23615,25.8092355,POINT (-80.23615 25.8092355)
134,,-80.2379393,25.7795052,POINT (-80.2379393 25.7795052)
135,,-80.2379385,25.7924257,POINT (-80.2379385 25.7924257)
136,,-80.236752,25.791917,POINT (-80.236752 25.791917)
137,,-80.238909,25.7943112,POINT (-80.238909 25.7943112)
138,,-80.1913023,25.8110441,POINT (-80.1913023 25.8110441)
139,,-80.1913786,25.8105734,POINT (-80.1913786 25.8105734)
140,,-80.191092,25.8105843,POINT (-80.191092 25.8105843)
141,,-80.1913298,25.8118912,POINT (-80.1913298 25.8118912)
142,,-80.1913707,25.8128109,POINT (-80.1913707 25.8128109)
143,,-80.1903213,25.8128289,POINT (-80.1903213 25.8128289)
144,,-80.1913953,25.8134816,POINT (-80.1913953 25.8134816)
145,,-80.193402,25.812725,POINT (-80.193402 25.812725)
146,,-80.1914194,25.8142338,POINT (-80.1914194 25.8142338)
147,,-80.1914474,25.8147872,POINT (-80.1914474 25.8147872)
148,,-80.1915057,25.8163418,POINT (-80.1915057 25.8163418)
149,,-80.191535,25.8170549,POINT (-80.191535 25.8170549)
150,,-80.191478,25.815628,POINT (-80.191478 25.815628)
151,,-80.1915687,25.8178805,POINT (-80.1915687 25.8178805)
152,,-80.1915372,25.8171087,POINT (-80.1915372 25.8171087)
153,,-80.218396,25.8123264,POINT (-80.218396 25.8123264)
154,,-80.193606,25.81782,POINT (-80.193606 25.81782)
155,,-80.1915994,25.8185742,POINT (-80.1915994 25.8185742)
156,,-80.1916258,25.8192507,POINT (-80.1916258 25.8192507)
157,,-80.1916533,25.819948,POINT (-80.1916533 25.819948)
158,,-80.1916689,25.8202967,POINT (-80.1916689 25.8202967)
159,,-80.191635,25.8194785,POINT (-80.191635 25.8194785)
160,,-80.1917431,25.8220832,POINT (-80.1917431 25.8220832)
161,,-80.1917063,25.8212239,POINT (-80.1917063 25.8212239)
162,,-80.1917647,25.8224877,POINT (-80.1917647 25.8224877)
163,,-80.1917688,25.8225752,POINT (-80.1917688 25.8225752)
164,,-80.1918571,25.8247597,POINT (-80.1918571 25.8247597)
165,,-80.1918861,25.8253878,POINT (-80.1918861 25.8253878)
166,,-80.1919163,25.8260842,POINT (-80.1919163 25.8260842)
167,,-80.1898013,25.8254497,POINT (-80.1898013 25.8254497)
168,,-80.1930285,25.8253552,POINT (-80.1930285 25.8253552)
169,,-80.2660559,25.7824164,POINT (-80.2660559 25.7824164)
170,,-80.2670158,25.7824125,POINT (-80.2670158 25.7824125)
171,,-80.1919242,25.8262652,POINT (-80.1919242 25.8262652)
172,,-80.1919393,25.8266149,POINT (-80.1919393 25.8266149)
173,,-80.1919627,25.8271538,POINT (-80.1919627 25.8271538)
174,,-80.1919659,25.8272226,POINT (-80.1919659 25.8272226)
175,,-80.192024,25.8284938,POINT (-80.192024 25.8284938)
176,,-80.1920282,25.8285568,POINT (-80.1920282 25.8285568)
177,,-80.2641489,25.7824472,POINT (-80.2641489 25.7824472)
178,,-80.1920013,25.8279968,POINT (-80.1920013 25.8279968)
179,,-80.1920572,25.8290946,POINT (-80.1920572 25.8290946)
180,,-80.1920845,25.829741,POINT (-80.1920845 25.829741)
181,,-80.1921241,25.8305548,POINT (-80.1921241 25.8305548)
182,,-80.1922146,25.8322862,POINT (-80.1922146 25.8322862)
183,,-80.1922308,25.8326253,POINT (-80.1922308 25.8326253)
184,,-80.1921915,25.8317507,POINT (-80.1921915 25.8317507)
185,,-80.1922479,25.8331225,POINT (-80.1922479 25.8331225)
186,,-80.1922528,25.8332692,POINT (-80.1922528 25.8332692)
187,,-80.1922379,25.8328241,POINT (-80.1922379 25.8328241)
188,,-80.1922714,25.8337451,POINT (-80.1922714 25.8337451)
189,,-80.1922886,25.8341944,POINT (-80.1922886 25.8341944)
190,,-80.1923047,25.8346079,POINT (-80.1923047 25.8346079)
191,,-80.1923381,25.8355264,POINT (-80.1923381 25.8355264)
192,,-80.1923453,25.8357192,POINT (-80.1923453 25.8357192)
193,,-80.1923203,25.8350821,POINT (-80.1923203 25.8350821)
194,,-80.1923724,25.8364656,POINT (-80.1923724 25.8364656)
195,,-80.1923978,25.8371342,POINT (-80.1923978 25.8371342)
196,,-80.1924037,25.8372783,POINT (-80.1924037 25.8372783)
197,,-80.1924778,25.8392046,POINT (-80.1924778 25.8392046)
198,,-80.192485,25.8394429,POINT (-80.192485 25.8394429)
199,,-80.1924566,25.838614,POINT (-80.1924566 25.838614)
200,,-80.192513,25.840159,POINT (-80.192513 25.840159)
201,,-80.1925673,25.8414912,POINT (-80.1925673 25.8414912)
202,,-80.1925917,25.8421324,POINT (-80.1925917 25.8421324)
203,,-80.2446172,25.7830145,POINT (-80.2446172 25.7830145)
204,,-80.244787,25.78301,POINT (-80.244787 25.78301)
205,,-80.1926661,25.8438388,POINT (-80.1926661 25.8438388)
206,,-80.1936956,25.8438289,POINT (-80.1936956 25.8438289)
207,,-80.1926934,25.8447852,POINT (-80.1926934 25.8447852)
208,,-80.1927171,25.8455684,POINT (-80.1927171 25.8455684)
209,,-80.1927251,25.8457539,POINT (-80.1927251 25.8457539)
210,,-80.244003,25.783031,POINT (-80.244003 25.783031)
211,,-80.1927542,25.8464514,POINT (-80.1927542 25.8464514)
212,,-80.1928107,25.8475641,POINT (-80.1928107 25.8475641)
213,,-80.1909471,25.8476279,POINT (-80.1909471 25.8476279)
214,,-80.1928504,25.8487465,POINT (-80.1928504 25.8487465)
215,,-80.1948321,25.8475038,POINT (-80.1948321 25.8475038)
216,,-80.1928958,25.8498286,POINT (-80.1928958 25.8498286)
217,,-80.1929126,25.8503181,POINT (-80.1929126 25.8503181)
218,,-80.1928581,25.8489195,POINT (-80.1928581 25.8489195)
219,,-80.1940192,25.8497846,POINT (-80.1940192 25.8497846)
220,,-80.1929269,25.850733,POINT (-80.1929269 25.850733)
221,,-80.1929536,25.8515096,POINT (-80.1929536 25.8515096)
222,,-80.215215,25.8124037,POINT (-80.215215 25.8124037)
223,,-80.1929848,25.8524186,POINT (-80.1929848 25.8524186)
224,,-80.1903004,25.7752224,POINT (-80.1903004 25.7752224)
225,,-80.1919675,25.7751675,POINT (-80.1919675 25.7751675)
226,,-80.1902391,25.7734084,POINT (-80.1902391 25.7734084)
227,,-80.1903323,25.7761938,POINT (-80.1903323 25.7761938)
228,,-80.1886708,25.7762454,POINT (-80.1886708 25.7762454)
229,,-80.1904335,25.7790777,POINT (-80.1904335 25.7790777)
230,,-80.190405,25.7781013,POINT (-80.190405 25.7781013)
231,,-80.190076,25.7790825,POINT (-80.190076 25.7790825)
232,,-80.1904594,25.7800281,POINT (-80.1904594 25.7800281)
233,,-80.1904334,25.7793411,POINT (-80.1904334 25.7793411)
234,,-80.1921465,25.7799804,POINT (-80.1921465 25.7799804)
235,,-80.244659,25.779296,POINT (-80.244659 25.779296)
236,,-80.243856,25.779318,POINT (-80.243856 25.779318)
237,,-80.1904974,25.7809977,POINT (-80.1904974 25.7809977)
238,,-80.190566,25.7829235,POINT (-80.190566 25.7829235)
239,,-80.1905328,25.7819657,POINT (-80.1905328 25.7819657)
240,,-80.1906341,25.7848499,POINT (-80.1906341 25.7848499)
241,,-80.1905994,25.783884,POINT (-80.1905994 25.783884)
242,,-80.1894314,25.7848829,POINT (-80.1894314 25.7848829)
243,,-80.1923141,25.7847954,POINT (-80.1923141 25.7847954)
244,,-80.1906646,25.7895178,POINT (-80.1906646 25.7895178)
245,,-80.190646,25.788311,POINT (-80.190646 25.788311)
246,,-80.1906723,25.789977,POINT (-80.1906723 25.789977)
247,,-80.192306,25.789472,POINT (-80.192306 25.789472)
248,,-80.2454729,25.779271,POINT (-80.2454729 25.779271)
249,,-80.1890942,25.7895433,POINT (-80.1890942 25.7895433)
250,,-80.190683,25.7905207,POINT (-80.190683 25.7905207)
251,,-80.190687,25.7906412,POINT (-80.190687 25.7906412)
252,,-80.1907654,25.7947834,POINT (-80.1907654 25.7947834)
253,,-80.189938,25.794818,POINT (-80.189938 25.794818)
254,,-80.1907628,25.7935917,POINT (-80.1907628 25.7935917)
255,,-80.1907794,25.7952783,POINT (-80.1907794 25.7952783)
256,,-80.1907818,25.7953997,POINT (-80.1907818 25.7953997)
257,,-80.1907893,25.795755,POINT (-80.1907893 25.795755)
258,,-80.1908011,25.7961633,POINT (-80.1908011 25.7961633)
259,,-80.1938799,25.7956515,POINT (-80.1938799 25.7956515)
260,,-80.190868,25.798076,POINT (-80.190868 25.798076)
261,,-80.190834,25.797115,POINT (-80.190834 25.797115)
262,,-80.1908924,25.7989842,POINT (-80.1908924 25.7989842)
263,,-80.1908993,25.7991121,POINT (-80.1908993 25.7991121)
264,,-80.1909232,25.7999072,POINT (-80.1909232 25.7999072)
265,,-80.1909263,25.8001549,POINT (-80.1909263 25.8001549)
266,,-80.1909554,25.8008624,POINT (-80.1909554 25.8008624)
267,,-80.1909879,25.8022261,POINT (-80.1909879 25.8022261)
268,,-80.1909724,25.801622,POINT (-80.1909724 25.801622)
269,,-80.2456164,25.7829854,POINT (-80.2456164 25.7829854)
270,,-80.1910001,25.8026792,POINT (-80.1910001 25.8026792)
271,,-80.1910047,25.8028144,POINT (-80.1910047 25.8028144)
272,,-80.1910332,25.8033722,POINT (-80.1910332 25.8033722)
273,,-80.1910383,25.8035057,POINT (-80.1910383 25.8035057)
274,,-80.1929909,25.7579656,POINT (-80.1929909 25.7579656)
275,,-80.1928644,25.7578823,POINT (-80.1928644 25.7578823)
276,,-80.1910581,25.8040863,POINT (-80.1910581 25.8040863)
277,,-80.1910963,25.8053184,POINT (-80.1910963 25.8053184)
278,,-80.191062,25.8042227,POINT (-80.191062 25.8042227)
279,,-80.191132,25.8064061,POINT (-80.191132 25.8064061)
280,,-80.19115,25.807045,POINT (-80.19115 25.807045)
281,,-80.1936262,25.7575035,POINT (-80.1936262 25.7575035)
282,,-80.191175,25.807723,POINT (-80.191175 25.807723)
283,,-80.191122,25.809362,POINT (-80.191122 25.809362)
284,,-80.1912063,25.8085356,POINT (-80.1912063 25.8085356)
285,,-80.1910085,25.8098331,POINT (-80.1910085 25.8098331)
286,,-80.1908885,25.8101198,POINT (-80.1908885 25.8101198)
287,,-80.1953931,25.8118808,POINT (-80.1953931 25.8118808)
288,,-80.1953893,25.811777,POINT (-80.1953893 25.811777)
289,,-80.2116969,25.8115302,POINT (-80.2116969 25.8115302)
290,,-80.2116652,25.8107996,POINT (-80.2116652 25.8107996)
291,,-80.2117153,25.8121688,POINT (-80.2117153 25.8121688)
292,,-80.2198857,25.811297,POINT (-80.2198857 25.811297)
293,,-80.2199045,25.8120056,POINT (-80.2199045 25.8120056)
294,,-80.2198567,25.8105301,POINT (-80.2198567 25.8105301)
295,,-80.1994694,25.8118114,POINT (-80.1994694 25.8118114)
296,,-80.1994384,25.8110606,POINT (-80.1994384 25.8110606)
297,,-80.1994981,25.8125224,POINT (-80.1994981 25.8125224)
298,,-80.1946642,25.7893939,POINT (-80.1946642 25.7893939)
299,,-80.1938866,25.7894154,POINT (-80.1938866 25.7894154)
300,,-80.1946567,25.7886734,POINT (-80.1946567 25.7886734)
301,,-80.1930929,25.7894442,POINT (-80.1930929 25.7894442)
302,,-80.1923383,25.7905942,POINT (-80.1923383 25.7905942)
303,,-80.1891159,25.7890823,POINT (-80.1891159 25.7890823)
304,,-80.189075,25.7900099,POINT (-80.189075 25.7900099)
305,,-80.1872817,25.789591,POINT (-80.1872817 25.789591)
306,,-80.1871137,25.7895955,POINT (-80.1871137 25.7895955)
307,,-80.2528367,25.7109725,POINT (-80.2528367 25.7109725)
308,,-80.2528687,25.7118821,POINT (-80.2528687 25.7118821)
309,,-80.1875922,25.7891126,POINT (-80.1875922 25.7891126)
310,,-80.280746,25.7710441,POINT (-80.280746 25.7710441)
311,,-80.2798943,25.7710807,POINT (-80.2798943 25.7710807)
312,,-80.2528148,25.7100862,POINT (-80.2528148 25.7100862)
313,,-80.2559845,25.7103584,POINT (-80.2559845 25.7103584)
314,,-80.2560531,25.7102708,POINT (-80.2560531 25.7102708)
315,,-80.196572,25.839302,POINT (-80.196572 25.839302)
316,,-80.1965672,25.8400314,POINT (-80.1965672 25.8400314)
317,,-80.1965434,25.8384831,POINT (-80.1965434 25.8384831)
318,,-80.255535,25.710909,POINT (-80.255535 25.710909)
319,,-80.200668,25.839131,POINT (-80.200668 25.839131)
320,,-80.200691,25.839878,POINT (-80.200691 25.839878)
321,,-80.200623,25.838367,POINT (-80.200623 25.838367)
322,,-80.2088074,25.8387592,POINT (-80.2088074 25.8387592)
323,,-80.2088519,25.8396904,POINT (-80.2088519 25.8396904)
324,,-80.2087607,25.8378224,POINT (-80.2087607 25.8378224)
325,,-80.212868,25.838615,POINT (-80.212868 25.838615)
326,,-80.2128294,25.8377013,POINT (-80.2128294 25.8377013)
327,,-80.2030334,25.7525992,POINT (-80.2030334 25.7525992)
328,,-80.2031085,25.7525469,POINT (-80.2031085 25.7525469)
329,,-80.1953952,25.8119371,POINT (-80.1953952 25.8119371)
330,,-80.2064754,25.7566896,POINT (-80.2064754 25.7566896)
331,,-80.2065398,25.7566444,POINT (-80.2065398 25.7566444)
332,,-80.2080031,25.8433914,POINT (-80.2080031 25.8433914)
333,,-80.2090039,25.8433699,POINT (-80.2090039 25.8433699)
334,,-80.206998,25.843413,POINT (-80.206998 25.843413)
335,,-80.2081292,25.8470878,POINT (-80.2081292 25.8470878)
336,,-80.2081026,25.8464943,POINT (-80.2081026 25.8464943)
337,,-80.2091541,25.8470536,POINT (-80.2091541 25.8470536)
338,,-80.2071513,25.8471226,POINT (-80.2071513 25.8471226)
339,,-80.207972,25.837824,POINT (-80.207972 25.837824)
340,,-80.2072197,25.8378508,POINT (-80.2072197 25.8378508)
341,,-80.223964,25.741027,POINT (-80.223964 25.741027)
342,,-80.22462,25.740709,POINT (-80.22462 25.740709)
343,,-80.208062,25.839703,POINT (-80.208062 25.839703)
344,,-80.207304,25.83972,POINT (-80.207304 25.83972)
345,,-80.2855876,25.7636512,POINT (-80.2855876 25.7636512)
346,,-80.285818,25.7636446,POINT (-80.285818 25.7636446)
347,,-80.2838099,25.7637197,POINT (-80.2838099 25.7637197)
348,,-80.223527,25.741252,POINT (-80.223527 25.741252)
349,,-80.2125539,25.7524923,POINT (-80.2125539 25.7524923)
350,,-80.2132311,25.7520267,POINT (-80.2132311 25.7520267)
351,,-80.2142147,25.7542851,POINT (-80.2142147 25.7542851)
352,,-80.2142126,25.7547091,POINT (-80.2142126 25.7547091)
353,,-80.2142106,25.7539941,POINT (-80.2142106 25.7539941)
354,,-80.2090863,25.7482893,POINT (-80.2090863 25.7482893)
355,,-80.2082332,25.7488832,POINT (-80.2082332 25.7488832)
356,,-80.2099294,25.7477129,POINT (-80.2099294 25.7477129)
357,,-80.2538041,25.7309572,POINT (-80.2538041 25.7309572)
358,,-80.253779,25.730411,POINT (-80.253779 25.730411)
359,,-80.2538103,25.731376,POINT (-80.2538103 25.731376)
360,,-80.21542,25.7658333,POINT (-80.21542 25.7658333)
361,,-80.214442,25.7658613,POINT (-80.214442 25.7658613)
362,,-80.1979922,25.8116352,POINT (-80.1979922 25.8116352)
363,,-80.2538897,25.732613,POINT (-80.2538897 25.732613)
364,,-80.3105946,25.7701988,POINT (-80.3105946 25.7701988)
365,,-80.3089357,25.770261,POINT (-80.3089357 25.770261)
366,,-80.1956329,25.8177457,POINT (-80.1956329 25.8177457)
367,,-80.2069965,25.8378585,POINT (-80.2069965 25.8378585)
368,,-80.2065384,25.8397462,POINT (-80.2065384 25.8397462)
369,,-80.2043863,25.7738455,POINT (-80.2043863 25.7738455)
370,,-80.2026412,25.7738344,POINT (-80.2026412 25.7738344)
371,,-80.206056,25.7737692,POINT (-80.206056 25.7737692)
372,,-80.2055885,25.8249887,POINT (-80.2055885 25.8249887)
373,,-80.2047887,25.8250131,POINT (-80.2047887 25.8250131)
374,,-80.2061133,25.8249727,POINT (-80.2061133 25.8249727)
375,,-80.2045485,25.7778344,POINT (-80.2045485 25.7778344)
376,,-80.2059486,25.7781496,POINT (-80.2059486 25.7781496)
377,,-80.2035888,25.7776437,POINT (-80.2035888 25.7776437)
378,,-80.2046031,25.7796071,POINT (-80.2046031 25.7796071)
379,,-80.2065854,25.7795524,POINT (-80.2065854 25.7795524)
380,,-80.2046778,25.7815242,POINT (-80.2046778 25.7815242)
381,,-80.206715,25.7814783,POINT (-80.206715 25.7814783)
382,,-80.2030049,25.7815817,POINT (-80.2030049 25.7815817)
383,,-80.2058059,25.8434504,POINT (-80.2058059 25.8434504)
384,,-80.1977366,25.8114871,POINT (-80.1977366 25.8114871)
385,,-80.1889161,25.8114012,POINT (-80.1889161 25.8114012)
386,,-80.2052808,25.8036532,POINT (-80.2052808 25.8036532)
387,,-80.2033061,25.8037149,POINT (-80.2033061 25.8037149)
388,,-80.2073049,25.8036163,POINT (-80.2073049 25.8036163)
389,,-80.2073898,25.8058983,POINT (-80.2073898 25.8058983)
390,,-80.207372,25.8054524,POINT (-80.207372 25.8054524)
391,,-80.2074059,25.8063748,POINT (-80.2074059 25.8063748)
392,,-80.1890932,25.7991541,POINT (-80.1890932 25.7991541)
393,,-80.1891285,25.8002033,POINT (-80.1891285 25.8002033)
394,,-80.1890568,25.7981154,POINT (-80.1890568 25.7981154)
395,,-80.1949347,25.7988556,POINT (-80.1949347 25.7988556)
396,,-80.194946,25.799267,POINT (-80.194946 25.799267)
397,,-80.1949142,25.798116,POINT (-80.1949142 25.798116)
398,,-80.246328,25.7792446,POINT (-80.246328 25.7792446)
399,,-80.2108966,25.7854419,POINT (-80.2108966 25.7854419)
400,,-80.2109117,25.7854954,POINT (-80.2109117 25.7854954)
401,,-80.2098809,25.7844081,POINT (-80.2098809 25.7844081)
402,,-80.2109512,25.7859378,POINT (-80.2109512 25.7859378)
403,,-80.2109639,25.7864725,POINT (-80.2109639 25.7864725)
404,,-80.210967,25.7865383,POINT (-80.210967 25.7865383)
405,,-80.2110129,25.7877306,POINT (-80.2110129 25.7877306)
406,,-80.2110718,25.7951205,POINT (-80.2110718 25.7951205)
407,,-80.2109433,25.7936395,POINT (-80.2109433 25.7936395)
408,,-80.2111178,25.7960424,POINT (-80.2111178 25.7960424)
409,,-80.209055,25.79518,POINT (-80.209055 25.79518)
410,,-80.2131133,25.7950626,POINT (-80.2131133 25.7950626)
411,,-80.211146,25.7969649,POINT (-80.211146 25.7969649)
412,,-80.2111585,25.7972499,POINT (-80.2111585 25.7972499)
413,,-80.211182,25.7978798,POINT (-80.211182 25.7978798)
414,,-80.2112142,25.7988075,POINT (-80.2112142 25.7988075)
415,,-80.2112272,25.7990955,POINT (-80.2112272 25.7990955)
416,,-80.211248,25.7997149,POINT (-80.211248 25.7997149)
417,,-80.2112696,25.8003602,POINT (-80.2112696 25.8003602)
418,,-80.2112973,25.8010472,POINT (-80.2112973 25.8010472)
419,,-80.2113168,25.8017283,POINT (-80.2113168 25.8017283)
420,,-80.2113568,25.8025071,POINT (-80.2113568 25.8025071)
421,,-80.2114244,25.8043139,POINT (-80.2114244 25.8043139)
422,,-80.2114407,25.8047865,POINT (-80.2114407 25.8047865)
423,,-80.2113901,25.8034949,POINT (-80.2113901 25.8034949)
424,,-80.211484,25.805772,POINT (-80.211484 25.805772)
425,,-80.211506,25.806226,POINT (-80.211506 25.806226)
426,,-80.21145,25.80505,POINT (-80.21145 25.80505)
427,,-80.211535,25.807146,POINT (-80.211535 25.807146)
428,,-80.2115951,25.8089994,POINT (-80.2115951 25.8089994)
429,,-80.2115706,25.808092,POINT (-80.2115706 25.808092)
430,,-80.2116379,25.8099401,POINT (-80.2116379 25.8099401)
431,,-80.213203,25.8098937,POINT (-80.213203 25.8098937)
432,,-80.211226,25.8099468,POINT (-80.211226 25.8099468)
433,,-80.2117469,25.8129655,POINT (-80.2117469 25.8129655)
434,,-80.2117742,25.8136736,POINT (-80.2117742 25.8136736)
435,,-80.2137935,25.8129203,POINT (-80.2137935 25.8129203)
436,,-80.2118013,25.8143793,POINT (-80.2118013 25.8143793)
437,,-80.2118294,25.8151097,POINT (-80.2118294 25.8151097)
438,,-80.2118614,25.8159401,POINT (-80.2118614 25.8159401)
439,,-80.21189,25.816684,POINT (-80.21189 25.816684)
440,,-80.211947,25.818151,POINT (-80.211947 25.818151)
441,,-80.2119822,25.818895,POINT (-80.2119822 25.818895)
442,,-80.2119291,25.8173823,POINT (-80.2119291 25.8173823)
443,,-80.2120048,25.8196298,POINT (-80.2120048 25.8196298)
444,,-80.212027,25.820362,POINT (-80.212027 25.820362)
445,,-80.2120599,25.8211184,POINT (-80.2120599 25.8211184)
446,,-80.2120861,25.8220077,POINT (-80.2120861 25.8220077)
447,,-80.2121292,25.8229537,POINT (-80.2121292 25.8229537)
448,,-80.212175,25.823903,POINT (-80.212175 25.823903)
449,,-80.2122049,25.8247867,POINT (-80.2122049 25.8247867)
450,,-80.2142178,25.8247252,POINT (-80.2142178 25.8247252)
451,,-80.2111942,25.8248185,POINT (-80.2111942 25.8248185)
452,,-80.2123497,25.8277597,POINT (-80.2123497 25.8277597)
453,,-80.2123599,25.828484,POINT (-80.2123599 25.828484)
454,,-80.212434,25.829949,POINT (-80.212434 25.829949)
455,,-80.21249,25.830688,POINT (-80.21249 25.830688)
456,,-80.212406,25.829225,POINT (-80.212406 25.829225)
457,,-80.2125234,25.8313709,POINT (-80.2125234 25.8313709)
458,,-80.2125543,25.8320858,POINT (-80.2125543 25.8320858)
459,,-80.2126014,25.8329644,POINT (-80.2126014 25.8329644)
460,,-80.212637,25.833691,POINT (-80.212637 25.833691)
461,,-80.212558,25.8322013,POINT (-80.212558 25.8322013)
462,,-80.212664,25.834409,POINT (-80.212664 25.834409)
463,,-80.2127028,25.8351224,POINT (-80.2127028 25.8351224)
464,,-80.2127375,25.8358509,POINT (-80.2127375 25.8358509)
465,,-80.2127878,25.8367707,POINT (-80.2127878 25.8367707)
466,,-80.2238849,25.7827105,POINT (-80.2238849 25.7827105)
467,,-80.2253605,25.7827204,POINT (-80.2253605 25.7827204)
468,,-80.2114481,25.7736031,POINT (-80.2114481 25.7736031)
469,,-80.2129648,25.7735536,POINT (-80.2129648 25.7735536)
470,,-80.2116387,25.7803404,POINT (-80.2116387 25.7803404)
471,,-80.210307,25.779464,POINT (-80.210307 25.779464)
472,,-80.2131607,25.7802867,POINT (-80.2131607 25.7802867)
473,,-80.2401148,25.779444,POINT (-80.2401148 25.779444)
474,,-80.239414,25.7794619,POINT (-80.239414 25.7794619)
475,,-80.24087,25.779422,POINT (-80.24087 25.779422)
476,,-80.2404011,25.7906937,POINT (-80.2404011 25.7906937)
477,,-80.2407536,25.7906864,POINT (-80.2407536 25.7906864)
478,,-80.3021763,25.7704995,POINT (-80.3021763 25.7704995)
479,,-80.3011936,25.7705157,POINT (-80.3011936 25.7705157)
480,,-80.220818,25.7862073,POINT (-80.220818 25.7862073)
481,,-80.2207137,25.7861699,POINT (-80.2207137 25.7861699)
482,,-80.195291,25.809693,POINT (-80.195291 25.809693)
483,,-80.1953163,25.8104489,POINT (-80.1953163 25.8104489)
484,,-80.195271,25.8089702,POINT (-80.195271 25.8089702)
485,,-80.1993829,25.809582,POINT (-80.1993829 25.809582)
486,,-80.1994097,25.8103222,POINT (-80.1994097 25.8103222)
487,,-80.1993584,25.8088427,POINT (-80.1993584 25.8088427)
488,,-80.2197826,25.8088512,POINT (-80.2197826 25.8088512)
489,,-80.2197775,25.8087434,POINT (-80.2197775 25.8087434)
490,,-80.2198135,25.8096764,POINT (-80.2198135 25.8096764)
491,,-80.219745,25.808053,POINT (-80.219745 25.808053)
492,,-80.2227105,25.7829419,POINT (-80.2227105 25.7829419)
493,,-80.2401317,25.8081674,POINT (-80.2401317 25.8081674)
494,,-80.2034969,25.8092732,POINT (-80.2034969 25.8092732)
495,,-80.2034646,25.8083321,POINT (-80.2034646 25.8083321)
496,,-80.207508,25.8091546,POINT (-80.207508 25.8091546)
497,,-80.2075269,25.8097864,POINT (-80.2075269 25.8097864)
498,,-80.207472,25.8082209,POINT (-80.207472 25.8082209)
499,,-80.2842874,25.7709055,POINT (-80.2842874 25.7709055)
500,,-80.2840067,25.7709157,POINT (-80.2840067 25.7709157)
501,,-80.2019202,25.7550187,POINT (-80.2019202 25.7550187)
502,,-80.1996091,25.7625829,POINT (-80.1996091 25.7625829)
503,,-80.1935204,25.7717633,POINT (-80.1935204 25.7717633)
504,,-80.193527,25.771466,POINT (-80.193527 25.771466)
505,,-80.204109,25.7897158,POINT (-80.204109 25.7897158)
506,,-80.2053842,25.7981339,POINT (-80.2053842 25.7981339)
507,,-80.2052764,25.7936562,POINT (-80.2052764 25.7936562)
508,,-80.207397,25.765032,POINT (-80.207397 25.765032)
509,,-80.2073528,25.7640733,POINT (-80.2073528 25.7640733)
510,,-80.2074318,25.7660012,POINT (-80.2074318 25.7660012)
511,,-80.2144049,25.7648769,POINT (-80.2144049 25.7648769)
512,,-80.2143854,25.7643507,POINT (-80.2143854 25.7643507)
513,,-80.1932756,25.76545,POINT (-80.1932756 25.76545)
514,,-80.1933247,25.7664213,POINT (-80.1933247 25.7664213)
515,,-80.1952764,25.7654005,POINT (-80.1952764 25.7654005)
516,,-80.195239,25.764418,POINT (-80.195239 25.764418)
517,,-80.2224893,25.7648344,POINT (-80.2224893 25.7648344)
518,,-80.222452,25.764046,POINT (-80.222452 25.764046)
519,,-80.222501,25.7651905,POINT (-80.222501 25.7651905)
520,,-80.2387244,25.7644218,POINT (-80.2387244 25.7644218)
521,,-80.238744,25.7651713,POINT (-80.238744 25.7651713)
522,,-80.2229079,25.7836995,POINT (-80.2229079 25.7836995)
523,,-80.253297,25.722067,POINT (-80.253297 25.722067)
524,,-80.253344,25.722447,POINT (-80.253344 25.722447)
525,,-80.253281,25.721695,POINT (-80.253281 25.721695)
526,,-80.1841497,25.8358076,POINT (-80.1841497 25.8358076)
527,,-80.1841398,25.8355692,POINT (-80.1841398 25.8355692)
528,,-80.1841813,25.8365759,POINT (-80.1841813 25.8365759)
529,,-80.2222545,25.757146,POINT (-80.2222545 25.757146)
530,,-80.2222702,25.7574794,POINT (-80.2222702 25.7574794)
531,,-80.2222346,25.7567429,POINT (-80.2222346 25.7567429)
532,,-80.214224,25.7569924,POINT (-80.214224 25.7569924)
533,,-80.214229,25.7561263,POINT (-80.214229 25.7561263)
534,,-80.2142267,25.757216,POINT (-80.2142267 25.757216)
535,,-80.222217,25.756398,POINT (-80.222217 25.756398)
536,,-80.2384131,25.7559154,POINT (-80.2384131 25.7559154)
537,,-80.2384518,25.7568473,POINT (-80.2384518 25.7568473)
538,,-80.246682,25.75563,POINT (-80.246682 25.75563)
539,,-80.246617,25.754716,POINT (-80.246617 25.754716)
540,,-80.246748,25.7565846,POINT (-80.246748 25.7565846)
541,,-80.2346183,25.794439,POINT (-80.2346183 25.794439)
542,,-80.2356463,25.7944088,POINT (-80.2356463 25.7944088)
543,,-80.2335754,25.7944683,POINT (-80.2335754 25.7944683)
544,,-80.234852,25.801827,POINT (-80.234852 25.801827)
545,,-80.2358794,25.801805,POINT (-80.2358794 25.801805)
546,,-80.233807,25.801848,POINT (-80.233807 25.801848)
547,,-80.2351132,25.8092682,POINT (-80.2351132 25.8092682)
548,,-80.2341034,25.809298,POINT (-80.2341034 25.809298)
549,,-80.2336087,25.7796407,POINT (-80.2336087 25.7796407)
550,,-80.2334172,25.7796467,POINT (-80.2334172 25.7796467)
551,,-80.2344409,25.779615,POINT (-80.2344409 25.779615)
552,,-80.2346287,25.7796092,POINT (-80.2346287 25.7796092)
553,,-80.2251693,25.7404212,POINT (-80.2251693 25.7404212)
554,,-80.1890851,25.7855791,POINT (-80.1890851 25.7855791)
555,,-80.1890686,25.7856654,POINT (-80.1890686 25.7856654)
556,,-80.2676785,25.7715279,POINT (-80.2676785 25.7715279)
557,,-80.265665,25.771588,POINT (-80.265665 25.771588)
558,,-80.1969211,25.8252534,POINT (-80.1969211 25.8252534)
559,,-80.1959435,25.8252818,POINT (-80.1959435 25.8252818)
560,,-80.1973252,25.8252411,POINT (-80.1973252 25.8252411)
561,,-80.1993461,25.8251793,POINT (-80.1993461 25.8251793)
562,,-80.2000244,25.8251586,POINT (-80.2000244 25.8251586)
563,,-80.1987103,25.8251988,POINT (-80.1987103 25.8251988)
564,,-80.1999751,25.8242467,POINT (-80.1999751 25.8242467)
565,,-80.2020385,25.8250971,POINT (-80.2020385 25.8250971)
566,,-80.200108,25.826996,POINT (-80.200108 25.826996)
567,,-80.2029497,25.8250693,POINT (-80.2029497 25.8250693)
568,,-80.202019,25.824183,POINT (-80.202019 25.824183)
569,,-80.2038691,25.8250412,POINT (-80.2038691 25.8250412)
570,,-80.2040084,25.8250356,POINT (-80.2040084 25.8250356)
571,,-80.2041563,25.8250313,POINT (-80.2041563 25.8250313)
572,,-80.2076263,25.8249715,POINT (-80.2076263 25.8249715)
573,,-80.2070021,25.8249899,POINT (-80.2070021 25.8249899)
574,,-80.2081599,25.8249548,POINT (-80.2081599 25.8249548)
575,,-80.2096161,25.8248694,POINT (-80.2096161 25.8248694)
576,,-80.2081235,25.824025,POINT (-80.2081235 25.824025)
577,,-80.2081907,25.825672,POINT (-80.2081907 25.825672)
578,,-80.2162268,25.8246687,POINT (-80.2162268 25.8246687)
579,,-80.2203858,25.8245368,POINT (-80.2203858 25.8245368)
580,,-80.2183152,25.8246,POINT (-80.2183152 25.8246)
581,,-80.2223524,25.8244768,POINT (-80.2223524 25.8244768)
582,,-80.2225716,25.8244701,POINT (-80.2225716 25.8244701)
583,,-80.2245615,25.8244258,POINT (-80.2245615 25.8244258)
584,,-80.226602,25.824366,POINT (-80.226602 25.824366)
585,,-80.228627,25.8242982,POINT (-80.228627 25.8242982)
586,,-80.206309,25.839751,POINT (-80.206309 25.839751)
587,,-80.2057093,25.8397645,POINT (-80.2057093 25.8397645)
588,,-80.2229328,25.7859941,POINT (-80.2229328 25.7859941)
589,,-80.2229196,25.7864201,POINT (-80.2229196 25.7864201)
590,,-80.2043644,25.7953664,POINT (-80.2043644 25.7953664)
591,,-80.2051138,25.7952981,POINT (-80.2051138 25.7952981)
592,,-80.2878751,25.7635636,POINT (-80.2878751 25.7635636)
593,,-80.2875205,25.7635802,POINT (-80.2875205 25.7635802)
594,,-80.2878945,25.7643367,POINT (-80.2878945 25.7643367)
595,,-80.2899584,25.7635016,POINT (-80.2899584 25.7635016)
596,,-80.1963437,25.832028,POINT (-80.1963437 25.832028)
597,,-80.196457,25.8314521,POINT (-80.196457 25.8314521)
598,,-80.1962378,25.8325858,POINT (-80.1962378 25.8325858)
599,,-80.2084561,25.8313662,POINT (-80.2084561 25.8313662)
600,,-80.2084092,25.8304502,POINT (-80.2084092 25.8304502)
601,,-80.2084931,25.83229,POINT (-80.2084931 25.83229)
602,,-80.2944199,25.7706379,POINT (-80.2944199 25.7706379)
603,,-80.2935048,25.7706513,POINT (-80.2935048 25.7706513)
604,,-80.2941092,25.7633715,POINT (-80.2941092 25.7633715)
605,,-80.2942547,25.7633689,POINT (-80.2942547 25.7633689)
606,,-80.293889,25.7633796,POINT (-80.293889 25.7633796)
607,,-80.2560599,25.7916147,POINT (-80.2560599 25.7916147)
608,,-80.256048,25.790868,POINT (-80.256048 25.790868)
609,,-80.2480189,25.7720098,POINT (-80.2480189 25.7720098)
610,,-80.2476848,25.7720218,POINT (-80.2476848 25.7720218)
611,,-80.2560686,25.7923606,POINT (-80.2560686 25.7923606)
612,,-80.2490641,25.7791472,POINT (-80.2490641 25.7791472)
613,,-80.2491804,25.7791428,POINT (-80.2491804 25.7791428)
614,,-80.2480518,25.7791832,POINT (-80.2480518 25.7791832)
615,,-80.2357733,25.7795737,POINT (-80.2357733 25.7795737)
616,,-80.2360591,25.7724552,POINT (-80.2360591 25.7724552)
617,,-80.2229369,25.784105,POINT (-80.2229369 25.784105)
618,,-80.235577,25.791919,POINT (-80.235577 25.791919)
619,,-80.219011,25.741451,POINT (-80.219011 25.741451)
620,,-80.219874,25.740885,POINT (-80.219874 25.740885)
621,,-80.2185032,25.7417988,POINT (-80.2185032 25.7417988)
622,,-80.184422,25.8424889,POINT (-80.184422 25.8424889)
623,,-80.1844093,25.8421809,POINT (-80.1844093 25.8421809)
624,,-80.1844441,25.8431118,POINT (-80.1844441 25.8431118)
625,,-80.184393,25.8417014,POINT (-80.184393 25.8417014)
626,,-80.1966057,25.8420639,POINT (-80.1966057 25.8420639)
627,,-80.1966473,25.8430127,POINT (-80.1966473 25.8430127)
628,,-80.2232027,25.7924492,POINT (-80.2232027 25.7924492)
629,,-80.2232168,25.7929106,POINT (-80.2232168 25.7929106)
630,,-80.1991653,25.7681685,POINT (-80.1991653 25.7681685)
631,,-80.2008245,25.7681219,POINT (-80.2008245 25.7681219)
632,,-80.2007847,25.7671587,POINT (-80.2007847 25.7671587)
633,,-80.2025053,25.768071,POINT (-80.2025053 25.768071)
634,,-80.2008713,25.7690865,POINT (-80.2008713 25.7690865)
635,,-80.204171,25.7680265,POINT (-80.204171 25.7680265)
636,,-80.205009,25.768,POINT (-80.205009 25.768)
637,,-80.2058474,25.7679744,POINT (-80.2058474 25.7679744)
638,,-80.2066757,25.7679514,POINT (-80.2066757 25.7679514)
639,,-80.2229702,25.7869801,POINT (-80.2229702 25.7869801)
640,,-80.2225596,25.7868234,POINT (-80.2225596 25.7868234)
641,,-80.2231926,25.7921187,POINT (-80.2231926 25.7921187)
642,,-80.2075086,25.7679262,POINT (-80.2075086 25.7679262)
643,,-80.2075472,25.7688884,POINT (-80.2075472 25.7688884)
644,,-80.2074748,25.7669631,POINT (-80.2074748 25.7669631)
645,,-80.2083256,25.7679016,POINT (-80.2083256 25.7679016)
646,,-80.2091727,25.7678729,POINT (-80.2091727 25.7678729)
647,,-80.2112873,25.7678055,POINT (-80.2112873 25.7678055)
648,,-80.212808,25.7677602,POINT (-80.212808 25.7677602)
649,,-80.214501,25.767707,POINT (-80.214501 25.767707)
650,,-80.2161764,25.7676556,POINT (-80.2161764 25.7676556)
651,,-80.214514,25.7686496,POINT (-80.214514 25.7686496)
652,,-80.2144681,25.7667427,POINT (-80.2144681 25.7667427)
653,,-80.2178516,25.7676027,POINT (-80.2178516 25.7676027)
654,,-80.2195186,25.767551,POINT (-80.2195186 25.767551)
655,,-80.2225785,25.7674489,POINT (-80.2225785 25.7674489)
656,,-80.2246403,25.767372,POINT (-80.2246403 25.767372)
657,,-80.2225471,25.7664972,POINT (-80.2225471 25.7664972)
658,,-80.2226288,25.768359,POINT (-80.2226288 25.768359)
659,,-80.2266733,25.7673115,POINT (-80.2266733 25.7673115)
660,,-80.2290494,25.7672435,POINT (-80.2290494 25.7672435)
661,,-80.232794,25.767143,POINT (-80.232794 25.767143)
662,,-80.2348324,25.7670851,POINT (-80.2348324 25.7670851)
663,,-80.2368656,25.767027,POINT (-80.2368656 25.767027)
664,,-80.2368423,25.7665169,POINT (-80.2368423 25.7665169)
665,,-80.236345,25.7670361,POINT (-80.236345 25.7670361)
666,,-80.2388319,25.7669732,POINT (-80.2388319 25.7669732)
667,,-80.238981,25.7669671,POINT (-80.238981 25.7669671)
668,,-80.2388557,25.7676856,POINT (-80.2388557 25.7676856)
669,,-80.2634427,25.7658968,POINT (-80.2634427 25.7658968)
670,,-80.2634059,25.765208,POINT (-80.2634059 25.765208)
671,,-80.3039661,25.7646032,POINT (-80.3039661 25.7646032)
672,,-80.3039292,25.7638623,POINT (-80.3039292 25.7638623)
673,,-80.3039825,25.7649572,POINT (-80.3039825 25.7649572)
674,,-80.307402,25.7644719,POINT (-80.307402 25.7644719)
675,,-80.3073746,25.7637347,POINT (-80.3073746 25.7637347)
676,,-80.307416,25.764848,POINT (-80.307416 25.764848)
677,,-80.3074327,25.7652179,POINT (-80.3074327 25.7652179)
678,,-80.2879206,25.7650624,POINT (-80.2879206 25.7650624)
679,,-80.2879123,25.7649197,POINT (-80.2879123 25.7649197)
680,,-80.2879399,25.7656013,POINT (-80.2879399 25.7656013)
681,,-80.275681,25.765498,POINT (-80.275681 25.765498)
682,,-80.2756546,25.7647865,POINT (-80.2756546 25.7647865)
683,,-80.275691,25.766215,POINT (-80.275691 25.766215)
684,,-80.2069891,25.7931438,POINT (-80.2069891 25.7931438)
685,,-80.2069792,25.7923441,POINT (-80.2069792 25.7923441)
686,,-80.315252,25.7645446,POINT (-80.315252 25.7645446)
687,,-80.3148491,25.7654218,POINT (-80.3148491 25.7654218)
688,,-80.315672,25.763112,POINT (-80.315672 25.763112)
689,,-80.2069992,25.7939402,POINT (-80.2069992 25.7939402)
690,,-80.3039963,25.7653351,POINT (-80.3039963 25.7653351)
691,,-80.195718,25.8199825,POINT (-80.195718 25.8199825)
692,,-80.1957209,25.8200372,POINT (-80.1957209 25.8200372)
693,,-80.1956956,25.819233,POINT (-80.1956956 25.819233)
694,,-80.2382756,25.7525675,POINT (-80.2382756 25.7525675)
695,,-80.2383092,25.7533147,POINT (-80.2383092 25.7533147)
696,,-80.246518,25.752333,POINT (-80.246518 25.752333)
697,,-80.246556,25.7530687,POINT (-80.246556 25.7530687)
698,,-80.2464798,25.7516121,POINT (-80.2464798 25.7516121)
699,,-80.2142101,25.7532826,POINT (-80.2142101 25.7532826)
700,,-80.2141956,25.7529699,POINT (-80.2141956 25.7529699)
701,,-80.2220704,25.753063,POINT (-80.2220704 25.753063)
702,,-80.2220387,25.752341,POINT (-80.2220387 25.752341)
703,,-80.2221004,25.7538164,POINT (-80.2221004 25.7538164)
704,,-80.2229927,25.7871335,POINT (-80.2229927 25.7871335)
705,,-80.2476396,25.7711393,POINT (-80.2476396 25.7711393)
706,,-80.247606,25.7702045,POINT (-80.247606 25.7702045)
707,,-80.2880877,25.7698855,POINT (-80.2880877 25.7698855)
708,,-80.288068,25.769309,POINT (-80.288068 25.769309)
709,,-80.2881162,25.7707534,POINT (-80.2881162 25.7707534)
710,,-80.1935635,25.773307,POINT (-80.1935635 25.773307)
711,,-80.1919001,25.773357,POINT (-80.1919001 25.773357)
712,,-80.1935556,25.7729013,POINT (-80.1935556 25.7729013)
713,,-80.1955456,25.7732512,POINT (-80.1955456 25.7732512)
714,,-80.1955719,25.7740942,POINT (-80.1955719 25.7740942)
715,,-80.1955174,25.7724497,POINT (-80.1955174 25.7724497)
716,,-80.3076107,25.7694464,POINT (-80.3076107 25.7694464)
717,,-80.3075819,25.7687514,POINT (-80.3075819 25.7687514)
718,,-80.307644,25.77032,POINT (-80.307644 25.77032)
719,,-80.2389958,25.7713446,POINT (-80.2389958 25.7713446)
720,,-80.2390327,25.7723344,POINT (-80.2390327 25.7723344)
721,,-80.2329585,25.7716525,POINT (-80.2329585 25.7716525)
722,,-80.2328452,25.7716099,POINT (-80.2328452 25.7716099)
723,,-80.230242,25.771463,POINT (-80.230242 25.771463)
724,,-80.2292094,25.7714909,POINT (-80.2292094 25.7714909)
725,,-80.22802,25.7715247,POINT (-80.22802 25.7715247)
726,,-80.2268494,25.7715733,POINT (-80.2268494 25.7715733)
727,,-80.2261392,25.7716473,POINT (-80.2261392 25.7716473)
728,,-80.2248083,25.7718287,POINT (-80.2248083 25.7718287)
729,,-80.2234696,25.7720969,POINT (-80.2234696 25.7720969)
730,,-80.2227909,25.7722557,POINT (-80.2227909 25.7722557)
731,,-80.2228191,25.7727923,POINT (-80.2228191 25.7727923)
732,,-80.2213254,25.772322,POINT (-80.2213254 25.772322)
733,,-80.2228319,25.7720395,POINT (-80.2228319 25.7720395)
734,,-80.2179841,25.7724171,POINT (-80.2179841 25.7724171)
735,,-80.2163071,25.7724679,POINT (-80.2163071 25.7724679)
736,,-80.2146308,25.7725257,POINT (-80.2146308 25.7725257)
737,,-80.2146438,25.7733104,POINT (-80.2146438 25.7733104)
738,,-80.2145999,25.771548,POINT (-80.2145999 25.771548)
739,,-80.2129426,25.7725743,POINT (-80.2129426 25.7725743)
740,,-80.2114236,25.7726209,POINT (-80.2114236 25.7726209)
741,,-80.2093557,25.772689,POINT (-80.2093557 25.772689)
742,,-80.20769,25.7727368,POINT (-80.20769 25.7727368)
743,,-80.2076549,25.7717741,POINT (-80.2076549 25.7717741)
744,,-80.2060207,25.7728033,POINT (-80.2060207 25.7728033)
745,,-80.2077235,25.7737217,POINT (-80.2077235 25.7737217)
746,,-80.2043474,25.7728432,POINT (-80.2043474 25.7728432)
747,,-80.2026759,25.7728836,POINT (-80.2026759 25.7728836)
748,,-80.2340525,25.7721735,POINT (-80.2340525 25.7721735)
749,,-80.2333063,25.7718196,POINT (-80.2333063 25.7718196)
750,,-80.235271,25.73432,POINT (-80.235271 25.73432)
751,,-80.2347533,25.7337406,POINT (-80.2347533 25.7337406)
752,,-80.235903,25.734947,POINT (-80.235903 25.734947)
753,,-80.2375738,25.7329199,POINT (-80.2375738 25.7329199)
754,,-80.2376108,25.7319391,POINT (-80.2376108 25.7319391)
755,,-80.2376081,25.7337208,POINT (-80.2376081 25.7337208)
756,,-80.2926591,25.7706625,POINT (-80.2926591 25.7706625)
757,,-80.2916796,25.7706858,POINT (-80.2916796 25.7706858)
758,,-80.2638272,25.7734395,POINT (-80.2638272 25.7734395)
759,,-80.2637801,25.7725647,POINT (-80.2637801 25.7725647)
760,,-80.2717788,25.7736306,POINT (-80.2717788 25.7736306)
761,,-80.2717963,25.7743227,POINT (-80.2717963 25.7743227)
762,,-80.271769,25.772886,POINT (-80.271769 25.772886)
763,,-80.204276,25.7911428,POINT (-80.204276 25.7911428)
764,,-80.2558357,25.7842444,POINT (-80.2558357 25.7842444)
765,,-80.2558258,25.7840516,POINT (-80.2558258 25.7840516)
766,,-80.2558483,25.7847296,POINT (-80.2558483 25.7847296)
767,,-80.304268,25.772268,POINT (-80.304268 25.772268)
768,,-80.3043066,25.773106,POINT (-80.3043066 25.773106)
769,,-80.304197,25.7705503,POINT (-80.304197 25.7705503)
770,,-80.2558581,25.7850919,POINT (-80.2558581 25.7850919)
771,,-80.1936654,25.7760747,POINT (-80.1936654 25.7760747)
772,,-80.1920055,25.7761311,POINT (-80.1920055 25.7761311)
773,,-80.193621,25.7751128,POINT (-80.193621 25.7751128)
774,,-80.1978011,25.7759654,POINT (-80.1978011 25.7759654)
775,,-80.197745,25.7749955,POINT (-80.197745 25.7749955)
776,,-80.1978195,25.7769314,POINT (-80.1978195 25.7769314)
777,,-80.19932,25.7759172,POINT (-80.19932 25.7759172)
778,,-80.2017715,25.7755844,POINT (-80.2017715 25.7755844)
779,,-80.2027897,25.7765173,POINT (-80.2027897 25.7765173)
780,,-80.2000704,25.7758857,POINT (-80.2000704 25.7758857)
781,,-80.2010453,25.7747,POINT (-80.2010453 25.7747)
782,,-80.2442875,25.7928728,POINT (-80.2442875 25.7928728)
783,,-80.2436139,25.7921898,POINT (-80.2436139 25.7921898)
784,,-80.198447,25.794106,POINT (-80.198447 25.794106)
785,,-80.1984869,25.7954206,POINT (-80.1984869 25.7954206)
786,,-80.2558919,25.7864285,POINT (-80.2558919 25.7864285)
787,,-80.2558895,25.7862487,POINT (-80.2558895 25.7862487)
788,,-80.2070182,25.7952395,POINT (-80.2070182 25.7952395)
789,,-80.2003164,25.7934955,POINT (-80.2003164 25.7934955)
790,,-80.2003189,25.7935712,POINT (-80.2003189 25.7935712)
791,,-80.2559216,25.7871763,POINT (-80.2559216 25.7871763)
792,,-80.200028,25.791659,POINT (-80.200028 25.791659)
793,,-80.2589481,25.7863487,POINT (-80.2589481 25.7863487)
794,,-80.221619,25.742187,POINT (-80.221619 25.742187)
795,,-80.1923712,25.7715582,POINT (-80.1923712 25.7715582)
796,,-80.1901538,25.7716757,POINT (-80.1901538 25.7716757)
797,,-80.2559451,25.7879053,POINT (-80.2559451 25.7879053)
798,,-80.19491,25.797962,POINT (-80.19491 25.797962)
799,,-80.1948788,25.7968425,POINT (-80.1948788 25.7968425)
800,,-80.1890483,25.7971331,POINT (-80.1890483 25.7971331)
801,,-80.1846174,25.8308119,POINT (-80.1846174 25.8308119)
802,,-80.1841089,25.831575,POINT (-80.1841089 25.831575)
803,,-80.184967,25.8302534,POINT (-80.184967 25.8302534)
804,,-80.2559738,25.7886328,POINT (-80.2559738 25.7886328)
805,,-80.2058165,25.7670137,POINT (-80.2058165 25.7670137)
806,,-80.2066374,25.7669879,POINT (-80.2066374 25.7669879)
807,,-80.2057807,25.7660498,POINT (-80.2057807 25.7660498)
808,,-80.2041047,25.7660993,POINT (-80.2041047 25.7660993)
809,,-80.2056648,25.7631309,POINT (-80.2056648 25.7631309)
810,,-80.2066029,25.7631083,POINT (-80.2066029 25.7631083)
811,,-80.2053281,25.7631422,POINT (-80.2053281 25.7631422)
812,,-80.2559989,25.789376,POINT (-80.2559989 25.789376)
813,,-80.2142387,25.7577687,POINT (-80.2142387 25.7577687)
814,,-80.2218021,25.7467464,POINT (-80.2218021 25.7467464)
815,,-80.221782,25.746221,POINT (-80.221782 25.746221)
816,,-80.2218401,25.7476271,POINT (-80.2218401 25.7476271)
817,,-80.256022,25.790117,POINT (-80.256022 25.790117)
818,,-80.2380379,25.7462802,POINT (-80.2380379 25.7462802)
819,,-80.2380679,25.7471289,POINT (-80.2380679 25.7471289)
820,,-80.1901788,25.7721798,POINT (-80.1901788 25.7721798)
821,,-80.1904599,25.7718896,POINT (-80.1904599 25.7718896)
822,,-80.2819594,25.7709971,POINT (-80.2819594 25.7709971)
823,,-80.2537634,25.7901854,POINT (-80.2537634 25.7901854)
824,,-80.275717,25.766931,POINT (-80.275717 25.766931)
825,,-80.275712,25.767634,POINT (-80.275712 25.767634)
826,,-80.1999333,25.7611846,POINT (-80.1999333 25.7611846)
827,,-80.2007308,25.7606225,POINT (-80.2007308 25.7606225)
828,,-80.1963347,25.7572087,POINT (-80.1963347 25.7572087)
829,,-80.1971999,25.7566123,POINT (-80.1971999 25.7566123)
830,,-80.219274,25.796739,POINT (-80.219274 25.796739)
831,,-80.219314,25.797639,POINT (-80.219314 25.797639)
832,,-80.219243,25.7958,POINT (-80.219243 25.7958)
833,,-80.2070824,25.7970932,POINT (-80.2070824 25.7970932)
834,,-80.2071157,25.7980098,POINT (-80.2071157 25.7980098)
835,,-80.2070529,25.7961611,POINT (-80.2070529 25.7961611)
836,,-80.2397917,25.7961176,POINT (-80.2397917 25.7961176)
837,,-80.2398078,25.7970613,POINT (-80.2398078 25.7970613)
838,,-80.2638719,25.7743138,POINT (-80.2638719 25.7743138)
839,,-80.2561307,25.7931098,POINT (-80.2561307 25.7931098)
840,,-80.271809,25.7750624,POINT (-80.271809 25.7750624)
841,,-80.1901639,25.7720623,POINT (-80.1901639 25.7720623)
842,,-80.2554861,25.7725507,POINT (-80.2554861 25.7725507)
843,,-80.2554645,25.7718709,POINT (-80.2554645 25.7718709)
844,,-80.218631,25.7851544,POINT (-80.218631 25.7851544)
845,,-80.2187669,25.7854408,POINT (-80.2187669 25.7854408)
846,,-80.216087,25.783983,POINT (-80.216087 25.783983)
847,,-80.2184999,25.7854141,POINT (-80.2184999 25.7854141)
848,,-80.2188684,25.7858726,POINT (-80.2188684 25.7858726)
849,,-80.2191259,25.7856949,POINT (-80.2191259 25.7856949)
850,,-80.255508,25.773237,POINT (-80.255508 25.773237)
851,,-80.225083,25.787756,POINT (-80.225083 25.787756)
852,,-80.2233373,25.7873423,POINT (-80.2233373 25.7873423)
853,,-80.227212,25.788116,POINT (-80.227212 25.788116)
854,,-80.2311511,25.7900104,POINT (-80.2311511 25.7900104)
855,,-80.2319303,25.7902084,POINT (-80.2319303 25.7902084)
856,,-80.2319611,25.7914667,POINT (-80.2319611 25.7914667)
857,,-80.2312488,25.7900458,POINT (-80.2312488 25.7900458)
858,,-80.2329367,25.7902196,POINT (-80.2329367 25.7902196)
859,,-80.20059,25.773935,POINT (-80.20059 25.773935)
860,,-80.1981377,25.7740488,POINT (-80.1981377 25.7740488)
861,,-80.199442,25.772314,POINT (-80.199442 25.772314)
862,,-80.2034289,25.7775107,POINT (-80.2034289 25.7775107)
863,,-80.2555288,25.7739015,POINT (-80.2555288 25.7739015)
864,,-80.2555301,25.7739424,POINT (-80.2555301 25.7739424)
865,,-80.2717291,25.7722115,POINT (-80.2717291 25.7722115)
866,,-80.2717141,25.7714932,POINT (-80.2717141 25.7714932)
867,,-80.2065213,25.7500717,POINT (-80.2065213 25.7500717)
868,,-80.2062573,25.7502343,POINT (-80.2062573 25.7502343)
869,,-80.2148355,25.7802239,POINT (-80.2148355 25.7802239)
870,,-80.2174073,25.7801447,POINT (-80.2174073 25.7801447)
871,,-80.2181983,25.7801223,POINT (-80.2181983 25.7801223)
872,,-80.2165216,25.7801752,POINT (-80.2165216 25.7801752)
873,,-80.2555498,25.7745877,POINT (-80.2555498 25.7745877)
874,,-80.2193967,25.7800838,POINT (-80.2193967 25.7800838)
875,,-80.2198705,25.7800682,POINT (-80.2198705 25.7800682)
876,,-80.2202784,25.7800573,POINT (-80.2202784 25.7800573)
877,,-80.2215402,25.7800181,POINT (-80.2215402 25.7800181)
878,,-80.2224431,25.7799865,POINT (-80.2224431 25.7799865)
879,,-80.2230024,25.7799692,POINT (-80.2230024 25.7799692)
880,,-80.222595,25.7799805,POINT (-80.222595 25.7799805)
881,,-80.2233784,25.7799576,POINT (-80.2233784 25.7799576)
882,,-80.2241684,25.7799329,POINT (-80.2241684 25.7799329)
883,,-80.2248318,25.7799118,POINT (-80.2248318 25.7799118)
884,,-80.2245046,25.7799227,POINT (-80.2245046 25.7799227)
885,,-80.2255479,25.7798903,POINT (-80.2255479 25.7798903)
886,,-80.2258702,25.7798792,POINT (-80.2258702 25.7798792)
887,,-80.2264983,25.7798609,POINT (-80.2264983 25.7798609)
888,,-80.226654,25.7798553,POINT (-80.226654 25.7798553)
889,,-80.255574,25.7753744,POINT (-80.255574 25.7753744)
890,,-80.2272474,25.7798377,POINT (-80.2272474 25.7798377)
891,,-80.2289022,25.7797865,POINT (-80.2289022 25.7797865)
892,,-80.2281248,25.7798071,POINT (-80.2281248 25.7798071)
893,,-80.2296393,25.7797638,POINT (-80.2296393 25.7797638)
894,,-80.2318962,25.7796891,POINT (-80.2318962 25.7796891)
895,,-80.2325662,25.7796719,POINT (-80.2325662 25.7796719)
896,,-80.2311772,25.7797121,POINT (-80.2311772 25.7797121)
897,,-80.2327693,25.7796667,POINT (-80.2327693 25.7796667)
898,,-80.2332915,25.7796506,POINT (-80.2332915 25.7796506)
899,,-80.2354279,25.7795844,POINT (-80.2354279 25.7795844)
900,,-80.2383391,25.7794949,POINT (-80.2383391 25.7794949)
901,,-80.2392708,25.7794654,POINT (-80.2392708 25.7794654)
902,,-80.24189,25.779393,POINT (-80.24189 25.779393)
903,,-80.2419547,25.7813099,POINT (-80.2419547 25.7813099)
904,,-80.2413226,25.7794091,POINT (-80.2413226 25.7794091)
905,,-80.2434351,25.7793346,POINT (-80.2434351 25.7793346)
906,,-80.255596,25.776179,POINT (-80.255596 25.776179)
907,,-80.2475061,25.779201,POINT (-80.2475061 25.779201)
908,,-80.2520859,25.7790571,POINT (-80.2520859 25.7790571)
909,,-80.2526391,25.7790407,POINT (-80.2526391 25.7790407)
910,,-80.251168,25.779093,POINT (-80.251168 25.779093)
911,,-80.2530335,25.7790273,POINT (-80.2530335 25.7790273)
912,,-80.2547313,25.7789695,POINT (-80.2547313 25.7789695)
913,,-80.2540337,25.7789936,POINT (-80.2540337 25.7789936)
914,,-80.255681,25.7789374,POINT (-80.255681 25.7789374)
915,,-80.2598483,25.7788235,POINT (-80.2598483 25.7788235)
916,,-80.2584501,25.7788634,POINT (-80.2584501 25.7788634)
917,,-80.2608978,25.7787893,POINT (-80.2608978 25.7787893)
918,,-80.262387,25.778753,POINT (-80.262387 25.778753)
919,,-80.2619292,25.7787631,POINT (-80.2619292 25.7787631)
920,,-80.2629721,25.7787351,POINT (-80.2629721 25.7787351)
921,,-80.2639567,25.7787144,POINT (-80.2639567 25.7787144)
922,,-80.2044829,25.7502433,POINT (-80.2044829 25.7502433)
923,,-80.2640589,25.7778074,POINT (-80.2640589 25.7778074)
924,,-80.2674614,25.7787135,POINT (-80.2674614 25.7787135)
925,,-80.267978,25.7787086,POINT (-80.267978 25.7787086)
926,,-80.271918,25.778704,POINT (-80.271918 25.778704)
927,,-80.271893,25.777956,POINT (-80.271893 25.777956)
928,,-80.2695504,25.778713,POINT (-80.2695504 25.778713)
929,,-80.2719355,25.7808679,POINT (-80.2719355 25.7808679)
930,,-80.2753733,25.7785613,POINT (-80.2753733 25.7785613)
931,,-80.2556192,25.7768679,POINT (-80.2556192 25.7768679)
932,,-80.2780809,25.7784341,POINT (-80.2780809 25.7784341)
933,,-80.2821952,25.7782517,POINT (-80.2821952 25.7782517)
934,,-80.2862976,25.778074,POINT (-80.2862976 25.778074)
935,,-80.2867836,25.7780526,POINT (-80.2867836 25.7780526)
936,,-80.2892531,25.7779745,POINT (-80.2892531 25.7779745)
937,,-80.2884291,25.7779421,POINT (-80.2884291 25.7779421)
938,,-80.2901442,25.7779482,POINT (-80.2901442 25.7779482)
939,,-80.2556418,25.7775376,POINT (-80.2556418 25.7775376)
940,,-80.2910367,25.777921,POINT (-80.2910367 25.777921)
941,,-80.291937,25.777892,POINT (-80.291937 25.777892)
942,,-80.2928154,25.7778622,POINT (-80.2928154 25.7778622)
943,,-80.2946206,25.7777458,POINT (-80.2946206 25.7777458)
944,,-80.2942358,25.7778216,POINT (-80.2942358 25.7778216)
945,,-80.2947953,25.7777408,POINT (-80.2947953 25.7777408)
946,,-80.1979579,25.7807699,POINT (-80.1979579 25.7807699)
947,,-80.1979861,25.7817229,POINT (-80.1979861 25.7817229)
948,,-80.1979112,25.7798138,POINT (-80.1979112 25.7798138)
949,,-80.199653,25.7807147,POINT (-80.199653 25.7807147)
950,,-80.1996871,25.7816754,POINT (-80.1996871 25.7816754)
951,,-80.2003998,25.7806997,POINT (-80.2003998 25.7806997)
952,,-80.200223,25.77974,POINT (-80.200223 25.77974)
953,,-80.2066801,25.7805132,POINT (-80.2066801 25.7805132)
954,,-80.195071,25.8025562,POINT (-80.195071 25.8025562)
955,,-80.1950903,25.803048,POINT (-80.1950903 25.803048)
956,,-80.1950598,25.8022691,POINT (-80.1950598 25.8022691)
957,,-80.1892533,25.8028565,POINT (-80.1892533 25.8028565)
958,,-80.189213,25.8022692,POINT (-80.189213 25.8022692)
959,,-80.1893088,25.8035478,POINT (-80.1893088 25.8035478)
960,,-80.2556616,25.7782328,POINT (-80.2556616 25.7782328)
961,,-80.2074466,25.8075326,POINT (-80.2074466 25.8075326)
962,,-80.2432998,25.7353946,POINT (-80.2432998 25.7353946)
963,,-80.2427677,25.7354092,POINT (-80.2427677 25.7354092)
964,,-80.2437981,25.7353724,POINT (-80.2437981 25.7353724)
965,,-80.2374007,25.7365549,POINT (-80.2374007 25.7365549)
966,,-80.2375276,25.7367305,POINT (-80.2375276 25.7367305)
967,,-80.2371007,25.7362254,POINT (-80.2371007 25.7362254)
968,,-80.2365253,25.7356247,POINT (-80.2365253 25.7356247)
969,,-80.2376751,25.7355312,POINT (-80.2376751 25.7355312)
970,,-80.2357375,25.7330786,POINT (-80.2357375 25.7330786)
971,,-80.2335129,25.7324201,POINT (-80.2335129 25.7324201)
972,,-80.2338154,25.7343483,POINT (-80.2338154 25.7343483)
973,,-80.3123542,25.7701108,POINT (-80.3123542 25.7701108)
974,,-80.3122113,25.7701175,POINT (-80.3122113 25.7701175)
975,,-80.3122659,25.7696287,POINT (-80.3122659 25.7696287)
976,,-80.2068872,25.7498161,POINT (-80.2068872 25.7498161)
977,,-80.2557377,25.7808233,POINT (-80.2557377 25.7808233)
978,,-80.2145725,25.7705952,POINT (-80.2145725 25.7705952)
979,,-80.2145441,25.7696285,POINT (-80.2145441 25.7696285)
980,,-80.2161532,25.7666891,POINT (-80.2161532 25.7666891)
981,,-80.2127514,25.7659086,POINT (-80.2127514 25.7659086)
982,,-80.2143721,25.7639133,POINT (-80.2143721 25.7639133)
983,,-80.2143394,25.763198,POINT (-80.2143394 25.763198)
984,,-80.2143325,25.762949,POINT (-80.2143325 25.762949)
985,,-80.2142993,25.7620159,POINT (-80.2142993 25.7620159)
986,,-80.2126506,25.7629808,POINT (-80.2126506 25.7629808)
987,,-80.2142535,25.7608696,POINT (-80.2142535 25.7608696)
988,,-80.2142515,25.7600742,POINT (-80.2142515 25.7600742)
989,,-80.214247,25.7593029,POINT (-80.214247 25.7593029)
990,,-80.2142414,25.758532,POINT (-80.2142414 25.758532)
991,,-80.2142443,25.7590003,POINT (-80.2142443 25.7590003)
992,,-80.2142205,25.7554179,POINT (-80.2142205 25.7554179)
993,,-80.2557909,25.7826625,POINT (-80.2557909 25.7826625)
994,,-80.214195,25.75258,POINT (-80.214195 25.75258)
995,,-80.2141857,25.7518678,POINT (-80.2141857 25.7518678)
996,,-80.2141845,25.7516927,POINT (-80.2141845 25.7516927)
997,,-80.2141866,25.7513537,POINT (-80.2141866 25.7513537)
998,,-80.2144425,25.7511763,POINT (-80.2144425 25.7511763)
999,,-80.1964565,25.8308573,POINT (-80.1964565 25.8308573)
1000,,-80.21264,25.74588,POINT (-80.21264 25.74588)
1001,,-80.216792,25.743002,POINT (-80.216792 25.743002)
1002,,-80.2100488,25.7476313,POINT (-80.2100488 25.7476313)
1003,,-80.254922,25.782697,POINT (-80.254922 25.782697)
1004,,-80.2620208,25.7716792,POINT (-80.2620208 25.7716792)
1005,,-80.2615883,25.7716862,POINT (-80.2615883 25.7716862)
1006,,-80.258625,25.782587,POINT (-80.258625 25.782587)
1007,,-80.2558063,25.7833912,POINT (-80.2558063 25.7833912)
1008,,-80.1955208,25.8150779,POINT (-80.1955208 25.8150779)
1009,,-80.1955369,25.8154943,POINT (-80.1955369 25.8154943)
1010,,-80.195502,25.814811,POINT (-80.195502 25.814811)
1011,,-80.199595,25.814968,POINT (-80.199595 25.814968)
1012,,-80.1996174,25.815512,POINT (-80.1996174 25.815512)
1013,,-80.199588,25.814786,POINT (-80.199588 25.814786)
1014,,-80.1995583,25.8140363,POINT (-80.1995583 25.8140363)
1015,,-80.201636,25.814716,POINT (-80.201636 25.814716)
1016,,-80.2016623,25.8154591,POINT (-80.2016623 25.8154591)
1017,,-80.2015978,25.8139789,POINT (-80.2015978 25.8139789)
1018,,-80.198352,25.790399,POINT (-80.198352 25.790399)
1019,,-80.198395,25.791524,POINT (-80.198395 25.791524)
1020,,-80.2151628,25.7904469,POINT (-80.2151628 25.7904469)
1021,,-80.2151512,25.7893748,POINT (-80.2151512 25.7893748)
1022,,-80.219051,25.7911814,POINT (-80.219051 25.7911814)
1023,,-80.2191127,25.7939449,POINT (-80.2191127 25.7939449)
1024,,-80.1946926,25.7905169,POINT (-80.1946926 25.7905169)
1025,,-80.2396247,25.7902899,POINT (-80.2396247 25.7902899)
1026,,-80.2396462,25.7908984,POINT (-80.2396462 25.7908984)
1027,,-80.199994,25.790245,POINT (-80.199994 25.790245)
1028,,-80.200004,25.790957,POINT (-80.200004 25.790957)
1029,,-80.1999911,25.7895168,POINT (-80.1999911 25.7895168)
1030,,-80.2190324,25.7902402,POINT (-80.2190324 25.7902402)
1031,,-80.2190443,25.7908233,POINT (-80.2190443 25.7908233)
1032,,-80.2564953,25.8085995,POINT (-80.2564953 25.8085995)
1033,,-80.2575122,25.8085634,POINT (-80.2575122 25.8085634)
1034,,-80.1897797,25.8499368,POINT (-80.1897797 25.8499368)
1035,,-80.19196,25.849861,POINT (-80.19196 25.849861)
1036,,-80.1932084,25.7847598,POINT (-80.1932084 25.7847598)
1037,,-80.193973,25.784739,POINT (-80.193973 25.784739)
1038,,-80.192336,25.78538,POINT (-80.192336 25.78538)
1039,,-80.1891843,25.7848703,POINT (-80.1891843 25.7848703)
1040,,-80.2544622,25.8086609,POINT (-80.2544622 25.8086609)
1041,,-80.2513838,25.7719076,POINT (-80.2513838 25.7719076)
1042,,-80.2498327,25.7719521,POINT (-80.2498327 25.7719521)
1043,,-80.251068,25.7648078,POINT (-80.251068 25.7648078)
1044,,-80.252091,25.7647777,POINT (-80.252091 25.7647777)
1045,,-80.2497116,25.7648606,POINT (-80.2497116 25.7648606)
1046,,-80.1856549,25.8291505,POINT (-80.1856549 25.8291505)
1047,,-80.1856101,25.8292224,POINT (-80.1856101 25.8292224)
1048,,-80.1860885,25.828452,POINT (-80.1860885 25.828452)
1049,,-80.1962438,25.8284316,POINT (-80.1962438 25.8284316)
1050,,-80.1962592,25.8287229,POINT (-80.1962592 25.8287229)
1051,,-80.1962132,25.8278743,POINT (-80.1962132 25.8278743)
1052,,-80.203204,25.7589303,POINT (-80.203204 25.7589303)
1053,,-80.2040241,25.7583662,POINT (-80.2040241 25.7583662)
1054,,-80.2073088,25.7630838,POINT (-80.2073088 25.7630838)
1055,,-80.1846603,25.8486814,POINT (-80.1846603 25.8486814)
1056,,-80.1846893,25.8494103,POINT (-80.1846893 25.8494103)
1057,,-80.19977,25.7548438,POINT (-80.19977 25.7548438)
1058,,-80.2005939,25.7542782,POINT (-80.2005939 25.7542782)
1059,,-80.200582,25.837604,POINT (-80.200582 25.837604)
1060,,-80.2006032,25.8380143,POINT (-80.2006032 25.8380143)
1061,,-80.1846302,25.8478482,POINT (-80.1846302 25.8478482)
1062,,-80.200551,25.837012,POINT (-80.200551 25.837012)
1063,,-80.1875913,25.8500452,POINT (-80.1875913 25.8500452)
1064,,-80.1843726,25.8412303,POINT (-80.1843726 25.8412303)
1065,,-80.1893919,25.8053611,POINT (-80.1893919 25.8053611)
1066,,-80.1894295,25.8064529,POINT (-80.1894295 25.8064529)
1067,,-80.1893542,25.8042628,POINT (-80.1893542 25.8042628)
1068,,-80.2078987,25.8182725,POINT (-80.2078987 25.8182725)
1069,,-80.2079269,25.8190092,POINT (-80.2079269 25.8190092)
1070,,-80.2078685,25.8175311,POINT (-80.2078685 25.8175311)
1071,,-80.1764691,25.8489021,POINT (-80.1764691 25.8489021)
1072,,-80.176497,25.8496156,POINT (-80.176497 25.8496156)
1073,,-80.1764268,25.8480646,POINT (-80.1764268 25.8480646)
1074,,-80.201769,25.818626,POINT (-80.201769 25.818626)
1075,,-80.201814,25.819538,POINT (-80.201814 25.819538)
1076,,-80.2017477,25.8176941,POINT (-80.2017477 25.8176941)
1077,,-80.199748,25.818682,POINT (-80.199748 25.818682)
1078,,-80.199765,25.8191346,POINT (-80.199765 25.8191346)
1079,,-80.1743017,25.848962,POINT (-80.1743017 25.848962)
1080,,-80.1745509,25.8496538,POINT (-80.1745509 25.8496538)
1081,,-80.1997389,25.818449,POINT (-80.1997389 25.818449)
1082,,-80.1956721,25.8185558,POINT (-80.1956721 25.8185558)
1083,,-80.1997051,25.8177551,POINT (-80.1997051 25.8177551)
1084,,-80.1919552,25.7616709,POINT (-80.1919552 25.7616709)
1085,,-80.1917999,25.761686,POINT (-80.1917999 25.761686)
1086,,-80.1922911,25.7603674,POINT (-80.1922911 25.7603674)
1087,,-80.193274,25.7616043,POINT (-80.193274 25.7616043)
1088,,-80.2029251,25.7796572,POINT (-80.2029251 25.7796572)
1089,,-80.219954,25.8127607,POINT (-80.219954 25.8127607)
1090,,-80.2202755,25.8127526,POINT (-80.2202755 25.8127526)
1091,,-80.2013277,25.7816329,POINT (-80.2013277 25.7816329)
1092,,-80.2030697,25.7835138,POINT (-80.2030697 25.7835138)
1093,,-80.199735,25.783609,POINT (-80.199735 25.783609)
1094,,-80.2046264,25.8379156,POINT (-80.2046264 25.8379156)
1095,,-80.2047393,25.8379108,POINT (-80.2047393 25.8379108)
1096,,-80.2047929,25.8397839,POINT (-80.2047929 25.8397839)
1097,,-80.20529,25.839774,POINT (-80.20529 25.839774)
1098,,-80.2042711,25.8397956,POINT (-80.2042711 25.8397956)
1099,,-80.203213,25.791636,POINT (-80.203213 25.791636)
1100,,-80.201685,25.79165,POINT (-80.201685 25.79165)
1101,,-80.204043,25.791611,POINT (-80.204043 25.791611)
1102,,-80.2054809,25.8471683,POINT (-80.2054809 25.8471683)
1103,,-80.2051221,25.8471787,POINT (-80.2051221 25.8471787)
1104,,-80.2061386,25.8471462,POINT (-80.2061386 25.8471462)
1105,,-80.2045542,25.8471962,POINT (-80.2045542 25.8471962)
1106,,-80.2031933,25.8037174,POINT (-80.2031933 25.8037174)
1107,,-80.2034014,25.806492,POINT (-80.2034014 25.806492)
1108,,-80.2033381,25.8046468,POINT (-80.2033381 25.8046468)
1109,,-80.2034772,25.8101954,POINT (-80.2034772 25.8101954)
1110,,-80.2040473,25.8101856,POINT (-80.2040473 25.8101856)
1111,,-80.2014418,25.8102576,POINT (-80.2014418 25.8102576)
1112,,-80.1845533,25.8457976,POINT (-80.1845533 25.8457976)
1113,,-80.1846031,25.8471058,POINT (-80.1846031 25.8471058)
1114,,-80.1845217,25.8449527,POINT (-80.1845217 25.8449527)
1115,,-80.239777,25.735481,POINT (-80.239777 25.735481)
1116,,-80.238706,25.735503,POINT (-80.238706 25.735503)
1117,,-80.2417688,25.7354331,POINT (-80.2417688 25.7354331)
1118,,-80.239512,25.730029,POINT (-80.239512 25.730029)
1119,,-80.2393594,25.7301399,POINT (-80.2393594 25.7301399)
1120,,-80.239481,25.729136,POINT (-80.239481 25.729136)
1121,,-80.2394248,25.72824,POINT (-80.2394248 25.72824)
1122,,-80.2387832,25.7276685,POINT (-80.2387832 25.7276685)
1123,,-80.2413304,25.7281566,POINT (-80.2413304 25.7281566)
1124,,-80.25409,25.7370302,POINT (-80.25409 25.7370302)
1125,,-80.2540862,25.7369329,POINT (-80.2540862 25.7369329)
1126,,-80.2541566,25.7387824,POINT (-80.2541566 25.7387824)
1127,,-80.252968,25.714284,POINT (-80.252968 25.714284)
1128,,-80.253993,25.712953,POINT (-80.253993 25.712953)
1129,,-80.253018,25.715173,POINT (-80.253018 25.715173)
1130,,-80.2528844,25.7126222,POINT (-80.2528844 25.7126222)
1131,,-80.254817,25.71185,POINT (-80.254817 25.71185)
1132,,-80.2563653,25.7098694,POINT (-80.2563653 25.7098694)
1133,,-80.256832,25.7092427,POINT (-80.256832 25.7092427)
1134,,-80.256553,25.709623,POINT (-80.256553 25.709623)
1135,,-80.2879437,25.7657605,POINT (-80.2879437 25.7657605)
1136,,-80.2879602,25.7662758,POINT (-80.2879602 25.7662758)
1137,,-80.2634768,25.7666087,POINT (-80.2634768 25.7666087)
1138,,-80.2633503,25.7667769,POINT (-80.2633503 25.7667769)
1139,,-80.3040249,25.7660624,POINT (-80.3040249 25.7660624)
1140,,-80.3074656,25.7659448,POINT (-80.3074656 25.7659448)
1141,,-80.184855,25.8536152,POINT (-80.184855 25.8536152)
1142,,-80.184816,25.852582,POINT (-80.184816 25.852582)
1143,,-80.222655,25.769801,POINT (-80.222655 25.769801)
1144,,-80.2226546,25.7693897,POINT (-80.2226546 25.7693897)
1145,,-80.2226188,25.7703575,POINT (-80.2226188 25.7703575)
1146,,-80.222659,25.769185,POINT (-80.222659 25.769185)
1147,,-80.2462431,25.7456104,POINT (-80.2462431 25.7456104)
1148,,-80.246235,25.745461,POINT (-80.246235 25.745461)
1149,,-80.2246175,25.7664804,POINT (-80.2246175 25.7664804)
1150,,-80.2225139,25.7656244,POINT (-80.2225139 25.7656244)
1151,,-80.2210696,25.7656687,POINT (-80.2210696 25.7656687)
1152,,-80.2224355,25.7632497,POINT (-80.2224355 25.7632497)
1153,,-80.2224105,25.7624532,POINT (-80.2224105 25.7624532)
1154,,-80.24627,25.746409,POINT (-80.24627 25.746409)
1155,,-80.2223886,25.7608859,POINT (-80.2223886 25.7608859)
1156,,-80.2223643,25.7600853,POINT (-80.2223643 25.7600853)
1157,,-80.222412,25.7616695,POINT (-80.222412 25.7616695)
1158,,-80.2223464,25.7596475,POINT (-80.2223464 25.7596475)
1159,,-80.2221767,25.7554815,POINT (-80.2221767 25.7554815)
1160,,-80.2221344,25.7545582,POINT (-80.2221344 25.7545582)
1161,,-80.2220089,25.7516091,POINT (-80.2220089 25.7516091)
1162,,-80.246206,25.744811,POINT (-80.246206 25.744811)
1163,,-80.2219767,25.7509325,POINT (-80.2219767 25.7509325)
1164,,-80.2219748,25.7508171,POINT (-80.2219748 25.7508171)
1165,,-80.22194,25.750022,POINT (-80.22194 25.750022)
1166,,-80.2209634,25.7508414,POINT (-80.2209634 25.7508414)
1167,,-80.2219088,25.7492439,POINT (-80.2219088 25.7492439)
1168,,-80.221766,25.7458736,POINT (-80.221766 25.7458736)
1169,,-80.2217612,25.7457413,POINT (-80.2217612 25.7457413)
1170,,-80.225802,25.7444031,POINT (-80.225802 25.7444031)
1171,,-80.2217364,25.7449397,POINT (-80.2217364 25.7449397)
1172,,-80.221724,25.744233,POINT (-80.221724 25.744233)
1173,,-80.221659,25.743028,POINT (-80.221659 25.743028)
1174,,-80.221573,25.741222,POINT (-80.221573 25.741222)
1175,,-80.221491,25.739931,POINT (-80.221491 25.739931)
1176,,-80.2464443,25.7509121,POINT (-80.2464443 25.7509121)
1177,,-80.2086385,25.8352627,POINT (-80.2086385 25.8352627)
1178,,-80.2086285,25.8350558,POINT (-80.2086285 25.8350558)
1179,,-80.2086749,25.8359915,POINT (-80.2086749 25.8359915)
1180,,-80.1916995,25.8210771,POINT (-80.1916995 25.8210771)
1181,,-80.242087,25.785412,POINT (-80.242087 25.785412)
1182,,-80.2421261,25.7867967,POINT (-80.2421261 25.7867967)
1183,,-80.242068,25.784167,POINT (-80.242068 25.784167)
1184,,-80.1848825,25.854343,POINT (-80.1848825 25.854343)
1185,,-80.241901,25.790506,POINT (-80.241901 25.790506)
1186,,-80.2415511,25.7905251,POINT (-80.2415511 25.7905251)
1187,,-80.2426448,25.7904923,POINT (-80.2426448 25.7904923)
1188,,-80.242055,25.7839742,POINT (-80.242055 25.7839742)
1189,,-80.242268,25.8090455,POINT (-80.242268 25.8090455)
1190,,-80.2443037,25.80897,POINT (-80.2443037 25.80897)
1191,,-80.2403117,25.8090951,POINT (-80.2403117 25.8090951)
1192,,-80.1996335,25.8158999,POINT (-80.1996335 25.8158999)
1193,,-80.2016854,25.8161887,POINT (-80.2016854 25.8161887)
1194,,-80.2077496,25.8152646,POINT (-80.2077496 25.8152646)
1195,,-80.2075373,25.8100657,POINT (-80.2075373 25.8100657)
1196,,-80.2961632,25.770609,POINT (-80.2961632 25.770609)
1197,,-80.2961651,25.770692,POINT (-80.2961651 25.770692)
1198,,-80.2077791,25.815481,POINT (-80.2077791 25.815481)
1199,,-80.2952517,25.7706252,POINT (-80.2952517 25.7706252)
1200,,-80.2960862,25.7688128,POINT (-80.2960862 25.7688128)
1201,,-80.2962437,25.7727388,POINT (-80.2962437 25.7727388)
1202,,-80.296293,25.7741817,POINT (-80.296293 25.7741817)
1203,,-80.226986,25.739507,POINT (-80.226986 25.739507)
1204,,-80.225618,25.74021,POINT (-80.225618 25.74021)
1205,,-80.228167,25.738905,POINT (-80.228167 25.738905)
1206,,-80.2962935,25.7724772,POINT (-80.2962935 25.7724772)
1207,,-80.1957884,25.8215792,POINT (-80.1957884 25.8215792)
1208,,-80.1958001,25.8219989,POINT (-80.1958001 25.8219989)
1209,,-80.1957784,25.8213576,POINT (-80.1957784 25.8213576)
1210,,-80.199861,25.8214646,POINT (-80.199861 25.8214646)
1211,,-80.1998957,25.8223915,POINT (-80.1998957 25.8223915)
1212,,-80.1998294,25.8207348,POINT (-80.1998294 25.8207348)
1213,,-80.2963597,25.775937,POINT (-80.2963597 25.775937)
1214,,-80.20189,25.821411,POINT (-80.20189 25.821411)
1215,,-80.201924,25.822331,POINT (-80.201924 25.822331)
1216,,-80.201851,25.820489,POINT (-80.201851 25.820489)
1217,,-80.2080147,25.8212298,POINT (-80.2080147 25.8212298)
1218,,-80.2080503,25.8221673,POINT (-80.2080503 25.8221673)
1219,,-80.2079862,25.8204882,POINT (-80.2079862 25.8204882)
1220,,-80.1884477,25.810712,POINT (-80.1884477 25.810712)
1221,,-80.2261726,25.7727022,POINT (-80.2261726 25.7727022)
1222,,-80.22688,25.7726848,POINT (-80.22688 25.7726848)
1223,,-80.1967062,25.843745,POINT (-80.1967062 25.843745)
1224,,-80.2964309,25.7766605,POINT (-80.2964309 25.7766605)
1225,,-80.288052,25.768999,POINT (-80.288052 25.768999)
1226,,-80.288035,25.768543,POINT (-80.288035 25.768543)
1227,,-80.288004,25.767787,POINT (-80.288004 25.767787)
1228,,-80.2880007,25.7676909,POINT (-80.2880007 25.7676909)
1229,,-80.2879662,25.7664642,POINT (-80.2879662 25.7664642)
1230,,-80.2879763,25.7669905,POINT (-80.2879763 25.7669905)
1231,,-80.2959744,25.7770512,POINT (-80.2959744 25.7770512)
1232,,-80.297364,25.776174,POINT (-80.297364 25.776174)
1233,,-80.1958211,25.8225044,POINT (-80.1958211 25.8225044)
1234,,-80.1871774,25.8221868,POINT (-80.1871774 25.8221868)
1235,,-80.1871723,25.8222088,POINT (-80.1871723 25.8222088)
1236,,-80.2343231,25.7691646,POINT (-80.2343231 25.7691646)
1237,,-80.2342083,25.7692704,POINT (-80.2342083 25.7692704)
1238,,-80.1847149,25.8501472,POINT (-80.1847149 25.8501472)
1239,,-80.176039,25.8503693,POINT (-80.176039 25.8503693)
1240,,-80.1814242,25.8106821,POINT (-80.1814242 25.8106821)
1241,,-80.2349646,25.7685094,POINT (-80.2349646 25.7685094)
1242,,-80.2207539,25.8319153,POINT (-80.2207539 25.8319153)
1243,,-80.221499,25.8318974,POINT (-80.221499 25.8318974)
1244,,-80.2180078,25.7734018,POINT (-80.2180078 25.7734018)
1245,,-80.2196787,25.7733496,POINT (-80.2196787 25.7733496)
1246,,-80.2356505,25.7677808,POINT (-80.2356505 25.7677808)
1247,,-80.2189353,25.7882277,POINT (-80.2189353 25.7882277)
1248,,-80.2190038,25.7889399,POINT (-80.2190038 25.7889399)
1249,,-80.2190142,25.7893651,POINT (-80.2190142 25.7893651)
1250,,-80.2192093,25.7948788,POINT (-80.2192093 25.7948788)
1251,,-80.2171239,25.7949387,POINT (-80.2171239 25.7949387)
1252,,-80.221253,25.79482,POINT (-80.221253 25.79482)
1253,,-80.2192219,25.7939428,POINT (-80.2192219 25.7939428)
1254,,-80.2193598,25.7985766,POINT (-80.2193598 25.7985766)
1255,,-80.219346,25.798978,POINT (-80.219346 25.798978)
1256,,-80.219387,25.799506,POINT (-80.219387 25.799506)
1257,,-80.219405,25.799794,POINT (-80.219405 25.799794)
1258,,-80.2194364,25.8004237,POINT (-80.2194364 25.8004237)
1259,,-80.2194762,25.8013443,POINT (-80.2194762 25.8013443)
1260,,-80.2194835,25.8014858,POINT (-80.2194835 25.8014858)
1261,,-80.2194457,25.8006389,POINT (-80.2194457 25.8006389)
1262,,-80.2195142,25.8022619,POINT (-80.2195142 25.8022619)
1263,,-80.221528,25.802204,POINT (-80.221528 25.802204)
1264,,-80.217392,25.802336,POINT (-80.217392 25.802336)
1265,,-80.2195551,25.8032547,POINT (-80.2195551 25.8032547)
1266,,-80.2195757,25.8039222,POINT (-80.2195757 25.8039222)
1267,,-80.2196031,25.8045776,POINT (-80.2196031 25.8045776)
1268,,-80.219678,25.80639,POINT (-80.219678 25.80639)
1269,,-80.219711,25.807034,POINT (-80.219711 25.807034)
1270,,-80.219655,25.8055745,POINT (-80.219655 25.8055745)
1271,,-80.221864,25.8096094,POINT (-80.221864 25.8096094)
1272,,-80.2188025,25.809708,POINT (-80.2188025 25.809708)
1273,,-80.1734061,25.783041,POINT (-80.1734061 25.783041)
1274,,-80.1732581,25.7827029,POINT (-80.1732581 25.7827029)
1275,,-80.2372182,25.7661281,POINT (-80.2372182 25.7661281)
1276,,-80.2637277,25.771731,POINT (-80.2637277 25.771731)
1277,,-80.2368362,25.7661476,POINT (-80.2368362 25.7661476)
1278,,-80.194703,25.7750771,POINT (-80.194703 25.7750771)
1279,,-80.1935973,25.7741566,POINT (-80.1935973 25.7741566)
1280,,-80.1952026,25.7750603,POINT (-80.1952026 25.7750603)
1281,,-80.1984524,25.7749588,POINT (-80.1984524 25.7749588)
1282,,-80.1977111,25.7740256,POINT (-80.1977111 25.7740256)
1283,,-80.1986849,25.7749414,POINT (-80.1986849 25.7749414)
1284,,-80.1989232,25.7748768,POINT (-80.1989232 25.7748768)
1285,,-80.1990092,25.7751614,POINT (-80.1990092 25.7751614)
1286,,-80.2001524,25.7747747,POINT (-80.2001524 25.7747747)
1287,,-80.2004961,25.774279,POINT (-80.2004961 25.774279)
1288,,-80.2003341,25.7748267,POINT (-80.2003341 25.7748267)
1289,,-80.2387806,25.7660893,POINT (-80.2387806 25.7660893)
1290,,-80.1928101,25.8328003,POINT (-80.1928101 25.8328003)
1291,,-80.1932738,25.8327901,POINT (-80.1932738 25.8327901)
1292,,-80.2108442,25.7536779,POINT (-80.2108442 25.7536779)
1293,,-80.2116925,25.7530904,POINT (-80.2116925 25.7530904)
1294,,-80.237849,25.7654481,POINT (-80.237849 25.7654481)
1295,,-80.1730956,25.7830322,POINT (-80.1730956 25.7830322)
1296,,-80.238153,25.7651955,POINT (-80.238153 25.7651955)
1297,,-80.2380286,25.7651975,POINT (-80.2380286 25.7651975)
1298,,-80.2381572,25.7494943,POINT (-80.2381572 25.7494943)
1299,,-80.238184,25.7502775,POINT (-80.238184 25.7502775)
1300,,-80.2463757,25.7491915,POINT (-80.2463757 25.7491915)
1301,,-80.2464128,25.7500533,POINT (-80.2464128 25.7500533)
1302,,-80.246339,25.748258,POINT (-80.246339 25.748258)
1303,,-80.2154641,25.7503154,POINT (-80.2154641 25.7503154)
1304,,-80.2153206,25.7504147,POINT (-80.2153206 25.7504147)
1305,,-80.2158891,25.750178,POINT (-80.2158891 25.750178)
1306,,-80.2160959,25.7500356,POINT (-80.2160959 25.7500356)
1307,,-80.198319,25.7892681,POINT (-80.198319 25.7892681)
1308,,-80.2069404,25.7894761,POINT (-80.2069404 25.7894761)
1309,,-80.2069208,25.787867,POINT (-80.2069208 25.787867)
1310,,-80.2069434,25.7896878,POINT (-80.2069434 25.7896878)
1311,,-80.1999726,25.7887991,POINT (-80.1999726 25.7887991)
1312,,-80.3075543,25.7680645,POINT (-80.3075543 25.7680645)
1313,,-80.3075214,25.7673775,POINT (-80.3075214 25.7673775)
1314,,-80.263622,25.769508,POINT (-80.263622 25.769508)
1315,,-80.2635892,25.7687885,POINT (-80.2635892 25.7687885)
1316,,-80.2281468,25.765482,POINT (-80.2281468 25.765482)
1317,,-80.2266177,25.7655245,POINT (-80.2266177 25.7655245)
1318,,-80.17406,25.7836187,POINT (-80.17406 25.7836187)
1319,,-80.2280632,25.7726506,POINT (-80.2280632 25.7726506)
1320,,-80.2290047,25.7726247,POINT (-80.2290047 25.7726247)
1321,,-80.194685,25.812676,POINT (-80.194685 25.812676)
1322,,-80.1954187,25.8126563,POINT (-80.1954187 25.8126563)
1323,,-80.1891061,25.8133618,POINT (-80.1891061 25.8133618)
1324,,-80.1882241,25.8167719,POINT (-80.1882241 25.8167719)
1325,,-80.299351,25.775292,POINT (-80.299351 25.775292)
1326,,-80.300361,25.774884,POINT (-80.300361 25.774884)
1327,,-80.298319,25.77575,POINT (-80.298319 25.77575)
1328,,-80.240188,25.8100315,POINT (-80.240188 25.8100315)
1329,,-80.2402161,25.8109427,POINT (-80.2402161 25.8109427)
1330,,-80.248393,25.8095943,POINT (-80.248393 25.8095943)
1331,,-80.2483662,25.808845,POINT (-80.2483662 25.808845)
1332,,-80.253396,25.723513,POINT (-80.253396 25.723513)
1333,,-80.253368,25.722985,POINT (-80.253368 25.722985)
1334,,-80.253438,25.724446,POINT (-80.253438 25.724446)
1335,,-80.1990263,25.798916,POINT (-80.1990263 25.798916)
1336,,-80.1990308,25.7991351,POINT (-80.1990308 25.7991351)
1337,,-80.1989881,25.798008,POINT (-80.1989881 25.798008)
1338,,-80.2534886,25.7255245,POINT (-80.2534886 25.7255245)
1339,,-80.2534717,25.7252404,POINT (-80.2534717 25.7252404)
1340,,-80.253522,25.726208,POINT (-80.253522 25.726208)
1341,,-80.2957431,25.7773173,POINT (-80.2957431 25.7773173)
1342,,-80.2955263,25.7774498,POINT (-80.2955263 25.7774498)
1343,,-80.297892,25.775933,POINT (-80.297892 25.775933)
1344,,-80.1781465,25.786909,POINT (-80.1781465 25.786909)
1345,,-80.301358,25.774408,POINT (-80.301358 25.774408)
1346,,-80.301879,25.774165,POINT (-80.301879 25.774165)
1347,,-80.303314,25.7735455,POINT (-80.303314 25.7735455)
1348,,-80.302331,25.773984,POINT (-80.302331 25.773984)
1349,,-80.305159,25.772812,POINT (-80.305159 25.772812)
1350,,-80.305992,25.772518,POINT (-80.305992 25.772518)
1351,,-80.306846,25.772148,POINT (-80.306846 25.772148)
1352,,-80.3076435,25.7704023,POINT (-80.3076435 25.7704023)
1353,,-80.3122249,25.7691965,POINT (-80.3122249 25.7691965)
1354,,-80.195098,25.803244,POINT (-80.195098 25.803244)
1355,,-80.199171,25.8029171,POINT (-80.199171 25.8029171)
1356,,-80.1991519,25.802547,POINT (-80.1991519 25.802547)
1357,,-80.199189,25.8038529,POINT (-80.199189 25.8038529)
1358,,-80.2158144,25.8106558,POINT (-80.2158144 25.8106558)
1359,,-80.2157755,25.8098092,POINT (-80.2157755 25.8098092)
1360,,-80.2072689,25.8026211,POINT (-80.2072689 25.8026211)
1361,,-80.2072481,25.8018529,POINT (-80.2072481 25.8018529)
1362,,-80.2093119,25.8025617,POINT (-80.2093119 25.8025617)
1363,,-80.2133099,25.802458,POINT (-80.2133099 25.802458)
1364,,-80.2153712,25.8023757,POINT (-80.2153712 25.8023757)
1365,,-80.2235758,25.8021567,POINT (-80.2235758 25.8021567)
1366,,-80.225623,25.802092,POINT (-80.225623 25.802092)
1367,,-80.227664,25.80202,POINT (-80.227664 25.80202)
1368,,-80.2297146,25.8019764,POINT (-80.2297146 25.8019764)
1369,,-80.2327777,25.801882,POINT (-80.2327777 25.801882)
1370,,-80.2317667,25.8019165,POINT (-80.2317667 25.8019165)
1371,,-80.2399265,25.8026111,POINT (-80.2399265 25.8026111)
1372,,-80.2703603,25.771456,POINT (-80.2703603 25.771456)
1373,,-80.269706,25.771467,POINT (-80.269706 25.771467)
1374,,-80.2273887,25.7946432,POINT (-80.2273887 25.7946432)
1375,,-80.2282317,25.7946215,POINT (-80.2282317 25.7946215)
1376,,-80.225342,25.7947011,POINT (-80.225342 25.7947011)
1377,,-80.227972,25.8094588,POINT (-80.227972 25.8094588)
1378,,-80.2259284,25.8094918,POINT (-80.2259284 25.8094918)
1379,,-80.2289814,25.8094365,POINT (-80.2289814 25.8094365)
1380,,-80.247805,25.7721087,POINT (-80.247805 25.7721087)
1381,,-80.2472011,25.7720375,POINT (-80.2472011 25.7720375)
1382,,-80.247574,25.769406,POINT (-80.247574 25.769406)
1383,,-80.24754,25.7684759,POINT (-80.24754 25.7684759)
1384,,-80.2474934,25.7676097,POINT (-80.2474934 25.7676097)
1385,,-80.2471295,25.7674012,POINT (-80.2471295 25.7674012)
1386,,-80.2470784,25.7667168,POINT (-80.2470784 25.7667168)
1387,,-80.247041,25.765804,POINT (-80.247041 25.765804)
1388,,-80.2470022,25.7649394,POINT (-80.2470022 25.7649394)
1389,,-80.2469156,25.7619019,POINT (-80.2469156 25.7619019)
1390,,-80.2456523,25.7649712,POINT (-80.2456523 25.7649712)
1391,,-80.2494609,25.7648673,POINT (-80.2494609 25.7648673)
1392,,-80.2468917,25.7612199,POINT (-80.2468917 25.7612199)
1393,,-80.2468607,25.7602883,POINT (-80.2468607 25.7602883)
1394,,-80.246844,25.759364,POINT (-80.246844 25.759364)
1395,,-80.246784,25.7575116,POINT (-80.246784 25.7575116)
1396,,-80.24658,25.753775,POINT (-80.24658 25.753775)
1397,,-80.2464188,25.7501762,POINT (-80.2464188 25.7501762)
1398,,-80.2479439,25.7501313,POINT (-80.2479439 25.7501313)
1399,,-80.246177,25.7440232,POINT (-80.246177 25.7440232)
1400,,-80.1757491,25.7845285,POINT (-80.1757491 25.7845285)
1401,,-80.1764363,25.7856642,POINT (-80.1764363 25.7856642)
1402,,-80.2461605,25.7436307,POINT (-80.2461605 25.7436307)
1403,,-80.2461481,25.7432208,POINT (-80.2461481 25.7432208)
1404,,-80.2460843,25.7417504,POINT (-80.2460843 25.7417504)
1405,,-80.2460183,25.7396399,POINT (-80.2460183 25.7396399)
1406,,-80.2460604,25.7407212,POINT (-80.2460604 25.7407212)
1407,,-80.245996,25.7390035,POINT (-80.245996 25.7390035)
1408,,-80.245926,25.737385,POINT (-80.245926 25.737385)
1409,,-80.2459237,25.7370534,POINT (-80.2459237 25.7370534)
1410,,-80.2068461,25.7856416,POINT (-80.2068461 25.7856416)
1411,,-80.2068764,25.7865979,POINT (-80.2068764 25.7865979)
1412,,-80.2068027,25.7843615,POINT (-80.2068027 25.7843615)
1413,,-80.197905,25.785946,POINT (-80.197905 25.785946)
1414,,-80.1979276,25.7868762,POINT (-80.1979276 25.7868762)
1415,,-80.1980061,25.7850045,POINT (-80.1980061 25.7850045)
1416,,-80.1998302,25.7858838,POINT (-80.1998302 25.7858838)
1417,,-80.1998728,25.7868188,POINT (-80.1998728 25.7868188)
1418,,-80.1997893,25.7849583,POINT (-80.1997893 25.7849583)
1419,,-80.2174366,25.7854372,POINT (-80.2174366 25.7854372)
1420,,-80.216145,25.785485,POINT (-80.216145 25.785485)
1421,,-80.2239212,25.8102406,POINT (-80.2239212 25.8102406)
1422,,-80.223954,25.810953,POINT (-80.223954 25.810953)
1423,,-80.2238821,25.8095453,POINT (-80.2238821 25.8095453)
1424,,-80.1953651,25.8112525,POINT (-80.1953651 25.8112525)
1425,,-80.2083765,25.8297405,POINT (-80.2083765 25.8297405)
1426,,-80.2083234,25.8286132,POINT (-80.2083234 25.8286132)
1427,,-80.2002108,25.8295447,POINT (-80.2002108 25.8295447)
1428,,-80.2002076,25.8294585,POINT (-80.2002076 25.8294585)
1429,,-80.200241,25.8303119,POINT (-80.200241 25.8303119)
1430,,-80.1991259,25.767207,POINT (-80.1991259 25.767207)
1431,,-80.1990954,25.766246,POINT (-80.1990954 25.766246)
1432,,-80.1992324,25.7614406,POINT (-80.1992324 25.7614406)
1433,,-80.199681,25.7613628,POINT (-80.199681 25.7613628)
1434,,-80.1990098,25.7614491,POINT (-80.1990098 25.7614491)
1435,,-80.2011038,25.7603841,POINT (-80.2011038 25.7603841)
1436,,-80.2015704,25.7600649,POINT (-80.2015704 25.7600649)
1437,,-80.2048465,25.757796,POINT (-80.2048465 25.757796)
1438,,-80.2056502,25.7572529,POINT (-80.2056502 25.7572529)
1439,,-80.2072819,25.7561228,POINT (-80.2072819 25.7561228)
1440,,-80.2073697,25.7560623,POINT (-80.2073697 25.7560623)
1441,,-80.2144274,25.7510317,POINT (-80.2144274 25.7510317)
1442,,-80.2142796,25.7511178,POINT (-80.2142796 25.7511178)
1443,,-80.2192688,25.7478619,POINT (-80.2192688 25.7478619)
1444,,-80.2196393,25.7474473,POINT (-80.2196393 25.7474473)
1445,,-80.1922517,25.7828735,POINT (-80.1922517 25.7828735)
1446,,-80.1922845,25.7838324,POINT (-80.1922845 25.7838324)
1447,,-80.1892861,25.7829694,POINT (-80.1892861 25.7829694)
1448,,-80.1892813,25.7840028,POINT (-80.1892813 25.7840028)
1449,,-80.186229,25.833309,POINT (-80.186229 25.833309)
1450,,-80.1875037,25.8332456,POINT (-80.1875037 25.8332456)
1451,,-80.1840801,25.8333244,POINT (-80.1840801 25.8333244)
1452,,-80.1840431,25.8326581,POINT (-80.1840431 25.8326581)
1453,,-80.1841036,25.8339834,POINT (-80.1841036 25.8339834)
1454,,-80.1954987,25.8326064,POINT (-80.1954987 25.8326064)
1455,,-80.1952427,25.8326145,POINT (-80.1952427 25.8326145)
1456,,-80.194236,25.8327623,POINT (-80.194236 25.8327623)
1457,,-80.195245,25.8327302,POINT (-80.195245 25.8327302)
1458,,-80.19386,25.825335,POINT (-80.19386 25.825335)
1459,,-80.1931493,25.8105244,POINT (-80.1931493 25.8105244)
1460,,-80.1937372,25.8105018,POINT (-80.1937372 25.8105018)
1461,,-80.1922425,25.8105443,POINT (-80.1922425 25.8105443)
1462,,-80.195201,25.8437843,POINT (-80.195201 25.8437843)
1463,,-80.194325,25.843811,POINT (-80.194325 25.843811)
1464,,-80.201477,25.811,POINT (-80.201477 25.811)
1465,,-80.2015334,25.8124637,POINT (-80.2015334 25.8124637)
1466,,-80.1957417,25.8437689,POINT (-80.1957417 25.8437689)
1467,,-80.1953434,25.8474881,POINT (-80.1953434 25.8474881)
1468,,-80.1963603,25.8475159,POINT (-80.1963603 25.8475159)
1469,,-80.1954196,25.8497291,POINT (-80.1954196 25.8497291)
1470,,-80.1964526,25.8497032,POINT (-80.1964526 25.8497032)
1471,,-80.1920392,25.7770951,POINT (-80.1920392 25.7770951)
1472,,-80.1921109,25.7790285,POINT (-80.1921109 25.7790285)
1473,,-80.1938106,25.7799311,POINT (-80.1938106 25.7799311)
1474,,-80.1922159,25.7819057,POINT (-80.1922159 25.7819057)
1475,,-80.1923476,25.7858138,POINT (-80.1923476 25.7858138)
1476,,-80.1923655,25.7917114,POINT (-80.1923655 25.7917114)
1477,,-80.2361941,25.7503564,POINT (-80.2361941 25.7503564)
1478,,-80.2341865,25.7504119,POINT (-80.2341865 25.7504119)
1479,,-80.2368051,25.7652393,POINT (-80.2368051 25.7652393)
1480,,-80.2367074,25.7652408,POINT (-80.2367074 25.7652408)
1481,,-80.2232441,25.7729299,POINT (-80.2232441 25.7729299)
1482,,-80.2235116,25.772836,POINT (-80.2235116 25.772836)
1483,,-80.193846,25.7882866,POINT (-80.193846 25.7882866)
1484,,-80.1933684,25.7883026,POINT (-80.1933684 25.7883026)
1485,,-80.2234019,25.7836159,POINT (-80.2234019 25.7836159)
1486,,-80.223947,25.783607,POINT (-80.223947 25.783607)
1487,,-80.2378099,25.7387597,POINT (-80.2378099 25.7387597)
1488,,-80.2378207,25.7392354,POINT (-80.2378207 25.7392354)
1489,,-80.2377747,25.737871,POINT (-80.2377747 25.737871)
1490,,-80.1943458,25.7882714,POINT (-80.1943458 25.7882714)
1491,,-80.245581,25.729825,POINT (-80.245581 25.729825)
1492,,-80.245562,25.7293323,POINT (-80.245562 25.7293323)
1493,,-80.245589,25.730006,POINT (-80.245589 25.730006)
1494,,-80.253712,25.729474,POINT (-80.253712 25.729474)
1495,,-80.2537306,25.7297477,POINT (-80.2537306 25.7297477)
1496,,-80.2536824,25.7290379,POINT (-80.2536824 25.7290379)
1497,,-80.2456243,25.7305335,POINT (-80.2456243 25.7305335)
1498,,-80.1930675,25.7883116,POINT (-80.1930675 25.7883116)
1499,,-80.253758,25.73015,POINT (-80.253758 25.73015)
1500,,-80.2511155,25.7277234,POINT (-80.2511155 25.7277234)
1501,,-80.249935,25.7277697,POINT (-80.249935 25.7277697)
1502,,-80.19236,25.7883338,POINT (-80.19236 25.7883338)
1503,,-80.1914821,25.7883588,POINT (-80.1914821 25.7883588)
1504,,-80.2519794,25.7344118,POINT (-80.2519794 25.7344118)
1505,,-80.2527456,25.7338193,POINT (-80.2527456 25.7338193)
1506,,-80.2512998,25.7277182,POINT (-80.2512998 25.7277182)
1507,,-80.2635165,25.7673262,POINT (-80.2635165 25.7673262)
1508,,-80.1994468,25.7759117,POINT (-80.1994468 25.7759117)
1509,,-80.3040539,25.7668079,POINT (-80.3040539 25.7668079)
1510,,-80.3075058,25.766678,POINT (-80.3075058 25.766678)
1511,,-80.2009029,25.7700481,POINT (-80.2009029 25.7700481)
1512,,-80.2075829,25.7698506,POINT (-80.2075829 25.7698506)
1513,,-80.1906716,25.7869989,POINT (-80.1906716 25.7869989)
1514,,-80.2388842,25.7684037,POINT (-80.2388842 25.7684037)
1515,,-80.1948353,25.7955768,POINT (-80.1948353 25.7955768)
1516,,-80.1957863,25.795509,POINT (-80.1957863 25.795509)
1517,,-80.1947859,25.7942417,POINT (-80.1947859 25.7942417)
1518,,-80.1891547,25.7882597,POINT (-80.1891547 25.7882597)
1519,,-80.1890324,25.7954404,POINT (-80.1890324 25.7954404)
1520,,-80.1890182,25.7948421,POINT (-80.1890182 25.7948421)
1521,,-80.1890387,25.796196,POINT (-80.1890387 25.796196)
1522,,-80.2091247,25.8463118,POINT (-80.2091247 25.8463118)
1523,,-80.2090949,25.8455923,POINT (-80.2090949 25.8455923)
1524,,-80.200933,25.846486,POINT (-80.200933 25.846486)
1525,,-80.2009681,25.8473134,POINT (-80.2009681 25.8473134)
1526,,-80.2008943,25.8454509,POINT (-80.2008943 25.8454509)
1527,,-80.1968609,25.846325,POINT (-80.1968609 25.846325)
1528,,-80.19682,25.845569,POINT (-80.19682 25.845569)
1529,,-80.1968938,25.847406,POINT (-80.1968938 25.847406)
1530,,-80.1935322,25.7606045,POINT (-80.1935322 25.7606045)
1531,,-80.1931408,25.7621103,POINT (-80.1931408 25.7621103)
1532,,-80.1880359,25.7882913,POINT (-80.1880359 25.7882913)
1533,,-80.1951227,25.7615552,POINT (-80.1951227 25.7615552)
1534,,-80.197245,25.7614882,POINT (-80.197245 25.7614882)
1535,,-80.2000679,25.7757113,POINT (-80.2000679 25.7757113)
1536,,-80.1891058,25.7870231,POINT (-80.1891058 25.7870231)
1537,,-80.1879143,25.7882932,POINT (-80.1879143 25.7882932)
1538,,-80.2386009,25.7605452,POINT (-80.2386009 25.7605452)
1539,,-80.2386409,25.7614832,POINT (-80.2386409 25.7614832)
1540,,-80.1880639,25.7876464,POINT (-80.1880639 25.7876464)
1541,,-80.1946764,25.7882588,POINT (-80.1946764 25.7882588)
1542,,-80.19512,25.788243,POINT (-80.19512 25.788243)
1543,,-80.253253,25.721179,POINT (-80.253253 25.721179)
1544,,-80.253179,25.720277,POINT (-80.253179 25.720277)
1545,,-80.3129449,25.7674346,POINT (-80.3129449 25.7674346)
1546,,-80.3139174,25.7666431,POINT (-80.3139174 25.7666431)
1547,,-80.3125218,25.7676821,POINT (-80.3125218 25.7676821)
1548,,-80.3143694,25.766124,POINT (-80.3143694 25.766124)
1549,,-80.315773,25.7627525,POINT (-80.315773 25.7627525)
1550,,-80.2531648,25.7196984,POINT (-80.2531648 25.7196984)
1551,,-80.2531371,25.7190053,POINT (-80.2531371 25.7190053)
1552,,-80.2112624,25.7668359,POINT (-80.2112624 25.7668359)
1553,,-80.212777,25.7667907,POINT (-80.212777 25.7667907)
1554,,-80.2112454,25.7659466,POINT (-80.2112454 25.7659466)
1555,,-80.2100999,25.7659541,POINT (-80.2100999 25.7659541)
1556,,-80.2114307,25.7659419,POINT (-80.2114307 25.7659419)
1557,,-80.2113479,25.7630077,POINT (-80.2113479 25.7630077)
1558,,-80.2104293,25.7630336,POINT (-80.2104293 25.7630336)
1559,,-80.2296557,25.8094198,POINT (-80.2296557 25.8094198)
1560,,-80.2299825,25.8094121,POINT (-80.2299825 25.8094121)
1561,,-80.2467443,25.7278855,POINT (-80.2467443 25.7278855)
1562,,-80.2454811,25.7279275,POINT (-80.2454811 25.7279275)
1563,,-80.1989153,25.7712248,POINT (-80.1989153 25.7712248)
1564,,-80.1935665,25.7716352,POINT (-80.1935665 25.7716352)
1565,,-80.203541,25.843518,POINT (-80.203541 25.843518)
1566,,-80.204416,25.8435,POINT (-80.204416 25.8435)
1567,,-80.1870637,25.7735517,POINT (-80.1870637 25.7735517)
1568,,-80.1872391,25.7743367,POINT (-80.1872391 25.7743367)
1569,,-80.1885737,25.7794861,POINT (-80.1885737 25.7794861)
1570,,-80.188404,25.7796546,POINT (-80.188404 25.7796546)
1571,,-80.1888927,25.780085,POINT (-80.1888927 25.780085)
1572,,-80.1890529,25.7905487,POINT (-80.1890529 25.7905487)
1573,,-80.1890211,25.7913236,POINT (-80.1890211 25.7913236)
1574,,-80.1889948,25.7936367,POINT (-80.1889948 25.7936367)
1575,,-80.1882191,25.7948601,POINT (-80.1882191 25.7948601)
1576,,-80.202656,25.843541,POINT (-80.202656 25.843541)
1577,,-80.1891437,25.8009451,POINT (-80.1891437 25.8009451)
1578,,-80.1891694,25.8016497,POINT (-80.1891694 25.8016497)
1579,,-80.1894518,25.8070996,POINT (-80.1894518 25.8070996)
1580,,-80.1894754,25.8077812,POINT (-80.1894754 25.8077812)
1581,,-80.1870004,25.8229455,POINT (-80.1870004 25.8229455)
1582,,-80.1868577,25.8236609,POINT (-80.1868577 25.8236609)
1583,,-80.1868274,25.8244069,POINT (-80.1868274 25.8244069)
1584,,-80.1868516,25.8251507,POINT (-80.1868516 25.8251507)
1585,,-80.1868606,25.8255205,POINT (-80.1868606 25.8255205)
1586,,-80.1869772,25.8255182,POINT (-80.1869772 25.8255182)
1587,,-80.1868825,25.8259626,POINT (-80.1868825 25.8259626)
1588,,-80.1868845,25.8268333,POINT (-80.1868845 25.8268333)
1589,,-80.1865761,25.8275765,POINT (-80.1865761 25.8275765)
1590,,-80.1864646,25.8277557,POINT (-80.1864646 25.8277557)
1591,,-80.1853951,25.8295637,POINT (-80.1853951 25.8295637)
1592,,-80.1851413,25.8299726,POINT (-80.1851413 25.8299726)
1593,,-80.1850809,25.83007,POINT (-80.1850809 25.83007)
1594,,-80.1840849,25.8319496,POINT (-80.1840849 25.8319496)
1595,,-80.1841098,25.8341563,POINT (-80.1841098 25.8341563)
1596,,-80.1841217,25.8349887,POINT (-80.1841217 25.8349887)
1597,,-80.1842479,25.8379439,POINT (-80.1842479 25.8379439)
1598,,-80.1842189,25.8373295,POINT (-80.1842189 25.8373295)
1599,,-80.1842563,25.8381667,POINT (-80.1842563 25.8381667)
1600,,-80.1842778,25.8387572,POINT (-80.1842778 25.8387572)
1601,,-80.1986585,25.7733045,POINT (-80.1986585 25.7733045)
1602,,-80.1843098,25.8395928,POINT (-80.1843098 25.8395928)
1603,,-80.1843389,25.8403038,POINT (-80.1843389 25.8403038)
1604,,-80.1842845,25.8389277,POINT (-80.1842845 25.8389277)
1605,,-80.1843628,25.8409635,POINT (-80.1843628 25.8409635)
1606,,-80.1844848,25.8440759,POINT (-80.1844848 25.8440759)
1607,,-80.1844508,25.8432649,POINT (-80.1844508 25.8432649)
1608,,-80.1853985,25.8478314,POINT (-80.1853985 25.8478314)
1609,,-80.1827447,25.847893,POINT (-80.1827447 25.847893)
1610,,-80.1847445,25.8508477,POINT (-80.1847445 25.8508477)
1611,,-80.1847737,25.8515396,POINT (-80.1847737 25.8515396)
1612,,-80.1848015,25.8521966,POINT (-80.1848015 25.8521966)
1613,,-80.2640434,25.7775115,POINT (-80.2640434 25.7775115)
1614,,-80.271884,25.777241,POINT (-80.271884 25.777241)
1615,,-80.2035323,25.8472301,POINT (-80.2035323 25.8472301)
1616,,-80.2034539,25.8472326,POINT (-80.2034539 25.8472326)
1617,,-80.1953024,25.7798748,POINT (-80.1953024 25.7798748)
1618,,-80.1937842,25.7789791,POINT (-80.1937842 25.7789791)
1619,,-80.1978905,25.7788267,POINT (-80.1978905 25.7788267)
1620,,-80.199594,25.779749,POINT (-80.199594 25.779749)
1621,,-80.201276,25.7797068,POINT (-80.201276 25.7797068)
1622,,-80.2001573,25.7787756,POINT (-80.2001573 25.7787756)
1623,,-80.2020192,25.7796874,POINT (-80.2020192 25.7796874)
1624,,-80.2066056,25.7793632,POINT (-80.2066056 25.7793632)
1625,,-80.3062028,25.7703821,POINT (-80.3062028 25.7703821)
1626,,-80.196199,25.843755,POINT (-80.196199 25.843755)
1627,,-80.2033934,25.8323683,POINT (-80.2033934 25.8323683)
1628,,-80.2013919,25.8324326,POINT (-80.2013919 25.8324326)
1629,,-80.197264,25.843722,POINT (-80.197264 25.843722)
1630,,-80.196768,25.844541,POINT (-80.196768 25.844541)
1631,,-80.198186,25.843675,POINT (-80.198186 25.843675)
1632,,-80.200825,25.843604,POINT (-80.200825 25.843604)
1633,,-80.201791,25.843577,POINT (-80.201791 25.843577)
1634,,-80.199617,25.843639,POINT (-80.199617 25.843639)
1635,,-80.2008555,25.844533,POINT (-80.2008555 25.844533)
1636,,-80.2008035,25.8430138,POINT (-80.2008035 25.8430138)
1637,,-80.2393947,25.7834695,POINT (-80.2393947 25.7834695)
1638,,-80.2395011,25.7841586,POINT (-80.2395011 25.7841586)
1639,,-80.2090344,25.8441084,POINT (-80.2090344 25.8441084)
1640,,-80.2089741,25.8426595,POINT (-80.2089741 25.8426595)
1641,,-80.193233,25.764492,POINT (-80.193233 25.764492)
1642,,-80.1952136,25.7639392,POINT (-80.1952136 25.7639392)
1643,,-80.1978529,25.777896,POINT (-80.1978529 25.777896)
1644,,-80.1995008,25.7768757,POINT (-80.1995008 25.7768757)
1645,,-80.1972191,25.7769453,POINT (-80.1972191 25.7769453)
1646,,-80.1980129,25.7826956,POINT (-80.1980129 25.7826956)
1647,,-80.1969303,25.7817507,POINT (-80.1969303 25.7817507)
1648,,-80.198056,25.7836624,POINT (-80.198056 25.7836624)
1649,,-80.1980945,25.7846274,POINT (-80.1980945 25.7846274)
1650,,-80.1972273,25.783683,POINT (-80.1972273 25.783683)
1651,,-80.1988777,25.7954272,POINT (-80.1988777 25.7954272)
1652,,-80.1989051,25.7959768,POINT (-80.1989051 25.7959768)
1653,,-80.1993921,25.79544,POINT (-80.1993921 25.79544)
1654,,-80.2389311,25.7843905,POINT (-80.2389311 25.7843905)
1655,,-80.1989328,25.7966971,POINT (-80.1989328 25.7966971)
1656,,-80.1990463,25.7994996,POINT (-80.1990463 25.7994996)
1657,,-80.1990578,25.799818,POINT (-80.1990578 25.799818)
1658,,-80.1990684,25.8001218,POINT (-80.1990684 25.8001218)
1659,,-80.1990921,25.8007338,POINT (-80.1990921 25.8007338)
1660,,-80.1991405,25.8021554,POINT (-80.1991405 25.8021554)
1661,,-80.1991202,25.8014579,POINT (-80.1991202 25.8014579)
1662,,-80.2012043,25.8037861,POINT (-80.2012043 25.8037861)
1663,,-80.1992207,25.8047814,POINT (-80.1992207 25.8047814)
1664,,-80.1972008,25.8039016,POINT (-80.1972008 25.8039016)
1665,,-80.199288,25.8066132,POINT (-80.199288 25.8066132)
1666,,-80.1993099,25.8073465,POINT (-80.1993099 25.8073465)
1667,,-80.1974209,25.8103823,POINT (-80.1974209 25.8103823)
1668,,-80.1995293,25.8132675,POINT (-80.1995293 25.8132675)
1669,,-80.1996439,25.8162326,POINT (-80.1996439 25.8162326)
1670,,-80.1996711,25.8168277,POINT (-80.1996711 25.8168277)
1671,,-80.1997837,25.8196146,POINT (-80.1997837 25.8196146)
1672,,-80.1997961,25.819942,POINT (-80.1997961 25.819942)
1673,,-80.1998203,25.8205368,POINT (-80.1998203 25.8205368)
1674,,-80.1999372,25.8233172,POINT (-80.1999372 25.8233172)
1675,,-80.2001423,25.8277543,POINT (-80.2001423 25.8277543)
1676,,-80.2001492,25.8279335,POINT (-80.2001492 25.8279335)
1677,,-80.201158,25.776823,POINT (-80.201158 25.776823)
1678,,-80.2001762,25.8286106,POINT (-80.2001762 25.8286106)
1679,,-80.2002582,25.8306914,POINT (-80.2002582 25.8306914)
1680,,-80.2003332,25.8324649,POINT (-80.2003332 25.8324649)
1681,,-80.200382,25.8334555,POINT (-80.200382 25.8334555)
1682,,-80.200428,25.834372,POINT (-80.200428 25.834372)
1683,,-80.2003378,25.8325749,POINT (-80.2003378 25.8325749)
1684,,-80.2004707,25.835293,POINT (-80.2004707 25.835293)
1685,,-80.200516,25.836208,POINT (-80.200516 25.836208)
1686,,-80.201497,25.839856,POINT (-80.201497 25.839856)
1687,,-80.199712,25.839912,POINT (-80.199712 25.839912)
1688,,-80.200735,25.840926,POINT (-80.200735 25.840926)
1689,,-80.2007542,25.8413313,POINT (-80.2007542 25.8413313)
1690,,-80.200774,25.841983,POINT (-80.200774 25.841983)
1691,,-80.2007858,25.842529,POINT (-80.2007858 25.842529)
1692,,-80.2004714,25.8473258,POINT (-80.2004714 25.8473258)
1693,,-80.2016678,25.8472887,POINT (-80.2016678 25.8472887)
1694,,-80.1946708,25.7741236,POINT (-80.1946708 25.7741236)
1695,,-80.1950344,25.8016377,POINT (-80.1950344 25.8016377)
1696,,-80.2012204,25.7787481,POINT (-80.2012204 25.7787481)
1697,,-80.2535462,25.7267159,POINT (-80.2535462 25.7267159)
1698,,-80.27656,25.7712131,POINT (-80.27656 25.7712131)
1699,,-80.2758372,25.7712448,POINT (-80.2758372 25.7712448)
1700,,-80.2927318,25.7634164,POINT (-80.2927318 25.7634164)
1701,,-80.2932204,25.7633989,POINT (-80.2932204 25.7633989)
1702,,-80.2919306,25.7634415,POINT (-80.2919306 25.7634415)
1703,,-80.2609969,25.7097463,POINT (-80.2609969 25.7097463)
1704,,-80.2609869,25.7094939,POINT (-80.2609869 25.7094939)
1705,,-80.2610199,25.7103775,POINT (-80.2610199 25.7103775)
1706,,-80.1661389,25.7905854,POINT (-80.1661389 25.7905854)
1707,,-80.1664601,25.7905995,POINT (-80.1664601 25.7905995)
1708,,-80.2391909,25.7723287,POINT (-80.2391909 25.7723287)
1709,,-80.2390933,25.7738936,POINT (-80.2390933 25.7738936)
1710,,-80.2397542,25.7942855,POINT (-80.2397542 25.7942855)
1711,,-80.2398251,25.7979829,POINT (-80.2398251 25.7979829)
1712,,-80.2398504,25.7989188,POINT (-80.2398504 25.7989188)
1713,,-80.2398635,25.7998358,POINT (-80.2398635 25.7998358)
1714,,-80.2399574,25.8035456,POINT (-80.2399574 25.8035456)
1715,,-80.2399936,25.8044717,POINT (-80.2399936 25.8044717)
1716,,-80.2400244,25.8053905,POINT (-80.2400244 25.8053905)
1717,,-80.2400673,25.806325,POINT (-80.2400673 25.806325)
1718,,-80.1949574,25.799806,POINT (-80.1949574 25.799806)
1719,,-80.2071465,25.7989341,POINT (-80.2071465 25.7989341)
1720,,-80.2071779,25.7998558,POINT (-80.2071779 25.7998558)
1721,,-80.2153965,25.7987078,POINT (-80.2153965 25.7987078)
1722,,-80.215378,25.7981959,POINT (-80.215378 25.7981959)
1723,,-80.200666,25.7816541,POINT (-80.200666 25.7816541)
1724,,-80.1921145,25.7712902,POINT (-80.1921145 25.7712902)
1725,,-80.1919979,25.7713119,POINT (-80.1919979 25.7713119)
1726,,-80.2320877,25.7356885,POINT (-80.2320877 25.7356885)
1727,,-80.2328826,25.7350734,POINT (-80.2328826 25.7350734)
1728,,-80.2315524,25.7360956,POINT (-80.2315524 25.7360956)
1729,,-80.200134,25.7743086,POINT (-80.200134 25.7743086)
1730,,-80.200084,25.7768472,POINT (-80.200084 25.7768472)
1731,,-80.200124,25.777818,POINT (-80.200124 25.777818)
1732,,-80.1952517,25.8067393,POINT (-80.1952517 25.8067393)
1733,,-80.1952468,25.8065929,POINT (-80.1952468 25.8065929)
1734,,-80.2072098,25.8007782,POINT (-80.2072098 25.8007782)
1735,,-80.1949661,25.7999587,POINT (-80.1949661 25.7999587)
1736,,-80.2427223,25.750269,POINT (-80.2427223 25.750269)
1737,,-80.2427177,25.75015,POINT (-80.2427177 25.75015)
1738,,-80.2432853,25.7502543,POINT (-80.2432853 25.7502543)
1739,,-80.2447425,25.772114,POINT (-80.2447425 25.772114)
1740,,-80.2436987,25.7721481,POINT (-80.2436987 25.7721481)
1741,,-80.242487,25.7354163,POINT (-80.242487 25.7354163)
1742,,-80.2382189,25.7511542,POINT (-80.2382189 25.7511542)
1743,,-80.2382477,25.7518104,POINT (-80.2382477 25.7518104)
1744,,-80.2213474,25.7836382,POINT (-80.2213474 25.7836382)
1745,,-80.2224005,25.783827,POINT (-80.2224005 25.783827)
1746,,-80.1954511,25.8252944,POINT (-80.1954511 25.8252944)
1747,,-80.1961071,25.8261539,POINT (-80.1961071 25.8261539)
1748,,-80.1959103,25.8246505,POINT (-80.1959103 25.8246505)
1749,,-80.2377938,25.7400211,POINT (-80.2377938 25.7400211)
1750,,-80.2379325,25.7399736,POINT (-80.2379325 25.7399736)
1751,,-80.237795,25.74033,POINT (-80.237795 25.74033)
1752,,-80.2541962,25.7398816,POINT (-80.2541962 25.7398816)
1753,,-80.254173,25.7391368,POINT (-80.254173 25.7391368)
1754,,-80.2542203,25.740627,POINT (-80.2542203 25.740627)
1755,,-80.1963619,25.8474228,POINT (-80.1963619 25.8474228)
1756,,-80.203426,25.839815,POINT (-80.203426 25.839815)
1757,,-80.1946034,25.8104738,POINT (-80.1946034 25.8104738)
1758,,-80.202512,25.839829,POINT (-80.202512 25.839829)
1759,,-80.1915727,25.8324611,POINT (-80.1915727 25.8324611)
1760,,-80.1901334,25.8324385,POINT (-80.1901334 25.8324385)
1761,,-80.186189,25.832585,POINT (-80.186189 25.832585)
1762,,-80.2437908,25.7904711,POINT (-80.2437908 25.7904711)
1763,,-80.2907049,25.7707041,POINT (-80.2907049 25.7707041)
1764,,-80.2294838,25.7430526,POINT (-80.2294838 25.7430526)
1765,,-80.2318763,25.7421772,POINT (-80.2318763 25.7421772)
1766,,-80.2333849,25.741625,POINT (-80.2333849 25.741625)
1767,,-80.2210974,25.7825935,POINT (-80.2210974 25.7825935)
1768,,-80.2494725,25.7357625,POINT (-80.2494725 25.7357625)
1769,,-80.2459204,25.7369302,POINT (-80.2459204 25.7369302)
1770,,-80.2538979,25.7327866,POINT (-80.2538979 25.7327866)
1771,,-80.2539194,25.7332257,POINT (-80.2539194 25.7332257)
1772,,-80.2554999,25.731569,POINT (-80.2554999 25.731569)
1773,,-80.312022,25.767292,POINT (-80.312022 25.767292)
1774,,-80.3120591,25.767571,POINT (-80.3120591 25.767571)
1775,,-80.3120283,25.7665038,POINT (-80.3120283 25.7665038)
1776,,-80.230467,25.7369338,POINT (-80.230467 25.7369338)
1777,,-80.229854,25.7362322,POINT (-80.229854 25.7362322)
1778,,-80.231294,25.736301,POINT (-80.231294 25.736301)
1779,,-80.2296451,25.7375986,POINT (-80.2296451 25.7375986)
1780,,-80.2296936,25.7360641,POINT (-80.2296936 25.7360641)
1781,,-80.196419,25.836333,POINT (-80.196419 25.836333)
1782,,-80.1963447,25.8354393,POINT (-80.1963447 25.8354393)
1783,,-80.1964791,25.837156,POINT (-80.1964791 25.837156)
1784,,-80.2380069,25.7454874,POINT (-80.2380069 25.7454874)
1785,,-80.2380264,25.7460175,POINT (-80.2380264 25.7460175)
1786,,-80.253059,25.716554,POINT (-80.253059 25.716554)
1787,,-80.253028,25.715665,POINT (-80.253028 25.715665)
1788,,-80.2530687,25.7169623,POINT (-80.2530687 25.7169623)
1789,,-80.1993166,25.8473638,POINT (-80.1993166 25.8473638)
1790,,-80.1979688,25.7877807,POINT (-80.1979688 25.7877807)
1791,,-80.1981469,25.7881483,POINT (-80.1981469 25.7881483)
1792,,-80.1979602,25.7881556,POINT (-80.1979602 25.7881556)
1793,,-80.1984183,25.7928154,POINT (-80.1984183 25.7928154)
1794,,-80.1977078,25.7954458,POINT (-80.1977078 25.7954458)
1795,,-80.1937855,25.7596606,POINT (-80.1937855 25.7596606)
1796,,-80.2203346,25.7829272,POINT (-80.2203346 25.7829272)
1797,,-80.1925333,25.7594528,POINT (-80.1925333 25.7594528)
1798,,-80.1968975,25.8474975,POINT (-80.1968975 25.8474975)
1799,,-80.186401,25.8477404,POINT (-80.186401 25.8477404)
1800,,-80.1667655,25.8484092,POINT (-80.1667655 25.8484092)
1801,,-80.1696185,25.8481097,POINT (-80.1696185 25.8481097)
1802,,-80.246333,25.8089176,POINT (-80.246333 25.8089176)
1803,,-80.245844,25.790404,POINT (-80.245844 25.790404)
1804,,-80.242913,25.7721722,POINT (-80.242913 25.7721722)
1805,,-80.195001,25.80086,POINT (-80.195001 25.80086)
1806,,-80.194992,25.80068,POINT (-80.194992 25.80068)
1807,,-80.1950315,25.8015659,POINT (-80.1950315 25.8015659)
1808,,-80.1951157,25.8039704,POINT (-80.1951157 25.8039704)
1809,,-80.1952205,25.8058124,POINT (-80.1952205 25.8058124)
1810,,-80.1951903,25.8049158,POINT (-80.1951903 25.8049158)
1811,,-80.1954508,25.8133837,POINT (-80.1954508 25.8133837)
1812,,-80.1954494,25.81335,POINT (-80.1954494 25.81335)
1813,,-80.195477,25.814128,POINT (-80.195477 25.814128)
1814,,-80.1955681,25.8160018,POINT (-80.1955681 25.8160018)
1815,,-80.1955692,25.816219,POINT (-80.1955692 25.816219)
1816,,-80.1956062,25.8169367,POINT (-80.1956062 25.8169367)
1817,,-80.195828,25.8227195,POINT (-80.195828 25.8227195)
1818,,-80.1958629,25.8234338,POINT (-80.1958629 25.8234338)
1819,,-80.196181,25.8270307,POINT (-80.196181 25.8270307)
1820,,-80.1962517,25.8336232,POINT (-80.1962517 25.8336232)
1821,,-80.196226,25.8327005,POINT (-80.196226 25.8327005)
1822,,-80.1963019,25.834473,POINT (-80.1963019 25.834473)
1823,,-80.196795,25.845022,POINT (-80.196795 25.845022)
1824,,-80.2089486,25.8420429,POINT (-80.2089486 25.8420429)
1825,,-80.2527989,25.7093391,POINT (-80.2527989 25.7093391)
1826,,-80.2556811,25.7274642,POINT (-80.2556811 25.7274642)
1827,,-80.253589,25.7276472,POINT (-80.253589 25.7276472)
1828,,-80.2558993,25.7331651,POINT (-80.2558993 25.7331651)
1829,,-80.2559515,25.7340611,POINT (-80.2559515 25.7340611)
1830,,-80.2558721,25.7325958,POINT (-80.2558721 25.7325958)
1831,,-80.2570253,25.7717728,POINT (-80.2570253 25.7717728)
1832,,-80.2554613,25.7717811,POINT (-80.2554613 25.7717811)
1833,,-80.201568,25.813208,POINT (-80.201568 25.813208)
1834,,-80.2146392,25.8128558,POINT (-80.2146392 25.8128558)
1835,,-80.2168718,25.8128531,POINT (-80.2168718 25.8128531)
1836,,-80.217888,25.8128122,POINT (-80.217888 25.8128122)
1837,,-80.221974,25.8127103,POINT (-80.221974 25.8127103)
1838,,-80.2230206,25.8126659,POINT (-80.2230206 25.8126659)
1839,,-80.2240357,25.8126524,POINT (-80.2240357 25.8126524)
1840,,-80.2302737,25.7725888,POINT (-80.2302737 25.7725888)
1841,,-80.2308954,25.7725729,POINT (-80.2308954 25.7725729)
1842,,-80.190783,25.7661895,POINT (-80.190783 25.7661895)
1843,,-80.190615,25.7661518,POINT (-80.190615 25.7661518)
1844,,-80.1912892,25.7642195,POINT (-80.1912892 25.7642195)
1845,,-80.1933412,25.767378,POINT (-80.1933412 25.767378)
1846,,-80.1920374,25.7664534,POINT (-80.1920374 25.7664534)
1847,,-80.1953064,25.7663587,POINT (-80.1953064 25.7663587)
1848,,-80.19572,25.7663405,POINT (-80.19572 25.7663405)
1849,,-80.2024376,25.7661519,POINT (-80.2024376 25.7661519)
1850,,-80.2081378,25.7659789,POINT (-80.2081378 25.7659789)
1851,,-80.2089496,25.7659597,POINT (-80.2089496 25.7659597)
1852,,-80.2091023,25.7659571,POINT (-80.2091023 25.7659571)
1853,,-80.2177001,25.7657663,POINT (-80.2177001 25.7657663)
1854,,-80.2175115,25.7657724,POINT (-80.2175115 25.7657724)
1855,,-80.2184775,25.7657433,POINT (-80.2184775 25.7657433)
1856,,-80.2245882,25.7655771,POINT (-80.2245882 25.7655771)
1857,,-80.2327516,25.7653541,POINT (-80.2327516 25.7653541)
1858,,-80.2307336,25.7654191,POINT (-80.2307336 25.7654191)
1859,,-80.2389129,25.7651684,POINT (-80.2389129 25.7651684)
1860,,-80.2626128,25.7716672,POINT (-80.2626128 25.7716672)
1861,,-80.2407123,25.7651221,POINT (-80.2407123 25.7651221)
1862,,-80.2408744,25.7651147,POINT (-80.2408744 25.7651147)
1863,,-80.2407628,25.7503292,POINT (-80.2407628 25.7503292)
1864,,-80.2889789,25.7707309,POINT (-80.2889789 25.7707309)
1865,,-80.1871479,25.7906056,POINT (-80.1871479 25.7906056)
1866,,-80.2429235,25.7650501,POINT (-80.2429235 25.7650501)
1867,,-80.2419189,25.765083,POINT (-80.2419189 25.765083)
1868,,-80.2447429,25.7649978,POINT (-80.2447429 25.7649978)
1869,,-80.25309,25.7647461,POINT (-80.25309 25.7647461)
1870,,-80.2551414,25.7646869,POINT (-80.2551414 25.7646869)
1871,,-80.2551675,25.7654109,POINT (-80.2551675 25.7654109)
1872,,-80.2550752,25.7630217,POINT (-80.2550752 25.7630217)
1873,,-80.2541282,25.7647136,POINT (-80.2541282 25.7647136)
1874,,-80.2830772,25.7637466,POINT (-80.2830772 25.7637466)
1875,,-80.2905458,25.7634848,POINT (-80.2905458 25.7634848)
1876,,-80.2912603,25.7634625,POINT (-80.2912603 25.7634625)
1877,,-80.2968893,25.7633002,POINT (-80.2968893 25.7633002)
1878,,-80.297893,25.7632633,POINT (-80.297893 25.7632633)
1879,,-80.187651,25.837304,POINT (-80.187651 25.837304)
1880,,-80.1876,25.835715,POINT (-80.1876 25.835715)
1881,,-80.2958953,25.7633257,POINT (-80.2958953 25.7633257)
1882,,-80.2981444,25.7632591,POINT (-80.2981444 25.7632591)
1883,,-80.303904,25.7631062,POINT (-80.303904 25.7631062)
1884,,-80.3028767,25.7631347,POINT (-80.3028767 25.7631347)
1885,,-80.3058837,25.7630435,POINT (-80.3058837 25.7630435)
1886,,-80.18769,25.838109,POINT (-80.18769 25.838109)
1887,,-80.21674,25.8097802,POINT (-80.21674 25.8097802)
1888,,-80.2176764,25.8097479,POINT (-80.2176764 25.8097479)
1889,,-80.2039555,25.7519765,POINT (-80.2039555 25.7519765)
1890,,-80.2038788,25.7518889,POINT (-80.2038788 25.7518889)
1891,,-80.2044751,25.7516262,POINT (-80.2044751 25.7516262)
1892,,-80.2052892,25.753651,POINT (-80.2052892 25.753651)
1893,,-80.2061063,25.7547194,POINT (-80.2061063 25.7547194)
1894,,-80.2050108,25.753327,POINT (-80.2050108 25.753327)
1895,,-80.2524313,25.8087322,POINT (-80.2524313 25.8087322)
1896,,-80.2514821,25.8087607,POINT (-80.2514821 25.8087607)
1897,,-80.2524208,25.7718807,POINT (-80.2524208 25.7718807)
1898,,-80.1877363,25.8106592,POINT (-80.1877363 25.8106592)
1899,,-80.1874491,25.8106688,POINT (-80.1874491 25.8106688)
1900,,-80.2178217,25.7666359,POINT (-80.2178217 25.7666359)
1901,,-80.2194964,25.7665845,POINT (-80.2194964 25.7665845)
1902,,-80.2184087,25.750909,POINT (-80.2184087 25.750909)
1903,,-80.2162145,25.7509695,POINT (-80.2162145 25.7509695)
1904,,-80.2067114,25.8096904,POINT (-80.2067114 25.8096904)
1905,,-80.2071874,25.8099574,POINT (-80.2071874 25.8099574)
1906,,-80.204782,25.809997,POINT (-80.204782 25.809997)
1907,,-80.2100062,25.8099941,POINT (-80.2100062 25.8099941)
1908,,-80.2104527,25.8099778,POINT (-80.2104527 25.8099778)
1909,,-80.2136882,25.8098791,POINT (-80.2136882 25.8098791)
1910,,-80.2142026,25.8098607,POINT (-80.2142026 25.8098607)
1911,,-80.233068,25.8093165,POINT (-80.233068 25.8093165)
1912,,-80.2320512,25.8093483,POINT (-80.2320512 25.8093483)
1913,,-80.2584976,25.80854,POINT (-80.2584976 25.80854)
1914,,-80.2073525,25.8049244,POINT (-80.2073525 25.8049244)
1915,,-80.2536728,25.7288779,POINT (-80.2536728 25.7288779)
1916,,-80.2536165,25.7283212,POINT (-80.2536165 25.7283212)
1917,,-80.2535929,25.7277084,POINT (-80.2535929 25.7277084)
1918,,-80.2556755,25.7275483,POINT (-80.2556755 25.7275483)
1919,,-80.2535701,25.7272163,POINT (-80.2535701 25.7272163)
1920,,-80.2535551,25.7269019,POINT (-80.2535551 25.7269019)
1921,,-80.2534525,25.7248356,POINT (-80.2534525 25.7248356)
1922,,-80.2530815,25.7175687,POINT (-80.2530815 25.7175687)
1923,,-80.2530864,25.7177971,POINT (-80.2530864 25.7177971)
1924,,-80.253069,25.716977,POINT (-80.253069 25.716977)
1925,,-80.2068287,25.8439474,POINT (-80.2068287 25.8439474)
1926,,-80.2248296,25.772739,POINT (-80.2248296 25.772739)
1927,,-80.2232811,25.7947621,POINT (-80.2232811 25.7947621)
1928,,-80.2383768,25.7549842,POINT (-80.2383768 25.7549842)
1929,,-80.2384077,25.7558018,POINT (-80.2384077 25.7558018)
1930,,-80.1914757,25.8155706,POINT (-80.1914757 25.8155706)
1931,,-80.2383378,25.7540486,POINT (-80.2383378 25.7540486)
1932,,-80.1914522,25.8149427,POINT (-80.1914522 25.8149427)
1933,,-80.2024694,25.7952979,POINT (-80.2024694 25.7952979)
1934,,-80.2003772,25.7953575,POINT (-80.2003772 25.7953575)
1935,,-80.3041923,25.7704678,POINT (-80.3041923 25.7704678)
1936,,-80.303199,25.7704826,POINT (-80.303199 25.7704826)
1937,,-80.3041328,25.7686602,POINT (-80.3041328 25.7686602)
1938,,-80.2389609,25.7703774,POINT (-80.2389609 25.7703774)
1939,,-80.2009743,25.7719748,POINT (-80.2009743 25.7719748)
1940,,-80.2009383,25.7710124,POINT (-80.2009383 25.7710124)
1941,,-80.2019611,25.7739621,POINT (-80.2019611 25.7739621)
1942,,-80.2076218,25.7708107,POINT (-80.2076218 25.7708107)
1943,,-80.1962441,25.7724277,POINT (-80.1962441 25.7724277)
1944,,-80.2082278,25.8264386,POINT (-80.2082278 25.8264386)
1945,,-80.206122,25.795269,POINT (-80.206122 25.795269)
1946,,-80.233045,25.7944845,POINT (-80.233045 25.7944845)
1947,,-80.232978,25.7725281,POINT (-80.232978 25.7725281)
1948,,-80.2350064,25.7724878,POINT (-80.2350064 25.7724878)
1949,,-80.2266532,25.7664286,POINT (-80.2266532 25.7664286)
1950,,-80.2290213,25.766369,POINT (-80.2290213 25.766369)
1951,,-80.2260546,25.7506812,POINT (-80.2260546 25.7506812)
1952,,-80.2240096,25.7507514,POINT (-80.2240096 25.7507514)
1953,,-80.2898767,25.7707175,POINT (-80.2898767 25.7707175)
1954,,-80.2632774,25.7653463,POINT (-80.2632774 25.7653463)
1955,,-80.2633052,25.7659004,POINT (-80.2633052 25.7659004)
1956,,-80.1905622,25.767087,POINT (-80.1905622 25.767087)
1957,,-80.1903806,25.767047,POINT (-80.1903806 25.767047)
1958,,-80.1934147,25.7681051,POINT (-80.1934147 25.7681051)
1959,,-80.1951973,25.7673203,POINT (-80.1951973 25.7673203)
1960,,-80.1957785,25.7673067,POINT (-80.1957785 25.7673067)
1961,,-80.1974751,25.7672552,POINT (-80.1974751 25.7672552)
1962,,-80.2041411,25.7670614,POINT (-80.2041411 25.7670614)
1963,,-80.2091428,25.766911,POINT (-80.2091428 25.766911)
1964,,-80.2327685,25.7662641,POINT (-80.2327685 25.7662641)
1965,,-80.2347929,25.7662048,POINT (-80.2347929 25.7662048)
1966,,-80.200778,25.842314,POINT (-80.200778 25.842314)
1967,,-80.2389529,25.7660847,POINT (-80.2389529 25.7660847)
1968,,-80.249503,25.7352061,POINT (-80.249503 25.7352061)
1969,,-80.248591,25.735244,POINT (-80.248591 25.735244)
1970,,-80.2499837,25.7351912,POINT (-80.2499837 25.7351912)
1971,,-80.246779,25.735302,POINT (-80.246779 25.735302)
1972,,-80.2458429,25.7353286,POINT (-80.2458429 25.7353286)
1973,,-80.247693,25.73527,POINT (-80.247693 25.73527)
1974,,-80.192164,25.8105473,POINT (-80.192164 25.8105473)
1975,,-80.2637223,25.771646,POINT (-80.2637223 25.771646)
1976,,-80.2636747,25.7705483,POINT (-80.2636747 25.7705483)
1977,,-80.2635937,25.7716489,POINT (-80.2635937 25.7716489)
1978,,-80.2639146,25.7751807,POINT (-80.2639146 25.7751807)
1979,,-80.2639703,25.7760697,POINT (-80.2639703 25.7760697)
1980,,-80.1980689,25.7560127,POINT (-80.1980689 25.7560127)
1981,,-80.2389208,25.7694214,POINT (-80.2389208 25.7694214)
1982,,-80.1930871,25.7713617,POINT (-80.1930871 25.7713617)
1983,,-80.1939597,25.7715386,POINT (-80.1939597 25.7715386)
1984,,-80.1935904,25.7709496,POINT (-80.1935904 25.7709496)
1985,,-80.1956627,25.7714793,POINT (-80.1956627 25.7714793)
1986,,-80.1962045,25.7714718,POINT (-80.1962045 25.7714718)
1987,,-80.2635508,25.7680595,POINT (-80.2635508 25.7680595)
1988,,-80.2981659,25.7705723,POINT (-80.2981659 25.7705723)
1989,,-80.297168,25.7705884,POINT (-80.297168 25.7705884)
1990,,-80.1996911,25.7819004,POINT (-80.1996911 25.7819004)
1991,,-80.2070432,25.7817489,POINT (-80.2070432 25.7817489)
1992,,-80.2067253,25.7818615,POINT (-80.2067253 25.7818615)
1993,,-80.208752,25.763072,POINT (-80.208752 25.763072)
1994,,-80.2091296,25.7630641,POINT (-80.2091296 25.7630641)
1995,,-80.2082333,25.7630842,POINT (-80.2082333 25.7630842)
1996,,-80.2078665,25.7630918,POINT (-80.2078665 25.7630918)
1997,,-80.250089,25.779112,POINT (-80.250089 25.779112)
1998,,-80.1682818,25.7900909,POINT (-80.1682818 25.7900909)
1999,,-80.1673357,25.7901679,POINT (-80.1673357 25.7901679)
2000,,-80.1664558,25.7905294,POINT (-80.1664558 25.7905294)
2001,,-80.245634,25.730679,POINT (-80.245634 25.730679)
2002,,-80.2456641,25.7314975,POINT (-80.2456641 25.7314975)
2003,,-80.2069697,25.7915365,POINT (-80.2069697 25.7915365)
2004,,-80.241166,25.790747,POINT (-80.241166 25.790747)
2005,,-80.2411533,25.7905233,POINT (-80.2411533 25.7905233)
2006,,-80.1889837,25.7734729,POINT (-80.1889837 25.7734729)
2007,,-80.187518,25.7735247,POINT (-80.187518 25.7735247)
2008,,-80.2302158,25.7543772,POINT (-80.2302158 25.7543772)
2009,,-80.230253,25.7552365,POINT (-80.230253 25.7552365)
2010,,-80.2079554,25.8197443,POINT (-80.2079554 25.8197443)
2011,,-80.2737727,25.7713278,POINT (-80.2737727 25.7713278)
2012,,-80.2717124,25.7714084,POINT (-80.2717124 25.7714084)
2013,,-80.245021,25.7941537,POINT (-80.245021 25.7941537)
2014,,-80.2446632,25.7941633,POINT (-80.2446632 25.7941633)
2015,,-80.2447709,25.7935551,POINT (-80.2447709 25.7935551)
2016,,-80.1967488,25.7954769,POINT (-80.1967488 25.7954769)
2017,,-80.2150668,25.7950041,POINT (-80.2150668 25.7950041)
2018,,-80.2320265,25.7945138,POINT (-80.2320265 25.7945138)
2019,,-80.2314837,25.794529,POINT (-80.2314837 25.794529)
2020,,-80.2325368,25.7944975,POINT (-80.2325368 25.7944975)
2021,,-80.1872793,25.7735333,POINT (-80.1872793 25.7735333)
2022,,-80.1870966,25.7728008,POINT (-80.1870966 25.7728008)
2023,,-80.2610713,25.7119024,POINT (-80.2610713 25.7119024)
2024,,-80.2610426,25.7111804,POINT (-80.2610426 25.7111804)
2025,,-80.2610996,25.7126735,POINT (-80.2610996 25.7126735)
2026,,-80.1929122,25.7580753,POINT (-80.1929122 25.7580753)
2027,,-80.2199476,25.7508672,POINT (-80.2199476 25.7508672)
2028,,-80.2321839,25.7504805,POINT (-80.2321839 25.7504805)
2029,,-80.2301739,25.7505466,POINT (-80.2301739 25.7505466)
2030,,-80.2381898,25.7503987,POINT (-80.2381898 25.7503987)
2031,,-80.2067772,25.7834125,POINT (-80.2067772 25.7834125)
2032,,-80.2067428,25.7824397,POINT (-80.2067428 25.7824397)
2033,,-80.2068812,25.786648,POINT (-80.2068812 25.786648)
2034,,-80.2072259,25.801171,POINT (-80.2072259 25.801171)
2035,,-80.2080858,25.8231023,POINT (-80.2080858 25.8231023)
2036,,-80.2134012,25.8173496,POINT (-80.2134012 25.8173496)
2037,,-80.2139396,25.8173377,POINT (-80.2139396 25.8173377)
2038,,-80.2085678,25.8338148,POINT (-80.2085678 25.8338148)
2039,,-80.2085842,25.8341304,POINT (-80.2085842 25.8341304)
2040,,-80.2085344,25.8331032,POINT (-80.2085344 25.8331032)
2041,,-80.2086027,25.8345384,POINT (-80.2086027 25.8345384)
2042,,-80.2126572,25.8173661,POINT (-80.2126572 25.8173661)
2043,,-80.2088978,25.840791,POINT (-80.2088978 25.840791)
2044,,-80.2090638,25.8448504,POINT (-80.2090638 25.8448504)
2045,,-80.20908,25.8452084,POINT (-80.20908 25.8452084)
2046,,-80.1873982,25.8255099,POINT (-80.1873982 25.8255099)
2047,,-80.2831908,25.7709454,POINT (-80.2831908 25.7709454)
2048,,-80.2828014,25.7709617,POINT (-80.2828014 25.7709617)
2049,,-80.2386719,25.7623921,POINT (-80.2386719 25.7623921)
2050,,-80.238716,25.76358,POINT (-80.238716 25.76358)
2051,,-80.2385619,25.7596306,POINT (-80.2385619 25.7596306)
2052,,-80.1869146,25.829105,POINT (-80.1869146 25.829105)
2053,,-80.2379609,25.7443104,POINT (-80.2379609 25.7443104)
2054,,-80.2379257,25.7433269,POINT (-80.2379257 25.7433269)
2055,,-80.2377065,25.7370669,POINT (-80.2377065 25.7370669)
2056,,-80.2377159,25.7363682,POINT (-80.2377159 25.7363682)
2057,,-80.2376912,25.7365922,POINT (-80.2376912 25.7365922)
2058,,-80.2376162,25.7340079,POINT (-80.2376162 25.7340079)
2059,,-80.237428,25.7292661,POINT (-80.237428 25.7292661)
2060,,-80.2374306,25.7294146,POINT (-80.2374306 25.7294146)
2061,,-80.2374086,25.7287106,POINT (-80.2374086 25.7287106)
2062,,-80.187814,25.825494,POINT (-80.187814 25.825494)
2063,,-80.204068,25.7503405,POINT (-80.204068 25.7503405)
2064,,-80.202191,25.7481022,POINT (-80.202191 25.7481022)
2065,,-80.2133481,25.8034397,POINT (-80.2133481 25.8034397)
2066,,-80.2154111,25.8033843,POINT (-80.2154111 25.8033843)
2067,,-80.1765331,25.850365,POINT (-80.1765331 25.850365)
2068,,-80.209054,25.7498531,POINT (-80.209054 25.7498531)
2069,,-80.2069779,25.7500357,POINT (-80.2069779 25.7500357)
2070,,-80.2101915,25.7496162,POINT (-80.2101915 25.7496162)
2071,,-80.199935,25.7880922,POINT (-80.199935 25.7880922)
2072,,-80.2115088,25.7493204,POINT (-80.2115088 25.7493204)
2073,,-80.2112057,25.7493885,POINT (-80.2112057 25.7493885)
2074,,-80.1915985,25.7630525,POINT (-80.1915985 25.7630525)
2075,,-80.2588501,25.7717438,POINT (-80.2588501 25.7717438)
2076,,-80.2587387,25.7717454,POINT (-80.2587387 25.7717454)
2077,,-80.1921617,25.8312933,POINT (-80.1921617 25.8312933)
2078,,-80.190843,25.8105941,POINT (-80.190843 25.8105941)
2079,,-80.238886,25.730484,POINT (-80.238886 25.730484)
2080,,-80.2378002,25.7313904,POINT (-80.2378002 25.7313904)
2081,,-80.190592,25.811628,POINT (-80.190592 25.811628)
2082,,-80.245756,25.733472,POINT (-80.245756 25.733472)
2083,,-80.2456803,25.7318346,POINT (-80.2456803 25.7318346)
2084,,-80.1896074,25.8106313,POINT (-80.1896074 25.8106313)
2085,,-80.2457988,25.7343867,POINT (-80.2457988 25.7343867)
2086,,-80.197113,25.840015,POINT (-80.197113 25.840015)
2087,,-80.198813,25.839952,POINT (-80.198813 25.839952)
2088,,-80.2022962,25.8398347,POINT (-80.2022962 25.8398347)
2089,,-80.2016068,25.8398531,POINT (-80.2016068 25.8398531)
2090,,-80.1979217,25.8474682,POINT (-80.1979217 25.8474682)
2091,,-80.2226591,25.803164,POINT (-80.2226591 25.803164)
2092,,-80.2215819,25.803196,POINT (-80.2215819 25.803196)
2093,,-80.223615,25.803084,POINT (-80.223615 25.803084)
2094,,-80.1995336,25.7778278,POINT (-80.1995336 25.7778278)
2095,,-80.2718321,25.7755282,POINT (-80.2718321 25.7755282)
2096,,-80.202157,25.7843693,POINT (-80.202157 25.7843693)
2097,,-80.2099985,25.7630462,POINT (-80.2099985 25.7630462)
2098,,-80.2014202,25.7537085,POINT (-80.2014202 25.7537085)
2099,,-80.2022061,25.753166,POINT (-80.2022061 25.753166)
2100,,-80.2028481,25.7749244,POINT (-80.2028481 25.7749244)
2101,,-80.1985736,25.7741521,POINT (-80.1985736 25.7741521)
2102,,-80.1989014,25.7747627,POINT (-80.1989014 25.7747627)
2103,,-80.2243049,25.7727503,POINT (-80.2243049 25.7727503)
2104,,-80.279404,25.7710993,POINT (-80.279404 25.7710993)
2105,,-80.2027041,25.8472561,POINT (-80.2027041 25.8472561)
2106,,-80.2019246,25.8472796,POINT (-80.2019246 25.8472796)
2107,,-80.201721,25.816908,POINT (-80.201721 25.816908)
2108,,-80.201985,25.823275,POINT (-80.201985 25.823275)
2109,,-80.1994688,25.7762554,POINT (-80.1994688 25.7762554)
2110,,-80.1995692,25.7787888,POINT (-80.1995692 25.7787888)
2111,,-80.1996972,25.782648,POINT (-80.1996972 25.782648)
2112,,-80.198897,25.783629,POINT (-80.198897 25.783629)
2113,,-80.199772,25.784566,POINT (-80.199772 25.784566)
2114,,-80.2086955,25.7833376,POINT (-80.2086955 25.7833376)
2115,,-80.207609,25.782419,POINT (-80.207609 25.782419)
2116,,-80.207645,25.783394,POINT (-80.207645 25.783394)
2117,,-80.2095533,25.7840923,POINT (-80.2095533 25.7840923)
2118,,-80.2063096,25.8471417,POINT (-80.2063096 25.8471417)
2119,,-80.1934054,25.7683341,POINT (-80.1934054 25.7683341)
2120,,-80.193409,25.7686612,POINT (-80.193409 25.7686612)
2121,,-80.1935974,25.7683326,POINT (-80.1935974 25.7683326)
2122,,-80.1946003,25.7676758,POINT (-80.1946003 25.7676758)
2123,,-80.220641,25.8032234,POINT (-80.220641 25.8032234)
2124,,-80.2454855,25.7279918,POINT (-80.2454855 25.7279918)
2125,,-80.2451101,25.7279778,POINT (-80.2451101 25.7279778)
2126,,-80.2054484,25.8323261,POINT (-80.2054484 25.8323261)
2127,,-80.2054556,25.8324252,POINT (-80.2054556 25.8324252)
2128,,-80.1683272,25.7908623,POINT (-80.1683272 25.7908623)
2129,,-80.168585,25.7908498,POINT (-80.168585 25.7908498)
2130,,-80.1903275,25.7679798,POINT (-80.1903275 25.7679798)
2131,,-80.1673288,25.7908716,POINT (-80.1673288 25.7908716)
2132,,-80.2055975,25.8360663,POINT (-80.2055975 25.8360663)
2133,,-80.2052216,25.8378942,POINT (-80.2052216 25.8378942)
2134,,-80.2058996,25.8389373,POINT (-80.2058996 25.8389373)
2135,,-80.1988856,25.8473521,POINT (-80.1988856 25.8473521)
2136,,-80.190206,25.7684616,POINT (-80.190206 25.7684616)
2137,,-80.20311,25.7509865,POINT (-80.20311 25.7509865)
2138,,-80.2035918,25.7506856,POINT (-80.2035918 25.7506856)
2139,,-80.228695,25.738539,POINT (-80.228695 25.738539)
2140,,-80.195199,25.7634723,POINT (-80.195199 25.7634723)
2141,,-80.1951742,25.7625029,POINT (-80.1951742 25.7625029)
2142,,-80.236537,25.732452,POINT (-80.236537 25.732452)
2143,,-80.2458885,25.7362172,POINT (-80.2458885 25.7362172)
2144,,-80.27186,25.776436,POINT (-80.27186 25.776436)
2145,,-80.2403288,25.7263792,POINT (-80.2403288 25.7263792)
2146,,-80.2400805,25.7262596,POINT (-80.2400805 25.7262596)
2147,,-80.2422549,25.7280942,POINT (-80.2422549 25.7280942)
2148,,-80.2078018,25.8159927,POINT (-80.2078018 25.8159927)
2149,,-80.2078052,25.8160694,POINT (-80.2078052 25.8160694)
2150,,-80.2078355,25.8167338,POINT (-80.2078355 25.8167338)
2151,,-80.1876399,25.7800574,POINT (-80.1876399 25.7800574)
2152,,-80.1771659,25.7769289,POINT (-80.1771659 25.7769289)
2153,,-80.1767268,25.7766713,POINT (-80.1767268 25.7766713)
2154,,-80.1765326,25.7765468,POINT (-80.1765326 25.7765468)
2155,,-80.175175,25.7764229,POINT (-80.175175 25.7764229)
2156,,-80.245543,25.728887,POINT (-80.245543 25.728887)
2157,,-80.251782,25.7352101,POINT (-80.251782 25.7352101)
2158,,-80.2520449,25.7351821,POINT (-80.2520449 25.7351821)
2159,,-80.255445,25.771009,POINT (-80.255445 25.771009)
2160,,-80.2545305,25.7718082,POINT (-80.2545305 25.7718082)
2161,,-80.2545361,25.7718975,POINT (-80.2545361 25.7718975)
2162,,-80.2543232,25.7718142,POINT (-80.2543232 25.7718142)
2163,,-80.255047,25.7621957,POINT (-80.255047 25.7621957)
2164,,-80.2550722,25.762937,POINT (-80.2550722 25.762937)
2165,,-80.2550139,25.7614266,POINT (-80.2550139 25.7614266)
2166,,-80.2549967,25.7610279,POINT (-80.2549967 25.7610279)
2167,,-80.2549807,25.7606562,POINT (-80.2549807 25.7606562)
2168,,-80.254967,25.7603384,POINT (-80.254967 25.7603384)
2169,,-80.2549477,25.7598904,POINT (-80.2549477 25.7598904)
2170,,-80.254939,25.7596393,POINT (-80.254939 25.7596393)
2171,,-80.2549178,25.7591188,POINT (-80.2549178 25.7591188)
2172,,-80.2549126,25.7588477,POINT (-80.2549126 25.7588477)
2173,,-80.2548875,25.7583472,POINT (-80.2548875 25.7583472)
2174,,-80.2548762,25.7580418,POINT (-80.2548762 25.7580418)
2175,,-80.2548453,25.7572724,POINT (-80.2548453 25.7572724)
2176,,-80.252832,25.7573294,POINT (-80.252832 25.7573294)
2177,,-80.2546435,25.7515883,POINT (-80.2546435 25.7515883)
2178,,-80.2545982,25.750425,POINT (-80.2545982 25.750425)
2179,,-80.2545804,25.749932,POINT (-80.2545804 25.749932)
2180,,-80.2545756,25.7498029,POINT (-80.2545756 25.7498029)
2181,,-80.2545422,25.7489193,POINT (-80.2545422 25.7489193)
2182,,-80.2545103,25.7480802,POINT (-80.2545103 25.7480802)
2183,,-80.2544823,25.7473439,POINT (-80.2544823 25.7473439)
2184,,-80.2544718,25.7470702,POINT (-80.2544718 25.7470702)
2185,,-80.2544526,25.7465635,POINT (-80.2544526 25.7465635)
2186,,-80.2544375,25.7461672,POINT (-80.2544375 25.7461672)
2187,,-80.2544232,25.7457932,POINT (-80.2544232 25.7457932)
2188,,-80.2544071,25.74537,POINT (-80.2544071 25.74537)
2189,,-80.2543918,25.7450127,POINT (-80.2543918 25.7450127)
2190,,-80.254376,25.7445677,POINT (-80.254376 25.7445677)
2191,,-80.2543641,25.7442552,POINT (-80.2543641 25.7442552)
2192,,-80.2543458,25.7437883,POINT (-80.2543458 25.7437883)
2193,,-80.2543153,25.7430005,POINT (-80.2543153 25.7430005)
2194,,-80.2542954,25.7425705,POINT (-80.2542954 25.7425705)
2195,,-80.2007518,25.7661817,POINT (-80.2007518 25.7661817)
2196,,-80.2542751,25.7421029,POINT (-80.2542751 25.7421029)
2197,,-80.258041,25.7349565,POINT (-80.258041 25.7349565)
2198,,-80.2570483,25.7349945,POINT (-80.2570483 25.7349945)
2199,,-80.2611546,25.7141064,POINT (-80.2611546 25.7141064)
2200,,-80.2611616,25.7142057,POINT (-80.2611616 25.7142057)
2201,,-80.261129,25.7134632,POINT (-80.261129 25.7134632)
2202,,-80.261126,25.7133891,POINT (-80.261126 25.7133891)
2203,,-80.2610229,25.7104639,POINT (-80.2610229 25.7104639)
2204,,-80.2547659,25.7718012,POINT (-80.2547659 25.7718012)
2205,,-80.2933259,25.7633959,POINT (-80.2933259 25.7633959)
2206,,-80.2949719,25.7633493,POINT (-80.2949719 25.7633493)
2207,,-80.2996525,25.7632164,POINT (-80.2996525 25.7632164)
2208,,-80.2998896,25.7632146,POINT (-80.2998896 25.7632146)
2209,,-80.301906,25.7631617,POINT (-80.301906 25.7631617)
2210,,-80.300905,25.7631895,POINT (-80.300905 25.7631895)
2211,,-80.2400968,25.8072233,POINT (-80.2400968 25.8072233)
2212,,-80.1929002,25.7460953,POINT (-80.1929002 25.7460953)
2213,,-80.1922999,25.7462802,POINT (-80.1922999 25.7462802)
2214,,-80.2064639,25.8286299,POINT (-80.2064639 25.8286299)
2215,,-80.2064492,25.817368,POINT (-80.2064492 25.817368)
2216,,-80.2062225,25.8391628,POINT (-80.2062225 25.8391628)
2217,,-80.2061984,25.8361223,POINT (-80.2061984 25.8361223)
2218,,-80.2062618,25.8324043,POINT (-80.2062618 25.8324043)
2219,,-80.2063056,25.8160087,POINT (-80.2063056 25.8160087)
2220,,-80.2059191,25.8051458,POINT (-80.2059191 25.8051458)
2221,,-80.2055108,25.7928554,POINT (-80.2055108 25.7928554)
2222,,-80.2073087,25.7891399,POINT (-80.2073087 25.7891399)
2223,,-80.2052597,25.7912763,POINT (-80.2052597 25.7912763)
2224,,-80.1973148,25.7873474,POINT (-80.1973148 25.7873474)
2225,,-80.2035855,25.7875227,POINT (-80.2035855 25.7875227)
2226,,-80.201921,25.7844125,POINT (-80.201921 25.7844125)
2227,,-80.1998802,25.7758468,POINT (-80.1998802 25.7758468)
2228,,-80.1954878,25.772061,POINT (-80.1954878 25.772061)
2229,,-80.1937844,25.7718377,POINT (-80.1937844 25.7718377)
2230,,-80.2607328,25.7857319,POINT (-80.2607328 25.7857319)
2231,,-80.2526911,25.7856495,POINT (-80.2526911 25.7856495)
2232,,-80.2639748,25.7851201,POINT (-80.2639748 25.7851201)
2233,,-80.2442148,25.7843505,POINT (-80.2442148 25.7843505)
2234,,-80.2558734,25.7855755,POINT (-80.2558734 25.7855755)
2235,,-80.2558592,25.7851663,POINT (-80.2558592 25.7851663)
2236,,-80.2554162,25.7855443,POINT (-80.2554162 25.7855443)
2237,,-80.2402904,25.7843839,POINT (-80.2402904 25.7843839)
2238,,-80.2024687,25.7671118,POINT (-80.2024687 25.7671118)
2239,,-80.2366291,25.7844926,POINT (-80.2366291 25.7844926)
2240,,-80.2363314,25.7846342,POINT (-80.2363314 25.7846342)
2241,,-80.2433853,25.7846433,POINT (-80.2433853 25.7846433)
2242,,-80.2388508,25.7853083,POINT (-80.2388508 25.7853083)
2243,,-80.2310292,25.7823771,POINT (-80.2310292 25.7823771)
2244,,-80.2271535,25.782087,POINT (-80.2271535 25.782087)
2245,,-80.2132184,25.7860432,POINT (-80.2132184 25.7860432)
2246,,-80.2122855,25.7864549,POINT (-80.2122855 25.7864549)
2247,,-80.2079054,25.7884433,POINT (-80.2079054 25.7884433)
2248,,-80.2145328,25.7843302,POINT (-80.2145328 25.7843302)
2249,,-80.2148651,25.785717,POINT (-80.2148651 25.785717)
2250,,-80.2120864,25.7867485,POINT (-80.2120864 25.7867485)
2251,,-80.2139651,25.786144,POINT (-80.2139651 25.786144)
2252,,-80.2034807,25.786421,POINT (-80.2034807 25.786421)
2253,,-80.205394,25.7887655,POINT (-80.205394 25.7887655)
2254,,-80.2023005,25.7891741,POINT (-80.2023005 25.7891741)
2255,,-80.2026507,25.7853648,POINT (-80.2026507 25.7853648)
2256,,-80.2090105,25.7882974,POINT (-80.2090105 25.7882974)
2257,,-80.2105855,25.7875147,POINT (-80.2105855 25.7875147)
2258,,-80.2105628,25.787781,POINT (-80.2105628 25.787781)
2259,,-80.1952222,25.7863992,POINT (-80.1952222 25.7863992)
2260,,-80.1906749,25.7857468,POINT (-80.1906749 25.7857468)
2261,,-80.1920094,25.7855691,POINT (-80.1920094 25.7855691)
2262,,-80.1854297,25.7869945,POINT (-80.1854297 25.7869945)
2263,,-80.1959558,25.786923,POINT (-80.1959558 25.786923)
2264,,-80.1965029,25.7871686,POINT (-80.1965029 25.7871686)
2265,,-80.1987757,25.7881866,POINT (-80.1987757 25.7881866)
2266,,-80.1938382,25.7856602,POINT (-80.1938382 25.7856602)
2267,,-80.1916623,25.785442,POINT (-80.1916623 25.785442)
2268,,-80.1906525,25.7854819,POINT (-80.1906525 25.7854819)
2269,,-80.1906452,25.7851019,POINT (-80.1906452 25.7851019)
2270,,-80.1923458,25.7860289,POINT (-80.1923458 25.7860289)
2271,,-80.192372,25.786947,POINT (-80.192372 25.786947)
2272,,-80.1853261,25.7872133,POINT (-80.1853261 25.7872133)
2273,,-80.187991,25.7870512,POINT (-80.187991 25.7870512)
2274,,-80.1793098,25.7875587,POINT (-80.1793098 25.7875587)
2275,,-80.1859132,25.8107738,POINT (-80.1859132 25.8107738)
2276,,-80.1792867,25.7873423,POINT (-80.1792867 25.7873423)
2277,,-80.1748812,25.7836284,POINT (-80.1748812 25.7836284)
2278,,-80.1716373,25.7745844,POINT (-80.1716373 25.7745844)
2279,,-80.1745695,25.7840321,POINT (-80.1745695 25.7840321)
2280,,-80.1739305,25.7825072,POINT (-80.1739305 25.7825072)
2281,,-80.2041358,25.7511401,POINT (-80.2041358 25.7511401)
2282,,-80.2022501,25.7547316,POINT (-80.2022501 25.7547316)
2283,,-80.2085971,25.7501815,POINT (-80.2085971 25.7501815)
2284,,-80.2100808,25.7499589,POINT (-80.2100808 25.7499589)
2285,,-80.2195227,25.746692,POINT (-80.2195227 25.746692)
2286,,-80.2024762,25.7548167,POINT (-80.2024762 25.7548167)
2287,,-80.1867175,25.8107355,POINT (-80.1867175 25.8107355)
2288,,-80.1999189,25.7634155,POINT (-80.1999189 25.7634155)
2289,,-80.2002016,25.7675478,POINT (-80.2002016 25.7675478)
2290,,-80.1922402,25.7714366,POINT (-80.1922402 25.7714366)
2291,,-80.1996639,25.7766671,POINT (-80.1996639 25.7766671)
2292,,-80.1999267,25.7809843,POINT (-80.1999267 25.7809843)
2293,,-80.1995618,25.774569,POINT (-80.1995618 25.774569)
2294,,-80.198992,25.7725274,POINT (-80.198992 25.7725274)
2295,,-80.1992467,25.7711425,POINT (-80.1992467 25.7711425)
2296,,-80.199828,25.7747901,POINT (-80.199828 25.7747901)
2297,,-80.1991726,25.7723224,POINT (-80.1991726 25.7723224)
2298,,-80.1758285,25.7845034,POINT (-80.1758285 25.7845034)
2299,,-80.1729933,25.7830292,POINT (-80.1729933 25.7830292)
2300,,-80.172981,25.783114,POINT (-80.172981 25.783114)
2301,,-80.1731684,25.7820279,POINT (-80.1731684 25.7820279)
2302,,-80.1737872,25.782787,POINT (-80.1737872 25.782787)
2303,,-80.1883173,25.7797215,POINT (-80.1883173 25.7797215)
2304,,-80.1878627,25.7801164,POINT (-80.1878627 25.7801164)
2305,,-80.1747317,25.7757377,POINT (-80.1747317 25.7757377)
2306,,-80.1685378,25.7900793,POINT (-80.1685378 25.7900793)
2307,,-80.1695286,25.7907726,POINT (-80.1695286 25.7907726)
2308,,-80.1697685,25.8105398,POINT (-80.1697685 25.8105398)
2309,,-80.1990165,25.8114748,POINT (-80.1990165 25.8114748)
2310,,-80.1817624,25.8108476,POINT (-80.1817624 25.8108476)
2311,,-80.1858921,25.8123999,POINT (-80.1858921 25.8123999)
2312,,-80.1899314,25.8114918,POINT (-80.1899314 25.8114918)
2313,,-80.1999818,25.8116815,POINT (-80.1999818 25.8116815)
2314,,-80.202373,25.812193,POINT (-80.202373 25.812193)
2315,,-80.2144973,25.8126152,POINT (-80.2144973 25.8126152)
2316,,-80.1862251,25.8124944,POINT (-80.1862251 25.8124944)
2317,,-80.2056902,25.8162185,POINT (-80.2056902 25.8162185)
2318,,-80.206055,25.8186161,POINT (-80.206055 25.8186161)
2319,,-80.2125726,25.8123505,POINT (-80.2125726 25.8123505)
2320,,-80.2071171,25.8136505,POINT (-80.2071171 25.8136505)
2321,,-80.2110088,25.812272,POINT (-80.2110088 25.812272)
2322,,-80.2064021,25.8230697,POINT (-80.2064021 25.8230697)
2323,,-80.2063249,25.8077579,POINT (-80.2063249 25.8077579)
2324,,-80.2122579,25.8128729,POINT (-80.2122579 25.8128729)
2325,,-80.2155035,25.8125737,POINT (-80.2155035 25.8125737)
2326,,-80.211514,25.8128161,POINT (-80.211514 25.8128161)
2327,,-80.2065685,25.8158928,POINT (-80.2065685 25.8158928)
2328,,-80.2057346,25.8074191,POINT (-80.2057346 25.8074191)
2329,,-80.2054994,25.80966,POINT (-80.2054994 25.80966)
2330,,-80.2060019,25.8159707,POINT (-80.2060019 25.8159707)
2331,,-80.2158357,25.8128545,POINT (-80.2158357 25.8128545)
2332,,-80.2259639,25.812349,POINT (-80.2259639 25.812349)
2333,,-80.2274686,25.812633,POINT (-80.2274686 25.812633)
2334,,-80.2187186,25.8125263,POINT (-80.2187186 25.8125263)
2335,,-80.205958,25.8292403,POINT (-80.205958 25.8292403)
2336,,-80.2054,25.8309985,POINT (-80.2054 25.8309985)
2337,,-80.2058634,25.8358932,POINT (-80.2058634 25.8358932)
2338,,-80.2065393,25.8441009,POINT (-80.2065393 25.8441009)
2339,,-80.2071455,25.8465655,POINT (-80.2071455 25.8465655)
2340,,-80.2511437,25.7348314,POINT (-80.2511437 25.7348314)
2341,,-80.2506234,25.7351762,POINT (-80.2506234 25.7351762)
2342,,-80.2481036,25.7361313,POINT (-80.2481036 25.7361313)
2343,,-80.2477423,25.7362635,POINT (-80.2477423 25.7362635)
2344,,-80.2377937,25.7398926,POINT (-80.2377937 25.7398926)
2345,,-80.2367942,25.7402529,POINT (-80.2367942 25.7402529)
2346,,-80.2411579,25.7386647,POINT (-80.2411579 25.7386647)
2347,,-80.2403542,25.7389623,POINT (-80.2403542 25.7389623)
2348,,-80.2418876,25.7383962,POINT (-80.2418876 25.7383962)
2349,,-80.24294,25.7380143,POINT (-80.24294 25.7380143)
2350,,-80.2437629,25.7377135,POINT (-80.2437629 25.7377135)
2351,,-80.2508098,25.7352095,POINT (-80.2508098 25.7352095)
2352,,-80.2503448,25.7351822,POINT (-80.2503448 25.7351822)
2353,,-80.2500552,25.7354228,POINT (-80.2500552 25.7354228)
2354,,-80.2519589,25.7342725,POINT (-80.2519589 25.7342725)
2355,,-80.2527346,25.7336621,POINT (-80.2527346 25.7336621)
2356,,-80.2258711,25.7442449,POINT (-80.2258711 25.7442449)
2357,,-80.2298286,25.7427956,POINT (-80.2298286 25.7427956)
2358,,-80.2297792,25.7429478,POINT (-80.2297792 25.7429478)
2359,,-80.2298069,25.7423153,POINT (-80.2298069 25.7423153)
2360,,-80.2318676,25.7420485,POINT (-80.2318676 25.7420485)
2361,,-80.2338524,25.7413243,POINT (-80.2338524 25.7413243)
2362,,-80.2337622,25.7413572,POINT (-80.2337622 25.7413572)
2363,,-80.2353619,25.7407783,POINT (-80.2353619 25.7407783)
2364,,-80.2340804,25.7412423,POINT (-80.2340804 25.7412423)
2365,,-80.2197395,25.7464818,POINT (-80.2197395 25.7464818)
2366,,-80.2197838,25.7465978,POINT (-80.2197838 25.7465978)
2367,,-80.2122501,25.7491842,POINT (-80.2122501 25.7491842)
2368,,-80.2198289,25.7464512,POINT (-80.2198289 25.7464512)
2369,,-80.2064077,25.7502229,POINT (-80.2064077 25.7502229)
2370,,-80.2041505,25.7504541,POINT (-80.2041505 25.7504541)
2371,,-80.2044582,25.7503838,POINT (-80.2044582 25.7503838)
2372,,-80.205962,25.7502552,POINT (-80.205962 25.7502552)
2373,,-80.2016212,25.7520186,POINT (-80.2016212 25.7520186)
2374,,-80.2029175,25.751115,POINT (-80.2029175 25.751115)
2375,,-80.2030326,25.7508674,POINT (-80.2030326 25.7508674)
2376,,-80.2029173,25.7509467,POINT (-80.2029173 25.7509467)
2377,,-80.2015261,25.7519071,POINT (-80.2015261 25.7519071)
2378,,-80.1989269,25.7536928,POINT (-80.1989269 25.7536928)
2379,,-80.1927824,25.7579915,POINT (-80.1927824 25.7579915)
2380,,-80.1926314,25.7584972,POINT (-80.1926314 25.7584972)
2381,,-80.1923911,25.7594205,POINT (-80.1923911 25.7594205)
2382,,-80.1921422,25.7603578,POINT (-80.1921422 25.7603578)
2383,,-80.191949,25.7611073,POINT (-80.191949 25.7611073)
2384,,-80.1917538,25.761862,POINT (-80.1917538 25.761862)
2385,,-80.191652,25.7622464,POINT (-80.191652 25.7622464)
2386,,-80.1914613,25.7629838,POINT (-80.1914613 25.7629838)
2387,,-80.1911469,25.7641859,POINT (-80.1911469 25.7641859)
2388,,-80.1900614,25.7684342,POINT (-80.1900614 25.7684342)
2389,,-80.1898425,25.7708977,POINT (-80.1898425 25.7708977)
2390,,-80.1888862,25.7709175,POINT (-80.1888862 25.7709175)
2391,,-80.1901341,25.7711326,POINT (-80.1901341 25.7711326)
2392,,-80.1891608,25.7800793,POINT (-80.1891608 25.7800793)
2393,,-80.188877,25.7791861,POINT (-80.188877 25.7791861)
2394,,-80.1894554,25.7810322,POINT (-80.1894554 25.7810322)
2395,,-80.1895464,25.7819898,POINT (-80.1895464 25.7819898)
2396,,-80.1892921,25.7819872,POINT (-80.1892921 25.7819872)
2397,,-80.1895687,25.7829671,POINT (-80.1895687 25.7829671)
2398,,-80.1895645,25.7839293,POINT (-80.1895645 25.7839293)
2399,,-80.1892938,25.7854399,POINT (-80.1892938 25.7854399)
2400,,-80.1890773,25.7863687,POINT (-80.1890773 25.7863687)
2401,,-80.189194,25.7858295,POINT (-80.189194 25.7858295)
2402,,-80.203881,25.7504025,POINT (-80.203881 25.7504025)
2403,,-80.2039735,25.7505107,POINT (-80.2039735 25.7505107)
2404,,-80.2035246,25.750555,POINT (-80.2035246 25.750555)
2405,,-80.202326,25.748875,POINT (-80.202326 25.748875)
2406,,-80.1782959,25.7778933,POINT (-80.1782959 25.7778933)
2407,,-80.1876925,25.7802171,POINT (-80.1876925 25.7802171)
2408,,-80.1764691,25.778291,POINT (-80.1764691 25.778291)
2409,,-80.1769926,25.7782291,POINT (-80.1769926 25.7782291)
2410,,-80.1767036,25.7779908,POINT (-80.1767036 25.7779908)
2411,,-80.173866,25.7775036,POINT (-80.173866 25.7775036)
2412,,-80.1748753,25.7779685,POINT (-80.1748753 25.7779685)
2413,,-80.1744692,25.7774408,POINT (-80.1744692 25.7774408)
2414,,-80.1744831,25.7774168,POINT (-80.1744831 25.7774168)
2415,,-80.1748144,25.7775631,POINT (-80.1748144 25.7775631)
2416,,-80.1747201,25.7770117,POINT (-80.1747201 25.7770117)
2417,,-80.1752479,25.7767486,POINT (-80.1752479 25.7767486)
2418,,-80.1738444,25.7762505,POINT (-80.1738444 25.7762505)
2419,,-80.1771469,25.7771532,POINT (-80.1771469 25.7771532)
2420,,-80.1755783,25.778256,POINT (-80.1755783 25.778256)
2421,,-80.1785229,25.7782456,POINT (-80.1785229 25.7782456)
2422,,-80.1720434,25.7766483,POINT (-80.1720434 25.7766483)
2423,,-80.1711979,25.7762781,POINT (-80.1711979 25.7762781)
2424,,-80.1695021,25.7755315,POINT (-80.1695021 25.7755315)
2425,,-80.1700322,25.7749203,POINT (-80.1700322 25.7749203)
2426,,-80.1685285,25.7750838,POINT (-80.1685285 25.7750838)
2427,,-80.1667959,25.7743709,POINT (-80.1667959 25.7743709)
2428,,-80.1765822,25.7775778,POINT (-80.1765822 25.7775778)
2429,,-80.2226577,25.8171268,POINT (-80.2226577 25.8171268)
2430,,-80.2232172,25.8171075,POINT (-80.2232172 25.8171075)
2431,,-80.1825875,25.8478958,POINT (-80.1825875 25.8478958)
2432,,-80.1758854,25.7769364,POINT (-80.1758854 25.7769364)
2433,,-80.1788466,25.7777499,POINT (-80.1788466 25.7777499)
2434,,-80.1775022,25.7765005,POINT (-80.1775022 25.7765005)
2435,,-80.177293,25.7763123,POINT (-80.177293 25.7763123)
2436,,-80.1770699,25.7761964,POINT (-80.1770699 25.7761964)
2437,,-80.1771986,25.7759491,POINT (-80.1771986 25.7759491)
2438,,-80.1769017,25.7764842,POINT (-80.1769017 25.7764842)
2439,,-80.1687982,25.7741252,POINT (-80.1687982 25.7741252)
2440,,-80.1676656,25.7736352,POINT (-80.1676656 25.7736352)
2441,,-80.1699393,25.7746162,POINT (-80.1699393 25.7746162)
2442,,-80.1692878,25.7743159,POINT (-80.1692878 25.7743159)
2443,,-80.1701539,25.7747033,POINT (-80.1701539 25.7747033)
2444,,-80.1727406,25.7757566,POINT (-80.1727406 25.7757566)
2445,,-80.1720886,25.7753938,POINT (-80.1720886 25.7753938)
2446,,-80.1720115,25.7754311,POINT (-80.1720115 25.7754311)
2447,,-80.1716061,25.7753066,POINT (-80.1716061 25.7753066)
2448,,-80.1706858,25.7749095,POINT (-80.1706858 25.7749095)
2449,,-80.1713996,25.7746373,POINT (-80.1713996 25.7746373)
2450,,-80.1672933,25.7734732,POINT (-80.1672933 25.7734732)
2451,,-80.1657492,25.7728057,POINT (-80.1657492 25.7728057)
2452,,-80.1653928,25.77297,POINT (-80.1653928 25.77297)
2453,,-80.163561,25.7728396,POINT (-80.163561 25.7728396)
2454,,-80.1651116,25.7734085,POINT (-80.1651116 25.7734085)
2455,,-80.249542,25.7648656,POINT (-80.249542 25.7648656)
2456,,-80.1883088,25.8176005,POINT (-80.1883088 25.8176005)
2457,,-80.1884918,25.8168301,POINT (-80.1884918 25.8168301)
2458,,-80.1827948,25.850206,POINT (-80.1827948 25.850206)
2459,,-80.2046124,25.810143,POINT (-80.2046124 25.810143)
2460,,-80.1937419,25.8040091,POINT (-80.1937419 25.8040091)
2461,,-80.1930993,25.8040254,POINT (-80.1930993 25.8040254)
2462,,-80.253102,25.7181135,POINT (-80.253102 25.7181135)
2463,,-80.253131,25.718899,POINT (-80.253131 25.718899)
2464,,-80.2640402,25.786187,POINT (-80.2640402 25.786187)
2465,,-80.264201,25.7861852,POINT (-80.264201 25.7861852)
2466,,-80.2621345,25.7861694,POINT (-80.2621345 25.7861694)
2467,,-80.2640671,25.7863936,POINT (-80.2640671 25.7863936)
2468,,-80.2646679,25.7928633,POINT (-80.2646679 25.7928633)
2469,,-80.2650365,25.7875145,POINT (-80.2650365 25.7875145)
2470,,-80.2643626,25.7870496,POINT (-80.2643626 25.7870496)
2471,,-80.2641684,25.7842786,POINT (-80.2641684 25.7842786)
2472,,-80.2656083,25.7861561,POINT (-80.2656083 25.7861561)
2473,,-80.2641555,25.7831702,POINT (-80.2641555 25.7831702)
2474,,-80.2639987,25.7842096,POINT (-80.2639987 25.7842096)
2475,,-80.2650792,25.789179,POINT (-80.2650792 25.789179)
2476,,-80.2223178,25.8171305,POINT (-80.2223178 25.8171305)
2477,,-80.2658096,25.7850758,POINT (-80.2658096 25.7850758)
2478,,-80.2642,25.7872765,POINT (-80.2642 25.7872765)
2479,,-80.2644522,25.7932675,POINT (-80.2644522 25.7932675)
2480,,-80.2641944,25.7894126,POINT (-80.2641944 25.7894126)
2481,,-80.2642228,25.7916711,POINT (-80.2642228 25.7916711)
2482,,-80.2642214,25.7926342,POINT (-80.2642214 25.7926342)
2483,,-80.2651232,25.7918203,POINT (-80.2651232 25.7918203)
2484,,-80.2640566,25.7883844,POINT (-80.2640566 25.7883844)
2485,,-80.2056962,25.7528593,POINT (-80.2056962 25.7528593)
2486,,-80.2061549,25.7530484,POINT (-80.2061549 25.7530484)
2487,,-80.2057297,25.7525071,POINT (-80.2057297 25.7525071)
2488,,-80.2041919,25.7507717,POINT (-80.2041919 25.7507717)
2489,,-80.2047558,25.751429,POINT (-80.2047558 25.751429)
2490,,-80.2048655,25.7513554,POINT (-80.2048655 25.7513554)
2491,,-80.2049559,25.751748,POINT (-80.2049559 25.751748)
2492,,-80.2052563,25.7524619,POINT (-80.2052563 25.7524619)
2493,,-80.2046172,25.7528746,POINT (-80.2046172 25.7528746)
2494,,-80.1934734,25.7708883,POINT (-80.1934734 25.7708883)
2495,,-80.193173,25.7625652,POINT (-80.193173 25.7625652)
2496,,-80.193208,25.7635266,POINT (-80.193208 25.7635266)
2497,,-80.2007448,25.7657917,POINT (-80.2007448 25.7657917)
2498,,-80.1991551,25.7657857,POINT (-80.1991551 25.7657857)
2499,,-80.1999705,25.7652348,POINT (-80.1999705 25.7652348)
2500,,-80.1901021,25.771965,POINT (-80.1901021 25.771965)
2501,,-80.1901491,25.7718509,POINT (-80.1901491 25.7718509)
2502,,-80.1900128,25.7717725,POINT (-80.1900128 25.7717725)
2503,,-80.1899308,25.7716794,POINT (-80.1899308 25.7716794)
2504,,-80.1889229,25.7717968,POINT (-80.1889229 25.7717968)
2505,,-80.1873213,25.7719758,POINT (-80.1873213 25.7719758)
2506,,-80.1899683,25.7855037,POINT (-80.1899683 25.7855037)
2507,,-80.194058,25.786996,POINT (-80.194058 25.786996)
2508,,-80.1933178,25.7870175,POINT (-80.1933178 25.7870175)
2509,,-80.1982888,25.788407,POINT (-80.1982888 25.788407)
2510,,-80.1983362,25.7881422,POINT (-80.1983362 25.7881422)
2511,,-80.1986977,25.7881367,POINT (-80.1986977 25.7881367)
2512,,-80.197518,25.7881732,POINT (-80.197518 25.7881732)
2513,,-80.1767174,25.8552029,POINT (-80.1767174 25.8552029)
2514,,-80.1766909,25.8554045,POINT (-80.1766909 25.8554045)
2515,,-80.176691,25.854532,POINT (-80.176691 25.854532)
2516,,-80.176768,25.8554263,POINT (-80.176768 25.8554263)
2517,,-80.1767648,25.8554153,POINT (-80.1767648 25.8554153)
2518,,-80.1766809,25.8554266,POINT (-80.1766809 25.8554266)
2519,,-80.1767014,25.8554705,POINT (-80.1767014 25.8554705)
2520,,-80.2395921,25.7916274,POINT (-80.2395921 25.7916274)
2521,,-80.2395465,25.7919304,POINT (-80.2395465 25.7919304)
2522,,-80.2392299,25.7917516,POINT (-80.2392299 25.7917516)
2523,,-80.240162,25.7922491,POINT (-80.240162 25.7922491)
2524,,-80.2400641,25.7918748,POINT (-80.2400641 25.7918748)
2525,,-80.2397437,25.7916455,POINT (-80.2397437 25.7916455)
2526,,-80.2317197,25.7914811,POINT (-80.2317197 25.7914811)
2527,,-80.2314127,25.7911842,POINT (-80.2314127 25.7911842)
2528,,-80.2314232,25.7917423,POINT (-80.2314232 25.7917423)
2529,,-80.2313341,25.7871227,POINT (-80.2313341 25.7871227)
2530,,-80.2312825,25.7908641,POINT (-80.2312825 25.7908641)
2531,,-80.2313174,25.7915258,POINT (-80.2313174 25.7915258)
2532,,-80.2314309,25.7921563,POINT (-80.2314309 25.7921563)
2533,,-80.2314404,25.7924447,POINT (-80.2314404 25.7924447)
2534,,-80.2198731,25.7465636,POINT (-80.2198731 25.7465636)
2535,,-80.2211694,25.7864603,POINT (-80.2211694 25.7864603)
2536,,-80.219639,25.7874552,POINT (-80.219639 25.7874552)
2537,,-80.219408,25.7871848,POINT (-80.219408 25.7871848)
2538,,-80.2207688,25.786309,POINT (-80.2207688 25.786309)
2539,,-80.2077734,25.7776122,POINT (-80.2077734 25.7776122)
2540,,-80.206476,25.7787633,POINT (-80.206476 25.7787633)
2541,,-80.2054275,25.8319979,POINT (-80.2054275 25.8319979)
2542,,-80.2062432,25.8320462,POINT (-80.2062432 25.8320462)
2543,,-80.2198102,25.7470909,POINT (-80.2198102 25.7470909)
2544,,-80.2198267,25.7470434,POINT (-80.2198267 25.7470434)
2545,,-80.2062266,25.8309031,POINT (-80.2062266 25.8309031)
2546,,-80.2066349,25.824747,POINT (-80.2066349 25.824747)
2547,,-80.1872362,25.7716186,POINT (-80.1872362 25.7716186)
2548,,-80.1873027,25.7718806,POINT (-80.1873027 25.7718806)
2549,,-80.187217,25.7720101,POINT (-80.187217 25.7720101)
2550,,-80.2396925,25.788018,POINT (-80.2396925 25.788018)
2551,,-80.2396645,25.7868731,POINT (-80.2396645 25.7868731)
2552,,-80.2397609,25.7897341,POINT (-80.2397609 25.7897341)
2553,,-80.2397437,25.7894654,POINT (-80.2397437 25.7894654)
2554,,-80.2394439,25.784691,POINT (-80.2394439 25.784691)
2555,,-80.2396001,25.7850977,POINT (-80.2396001 25.7850977)
2556,,-80.2402474,25.7852449,POINT (-80.2402474 25.7852449)
2557,,-80.2395366,25.7857082,POINT (-80.2395366 25.7857082)
2558,,-80.2395358,25.7831102,POINT (-80.2395358 25.7831102)
2559,,-80.2393886,25.7830488,POINT (-80.2393886 25.7830488)
2560,,-80.2395144,25.7824432,POINT (-80.2395144 25.7824432)
2561,,-80.2395554,25.7837293,POINT (-80.2395554 25.7837293)
2562,,-80.2395351,25.7831709,POINT (-80.2395351 25.7831709)
2563,,-80.2395156,25.7868762,POINT (-80.2395156 25.7868762)
2564,,-80.241118,25.786839,POINT (-80.241118 25.786839)
2565,,-80.2396508,25.7860959,POINT (-80.2396508 25.7860959)
2566,,-80.2397207,25.7888728,POINT (-80.2397207 25.7888728)
2567,,-80.2398022,25.7910808,POINT (-80.2398022 25.7910808)
2568,,-80.2398828,25.8007638,POINT (-80.2398828 25.8007638)
2569,,-80.2232744,25.7872965,POINT (-80.2232744 25.7872965)
2570,,-80.2230249,25.7873524,POINT (-80.2230249 25.7873524)
2571,,-80.2192159,25.7856247,POINT (-80.2192159 25.7856247)
2572,,-80.2147481,25.7847578,POINT (-80.2147481 25.7847578)
2573,,-80.2146602,25.7843242,POINT (-80.2146602 25.7843242)
2574,,-80.2159519,25.8164364,POINT (-80.2159519 25.8164364)
2575,,-80.215956,25.8165666,POINT (-80.215956 25.8165666)
2576,,-80.2159291,25.815724,POINT (-80.2159291 25.815724)
2577,,-80.2216097,25.8171486,POINT (-80.2216097 25.8171486)
2578,,-80.221145,25.8171604,POINT (-80.221145 25.8171604)
2579,,-80.2219171,25.8171407,POINT (-80.2219171 25.8171407)
2580,,-80.2221502,25.8171348,POINT (-80.2221502 25.8171348)
2581,,-80.2188916,25.8120438,POINT (-80.2188916 25.8120438)
2582,,-80.2178564,25.8120728,POINT (-80.2178564 25.8120728)
2583,,-80.1730552,25.7834304,POINT (-80.1730552 25.7834304)
2584,,-80.173387,25.7831281,POINT (-80.173387 25.7831281)
2585,,-80.2397047,25.7919666,POINT (-80.2397047 25.7919666)
2586,,-80.231836,25.8037625,POINT (-80.231836 25.8037625)
2587,,-80.2318336,25.8037067,POINT (-80.2318336 25.8037067)
2588,,-80.2319074,25.8056357,POINT (-80.2319074 25.8056357)
2589,,-80.2061799,25.7783851,POINT (-80.2061799 25.7783851)
2590,,-80.2047699,25.7844123,POINT (-80.2047699 25.7844123)
2591,,-80.2404009,25.7905434,POINT (-80.2404009 25.7905434)
2592,,-80.2397862,25.7905614,POINT (-80.2397862 25.7905614)
2593,,-80.240401,25.7906005,POINT (-80.240401 25.7906005)
2594,,-80.1907089,25.791296,POINT (-80.1907089 25.791296)
2595,,-80.1947369,25.792491,POINT (-80.1947369 25.792491)
2596,,-80.2228551,25.8318502,POINT (-80.2228551 25.8318502)
2597,,-80.2249044,25.8317727,POINT (-80.2249044 25.8317727)
2598,,-80.2392468,25.7738897,POINT (-80.2392468 25.7738897)
2599,,-80.2391199,25.7750033,POINT (-80.2391199 25.7750033)
2600,,-80.2392961,25.7755342,POINT (-80.2392961 25.7755342)
2601,,-80.2391416,25.7755401,POINT (-80.2391416 25.7755401)
2602,,-80.2391711,25.7763362,POINT (-80.2391711 25.7763362)
2603,,-80.23932,25.7763306,POINT (-80.23932 25.7763306)
2604,,-80.2393112,25.7760379,POINT (-80.2393112 25.7760379)
2605,,-80.2392204,25.7778841,POINT (-80.2392204 25.7778841)
2606,,-80.2393434,25.7771077,POINT (-80.2393434 25.7771077)
2607,,-80.2393666,25.7778802,POINT (-80.2393666 25.7778802)
2608,,-80.23939,25.7786593,POINT (-80.23939 25.7786593)
2609,,-80.2393321,25.7813878,POINT (-80.2393321 25.7813878)
2610,,-80.2394717,25.7813831,POINT (-80.2394717 25.7813831)
2611,,-80.2044014,25.7507581,POINT (-80.2044014 25.7507581)
2612,,-80.2045952,25.7509923,POINT (-80.2045952 25.7509923)
2613,,-80.2051487,25.7511591,POINT (-80.2051487 25.7511591)
2614,,-80.2045283,25.7511756,POINT (-80.2045283 25.7511756)
2615,,-80.2046857,25.7513351,POINT (-80.2046857 25.7513351)
2616,,-80.2045094,25.7514528,POINT (-80.2045094 25.7514528)
2617,,-80.2050339,25.7516125,POINT (-80.2050339 25.7516125)
2618,,-80.2056353,25.7524013,POINT (-80.2056353 25.7524013)
2619,,-80.2055279,25.7522692,POINT (-80.2055279 25.7522692)
2620,,-80.219677,25.7858986,POINT (-80.219677 25.7858986)
2621,,-80.2189191,25.7874814,POINT (-80.2189191 25.7874814)
2622,,-80.3121683,25.7683737,POINT (-80.3121683 25.7683737)
2623,,-80.3122011,25.768788,POINT (-80.3122011 25.768788)
2624,,-80.3121844,25.7680827,POINT (-80.3121844 25.7680827)
2625,,-80.1767542,25.8554655,POINT (-80.1767542 25.8554655)
2626,,-80.1944272,25.7760582,POINT (-80.1944272 25.7760582)
2627,,-80.1952348,25.7760483,POINT (-80.1952348 25.7760483)
2628,,-80.1873724,25.7753074,POINT (-80.1873724 25.7753074)
2629,,-80.1878348,25.775304,POINT (-80.1878348 25.775304)
2630,,-80.1924255,25.8378658,POINT (-80.1924255 25.8378658)
2631,,-80.2358721,25.7405905,POINT (-80.2358721 25.7405905)
2632,,-80.2435434,25.7280417,POINT (-80.2435434 25.7280417)
2633,,-80.2434798,25.7280443,POINT (-80.2434798 25.7280443)
2634,,-80.2364694,25.7830796,POINT (-80.2364694 25.7830796)
2635,,-80.2354994,25.7831082,POINT (-80.2354994 25.7831082)
2636,,-80.188141,25.7801812,POINT (-80.188141 25.7801812)
2637,,-80.2196525,25.805519,POINT (-80.2196525 25.805519)
2638,,-80.2196101,25.8047477,POINT (-80.2196101 25.8047477)
2639,,-80.2693412,25.7787113,POINT (-80.2693412 25.7787113)
2640,,-80.268456,25.778704,POINT (-80.268456 25.778704)
2641,,-80.2315663,25.77127,POINT (-80.2315663 25.77127)
2642,,-80.2309826,25.7712035,POINT (-80.2309826 25.7712035)
2643,,-80.2312685,25.7725616,POINT (-80.2312685 25.7725616)
2644,,-80.187504,25.776277,POINT (-80.187504 25.776277)
2645,,-80.2061127,25.7785995,POINT (-80.2061127 25.7785995)
2646,,-80.2063764,25.7785707,POINT (-80.2063764 25.7785707)
2647,,-80.2072649,25.7776307,POINT (-80.2072649 25.7776307)
2648,,-80.2073676,25.7779069,POINT (-80.2073676 25.7779069)
2649,,-80.2061697,25.7774105,POINT (-80.2061697 25.7774105)
2650,,-80.2045734,25.7786442,POINT (-80.2045734 25.7786442)
2651,,-80.2067044,25.7784396,POINT (-80.2067044 25.7784396)
2652,,-80.2062303,25.7783706,POINT (-80.2062303 25.7783706)
2653,,-80.2029711,25.7875151,POINT (-80.2029711 25.7875151)
2654,,-80.2379301,25.7398451,POINT (-80.2379301 25.7398451)
2655,,-80.2418965,25.7385262,POINT (-80.2418965 25.7385262)
2656,,-80.2378172,25.7407484,POINT (-80.2378172 25.7407484)
2657,,-80.2379485,25.7407217,POINT (-80.2379485 25.7407217)
2658,,-80.2378685,25.7418744,POINT (-80.2378685 25.7418744)
2659,,-80.2378806,25.7421871,POINT (-80.2378806 25.7421871)
2660,,-80.2379865,25.7419955,POINT (-80.2379865 25.7419955)
2661,,-80.237896,25.7425409,POINT (-80.237896 25.7425409)
2662,,-80.2380068,25.7425374,POINT (-80.2380068 25.7425374)
2663,,-80.2380404,25.7433701,POINT (-80.2380404 25.7433701)
2664,,-80.2380738,25.7443071,POINT (-80.2380738 25.7443071)
2665,,-80.2381068,25.7452252,POINT (-80.2381068 25.7452252)
2666,,-80.2381417,25.7461341,POINT (-80.2381417 25.7461341)
2667,,-80.2381551,25.746426,POINT (-80.2381551 25.746426)
2668,,-80.2381641,25.7466408,POINT (-80.2381641 25.7466408)
2669,,-80.2381946,25.747526,POINT (-80.2381946 25.747526)
2670,,-80.238231,25.7484751,POINT (-80.238231 25.7484751)
2671,,-80.2382654,25.7494195,POINT (-80.2382654 25.7494195)
2672,,-80.2382447,25.7488535,POINT (-80.2382447 25.7488535)
2673,,-80.2382989,25.7503959,POINT (-80.2382989 25.7503959)
2674,,-80.2382933,25.7502751,POINT (-80.2382933 25.7502751)
2675,,-80.2395948,25.7503646,POINT (-80.2395948 25.7503646)
2676,,-80.2383229,25.7508257,POINT (-80.2383229 25.7508257)
2677,,-80.2383573,25.7517384,POINT (-80.2383573 25.7517384)
2678,,-80.238248,25.7518418,POINT (-80.238248 25.7518418)
2679,,-80.2382713,25.7524586,POINT (-80.2382713 25.7524586)
2680,,-80.2383909,25.7525681,POINT (-80.2383909 25.7525681)
2681,,-80.2383984,25.7527154,POINT (-80.2383984 25.7527154)
2682,,-80.2384223,25.7533104,POINT (-80.2384223 25.7533104)
2683,,-80.2384491,25.7540418,POINT (-80.2384491 25.7540418)
2684,,-80.2384913,25.7549808,POINT (-80.2384913 25.7549808)
2685,,-80.2385273,25.7559094,POINT (-80.2385273 25.7559094)
2686,,-80.238536,25.7560297,POINT (-80.238536 25.7560297)
2687,,-80.2385648,25.75683,POINT (-80.2385648 25.75683)
2688,,-80.2386019,25.7577701,POINT (-80.2386019 25.7577701)
2689,,-80.2384889,25.7577921,POINT (-80.2384889 25.7577921)
2690,,-80.2406113,25.7577132,POINT (-80.2406113 25.7577132)
2691,,-80.1877016,25.7743229,POINT (-80.1877016 25.7743229)
2692,,-80.2386406,25.7586933,POINT (-80.2386406 25.7586933)
2693,,-80.2385559,25.7595062,POINT (-80.2385559 25.7595062)
2694,,-80.238677,25.7596215,POINT (-80.238677 25.7596215)
2695,,-80.238682,25.7597357,POINT (-80.238682 25.7597357)
2696,,-80.2387172,25.7605425,POINT (-80.2387172 25.7605425)
2697,,-80.2387515,25.7614795,POINT (-80.2387515 25.7614795)
2698,,-80.2387805,25.7621743,POINT (-80.2387805 25.7621743)
2699,,-80.2387973,25.7625232,POINT (-80.2387973 25.7625232)
2700,,-80.2388148,25.7629769,POINT (-80.2388148 25.7629769)
2701,,-80.23872,25.7636919,POINT (-80.23872 25.7636919)
2702,,-80.2388432,25.7637777,POINT (-80.2388432 25.7637777)
2703,,-80.238848,25.7638957,POINT (-80.238848 25.7638957)
2704,,-80.239011,25.7676849,POINT (-80.239011 25.7676849)
2705,,-80.239036,25.7684022,POINT (-80.239036 25.7684022)
2706,,-80.2390156,25.7678141,POINT (-80.2390156 25.7678141)
2707,,-80.239074,25.769418,POINT (-80.239074 25.769418)
2708,,-80.2390426,25.7685495,POINT (-80.2390426 25.7685495)
2709,,-80.2391096,25.7703732,POINT (-80.2391096 25.7703732)
2710,,-80.2390802,25.7695858,POINT (-80.2390802 25.7695858)
2711,,-80.2391489,25.7713399,POINT (-80.2391489 25.7713399)
2712,,-80.2401106,25.772302,POINT (-80.2401106 25.772302)
2713,,-80.2393887,25.7831288,POINT (-80.2393887 25.7831288)
2714,,-80.2384434,25.7830248,POINT (-80.2384434 25.7830248)
2715,,-80.2405221,25.7831423,POINT (-80.2405221 25.7831423)
2716,,-80.2409906,25.7831282,POINT (-80.2409906 25.7831282)
2717,,-80.2402273,25.7831233,POINT (-80.2402273 25.7831233)
2718,,-80.2633424,25.7666136,POINT (-80.2633424 25.7666136)
2719,,-80.2633989,25.7677927,POINT (-80.2633989 25.7677927)
2720,,-80.263434,25.7685246,POINT (-80.263434 25.7685246)
2721,,-80.263545,25.7679365,POINT (-80.263545 25.7679365)
2722,,-80.2634738,25.7693075,POINT (-80.2634738 25.7693075)
2723,,-80.2634792,25.7694123,POINT (-80.2634792 25.7694123)
2724,,-80.2635132,25.7700884,POINT (-80.2635132 25.7700884)
2725,,-80.2635256,25.7703348,POINT (-80.2635256 25.7703348)
2726,,-80.2636636,25.7703301,POINT (-80.2636636 25.7703301)
2727,,-80.2635977,25.7717338,POINT (-80.2635977 25.7717338)
2728,,-80.263672,25.7732616,POINT (-80.263672 25.7732616)
2729,,-80.2636822,25.7734457,POINT (-80.2636822 25.7734457)
2730,,-80.2637724,25.7751558,POINT (-80.2637724 25.7751558)
2731,,-80.2638126,25.7758926,POINT (-80.2638126 25.7758926)
2732,,-80.2638564,25.7765767,POINT (-80.2638564 25.7765767)
2733,,-80.2638563,25.7767057,POINT (-80.2638563 25.7767057)
2734,,-80.2638871,25.7772863,POINT (-80.2638871 25.7772863)
2735,,-80.2640137,25.7769452,POINT (-80.2640137 25.7769452)
2736,,-80.2639267,25.7779783,POINT (-80.2639267 25.7779783)
2737,,-80.263976,25.7803577,POINT (-80.263976 25.7803577)
2738,,-80.2639786,25.7805805,POINT (-80.2639786 25.7805805)
2739,,-80.2641339,25.7806021,POINT (-80.2641339 25.7806021)
2740,,-80.263985,25.7824515,POINT (-80.263985 25.7824515)
2741,,-80.2641348,25.7808005,POINT (-80.2641348 25.7808005)
2742,,-80.2630255,25.7824694,POINT (-80.2630255 25.7824694)
2743,,-80.2879863,25.7673164,POINT (-80.2879863 25.7673164)
2744,,-80.28798,25.767184,POINT (-80.28798 25.767184)
2745,,-80.2883433,25.7775703,POINT (-80.2883433 25.7775703)
2746,,-80.288324,25.777081,POINT (-80.288324 25.777081)
2747,,-80.2882994,25.777938,POINT (-80.2882994 25.777938)
2748,,-80.2882931,25.7780522,POINT (-80.2882931 25.7780522)
2749,,-80.2884389,25.7780579,POINT (-80.2884389 25.7780579)
2750,,-80.2883277,25.779424,POINT (-80.2883277 25.779424)
2751,,-80.2883356,25.7797149,POINT (-80.2883356 25.7797149)
2752,,-80.2884885,25.7796853,POINT (-80.2884885 25.7796853)
2753,,-80.2884967,25.7800018,POINT (-80.2884967 25.7800018)
2754,,-80.2523021,25.7351203,POINT (-80.2523021 25.7351203)
2755,,-80.253046,25.7351,POINT (-80.253046 25.7351)
2756,,-80.2509355,25.7351292,POINT (-80.2509355 25.7351292)
2757,,-80.2512218,25.7352231,POINT (-80.2512218 25.7352231)
2758,,-80.2300472,25.7428481,POINT (-80.2300472 25.7428481)
2759,,-80.2298892,25.7429062,POINT (-80.2298892 25.7429062)
2760,,-80.2297887,25.7432783,POINT (-80.2297887 25.7432783)
2761,,-80.2299766,25.7432292,POINT (-80.2299766 25.7432292)
2762,,-80.2298092,25.7440071,POINT (-80.2298092 25.7440071)
2763,,-80.2299114,25.7435035,POINT (-80.2299114 25.7435035)
2764,,-80.2298329,25.7446967,POINT (-80.2298329 25.7446967)
2765,,-80.2298423,25.7449498,POINT (-80.2298423 25.7449498)
2766,,-80.2197737,25.746872,POINT (-80.2197737 25.746872)
2767,,-80.1879383,25.7876502,POINT (-80.1879383 25.7876502)
2768,,-80.1874632,25.789085,POINT (-80.1874632 25.789085)
2769,,-80.1870023,25.7898379,POINT (-80.1870023 25.7898379)
2770,,-80.1865441,25.7896174,POINT (-80.1865441 25.7896174)
2771,,-80.187022,25.7906084,POINT (-80.187022 25.7906084)
2772,,-80.1870382,25.7912341,POINT (-80.1870382 25.7912341)
2773,,-80.1871705,25.7914797,POINT (-80.1871705 25.7914797)
2774,,-80.1871779,25.7915622,POINT (-80.1871779 25.7915622)
2775,,-80.1870484,25.7916858,POINT (-80.1870484 25.7916858)
2776,,-80.1870508,25.7917894,POINT (-80.1870508 25.7917894)
2777,,-80.187072,25.7920299,POINT (-80.187072 25.7920299)
2778,,-80.1871824,25.7918967,POINT (-80.1871824 25.7918967)
2779,,-80.1864181,25.7936086,POINT (-80.1864181 25.7936086)
2780,,-80.1872817,25.792134,POINT (-80.1872817 25.792134)
2781,,-80.1873077,25.7935856,POINT (-80.1873077 25.7935856)
2782,,-80.1907613,25.7934963,POINT (-80.1907613 25.7934963)
2783,,-80.1899077,25.7936135,POINT (-80.1899077 25.7936135)
2784,,-80.1889938,25.793542,POINT (-80.1889938 25.793542)
2785,,-80.1881924,25.7936571,POINT (-80.1881924 25.7936571)
2786,,-80.1878315,25.7936663,POINT (-80.1878315 25.7936663)
2787,,-80.1873062,25.7936797,POINT (-80.1873062 25.7936797)
2788,,-80.186422,25.7937022,POINT (-80.186422 25.7937022)
2789,,-80.1870838,25.7951744,POINT (-80.1870838 25.7951744)
2790,,-80.3154274,25.7627615,POINT (-80.3154274 25.7627615)
2791,,-80.3150546,25.7627755,POINT (-80.3150546 25.7627755)
2792,,-80.2540885,25.7647147,POINT (-80.2540885 25.7647147)
2793,,-80.2306112,25.7651675,POINT (-80.2306112 25.7651675)
2794,,-80.2306114,25.7654212,POINT (-80.2306114 25.7654212)
2795,,-80.2303843,25.7654244,POINT (-80.2303843 25.7654244)
2796,,-80.2289986,25.7654634,POINT (-80.2289986 25.7654634)
2797,,-80.3164166,25.7627134,POINT (-80.3164166 25.7627134)
2798,,-80.316794,25.7626978,POINT (-80.316794 25.7626978)
2799,,-80.2066627,25.7784732,POINT (-80.2066627 25.7784732)
2800,,-80.2073376,25.8045256,POINT (-80.2073376 25.8045256)
2801,,-80.2073341,25.804445,POINT (-80.2073341 25.804445)
2802,,-80.2089459,25.8419757,POINT (-80.2089459 25.8419757)
2803,,-80.253523,25.7331194,POINT (-80.253523 25.7331194)
2804,,-80.253962,25.734114,POINT (-80.253962 25.734114)
2805,,-80.2402841,25.7387088,POINT (-80.2402841 25.7387088)
2806,,-80.2367245,25.7402776,POINT (-80.2367245 25.7402776)
2807,,-80.2198625,25.7467318,POINT (-80.2198625 25.7467318)
2808,,-80.2035329,25.7500022,POINT (-80.2035329 25.7500022)
2809,,-80.2059943,25.7504171,POINT (-80.2059943 25.7504171)
2810,,-80.2030213,25.751047,POINT (-80.2030213 25.751047)
2811,,-80.1979496,25.7543642,POINT (-80.1979496 25.7543642)
2812,,-80.1976573,25.754565,POINT (-80.1976573 25.754565)
2813,,-80.1980469,25.7544708,POINT (-80.1980469 25.7544708)
2814,,-80.1964071,25.7554238,POINT (-80.1964071 25.7554238)
2815,,-80.1977519,25.7546731,POINT (-80.1977519 25.7546731)
2816,,-80.1957465,25.7558776,POINT (-80.1957465 25.7558776)
2817,,-80.1964991,25.7555326,POINT (-80.1964991 25.7555326)
2818,,-80.1943514,25.7568381,POINT (-80.1943514 25.7568381)
2819,,-80.195837,25.7559869,POINT (-80.195837 25.7559869)
2820,,-80.1935382,25.7573983,POINT (-80.1935382 25.7573983)
2821,,-80.1944446,25.7569421,POINT (-80.1944446 25.7569421)
2822,,-80.1875918,25.7726631,POINT (-80.1875918 25.7726631)
2823,,-80.2205441,25.7656861,POINT (-80.2205441 25.7656861)
2824,,-80.2195115,25.7657184,POINT (-80.2195115 25.7657184)
2825,,-80.1900707,25.8126158,POINT (-80.1900707 25.8126158)
2826,,-80.1901594,25.8129409,POINT (-80.1901594 25.8129409)
2827,,-80.1892465,25.8133527,POINT (-80.1892465 25.8133527)
2828,,-80.1892748,25.8124465,POINT (-80.1892748 25.8124465)
2829,,-80.1891439,25.8141971,POINT (-80.1891439 25.8141971)
2830,,-80.1880432,25.817522,POINT (-80.1880432 25.817522)
2831,,-80.1878558,25.8183621,POINT (-80.1878558 25.8183621)
2832,,-80.1881241,25.8184125,POINT (-80.1881241 25.8184125)
2833,,-80.1876774,25.8194836,POINT (-80.1876774 25.8194836)
2834,,-80.1877843,25.8196846,POINT (-80.1877843 25.8196846)
2835,,-80.1873193,25.8221829,POINT (-80.1873193 25.8221829)
2836,,-80.1869955,25.8236452,POINT (-80.1869955 25.8236452)
2837,,-80.2213523,25.7732974,POINT (-80.2213523 25.7732974)
2838,,-80.2223406,25.7732519,POINT (-80.2223406 25.7732519)
2839,,-80.1868978,25.8291824,POINT (-80.1868978 25.8291824)
2840,,-80.1868524,25.8299042,POINT (-80.1868524 25.8299042)
2841,,-80.219653,25.7723669,POINT (-80.219653 25.7723669)
2842,,-80.1868583,25.8300058,POINT (-80.1868583 25.8300058)
2843,,-80.187133,25.831611,POINT (-80.187133 25.831611)
2844,,-80.1844917,25.831104,POINT (-80.1844917 25.831104)
2845,,-80.1847195,25.8311509,POINT (-80.1847195 25.8311509)
2846,,-80.1840294,25.8317705,POINT (-80.1840294 25.8317705)
2847,,-80.236996,25.7291593,POINT (-80.236996 25.7291593)
2848,,-80.2371068,25.732009,POINT (-80.2371068 25.732009)
2849,,-80.2374255,25.7319218,POINT (-80.2374255 25.7319218)
2850,,-80.3143148,25.7661888,POINT (-80.3143148 25.7661888)
2851,,-80.3141513,25.7662681,POINT (-80.3141513 25.7662681)
2852,,-80.3139415,25.7663271,POINT (-80.3139415 25.7663271)
2853,,-80.3139206,25.7663586,POINT (-80.3139206 25.7663586)
2854,,-80.3142306,25.7663369,POINT (-80.3142306 25.7663369)
2855,,-80.3142296,25.7663529,POINT (-80.3142296 25.7663529)
2856,,-80.221188,25.7675008,POINT (-80.221188 25.7675008)
2857,,-80.3139509,25.7664767,POINT (-80.3139509 25.7664767)
2858,,-80.3140955,25.7664887,POINT (-80.3140955 25.7664887)
2859,,-80.3141528,25.7664606,POINT (-80.3141528 25.7664606)
2860,,-80.2282086,25.7581508,POINT (-80.2282086 25.7581508)
2861,,-80.2278449,25.7581507,POINT (-80.2278449 25.7581507)
2862,,-80.2283272,25.7581853,POINT (-80.2283272 25.7581853)
2863,,-80.2299528,25.7449464,POINT (-80.2299528 25.7449464)
2864,,-80.229921,25.7440217,POINT (-80.229921 25.7440217)
2865,,-80.2299869,25.7457506,POINT (-80.2299869 25.7457506)
2866,,-80.2299778,25.7455252,POINT (-80.2299778 25.7455252)
2867,,-80.2300175,25.7465162,POINT (-80.2300175 25.7465162)
2868,,-80.2300511,25.7473954,POINT (-80.2300511 25.7473954)
2869,,-80.22116,25.7665331,POINT (-80.22116 25.7665331)
2870,,-80.2300794,25.7481934,POINT (-80.2300794 25.7481934)
2871,,-80.2301141,25.748976,POINT (-80.2301141 25.748976)
2872,,-80.2301489,25.7497601,POINT (-80.2301489 25.7497601)
2873,,-80.2300634,25.750551,POINT (-80.2300634 25.750551)
2874,,-80.230213,25.7514216,POINT (-80.230213 25.7514216)
2875,,-80.2301795,25.7506637,POINT (-80.2301795 25.7506637)
2876,,-80.2302364,25.7521082,POINT (-80.2302364 25.7521082)
2877,,-80.23026,25.7528468,POINT (-80.23026 25.7528468)
2878,,-80.2302899,25.7535409,POINT (-80.2302899 25.7535409)
2879,,-80.2303331,25.7543705,POINT (-80.2303331 25.7543705)
2880,,-80.2303654,25.755233,POINT (-80.2303654 25.755233)
2881,,-80.230383,25.7557641,POINT (-80.230383 25.7557641)
2882,,-80.2304158,25.7566554,POINT (-80.2304158 25.7566554)
2883,,-80.2304299,25.7573973,POINT (-80.2304299 25.7573973)
2884,,-80.2304562,25.7581244,POINT (-80.2304562 25.7581244)
2885,,-80.230344,25.7581419,POINT (-80.230344 25.7581419)
2886,,-80.2324444,25.7580358,POINT (-80.2324444 25.7580358)
2887,,-80.2304921,25.7590381,POINT (-80.2304921 25.7590381)
2888,,-80.2305089,25.7594903,POINT (-80.2305089 25.7594903)
2889,,-80.2305278,25.7599364,POINT (-80.2305278 25.7599364)
2890,,-80.2305476,25.7604501,POINT (-80.2305476 25.7604501)
2891,,-80.2479145,25.7352644,POINT (-80.2479145 25.7352644)
2892,,-80.23058,25.7612504,POINT (-80.23058 25.7612504)
2893,,-80.2306107,25.7620777,POINT (-80.2306107 25.7620777)
2894,,-80.2306331,25.7626687,POINT (-80.2306331 25.7626687)
2895,,-80.2305191,25.7626709,POINT (-80.2305191 25.7626709)
2896,,-80.2305549,25.7635573,POINT (-80.2305549 25.7635573)
2897,,-80.2306442,25.7629144,POINT (-80.2306442 25.7629144)
2898,,-80.2306724,25.7636426,POINT (-80.2306724 25.7636426)
2899,,-80.2306679,25.7635527,POINT (-80.2306679 25.7635527)
2900,,-80.2307062,25.7646034,POINT (-80.2307062 25.7646034)
2901,,-80.2306748,25.7637483,POINT (-80.2306748 25.7637483)
2902,,-80.2307589,25.7663247,POINT (-80.2307589 25.7663247)
2903,,-80.2308102,25.7672023,POINT (-80.2308102 25.7672023)
2904,,-80.2308304,25.7681015,POINT (-80.2308304 25.7681015)
2905,,-80.2308621,25.7689357,POINT (-80.2308621 25.7689357)
2906,,-80.2308781,25.7693505,POINT (-80.2308781 25.7693505)
2907,,-80.2308884,25.7695803,POINT (-80.2308884 25.7695803)
2908,,-80.2309023,25.7700395,POINT (-80.2309023 25.7700395)
2909,,-80.2309497,25.7707914,POINT (-80.2309497 25.7707914)
2910,,-80.2309936,25.7714297,POINT (-80.2309936 25.7714297)
2911,,-80.2308532,25.7714405,POINT (-80.2308532 25.7714405)
2912,,-80.2310243,25.7722205,POINT (-80.2310243 25.7722205)
2913,,-80.2314633,25.772062,POINT (-80.2314633 25.772062)
2914,,-80.2319593,25.7715577,POINT (-80.2319593 25.7715577)
2915,,-80.2310294,25.7725695,POINT (-80.2310294 25.7725695)
2916,,-80.2310155,25.772896,POINT (-80.2310155 25.772896)
2917,,-80.2309662,25.7731838,POINT (-80.2309662 25.7731838)
2918,,-80.2309856,25.773756,POINT (-80.2309856 25.773756)
2919,,-80.2362125,25.7504615,POINT (-80.2362125 25.7504615)
2920,,-80.2341855,25.7505265,POINT (-80.2341855 25.7505265)
2921,,-80.232177,25.7505969,POINT (-80.232177 25.7505969)
2922,,-80.2300671,25.7506675,POINT (-80.2300671 25.7506675)
2923,,-80.2300988,25.7514253,POINT (-80.2300988 25.7514253)
2924,,-80.2280905,25.7507363,POINT (-80.2280905 25.7507363)
2925,,-80.2260573,25.7508069,POINT (-80.2260573 25.7508069)
2926,,-80.2240106,25.750864,POINT (-80.2240106 25.750864)
2927,,-80.2209649,25.7509504,POINT (-80.2209649 25.7509504)
2928,,-80.2199368,25.7509846,POINT (-80.2199368 25.7509846)
2929,,-80.218411,25.7510242,POINT (-80.218411 25.7510242)
2930,,-80.2146578,25.7510179,POINT (-80.2146578 25.7510179)
2931,,-80.2150226,25.7507692,POINT (-80.2150226 25.7507692)
2932,,-80.2162208,25.7510801,POINT (-80.2162208 25.7510801)
2933,,-80.2139331,25.7513526,POINT (-80.2139331 25.7513526)
2934,,-80.2050789,25.7510714,POINT (-80.2050789 25.7510714)
2935,,-80.2048032,25.7512554,POINT (-80.2048032 25.7512554)
2936,,-80.2133958,25.7517176,POINT (-80.2133958 25.7517176)
2937,,-80.2124501,25.7523689,POINT (-80.2124501 25.7523689)
2938,,-80.2037789,25.7519571,POINT (-80.2037789 25.7519571)
2939,,-80.2034872,25.7514321,POINT (-80.2034872 25.7514321)
2940,,-80.2115811,25.7529648,POINT (-80.2115811 25.7529648)
2941,,-80.1869974,25.8477173,POINT (-80.1869974 25.8477173)
2942,,-80.2029716,25.7525254,POINT (-80.2029716 25.7525254)
2943,,-80.2022239,25.7530431,POINT (-80.2022239 25.7530431)
2944,,-80.2107283,25.7535406,POINT (-80.2107283 25.7535406)
2945,,-80.2021461,25.753097,POINT (-80.2021461 25.753097)
2946,,-80.2013575,25.7536386,POINT (-80.2013575 25.7536386)
2947,,-80.2098933,25.7541242,POINT (-80.2098933 25.7541242)
2948,,-80.2005316,25.7542058,POINT (-80.2005316 25.7542058)
2949,,-80.2090313,25.75473,POINT (-80.2090313 25.75473)
2950,,-80.1997055,25.7547714,POINT (-80.1997055 25.7547714)
2951,,-80.2089631,25.754779,POINT (-80.2089631 25.754779)
2952,,-80.2081583,25.7553112,POINT (-80.2081583 25.7553112)
2953,,-80.1988872,25.7553373,POINT (-80.1988872 25.7553373)
2954,,-80.1980083,25.7559403,POINT (-80.1980083 25.7559403)
2955,,-80.2080908,25.7553603,POINT (-80.2080908 25.7553603)
2956,,-80.2081993,25.7554901,POINT (-80.2081993 25.7554901)
2957,,-80.2072551,25.7559286,POINT (-80.2072551 25.7559286)
2958,,-80.1971333,25.7565424,POINT (-80.1971333 25.7565424)
2959,,-80.2071684,25.7559876,POINT (-80.2071684 25.7559876)
2960,,-80.2063428,25.7548228,POINT (-80.2063428 25.7548228)
2961,,-80.1962701,25.7571359,POINT (-80.1962701 25.7571359)
2962,,-80.206368,25.7565615,POINT (-80.206368 25.7565615)
2963,,-80.2055967,25.7570887,POINT (-80.2055967 25.7570887)
2964,,-80.2055435,25.7571264,POINT (-80.2055435 25.7571264)
2965,,-80.2047446,25.7576684,POINT (-80.2047446 25.7576684)
2966,,-80.1954068,25.7577312,POINT (-80.1954068 25.7577312)
2967,,-80.2039148,25.7582332,POINT (-80.2039148 25.7582332)
2968,,-80.1954686,25.7578021,POINT (-80.1954686 25.7578021)
2969,,-80.1941591,25.7585726,POINT (-80.1941591 25.7585726)
2970,,-80.203101,25.7587962,POINT (-80.203101 25.7587962)
2971,,-80.1940705,25.7585864,POINT (-80.1940705 25.7585864)
2972,,-80.1942662,25.7586508,POINT (-80.1942662 25.7586508)
2973,,-80.1942641,25.7587453,POINT (-80.1942641 25.7587453)
2974,,-80.202274,25.7593709,POINT (-80.202274 25.7593709)
2975,,-80.1941975,25.758808,POINT (-80.1941975 25.758808)
2976,,-80.1950293,25.7592955,POINT (-80.1950293 25.7592955)
2977,,-80.1955649,25.7596168,POINT (-80.1955649 25.7596168)
2978,,-80.1964718,25.7601296,POINT (-80.1964718 25.7601296)
2979,,-80.2014568,25.75993,POINT (-80.2014568 25.75993)
2980,,-80.2009912,25.7602548,POINT (-80.2009912 25.7602548)
2981,,-80.1972214,25.7605799,POINT (-80.1972214 25.7605799)
2982,,-80.2006342,25.7605022,POINT (-80.2006342 25.7605022)
2983,,-80.1972265,25.7604232,POINT (-80.1972265 25.7604232)
2984,,-80.1980717,25.7610634,POINT (-80.1980717 25.7610634)
2985,,-80.1983916,25.761449,POINT (-80.1983916 25.761449)
2986,,-80.2020118,25.7632374,POINT (-80.2020118 25.7632374)
2987,,-80.202364,25.7632304,POINT (-80.202364 25.7632304)
2988,,-80.2018091,25.763255,POINT (-80.2018091 25.763255)
2989,,-80.2007615,25.7624891,POINT (-80.2007615 25.7624891)
2990,,-80.1939986,25.7587,POINT (-80.1939986 25.7587)
2991,,-80.1940103,25.7587461,POINT (-80.1940103 25.7587461)
2992,,-80.2003641,25.7622554,POINT (-80.2003641 25.7622554)
2993,,-80.1994721,25.7617361,POINT (-80.1994721 25.7617361)
2994,,-80.2002877,25.7623599,POINT (-80.2002877 25.7623599)
2995,,-80.1991969,25.761571,POINT (-80.1991969 25.761571)
2996,,-80.1868147,25.8125497,POINT (-80.1868147 25.8125497)
2997,,-80.1865364,25.8127593,POINT (-80.1865364 25.8127593)
2998,,-80.187093,25.8125147,POINT (-80.187093 25.8125147)
2999,,-80.1876503,25.8124976,POINT (-80.1876503 25.8124976)
3000,,-80.1874527,25.8107331,POINT (-80.1874527 25.8107331)
3001,,-80.1681936,25.7735766,POINT (-80.1681936 25.7735766)
3002,,-80.1685212,25.7737888,POINT (-80.1685212 25.7737888)
3003,,-80.1708625,25.7742262,POINT (-80.1708625 25.7742262)
3004,,-80.1725603,25.7752242,POINT (-80.1725603 25.7752242)
3005,,-80.1715068,25.7749903,POINT (-80.1715068 25.7749903)
3006,,-80.173307,25.7758674,POINT (-80.173307 25.7758674)
3007,,-80.1750078,25.7762121,POINT (-80.1750078 25.7762121)
3008,,-80.1739864,25.8481051,POINT (-80.1739864 25.8481051)
3009,,-80.1737331,25.8480859,POINT (-80.1737331 25.8480859)
3010,,-80.2155364,25.8065397,POINT (-80.2155364 25.8065397)
3011,,-80.2155569,25.8073697,POINT (-80.2155569 25.8073697)
3012,,-80.215605,25.8081883,POINT (-80.215605 25.8081883)
3013,,-80.2156499,25.8098116,POINT (-80.2156499 25.8098116)
3014,,-80.2156973,25.8106702,POINT (-80.2156973 25.8106702)
3015,,-80.2157744,25.8114215,POINT (-80.2157744 25.8114215)
3016,,-80.2228466,25.7731041,POINT (-80.2228466 25.7731041)
3017,,-80.22279,25.7733412,POINT (-80.22279 25.7733412)
3018,,-80.2229751,25.7742502,POINT (-80.2229751 25.7742502)
3019,,-80.2229832,25.7745687,POINT (-80.2229832 25.7745687)
3020,,-80.2229997,25.7752116,POINT (-80.2229997 25.7752116)
3021,,-80.2229764,25.7762958,POINT (-80.2229764 25.7762958)
3022,,-80.2229337,25.7771373,POINT (-80.2229337 25.7771373)
3023,,-80.2229283,25.7781029,POINT (-80.2229283 25.7781029)
3024,,-80.2226742,25.7790576,POINT (-80.2226742 25.7790576)
3025,,-80.2226543,25.7815305,POINT (-80.2226543 25.7815305)
3026,,-80.222627,25.7813114,POINT (-80.222627 25.7813114)
3027,,-80.2229219,25.7834482,POINT (-80.2229219 25.7834482)
3028,,-80.2520946,25.7498922,POINT (-80.2520946 25.7498922)
3029,,-80.2495777,25.7499513,POINT (-80.2495777 25.7499513)
3030,,-80.2486456,25.7499598,POINT (-80.2486456 25.7499598)
3031,,-80.2479558,25.7499965,POINT (-80.2479558 25.7499965)
3032,,-80.2453958,25.7500814,POINT (-80.2453958 25.7500814)
3033,,-80.2439763,25.7501201,POINT (-80.2439763 25.7501201)
3034,,-80.2432808,25.7501392,POINT (-80.2432808 25.7501392)
3035,,-80.2407591,25.7502101,POINT (-80.2407591 25.7502101)
3036,,-80.239591,25.7502402,POINT (-80.239591 25.7502402)
3037,,-80.2439798,25.7502357,POINT (-80.2439798 25.7502357)
3038,,-80.2453973,25.7502033,POINT (-80.2453973 25.7502033)
3039,,-80.2382739,25.749628,POINT (-80.2382739 25.749628)
3040,,-80.2149844,25.785608,POINT (-80.2149844 25.785608)
3041,,-80.2150954,25.7876031,POINT (-80.2150954 25.7876031)
3042,,-80.2149278,25.7876083,POINT (-80.2149278 25.7876083)
3043,,-80.216223,25.787569,POINT (-80.216223 25.787569)
3044,,-80.2152142,25.7932198,POINT (-80.2152142 25.7932198)
3045,,-80.2152679,25.7949984,POINT (-80.2152679 25.7949984)
3046,,-80.2152987,25.7959543,POINT (-80.2152987 25.7959543)
3047,,-80.2153591,25.7977598,POINT (-80.2153591 25.7977598)
3048,,-80.2154131,25.7990795,POINT (-80.2154131 25.7990795)
3049,,-80.2154141,25.7999072,POINT (-80.2154141 25.7999072)
3050,,-80.2154379,25.800735,POINT (-80.2154379 25.800735)
3051,,-80.2146371,25.7840148,POINT (-80.2146371 25.7840148)
3052,,-80.2146709,25.7836245,POINT (-80.2146709 25.7836245)
3053,,-80.2145049,25.7840153,POINT (-80.2145049 25.7840153)
3054,,-80.2149865,25.784013,POINT (-80.2149865 25.784013)
3055,,-80.2577077,25.7717669,POINT (-80.2577077 25.7717669)
3056,,-80.257325,25.7718595,POINT (-80.257325 25.7718595)
3057,,-80.2558905,25.7323176,POINT (-80.2558905 25.7323176)
3058,,-80.2697666,25.787001,POINT (-80.2697666 25.787001)
3059,,-80.2697705,25.787104,POINT (-80.2697705 25.787104)
3060,,-80.2697519,25.7866064,POINT (-80.2697519 25.7866064)
3061,,-80.2701405,25.7869805,POINT (-80.2701405 25.7869805)
3062,,-80.312208,25.7702476,POINT (-80.312208 25.7702476)
3063,,-80.3114744,25.7701537,POINT (-80.3114744 25.7701537)
3064,,-80.3123488,25.7702426,POINT (-80.3123488 25.7702426)
3065,,-80.1942338,25.8326458,POINT (-80.1942338 25.8326458)
3066,,-80.192903,25.8326863,POINT (-80.192903 25.8326863)
3067,,-80.1950959,25.8051472,POINT (-80.1950959 25.8051472)
3068,,-80.1951175,25.8058135,POINT (-80.1951175 25.8058135)
3069,,-80.1951503,25.8067432,POINT (-80.1951503 25.8067432)
3070,,-80.195245,25.8082053,POINT (-80.195245 25.8082053)
3071,,-80.1952845,25.8077014,POINT (-80.1952845 25.8077014)
3072,,-80.1952784,25.8074664,POINT (-80.1952784 25.8074664)
3073,,-80.2513011,25.7277862,POINT (-80.2513011 25.7277862)
3074,,-80.251118,25.7277945,POINT (-80.251118 25.7277945)
3075,,-80.2499383,25.7278348,POINT (-80.2499383 25.7278348)
3076,,-80.2496112,25.7278447,POINT (-80.2496112 25.7278447)
3077,,-80.2482663,25.7278987,POINT (-80.2482663 25.7278987)
3078,,-80.2467496,25.7279508,POINT (-80.2467496 25.7279508)
3079,,-80.2455292,25.728647,POINT (-80.2455292 25.728647)
3080,,-80.2362853,25.7297947,POINT (-80.2362853 25.7297947)
3081,,-80.2362248,25.7298677,POINT (-80.2362248 25.7298677)
3082,,-80.3121743,25.7705492,POINT (-80.3121743 25.7705492)
3083,,-80.1976011,25.7705008,POINT (-80.1976011 25.7705008)
3084,,-80.1976017,25.770308,POINT (-80.1976017 25.770308)
3085,,-80.1976174,25.7714356,POINT (-80.1976174 25.7714356)
3086,,-80.1698986,25.7742855,POINT (-80.1698986 25.7742855)
3087,,-80.1718752,25.7756248,POINT (-80.1718752 25.7756248)
3088,,-80.2186736,25.8318996,POINT (-80.2186736 25.8318996)
3089,,-80.2166027,25.8319669,POINT (-80.2166027 25.8319669)
3090,,-80.2399929,25.726414,POINT (-80.2399929 25.726414)
3091,,-80.2386817,25.7275645,POINT (-80.2386817 25.7275645)
3092,,-80.2380666,25.728032,POINT (-80.2380666 25.728032)
3093,,-80.224926,25.832377,POINT (-80.224926 25.832377)
3094,,-80.2248983,25.8316426,POINT (-80.2248983 25.8316426)
3095,,-80.2166071,25.8320544,POINT (-80.2166071 25.8320544)
3096,,-80.2166399,25.8325954,POINT (-80.2166399 25.8325954)
3097,,-80.2174501,25.8320278,POINT (-80.2174501 25.8320278)
3098,,-80.2145733,25.8321382,POINT (-80.2145733 25.8321382)
3099,,-80.2105228,25.832273,POINT (-80.2105228 25.832273)
3100,,-80.2374,25.7285337,POINT (-80.2374 25.7285337)
3101,,-80.2381607,25.7281384,POINT (-80.2381607 25.7281384)
3102,,-80.2062584,25.8323127,POINT (-80.2062584 25.8323127)
3103,,-80.2069707,25.8323387,POINT (-80.2069707 25.8323387)
3104,,-80.2054773,25.8330921,POINT (-80.2054773 25.8330921)
3105,,-80.2033974,25.832476,POINT (-80.2033974 25.832476)
3106,,-80.2234447,25.7989186,POINT (-80.2234447 25.7989186)
3107,,-80.2234624,25.7993777,POINT (-80.2234624 25.7993777)
3108,,-80.2027101,25.8325034,POINT (-80.2027101 25.8325034)
3109,,-80.2020761,25.832525,POINT (-80.2020761 25.832525)
3110,,-80.2013948,25.8325464,POINT (-80.2013948 25.8325464)
3111,,-80.2234265,25.7984505,POINT (-80.2234265 25.7984505)
3112,,-80.288131,25.771244,POINT (-80.288131 25.771244)
3113,,-80.2881688,25.7725887,POINT (-80.2881688 25.7725887)
3114,,-80.235228,25.7310481,POINT (-80.235228 25.7310481)
3115,,-80.2060949,25.7547935,POINT (-80.2060949 25.7547935)
3116,,-80.2064318,25.7565157,POINT (-80.2064318 25.7565157)
3117,,-80.2469543,25.7229189,POINT (-80.2469543 25.7229189)
3118,,-80.246299,25.723659,POINT (-80.246299 25.723659)
3119,,-80.247506,25.722295,POINT (-80.247506 25.722295)
3120,,-80.1935993,25.7708544,POINT (-80.1935993 25.7708544)
3121,,-80.1935601,25.7689338,POINT (-80.1935601 25.7689338)
3122,,-80.2355336,25.7869895,POINT (-80.2355336 25.7869895)
3123,,-80.2372789,25.7869406,POINT (-80.2372789 25.7869406)
3124,,-80.2354373,25.7869915,POINT (-80.2354373 25.7869915)
3125,,-80.195857,25.7817968,POINT (-80.195857 25.7817968)
3126,,-80.1957443,25.7818014,POINT (-80.1957443 25.7818014)
3127,,-80.1954146,25.7798699,POINT (-80.1954146 25.7798699)
3128,,-80.195774,25.7827655,POINT (-80.195774 25.7827655)
3129,,-80.1959252,25.7837152,POINT (-80.1959252 25.7837152)
3130,,-80.2166514,25.8328382,POINT (-80.2166514 25.8328382)
3131,,-80.1953351,25.7789321,POINT (-80.1953351 25.7789321)
3132,,-80.196863,25.779837,POINT (-80.196863 25.779837)
3133,,-80.1981716,25.7609789,POINT (-80.1981716 25.7609789)
3134,,-80.198759,25.7614442,POINT (-80.198759 25.7614442)
3135,,-80.1989828,25.7615835,POINT (-80.1989828 25.7615835)
3136,,-80.3122834,25.767919,POINT (-80.3122834 25.767919)
3137,,-80.3122305,25.7677598,POINT (-80.3122305 25.7677598)
3138,,-80.3120116,25.7680671,POINT (-80.3120116 25.7680671)
3139,,-80.3120618,25.7681035,POINT (-80.3120618 25.7681035)
3140,,-80.3089392,25.7703534,POINT (-80.3089392 25.7703534)
3141,,-80.3105987,25.7703104,POINT (-80.3105987 25.7703104)
3142,,-80.3117909,25.7702718,POINT (-80.3117909 25.7702718)
3143,,-80.3067591,25.7704416,POINT (-80.3067591 25.7704416)
3144,,-80.2329208,25.7705904,POINT (-80.2329208 25.7705904)
3145,,-80.2335383,25.7699698,POINT (-80.2335383 25.7699698)
3146,,-80.2327783,25.7707347,POINT (-80.2327783 25.7707347)
3147,,-80.3059237,25.770483,POINT (-80.3059237 25.770483)
3148,,-80.3051133,25.7705151,POINT (-80.3051133 25.7705151)
3149,,-80.3021832,25.7705914,POINT (-80.3021832 25.7705914)
3150,,-80.3032022,25.7705698,POINT (-80.3032022 25.7705698)
3151,,-80.2881187,25.7708365,POINT (-80.2881187 25.7708365)
3152,,-80.3001782,25.7706218,POINT (-80.3001782 25.7706218)
3153,,-80.3011973,25.7706056,POINT (-80.3011973 25.7706056)
3154,,-80.299174,25.770641,POINT (-80.299174 25.770641)
3155,,-80.2971687,25.7706748,POINT (-80.2971687 25.7706748)
3156,,-80.2981697,25.7706611,POINT (-80.2981697 25.7706611)
3157,,-80.2962237,25.7720834,POINT (-80.2962237 25.7720834)
3158,,-80.2943718,25.7707279,POINT (-80.2943718 25.7707279)
3159,,-80.2952556,25.7707129,POINT (-80.2952556 25.7707129)
3160,,-80.2925859,25.7707615,POINT (-80.2925859 25.7707615)
3161,,-80.293498,25.7707429,POINT (-80.293498 25.7707429)
3162,,-80.2916834,25.7707739,POINT (-80.2916834 25.7707739)
3163,,-80.2866403,25.770807,POINT (-80.2866403 25.770807)
3164,,-80.2860607,25.7708304,POINT (-80.2860607 25.7708304)
3165,,-80.2864622,25.7709021,POINT (-80.2864622 25.7709021)
3166,,-80.2898885,25.770808,POINT (-80.2898885 25.770808)
3167,,-80.2908059,25.7707967,POINT (-80.2908059 25.7707967)
3168,,-80.2890269,25.7708202,POINT (-80.2890269 25.7708202)
3169,,-80.2872362,25.7708675,POINT (-80.2872362 25.7708675)
3170,,-80.284624,25.7708888,POINT (-80.284624 25.7708888)
3171,,-80.2855562,25.7709398,POINT (-80.2855562 25.7709398)
3172,,-80.2858816,25.7709247,POINT (-80.2858816 25.7709247)
3173,,-80.2828064,25.771045,POINT (-80.2828064 25.771045)
3174,,-80.2821805,25.7709878,POINT (-80.2821805 25.7709878)
3175,,-80.2840064,25.7710036,POINT (-80.2840064 25.7710036)
3176,,-80.2819618,25.7710835,POINT (-80.2819618 25.7710835)
3177,,-80.2791371,25.7711084,POINT (-80.2791371 25.7711084)
3178,,-80.2791398,25.7711955,POINT (-80.2791398 25.7711955)
3179,,-80.2804906,25.7711448,POINT (-80.2804906 25.7711448)
3180,,-80.281759,25.7710906,POINT (-80.281759 25.7710906)
3181,,-80.2781129,25.7711503,POINT (-80.2781129 25.7711503)
3182,,-80.2778683,25.7712474,POINT (-80.2778683 25.7712474)
3183,,-80.2776002,25.7711731,POINT (-80.2776002 25.7711731)
3184,,-80.2776022,25.7712592,POINT (-80.2776022 25.7712592)
3185,,-80.2768768,25.7712912,POINT (-80.2768768 25.7712912)
3186,,-80.2758645,25.7713301,POINT (-80.2758645 25.7713301)
3187,,-80.2752979,25.7713528,POINT (-80.2752979 25.7713528)
3188,,-80.2742642,25.7713961,POINT (-80.2742642 25.7713961)
3189,,-80.2737361,25.7714166,POINT (-80.2737361 25.7714166)
3190,,-80.2727303,25.7714551,POINT (-80.2727303 25.7714551)
3191,,-80.2703632,25.7715368,POINT (-80.2703632 25.7715368)
3192,,-80.2692015,25.7715694,POINT (-80.2692015 25.7715694)
3193,,-80.2697076,25.7715566,POINT (-80.2697076 25.7715566)
3194,,-80.2681973,25.7715991,POINT (-80.2681973 25.7715991)
3195,,-80.2671774,25.7716307,POINT (-80.2671774 25.7716307)
3196,,-80.2676409,25.7716164,POINT (-80.2676409 25.7716164)
3197,,-80.2656701,25.7716745,POINT (-80.2656701 25.7716745)
3198,,-80.2620241,25.7717621,POINT (-80.2620241 25.7717621)
3199,,-80.2628341,25.7717503,POINT (-80.2628341 25.7717503)
3200,,-80.2612096,25.7717876,POINT (-80.2612096 25.7717876)
3201,,-80.2582194,25.7718461,POINT (-80.2582194 25.7718461)
3202,,-80.2595784,25.7718225,POINT (-80.2595784 25.7718225)
3203,,-80.254604,25.7718955,POINT (-80.254604 25.7718955)
3204,,-80.2524278,25.7719652,POINT (-80.2524278 25.7719652)
3205,,-80.2498374,25.7720435,POINT (-80.2498374 25.7720435)
3206,,-80.2507749,25.7720176,POINT (-80.2507749 25.7720176)
3207,,-80.2301746,25.753548,POINT (-80.2301746 25.753548)
3208,,-80.2489451,25.7720682,POINT (-80.2489451 25.7720682)
3209,,-80.2472802,25.7721202,POINT (-80.2472802 25.7721202)
3210,,-80.2480981,25.7720999,POINT (-80.2480981 25.7720999)
3211,,-80.2427063,25.7722638,POINT (-80.2427063 25.7722638)
3212,,-80.2420968,25.7722392,POINT (-80.2420968 25.7722392)
3213,,-80.245738,25.7721722,POINT (-80.245738 25.7721722)
3214,,-80.2437006,25.7722341,POINT (-80.2437006 25.7722341)
3215,,-80.2412944,25.7722646,POINT (-80.2412944 25.7722646)
3216,,-80.2950271,25.7777583,POINT (-80.2950271 25.7777583)
3217,,-80.2945098,25.7778709,POINT (-80.2945098 25.7778709)
3218,,-80.2561772,25.7923514,POINT (-80.2561772 25.7923514)
3219,,-80.2228146,25.7742539,POINT (-80.2228146 25.7742539)
3220,,-80.2241246,25.7836513,POINT (-80.2241246 25.7836513)
3221,,-80.2243111,25.7837918,POINT (-80.2243111 25.7837918)
3222,,-80.2244558,25.7840709,POINT (-80.2244558 25.7840709)
3223,,-80.22444,25.78373,POINT (-80.22444 25.78373)
3224,,-80.225545,25.784541,POINT (-80.225545 25.784541)
3225,,-80.2230287,25.7874374,POINT (-80.2230287 25.7874374)
3226,,-80.223058,25.788085,POINT (-80.223058 25.788085)
3227,,-80.2151788,25.773345,POINT (-80.2151788 25.773345)
3228,,-80.2152209,25.7734864,POINT (-80.2152209 25.7734864)
3229,,-80.2163394,25.773454,POINT (-80.2163394 25.773454)
3230,,-80.3120622,25.7677899,POINT (-80.3120622 25.7677899)
3231,,-80.206201,25.7546579,POINT (-80.206201 25.7546579)
3232,,-80.2062729,25.7546652,POINT (-80.2062729 25.7546652)
3233,,-80.2063535,25.7547627,POINT (-80.2063535 25.7547627)
3234,,-80.2062547,25.7548896,POINT (-80.2062547 25.7548896)
3235,,-80.293723,25.7778377,POINT (-80.293723 25.7778377)
3236,,-80.1730769,25.7831201,POINT (-80.1730769 25.7831201)
3237,,-80.2354147,25.7408944,POINT (-80.2354147 25.7408944)
3238,,-80.236048,25.7406619,POINT (-80.236048 25.7406619)
3239,,-80.215242,25.7987149,POINT (-80.215242 25.7987149)
3240,,-80.2152529,25.7989661,POINT (-80.2152529 25.7989661)
3241,,-80.1907116,25.7914,POINT (-80.1907116 25.7914)
3242,,-80.1907241,25.7917706,POINT (-80.1907241 25.7917706)
3243,,-80.1890166,25.7914326,POINT (-80.1890166 25.7914326)
3244,,-80.1889797,25.7923323,POINT (-80.1889797 25.7923323)
3245,,-80.1878224,25.7923679,POINT (-80.1878224 25.7923679)
3246,,-80.1881673,25.7923574,POINT (-80.1881673 25.7923574)
3247,,-80.1876273,25.7923565,POINT (-80.1876273 25.7923565)
3248,,-80.210447,25.7891046,POINT (-80.210447 25.7891046)
3249,,-80.2102613,25.7893964,POINT (-80.2102613 25.7893964)
3250,,-80.2102194,25.7914032,POINT (-80.2102194 25.7914032)
3251,,-80.2093466,25.8034859,POINT (-80.2093466 25.8034859)
3252,,-80.2155278,25.8033814,POINT (-80.2155278 25.8033814)
3253,,-80.2154243,25.8037196,POINT (-80.2154243 25.8037196)
3254,,-80.2155549,25.8040649,POINT (-80.2155549 25.8040649)
3255,,-80.2155879,25.8049027,POINT (-80.2155879 25.8049027)
3256,,-80.2155747,25.8045671,POINT (-80.2155747 25.8045671)
3257,,-80.2174239,25.8033167,POINT (-80.2174239 25.8033167)
3258,,-80.2154425,25.8041783,POINT (-80.2154425 25.8041783)
3259,,-80.2154719,25.8049172,POINT (-80.2154719 25.8049172)
3260,,-80.2154984,25.8056898,POINT (-80.2154984 25.8056898)
3261,,-80.2155179,25.8061101,POINT (-80.2155179 25.8061101)
3262,,-80.2154891,25.8023757,POINT (-80.2154891 25.8023757)
3263,,-80.2156344,25.8061073,POINT (-80.2156344 25.8061073)
3264,,-80.2156196,25.8056984,POINT (-80.2156196 25.8056984)
3265,,-80.2154648,25.8015812,POINT (-80.2154648 25.8015812)
3266,,-80.2153451,25.8016005,POINT (-80.2153451 25.8016005)
3267,,-80.1642505,25.7775517,POINT (-80.1642505 25.7775517)
3268,,-80.2197188,25.7858081,POINT (-80.2197188 25.7858081)
3269,,-80.22006,25.7860402,POINT (-80.22006 25.7860402)
3270,,-80.2201024,25.7859481,POINT (-80.2201024 25.7859481)
3271,,-80.2206447,25.7862574,POINT (-80.2206447 25.7862574)
3272,,-80.2126709,25.7876819,POINT (-80.2126709 25.7876819)
3273,,-80.2125521,25.7876854,POINT (-80.2125521 25.7876854)
3274,,-80.2190503,25.7882189,POINT (-80.2190503 25.7882189)
3275,,-80.2191161,25.7889409,POINT (-80.2191161 25.7889409)
3276,,-80.2191263,25.7892841,POINT (-80.2191263 25.7892841)
3277,,-80.2195028,25.789179,POINT (-80.2195028 25.789179)
3278,,-80.2191285,25.7893615,POINT (-80.2191285 25.7893615)
3279,,-80.2191504,25.7902276,POINT (-80.2191504 25.7902276)
3280,,-80.2191665,25.7911382,POINT (-80.2191665 25.7911382)
3281,,-80.2696544,25.7839769,POINT (-80.2696544 25.7839769)
3282,,-80.2696588,25.7835864,POINT (-80.2696588 25.7835864)
3283,,-80.269673,25.7843555,POINT (-80.269673 25.7843555)
3284,,-80.2699606,25.7836427,POINT (-80.2699606 25.7836427)
3285,,-80.2694256,25.787008,POINT (-80.2694256 25.787008)
3286,,-80.2534366,25.7718385,POINT (-80.2534366 25.7718385)
3287,,-80.2546035,25.7718061,POINT (-80.2546035 25.7718061)
3288,,-80.2483615,25.7720006,POINT (-80.2483615 25.7720006)
3289,,-80.2590983,25.7717393,POINT (-80.2590983 25.7717393)
3290,,-80.2531535,25.7647443,POINT (-80.2531535 25.7647443)
3291,,-80.2542712,25.742012,POINT (-80.2542712 25.742012)
3292,,-80.2542471,25.7413921,POINT (-80.2542471 25.7413921)
3293,,-80.1918211,25.7716007,POINT (-80.1918211 25.7716007)
3294,,-80.1915979,25.7713835,POINT (-80.1915979 25.7713835)
3295,,-80.191827,25.7717756,POINT (-80.191827 25.7717756)
3296,,-80.2070219,25.7541515,POINT (-80.2070219 25.7541515)
3297,,-80.2071044,25.7542401,POINT (-80.2071044 25.7542401)
3298,,-80.2071607,25.7540614,POINT (-80.2071607 25.7540614)
3299,,-80.2071272,25.754056,POINT (-80.2071272 25.754056)
3300,,-80.2072289,25.7541391,POINT (-80.2072289 25.7541391)
3301,,-80.2062158,25.7530061,POINT (-80.2062158 25.7530061)
3302,,-80.2070278,25.7541185,POINT (-80.2070278 25.7541185)
3303,,-80.2165042,25.7496095,POINT (-80.2165042 25.7496095)
3304,,-80.216142,25.7498555,POINT (-80.216142 25.7498555)
3305,,-80.2164264,25.7493973,POINT (-80.2164264 25.7493973)
3306,,-80.2145691,25.8320497,POINT (-80.2145691 25.8320497)
3307,,-80.2165495,25.8312266,POINT (-80.2165495 25.8312266)
3308,,-80.2166799,25.8334261,POINT (-80.2166799 25.8334261)
3309,,-80.2166883,25.8335567,POINT (-80.2166883 25.8335567)
3310,,-80.2194951,25.7473673,POINT (-80.2194951 25.7473673)
3311,,-80.2194106,25.7474842,POINT (-80.2194106 25.7474842)
3312,,-80.219759,25.746948,POINT (-80.219759 25.746948)
3313,,-80.2180959,25.7486648,POINT (-80.2180959 25.7486648)
3314,,-80.2183092,25.7485155,POINT (-80.2183092 25.7485155)
3315,,-80.2183163,25.748764,POINT (-80.2183163 25.748764)
3316,,-80.2185728,25.748336,POINT (-80.2185728 25.748336)
3317,,-80.2186389,25.7485373,POINT (-80.2186389 25.7485373)
3318,,-80.2191784,25.7477733,POINT (-80.2191784 25.7477733)
3319,,-80.2182333,25.7484264,POINT (-80.2182333 25.7484264)
3320,,-80.2168389,25.749383,POINT (-80.2168389 25.749383)
3321,,-80.2167267,25.8342742,POINT (-80.2167267 25.8342742)
3322,,-80.2139188,25.7515435,POINT (-80.2139188 25.7515435)
3323,,-80.2155495,25.7504139,POINT (-80.2155495 25.7504139)
3324,,-80.2150956,25.7510045,POINT (-80.2150956 25.7510045)
3325,,-80.2198486,25.746906,POINT (-80.2198486 25.746906)
3326,,-80.2200422,25.7468182,POINT (-80.2200422 25.7468182)
3327,,-80.2167622,25.8350013,POINT (-80.2167622 25.8350013)
3328,,-80.2027153,25.7632171,POINT (-80.2027153 25.7632171)
3329,,-80.2040164,25.7631881,POINT (-80.2040164 25.7631881)
3330,,-80.2033895,25.7514928,POINT (-80.2033895 25.7514928)
3331,,-80.2038512,25.7520427,POINT (-80.2038512 25.7520427)
3332,,-80.2030466,25.7524736,POINT (-80.2030466 25.7524736)
3333,,-80.2168021,25.8357168,POINT (-80.2168021 25.8357168)
3334,,-80.2072261,25.7541736,POINT (-80.2072261 25.7541736)
3335,,-80.2071222,25.7542454,POINT (-80.2071222 25.7542454)
3336,,-80.2082685,25.755443,POINT (-80.2082685 25.755443)
3337,,-80.2090681,25.7549047,POINT (-80.2090681 25.7549047)
3338,,-80.216872,25.8371795,POINT (-80.216872 25.8371795)
3339,,-80.1754245,25.7901821,POINT (-80.1754245 25.7901821)
3340,,-80.1760713,25.7901488,POINT (-80.1760713 25.7901488)
3341,,-80.175329,25.7900981,POINT (-80.175329 25.7900981)
3342,,-80.216886,25.8374095,POINT (-80.216886 25.8374095)
3343,,-80.1735269,25.7901931,POINT (-80.1735269 25.7901931)
3344,,-80.1736798,25.7902794,POINT (-80.1736798 25.7902794)
3345,,-80.1730174,25.7902724,POINT (-80.1730174 25.7902724)
3346,,-80.1706647,25.7903697,POINT (-80.1706647 25.7903697)
3347,,-80.2099894,25.7840816,POINT (-80.2099894 25.7840816)
3348,,-80.2104071,25.7840664,POINT (-80.2104071 25.7840664)
3349,,-80.2169483,25.8386437,POINT (-80.2169483 25.8386437)
3350,,-80.2384444,25.783111,POINT (-80.2384444 25.783111)
3351,,-80.23801,25.7831227,POINT (-80.23801 25.7831227)
3352,,-80.2377255,25.7831309,POINT (-80.2377255 25.7831309)
3353,,-80.2374732,25.7831329,POINT (-80.2374732 25.7831329)
3354,,-80.2367318,25.7831571,POINT (-80.2367318 25.7831571)
3355,,-80.2334952,25.7831639,POINT (-80.2334952 25.7831639)
3356,,-80.2333742,25.7831673,POINT (-80.2333742 25.7831673)
3357,,-80.2364715,25.7831671,POINT (-80.2364715 25.7831671)
3358,,-80.216458,25.829079,POINT (-80.216458 25.829079)
3359,,-80.2164661,25.8292701,POINT (-80.2164661 25.8292701)
3360,,-80.2354637,25.7832003,POINT (-80.2354637 25.7832003)
3361,,-80.2345269,25.7832286,POINT (-80.2345269 25.7832286)
3362,,-80.2334974,25.7832595,POINT (-80.2334974 25.7832595)
3363,,-80.2333764,25.7832625,POINT (-80.2333764 25.7832625)
3364,,-80.2096748,25.8248657,POINT (-80.2096748 25.8248657)
3365,,-80.2696402,25.7827878,POINT (-80.2696402 25.7827878)
3366,,-80.2103026,25.8248447,POINT (-80.2103026 25.8248447)
3367,,-80.2446607,25.7936077,POINT (-80.2446607 25.7936077)
3368,,-80.2441759,25.7929485,POINT (-80.2441759 25.7929485)
3369,,-80.24425,25.7930359,POINT (-80.24425 25.7930359)
3370,,-80.2395835,25.7889551,POINT (-80.2395835 25.7889551)
3371,,-80.2395972,25.7893754,POINT (-80.2395972 25.7893754)
3372,,-80.2417823,25.7907108,POINT (-80.2417823 25.7907108)
3373,,-80.2164186,25.8283471,POINT (-80.2164186 25.8283471)
3374,,-80.1993104,25.8324925,POINT (-80.1993104 25.8324925)
3375,,-80.197758,25.8325395,POINT (-80.197758 25.8325395)
3376,,-80.1974947,25.8325474,POINT (-80.1974947 25.8325474)
3377,,-80.2305592,25.7636443,POINT (-80.2305592 25.7636443)
3378,,-80.248653,25.7501106,POINT (-80.248653 25.7501106)
3379,,-80.1999705,25.7662047,POINT (-80.1999705 25.7662047)
3380,,-80.1994832,25.7662354,POINT (-80.1994832 25.7662354)
3381,,-80.2396094,25.7897654,POINT (-80.2396094 25.7897654)
3382,,-80.2397846,25.790617,POINT (-80.2397846 25.790617)
3383,,-80.2395505,25.7879456,POINT (-80.2395505 25.7879456)
3384,,-80.2394595,25.7851005,POINT (-80.2394595 25.7851005)
3385,,-80.2394874,25.7860312,POINT (-80.2394874 25.7860312)
3386,,-80.1756306,25.8480574,POINT (-80.1756306 25.8480574)
3387,,-80.1752513,25.8480678,POINT (-80.1752513 25.8480678)
3388,,-80.1864054,25.8478373,POINT (-80.1864054 25.8478373)
3389,,-80.2163687,25.7658058,POINT (-80.2163687 25.7658058)
3390,,-80.2162043,25.7658117,POINT (-80.2162043 25.7658117)
3391,,-80.3111596,25.7701693,POINT (-80.3111596 25.7701693)
3392,,-80.2375805,25.7366091,POINT (-80.2375805 25.7366091)
3393,,-80.188919,25.7717095,POINT (-80.188919 25.7717095)
3394,,-80.266871,25.7837529,POINT (-80.266871 25.7837529)
3395,,-80.273472,25.7831409,POINT (-80.273472 25.7831409)
3396,,-80.272429,25.7834684,POINT (-80.272429 25.7834684)
3397,,-80.2247719,25.8288314,POINT (-80.2247719 25.8288314)
3398,,-80.2247759,25.8290151,POINT (-80.2247759 25.8290151)
3399,,-80.224747,25.828089,POINT (-80.224747 25.828089)
3400,,-80.2398172,25.7263875,POINT (-80.2398172 25.7263875)
3401,,-80.2392475,25.7269861,POINT (-80.2392475 25.7269861)
3402,,-80.2164889,25.8298035,POINT (-80.2164889 25.8298035)
3403,,-80.2242959,25.8180386,POINT (-80.2242959 25.8180386)
3404,,-80.2242934,25.8179319,POINT (-80.2242934 25.8179319)
3405,,-80.224318,25.8185459,POINT (-80.224318 25.8185459)
3406,,-80.2233645,25.8171014,POINT (-80.2233645 25.8171014)
3407,,-80.2234532,25.8170977,POINT (-80.2234532 25.8170977)
3408,,-80.2460627,25.7407929,POINT (-80.2460627 25.7407929)
3409,,-80.2734385,25.7835222,POINT (-80.2734385 25.7835222)
3410,,-80.2032256,25.80465,POINT (-80.2032256 25.80465)
3411,,-80.2032896,25.8064952,POINT (-80.2032896 25.8064952)
3412,,-80.203386,25.809276,POINT (-80.203386 25.809276)
3413,,-80.2033218,25.8074229,POINT (-80.2033218 25.8074229)
3414,,-80.2033534,25.8083366,POINT (-80.2033534 25.8083366)
3415,,-80.2078379,25.8168128,POINT (-80.2078379 25.8168128)
3416,,-80.1880257,25.8176418,POINT (-80.1880257 25.8176418)
3417,,-80.269581,25.780868,POINT (-80.269581 25.780868)
3418,,-80.1639169,25.7728847,POINT (-80.1639169 25.7728847)
3419,,-80.3139348,25.7664593,POINT (-80.3139348 25.7664593)
3420,,-80.3137279,25.7664408,POINT (-80.3137279 25.7664408)
3421,,-80.3128494,25.766482,POINT (-80.3128494 25.766482)
3422,,-80.3140808,25.7662624,POINT (-80.3140808 25.7662624)
3423,,-80.3119874,25.7679412,POINT (-80.3119874 25.7679412)
3424,,-80.3121833,25.7677449,POINT (-80.3121833 25.7677449)
3425,,-80.2464906,25.7792381,POINT (-80.2464906 25.7792381)
3426,,-80.1733118,25.8479839,POINT (-80.1733118 25.8479839)
3427,,-80.1732117,25.8480748,POINT (-80.1732117 25.8480748)
3428,,-80.173036,25.8479495,POINT (-80.173036 25.8479495)
3429,,-80.1695938,25.8480013,POINT (-80.1695938 25.8480013)
3430,,-80.1727899,25.8480381,POINT (-80.1727899 25.8480381)
3431,,-80.1667541,25.8482752,POINT (-80.1667541 25.8482752)
3432,,-80.2377798,25.7282501,POINT (-80.2377798 25.7282501)
3433,,-80.2376504,25.7314027,POINT (-80.2376504 25.7314027)
3434,,-80.2376222,25.7313804,POINT (-80.2376222 25.7313804)
3435,,-80.2376504,25.7318246,POINT (-80.2376504 25.7318246)
3436,,-80.2376758,25.7315157,POINT (-80.2376758 25.7315157)
3437,,-80.2374197,25.7317887,POINT (-80.2374197 25.7317887)
3438,,-80.2374506,25.7319433,POINT (-80.2374506 25.7319433)
3439,,-80.2374492,25.7314081,POINT (-80.2374492 25.7314081)
3440,,-80.2374668,25.7303678,POINT (-80.2374668 25.7303678)
3441,,-80.2146497,25.7735065,POINT (-80.2146497 25.7735065)
3442,,-80.261844,25.7862102,POINT (-80.261844 25.7862102)
3443,,-80.2535941,25.7860998,POINT (-80.2535941 25.7860998)
3444,,-80.2550762,25.7864527,POINT (-80.2550762 25.7864527)
3445,,-80.2082597,25.8271758,POINT (-80.2082597 25.8271758)
3446,,-80.2082423,25.8267944,POINT (-80.2082423 25.8267944)
3447,,-80.2495316,25.7851691,POINT (-80.2495316 25.7851691)
3448,,-80.2395882,25.7846875,POINT (-80.2395882 25.7846875)
3449,,-80.2320974,25.771417,POINT (-80.2320974 25.771417)
3450,,-80.2318907,25.7713913,POINT (-80.2318907 25.7713913)
3451,,-80.1582271,25.7715531,POINT (-80.1582271 25.7715531)
3452,,-80.1598406,25.7722904,POINT (-80.1598406 25.7722904)
3453,,-80.158246,25.7712696,POINT (-80.158246 25.7712696)
3454,,-80.1640654,25.7729505,POINT (-80.1640654 25.7729505)
3455,,-80.1633321,25.7728816,POINT (-80.1633321 25.7728816)
3456,,-80.1635776,25.7729076,POINT (-80.1635776 25.7729076)
3457,,-80.1618607,25.7728241,POINT (-80.1618607 25.7728241)
3458,,-80.1636834,25.7721142,POINT (-80.1636834 25.7721142)
3459,,-80.163099,25.7731128,POINT (-80.163099 25.7731128)
3460,,-80.2377746,25.7366829,POINT (-80.2377746 25.7366829)
3461,,-80.1941239,25.7679639,POINT (-80.1941239 25.7679639)
3462,,-80.241999,25.783098,POINT (-80.241999 25.783098)
3463,,-80.1933717,25.7682454,POINT (-80.1933717 25.7682454)
3464,,-80.1936391,25.7682764,POINT (-80.1936391 25.7682764)
3465,,-80.261185,25.7149167,POINT (-80.261185 25.7149167)
3466,,-80.254014,25.73507,POINT (-80.254014 25.73507)
3467,,-80.2494738,25.7500878,POINT (-80.2494738 25.7500878)
3468,,-80.2520687,25.7500159,POINT (-80.2520687 25.7500159)
3469,,-80.3060839,25.7667727,POINT (-80.3060839 25.7667727)
3470,,-80.3061955,25.7667275,POINT (-80.3061955 25.7667275)
3471,,-80.3060866,25.7666981,POINT (-80.3060866 25.7666981)
3472,,-80.3059861,25.7667002,POINT (-80.3059861 25.7667002)
3473,,-80.3058682,25.7667431,POINT (-80.3058682 25.7667431)
3474,,-80.3059898,25.766771,POINT (-80.3059898 25.766771)
3475,,-80.3060061,25.766783,POINT (-80.3060061 25.766783)
3476,,-80.3060007,25.766687,POINT (-80.3060007 25.766687)
3477,,-80.3060671,25.7667842,POINT (-80.3060671 25.7667842)
3478,,-80.305044,25.766779,POINT (-80.305044 25.766779)
3479,,-80.3060711,25.7666857,POINT (-80.3060711 25.7666857)
3480,,-80.2163412,25.8269097,POINT (-80.2163412 25.8269097)
3481,,-80.216301,25.826164,POINT (-80.216301 25.826164)
3482,,-80.2163798,25.8276333,POINT (-80.2163798 25.8276333)
3483,,-80.2958584,25.7651145,POINT (-80.2958584 25.7651145)
3484,,-80.2958664,25.7652142,POINT (-80.2958664 25.7652142)
3485,,-80.296037,25.7652095,POINT (-80.296037 25.7652095)
3486,,-80.296041,25.7651087,POINT (-80.296041 25.7651087)
3487,,-80.2959622,25.7655,POINT (-80.2959622 25.7655)
3488,,-80.2960155,25.7669885,POINT (-80.2960155 25.7669885)
3489,,-80.2960038,25.7652391,POINT (-80.2960038 25.7652391)
3490,,-80.2959917,25.76507,POINT (-80.2959917 25.76507)
3491,,-80.2958881,25.7652336,POINT (-80.2958881 25.7652336)
3492,,-80.2958899,25.7650799,POINT (-80.2958899 25.7650799)
3493,,-80.2959462,25.764843,POINT (-80.2959462 25.764843)
3494,,-80.2961624,25.772458,POINT (-80.2961624 25.772458)
3495,,-80.2961826,25.7724772,POINT (-80.2961826 25.7724772)
3496,,-80.296307,25.7723595,POINT (-80.296307 25.7723595)
3497,,-80.2962848,25.7723424,POINT (-80.2962848 25.7723424)
3498,,-80.2963134,25.7724579,POINT (-80.2963134 25.7724579)
3499,,-80.296157,25.7723733,POINT (-80.296157 25.7723733)
3500,,-80.2961724,25.772355,POINT (-80.2961724 25.772355)
3501,,-80.1883178,25.847722,POINT (-80.1883178 25.847722)
3502,,-80.238916,25.7692573,POINT (-80.238916 25.7692573)
3503,,-80.2001505,25.7749336,POINT (-80.2001505 25.7749336)
3504,,-80.1951078,25.7721234,POINT (-80.1951078 25.7721234)
3505,,-80.2017665,25.8115206,POINT (-80.2017665 25.8115206)
3506,,-80.2232096,25.77216,POINT (-80.2232096 25.77216)
3507,,-80.1941272,25.7588202,POINT (-80.1941272 25.7588202)
3508,,-80.2557405,25.7318696,POINT (-80.2557405 25.7318696)
3509,,-80.2557861,25.7321191,POINT (-80.2557861 25.7321191)
3510,,-80.22466,25.826667,POINT (-80.22466 25.826667)
3511,,-80.224697,25.827384,POINT (-80.224697 25.827384)
3512,,-80.2022852,25.7531119,POINT (-80.2022852 25.7531119)
3513,,-80.2749302,25.7712815,POINT (-80.2749302 25.7712815)
3514,,-80.2747979,25.7712869,POINT (-80.2747979 25.7712869)
3515,,-80.209138,25.7548553,POINT (-80.209138 25.7548553)
3516,,-80.2099952,25.7542498,POINT (-80.2099952 25.7542498)
3517,,-80.224624,25.82595,POINT (-80.224624 25.82595)
3518,,-80.2061894,25.7548874,POINT (-80.2061894 25.7548874)
3519,,-80.2057064,25.7572146,POINT (-80.2057064 25.7572146)
3520,,-80.2457262,25.7316101,POINT (-80.2457262 25.7316101)
3521,,-80.2457034,25.7315923,POINT (-80.2457034 25.7315923)
3522,,-80.2457374,25.7316826,POINT (-80.2457374 25.7316826)
3523,,-80.2456013,25.7316077,POINT (-80.2456013 25.7316077)
3524,,-80.2455917,25.7316922,POINT (-80.2455917 25.7316922)
3525,,-80.2456247,25.7315908,POINT (-80.2456247 25.7315908)
3526,,-80.2457155,25.7317114,POINT (-80.2457155 25.7317114)
3527,,-80.2456349,25.7317245,POINT (-80.2456349 25.7317245)
3528,,-80.206996,25.826825,POINT (-80.206996 25.826825)
3529,,-80.2363379,25.729962,POINT (-80.2363379 25.729962)
3530,,-80.2364015,25.729885,POINT (-80.2364015 25.729885)
3531,,-80.2373848,25.7281668,POINT (-80.2373848 25.7281668)
3532,,-80.2393643,25.7270727,POINT (-80.2393643 25.7270727)
3533,,-80.2401277,25.808058,POINT (-80.2401277 25.808058)
3534,,-80.2305625,25.7637505,POINT (-80.2305625 25.7637505)
3535,,-80.2305938,25.764531,POINT (-80.2305938 25.764531)
3536,,-80.2156328,25.8089923,POINT (-80.2156328 25.8089923)
3537,,-80.2531462,25.7827541,POINT (-80.2531462 25.7827541)
3538,,-80.2532763,25.7827505,POINT (-80.2532763 25.7827505)
3539,,-80.2522112,25.7827754,POINT (-80.2522112 25.7827754)
3540,,-80.2531691,25.7790227,POINT (-80.2531691 25.7790227)
3541,,-80.2539959,25.7827271,POINT (-80.2539959 25.7827271)
3542,,-80.1894408,25.8101628,POINT (-80.1894408 25.8101628)
3543,,-80.1893994,25.8105951,POINT (-80.1893994 25.8105951)
3544,,-80.1894457,25.8094184,POINT (-80.1894457 25.8094184)
3545,,-80.1894356,25.8085893,POINT (-80.1894356 25.8085893)
3546,,-80.1895509,25.8085858,POINT (-80.1895509 25.8085858)
3547,,-80.1895605,25.8094134,POINT (-80.1895605 25.8094134)
3548,,-80.189559,25.8101592,POINT (-80.189559 25.8101592)
3549,,-80.1895094,25.8105909,POINT (-80.1895094 25.8105909)
3550,,-80.2284351,25.758122,POINT (-80.2284351 25.758122)
3551,,-80.2284258,25.7581108,POINT (-80.2284258 25.7581108)
3552,,-80.228429,25.7581878,POINT (-80.228429 25.7581878)
3553,,-80.2285503,25.7581578,POINT (-80.2285503 25.7581578)
3554,,-80.2284175,25.7581977,POINT (-80.2284175 25.7581977)
3555,,-80.2283391,25.7581964,POINT (-80.2283391 25.7581964)
3556,,-80.2283261,25.758118,POINT (-80.2283261 25.758118)
3557,,-80.2283347,25.7581089,POINT (-80.2283347 25.7581089)
3558,,-80.189437,25.8107587,POINT (-80.189437 25.8107587)
3559,,-80.1894987,25.8106645,POINT (-80.1894987 25.8106645)
3560,,-80.1893514,25.8116424,POINT (-80.1893514 25.8116424)
3561,,-80.18939,25.8106694,POINT (-80.18939 25.8106694)
3562,,-80.2024719,25.7954046,POINT (-80.2024719 25.7954046)
3563,,-80.2004004,25.7954638,POINT (-80.2004004 25.7954638)
3564,,-80.2243756,25.758258,POINT (-80.2243756 25.758258)
3565,,-80.2244002,25.7582341,POINT (-80.2244002 25.7582341)
3566,,-80.2242939,25.7582624,POINT (-80.2242939 25.7582624)
3567,,-80.224285,25.7581392,POINT (-80.224285 25.7581392)
3568,,-80.2242613,25.7581625,POINT (-80.2242613 25.7581625)
3569,,-80.224374,25.7581378,POINT (-80.224374 25.7581378)
3570,,-80.2243995,25.7581616,POINT (-80.2243995 25.7581616)
3571,,-80.224534,25.7581871,POINT (-80.224534 25.7581871)
3572,,-80.2242612,25.7582341,POINT (-80.2242612 25.7582341)
3573,,-80.2241043,25.7581959,POINT (-80.2241043 25.7581959)
3574,,-80.222308,25.758214,POINT (-80.222308 25.758214)
3575,,-80.226352,25.758166,POINT (-80.226352 25.758166)
3576,,-80.2201875,25.7467778,POINT (-80.2201875 25.7467778)
3577,,-80.2368469,25.7403683,POINT (-80.2368469 25.7403683)
3578,,-80.2344373,25.7578941,POINT (-80.2344373 25.7578941)
3579,,-80.2344156,25.7579137,POINT (-80.2344156 25.7579137)
3580,,-80.2345141,25.7579137,POINT (-80.2345141 25.7579137)
3581,,-80.2345068,25.7579029,POINT (-80.2345068 25.7579029)
3582,,-80.2344348,25.7579948,POINT (-80.2344348 25.7579948)
3583,,-80.2345055,25.7579929,POINT (-80.2345055 25.7579929)
3584,,-80.2344197,25.7579815,POINT (-80.2344197 25.7579815)
3585,,-80.2345175,25.7579778,POINT (-80.2345175 25.7579778)
3586,,-80.2346369,25.7579415,POINT (-80.2346369 25.7579415)
3587,,-80.2342741,25.7579554,POINT (-80.2342741 25.7579554)
3588,,-80.2365121,25.7578653,POINT (-80.2365121 25.7578653)
3589,,-80.2356809,25.7652744,POINT (-80.2356809 25.7652744)
3590,,-80.2149424,25.7905189,POINT (-80.2149424 25.7905189)
3591,,-80.2150039,25.7931989,POINT (-80.2150039 25.7931989)
3592,,-80.2313092,25.7861135,POINT (-80.2313092 25.7861135)
3593,,-80.2313146,25.7862145,POINT (-80.2313146 25.7862145)
3594,,-80.2312759,25.784342,POINT (-80.2312759 25.784342)
3595,,-80.1673771,25.790877,POINT (-80.1673771 25.790877)
3596,,-80.1696409,25.7907411,POINT (-80.1696409 25.7907411)
3597,,-80.1703968,25.7904122,POINT (-80.1703968 25.7904122)
3598,,-80.1974835,25.7674214,POINT (-80.1974835 25.7674214)
3599,,-80.1760665,25.7900634,POINT (-80.1760665 25.7900634)
3600,,-80.2227787,25.7712399,POINT (-80.2227787 25.7712399)
3601,,-80.2227212,25.7704596,POINT (-80.2227212 25.7704596)
3602,,-80.2226857,25.7713087,POINT (-80.2226857 25.7713087)
3603,,-80.2241404,25.8147457,POINT (-80.2241404 25.8147457)
3604,,-80.224145,25.8148185,POINT (-80.224145 25.8148185)
3605,,-80.2241067,25.8140467,POINT (-80.2241067 25.8140467)
3606,,-80.224183,25.8155638,POINT (-80.224183 25.8155638)
3607,,-80.2241772,25.8154623,POINT (-80.2241772 25.8154623)
3608,,-80.2242162,25.816174,POINT (-80.2242162 25.816174)
3609,,-80.2242223,25.8163231,POINT (-80.2242223 25.8163231)
3610,,-80.224259,25.8170804,POINT (-80.224259 25.8170804)
3611,,-80.2043642,25.7952576,POINT (-80.2043642 25.7952576)
3612,,-80.1963426,25.8295807,POINT (-80.1963426 25.8295807)
3613,,-80.1963566,25.8296549,POINT (-80.1963566 25.8296549)
3614,,-80.200185,25.828849,POINT (-80.200185 25.828849)
3615,,-80.2156903,25.8073655,POINT (-80.2156903 25.8073655)
3616,,-80.2156534,25.8065368,POINT (-80.2156534 25.8065368)
3617,,-80.1964332,25.830285,POINT (-80.1964332 25.830285)
3618,,-80.1919952,25.8278636,POINT (-80.1919952 25.8278636)
3619,,-80.1917022,25.8211458,POINT (-80.1917022 25.8211458)
3620,,-80.2338375,25.7414594,POINT (-80.2338375 25.7414594)
3621,,-80.219715,25.807214,POINT (-80.219715 25.807214)
3622,,-80.219746,25.807838,POINT (-80.219746 25.807838)
3623,,-80.2237695,25.8067765,POINT (-80.2237695 25.8067765)
3624,,-80.2237746,25.8069086,POINT (-80.2237746 25.8069086)
3625,,-80.1933983,25.7683249,POINT (-80.1933983 25.7683249)
3626,,-80.1699328,25.8107662,POINT (-80.1699328 25.8107662)
3627,,-80.1731947,25.8481308,POINT (-80.1731947 25.8481308)
3628,,-80.223744,25.8062226,POINT (-80.223744 25.8062226)
3629,,-80.1756291,25.8481541,POINT (-80.1756291 25.8481541)
3630,,-80.181477,25.8479269,POINT (-80.181477 25.8479269)
3631,,-80.1795046,25.8479813,POINT (-80.1795046 25.8479813)
3632,,-80.1889766,25.8477078,POINT (-80.1889766 25.8477078)
3633,,-80.1899558,25.8476606,POINT (-80.1899558 25.8476606)
3634,,-80.177362,25.7900385,POINT (-80.177362 25.7900385)
3635,,-80.216222,25.7499491,POINT (-80.216222 25.7499491)
3636,,-80.2170906,25.7493687,POINT (-80.2170906 25.7493687)
3637,,-80.2160172,25.7499401,POINT (-80.2160172 25.7499401)
3638,,-80.2415889,25.728148,POINT (-80.2415889 25.728148)
3639,,-80.1633799,25.7729596,POINT (-80.1633799 25.7729596)
3640,,-80.2173944,25.749156,POINT (-80.2173944 25.749156)
3641,,-80.2174863,25.7493594,POINT (-80.2174863 25.7493594)
3642,,-80.1901409,25.7714029,POINT (-80.1901409 25.7714029)
3643,,-80.1901344,25.7711619,POINT (-80.1901344 25.7711619)
3644,,-80.1914352,25.7617039,POINT (-80.1914352 25.7617039)
3645,,-80.1921044,25.8040567,POINT (-80.1921044 25.8040567)
3646,,-80.2410407,25.7651091,POINT (-80.2410407 25.7651091)
3647,,-80.2416327,25.765093,POINT (-80.2416327 25.765093)
3648,,-80.1952037,25.7751232,POINT (-80.1952037 25.7751232)
3649,,-80.1952346,25.7760249,POINT (-80.1952346 25.7760249)
3650,,-80.2397837,25.790647,POINT (-80.2397837 25.790647)
3651,,-80.2398156,25.7906339,POINT (-80.2398156 25.7906339)
3652,,-80.2386591,25.7620662,POINT (-80.2386591 25.7620662)
3653,,-80.2381462,25.7492974,POINT (-80.2381462 25.7492974)
3654,,-80.2381232,25.7487098,POINT (-80.2381232 25.7487098)
3655,,-80.1964557,25.8308009,POINT (-80.1964557 25.8308009)
3656,,-80.1957333,25.8206737,POINT (-80.1957333 25.8206737)
3657,,-80.223809,25.8076952,POINT (-80.223809 25.8076952)
3658,,-80.1957746,25.7760284,POINT (-80.1957746 25.7760284)
3659,,-80.1970144,25.7769513,POINT (-80.1970144 25.7769513)
3660,,-80.1964184,25.7769688,POINT (-80.1964184 25.7769688)
3661,,-80.199335,25.8080815,POINT (-80.199335 25.8080815)
3662,,-80.2034333,25.8074199,POINT (-80.2034333 25.8074199)
3663,,-80.1901883,25.7726187,POINT (-80.1901883 25.7726187)
3664,,-80.1918627,25.7725726,POINT (-80.1918627 25.7725726)
3665,,-80.2308878,25.8093888,POINT (-80.2308878 25.8093888)
3666,,-80.230736,25.801936,POINT (-80.230736 25.801936)
3667,,-80.2303895,25.7797404,POINT (-80.2303895 25.7797404)
3668,,-80.2304848,25.7832881,POINT (-80.2304848 25.7832881)
3669,,-80.2312568,25.783276,POINT (-80.2312568 25.783276)
3670,,-80.2296535,25.7833116,POINT (-80.2296535 25.7833116)
3671,,-80.215724,25.8081861,POINT (-80.215724 25.8081861)
3672,,-80.1769707,25.7765161,POINT (-80.1769707 25.7765161)
3673,,-80.2238424,25.8086181,POINT (-80.2238424 25.8086181)
3674,,-80.1979841,25.7730042,POINT (-80.1979841 25.7730042)
3675,,-80.1980359,25.7727591,POINT (-80.1980359 25.7727591)
3676,,-80.1875622,25.8349115,POINT (-80.1875622 25.8349115)
3677,,-80.1875269,25.8340712,POINT (-80.1875269 25.8340712)
3678,,-80.2222912,25.757887,POINT (-80.2222912 25.757887)
3679,,-80.2223156,25.7586196,POINT (-80.2223156 25.7586196)
3680,,-80.2271087,25.7581612,POINT (-80.2271087 25.7581612)
3681,,-80.2303661,25.7587456,POINT (-80.2303661 25.7587456)
3682,,-80.2385274,25.7587089,POINT (-80.2385274 25.7587089)
3683,,-80.2426764,25.7576453,POINT (-80.2426764 25.7576453)
3684,,-80.2447304,25.7575824,POINT (-80.2447304 25.7575824)
3685,,-80.2023563,25.7862694,POINT (-80.2023563 25.7862694)
3686,,-80.250824,25.7573913,POINT (-80.250824 25.7573913)
3687,,-80.246684,25.790373,POINT (-80.246684 25.790373)
3688,,-80.246561,25.786665,POINT (-80.246561 25.786665)
3689,,-80.24776,25.786631,POINT (-80.24776 25.786631)
3690,,-80.243646,25.786751,POINT (-80.243646 25.786751)
3691,,-80.2478779,25.7903459,POINT (-80.2478779 25.7903459)
3692,,-80.214897,25.7862204,POINT (-80.214897 25.7862204)
3693,,-80.2464548,25.7829604,POINT (-80.2464548 25.7829604)
3694,,-80.247619,25.782922,POINT (-80.247619 25.782922)
3695,,-80.2457337,25.7720794,POINT (-80.2457337 25.7720794)
3696,,-80.2102492,25.7923759,POINT (-80.2102492 25.7923759)
3697,,-80.2109726,25.8248243,POINT (-80.2109726 25.8248243)
3698,,-80.2093965,25.77367,POINT (-80.2093965 25.77367)
3699,,-80.1976406,25.7723979,POINT (-80.1976406 25.7723979)
3700,,-80.2102489,25.7877642,POINT (-80.2102489 25.7877642)
3701,,-80.20917,25.7877919,POINT (-80.20917 25.7877919)
3702,,-80.2493654,25.7203839,POINT (-80.2493654 25.7203839)
3703,,-80.2487445,25.7210061,POINT (-80.2487445 25.7210061)
3704,,-80.262001,25.782488,POINT (-80.262001 25.782488)
3705,,-80.260975,25.782522,POINT (-80.260975 25.782522)
3706,,-80.2503053,25.7196823,POINT (-80.2503053 25.7196823)
3707,,-80.195572,25.840061,POINT (-80.195572 25.840061)
3708,,-80.190446,25.840198,POINT (-80.190446 25.840198)
3709,,-80.189042,25.8402371,POINT (-80.189042 25.8402371)
3710,,-80.1886247,25.8402455,POINT (-80.1886247 25.8402455)
3711,,-80.187868,25.840244,POINT (-80.187868 25.840244)
3712,,-80.186507,25.840255,POINT (-80.186507 25.840255)
3713,,-80.187889,25.841187,POINT (-80.187889 25.841187)
3714,,-80.187841,25.839559,POINT (-80.187841 25.839559)
3715,,-80.2499412,25.7902873,POINT (-80.2499412 25.7902873)
3716,,-80.251526,25.790239,POINT (-80.251526 25.790239)
3717,,-80.1974216,25.7662936,POINT (-80.1974216 25.7662936)
3718,,-80.2501695,25.7791106,POINT (-80.2501695 25.7791106)
3719,,-80.250997,25.779096,POINT (-80.250997 25.779096)
3720,,-80.2502082,25.7828422,POINT (-80.2502082 25.7828422)
3721,,-80.251295,25.782805,POINT (-80.251295 25.782805)
3722,,-80.2491736,25.7828794,POINT (-80.2491736 25.7828794)
3723,,-80.2503996,25.8087959,POINT (-80.2503996 25.8087959)
3724,,-80.2599166,25.7825471,POINT (-80.2599166 25.7825471)
3725,,-80.2163677,25.7801794,POINT (-80.2163677 25.7801794)
3726,,-80.215599,25.7802036,POINT (-80.215599 25.7802036)
3727,,-80.2180437,25.8172396,POINT (-80.2180437 25.8172396)
3728,,-80.219111,25.8172124,POINT (-80.219111 25.8172124)
3729,,-80.2170331,25.8172717,POINT (-80.2170331 25.8172717)
3730,,-80.2175202,25.787525,POINT (-80.2175202 25.787525)
3731,,-80.222502,25.7815482,POINT (-80.222502 25.7815482)
3732,,-80.2225972,25.7822419,POINT (-80.2225972 25.7822419)
3733,,-80.2186835,25.8319846,POINT (-80.2186835 25.8319846)
3734,,-80.2194328,25.8319634,POINT (-80.2194328 25.8319634)
3735,,-80.2064049,25.8297549,POINT (-80.2064049 25.8297549)
3736,,-80.2177774,25.8097445,POINT (-80.2177774 25.8097445)
3737,,-80.2654634,25.7909829,POINT (-80.2654634 25.7909829)
3738,,-80.2482636,25.7278267,POINT (-80.2482636 25.7278267)
3739,,-80.202378,25.7594966,POINT (-80.202378 25.7594966)
3740,,-80.1989509,25.7554091,POINT (-80.1989509 25.7554091)
3741,,-80.188178,25.8325701,POINT (-80.188178 25.8325701)
3742,,-80.1901744,25.8331601,POINT (-80.1901744 25.8331601)
3743,,-80.1909289,25.8331367,POINT (-80.1909289 25.8331367)
3744,,-80.1886366,25.7752775,POINT (-80.1886366 25.7752775)
3745,,-80.1879757,25.7762624,POINT (-80.1879757 25.7762624)
3746,,-80.188774,25.825479,POINT (-80.188774 25.825479)
3747,,-80.1904135,25.8476462,POINT (-80.1904135 25.8476462)
3748,,-80.2189316,25.8127862,POINT (-80.2189316 25.8127862)
3749,,-80.206683,25.828636,POINT (-80.206683 25.828636)
3750,,-80.268021,25.78089,POINT (-80.268021 25.78089)
3751,,-80.268003,25.780189,POINT (-80.268003 25.780189)
3752,,-80.2680313,25.7816556,POINT (-80.2680313 25.7816556)
3753,,-80.1889587,25.772609,POINT (-80.1889587 25.772609)
3754,,-80.1939201,25.7828167,POINT (-80.1939201 25.7828167)
3755,,-80.1938777,25.7818587,POINT (-80.1938777 25.7818587)
3756,,-80.1959047,25.7827641,POINT (-80.1959047 25.7827641)
3757,,-80.190225,25.804243,POINT (-80.190225 25.804243)
3758,,-80.1796025,25.85029,POINT (-80.1796025 25.85029)
3759,,-80.1765549,25.8509007,POINT (-80.1765549 25.8509007)
3760,,-80.1765643,25.8511864,POINT (-80.1765643 25.8511864)
3761,,-80.1883075,25.7771981,POINT (-80.1883075 25.7771981)
3762,,-80.1765876,25.8518483,POINT (-80.1765876 25.8518483)
3763,,-80.176639,25.853141,POINT (-80.176639 25.853141)
3764,,-80.1903646,25.7771411,POINT (-80.1903646 25.7771411)
3765,,-80.176657,25.853789,POINT (-80.176657 25.853789)
3766,,-80.1885248,25.7781602,POINT (-80.1885248 25.7781602)
3767,,-80.2595766,25.7717318,POINT (-80.2595766 25.7717318)
3768,,-80.2231871,25.7919387,POINT (-80.2231871 25.7919387)
3769,,-80.223161,25.791085,POINT (-80.223161 25.791085)
3770,,-80.232961,25.79144,POINT (-80.232961 25.79144)
3771,,-80.187472,25.832578,POINT (-80.187472 25.832578)
3772,,-80.188202,25.8332085,POINT (-80.188202 25.8332085)
3773,,-80.187777,25.838862,POINT (-80.187777 25.838862)
3774,,-80.187926,25.842102,POINT (-80.187926 25.842102)
3775,,-80.187949,25.84305,POINT (-80.187949 25.84305)
3776,,-80.18802,25.843965,POINT (-80.18802 25.843965)
3777,,-80.188047,25.844911,POINT (-80.188047 25.844911)
3778,,-80.188081,25.845735,POINT (-80.188081 25.845735)
3779,,-80.188208,25.846693,POINT (-80.188208 25.846693)
3780,,-80.191431,25.786971,POINT (-80.191431 25.786971)
3781,,-80.1923988,25.7876068,POINT (-80.1923988 25.7876068)
3782,,-80.193992,25.785127,POINT (-80.193992 25.785127)
3783,,-80.2675129,25.7861107,POINT (-80.2675129 25.7861107)
3784,,-80.2709915,25.7869457,POINT (-80.2709915 25.7869457)
3785,,-80.234769,25.7652939,POINT (-80.234769 25.7652939)
3786,,-80.2467663,25.7720491,POINT (-80.2467663 25.7720491)
3787,,-80.2449669,25.7649885,POINT (-80.2449669 25.7649885)
3788,,-80.220302,25.740595,POINT (-80.220302 25.740595)
3789,,-80.221026,25.740152,POINT (-80.221026 25.740152)
3790,,-80.222412,25.739449,POINT (-80.222412 25.739449)
3791,,-80.223109,25.7391,POINT (-80.223109 25.7391)
3792,,-80.223633,25.738839,POINT (-80.223633 25.738839)
3793,,-80.2240672,25.7386139,POINT (-80.2240672 25.7386139)
3794,,-80.224473,25.738384,POINT (-80.224473 25.738384)
3795,,-80.2251488,25.7380478,POINT (-80.2251488 25.7380478)
3796,,-80.226327,25.737432,POINT (-80.226327 25.737432)
3797,,-80.227052,25.737084,POINT (-80.227052 25.737084)
3798,,-80.2273993,25.7368957,POINT (-80.2273993 25.7368957)
3799,,-80.2292031,25.7355255,POINT (-80.2292031 25.7355255)
3800,,-80.2353287,25.7311564,POINT (-80.2353287 25.7311564)
3801,,-80.2243727,25.8198223,POINT (-80.2243727 25.8198223)
3802,,-80.2244061,25.8207586,POINT (-80.2244061 25.8207586)
3803,,-80.2243514,25.8192855,POINT (-80.2243514 25.8192855)
3804,,-80.2160688,25.820261,POINT (-80.2160688 25.820261)
3805,,-80.2160967,25.8209918,POINT (-80.2160967 25.8209918)
3806,,-80.216048,25.8195231,POINT (-80.216048 25.8195231)
3807,,-80.1957519,25.8208488,POINT (-80.1957519 25.8208488)
3808,,-80.195896,25.8243601,POINT (-80.195896 25.8243601)
3809,,-80.1943412,25.7726505,POINT (-80.1943412 25.7726505)
3810,,-80.1948869,25.7726413,POINT (-80.1948869 25.7726413)
3811,,-80.1990405,25.765693,POINT (-80.1990405 25.765693)
3812,,-80.229799,25.74199,POINT (-80.229799 25.74199)
3813,,-80.2297779,25.7410484,POINT (-80.2297779 25.7410484)
3814,,-80.254233,25.7410914,POINT (-80.254233 25.7410914)
3815,,-80.2378642,25.7417616,POINT (-80.2378642 25.7417616)
3816,,-80.1887161,25.812464,POINT (-80.1887161 25.812464)
3817,,-80.2541245,25.7827229,POINT (-80.2541245 25.7827229)
3818,,-80.1883578,25.8124759,POINT (-80.1883578 25.8124759)
3819,,-80.253655,25.786476,POINT (-80.253655 25.786476)
3820,,-80.2514024,25.7865411,POINT (-80.2514024 25.7865411)
3821,,-80.2345246,25.7831338,POINT (-80.2345246 25.7831338)
3822,,-80.1878272,25.7772031,POINT (-80.1878272 25.7772031)
3823,,-80.216146,25.822341,POINT (-80.216146 25.822341)
3824,,-80.2161495,25.8224896,POINT (-80.2161495 25.8224896)
3825,,-80.216124,25.821758,POINT (-80.216124 25.821758)
3826,,-80.2161836,25.8232215,POINT (-80.2161836 25.8232215)
3827,,-80.2244706,25.8222591,POINT (-80.2244706 25.8222591)
3828,,-80.224501,25.822965,POINT (-80.224501 25.822965)
3829,,-80.2244388,25.8215232,POINT (-80.2244388 25.8215232)
3830,,-80.247794,25.721984,POINT (-80.247794 25.721984)
3831,,-80.228911,25.783331,POINT (-80.228911 25.783331)
3832,,-80.2292407,25.7726173,POINT (-80.2292407 25.7726173)
3833,,-80.2294254,25.7945857,POINT (-80.2294254 25.7945857)
3834,,-80.193939,25.783769,POINT (-80.193939 25.783769)
3835,,-80.196497,25.837707,POINT (-80.196497 25.837707)
3836,,-80.2251034,25.8359853,POINT (-80.2251034 25.8359853)
3837,,-80.2251329,25.8366105,POINT (-80.2251329 25.8366105)
3838,,-80.2250793,25.8353817,POINT (-80.2250793 25.8353817)
3839,,-80.249608,25.7277785,POINT (-80.249608 25.7277785)
3840,,-80.1839888,25.8319522,POINT (-80.1839888 25.8319522)
3841,,-80.261211,25.7156427,POINT (-80.261211 25.7156427)
3842,,-80.261205,25.7153937,POINT (-80.261205 25.7153937)
3843,,-80.1976763,25.8178196,POINT (-80.1976763 25.8178196)
3844,,-80.1996774,25.8169653,POINT (-80.1996774 25.8169653)
3845,,-80.2037567,25.8176399,POINT (-80.2037567 25.8176399)
3846,,-80.2054492,25.8175892,POINT (-80.2054492 25.8175892)
3847,,-80.2056413,25.8175835,POINT (-80.2056413 25.8175835)
3848,,-80.2066457,25.8175602,POINT (-80.2066457 25.8175602)
3849,,-80.209876,25.8174279,POINT (-80.209876 25.8174279)
3850,,-80.2102404,25.8174199,POINT (-80.2102404 25.8174199)
3851,,-80.2146462,25.8173191,POINT (-80.2146462 25.8173191)
3852,,-80.2155309,25.8173029,POINT (-80.2155309 25.8173029)
3853,,-80.215994,25.8172965,POINT (-80.215994 25.8172965)
3854,,-80.216017,25.81805,POINT (-80.216017 25.81805)
3855,,-80.2200929,25.8171873,POINT (-80.2200929 25.8171873)
3856,,-80.2262917,25.8170085,POINT (-80.2262917 25.8170085)
3857,,-80.2283197,25.816934,POINT (-80.2283197 25.816934)
3858,,-80.3001748,25.7705367,POINT (-80.3001748 25.7705367)
3859,,-80.299151,25.7705531,POINT (-80.299151 25.7705531)
3860,,-80.3000332,25.7668955,POINT (-80.3000332 25.7668955)
3861,,-80.301045,25.7668735,POINT (-80.301045 25.7668735)
3862,,-80.2990238,25.7669251,POINT (-80.2990238 25.7669251)
3863,,-80.215857,25.8135718,POINT (-80.215857 25.8135718)
3864,,-80.2158804,25.8142783,POINT (-80.2158804 25.8142783)
3865,,-80.2240726,25.8133121,POINT (-80.2240726 25.8133121)
3866,,-80.2260662,25.8132467,POINT (-80.2260662 25.8132467)
3867,,-80.1703958,25.7903433,POINT (-80.1703958 25.7903433)
3868,,-80.229716,25.73951,POINT (-80.229716 25.73951)
3869,,-80.229679,25.7384201,POINT (-80.229679 25.7384201)
3870,,-80.229748,25.7402755,POINT (-80.229748 25.7402755)
3871,,-80.2514992,25.7894975,POINT (-80.2514992 25.7894975)
3872,,-80.2514724,25.7887556,POINT (-80.2514724 25.7887556)
3873,,-80.223131,25.790538,POINT (-80.223131 25.790538)
3874,,-80.2231112,25.7896678,POINT (-80.2231112 25.7896678)
3875,,-80.2605829,25.7717179,POINT (-80.2605829 25.7717179)
3876,,-80.225021,25.834201,POINT (-80.225021 25.834201)
3877,,-80.224985,25.833609,POINT (-80.224985 25.833609)
3878,,-80.225044,25.834793,POINT (-80.225044 25.834793)
3879,,-80.1921441,25.8309945,POINT (-80.1921441 25.8309945)
3880,,-80.1976788,25.773204,POINT (-80.1976788 25.773204)
3881,,-80.213428,25.78398,POINT (-80.213428 25.78398)
3882,,-80.2127561,25.7839912,POINT (-80.2127561 25.7839912)
3883,,-80.1935387,25.7725267,POINT (-80.1935387 25.7725267)
3884,,-80.2716781,25.7706985,POINT (-80.2716781 25.7706985)
3885,,-80.2716631,25.7700095,POINT (-80.2716631 25.7700095)
3886,,-80.271652,25.769253,POINT (-80.271652 25.769253)
3887,,-80.271615,25.768551,POINT (-80.271615 25.768551)
3888,,-80.271592,25.767812,POINT (-80.271592 25.767812)
3889,,-80.271582,25.767085,POINT (-80.271582 25.767085)
3890,,-80.271545,25.76637,POINT (-80.271545 25.76637)
3891,,-80.2714981,25.7649276,POINT (-80.2714981 25.7649276)
3892,,-80.1924361,25.8381752,POINT (-80.1924361 25.8381752)
3893,,-80.2576707,25.7274624,POINT (-80.2576707 25.7274624)
3894,,-80.194729,25.791625,POINT (-80.194729 25.791625)
3895,,-80.1939464,25.7916517,POINT (-80.1939464 25.7916517)
3896,,-80.193155,25.7916856,POINT (-80.193155 25.7916856)
3897,,-80.2152011,25.7977554,POINT (-80.2152011 25.7977554)
3898,,-80.2152224,25.7981966,POINT (-80.2152224 25.7981966)
3899,,-80.1915776,25.7917402,POINT (-80.1915776 25.7917402)
3900,,-80.2233913,25.797509,POINT (-80.2233913 25.797509)
3901,,-80.223357,25.79657,POINT (-80.223357 25.79657)
3902,,-80.1989773,25.797729,POINT (-80.1989773 25.797729)
3903,,-80.1989384,25.7968269,POINT (-80.1989384 25.7968269)
3904,,-80.1907316,25.7922825,POINT (-80.1907316 25.7922825)
3905,,-80.2495952,25.7865913,POINT (-80.2495952 25.7865913)
3906,,-80.2492344,25.7865972,POINT (-80.2492344 25.7865972)
3907,,-80.250335,25.786552,POINT (-80.250335 25.786552)
3908,,-80.2338129,25.787047,POINT (-80.2338129 25.787047)
3909,,-80.2349444,25.7870098,POINT (-80.2349444 25.7870098)
3910,,-80.2384776,25.7868977,POINT (-80.2384776 25.7868977)
3911,,-80.2388175,25.7868888,POINT (-80.2388175 25.7868888)
3912,,-80.2483043,25.7866108,POINT (-80.2483043 25.7866108)
3913,,-80.2513571,25.7851576,POINT (-80.2513571 25.7851576)
3914,,-80.2514196,25.7872924,POINT (-80.2514196 25.7872924)
3915,,-80.196544,25.7882,POINT (-80.196544 25.7882)
3916,,-80.197246,25.7881804,POINT (-80.197246 25.7881804)
3917,,-80.2078412,25.7878375,POINT (-80.2078412 25.7878375)
3918,,-80.208736,25.7878068,POINT (-80.208736 25.7878068)
3919,,-80.2149038,25.7893331,POINT (-80.2149038 25.7893331)
3920,,-80.2680416,25.7823954,POINT (-80.2680416 25.7823954)
3921,,-80.2683256,25.7715073,POINT (-80.2683256 25.7715073)
3922,,-80.1962518,25.7732432,POINT (-80.1962518 25.7732432)
3923,,-80.227292,25.783453,POINT (-80.227292 25.783453)
3924,,-80.226509,25.783512,POINT (-80.226509 25.783512)
3925,,-80.2281212,25.7833786,POINT (-80.2281212 25.7833786)
3926,,-80.3051374,25.7704332,POINT (-80.3051374 25.7704332)
3927,,-80.1984506,25.8473573,POINT (-80.1984506 25.8473573)
3928,,-80.198603,25.843664,POINT (-80.198603 25.843664)
3929,,-80.1974944,25.8326616,POINT (-80.1974944 25.8326616)
3930,,-80.1979838,25.8326467,POINT (-80.1979838 25.8326467)
3931,,-80.1979868,25.8252209,POINT (-80.1979868 25.8252209)
3932,,-80.2308324,25.7707945,POINT (-80.2308324 25.7707945)
3933,,-80.2307953,25.7700425,POINT (-80.2307953 25.7700425)
3934,,-80.2307783,25.7695813,POINT (-80.2307783 25.7695813)
3935,,-80.2307673,25.7693555,POINT (-80.2307673 25.7693555)
3936,,-80.2307498,25.7689748,POINT (-80.2307498 25.7689748)
3937,,-80.2307238,25.768112,POINT (-80.2307238 25.768112)
3938,,-80.230695,25.7672056,POINT (-80.230695 25.7672056)
3939,,-80.2306309,25.7663289,POINT (-80.2306309 25.7663289)
3940,,-80.2304956,25.7620808,POINT (-80.2304956 25.7620808)
3941,,-80.2304861,25.7617894,POINT (-80.2304861 25.7617894)
3942,,-80.2304688,25.7613079,POINT (-80.2304688 25.7613079)
3943,,-80.2304326,25.76042,POINT (-80.2304326 25.76042)
3944,,-80.2303775,25.7590392,POINT (-80.2303775 25.7590392)
3945,,-80.2303976,25.7594943,POINT (-80.2303976 25.7594943)
3946,,-80.2303149,25.7573998,POINT (-80.2303149 25.7573998)
3947,,-80.2303036,25.7566634,POINT (-80.2303036 25.7566634)
3948,,-80.2302888,25.7562735,POINT (-80.2302888 25.7562735)
3949,,-80.2302719,25.7557652,POINT (-80.2302719 25.7557652)
3950,,-80.2301468,25.7528499,POINT (-80.2301468 25.7528499)
3951,,-80.2301229,25.7521109,POINT (-80.2301229 25.7521109)
3952,,-80.22809,25.7506134,POINT (-80.22809 25.7506134)
3953,,-80.2300341,25.7497627,POINT (-80.2300341 25.7497627)
3954,,-80.2300073,25.74898,POINT (-80.2300073 25.74898)
3955,,-80.2299725,25.7481963,POINT (-80.2299725 25.7481963)
3956,,-80.2299375,25.7474078,POINT (-80.2299375 25.7474078)
3957,,-80.229904,25.7464819,POINT (-80.229904 25.7464819)
3958,,-80.2298643,25.7455286,POINT (-80.2298643 25.7455286)
3959,,-80.2309975,25.7741514,POINT (-80.2309975 25.7741514)
3960,,-80.2310038,25.7743489,POINT (-80.2310038 25.7743489)
3961,,-80.1973847,25.7653298,POINT (-80.1973847 25.7653298)
3962,,-80.1973519,25.7643734,POINT (-80.1973519 25.7643734)
3963,,-80.1973141,25.7634119,POINT (-80.1973141 25.7634119)
3964,,-80.1972797,25.7624477,POINT (-80.1972797 25.7624477)
3965,,-80.1965444,25.7600281,POINT (-80.1965444 25.7600281)
3966,,-80.2310143,25.7747182,POINT (-80.2310143 25.7747182)
3967,,-80.2430544,25.7273802,POINT (-80.2430544 25.7273802)
3968,,-80.243746,25.72672,POINT (-80.243746 25.72672)
3969,,-80.2310258,25.7750432,POINT (-80.2310258 25.7750432)
3970,,-80.244643,25.725681,POINT (-80.244643 25.725681)
3971,,-80.245163,25.72484,POINT (-80.245163 25.72484)
3972,,-80.251355,25.7189972,POINT (-80.251355 25.7189972)
3973,,-80.252136,25.718495,POINT (-80.252136 25.718495)
3974,,-80.252909,25.717952,POINT (-80.252909 25.717952)
3975,,-80.2310384,25.7754306,POINT (-80.2310384 25.7754306)
3976,,-80.2223246,25.7589328,POINT (-80.2223246 25.7589328)
3977,,-80.2223441,25.7593501,POINT (-80.2223441 25.7593501)
3978,,-80.2310515,25.7758037,POINT (-80.2310515 25.7758037)
3979,,-80.2310657,25.7761555,POINT (-80.2310657 25.7761555)
3980,,-80.2310769,25.7765468,POINT (-80.2310769 25.7765468)
3981,,-80.2980194,25.766941,POINT (-80.2980194 25.766941)
3982,,-80.2311051,25.777371,POINT (-80.2311051 25.777371)
3983,,-80.2311292,25.7781103,POINT (-80.2311292 25.7781103)
3984,,-80.2076707,25.7841799,POINT (-80.2076707 25.7841799)
3985,,-80.231155,25.7788247,POINT (-80.231155 25.7788247)
3986,,-80.2323681,25.7711512,POINT (-80.2323681 25.7711512)
3987,,-80.1959761,25.7846795,POINT (-80.1959761 25.7846795)
3988,,-80.1964205,25.7846702,POINT (-80.1964205 25.7846702)
3989,,-80.1972626,25.7846456,POINT (-80.1972626 25.7846456)
3990,,-80.203101,25.784471,POINT (-80.203101 25.784471)
3991,,-80.2112317,25.7840385,POINT (-80.2112317 25.7840385)
3992,,-80.2119969,25.7840126,POINT (-80.2119969 25.7840126)
3993,,-80.2312068,25.781447,POINT (-80.2312068 25.781447)
3994,,-80.226523,25.784262,POINT (-80.226523 25.784262)
3995,,-80.2367299,25.7830757,POINT (-80.2367299 25.7830757)
3996,,-80.2374729,25.7830512,POINT (-80.2374729 25.7830512)
3997,,-80.2380862,25.783034,POINT (-80.2380862 25.783034)
3998,,-80.231214,25.7818756,POINT (-80.231214 25.7818756)
3999,,-80.2432794,25.7830552,POINT (-80.2432794 25.7830552)
4000,,-80.2481832,25.7829049,POINT (-80.2481832 25.7829049)
4001,,-80.2074432,25.828645,POINT (-80.2074432 25.828645)
4002,,-80.207689,25.828636,POINT (-80.207689 25.828636)
4003,,-80.302058,25.7668516,POINT (-80.302058 25.7668516)
4004,,-80.2970214,25.7669568,POINT (-80.2970214 25.7669568)
4005,,-80.2218918,25.7488371,POINT (-80.2218918 25.7488371)
4006,,-80.2218767,25.7484634,POINT (-80.2218767 25.7484634)
4007,,-80.2381159,25.748478,POINT (-80.2381159 25.748478)
4008,,-80.246298,25.7473136,POINT (-80.246298 25.7473136)
4009,,-80.231458,25.7932405,POINT (-80.231458 25.7932405)
4010,,-80.2314654,25.7936833,POINT (-80.2314654 25.7936833)
4011,,-80.2236706,25.8044132,POINT (-80.2236706 25.8044132)
4012,,-80.223697,25.8051104,POINT (-80.223697 25.8051104)
4013,,-80.2315163,25.7954568,POINT (-80.2315163 25.7954568)
4014,,-80.303054,25.766832,POINT (-80.303054 25.766832)
4015,,-80.2315528,25.7963887,POINT (-80.2315528 25.7963887)
4016,,-80.3099877,25.7665806,POINT (-80.3099877 25.7665806)
4017,,-80.310423,25.7665699,POINT (-80.310423 25.7665699)
4018,,-80.231589,25.7973018,POINT (-80.231589 25.7973018)
4019,,-80.2316261,25.7982237,POINT (-80.2316261 25.7982237)
4020,,-80.23166,25.7991441,POINT (-80.23166 25.7991441)
4021,,-80.2316961,25.8000907,POINT (-80.2316961 25.8000907)
4022,,-80.2317317,25.8009939,POINT (-80.2317317 25.8009939)
4023,,-80.2006699,25.7625852,POINT (-80.2006699 25.7625852)
4024,,-80.2319425,25.8065618,POINT (-80.2319425 25.8065618)
4025,,-80.2319796,25.8074914,POINT (-80.2319796 25.8074914)
4026,,-80.2320157,25.8084254,POINT (-80.2320157 25.8084254)
4027,,-80.2077647,25.7747093,POINT (-80.2077647 25.7747093)
4028,,-80.2077998,25.7756779,POINT (-80.2077998 25.7756779)
4029,,-80.2078375,25.7766418,POINT (-80.2078375 25.7766418)
4030,,-80.210521,25.8321809,POINT (-80.210521 25.8321809)
4031,,-80.232132,25.8112067,POINT (-80.232132 25.8112067)
4032,,-80.2041139,25.7758103,POINT (-80.2041139 25.7758103)
4033,,-80.2047034,25.7767685,POINT (-80.2047034 25.7767685)
4034,,-80.2380829,25.7475277,POINT (-80.2380829 25.7475277)
4035,,-80.2146818,25.774502,POINT (-80.2146818 25.774502)
4036,,-80.2147159,25.7754632,POINT (-80.2147159 25.7754632)
4037,,-80.2147414,25.7764306,POINT (-80.2147414 25.7764306)
4038,,-80.2147604,25.7773821,POINT (-80.2147604 25.7773821)
4039,,-80.2147877,25.7783517,POINT (-80.2147877 25.7783517)
4040,,-80.2148132,25.7793142,POINT (-80.2148132 25.7793142)
4041,,-80.2148103,25.780995,POINT (-80.2148103 25.780995)
4042,,-80.209131,25.778516,POINT (-80.209131 25.778516)
4043,,-80.2149322,25.7904203,POINT (-80.2149322 25.7904203)
4044,,-80.21513,25.7959442,POINT (-80.21513 25.7959442)
4045,,-80.2151769,25.7971243,POINT (-80.2151769 25.7971243)
4046,,-80.2152659,25.7995762,POINT (-80.2152659 25.7995762)
4047,,-80.2152774,25.8002438,POINT (-80.2152774 25.8002438)
4048,,-80.2153274,25.8009231,POINT (-80.2153274 25.8009231)
4049,,-80.2157607,25.8089888,POINT (-80.2157607 25.8089888)
4050,,-80.2158023,25.8121182,POINT (-80.2158023 25.8121182)
4051,,-80.209572,25.778892,POINT (-80.209572 25.778892)
4052,,-80.213768,25.8121794,POINT (-80.213768 25.8121794)
4053,,-80.215899,25.815032,POINT (-80.215899 25.815032)
4054,,-80.216032,25.8187815,POINT (-80.216032 25.8187815)
4055,,-80.216116,25.821592,POINT (-80.216116 25.821592)
4056,,-80.216198,25.82394,POINT (-80.216198 25.82394)
4057,,-80.21627,25.825473,POINT (-80.21627 25.825473)
4058,,-80.216504,25.8301588,POINT (-80.216504 25.8301588)
4059,,-80.2165203,25.8305394,POINT (-80.2165203 25.8305394)
4060,,-80.2258824,25.7845296,POINT (-80.2258824 25.7845296)
4061,,-80.1950473,25.7591425,POINT (-80.1950473 25.7591425)
4062,,-80.2514467,25.7880412,POINT (-80.2514467 25.7880412)
4063,,-80.2882995,25.7761547,POINT (-80.2882995 25.7761547)
4064,,-80.288226,25.774388,POINT (-80.288226 25.774388)
4065,,-80.2028983,25.7786971,POINT (-80.2028983 25.7786971)
4066,,-80.1968211,25.7788699,POINT (-80.1968211 25.7788699)
4067,,-80.195252,25.776996,POINT (-80.195252 25.776996)
4068,,-80.1937584,25.7780032,POINT (-80.1937584 25.7780032)
4069,,-80.2227711,25.778108,POINT (-80.2227711 25.778108)
4070,,-80.2225138,25.7790779,POINT (-80.2225138 25.7790779)
4071,,-80.256031,25.7350225,POINT (-80.256031 25.7350225)
4072,,-80.2437912,25.7378343,POINT (-80.2437912 25.7378343)
4073,,-80.1890014,25.8331857,POINT (-80.1890014 25.8331857)
4074,,-80.1881896,25.7935628,POINT (-80.1881896 25.7935628)
4075,,-80.1878274,25.7935722,POINT (-80.1878274 25.7935722)
4076,,-80.1877406,25.7948369,POINT (-80.1877406 25.7948369)
4077,,-80.2200702,25.8319419,POINT (-80.2200702 25.8319419)
4078,,-80.2165658,25.7657996,POINT (-80.2165658 25.7657996)
4079,,-80.223498,25.80032,POINT (-80.223498 25.80032)
4080,,-80.2235384,25.801233,POINT (-80.2235384 25.801233)
4081,,-80.223317,25.79567,POINT (-80.223317 25.79567)
4082,,-80.2228286,25.7745717,POINT (-80.2228286 25.7745717)
4083,,-80.2228546,25.7752166,POINT (-80.2228546 25.7752166)
4084,,-80.2228295,25.7762458,POINT (-80.2228295 25.7762458)
4085,,-80.2227757,25.7771399,POINT (-80.2227757 25.7771399)
4086,,-80.2224559,25.780827,POINT (-80.2224559 25.780827)
4087,,-80.223078,25.788762,POINT (-80.223078 25.788762)
4088,,-80.2232304,25.7933565,POINT (-80.2232304 25.7933565)
4089,,-80.223249,25.7938334,POINT (-80.223249 25.7938334)
4090,,-80.223711,25.8053867,POINT (-80.223711 25.8053867)
4091,,-80.2237306,25.8058506,POINT (-80.2237306 25.8058506)
4092,,-80.224001,25.811879,POINT (-80.224001 25.811879)
4093,,-80.2219414,25.8119425,POINT (-80.2219414 25.8119425)
4094,,-80.2245281,25.8236409,POINT (-80.2245281 25.8236409)
4095,,-80.224601,25.825258,POINT (-80.224601 25.825258)
4096,,-80.2247971,25.8295443,POINT (-80.2247971 25.8295443)
4097,,-80.2248083,25.8299185,POINT (-80.2248083 25.8299185)
4098,,-80.2248283,25.8303027,POINT (-80.2248283 25.8303027)
4099,,-80.2248649,25.8310067,POINT (-80.2248649 25.8310067)
4100,,-80.2228503,25.8317654,POINT (-80.2228503 25.8317654)
4101,,-80.224962,25.832993,POINT (-80.224962 25.832993)
4102,,-80.225159,25.837189,POINT (-80.225159 25.837189)
4103,,-80.2251866,25.8378634,POINT (-80.2251866 25.8378634)
4104,,-80.225221,25.838463,POINT (-80.225221 25.838463)
4105,,-80.2133718,25.75193,POINT (-80.2133718 25.75193)
4106,,-80.2550045,25.7350455,POINT (-80.2550045 25.7350455)
4107,,-80.199473,25.843638,POINT (-80.199473 25.843638)
4108,,-80.1963867,25.7837061,POINT (-80.1963867 25.7837061)
4109,,-80.1986431,25.8326268,POINT (-80.1986431 25.8326268)
4110,,-80.1993122,25.8326065,POINT (-80.1993122 25.8326065)
4111,,-80.1974877,25.8125829,POINT (-80.1974877 25.8125829)
4112,,-80.1937215,25.777039,POINT (-80.1937215 25.777039)
4113,,-80.1920748,25.7780569,POINT (-80.1920748 25.7780569)
4114,,-80.1880479,25.7781854,POINT (-80.1880479 25.7781854)
4115,,-80.2207502,25.8318333,POINT (-80.2207502 25.8318333)
4116,,-80.2180759,25.8320059,POINT (-80.2180759 25.8320059)
4117,,-80.1966401,25.8326898,POINT (-80.1966401 25.8326898)
4118,,-80.2074822,25.8323224,POINT (-80.2074822 25.8323224)
4119,,-80.195603,25.7750474,POINT (-80.195603 25.7750474)
4120,,-80.1899053,25.7935184,POINT (-80.1899053 25.7935184)
4121,,-80.1695124,25.7900705,POINT (-80.1695124 25.7900705)
