o_zone_id,d_zone_id,volume
1,13,13
1,16,1
1,17,7
1,20,2
1,26,2
1,39,6
1,40,14
1,41,43
1,46,2
1,57,1
1,59,11
1,66,3
1,67,2
1,69,1
1,85,2
1,86,4
1,89,3
1,91,1
1,93,6
1,98,1
1,103,2
1,105,1
1,109,2
1,117,1
1,118,3
1,125,1
1,140,4
1,141,1
1,151,2
1,154,1
1,160,13
1,168,2
1,169,1
1,171,3
1,175,1
1,178,1
1,182,6
1,183,4
2,6,1
2,8,1
2,9,2
2,10,1
2,11,1
2,12,1
2,13,6
2,17,5
2,20,5
2,21,2
2,23,3
2,26,5
2,28,7
2,30,4
2,32,3
2,39,8
2,40,5
2,41,123
2,45,1
2,47,1
2,48,1
2,57,3
2,59,32
2,60,3
2,69,1
2,73,5
2,74,1
2,76,6
2,78,1
2,79,2
2,80,2
2,81,11
2,82,4
2,83,3
2,84,1
2,85,3
2,86,1
2,90,2
2,93,7
2,98,6
2,99,2
2,103,4
2,105,1
2,108,3
2,109,2
2,111,2
2,113,2
2,114,3
2,117,4
2,118,4
2,119,1
2,131,1
2,133,3
2,134,4
2,137,1
2,140,4
2,141,1
2,147,1
2,148,1
2,149,4
2,151,3
2,152,4
2,153,1
2,154,3
2,158,14
2,159,9
2,160,4
2,162,1
2,166,1
2,171,2
2,174,2
2,175,3
2,177,1
2,178,3
2,181,1
2,182,5
2,183,9
2,184,1
2,185,1
3,5,5
3,10,2
3,12,4
3,13,6
3,14,2
3,16,2
3,17,7
3,18,1
3,19,1
3,20,5
3,21,2
3,22,1
3,23,4
3,26,1
3,28,4
3,29,1
3,30,5
3,32,2
3,36,1
3,39,9
3,40,1
3,41,99
3,42,3
3,45,3
3,46,6
3,47,1
3,49,8
3,50,3
3,55,1
3,56,2
3,57,11
3,58,1
3,59,43
3,60,1
3,66,8
3,67,1
3,69,2
3,71,6
3,73,1
3,81,5
3,82,1
3,86,1
3,88,3
3,89,1
3,92,2
3,93,11
3,94,2
3,95,2
3,98,5
3,101,3
3,102,1
3,103,5
3,104,1
3,109,5
3,114,1
3,117,2
3,118,5
3,119,2
3,133,4
3,134,3
3,135,2
3,140,11
3,142,5
3,144,2
3,147,2
3,149,7
3,150,2
3,152,2
3,153,1
3,155,2
3,157,1
3,158,13
3,159,8
3,160,4
3,161,1
3,167,1
3,169,1
3,171,2
3,172,7
3,173,2
3,174,1
3,180,1
3,182,3
3,183,8
3,184,2
4,5,3
4,6,1
4,8,1
4,10,1
4,12,3
4,13,6
4,15,2
4,16,4
4,17,1
4,20,1
4,21,1
4,22,1
4,26,2
4,28,9
4,30,3
4,32,1
4,37,1
4,39,4
4,40,1
4,41,56
4,43,3
4,50,1
4,56,1
4,59,17
4,66,1
4,69,3
4,73,1
4,80,1
4,82,1
4,83,2
4,87,1
4,88,1
4,89,2
4,90,1
4,92,1
4,93,5
4,98,1
4,105,1
4,106,2
4,109,2
4,111,2
4,112,1
4,113,2
4,114,3
4,118,10
4,119,1
4,124,1
4,125,1
4,133,3
4,134,1
4,140,6
4,141,1
4,145,2
4,148,2
4,149,4
4,157,2
4,158,4
4,159,5
4,160,1
4,162,1
4,166,1
4,167,1
4,169,2
4,172,2
4,173,1
4,175,2
4,182,4
4,183,9
4,185,1
5,2,3
5,10,6
5,13,12
5,17,1
5,20,4
5,21,2
5,23,1
5,24,4
5,26,9
5,30,3
5,32,1
5,34,1
5,39,11
5,40,5
5,41,161
5,42,7
5,45,19
5,46,5
5,47,6
5,48,9
5,49,16
5,50,9
5,55,2
5,56,1
5,57,11
5,59,80
5,60,11
5,66,4
5,67,2
5,69,8
5,71,1
5,76,2
5,81,5
5,86,4
5,90,1
5,92,2
5,93,7
5,94,1
5,98,4
5,99,5
5,101,3
5,102,1
5,103,3
5,107,2
5,108,2
5,109,8
5,111,5
5,112,1
5,114,2
5,117,4
5,118,10
5,119,1
5,120,1
5,123,1
5,127,3
5,133,2
5,134,5
5,135,2
5,137,1
5,140,27
5,141,2
5,142,2
5,143,3
5,144,1
5,146,4
5,147,5
5,148,1
5,149,3
5,152,1
5,157,3
5,158,8
5,159,15
5,160,7
5,161,1
5,162,2
5,166,5
5,172,3
5,173,2
5,175,4
5,177,1
5,181,1
5,182,2
5,183,10
5,185,2
6,2,1
6,5,1
6,7,2
6,10,1
6,13,10
6,17,4
6,20,2
6,23,1
6,26,5
6,28,2
6,30,1
6,32,1
6,35,1
6,39,3
6,40,7
6,41,86
6,45,3
6,46,1
6,47,5
6,48,1
6,49,8
6,50,1
6,57,6
6,59,45
6,60,2
6,63,2
6,66,2
6,67,1
6,69,3
6,73,2
6,76,3
6,81,1
6,82,1
6,83,2
6,85,2
6,88,2
6,89,1
6,90,2
6,92,1
6,93,2
6,94,1
6,104,1
6,105,1
6,106,1
6,108,1
6,109,1
6,111,1
6,112,1
6,113,4
6,118,9
6,121,1
6,126,2
6,127,2
6,132,3
6,133,4
6,135,3
6,140,3
6,142,1
6,144,2
6,147,1
6,149,2
6,154,1
6,158,10
6,159,3
6,160,2
6,169,2
6,171,1
6,172,2
6,175,2
6,180,2
6,181,1
6,182,7
6,183,5
6,184,1
7,3,3
7,5,4
7,6,11
7,10,4
7,12,2
7,13,41
7,14,4
7,17,6
7,19,1
7,20,1
7,21,1
7,22,2
7,23,1
7,24,1
7,26,12
7,28,15
7,30,12
7,34,2
7,35,1
7,37,1
7,39,9
7,40,9
7,41,98
7,42,1
7,43,1
7,46,1
7,47,1
7,49,2
7,50,3
7,52,2
7,55,2
7,56,1
7,57,3
7,59,27
7,60,5
7,67,4
7,68,3
7,69,11
7,71,2
7,78,1
7,79,1
7,80,5
7,81,1
7,83,7
7,85,3
7,86,2
7,89,4
7,90,8
7,91,1
7,93,6
7,96,3
7,98,4
7,100,1
7,102,1
7,103,6
7,105,1
7,109,2
7,111,2
7,113,6
7,114,10
7,117,8
7,118,13
7,126,2
7,133,2
7,134,2
7,135,2
7,137,3
7,140,10
7,142,3
7,144,1
7,145,1
7,146,1
7,147,2
7,148,1
7,149,11
7,151,2
7,153,1
7,154,2
7,156,1
7,157,5
7,158,9
7,159,3
7,160,1
7,169,5
7,172,4
7,175,2
7,179,1
7,180,25
7,182,13
7,183,22
8,2,3
8,6,1
8,10,3
8,12,1
8,13,12
8,15,2
8,17,11
8,20,9
8,21,3
8,26,1
8,28,6
8,30,4
8,39,12
8,40,7
8,41,141
8,42,1
8,44,2
8,46,1
8,48,1
8,50,1
8,52,1
8,55,1
8,57,16
8,58,1
8,59,47
8,60,15
8,63,3
8,65,1
8,66,2
8,67,1
8,69,7
8,73,4
8,76,6
8,80,3
8,81,11
8,82,25
8,83,5
8,84,1
8,85,5
8,86,2
8,89,1
8,90,1
8,93,8
8,95,1
8,98,10
8,99,2
8,102,2
8,103,3
8,104,3
8,105,1
8,106,1
8,108,2
8,109,5
8,111,2
8,114,1
8,115,1
8,118,9
8,119,2
8,126,1
8,127,2
8,130,1
8,132,3
8,133,3
8,134,6
8,137,4
8,140,11
8,149,2
8,151,5
8,152,3
8,153,2
8,154,1
8,157,3
8,158,11
8,159,13
8,160,10
8,166,1
8,171,5
8,172,4
8,174,1
8,175,4
8,177,1
8,178,5
8,180,1
8,182,14
8,183,16
9,2,1
9,5,1
9,8,3
9,11,3
9,12,2
9,13,7
9,17,7
9,18,1
9,20,3
9,22,2
9,23,2
9,26,12
9,28,1
9,30,2
9,35,1
9,39,9
9,40,7
9,41,153
9,42,2
9,45,2
9,46,1
9,48,1
9,49,2
9,50,2
9,56,1
9,57,13
9,58,1
9,59,23
9,60,9
9,63,5
9,66,2
9,67,3
9,69,6
9,70,1
9,71,1
9,73,3
9,76,8
9,79,1
9,80,3
9,81,12
9,82,5
9,83,2
9,84,1
9,86,1
9,87,1
9,90,1
9,93,8
9,94,1
9,98,5
9,99,3
9,102,1
9,103,5
9,106,5
9,108,2
9,109,3
9,111,1
9,113,4
9,114,3
9,117,2
9,118,8
9,119,1
9,127,4
9,133,6
9,134,3
9,140,5
9,141,1
9,143,1
9,144,1
9,145,1
9,149,7
9,154,3
9,157,5
9,158,3
9,159,6
9,160,13
9,161,1
9,163,1
9,166,2
9,171,4
9,174,2
9,175,4
9,177,9
9,178,1
9,179,1
9,182,12
9,183,17
9,184,1
9,185,2
10,1,1
10,2,4
10,9,4
10,11,4
10,13,17
10,16,3
10,17,1
10,20,7
10,21,4
10,22,7
10,23,2
10,26,25
10,28,7
10,29,1
10,30,1
10,35,2
10,39,14
10,40,37
10,41,342
10,43,2
10,45,2
10,47,4
10,48,2
10,49,6
10,50,3
10,55,3
10,57,18
10,58,2
10,59,63
10,60,7
10,63,2
10,66,3
10,67,2
10,68,3
10,69,14
10,77,1
10,80,1
10,81,1
10,82,6
10,83,2
10,84,1
10,86,10
10,87,4
10,88,9
10,89,7
10,90,14
10,91,3
10,92,2
10,93,37
10,94,8
10,98,1
10,99,1
10,101,1
10,103,14
10,105,1
10,107,1
10,108,5
10,109,2
10,110,1
10,111,4
10,112,1
10,113,2
10,115,1
10,117,1
10,118,26
10,119,3
10,121,1
10,123,1
10,126,1
10,127,3
10,131,1
10,132,4
10,133,10
10,134,3
10,139,1
10,140,57
10,141,3
10,142,3
10,143,2
10,144,4
10,146,6
10,147,1
10,149,12
10,153,5
10,154,4
10,156,2
10,157,3
10,158,14
10,159,3
10,160,17
10,161,2
10,162,2
10,171,5
10,172,1
10,175,1
10,178,2
10,179,1
10,180,1
10,181,2
10,182,21
10,183,85
10,184,3
10,185,10
11,1,1
11,2,2
11,4,2
11,10,2
11,12,5
11,13,16
11,17,8
11,19,1
11,20,11
11,21,3
11,22,1
11,23,2
11,26,15
11,27,1
11,28,7
11,29,2
11,30,2
11,34,1
11,36,2
11,39,21
11,40,12
11,41,238
11,42,2
11,43,3
11,45,5
11,46,2
11,47,4
11,48,1
11,56,2
11,57,8
11,58,3
11,59,65
11,60,5
11,66,4
11,68,1
11,69,5
11,70,1
11,71,2
11,73,2
11,76,12
11,79,3
11,80,7
11,81,7
11,82,23
11,83,3
11,84,1
11,86,2
11,88,2
11,90,2
11,91,3
11,93,5
11,98,6
11,99,4
11,101,2
11,103,3
11,107,2
11,108,6
11,109,4
11,111,5
11,113,4
11,114,1
11,117,3
11,118,14
11,123,2
11,127,1
11,132,1
11,133,16
11,134,3
11,135,4
11,139,1
11,140,8
11,141,2
11,144,4
11,146,3
11,148,3
11,149,3
11,152,3
11,157,2
11,158,20
11,159,9
11,160,28
11,161,1
11,170,1
11,171,6
11,172,5
11,173,1
11,174,4
11,175,7
11,179,1
11,181,1
11,182,14
11,183,21
11,185,1
12,1,6
12,2,6
12,5,3
12,6,1
12,11,10
12,13,17
12,15,1
12,17,3
12,20,7
12,21,1
12,26,15
12,28,7
12,30,1
12,34,1
12,35,1
12,37,4
12,39,29
12,40,21
12,41,243
12,42,1
12,43,1
12,46,3
12,50,3
12,55,3
12,56,3
12,57,10
12,58,3
12,59,52
12,60,9
12,62,1
12,66,11
12,69,12
12,70,1
12,71,1
12,73,2
12,76,13
12,80,10
12,81,19
12,82,22
12,83,2
12,84,1
12,85,3
12,86,6
12,87,2
12,88,1
12,90,2
12,93,11
12,94,2
12,98,16
12,101,2
12,102,1
12,103,10
12,105,3
12,106,2
12,109,2
12,111,2
12,112,1
12,113,7
12,114,6
12,115,2
12,117,3
12,118,29
12,122,1
12,127,1
12,131,3
12,133,7
12,134,2
12,137,6
12,139,2
12,140,51
12,141,3
12,142,5
12,144,2
12,147,7
12,149,9
12,152,2
12,153,1
12,154,2
12,157,2
12,158,15
12,159,7
12,160,21
12,171,5
12,172,1
12,174,2
12,175,12
12,177,2
12,179,2
12,180,3
12,181,10
12,182,15
12,183,32
12,184,1
12,185,1
13,6,1
13,7,1
13,10,1
13,17,1
13,18,1
13,21,2
13,26,3
13,30,4
13,33,1
13,39,3
13,40,6
13,41,13
13,43,1
13,46,1
13,47,1
13,49,1
13,59,18
13,62,1
13,69,4
13,71,1
13,73,3
13,81,1
13,82,5
13,86,1
13,93,1
13,95,1
13,98,3
13,104,1
13,119,2
13,128,1
13,130,2
13,131,1
13,134,2
13,140,3
13,142,1
13,148,1
13,149,2
13,151,1
13,152,1
13,154,2
13,156,2
13,158,3
13,162,1
13,168,1
13,181,2
13,182,2
13,185,1
14,23,1
14,41,1
14,42,1
14,50,1
14,76,1
14,85,1
14,103,2
14,107,1
14,111,1
14,117,1
14,118,1
14,125,1
14,134,1
14,141,1
14,144,1
14,149,1
14,157,2
14,158,1
14,172,1
14,179,1
14,182,1
14,183,1
14,185,1
15,11,2
15,12,1
15,13,21
15,16,1
15,17,18
15,20,2
15,22,2
15,26,5
15,28,5
15,32,3
15,34,3
15,36,1
15,39,18
15,40,16
15,41,129
15,46,2
15,49,4
15,55,3
15,56,4
15,57,1
15,59,23
15,60,2
15,61,2
15,63,6
15,66,7
15,69,8
15,71,1
15,73,4
15,76,5
15,78,1
15,79,1
15,80,2
15,81,10
15,82,6
15,85,3
15,86,4
15,88,3
15,90,1
15,93,8
15,94,1
15,98,6
15,102,1
15,103,2
15,104,1
15,106,4
15,109,3
15,110,2
15,111,2
15,113,5
15,117,3
15,118,13
15,126,1
15,127,1
15,130,3
15,131,6
15,133,1
15,134,2
15,135,3
15,137,6
15,140,11
15,141,2
15,142,3
15,149,6
15,152,1
15,156,1
15,157,3
15,158,7
15,159,4
15,160,14
15,166,1
15,167,1
15,170,4
15,171,13
15,172,4
15,173,4
15,174,1
15,175,3
15,179,1
15,180,1
15,181,1
15,182,4
15,183,18
15,184,1
15,185,1
16,1,2
16,2,4
16,5,3
16,6,1
16,8,1
16,9,2
16,10,2
16,11,1
16,12,3
16,13,45
16,15,5
16,17,30
16,20,4
16,21,2
16,23,2
16,26,23
16,28,20
16,30,11
16,32,6
16,34,1
16,35,2
16,36,1
16,37,1
16,39,34
16,40,10
16,41,269
16,42,2
16,43,1
16,44,1
16,47,1
16,48,1
16,49,9
16,50,2
16,55,2
16,56,1
16,57,15
16,59,63
16,60,11
16,63,8
16,64,1
16,66,9
16,67,3
16,69,11
16,73,1
16,76,4
16,78,2
16,81,8
16,82,12
16,83,4
16,84,2
16,85,9
16,86,4
16,87,1
16,88,1
16,89,1
16,92,4
16,93,16
16,94,3
16,97,1
16,98,15
16,99,2
16,101,2
16,102,4
16,103,2
16,106,2
16,109,2
16,111,4
16,113,10
16,114,4
16,117,4
16,118,19
16,124,1
16,125,1
16,126,1
16,127,2
16,130,5
16,131,1
16,133,10
16,134,6
16,135,1
16,137,8
16,139,1
16,140,22
16,141,1
16,144,1
16,145,1
16,147,2
16,149,4
16,151,1
16,152,4
16,153,1
16,154,3
16,155,1
16,157,1
16,158,28
16,159,10
16,160,14
16,162,6
16,166,5
16,169,4
16,170,1
16,171,14
16,172,5
16,174,2
16,176,1
16,177,1
16,179,1
16,180,1
16,182,4
16,183,37
16,184,1
17,3,1
17,8,1
17,12,1
17,13,62
17,15,3
17,16,2
17,20,2
17,21,5
17,22,2
17,23,2
17,26,7
17,28,12
17,29,4
17,30,9
17,32,3
17,34,4
17,35,3
17,39,21
17,40,10
17,41,214
17,42,8
17,43,2
17,44,2
17,45,1
17,47,1
17,48,1
17,49,6
17,50,9
17,52,1
17,55,8
17,56,5
17,57,8
17,58,5
17,59,35
17,60,12
17,61,2
17,62,3
17,63,4
17,64,10
17,66,21
17,67,4
17,68,1
17,69,22
17,70,1
17,73,4
17,76,9
17,80,7
17,81,7
17,82,5
17,83,4
17,85,1
17,86,3
17,87,2
17,90,5
17,91,2
17,92,1
17,93,14
17,94,1
17,95,1
17,96,1
17,98,17
17,99,1
17,100,1
17,101,3
17,102,1
17,103,10
17,104,1
17,106,5
17,109,7
17,110,2
17,111,4
17,113,3
17,114,2
17,115,2
17,117,1
17,118,33
17,122,1
17,123,2
17,124,2
17,127,7
17,129,3
17,130,3
17,131,2
17,133,16
17,134,7
17,137,3
17,138,1
17,140,20
17,141,3
17,142,4
17,145,2
17,146,1
17,149,6
17,151,1
17,152,2
17,153,4
17,154,2
17,155,1
17,157,3
17,158,17
17,159,4
17,160,24
17,161,2
17,163,2
17,169,3
17,170,3
17,171,29
17,172,3
17,175,5
17,182,16
17,183,13
17,185,3
18,2,1
18,3,3
18,7,1
18,9,1
18,10,1
18,11,3
18,12,3
18,13,46
18,15,2
18,16,1
18,17,24
18,20,6
18,21,7
18,22,2
18,23,4
18,26,20
18,28,23
18,29,1
18,30,14
18,32,4
18,33,1
18,34,5
18,35,1
18,36,1
18,37,4
18,39,36
18,40,19
18,41,247
18,42,2
18,43,2
18,44,3
18,46,1
18,47,1
18,48,1
18,50,3
18,55,10
18,56,1
18,57,13
18,58,1
18,59,40
18,60,10
18,62,2
18,63,9
18,64,3
18,66,14
18,67,2
18,69,17
18,70,1
18,71,1
18,76,7
18,78,2
18,80,6
18,81,9
18,82,18
18,83,10
18,85,4
18,86,4
18,87,1
18,88,6
18,89,2
18,90,5
18,91,4
18,92,3
18,93,17
18,94,4
18,98,10
18,99,5
18,103,6
18,104,1
18,106,4
18,107,2
18,108,4
18,109,3
18,110,2
18,113,1
18,114,2
18,115,1
18,117,6
18,118,23
18,119,1
18,125,1
18,127,3
18,128,1
18,130,1
18,131,3
18,133,15
18,134,8
18,135,2
18,137,9
18,138,1
18,140,11
18,141,1
18,142,2
18,143,1
18,145,3
18,146,5
18,148,2
18,149,10
18,152,6
18,154,1
18,157,7
18,158,32
18,159,8
18,160,29
18,161,3
18,162,1
18,166,3
18,167,4
18,168,1
18,169,8
18,170,1
18,171,10
18,172,2
18,174,1
18,175,6
18,177,1
18,180,1
18,182,6
18,183,30
19,2,1
19,5,2
19,6,1
19,13,7
19,17,2
19,22,1
19,23,4
19,24,1
19,26,14
19,28,1
19,30,5
19,32,3
19,36,2
19,39,14
19,40,15
19,41,127
19,42,1
19,45,2
19,46,4
19,48,1
19,49,4
19,50,2
19,55,2
19,56,3
19,57,13
19,59,36
19,60,10
19,66,2
19,67,1
19,69,17
19,72,1
19,73,2
19,76,4
19,78,1
19,79,1
19,80,1
19,82,3
19,83,1
19,84,1
19,85,2
19,87,3
19,88,7
19,89,1
19,90,2
19,93,2
19,94,1
19,95,2
19,98,6
19,99,1
19,102,2
19,103,3
19,105,3
19,106,3
19,108,2
19,109,1
19,111,3
19,113,1
19,114,1
19,115,1
19,117,12
19,118,18
19,124,3
19,125,1
19,127,1
19,130,1
19,131,2
19,132,2
19,133,5
19,134,14
19,135,2
19,137,3
19,140,20
19,142,6
19,144,3
19,146,3
19,149,13
19,151,3
19,152,4
19,153,2
19,154,3
19,157,3
19,158,19
19,160,16
19,166,2
19,168,1
19,171,2
19,172,2
19,175,1
19,182,3
19,183,30
19,185,1
20,1,1
20,13,2
20,14,1
20,21,3
20,22,4
20,23,2
20,26,8
20,38,1
20,39,6
20,40,19
20,41,85
20,45,1
20,50,2
20,57,4
20,59,18
20,60,6
20,69,8
20,78,2
20,81,1
20,83,1
20,84,1
20,93,4
20,94,1
20,98,1
20,99,1
20,103,2
20,108,1
20,109,1
20,110,1
20,111,1
20,113,2
20,118,14
20,128,5
20,134,3
20,135,6
20,138,1
20,140,38
20,141,5
20,143,3
20,144,3
20,145,3
20,146,1
20,147,1
20,149,5
20,153,2
20,154,3
20,160,1
20,162,1
20,171,1
20,177,1
20,182,2
20,183,17
20,185,2
21,1,1
21,3,2
21,5,1
21,10,1
21,11,1
21,12,1
21,13,2
21,16,1
21,17,2
21,20,2
21,22,4
21,23,4
21,26,15
21,39,2
21,40,8
21,41,101
21,42,1
21,45,3
21,49,2
21,50,1
21,57,8
21,59,30
21,60,3
21,66,3
21,69,9
21,76,1
21,80,8
21,81,2
21,85,2
21,86,1
21,87,1
21,93,6
21,98,2
21,99,2
21,101,1
21,105,3
21,107,7
21,108,3
21,109,4
21,110,2
21,111,5
21,112,1
21,113,6
21,117,3
21,118,12
21,133,1
21,134,2
21,135,1
21,138,3
21,140,55
21,142,7
21,143,3
21,144,5
21,146,2
21,147,2
21,149,6
21,151,2
21,153,1
21,154,1
21,157,1
21,158,4
21,160,9
21,161,1
21,171,1
21,175,1
21,179,1
21,182,6
21,183,22
22,1,1
22,2,5
22,5,1
22,6,2
22,16,1
22,17,2
22,20,9
22,21,1
22,23,4
22,26,21
22,28,1
22,30,2
22,39,1
22,40,11
22,41,120
22,43,1
22,47,2
22,48,2
22,49,3
22,50,3
22,57,10
22,59,15
22,60,6
22,63,1
22,66,6
22,69,2
22,71,2
22,81,3
22,82,1
22,83,1
22,84,1
22,86,3
22,87,2
22,88,1
22,90,1
22,93,1
22,98,2
22,101,3
22,103,2
22,105,2
22,107,5
22,108,2
22,109,7
22,110,2
22,111,1
22,113,1
22,114,1
22,115,1
22,117,3
22,118,10
22,123,1
22,133,1
22,134,6
22,135,5
22,140,56
22,141,1
22,142,2
22,143,6
22,144,2
22,145,2
22,146,11
22,147,1
22,149,6
22,154,3
22,157,1
22,158,6
22,159,5
22,160,3
22,172,1
22,174,1
22,177,2
22,182,6
22,183,24
22,185,1
23,2,2
23,5,2
23,9,1
23,12,1
23,13,4
23,17,1
23,20,4
23,21,2
23,22,3
23,24,3
23,26,7
23,30,1
23,39,11
23,40,13
23,41,61
23,45,1
23,47,1
23,49,3
23,50,2
23,55,2
23,57,8
23,58,4
23,59,16
23,60,2
23,66,6
23,69,7
23,76,2
23,80,2
23,85,1
23,86,1
23,90,2
23,92,1
23,93,4
23,94,2
23,98,1
23,101,1
23,102,2
23,103,3
23,105,3
23,106,1
23,107,3
23,108,1
23,109,6
23,110,2
23,111,3
23,113,1
23,117,3
23,118,3
23,127,1
23,133,1
23,134,2
23,135,6
23,137,3
23,139,2
23,140,42
23,142,2
23,143,3
23,144,3
23,145,1
23,146,2
23,147,6
23,149,11
23,153,1
23,154,1
23,158,5
23,159,2
23,160,2
23,172,4
23,177,1
23,182,6
23,183,21
24,2,2
24,5,1
24,8,1
24,9,1
24,10,1
24,13,4
24,20,2
24,21,4
24,22,4
24,23,15
24,26,9
24,28,1
24,30,1
24,32,1
24,39,12
24,40,8
24,41,112
24,45,8
24,47,1
24,48,3
24,50,1
24,55,3
24,56,1
24,57,5
24,58,2
24,59,50
24,60,4
24,63,1
24,66,7
24,67,1
24,69,8
24,73,3
24,78,1
24,80,1
24,82,5
24,83,2
24,85,2
24,86,3
24,90,2
24,93,8
24,94,2
24,102,2
24,103,10
24,105,4
24,106,3
24,107,1
24,108,2
24,109,18
24,110,1
24,111,2
24,113,4
24,114,1
24,117,7
24,118,6
24,127,1
24,130,4
24,132,1
24,133,6
24,134,9
24,135,6
24,139,3
24,140,51
24,141,5
24,143,2
24,144,3
24,146,6
24,147,4
24,148,1
24,149,6
24,153,1
24,154,8
24,158,10
24,160,13
24,161,1
24,182,3
24,183,18
24,185,1
25,8,1
25,10,4
25,13,4
25,15,1
25,17,2
25,20,2
25,21,1
25,22,2
25,23,10
25,26,2
25,28,1
25,29,3
25,30,5
25,35,2
25,39,10
25,40,10
25,41,86
25,43,5
25,46,1
25,49,3
25,50,3
25,56,1
25,57,7
25,59,21
25,60,3
25,66,3
25,67,1
25,69,7
25,73,4
25,76,1
25,78,3
25,80,1
25,81,7
25,82,4
25,83,1
25,86,2
25,87,2
25,88,5
25,89,1
25,90,2
25,93,4
25,94,1
25,96,2
25,98,3
25,99,2
25,102,3
25,103,1
25,106,1
25,107,2
25,108,1
25,109,2
25,110,2
25,111,2
25,113,8
25,114,2
25,117,9
25,118,20
25,119,1
25,126,1
25,130,1
25,133,2
25,134,8
25,135,3
25,137,1
25,139,2
25,140,21
25,141,1
25,142,4
25,143,2
25,144,4
25,145,3
25,146,6
25,147,1
25,148,1
25,149,7
25,154,3
25,158,10
25,159,2
25,160,7
25,174,1
25,175,6
25,182,6
25,183,18
25,184,1
25,185,1
26,1,1
26,2,2
26,5,1
26,13,5
26,17,2
26,20,10
26,21,2
26,22,5
26,23,4
26,28,1
26,30,1
26,35,1
26,36,1
26,39,4
26,40,20
26,41,140
26,42,3
26,46,1
26,47,1
26,48,1
26,49,3
26,50,4
26,57,11
26,58,10
26,59,42
26,60,16
26,66,2
26,67,3
26,69,3
26,71,1
26,73,3
26,79,1
26,81,1
26,82,1
26,86,4
26,87,1
26,88,2
26,90,1
26,93,9
26,94,1
26,98,3
26,102,1
26,103,3
26,105,6
26,107,4
26,108,3
26,109,5
26,111,2
26,113,7
26,114,5
26,117,8
26,118,15
26,123,2
26,133,3
26,134,3
26,135,7
26,137,2
26,138,1
26,139,1
26,140,39
26,141,2
26,142,2
26,143,5
26,144,5
26,145,1
26,146,12
26,149,3
26,154,3
26,157,5
26,158,3
26,159,3
26,160,8
26,161,3
26,169,1
26,171,4
26,172,1
26,175,2
26,182,12
26,183,18
26,185,1
27,2,1
27,3,1
27,5,2
27,6,2
27,12,1
27,13,5
27,17,4
27,20,3
27,26,2
27,28,6
27,30,5
27,32,4
27,39,7
27,40,5
27,41,64
27,42,2
27,43,3
27,44,1
27,45,3
27,46,2
27,47,1
27,49,2
27,50,1
27,52,1
27,55,1
27,57,10
27,59,31
27,60,3
27,63,1
27,66,4
27,69,12
27,71,2
27,73,1
27,81,2
27,83,1
27,86,2
27,87,1
27,93,5
27,94,1
27,98,9
27,99,1
27,104,2
27,108,1
27,114,3
27,118,8
27,127,2
27,131,1
27,133,1
27,134,2
27,137,2
27,140,7
27,144,1
27,146,2
27,148,1
27,149,1
27,159,4
27,160,8
27,162,1
27,171,1
27,173,2
27,175,3
27,177,2
27,180,1
27,181,1
27,182,2
27,183,5
27,185,2
28,2,2
28,5,1
28,10,7
28,11,1
28,13,36
28,14,1
28,15,3
28,16,3
28,17,13
28,20,7
28,21,6
28,23,5
28,26,19
28,30,24
28,32,2
28,37,1
28,39,18
28,40,23
28,41,225
28,42,5
28,45,1
28,46,2
28,47,1
28,48,5
28,49,6
28,50,2
28,55,4
28,56,4
28,57,14
28,59,103
28,60,7
28,63,2
28,66,6
28,67,2
28,69,12
28,70,1
28,71,3
28,73,6
28,76,1
28,80,2
28,81,8
28,82,8
28,83,6
28,85,3
28,86,6
28,87,1
28,88,11
28,89,1
28,90,3
28,91,1
28,92,1
28,93,10
28,94,2
28,96,2
28,98,12
28,99,3
28,102,1
28,103,9
28,104,1
28,106,1
28,107,1
28,108,1
28,109,6
28,114,4
28,115,1
28,118,23
28,119,1
28,127,4
28,130,2
28,133,9
28,134,22
28,135,2
28,137,2
28,139,1
28,140,14
28,141,2
28,143,1
28,146,2
28,148,1
28,149,3
28,150,1
28,152,4
28,154,3
28,157,5
28,158,21
28,159,8
28,160,13
28,161,1
28,162,2
28,166,1
28,167,1
28,168,1
28,169,4
28,170,1
28,171,12
28,173,1
28,175,3
28,180,3
28,181,5
28,182,20
28,183,11
28,184,7
28,185,5
29,2,3
29,3,1
29,9,5
29,13,43
29,14,2
29,15,2
29,16,9
29,17,14
29,20,6
29,21,6
29,22,3
29,23,2
29,26,25
29,28,21
29,30,12
29,32,4
29,36,2
29,39,38
29,40,21
29,41,296
29,42,1
29,43,1
29,44,13
29,46,3
29,47,3
29,48,6
29,49,3
29,50,6
29,52,2
29,55,7
29,56,5
29,57,24
29,58,3
29,59,74
29,60,18
29,61,1
29,63,5
29,65,1
29,66,9
29,69,32
29,70,1
29,71,4
29,73,3
29,76,6
29,78,2
29,80,1
29,81,20
29,82,11
29,83,5
29,84,2
29,85,1
29,86,11
29,87,1
29,88,8
29,90,4
29,91,1
29,92,8
29,93,23
29,94,2
29,95,1
29,98,27
29,99,3
29,101,4
29,102,6
29,103,10
29,105,2
29,106,4
29,107,1
29,108,3
29,109,2
29,110,1
29,111,3
29,113,4
29,117,4
29,118,18
29,119,1
29,120,2
29,121,2
29,124,1
29,127,9
29,130,2
29,131,2
29,133,18
29,134,9
29,135,1
29,137,3
29,140,17
29,142,1
29,143,2
29,144,1
29,146,2
29,147,1
29,148,6
29,149,8
29,151,2
29,152,1
29,153,3
29,154,1
29,157,5
29,158,31
29,159,1
29,160,29
29,162,1
29,163,1
29,166,2
29,168,2
29,169,5
29,171,13
29,172,5
29,173,1
29,174,4
29,176,1
29,178,1
29,179,3
29,180,1
29,181,2
29,182,20
29,183,39
29,185,5
30,3,4
30,5,1
30,11,2
30,12,1
30,13,15
30,14,2
30,15,2
30,17,14
30,20,8
30,21,7
30,23,1
30,26,5
30,28,5
30,29,1
30,36,1
30,39,2
30,40,7
30,41,133
30,42,2
30,43,1
30,44,1
30,45,1
30,46,4
30,47,1
30,49,9
30,52,1
30,56,6
30,57,9
30,59,29
30,60,7
30,63,1
30,65,1
30,66,3
30,67,2
30,69,5
30,70,1
30,76,1
30,78,1
30,80,1
30,81,2
30,82,4
30,83,1
30,85,2
30,86,3
30,87,5
30,88,1
30,89,1
30,90,4
30,92,1
30,93,6
30,94,1
30,98,8
30,99,1
30,102,3
30,103,2
30,104,2
30,106,2
30,109,1
30,114,6
30,117,6
30,118,5
30,119,1
30,121,2
30,123,2
30,131,3
30,133,8
30,134,7
30,138,2
30,139,1
30,140,9
30,141,1
30,142,1
30,147,1
30,149,4
30,151,2
30,152,1
30,154,2
30,156,1
30,157,2
30,158,17
30,159,5
30,160,9
30,161,1
30,166,1
30,169,1
30,171,7
30,172,3
30,174,2
30,175,10
30,177,2
30,182,8
30,183,15
30,185,2
31,2,1
31,12,1
31,13,3
31,14,1
31,16,1
31,17,3
31,21,3
31,28,3
31,30,1
31,34,1
31,39,2
31,40,1
31,41,46
31,43,1
31,44,1
31,47,3
31,49,1
31,50,4
31,57,1
31,59,16
31,68,1
31,69,1
31,70,1
31,81,1
31,85,1
31,90,1
31,98,2
31,99,1
31,103,3
31,106,2
31,109,3
31,114,2
31,118,1
31,127,3
31,133,1
31,134,13
31,140,1
31,148,1
31,157,1
31,158,1
31,160,7
31,170,1
31,171,2
31,172,2
31,180,1
31,182,5
31,183,5
31,185,1
32,2,1
32,13,4
32,17,5
32,20,2
32,21,2
32,22,1
32,23,4
32,26,8
32,30,2
32,36,1
32,41,67
32,42,3
32,45,2
32,46,2
32,47,2
32,48,2
32,49,1
32,55,3
32,56,2
32,57,5
32,59,19
32,67,1
32,69,4
32,71,2
32,82,5
32,83,4
32,85,2
32,87,1
32,90,1
32,93,1
32,94,1
32,98,2
32,99,1
32,101,1
32,102,1
32,103,4
32,117,1
32,118,3
32,119,1
32,121,1
32,124,1
32,127,2
32,133,2
32,134,1
32,135,1
32,140,3
32,141,1
32,148,2
32,149,4
32,152,1
32,157,1
32,158,2
32,159,1
32,160,4
32,166,1
32,167,1
32,169,3
32,171,1
32,172,3
32,182,1
32,183,6
33,1,1
33,2,2
33,3,1
33,7,1
33,10,9
33,12,6
33,13,43
33,15,8
33,16,6
33,17,8
33,19,2
33,20,9
33,21,5
33,22,1
33,23,2
33,26,21
33,28,26
33,29,1
33,30,26
33,32,2
33,34,5
33,35,1
33,36,4
33,37,6
33,39,22
33,40,21
33,41,305
33,42,5
33,43,2
33,44,1
33,45,2
33,46,4
33,47,8
33,48,1
33,49,8
33,50,5
33,55,5
33,56,4
33,57,20
33,59,64
33,60,12
33,63,1
33,66,9
33,67,5
33,69,16
33,70,1
33,71,3
33,73,5
33,76,3
33,78,1
33,80,1
33,81,9
33,82,4
33,83,7
33,85,3
33,86,4
33,87,7
33,88,11
33,89,4
33,90,4
33,91,3
33,93,9
33,94,4
33,95,1
33,96,1
33,98,17
33,99,4
33,102,2
33,103,6
33,104,1
33,106,8
33,107,2
33,108,2
33,109,4
33,110,1
33,111,1
33,112,1
33,113,5
33,114,7
33,115,2
33,117,9
33,118,24
33,121,1
33,124,1
33,125,1
33,126,1
33,127,1
33,130,3
33,133,8
33,134,13
33,135,3
33,137,4
33,139,2
33,140,13
33,144,1
33,145,1
33,146,3
33,147,7
33,148,1
33,149,12
33,152,5
33,154,2
33,157,5
33,158,17
33,159,9
33,160,26
33,161,1
33,162,3
33,166,2
33,168,1
33,169,6
33,171,16
33,172,3
33,173,1
33,174,4
33,175,5
33,179,1
33,180,1
33,181,1
33,182,11
33,183,25
33,185,2
34,1,1
34,2,4
34,3,2
34,6,1
34,10,2
34,11,1
34,12,3
34,13,80
34,14,3
34,15,7
34,16,4
34,17,42
34,20,8
34,21,7
34,22,3
34,23,1
34,26,22
34,28,27
34,29,3
34,30,19
34,32,10
34,33,1
34,35,1
34,36,9
34,37,1
34,39,30
34,40,35
34,41,382
34,42,4
34,44,4
34,46,5
34,47,3
34,49,5
34,50,7
34,52,1
34,55,14
34,56,4
34,57,14
34,59,100
34,60,20
34,63,3
34,65,1
34,66,9
34,67,1
34,69,14
34,71,3
34,72,1
34,73,4
34,76,3
34,80,1
34,81,10
34,82,6
34,83,20
34,84,2
34,85,9
34,86,6
34,87,1
34,88,8
34,89,1
34,90,11
34,92,3
34,93,26
34,94,3
34,96,1
34,98,19
34,99,5
34,100,1
34,102,7
34,103,12
34,104,1
34,106,11
34,108,1
34,109,10
34,111,5
34,114,2
34,117,6
34,118,40
34,119,1
34,121,2
34,123,3
34,125,2
34,126,2
34,127,6
34,129,3
34,130,8
34,131,3
34,133,16
34,134,17
34,135,2
34,137,3
34,140,22
34,141,2
34,142,8
34,143,1
34,144,4
34,146,1
34,147,1
34,148,2
34,149,12
34,152,8
34,153,3
34,154,1
34,156,1
34,157,5
34,158,54
34,159,8
34,160,37
34,161,1
34,162,2
34,163,3
34,166,8
34,167,1
34,168,1
34,169,21
34,171,16
34,172,7
34,174,2
34,175,3
34,176,1
34,179,3
34,181,5
34,182,15
34,183,42
34,184,1
34,185,6
35,2,1
35,10,2
35,11,1
35,12,3
35,13,23
35,14,1
35,15,2
35,16,1
35,17,11
35,20,2
35,21,3
35,23,7
35,26,12
35,28,11
35,29,1
35,30,7
35,32,3
35,37,2
35,39,19
35,40,8
35,41,173
35,42,4
35,43,1
35,44,1
35,46,6
35,47,1
35,49,3
35,50,1
35,55,4
35,56,2
35,57,12
35,59,53
35,60,10
35,61,1
35,66,4
35,69,9
35,71,3
35,73,3
35,76,2
35,80,1
35,81,7
35,82,8
35,83,11
35,84,1
35,85,3
35,86,6
35,88,5
35,89,2
35,90,4
35,93,18
35,98,11
35,99,5
35,100,2
35,102,3
35,103,2
35,104,2
35,105,1
35,106,2
35,107,1
35,108,5
35,109,2
35,111,2
35,113,2
35,114,3
35,117,4
35,118,7
35,119,1
35,120,3
35,127,1
35,130,5
35,133,12
35,134,7
35,140,15
35,147,2
35,149,1
35,151,1
35,152,1
35,153,2
35,154,1
35,157,3
35,158,21
35,159,6
35,160,15
35,161,2
35,168,1
35,169,1
35,170,2
35,171,5
35,175,2
35,179,2
35,181,2
35,182,6
35,183,12
36,2,1
36,5,2
36,12,3
36,13,29
36,17,6
36,20,2
36,21,4
36,26,16
36,28,9
36,29,1
36,30,6
36,32,1
36,33,1
36,34,4
36,39,17
36,40,11
36,41,134
36,42,2
36,43,1
36,46,3
36,47,5
36,48,1
36,49,1
36,50,1
36,52,1
36,55,5
36,56,2
36,57,8
36,59,39
36,60,8
36,61,1
36,66,7
36,67,4
36,68,1
36,69,8
36,71,5
36,73,1
36,76,6
36,78,3
36,80,2
36,81,10
36,82,5
36,83,7
36,85,2
36,86,1
36,87,2
36,88,2
36,89,1
36,90,4
36,93,2
36,94,1
36,98,6
36,102,2
36,103,4
36,104,2
36,106,2
36,108,1
36,109,2
36,118,13
36,119,1
36,127,3
36,131,1
36,133,7
36,134,7
36,139,1
36,140,9
36,143,1
36,144,1
36,145,2
36,146,1
36,149,2
36,152,1
36,154,1
36,157,1
36,158,8
36,159,3
36,160,14
36,169,1
36,171,5
36,172,1
36,175,1
36,176,1
36,182,6
36,183,11
36,185,2
37,2,1
37,5,7
37,11,4
37,13,6
37,16,1
37,17,1
37,19,1
37,21,1
37,23,2
37,26,10
37,28,3
37,30,3
37,39,11
37,40,5
37,41,113
37,42,4
37,45,1
37,46,3
37,47,3
37,49,5
37,50,4
37,55,2
37,56,1
37,57,10
37,59,70
37,60,9
37,65,1
37,66,1
37,67,1
37,69,8
37,70,1
37,71,5
37,76,4
37,80,3
37,81,1
37,82,5
37,83,2
37,84,3
37,85,1
37,86,3
37,90,5
37,91,4
37,92,2
37,93,10
37,94,3
37,96,1
37,98,2
37,99,1
37,102,2
37,103,4
37,105,4
37,108,1
37,109,2
37,113,2
37,114,3
37,117,2
37,118,14
37,119,1
37,127,1
37,128,3
37,131,1
37,133,2
37,134,2
37,135,2
37,137,5
37,140,9
37,142,3
37,144,4
37,145,1
37,146,1
37,147,1
37,148,1
37,149,5
37,158,7
37,159,4
37,160,9
37,166,1
37,169,3
37,171,6
37,172,3
37,173,1
37,175,2
37,177,2
37,182,10
37,183,12
37,185,2
38,3,1
38,10,1
38,13,8
38,15,1
38,17,6
38,20,4
38,21,3
38,23,3
38,26,1
38,28,1
38,30,4
38,36,1
38,37,2
38,39,5
38,40,5
38,41,81
38,42,5
38,46,2
38,47,1
38,50,2
38,57,6
38,59,18
38,60,1
38,70,2
38,73,2
38,78,1
38,81,1
38,82,2
38,84,1
38,85,3
38,86,2
38,87,5
38,88,2
38,89,1
38,90,2
38,93,1
38,102,1
38,103,5
38,106,2
38,107,1
38,108,2
38,110,1
38,111,1
38,113,2
38,114,1
38,117,1
38,118,1
38,127,1
38,133,5
38,134,2
38,140,4
38,141,1
38,142,1
38,144,1
38,149,1
38,152,4
38,153,3
38,154,3
38,157,1
38,158,8
38,159,2
38,160,5
38,167,1
38,172,2
38,175,6
38,183,9
39,10,4
39,12,2
39,13,3
39,17,3
39,20,1
39,21,6
39,22,1
39,23,1
39,26,5
39,28,1
39,30,5
39,37,4
39,40,7
39,41,133
39,42,1
39,43,1
39,45,3
39,46,2
39,47,4
39,48,2
39,49,8
39,50,4
39,55,2
39,57,21
39,59,41
39,60,5
39,67,1
39,69,6
39,71,2
39,73,1
39,80,1
39,85,3
39,86,2
39,87,2
39,88,1
39,90,1
39,93,2
39,99,2
39,102,2
39,103,11
39,108,4
39,109,3
39,110,1
39,112,1
39,113,2
39,117,1
39,118,9
39,123,1
39,127,3
39,133,3
39,134,2
39,135,5
39,137,3
39,139,1
39,140,11
39,141,6
39,142,4
39,143,2
39,144,6
39,145,1
39,146,2
39,149,3
39,154,8
39,157,2
39,158,7
39,159,9
39,160,3
39,162,3
39,166,1
39,171,3
39,172,1
39,176,1
39,179,1
39,181,1
39,182,10
39,183,17
39,185,1
40,2,1
40,8,2
40,10,1
40,12,1
40,13,6
40,16,2
40,17,2
40,20,1
40,21,2
40,22,5
40,23,1
40,25,1
40,26,4
40,28,3
40,33,1
40,36,2
40,37,1
40,39,12
40,41,116
40,43,1
40,47,1
40,48,1
40,49,1
40,50,2
40,55,1
40,57,3
40,59,37
40,60,3
40,67,1
40,69,2
40,70,1
40,79,1
40,80,2
40,81,1
40,82,1
40,83,1
40,84,1
40,86,1
40,88,2
40,89,1
40,92,1
40,93,2
40,98,2
40,102,4
40,103,2
40,105,1
40,109,1
40,111,2
40,115,1
40,117,1
40,118,7
40,126,1
40,127,2
40,132,1
40,134,1
40,139,2
40,140,16
40,141,2
40,149,6
40,152,2
40,153,3
40,154,5
40,158,12
40,159,9
40,160,6
40,162,1
40,166,2
40,169,1
40,171,3
40,175,3
40,177,1
40,182,4
40,183,10
40,185,1
41,1,7
41,2,1
41,5,3
41,7,1
41,13,19
41,16,4
41,17,2
41,20,8
41,22,1
41,23,5
41,26,7
41,28,4
41,30,1
41,36,1
41,39,12
41,40,55
41,47,2
41,48,2
41,49,2
41,50,4
41,55,2
41,57,24
41,58,1
41,59,117
41,60,9
41,61,3
41,63,2
41,66,13
41,67,1
41,69,8
41,70,1
41,76,1
41,80,1
41,81,1
41,82,6
41,86,7
41,87,5
41,90,1
41,93,5
41,98,2
41,100,1
41,101,5
41,102,1
41,103,4
41,106,1
41,109,2
41,110,1
41,111,13
41,113,5
41,114,6
41,115,2
41,117,2
41,118,21
41,127,1
41,133,4
41,134,6
41,137,1
41,138,4
41,139,1
41,140,69
41,141,2
41,142,7
41,143,2
41,144,2
41,146,4
41,147,2
41,149,8
41,157,5
41,158,11
41,159,6
41,160,6
41,161,3
41,169,1
41,171,6
41,172,2
41,174,1
41,175,5
41,179,1
41,182,12
41,183,32
41,185,1
42,5,2
42,8,3
42,10,5
42,13,4
42,15,1
42,17,6
42,19,1
42,22,2
42,26,6
42,28,2
42,30,8
42,33,2
42,39,7
42,40,2
42,41,83
42,43,1
42,46,2
42,48,2
42,50,6
42,56,1
42,57,10
42,59,31
42,60,1
42,63,1
42,66,8
42,70,4
42,71,7
42,76,3
42,80,6
42,81,1
42,82,2
42,83,3
42,85,1
42,87,2
42,90,7
42,93,2
42,98,4
42,103,5
42,104,2
42,107,1
42,108,4
42,109,3
42,110,3
42,111,3
42,113,3
42,114,2
42,117,2
42,118,15
42,121,3
42,124,1
42,126,1
42,127,2
42,130,3
42,133,1
42,134,4
42,135,1
42,137,3
42,140,7
42,141,1
42,142,2
42,144,1
42,148,1
42,149,2
42,152,3
42,153,2
42,154,1
42,156,2
42,158,5
42,159,3
42,160,4
42,166,3
42,171,3
42,174,1
42,176,1
42,177,1
42,182,7
42,183,8
42,185,1
43,5,2
43,12,1
43,13,17
43,17,4
43,20,11
43,21,6
43,22,3
43,23,19
43,24,2
43,26,11
43,28,2
43,32,2
43,36,2
43,39,9
43,40,10
43,41,159
43,47,3
43,48,1
43,49,8
43,50,2
43,56,1
43,57,9
43,59,46
43,60,1
43,61,1
43,66,7
43,67,1
43,69,16
43,71,1
43,79,1
43,80,1
43,81,5
43,82,1
43,83,3
43,85,1
43,86,4
43,87,3
43,88,5
43,89,7
43,90,1
43,91,3
43,93,10
43,94,2
43,96,1
43,98,1
43,99,3
43,101,1
43,102,9
43,103,9
43,106,2
43,107,3
43,108,7
43,109,7
43,111,2
43,113,2
43,114,5
43,115,2
43,117,6
43,118,15
43,126,1
43,127,1
43,133,5
43,134,15
43,135,4
43,137,12
43,140,53
43,142,4
43,144,4
43,145,2
43,146,2
43,147,7
43,148,3
43,149,9
43,153,3
43,154,2
43,157,1
43,158,9
43,159,2
43,160,13
43,162,8
43,167,1
43,172,1
43,175,1
43,180,2
43,182,7
43,183,28
43,185,1
44,2,3
44,3,2
44,10,2
44,11,2
44,12,3
44,13,45
44,15,2
44,16,3
44,17,30
44,20,2
44,21,1
44,22,4
44,23,2
44,26,14
44,28,4
44,29,1
44,30,12
44,32,6
44,34,2
44,35,3
44,36,6
44,39,29
44,40,8
44,41,212
44,42,4
44,43,1
44,45,3
44,47,3
44,50,9
44,52,1
44,55,5
44,56,1
44,57,12
44,58,1
44,59,68
44,60,11
44,62,1
44,63,3
44,66,4
44,67,1
44,69,14
44,70,1
44,71,2
44,73,1
44,80,2
44,81,10
44,82,5
44,83,7
44,85,2
44,86,4
44,87,1
44,88,5
44,89,1
44,90,3
44,91,1
44,92,1
44,93,10
44,94,1
44,98,17
44,99,12
44,100,1
44,102,1
44,103,3
44,105,3
44,106,3
44,108,1
44,109,5
44,111,3
44,112,1
44,114,5
44,117,7
44,118,24
44,119,2
44,121,2
44,123,1
44,127,4
44,131,1
44,133,7
44,134,12
44,135,2
44,137,1
44,139,2
44,140,12
44,141,1
44,142,5
44,145,4
44,147,1
44,148,3
44,149,8
44,152,3
44,154,1
44,157,3
44,158,23
44,159,14
44,160,24
44,161,3
44,166,4
44,167,2
44,169,9
44,170,2
44,171,7
44,172,1
44,175,4
44,177,2
44,181,1
44,182,15
44,183,22
44,184,3
44,185,3
45,1,2
45,5,3
45,6,2
45,12,1
45,13,3
45,15,2
45,17,1
45,20,4
45,21,4
45,22,1
45,23,1
45,26,7
45,28,4
45,30,2
45,37,2
45,39,1
45,40,10
45,41,162
45,42,1
45,43,2
45,47,6
45,49,12
45,50,17
45,57,11
45,58,2
45,59,84
45,60,14
45,61,2
45,66,4
45,69,1
45,76,2
45,80,1
45,82,1
45,85,2
45,86,4
45,88,2
45,89,2
45,92,1
45,93,15
45,98,1
45,99,1
45,101,4
45,102,1
45,106,7
45,107,1
45,108,3
45,109,8
45,110,1
45,111,2
45,113,4
45,117,2
45,118,7
45,119,2
45,124,2
45,127,2
45,133,5
45,135,9
45,137,1
45,140,37
45,141,2
45,142,5
45,143,3
45,144,3
45,145,1
45,147,2
45,148,4
45,149,6
45,152,1
45,153,2
45,154,1
45,157,3
45,158,3
45,159,4
45,160,5
45,161,3
45,163,1
45,166,1
45,171,11
45,172,1
45,175,1
45,177,3
45,181,1
45,182,4
45,183,14
45,185,2
46,2,1
46,5,3
46,7,1
46,11,1
46,13,7
46,20,1
46,21,2
46,23,3
46,28,5
46,29,2
46,30,5
46,37,1
46,39,3
46,40,2
46,41,83
46,42,2
46,43,1
46,44,1
46,45,10
46,47,4
46,48,2
46,49,9
46,50,4
46,57,6
46,59,25
46,60,2
46,67,3
46,68,1
46,69,4
46,71,2
46,76,1
46,78,1
46,81,1
46,82,2
46,83,1
46,85,2
46,86,5
46,89,1
46,90,2
46,93,3
46,98,1
46,99,1
46,101,1
46,106,1
46,109,3
46,112,2
46,114,3
46,117,2
46,118,6
46,126,1
46,129,2
46,130,1
46,131,2
46,134,3
46,137,1
46,140,2
46,141,1
46,147,1
46,149,5
46,152,1
46,153,3
46,154,1
46,158,5
46,159,4
46,160,4
46,162,2
46,166,3
46,171,1
46,172,2
46,175,1
46,182,4
46,183,4
46,185,1
47,3,1
47,5,3
47,10,1
47,13,1
47,17,3
47,20,4
47,21,1
47,22,1
47,23,7
47,24,1
47,28,1
47,30,1
47,39,4
47,40,11
47,41,109
47,45,14
47,46,2
47,49,8
47,50,15
47,57,12
47,58,1
47,59,85
47,60,7
47,66,5
47,69,2
47,81,1
47,83,2
47,84,2
47,85,5
47,86,3
47,88,1
47,90,3
47,93,7
47,94,1
47,98,3
47,99,4
47,101,1
47,102,5
47,103,2
47,107,3
47,109,3
47,110,1
47,111,2
47,113,3
47,117,6
47,118,1
47,120,1
47,123,3
47,132,2
47,133,1
47,134,2
47,135,2
47,137,4
47,140,30
47,141,1
47,143,3
47,146,1
47,147,1
47,149,3
47,151,2
47,154,5
47,157,2
47,158,1
47,159,5
47,160,9
47,161,1
47,163,1
47,171,3
47,172,1
47,177,1
47,180,1
47,182,2
47,183,7
48,2,3
48,5,2
48,10,1
48,13,4
48,20,7
48,26,4
48,28,1
48,30,2
48,32,3
48,39,3
48,40,3
48,41,84
48,42,3
48,45,8
48,46,5
48,47,8
48,49,9
48,50,12
48,52,1
48,57,11
48,59,54
48,60,5
48,66,2
48,67,1
48,69,4
48,71,3
48,73,1
48,76,2
48,80,2
48,82,7
48,83,8
48,86,3
48,87,1
48,89,1
48,90,2
48,93,4
48,95,2
48,98,1
48,99,3
48,104,2
48,107,1
48,109,6
48,110,1
48,111,6
48,113,9
48,114,1
48,117,3
48,118,14
48,126,1
48,132,1
48,133,1
48,134,3
48,137,1
48,140,26
48,142,2
48,143,2
48,144,1
48,148,1
48,149,8
48,152,1
48,154,3
48,157,3
48,158,13
48,159,2
48,160,7
48,163,1
48,166,5
48,171,4
48,172,5
48,175,1
48,182,2
48,183,5
49,1,1
49,5,1
49,13,7
49,20,4
49,26,6
49,28,1
49,34,1
49,37,3
49,40,8
49,41,75
49,45,1
49,47,4
49,48,1
49,50,8
49,57,10
49,59,72
49,60,2
49,66,8
49,68,1
49,69,4
49,71,1
49,73,1
49,81,1
49,83,1
49,85,1
49,86,3
49,89,2
49,93,9
49,98,1
49,102,2
49,103,2
49,105,4
49,107,2
49,108,1
49,109,2
49,111,1
49,113,1
49,117,1
49,118,5
49,127,1
49,129,2
49,131,2
49,132,1
49,140,14
49,141,1
49,143,1
49,144,1
49,146,1
49,147,2
49,149,1
49,158,1
49,159,5
49,160,5
49,162,4
49,166,2
49,171,2
49,179,1
49,182,3
49,183,3
50,20,3
50,26,1
50,39,1
50,40,17
50,41,88
50,47,2
50,48,1
50,49,4
50,55,1
50,56,1
50,57,9
50,59,106
50,63,1
50,66,5
50,69,7
50,76,1
50,81,1
50,83,1
50,84,3
50,88,1
50,93,1
50,102,1
50,103,4
50,107,1
50,108,1
50,109,2
50,113,2
50,117,1
50,119,3
50,123,4
50,127,2
50,133,1
50,135,2
50,137,1
50,140,11
50,144,1
50,145,7
50,147,1
50,152,1
50,154,2
50,157,3
50,158,2
50,159,1
50,160,2
50,171,2
50,175,1
50,177,1
50,183,10
51,5,8
51,6,1
51,8,1
51,10,4
51,12,2
51,13,1
51,14,1
51,15,1
51,17,3
51,20,5
51,22,1
51,23,5
51,26,7
51,28,5
51,30,5
51,32,1
51,37,1
51,39,8
51,40,8
51,41,83
51,43,1
51,45,2
51,46,2
51,47,1
51,48,4
51,49,10
51,50,6
51,52,2
51,55,3
51,56,6
51,57,10
51,59,51
51,60,9
51,63,1
51,66,1
51,67,1
51,69,7
51,71,2
51,76,5
51,79,1
51,80,1
51,81,1
51,82,1
51,84,1
51,87,4
51,88,4
51,91,3
51,96,1
51,98,1
51,102,1
51,103,3
51,104,2
51,105,2
51,107,1
51,108,1
51,109,1
51,111,2
51,112,1
51,113,1
51,117,3
51,118,6
51,127,1
51,130,1
51,132,2
51,133,2
51,134,3
51,137,1
51,139,1
51,140,7
51,141,2
51,142,1
51,148,1
51,149,3
51,152,1
51,153,1
51,157,1
51,158,8
51,159,2
51,160,5
51,166,2
51,169,1
51,171,1
51,172,1
51,173,1
51,182,5
51,183,6
52,5,6
52,13,14
52,17,5
52,18,1
52,20,2
52,21,1
52,23,4
52,26,6
52,28,7
52,30,7
52,37,1
52,39,7
52,40,12
52,41,113
52,42,1
52,44,1
52,45,1
52,46,2
52,47,2
52,49,2
52,50,10
52,55,2
52,56,3
52,57,5
52,58,1
52,59,31
52,60,4
52,64,1
52,67,4
52,68,3
52,69,6
52,70,1
52,80,3
52,81,2
52,82,3
52,83,3
52,85,2
52,86,3
52,88,1
52,90,2
52,91,2
52,93,7
52,98,3
52,99,1
52,104,3
52,105,1
52,106,3
52,108,1
52,109,2
52,113,1
52,114,3
52,118,12
52,119,1
52,124,1
52,127,2
52,130,1
52,133,5
52,134,4
52,135,1
52,138,3
52,139,1
52,140,5
52,141,2
52,148,1
52,149,3
52,150,3
52,152,2
52,154,1
52,157,1
52,158,13
52,159,1
52,160,11
52,166,3
52,175,1
52,178,1
52,180,3
52,182,5
52,183,5
53,5,10
53,6,1
53,10,2
53,12,5
53,13,16
53,17,4
53,21,2
53,22,2
53,23,1
53,26,4
53,28,3
53,30,10
53,32,1
53,35,1
53,37,3
53,38,1
53,39,15
53,40,5
53,41,151
53,45,3
53,46,7
53,47,5
53,49,6
53,50,5
53,51,1
53,55,4
53,56,1
53,57,8
53,59,55
53,60,3
53,66,14
53,69,4
53,71,2
53,73,1
53,78,3
53,80,1
53,81,3
53,82,5
53,83,2
53,84,3
53,86,5
53,88,2
53,89,2
53,90,2
53,92,1
53,93,15
53,98,8
53,99,2
53,101,1
53,103,6
53,106,3
53,108,7
53,109,1
53,111,2
53,114,2
53,115,2
53,118,11
53,120,1
53,121,2
53,123,1
53,124,1
53,127,3
53,133,10
53,134,9
53,135,1
53,140,15
53,142,7
53,143,1
53,144,1
53,145,2
53,147,1
53,148,2
53,149,6
53,152,2
53,153,2
53,154,1
53,157,6
53,158,9
53,159,5
53,160,5
53,161,1
53,166,5
53,169,1
53,171,2
53,172,2
53,173,1
53,175,7
53,177,1
53,180,2
53,182,12
53,183,7
54,12,1
54,13,1
54,21,1
54,39,1
54,41,8
54,44,2
54,45,1
54,49,1
54,57,1
54,59,8
54,66,1
54,69,5
54,70,1
54,73,1
54,82,2
54,93,1
54,105,1
54,133,3
54,140,1
54,141,1
54,142,1
54,145,1
54,147,1
54,149,1
54,159,2
54,182,1
54,183,2
55,1,1
55,2,4
55,12,1
55,13,21
55,16,3
55,17,11
55,20,1
55,22,6
55,23,6
55,26,12
55,30,10
55,32,12
55,35,1
55,37,1
55,39,11
55,40,18
55,41,134
55,42,1
55,49,1
55,50,1
55,56,3
55,57,13
55,59,39
55,60,16
55,66,10
55,67,1
55,71,2
55,76,1
55,80,1
55,81,1
55,82,2
55,83,3
55,84,1
55,86,6
55,87,1
55,88,2
55,89,1
55,90,2
55,91,1
55,93,13
55,94,1
55,98,5
55,99,2
55,101,1
55,102,1
55,103,7
55,105,1
55,106,1
55,107,1
55,109,4
55,111,2
55,114,2
55,117,3
55,118,8
55,119,2
55,131,1
55,133,5
55,134,1
55,135,1
55,140,16
55,141,2
55,145,1
55,147,3
55,149,5
55,151,1
55,153,2
55,154,1
55,157,3
55,158,11
55,159,4
55,160,12
55,161,1
55,162,2
55,167,3
55,171,4
55,172,3
55,175,1
55,179,1
55,182,6
55,183,14
55,185,4
56,3,1
56,4,1
56,5,1
56,6,1
56,12,4
56,13,18
56,15,2
56,17,11
56,20,1
56,23,5
56,24,3
56,26,17
56,28,6
56,29,1
56,30,8
56,32,1
56,34,1
56,37,1
56,39,12
56,40,5
56,41,176
56,42,1
56,50,2
56,55,3
56,57,14
56,59,40
56,60,6
56,63,2
56,66,5
56,69,21
56,70,2
56,71,1
56,73,2
56,76,7
56,78,3
56,81,11
56,82,7
56,83,3
56,84,2
56,85,4
56,86,3
56,87,3
56,88,3
56,89,1
56,90,3
56,91,1
56,92,1
56,93,9
56,94,3
56,98,12
56,99,2
56,101,2
56,103,3
56,104,2
56,105,3
56,106,4
56,107,1
56,109,1
56,111,2
56,112,3
56,113,1
56,114,2
56,115,1
56,117,2
56,118,20
56,119,3
56,126,1
56,127,3
56,131,4
56,132,3
56,133,9
56,134,5
56,137,6
56,139,3
56,140,10
56,141,4
56,143,1
56,145,3
56,146,3
56,148,3
56,149,5
56,151,1
56,152,2
56,153,1
56,154,3
56,155,1
56,157,3
56,158,17
56,159,3
56,160,14
56,161,1
56,162,3
56,166,1
56,167,2
56,168,1
56,169,3
56,171,4
56,172,1
56,173,2
56,174,1
56,175,3
56,181,3
56,182,5
56,183,24
57,1,2
57,2,2
57,5,1
57,7,1
57,13,8
57,17,1
57,20,5
57,21,1
57,22,5
57,23,2
57,26,15
57,28,3
57,32,2
57,39,5
57,40,34
57,41,298
57,42,1
57,43,1
57,45,3
57,47,5
57,49,3
57,50,5
57,55,1
57,56,1
57,58,2
57,59,58
57,60,14
57,61,1
57,62,1
57,63,1
57,66,3
57,67,3
57,69,11
57,76,4
57,80,2
57,82,2
57,83,1
57,85,3
57,86,2
57,87,1
57,89,3
57,92,1
57,93,8
57,94,1
57,98,5
57,102,4
57,103,13
57,105,1
57,107,8
57,108,2
57,109,8
57,110,3
57,111,7
57,112,1
57,113,2
57,114,1
57,117,2
57,118,32
57,127,1
57,133,2
57,134,1
57,135,6
57,140,49
57,142,5
57,143,2
57,144,4
57,147,1
57,148,3
57,149,10
57,153,2
57,154,2
57,158,5
57,159,3
57,160,12
57,170,1
57,171,1
57,172,1
57,173,1
57,174,1
57,177,1
57,182,14
57,183,38
57,184,1
57,185,2
58,8,1
58,13,5
58,15,1
58,20,1
58,22,5
58,23,9
58,26,7
58,28,2
58,39,5
58,40,8
58,41,117
58,47,1
58,49,3
58,55,1
58,57,10
58,59,37
58,60,8
58,61,1
58,66,8
58,67,1
58,69,2
58,71,1
58,81,2
58,83,1
58,86,4
58,87,1
58,89,1
58,93,2
58,104,1
58,105,1
58,106,1
58,107,1
58,108,6
58,109,5
58,110,5
58,111,9
58,112,6
58,113,2
58,114,1
58,115,1
58,117,3
58,118,10
58,127,1
58,132,1
58,133,1
58,135,3
58,140,34
58,141,2
58,142,3
58,144,4
58,146,1
58,147,3
58,149,2
58,154,2
58,158,2
58,160,4
58,172,2
58,174,1
58,177,1
58,182,1
58,183,6
59,2,1
59,6,1
59,13,2
59,16,3
59,20,1
59,22,7
59,23,1
59,26,7
59,37,3
59,39,2
59,40,11
59,41,152
59,45,1
59,46,4
59,47,2
59,48,4
59,49,12
59,50,15
59,57,9
59,58,2
59,60,6
59,64,1
59,66,6
59,68,1
59,69,3
59,81,1
59,82,1
59,86,2
59,90,1
59,93,1
59,98,2
59,99,1
59,108,2
59,109,2
59,110,1
59,112,2
59,113,3
59,115,2
59,117,3
59,118,5
59,123,1
59,127,10
59,133,1
59,137,1
59,140,15
59,142,6
59,143,1
59,144,3
59,145,2
59,148,5
59,149,5
59,150,1
59,153,1
59,159,2
59,160,4
59,162,3
59,169,1
59,174,1
59,177,2
59,179,2
59,182,7
59,183,13
60,2,2
60,9,1
60,10,1
60,13,5
60,14,1
60,16,1
60,17,2
60,20,6
60,21,1
60,22,1
60,23,1
60,26,5
60,34,1
60,35,1
60,36,1
60,39,3
60,40,13
60,41,164
60,44,1
60,45,1
60,47,1
60,48,4
60,49,1
60,50,10
60,55,2
60,56,1
60,57,11
60,59,55
60,66,4
60,67,2
60,69,8
60,72,1
60,76,2
60,84,1
60,85,2
60,86,1
60,90,2
60,93,5
60,94,1
60,98,1
60,105,4
60,107,3
60,109,10
60,110,1
60,111,7
60,112,1
60,113,5
60,114,3
60,117,1
60,118,13
60,121,1
60,126,1
60,127,1
60,133,1
60,134,2
60,138,2
60,140,14
60,141,2
60,142,2
60,144,3
60,146,3
60,147,4
60,149,2
60,153,1
60,156,1
60,157,1
60,158,8
60,159,3
60,160,10
60,161,2
60,162,1
60,163,1
60,171,1
60,172,5
60,175,3
60,182,5
60,183,8
61,5,1
61,13,19
61,15,1
61,16,1
61,17,9
61,20,1
61,23,5
61,26,2
61,28,4
61,30,8
61,34,1
61,35,1
61,36,3
61,39,9
61,40,5
61,41,73
61,42,2
61,48,1
61,49,1
61,50,1
61,57,7
61,59,16
61,60,1
61,62,1
61,66,5
61,69,2
61,76,3
61,81,1
61,82,2
61,83,2
61,84,1
61,86,3
61,87,1
61,90,4
61,91,1
61,92,1
61,98,8
61,99,1
61,101,1
61,103,5
61,106,3
61,108,1
61,109,3
61,111,2
61,112,2
61,113,1
61,114,2
61,117,2
61,118,1
61,128,1
61,133,1
61,134,2
61,140,6
61,142,1
61,146,2
61,151,1
61,157,2
61,158,11
61,159,2
61,160,14
61,166,1
61,168,1
61,170,1
61,171,4
61,172,1
61,176,1
61,182,10
61,183,6
61,185,1
62,1,1
62,10,2
62,13,23
62,15,2
62,16,2
62,17,7
62,23,3
62,26,13
62,28,5
62,30,4
62,35,2
62,36,1
62,37,3
62,39,5
62,40,14
62,41,102
62,44,1
62,45,5
62,46,1
62,55,1
62,57,4
62,59,17
62,60,1
62,63,3
62,64,10
62,66,3
62,68,1
62,69,8
62,71,2
62,73,1
62,74,2
62,76,1
62,81,2
62,83,2
62,85,1
62,86,1
62,88,1
62,90,4
62,93,1
62,94,1
62,98,8
62,101,2
62,106,2
62,107,2
62,111,1
62,113,1
62,114,2
62,117,3
62,118,9
62,119,1
62,122,1
62,124,2
62,127,1
62,128,2
62,131,2
62,133,1
62,134,4
62,140,6
62,141,1
62,142,1
62,149,3
62,150,1
62,152,4
62,158,3
62,159,2
62,160,5
62,162,1
62,171,3
62,175,1
62,179,2
62,182,3
62,183,10
62,185,1
63,2,1
63,3,2
63,5,1
63,6,2
63,10,1
63,12,1
63,13,32
63,15,2
63,16,5
63,17,13
63,20,2
63,21,2
63,26,5
63,28,10
63,29,1
63,30,5
63,32,2
63,34,4
63,36,2
63,39,12
63,40,3
63,41,83
63,42,2
63,44,1
63,46,4
63,47,1
63,50,1
63,55,3
63,57,7
63,58,1
63,59,15
63,60,3
63,62,4
63,64,12
63,67,1
63,69,4
63,70,1
63,71,1
63,74,2
63,81,1
63,82,2
63,83,2
63,85,4
63,86,5
63,87,2
63,88,2
63,89,2
63,90,2
63,93,3
63,98,5
63,99,1
63,103,2
63,104,1
63,106,1
63,107,3
63,109,3
63,112,2
63,114,1
63,116,5
63,117,2
63,118,5
63,123,2
63,127,1
63,128,3
63,129,1
63,133,8
63,134,3
63,137,2
63,140,2
63,141,2
63,142,3
63,144,2
63,149,2
63,153,1
63,157,1
63,158,9
63,159,2
63,160,6
63,169,5
63,170,1
63,171,1
63,172,2
63,174,1
63,179,1
63,181,1
63,182,1
63,183,7
64,2,1
64,10,3
64,13,38
64,14,1
64,16,4
64,17,15
64,20,6
64,21,3
64,23,5
64,26,5
64,28,15
64,30,6
64,32,2
64,35,2
64,36,4
64,39,9
64,40,18
64,41,96
64,42,2
64,44,5
64,46,7
64,49,1
64,50,2
64,55,4
64,56,2
64,57,12
64,59,31
64,60,1
64,62,13
64,63,4
64,66,7
64,67,4
64,69,1
64,70,2
64,71,1
64,78,1
64,80,1
64,81,6
64,82,7
64,83,2
64,84,2
64,85,4
64,86,2
64,87,3
64,88,2
64,89,1
64,93,11
64,94,1
64,98,2
64,99,1
64,101,3
64,103,2
64,106,7
64,108,1
64,109,3
64,110,1
64,113,4
64,114,5
64,115,1
64,117,3
64,118,12
64,123,3
64,128,6
64,130,1
64,133,4
64,134,9
64,135,1
64,137,1
64,140,6
64,141,2
64,143,2
64,146,1
64,148,1
64,149,2
64,152,1
64,154,3
64,156,2
64,158,7
64,159,7
64,160,4
64,161,1
64,162,5
64,165,1
64,168,2
64,169,6
64,170,1
64,171,2
64,175,1
64,179,2
64,180,2
64,182,17
64,183,17
64,184,1
64,185,2
65,10,4
65,12,3
65,13,11
65,14,1
65,16,1
65,17,6
65,20,5
65,21,1
65,22,1
65,23,10
65,26,7
65,28,2
65,30,3
65,39,10
65,40,17
65,41,180
65,42,1
65,43,1
65,44,1
65,46,9
65,47,3
65,48,2
65,49,2
65,50,2
65,57,13
65,58,2
65,59,32
65,60,11
65,66,11
65,67,3
65,69,10
65,71,2
65,72,1
65,74,1
65,76,2
65,78,1
65,81,3
65,82,8
65,83,4
65,85,1
65,86,7
65,88,1
65,90,3
65,91,1
65,92,3
65,94,1
65,98,1
65,99,1
65,101,3
65,102,3
65,103,5
65,105,3
65,106,6
65,108,2
65,109,4
65,113,3
65,114,3
65,117,4
65,118,17
65,123,2
65,127,3
65,131,2
65,133,6
65,134,9
65,135,6
65,137,6
65,139,1
65,140,14
65,141,2
65,142,3
65,145,1
65,146,5
65,147,6
65,148,1
65,149,5
65,152,3
65,153,2
65,154,1
65,157,6
65,158,20
65,159,8
65,160,16
65,161,1
65,162,2
65,163,1
65,166,5
65,168,1
65,169,1
65,170,1
65,171,5
65,172,1
65,175,2
65,177,1
65,179,1
65,181,1
65,182,9
65,183,41
65,185,1
66,2,2
66,5,3
66,10,1
66,13,12
66,17,5
66,20,9
66,21,5
66,22,12
66,23,15
66,24,3
66,26,20
66,30,3
66,32,2
66,36,2
66,37,3
66,39,11
66,40,8
66,41,177
66,45,7
66,46,1
66,47,1
66,49,1
66,50,5
66,57,11
66,58,1
66,59,39
66,60,8
66,63,2
66,69,6
66,76,5
66,80,1
66,81,2
66,82,2
66,83,2
66,85,3
66,88,2
66,89,1
66,90,1
66,93,6
66,94,6
66,98,1
66,102,6
66,103,2
66,105,1
66,106,3
66,107,2
66,108,2
66,109,5
66,110,4
66,111,1
66,112,4
66,113,3
66,114,3
66,117,4
66,118,6
66,119,1
66,123,3
66,131,1
66,133,4
66,134,5
66,135,6
66,139,5
66,140,109
66,141,2
66,142,6
66,144,7
66,146,8
66,147,2
66,149,11
66,153,1
66,154,6
66,157,1
66,158,1
66,159,3
66,160,8
66,161,5
66,171,2
66,172,1
66,174,1
66,176,1
66,182,18
66,183,45
66,184,3
66,185,2
67,2,3
67,5,2
67,6,1
67,10,1
67,13,7
67,15,1
67,16,2
67,17,3
67,20,2
67,21,3
67,22,1
67,23,5
67,24,1
67,26,7
67,28,5
67,30,2
67,37,2
67,39,19
67,40,29
67,41,165
67,42,1
67,43,1
67,45,3
67,46,2
67,47,2
67,48,1
67,49,10
67,50,11
67,52,1
67,55,2
67,56,1
67,57,12
67,58,2
67,59,92
67,60,4
67,66,8
67,69,15
67,71,5
67,79,3
67,81,3
67,83,6
67,84,4
67,85,5
67,86,2
67,87,1
67,88,1
67,89,1
67,90,4
67,92,1
67,93,13
67,94,1
67,98,4
67,102,1
67,103,5
67,105,5
67,106,2
67,107,1
67,108,1
67,109,6
67,110,2
67,111,1
67,113,13
67,114,1
67,115,1
67,117,5
67,118,12
67,126,1
67,127,2
67,131,2
67,132,1
67,133,4
67,134,7
67,135,7
67,136,1
67,137,3
67,140,41
67,141,6
67,142,6
67,143,7
67,144,1
67,145,1
67,146,7
67,147,1
67,148,3
67,149,7
67,151,1
67,152,1
67,154,3
67,155,1
67,157,3
67,158,6
67,159,5
67,160,17
67,161,9
67,162,3
67,166,2
67,169,1
67,171,9
67,172,8
67,175,2
67,181,3
67,182,10
67,183,30
67,185,5
68,1,1
68,11,3
68,12,1
68,13,2
68,15,3
68,17,3
68,20,5
68,21,3
68,22,1
68,26,6
68,27,1
68,28,1
68,30,1
68,36,2
68,39,9
68,40,8
68,41,88
68,42,1
68,43,2
68,46,5
68,48,1
68,49,1
68,50,2
68,55,1
68,57,9
68,59,14
68,60,4
68,66,3
68,69,7
68,70,1
68,71,3
68,73,1
68,76,1
68,81,4
68,82,5
68,89,1
68,93,4
68,94,1
68,96,1
68,98,3
68,103,4
68,106,2
68,107,1
68,108,1
68,111,4
68,117,2
68,118,7
68,127,2
68,131,1
68,133,3
68,134,4
68,135,2
68,140,5
68,141,1
68,142,5
68,143,2
68,145,1
68,146,1
68,147,1
68,148,1
68,149,4
68,152,2
68,154,1
68,157,1
68,158,1
68,159,1
68,160,9
68,167,1
68,171,3
68,174,1
68,175,3
68,182,8
68,183,9
69,6,1
69,13,7
69,17,2
69,20,3
69,26,6
69,41,26
69,42,1
69,47,2
69,57,2
69,59,9
69,60,3
69,63,1
69,66,2
69,76,2
69,80,1
69,82,1
69,88,1
69,89,1
69,93,1
69,99,1
69,102,1
69,106,4
69,109,1
69,114,2
69,117,1
69,118,3
69,124,1
69,133,2
69,139,1
69,140,1
69,142,1
69,143,2
69,145,1
69,146,1
69,148,1
69,149,1
69,151,1
69,152,3
69,153,1
69,154,1
69,157,1
69,158,6
69,159,3
69,167,1
69,175,1
69,179,1
69,182,1
69,183,3
70,1,1
70,8,1
70,12,2
70,15,1
70,17,1
70,20,4
70,21,1
70,26,3
70,28,2
70,33,1
70,36,4
70,39,3
70,40,4
70,41,78
70,42,1
70,50,1
70,55,4
70,57,6
70,59,21
70,60,3
70,65,1
70,66,4
70,67,2
70,69,2
70,71,3
70,80,1
70,81,1
70,83,1
70,84,1
70,85,3
70,90,1
70,98,1
70,106,2
70,107,1
70,108,2
70,111,2
70,117,6
70,118,8
70,131,1
70,133,2
70,134,2
70,139,3
70,140,4
70,141,1
70,142,2
70,144,1
70,145,2
70,147,2
70,153,1
70,154,2
70,158,8
70,159,6
70,160,1
70,166,1
70,169,1
70,170,1
70,171,1
70,181,2
70,182,6
70,183,6
71,2,1
71,4,1
71,13,5
71,15,1
71,17,6
71,20,2
71,23,4
71,26,2
71,28,2
71,30,1
71,32,1
71,36,2
71,39,4
71,40,3
71,41,73
71,42,4
71,46,1
71,47,1
71,48,1
71,50,2
71,56,1
71,57,2
71,58,1
71,59,18
71,60,5
71,66,5
71,69,2
71,70,1
71,76,1
71,81,1
71,82,4
71,89,1
71,90,1
71,93,3
71,98,1
71,102,1
71,103,1
71,106,1
71,108,1
71,109,4
71,111,4
71,112,1
71,113,2
71,114,3
71,117,4
71,118,14
71,125,1
71,127,2
71,131,1
71,133,6
71,134,1
71,137,2
71,140,3
71,146,2
71,148,2
71,149,5
71,152,3
71,158,4
71,159,5
71,160,2
71,171,3
71,172,1
71,174,1
71,175,1
71,182,4
71,183,8
72,1,1
72,8,2
72,9,6
72,10,3
72,11,1
72,12,2
72,13,12
72,15,3
72,16,1
72,17,4
72,19,4
72,20,11
72,21,1
72,22,3
72,23,4
72,26,21
72,28,4
72,30,3
72,36,3
72,39,20
72,40,11
72,41,181
72,42,4
72,47,4
72,49,3
72,50,1
72,52,2
72,57,22
72,58,2
72,59,58
72,60,4
72,65,1
72,66,4
72,69,7
72,70,5
72,71,8
72,73,5
72,76,2
72,81,4
72,83,3
72,89,2
72,90,3
72,93,3
72,94,3
72,98,10
72,103,5
72,105,2
72,106,4
72,107,4
72,108,5
72,109,13
72,111,6
72,112,1
72,113,6
72,114,3
72,117,6
72,118,25
72,127,2
72,131,2
72,133,8
72,134,10
72,135,2
72,137,4
72,138,1
72,140,36
72,141,3
72,142,10
72,143,2
72,144,2
72,145,2
72,146,2
72,147,1
72,148,1
72,149,9
72,151,3
72,152,2
72,153,3
72,154,4
72,155,1
72,157,5
72,158,13
72,159,2
72,160,12
72,161,1
72,169,1
72,170,1
72,171,6
72,172,3
72,175,1
72,181,2
72,182,11
72,183,21
73,2,3
73,5,4
73,6,1
73,8,2
73,13,16
73,19,1
73,20,2
73,21,8
73,22,1
73,23,1
73,24,1
73,26,24
73,28,3
73,32,2
73,36,2
73,39,14
73,40,15
73,41,160
73,43,1
73,45,2
73,46,1
73,47,1
73,49,4
73,50,1
73,55,5
73,56,1
73,57,6
73,59,44
73,60,10
73,61,1
73,62,1
73,66,8
73,69,13
73,70,1
73,71,2
73,76,2
73,81,7
73,83,2
73,85,4
73,88,6
73,89,4
73,92,1
73,93,3
73,94,2
73,98,7
73,99,2
73,102,3
73,103,8
73,107,6
73,108,3
73,109,6
73,111,3
73,112,1
73,113,7
73,115,1
73,117,7
73,118,25
73,127,2
73,133,4
73,135,4
73,136,2
73,139,3
73,140,48
73,141,3
73,142,2
73,143,4
73,144,7
73,146,1
73,147,4
73,148,1
73,149,7
73,151,3
73,153,2
73,154,6
73,156,3
73,157,3
73,158,9
73,159,7
73,160,14
73,171,3
73,172,3
73,174,2
73,182,18
73,183,32
73,184,2
74,6,2
74,10,5
74,13,3
74,14,5
74,17,1
74,22,1
74,26,3
74,28,2
74,30,2
74,32,4
74,33,1
74,34,1
74,36,3
74,39,14
74,40,2
74,41,72
74,45,3
74,52,1
74,55,1
74,57,4
74,59,26
74,60,3
74,69,1
74,71,1
74,73,1
74,78,2
74,81,1
74,82,1
74,83,2
74,85,2
74,86,1
74,88,5
74,90,2
74,92,1
74,93,2
74,94,3
74,99,1
74,101,1
74,104,1
74,105,2
74,106,1
74,108,1
74,110,1
74,111,2
74,115,1
74,117,1
74,118,4
74,119,2
74,121,1
74,124,1
74,134,3
74,137,1
74,140,3
74,143,1
74,145,1
74,149,4
74,150,1
74,153,2
74,156,3
74,158,6
74,159,1
74,160,1
74,161,2
74,162,4
74,163,1
74,167,1
74,172,2
74,173,7
74,175,2
74,180,1
74,182,1
74,183,10
75,3,4
75,9,1
75,10,1
75,11,2
75,12,7
75,13,14
75,14,2
75,17,8
75,19,2
75,20,4
75,21,2
75,23,2
75,26,6
75,28,12
75,30,9
75,35,1
75,36,3
75,37,3
75,39,13
75,40,6
75,41,200
75,42,2
75,43,1
75,46,3
75,48,1
75,49,1
75,50,3
75,52,1
75,55,1
75,56,1
75,57,10
75,59,55
75,60,6
75,63,2
75,66,3
75,69,13
75,70,1
75,71,3
75,73,2
75,76,19
75,79,5
75,80,7
75,81,16
75,82,22
75,83,3
75,86,5
75,88,8
75,89,2
75,90,2
75,93,12
75,94,2
75,95,1
75,98,16
75,102,1
75,103,3
75,108,3
75,109,1
75,111,4
75,114,2
75,117,2
75,118,31
75,119,1
75,124,1
75,132,1
75,133,7
75,134,10
75,135,2
75,137,2
75,140,7
75,143,1
75,147,2
75,148,2
75,149,1
75,151,2
75,152,3
75,155,1
75,158,11
75,159,2
75,160,16
75,161,1
75,163,1
75,171,2
75,172,6
75,174,2
75,175,11
75,177,3
75,180,1
75,182,13
75,183,15
75,184,1
75,185,1
76,1,5
76,2,10
76,3,2
76,5,1
76,8,2
76,9,6
76,10,1
76,11,3
76,12,2
76,13,15
76,16,1
76,17,4
76,20,4
76,21,1
76,22,1
76,23,4
76,26,25
76,28,10
76,30,3
76,32,5
76,33,1
76,39,31
76,40,26
76,41,309
76,42,2
76,43,1
76,45,1
76,47,3
76,48,1
76,49,5
76,50,12
76,55,8
76,57,18
76,58,2
76,59,51
76,60,13
76,63,2
76,65,1
76,66,7
76,67,1
76,68,6
76,69,16
76,71,1
76,78,2
76,80,23
76,81,8
76,82,25
76,83,4
76,84,1
76,85,2
76,86,4
76,87,2
76,89,1
76,90,9
76,91,1
76,92,1
76,93,10
76,94,2
76,96,1
76,98,16
76,99,1
76,101,1
76,103,10
76,104,5
76,105,3
76,106,1
76,107,4
76,108,2
76,109,3
76,110,1
76,111,3
76,112,1
76,113,2
76,114,3
76,115,1
76,117,6
76,118,25
76,119,2
76,126,1
76,127,1
76,130,1
76,131,3
76,132,3
76,133,8
76,134,6
76,135,9
76,139,2
76,140,32
76,143,4
76,145,2
76,147,3
76,148,2
76,149,8
76,153,1
76,156,1
76,157,6
76,158,16
76,159,10
76,160,38
76,170,2
76,171,6
76,172,3
76,174,6
76,175,10
76,177,2
76,178,3
76,181,2
76,182,7
76,183,29
76,184,1
77,1,1
77,2,8
77,3,1
77,5,8
77,8,2
77,9,1
77,10,1
77,12,6
77,13,10
77,17,2
77,19,1
77,20,3
77,21,3
77,23,4
77,26,13
77,27,2
77,28,6
77,30,11
77,32,3
77,34,1
77,36,3
77,39,12
77,40,13
77,41,257
77,42,6
77,43,3
77,45,1
77,46,4
77,47,3
77,49,2
77,50,7
77,52,1
77,56,3
77,57,14
77,58,4
77,59,48
77,60,10
77,63,3
77,66,7
77,67,1
77,69,6
77,71,1
77,73,4
77,76,23
77,78,1
77,79,1
77,80,6
77,81,10
77,82,10
77,86,7
77,88,6
77,89,2
77,90,1
77,93,17
77,98,10
77,99,1
77,100,2
77,102,3
77,103,3
77,105,2
77,106,1
77,107,1
77,108,1
77,109,10
77,110,2
77,111,6
77,112,1
77,113,2
77,115,1
77,117,1
77,118,15
77,124,2
77,125,1
77,127,4
77,129,1
77,131,1
77,132,3
77,133,9
77,134,6
77,135,6
77,137,1
77,139,1
77,140,28
77,143,2
77,144,2
77,145,1
77,146,1
77,147,5
77,148,1
77,149,5
77,150,1
77,152,4
77,154,5
77,155,2
77,158,12
77,159,5
77,160,21
77,168,2
77,170,1
77,171,2
77,172,2
77,173,1
77,174,8
77,175,9
77,176,1
77,177,6
77,181,2
77,182,13
77,183,33
77,184,1
77,185,3
78,2,3
78,3,5
78,5,4
78,6,1
78,7,1
78,10,5
78,11,5
78,12,5
78,13,55
78,15,2
78,16,5
78,17,19
78,20,7
78,21,2
78,26,30
78,27,1
78,28,24
78,30,17
78,32,9
78,34,3
78,35,1
78,36,2
78,39,30
78,40,25
78,41,297
78,42,5
78,44,1
78,45,5
78,46,2
78,48,1
78,49,5
78,50,5
78,52,1
78,55,7
78,56,3
78,57,22
78,58,1
78,59,70
78,60,5
78,63,7
78,64,1
78,66,20
78,67,2
78,69,14
78,70,2
78,71,4
78,73,2
78,76,9
78,80,6
78,81,6
78,82,11
78,83,12
78,84,1
78,85,7
78,86,4
78,87,2
78,88,8
78,89,1
78,90,9
78,91,1
78,92,1
78,93,8
78,94,4
78,98,21
78,99,3
78,102,1
78,103,7
78,104,1
78,106,7
78,109,7
78,111,10
78,113,1
78,114,4
78,117,7
78,118,36
78,119,1
78,123,2
78,126,1
78,127,5
78,128,3
78,130,2
78,131,2
78,132,1
78,133,15
78,134,17
78,135,1
78,137,1
78,140,11
78,141,2
78,145,2
78,146,2
78,147,3
78,149,6
78,151,2
78,152,1
78,153,3
78,154,2
78,157,3
78,158,37
78,159,9
78,160,35
78,161,1
78,163,2
78,166,2
78,168,5
78,169,4
78,170,1
78,171,13
78,173,1
78,175,8
78,176,1
78,177,2
78,181,4
78,182,26
78,183,28
78,185,1
79,2,3
79,8,2
79,9,2
79,12,1
79,13,2
79,17,2
79,20,4
79,26,17
79,28,2
79,29,1
79,39,6
79,40,21
79,41,96
79,42,3
79,45,3
79,50,4
79,56,1
79,59,19
79,61,1
79,65,1
79,69,3
79,71,4
79,76,1
79,77,1
79,80,7
79,81,4
79,82,18
79,83,1
79,86,3
79,88,1
79,90,1
79,93,7
79,98,3
79,99,1
79,103,7
79,104,1
79,105,1
79,109,1
79,110,1
79,112,2
79,113,4
79,117,1
79,118,7
79,122,1
79,133,4
79,134,5
79,140,27
79,143,1
79,144,1
79,146,2
79,147,4
79,148,1
79,149,8
79,158,1
79,159,5
79,160,5
79,175,3
79,177,1
79,178,1
79,181,1
79,182,11
79,183,24
79,185,1
80,2,2
80,5,1
80,8,3
80,9,1
80,10,5
80,11,5
80,12,2
80,13,14
80,16,2
80,17,9
80,20,6
80,21,5
80,22,4
80,23,2
80,26,15
80,28,7
80,30,3
80,33,1
80,39,11
80,40,14
80,41,268
80,42,2
80,43,1
80,45,2
80,46,2
80,48,2
80,49,4
80,50,7
80,52,1
80,54,1
80,55,1
80,56,5
80,57,13
80,59,50
80,60,3
80,63,2
80,66,3
80,67,2
80,68,2
80,69,12
80,71,3
80,73,1
80,76,27
80,79,4
80,81,14
80,82,16
80,83,4
80,84,2
80,85,4
80,86,7
80,89,1
80,90,2
80,92,1
80,93,12
80,94,1
80,98,8
80,99,1
80,102,1
80,103,3
80,105,7
80,106,6
80,107,2
80,108,5
80,109,5
80,111,1
80,113,4
80,114,2
80,115,1
80,117,3
80,118,20
80,123,1
80,126,1
80,127,2
80,128,1
80,132,1
80,133,4
80,134,9
80,135,1
80,140,25
80,142,4
80,143,2
80,147,4
80,149,9
80,151,1
80,152,3
80,157,6
80,158,10
80,159,4
80,160,32
80,163,1
80,166,2
80,171,4
80,172,3
80,174,5
80,175,5
80,177,5
80,179,3
80,181,3
80,182,14
80,183,23
80,185,5
81,9,2
81,12,3
81,13,5
81,17,5
81,26,1
81,28,1
81,30,1
81,34,1
81,36,1
81,37,2
81,39,6
81,40,3
81,41,84
81,47,2
81,57,3
81,58,1
81,59,19
81,60,1
81,63,1
81,69,1
81,70,2
81,71,1
81,76,3
81,82,9
81,84,1
81,88,1
81,91,1
81,93,3
81,98,1
81,103,3
81,106,3
81,113,1
81,118,4
81,119,1
81,121,1
81,133,1
81,140,1
81,141,4
81,149,1
81,158,8
81,159,4
81,160,6
81,170,1
81,171,1
81,175,5
81,181,1
81,182,6
81,183,3
81,184,2
81,185,1
82,1,1
82,2,2
82,5,2
82,6,1
82,8,2
82,10,5
82,11,10
82,12,4
82,13,5
82,14,1
82,16,2
82,17,10
82,20,7
82,21,4
82,23,5
82,26,17
82,28,4
82,30,6
82,32,1
82,33,1
82,36,3
82,37,2
82,39,12
82,40,11
82,41,193
82,42,5
82,43,2
82,46,4
82,47,3
82,48,1
82,49,3
82,50,1
82,54,1
82,56,4
82,57,10
82,59,49
82,60,3
82,64,1
82,66,17
82,68,1
82,69,14
82,70,2
82,71,2
82,76,12
82,80,2
82,81,5
82,83,3
82,85,3
82,86,2
82,87,1
82,88,2
82,90,2
82,92,1
82,93,6
82,101,1
82,103,3
82,106,4
82,108,3
82,109,4
82,110,1
82,111,8
82,112,3
82,113,3
82,114,7
82,116,1
82,117,1
82,118,14
82,124,1
82,127,2
82,131,1
82,133,6
82,134,4
82,135,3
82,137,1
82,139,4
82,140,6
82,144,3
82,146,1
82,147,1
82,148,6
82,149,6
82,150,2
82,151,2
82,153,3
82,157,3
82,158,26
82,159,17
82,160,16
82,166,2
82,169,6
82,170,4
82,171,2
82,172,3
82,173,1
82,174,3
82,175,8
82,177,2
82,178,1
82,181,6
82,182,12
82,183,17
82,185,4
83,2,1
83,3,1
83,7,1
83,10,5
83,12,1
83,13,10
83,15,1
83,17,6
83,20,2
83,21,1
83,23,1
83,26,12
83,28,5
83,30,6
83,32,3
83,36,1
83,39,16
83,40,27
83,41,116
83,43,2
83,44,2
83,46,2
83,47,3
83,48,1
83,49,7
83,50,4
83,52,2
83,57,4
83,59,46
83,60,12
83,66,4
83,67,1
83,69,4
83,70,1
83,71,1
83,73,1
83,76,1
83,78,1
83,79,2
83,81,4
83,82,9
83,85,5
83,86,7
83,87,1
83,88,3
83,89,2
83,90,6
83,92,1
83,93,8
83,96,3
83,98,2
83,100,1
83,103,8
83,108,7
83,109,3
83,111,2
83,118,7
83,119,1
83,124,1
83,133,1
83,134,4
83,135,1
83,139,1
83,140,7
83,144,1
83,145,1
83,146,2
83,149,3
83,151,1
83,152,2
83,153,1
83,154,1
83,157,4
83,158,14
83,159,6
83,160,10
83,162,1
83,170,2
83,171,7
83,172,3
83,178,1
83,180,1
83,181,4
83,182,6
83,183,6
83,185,2
84,2,2
84,9,1
84,10,1
84,13,16
84,17,4
84,20,8
84,21,1
84,22,2
84,23,2
84,24,1
84,26,7
84,28,4
84,30,3
84,32,1
84,33,1
84,39,15
84,40,9
84,41,185
84,47,1
84,48,2
84,49,1
84,50,9
84,52,1
84,57,3
84,58,1
84,59,22
84,60,5
84,61,2
84,63,1
84,66,15
84,67,2
84,69,5
84,76,2
84,82,3
84,85,3
84,86,11
84,88,1
84,89,2
84,90,1
84,93,11
84,94,3
84,96,1
84,98,1
84,99,4
84,101,1
84,102,1
84,103,12
84,105,4
84,106,2
84,108,1
84,109,4
84,110,1
84,111,2
84,112,2
84,113,4
84,117,4
84,118,15
84,121,2
84,127,1
84,129,1
84,133,4
84,137,3
84,139,2
84,140,20
84,144,1
84,146,1
84,147,1
84,149,4
84,152,1
84,153,2
84,158,8
84,159,6
84,160,8
84,170,1
84,171,3
84,175,1
84,177,2
84,182,5
84,183,15
84,184,1
85,2,1
85,3,2
85,5,5
85,6,1
85,8,3
85,10,4
85,13,18
85,17,2
85,20,7
85,21,3
85,23,9
85,26,24
85,28,4
85,30,7
85,32,1
85,37,5
85,39,18
85,40,17
85,41,247
85,43,1
85,45,10
85,46,1
85,47,6
85,48,2
85,49,7
85,50,6
85,55,1
85,57,25
85,58,1
85,59,94
85,60,10
85,66,11
85,67,1
85,69,18
85,70,3
85,71,3
85,72,2
85,76,1
85,81,2
85,82,1
85,84,3
85,86,9
85,87,5
85,88,12
85,89,3
85,90,4
85,91,3
85,92,1
85,93,18
85,94,1
85,98,3
85,99,5
85,101,7
85,103,12
85,105,6
85,108,19
85,109,6
85,110,4
85,111,7
85,113,1
85,114,1
85,115,4
85,117,3
85,118,23
85,123,3
85,124,2
85,127,7
85,130,3
85,131,1
85,133,14
85,134,17
85,135,8
85,138,3
85,139,4
85,140,32
85,141,6
85,142,12
85,143,4
85,145,1
85,146,9
85,147,5
85,148,3
85,149,3
85,151,2
85,152,1
85,153,4
85,154,4
85,156,1
85,157,3
85,158,23
85,159,7
85,160,16
85,161,2
85,162,2
85,166,1
85,171,6
85,172,3
85,175,2
85,179,1
85,182,14
85,183,20
85,185,4
86,2,1
86,5,1
86,6,2
86,8,1
86,10,4
86,13,14
86,17,5
86,19,1
86,20,8
86,21,3
86,22,3
86,23,3
86,26,27
86,28,5
86,29,1
86,30,1
86,34,1
86,36,1
86,39,22
86,40,37
86,41,228
86,42,2
86,43,4
86,45,1
86,49,1
86,50,10
86,57,19
86,58,2
86,59,58
86,60,12
86,61,1
86,62,1
86,64,1
86,66,17
86,67,2
86,69,10
86,73,2
86,77,1
86,78,1
86,80,2
86,81,2
86,84,1
86,85,1
86,87,1
86,88,5
86,89,13
86,90,6
86,91,1
86,92,1
86,93,21
86,94,4
86,95,1
86,98,2
86,99,2
86,102,11
86,103,26
86,105,9
86,106,2
86,107,1
86,108,3
86,109,10
86,110,1
86,111,6
86,113,1
86,114,6
86,118,17
86,119,2
86,132,2
86,133,10
86,134,8
86,138,1
86,140,46
86,141,1
86,142,4
86,143,1
86,146,2
86,147,1
86,148,3
86,149,14
86,150,1
86,153,1
86,155,1
86,156,1
86,157,11
86,158,31
86,159,6
86,160,9
86,161,1
86,169,2
86,171,2
86,172,3
86,175,1
86,177,1
86,178,1
86,179,2
86,182,11
86,183,57
86,184,2
86,185,6
87,1,2
87,2,1
87,3,1
87,6,2
87,10,8
87,12,1
87,13,5
87,20,1
87,21,2
87,22,4
87,23,3
87,26,11
87,28,2
87,30,1
87,34,2
87,35,1
87,39,3
87,40,28
87,41,159
87,47,4
87,50,8
87,55,1
87,56,2
87,57,6
87,59,30
87,60,2
87,64,1
87,69,7
87,71,2
87,76,1
87,79,2
87,80,2
87,81,1
87,85,2
87,89,1
87,90,5
87,93,6
87,94,3
87,98,1
87,102,4
87,103,6
87,105,1
87,107,2
87,108,1
87,109,1
87,110,4
87,111,1
87,112,2
87,117,2
87,118,20
87,119,3
87,127,1
87,130,1
87,133,2
87,134,5
87,135,3
87,140,19
87,141,2
87,142,8
87,144,7
87,145,1
87,148,3
87,149,7
87,150,1
87,157,2
87,158,4
87,160,6
87,169,1
87,171,1
87,172,1
87,179,2
87,182,18
87,183,24
87,184,3
87,185,3
88,11,1
88,26,1
88,41,2
88,43,1
88,55,1
88,57,1
88,59,1
88,60,1
88,63,1
88,66,1
88,82,2
88,89,1
88,91,2
88,98,2
88,111,1
88,114,1
88,134,1
88,135,1
88,137,1
88,182,1
88,183,2
88,185,2
89,1,4
89,5,1
89,10,7
89,13,4
89,16,1
89,17,5
89,22,8
89,23,1
89,26,27
89,28,4
89,30,3
89,37,1
89,39,10
89,40,34
89,41,276
89,42,1
89,43,1
89,45,1
89,47,8
89,49,1
89,50,1
89,57,9
89,59,42
89,64,1
89,66,2
89,70,1
89,76,1
89,79,1
89,80,4
89,81,1
89,82,1
89,83,3
89,85,2
89,86,5
89,87,3
89,88,3
89,90,4
89,92,3
89,93,10
89,94,13
89,98,3
89,103,29
89,105,4
89,106,3
89,107,4
89,108,3
89,109,10
89,110,2
89,111,6
89,113,2
89,115,1
89,117,5
89,118,18
89,121,3
89,130,10
89,131,1
89,132,6
89,133,5
89,134,6
89,137,4
89,140,33
89,142,2
89,143,3
89,144,3
89,145,1
89,146,4
89,147,3
89,148,3
89,149,16
89,153,7
89,154,3
89,156,3
89,158,11
89,159,3
89,160,16
89,175,1
89,179,1
89,181,1
89,182,15
89,183,66
89,184,2
90,1,2
90,2,1
90,5,1
90,10,10
90,11,1
90,13,15
90,17,1
90,20,4
90,22,4
90,23,4
90,26,16
90,28,4
90,30,1
90,32,1
90,34,4
90,37,1
90,39,23
90,40,45
90,41,243
90,43,2
90,45,6
90,46,3
90,47,1
90,49,2
90,50,4
90,56,1
90,57,9
90,58,3
90,59,65
90,61,5
90,66,2
90,67,4
90,69,9
90,71,1
90,73,1
90,76,1
90,81,3
90,82,4
90,85,1
90,86,11
90,87,1
90,88,8
90,89,8
90,91,1
90,92,2
90,93,19
90,94,2
90,98,4
90,100,1
90,101,1
90,102,2
90,103,23
90,105,5
90,106,1
90,107,1
90,108,4
90,109,6
90,114,1
90,115,2
90,117,2
90,118,14
90,119,1
90,125,1
90,130,1
90,132,5
90,133,2
90,134,2
90,140,46
90,141,3
90,142,7
90,143,6
90,144,5
90,145,3
90,146,9
90,147,4
90,148,3
90,149,8
90,153,1
90,154,1
90,156,2
90,157,3
90,158,12
90,159,1
90,160,11
90,162,1
90,171,1
90,177,1
90,179,2
90,181,1
90,182,21
90,183,43
90,184,3
90,185,3
91,1,1
91,2,1
91,5,2
91,13,21
91,15,1
91,17,5
91,20,6
91,21,4
91,23,1
91,26,13
91,28,2
91,30,3
91,34,3
91,35,1
91,36,1
91,39,20
91,40,8
91,41,209
91,43,2
91,44,1
91,45,1
91,47,5
91,50,3
91,55,4
91,57,9
91,58,2
91,59,26
91,60,13
91,64,1
91,66,1
91,67,6
91,69,12
91,71,1
91,73,1
91,76,4
91,81,11
91,82,1
91,83,5
91,84,1
91,85,1
91,86,3
91,87,5
91,88,3
91,89,8
91,90,9
91,92,1
91,93,24
91,94,15
91,96,2
91,98,15
91,99,3
91,100,2
91,102,2
91,103,8
91,105,2
91,108,1
91,109,3
91,110,2
91,111,2
91,113,2
91,117,4
91,118,10
91,127,3
91,130,1
91,131,1
91,133,4
91,134,6
91,135,1
91,137,2
91,140,35
91,142,6
91,143,1
91,144,4
91,145,1
91,146,2
91,147,2
91,149,6
91,156,1
91,157,6
91,158,19
91,159,3
91,160,20
91,161,1
91,162,1
91,171,6
91,172,2
91,174,3
91,175,1
91,181,2
91,182,16
91,183,16
91,184,2
91,185,4
92,2,1
92,6,1
92,9,1
92,10,5
92,12,3
92,13,19
92,14,1
92,17,8
92,20,8
92,21,2
92,22,1
92,23,4
92,24,3
92,26,12
92,28,9
92,30,6
92,32,6
92,34,1
92,36,5
92,39,25
92,40,34
92,41,269
92,43,3
92,44,1
92,45,1
92,46,1
92,49,13
92,50,3
92,52,1
92,55,1
92,56,3
92,57,9
92,58,3
92,59,54
92,60,6
92,65,3
92,66,15
92,69,13
92,71,2
92,73,3
92,76,9
92,79,1
92,81,4
92,82,1
92,83,4
92,84,1
92,85,8
92,86,11
92,88,7
92,89,3
92,90,10
92,91,2
92,93,19
92,94,4
92,96,5
92,98,32
92,99,3
92,101,1
92,102,5
92,103,10
92,105,5
92,106,4
92,107,4
92,109,6
92,110,3
92,111,3
92,114,2
92,115,1
92,117,4
92,118,12
92,119,1
92,124,1
92,125,6
92,126,1
92,127,5
92,130,1
92,131,1
92,132,2
92,133,3
92,134,12
92,135,4
92,137,5
92,138,2
92,139,2
92,140,28
92,141,2
92,142,4
92,143,4
92,144,5
92,145,4
92,146,4
92,147,5
92,148,1
92,149,7
92,152,1
92,153,1
92,155,1
92,157,2
92,158,21
92,159,7
92,160,22
92,161,2
92,162,2
92,165,2
92,166,1
92,167,1
92,170,1
92,171,6
92,172,1
92,173,2
92,174,1
92,182,15
92,183,33
92,184,1
92,185,4
93,2,1
93,10,4
93,12,2
93,13,2
93,17,4
93,19,4
93,20,6
93,22,1
93,23,3
93,26,5
93,28,10
93,29,4
93,37,1
93,39,7
93,40,34
93,41,120
93,42,3
93,43,2
93,44,1
93,45,7
93,47,1
93,48,1
93,49,7
93,50,6
93,55,10
93,57,8
93,59,25
93,60,1
93,62,1
93,63,2
93,66,10
93,69,17
93,76,3
93,80,2
93,82,2
93,83,2
93,84,2
93,86,3
93,87,1
93,88,3
93,89,14
93,90,5
93,94,4
93,98,11
93,101,1
93,102,2
93,103,6
93,106,1
93,107,2
93,108,2
93,109,1
93,110,2
93,111,5
93,113,1
93,115,1
93,117,3
93,118,10
93,121,1
93,127,4
93,130,2
93,131,1
93,132,3
93,133,2
93,135,4
93,139,3
93,140,37
93,141,1
93,146,2
93,147,4
93,148,1
93,149,6
93,152,1
93,153,2
93,154,1
93,158,17
93,159,1
93,160,6
93,161,3
93,170,1
93,171,3
93,174,1
93,175,3
93,179,1
93,180,1
93,182,4
93,183,22
93,184,1
94,2,1
94,3,1
94,5,1
94,10,6
94,12,1
94,13,6
94,17,1
94,20,1
94,21,2
94,22,1
94,23,7
94,26,15
94,28,3
94,30,2
94,33,1
94,37,2
94,39,10
94,40,22
94,41,166
94,43,3
94,46,2
94,47,1
94,49,2
94,50,3
94,55,4
94,57,10
94,58,1
94,59,21
94,60,3
94,67,1
94,69,8
94,81,1
94,86,3
94,87,1
94,89,10
94,90,5
94,93,7
94,96,1
94,98,2
94,102,2
94,103,9
94,105,4
94,108,1
94,109,5
94,110,5
94,113,1
94,118,10
94,129,1
94,132,8
94,133,2
94,134,1
94,135,1
94,137,5
94,140,16
94,141,1
94,142,1
94,143,2
94,144,3
94,146,6
94,149,19
94,156,1
94,157,3
94,158,10
94,160,11
94,164,1
94,169,1
94,171,1
94,172,2
94,175,1
94,179,1
94,181,1
94,182,10
94,183,27
94,184,1
94,185,2
95,2,3
95,5,1
95,11,1
95,13,13
95,17,3
95,20,3
95,22,1
95,23,5
95,26,17
95,28,5
95,30,2
95,32,3
95,33,1
95,34,3
95,39,32
95,40,5
95,41,155
95,42,3
95,45,1
95,46,2
95,47,1
95,50,10
95,52,1
95,55,2
95,56,1
95,57,6
95,58,3
95,59,32
95,60,8
95,65,1
95,66,8
95,69,18
95,71,1
95,73,1
95,76,1
95,81,3
95,82,2
95,84,2
95,85,2
95,86,2
95,88,1
95,90,3
95,92,3
95,93,19
95,94,4
95,96,2
95,98,9
95,99,1
95,102,4
95,103,2
95,104,1
95,105,1
95,106,3
95,109,8
95,110,2
95,113,1
95,114,1
95,117,7
95,118,6
95,120,2
95,124,1
95,131,2
95,133,7
95,134,2
95,135,5
95,137,6
95,139,1
95,140,7
95,144,1
95,145,3
95,146,1
95,147,3
95,148,1
95,149,3
95,152,2
95,154,2
95,157,7
95,158,18
95,159,1
95,160,12
95,161,1
95,163,1
95,169,1
95,171,3
95,172,1
95,173,1
95,175,4
95,179,1
95,181,2
95,182,13
95,183,8
96,2,2
96,3,1
96,5,3
96,6,5
96,10,1
96,11,1
96,12,1
96,13,19
96,17,4
96,19,2
96,20,4
96,23,2
96,26,16
96,28,4
96,30,3
96,32,6
96,37,1
96,39,16
96,40,20
96,41,135
96,45,2
96,46,4
96,47,4
96,48,1
96,49,8
96,50,4
96,54,1
96,55,5
96,56,2
96,57,11
96,59,31
96,60,9
96,61,1
96,62,1
96,66,17
96,69,12
96,71,3
96,73,3
96,76,1
96,80,4
96,81,4
96,82,6
96,83,1
96,85,2
96,86,1
96,87,2
96,88,11
96,90,2
96,93,23
96,94,1
96,98,14
96,99,2
96,100,5
96,101,1
96,103,4
96,105,2
96,106,2
96,107,1
96,109,2
96,112,2
96,113,1
96,114,2
96,117,1
96,118,23
96,127,1
96,130,2
96,131,2
96,133,7
96,134,6
96,135,1
96,137,5
96,139,2
96,140,15
96,142,3
96,145,2
96,147,3
96,148,1
96,149,2
96,154,1
96,156,2
96,157,4
96,158,21
96,159,4
96,160,11
96,166,1
96,171,2
96,174,1
96,178,1
96,180,2
96,181,2
96,182,7
96,183,20
96,185,2
97,5,2
97,8,1
97,10,1
97,13,5
97,19,2
97,20,3
97,21,4
97,22,1
97,26,6
97,28,5
97,30,6
97,32,2
97,34,1
97,35,2
97,37,3
97,39,9
97,40,3
97,41,108
97,47,5
97,49,3
97,55,2
97,57,5
97,58,1
97,59,28
97,60,6
97,63,1
97,66,1
97,67,1
97,68,1
97,69,3
97,71,2
97,73,3
97,76,1
97,78,2
97,80,1
97,82,1
97,85,3
97,86,3
97,88,4
97,92,3
97,93,3
97,94,2
97,98,2
97,101,4
97,106,5
97,108,4
97,109,1
97,111,2
97,113,1
97,114,2
97,117,1
97,118,1
97,119,1
97,127,4
97,131,1
97,132,1
97,133,2
97,134,8
97,135,3
97,137,4
97,139,2
97,140,11
97,141,2
97,142,1
97,147,1
97,148,1
97,149,6
97,151,2
97,153,1
97,154,2
97,156,1
97,157,2
97,158,4
97,159,1
97,160,10
97,168,2
97,169,1
97,171,1
97,180,1
97,182,9
97,183,16
97,185,2
98,6,2
98,9,1
98,10,2
98,12,1
98,13,33
98,17,4
98,19,3
98,20,14
98,21,5
98,23,8
98,24,1
98,26,22
98,28,5
98,30,10
98,32,4
98,33,3
98,34,2
98,35,2
98,36,1
98,39,25
98,40,32
98,41,271
98,44,2
98,46,1
98,47,5
98,48,3
98,49,7
98,50,3
98,55,2
98,56,5
98,57,6
98,59,62
98,60,16
98,61,3
98,66,6
98,67,1
98,69,6
98,70,2
98,71,2
98,76,4
98,78,1
98,80,4
98,81,20
98,82,5
98,83,8
98,84,3
98,85,6
98,86,3
98,87,3
98,88,14
98,89,2
98,90,6
98,92,3
98,93,12
98,94,6
98,97,1
98,99,6
98,100,3
98,101,1
98,102,4
98,103,9
98,105,1
98,106,3
98,107,1
98,108,2
98,109,1
98,111,3
98,112,1
98,113,6
98,114,2
98,117,3
98,118,24
98,119,1
98,121,1
98,123,1
98,124,1
98,127,2
98,128,1
98,130,4
98,131,1
98,133,9
98,134,4
98,135,4
98,139,2
98,140,29
98,141,1
98,142,5
98,143,4
98,144,3
98,146,1
98,148,1
98,149,7
98,151,1
98,152,1
98,154,3
98,157,2
98,158,21
98,159,21
98,160,24
98,161,2
98,162,1
98,166,6
98,169,2
98,170,1
98,171,3
98,172,1
98,173,1
98,175,4
98,176,1
98,177,1
98,182,18
98,183,22
98,185,9
99,8,2
99,10,1
99,12,2
99,13,11
99,14,1
99,17,7
99,18,3
99,20,6
99,21,4
99,26,14
99,28,13
99,30,3
99,34,3
99,36,6
99,39,15
99,40,13
99,41,151
99,42,4
99,44,1
99,46,3
99,47,2
99,48,4
99,49,1
99,52,1
99,57,10
99,58,1
99,59,31
99,60,12
99,61,3
99,69,9
99,71,3
99,73,3
99,76,5
99,81,9
99,82,4
99,83,2
99,85,6
99,86,5
99,87,2
99,88,2
99,89,1
99,91,1
99,92,3
99,93,2
99,96,1
99,98,14
99,102,1
99,103,10
99,104,1
99,106,2
99,108,1
99,109,6
99,112,1
99,113,5
99,114,5
99,115,1
99,117,1
99,118,16
99,119,1
99,123,2
99,125,1
99,127,2
99,128,1
99,129,2
99,133,4
99,134,7
99,135,2
99,138,1
99,140,9
99,144,2
99,145,1
99,146,4
99,147,1
99,148,1
99,149,5
99,152,1
99,154,1
99,157,1
99,158,14
99,159,2
99,160,16
99,162,1
99,166,2
99,167,1
99,169,4
99,170,2
99,171,2
99,172,4
99,173,2
99,174,1
99,182,6
99,183,15
100,1,1
100,11,1
100,12,1
100,13,18
100,15,1
100,17,2
100,20,1
100,21,2
100,22,2
100,23,1
100,26,13
100,28,4
100,29,1
100,30,3
100,32,2
100,36,1
100,37,1
100,38,1
100,39,16
100,40,11
100,41,163
100,42,1
100,44,5
100,47,2
100,49,1
100,50,3
100,56,2
100,57,10
100,59,44
100,60,16
100,65,2
100,66,7
100,67,3
100,68,1
100,69,23
100,70,1
100,73,2
100,74,2
100,76,1
100,78,1
100,80,2
100,81,5
100,82,4
100,83,4
100,85,2
100,86,2
100,87,2
100,89,4
100,90,2
100,91,3
100,92,1
100,93,18
100,94,9
100,95,1
100,96,2
100,98,13
100,99,1
100,102,1
100,103,12
100,105,1
100,106,2
100,108,4
100,109,2
100,110,1
100,111,3
100,113,1
100,114,2
100,115,2
100,118,12
100,127,3
100,130,1
100,131,2
100,133,9
100,134,5
100,135,4
100,136,1
100,137,3
100,140,16
100,141,4
100,142,1
100,143,3
100,146,2
100,147,2
100,149,3
100,154,2
100,157,1
100,158,15
100,159,1
100,160,9
100,161,5
100,166,1
100,167,1
100,168,3
100,169,1
100,171,4
100,172,6
100,179,1
100,182,5
100,183,18
100,185,1
101,2,1
101,5,1
101,6,1
101,8,1
101,10,1
101,11,2
101,13,5
101,20,2
101,22,3
101,23,4
101,26,16
101,28,2
101,30,1
101,35,1
101,39,15
101,40,33
101,41,115
101,42,3
101,45,8
101,47,2
101,49,6
101,50,9
101,51,2
101,57,9
101,58,1
101,59,39
101,60,9
101,63,2
101,66,8
101,67,2
101,69,2
101,81,3
101,82,1
101,87,1
101,88,8
101,89,4
101,92,4
101,93,18
101,98,1
101,99,1
101,103,9
101,105,5
101,106,1
101,107,2
101,108,4
101,109,4
101,111,4
101,112,2
101,113,2
101,115,1
101,118,9
101,119,3
101,123,3
101,133,3
101,134,6
101,135,4
101,137,1
101,140,25
101,142,1
101,143,1
101,144,2
101,146,3
101,147,1
101,149,3
101,154,4
101,156,3
101,158,12
101,159,7
101,160,3
101,161,5
101,171,3
101,174,1
101,177,5
101,181,1
101,182,4
101,183,13
101,185,2
102,2,2
102,3,1
102,5,1
102,7,1
102,9,1
102,10,1
102,13,14
102,16,1
102,20,5
102,21,1
102,23,7
102,26,16
102,32,2
102,39,16
102,40,27
102,41,195
102,43,2
102,45,9
102,47,3
102,48,1
102,49,5
102,50,5
102,57,21
102,58,3
102,59,66
102,60,6
102,63,2
102,65,1
102,66,8
102,67,2
102,68,1
102,69,5
102,71,3
102,76,2
102,80,3
102,81,5
102,82,1
102,83,4
102,84,2
102,85,5
102,86,14
102,88,5
102,89,3
102,90,1
102,92,3
102,93,32
102,94,5
102,98,3
102,99,1
102,101,5
102,103,38
102,105,5
102,107,3
102,108,3
102,109,15
102,111,6
102,113,5
102,114,3
102,117,1
102,118,26
102,121,1
102,127,1
102,132,1
102,133,6
102,134,9
102,135,1
102,137,2
102,139,1
102,140,38
102,141,6
102,142,10
102,143,5
102,144,3
102,146,2
102,147,7
102,148,1
102,149,14
102,152,2
102,153,1
102,154,4
102,155,2
102,157,9
102,158,24
102,159,3
102,160,14
102,162,1
102,170,2
102,172,1
102,175,2
102,177,1
102,179,3
102,181,1
102,182,10
102,183,37
102,184,2
102,185,2
103,2,3
103,5,3
103,8,1
103,12,1
103,13,7
103,19,1
103,22,3
103,23,6
103,26,15
103,28,1
103,30,3
103,39,8
103,40,21
103,41,179
103,43,3
103,45,1
103,46,6
103,49,3
103,50,6
103,55,2
103,57,14
103,58,3
103,59,67
103,60,8
103,63,3
103,66,1
103,67,4
103,68,1
103,69,9
103,72,1
103,76,4
103,81,1
103,82,1
103,84,5
103,85,9
103,86,10
103,87,6
103,88,3
103,89,2
103,90,1
103,93,9
103,94,2
103,98,2
103,99,4
103,101,1
103,102,8
103,105,8
103,106,2
103,107,3
103,108,4
103,109,8
103,110,1
103,111,1
103,112,5
103,113,3
103,114,2
103,118,6
103,119,2
103,133,4
103,134,7
103,135,1
103,137,7
103,140,31
103,142,3
103,144,6
103,145,3
103,146,2
103,147,1
103,148,1
103,149,10
103,151,1
103,153,1
103,154,2
103,155,2
103,156,2
103,157,6
103,158,11
103,159,6
103,160,6
103,166,3
103,171,6
103,172,2
103,177,4
103,181,2
103,182,7
103,183,17
103,185,3
104,2,1
104,5,1
104,10,2
104,12,1
104,13,6
104,17,4
104,20,4
104,21,1
104,23,4
104,26,4
104,28,5
104,30,4
104,34,2
104,39,14
104,40,2
104,41,74
104,42,3
104,44,1
104,45,1
104,46,3
104,47,2
104,48,2
104,49,7
104,50,12
104,55,1
104,56,1
104,57,2
104,59,34
104,60,2
104,66,5
104,69,13
104,71,3
104,80,1
104,81,2
104,82,3
104,83,7
104,88,2
104,90,4
104,93,2
104,94,3
104,98,6
104,99,3
104,101,2
104,103,1
104,110,1
104,114,3
104,117,1
104,118,15
104,119,3
104,127,1
104,128,2
104,133,2
104,134,6
104,135,4
104,137,1
104,140,7
104,141,1
104,146,1
104,147,1
104,149,1
104,151,1
104,154,1
104,157,1
104,158,7
104,159,9
104,160,7
104,162,2
104,171,1
104,172,4
104,175,2
104,179,1
104,182,4
104,183,9
104,184,1
105,2,1
105,5,11
105,10,1
105,12,2
105,13,5
105,14,2
105,17,2
105,19,3
105,20,5
105,21,1
105,22,2
105,23,2
105,26,6
105,30,1
105,36,6
105,37,1
105,39,12
105,40,15
105,41,246
105,45,7
105,47,1
105,48,3
105,49,3
105,50,10
105,57,14
105,58,4
105,59,94
105,60,25
105,63,3
105,66,11
105,69,16
105,71,1
105,73,1
105,76,1
105,79,1
105,82,4
105,83,2
105,84,1
105,85,1
105,86,11
105,87,4
105,88,7
105,89,6
105,90,1
105,92,3
105,93,4
105,98,4
105,100,1
105,102,8
105,103,17
105,106,8
105,107,2
105,108,5
105,109,15
105,110,3
105,111,6
105,112,1
105,113,6
105,114,2
105,117,4
105,118,18
105,123,1
105,127,1
105,131,1
105,133,13
105,134,8
105,135,1
105,137,12
105,139,1
105,140,37
105,141,2
105,144,7
105,145,1
105,146,4
105,147,7
105,148,1
105,149,8
105,152,2
105,153,2
105,154,4
105,156,1
105,157,8
105,158,19
105,159,7
105,160,8
105,161,2
105,162,2
105,171,4
105,172,1
105,174,1
105,177,1
105,179,1
105,181,3
105,182,5
105,183,24
105,185,4
106,13,2
106,17,1
106,20,5
106,21,3
106,23,5
106,26,3
106,28,1
106,29,1
106,39,7
106,40,20
106,41,59
106,46,1
106,48,2
106,49,1
106,50,1
106,56,1
106,57,4
106,59,25
106,60,3
106,66,4
106,67,2
106,69,6
106,70,2
106,76,1
106,81,5
106,82,2
106,83,3
106,84,2
106,85,1
106,86,2
106,87,4
106,88,1
106,90,2
106,93,4
106,98,2
106,99,2
106,103,5
106,108,6
106,111,1
106,113,3
106,117,1
106,118,6
106,127,1
106,131,1
106,133,5
106,134,4
106,135,3
106,140,6
106,148,3
106,158,11
106,159,1
106,160,4
106,167,1
106,171,1
106,172,1
106,175,1
106,182,6
106,183,14
106,184,2
106,185,1
107,1,2
107,13,4
107,20,4
107,23,5
107,26,26
107,28,2
107,36,2
107,39,11
107,40,14
107,41,125
107,44,1
107,47,1
107,48,1
107,55,2
107,57,11
107,58,2
107,59,20
107,60,4
107,66,8
107,69,1
107,71,1
107,76,1
107,79,1
107,82,1
107,83,2
107,84,1
107,85,1
107,86,1
107,87,3
107,89,1
107,90,5
107,93,8
107,98,5
107,101,2
107,103,6
107,106,1
107,108,9
107,109,9
107,110,4
107,111,2
107,113,1
107,117,12
107,118,20
107,126,1
107,133,7
107,134,5
107,135,3
107,137,5
107,138,1
107,139,1
107,140,48
107,141,2
107,142,9
107,144,4
107,146,3
107,148,1
107,149,12
107,153,3
107,154,3
107,155,1
107,157,4
107,158,3
107,160,4
107,171,2
107,172,4
107,175,1
107,177,3
107,181,3
107,182,1
107,183,24
107,185,1
108,2,2
108,5,1
108,8,2
108,12,1
108,13,2
108,14,1
108,20,5
108,21,1
108,22,3
108,23,8
108,26,15
108,28,1
108,30,2
108,39,8
108,40,26
108,41,182
108,42,2
108,45,4
108,46,3
108,47,1
108,48,2
108,49,3
108,50,5
108,57,24
108,59,44
108,60,11
108,66,3
108,69,5
108,73,1
108,76,1
108,81,2
108,82,1
108,86,3
108,87,1
108,88,3
108,89,1
108,93,5
108,98,4
108,101,1
108,103,2
108,107,9
108,109,6
108,110,2
108,111,5
108,112,3
108,113,6
108,114,9
108,115,1
108,116,2
108,117,20
108,118,24
108,119,2
108,126,1
108,127,2
108,133,4
108,134,2
108,135,4
108,140,58
108,141,8
108,142,4
108,143,2
108,144,3
108,146,1
108,148,2
108,149,12
108,150,2
108,152,1
108,153,4
108,154,7
108,158,10
108,159,6
108,160,11
108,162,1
108,171,5
108,175,2
108,177,1
108,181,5
108,182,8
108,183,15
109,2,3
109,5,1
109,8,2
109,12,1
109,13,3
109,20,5
109,23,3
109,26,7
109,29,1
109,34,1
109,36,1
109,37,4
109,39,3
109,40,9
109,41,176
109,42,2
109,45,4
109,47,4
109,50,8
109,57,27
109,58,4
109,59,50
109,60,12
109,63,1
109,66,18
109,69,8
109,71,5
109,73,1
109,76,1
109,80,1
109,82,1
109,83,1
109,84,1
109,89,1
109,92,1
109,93,4
109,94,1
109,102,1
109,103,3
109,107,6
109,108,5
109,110,12
109,111,7
109,113,8
109,114,3
109,115,2
109,117,2
109,118,13
109,119,1
109,123,3
109,124,2
109,127,1
109,133,5
109,134,4
109,138,3
109,139,1
109,140,20
109,141,2
109,142,9
109,143,1
109,144,7
109,146,4
109,148,3
109,149,4
109,153,1
109,154,2
109,158,1
109,159,5
109,160,9
109,172,1
109,182,1
109,183,9
109,185,1
110,1,1
110,5,3
110,13,8
110,21,3
110,26,3
110,30,1
110,32,3
110,39,3
110,40,8
110,41,95
110,45,1
110,47,3
110,49,4
110,50,3
110,57,15
110,58,1
110,59,35
110,60,10
110,66,6
110,67,2
110,68,1
110,69,1
110,71,2
110,73,2
110,76,1
110,82,3
110,83,2
110,86,2
110,93,2
110,101,1
110,102,2
110,103,1
110,105,1
110,108,4
110,109,10
110,111,2
110,112,1
110,113,2
110,117,4
110,118,7
110,126,1
110,127,2
110,130,1
110,134,5
110,135,1
110,137,1
110,139,1
110,140,14
110,141,1
110,142,4
110,143,7
110,144,1
110,145,1
110,147,3
110,148,1
110,149,7
110,152,1
110,154,2
110,157,1
110,158,2
110,160,5
110,170,1
110,171,2
110,172,2
110,181,2
110,182,3
110,183,6
111,2,1
111,5,6
111,8,4
111,13,7
111,17,2
111,20,1
111,22,1
111,23,3
111,26,6
111,32,1
111,36,1
111,37,1
111,39,5
111,40,8
111,41,115
111,45,1
111,49,1
111,50,4
111,52,1
111,57,17
111,59,50
111,60,16
111,66,5
111,67,1
111,69,5
111,71,1
111,76,1
111,80,1
111,81,1
111,82,2
111,85,1
111,93,2
111,98,2
111,101,1
111,102,1
111,103,3
111,105,1
111,106,1
111,107,5
111,108,1
111,109,7
111,113,5
111,114,4
111,117,1
111,118,8
111,127,1
111,130,1
111,133,1
111,134,1
111,135,1
111,137,4
111,139,1
111,140,15
111,141,2
111,146,4
111,148,1
111,149,4
111,150,1
111,152,1
111,157,3
111,158,3
111,159,1
111,160,5
111,162,2
111,167,1
111,171,3
111,175,1
111,182,1
111,183,15
112,5,3
112,6,1
112,9,1
112,10,1
112,13,4
112,14,1
112,15,1
112,16,1
112,17,1
112,20,2
112,22,1
112,23,4
112,26,11
112,30,1
112,39,6
112,40,16
112,41,172
112,42,1
112,44,1
112,45,6
112,46,1
112,47,2
112,48,2
112,49,3
112,50,3
112,56,3
112,57,21
112,58,1
112,59,61
112,60,10
112,63,1
112,66,7
112,69,5
112,71,1
112,77,1
112,78,1
112,81,1
112,83,4
112,85,1
112,86,7
112,87,1
112,90,1
112,93,4
112,98,3
112,100,1
112,101,1
112,103,1
112,105,5
112,107,3
112,108,7
112,109,12
112,110,3
112,111,1
112,113,24
112,114,2
112,115,1
112,117,7
112,118,14
112,120,1
112,124,1
112,127,1
112,131,1
112,132,2
112,133,3
112,134,2
112,135,9
112,137,2
112,139,1
112,140,29
112,141,2
112,142,3
112,143,11
112,144,3
112,146,4
112,147,5
112,149,8
112,153,2
112,154,4
112,156,2
112,157,1
112,158,7
112,159,4
112,160,10
112,162,1
112,172,2
112,179,1
112,182,5
112,183,18
113,1,1
113,13,6
113,18,1
113,20,11
113,21,1
113,22,3
113,23,6
113,25,1
113,26,17
113,28,3
113,36,1
113,39,4
113,40,20
113,41,171
113,42,1
113,43,4
113,45,2
113,46,2
113,48,3
113,49,6
113,50,2
113,52,1
113,57,8
113,58,2
113,59,35
113,60,5
113,63,3
113,66,9
113,67,1
113,68,1
113,69,1
113,76,1
113,83,2
113,85,5
113,90,2
113,93,10
113,103,3
113,105,1
113,107,15
113,108,10
113,109,6
113,110,2
113,111,2
113,112,2
113,114,2
113,117,3
113,118,14
113,133,1
113,134,1
113,135,1
113,140,34
113,141,6
113,143,6
113,144,1
113,145,2
113,146,7
113,147,10
113,149,10
113,153,3
113,154,3
113,156,1
113,158,2
113,160,1
113,161,1
113,171,3
113,172,1
113,175,1
113,182,7
113,183,18
113,184,1
114,1,3
114,2,2
114,8,2
114,10,1
114,11,2
114,12,5
114,13,14
114,14,1
114,16,1
114,17,3
114,20,1
114,21,2
114,22,3
114,23,3
114,24,3
114,26,14
114,28,2
114,30,5
114,39,15
114,40,7
114,41,182
114,42,2
114,45,5
114,47,1
114,49,3
114,50,4
114,56,2
114,57,25
114,58,2
114,59,61
114,60,15
114,63,1
114,65,1
114,66,3
114,67,3
114,69,11
114,71,3
114,76,6
114,81,7
114,82,1
114,84,1
114,87,1
114,89,2
114,93,4
114,94,2
114,98,7
114,100,1
114,102,4
114,103,7
114,105,5
114,106,2
114,107,5
114,108,11
114,109,17
114,111,2
114,112,5
114,113,6
114,115,1
114,117,2
114,118,16
114,119,1
114,124,1
114,126,1
114,127,1
114,130,1
114,131,1
114,133,6
114,134,3
114,135,4
114,137,1
114,138,1
114,139,1
114,140,27
114,141,2
114,142,3
114,144,2
114,146,3
114,147,3
114,148,3
114,149,4
114,152,3
114,153,4
114,154,5
114,157,3
114,158,22
114,159,15
114,160,17
114,161,1
114,162,2
114,163,1
114,171,3
114,172,1
114,175,1
114,177,2
114,182,9
114,183,8
114,184,1
114,185,1
115,1,1
115,2,5
115,4,2
115,11,1
115,13,7
115,17,1
115,20,16
115,21,2
115,22,2
115,23,6
115,26,11
115,28,2
115,35,2
115,36,2
115,37,1
115,39,5
115,40,9
115,41,199
115,46,1
115,48,1
115,49,3
115,50,6
115,55,1
115,57,16
115,58,5
115,59,52
115,60,10
115,66,7
115,68,2
115,69,4
115,70,4
115,71,2
115,76,1
115,79,1
115,80,2
115,82,1
115,83,2
115,86,8
115,87,2
115,88,1
115,89,1
115,90,1
115,93,4
115,94,1
115,98,4
115,101,1
115,102,1
115,103,4
115,107,3
115,108,7
115,109,4
115,110,4
115,111,11
115,113,11
115,114,2
115,117,11
115,118,14
115,119,1
115,133,14
115,134,1
115,135,2
115,136,2
115,137,2
115,139,1
115,140,29
115,141,6
115,142,5
115,143,5
115,144,8
115,145,5
115,146,4
115,147,6
115,148,1
115,149,11
115,151,1
115,152,1
115,154,5
115,158,11
115,159,3
115,160,4
115,161,8
115,162,1
115,170,1
115,171,4
115,172,1
115,173,2
115,174,1
115,177,1
115,182,11
115,183,18
116,10,2
116,13,7
116,20,5
116,21,2
116,23,1
116,26,6
116,28,4
116,30,2
116,39,2
116,40,3
116,41,90
116,42,3
116,44,1
116,45,3
116,46,3
116,47,1
116,48,1
116,49,2
116,50,1
116,57,7
116,58,1
116,59,34
116,60,6
116,66,2
116,69,5
116,70,1
116,71,2
116,76,2
116,78,1
116,80,3
116,81,1
116,87,1
116,91,1
116,98,3
116,99,1
116,103,5
116,109,2
116,111,9
116,113,2
116,117,2
116,118,11
116,119,1
116,123,1
116,124,2
116,127,3
116,129,2
116,133,3
116,134,3
116,137,2
116,138,3
116,140,11
116,144,4
116,145,2
116,146,1
116,149,7
116,154,2
116,158,6
116,159,1
116,160,4
116,161,1
116,175,2
116,179,1
116,181,1
116,182,4
116,183,8
116,185,2
117,13,1
117,17,2
117,20,9
117,22,3
117,23,7
117,26,15
117,39,3
117,40,9
117,41,132
117,47,2
117,50,3
117,56,1
117,57,9
117,58,4
117,59,44
117,60,7
117,61,1
117,66,7
117,69,7
117,73,1
117,76,1
117,78,4
117,81,2
117,86,4
117,87,3
117,90,1
117,91,3
117,92,1
117,93,9
117,96,2
117,99,1
117,101,3
117,103,8
117,105,1
117,106,1
117,107,6
117,108,8
117,109,3
117,110,4
117,113,3
117,114,1
117,118,9
117,131,1
117,133,5
117,135,5
117,138,1
117,140,28
117,141,1
117,142,4
117,143,8
117,144,6
117,145,1
117,146,2
117,147,2
117,149,4
117,154,1
117,158,4
117,159,6
117,160,8
117,174,2
117,175,1
117,177,2
117,181,4
117,182,6
117,183,11
117,185,1
118,2,1
118,3,1
118,8,1
118,13,13
118,20,7
118,21,2
118,22,5
118,23,6
118,26,20
118,28,3
118,29,1
118,36,1
118,38,1
118,39,11
118,40,26
118,41,279
118,45,3
118,46,2
118,47,3
118,49,2
118,50,5
118,57,17
118,58,2
118,59,63
118,60,7
118,62,1
118,63,2
118,66,5
118,67,1
118,71,2
118,73,3
118,76,1
118,80,2
118,81,4
118,83,1
118,85,2
118,86,4
118,88,2
118,89,1
118,90,2
118,93,9
118,94,1
118,98,1
118,101,2
118,103,6
118,106,1
118,107,10
118,108,10
118,109,8
118,110,8
118,111,1
118,112,4
118,113,12
118,114,1
118,115,1
118,117,14
118,119,1
118,127,1
118,132,1
118,133,10
118,134,4
118,135,5
118,137,1
118,140,52
118,141,8
118,142,7
118,143,9
118,144,4
118,146,8
118,147,8
118,148,1
118,149,15
118,151,1
118,153,4
118,154,6
118,157,4
118,158,2
118,160,7
118,162,4
118,172,1
118,177,1
118,180,1
118,182,5
118,183,34
118,185,2
119,5,5
119,10,2
119,11,2
119,13,6
119,16,1
119,20,2
119,21,2
119,23,7
119,26,11
119,28,3
119,30,1
119,32,1
119,33,1
119,36,1
119,37,2
119,39,15
119,40,4
119,41,104
119,42,1
119,43,4
119,44,1
119,45,3
119,47,2
119,49,1
119,50,1
119,57,10
119,59,51
119,60,9
119,66,3
119,69,8
119,71,2
119,72,1
119,81,3
119,82,3
119,89,2
119,90,2
119,92,1
119,93,5
119,98,3
119,102,2
119,103,4
119,104,1
119,107,8
119,108,6
119,109,8
119,110,2
119,112,3
119,113,7
119,114,7
119,115,1
119,117,8
119,118,18
119,123,1
119,125,1
119,127,1
119,133,3
119,134,5
119,135,4
119,140,15
119,141,2
119,142,15
119,144,4
119,145,3
119,147,2
119,148,1
119,149,3
119,150,3
119,154,4
119,157,1
119,158,13
119,159,2
119,160,8
119,171,2
119,172,2
119,175,2
119,177,1
119,181,1
119,182,1
119,183,9
120,2,2
120,3,2
120,8,2
120,10,5
120,12,2
120,13,9
120,16,3
120,17,3
120,20,1
120,21,4
120,22,4
120,26,7
120,28,17
120,30,13
120,34,2
120,35,1
120,36,8
120,37,1
120,39,12
120,40,8
120,41,233
120,42,3
120,44,1
120,45,6
120,46,7
120,47,2
120,48,1
120,49,7
120,50,5
120,52,1
120,55,2
120,56,1
120,57,10
120,59,63
120,60,10
120,62,1
120,66,11
120,67,4
120,68,1
120,69,10
120,71,2
120,76,5
120,81,4
120,82,7
120,83,5
120,84,2
120,85,6
120,87,4
120,88,6
120,89,1
120,90,5
120,92,1
120,93,11
120,94,1
120,95,2
120,96,1
120,98,22
120,99,5
120,101,2
120,102,1
120,103,5
120,104,1
120,105,3
120,106,2
120,107,1
120,108,1
120,109,5
120,110,1
120,111,3
120,113,4
120,114,5
120,115,1
120,117,6
120,118,25
120,119,2
120,121,2
120,125,2
120,127,2
120,129,1
120,131,1
120,133,4
120,134,5
120,135,11
120,136,4
120,137,6
120,140,21
120,145,4
120,146,2
120,148,1
120,149,11
120,150,1
120,152,1
120,154,1
120,156,1
120,157,2
120,158,29
120,159,5
120,160,22
120,161,1
120,162,1
120,166,2
120,167,2
120,170,2
120,171,15
120,175,1
120,179,1
120,182,17
120,183,19
120,184,3
120,185,4
121,2,1
121,5,3
121,12,2
121,13,22
121,15,1
121,17,5
121,19,1
121,20,7
121,23,1
121,26,12
121,28,1
121,29,1
121,30,2
121,32,2
121,35,1
121,36,1
121,38,3
121,39,14
121,40,12
121,41,182
121,42,2
121,45,8
121,47,6
121,49,9
121,50,4
121,55,1
121,57,10
121,58,3
121,59,46
121,60,14
121,63,1
121,66,16
121,69,14
121,71,2
121,73,3
121,76,3
121,78,1
121,81,8
121,82,3
121,83,6
121,85,6
121,86,5
121,87,1
121,88,4
121,89,2
121,90,5
121,91,1
121,92,2
121,93,15
121,96,9
121,98,7
121,99,3
121,101,3
121,102,1
121,103,5
121,105,2
121,106,1
121,107,2
121,108,2
121,109,4
121,111,1
121,112,2
121,113,4
121,114,1
121,117,3
121,118,22
121,124,1
121,127,4
121,130,1
121,132,3
121,133,13
121,134,3
121,137,1
121,140,25
121,143,1
121,144,1
121,145,3
121,146,1
121,147,1
121,148,1
121,149,7
121,151,1
121,152,2
121,153,2
121,157,2
121,158,17
121,159,11
121,160,19
121,161,1
121,162,2
121,171,1
121,172,2
121,181,4
121,182,8
121,183,10
121,184,2
122,5,6
122,7,2
122,13,4
122,17,2
122,19,1
122,20,1
122,21,1
122,22,1
122,23,2
122,26,3
122,28,1
122,39,10
122,40,10
122,41,95
122,43,2
122,45,13
122,46,3
122,47,4
122,48,1
122,49,9
122,50,10
122,56,1
122,57,5
122,59,47
122,60,4
122,66,3
122,67,2
122,69,4
122,71,3
122,73,1
122,76,1
122,80,1
122,81,2
122,82,1
122,83,2
122,84,2
122,86,1
122,87,1
122,88,1
122,93,1
122,94,2
122,98,4
122,99,1
122,102,2
122,103,1
122,105,2
122,106,2
122,108,1
122,109,3
122,111,1
122,113,1
122,114,2
122,115,1
122,118,9
122,123,2
122,127,2
122,133,3
122,134,1
122,135,3
122,137,2
122,139,1
122,140,4
122,141,1
122,142,2
122,144,3
122,146,3
122,147,1
122,149,5
122,152,1
122,154,1
122,156,1
122,157,4
122,158,11
122,159,13
122,160,3
122,161,5
122,162,3
122,166,1
122,170,1
122,171,2
122,172,3
122,175,3
122,177,1
122,180,2
122,182,6
122,183,8
122,185,6
123,3,2
123,5,6
123,10,2
123,13,2
123,17,2
123,20,9
123,22,3
123,26,3
123,28,2
123,30,10
123,32,3
123,35,1
123,37,1
123,39,12
123,40,3
123,41,78
123,42,3
123,46,2
123,47,3
123,48,4
123,49,9
123,50,1
123,55,3
123,57,6
123,58,1
123,59,27
123,60,2
123,66,9
123,67,1
123,69,2
123,71,2
123,73,1
123,81,1
123,82,2
123,83,3
123,84,1
123,86,5
123,88,1
123,92,1
123,93,5
123,98,1
123,99,3
123,102,3
123,103,6
123,105,3
123,106,1
123,109,1
123,110,2
123,114,1
123,117,6
123,118,4
123,124,1
123,127,3
123,129,2
123,133,2
123,134,3
123,137,1
123,140,6
123,142,2
123,146,1
123,149,5
123,153,1
123,154,1
123,157,2
123,158,2
123,159,4
123,160,6
123,161,1
123,166,2
123,171,6
123,175,1
123,177,2
123,182,9
123,183,6
123,184,1
124,2,1
124,10,7
124,12,3
124,13,4
124,17,6
124,20,1
124,21,1
124,26,7
124,28,2
124,30,4
124,39,11
124,40,20
124,41,120
124,45,4
124,47,5
124,48,2
124,49,16
124,50,8
124,56,1
124,57,10
124,59,71
124,60,4
124,61,2
124,63,1
124,66,9
124,69,5
124,79,1
124,81,3
124,82,4
124,83,4
124,85,3
124,86,2
124,87,2
124,90,2
124,92,1
124,93,6
124,94,1
124,98,5
124,102,2
124,103,6
124,106,1
124,107,2
124,108,5
124,109,2
124,110,1
124,111,1
124,112,1
124,114,1
124,117,2
124,118,11
124,119,3
124,126,1
124,127,2
124,133,4
124,134,5
124,137,3
124,140,6
124,141,3
124,142,4
124,145,1
124,148,1
124,149,3
124,152,1
124,157,1
124,158,6
124,160,2
124,162,3
124,172,1
124,174,1
124,180,1
124,181,1
124,182,2
124,183,8
124,185,2
125,5,5
125,10,1
125,11,1
125,12,2
125,13,7
125,16,1
125,17,2
125,20,9
125,22,1
125,26,7
125,30,2
125,32,2
125,34,1
125,37,3
125,39,9
125,40,5
125,41,117
125,43,3
125,45,7
125,46,1
125,47,4
125,48,2
125,49,3
125,50,6
125,52,1
125,56,3
125,57,11
125,59,63
125,60,1
125,63,1
125,66,5
125,67,3
125,69,5
125,71,5
125,76,5
125,83,4
125,85,1
125,86,3
125,87,2
125,90,4
125,92,1
125,93,1
125,94,1
125,101,1
125,103,6
125,113,1
125,114,2
125,115,3
125,117,1
125,118,7
125,119,1
125,130,4
125,131,5
125,132,1
125,133,1
125,134,5
125,136,1
125,137,3
125,140,3
125,141,1
125,145,3
125,146,2
125,149,5
125,153,1
125,154,1
125,156,1
125,158,9
125,159,4
125,160,1
125,162,1
125,169,1
125,172,1
125,175,1
125,182,7
125,183,7
125,185,6
126,2,5
126,5,5
126,13,9
126,20,6
126,23,2
126,26,1
126,28,2
126,29,1
126,30,1
126,37,3
126,39,5
126,40,1
126,41,94
126,42,3
126,45,6
126,47,3
126,49,5
126,50,10
126,55,2
126,57,18
126,59,66
126,60,10
126,63,1
126,66,1
126,69,7
126,71,4
126,76,7
126,81,3
126,83,3
126,85,1
126,88,7
126,89,4
126,90,6
126,91,1
126,93,7
126,94,2
126,98,2
126,99,3
126,102,2
126,103,2
126,104,1
126,106,3
126,108,1
126,109,1
126,110,1
126,113,1
126,117,2
126,118,1
126,119,1
126,123,1
126,133,1
126,134,3
126,137,1
126,140,18
126,141,1
126,142,1
126,143,2
126,144,1
126,145,2
126,146,1
126,148,1
126,149,1
126,153,3
126,154,1
126,158,15
126,159,4
126,160,1
126,166,3
126,171,3
126,172,1
126,173,3
126,181,1
126,182,2
126,183,7
126,184,1
127,2,3
127,3,4
127,13,2
127,14,1
127,20,1
127,23,2
127,24,1
127,26,4
127,28,3
127,39,12
127,40,7
127,41,104
127,45,1
127,47,3
127,48,2
127,49,4
127,50,11
127,57,10
127,58,1
127,59,69
127,60,3
127,66,12
127,69,1
127,71,8
127,73,2
127,74,1
127,80,3
127,81,1
127,82,2
127,86,1
127,87,1
127,90,1
127,93,4
127,94,2
127,98,2
127,102,1
127,103,1
127,105,2
127,107,1
127,109,5
127,111,2
127,112,1
127,113,2
127,114,4
127,117,1
127,118,7
127,130,1
127,131,1
127,133,4
127,134,5
127,135,2
127,140,9
127,141,2
127,142,1
127,147,1
127,149,5
127,150,1
127,154,1
127,158,5
127,159,8
127,160,5
127,162,1
127,166,1
127,168,1
127,171,2
127,172,1
127,177,1
127,182,3
127,183,7
128,6,1
128,9,1
128,13,5
128,17,7
128,18,1
128,20,1
128,21,6
128,22,1
128,26,1
128,35,1
128,36,2
128,39,4
128,40,5
128,41,79
128,42,2
128,44,2
128,45,1
128,46,1
128,47,2
128,49,3
128,55,2
128,57,6
128,59,27
128,60,6
128,66,2
128,69,2
128,72,2
128,81,3
128,82,4
128,85,2
128,90,4
128,98,3
128,103,2
128,106,2
128,107,1
128,111,3
128,113,1
128,114,1
128,117,1
128,118,8
128,119,2
128,125,1
128,132,1
128,133,3
128,134,7
128,139,1
128,142,1
128,146,1
128,149,3
128,153,1
128,158,1
128,159,3
128,160,1
128,163,1
128,171,4
128,172,3
128,179,1
128,182,4
128,183,5
128,184,1
129,8,1
129,10,4
129,12,1
129,13,18
129,14,1
129,17,13
129,20,7
129,22,2
129,23,1
129,26,13
129,28,8
129,30,5
129,32,2
129,34,1
129,36,6
129,37,3
129,39,18
129,40,6
129,41,139
129,43,1
129,46,4
129,49,2
129,50,3
129,55,1
129,56,2
129,57,19
129,58,1
129,59,57
129,60,11
129,61,1
129,66,6
129,69,13
129,70,2
129,71,3
129,73,1
129,75,3
129,76,2
129,78,1
129,81,7
129,82,6
129,83,4
129,85,3
129,86,1
129,87,2
129,88,10
129,90,3
129,91,1
129,92,3
129,93,11
129,96,2
129,98,11
129,99,3
129,102,5
129,103,5
129,104,1
129,105,2
129,106,1
129,108,2
129,109,2
129,112,1
129,113,2
129,117,1
129,118,9
129,119,1
129,123,2
129,126,2
129,127,1
129,130,1
129,131,2
129,133,9
129,134,12
129,137,3
129,139,1
129,140,12
129,141,5
129,142,3
129,145,1
129,147,1
129,149,12
129,150,1
129,152,4
129,153,1
129,154,2
129,157,1
129,158,16
129,159,7
129,160,6
129,162,1
129,166,1
129,168,1
129,169,1
129,171,6
129,172,7
129,174,3
129,175,8
129,181,1
129,182,5
129,183,19
129,185,1
130,1,1
130,11,2
130,12,1
130,13,15
130,17,3
130,20,3
130,21,6
130,22,1
130,23,1
130,26,9
130,28,9
130,30,4
130,32,1
130,35,1
130,39,16
130,40,17
130,41,156
130,42,2
130,44,3
130,45,3
130,47,1
130,49,2
130,50,2
130,55,2
130,56,1
130,57,5
130,59,45
130,60,12
130,66,16
130,67,1
130,68,1
130,69,9
130,72,2
130,73,3
130,75,3
130,76,4
130,78,5
130,80,3
130,81,2
130,82,4
130,83,8
130,85,2
130,87,2
130,88,12
130,90,1
130,92,1
130,93,16
130,94,2
130,98,8
130,101,2
130,102,3
130,103,5
130,104,1
130,105,2
130,106,2
130,108,4
130,110,1
130,111,3
130,112,1
130,113,1
130,115,3
130,116,1
130,118,6
130,121,2
130,122,1
130,123,1
130,126,2
130,131,1
130,133,16
130,134,4
130,135,4
130,137,1
130,140,14
130,141,1
130,143,1
130,144,5
130,145,1
130,147,1
130,149,2
130,152,3
130,153,1
130,155,1
130,158,13
130,159,2
130,160,14
130,161,1
130,171,3
130,172,1
130,174,2
130,175,1
130,182,5
130,183,15
130,184,1
130,185,1
131,2,2
131,5,2
131,10,8
131,12,3
131,13,22
131,16,1
131,17,3
131,19,3
131,20,5
131,21,2
131,22,2
131,23,1
131,26,11
131,28,5
131,30,10
131,33,1
131,37,1
131,39,12
131,40,17
131,41,168
131,42,1
131,44,3
131,45,4
131,47,3
131,48,1
131,50,5
131,55,2
131,56,1
131,57,15
131,58,3
131,59,36
131,60,3
131,63,1
131,66,6
131,67,1
131,69,10
131,70,3
131,71,1
131,76,1
131,79,1
131,81,3
131,82,2
131,83,3
131,84,1
131,85,3
131,86,7
131,87,2
131,88,3
131,90,8
131,93,33
131,94,1
131,98,2
131,99,1
131,101,1
131,102,1
131,103,6
131,106,2
131,108,1
131,109,7
131,111,2
131,113,1
131,118,18
131,123,2
131,130,3
131,132,1
131,133,5
131,134,3
131,135,6
131,139,1
131,140,25
131,141,3
131,142,2
131,143,1
131,144,1
131,145,2
131,146,1
131,147,4
131,148,3
131,149,7
131,152,5
131,158,10
131,159,3
131,160,7
131,162,1
131,166,5
131,169,2
131,171,5
131,177,1
131,181,1
131,182,11
131,183,27
131,184,3
132,1,3
132,2,2
132,3,3
132,5,3
132,10,11
132,12,1
132,13,10
132,14,1
132,17,2
132,19,2
132,20,11
132,23,5
132,26,18
132,28,6
132,30,2
132,39,24
132,40,25
132,41,165
132,43,5
132,45,3
132,47,5
132,49,1
132,50,10
132,55,3
132,57,10
132,59,23
132,60,8
132,66,8
132,71,2
132,80,1
132,86,8
132,87,4
132,88,3
132,89,6
132,90,9
132,91,1
132,93,5
132,94,9
132,98,2
132,101,2
132,102,3
132,103,10
132,105,2
132,106,1
132,109,4
132,110,1
132,111,2
132,113,1
132,114,1
132,118,21
132,119,1
132,127,1
132,133,4
132,134,2
132,135,2
132,137,1
132,140,20
132,141,1
132,143,1
132,144,9
132,146,2
132,147,1
132,148,1
132,149,17
132,151,1
132,152,1
132,154,8
132,156,2
132,157,1
132,158,4
132,159,2
132,160,5
132,161,2
132,163,2
132,171,1
132,172,3
132,173,1
132,175,1
132,179,2
132,182,13
132,183,40
132,185,6
133,10,2
133,12,3
133,13,6
133,17,7
133,21,2
133,23,2
133,26,5
133,28,1
133,30,3
133,32,1
133,36,1
133,39,5
133,40,19
133,41,148
133,42,2
133,44,1
133,45,1
133,47,2
133,48,1
133,49,7
133,50,3
133,55,4
133,56,1
133,57,13
133,59,34
133,60,7
133,66,6
133,67,3
133,69,12
133,71,2
133,73,1
133,80,1
133,81,5
133,82,1
133,83,4
133,85,1
133,87,2
133,89,1
133,90,2
133,91,1
133,92,1
133,93,8
133,103,1
133,104,1
133,105,1
133,106,2
133,107,1
133,108,1
133,109,2
133,110,1
133,112,1
133,114,1
133,117,1
133,118,10
133,121,1
133,130,2
133,131,1
133,134,3
133,135,6
133,137,3
133,139,1
133,140,16
133,141,1
133,142,1
133,144,1
133,145,1
133,146,1
133,147,2
133,149,2
133,152,1
133,153,1
133,157,2
133,158,11
133,159,6
133,160,12
133,166,2
133,171,1
133,172,1
133,173,1
133,175,5
133,180,1
133,181,1
133,182,16
133,183,13
134,1,1
134,2,1
134,12,1
134,13,14
134,17,5
134,19,1
134,20,5
134,21,3
134,22,2
134,23,7
134,26,2
134,30,8
134,32,3
134,34,2
134,39,12
134,40,13
134,41,143
134,42,2
134,45,5
134,46,2
134,47,1
134,49,7
134,50,9
134,55,3
134,56,1
134,57,12
134,58,1
134,59,48
134,60,7
134,65,1
134,66,3
134,69,11
134,71,2
134,76,4
134,80,2
134,81,5
134,82,7
134,83,4
134,86,1
134,87,1
134,89,1
134,90,3
134,93,2
134,94,2
134,103,1
134,105,4
134,106,3
134,107,1
134,108,6
134,109,5
134,111,2
134,113,4
134,114,5
134,117,6
134,118,14
134,123,1
134,126,1
134,130,1
134,131,1
134,133,4
134,135,4
134,137,3
134,140,12
134,141,2
134,142,2
134,146,2
134,147,1
134,148,2
134,149,3
134,152,3
134,153,1
134,154,2
134,158,19
134,159,15
134,160,15
134,161,1
134,163,3
134,166,4
134,171,5
134,173,2
134,175,2
134,181,1
134,182,13
134,183,23
134,185,1
135,1,1
135,13,2
135,20,5
135,21,2
135,22,1
135,23,10
135,24,2
135,26,9
135,28,2
135,30,1
135,39,6
135,40,27
135,41,167
135,45,1
135,49,3
135,50,2
135,54,1
135,57,4
135,59,46
135,60,16
135,62,1
135,66,2
135,67,2
135,69,6
135,82,3
135,83,1
135,84,2
135,86,5
135,87,3
135,89,2
135,93,9
135,94,1
135,98,5
135,101,1
135,103,4
135,105,1
135,108,3
135,109,1
135,110,3
135,113,2
135,117,2
135,118,32
135,123,2
135,127,2
135,128,1
135,133,4
135,134,2
135,139,3
135,140,71
135,141,1
135,142,9
135,143,8
135,144,9
135,145,5
135,146,9
135,147,3
135,149,9
135,150,2
135,153,1
135,154,1
135,157,2
135,158,7
135,160,11
135,162,1
135,171,2
135,172,2
135,175,1
135,182,15
135,183,42
135,184,2
135,185,4
136,5,1
136,9,1
136,10,2
136,17,1
136,20,9
136,21,2
136,22,5
136,23,3
136,26,11
136,28,1
136,30,1
136,32,1
136,33,2
136,35,1
136,37,1
136,39,6
136,40,40
136,41,163
136,42,1
136,43,3
136,45,3
136,46,3
136,47,2
136,48,2
136,50,1
136,57,7
136,59,40
136,60,5
136,66,6
136,69,15
136,71,1
136,73,1
136,76,2
136,78,1
136,80,1
136,81,2
136,82,1
136,83,2
136,86,1
136,87,2
136,90,1
136,93,12
136,94,1
136,98,3
136,99,2
136,103,3
136,105,2
136,106,1
136,107,3
136,108,2
136,112,1
136,113,3
136,114,2
136,115,1
136,117,3
136,118,11
136,127,3
136,128,1
136,131,1
136,132,1
136,133,4
136,134,11
136,135,1
136,137,2
136,140,28
136,142,4
136,143,5
136,144,1
136,145,2
136,146,3
136,147,3
136,149,4
136,152,3
136,153,3
136,154,1
136,157,2
136,158,10
136,159,2
136,160,9
136,166,1
136,172,1
136,177,1
136,181,2
136,182,13
136,183,28
136,185,3
137,3,3
137,5,4
137,8,1
137,13,3
137,20,8
137,21,1
137,22,4
137,23,11
137,24,1
137,26,10
137,28,1
137,30,1
137,35,1
137,38,1
137,39,6
137,40,15
137,41,154
137,42,3
137,43,2
137,46,3
137,47,2
137,49,6
137,50,1
137,52,2
137,55,3
137,57,7
137,58,3
137,59,30
137,60,11
137,66,1
137,69,3
137,80,2
137,82,3
137,83,1
137,84,1
137,87,3
137,88,1
137,89,1
137,93,5
137,98,4
137,101,2
137,102,1
137,103,5
137,106,3
137,107,3
137,108,7
137,109,9
137,110,4
137,111,2
137,113,4
137,114,1
137,115,1
137,117,3
137,118,20
137,119,1
137,121,1
137,122,1
137,125,1
137,127,5
137,131,1
137,133,3
137,134,9
137,135,2
137,138,1
137,139,7
137,140,78
137,141,4
137,143,4
137,144,3
137,145,2
137,146,8
137,147,7
137,149,13
137,150,1
137,152,1
137,154,2
137,158,3
137,159,6
137,160,9
137,162,1
137,168,2
137,171,3
137,172,3
137,173,1
137,177,1
137,181,4
137,182,10
137,183,29
138,1,1
138,5,4
138,9,1
138,12,1
138,13,5
138,15,1
138,20,6
138,22,4
138,23,11
138,24,1
138,26,3
138,28,1
138,39,2
138,40,19
138,41,93
138,42,2
138,44,1
138,45,1
138,49,4
138,50,7
138,55,2
138,57,9
138,59,22
138,60,3
138,63,1
138,66,2
138,69,3
138,80,1
138,82,1
138,83,2
138,86,4
138,87,1
138,91,2
138,93,5
138,94,1
138,99,1
138,101,1
138,103,2
138,107,2
138,108,1
138,109,5
138,110,1
138,111,2
138,112,1
138,113,4
138,117,2
138,118,4
138,127,4
138,130,1
138,133,1
138,134,6
138,137,1
138,139,1
138,140,34
138,141,1
138,142,4
138,143,6
138,144,4
138,146,7
138,147,6
138,148,2
138,149,5
138,151,2
138,153,1
138,154,3
138,156,2
138,158,3
138,160,3
138,164,1
138,171,2
138,177,4
138,182,4
138,183,13
138,184,1
139,1,5
139,13,5
139,18,1
139,20,4
139,21,4
139,22,9
139,23,10
139,26,10
139,28,1
139,29,1
139,32,2
139,37,1
139,39,4
139,40,14
139,41,101
139,42,1
139,43,2
139,47,2
139,49,5
139,50,5
139,57,8
139,58,2
139,59,18
139,60,2
139,63,1
139,67,3
139,69,6
139,72,1
139,80,5
139,81,2
139,82,4
139,84,2
139,86,3
139,88,1
139,93,5
139,99,1
139,102,1
139,106,1
139,108,4
139,109,9
139,111,3
139,114,1
139,117,2
139,118,14
139,119,2
139,127,2
139,133,4
139,135,2
139,140,78
139,141,4
139,142,2
139,143,4
139,144,4
139,145,1
139,146,10
139,147,7
139,148,2
139,149,12
139,151,1
139,154,3
139,157,4
139,158,4
139,160,4
139,171,3
139,177,2
139,182,7
139,183,15
140,6,1
140,12,1
140,13,3
140,15,1
140,16,1
140,20,1
140,21,3
140,22,4
140,23,1
140,26,1
140,28,1
140,32,1
140,34,1
140,39,2
140,40,8
140,41,41
140,50,1
140,56,1
140,57,2
140,59,1
140,60,9
140,63,2
140,67,1
140,69,1
140,80,1
140,82,3
140,86,1
140,89,1
140,93,1
140,98,2
140,109,1
140,113,1
140,117,1
140,118,12
140,133,2
140,134,4
140,138,1
140,139,1
140,141,1
140,143,2
140,144,4
140,145,1
140,147,1
140,148,1
140,149,4
140,158,3
140,180,1
140,182,1
140,183,7
140,184,1
141,2,6
141,5,2
141,10,1
141,13,2
141,16,1
141,20,9
141,22,2
141,23,4
141,26,15
141,28,4
141,36,4
141,39,6
141,40,28
141,41,184
141,42,1
141,46,2
141,47,3
141,49,7
141,50,6
141,56,2
141,57,7
141,58,2
141,59,38
141,60,9
141,63,1
141,66,9
141,67,3
141,69,3
141,73,1
141,76,1
141,79,2
141,81,4
141,83,1
141,84,2
141,93,11
141,94,2
141,101,2
141,102,5
141,103,2
141,104,1
141,106,1
141,107,2
141,108,3
141,109,3
141,110,3
141,111,6
141,113,2
141,114,1
141,117,8
141,118,19
141,133,6
141,134,4
141,137,4
141,138,2
141,139,1
141,140,67
141,142,5
141,143,6
141,144,4
141,145,1
141,146,9
141,147,1
141,148,11
141,149,21
141,150,2
141,152,1
141,154,2
141,157,4
141,158,2
141,159,5
141,160,6
141,161,1
141,171,2
141,172,4
141,175,1
141,182,7
141,183,24
141,184,1
141,185,1
142,1,1
142,2,1
142,5,2
142,10,1
142,11,1
142,13,9
142,17,1
142,19,1
142,20,2
142,22,1
142,23,3
142,26,24
142,28,1
142,30,2
142,39,2
142,40,16
142,41,146
142,45,1
142,49,3
142,50,4
142,55,1
142,56,1
142,57,14
142,59,28
142,60,6
142,62,1
142,67,1
142,69,8
142,71,1
142,80,1
142,82,4
142,83,3
142,84,1
142,90,3
142,91,3
142,92,3
142,93,5
142,99,1
142,101,3
142,102,1
142,103,3
142,105,3
142,107,8
142,108,2
142,110,3
142,111,1
142,112,3
142,113,7
142,117,3
142,118,14
142,119,1
142,127,1
142,133,8
142,134,3
142,135,3
142,137,2
142,138,1
142,139,2
142,140,37
142,141,1
142,143,4
142,144,7
142,145,2
142,146,3
142,147,2
142,148,1
142,149,10
142,154,4
142,156,2
142,157,4
142,158,6
142,160,4
142,170,1
142,175,2
142,179,1
142,182,8
142,183,13
143,6,1
143,13,1
143,18,1
143,20,2
143,22,3
143,23,5
143,26,15
143,30,1
143,37,2
143,39,5
143,40,18
143,41,142
143,44,1
143,49,1
143,50,2
143,57,8
143,59,25
143,60,5
143,66,8
143,69,5
143,71,1
143,73,1
143,79,2
143,80,1
143,85,1
143,88,1
143,91,1
143,93,3
143,102,3
143,103,4
143,105,1
143,107,10
143,108,2
143,109,5
143,110,6
143,112,2
143,113,2
143,115,3
143,118,11
143,133,4
143,135,1
143,137,1
143,140,34
143,141,1
143,142,2
143,144,2
143,149,6
143,153,4
143,154,7
143,157,2
143,158,4
143,159,6
143,160,1
143,171,1
143,172,1
143,182,13
143,183,21
144,2,1
144,5,5
144,9,1
144,13,6
144,19,1
144,20,5
144,21,1
144,22,7
144,23,15
144,26,22
144,28,3
144,30,1
144,32,1
144,39,20
144,40,25
144,41,200
144,45,13
144,47,3
144,48,2
144,49,7
144,55,3
144,56,1
144,57,16
144,58,3
144,59,50
144,60,4
144,64,1
144,66,21
144,67,1
144,69,8
144,71,1
144,76,3
144,81,6
144,83,1
144,84,1
144,86,1
144,88,2
144,89,2
144,92,2
144,93,9
144,94,1
144,98,4
144,99,2
144,103,10
144,105,3
144,106,3
144,107,5
144,108,3
144,109,16
144,110,9
144,111,2
144,112,2
144,113,5
144,114,3
144,115,1
144,117,8
144,118,20
144,121,2
144,127,1
144,133,3
144,134,2
144,135,4
144,139,1
144,140,102
144,141,1
144,142,9
144,143,13
144,145,1
144,146,10
144,147,7
144,148,2
144,149,16
144,151,1
144,152,2
144,153,7
144,154,4
144,157,4
144,158,5
144,159,2
144,160,5
144,166,1
144,172,1
144,175,1
144,177,2
144,180,1
144,181,2
144,182,9
144,183,40
144,185,1
145,5,1
145,13,2
145,18,1
145,20,7
145,23,1
145,26,18
145,30,1
145,38,2
145,39,6
145,40,20
145,41,87
145,46,3
145,50,2
145,56,1
145,57,5
145,59,19
145,60,3
145,66,1
145,69,2
145,80,4
145,88,1
145,93,6
145,98,2
145,102,2
145,103,2
145,107,3
145,108,6
145,109,1
145,110,5
145,113,2
145,117,1
145,118,8
145,133,6
145,134,2
145,140,40
145,142,1
145,144,5
145,146,6
145,149,9
145,154,4
145,157,1
145,158,1
145,160,4
145,174,1
145,182,3
145,183,16
146,2,2
146,13,2
146,20,8
146,22,2
146,23,8
146,26,4
146,28,2
146,35,1
146,40,12
146,41,85
146,42,3
146,46,1
146,57,4
146,59,15
146,60,1
146,66,4
146,67,2
146,69,3
146,73,2
146,76,3
146,78,1
146,81,1
146,82,1
146,83,1
146,93,2
146,98,1
146,102,1
146,103,1
146,107,5
146,108,1
146,109,3
146,110,2
146,113,6
146,114,1
146,117,2
146,118,6
146,127,2
146,134,2
146,135,4
146,138,3
146,139,1
146,140,33
146,141,3
146,142,4
146,143,1
146,144,7
146,147,3
146,149,7
146,150,1
146,154,11
146,168,1
146,171,2
146,172,1
146,182,3
146,183,31
146,185,1
147,5,1
147,13,9
147,17,2
147,20,4
147,21,3
147,22,4
147,24,3
147,26,10
147,30,3
147,39,1
147,40,43
147,41,222
147,42,2
147,45,1
147,50,4
147,57,7
147,59,28
147,60,6
147,66,6
147,67,1
147,69,7
147,82,1
147,93,7
147,94,1
147,98,2
147,99,1
147,105,3
147,107,10
147,108,7
147,109,5
147,110,7
147,113,7
147,118,14
147,133,1
147,134,4
147,135,1
147,137,2
147,140,79
147,142,2
147,143,13
147,144,10
147,146,8
147,148,2
147,149,14
147,153,4
147,154,9
147,156,1
147,158,3
147,159,3
147,160,2
147,174,1
147,175,4
147,182,5
147,183,43
147,185,2
148,1,1
148,9,2
148,10,3
148,12,1
148,13,4
148,15,2
148,17,1
148,20,6
148,21,2
148,22,2
148,23,3
148,25,1
148,26,15
148,28,5
148,30,4
148,32,3
148,34,1
148,39,7
148,40,17
148,41,164
148,42,3
148,45,2
148,49,7
148,50,3
148,55,1
148,57,8
148,58,1
148,59,41
148,60,13
148,66,2
148,69,9
148,73,2
148,80,1
148,81,2
148,82,3
148,83,4
148,85,1
148,86,2
148,87,2
148,88,1
148,89,4
148,91,1
148,93,7
148,94,1
148,96,1
148,98,5
148,99,1
148,101,1
148,102,3
148,103,1
148,104,1
148,106,1
148,107,5
148,108,3
148,109,5
148,110,2
148,111,4
148,112,1
148,113,5
148,114,2
148,115,1
148,116,2
148,117,5
148,118,28
148,123,1
148,127,2
148,130,2
148,133,4
148,134,3
148,135,6
148,137,1
148,139,1
148,140,28
148,141,5
148,142,11
148,143,3
148,144,3
148,145,3
148,146,4
148,147,5
148,149,9
148,152,2
148,153,3
148,154,3
148,156,1
148,157,3
148,158,6
148,159,8
148,160,12
148,162,1
148,166,2
148,169,1
148,171,8
148,172,1
148,175,2
148,177,1
148,182,3
148,183,12
148,185,1
149,2,1
149,5,3
149,10,2
149,12,1
149,13,1
149,17,1
149,19,1
149,20,4
149,21,1
149,23,6
149,24,2
149,26,8
149,28,1
149,30,1
149,32,1
149,34,1
149,38,2
149,40,8
149,41,143
149,42,1
149,45,1
149,46,1
149,48,1
149,49,2
149,50,4
149,57,10
149,58,3
149,59,30
149,60,7
149,66,11
149,68,1
149,69,8
149,72,1
149,73,1
149,76,8
149,80,1
149,82,3
149,83,1
149,84,1
149,85,4
149,86,1
149,89,1
149,90,1
149,92,4
149,93,6
149,98,6
149,99,2
149,103,13
149,104,2
149,105,1
149,106,5
149,107,5
149,108,3
149,109,1
149,110,1
149,111,2
149,112,1
149,113,1
149,114,5
149,117,9
149,118,8
149,119,1
149,121,1
149,127,1
149,128,2
149,133,7
149,134,2
149,135,5
149,136,1
149,137,4
149,139,1
149,140,30
149,142,8
149,143,2
149,144,5
149,145,3
149,147,4
149,152,1
149,153,3
149,154,9
149,158,13
149,159,2
149,160,8
149,171,2
149,172,1
149,175,2
149,181,3
149,182,5
149,183,23
149,185,1
150,1,2
150,2,1
150,10,1
150,13,6
150,20,8
150,21,1
150,23,9
150,26,9
150,39,2
150,40,17
150,41,110
150,45,2
150,47,1
150,48,2
150,49,1
150,50,2
150,57,17
150,59,36
150,60,6
150,66,5
150,67,2
150,69,9
150,72,1
150,73,2
150,76,1
150,80,1
150,92,2
150,93,12
150,98,2
150,99,1
150,100,1
150,102,1
150,103,3
150,105,1
150,106,2
150,107,9
150,108,7
150,109,12
150,111,1
150,113,4
150,117,3
150,118,7
150,130,3
150,135,5
150,137,2
150,140,27
150,141,1
150,142,4
150,143,3
150,144,3
150,145,4
150,146,2
150,147,8
150,149,5
150,151,2
150,152,1
150,154,3
150,158,2
150,159,7
150,160,8
150,171,2
150,173,2
150,174,2
150,182,8
150,183,17
150,185,3
151,5,1
151,10,1
151,13,3
151,16,2
151,17,1
151,26,2
151,28,3
151,32,1
151,39,2
151,40,3
151,41,82
151,42,3
151,43,2
151,48,1
151,49,1
151,50,1
151,55,1
151,57,5
151,59,21
151,60,8
151,66,4
151,67,1
151,69,1
151,71,2
151,73,1
151,76,2
151,80,2
151,81,1
151,82,1
151,83,3
151,86,2
151,87,1
151,90,3
151,98,6
151,101,1
151,103,4
151,107,5
151,109,2
151,110,1
151,111,9
151,112,2
151,113,3
151,114,2
151,117,2
151,118,3
151,132,1
151,134,4
151,135,1
151,136,1
151,140,4
151,141,2
151,143,1
151,144,1
151,146,5
151,149,4
151,152,2
151,153,6
151,154,1
151,156,3
151,158,14
151,159,1
151,160,3
151,165,2
151,172,4
151,173,1
151,181,1
151,182,7
151,183,8
151,185,1
152,2,2
152,5,2
152,6,1
152,10,1
152,11,1
152,13,5
152,17,7
152,20,5
152,21,4
152,22,2
152,23,2
152,26,18
152,28,3
152,30,7
152,36,2
152,39,11
152,40,9
152,41,144
152,42,2
152,43,2
152,45,1
152,46,1
152,47,4
152,49,1
152,50,2
152,57,13
152,59,33
152,60,6
152,66,5
152,67,2
152,69,3
152,70,3
152,71,2
152,73,2
152,76,1
152,78,1
152,82,8
152,83,2
152,84,2
152,86,1
152,87,1
152,90,1
152,92,1
152,93,10
152,94,1
152,98,2
152,102,1
152,103,9
152,105,1
152,106,5
152,108,2
152,109,4
152,111,7
152,113,2
152,117,5
152,118,19
152,123,2
152,127,3
152,132,1
152,133,4
152,134,4
152,135,1
152,136,1
152,137,2
152,139,3
152,140,21
152,144,1
152,146,3
152,148,3
152,149,2
152,150,1
152,153,2
152,154,1
152,157,4
152,158,18
152,159,8
152,160,6
152,161,1
152,162,1
152,171,4
152,172,2
152,174,2
152,175,6
152,181,1
152,182,10
152,183,6
152,184,1
152,185,3
153,1,2
153,13,5
153,17,1
153,20,3
153,22,1
153,23,6
153,26,15
153,28,5
153,30,1
153,39,6
153,40,5
153,41,116
153,42,4
153,43,1
153,49,1
153,50,5
153,57,15
153,58,13
153,59,32
153,67,1
153,68,1
153,69,4
153,70,2
153,80,1
153,81,1
153,82,1
153,85,1
153,86,1
153,89,1
153,93,4
153,94,1
153,95,1
153,98,1
153,99,1
153,102,2
153,103,1
153,105,2
153,106,2
153,107,6
153,108,1
153,109,6
153,110,1
153,112,2
153,113,4
153,114,2
153,115,2
153,117,1
153,118,24
153,134,2
153,135,6
153,137,5
153,139,1
153,140,39
153,141,1
153,142,5
153,143,4
153,144,11
153,145,3
153,146,4
153,147,14
153,148,3
153,149,7
153,158,4
153,159,2
153,160,6
153,171,1
153,172,2
153,177,1
153,179,1
153,182,3
153,183,19
154,2,1
154,8,1
154,10,1
154,13,5
154,20,8
154,22,6
154,23,8
154,26,30
154,28,1
154,32,1
154,36,2
154,39,3
154,40,27
154,41,157
154,42,2
154,45,1
154,49,1
154,50,5
154,57,11
154,59,32
154,60,2
154,61,1
154,66,11
154,69,7
154,71,1
154,72,1
154,76,1
154,80,1
154,81,1
154,82,2
154,84,1
154,85,2
154,86,6
154,87,1
154,88,2
154,91,2
154,93,6
154,94,1
154,98,2
154,103,2
154,105,3
154,107,12
154,108,6
154,110,1
154,113,4
154,115,2
154,117,1
154,118,25
154,121,3
154,133,5
154,134,9
154,135,6
154,137,3
154,138,3
154,140,37
154,142,11
154,143,3
154,144,6
154,145,8
154,146,7
154,147,3
154,148,3
154,149,11
154,153,7
154,157,1
154,160,3
154,161,3
154,162,1
154,166,1
154,168,1
154,170,1
154,171,4
154,176,1
154,179,1
154,182,7
154,183,34
154,185,3
155,3,1
155,4,2
155,5,1
155,6,2
155,9,1
155,11,3
155,12,2
155,13,5
155,26,4
155,28,2
155,29,2
155,30,4
155,37,1
155,39,6
155,40,2
155,41,61
155,45,3
155,46,1
155,49,2
155,50,1
155,56,1
155,57,3
155,58,2
155,59,17
155,60,1
155,63,1
155,66,1
155,67,1
155,68,1
155,69,4
155,71,1
155,73,2
155,76,5
155,79,2
155,80,2
155,81,6
155,82,10
155,83,1
155,85,1
155,86,1
155,87,1
155,89,3
155,93,1
155,96,1
155,98,3
155,99,1
155,101,2
155,103,3
155,108,4
155,109,2
155,111,2
155,112,1
155,113,2
155,114,2
155,117,2
155,118,13
155,129,1
155,133,5
155,134,1
155,135,3
155,140,4
155,141,2
155,142,1
155,144,2
155,147,4
155,149,4
155,154,1
155,158,6
155,159,4
155,160,2
155,166,4
155,177,1
155,180,1
155,182,5
155,183,15
155,185,1
156,1,1
156,5,3
156,10,4
156,13,3
156,17,3
156,20,10
156,22,1
156,23,3
156,26,6
156,30,1
156,39,11
156,40,15
156,41,143
156,43,3
156,45,2
156,50,2
156,55,1
156,56,1
156,57,13
156,59,36
156,60,2
156,63,1
156,66,1
156,69,5
156,83,1
156,85,1
156,86,1
156,87,9
156,88,2
156,89,2
156,90,3
156,93,8
156,94,1
156,99,2
156,101,2
156,102,1
156,103,5
156,105,2
156,106,1
156,107,4
156,108,5
156,109,1
156,110,1
156,112,2
156,118,11
156,123,2
156,133,4
156,134,2
156,135,3
156,140,12
156,143,1
156,144,1
156,148,1
156,149,3
156,158,9
156,159,3
156,160,3
156,161,3
156,170,2
156,171,4
156,175,1
156,179,1
156,182,15
156,183,35
156,184,1
156,185,1
157,5,9
157,10,2
157,11,1
157,12,3
157,13,10
157,20,2
157,21,7
157,22,2
157,23,5
157,26,19
157,29,1
157,30,4
157,32,1
157,36,1
157,39,12
157,40,17
157,41,201
157,42,5
157,43,2
157,45,1
157,47,7
157,48,2
157,49,2
157,50,10
157,52,1
157,55,1
157,57,14
157,59,75
157,60,17
157,61,2
157,63,1
157,66,11
157,67,4
157,69,8
157,70,1
157,71,3
157,72,1
157,76,4
157,77,1
157,78,2
157,81,4
157,82,2
157,83,3
157,84,1
157,85,3
157,86,9
157,87,1
157,88,2
157,90,1
157,93,9
157,94,5
157,98,1
157,99,1
157,102,3
157,103,19
157,105,12
157,106,2
157,107,2
157,108,6
157,109,4
157,110,1
157,111,2
157,113,3
157,114,3
157,117,3
157,118,9
157,132,1
157,133,8
157,134,6
157,135,6
157,137,3
157,138,1
157,139,2
157,140,48
157,141,5
157,142,2
157,143,2
157,144,9
157,146,5
157,147,9
157,149,6
157,150,1
157,152,1
157,154,3
157,158,18
157,159,12
157,160,8
157,161,1
157,162,1
157,171,5
157,172,4
157,175,3
157,177,2
157,182,9
157,183,28
157,185,2
158,2,1
158,5,1
158,10,1
158,13,6
158,17,1
158,19,1
158,20,3
158,21,2
158,23,3
158,26,7
158,28,2
158,30,1
158,32,1
158,37,3
158,38,1
158,39,8
158,40,13
158,41,149
158,45,2
158,46,1
158,47,7
158,49,14
158,50,6
158,56,1
158,57,11
158,59,53
158,60,8
158,66,1
158,69,7
158,71,1
158,73,1
158,81,1
158,82,2
158,83,1
158,85,4
158,86,1
158,87,1
158,88,1
158,89,2
158,93,3
158,94,3
158,99,1
158,100,2
158,102,1
158,103,6
158,107,1
158,108,5
158,109,10
158,111,1
158,112,3
158,113,5
158,118,7
158,120,1
158,122,1
158,127,2
158,132,1
158,133,2
158,134,3
158,135,2
158,137,3
158,140,12
158,142,5
158,143,1
158,144,2
158,147,4
158,149,13
158,152,1
158,154,2
158,157,2
158,159,10
158,160,3
158,172,1
158,177,1
158,181,3
158,182,3
158,183,18
158,184,1
159,1,1
159,2,2
159,8,1
159,9,2
159,13,7
159,17,1
159,20,8
159,22,5
159,23,4
159,26,3
159,28,3
159,30,3
159,34,1
159,37,6
159,39,6
159,40,9
159,41,181
159,43,3
159,45,2
159,46,1
159,47,4
159,49,5
159,50,6
159,52,1
159,56,3
159,57,21
159,58,3
159,59,64
159,60,9
159,61,4
159,66,12
159,67,1
159,69,17
159,70,1
159,71,3
159,73,1
159,76,2
159,81,3
159,84,4
159,85,1
159,86,10
159,88,7
159,89,1
159,90,5
159,92,3
159,93,2
159,94,2
159,98,5
159,101,2
159,102,1
159,103,6
159,105,3
159,107,3
159,108,2
159,109,7
159,110,1
159,111,1
159,112,1
159,113,2
159,117,1
159,118,15
159,119,1
159,123,1
159,127,2
159,132,1
159,133,6
159,134,6
159,135,1
159,137,1
159,140,10
159,141,3
159,142,3
159,143,2
159,144,5
159,146,1
159,149,6
159,154,2
159,158,15
159,160,8
159,162,2
159,166,2
159,169,1
159,171,1
159,172,3
159,175,2
159,177,2
159,179,1
159,181,1
159,182,16
159,183,8
160,26,1
160,30,1
160,41,8
160,49,1
160,59,2
160,81,1
160,85,1
160,102,1
160,109,1
160,133,1
160,142,1
160,146,1
160,150,2
160,158,2
160,175,1
161,1,1
161,10,2
161,13,4
161,15,1
161,17,6
161,20,2
161,22,1
161,26,2
161,28,2
161,30,2
161,32,3
161,34,1
161,35,1
161,39,7
161,40,12
161,41,104
161,42,2
161,43,2
161,45,5
161,46,6
161,47,3
161,48,1
161,49,3
161,50,4
161,57,4
161,58,2
161,59,50
161,60,5
161,66,1
161,69,4
161,71,2
161,76,5
161,80,1
161,81,1
161,82,1
161,83,1
161,85,2
161,86,5
161,87,2
161,88,1
161,90,3
161,93,9
161,94,6
161,96,1
161,98,7
161,99,4
161,103,7
161,105,3
161,106,3
161,108,1
161,109,3
161,111,1
161,113,2
161,114,3
161,117,1
161,118,7
161,119,1
161,124,1
161,131,2
161,133,5
161,134,11
161,135,2
161,137,7
161,138,1
161,140,14
161,141,1
161,143,1
161,144,3
161,146,2
161,147,1
161,149,4
161,152,1
161,153,3
161,154,7
161,157,3
161,158,19
161,159,5
161,160,10
161,166,2
161,171,1
161,172,3
161,175,1
161,177,2
161,182,1
161,183,13
161,185,1
162,1,1
162,2,1
162,5,1
162,10,2
162,13,16
162,20,5
162,21,2
162,23,1
162,26,8
162,28,4
162,30,4
162,32,5
162,36,1
162,37,6
162,39,16
162,40,9
162,41,147
162,44,1
162,45,9
162,46,7
162,47,6
162,48,2
162,49,9
162,50,8
162,57,19
162,59,51
162,60,15
162,66,8
162,67,4
162,69,10
162,70,1
162,71,3
162,76,2
162,79,1
162,81,2
162,82,3
162,83,5
162,85,4
162,86,3
162,87,2
162,89,2
162,90,2
162,93,7
162,94,3
162,98,1
162,99,1
162,101,1
162,102,7
162,103,2
162,104,1
162,105,2
162,107,3
162,108,3
162,109,3
162,110,3
162,111,1
162,113,3
162,114,2
162,115,1
162,117,1
162,118,16
162,119,1
162,122,1
162,123,1
162,124,1
162,126,1
162,127,5
162,133,1
162,134,7
162,135,2
162,137,3
162,139,1
162,140,19
162,141,4
162,142,1
162,143,4
162,144,1
162,146,5
162,147,3
162,149,5
162,151,3
162,157,9
162,158,10
162,159,5
162,160,8
162,161,1
162,163,1
162,166,3
162,169,1
162,171,5
162,173,1
162,174,1
162,175,2
162,177,1
162,179,1
162,182,5
162,183,12
162,184,2
163,5,1
163,10,2
163,12,3
163,13,1
163,21,1
163,24,2
163,26,8
163,30,3
163,34,1
163,39,12
163,40,22
163,41,89
163,43,1
163,45,3
163,46,1
163,47,8
163,48,2
163,49,4
163,50,10
163,57,10
163,58,1
163,59,29
163,60,5
163,63,1
163,66,2
163,69,7
163,76,1
163,78,1
163,81,1
163,83,1
163,85,4
163,86,7
163,89,1
163,93,2
163,94,2
163,96,2
163,98,4
163,102,1
163,103,8
163,108,1
163,109,3
163,110,1
163,111,1
163,113,3
163,114,1
163,115,2
163,117,1
163,118,5
163,119,3
163,122,1
163,126,2
163,127,5
163,133,4
163,134,5
163,137,2
163,140,4
163,141,2
163,142,1
163,147,3
163,149,2
163,158,4
163,159,1
163,160,5
163,161,4
163,162,1
163,166,4
163,171,9
163,172,4
163,180,1
163,182,5
163,183,4
164,5,1
164,10,1
164,13,2
164,17,1
164,19,1
164,20,4
164,21,1
164,23,1
164,26,5
164,28,1
164,29,2
164,30,2
164,32,4
164,37,1
164,38,1
164,39,12
164,40,1
164,41,74
164,45,3
164,46,2
164,48,5
164,50,7
164,57,4
164,58,1
164,59,25
164,60,9
164,63,4
164,67,1
164,69,2
164,73,3
164,83,1
164,86,2
164,87,3
164,88,1
164,93,2
164,98,5
164,104,2
164,105,2
164,108,1
164,109,2
164,111,1
164,113,5
164,114,2
164,118,6
164,119,1
164,125,1
164,127,3
164,133,5
164,134,1
164,140,3
164,141,6
164,146,2
164,149,1
164,154,1
164,157,3
164,158,7
164,159,6
164,160,5
164,161,1
164,168,1
164,171,3
164,177,3
164,182,4
164,183,3
164,185,1
165,5,1
165,12,2
165,13,10
165,16,1
165,17,1
165,20,3
165,21,1
165,22,1
165,26,1
165,30,3
165,33,1
165,39,8
165,40,4
165,41,87
165,43,1
165,45,1
165,46,1
165,47,2
165,49,1
165,50,4
165,57,1
165,59,19
165,60,1
165,67,1
165,69,6
165,70,1
165,71,1
165,73,3
165,81,1
165,82,1
165,83,5
165,85,4
165,87,1
165,88,2
165,89,1
165,90,1
165,93,4
165,94,1
165,102,3
165,103,4
165,104,1
165,109,2
165,112,1
165,117,1
165,118,11
165,121,1
165,127,3
165,130,1
165,131,1
165,132,1
165,133,2
165,134,2
165,135,1
165,140,7
165,141,1
165,143,1
165,145,1
165,149,1
165,154,2
165,155,1
165,157,1
165,158,13
165,159,2
165,160,10
165,172,2
165,175,1
165,179,1
165,182,3
165,183,8
165,184,2
165,185,2
166,2,2
166,5,9
166,6,3
166,13,3
166,17,10
166,18,1
166,20,1
166,22,1
166,23,4
166,24,1
166,26,9
166,28,1
166,30,3
166,32,1
166,39,9
166,40,8
166,41,154
166,42,3
166,43,1
166,45,26
166,46,7
166,47,3
166,48,12
166,49,17
166,50,16
166,55,3
166,57,6
166,58,1
166,59,56
166,60,10
166,61,1
166,65,1
166,67,2
166,69,10
166,70,1
166,81,2
166,82,6
166,83,3
166,84,1
166,85,3
166,86,3
166,88,1
166,89,2
166,90,1
166,91,1
166,93,5
166,94,3
166,95,1
166,99,2
166,101,1
166,102,1
166,103,5
166,106,7
166,107,2
166,108,2
166,109,2
166,112,3
166,113,1
166,114,2
166,117,3
166,118,14
166,121,1
166,125,1
166,126,3
166,127,9
166,128,2
166,130,1
166,131,1
166,133,2
166,134,3
166,135,1
166,136,1
166,137,3
166,140,24
166,142,2
166,144,3
166,147,1
166,149,4
166,150,1
166,152,1
166,154,5
166,156,1
166,157,1
166,158,14
166,159,2
166,160,4
166,161,1
166,168,1
166,171,4
166,172,2
166,173,1
166,181,2
166,182,10
166,183,14
167,5,1
167,6,1
167,10,2
167,13,6
167,17,3
167,20,7
167,21,2
167,23,2
167,26,11
167,30,1
167,33,4
167,39,10
167,40,6
167,41,121
167,42,2
167,43,1
167,44,1
167,45,2
167,46,1
167,47,6
167,48,3
167,49,4
167,50,3
167,53,1
167,55,2
167,57,8
167,59,46
167,60,8
167,63,1
167,66,9
167,69,4
167,70,1
167,71,1
167,76,3
167,78,1
167,81,3
167,82,4
167,84,2
167,85,4
167,86,1
167,87,1
167,88,4
167,89,1
167,93,3
167,94,2
167,96,1
167,98,4
167,99,2
167,102,1
167,103,5
167,105,1
167,107,1
167,108,2
167,111,2
167,118,9
167,121,1
167,130,1
167,133,2
167,134,6
167,135,3
167,140,3
167,141,2
167,142,3
167,143,3
167,144,4
167,145,1
167,146,2
167,148,1
167,149,4
167,152,1
167,154,1
167,157,2
167,158,20
167,159,1
167,160,4
167,169,3
167,171,5
167,172,2
167,174,1
167,175,5
167,177,4
167,182,8
167,183,12
167,185,4
168,1,1
168,2,2
168,5,1
168,8,2
168,10,3
168,12,4
168,13,26
168,14,1
168,15,2
168,16,6
168,17,24
168,19,1
168,21,3
168,23,5
168,26,20
168,28,13
168,30,7
168,32,4
168,33,3
168,39,25
168,40,14
168,41,214
168,43,2
168,44,4
168,45,1
168,46,2
168,47,3
168,48,1
168,49,3
168,50,4
168,55,15
168,56,4
168,57,11
168,59,51
168,60,9
168,62,1
168,63,2
168,66,6
168,67,2
168,68,4
168,69,15
168,71,1
168,73,4
168,76,3
168,78,2
168,80,4
168,81,1
168,82,2
168,83,5
168,85,4
168,86,11
168,87,1
168,88,3
168,90,4
168,92,1
168,93,17
168,97,3
168,98,4
168,99,7
168,103,6
168,105,2
168,106,2
168,107,1
168,108,4
168,109,2
168,114,3
168,117,14
168,118,32
168,124,1
168,127,1
168,130,1
168,133,8
168,134,6
168,137,1
168,140,12
168,141,1
168,143,1
168,144,2
168,145,2
168,148,2
168,149,9
168,151,1
168,152,1
168,157,1
168,158,22
168,159,5
168,160,28
168,161,1
168,166,1
168,169,4
168,171,12
168,172,2
168,173,1
168,175,5
168,179,1
168,181,1
168,182,18
168,183,21
168,185,2
169,2,1
169,5,1
169,6,2
169,9,2
169,10,2
169,11,2
169,12,2
169,13,39
169,15,12
169,17,17
169,18,1
169,20,3
169,21,8
169,22,1
169,24,1
169,26,21
169,28,21
169,29,3
169,30,8
169,32,6
169,33,1
169,34,3
169,35,3
169,36,1
169,37,3
169,39,29
169,40,7
169,41,269
169,42,2
169,43,1
169,44,3
169,46,5
169,47,2
169,49,6
169,50,3
169,55,8
169,56,3
169,57,13
169,59,64
169,60,14
169,63,1
169,66,8
169,67,1
169,69,9
169,70,1
169,71,1
169,73,1
169,76,4
169,77,1
169,78,3
169,79,1
169,81,16
169,82,8
169,83,2
169,85,3
169,86,4
169,87,1
169,88,6
169,89,8
169,90,6
169,93,5
169,94,1
169,95,2
169,98,12
169,99,7
169,102,1
169,106,5
169,108,2
169,109,1
169,110,2
169,111,3
169,113,4
169,114,3
169,115,2
169,117,3
169,118,23
169,119,1
169,123,3
169,127,1
169,129,6
169,130,4
169,131,3
169,132,1
169,133,10
169,134,7
169,135,6
169,137,3
169,140,10
169,141,2
169,144,1
169,145,2
169,147,5
169,148,3
169,149,11
169,151,1
169,152,7
169,154,1
169,157,2
169,158,17
169,159,12
169,160,30
169,163,1
169,166,3
169,168,1
169,170,4
169,171,13
169,172,6
169,173,3
169,176,1
169,177,1
169,179,2
169,180,2
169,182,11
169,183,23
169,184,2
169,185,1
170,2,1
170,6,4
170,8,4
170,10,5
170,11,4
170,12,4
170,13,34
170,15,6
170,16,6
170,17,25
170,20,4
170,21,3
170,26,11
170,28,17
170,29,3
170,30,17
170,33,1
170,34,4
170,35,2
170,36,1
170,37,2
170,39,23
170,40,15
170,41,238
170,42,1
170,44,1
170,46,4
170,48,4
170,49,7
170,50,5
170,55,4
170,56,4
170,57,11
170,59,87
170,60,19
170,63,6
170,64,3
170,66,14
170,69,13
170,70,1
170,71,3
170,73,5
170,76,1
170,78,3
170,80,1
170,81,7
170,82,2
170,83,7
170,84,2
170,85,4
170,86,3
170,87,2
170,88,5
170,89,2
170,90,2
170,92,4
170,93,26
170,98,16
170,99,3
170,100,2
170,101,3
170,102,3
170,103,9
170,104,1
170,106,3
170,108,1
170,109,2
170,110,2
170,111,3
170,113,3
170,114,6
170,117,2
170,118,30
170,121,3
170,123,2
170,124,1
170,126,3
170,127,2
170,128,1
170,131,1
170,133,11
170,134,16
170,137,1
170,139,2
170,140,5
170,142,3
170,144,2
170,146,1
170,147,1
170,148,2
170,149,6
170,150,1
170,152,6
170,154,1
170,157,5
170,158,24
170,159,10
170,160,23
170,161,3
170,166,2
170,169,6
170,171,27
170,172,2
170,173,1
170,174,1
170,175,5
170,177,1
170,179,1
170,181,2
170,182,14
170,183,22
170,185,2
171,10,1
171,12,2
171,13,31
171,16,4
171,17,9
171,20,3
171,21,4
171,22,3
171,23,1
171,26,18
171,28,8
171,30,3
171,34,1
171,35,1
171,39,16
171,40,7
171,41,130
171,42,3
171,46,1
171,47,1
171,49,2
171,50,2
171,55,1
171,56,4
171,57,11
171,59,56
171,60,5
171,63,5
171,66,4
171,69,9
171,71,1
171,73,1
171,76,1
171,78,1
171,79,3
171,80,2
171,81,5
171,82,4
171,83,2
171,84,2
171,86,2
171,87,1
171,89,1
171,90,3
171,92,1
171,93,6
171,98,2
171,101,1
171,103,2
171,106,2
171,108,1
171,111,1
171,112,1
171,113,2
171,114,2
171,116,1
171,118,8
171,119,1
171,123,1
171,127,3
171,129,2
171,130,2
171,131,2
171,133,9
171,134,2
171,140,5
171,141,1
171,142,1
171,144,2
171,145,1
171,148,2
171,157,1
171,158,9
171,159,1
171,160,8
171,162,1
171,169,8
171,174,4
171,175,6
171,178,3
171,182,4
171,183,9
171,184,1
171,185,1
172,2,1
172,5,7
172,12,2
172,13,1
172,15,1
172,17,1
172,22,2
172,23,2
172,28,2
172,37,4
172,39,2
172,40,7
172,41,99
172,43,1
172,45,14
172,46,7
172,47,5
172,48,3
172,49,10
172,50,6
172,57,11
172,58,1
172,59,35
172,60,1
172,66,1
172,69,2
172,80,1
172,82,1
172,83,1
172,85,4
172,86,2
172,88,3
172,89,1
172,93,6
172,101,2
172,103,3
172,106,1
172,107,1
172,108,2
172,109,2
172,110,1
172,112,1
172,113,1
172,114,2
172,117,1
172,118,7
172,121,1
172,133,1
172,134,1
172,135,1
172,140,10
172,142,4
172,146,5
172,148,2
172,149,2
172,152,1
172,154,1
172,157,3
172,158,7
172,159,1
172,160,6
172,162,1
172,166,1
172,167,1
172,169,1
172,170,1
172,171,5
172,182,4
172,183,2
173,2,3
173,3,1
173,5,2
173,9,2
173,10,2
173,11,2
173,12,2
173,13,10
173,15,1
173,17,5
173,18,1
173,20,1
173,21,2
173,23,4
173,26,9
173,28,5
173,30,5
173,32,5
173,37,2
173,39,8
173,40,8
173,41,126
173,42,1
173,44,1
173,45,4
173,46,1
173,47,2
173,48,3
173,50,3
173,56,3
173,57,3
173,58,1
173,59,35
173,60,7
173,63,1
173,64,1
173,67,1
173,68,1
173,69,4
173,71,4
173,72,1
173,76,5
173,78,1
173,80,1
173,82,2
173,83,2
173,85,4
173,86,2
173,87,1
173,90,4
173,93,4
173,94,1
173,98,9
173,99,1
173,101,2
173,103,2
173,106,1
173,107,2
173,109,1
173,111,3
173,112,1
173,113,2
173,114,3
173,117,2
173,118,9
173,119,1
173,124,1
173,125,1
173,127,2
173,130,1
173,131,1
173,133,2
173,134,7
173,140,15
173,141,4
173,142,1
173,148,1
173,149,3
173,152,1
173,153,2
173,154,2
173,157,5
173,158,18
173,159,7
173,160,13
173,162,1
173,163,1
173,166,2
173,169,5
173,170,1
173,171,4
173,174,1
173,181,1
173,182,10
173,183,13
174,2,3
174,4,2
174,6,1
174,8,4
174,10,1
174,11,7
174,12,7
174,13,7
174,14,1
174,17,7
174,20,6
174,21,1
174,23,4
174,26,13
174,28,3
174,30,4
174,33,1
174,35,1
174,36,4
174,37,1
174,39,23
174,40,10
174,41,258
174,46,2
174,47,1
174,48,4
174,50,7
174,55,3
174,57,11
174,58,4
174,59,87
174,60,8
174,65,1
174,66,7
174,67,4
174,69,7
174,70,1
174,73,1
174,76,20
174,80,6
174,81,15
174,82,24
174,83,9
174,84,2
174,85,3
174,86,6
174,87,2
174,88,3
174,89,1
174,90,2
174,92,4
174,93,8
174,94,1
174,98,4
174,99,2
174,101,2
174,102,1
174,103,10
174,104,1
174,106,1
174,109,5
174,110,1
174,111,1
174,112,1
174,114,2
174,118,12
174,127,2
174,128,1
174,131,1
174,132,6
174,133,9
174,134,4
174,135,3
174,140,12
174,141,2
174,142,2
174,144,1
174,148,1
174,149,10
174,152,8
174,155,1
174,157,3
174,158,18
174,159,9
174,160,28
174,162,1
174,166,1
174,167,2
174,168,4
174,170,1
174,171,4
174,175,7
174,177,2
174,178,2
174,181,1
174,182,16
174,183,19
174,185,2
175,2,4
175,8,3
175,11,2
175,12,3
175,13,8
175,17,7
175,19,1
175,20,2
175,21,3
175,23,3
175,26,22
175,28,10
175,30,3
175,34,1
175,36,3
175,37,1
175,39,25
175,40,7
175,41,229
175,42,1
175,45,2
175,46,1
175,47,1
175,48,1
175,49,2
175,50,5
175,55,2
175,56,2
175,57,10
175,59,63
175,60,6
175,62,1
175,63,1
175,66,4
175,69,9
175,70,1
175,71,3
175,73,5
175,76,11
175,78,1
175,80,11
175,81,15
175,82,10
175,84,3
175,86,2
175,87,1
175,90,1
175,93,7
175,94,1
175,98,9
175,99,4
175,103,1
175,104,1
175,106,1
175,108,1
175,111,1
175,112,1
175,113,2
175,114,4
175,117,2
175,118,8
175,124,1
175,131,2
175,133,11
175,134,2
175,135,1
175,137,5
175,140,10
175,141,1
175,142,1
175,143,1
175,144,4
175,146,7
175,147,1
175,149,11
175,152,1
175,153,1
175,154,6
175,157,1
175,158,17
175,160,21
175,162,1
175,166,1
175,171,5
175,177,2
175,180,1
175,181,6
175,182,14
175,183,28
175,185,3
176,5,1
176,7,1
176,8,1
176,10,2
176,12,4
176,13,3
176,14,1
176,17,2
176,20,3
176,21,2
176,30,5
176,39,6
176,40,5
176,41,46
176,42,1
176,44,1
176,50,2
176,57,5
176,59,14
176,60,3
176,66,2
176,70,3
176,76,1
176,82,7
176,83,1
176,93,3
176,98,3
176,99,1
176,103,2
176,106,2
176,108,3
176,112,1
176,117,1
176,118,11
176,133,4
176,134,1
176,135,4
176,149,1
176,157,4
176,158,6
176,160,9
176,171,1
176,174,1
176,175,2
176,177,2
176,182,3
176,183,1
177,1,3
177,2,11
177,5,3
177,9,4
177,10,1
177,12,1
177,13,6
177,17,4
177,20,2
177,21,1
177,22,3
177,23,5
177,26,18
177,28,2
177,30,1
177,39,9
177,40,18
177,41,182
177,43,1
177,46,2
177,47,1
177,49,8
177,50,10
177,57,21
177,58,3
177,59,69
177,60,14
177,66,12
177,67,3
177,68,3
177,69,14
177,71,4
177,76,5
177,80,1
177,81,3
177,82,3
177,85,3
177,86,5
177,88,1
177,90,1
177,91,1
177,93,7
177,101,1
177,103,7
177,106,1
177,107,7
177,108,4
177,109,8
177,110,3
177,111,1
177,112,1
177,113,5
177,114,1
177,117,2
177,118,10
177,123,1
177,133,2
177,134,1
177,135,2
177,139,2
177,140,20
177,142,5
177,144,3
177,145,1
177,146,1
177,147,4
177,149,6
177,155,4
177,157,9
177,158,2
177,159,7
177,160,14
177,163,2
177,166,1
177,167,1
177,171,2
177,172,1
177,173,2
177,178,2
177,182,10
177,183,9
177,185,1
178,2,2
178,10,1
178,11,1
178,12,2
178,13,2
178,16,1
178,19,1
178,21,2
178,23,2
178,30,1
178,35,1
178,39,7
178,40,1
178,41,87
178,42,2
178,47,2
178,57,4
178,58,1
178,59,27
178,60,5
178,69,1
178,73,3
178,76,2
178,80,2
178,81,8
178,82,1
178,85,1
178,86,1
178,87,2
178,89,1
178,90,2
178,93,5
178,98,2
178,103,1
178,105,1
178,108,2
178,109,4
178,111,2
178,113,2
178,117,3
178,118,3
178,127,1
178,133,8
178,134,4
178,140,4
178,142,3
178,143,1
178,147,3
178,148,1
178,149,1
178,154,2
178,157,1
178,158,3
178,159,5
178,160,4
178,166,1
178,171,1
178,175,3
178,177,5
178,182,3
178,183,7
178,185,1
179,2,3
179,3,1
179,5,2
179,6,1
179,9,1
179,10,2
179,11,1
179,12,1
179,13,128
179,14,3
179,16,1
179,17,7
179,20,1
179,22,1
179,23,2
179,26,5
179,28,11
179,29,1
179,30,3
179,34,2
179,37,2
179,39,10
179,40,11
179,41,101
179,42,1
179,44,4
179,45,1
179,47,2
179,48,1
179,49,1
179,50,2
179,55,5
179,56,1
179,57,6
179,58,1
179,59,21
179,60,5
179,62,1
179,63,2
179,64,1
179,66,2
179,68,1
179,69,5
179,74,1
179,75,1
179,76,2
179,78,1
179,79,2
179,81,1
179,82,5
179,83,7
179,84,3
179,85,3
179,86,5
179,87,1
179,89,1
179,90,1
179,91,1
179,92,2
179,93,20
179,94,1
179,96,1
179,98,11
179,99,6
179,102,1
179,103,8
179,105,2
179,108,1
179,109,1
179,111,1
179,113,1
179,114,3
179,115,1
179,117,4
179,118,8
179,124,1
179,125,1
179,130,2
179,132,1
179,133,5
179,134,1
179,136,1
179,140,8
179,141,3
179,142,1
179,144,2
179,145,1
179,149,3
179,152,1
179,157,2
179,158,3
179,159,1
179,160,7
179,161,1
179,166,3
179,169,4
179,171,4
179,175,1
179,180,4
179,181,2
179,182,11
179,183,25
179,185,1
180,1,1
180,2,1
180,5,3
180,6,4
180,7,7
180,9,2
180,10,4
180,11,2
180,12,7
180,13,52
180,14,3
180,16,1
180,17,5
180,20,1
180,21,1
180,22,1
180,26,11
180,28,9
180,29,4
180,30,10
180,33,1
180,35,1
180,37,2
180,39,11
180,40,8
180,41,99
180,42,1
180,46,1
180,49,4
180,50,6
180,55,3
180,56,2
180,57,9
180,58,1
180,59,21
180,60,4
180,67,3
180,69,10
180,78,1
180,79,3
180,80,4
180,81,3
180,82,1
180,83,3
180,85,12
180,86,3
180,87,2
180,90,2
180,93,7
180,94,2
180,96,1
180,98,2
180,103,12
180,105,2
180,106,2
180,108,4
180,110,2
180,113,4
180,114,3
180,117,4
180,118,4
180,124,1
180,132,1
180,133,7
180,134,8
180,135,5
180,140,3
180,148,2
180,149,7
180,152,2
180,154,1
180,155,1
180,158,10
180,159,2
180,169,7
180,171,2
180,172,1
180,173,1
180,175,3
180,177,1
180,179,2
180,182,8
180,183,14
180,184,1
180,185,2
181,1,1
181,2,1
181,3,2
181,6,1
181,9,2
181,10,2
181,11,1
181,12,4
181,13,5
181,14,1
181,16,1
181,17,6
181,20,2
181,21,1
181,22,3
181,23,1
181,26,16
181,28,6
181,30,2
181,34,1
181,36,3
181,39,16
181,40,10
181,41,153
181,42,4
181,47,5
181,48,1
181,50,1
181,55,1
181,56,3
181,57,10
181,59,32
181,60,7
181,64,2
181,66,4
181,67,1
181,69,6
181,71,3
181,76,11
181,80,1
181,81,4
181,82,17
181,83,5
181,85,1
181,86,2
181,88,1
181,89,2
181,90,2
181,93,5
181,98,3
181,102,3
181,103,2
181,105,1
181,106,1
181,108,1
181,109,8
181,111,1
181,112,1
181,113,1
181,115,1
181,117,5
181,118,8
181,119,3
181,127,2
181,133,3
181,134,9
181,135,5
181,140,4
181,142,1
181,144,2
181,147,1
181,149,7
181,152,1
181,153,1
181,154,2
181,158,15
181,159,1
181,160,6
181,161,1
181,169,1
181,172,2
181,174,1
181,175,3
181,177,4
181,180,1
181,182,16
181,183,26
181,184,2
181,185,5
182,2,2
182,10,1
182,12,1
182,13,16
182,19,3
182,20,4
182,22,4
182,23,5
182,24,1
182,26,14
182,30,3
182,33,3
182,39,15
182,40,26
182,41,214
182,42,2
182,43,5
182,50,7
182,51,1
182,52,1
182,57,4
182,58,1
182,59,21
182,60,14
182,62,1
182,65,1
182,69,13
182,71,1
182,72,1
182,76,1
182,80,1
182,82,1
182,83,3
182,86,1
182,87,2
182,89,4
182,90,2
182,93,7
182,94,4
182,101,1
182,102,4
182,103,11
182,105,2
182,107,6
182,108,9
182,109,1
182,111,4
182,113,3
182,114,1
182,115,1
182,118,20
182,119,1
182,132,3
182,133,13
182,134,6
182,138,1
182,140,20
182,141,4
182,142,4
182,143,3
182,144,4
182,145,1
182,146,2
182,148,2
182,149,13
182,152,3
182,154,4
182,155,1
182,157,5
182,158,6
182,160,1
182,166,1
182,169,1
182,171,2
182,181,1
182,183,60
182,184,1
182,185,13
183,13,6
183,17,3
183,20,3
183,21,1
183,22,5
183,23,9
183,26,9
183,28,3
183,36,1
183,37,1
183,40,5
183,41,79
183,42,2
183,43,3
183,45,1
183,47,2
183,49,1
183,57,15
183,59,21
183,60,8
183,65,2
183,66,2
183,67,2
183,69,7
183,73,1
183,76,1
183,79,2
183,80,2
183,81,1
183,82,2
183,87,1
183,90,3
183,91,2
183,92,1
183,93,4
183,94,5
183,99,1
183,102,1
183,103,8
183,105,1
183,107,2
183,109,4
183,110,2
183,113,6
183,117,4
183,118,9
183,128,1
183,130,1
183,133,6
183,135,1
183,140,11
183,141,2
183,142,2
183,144,3
183,145,4
183,146,3
183,147,1
183,149,12
183,154,3
183,156,1
183,158,2
183,159,2
183,160,8
183,171,3
183,175,2
183,178,1
183,181,1
183,182,13
184,1,2
184,2,1
184,9,1
184,10,9
184,13,10
184,20,2
184,22,1
184,23,2
184,26,19
184,28,11
184,30,2
184,34,1
184,35,1
184,39,6
184,40,21
184,41,131
184,43,2
184,47,3
184,48,2
184,49,3
184,57,5
184,58,1
184,59,28
184,60,11
184,69,10
184,73,1
184,76,2
184,79,1
184,81,1
184,82,1
184,83,1
184,86,7
184,88,2
184,89,2
184,90,6
184,91,1
184,93,15
184,94,4
184,102,3
184,103,10
184,105,4
184,106,1
184,107,3
184,108,2
184,109,1
184,111,3
184,113,3
184,114,1
184,117,1
184,118,15
184,119,1
184,130,2
184,132,3
184,133,3
184,134,6
184,138,1
184,140,14
184,144,5
184,149,11
184,153,1
184,156,1
184,158,8
184,159,2
184,160,10
184,167,1
184,171,1
184,172,1
184,173,1
184,179,1
184,182,14
184,183,36
184,185,15
185,2,1
185,3,1
185,5,1
185,9,2
185,10,4
185,13,6
185,20,1
185,23,1
185,24,1
185,26,8
185,28,1
185,34,1
185,36,1
185,39,5
185,40,18
185,41,99
185,42,1
185,43,2
185,46,1
185,50,2
185,51,3
185,55,1
185,56,1
185,57,5
185,59,22
185,60,2
185,69,6
185,71,1
185,76,1
185,79,1
185,82,1
185,83,2
185,86,4
185,87,6
185,89,1
185,90,6
185,92,1
185,93,9
185,94,4
185,98,2
185,103,5
185,104,2
185,105,4
185,108,4
185,113,3
185,118,6
185,119,1
185,127,2
185,133,7
185,134,4
185,140,11
185,143,1
185,144,4
185,146,1
185,149,3
185,152,4
185,154,1
185,157,4
185,158,2
185,160,7
185,161,1
185,171,1
185,173,2
185,176,1
185,177,1
185,180,1
185,182,20
185,183,16
185,184,2
