node_id,zone_id,x_coord,y_coord,geometry
1,1,-157.85016694705885,21.31552482941177,POINT (-157.85016694705885 21.31552482941177)
2,2,-157.874130909434,21.37763770849056,POINT (-157.874130909434 21.37763770849056)
3,3,-157.79850135769232,21.261122965384622,POINT (-157.79850135769232 21.261122965384622)
4,4,-157.8347574318182,21.28260167272727,POINT (-157.8347574318182 21.28260167272727)
5,5,-157.87333769852935,21.31443738823529,POINT (-157.87333769852935 21.31443738823529)
6,6,-157.8853993328571,21.34151202428571,POINT (-157.8853993328571 21.34151202428571)
7,7,-157.84599175384614,21.36155226923077,POINT (-157.84599175384614 21.36155226923077)
8,8,-157.89005170689654,21.35796960344829,POINT (-157.89005170689654 21.35796960344829)
9,9,-157.92207286399997,21.35251036,POINT (-157.92207286399997 21.35251036)
10,10,-157.91464691428575,21.36028308571429,POINT (-157.91464691428575 21.36028308571429)
11,11,-157.9062208021276,21.33919926808511,POINT (-157.9062208021276 21.33919926808511)
12,12,-157.9274424097222,21.344609901388885,POINT (-157.9274424097222 21.344609901388885)
13,13,-157.93623307209302,21.33903783488372,POINT (-157.93623307209302 21.33903783488372)
14,14,-157.90935967272728,21.36691749090909,POINT (-157.90935967272728 21.36691749090909)
15,15,-157.80067243076925,21.38441072307692,POINT (-157.80067243076925 21.38441072307692)
16,16,-157.89667133636362,21.339566913636364,POINT (-157.89667133636362 21.339566913636364)
17,17,-157.83958569583336,21.31949747708333,POINT (-157.83958569583336 21.31949747708333)
18,18,-157.66743727878787,21.30311894242424,POINT (-157.66743727878787 21.30311894242424)
19,19,-157.7077702681818,21.27156542272728,POINT (-157.7077702681818 21.27156542272728)
20,20,-157.69934937096772,21.27999286451613,POINT (-157.69934937096772 21.27999286451613)
21,21,-157.81679357000002,21.26327243,POINT (-157.81679357000002 21.26327243)
22,22,-157.8458240468085,21.29196220212766,POINT (-157.8458240468085 21.29196220212766)
23,23,-157.85809628181815,21.297518938181813,POINT (-157.85809628181815 21.297518938181813)
24,24,-157.86129027500002,21.3040894,POINT (-157.86129027500002 21.3040894)
25,25,-157.86175445,21.309029961764708,POINT (-157.86175445 21.309029961764708)
26,26,-157.8633385631579,21.3121217,POINT (-157.8633385631579 21.3121217)
27,27,-157.87749693529415,21.32519415294118,POINT (-157.87749693529415 21.32519415294118)
28,28,-157.87483753461538,21.334817946153844,POINT (-157.87483753461538 21.334817946153844)
29,29,-157.87921276499998,21.33829719000001,POINT (-157.87921276499998 21.33829719000001)
30,30,-157.90311558125,21.3677100875,POINT (-157.90311558125 21.3677100875)
31,31,-157.86058233076923,21.3170242,POINT (-157.86058233076923 21.3170242)
32,32,-157.92539706666668,21.32234396666667,POINT (-157.92539706666668 21.32234396666667)
33,33,-157.92204687407406,21.36641523703704,POINT (-157.92204687407406 21.36641523703704)
34,34,-157.9307367347826,21.369211186956523,POINT (-157.9307367347826 21.369211186956523)
35,35,-157.91513927857144,21.34950486428572,POINT (-157.91513927857144 21.34950486428572)
36,36,-157.88500726538462,21.32500922307693,POINT (-157.88500726538462 21.32500922307693)
37,37,-157.90914451666666,21.34452561666667,POINT (-157.90914451666666 21.34452561666667)
38,38,-157.90782336666666,21.328696587499994,POINT (-157.90782336666666 21.328696587499994)
39,39,-157.81116354571432,21.27189479142857,POINT (-157.81116354571432 21.27189479142857)
40,40,-157.82742453333336,21.287132983333333,POINT (-157.82742453333336 21.287132983333333)
41,41,-157.82920447692308,21.289697569230768,POINT (-157.82920447692308 21.289697569230768)
42,42,-157.82841416923077,21.292336184615387,POINT (-157.82841416923077 21.292336184615387)
43,43,-157.82809724054056,21.295943245945946,POINT (-157.82809724054056 21.295943245945946)
44,44,-157.84087153,21.30427077000001,POINT (-157.84087153 21.30427077000001)
45,45,-157.83910475238093,21.300240428571428,POINT (-157.83910475238093 21.300240428571428)
46,46,-157.8626525224138,21.33439608793103,POINT (-157.8626525224138 21.33439608793103)
47,47,-157.86983438750002,21.339873375000003,POINT (-157.86983438750002 21.339873375000003)
48,48,-157.85889601707314,21.346463651219512,POINT (-157.85889601707314 21.346463651219512)
49,49,-157.8337085875,21.29263574999999,POINT (-157.8337085875 21.29263574999999)
50,50,-157.85820222222222,21.32534663333333,POINT (-157.85820222222222 21.32534663333333)
51,51,-157.85551961176466,21.321714876470587,POINT (-157.85551961176466 21.321714876470587)
52,52,-157.8215911,21.276813671428567,POINT (-157.8215911 21.276813671428567)
53,53,-157.81536905909093,21.28539929090909,POINT (-157.81536905909093 21.28539929090909)
54,54,-157.84558302000002,21.306684066666666,POINT (-157.84558302000002 21.306684066666666)
55,55,-157.86929972,21.34501604,POINT (-157.86929972 21.34501604)
56,56,-157.73233219565222,21.28543046304348,POINT (-157.73233219565222 21.28543046304348)
57,57,-157.83110943243244,21.33846546756756,POINT (-157.83110943243244 21.33846546756756)
58,58,-157.6869530475,21.298656654999995,POINT (-157.6869530475 21.298656654999995)
59,59,-157.69118944230772,21.30175843076923,POINT (-157.69118944230772 21.30175843076923)
60,60,-157.71258410555555,21.288147827777777,POINT (-157.71258410555555 21.288147827777777)
61,61,-157.7094343736842,21.30060269473684,POINT (-157.7094343736842 21.30060269473684)
62,62,-157.77899743636365,21.28432439090909,POINT (-157.77899743636365 21.28432439090909)
63,63,-157.76578109615383,21.28196190384616,POINT (-157.76578109615383 21.28196190384616)
64,64,-157.78375951710524,21.26938173026316,POINT (-157.78375951710524 21.26938173026316)
65,65,-157.7855557277778,21.28360856111111,POINT (-157.7855557277778 21.28360856111111)
66,66,-157.78998892222222,21.291547388888883,POINT (-157.78998892222222 21.291547388888883)
67,67,-157.79310320526318,21.302411557894736,POINT (-157.79310320526318 21.302411557894736)
68,68,-157.80709828235294,21.309095000000003,POINT (-157.80709828235294 21.309095000000003)
69,69,-157.8048363285714,21.32313571428572,POINT (-157.8048363285714 21.32313571428572)
70,70,-157.83708352857147,21.33999559285714,POINT (-157.83708352857147 21.33999559285714)
71,71,-157.82469682857143,21.31949295714286,POINT (-157.82469682857143 21.31949295714286)
72,72,-157.80486850833336,21.2963843375,POINT (-157.80486850833336 21.2963843375)
73,73,-157.80050057,21.31776284666667,POINT (-157.80050057 21.31776284666667)
74,74,-157.837180575,21.2861372,POINT (-157.837180575 21.2861372)
75,75,-157.8440662,21.297346045833333,POINT (-157.8440662 21.297346045833333)
76,76,-157.85219143333327,21.30810028461538,POINT (-157.85219143333327 21.30810028461538)
77,77,-157.85629711999997,21.313025126666663,POINT (-157.85629711999997 21.313025126666663)
78,78,-157.8641626,21.31983125,POINT (-157.8641626 21.31983125)
79,79,-157.8625405923077,21.322454092307687,POINT (-157.8625405923077 21.322454092307687)
80,80,-157.86734448620683,21.32741012413793,POINT (-157.86734448620683 21.32741012413793)
81,81,-157.88040313124998,21.3314346125,POINT (-157.88040313124998 21.3314346125)
82,82,-157.90210929047623,21.352073609523806,POINT (-157.90210929047623 21.352073609523806)
83,83,-157.85915833,21.315246680000005,POINT (-157.85915833 21.315246680000005)
84,84,-157.90803803333333,21.3457628,POINT (-157.90803803333333 21.3457628)
85,85,-157.83523688333332,21.286878966666663,POINT (-157.83523688333332 21.286878966666663)
86,86,-157.82740431428573,21.2804931,POINT (-157.82740431428573 21.2804931)
87,87,-157.8293900583333,21.283544725,POINT (-157.8293900583333 21.283544725)
88,88,-157.84618607857146,21.30276426428572,POINT (-157.84618607857146 21.30276426428572)
89,89,-157.83897138571427,21.293003785714287,POINT (-157.83897138571427 21.293003785714287)
90,90,-157.87595906666667,21.3389068,POINT (-157.87595906666667 21.3389068)
91,91,-157.82318961666667,21.27465965,POINT (-157.82318961666667 21.27465965)
92,92,-157.8245719857143,21.27912704285714,POINT (-157.8245719857143 21.27912704285714)
93,93,-157.83222389166664,21.2867943,POINT (-157.83222389166664 21.2867943)
94,94,-157.83890721666668,21.2963847,POINT (-157.83890721666668 21.2963847)
95,95,-157.79760129374998,21.276396083333328,POINT (-157.79760129374998 21.276396083333328)
96,96,-157.80154898333336,21.28791118333333,POINT (-157.80154898333336 21.28791118333333)
97,97,-157.807287854717,21.28398803962264,POINT (-157.807287854717 21.28398803962264)
98,98,-157.81688929166668,21.29656667916667,POINT (-157.81688929166668 21.29656667916667)
99,99,-157.82619956744182,21.29993381162791,POINT (-157.82619956744182 21.29993381162791)
100,100,-157.81892609787238,21.30844010638297,POINT (-157.81892609787238 21.30844010638297)
101,101,-157.85201978888887,21.33378704444445,POINT (-157.85201978888887 21.33378704444445)
102,102,-157.79192734193552,21.27287091935484,POINT (-157.79192734193552 21.27287091935484)
103,103,-157.8064580727273,21.27703206363637,POINT (-157.8064580727273 21.27703206363637)
104,104,-157.79971579375,21.2928445375,POINT (-157.79971579375 21.2928445375)
105,105,-157.79322446551726,21.282182465517234,POINT (-157.79322446551726 21.282182465517234)
106,106,-157.81117021052626,21.277855318421054,POINT (-157.81117021052626 21.277855318421054)
107,107,-157.82087291538457,21.28958554230769,POINT (-157.82087291538457 21.28958554230769)
108,108,-157.83550624999998,21.3124205375,POINT (-157.83550624999998 21.3124205375)
109,109,-157.83731142500002,21.307243591666666,POINT (-157.83731142500002 21.307243591666666)
110,110,-157.83306749000002,21.30512415,POINT (-157.83306749000002 21.30512415)
111,111,-157.821032,21.286232583333334,POINT (-157.821032 21.286232583333334)
112,112,-157.8354335,21.30240634,POINT (-157.8354335 21.30240634)
113,113,-157.86367967142857,21.34983657142857,POINT (-157.86367967142857 21.34983657142857)
114,114,-157.78625060588234,21.30796885294118,POINT (-157.78625060588234 21.30796885294118)
115,115,-157.81958526,21.2745526,POINT (-157.81958526 21.2745526)
116,116,-157.75153846956522,21.28890826521739,POINT (-157.75153846956522 21.28890826521739)
117,117,-157.75446834814815,21.28137908148148,POINT (-157.75446834814815 21.28137908148148)
118,,-157.8226339,21.2712307,POINT (-157.8226339 21.2712307)
119,,-157.8218767,21.2703211,POINT (-157.8218767 21.2703211)
120,,-157.8205801,21.2630187,POINT (-157.8205801 21.2630187)
121,,-157.8419309,21.3076047,POINT (-157.8419309 21.3076047)
122,,-157.8452386,21.3068475,POINT (-157.8452386 21.3068475)
123,,-157.8135472,21.2848921,POINT (-157.8135472 21.2848921)
124,,-157.8136859,21.284166,POINT (-157.8136859 21.284166)
125,,-157.8501323,21.322655,POINT (-157.8501323 21.322655)
126,,-157.8514838,21.3211984,POINT (-157.8514838 21.3211984)
127,,-157.8494543,21.3235585,POINT (-157.8494543 21.3235585)
128,,-157.8133808,21.2857021,POINT (-157.8133808 21.2857021)
129,,-157.812059,21.2844545,POINT (-157.812059 21.2844545)
130,,-157.8521818,21.3248049,POINT (-157.8521818 21.3248049)
131,,-157.8531527,21.3258518,POINT (-157.8531527 21.3258518)
132,,-157.8537372,21.3265168,POINT (-157.8537372 21.3265168)
133,,-157.8525746,21.3252209,POINT (-157.8525746 21.3252209)
134,,-157.8555481,21.3284915,POINT (-157.8555481 21.3284915)
135,,-157.8553351,21.3282627,POINT (-157.8553351 21.3282627)
136,,-157.8575793,21.3287602,POINT (-157.8575793 21.3287602)
137,,-157.8132895,21.286107,POINT (-157.8132895 21.286107)
138,,-157.7644349,21.2893534,POINT (-157.7644349 21.2893534)
139,,-157.7644606,21.2901292,POINT (-157.7644606 21.2901292)
140,,-157.765157,21.287834,POINT (-157.765157 21.287834)
141,,-157.7643061,21.2909849,POINT (-157.7643061 21.2909849)
142,,-157.9251834,21.3599131,POINT (-157.9251834 21.3599131)
143,,-157.9249608,21.3589688,POINT (-157.9249608 21.3589688)
144,,-157.8164342,21.2883868,POINT (-157.8164342 21.2883868)
145,,-157.9255822,21.3612278,POINT (-157.9255822 21.3612278)
146,,-157.7389186,21.284272,POINT (-157.7389186 21.284272)
147,,-157.7388268,21.2834609,POINT (-157.7388268 21.2834609)
148,,-157.7390142,21.2850641,POINT (-157.7390142 21.2850641)
149,,-157.8516876,21.3149442,POINT (-157.8516876 21.3149442)
150,,-157.8518446,21.3148342,POINT (-157.8518446 21.3148342)
151,,-157.850325,21.315628,POINT (-157.850325 21.315628)
152,,-157.8257112,21.2790244,POINT (-157.8257112 21.2790244)
153,,-157.8250143,21.2784622,POINT (-157.8250143 21.2784622)
154,,-157.8264165,21.2796406,POINT (-157.8264165 21.2796406)
155,,-157.7361451,21.2861173,POINT (-157.7361451 21.2861173)
156,,-157.7356453,21.2857352,POINT (-157.7356453 21.2857352)
157,,-157.7373437,21.2860352,POINT (-157.7373437 21.2860352)
158,,-157.7932824,21.2757474,POINT (-157.7932824 21.2757474)
159,,-157.794178,21.2761983,POINT (-157.794178 21.2761983)
160,,-157.7923644,21.2752866,POINT (-157.7923644 21.2752866)
161,,-157.8131493,21.2867285,POINT (-157.8131493 21.2867285)
162,,-157.8582345,21.3304702,POINT (-157.8582345 21.3304702)
163,,-157.8585481,21.3306945,POINT (-157.8585481 21.3306945)
164,,-157.8570878,21.329627,POINT (-157.8570878 21.329627)
165,,-157.9033814,21.3438896,POINT (-157.9033814 21.3438896)
166,,-157.9028765,21.3443663,POINT (-157.9028765 21.3443663)
167,,-157.8129183,21.2878619,POINT (-157.8129183 21.2878619)
168,,-157.8130469,21.2872198,POINT (-157.8130469 21.2872198)
169,,-157.8081104,21.3102499,POINT (-157.8081104 21.3102499)
170,,-157.8077379,21.309746,POINT (-157.8077379 21.309746)
171,,-157.8085192,21.3107809,POINT (-157.8085192 21.3107809)
172,,-157.8128073,21.2882644,POINT (-157.8128073 21.2882644)
173,,-157.866463,21.3388317,POINT (-157.866463 21.3388317)
174,,-157.867038,21.3384448,POINT (-157.867038 21.3384448)
175,,-157.8623064,21.3397025,POINT (-157.8623064 21.3397025)
176,,-157.6833533,21.3091197,POINT (-157.6833533 21.3091197)
177,,-157.6837568,21.3077144,POINT (-157.6837568 21.3077144)
178,,-157.8633542,21.3096598,POINT (-157.8633542 21.3096598)
179,,-157.8625818,21.3099477,POINT (-157.8625818 21.3099477)
180,,-157.8621997,21.3079883,POINT (-157.8621997 21.3079883)
181,,-157.8141374,21.2884226,POINT (-157.8141374 21.2884226)
182,,-157.8738631,21.3401631,POINT (-157.8738631 21.3401631)
183,,-157.8737202,21.339993,POINT (-157.8737202 21.339993)
184,,-157.874205,21.3406137,POINT (-157.874205 21.3406137)
185,,-157.8628519,21.3122726,POINT (-157.8628519 21.3122726)
186,,-157.8636408,21.3118012,POINT (-157.8636408 21.3118012)
187,,-157.8124183,21.2876774,POINT (-157.8124183 21.2876774)
188,,-157.8621138,21.3127061,POINT (-157.8621138 21.3127061)
189,,-157.8556139,21.3349545,POINT (-157.8556139 21.3349545)
190,,-157.8537511,21.3370972,POINT (-157.8537511 21.3370972)
191,,-157.8521304,21.3367824,POINT (-157.8521304 21.3367824)
192,,-157.812759,21.2884133,POINT (-157.812759 21.2884133)
193,,-157.8535311,21.3331047,POINT (-157.8535311 21.3331047)
194,,-157.8526246,21.3379667,POINT (-157.8526246 21.3379667)
195,,-157.8125966,21.2890818,POINT (-157.8125966 21.2890818)
196,,-157.8131189,21.2890233,POINT (-157.8131189 21.2890233)
197,,-157.8854889,21.3238318,POINT (-157.8854889 21.3238318)
198,,-157.8859402,21.3233691,POINT (-157.8859402 21.3233691)
199,,-157.8850241,21.3243081,POINT (-157.8850241 21.3243081)
200,,-157.8871425,21.3252292,POINT (-157.8871425 21.3252292)
201,,-157.8866814,21.3257323,POINT (-157.8866814 21.3257323)
202,,-157.8887451,21.3234079,POINT (-157.8887451 21.3234079)
203,,-157.907031,21.3653027,POINT (-157.907031 21.3653027)
204,,-157.90648,21.3652134,POINT (-157.90648 21.3652134)
205,,-157.9078032,21.3653118,POINT (-157.9078032 21.3653118)
206,,-157.806466,21.2824427,POINT (-157.806466 21.2824427)
207,,-157.8076211,21.2830378,POINT (-157.8076211 21.2830378)
208,,-157.8052984,21.2818561,POINT (-157.8052984 21.2818561)
209,,-157.7081206,21.2974615,POINT (-157.7081206 21.2974615)
210,,-157.7082959,21.2935609,POINT (-157.7082959 21.2935609)
211,,-157.7092693,21.3051847,POINT (-157.7092693 21.3051847)
212,,-157.7105431,21.2971511,POINT (-157.7105431 21.2971511)
213,,-157.9044499,21.3663048,POINT (-157.9044499 21.3663048)
214,,-157.9048768,21.3659877,POINT (-157.9048768 21.3659877)
215,,-157.899991,21.3597152,POINT (-157.899991 21.3597152)
216,,-157.8444107,21.2974108,POINT (-157.8444107 21.2974108)
217,,-157.845062,21.2976473,POINT (-157.845062 21.2976473)
218,,-157.9039966,21.3666454,POINT (-157.9039966 21.3666454)
219,,-157.9075433,21.3685483,POINT (-157.9075433 21.3685483)
220,,-157.908133,21.3685662,POINT (-157.908133 21.3685662)
221,,-157.8792781,21.3302666,POINT (-157.8792781 21.3302666)
222,,-157.8797568,21.3297979,POINT (-157.8797568 21.3297979)
223,,-157.8788053,21.3307582,POINT (-157.8788053 21.3307582)
224,,-157.8605937,21.322789,POINT (-157.8605937 21.322789)
225,,-157.8606288,21.3221588,POINT (-157.8606288 21.3221588)
226,,-157.8436969,21.2971468,POINT (-157.8436969 21.2971468)
227,,-157.8619806,21.3251757,POINT (-157.8619806 21.3251757)
228,,-157.8607492,21.3216116,POINT (-157.8607492 21.3216116)
229,,-157.8477162,21.3167103,POINT (-157.8477162 21.3167103)
230,,-157.8472223,21.3165573,POINT (-157.8472223 21.3165573)
231,,-157.849313,21.3163322,POINT (-157.849313 21.3163322)
232,,-157.829182,21.3435878,POINT (-157.829182 21.3435878)
233,,-157.8291177,21.3436428,POINT (-157.8291177 21.3436428)
234,,-157.8305552,21.3426154,POINT (-157.8305552 21.3426154)
235,,-157.7795224,21.2792357,POINT (-157.7795224 21.2792357)
236,,-157.7796089,21.2786912,POINT (-157.7796089 21.2786912)
237,,-157.8427272,21.3240702,POINT (-157.8427272 21.3240702)
238,,-157.8423463,21.3241352,POINT (-157.8423463 21.3241352)
239,,-157.7793786,21.2803773,POINT (-157.7793786 21.2803773)
240,,-157.8290823,21.2820456,POINT (-157.8290823 21.2820456)
241,,-157.8294397,21.2823129,POINT (-157.8294397 21.2823129)
242,,-157.8284174,21.2814438,POINT (-157.8284174 21.2814438)
243,,-157.687714,21.2979404,POINT (-157.687714 21.2979404)
244,,-157.6885481,21.2967788,POINT (-157.6885481 21.2967788)
245,,-157.6873382,21.2984499,POINT (-157.6873382 21.2984499)
246,,-157.8516812,21.309742,POINT (-157.8516812 21.309742)
247,,-157.8519512,21.3105885,POINT (-157.8519512 21.3105885)
248,,-157.851454,21.3090271,POINT (-157.851454 21.3090271)
249,,-157.8433091,21.2995555,POINT (-157.8433091 21.2995555)
250,,-157.8427842,21.2993747,POINT (-157.8427842 21.2993747)
251,,-157.9234426,21.3465034,POINT (-157.9234426 21.3465034)
252,,-157.9236787,21.3465958,POINT (-157.9236787 21.3465958)
253,,-157.9224314,21.3460312,POINT (-157.9224314 21.3460312)
254,,-157.8303734,21.3087538,POINT (-157.8303734 21.3087538)
255,,-157.8272811,21.3084331,POINT (-157.8272811 21.3084331)
256,,-157.7389164,21.2826065,POINT (-157.7389164 21.2826065)
257,,-157.6866337,21.2994586,POINT (-157.6866337 21.2994586)
258,,-157.6869519,21.2989796,POINT (-157.6869519 21.2989796)
259,,-157.6864028,21.3000104,POINT (-157.6864028 21.3000104)
260,,-157.7761932,21.2920638,POINT (-157.7761932 21.2920638)
261,,-157.7763649,21.2929835,POINT (-157.7763649 21.2929835)
262,,-157.7781845,21.2879932,POINT (-157.7781845 21.2879932)
263,,-157.8311455,21.3076075,POINT (-157.8311455 21.3076075)
264,,-157.7743998,21.2967058,POINT (-157.7743998 21.2967058)
265,,-157.7750006,21.2971296,POINT (-157.7750006 21.2971296)
266,,-157.7763735,21.2938312,POINT (-157.7763735 21.2938312)
267,,-157.7745028,21.2982412,POINT (-157.7745028 21.2982412)
268,,-157.7774983,21.2985051,POINT (-157.7774983 21.2985051)
269,,-157.7762366,21.2972496,POINT (-157.7762366 21.2972496)
270,,-157.7771893,21.2991768,POINT (-157.7771893 21.2991768)
271,,-157.7779184,21.2829147,POINT (-157.7779184 21.2829147)
272,,-157.7784849,21.2833466,POINT (-157.7784849 21.2833466)
273,,-157.8142848,21.3299459,POINT (-157.8142848 21.3299459)
274,,-157.8317156,21.3159453,POINT (-157.8317156 21.3159453)
275,,-157.9201807,21.3661226,POINT (-157.9201807 21.3661226)
276,,-157.918904,21.3672067,POINT (-157.918904 21.3672067)
277,,-157.9207524,21.3656608,POINT (-157.9207524 21.3656608)
278,,-157.9184534,21.3676263,POINT (-157.9184534 21.3676263)
279,,-157.812875,21.3291651,POINT (-157.812875 21.3291651)
280,,-157.8276868,21.3102153,POINT (-157.8276868 21.3102153)
281,,-157.8642455,21.3291214,POINT (-157.8642455 21.3291214)
282,,-157.8649811,21.3287117,POINT (-157.8649811 21.3287117)
283,,-157.8646911,21.329866,POINT (-157.8646911 21.329866)
284,,-157.8629102,21.3267934,POINT (-157.8629102 21.3267934)
285,,-157.8217853,21.2746773,POINT (-157.8217853 21.2746773)
286,,-157.8220771,21.2750703,POINT (-157.8220771 21.2750703)
287,,-157.8160018,21.3219593,POINT (-157.8160018 21.3219593)
288,,-157.8569938,21.323022,POINT (-157.8569938 21.323022)
289,,-157.8574798,21.3235684,POINT (-157.8574798 21.3235684)
290,,-157.8566125,21.3226311,POINT (-157.8566125 21.3226311)
291,,-157.8395981,21.3127173,POINT (-157.8395981 21.3127173)
292,,-157.84029,21.3142333,POINT (-157.84029 21.3142333)
293,,-157.8392833,21.3102729,POINT (-157.8392833 21.3102729)
294,,-157.8180428,21.3082651,POINT (-157.8180428 21.3082651)
295,,-157.8183649,21.3082436,POINT (-157.8183649 21.3082436)
296,,-157.8171176,21.3082352,POINT (-157.8171176 21.3082352)
297,,-157.8095675,21.3120965,POINT (-157.8095675 21.3120965)
298,,-157.8070579,21.311814,POINT (-157.8070579 21.311814)
299,,-157.8092864,21.3103451,POINT (-157.8092864 21.3103451)
300,,-157.8068796,21.3119626,POINT (-157.8068796 21.3119626)
301,,-157.8055546,21.3130335,POINT (-157.8055546 21.3130335)
302,,-157.8557027,21.3216956,POINT (-157.8557027 21.3216956)
303,,-157.8552832,21.3211969,POINT (-157.8552832 21.3211969)
304,,-157.8546159,21.3177976,POINT (-157.8546159 21.3177976)
305,,-157.8548662,21.317571,POINT (-157.8548662 21.317571)
306,,-157.8539656,21.318521,POINT (-157.8539656 21.318521)
307,,-157.8526472,21.3320815,POINT (-157.8526472 21.3320815)
308,,-157.8546041,21.3315698,POINT (-157.8546041 21.3315698)
309,,-157.85106,21.3336579,POINT (-157.85106 21.3336579)
310,,-157.8394549,21.3245399,POINT (-157.8394549 21.3245399)
311,,-157.8469759,21.3172525,POINT (-157.8469759 21.3172525)
312,,-157.8489964,21.3176769,POINT (-157.8489964 21.3176769)
313,,-157.8420584,21.3162098,POINT (-157.8420584 21.3162098)
314,,-157.7353004,21.284281,POINT (-157.7353004 21.284281)
315,,-157.7352246,21.2840456,POINT (-157.7352246 21.2840456)
316,,-157.8734325,21.3396304,POINT (-157.8734325 21.3396304)
317,,-157.7879196,21.2677083,POINT (-157.7879196 21.2677083)
318,,-157.7885954,21.2682631,POINT (-157.7885954 21.2682631)
319,,-157.787241,21.2671784,POINT (-157.787241 21.2671784)
320,,-157.7891354,21.268918,POINT (-157.7891354 21.268918)
321,,-157.7890336,21.2723197,POINT (-157.7890336 21.2723197)
322,,-157.7888558,21.2731423,POINT (-157.7888558 21.2731423)
323,,-157.7893389,21.2708967,POINT (-157.7893389 21.2708967)
324,,-157.7886772,21.2739682,POINT (-157.7886772 21.2739682)
325,,-157.7883181,21.2740261,POINT (-157.7883181 21.2740261)
326,,-157.7895594,21.2740256,POINT (-157.7895594 21.2740256)
327,,-157.7885797,21.2742536,POINT (-157.7885797 21.2742536)
328,,-157.8864453,21.3228514,POINT (-157.8864453 21.3228514)
329,,-157.8869252,21.3223595,POINT (-157.8869252 21.3223595)
330,,-157.8446454,21.2986614,POINT (-157.8446454 21.2986614)
331,,-157.8390066,21.2952076,POINT (-157.8390066 21.2952076)
332,,-157.8384754,21.2969004,POINT (-157.8384754 21.2969004)
333,,-157.839079,21.2944515,POINT (-157.839079 21.2944515)
334,,-157.8400088,21.2956582,POINT (-157.8400088 21.2956582)
335,,-157.8415713,21.3043117,POINT (-157.8415713 21.3043117)
336,,-157.840889,21.3050008,POINT (-157.840889 21.3050008)
337,,-157.840159,21.305686,POINT (-157.840159 21.305686)
338,,-157.9263838,21.3612048,POINT (-157.9263838 21.3612048)
339,,-157.9271127,21.3610406,POINT (-157.9271127 21.3610406)
340,,-157.8572971,21.3182634,POINT (-157.8572971 21.3182634)
341,,-157.8577977,21.3189284,POINT (-157.8577977 21.3189284)
342,,-157.8585248,21.3198108,POINT (-157.8585248 21.3198108)
343,,-157.8599655,21.3216041,POINT (-157.8599655 21.3216041)
344,,-157.8421377,21.2938201,POINT (-157.8421377 21.2938201)
345,,-157.8424536,21.2930812,POINT (-157.8424536 21.2930812)
346,,-157.8277238,21.2808154,POINT (-157.8277238 21.2808154)
347,,-157.8007447,21.2933858,POINT (-157.8007447 21.2933858)
348,,-157.8013394,21.2925095,POINT (-157.8013394 21.2925095)
349,,-157.8004398,21.2938468,POINT (-157.8004398 21.2938468)
350,,-157.8415003,21.2955063,POINT (-157.8415003 21.2955063)
351,,-157.8105589,21.3134108,POINT (-157.8105589 21.3134108)
352,,-157.8100794,21.3127789,POINT (-157.8100794 21.3127789)
353,,-157.8110464,21.3140532,POINT (-157.8110464 21.3140532)
354,,-157.8637016,21.310205,POINT (-157.8637016 21.310205)
355,,-157.8642242,21.3099812,POINT (-157.8642242 21.3099812)
356,,-157.8529183,21.3196756,POINT (-157.8529183 21.3196756)
357,,-157.8523512,21.3202867,POINT (-157.8523512 21.3202867)
358,,-157.8533647,21.3192039,POINT (-157.8533647 21.3192039)
359,,-157.841211,21.2961947,POINT (-157.841211 21.2961947)
360,,-157.8422275,21.2966064,POINT (-157.8422275 21.2966064)
361,,-157.8216421,21.3039878,POINT (-157.8216421 21.3039878)
362,,-157.8217337,21.30348,POINT (-157.8217337 21.30348)
363,,-157.8214651,21.3044851,POINT (-157.8214651 21.3044851)
364,,-157.8550329,21.3208937,POINT (-157.8550329 21.3208937)
365,,-157.8405579,21.2977737,POINT (-157.8405579 21.2977737)
366,,-157.850173,21.339833,POINT (-157.850173 21.339833)
367,,-157.849356,21.339833,POINT (-157.849356 21.339833)
368,,-157.8510286,21.3396056,POINT (-157.8510286 21.3396056)
369,,-157.8509026,21.3394057,POINT (-157.8509026 21.3394057)
370,,-157.8518433,21.3373404,POINT (-157.8518433 21.3373404)
371,,-157.9201703,21.3450069,POINT (-157.9201703 21.3450069)
372,,-157.9215973,21.3456365,POINT (-157.9215973 21.3456365)
373,,-157.9183175,21.3442715,POINT (-157.9183175 21.3442715)
374,,-157.8592925,21.326184,POINT (-157.8592925 21.326184)
375,,-157.8603417,21.3277972,POINT (-157.8603417 21.3277972)
376,,-157.8834431,21.3379863,POINT (-157.8834431 21.3379863)
377,,-157.8837356,21.3383376,POINT (-157.8837356 21.3383376)
378,,-157.8579773,21.3242541,POINT (-157.8579773 21.3242541)
379,,-157.8002668,21.2940972,POINT (-157.8002668 21.2940972)
380,,-157.7950972,21.2746138,POINT (-157.7950972 21.2746138)
381,,-157.7950889,21.2766561,POINT (-157.7950889 21.2766561)
382,,-157.8030972,21.2899227,POINT (-157.8030972 21.2899227)
383,,-157.8028394,21.2903214,POINT (-157.8028394 21.2903214)
384,,-157.8035052,21.2892986,POINT (-157.8035052 21.2892986)
385,,-157.8747956,21.3172722,POINT (-157.8747956 21.3172722)
386,,-157.8752187,21.3170973,POINT (-157.8752187 21.3170973)
387,,-157.8699661,21.3201825,POINT (-157.8699661 21.3201825)
388,,-157.8753425,21.3174074,POINT (-157.8753425 21.3174074)
389,,-157.8333054,21.3124786,POINT (-157.8333054 21.3124786)
390,,-157.8344484,21.3137843,POINT (-157.8344484 21.3137843)
391,,-157.8323824,21.3106489,POINT (-157.8323824 21.3106489)
392,,-157.8330348,21.3156064,POINT (-157.8330348 21.3156064)
393,,-157.8402637,21.2984937,POINT (-157.8402637 21.2984937)
394,,-157.7914828,21.2748366,POINT (-157.7914828 21.2748366)
395,,-157.7910527,21.2746212,POINT (-157.7910527 21.2746212)
396,,-157.9040883,21.3594573,POINT (-157.9040883 21.3594573)
397,,-157.9056023,21.3654257,POINT (-157.9056023 21.3654257)
398,,-157.9068775,21.3576013,POINT (-157.9068775 21.3576013)
399,,-157.839898,21.2993495,POINT (-157.839898 21.2993495)
400,,-157.8380591,21.2977105,POINT (-157.8380591 21.2977105)
401,,-157.8550631,21.3173648,POINT (-157.8550631 21.3173648)
402,,-157.8395416,21.3002177,POINT (-157.8395416 21.3002177)
403,,-157.880517,21.3404442,POINT (-157.880517 21.3404442)
404,,-157.9284721,21.3478898,POINT (-157.9284721 21.3478898)
405,,-157.9278975,21.3471241,POINT (-157.9278975 21.3471241)
406,,-157.9293572,21.3493137,POINT (-157.9293572 21.3493137)
407,,-157.8611931,21.3502309,POINT (-157.8611931 21.3502309)
408,,-157.861405,21.3502671,POINT (-157.861405 21.3502671)
409,,-157.8609184,21.3502868,POINT (-157.8609184 21.3502868)
410,,-157.8391159,21.3011445,POINT (-157.8391159 21.3011445)
411,,-157.8402558,21.3005077,POINT (-157.8402558 21.3005077)
412,,-157.8873928,21.335644,POINT (-157.8873928 21.335644)
413,,-157.8796987,21.3360575,POINT (-157.8796987 21.3360575)
414,,-157.8759899,21.3350368,POINT (-157.8759899 21.3350368)
415,,-157.8728632,21.3330874,POINT (-157.8728632 21.3330874)
416,,-157.8710131,21.3312493,POINT (-157.8710131 21.3312493)
417,,-157.867321,21.3261938,POINT (-157.867321 21.3261938)
418,,-157.8585059,21.3191646,POINT (-157.8585059 21.3191646)
419,,-157.8667673,21.3252695,POINT (-157.8667673 21.3252695)
420,,-157.8527864,21.3118251,POINT (-157.8527864 21.3118251)
421,,-157.851704,21.3087289,POINT (-157.851704 21.3087289)
422,,-157.8480628,21.3053786,POINT (-157.8480628 21.3053786)
423,,-157.8508682,21.3057996,POINT (-157.8508682 21.3057996)
424,,-157.8464974,21.3048501,POINT (-157.8464974 21.3048501)
425,,-157.8364929,21.3020723,POINT (-157.8364929 21.3020723)
426,,-157.8340567,21.3007551,POINT (-157.8340567 21.3007551)
427,,-157.8286737,21.297834,POINT (-157.8286737 21.297834)
428,,-157.8278165,21.297408,POINT (-157.8278165 21.297408)
429,,-157.8375806,21.3033818,POINT (-157.8375806 21.3033818)
430,,-157.8213058,21.2945062,POINT (-157.8213058 21.2945062)
431,,-157.8209707,21.2942353,POINT (-157.8209707 21.2942353)
432,,-157.8212022,21.2941953,POINT (-157.8212022 21.2941953)
433,,-157.8184276,21.291293,POINT (-157.8184276 21.291293)
434,,-157.8158608,21.2896721,POINT (-157.8158608 21.2896721)
435,,-157.8124785,21.287237,POINT (-157.8124785 21.287237)
436,,-157.809856,21.2851233,POINT (-157.809856 21.2851233)
437,,-157.7928734,21.2788721,POINT (-157.7928734 21.2788721)
438,,-157.8036063,21.282084,POINT (-157.8036063 21.282084)
439,,-157.8100483,21.2853797,POINT (-157.8100483 21.2853797)
440,,-157.819017,21.2921527,POINT (-157.819017 21.2921527)
441,,-157.8199178,21.293298,POINT (-157.8199178 21.293298)
442,,-157.8214236,21.2947409,POINT (-157.8214236 21.2947409)
443,,-157.8225333,21.2954082,POINT (-157.8225333 21.2954082)
444,,-157.8765871,21.3354181,POINT (-157.8765871 21.3354181)
445,,-157.8795544,21.3362695,POINT (-157.8795544 21.3362695)
446,,-157.882014,21.3369475,POINT (-157.882014 21.3369475)
447,,-157.8877071,21.3356419,POINT (-157.8877071 21.3356419)
448,,-157.8949039,21.3347963,POINT (-157.8949039 21.3347963)
449,,-157.8957746,21.334697,POINT (-157.8957746 21.334697)
450,,-157.8015781,21.2808714,POINT (-157.8015781 21.2808714)
451,,-157.807429,21.2836299,POINT (-157.807429 21.2836299)
452,,-157.7805411,21.2780102,POINT (-157.7805411 21.2780102)
453,,-157.7887428,21.278832,POINT (-157.7887428 21.278832)
454,,-157.8372363,21.3038003,POINT (-157.8372363 21.3038003)
455,,-157.8370749,21.3039765,POINT (-157.8370749 21.3039765)
456,,-157.7888583,21.2787456,POINT (-157.7888583 21.2787456)
457,,-157.7803183,21.2778442,POINT (-157.7803183 21.2778442)
458,,-157.7797338,21.2777765,POINT (-157.7797338 21.2777765)
459,,-157.79127,21.2793452,POINT (-157.79127 21.2793452)
460,,-157.7915302,21.2793273,POINT (-157.7915302 21.2793273)
461,,-157.7895457,21.2790745,POINT (-157.7895457 21.2790745)
462,,-157.8206062,21.2950062,POINT (-157.8206062 21.2950062)
463,,-157.823822,21.2960976,POINT (-157.823822 21.2960976)
464,,-157.8247136,21.2967574,POINT (-157.8247136 21.2967574)
465,,-157.8320661,21.2997471,POINT (-157.8320661 21.2997471)
466,,-157.8366046,21.3022191,POINT (-157.8366046 21.3022191)
467,,-157.8386931,21.3025057,POINT (-157.8386931 21.3025057)
468,,-157.8400655,21.302877,POINT (-157.8400655 21.302877)
469,,-157.8473693,21.3052736,POINT (-157.8473693 21.3052736)
470,,-157.8446603,21.3045181,POINT (-157.8446603 21.3045181)
471,,-157.8456085,21.3048671,POINT (-157.8456085 21.3048671)
472,,-157.8526773,21.316451,POINT (-157.8526773 21.316451)
473,,-157.852171,21.3170746,POINT (-157.852171 21.3170746)
474,,-157.853081,21.3128773,POINT (-157.853081 21.3128773)
475,,-157.853643,21.3136215,POINT (-157.853643 21.3136215)
476,,-157.8552135,21.3152755,POINT (-157.8552135 21.3152755)
477,,-157.8562657,21.3166481,POINT (-157.8562657 21.3166481)
478,,-157.8598277,21.3210036,POINT (-157.8598277 21.3210036)
479,,-157.8839744,21.3375638,POINT (-157.8839744 21.3375638)
480,,-157.8376718,21.3034546,POINT (-157.8376718 21.3034546)
481,,-157.8580631,21.3192089,POINT (-157.8580631 21.3192089)
482,,-157.8659612,21.3251357,POINT (-157.8659612 21.3251357)
483,,-157.8666019,21.3259425,POINT (-157.8666019 21.3259425)
484,,-157.8672534,21.3263891,POINT (-157.8672534 21.3263891)
485,,-157.8680077,21.3274554,POINT (-157.8680077 21.3274554)
486,,-157.868983,21.3292354,POINT (-157.868983 21.3292354)
487,,-157.872006,21.3323493,POINT (-157.872006 21.3323493)
488,,-157.8690587,21.3293611,POINT (-157.8690587 21.3293611)
489,,-157.87081,21.3350346,POINT (-157.87081 21.3350346)
490,,-157.8722614,21.3340083,POINT (-157.8722614 21.3340083)
491,,-157.8760548,21.3351963,POINT (-157.8760548 21.3351963)
492,,-157.8738648,21.3333138,POINT (-157.8738648 21.3333138)
493,,-157.873776,21.3327488,POINT (-157.873776 21.3327488)
494,,-157.8718604,21.331892,POINT (-157.8718604 21.331892)
495,,-157.8734794,21.3325618,POINT (-157.8734794 21.3325618)
496,,-157.874131,21.3321078,POINT (-157.874131 21.3321078)
497,,-157.8739924,21.332145,POINT (-157.8739924 21.332145)
498,,-157.894831,21.3341536,POINT (-157.894831 21.3341536)
499,,-157.889701,21.3333881,POINT (-157.889701 21.3333881)
500,,-157.8991913,21.334979,POINT (-157.8991913 21.334979)
501,,-157.8844615,21.3386996,POINT (-157.8844615 21.3386996)
502,,-157.8823479,21.3371283,POINT (-157.8823479 21.3371283)
503,,-157.8829126,21.3375165,POINT (-157.8829126 21.3375165)
504,,-157.909,21.336499,POINT (-157.909 21.336499)
505,,-157.893468,21.334849,POINT (-157.893468 21.334849)
506,,-157.8966534,21.3347955,POINT (-157.8966534 21.3347955)
507,,-157.8365543,21.3044528,POINT (-157.8365543 21.3044528)
508,,-157.904696,21.3362642,POINT (-157.904696 21.3362642)
509,,-157.905218,21.3359921,POINT (-157.905218 21.3359921)
510,,-157.9129621,21.3374286,POINT (-157.9129621 21.3374286)
511,,-157.9133365,21.3371845,POINT (-157.9133365 21.3371845)
512,,-157.9048588,21.3354298,POINT (-157.9048588 21.3354298)
513,,-157.9048224,21.3354038,POINT (-157.9048224 21.3354038)
514,,-157.903632,21.3352595,POINT (-157.903632 21.3352595)
515,,-157.9189257,21.3370526,POINT (-157.9189257 21.3370526)
516,,-157.8355189,21.3055436,POINT (-157.8355189 21.3055436)
517,,-157.8351518,21.3058841,POINT (-157.8351518 21.3058841)
518,,-157.9245756,21.3387968,POINT (-157.9245756 21.3387968)
519,,-157.9280071,21.339199,POINT (-157.9280071 21.339199)
520,,-157.924923,21.3385414,POINT (-157.924923 21.3385414)
521,,-157.9283779,21.3396745,POINT (-157.9283779 21.3396745)
522,,-157.931204,21.3416711,POINT (-157.931204 21.3416711)
523,,-157.9332658,21.346456,POINT (-157.9332658 21.346456)
524,,-157.9325457,21.3518867,POINT (-157.9325457 21.3518867)
525,,-157.9278588,21.3671044,POINT (-157.9278588 21.3671044)
526,,-157.932704,21.3523166,POINT (-157.932704 21.3523166)
527,,-157.9304647,21.3418429,POINT (-157.9304647 21.3418429)
528,,-157.9330752,21.3477748,POINT (-157.9330752 21.3477748)
529,,-157.9339181,21.3473593,POINT (-157.9339181 21.3473593)
530,,-157.8362874,21.304695,POINT (-157.8362874 21.304695)
531,,-157.9274913,21.3673271,POINT (-157.9274913 21.3673271)
532,,-157.9319902,21.3442406,POINT (-157.9319902 21.3442406)
533,,-157.9148322,21.3355672,POINT (-157.9148322 21.3355672)
534,,-157.9146822,21.3359948,POINT (-157.9146822 21.3359948)
535,,-157.9156947,21.3376806,POINT (-157.9156947 21.3376806)
536,,-157.9338579,21.3462829,POINT (-157.9338579 21.3462829)
537,,-157.9310179,21.3410728,POINT (-157.9310179 21.3410728)
538,,-157.9332903,21.3431884,POINT (-157.9332903 21.3431884)
539,,-157.8908919,21.3329249,POINT (-157.8908919 21.3329249)
540,,-157.8898801,21.3324311,POINT (-157.8898801 21.3324311)
541,,-157.8939438,21.3336225,POINT (-157.8939438 21.3336225)
542,,-157.8878945,21.3326532,POINT (-157.8878945 21.3326532)
543,,-157.896856,21.3341923,POINT (-157.896856 21.3341923)
544,,-157.8919094,21.3330016,POINT (-157.8919094 21.3330016)
545,,-157.856538,21.3167662,POINT (-157.856538 21.3167662)
546,,-157.855074,21.314523,POINT (-157.855074 21.314523)
547,,-157.854864,21.3146066,POINT (-157.854864 21.3146066)
548,,-157.8536279,21.3128763,POINT (-157.8536279 21.3128763)
549,,-157.8386266,21.3023903,POINT (-157.8386266 21.3023903)
550,,-157.7847823,21.2811033,POINT (-157.7847823 21.2811033)
551,,-157.7846318,21.2804951,POINT (-157.7846318 21.2804951)
552,,-157.7854532,21.282137,POINT (-157.7854532 21.282137)
553,,-157.8341765,21.3068207,POINT (-157.8341765 21.3068207)
554,,-157.8332271,21.3077196,POINT (-157.8332271 21.3077196)
555,,-157.8018152,21.2689835,POINT (-157.8018152 21.2689835)
556,,-157.8012404,21.2685978,POINT (-157.8012404 21.2685978)
557,,-157.8035033,21.2696231,POINT (-157.8035033 21.2696231)
558,,-157.8148766,21.2762956,POINT (-157.8148766 21.2762956)
559,,-157.8150192,21.276065,POINT (-157.8150192 21.276065)
560,,-157.8144431,21.2770881,POINT (-157.8144431 21.2770881)
561,,-157.8135487,21.2780185,POINT (-157.8135487 21.2780185)
562,,-157.8138849,21.2781032,POINT (-157.8138849 21.2781032)
563,,-157.8171418,21.2898502,POINT (-157.8171418 21.2898502)
564,,-157.8350316,21.3059704,POINT (-157.8350316 21.3059704)
565,,-157.8134387,21.2779011,POINT (-157.8134387 21.2779011)
566,,-157.8138619,21.2783339,POINT (-157.8138619 21.2783339)
567,,-157.8338495,21.3082203,POINT (-157.8338495 21.3082203)
568,,-157.7495208,21.2787432,POINT (-157.7495208 21.2787432)
569,,-157.7494761,21.2785465,POINT (-157.7494761 21.2785465)
570,,-157.7498289,21.2796019,POINT (-157.7498289 21.2796019)
571,,-157.7517049,21.2783469,POINT (-157.7517049 21.2783469)
572,,-157.7509425,21.2819462,POINT (-157.7509425 21.2819462)
573,,-157.7508871,21.2818293,POINT (-157.7508871 21.2818293)
574,,-157.7512389,21.2825613,POINT (-157.7512389 21.2825613)
575,,-157.8319834,21.306741,POINT (-157.8319834 21.306741)
576,,-157.7300195,21.2832031,POINT (-157.7300195 21.2832031)
577,,-157.7306784,21.2828714,POINT (-157.7306784 21.2828714)
578,,-157.7234138,21.2884809,POINT (-157.7234138 21.2884809)
579,,-157.7234691,21.2891532,POINT (-157.7234691 21.2891532)
580,,-157.7233883,21.2883211,POINT (-157.7233883 21.2883211)
581,,-157.8104469,21.3096867,POINT (-157.8104469 21.3096867)
582,,-157.8133245,21.308206,POINT (-157.8133245 21.308206)
583,,-157.8647507,21.3235443,POINT (-157.8647507 21.3235443)
584,,-157.8652779,21.3242359,POINT (-157.8652779 21.3242359)
585,,-157.8648628,21.32345,POINT (-157.8648628 21.32345)
586,,-157.8638304,21.324204,POINT (-157.8638304 21.324204)
587,,-157.8652843,21.3231208,POINT (-157.8652843 21.3231208)
588,,-157.8636576,21.3217911,POINT (-157.8636576 21.3217911)
589,,-157.8713452,21.3144633,POINT (-157.8713452 21.3144633)
590,,-157.871781,21.3155109,POINT (-157.871781 21.3155109)
591,,-157.8707961,21.3136571,POINT (-157.8707961 21.3136571)
592,,-157.871888,21.3138134,POINT (-157.871888 21.3138134)
593,,-157.8650482,21.3130769,POINT (-157.8650482 21.3130769)
594,,-157.8650762,21.3136435,POINT (-157.8650762 21.3136435)
595,,-157.8642131,21.3135693,POINT (-157.8642131 21.3135693)
596,,-157.8671852,21.3140934,POINT (-157.8671852 21.3140934)
597,,-157.8663492,21.3141283,POINT (-157.8663492 21.3141283)
598,,-157.867053,21.3144096,POINT (-157.867053 21.3144096)
599,,-157.8650164,21.3121863,POINT (-157.8650164 21.3121863)
600,,-157.864724,21.3111823,POINT (-157.864724 21.3111823)
601,,-157.8269327,21.2875592,POINT (-157.8269327 21.2875592)
602,,-157.8268911,21.287683,POINT (-157.8268911 21.287683)
603,,-157.8264504,21.2874834,POINT (-157.8264504 21.2874834)
604,,-157.795979,21.3642769,POINT (-157.795979 21.3642769)
605,,-157.7952308,21.3651672,POINT (-157.7952308 21.3651672)
606,,-157.791676,21.288062,POINT (-157.791676 21.288062)
607,,-157.7937605,21.2889264,POINT (-157.7937605 21.2889264)
608,,-157.8412313,21.3072856,POINT (-157.8412313 21.3072856)
609,,-157.8653016,21.3437323,POINT (-157.8653016 21.3437323)
610,,-157.8648027,21.3442296,POINT (-157.8648027 21.3442296)
611,,-157.7946317,21.2873983,POINT (-157.7946317 21.2873983)
612,,-157.8014497,21.2923449,POINT (-157.8014497 21.2923449)
613,,-157.8015412,21.2922109,POINT (-157.8015412 21.2922109)
614,,-157.8092539,21.2879669,POINT (-157.8092539 21.2879669)
615,,-157.8080889,21.2873772,POINT (-157.8080889 21.2873772)
616,,-157.8104067,21.2885546,POINT (-157.8104067 21.2885546)
617,,-157.8121784,21.2878403,POINT (-157.8121784 21.2878403)
618,,-157.8122915,21.2875655,POINT (-157.8122915 21.2875655)
619,,-157.8657088,21.3431285,POINT (-157.8657088 21.3431285)
620,,-157.803594,21.2891682,POINT (-157.803594 21.2891682)
621,,-157.8045628,21.2883291,POINT (-157.8045628 21.2883291)
622,,-157.7981389,21.258971,POINT (-157.7981389 21.258971)
623,,-157.795703,21.2594113,POINT (-157.795703 21.2594113)
624,,-157.9034731,21.3669161,POINT (-157.9034731 21.3669161)
625,,-157.9089038,21.368406,POINT (-157.9089038 21.368406)
626,,-157.898469,21.3559356,POINT (-157.898469 21.3559356)
627,,-157.896375,21.352787,POINT (-157.896375 21.352787)
628,,-157.8992279,21.360168,POINT (-157.8992279 21.360168)
629,,-157.8990959,21.3602493,POINT (-157.8990959 21.3602493)
630,,-157.8985715,21.360115,POINT (-157.8985715 21.360115)
631,,-157.8985333,21.3604278,POINT (-157.8985333 21.3604278)
632,,-157.8984549,21.3607883,POINT (-157.8984549 21.3607883)
633,,-157.8941397,21.3460505,POINT (-157.8941397 21.3460505)
634,,-157.8946098,21.344999,POINT (-157.8946098 21.344999)
635,,-157.8932848,21.3448744,POINT (-157.8932848 21.3448744)
636,,-157.8910364,21.3430877,POINT (-157.8910364 21.3430877)
637,,-157.8895491,21.3418644,POINT (-157.8895491 21.3418644)
638,,-157.888103,21.3423151,POINT (-157.888103 21.3423151)
639,,-157.7993042,21.2587265,POINT (-157.7993042 21.2587265)
640,,-157.8965798,21.3503669,POINT (-157.8965798 21.3503669)
641,,-157.8941115,21.3462851,POINT (-157.8941115 21.3462851)
642,,-157.7968005,21.2605472,POINT (-157.7968005 21.2605472)
643,,-157.8937416,21.3530457,POINT (-157.8937416 21.3530457)
644,,-157.8943813,21.3513014,POINT (-157.8943813 21.3513014)
645,,-157.8940071,21.3537964,POINT (-157.8940071 21.3537964)
646,,-157.8959244,21.3482251,POINT (-157.8959244 21.3482251)
647,,-157.8917305,21.3434312,POINT (-157.8917305 21.3434312)
648,,-157.886155,21.3409321,POINT (-157.886155 21.3409321)
649,,-157.8844049,21.338061,POINT (-157.8844049 21.338061)
650,,-157.7950346,21.2595317,POINT (-157.7950346 21.2595317)
651,,-157.8878556,21.3425518,POINT (-157.8878556 21.3425518)
652,,-157.8918122,21.3438202,POINT (-157.8918122 21.3438202)
653,,-157.9122257,21.3437077,POINT (-157.9122257 21.3437077)
654,,-157.9130541,21.3437283,POINT (-157.9130541 21.3437283)
655,,-157.9020997,21.345831,POINT (-157.9020997 21.345831)
656,,-157.9056687,21.3460937,POINT (-157.9056687 21.3460937)
657,,-157.9018528,21.3458653,POINT (-157.9018528 21.3458653)
658,,-157.8753437,21.3170495,POINT (-157.8753437 21.3170495)
659,,-157.8726368,21.3139339,POINT (-157.8726368 21.3139339)
660,,-157.8750747,21.3168097,POINT (-157.8750747 21.3168097)
661,,-157.8730874,21.313559,POINT (-157.8730874 21.313559)
662,,-157.8789195,21.3212136,POINT (-157.8789195 21.3212136)
663,,-157.8792646,21.3215565,POINT (-157.8792646 21.3215565)
664,,-157.8788822,21.3218445,POINT (-157.8788822 21.3218445)
665,,-157.8793149,21.3216096,POINT (-157.8793149 21.3216096)
666,,-157.8820585,21.3243174,POINT (-157.8820585 21.3243174)
667,,-157.8821448,21.3242283,POINT (-157.8821448 21.3242283)
668,,-157.8822187,21.3244523,POINT (-157.8822187 21.3244523)
669,,-157.881919,21.3244049,POINT (-157.881919 21.3244049)
670,,-157.8836595,21.3257068,POINT (-157.8836595 21.3257068)
671,,-157.8837736,21.3255899,POINT (-157.8837736 21.3255899)
672,,-157.8835738,21.3257947,POINT (-157.8835738 21.3257947)
673,,-157.8838339,21.3258529,POINT (-157.8838339 21.3258529)
674,,-157.8853642,21.3271344,POINT (-157.8853642 21.3271344)
675,,-157.8854553,21.3270575,POINT (-157.8854553 21.3270575)
676,,-157.8849706,21.327538,POINT (-157.8849706 21.327538)
677,,-157.8865185,21.3288041,POINT (-157.8865185 21.3288041)
678,,-157.8895127,21.3324212,POINT (-157.8895127 21.3324212)
679,,-157.8168227,21.2894673,POINT (-157.8168227 21.2894673)
680,,-157.8164858,21.2893129,POINT (-157.8164858 21.2893129)
681,,-157.793849,21.2597633,POINT (-157.793849 21.2597633)
682,,-157.8873017,21.3324176,POINT (-157.8873017 21.3324176)
683,,-157.9000649,21.3348164,POINT (-157.9000649 21.3348164)
684,,-157.8984511,21.3346037,POINT (-157.8984511 21.3346037)
685,,-157.8681489,21.3352178,POINT (-157.8681489 21.3352178)
686,,-157.8685602,21.3348872,POINT (-157.8685602 21.3348872)
687,,-157.8675287,21.3359166,POINT (-157.8675287 21.3359166)
688,,-157.8688324,21.335208,POINT (-157.8688324 21.335208)
689,,-157.86776,21.3388355,POINT (-157.86776 21.3388355)
690,,-157.8677375,21.3391604,POINT (-157.8677375 21.3391604)
691,,-157.8675658,21.3386031,POINT (-157.8675658 21.3386031)
692,,-157.9063136,21.3357607,POINT (-157.9063136 21.3357607)
693,,-157.8844461,21.3309263,POINT (-157.8844461 21.3309263)
694,,-157.8872326,21.3325275,POINT (-157.8872326 21.3325275)
695,,-157.8828986,21.3298331,POINT (-157.8828986 21.3298331)
696,,-157.8830453,21.3297471,POINT (-157.8830453 21.3297471)
697,,-157.9189379,21.3373237,POINT (-157.9189379 21.3373237)
698,,-157.918627,21.3364414,POINT (-157.918627 21.3364414)
699,,-157.9211827,21.3345359,POINT (-157.9211827 21.3345359)
700,,-157.9210201,21.3349132,POINT (-157.9210201 21.3349132)
701,,-157.9094225,21.3326338,POINT (-157.9094225 21.3326338)
702,,-157.9117176,21.3331243,POINT (-157.9117176 21.3331243)
703,,-157.7926989,21.2600192,POINT (-157.7926989 21.2600192)
704,,-157.8989312,21.3345355,POINT (-157.8989312 21.3345355)
705,,-157.8988412,21.3350079,POINT (-157.8988412 21.3350079)
706,,-157.9227469,21.338187,POINT (-157.9227469 21.338187)
707,,-157.9224481,21.3381427,POINT (-157.9224481 21.3381427)
708,,-157.9309769,21.3403418,POINT (-157.9309769 21.3403418)
709,,-157.811593,21.3539923,POINT (-157.811593 21.3539923)
710,,-157.8115681,21.3538803,POINT (-157.8115681 21.3538803)
711,,-157.8326216,21.3425562,POINT (-157.8326216 21.3425562)
712,,-157.8325866,21.3424729,POINT (-157.8325866 21.3424729)
713,,-157.8342649,21.3406609,POINT (-157.8342649 21.3406609)
714,,-157.8359225,21.3391169,POINT (-157.8359225 21.3391169)
715,,-157.8370544,21.3381301,POINT (-157.8370544 21.3381301)
716,,-157.8374988,21.3377594,POINT (-157.8374988 21.3377594)
717,,-157.8383335,21.3370788,POINT (-157.8383335 21.3370788)
718,,-157.8453544,21.3256448,POINT (-157.8453544 21.3256448)
719,,-157.8461328,21.3235955,POINT (-157.8461328 21.3235955)
720,,-157.8501449,21.3198307,POINT (-157.8501449 21.3198307)
721,,-157.8501066,21.3201204,POINT (-157.8501066 21.3201204)
722,,-157.851542,21.3181302,POINT (-157.851542 21.3181302)
723,,-157.8528869,21.3164421,POINT (-157.8528869 21.3164421)
724,,-157.8541481,21.3150379,POINT (-157.8541481 21.3150379)
725,,-157.8477806,21.3215826,POINT (-157.8477806 21.3215826)
726,,-157.8454953,21.3269971,POINT (-157.8454953 21.3269971)
727,,-157.8539115,21.2930821,POINT (-157.8539115 21.2930821)
728,,-157.8541094,21.2929779,POINT (-157.8541094 21.2929779)
729,,-157.8533461,21.2934339,POINT (-157.8533461 21.2934339)
730,,-157.8573616,21.2948568,POINT (-157.8573616 21.2948568)
731,,-157.8612178,21.2970116,POINT (-157.8612178 21.2970116)
732,,-157.8615618,21.2973698,POINT (-157.8615618 21.2973698)
733,,-157.790596,21.2604432,POINT (-157.790596 21.2604432)
734,,-157.859963,21.2960402,POINT (-157.859963 21.2960402)
735,,-157.8608716,21.2966453,POINT (-157.8608716 21.2966453)
736,,-157.8630156,21.3061636,POINT (-157.8630156 21.3061636)
737,,-157.8621343,21.3068548,POINT (-157.8621343 21.3068548)
738,,-157.8635996,21.3070394,POINT (-157.8635996 21.3070394)
739,,-157.8637346,21.3069497,POINT (-157.8637346 21.3069497)
740,,-157.8642131,21.3081682,POINT (-157.8642131 21.3081682)
741,,-157.8641673,21.3089501,POINT (-157.8641673 21.3089501)
742,,-157.8641435,21.3095359,POINT (-157.8641435 21.3095359)
743,,-157.8638586,21.3094996,POINT (-157.8638586 21.3094996)
744,,-157.8644067,21.3099014,POINT (-157.8644067 21.3099014)
745,,-157.8645247,21.3106825,POINT (-157.8645247 21.3106825)
746,,-157.8639465,21.3109392,POINT (-157.8639465 21.3109392)
747,,-157.8578018,21.295024,POINT (-157.8578018 21.295024)
748,,-157.8574574,21.2952693,POINT (-157.8574574 21.2952693)
749,,-157.8579037,21.2949455,POINT (-157.8579037 21.2949455)
750,,-157.8629957,21.2995134,POINT (-157.8629957 21.2995134)
751,,-157.8622893,21.3000155,POINT (-157.8622893 21.3000155)
752,,-157.8630847,21.2994276,POINT (-157.8630847 21.2994276)
753,,-157.8631333,21.3009996,POINT (-157.8631333 21.3009996)
754,,-157.8623799,21.2982654,POINT (-157.8623799 21.2982654)
755,,-157.860959,21.2965892,POINT (-157.860959 21.2965892)
756,,-157.859952,21.2973581,POINT (-157.859952 21.2973581)
757,,-157.8632442,21.3019376,POINT (-157.8632442 21.3019376)
758,,-157.8632973,21.3023665,POINT (-157.8632973 21.3023665)
759,,-157.8633626,21.3018943,POINT (-157.8633626 21.3018943)
760,,-157.8634769,21.3031566,POINT (-157.8634769 21.3031566)
761,,-157.8535362,21.3095328,POINT (-157.8535362 21.3095328)
762,,-157.8540253,21.3100122,POINT (-157.8540253 21.3100122)
763,,-157.8543089,21.3103079,POINT (-157.8543089 21.3103079)
764,,-157.8583991,21.3154705,POINT (-157.8583991 21.3154705)
765,,-157.8585735,21.315361,POINT (-157.8585735 21.315361)
766,,-157.8599547,21.3172559,POINT (-157.8599547 21.3172559)
767,,-157.794982,21.2666902,POINT (-157.794982 21.2666902)
768,,-157.7945572,21.2674253,POINT (-157.7945572 21.2674253)
769,,-157.7900296,21.2606991,POINT (-157.7900296 21.2606991)
770,,-157.8600699,21.3171712,POINT (-157.8600699 21.3171712)
771,,-157.8621049,21.3199693,POINT (-157.8621049 21.3199693)
772,,-157.8621898,21.3198787,POINT (-157.8621898 21.3198787)
773,,-157.861289,21.3205818,POINT (-157.861289 21.3205818)
774,,-157.8635127,21.3218656,POINT (-157.8635127 21.3218656)
775,,-157.8578364,21.3118852,POINT (-157.8578364 21.3118852)
776,,-157.8587451,21.3105953,POINT (-157.8587451 21.3105953)
777,,-157.85708,21.3124345,POINT (-157.85708 21.3124345)
778,,-157.8576513,21.312014,POINT (-157.8576513 21.312014)
779,,-157.8578363,21.3120197,POINT (-157.8578363 21.3120197)
780,,-157.8549125,21.3143292,POINT (-157.8549125 21.3143292)
781,,-157.854806,21.3142265,POINT (-157.854806 21.3142265)
782,,-157.8550957,21.3141541,POINT (-157.8550957 21.3141541)
783,,-157.8581076,21.3114724,POINT (-157.8581076 21.3114724)
784,,-157.8565822,21.3128183,POINT (-157.8565822 21.3128183)
785,,-157.8564697,21.3126957,POINT (-157.8564697 21.3126957)
786,,-157.8523554,21.3171193,POINT (-157.8523554 21.3171193)
787,,-157.851781,21.3178367,POINT (-157.851781 21.3178367)
788,,-157.8447308,21.3299778,POINT (-157.8447308 21.3299778)
789,,-157.8453638,21.3291246,POINT (-157.8453638 21.3291246)
790,,-157.8413312,21.3341758,POINT (-157.8413312 21.3341758)
791,,-157.8438721,21.3309635,POINT (-157.8438721 21.3309635)
792,,-157.8456418,21.3290144,POINT (-157.8456418 21.3290144)
793,,-157.8455862,21.3288072,POINT (-157.8455862 21.3288072)
794,,-157.8402516,21.3356792,POINT (-157.8402516 21.3356792)
795,,-157.8341429,21.3405541,POINT (-157.8341429 21.3405541)
796,,-157.8329775,21.3419075,POINT (-157.8329775 21.3419075)
797,,-157.7895097,21.2620952,POINT (-157.7895097 21.2620952)
798,,-157.8357223,21.2850521,POINT (-157.8357223 21.2850521)
799,,-157.8357402,21.284911,POINT (-157.8357402 21.284911)
800,,-157.838797,21.2856088,POINT (-157.838797 21.2856088)
801,,-157.8350044,21.2862758,POINT (-157.8350044 21.2862758)
802,,-157.8477385,21.2909759,POINT (-157.8477385 21.2909759)
803,,-157.8479136,21.2910401,POINT (-157.8479136 21.2910401)
804,,-157.8468777,21.2931625,POINT (-157.8468777 21.2931625)
805,,-157.8507317,21.2919374,POINT (-157.8507317 21.2919374)
806,,-157.85075,21.2918076,POINT (-157.85075 21.2918076)
807,,-157.7872229,21.2621149,POINT (-157.7872229 21.2621149)
808,,-157.8506058,21.2927897,POINT (-157.8506058 21.2927897)
809,,-157.8339975,21.2885837,POINT (-157.8339975 21.2885837)
810,,-157.8346418,21.2885532,POINT (-157.8346418 21.2885532)
811,,-157.8174229,21.2885965,POINT (-157.8174229 21.2885965)
812,,-157.8207145,21.2849891,POINT (-157.8207145 21.2849891)
813,,-157.821083,21.2853341,POINT (-157.821083 21.2853341)
814,,-157.8181598,21.282773,POINT (-157.8181598 21.282773)
815,,-157.8260686,21.2874512,POINT (-157.8260686 21.2874512)
816,,-157.8259371,21.2875789,POINT (-157.8259371 21.2875789)
817,,-157.8247107,21.2875544,POINT (-157.8247107 21.2875544)
818,,-157.8289038,21.2881971,POINT (-157.8289038 21.2881971)
819,,-157.8277587,21.2877931,POINT (-157.8277587 21.2877931)
820,,-157.827712,21.287923,POINT (-157.827712 21.287923)
821,,-157.8300823,21.2886111,POINT (-157.8300823 21.2886111)
822,,-157.8398691,21.3167524,POINT (-157.8398691 21.3167524)
823,,-157.8396135,21.3166963,POINT (-157.8396135 21.3166963)
824,,-157.7857209,21.2629468,POINT (-157.7857209 21.2629468)
825,,-157.8407471,21.3167716,POINT (-157.8407471 21.3167716)
826,,-157.8810988,21.3234016,POINT (-157.8810988 21.3234016)
827,,-157.881851,21.3241416,POINT (-157.881851 21.3241416)
828,,-157.8805046,21.307138,POINT (-157.8805046 21.307138)
829,,-157.8859483,21.3096125,POINT (-157.8859483 21.3096125)
830,,-157.876876,21.3063218,POINT (-157.876876 21.3063218)
831,,-157.8912519,21.3230115,POINT (-157.8912519 21.3230115)
832,,-157.8913473,21.3230854,POINT (-157.8913473 21.3230854)
833,,-157.8901804,21.3244048,POINT (-157.8901804 21.3244048)
834,,-157.8897377,21.3222721,POINT (-157.8897377 21.3222721)
835,,-157.8895748,21.3251209,POINT (-157.8895748 21.3251209)
836,,-157.7955742,21.2656424,POINT (-157.7955742 21.2656424)
837,,-157.7843893,21.2639193,POINT (-157.7843893 21.2639193)
838,,-157.8897031,21.325212,POINT (-157.8897031 21.325212)
839,,-157.8886226,21.3263423,POINT (-157.8886226 21.3263423)
840,,-157.8878997,21.3272794,POINT (-157.8878997 21.3272794)
841,,-157.8872982,21.328013,POINT (-157.8872982 21.328013)
842,,-157.886711,21.3286157,POINT (-157.886711 21.3286157)
843,,-157.8861373,21.3277134,POINT (-157.8861373 21.3277134)
844,,-157.882436,21.3364726,POINT (-157.882436 21.3364726)
845,,-157.8191748,21.2600447,POINT (-157.8191748 21.2600447)
846,,-157.8187074,21.260008,POINT (-157.8187074 21.260008)
847,,-157.815853,21.2691268,POINT (-157.815853 21.2691268)
848,,-157.785006,21.2646929,POINT (-157.785006 21.2646929)
849,,-157.8201184,21.2614753,POINT (-157.8201184 21.2614753)
850,,-157.8200594,21.2613574,POINT (-157.8200594 21.2613574)
851,,-157.819798,21.26167,POINT (-157.819798 21.26167)
852,,-157.820408,21.2630534,POINT (-157.820408 21.2630534)
853,,-157.8196942,21.2615357,POINT (-157.8196942 21.2615357)
854,,-157.7892547,21.2786789,POINT (-157.7892547 21.2786789)
855,,-157.7892025,21.278961,POINT (-157.7892025 21.278961)
856,,-157.7893987,21.2784151,POINT (-157.7893987 21.2784151)
857,,-157.7882306,21.2786361,POINT (-157.7882306 21.2786361)
858,,-157.8960711,21.3511059,POINT (-157.8960711 21.3511059)
859,,-157.8961996,21.35302,POINT (-157.8961996 21.35302)
860,,-157.7818499,21.2656664,POINT (-157.7818499 21.2656664)
861,,-157.8938202,21.346346,POINT (-157.8938202 21.346346)
862,,-157.8951114,21.3493367,POINT (-157.8951114 21.3493367)
863,,-157.8958881,21.3493753,POINT (-157.8958881 21.3493753)
864,,-157.8970829,21.3480107,POINT (-157.8970829 21.3480107)
865,,-157.8963002,21.3487559,POINT (-157.8963002 21.3487559)
866,,-157.890533,21.3440209,POINT (-157.890533 21.3440209)
867,,-157.8901283,21.3477784,POINT (-157.8901283 21.3477784)
868,,-157.8901573,21.3434962,POINT (-157.8901573 21.3434962)
869,,-157.7794381,21.2686658,POINT (-157.7794381 21.2686658)
870,,-157.8616014,21.3503759,POINT (-157.8616014 21.3503759)
871,,-157.8617137,21.3504644,POINT (-157.8617137 21.3504644)
872,,-157.861327,21.3507247,POINT (-157.861327 21.3507247)
873,,-157.8672863,21.3449152,POINT (-157.8672863 21.3449152)
874,,-157.8674387,21.3453372,POINT (-157.8674387 21.3453372)
875,,-157.8679983,21.3467397,POINT (-157.8679983 21.3467397)
876,,-157.8681368,21.3466735,POINT (-157.8681368 21.3466735)
877,,-157.8670227,21.3471405,POINT (-157.8670227 21.3471405)
878,,-157.8410485,21.288912,POINT (-157.8410485 21.288912)
879,,-157.841429,21.2890529,POINT (-157.841429 21.2890529)
880,,-157.8412102,21.2893485,POINT (-157.8412102 21.2893485)
881,,-157.8420471,21.289223,POINT (-157.8420471 21.289223)
882,,-157.8400756,21.2896663,POINT (-157.8400756 21.2896663)
883,,-157.8618179,21.3503434,POINT (-157.8618179 21.3503434)
884,,-157.8638906,21.3486972,POINT (-157.8638906 21.3486972)
885,,-157.865564,21.3476069,POINT (-157.865564 21.3476069)
886,,-157.866491,21.3469859,POINT (-157.866491 21.3469859)
887,,-157.8666269,21.346845,POINT (-157.8666269 21.346845)
888,,-157.8662476,21.3469964,POINT (-157.8662476 21.3469964)
889,,-157.8697589,21.3363787,POINT (-157.8697589 21.3363787)
890,,-157.8696392,21.3362793,POINT (-157.8696392 21.3362793)
891,,-157.8700094,21.3365479,POINT (-157.8700094 21.3365479)
892,,-157.8676507,21.3449556,POINT (-157.8676507 21.3449556)
893,,-157.8676961,21.3448063,POINT (-157.8676961 21.3448063)
894,,-157.778793,21.269612,POINT (-157.778793 21.269612)
895,,-157.867863,21.3421641,POINT (-157.867863 21.3421641)
896,,-157.867976,21.3399154,POINT (-157.867976 21.3399154)
897,,-157.8585744,21.3515152,POINT (-157.8585744 21.3515152)
898,,-157.8591123,21.3509655,POINT (-157.8591123 21.3509655)
899,,-157.8582379,21.3521596,POINT (-157.8582379 21.3521596)
900,,-157.8546592,21.3567991,POINT (-157.8546592 21.3567991)
901,,-157.8552392,21.3552922,POINT (-157.8552392 21.3552922)
902,,-157.8533984,21.3593641,POINT (-157.8533984 21.3593641)
903,,-157.8530612,21.3595888,POINT (-157.8530612 21.3595888)
904,,-157.8505737,21.3618224,POINT (-157.8505737 21.3618224)
905,,-157.8517952,21.3609826,POINT (-157.8517952 21.3609826)
906,,-157.6732514,21.2946331,POINT (-157.6732514 21.2946331)
907,,-157.6733374,21.2959124,POINT (-157.6733374 21.2959124)
908,,-157.6717893,21.2918494,POINT (-157.6717893 21.2918494)
909,,-157.779434,21.2705199,POINT (-157.779434 21.2705199)
910,,-157.8394092,21.3254156,POINT (-157.8394092 21.3254156)
911,,-157.8485824,21.3206196,POINT (-157.8485824 21.3206196)
912,,-157.8487515,21.3203698,POINT (-157.8487515 21.3203698)
913,,-157.844355,21.3226861,POINT (-157.844355 21.3226861)
914,,-157.919417,21.3380974,POINT (-157.919417 21.3380974)
915,,-157.9192622,21.3376775,POINT (-157.9192622 21.3376775)
916,,-157.9226815,21.3385666,POINT (-157.9226815 21.3385666)
917,,-157.689012,21.2961337,POINT (-157.689012 21.2961337)
918,,-157.6977605,21.2964692,POINT (-157.6977605 21.2964692)
919,,-157.698035,21.2948739,POINT (-157.698035 21.2948739)
920,,-157.6970371,21.2996741,POINT (-157.6970371 21.2996741)
921,,-157.6969235,21.2998658,POINT (-157.6969235 21.2998658)
922,,-157.8482,21.3188272,POINT (-157.8482 21.3188272)
923,,-157.8482693,21.3192429,POINT (-157.8482693 21.3192429)
924,,-157.8481718,21.3186441,POINT (-157.8481718 21.3186441)
925,,-157.8404781,21.3090715,POINT (-157.8404781 21.3090715)
926,,-157.8402755,21.3084042,POINT (-157.8402755 21.3084042)
927,,-157.8405057,21.3093742,POINT (-157.8405057 21.3093742)
928,,-157.8389449,21.3077184,POINT (-157.8389449 21.3077184)
929,,-157.837521,21.3087234,POINT (-157.837521 21.3087234)
930,,-157.8392283,21.3072958,POINT (-157.8392283 21.3072958)
931,,-157.8429926,21.3055651,POINT (-157.8429926 21.3055651)
932,,-157.8441857,21.3043388,POINT (-157.8441857 21.3043388)
933,,-157.8574366,21.3012961,POINT (-157.8574366 21.3012961)
934,,-157.8573603,21.3011993,POINT (-157.8573603 21.3011993)
935,,-157.8577084,21.3016259,POINT (-157.8577084 21.3016259)
936,,-157.8628701,21.3053331,POINT (-157.8628701 21.3053331)
937,,-157.8632884,21.3062378,POINT (-157.8632884 21.3062378)
938,,-157.8631742,21.3060514,POINT (-157.8631742 21.3060514)
939,,-157.8626993,21.3054588,POINT (-157.8626993 21.3054588)
940,,-157.8620662,21.3046456,POINT (-157.8620662 21.3046456)
941,,-157.8546369,21.3092776,POINT (-157.8546369 21.3092776)
942,,-157.8547443,21.308858,POINT (-157.8547443 21.308858)
943,,-157.8544834,21.3098535,POINT (-157.8544834 21.3098535)
944,,-157.8554407,21.311552,POINT (-157.8554407 21.311552)
945,,-157.8555896,21.3114753,POINT (-157.8555896 21.3114753)
946,,-157.8530419,21.3128913,POINT (-157.8530419 21.3128913)
947,,-157.8563042,21.3128228,POINT (-157.8563042 21.3128228)
948,,-157.854373,21.3101454,POINT (-157.854373 21.3101454)
949,,-157.8534082,21.3111732,POINT (-157.8534082 21.3111732)
950,,-157.8563994,21.3129629,POINT (-157.8563994 21.3129629)
951,,-157.8553298,21.3137658,POINT (-157.8553298 21.3137658)
952,,-157.8577128,21.3145375,POINT (-157.8577128 21.3145375)
953,,-157.8493255,21.3089421,POINT (-157.8493255 21.3089421)
954,,-157.8494351,21.3090001,POINT (-157.8494351 21.3090001)
955,,-157.8484648,21.3086311,POINT (-157.8484648 21.3086311)
956,,-157.8536486,21.3094633,POINT (-157.8536486 21.3094633)
957,,-157.8533496,21.3091817,POINT (-157.8533496 21.3091817)
958,,-157.8530839,21.3089316,POINT (-157.8530839 21.3089316)
959,,-157.8548212,21.3086533,POINT (-157.8548212 21.3086533)
960,,-157.8557695,21.306807,POINT (-157.8557695 21.306807)
961,,-157.8531387,21.3112572,POINT (-157.8531387 21.3112572)
962,,-157.8578202,21.3144025,POINT (-157.8578202 21.3144025)
963,,-157.8558412,21.3165592,POINT (-157.8558412 21.3165592)
964,,-157.8545703,21.3150686,POINT (-157.8545703 21.3150686)
965,,-157.8543602,21.3148307,POINT (-157.8543602 21.3148307)
966,,-157.8546516,21.3151712,POINT (-157.8546516 21.3151712)
967,,-157.8530791,21.3158566,POINT (-157.8530791 21.3158566)
968,,-157.8495193,21.3196836,POINT (-157.8495193 21.3196836)
969,,-157.8494493,21.3197516,POINT (-157.8494493 21.3197516)
970,,-157.866845,21.3143998,POINT (-157.866845 21.3143998)
971,,-157.8675671,21.3147397,POINT (-157.8675671 21.3147397)
972,,-157.886756,21.3287298,POINT (-157.886756 21.3287298)
973,,-157.8890943,21.333863,POINT (-157.8890943 21.333863)
974,,-157.8869737,21.3357065,POINT (-157.8869737 21.3357065)
975,,-157.8887054,21.334499,POINT (-157.8887054 21.334499)
976,,-157.8893446,21.334106,POINT (-157.8893446 21.334106)
977,,-157.8895023,21.3334822,POINT (-157.8895023 21.3334822)
978,,-157.8897796,21.3336494,POINT (-157.8897796 21.3336494)
979,,-157.8900822,21.3338524,POINT (-157.8900822 21.3338524)
980,,-157.8899912,21.3336377,POINT (-157.8899912 21.3336377)
981,,-157.8350964,21.3396166,POINT (-157.8350964 21.3396166)
982,,-157.8039634,21.3156539,POINT (-157.8039634 21.3156539)
983,,-157.8037952,21.3158832,POINT (-157.8037952 21.3158832)
984,,-157.8040775,21.315475,POINT (-157.8040775 21.315475)
985,,-157.8324113,21.2795787,POINT (-157.8324113 21.2795787)
986,,-157.832468,21.2794754,POINT (-157.832468 21.2794754)
987,,-157.8329647,21.2793895,POINT (-157.8329647 21.2793895)
988,,-157.8312648,21.2815895,POINT (-157.8312648 21.2815895)
989,,-157.8357242,21.2845585,POINT (-157.8357242 21.2845585)
990,,-157.8327057,21.2791749,POINT (-157.8327057 21.2791749)
991,,-157.8165396,21.2735277,POINT (-157.8165396 21.2735277)
992,,-157.8161129,21.2736167,POINT (-157.8161129 21.2736167)
993,,-157.8163461,21.2738756,POINT (-157.8163461 21.2738756)
994,,-157.8167826,21.273237,POINT (-157.8167826 21.273237)
995,,-157.8296049,21.2966064,POINT (-157.8296049 21.2966064)
996,,-157.8283384,21.2986694,POINT (-157.8283384 21.2986694)
997,,-157.8298416,21.2957599,POINT (-157.8298416 21.2957599)
998,,-157.8316013,21.2973336,POINT (-157.8316013 21.2973336)
999,,-157.8210767,21.300019,POINT (-157.8210767 21.300019)
1000,,-157.820991,21.3008951,POINT (-157.820991 21.3008951)
1001,,-157.8226464,21.3057342,POINT (-157.8226464 21.3057342)
1002,,-157.8214682,21.3051066,POINT (-157.8214682 21.3051066)
1003,,-157.8227522,21.3057916,POINT (-157.8227522 21.3057916)
1004,,-157.8400465,21.2869751,POINT (-157.8400465 21.2869751)
1005,,-157.838898,21.2855256,POINT (-157.838898 21.2855256)
1006,,-157.8022357,21.2911774,POINT (-157.8022357 21.2911774)
1007,,-157.8018329,21.291783,POINT (-157.8018329 21.291783)
1008,,-157.8017707,21.2918729,POINT (-157.8017707 21.2918729)
1009,,-157.9047706,21.3359252,POINT (-157.9047706 21.3359252)
1010,,-157.9011057,21.3353632,POINT (-157.9011057 21.3353632)
1011,,-157.9182596,21.3379068,POINT (-157.9182596 21.3379068)
1012,,-157.9145148,21.3373547,POINT (-157.9145148 21.3373547)
1013,,-157.9152984,21.3374703,POINT (-157.9152984 21.3374703)
1014,,-157.9130101,21.3371373,POINT (-157.9130101 21.3371373)
1015,,-157.6993632,21.274866,POINT (-157.6993632 21.274866)
1016,,-157.6990198,21.2748615,POINT (-157.6990198 21.2748615)
1017,,-157.9074526,21.3363129,POINT (-157.9074526 21.3363129)
1018,,-157.9079182,21.336391,POINT (-157.9079182 21.336391)
1019,,-157.9264938,21.339171,POINT (-157.9264938 21.339171)
1020,,-157.9265872,21.3387578,POINT (-157.9265872 21.3387578)
1021,,-157.9297287,21.3407294,POINT (-157.9297287 21.3407294)
1022,,-157.8338508,21.3010696,POINT (-157.8338508 21.3010696)
1023,,-157.8336628,21.3013339,POINT (-157.8336628 21.3013339)
1024,,-157.6996526,21.2748795,POINT (-157.6996526 21.2748795)
1025,,-157.8844682,21.3389215,POINT (-157.8844682 21.3389215)
1026,,-157.8860426,21.3416853,POINT (-157.8860426 21.3416853)
1027,,-157.8171795,21.2894806,POINT (-157.8171795 21.2894806)
1028,,-157.8172228,21.289665,POINT (-157.8172228 21.289665)
1029,,-157.822489,21.2921318,POINT (-157.822489 21.2921318)
1030,,-157.8223739,21.2923405,POINT (-157.8223739 21.2923405)
1031,,-157.8219556,21.2919302,POINT (-157.8219556 21.2919302)
1032,,-157.8122382,21.2875185,POINT (-157.8122382 21.2875185)
1033,,-157.8113555,21.2869805,POINT (-157.8113555 21.2869805)
1034,,-157.8180676,21.2898099,POINT (-157.8180676 21.2898099)
1035,,-157.817696,21.2897313,POINT (-157.817696 21.2897313)
1036,,-157.8182518,21.2901517,POINT (-157.8182518 21.2901517)
1037,,-157.860289,21.3221099,POINT (-157.860289 21.3221099)
1038,,-157.830816,21.2818608,POINT (-157.830816 21.2818608)
1039,,-157.8310391,21.2822825,POINT (-157.8310391 21.2822825)
1040,,-157.8305378,21.2813599,POINT (-157.8305378 21.2813599)
1041,,-157.8331859,21.2880579,POINT (-157.8331859 21.2880579)
1042,,-157.8325927,21.287582,POINT (-157.8325927 21.287582)
1043,,-157.8329645,21.287894,POINT (-157.8329645 21.287894)
1044,,-157.8328332,21.2882245,POINT (-157.8328332 21.2882245)
1045,,-157.8512455,21.3055371,POINT (-157.8512455 21.3055371)
1046,,-157.8503526,21.3052177,POINT (-157.8503526 21.3052177)
1047,,-157.8513929,21.3055732,POINT (-157.8513929 21.3055732)
1048,,-157.8200699,21.2722396,POINT (-157.8200699 21.2722396)
1049,,-157.8212873,21.2739759,POINT (-157.8212873 21.2739759)
1050,,-157.8199323,21.271968,POINT (-157.8199323 21.271968)
1051,,-157.8205856,21.2717917,POINT (-157.8205856 21.2717917)
1052,,-157.7980934,21.2977023,POINT (-157.7980934 21.2977023)
1053,,-157.798175,21.2974907,POINT (-157.798175 21.2974907)
1054,,-157.7962046,21.3003777,POINT (-157.7962046 21.3003777)
1055,,-157.840855,21.3095375,POINT (-157.840855 21.3095375)
1056,,-157.8396086,21.3097155,POINT (-157.8396086 21.3097155)
1057,,-157.7990639,21.2793748,POINT (-157.7990639 21.2793748)
1058,,-157.7992246,21.2787725,POINT (-157.7992246 21.2787725)
1059,,-157.7987491,21.2805543,POINT (-157.7987491 21.2805543)
1060,,-157.8811991,21.3282891,POINT (-157.8811991 21.3282891)
1061,,-157.8834249,21.329299,POINT (-157.8834249 21.329299)
1062,,-157.8811213,21.3283648,POINT (-157.8811213 21.3283648)
1063,,-157.8806757,21.3288018,POINT (-157.8806757 21.3288018)
1064,,-157.8794731,21.3269734,POINT (-157.8794731 21.3269734)
1065,,-157.8795515,21.3269044,POINT (-157.8795515 21.3269044)
1066,,-157.8790398,21.327426,POINT (-157.8790398 21.327426)
1067,,-157.8757479,21.3237834,POINT (-157.8757479 21.3237834)
1068,,-157.8758595,21.3238704,POINT (-157.8758595 21.3238704)
1069,,-157.8757332,21.3239063,POINT (-157.8757332 21.3239063)
1070,,-157.8779812,21.3256542,POINT (-157.8779812 21.3256542)
1071,,-157.8751914,21.3232801,POINT (-157.8751914 21.3232801)
1072,,-157.8748801,21.3230485,POINT (-157.8748801 21.3230485)
1073,,-157.8068036,21.3576708,POINT (-157.8068036 21.3576708)
1074,,-157.8067739,21.3571004,POINT (-157.8067739 21.3571004)
1075,,-157.7896291,21.278679,POINT (-157.7896291 21.278679)
1076,,-157.6993971,21.2746431,POINT (-157.6993971 21.2746431)
1077,,-157.6703813,21.2915601,POINT (-157.6703813 21.2915601)
1078,,-157.6676859,21.292165,POINT (-157.6676859 21.292165)
1079,,-157.6652752,21.2907452,POINT (-157.6652752 21.2907452)
1080,,-157.8419687,21.3065644,POINT (-157.8419687 21.3065644)
1081,,-157.67695,21.2951097,POINT (-157.67695 21.2951097)
1082,,-157.6733635,21.2980382,POINT (-157.6733635 21.2980382)
1083,,-157.7050852,21.2755232,POINT (-157.7050852 21.2755232)
1084,,-157.7053962,21.2750613,POINT (-157.7053962 21.2750613)
1085,,-157.704736,21.2759018,POINT (-157.704736 21.2759018)
1086,,-157.7046002,21.2761453,POINT (-157.7046002 21.2761453)
1087,,-157.704822,21.2759632,POINT (-157.704822 21.2759632)
1088,,-157.7038786,21.275442,POINT (-157.7038786 21.275442)
1089,,-157.7050394,21.2761551,POINT (-157.7050394 21.2761551)
1090,,-157.7021378,21.2796701,POINT (-157.7021378 21.2796701)
1091,,-157.7023087,21.2794305,POINT (-157.7023087 21.2794305)
1092,,-157.7939042,21.2685426,POINT (-157.7939042 21.2685426)
1093,,-157.793762,21.2688168,POINT (-157.793762 21.2688168)
1094,,-157.7019641,21.2799137,POINT (-157.7019641 21.2799137)
1095,,-157.6973461,21.2867439,POINT (-157.6973461 21.2867439)
1096,,-157.6991428,21.2838584,POINT (-157.6991428 21.2838584)
1097,,-157.6967475,21.2878523,POINT (-157.6967475 21.2878523)
1098,,-157.7021608,21.2882177,POINT (-157.7021608 21.2882177)
1099,,-157.6950025,21.290477,POINT (-157.6950025 21.290477)
1100,,-157.6939385,21.2915241,POINT (-157.6939385 21.2915241)
1101,,-157.693271,21.2921534,POINT (-157.693271 21.2921534)
1102,,-157.6908807,21.2944629,POINT (-157.6908807 21.2944629)
1103,,-157.6903236,21.2949285,POINT (-157.6903236 21.2949285)
1104,,-157.7022153,21.2939938,POINT (-157.7022153 21.2939938)
1105,,-157.7023533,21.2945972,POINT (-157.7023533 21.2945972)
1106,,-157.7024496,21.2928853,POINT (-157.7024496 21.2928853)
1107,,-157.7048033,21.2867935,POINT (-157.7048033 21.2867935)
1108,,-157.7010993,21.2895619,POINT (-157.7010993 21.2895619)
1109,,-157.71531,21.2830209,POINT (-157.71531 21.2830209)
1110,,-157.715234,21.2831311,POINT (-157.715234 21.2831311)
1111,,-157.7141681,21.2825326,POINT (-157.7141681 21.2825326)
1112,,-157.7105805,21.3043931,POINT (-157.7105805 21.3043931)
1113,,-157.7100357,21.304764,POINT (-157.7100357 21.304764)
1114,,-157.7106533,21.3021747,POINT (-157.7106533 21.3021747)
1115,,-157.8332484,21.3413479,POINT (-157.8332484 21.3413479)
1116,,-157.717564,21.2845377,POINT (-157.717564 21.2845377)
1117,,-157.71746,21.2846881,POINT (-157.71746 21.2846881)
1118,,-157.7156918,21.2865087,POINT (-157.7156918 21.2865087)
1119,,-157.719496,21.2858919,POINT (-157.719496 21.2858919)
1120,,-157.71526,21.2870011,POINT (-157.71526 21.2870011)
1121,,-157.7056909,21.286711,POINT (-157.7056909 21.286711)
1122,,-157.7059627,21.2872184,POINT (-157.7059627 21.2872184)
1123,,-157.706056,21.2873985,POINT (-157.706056 21.2873985)
1124,,-157.7073516,21.2899909,POINT (-157.7073516 21.2899909)
1125,,-157.7133604,21.2891018,POINT (-157.7133604 21.2891018)
1126,,-157.7139507,21.288518,POINT (-157.7139507 21.288518)
1127,,-157.7121686,21.2899615,POINT (-157.7121686 21.2899615)
1128,,-157.7104571,21.293577,POINT (-157.7104571 21.293577)
1129,,-157.710931,21.2954857,POINT (-157.710931 21.2954857)
1130,,-157.7093298,21.2938165,POINT (-157.7093298 21.2938165)
1131,,-157.8678512,21.3399064,POINT (-157.8678512 21.3399064)
1132,,-157.8696114,21.3365651,POINT (-157.8696114 21.3365651)
1133,,-157.7860774,21.2725323,POINT (-157.7860774 21.2725323)
1134,,-157.7869266,21.2714396,POINT (-157.7869266 21.2714396)
1135,,-157.789039,21.269451,POINT (-157.789039 21.269451)
1136,,-157.7892729,21.269224,POINT (-157.7892729 21.269224)
1137,,-157.7893662,21.2695393,POINT (-157.7893662 21.2695393)
1138,,-157.7892191,21.269113,POINT (-157.7892191 21.269113)
1139,,-157.7897803,21.2687756,POINT (-157.7897803 21.2687756)
1140,,-157.7852085,21.274725,POINT (-157.7852085 21.274725)
1141,,-157.7850444,21.2747275,POINT (-157.7850444 21.2747275)
1142,,-157.7865106,21.2744548,POINT (-157.7865106 21.2744548)
1143,,-157.8476942,21.3053857,POINT (-157.8476942 21.3053857)
1144,,-157.852328,21.3111701,POINT (-157.852328 21.3111701)
1145,,-157.8710073,21.3346205,POINT (-157.8710073 21.3346205)
1146,,-157.8123453,21.287334,POINT (-157.8123453 21.287334)
1147,,-157.820584,21.287731,POINT (-157.820584 21.287731)
1148,,-157.815379,21.2895686,POINT (-157.815379 21.2895686)
1149,,-157.871414,21.3033334,POINT (-157.871414 21.3033334)
1150,,-157.8735965,21.3052871,POINT (-157.8735965 21.3052871)
1151,,-157.9311891,21.3511249,POINT (-157.9311891 21.3511249)
1152,,-157.8574789,21.3088636,POINT (-157.8574789 21.3088636)
1153,,-157.8580955,21.3050705,POINT (-157.8580955 21.3050705)
1154,,-157.841457,21.2889394,POINT (-157.841457 21.2889394)
1155,,-157.823164,21.2929089,POINT (-157.823164 21.2929089)
1156,,-157.8264634,21.299109,POINT (-157.8264634 21.299109)
1157,,-157.8265803,21.299074,POINT (-157.8265803 21.299074)
1158,,-157.8252704,21.299335,POINT (-157.8252704 21.299335)
1159,,-157.9020054,21.3318638,POINT (-157.9020054 21.3318638)
1160,,-157.902375,21.3296719,POINT (-157.902375 21.3296719)
1161,,-157.8418067,21.2890254,POINT (-157.8418067 21.2890254)
1162,,-157.8412323,21.288862,POINT (-157.8412323 21.288862)
1163,,-157.8213128,21.2717071,POINT (-157.8213128 21.2717071)
1164,,-157.9182214,21.3141457,POINT (-157.9182214 21.3141457)
1165,,-157.9167875,21.3151577,POINT (-157.9167875 21.3151577)
1166,,-157.9182706,21.3141997,POINT (-157.9182706 21.3141997)
1167,,-157.9202462,21.3127675,POINT (-157.9202462 21.3127675)
1168,,-157.9158675,21.3158096,POINT (-157.9158675 21.3158096)
1169,,-157.9168345,21.3152156,POINT (-157.9168345 21.3152156)
1170,,-157.9144437,21.3168148,POINT (-157.9144437 21.3168148)
1171,,-157.9159135,21.3158657,POINT (-157.9159135 21.3158657)
1172,,-157.9144897,21.3168688,POINT (-157.9144897 21.3168688)
1173,,-157.9127325,21.3180243,POINT (-157.9127325 21.3180243)
1174,,-157.9115164,21.3188777,POINT (-157.9115164 21.3188777)
1175,,-157.9127799,21.3180773,POINT (-157.9127799 21.3180773)
1176,,-157.9102564,21.3197657,POINT (-157.9102564 21.3197657)
1177,,-157.9115658,21.3189303,POINT (-157.9115658 21.3189303)
1178,,-157.9087295,21.3208426,POINT (-157.9087295 21.3208426)
1179,,-157.9103035,21.3198235,POINT (-157.9103035 21.3198235)
1180,,-157.9074464,21.3217504,POINT (-157.9074464 21.3217504)
1181,,-157.9087745,21.3208985,POINT (-157.9087745 21.3208985)
1182,,-157.9074943,21.3218059,POINT (-157.9074943 21.3218059)
1183,,-157.9028361,21.3262313,POINT (-157.9028361 21.3262313)
1184,,-157.9015992,21.3342263,POINT (-157.9015992 21.3342263)
1185,,-157.9018411,21.3328599,POINT (-157.9018411 21.3328599)
1186,,-157.9015399,21.3349428,POINT (-157.9015399 21.3349428)
1187,,-157.9015618,21.3346786,POINT (-157.9015618 21.3346786)
1188,,-157.9014238,21.3349252,POINT (-157.9014238 21.3349252)
1189,,-157.9302993,21.3325204,POINT (-157.9302993 21.3325204)
1190,,-157.9303771,21.3325507,POINT (-157.9303771 21.3325507)
1191,,-157.926653,21.3383887,POINT (-157.926653 21.3383887)
1192,,-157.916363,21.3337778,POINT (-157.916363 21.3337778)
1193,,-157.7846258,21.2782671,POINT (-157.7846258 21.2782671)
1194,,-157.7846397,21.2780586,POINT (-157.7846397 21.2780586)
1195,,-157.7845189,21.2782507,POINT (-157.7845189 21.2782507)
1196,,-157.7844812,21.2784835,POINT (-157.7844812 21.2784835)
1197,,-157.7844663,21.2787424,POINT (-157.7844663 21.2787424)
1198,,-157.7846223,21.2784984,POINT (-157.7846223 21.2784984)
1199,,-157.7878843,21.278607,POINT (-157.7878843 21.278607)
1200,,-157.7878433,21.2788226,POINT (-157.7878433 21.2788226)
1201,,-157.7879403,21.2783082,POINT (-157.7879403 21.2783082)
1202,,-157.7875274,21.2785643,POINT (-157.7875274 21.2785643)
1203,,-157.7877026,21.279619,POINT (-157.7877026 21.279619)
1204,,-157.7847468,21.2785108,POINT (-157.7847468 21.2785108)
1205,,-157.8215307,21.2925459,POINT (-157.8215307 21.2925459)
1206,,-157.8215974,21.2925969,POINT (-157.8215974 21.2925969)
1207,,-157.8212422,21.2933591,POINT (-157.8212422 21.2933591)
1208,,-157.8219143,21.2920059,POINT (-157.8219143 21.2920059)
1209,,-157.8213401,21.2933732,POINT (-157.8213401 21.2933732)
1210,,-157.8211717,21.2949324,POINT (-157.8211717 21.2949324)
1211,,-157.8211492,21.2956117,POINT (-157.8211492 21.2956117)
1212,,-157.8211432,21.296015,POINT (-157.8211432 21.296015)
1213,,-157.821112,21.2968321,POINT (-157.821112 21.2968321)
1214,,-157.8212108,21.2968365,POINT (-157.8212108 21.2968365)
1215,,-157.8210249,21.2990736,POINT (-157.8210249 21.2990736)
1216,,-157.8207598,21.2967995,POINT (-157.8207598 21.2967995)
1217,,-157.8235526,21.2969268,POINT (-157.8235526 21.2969268)
1218,,-157.8212377,21.29602,POINT (-157.8212377 21.29602)
1219,,-157.8211393,21.299067,POINT (-157.8211393 21.299067)
1220,,-157.8227979,21.2991898,POINT (-157.8227979 21.2991898)
1221,,-157.8211809,21.3000168,POINT (-157.8211809 21.3000168)
1222,,-157.8204077,21.3017817,POINT (-157.8204077 21.3017817)
1223,,-157.8210857,21.3009356,POINT (-157.8210857 21.3009356)
1224,,-157.8211646,21.3022136,POINT (-157.8211646 21.3022136)
1225,,-157.8189393,21.3037814,POINT (-157.8189393 21.3037814)
1226,,-157.8105062,21.2901782,POINT (-157.8105062 21.2901782)
1227,,-157.810182,21.2903802,POINT (-157.810182 21.2903802)
1228,,-157.8512137,21.3289449,POINT (-157.8512137 21.3289449)
1229,,-157.8503523,21.3295605,POINT (-157.8503523 21.3295605)
1230,,-157.8112838,21.289002,POINT (-157.8112838 21.289002)
1231,,-157.8103635,21.2908044,POINT (-157.8103635 21.2908044)
1232,,-157.8104364,21.2922367,POINT (-157.8104364 21.2922367)
1233,,-157.8104415,21.2922861,POINT (-157.8104415 21.2922861)
1234,,-157.8522109,21.3282379,POINT (-157.8522109 21.3282379)
1235,,-157.8046704,21.2971656,POINT (-157.8046704 21.2971656)
1236,,-157.8066807,21.2980525,POINT (-157.8066807 21.2980525)
1237,,-157.8054434,21.2969799,POINT (-157.8054434 21.2969799)
1238,,-157.8064027,21.2982693,POINT (-157.8064027 21.2982693)
1239,,-157.8334977,21.2866915,POINT (-157.8334977 21.2866915)
1240,,-157.8332188,21.286113,POINT (-157.8332188 21.286113)
1241,,-157.8025185,21.2981378,POINT (-157.8025185 21.2981378)
1242,,-157.8019666,21.2982804,POINT (-157.8019666 21.2982804)
1243,,-157.8036944,21.2990563,POINT (-157.8036944 21.2990563)
1244,,-157.8022844,21.3009179,POINT (-157.8022844 21.3009179)
1245,,-157.8046556,21.2983252,POINT (-157.8046556 21.2983252)
1246,,-157.8022206,21.3019793,POINT (-157.8022206 21.3019793)
1247,,-157.8154248,21.288582,POINT (-157.8154248 21.288582)
1248,,-157.8171446,21.2882608,POINT (-157.8171446 21.2882608)
1249,,-157.8237209,21.2875968,POINT (-157.8237209 21.2875968)
1250,,-157.8234524,21.2874155,POINT (-157.8234524 21.2874155)
1251,,-157.8234704,21.2876129,POINT (-157.8234704 21.2876129)
1252,,-157.8241436,21.2875743,POINT (-157.8241436 21.2875743)
1253,,-157.8239948,21.287871,POINT (-157.8239948 21.287871)
1254,,-157.8260487,21.2875813,POINT (-157.8260487 21.2875813)
1255,,-157.826158,21.287456,POINT (-157.826158 21.287456)
1256,,-157.8231695,21.2876254,POINT (-157.8231695 21.2876254)
1257,,-157.8219021,21.2876616,POINT (-157.8219021 21.2876616)
1258,,-157.8248866,21.288645,POINT (-157.8248866 21.288645)
1259,,-157.8235653,21.2878902,POINT (-157.8235653 21.2878902)
1260,,-157.8249506,21.2887016,POINT (-157.8249506 21.2887016)
1261,,-157.825457,21.2891332,POINT (-157.825457 21.2891332)
1262,,-157.8155245,21.2890093,POINT (-157.8155245 21.2890093)
1263,,-157.817539,21.2896926,POINT (-157.817539 21.2896926)
1264,,-157.8183223,21.2901336,POINT (-157.8183223 21.2901336)
1265,,-157.8181442,21.2898439,POINT (-157.8181442 21.2898439)
1266,,-157.819114,21.2902396,POINT (-157.819114 21.2902396)
1267,,-157.8236118,21.2900482,POINT (-157.8236118 21.2900482)
1268,,-157.8180412,21.2902164,POINT (-157.8180412 21.2902164)
1269,,-157.8177542,21.2902834,POINT (-157.8177542 21.2902834)
1270,,-157.8323441,21.2894695,POINT (-157.8323441 21.2894695)
1271,,-157.8175899,21.2903417,POINT (-157.8175899 21.2903417)
1272,,-157.8224423,21.29134,POINT (-157.8224423 21.29134)
1273,,-157.8218422,21.2919222,POINT (-157.8218422 21.2919222)
1274,,-157.8208916,21.2913555,POINT (-157.8208916 21.2913555)
1275,,-157.8211284,21.2964884,POINT (-157.8211284 21.2964884)
1276,,-157.8212627,21.2954098,POINT (-157.8212627 21.2954098)
1277,,-157.8245475,21.2970301,POINT (-157.8245475 21.2970301)
1278,,-157.8247438,21.2970798,POINT (-157.8247438 21.2970798)
1279,,-157.8252384,21.2974346,POINT (-157.8252384 21.2974346)
1280,,-157.8208487,21.3027397,POINT (-157.8208487 21.3027397)
1281,,-157.8210493,21.302416,POINT (-157.8210493 21.302416)
1282,,-157.820683,21.3030386,POINT (-157.820683 21.3030386)
1283,,-157.8210304,21.3030224,POINT (-157.8210304 21.3030224)
1284,,-157.8234038,21.3067498,POINT (-157.8234038 21.3067498)
1285,,-157.8207865,21.3077137,POINT (-157.8207865 21.3077137)
1286,,-157.82382,21.3066717,POINT (-157.82382 21.3066717)
1287,,-157.8328104,21.3421449,POINT (-157.8328104 21.3421449)
1288,,-157.8043545,21.3150164,POINT (-157.8043545 21.3150164)
1289,,-157.804415,21.3149175,POINT (-157.804415 21.3149175)
1290,,-157.8320299,21.2902997,POINT (-157.8320299 21.2902997)
1291,,-157.8317191,21.291054,POINT (-157.8317191 21.291054)
1292,,-157.8406023,21.3080014,POINT (-157.8406023 21.3080014)
1293,,-157.8153352,21.3256079,POINT (-157.8153352 21.3256079)
1294,,-157.861329,21.3229119,POINT (-157.861329 21.3229119)
1295,,-157.7948765,21.2783971,POINT (-157.7948765 21.2783971)
1296,,-157.7910173,21.2788336,POINT (-157.7910173 21.2788336)
1297,,-157.8068774,21.2739342,POINT (-157.8068774 21.2739342)
1298,,-157.8071369,21.274184,POINT (-157.8071369 21.274184)
1299,,-157.8066056,21.2736662,POINT (-157.8066056 21.2736662)
1300,,-157.8008992,21.2816818,POINT (-157.8008992 21.2816818)
1301,,-157.7997416,21.2810662,POINT (-157.7997416 21.2810662)
1302,,-157.8020586,21.282234,POINT (-157.8020586 21.282234)
1303,,-157.8010385,21.2813972,POINT (-157.8010385 21.2813972)
1304,,-157.7999804,21.2832354,POINT (-157.7999804 21.2832354)
1305,,-157.807563,21.2850387,POINT (-157.807563 21.2850387)
1306,,-157.8078886,21.2852078,POINT (-157.8078886 21.2852078)
1307,,-157.8067107,21.2846082,POINT (-157.8067107 21.2846082)
1308,,-157.8007089,21.2734068,POINT (-157.8007089 21.2734068)
1309,,-157.7999541,21.2730185,POINT (-157.7999541 21.2730185)
1310,,-157.8314082,21.2918267,POINT (-157.8314082 21.2918267)
1311,,-157.8019176,21.2719767,POINT (-157.8019176 21.2719767)
1312,,-157.804989,21.2720618,POINT (-157.804989 21.2720618)
1313,,-157.8051905,21.272261,POINT (-157.8051905 21.272261)
1314,,-157.8046053,21.2716829,POINT (-157.8046053 21.2716829)
1315,,-157.8040406,21.271119,POINT (-157.8040406 21.271119)
1316,,-157.8034785,21.2705153,POINT (-157.8034785 21.2705153)
1317,,-157.798823,21.2826398,POINT (-157.798823 21.2826398)
1318,,-157.7982767,21.2823616,POINT (-157.7982767 21.2823616)
1319,,-157.7991444,21.2828101,POINT (-157.7991444 21.2828101)
1320,,-157.8032536,21.2703252,POINT (-157.8032536 21.2703252)
1321,,-157.8059208,21.2729916,POINT (-157.8059208 21.2729916)
1322,,-157.8061986,21.2732593,POINT (-157.8061986 21.2732593)
1323,,-157.8011418,21.2838271,POINT (-157.8011418 21.2838271)
1324,,-157.8022901,21.2844318,POINT (-157.8022901 21.2844318)
1325,,-157.8002209,21.2854144,POINT (-157.8002209 21.2854144)
1326,,-157.7896489,21.2779595,POINT (-157.7896489 21.2779595)
1327,,-157.8310878,21.2925931,POINT (-157.8310878 21.2925931)
1328,,-157.8307766,21.2933496,POINT (-157.8307766 21.2933496)
1329,,-157.8304421,21.2941369,POINT (-157.8304421 21.2941369)
1330,,-157.7553409,21.2778152,POINT (-157.7553409 21.2778152)
1331,,-157.757445,21.2773124,POINT (-157.757445 21.2773124)
1332,,-157.7444178,21.27992,POINT (-157.7444178 21.27992)
1333,,-157.7443159,21.2799511,POINT (-157.7443159 21.2799511)
1334,,-157.7392688,21.2808745,POINT (-157.7392688 21.2808745)
1335,,-157.7393529,21.2808576,POINT (-157.7393529 21.2808576)
1336,,-157.7392921,21.281804,POINT (-157.7392921 21.281804)
1337,,-157.7306211,21.2827388,POINT (-157.7306211 21.2827388)
1338,,-157.7250019,21.2854448,POINT (-157.7250019 21.2854448)
1339,,-157.7347381,21.2820768,POINT (-157.7347381 21.2820768)
1340,,-157.7361576,21.2816796,POINT (-157.7361576 21.2816796)
1341,,-157.7346138,21.2819434,POINT (-157.7346138 21.2819434)
1342,,-157.7550808,21.2778756,POINT (-157.7550808 21.2778756)
1343,,-157.772192,21.2768623,POINT (-157.772192 21.2768623)
1344,,-157.7721455,21.2770465,POINT (-157.7721455 21.2770465)
1345,,-157.7674632,21.2760036,POINT (-157.7674632 21.2760036)
1346,,-157.7586864,21.2770156,POINT (-157.7586864 21.2770156)
1347,,-157.7134865,21.2838707,POINT (-157.7134865 21.2838707)
1348,,-157.8593776,21.3549655,POINT (-157.8593776 21.3549655)
1349,,-157.7361083,21.2815357,POINT (-157.7361083 21.2815357)
1350,,-157.7636584,21.2762954,POINT (-157.7636584 21.2762954)
1351,,-157.7443466,21.2800647,POINT (-157.7443466 21.2800647)
1352,,-157.7444452,21.2800358,POINT (-157.7444452 21.2800358)
1353,,-157.776254,21.2775608,POINT (-157.776254 21.2775608)
1354,,-157.7794424,21.2778868,POINT (-157.7794424 21.2778868)
1355,,-157.8301389,21.2948815,POINT (-157.8301389 21.2948815)
1356,,-157.7674295,21.2761555,POINT (-157.7674295 21.2761555)
1357,,-157.7796655,21.277911,POINT (-157.7796655 21.277911)
1358,,-157.776273,21.2774074,POINT (-157.776273 21.2774074)
1359,,-157.747363,21.2792584,POINT (-157.747363 21.2792584)
1360,,-157.7392847,21.2807213,POINT (-157.7392847 21.2807213)
1361,,-157.7231258,21.2859231,POINT (-157.7231258 21.2859231)
1362,,-157.7231476,21.2860794,POINT (-157.7231476 21.2860794)
1363,,-157.7213177,21.286123,POINT (-157.7213177 21.286123)
1364,,-157.8399462,21.2897026,POINT (-157.8399462 21.2897026)
1365,,-157.8398778,21.2919379,POINT (-157.8398778 21.2919379)
1366,,-157.8443016,21.2938918,POINT (-157.8443016 21.2938918)
1367,,-157.8289893,21.2944669,POINT (-157.8289893 21.2944669)
1368,,-157.8466228,21.2937966,POINT (-157.8466228 21.2937966)
1369,,-157.8465842,21.293891,POINT (-157.8465842 21.293891)
1370,,-157.8485315,21.293789,POINT (-157.8485315 21.293789)
1371,,-157.8491394,21.2939946,POINT (-157.8491394 21.2939946)
1372,,-157.847421,21.2933734,POINT (-157.847421 21.2933734)
1373,,-157.851804,21.2945443,POINT (-157.851804 21.2945443)
1374,,-157.8524479,21.2940671,POINT (-157.8524479 21.2940671)
1375,,-157.850363,21.2938741,POINT (-157.850363 21.2938741)
1376,,-157.8531629,21.2962172,POINT (-157.8531629 21.2962172)
1377,,-157.8512389,21.2949601,POINT (-157.8512389 21.2949601)
1378,,-157.7995107,21.2840778,POINT (-157.7995107 21.2840778)
1379,,-157.8032119,21.2828331,POINT (-157.8032119 21.2828331)
1380,,-157.7894636,21.2836513,POINT (-157.7894636 21.2836513)
1381,,-157.7913846,21.2849525,POINT (-157.7913846 21.2849525)
1382,,-157.7876476,21.2870598,POINT (-157.7876476 21.2870598)
1383,,-157.7908457,21.2903569,POINT (-157.7908457 21.2903569)
1384,,-157.7908521,21.2904202,POINT (-157.7908521 21.2904202)
1385,,-157.7931356,21.2896783,POINT (-157.7931356 21.2896783)
1386,,-157.7923671,21.2912848,POINT (-157.7923671 21.2912848)
1387,,-157.7929734,21.2921035,POINT (-157.7929734 21.2921035)
1388,,-157.791985,21.2919553,POINT (-157.791985 21.2919553)
1389,,-157.8889465,21.3162725,POINT (-157.8889465 21.3162725)
1390,,-157.8916875,21.3217503,POINT (-157.8916875 21.3217503)
1391,,-157.849727,21.2940375,POINT (-157.849727 21.2940375)
1392,,-157.8312353,21.299332,POINT (-157.8312353 21.299332)
1393,,-157.8497395,21.2941149,POINT (-157.8497395 21.2941149)
1394,,-157.8503847,21.2939558,POINT (-157.8503847 21.2939558)
1395,,-157.7843582,21.2782302,POINT (-157.7843582 21.2782302)
1396,,-157.8525623,21.3078267,POINT (-157.8525623 21.3078267)
1397,,-157.8525405,21.3077782,POINT (-157.8525405 21.3077782)
1398,,-157.8417059,21.3162008,POINT (-157.8417059 21.3162008)
1399,,-157.8414324,21.3164191,POINT (-157.8414324 21.3164191)
1400,,-157.8433547,21.3157975,POINT (-157.8433547 21.3157975)
1401,,-157.8647779,21.3183683,POINT (-157.8647779 21.3183683)
1402,,-157.8658134,21.319858,POINT (-157.8658134 21.319858)
1403,,-157.8646325,21.3179047,POINT (-157.8646325 21.3179047)
1404,,-157.8662595,21.3183752,POINT (-157.8662595 21.3183752)
1405,,-157.9173817,21.3616795,POINT (-157.9173817 21.3616795)
1406,,-157.9180178,21.3614927,POINT (-157.9180178 21.3614927)
1407,,-157.9166941,21.3617281,POINT (-157.9166941 21.3617281)
1408,,-157.8638307,21.318592,POINT (-157.8638307 21.318592)
1409,,-157.9159524,21.3619551,POINT (-157.9159524 21.3619551)
1410,,-157.9141021,21.3639069,POINT (-157.9141021 21.3639069)
1411,,-157.913509,21.3605464,POINT (-157.913509 21.3605464)
1412,,-157.9121725,21.3610839,POINT (-157.9121725 21.3610839)
1413,,-157.9109719,21.3621249,POINT (-157.9109719 21.3621249)
1414,,-157.8675705,21.3188127,POINT (-157.8675705 21.3188127)
1415,,-157.8728379,21.3219109,POINT (-157.8728379 21.3219109)
1416,,-157.9199403,21.3612596,POINT (-157.9199403 21.3612596)
1417,,-157.9222881,21.3594162,POINT (-157.9222881 21.3594162)
1418,,-157.9191115,21.361291,POINT (-157.9191115 21.361291)
1419,,-157.9180329,21.3632296,POINT (-157.9180329 21.3632296)
1420,,-157.9134143,21.3649386,POINT (-157.9134143 21.3649386)
1421,,-157.8073837,21.2834394,POINT (-157.8073837 21.2834394)
1422,,-157.8072088,21.283749,POINT (-157.8072088 21.283749)
1423,,-157.8631473,21.3079971,POINT (-157.8631473 21.3079971)
1424,,-157.8628177,21.3075805,POINT (-157.8628177 21.3075805)
1425,,-157.8639008,21.3087001,POINT (-157.8639008 21.3087001)
1426,,-157.9015254,21.335428,POINT (-157.9015254 21.335428)
1427,,-157.901805,21.33547,POINT (-157.901805 21.33547)
1428,,-157.8571887,21.3108763,POINT (-157.8571887 21.3108763)
1429,,-157.8575265,21.3115036,POINT (-157.8575265 21.3115036)
1430,,-157.8990922,21.3448619,POINT (-157.8990922 21.3448619)
1431,,-157.8993381,21.3444894,POINT (-157.8993381 21.3444894)
1432,,-157.8734249,21.32226,POINT (-157.8734249 21.32226)
1433,,-157.8981374,21.3443913,POINT (-157.8981374 21.3443913)
1434,,-157.8995138,21.3450767,POINT (-157.8995138 21.3450767)
1435,,-157.8984149,21.3458126,POINT (-157.8984149 21.3458126)
1436,,-157.9023922,21.3480093,POINT (-157.9023922 21.3480093)
1437,,-157.9021202,21.3464379,POINT (-157.9021202 21.3464379)
1438,,-157.9019565,21.3485056,POINT (-157.9019565 21.3485056)
1439,,-157.900572,21.349377,POINT (-157.900572 21.349377)
1440,,-157.8418746,21.2990614,POINT (-157.8418746 21.2990614)
1441,,-157.8407783,21.2986712,POINT (-157.8407783 21.2986712)
1442,,-157.8419741,21.2990957,POINT (-157.8419741 21.2990957)
1443,,-157.8479747,21.2908888,POINT (-157.8479747 21.2908888)
1444,,-157.8478028,21.2908176,POINT (-157.8478028 21.2908176)
1445,,-157.8469653,21.2932656,POINT (-157.8469653 21.2932656)
1446,,-157.8470013,21.2931833,POINT (-157.8470013 21.2931833)
1447,,-157.8467443,21.2938783,POINT (-157.8467443 21.2938783)
1448,,-157.8465278,21.2943886,POINT (-157.8465278 21.2943886)
1449,,-157.8463438,21.2948043,POINT (-157.8463438 21.2948043)
1450,,-157.8462476,21.2947569,POINT (-157.8462476 21.2947569)
1451,,-157.847878,21.2954902,POINT (-157.847878 21.2954902)
1452,,-157.8454011,21.2943894,POINT (-157.8454011 21.2943894)
1453,,-157.8457721,21.2945562,POINT (-157.8457721 21.2945562)
1454,,-157.7900739,21.2741498,POINT (-157.7900739 21.2741498)
1455,,-157.7905586,21.2743738,POINT (-157.7905586 21.2743738)
1456,,-157.8541451,21.3099308,POINT (-157.8541451 21.3099308)
1457,,-157.8827156,21.3363699,POINT (-157.8827156 21.3363699)
1458,,-157.8830222,21.3366044,POINT (-157.8830222 21.3366044)
1459,,-157.8823234,21.3360755,POINT (-157.8823234 21.3360755)
1460,,-157.8897231,21.3411304,POINT (-157.8897231 21.3411304)
1461,,-157.889302,21.3415322,POINT (-157.889302 21.3415322)
1462,,-157.8892692,21.3415512,POINT (-157.8892692 21.3415512)
1463,,-157.889491,21.34197,POINT (-157.889491 21.34197)
1464,,-157.8884876,21.3421119,POINT (-157.8884876 21.3421119)
1465,,-157.8882131,21.3427326,POINT (-157.8882131 21.3427326)
1466,,-157.8880805,21.3430059,POINT (-157.8880805 21.3430059)
1467,,-157.8872181,21.3449331,POINT (-157.8872181 21.3449331)
1468,,-157.8866613,21.3442822,POINT (-157.8866613 21.3442822)
1469,,-157.8942726,21.351262,POINT (-157.8942726 21.351262)
1470,,-157.8758173,21.3236884,POINT (-157.8758173 21.3236884)
1471,,-157.8099136,21.2780997,POINT (-157.8099136 21.2780997)
1472,,-157.8099118,21.2781291,POINT (-157.8099118 21.2781291)
1473,,-157.8099213,21.2774376,POINT (-157.8099213 21.2774376)
1474,,-157.7968883,21.2816261,POINT (-157.7968883 21.2816261)
1475,,-157.7963178,21.2813327,POINT (-157.7963178 21.2813327)
1476,,-157.7969499,21.2816578,POINT (-157.7969499 21.2816578)
1477,,-157.9313016,21.3512401,POINT (-157.9313016 21.3512401)
1478,,-157.9319823,21.3518497,POINT (-157.9319823 21.3518497)
1479,,-157.8780437,21.32559,POINT (-157.8780437 21.32559)
1480,,-157.8759281,21.3237836,POINT (-157.8759281 21.3237836)
1481,,-157.8800305,21.3264016,POINT (-157.8800305 21.3264016)
1482,,-157.8394813,21.3063476,POINT (-157.8394813 21.3063476)
1483,,-157.8487924,21.3054474,POINT (-157.8487924 21.3054474)
1484,,-157.8876181,21.3435252,POINT (-157.8876181 21.3435252)
1485,,-157.8842492,21.345224,POINT (-157.8842492 21.345224)
1486,,-157.8816615,21.3278032,POINT (-157.8816615 21.3278032)
1487,,-157.8775164,21.3404464,POINT (-157.8775164 21.3404464)
1488,,-157.87686,21.3407115,POINT (-157.87686 21.3407115)
1489,,-157.8786055,21.3399503,POINT (-157.8786055 21.3399503)
1490,,-157.857237,21.3320684,POINT (-157.857237 21.3320684)
1491,,-157.8562831,21.3324502,POINT (-157.8562831 21.3324502)
1492,,-157.8584154,21.3318568,POINT (-157.8584154 21.3318568)
1493,,-157.8116137,21.2890745,POINT (-157.8116137 21.2890745)
1494,,-157.8490848,21.3047603,POINT (-157.8490848 21.3047603)
1495,,-157.8653858,21.3309432,POINT (-157.8653858 21.3309432)
1496,,-157.8654365,21.3310117,POINT (-157.8654365 21.3310117)
1497,,-157.8002132,21.31832,POINT (-157.8002132 21.31832)
1498,,-157.7995623,21.3188208,POINT (-157.7995623 21.3188208)
1499,,-157.8001854,21.3177249,POINT (-157.8001854 21.3177249)
1500,,-157.862373,21.3249762,POINT (-157.862373 21.3249762)
1501,,-157.8627051,21.3247994,POINT (-157.8627051 21.3247994)
1502,,-157.8621263,21.3253715,POINT (-157.8621263 21.3253715)
1503,,-157.8626606,21.3262463,POINT (-157.8626606 21.3262463)
1504,,-157.8699987,21.3265873,POINT (-157.8699987 21.3265873)
1505,,-157.8701502,21.3267947,POINT (-157.8701502 21.3267947)
1506,,-157.8698258,21.3263491,POINT (-157.8698258 21.3263491)
1507,,-157.8702964,21.3269921,POINT (-157.8702964 21.3269921)
1508,,-157.8578998,21.3232372,POINT (-157.8578998 21.3232372)
1509,,-157.8593585,21.3220645,POINT (-157.8593585 21.3220645)
1510,,-157.8557127,21.3249235,POINT (-157.8557127 21.3249235)
1511,,-157.8555988,21.3250098,POINT (-157.8555988 21.3250098)
1512,,-157.8559799,21.324721,POINT (-157.8559799 21.324721)
1513,,-157.7843144,21.3027489,POINT (-157.7843144 21.3027489)
1514,,-157.7846416,21.3025175,POINT (-157.7846416 21.3025175)
1515,,-157.8000939,21.2943474,POINT (-157.8000939 21.2943474)
1516,,-157.7836767,21.3033925,POINT (-157.7836767 21.3033925)
1517,,-157.8324806,21.2789998,POINT (-157.8324806 21.2789998)
1518,,-157.8693456,21.3358751,POINT (-157.8693456 21.3358751)
1519,,-157.8683626,21.334612,POINT (-157.8683626 21.334612)
1520,,-157.8676871,21.3337913,POINT (-157.8676871 21.3337913)
1521,,-157.8140613,21.2804554,POINT (-157.8140613 21.2804554)
1522,,-157.8140569,21.2804014,POINT (-157.8140569 21.2804014)
1523,,-157.8141429,21.2818007,POINT (-157.8141429 21.2818007)
1524,,-157.8534651,21.2937923,POINT (-157.8534651 21.2937923)
1525,,-157.8531123,21.2935767,POINT (-157.8531123 21.2935767)
1526,,-157.8564976,21.2955575,POINT (-157.8564976 21.2955575)
1527,,-157.7991723,21.2957174,POINT (-157.7991723 21.2957174)
1528,,-157.7988427,21.29622,POINT (-157.7988427 21.29622)
1529,,-157.7993224,21.2954955,POINT (-157.7993224 21.2954955)
1530,,-157.7994346,21.2953297,POINT (-157.7994346 21.2953297)
1531,,-157.8485907,21.3059434,POINT (-157.8485907 21.3059434)
1532,,-157.8542593,21.3147187,POINT (-157.8542593 21.3147187)
1533,,-157.8534795,21.3138087,POINT (-157.8534795 21.3138087)
1534,,-157.8438535,21.3206942,POINT (-157.8438535 21.3206942)
1535,,-157.8445269,21.3205784,POINT (-157.8445269 21.3205784)
1536,,-157.8546079,21.3035902,POINT (-157.8546079 21.3035902)
1537,,-157.8526553,21.305033,POINT (-157.8526553 21.305033)
1538,,-157.8534164,21.3031468,POINT (-157.8534164 21.3031468)
1539,,-157.8545689,21.3014777,POINT (-157.8545689 21.3014777)
1540,,-157.8546814,21.3016738,POINT (-157.8546814 21.3016738)
1541,,-157.8541691,21.3009049,POINT (-157.8541691 21.3009049)
1542,,-157.7897998,21.2684364,POINT (-157.7897998 21.2684364)
1543,,-157.7900725,21.2669381,POINT (-157.7900725 21.2669381)
1544,,-157.7901759,21.2686285,POINT (-157.7901759 21.2686285)
1545,,-157.7906778,21.268553,POINT (-157.7906778 21.268553)
1546,,-157.8431552,21.3208381,POINT (-157.8431552 21.3208381)
1547,,-157.7894303,21.2689348,POINT (-157.7894303 21.2689348)
1548,,-157.7844852,21.2803517,POINT (-157.7844852 21.2803517)
1549,,-157.784539,21.2779904,POINT (-157.784539 21.2779904)
1550,,-157.7848526,21.2782873,POINT (-157.7848526 21.2782873)
1551,,-157.7836314,21.2780711,POINT (-157.7836314 21.2780711)
1552,,-157.7845812,21.280655,POINT (-157.7845812 21.280655)
1553,,-157.7845228,21.2805247,POINT (-157.7845228 21.2805247)
1554,,-157.7841976,21.2805542,POINT (-157.7841976 21.2805542)
1555,,-157.7845929,21.2787103,POINT (-157.7845929 21.2787103)
1556,,-157.7843649,21.2805553,POINT (-157.7843649 21.2805553)
1557,,-157.7843179,21.27847,POINT (-157.7843179 21.27847)
1558,,-157.7838541,21.2780746,POINT (-157.7838541 21.2780746)
1559,,-157.7825721,21.2753776,POINT (-157.7825721 21.2753776)
1560,,-157.7875089,21.2742514,POINT (-157.7875089 21.2742514)
1561,,-157.7906669,21.2741877,POINT (-157.7906669 21.2741877)
1562,,-157.8629605,21.3105413,POINT (-157.8629605 21.3105413)
1563,,-157.7913813,21.2750069,POINT (-157.7913813 21.2750069)
1564,,-157.7882221,21.2763594,POINT (-157.7882221 21.2763594)
1565,,-157.7917802,21.2793295,POINT (-157.7917802 21.2793295)
1566,,-157.7928788,21.279538,POINT (-157.7928788 21.279538)
1567,,-157.8635957,21.3102513,POINT (-157.8635957 21.3102513)
1568,,-157.9175944,21.3338706,POINT (-157.9175944 21.3338706)
1569,,-157.9149422,21.3349534,POINT (-157.9149422 21.3349534)
1570,,-157.8426017,21.3037563,POINT (-157.8426017 21.3037563)
1571,,-157.7077935,21.2853586,POINT (-157.7077935 21.2853586)
1572,,-157.7085724,21.2854411,POINT (-157.7085724 21.2854411)
1573,,-157.9298823,21.3408729,POINT (-157.9298823 21.3408729)
1574,,-157.9300696,21.3412049,POINT (-157.9300696 21.3412049)
1575,,-157.8633277,21.3112693,POINT (-157.8633277 21.3112693)
1576,,-157.8625047,21.3117529,POINT (-157.8625047 21.3117529)
1577,,-157.8311551,21.2890698,POINT (-157.8311551 21.2890698)
1578,,-157.8334941,21.2898708,POINT (-157.8334941 21.2898708)
1579,,-157.8386135,21.2900727,POINT (-157.8386135 21.2900727)
1580,,-157.8382014,21.2901873,POINT (-157.8382014 21.2901873)
1581,,-157.8138594,21.2784208,POINT (-157.8138594 21.2784208)
1582,,-157.8139694,21.2795381,POINT (-157.8139694 21.2795381)
1583,,-157.8139791,21.279755,POINT (-157.8139791 21.279755)
1584,,-157.8143429,21.2794221,POINT (-157.8143429 21.2794221)
1585,,-157.8139501,21.2791392,POINT (-157.8139501 21.2791392)
1586,,-157.8309494,21.2836222,POINT (-157.8309494 21.2836222)
1587,,-157.8313249,21.2839704,POINT (-157.8313249 21.2839704)
1588,,-157.8307736,21.2834665,POINT (-157.8307736 21.2834665)
1589,,-157.8319831,21.2842775,POINT (-157.8319831 21.2842775)
1590,,-157.8218598,21.2746055,POINT (-157.8218598 21.2746055)
1591,,-157.8213486,21.2739194,POINT (-157.8213486 21.2739194)
1592,,-157.8223796,21.2753681,POINT (-157.8223796 21.2753681)
1593,,-157.8224438,21.2755279,POINT (-157.8224438 21.2755279)
1594,,-157.8221547,21.2750214,POINT (-157.8221547 21.2750214)
1595,,-157.8201384,21.2721788,POINT (-157.8201384 21.2721788)
1596,,-157.8640181,21.312557,POINT (-157.8640181 21.312557)
1597,,-157.9169776,21.3322659,POINT (-157.9169776 21.3322659)
1598,,-157.9150691,21.3340302,POINT (-157.9150691 21.3340302)
1599,,-157.9268485,21.3388198,POINT (-157.9268485 21.3388198)
1600,,-157.8594119,21.3220169,POINT (-157.8594119 21.3220169)
1601,,-157.8348573,21.3083629,POINT (-157.8348573 21.3083629)
1602,,-157.8369713,21.3093464,POINT (-157.8369713 21.3093464)
1603,,-157.8569201,21.3106917,POINT (-157.8569201 21.3106917)
1604,,-157.8568953,21.3107075,POINT (-157.8568953 21.3107075)
1605,,-157.8559371,21.3112756,POINT (-157.8559371 21.3112756)
1606,,-157.863774,21.3136071,POINT (-157.863774 21.3136071)
1607,,-157.835141,21.3059676,POINT (-157.835141 21.3059676)
1608,,-157.8350298,21.3058692,POINT (-157.8350298 21.3058692)
1609,,-157.8299149,21.2921632,POINT (-157.8299149 21.2921632)
1610,,-157.8321964,21.2930182,POINT (-157.8321964 21.2930182)
1611,,-157.8359803,21.3104343,POINT (-157.8359803 21.3104343)
1612,,-157.8380806,21.3101096,POINT (-157.8380806 21.3101096)
1613,,-157.8178795,21.288152,POINT (-157.8178795 21.288152)
1614,,-157.8182623,21.2880639,POINT (-157.8182623 21.2880639)
1615,,-157.8147382,21.2887041,POINT (-157.8147382 21.2887041)
1616,,-157.9013786,21.3354028,POINT (-157.9013786 21.3354028)
1617,,-157.901354,21.335675,POINT (-157.901354 21.335675)
1618,,-157.9013532,21.3357979,POINT (-157.9013532 21.3357979)
1619,,-157.9013507,21.336196,POINT (-157.9013507 21.336196)
1620,,-157.8546261,21.3103943,POINT (-157.8546261 21.3103943)
1621,,-157.8840913,21.3387797,POINT (-157.8840913 21.3387797)
1622,,-157.864206,21.314439,POINT (-157.864206 21.314439)
1623,,-157.8601993,21.3278695,POINT (-157.8601993 21.3278695)
1624,,-157.8624597,21.3295184,POINT (-157.8624597 21.3295184)
1625,,-157.8642184,21.3148937,POINT (-157.8642184 21.3148937)
1626,,-157.847599,21.3083375,POINT (-157.847599 21.3083375)
1627,,-157.8479902,21.3073946,POINT (-157.8479902 21.3073946)
1628,,-157.844967,21.3091919,POINT (-157.844967 21.3091919)
1629,,-157.8650621,21.3152335,POINT (-157.8650621 21.3152335)
1630,,-157.8366035,21.3048434,POINT (-157.8366035 21.3048434)
1631,,-157.8565634,21.2959112,POINT (-157.8565634 21.2959112)
1632,,-157.8554992,21.296692,POINT (-157.8554992 21.296692)
1633,,-157.8568395,21.2957185,POINT (-157.8568395 21.2957185)
1634,,-157.819871,21.3043987,POINT (-157.819871 21.3043987)
1635,,-157.818541,21.3066554,POINT (-157.818541 21.3066554)
1636,,-157.8199833,21.3042338,POINT (-157.8199833 21.3042338)
1637,,-157.8505395,21.3100261,POINT (-157.8505395 21.3100261)
1638,,-157.8641839,21.3162574,POINT (-157.8641839 21.3162574)
1639,,-157.8642151,21.3164727,POINT (-157.8642151 21.3164727)
1640,,-157.8639229,21.3162753,POINT (-157.8639229 21.3162753)
1641,,-157.899237,21.3588143,POINT (-157.899237 21.3588143)
1642,,-157.8992982,21.3599071,POINT (-157.8992982 21.3599071)
1643,,-157.8986492,21.3599106,POINT (-157.8986492 21.3599106)
1644,,-157.8901056,21.3432728,POINT (-157.8901056 21.3432728)
1645,,-157.8903584,21.3433191,POINT (-157.8903584 21.3433191)
1646,,-157.8898745,21.3432736,POINT (-157.8898745 21.3432736)
1647,,-157.8904578,21.3433445,POINT (-157.8904578 21.3433445)
1648,,-157.889147,21.3432566,POINT (-157.889147 21.3432566)
1649,,-157.876747,21.3425901,POINT (-157.876747 21.3425901)
1650,,-157.8751378,21.3418086,POINT (-157.8751378 21.3418086)
1651,,-157.8776771,21.3424323,POINT (-157.8776771 21.3424323)
1652,,-157.8463608,21.3429972,POINT (-157.8463608 21.3429972)
1653,,-157.8464204,21.3427105,POINT (-157.8464204 21.3427105)
1654,,-157.7552145,21.2783227,POINT (-157.7552145 21.2783227)
1655,,-157.7555743,21.279412,POINT (-157.7555743 21.279412)
1656,,-157.7551975,21.2776991,POINT (-157.7551975 21.2776991)
1657,,-157.7516772,21.2781942,POINT (-157.7516772 21.2781942)
1658,,-157.7110657,21.2844501,POINT (-157.7110657 21.2844501)
1659,,-157.7114751,21.2845392,POINT (-157.7114751 21.2845392)
1660,,-157.7117004,21.2842193,POINT (-157.7117004 21.2842193)
1661,,-157.7112223,21.2840833,POINT (-157.7112223 21.2840833)
1662,,-157.712837,21.2839452,POINT (-157.712837 21.2839452)
1663,,-157.7083619,21.2789212,POINT (-157.7083619 21.2789212)
1664,,-157.7083105,21.2788803,POINT (-157.7083105 21.2788803)
1665,,-157.8660654,21.3202438,POINT (-157.8660654 21.3202438)
1666,,-157.700004,21.2826546,POINT (-157.700004 21.2826546)
1667,,-157.7001305,21.2824781,POINT (-157.7001305 21.2824781)
1668,,-157.7002739,21.2822812,POINT (-157.7002739 21.2822812)
1669,,-157.7030977,21.278346,POINT (-157.7030977 21.278346)
1670,,-157.703469,21.2777993,POINT (-157.703469 21.2777993)
1671,,-157.7042621,21.2767131,POINT (-157.7042621 21.2767131)
1672,,-157.7046902,21.2761759,POINT (-157.7046902 21.2761759)
1673,,-157.836876,21.3119429,POINT (-157.836876 21.3119429)
1674,,-157.8196978,21.2878205,POINT (-157.8196978 21.2878205)
1675,,-157.8256145,21.2875828,POINT (-157.8256145 21.2875828)
1676,,-157.8256424,21.2878619,POINT (-157.8256424 21.2878619)
1677,,-157.8172787,21.2904533,POINT (-157.8172787 21.2904533)
1678,,-157.8653255,21.3206965,POINT (-157.8653255 21.3206965)
1679,,-157.742955,21.2804176,POINT (-157.742955 21.2804176)
1680,,-157.8663552,21.320663,POINT (-157.8663552 21.320663)
1681,,-157.7347748,21.2826528,POINT (-157.7347748 21.2826528)
1682,,-157.7346148,21.2821086,POINT (-157.7346148 21.2821086)
1683,,-157.7348965,21.2826218,POINT (-157.7348965 21.2826218)
1684,,-157.8573765,21.3582247,POINT (-157.8573765 21.3582247)
1685,,-157.8615298,21.3506429,POINT (-157.8615298 21.3506429)
1686,,-157.8610315,21.3471936,POINT (-157.8610315 21.3471936)
1687,,-157.8612851,21.3462109,POINT (-157.8612851 21.3462109)
1688,,-157.8609969,21.3473276,POINT (-157.8609969 21.3473276)
1689,,-157.8484617,21.3204817,POINT (-157.8484617 21.3204817)
1690,,-157.8462513,21.3212169,POINT (-157.8462513 21.3212169)
1691,,-157.8398256,21.3223967,POINT (-157.8398256 21.3223967)
1692,,-157.839778,21.3226243,POINT (-157.839778 21.3226243)
1693,,-157.8390818,21.3228229,POINT (-157.8390818 21.3228229)
1694,,-157.8402658,21.3224852,POINT (-157.8402658 21.3224852)
1695,,-157.863011,21.3306486,POINT (-157.863011 21.3306486)
1696,,-157.8605144,21.3298777,POINT (-157.8605144 21.3298777)
1697,,-157.8603523,21.3283066,POINT (-157.8603523 21.3283066)
1698,,-157.8605095,21.3284249,POINT (-157.8605095 21.3284249)
1699,,-157.8600393,21.3279631,POINT (-157.8600393 21.3279631)
1700,,-157.8594616,21.3309984,POINT (-157.8594616 21.3309984)
1701,,-157.8596249,21.3310285,POINT (-157.8596249 21.3310285)
1702,,-157.8323501,21.3427245,POINT (-157.8323501 21.3427245)
1703,,-157.8309439,21.3447009,POINT (-157.8309439 21.3447009)
1704,,-157.8323219,21.3424545,POINT (-157.8323219 21.3424545)
1705,,-157.8325461,21.3425316,POINT (-157.8325461 21.3425316)
1706,,-157.8322135,21.3423814,POINT (-157.8322135 21.3423814)
1707,,-157.8310919,21.3423947,POINT (-157.8310919 21.3423947)
1708,,-157.8670774,21.3216476,POINT (-157.8670774 21.3216476)
1709,,-157.8664376,21.3221753,POINT (-157.8664376 21.3221753)
1710,,-157.8675882,21.3223548,POINT (-157.8675882 21.3223548)
1711,,-157.8013392,21.3173267,POINT (-157.8013392 21.3173267)
1712,,-157.8020464,21.3170826,POINT (-157.8020464 21.3170826)
1713,,-157.882311,21.3240332,POINT (-157.882311 21.3240332)
1714,,-157.8824234,21.323917,POINT (-157.8824234 21.323917)
1715,,-157.8819156,21.32405,POINT (-157.8819156 21.32405)
1716,,-157.8823307,21.3243743,POINT (-157.8823307 21.3243743)
1717,,-157.8812378,21.3233951,POINT (-157.8812378 21.3233951)
1718,,-157.8834866,21.3255562,POINT (-157.8834866 21.3255562)
1719,,-157.8679899,21.3230623,POINT (-157.8679899 21.3230623)
1720,,-157.8193978,21.290414,POINT (-157.8193978 21.290414)
1721,,-157.8465042,21.3229706,POINT (-157.8465042 21.3229706)
1722,,-157.8461519,21.3276795,POINT (-157.8461519 21.3276795)
1723,,-157.8465414,21.3272998,POINT (-157.8465414 21.3272998)
1724,,-157.8474945,21.326263,POINT (-157.8474945 21.326263)
1725,,-157.8461496,21.3273782,POINT (-157.8461496 21.3273782)
1726,,-157.8454122,21.3287335,POINT (-157.8454122 21.3287335)
1727,,-157.8454493,21.3290302,POINT (-157.8454493 21.3290302)
1728,,-157.851563,21.3178631,POINT (-157.851563 21.3178631)
1729,,-157.8519529,21.3176191,POINT (-157.8519529 21.3176191)
1730,,-157.8520224,21.3178622,POINT (-157.8520224 21.3178622)
1731,,-157.8549933,21.3140487,POINT (-157.8549933 21.3140487)
1732,,-157.8572495,21.3580657,POINT (-157.8572495 21.3580657)
1733,,-157.8571945,21.3583352,POINT (-157.8571945 21.3583352)
1734,,-157.8681105,21.3233411,POINT (-157.8681105 21.3233411)
1735,,-157.8575475,21.3578913,POINT (-157.8575475 21.3578913)
1736,,-157.8573236,21.3581572,POINT (-157.8573236 21.3581572)
1737,,-157.8571383,21.3579419,POINT (-157.8571383 21.3579419)
1738,,-157.870225,21.3366984,POINT (-157.870225 21.3366984)
1739,,-157.8679151,21.344989,POINT (-157.8679151 21.344989)
1740,,-157.8675522,21.3446875,POINT (-157.8675522 21.3446875)
1741,,-157.8675254,21.3449349,POINT (-157.8675254 21.3449349)
1742,,-157.8634782,21.3487913,POINT (-157.8634782 21.3487913)
1743,,-157.8619849,21.3499466,POINT (-157.8619849 21.3499466)
1744,,-157.8636424,21.3483883,POINT (-157.8636424 21.3483883)
1745,,-157.8640376,21.3484392,POINT (-157.8640376 21.3484392)
1746,,-157.8637987,21.3485928,POINT (-157.8637987 21.3485928)
1747,,-157.867581,21.3452091,POINT (-157.867581 21.3452091)
1748,,-157.8667106,21.347125,POINT (-157.8667106 21.347125)
1749,,-157.8678105,21.3402747,POINT (-157.8678105 21.3402747)
1750,,-157.8676847,21.3421454,POINT (-157.8676847 21.3421454)
1751,,-157.8698396,21.3359672,POINT (-157.8698396 21.3359672)
1752,,-157.8751258,21.3312609,POINT (-157.8751258 21.3312609)
1753,,-157.8748722,21.3314719,POINT (-157.8748722 21.3314719)
1754,,-157.8682667,21.3236835,POINT (-157.8682667 21.3236835)
1755,,-157.875501,21.3308971,POINT (-157.875501 21.3308971)
1756,,-157.6994497,21.2745869,POINT (-157.6994497 21.2745869)
1757,,-157.665419,21.2904441,POINT (-157.665419 21.2904441)
1758,,-157.665173,21.2905776,POINT (-157.665173 21.2905776)
1759,,-157.6649135,21.2907135,POINT (-157.6649135 21.2907135)
1760,,-157.9304051,21.3400221,POINT (-157.9304051 21.3400221)
1761,,-157.9301891,21.339902,POINT (-157.9301891 21.339902)
1762,,-157.9289755,21.3395001,POINT (-157.9289755 21.3395001)
1763,,-157.9283526,21.3392787,POINT (-157.9283526 21.3392787)
1764,,-157.929566,21.3410616,POINT (-157.929566 21.3410616)
1765,,-157.9288014,21.3424836,POINT (-157.9288014 21.3424836)
1766,,-157.9262592,21.338703,POINT (-157.9262592 21.338703)
1767,,-157.9230351,21.3382311,POINT (-157.9230351 21.3382311)
1768,,-157.9227979,21.3378482,POINT (-157.9227979 21.3378482)
1769,,-157.919782,21.3377566,POINT (-157.919782 21.3377566)
1770,,-157.9187358,21.3375707,POINT (-157.9187358 21.3375707)
1771,,-157.9183336,21.3375157,POINT (-157.9183336 21.3375157)
1772,,-157.9184032,21.3371509,POINT (-157.9184032 21.3371509)
1773,,-157.8687428,21.3246624,POINT (-157.8687428 21.3246624)
1774,,-157.8690034,21.3251377,POINT (-157.8690034 21.3251377)
1775,,-157.9181873,21.3374953,POINT (-157.9181873 21.3374953)
1776,,-157.9170959,21.3373272,POINT (-157.9170959 21.3373272)
1777,,-157.918087,21.3373462,POINT (-157.918087 21.3373462)
1778,,-157.9172992,21.3372272,POINT (-157.9172992 21.3372272)
1779,,-157.9167794,21.3372805,POINT (-157.9167794 21.3372805)
1780,,-157.9155468,21.3370989,POINT (-157.9155468 21.3370989)
1781,,-157.9165704,21.3371167,POINT (-157.9165704 21.3371167)
1782,,-157.9152508,21.3370538,POINT (-157.9152508 21.3370538)
1783,,-157.9152928,21.3369051,POINT (-157.9152928 21.3369051)
1784,,-157.9144244,21.3369294,POINT (-157.9144244 21.3369294)
1785,,-157.9142403,21.3367638,POINT (-157.9142403 21.3367638)
1786,,-157.9130852,21.3367226,POINT (-157.9130852 21.3367226)
1787,,-157.9126314,21.3370811,POINT (-157.9126314 21.3370811)
1788,,-157.9129583,21.3367031,POINT (-157.9129583 21.3367031)
1789,,-157.9128413,21.3365829,POINT (-157.9128413 21.3365829)
1790,,-157.9116399,21.3365002,POINT (-157.9116399 21.3365002)
1791,,-157.9118304,21.336425,POINT (-157.9118304 21.336425)
1792,,-157.9107372,21.3363613,POINT (-157.9107372 21.3363613)
1793,,-157.8692689,21.3255541,POINT (-157.8692689 21.3255541)
1794,,-157.9105997,21.3362328,POINT (-157.9105997 21.3362328)
1795,,-157.9090076,21.3360951,POINT (-157.9090076 21.3360951)
1796,,-157.9088551,21.3359893,POINT (-157.9088551 21.3359893)
1797,,-157.9081038,21.3359561,POINT (-157.9081038 21.3359561)
1798,,-157.9073539,21.3358398,POINT (-157.9073539 21.3358398)
1799,,-157.9071663,21.3357474,POINT (-157.9071663 21.3357474)
1800,,-157.9057865,21.3355917,POINT (-157.9057865 21.3355917)
1801,,-157.9059768,21.3355622,POINT (-157.9059768 21.3355622)
1802,,-157.904456,21.3358731,POINT (-157.904456 21.3358731)
1803,,-157.9035158,21.3352004,POINT (-157.9035158 21.3352004)
1804,,-157.902595,21.3351025,POINT (-157.902595 21.3351025)
1805,,-157.9027478,21.3350866,POINT (-157.9027478 21.3350866)
1806,,-157.9014474,21.3345331,POINT (-157.9014474 21.3345331)
1807,,-157.9011236,21.3348783,POINT (-157.9011236 21.3348783)
1808,,-157.8695798,21.3260057,POINT (-157.8695798 21.3260057)
1809,,-157.8361158,21.2847711,POINT (-157.8361158 21.2847711)
1810,,-157.8887722,21.3331388,POINT (-157.8887722 21.3331388)
1811,,-157.889423,21.3334132,POINT (-157.889423 21.3334132)
1812,,-157.8749509,21.3415801,POINT (-157.8749509 21.3415801)
1813,,-157.8746613,21.3417413,POINT (-157.8746613 21.3417413)
1814,,-157.8746243,21.3417619,POINT (-157.8746243 21.3417619)
1815,,-157.8352079,21.29048,POINT (-157.8352079 21.29048)
1816,,-157.8346274,21.290289,POINT (-157.8346274 21.290289)
1817,,-157.8356868,21.2905502,POINT (-157.8356868 21.2905502)
1818,,-157.8354653,21.2901273,POINT (-157.8354653 21.2901273)
1819,,-157.8240361,21.2872235,POINT (-157.8240361 21.2872235)
1820,,-157.8141928,21.2888039,POINT (-157.8141928 21.2888039)
1821,,-157.892915,21.3450672,POINT (-157.892915 21.3450672)
1822,,-157.8935914,21.3440026,POINT (-157.8935914 21.3440026)
1823,,-157.852293,21.3145775,POINT (-157.852293 21.3145775)
1824,,-157.8521568,21.314852,POINT (-157.8521568 21.314852)
1825,,-157.8527447,21.3133734,POINT (-157.8527447 21.3133734)
1826,,-157.7915632,21.2846517,POINT (-157.7915632 21.2846517)
1827,,-157.7923121,21.2833906,POINT (-157.7923121 21.2833906)
1828,,-157.8697489,21.326231,POINT (-157.8697489 21.326231)
1829,,-157.8584187,21.3048985,POINT (-157.8584187 21.3048985)
1830,,-157.8597964,21.304182,POINT (-157.8597964 21.304182)
1831,,-157.8584396,21.3052963,POINT (-157.8584396 21.3052963)
1832,,-157.910858,21.368792,POINT (-157.910858 21.368792)
1833,,-157.9276185,21.3608657,POINT (-157.9276185 21.3608657)
1834,,-157.9275326,21.3608852,POINT (-157.9275326 21.3608852)
1835,,-157.9284186,21.3639295,POINT (-157.9284186 21.3639295)
1836,,-157.926852,21.3582418,POINT (-157.926852 21.3582418)
1837,,-157.9128252,21.3456627,POINT (-157.9128252 21.3456627)
1838,,-157.9127387,21.3459853,POINT (-157.9127387 21.3459853)
1839,,-157.9125132,21.3458156,POINT (-157.9125132 21.3458156)
1840,,-157.8572504,21.3104912,POINT (-157.8572504 21.3104912)
1841,,-157.8572095,21.3105152,POINT (-157.8572095 21.3105152)
1842,,-157.8627602,21.3046942,POINT (-157.8627602 21.3046942)
1843,,-157.8629492,21.3021272,POINT (-157.8629492 21.3021272)
1844,,-157.9255595,21.3613857,POINT (-157.9255595 21.3613857)
1845,,-157.9256954,21.3613646,POINT (-157.9256954 21.3613646)
1846,,-157.9256875,21.3612515,POINT (-157.9256875 21.3612515)
1847,,-157.9251408,21.3619788,POINT (-157.9251408 21.3619788)
1848,,-157.7954363,21.2874824,POINT (-157.7954363 21.2874824)
1849,,-157.7964474,21.2867016,POINT (-157.7964474 21.2867016)
1850,,-157.9143959,21.3438977,POINT (-157.9143959 21.3438977)
1851,,-157.9139831,21.3436992,POINT (-157.9139831 21.3436992)
1852,,-157.9155622,21.3444522,POINT (-157.9155622 21.3444522)
1853,,-157.8463371,21.2992611,POINT (-157.8463371 21.2992611)
1854,,-157.8467619,21.2982369,POINT (-157.8467619 21.2982369)
1855,,-157.8706343,21.327458,POINT (-157.8706343 21.327458)
1856,,-157.8741873,21.3420051,POINT (-157.8741873 21.3420051)
1857,,-157.8783527,21.3421824,POINT (-157.8783527 21.3421824)
1858,,-157.8887318,21.3264255,POINT (-157.8887318 21.3264255)
1859,,-157.8315971,21.3158095,POINT (-157.8315971 21.3158095)
1860,,-157.831679,21.3159034,POINT (-157.831679 21.3159034)
1861,,-157.8916985,21.3218027,POINT (-157.8916985 21.3218027)
1862,,-157.8764552,21.3191421,POINT (-157.8764552 21.3191421)
1863,,-157.8768741,21.319106,POINT (-157.8768741 21.319106)
1864,,-157.8767958,21.3195104,POINT (-157.8767958 21.3195104)
1865,,-157.8768245,21.3191831,POINT (-157.8768245 21.3191831)
1866,,-157.8712613,21.3283106,POINT (-157.8712613 21.3283106)
1867,,-157.8712273,21.3282416,POINT (-157.8712273 21.3282416)
1868,,-157.8712998,21.328716,POINT (-157.8712998 21.328716)
1869,,-157.871502,21.3285037,POINT (-157.871502 21.3285037)
1870,,-157.8701263,21.329884,POINT (-157.8701263 21.329884)
1871,,-157.7383028,21.2859312,POINT (-157.7383028 21.2859312)
1872,,-157.7113068,21.2840494,POINT (-157.7113068 21.2840494)
1873,,-157.9015746,21.3456064,POINT (-157.9015746 21.3456064)
1874,,-157.9016643,21.3455858,POINT (-157.9016643 21.3455858)
1875,,-157.9017143,21.3459227,POINT (-157.9017143 21.3459227)
1876,,-157.9014738,21.34462,POINT (-157.9014738 21.34462)
1877,,-157.9014959,21.3447266,POINT (-157.9014959 21.3447266)
1878,,-157.9013851,21.3446365,POINT (-157.9013851 21.3446365)
1879,,-157.90141,21.3447431,POINT (-157.90141 21.3447431)
1880,,-157.9015026,21.3452372,POINT (-157.9015026 21.3452372)
1881,,-157.90182,21.3458588,POINT (-157.90182 21.3458588)
1882,,-157.9034866,21.3443661,POINT (-157.9034866 21.3443661)
1883,,-157.895519,21.3495539,POINT (-157.895519 21.3495539)
1884,,-157.8963461,21.3488563,POINT (-157.8963461 21.3488563)
1885,,-157.8995414,21.3449671,POINT (-157.8995414 21.3449671)
1886,,-157.9015934,21.345221,POINT (-157.9015934 21.345221)
1887,,-157.8951101,21.349759,POINT (-157.8951101 21.349759)
1888,,-157.9018087,21.3460581,POINT (-157.9018087 21.3460581)
1889,,-157.9019144,21.3459942,POINT (-157.9019144 21.3459942)
1890,,-157.9130546,21.3436137,POINT (-157.9130546 21.3436137)
1891,,-157.9122094,21.3436081,POINT (-157.9122094 21.3436081)
1892,,-157.9001871,21.3430889,POINT (-157.9001871 21.3430889)
1893,,-157.9034423,21.3442283,POINT (-157.9034423 21.3442283)
1894,,-157.8988335,21.3454206,POINT (-157.8988335 21.3454206)
1895,,-157.9019213,21.3459637,POINT (-157.9019213 21.3459637)
1896,,-157.8722418,21.3276715,POINT (-157.8722418 21.3276715)
1897,,-157.8945287,21.3509726,POINT (-157.8945287 21.3509726)
1898,,-157.8973398,21.3478433,POINT (-157.8973398 21.3478433)
1899,,-157.8721262,21.3289103,POINT (-157.8721262 21.3289103)
1900,,-157.8952844,21.3496054,POINT (-157.8952844 21.3496054)
1901,,-157.8429078,21.3014523,POINT (-157.8429078 21.3014523)
1902,,-157.8432225,21.3015633,POINT (-157.8432225 21.3015633)
1903,,-157.8430671,21.3018617,POINT (-157.8430671 21.3018617)
1904,,-157.8427808,21.3024646,POINT (-157.8427808 21.3024646)
1905,,-157.8526592,21.308077,POINT (-157.8526592 21.308077)
1906,,-157.853011,21.3116665,POINT (-157.853011 21.3116665)
1907,,-157.8523112,21.307194,POINT (-157.8523112 21.307194)
1908,,-157.8533664,21.3125113,POINT (-157.8533664 21.3125113)
1909,,-157.8519383,21.3201804,POINT (-157.8519383 21.3201804)
1910,,-157.852306,21.3203352,POINT (-157.852306 21.3203352)
1911,,-157.8511038,21.3201855,POINT (-157.8511038 21.3201855)
1912,,-157.8521643,21.3204931,POINT (-157.8521643 21.3204931)
1913,,-157.8528684,21.3130494,POINT (-157.8528684 21.3130494)
1914,,-157.8731929,21.3296549,POINT (-157.8731929 21.3296549)
1915,,-157.8527067,21.3128304,POINT (-157.8527067 21.3128304)
1916,,-157.852156,21.312135,POINT (-157.852156 21.312135)
1917,,-157.8514773,21.3055961,POINT (-157.8514773 21.3055961)
1918,,-157.8630362,21.3152895,POINT (-157.8630362 21.3152895)
1919,,-157.8652732,21.3153118,POINT (-157.8652732 21.3153118)
1920,,-157.8667384,21.3158932,POINT (-157.8667384 21.3158932)
1921,,-157.8593595,21.3163176,POINT (-157.8593595 21.3163176)
1922,,-157.8681962,21.3144252,POINT (-157.8681962 21.3144252)
1923,,-157.9126599,21.3462694,POINT (-157.9126599 21.3462694)
1924,,-157.9124947,21.3469704,POINT (-157.9124947 21.3469704)
1925,,-157.9130237,21.3461823,POINT (-157.9130237 21.3461823)
1926,,-157.9134568,21.3464934,POINT (-157.9134568 21.3464934)
1927,,-157.9110508,21.3452817,POINT (-157.9110508 21.3452817)
1928,,-157.9118108,21.3483465,POINT (-157.9118108 21.3483465)
1929,,-157.9120848,21.3485448,POINT (-157.9120848 21.3485448)
1930,,-157.9095287,21.346803,POINT (-157.9095287 21.346803)
1931,,-157.9137711,21.3436468,POINT (-157.9137711 21.3436468)
1932,,-157.9217202,21.3701668,POINT (-157.9217202 21.3701668)
1933,,-157.8750454,21.3307053,POINT (-157.8750454 21.3307053)
1934,,-157.8654918,21.3135689,POINT (-157.8654918 21.3135689)
1935,,-157.8646924,21.3106115,POINT (-157.8646924 21.3106115)
1936,,-157.8650974,21.3139288,POINT (-157.8650974 21.3139288)
1937,,-157.8668322,21.3151179,POINT (-157.8668322 21.3151179)
1938,,-157.8672155,21.3149202,POINT (-157.8672155 21.3149202)
1939,,-157.8662333,21.3140978,POINT (-157.8662333 21.3140978)
1940,,-157.8654349,21.3139904,POINT (-157.8654349 21.3139904)
1941,,-157.8651337,21.3142019,POINT (-157.8651337 21.3142019)
1942,,-157.9145899,21.3369549,POINT (-157.9145899 21.3369549)
1943,,-157.6802077,21.2939353,POINT (-157.6802077 21.2939353)
1944,,-157.8762579,21.3302356,POINT (-157.8762579 21.3302356)
1945,,-157.907533,21.3358682,POINT (-157.907533 21.3358682)
1946,,-157.8517696,21.31167,POINT (-157.8517696 21.31167)
1947,,-157.8520636,21.3120266,POINT (-157.8520636 21.3120266)
1948,,-157.8511415,21.3108572,POINT (-157.8511415 21.3108572)
1949,,-157.8519073,21.3122171,POINT (-157.8519073 21.3122171)
1950,,-157.8706766,21.334936,POINT (-157.8706766 21.334936)
1951,,-157.8685747,21.3377137,POINT (-157.8685747 21.3377137)
1952,,-157.8680728,21.3383833,POINT (-157.8680728 21.3383833)
1953,,-157.8670471,21.3377742,POINT (-157.8670471 21.3377742)
1954,,-157.8673036,21.3383071,POINT (-157.8673036 21.3383071)
1955,,-157.8670364,21.337718,POINT (-157.8670364 21.337718)
1956,,-157.876233,21.3312398,POINT (-157.876233 21.3312398)
1957,,-157.8670622,21.3371449,POINT (-157.8670622 21.3371449)
1958,,-157.8521253,21.3148924,POINT (-157.8521253 21.3148924)
1959,,-157.8518399,21.3152699,POINT (-157.8518399 21.3152699)
1960,,-157.8633211,21.3244848,POINT (-157.8633211 21.3244848)
1961,,-157.8576485,21.2994196,POINT (-157.8576485 21.2994196)
1962,,-157.8572994,21.2989233,POINT (-157.8572994 21.2989233)
1963,,-157.8581448,21.2999801,POINT (-157.8581448 21.2999801)
1964,,-157.8571749,21.2998797,POINT (-157.8571749 21.2998797)
1965,,-157.85864,21.2983751,POINT (-157.85864 21.2983751)
1966,,-157.8063858,21.3577382,POINT (-157.8063858 21.3577382)
1967,,-157.8765248,21.3313917,POINT (-157.8765248 21.3313917)
1968,,-157.7663196,21.2791094,POINT (-157.7663196 21.2791094)
1969,,-157.7655395,21.27911,POINT (-157.7655395 21.27911)
1970,,-157.7717922,21.2779506,POINT (-157.7717922 21.2779506)
1971,,-157.8768338,21.3315356,POINT (-157.8768338 21.3315356)
1972,,-157.8679063,21.3159913,POINT (-157.8679063 21.3159913)
1973,,-157.8630364,21.2990886,POINT (-157.8630364 21.2990886)
1974,,-157.8623766,21.2980853,POINT (-157.8623766 21.2980853)
1975,,-157.8634415,21.2990711,POINT (-157.8634415 21.2990711)
1976,,-157.8636289,21.2971131,POINT (-157.8636289 21.2971131)
1977,,-157.8774028,21.3317771,POINT (-157.8774028 21.3317771)
1978,,-157.8598255,21.3124261,POINT (-157.8598255 21.3124261)
1979,,-157.8601547,21.3121696,POINT (-157.8601547 21.3121696)
1980,,-157.8587859,21.313396,POINT (-157.8587859 21.313396)
1981,,-157.8776369,21.3318759,POINT (-157.8776369 21.3318759)
1982,,-157.8783348,21.3312628,POINT (-157.8783348 21.3312628)
1983,,-157.8598159,21.3117949,POINT (-157.8598159 21.3117949)
1984,,-157.8393108,21.3099149,POINT (-157.8393108 21.3099149)
1985,,-157.8393748,21.309567,POINT (-157.8393748 21.309567)
1986,,-157.9015175,21.3359437,POINT (-157.9015175 21.3359437)
1987,,-157.867299,21.3401971,POINT (-157.867299 21.3401971)
1988,,-157.8667289,21.3411437,POINT (-157.8667289 21.3411437)
1989,,-157.8674782,21.3399673,POINT (-157.8674782 21.3399673)
1990,,-157.8779753,21.3320129,POINT (-157.8779753 21.3320129)
1991,,-157.8595033,21.3282388,POINT (-157.8595033 21.3282388)
1992,,-157.8785849,21.3324419,POINT (-157.8785849 21.3324419)
1993,,-157.9001052,21.3521038,POINT (-157.9001052 21.3521038)
1994,,-157.9000533,21.3501216,POINT (-157.9000533 21.3501216)
1995,,-157.9001351,21.3529155,POINT (-157.9001351 21.3529155)
1996,,-157.8788251,21.3328468,POINT (-157.8788251 21.3328468)
1997,,-157.8995492,21.3537027,POINT (-157.8995492 21.3537027)
1998,,-157.8989192,21.3550657,POINT (-157.8989192 21.3550657)
1999,,-157.9004539,21.3571553,POINT (-157.9004539 21.3571553)
2000,,-157.8990969,21.3542208,POINT (-157.8990969 21.3542208)
2001,,-157.9017436,21.3570582,POINT (-157.9017436 21.3570582)
2002,,-157.9020655,21.3562029,POINT (-157.9020655 21.3562029)
2003,,-157.9009999,21.3578808,POINT (-157.9009999 21.3578808)
2004,,-157.902716,21.3549247,POINT (-157.902716 21.3549247)
2005,,-157.9019389,21.3548473,POINT (-157.9019389 21.3548473)
2006,,-157.9010024,21.354768,POINT (-157.9010024 21.354768)
2007,,-157.9001129,21.3541811,POINT (-157.9001129 21.3541811)
2008,,-157.8791598,21.3334064,POINT (-157.8791598 21.3334064)
2009,,-157.8988207,21.3567424,POINT (-157.8988207 21.3567424)
2010,,-157.8857419,21.3536415,POINT (-157.8857419 21.3536415)
2011,,-157.88575,21.3539579,POINT (-157.88575 21.3539579)
2012,,-157.8867182,21.3520677,POINT (-157.8867182 21.3520677)
2013,,-157.8858992,21.3543936,POINT (-157.8858992 21.3543936)
2014,,-157.8859394,21.3544539,POINT (-157.8859394 21.3544539)
2015,,-157.888813,21.354928,POINT (-157.888813 21.354928)
2016,,-157.8899265,21.3555676,POINT (-157.8899265 21.3555676)
2017,,-157.8912377,21.3551491,POINT (-157.8912377 21.3551491)
2018,,-157.8917731,21.3545902,POINT (-157.8917731 21.3545902)
2019,,-157.8795203,21.3338222,POINT (-157.8795203 21.3338222)
2020,,-157.843768,21.3308547,POINT (-157.843768 21.3308547)
2021,,-157.8798035,21.334054,POINT (-157.8798035 21.334054)
2022,,-157.8805091,21.3346165,POINT (-157.8805091 21.3346165)
2023,,-157.8941466,21.355871,POINT (-157.8941466 21.355871)
2024,,-157.8937625,21.3561757,POINT (-157.8937625 21.3561757)
2025,,-157.8935806,21.3540599,POINT (-157.8935806 21.3540599)
2026,,-157.8808421,21.3348775,POINT (-157.8808421 21.3348775)
2027,,-157.8679942,21.3137069,POINT (-157.8679942 21.3137069)
2028,,-157.867877,21.3137617,POINT (-157.867877 21.3137617)
2029,,-157.8643711,21.3079561,POINT (-157.8643711 21.3079561)
2030,,-157.8449006,21.3205103,POINT (-157.8449006 21.3205103)
2031,,-157.8452354,21.3204543,POINT (-157.8452354 21.3204543)
2032,,-157.8389131,21.3100329,POINT (-157.8389131 21.3100329)
2033,,-157.8412442,21.3098823,POINT (-157.8412442 21.3098823)
2034,,-157.8448946,21.3092128,POINT (-157.8448946 21.3092128)
2035,,-157.713957,21.2885108,POINT (-157.713957 21.2885108)
2036,,-157.8618498,21.3505713,POINT (-157.8618498 21.3505713)
2037,,-157.8632876,21.3012449,POINT (-157.8632876 21.3012449)
2038,,-157.8632588,21.3009869,POINT (-157.8632588 21.3009869)
2039,,-157.8636199,21.3009678,POINT (-157.8636199 21.3009678)
2040,,-157.8632401,21.3008252,POINT (-157.8632401 21.3008252)
2041,,-157.8910068,21.3327752,POINT (-157.8910068 21.3327752)
2042,,-157.861452,21.346036,POINT (-157.861452 21.346036)
2043,,-157.8617681,21.3457541,POINT (-157.8617681 21.3457541)
2044,,-157.8611936,21.3460514,POINT (-157.8611936 21.3460514)
2045,,-157.8628165,21.3137744,POINT (-157.8628165 21.3137744)
2046,,-157.8809399,21.3230887,POINT (-157.8809399 21.3230887)
2047,,-157.8813668,21.3229648,POINT (-157.8813668 21.3229648)
2048,,-157.8796047,21.3216921,POINT (-157.8796047 21.3216921)
2049,,-157.8798351,21.3211055,POINT (-157.8798351 21.3211055)
2050,,-157.87918,21.3212989,POINT (-157.87918 21.3212989)
2051,,-157.8310998,21.2952243,POINT (-157.8310998 21.2952243)
2052,,-157.8378617,21.3054416,POINT (-157.8378617 21.3054416)
2053,,-157.8619373,21.314184,POINT (-157.8619373 21.314184)
2054,,-157.8403642,21.3029485,POINT (-157.8403642 21.3029485)
2055,,-157.8915213,21.3671795,POINT (-157.8915213 21.3671795)
2056,,-157.889375,21.3332537,POINT (-157.889375 21.3332537)
2057,,-157.889493,21.3334372,POINT (-157.889493 21.3334372)
2058,,-157.8611484,21.313298,POINT (-157.8611484 21.313298)
2059,,-157.8894802,21.3333892,POINT (-157.8894802 21.3333892)
2060,,-157.9169699,21.3322872,POINT (-157.9169699 21.3322872)
2061,,-157.8527502,21.3277801,POINT (-157.8527502 21.3277801)
2062,,-157.9225481,21.3111466,POINT (-157.9225481 21.3111466)
2063,,-157.902958,21.3262546,POINT (-157.902958 21.3262546)
2064,,-157.9324605,21.3520945,POINT (-157.9324605 21.3520945)
2065,,-157.8794416,21.3215216,POINT (-157.8794416 21.3215216)
2066,,-157.8793805,21.3214658,POINT (-157.8793805 21.3214658)
2067,,-157.8795238,21.3218202,POINT (-157.8795238 21.3218202)
2068,,-157.8787333,21.3221057,POINT (-157.8787333 21.3221057)
2069,,-157.8789267,21.3219481,POINT (-157.8789267 21.3219481)
2070,,-157.8776577,21.3226622,POINT (-157.8776577 21.3226622)
2071,,-157.8764428,21.3232993,POINT (-157.8764428 21.3232993)
2072,,-157.8750099,21.3248571,POINT (-157.8750099 21.3248571)
2073,,-157.8243877,21.2959892,POINT (-157.8243877 21.2959892)
2074,,-157.8245753,21.2955299,POINT (-157.8245753 21.2955299)
2075,,-157.8242392,21.2960423,POINT (-157.8242392 21.2960423)
2076,,-157.824456,21.2961649,POINT (-157.824456 21.2961649)
2077,,-157.8250026,21.2971432,POINT (-157.8250026 21.2971432)
2078,,-157.8248106,21.2968795,POINT (-157.8248106 21.2968795)
2079,,-157.8212941,21.2944572,POINT (-157.8212941 21.2944572)
2080,,-157.9121983,21.3482279,POINT (-157.9121983 21.3482279)
2081,,-157.7797335,21.2781816,POINT (-157.7797335 21.2781816)
2082,,-157.7797623,21.2779215,POINT (-157.7797623 21.2779215)
2083,,-157.7801024,21.2779603,POINT (-157.7801024 21.2779603)
2084,,-157.7796209,21.2782235,POINT (-157.7796209 21.2782235)
2085,,-157.7795856,21.2785209,POINT (-157.7795856 21.2785209)
2086,,-157.8132836,21.2772586,POINT (-157.8132836 21.2772586)
2087,,-157.7796947,21.2785342,POINT (-157.7796947 21.2785342)
2088,,-157.879691,21.3212971,POINT (-157.879691 21.3212971)
2089,,-157.8845133,21.3308282,POINT (-157.8845133 21.3308282)
2090,,-157.8130954,21.2766223,POINT (-157.8130954 21.2766223)
2091,,-157.8571851,21.2958667,POINT (-157.8571851 21.2958667)
2092,,-157.857738,21.2961266,POINT (-157.857738 21.2961266)
2093,,-157.8571361,21.2954987,POINT (-157.8571361 21.2954987)
2094,,-157.8878447,21.3275103,POINT (-157.8878447 21.3275103)
2095,,-157.887989,21.3273458,POINT (-157.887989 21.3273458)
2096,,-157.8881416,21.3271565,POINT (-157.8881416 21.3271565)
2097,,-157.8107748,21.2866699,POINT (-157.8107748 21.2866699)
2098,,-157.8105963,21.2865828,POINT (-157.8105963 21.2865828)
2099,,-157.8604687,21.321213,POINT (-157.8604687 21.321213)
2100,,-157.8846441,21.3716253,POINT (-157.8846441 21.3716253)
2101,,-157.8846232,21.3716628,POINT (-157.8846232 21.3716628)
2102,,-157.8856487,21.3709128,POINT (-157.8856487 21.3709128)
2103,,-157.8906954,21.3326787,POINT (-157.8906954 21.3326787)
2104,,-157.8151917,21.3261363,POINT (-157.8151917 21.3261363)
2105,,-157.823282,21.2872544,POINT (-157.823282 21.2872544)
2106,,-157.8224199,21.2864918,POINT (-157.8224199 21.2864918)
2107,,-157.8238566,21.287397,POINT (-157.8238566 21.287397)
2108,,-157.7978063,21.2739801,POINT (-157.7978063 21.2739801)
2109,,-157.7969015,21.2755423,POINT (-157.7969015 21.2755423)
2110,,-157.8170954,21.2581709,POINT (-157.8170954 21.2581709)
2111,,-157.817481,21.2587538,POINT (-157.817481 21.2587538)
2112,,-157.7987308,21.2723969,POINT (-157.7987308 21.2723969)
2113,,-157.7994858,21.2673075,POINT (-157.7994858 21.2673075)
2114,,-157.8420787,21.3159942,POINT (-157.8420787 21.3159942)
2115,,-157.8358566,21.2908767,POINT (-157.8358566 21.2908767)
2116,,-157.8362205,21.2905748,POINT (-157.8362205 21.2905748)
2117,,-157.8360577,21.2913321,POINT (-157.8360577 21.2913321)
2118,,-157.8371809,21.2907694,POINT (-157.8371809 21.2907694)
2119,,-157.7959861,21.2771209,POINT (-157.7959861 21.2771209)
2120,,-157.7556875,21.2802596,POINT (-157.7556875 21.2802596)
2121,,-157.7556893,21.2810394,POINT (-157.7556893 21.2810394)
2122,,-157.7557583,21.2818186,POINT (-157.7557583 21.2818186)
2123,,-157.755864,21.2823865,POINT (-157.755864 21.2823865)
2124,,-157.7559185,21.2825526,POINT (-157.7559185 21.2825526)
2125,,-157.7558363,21.2837076,POINT (-157.7558363 21.2837076)
2126,,-157.7543512,21.2847258,POINT (-157.7543512 21.2847258)
2127,,-157.796896,21.2775793,POINT (-157.796896 21.2775793)
2128,,-157.7950867,21.2786931,POINT (-157.7950867 21.2786931)
2129,,-157.7959824,21.2791605,POINT (-157.7959824 21.2791605)
2130,,-157.7025671,21.2957912,POINT (-157.7025671 21.2957912)
2131,,-157.7026673,21.296226,POINT (-157.7026673 21.296226)
2132,,-157.7025551,21.2953979,POINT (-157.7025551 21.2953979)
2133,,-157.7047247,21.2937553,POINT (-157.7047247 21.2937553)
2134,,-157.7045685,21.2942732,POINT (-157.7045685 21.2942732)
2135,,-157.7048538,21.2932571,POINT (-157.7048538 21.2932571)
2136,,-157.7941839,21.2802151,POINT (-157.7941839 21.2802151)
2137,,-157.7047193,21.2927947,POINT (-157.7047193 21.2927947)
2138,,-157.7045671,21.2924009,POINT (-157.7045671 21.2924009)
2139,,-157.7045914,21.292115,POINT (-157.7045914 21.292115)
2140,,-157.7034795,21.2980104,POINT (-157.7034795 21.2980104)
2141,,-157.7037264,21.2989833,POINT (-157.7037264 21.2989833)
2142,,-157.7950764,21.2806867,POINT (-157.7950764 21.2806867)
2143,,-157.703154,21.2975977,POINT (-157.703154 21.2975977)
2144,,-157.7032162,21.300268,POINT (-157.7032162 21.300268)
2145,,-157.7025074,21.2950207,POINT (-157.7025074 21.2950207)
2146,,-157.7932239,21.2818229,POINT (-157.7932239 21.2818229)
2147,,-157.8365628,21.2922168,POINT (-157.8365628 21.2922168)
2148,,-157.8364826,21.2922413,POINT (-157.8364826 21.2922413)
2149,,-157.7932782,21.2797477,POINT (-157.7932782 21.2797477)
2150,,-157.8543652,21.305988,POINT (-157.8543652 21.305988)
2151,,-157.8545598,21.3061121,POINT (-157.8545598 21.3061121)
2152,,-157.8543564,21.3062158,POINT (-157.8543564 21.3062158)
2153,,-157.7321364,21.2825914,POINT (-157.7321364 21.2825914)
2154,,-157.8368364,21.2950481,POINT (-157.8368364 21.2950481)
2155,,-157.8369142,21.2973023,POINT (-157.8369142 21.2973023)
2156,,-157.8366823,21.2928507,POINT (-157.8366823 21.2928507)
2157,,-157.9270789,21.360927,POINT (-157.9270789 21.360927)
2158,,-157.926352,21.3610984,POINT (-157.926352 21.3610984)
2159,,-157.8856252,21.3268829,POINT (-157.8856252 21.3268829)
2160,,-157.8857542,21.3267503,POINT (-157.8857542 21.3267503)
2161,,-157.885023,21.3266797,POINT (-157.885023 21.3266797)
2162,,-157.8504313,21.3017343,POINT (-157.8504313 21.3017343)
2163,,-157.8524333,21.2992606,POINT (-157.8524333 21.2992606)
2164,,-157.8502349,21.3019875,POINT (-157.8502349 21.3019875)
2165,,-157.8504836,21.3020801,POINT (-157.8504836 21.3020801)
2166,,-157.8529012,21.299204,POINT (-157.8529012 21.299204)
2167,,-157.8533742,21.2998609,POINT (-157.8533742 21.2998609)
2168,,-157.8527021,21.2989279,POINT (-157.8527021 21.2989279)
2169,,-157.878651,21.322019,POINT (-157.878651 21.322019)
2170,,-157.8203036,21.2877442,POINT (-157.8203036 21.2877442)
2171,,-157.8856403,21.3095664,POINT (-157.8856403 21.3095664)
2172,,-157.8552748,21.3331755,POINT (-157.8552748 21.3331755)
2173,,-157.8556876,21.3329399,POINT (-157.8556876 21.3329399)
2174,,-157.8296794,21.2825233,POINT (-157.8296794 21.2825233)
2175,,-157.8145948,21.2901861,POINT (-157.8145948 21.2901861)
2176,,-157.8557509,21.3038252,POINT (-157.8557509 21.3038252)
2177,,-157.8554915,21.3033988,POINT (-157.8554915 21.3033988)
2178,,-157.8548275,21.3019508,POINT (-157.8548275 21.3019508)
2179,,-157.856069,21.3006881,POINT (-157.856069 21.3006881)
2180,,-157.8531775,21.2983899,POINT (-157.8531775 21.2983899)
2181,,-157.849864,21.2963402,POINT (-157.849864 21.2963402)
2182,,-157.8501282,21.2958276,POINT (-157.8501282 21.2958276)
2183,,-157.8480839,21.2949277,POINT (-157.8480839 21.2949277)
2184,,-157.8458735,21.2956877,POINT (-157.8458735 21.2956877)
2185,,-157.8395489,21.2926207,POINT (-157.8395489 21.2926207)
2186,,-157.8300438,21.2887178,POINT (-157.8300438 21.2887178)
2187,,-157.8288623,21.288302,POINT (-157.8288623 21.288302)
2188,,-157.8274131,21.2886536,POINT (-157.8274131 21.2886536)
2189,,-157.8386611,21.3059001,POINT (-157.8386611 21.3059001)
2190,,-157.6839514,21.3073332,POINT (-157.6839514 21.3073332)
2191,,-157.7887501,21.3062344,POINT (-157.7887501 21.3062344)
2192,,-157.7886807,21.3053281,POINT (-157.7886807 21.3053281)
2193,,-157.789566,21.3063043,POINT (-157.789566 21.3063043)
2194,,-157.6733603,21.2987246,POINT (-157.6733603 21.2987246)
2195,,-157.6732651,21.2993594,POINT (-157.6732651 21.2993594)
2196,,-157.6730914,21.2999843,POINT (-157.6730914 21.2999843)
2197,,-157.6728343,21.3006077,POINT (-157.6728343 21.3006077)
2198,,-157.6723837,21.3018472,POINT (-157.6723837 21.3018472)
2199,,-157.6722904,21.3026132,POINT (-157.6722904 21.3026132)
2200,,-157.6723303,21.3034787,POINT (-157.6723303 21.3034787)
2201,,-157.6724008,21.3041775,POINT (-157.6724008 21.3041775)
2202,,-157.6724478,21.3048481,POINT (-157.6724478 21.3048481)
2203,,-157.6727058,21.3083249,POINT (-157.6727058 21.3083249)
2204,,-157.6726683,21.3078018,POINT (-157.6726683 21.3078018)
2205,,-157.6727378,21.3087398,POINT (-157.6727378 21.3087398)
2206,,-157.8593086,21.3283053,POINT (-157.8593086 21.3283053)
2207,,-157.8590372,21.3285215,POINT (-157.8590372 21.3285215)
2208,,-157.8482214,21.3068478,POINT (-157.8482214 21.3068478)
2209,,-157.8468758,21.3063712,POINT (-157.8468758 21.3063712)
2210,,-157.8416194,21.3240264,POINT (-157.8416194 21.3240264)
2211,,-157.8168093,21.3073273,POINT (-157.8168093 21.3073273)
2212,,-157.8175603,21.3060879,POINT (-157.8175603 21.3060879)
2213,,-157.8165947,21.3074673,POINT (-157.8165947 21.3074673)
2214,,-157.8161355,21.308076,POINT (-157.8161355 21.308076)
2215,,-157.8145777,21.3100161,POINT (-157.8145777 21.3100161)
2216,,-157.8153308,21.3079336,POINT (-157.8153308 21.3079336)
2217,,-157.8144054,21.3102498,POINT (-157.8144054 21.3102498)
2218,,-157.8139085,21.3108919,POINT (-157.8139085 21.3108919)
2219,,-157.8130113,21.3128047,POINT (-157.8130113 21.3128047)
2220,,-157.8120212,21.3153434,POINT (-157.8120212 21.3153434)
2221,,-157.8114403,21.3145724,POINT (-157.8114403 21.3145724)
2222,,-157.80843,21.3176323,POINT (-157.80843 21.3176323)
2223,,-157.813712,21.3138311,POINT (-157.813712 21.3138311)
2224,,-157.887324,21.3281642,POINT (-157.887324 21.3281642)
2225,,-157.8874709,21.328001,POINT (-157.8874709 21.328001)
2226,,-157.8035103,21.3236436,POINT (-157.8035103 21.3236436)
2227,,-157.8031628,21.324349,POINT (-157.8031628 21.324349)
2228,,-157.8038768,21.3229431,POINT (-157.8038768 21.3229431)
2229,,-157.8360511,21.2969806,POINT (-157.8360511 21.2969806)
2230,,-157.8357435,21.297867,POINT (-157.8357435 21.297867)
2231,,-157.8345541,21.2964344,POINT (-157.8345541 21.2964344)
2232,,-157.8353806,21.2987236,POINT (-157.8353806 21.2987236)
2233,,-157.8368466,21.2992507,POINT (-157.8368466 21.2992507)
2234,,-157.887391,21.3302524,POINT (-157.887391 21.3302524)
2235,,-157.8314051,21.2990416,POINT (-157.8314051 21.2990416)
2236,,-157.8332354,21.301915,POINT (-157.8332354 21.301915)
2237,,-157.8324585,21.3029089,POINT (-157.8324585 21.3029089)
2238,,-157.8312317,21.3040595,POINT (-157.8312317 21.3040595)
2239,,-157.8302437,21.3050057,POINT (-157.8302437 21.3050057)
2240,,-157.8282702,21.305321,POINT (-157.8282702 21.305321)
2241,,-157.8308544,21.3056143,POINT (-157.8308544 21.3056143)
2242,,-157.8288816,21.3438027,POINT (-157.8288816 21.3438027)
2243,,-157.686228,21.3005923,POINT (-157.686228 21.3005923)
2244,,-157.8565106,21.3173383,POINT (-157.8565106 21.3173383)
2245,,-157.9101661,21.3566117,POINT (-157.9101661 21.3566117)
2246,,-157.9260742,21.3553941,POINT (-157.9260742 21.3553941)
2247,,-157.9251083,21.3516371,POINT (-157.9251083 21.3516371)
2248,,-157.9265409,21.3570628,POINT (-157.9265409 21.3570628)
2249,,-157.8267514,21.2902259,POINT (-157.8267514 21.2902259)
2250,,-157.8260758,21.2896598,POINT (-157.8260758 21.2896598)
2251,,-157.8271076,21.2894117,POINT (-157.8271076 21.2894117)
2252,,-157.8255508,21.2932305,POINT (-157.8255508 21.2932305)
2253,,-157.8287692,21.2917554,POINT (-157.8287692 21.2917554)
2254,,-157.823543,21.2899972,POINT (-157.823543 21.2899972)
2255,,-157.8216319,21.2858131,POINT (-157.8216319 21.2858131)
2256,,-157.8174903,21.2822051,POINT (-157.8174903 21.2822051)
2257,,-157.8168498,21.281631,POINT (-157.8168498 21.281631)
2258,,-157.8161449,21.2810272,POINT (-157.8161449 21.2810272)
2259,,-157.8154749,21.2804291,POINT (-157.8154749 21.2804291)
2260,,-157.8148359,21.2798606,POINT (-157.8148359 21.2798606)
2261,,-157.7896601,21.3080498,POINT (-157.7896601 21.3080498)
2262,,-157.7897109,21.3087184,POINT (-157.7897109 21.3087184)
2263,,-157.7895979,21.3073221,POINT (-157.7895979 21.3073221)
2264,,-157.7956989,21.2810141,POINT (-157.7956989 21.2810141)
2265,,-157.7959877,21.2811623,POINT (-157.7959877 21.2811623)
2266,,-157.8504198,21.3165993,POINT (-157.8504198 21.3165993)
2267,,-157.8500818,21.3168841,POINT (-157.8500818 21.3168841)
2268,,-157.85053,21.3164602,POINT (-157.85053 21.3164602)
2269,,-157.8632858,21.3190298,POINT (-157.8632858 21.3190298)
2270,,-157.8561247,21.3246011,POINT (-157.8561247 21.3246011)
2271,,-157.8552736,21.3252935,POINT (-157.8552736 21.3252935)
2272,,-157.8549363,21.3255695,POINT (-157.8549363 21.3255695)
2273,,-157.8547402,21.3257267,POINT (-157.8547402 21.3257267)
2274,,-157.8543328,21.3260492,POINT (-157.8543328 21.3260492)
2275,,-157.8530935,21.3273404,POINT (-157.8530935 21.3273404)
2276,,-157.8495601,21.3301633,POINT (-157.8495601 21.3301633)
2277,,-157.8486424,21.3307673,POINT (-157.8486424 21.3307673)
2278,,-157.8492196,21.3314477,POINT (-157.8492196 21.3314477)
2279,,-157.8480422,21.3322481,POINT (-157.8480422 21.3322481)
2280,,-157.8481131,21.3301416,POINT (-157.8481131 21.3301416)
2281,,-157.8478031,21.3326491,POINT (-157.8478031 21.3326491)
2282,,-157.847236,21.3335428,POINT (-157.847236 21.3335428)
2283,,-157.8469949,21.3342377,POINT (-157.8469949 21.3342377)
2284,,-157.8472887,21.334898,POINT (-157.8472887 21.334898)
2285,,-157.8418743,21.3231158,POINT (-157.8418743 21.3231158)
2286,,-157.8121949,21.2735477,POINT (-157.8121949 21.2735477)
2287,,-157.8123718,21.2741409,POINT (-157.8123718 21.2741409)
2288,,-157.8120221,21.2729377,POINT (-157.8120221 21.2729377)
2289,,-157.807669,21.2747054,POINT (-157.807669 21.2747054)
2290,,-157.8087933,21.2758428,POINT (-157.8087933 21.2758428)
2291,,-157.8683355,21.3333535,POINT (-157.8683355 21.3333535)
2292,,-157.8684926,21.3332416,POINT (-157.8684926 21.3332416)
2293,,-157.8832368,21.3207899,POINT (-157.8832368 21.3207899)
2294,,-157.8850563,21.3211952,POINT (-157.8850563 21.3211952)
2295,,-157.8824386,21.3212056,POINT (-157.8824386 21.3212056)
2296,,-157.8568597,21.3177752,POINT (-157.8568597 21.3177752)
2297,,-157.8843227,21.3219537,POINT (-157.8843227 21.3219537)
2298,,-157.8838599,21.3224321,POINT (-157.8838599 21.3224321)
2299,,-157.8847808,21.32148,POINT (-157.8847808 21.32148)
2300,,-157.7995458,21.2951557,POINT (-157.7995458 21.2951557)
2301,,-157.8116706,21.2716218,POINT (-157.8116706 21.2716218)
2302,,-157.8118355,21.2723261,POINT (-157.8118355 21.2723261)
2303,,-157.8115647,21.2709355,POINT (-157.8115647 21.2709355)
2304,,-157.8609449,21.3474669,POINT (-157.8609449 21.3474669)
2305,,-157.7641001,21.2918726,POINT (-157.7641001 21.2918726)
2306,,-157.7638255,21.2924884,POINT (-157.7638255 21.2924884)
2307,,-157.7997785,21.2948068,POINT (-157.7997785 21.2948068)
2308,,-157.7027428,21.2915736,POINT (-157.7027428 21.2915736)
2309,,-157.7001044,21.2913762,POINT (-157.7001044 21.2913762)
2310,,-157.7025909,21.2923407,POINT (-157.7025909 21.2923407)
2311,,-157.7047567,21.2916916,POINT (-157.7047567 21.2916916)
2312,,-157.7034429,21.3006627,POINT (-157.7034429 21.3006627)
2313,,-157.7038596,21.3016865,POINT (-157.7038596 21.3016865)
2314,,-157.7037178,21.3022658,POINT (-157.7037178 21.3022658)
2315,,-157.7024923,21.303262,POINT (-157.7024923 21.303262)
2316,,-157.7020686,21.304363,POINT (-157.7020686 21.304363)
2317,,-157.7013263,21.3048563,POINT (-157.7013263 21.3048563)
2318,,-157.9018797,21.3318458,POINT (-157.9018797 21.3318458)
2319,,-157.9017184,21.3328363,POINT (-157.9017184 21.3328363)
2320,,-157.8026192,21.3130292,POINT (-157.8026192 21.3130292)
2321,,-157.8033504,21.3126894,POINT (-157.8033504 21.3126894)
2322,,-157.8013168,21.3139042,POINT (-157.8013168 21.3139042)
2323,,-157.8329086,21.2855462,POINT (-157.8329086 21.2855462)
2324,,-157.8692491,21.3296402,POINT (-157.8692491 21.3296402)
2325,,-157.8696236,21.3301947,POINT (-157.8696236 21.3301947)
2326,,-157.8092514,21.2762769,POINT (-157.8092514 21.2762769)
2327,,-157.7616282,21.2949515,POINT (-157.7616282 21.2949515)
2328,,-157.7628899,21.2938159,POINT (-157.7628899 21.2938159)
2329,,-157.8186284,21.3490201,POINT (-157.8186284 21.3490201)
2330,,-157.7960074,21.2730529,POINT (-157.7960074 21.2730529)
2331,,-157.7969416,21.2714886,POINT (-157.7969416 21.2714886)
2332,,-157.8226318,21.347225,POINT (-157.8226318 21.347225)
2333,,-157.8098551,21.2800845,POINT (-157.8098551 21.2800845)
2334,,-157.8098503,21.280465,POINT (-157.8098503 21.280465)
2335,,-157.8098685,21.2794632,POINT (-157.8098685 21.2794632)
2336,,-157.8103543,21.2800232,POINT (-157.8103543 21.2800232)
2337,,-157.876357,21.323209,POINT (-157.876357 21.323209)
2338,,-157.8805052,21.3259184,POINT (-157.8805052 21.3259184)
2339,,-157.8821388,21.3273045,POINT (-157.8821388 21.3273045)
2340,,-157.8838429,21.3287984,POINT (-157.8838429 21.3287984)
2341,,-157.7247642,21.2856618,POINT (-157.7247642 21.2856618)
2342,,-157.7259863,21.285331,POINT (-157.7259863 21.285331)
2343,,-157.8238174,21.292615,POINT (-157.8238174 21.292615)
2344,,-157.8845928,21.3279594,POINT (-157.8845928 21.3279594)
2345,,-157.7650822,21.2794711,POINT (-157.7650822 21.2794711)
2346,,-157.7932825,21.2647785,POINT (-157.7932825 21.2647785)
2347,,-157.7941409,21.2647705,POINT (-157.7941409 21.2647705)
2348,,-157.7923212,21.2651545,POINT (-157.7923212 21.2651545)
2349,,-157.7916689,21.2651545,POINT (-157.7916689 21.2651545)
2350,,-157.8502136,21.3190711,POINT (-157.8502136 21.3190711)
2351,,-157.7986006,21.2941715,POINT (-157.7986006 21.2941715)
2352,,-157.7970882,21.293397,POINT (-157.7970882 21.293397)
2353,,-157.876661,21.3298323,POINT (-157.876661 21.3298323)
2354,,-157.877125,21.3293563,POINT (-157.877125 21.3293563)
2355,,-157.8306575,21.3001921,POINT (-157.8306575 21.3001921)
2356,,-157.8083205,21.2854235,POINT (-157.8083205 21.2854235)
2357,,-157.8357938,21.338997,POINT (-157.8357938 21.338997)
2358,,-157.7143942,21.2879959,POINT (-157.7143942 21.2879959)
2359,,-157.7148302,21.287498,POINT (-157.7148302 21.287498)
2360,,-157.8171959,21.2741982,POINT (-157.8171959 21.2741982)
2361,,-157.818001,21.2748881,POINT (-157.818001 21.2748881)
2362,,-157.9274541,21.3449912,POINT (-157.9274541 21.3449912)
2363,,-157.9272631,21.3453372,POINT (-157.9272631 21.3453372)
2364,,-157.7940883,21.3026094,POINT (-157.7940883 21.3026094)
2365,,-157.7944488,21.3022576,POINT (-157.7944488 21.3022576)
2366,,-157.7929204,21.3042128,POINT (-157.7929204 21.3042128)
2367,,-157.85219,21.3379767,POINT (-157.85219 21.3379767)
2368,,-157.8200428,21.295007,POINT (-157.8200428 21.295007)
2369,,-157.7988499,21.2877717,POINT (-157.7988499 21.2877717)
2370,,-157.7993125,21.2869846,POINT (-157.7993125 21.2869846)
2371,,-157.798386,21.2885647,POINT (-157.798386 21.2885647)
2372,,-157.786724,21.2923894,POINT (-157.786724 21.2923894)
2373,,-157.7863893,21.2918456,POINT (-157.7863893 21.2918456)
2374,,-157.7869729,21.2927733,POINT (-157.7869729 21.2927733)
2375,,-157.8101857,21.2863737,POINT (-157.8101857 21.2863737)
2376,,-157.8516742,21.317716,POINT (-157.8516742 21.317716)
2377,,-157.8090104,21.2857749,POINT (-157.8090104 21.2857749)
2378,,-157.8513875,21.317277,POINT (-157.8513875 21.317277)
2379,,-157.8055461,21.2840187,POINT (-157.8055461 21.2840187)
2380,,-157.8057799,21.2862081,POINT (-157.8057799 21.2862081)
2381,,-157.8043743,21.2834253,POINT (-157.8043743 21.2834253)
2382,,-157.7985073,21.2814336,POINT (-157.7985073 21.2814336)
2383,,-157.7977827,21.2800771,POINT (-157.7977827 21.2800771)
2384,,-157.7968838,21.2796123,POINT (-157.7968838 21.2796123)
2385,,-157.7892058,21.2758496,POINT (-157.7892058 21.2758496)
2386,,-157.7889884,21.2769953,POINT (-157.7889884 21.2769953)
2387,,-157.8581357,21.3099008,POINT (-157.8581357 21.3099008)
2388,,-157.6845898,21.3058273,POINT (-157.6845898 21.3058273)
2389,,-157.8665025,21.3248954,POINT (-157.8665025 21.3248954)
2390,,-157.8291807,21.279322,POINT (-157.8291807 21.279322)
2391,,-157.8285531,21.2787376,POINT (-157.8285531 21.2787376)
2392,,-157.8270636,21.2802157,POINT (-157.8270636 21.2802157)
2393,,-157.8348583,21.3039042,POINT (-157.8348583 21.3039042)
2394,,-157.723272,21.2871825,POINT (-157.723272 21.2871825)
2395,,-157.7232791,21.2874136,POINT (-157.7232791 21.2874136)
2396,,-157.8642057,21.344563,POINT (-157.8642057 21.344563)
2397,,-157.8636211,21.3448588,POINT (-157.8636211 21.3448588)
2398,,-157.779742,21.2709384,POINT (-157.779742 21.2709384)
2399,,-157.8497918,21.3199426,POINT (-157.8497918 21.3199426)
2400,,-157.7895422,21.2632091,POINT (-157.7895422 21.2632091)
2401,,-157.8503907,21.3201732,POINT (-157.8503907 21.3201732)
2402,,-157.7855234,21.2653305,POINT (-157.7855234 21.2653305)
2403,,-157.8272931,21.2972358,POINT (-157.8272931 21.2972358)
2404,,-157.7958049,21.3008262,POINT (-157.7958049 21.3008262)
2405,,-157.8775722,21.3225786,POINT (-157.8775722 21.3225786)
2406,,-157.8814536,21.3249186,POINT (-157.8814536 21.3249186)
2407,,-157.8809603,21.3254451,POINT (-157.8809603 21.3254451)
2408,,-157.882957,21.326427,POINT (-157.882957 21.326427)
2409,,-157.8826244,21.326828,POINT (-157.8826244 21.326828)
2410,,-157.8843124,21.3282756,POINT (-157.8843124 21.3282756)
2411,,-157.837164,21.3237105,POINT (-157.837164 21.3237105)
2412,,-157.7933581,21.2896654,POINT (-157.7933581 21.2896654)
2413,,-157.7908815,21.2951723,POINT (-157.7908815 21.2951723)
2414,,-157.7898241,21.2962976,POINT (-157.7898241 21.2962976)
2415,,-157.790266,21.2948712,POINT (-157.790266 21.2948712)
2416,,-157.7894546,21.2963456,POINT (-157.7894546 21.2963456)
2417,,-157.7890679,21.2964508,POINT (-157.7890679 21.2964508)
2418,,-157.7871357,21.2972956,POINT (-157.7871357 21.2972956)
2419,,-157.7869617,21.2972112,POINT (-157.7869617 21.2972112)
2420,,-157.789505,21.2947199,POINT (-157.789505 21.2947199)
2421,,-157.7897983,21.2936199,POINT (-157.7897983 21.2936199)
2422,,-157.7880458,21.2936929,POINT (-157.7880458 21.2936929)
2423,,-157.7946119,21.2893264,POINT (-157.7946119 21.2893264)
2424,,-157.7969121,21.2865993,POINT (-157.7969121 21.2865993)
2425,,-157.8382702,21.3368937,POINT (-157.8382702 21.3368937)
2426,,-157.8373951,21.3376354,POINT (-157.8373951 21.3376354)
2427,,-157.883812,21.3456362,POINT (-157.883812 21.3456362)
2428,,-157.8832181,21.3462288,POINT (-157.8832181 21.3462288)
2429,,-157.7979386,21.2893377,POINT (-157.7979386 21.2893377)
2430,,-157.9222442,21.3477247,POINT (-157.9222442 21.3477247)
2431,,-157.8632659,21.3311848,POINT (-157.8632659 21.3311848)
2432,,-157.8637878,21.3321631,POINT (-157.8637878 21.3321631)
2433,,-157.8646956,21.3332889,POINT (-157.8646956 21.3332889)
2434,,-157.8652518,21.3328853,POINT (-157.8652518 21.3328853)
2435,,-157.8342115,21.3036106,POINT (-157.8342115 21.3036106)
2436,,-157.8652813,21.3340441,POINT (-157.8652813 21.3340441)
2437,,-157.8641191,21.3336927,POINT (-157.8641191 21.3336927)
2438,,-157.866007,21.3349812,POINT (-157.866007 21.3349812)
2439,,-157.8665296,21.3345596,POINT (-157.8665296 21.3345596)
2440,,-157.8654301,21.335363,POINT (-157.8654301 21.335363)
2441,,-157.8668523,21.3355853,POINT (-157.8668523 21.3355853)
2442,,-157.836818,21.3241503,POINT (-157.836818 21.3241503)
2443,,-157.8363647,21.3240041,POINT (-157.8363647 21.3240041)
2444,,-157.822399,21.2912726,POINT (-157.822399 21.2912726)
2445,,-157.809576,21.2811231,POINT (-157.809576 21.2811231)
2446,,-157.8088637,21.2816578,POINT (-157.8088637 21.2816578)
2447,,-157.8046131,21.3145885,POINT (-157.8046131 21.3145885)
2448,,-157.8708772,21.337164,POINT (-157.8708772 21.337164)
2449,,-157.8715695,21.3376708,POINT (-157.8715695 21.3376708)
2450,,-157.8875283,21.3217413,POINT (-157.8875283 21.3217413)
2451,,-157.8861035,21.3214431,POINT (-157.8861035 21.3214431)
2452,,-157.8780544,21.3283844,POINT (-157.8780544 21.3283844)
2453,,-157.8775957,21.3288629,POINT (-157.8775957 21.3288629)
2454,,-157.8785318,21.3279022,POINT (-157.8785318 21.3279022)
2455,,-157.880205,21.329307,POINT (-157.880205 21.329307)
2456,,-157.824665,21.2993641,POINT (-157.824665 21.2993641)
2457,,-157.8245025,21.2993556,POINT (-157.8245025 21.2993556)
2458,,-157.8181783,21.2601678,POINT (-157.8181783 21.2601678)
2459,,-157.926734,21.3468305,POINT (-157.926734 21.3468305)
2460,,-157.8628564,21.2963055,POINT (-157.8628564 21.2963055)
2461,,-157.8621595,21.2955387,POINT (-157.8621595 21.2955387)
2462,,-157.8614719,21.2949201,POINT (-157.8614719 21.2949201)
2463,,-157.8606205,21.2946192,POINT (-157.8606205 21.2946192)
2464,,-157.8596543,21.2942539,POINT (-157.8596543 21.2942539)
2465,,-157.831058,21.3058172,POINT (-157.831058 21.3058172)
2466,,-157.8314521,21.3062127,POINT (-157.8314521 21.3062127)
2467,,-157.7860824,21.265955,POINT (-157.7860824 21.265955)
2468,,-157.7978077,21.2780372,POINT (-157.7978077 21.2780372)
2469,,-157.8338662,21.3048877,POINT (-157.8338662 21.3048877)
2470,,-157.8330048,21.3057857,POINT (-157.8330048 21.3057857)
2471,,-157.8246798,21.3061891,POINT (-157.8246798 21.3061891)
2472,,-157.824321,21.3063941,POINT (-157.824321 21.3063941)
2473,,-157.8252436,21.3058743,POINT (-157.8252436 21.3058743)
2474,,-157.821349,21.3049476,POINT (-157.821349 21.3049476)
2475,,-157.798355,21.3634406,POINT (-157.798355 21.3634406)
2476,,-157.8887636,21.3695862,POINT (-157.8887636 21.3695862)
2477,,-157.9014748,21.3342109,POINT (-157.9014748 21.3342109)
2478,,-157.8333777,21.3032598,POINT (-157.8333777 21.3032598)
2479,,-157.8097545,21.2919482,POINT (-157.8097545 21.2919482)
2480,,-157.8657369,21.3282917,POINT (-157.8657369 21.3282917)
2481,,-157.9140764,21.3468981,POINT (-157.9140764 21.3468981)
2482,,-157.9127084,21.3489541,POINT (-157.9127084 21.3489541)
2483,,-157.9132851,21.3493613,POINT (-157.9132851 21.3493613)
2484,,-157.9115497,21.3509326,POINT (-157.9115497 21.3509326)
2485,,-157.9135828,21.3506478,POINT (-157.9135828 21.3506478)
2486,,-157.9111078,21.3508807,POINT (-157.9111078 21.3508807)
2487,,-157.9213398,21.3651662,POINT (-157.9213398 21.3651662)
2488,,-157.848862,21.32443,POINT (-157.848862 21.32443)
2489,,-157.8162256,21.2907215,POINT (-157.8162256 21.2907215)
2490,,-157.7749139,21.2772412,POINT (-157.7749139 21.2772412)
2491,,-157.8658698,21.3226497,POINT (-157.8658698 21.3226497)
2492,,-157.793314,21.2696262,POINT (-157.793314 21.2696262)
2493,,-157.8537121,21.3055714,POINT (-157.8537121 21.3055714)
2494,,-157.8520398,21.3065805,POINT (-157.8520398 21.3065805)
2495,,-157.8518366,21.3062264,POINT (-157.8518366 21.3062264)
2496,,-157.8077584,21.2697425,POINT (-157.8077584 21.2697425)
2497,,-157.811337,21.2695786,POINT (-157.811337 21.2695786)
2498,,-157.8052057,21.3127925,POINT (-157.8052057 21.3127925)
2499,,-157.8040569,21.3119379,POINT (-157.8040569 21.3119379)
2500,,-157.803905,21.3117699,POINT (-157.803905 21.3117699)
2501,,-157.8050306,21.3106877,POINT (-157.8050306 21.3106877)
2502,,-157.847056,21.328834,POINT (-157.847056 21.328834)
2503,,-157.8508412,21.3162177,POINT (-157.8508412 21.3162177)
2504,,-157.8506434,21.3163616,POINT (-157.8506434 21.3163616)
2505,,-157.849096,21.3176158,POINT (-157.849096 21.3176158)
2506,,-157.848465,21.3179727,POINT (-157.848465 21.3179727)
2507,,-157.8466003,21.3202473,POINT (-157.8466003 21.3202473)
2508,,-157.8517624,21.3059762,POINT (-157.8517624 21.3059762)
2509,,-157.8609356,21.3010549,POINT (-157.8609356 21.3010549)
2510,,-157.8600363,21.30004,POINT (-157.8600363 21.30004)
2511,,-157.8603753,21.3014869,POINT (-157.8603753 21.3014869)
2512,,-157.8623408,21.3025904,POINT (-157.8623408 21.3025904)
2513,,-157.8597785,21.301883,POINT (-157.8597785 21.301883)
2514,,-157.8593454,21.3020867,POINT (-157.8593454 21.3020867)
2515,,-157.8611985,21.3034256,POINT (-157.8611985 21.3034256)
2516,,-157.8589242,21.3009113,POINT (-157.8589242 21.3009113)
2517,,-157.858307,21.3024245,POINT (-157.858307 21.3024245)
2518,,-157.8586527,21.302808,POINT (-157.8586527 21.302808)
2519,,-157.8570746,21.3028488,POINT (-157.8570746 21.3028488)
2520,,-157.672502,21.3055836,POINT (-157.672502 21.3055836)
2521,,-157.6725801,21.3065574,POINT (-157.6725801 21.3065574)
2522,,-157.6726286,21.3071913,POINT (-157.6726286 21.3071913)
2523,,-157.9310482,21.3447647,POINT (-157.9310482 21.3447647)
2524,,-157.8657957,21.3325214,POINT (-157.8657957 21.3325214)
2525,,-157.8663727,21.3321217,POINT (-157.8663727 21.3321217)
2526,,-157.8324959,21.284844,POINT (-157.8324959 21.284844)
2527,,-157.8322598,21.2844826,POINT (-157.8322598 21.2844826)
2528,,-157.7920403,21.3053682,POINT (-157.7920403 21.3053682)
2529,,-157.9100392,21.3688344,POINT (-157.9100392 21.3688344)
2530,,-157.8612905,21.3114792,POINT (-157.8612905 21.3114792)
2531,,-157.8620274,21.311037,POINT (-157.8620274 21.311037)
2532,,-157.8609152,21.31092,POINT (-157.8609152 21.31092)
2533,,-157.8603502,21.311291,POINT (-157.8603502 21.311291)
2534,,-157.8354087,21.3112013,POINT (-157.8354087 21.3112013)
2535,,-157.8421798,21.3224687,POINT (-157.8421798 21.3224687)
2536,,-157.8415441,21.3221114,POINT (-157.8415441 21.3221114)
2537,,-157.8406434,21.3223813,POINT (-157.8406434 21.3223813)
2538,,-157.8420596,21.3219415,POINT (-157.8420596 21.3219415)
2539,,-157.8425505,21.3030394,POINT (-157.8425505 21.3030394)
2540,,-157.8424148,21.3033062,POINT (-157.8424148 21.3033062)
2541,,-157.8474627,21.3293427,POINT (-157.8474627 21.3293427)
2542,,-157.847956,21.329934,POINT (-157.847956 21.329934)
2543,,-157.9022512,21.3296536,POINT (-157.9022512 21.3296536)
2544,,-157.7967851,21.2637419,POINT (-157.7967851 21.2637419)
2545,,-157.7912655,21.2655784,POINT (-157.7912655 21.2655784)
2546,,-157.7894872,21.3022763,POINT (-157.7894872 21.3022763)
2547,,-157.7892474,21.3025295,POINT (-157.7892474 21.3025295)
2548,,-157.7901019,21.302754,POINT (-157.7901019 21.302754)
2549,,-157.7900244,21.3014848,POINT (-157.7900244 21.3014848)
2550,,-157.7868979,21.2940107,POINT (-157.7868979 21.2940107)
2551,,-157.7862889,21.2940603,POINT (-157.7862889 21.2940603)
2552,,-157.8231459,21.2722987,POINT (-157.8231459 21.2722987)
2553,,-157.8227395,21.2714705,POINT (-157.8227395 21.2714705)
2554,,-157.819294,21.2759809,POINT (-157.819294 21.2759809)
2555,,-157.8199586,21.2765753,POINT (-157.8199586 21.2765753)
2556,,-157.7947578,21.3000985,POINT (-157.7947578 21.3000985)
2557,,-157.8208421,21.308394,POINT (-157.8208421 21.308394)
2558,,-157.8190613,21.3093998,POINT (-157.8190613 21.3093998)
2559,,-157.8226533,21.3073539,POINT (-157.8226533 21.3073539)
2560,,-157.7935357,21.2991548,POINT (-157.7935357 21.2991548)
2561,,-157.7904295,21.3030253,POINT (-157.7904295 21.3030253)
2562,,-157.7926225,21.2985528,POINT (-157.7926225 21.2985528)
2563,,-157.8131872,21.2690464,POINT (-157.8131872 21.2690464)
2564,,-157.8151083,21.269092,POINT (-157.8151083 21.269092)
2565,,-157.7636362,21.276109,POINT (-157.7636362 21.276109)
2566,,-157.7885256,21.303098,POINT (-157.7885256 21.303098)
2567,,-157.7889213,21.3027934,POINT (-157.7889213 21.3027934)
2568,,-157.790551,21.3006187,POINT (-157.790551 21.3006187)
2569,,-157.7586415,21.2768518,POINT (-157.7586415 21.2768518)
2570,,-157.7574249,21.2771415,POINT (-157.7574249 21.2771415)
2571,,-157.7951327,21.2944391,POINT (-157.7951327 21.2944391)
2572,,-157.8098957,21.2787917,POINT (-157.8098957 21.2787917)
2573,,-157.719542,21.2857578,POINT (-157.719542 21.2857578)
2574,,-157.79748,21.2901231,POINT (-157.79748 21.2901231)
2575,,-157.8683795,21.3320233,POINT (-157.8683795 21.3320233)
2576,,-157.8690317,21.3328284,POINT (-157.8690317 21.3328284)
2577,,-157.8678317,21.331242,POINT (-157.8678317 21.331242)
2578,,-157.8454362,21.3013409,POINT (-157.8454362 21.3013409)
2579,,-157.8458389,21.3004558,POINT (-157.8458389 21.3004558)
2580,,-157.8436396,21.3007141,POINT (-157.8436396 21.3007141)
2581,,-157.8317964,21.3024861,POINT (-157.8317964 21.3024861)
2582,,-157.8369028,21.2982459,POINT (-157.8369028 21.2982459)
2583,,-157.8251669,21.2940366,POINT (-157.8251669 21.2940366)
2584,,-157.8248322,21.2948598,POINT (-157.8248322 21.2948598)
2585,,-157.8273966,21.3053383,POINT (-157.8273966 21.3053383)
2586,,-157.824119,21.3065057,POINT (-157.824119 21.3065057)
2587,,-157.8180386,21.3099924,POINT (-157.8180386 21.3099924)
2588,,-157.817517,21.3103329,POINT (-157.817517 21.3103329)
2589,,-157.8166164,21.3109594,POINT (-157.8166164 21.3109594)
2590,,-157.8160101,21.3115009,POINT (-157.8160101 21.3115009)
2591,,-157.8150939,21.3122641,POINT (-157.8150939 21.3122641)
2592,,-157.8147174,21.3126789,POINT (-157.8147174 21.3126789)
2593,,-157.814346,21.3131014,POINT (-157.814346 21.3131014)
2594,,-157.80784,21.318162,POINT (-157.80784 21.318162)
2595,,-157.8071211,21.3187517,POINT (-157.8071211 21.3187517)
2596,,-157.8057156,21.3204308,POINT (-157.8057156 21.3204308)
2597,,-157.8022341,21.3267647,POINT (-157.8022341 21.3267647)
2598,,-157.8615684,21.3062529,POINT (-157.8615684 21.3062529)
2599,,-157.860834,21.3054154,POINT (-157.860834 21.3054154)
2600,,-157.860636,21.3068091,POINT (-157.860636 21.3068091)
2601,,-157.8603195,21.307019,POINT (-157.8603195 21.307019)
2602,,-157.8596329,21.3061244,POINT (-157.8596329 21.3061244)
2603,,-157.8586646,21.308096,POINT (-157.8586646 21.308096)
2604,,-157.808977,21.2933742,POINT (-157.808977 21.2933742)
2605,,-157.8078693,21.2949571,POINT (-157.8078693 21.2949571)
2606,,-157.8114529,21.2702555,POINT (-157.8114529 21.2702555)
2607,,-157.8006528,21.2794783,POINT (-157.8006528 21.2794783)
2608,,-157.7986947,21.2784996,POINT (-157.7986947 21.2784996)
2609,,-157.7977598,21.2820933,POINT (-157.7977598 21.2820933)
2610,,-157.7961568,21.2861674,POINT (-157.7961568 21.2861674)
2611,,-157.8195178,21.308141,POINT (-157.8195178 21.308141)
2612,,-157.8494228,21.3062728,POINT (-157.8494228 21.3062728)
2613,,-157.850721,21.3072935,POINT (-157.850721 21.3072935)
2614,,-157.8472367,21.305431,POINT (-157.8472367 21.305431)
2615,,-157.8446901,21.3031617,POINT (-157.8446901 21.3031617)
2616,,-157.8422452,21.3036447,POINT (-157.8422452 21.3036447)
2617,,-157.841305,21.3033059,POINT (-157.841305 21.3033059)
2618,,-157.7996333,21.272858,POINT (-157.7996333 21.272858)
2619,,-157.7899535,21.2719971,POINT (-157.7899535 21.2719971)
2620,,-157.7896699,21.2734589,POINT (-157.7896699 21.2734589)
2621,,-157.7905274,21.2692977,POINT (-157.7905274 21.2692977)
2622,,-157.8115902,21.2840301,POINT (-157.8115902 21.2840301)
2623,,-157.8108785,21.2833021,POINT (-157.8108785 21.2833021)
2624,,-157.8100527,21.2824974,POINT (-157.8100527 21.2824974)
2625,,-157.8080813,21.2822574,POINT (-157.8080813 21.2822574)
2626,,-157.7978316,21.2719323,POINT (-157.7978316 21.2719323)
2627,,-157.8576156,21.2972562,POINT (-157.8576156 21.2972562)
2628,,-157.8570788,21.2966021,POINT (-157.8570788 21.2966021)
2629,,-157.858103,21.2977843,POINT (-157.858103 21.2977843)
2630,,-157.8565761,21.2980109,POINT (-157.8565761 21.2980109)
2631,,-157.8570567,21.2985659,POINT (-157.8570567 21.2985659)
2632,,-157.8560456,21.2973758,POINT (-157.8560456 21.2973758)
2633,,-157.8590888,21.2955057,POINT (-157.8590888 21.2955057)
2634,,-157.8830226,21.3729621,POINT (-157.8830226 21.3729621)
2635,,-157.8819322,21.3734032,POINT (-157.8819322 21.3734032)
2636,,-157.8473607,21.339897,POINT (-157.8473607 21.339897)
2637,,-157.8467278,21.3405578,POINT (-157.8467278 21.3405578)
2638,,-157.7815662,21.2832586,POINT (-157.7815662 21.2832586)
2639,,-157.7810942,21.2849461,POINT (-157.7810942 21.2849461)
2640,,-157.6845707,21.3052375,POINT (-157.6845707 21.3052375)
2641,,-157.6851361,21.3021102,POINT (-157.6851361 21.3021102)
2642,,-157.7960409,21.2709888,POINT (-157.7960409 21.2709888)
2643,,-157.7981186,21.2694748,POINT (-157.7981186 21.2694748)
2644,,-157.8299306,21.3012506,POINT (-157.8299306 21.3012506)
2645,,-157.7951298,21.270526,POINT (-157.7951298 21.270526)
2646,,-157.8363946,21.3384724,POINT (-157.8363946 21.3384724)
2647,,-157.7916681,21.2789042,POINT (-157.7916681 21.2789042)
2648,,-157.8657462,21.3248693,POINT (-157.8657462 21.3248693)
2649,,-157.8500443,21.3159146,POINT (-157.8500443 21.3159146)
2650,,-157.7942283,21.2700791,POINT (-157.7942283 21.2700791)
2651,,-157.8721138,21.3380665,POINT (-157.8721138 21.3380665)
2652,,-157.9249155,21.3585066,POINT (-157.9249155 21.3585066)
2653,,-157.7917157,21.2688267,POINT (-157.7917157 21.2688267)
2654,,-157.9229521,21.3638023,POINT (-157.9229521 21.3638023)
2655,,-157.8486134,21.3045896,POINT (-157.8486134 21.3045896)
2656,,-157.8476782,21.3042295,POINT (-157.8476782 21.3042295)
2657,,-157.8473184,21.296885,POINT (-157.8473184 21.296885)
2658,,-157.8455855,21.2962956,POINT (-157.8455855 21.2962956)
2659,,-157.8453155,21.2969697,POINT (-157.8453155 21.2969697)
2660,,-157.8425115,21.2992808,POINT (-157.8425115 21.2992808)
2661,,-157.8725251,21.3385231,POINT (-157.8725251 21.3385231)
2662,,-157.8498759,21.3321907,POINT (-157.8498759 21.3321907)
2663,,-157.8502818,21.3327144,POINT (-157.8502818 21.3327144)
2664,,-157.8507181,21.3332485,POINT (-157.8507181 21.3332485)
2665,,-157.7868307,21.2713642,POINT (-157.7868307 21.2713642)
2666,,-157.7881745,21.2896902,POINT (-157.7881745 21.2896902)
2667,,-157.787588,21.288117,POINT (-157.787588 21.288117)
2668,,-157.7872303,21.2895021,POINT (-157.7872303 21.2895021)
2669,,-157.7859682,21.2724166,POINT (-157.7859682 21.2724166)
2670,,-157.8902908,21.3244898,POINT (-157.8902908 21.3244898)
2671,,-157.8287074,21.3004425,POINT (-157.8287074 21.3004425)
2672,,-157.8646985,21.3357993,POINT (-157.8646985 21.3357993)
2673,,-157.8624869,21.3353596,POINT (-157.8624869 21.3353596)
2674,,-157.7847629,21.2762698,POINT (-157.7847629 21.2762698)
2675,,-157.8607034,21.3352734,POINT (-157.8607034 21.3352734)
2676,,-157.8595822,21.3355133,POINT (-157.8595822 21.3355133)
2677,,-157.8585924,21.3356994,POINT (-157.8585924 21.3356994)
2678,,-157.8594213,21.3348487,POINT (-157.8594213 21.3348487)
2679,,-157.8591852,21.3329599,POINT (-157.8591852 21.3329599)
2680,,-157.8629047,21.3341921,POINT (-157.8629047 21.3341921)
2681,,-157.8615545,21.3344553,POINT (-157.8615545 21.3344553)
2682,,-157.8614648,21.3073564,POINT (-157.8614648 21.3073564)
2683,,-157.8566084,21.3002914,POINT (-157.8566084 21.3002914)
2684,,-157.7853346,21.2835742,POINT (-157.7853346 21.2835742)
2685,,-157.8549007,21.2982295,POINT (-157.8549007 21.2982295)
2686,,-157.8542954,21.2975771,POINT (-157.8542954 21.2975771)
2687,,-157.8537431,21.2979782,POINT (-157.8537431 21.2979782)
2688,,-157.7870438,21.2810786,POINT (-157.7870438 21.2810786)
2689,,-157.8548944,21.2971233,POINT (-157.8548944 21.2971233)
2690,,-157.7973526,21.3198202,POINT (-157.7973526 21.3198202)
2691,,-157.7984119,21.3165276,POINT (-157.7984119 21.3165276)
2692,,-157.7988317,21.3207385,POINT (-157.7988317 21.3207385)
2693,,-157.9098233,21.3449,POINT (-157.9098233 21.3449)
2694,,-157.9104854,21.3451106,POINT (-157.9104854 21.3451106)
2695,,-157.9086941,21.344942,POINT (-157.9086941 21.344942)
2696,,-157.7841845,21.2868532,POINT (-157.7841845 21.2868532)
2697,,-157.8488536,21.3014997,POINT (-157.8488536 21.3014997)
2698,,-157.848108,21.3033571,POINT (-157.848108 21.3033571)
2699,,-157.8494602,21.3038372,POINT (-157.8494602 21.3038372)
2700,,-157.8452741,21.3033759,POINT (-157.8452741 21.3033759)
2701,,-157.8400792,21.3355486,POINT (-157.8400792 21.3355486)
2702,,-157.7834634,21.2877264,POINT (-157.7834634 21.2877264)
2703,,-157.8706497,21.3129758,POINT (-157.8706497 21.3129758)
2704,,-157.868597,21.3307875,POINT (-157.868597 21.3307875)
2705,,-157.8684151,21.330914,POINT (-157.8684151 21.330914)
2706,,-157.8670148,21.3317275,POINT (-157.8670148 21.3317275)
2707,,-157.866738,21.3318882,POINT (-157.866738 21.3318882)
2708,,-157.8605585,21.3346438,POINT (-157.8605585 21.3346438)
2709,,-157.7818756,21.2930512,POINT (-157.7818756 21.2930512)
2710,,-157.8677021,21.3264155,POINT (-157.8677021 21.3264155)
2711,,-157.8882644,21.3499928,POINT (-157.8882644 21.3499928)
2712,,-157.7814016,21.2732087,POINT (-157.7814016 21.2732087)
2713,,-157.8275891,21.299736,POINT (-157.8275891 21.299736)
2714,,-157.8429407,21.2968871,POINT (-157.8429407 21.2968871)
2715,,-157.8426114,21.2993152,POINT (-157.8426114 21.2993152)
2716,,-157.686615,21.2945842,POINT (-157.686615 21.2945842)
2717,,-157.6848683,21.2934307,POINT (-157.6848683 21.2934307)
2718,,-157.7994069,21.315083,POINT (-157.7994069 21.315083)
2719,,-157.8910458,21.3674909,POINT (-157.8910458 21.3674909)
2720,,-157.8904261,21.367876,POINT (-157.8904261 21.367876)
2721,,-157.832123,21.2871848,POINT (-157.832123 21.2871848)
2722,,-157.8371399,21.2993723,POINT (-157.8371399 21.2993723)
2723,,-157.8369239,21.2941008,POINT (-157.8369239 21.2941008)
2724,,-157.8367973,21.2928311,POINT (-157.8367973 21.2928311)
2725,,-157.8338333,21.2871623,POINT (-157.8338333 21.2871623)
2726,,-157.8315898,21.2867349,POINT (-157.8315898 21.2867349)
2727,,-157.8313337,21.2829248,POINT (-157.8313337 21.2829248)
2728,,-157.8302486,21.2829739,POINT (-157.8302486 21.2829739)
2729,,-157.8322745,21.2788395,POINT (-157.8322745 21.2788395)
2730,,-157.8297697,21.2800631,POINT (-157.8297697 21.2800631)
2731,,-157.8260608,21.2765505,POINT (-157.8260608 21.2765505)
2732,,-157.8249326,21.2753697,POINT (-157.8249326 21.2753697)
2733,,-157.8242715,21.2744438,POINT (-157.8242715 21.2744438)
2734,,-157.8239716,21.2738839,POINT (-157.8239716 21.2738839)
2735,,-157.8235735,21.2731147,POINT (-157.8235735 21.2731147)
2736,,-157.818232,21.2605098,POINT (-157.818232 21.2605098)
2737,,-157.8174771,21.2650605,POINT (-157.8174771 21.2650605)
2738,,-157.8820751,21.3218216,POINT (-157.8820751 21.3218216)
2739,,-157.8817321,21.3224038,POINT (-157.8817321 21.3224038)
2740,,-157.8828915,21.3234332,POINT (-157.8828915 21.3234332)
2741,,-157.884056,21.3253005,POINT (-157.884056 21.3253005)
2742,,-157.8845316,21.324813,POINT (-157.8845316 21.324813)
2743,,-157.8862221,21.3262292,POINT (-157.8862221 21.3262292)
2744,,-157.9146128,21.3505504,POINT (-157.9146128 21.3505504)
2745,,-157.9150256,21.3511439,POINT (-157.9150256 21.3511439)
2746,,-157.9142936,21.3500657,POINT (-157.9142936 21.3500657)
2747,,-157.915675,21.3482696,POINT (-157.915675 21.3482696)
2748,,-157.7677651,21.2813559,POINT (-157.7677651 21.2813559)
2749,,-157.7684002,21.2815558,POINT (-157.7684002 21.2815558)
2750,,-157.7652458,21.2804177,POINT (-157.7652458 21.2804177)
2751,,-157.8605852,21.2962348,POINT (-157.8605852 21.2962348)
2752,,-157.8600269,21.2959563,POINT (-157.8600269 21.2959563)
2753,,-157.8583472,21.2980688,POINT (-157.8583472 21.2980688)
2754,,-157.8617664,21.3121866,POINT (-157.8617664 21.3121866)
2755,,-157.8607278,21.3128103,POINT (-157.8607278 21.3128103)
2756,,-157.9170118,21.3451098,POINT (-157.9170118 21.3451098)
2757,,-157.7997828,21.3158179,POINT (-157.7997828 21.3158179)
2758,,-157.7501813,21.2803428,POINT (-157.7501813 21.2803428)
2759,,-157.7505343,21.2810862,POINT (-157.7505343 21.2810862)
2760,,-157.7515778,21.2832916,POINT (-157.7515778 21.2832916)
2761,,-157.7521896,21.2845823,POINT (-157.7521896 21.2845823)
2762,,-157.7519246,21.2840295,POINT (-157.7519246 21.2840295)
2763,,-157.7522767,21.2847787,POINT (-157.7522767 21.2847787)
2764,,-157.8729199,21.3390268,POINT (-157.8729199 21.3390268)
2765,,-157.818603,21.2899593,POINT (-157.818603 21.2899593)
2766,,-157.841956,21.333033,POINT (-157.841956 21.333033)
2767,,-157.8412347,21.3340327,POINT (-157.8412347 21.3340327)
2768,,-157.8080195,21.2823386,POINT (-157.8080195 21.2823386)
2769,,-157.7984718,21.2969458,POINT (-157.7984718 21.2969458)
2770,,-157.8320373,21.2975051,POINT (-157.8320373 21.2975051)
2771,,-157.786312,21.2915817,POINT (-157.786312 21.2915817)
2772,,-157.7863206,21.2909099,POINT (-157.7863206 21.2909099)
2773,,-157.7112915,21.2991733,POINT (-157.7112915 21.2991733)
2774,,-157.7111196,21.2999615,POINT (-157.7111196 21.2999615)
2775,,-157.7109519,21.3007609,POINT (-157.7109519 21.3007609)
2776,,-157.9155499,21.3519167,POINT (-157.9155499 21.3519167)
2777,,-157.9185366,21.352417,POINT (-157.9185366 21.352417)
2778,,-157.7806901,21.2849168,POINT (-157.7806901 21.2849168)
2779,,-157.7794291,21.2867856,POINT (-157.7794291 21.2867856)
2780,,-157.8289019,21.2843783,POINT (-157.8289019 21.2843783)
2781,,-157.8294462,21.2848415,POINT (-157.8294462 21.2848415)
2782,,-157.905842,21.3454064,POINT (-157.905842 21.3454064)
2783,,-157.904369,21.3450729,POINT (-157.904369 21.3450729)
2784,,-157.8615346,21.3084993,POINT (-157.8615346 21.3084993)
2785,,-157.8609284,21.3077537,POINT (-157.8609284 21.3077537)
2786,,-157.8603886,21.3093077,POINT (-157.8603886 21.3093077)
2787,,-157.8434127,21.321513,POINT (-157.8434127 21.321513)
2788,,-157.8459134,21.3203504,POINT (-157.8459134 21.3203504)
2789,,-157.8461152,21.3203163,POINT (-157.8461152 21.3203163)
2790,,-157.8424888,21.321046,POINT (-157.8424888 21.321046)
2791,,-157.7065878,21.2734438,POINT (-157.7065878 21.2734438)
2792,,-157.8897988,21.3684329,POINT (-157.8897988 21.3684329)
2793,,-157.823449,21.2765684,POINT (-157.823449 21.2765684)
2794,,-157.824169,21.2773412,POINT (-157.824169 21.2773412)
2795,,-157.7147668,21.2892406,POINT (-157.7147668 21.2892406)
2796,,-157.7171946,21.2921784,POINT (-157.7171946 21.2921784)
2797,,-157.8131212,21.3077222,POINT (-157.8131212 21.3077222)
2798,,-157.8072636,21.3091209,POINT (-157.8072636 21.3091209)
2799,,-157.8801581,21.338808,POINT (-157.8801581 21.338808)
2800,,-157.8792562,21.3394992,POINT (-157.8792562 21.3394992)
2801,,-157.8759677,21.3411024,POINT (-157.8759677 21.3411024)
2802,,-157.8732523,21.3425484,POINT (-157.8732523 21.3425484)
2803,,-157.8719525,21.3432999,POINT (-157.8719525 21.3432999)
2804,,-157.8711458,21.3440628,POINT (-157.8711458 21.3440628)
2805,,-157.8703217,21.3448443,POINT (-157.8703217 21.3448443)
2806,,-157.8693985,21.3457381,POINT (-157.8693985 21.3457381)
2807,,-157.85576,21.3328612,POINT (-157.85576 21.3328612)
2808,,-157.783067,21.2804477,POINT (-157.783067 21.2804477)
2809,,-157.782384,21.2804095,POINT (-157.782384 21.2804095)
2810,,-157.7805545,21.2804002,POINT (-157.7805545 21.2804002)
2811,,-157.833546,21.2960908,POINT (-157.833546 21.2960908)
2812,,-157.8324226,21.2956999,POINT (-157.8324226 21.2956999)
2813,,-157.8326862,21.2977256,POINT (-157.8326862 21.2977256)
2814,,-157.8607609,21.311771,POINT (-157.8607609 21.311771)
2815,,-157.7236372,21.2911159,POINT (-157.7236372 21.2911159)
2816,,-157.7235867,21.2904846,POINT (-157.7235867 21.2904846)
2817,,-157.8597579,21.3117308,POINT (-157.8597579 21.3117308)
2818,,-157.7902506,21.2659036,POINT (-157.7902506 21.2659036)
2819,,-157.7900165,21.2644489,POINT (-157.7900165 21.2644489)
2820,,-157.8283322,21.2839044,POINT (-157.8283322 21.2839044)
2821,,-157.7525015,21.285073,POINT (-157.7525015 21.285073)
2822,,-157.8454243,21.3023902,POINT (-157.8454243 21.3023902)
2823,,-157.8086937,21.2965434,POINT (-157.8086937 21.2965434)
2824,,-157.8077817,21.2967121,POINT (-157.8077817 21.2967121)
2825,,-157.8067306,21.2969185,POINT (-157.8067306 21.2969185)
2826,,-157.8014351,21.3003832,POINT (-157.8014351 21.3003832)
2827,,-157.8010625,21.3010209,POINT (-157.8010625 21.3010209)
2828,,-157.8008588,21.302034,POINT (-157.8008588 21.302034)
2829,,-157.8006327,21.3031888,POINT (-157.8006327 21.3031888)
2830,,-157.8097846,21.2768092,POINT (-157.8097846 21.2768092)
2831,,-157.8069439,21.2868135,POINT (-157.8069439 21.2868135)
2832,,-157.8046139,21.2856139,POINT (-157.8046139 21.2856139)
2833,,-157.8050991,21.2879599,POINT (-157.8050991 21.2879599)
2834,,-157.85665,21.3541731,POINT (-157.85665 21.3541731)
2835,,-157.9148241,21.3579937,POINT (-157.9148241 21.3579937)
2836,,-157.9158765,21.35868,POINT (-157.9158765 21.35868)
2837,,-157.8411241,21.3215257,POINT (-157.8411241 21.3215257)
2838,,-157.8417936,21.3212779,POINT (-157.8417936 21.3212779)
2839,,-157.840446,21.3217416,POINT (-157.840446 21.3217416)
2840,,-157.8664654,21.3418735,POINT (-157.8664654 21.3418735)
2841,,-157.8662064,21.3246028,POINT (-157.8662064 21.3246028)
2842,,-157.8674146,21.3260603,POINT (-157.8674146 21.3260603)
2843,,-157.8402422,21.3274383,POINT (-157.8402422 21.3274383)
2844,,-157.8397607,21.3265288,POINT (-157.8397607 21.3265288)
2845,,-157.8262944,21.2954367,POINT (-157.8262944 21.2954367)
2846,,-157.8268341,21.2956307,POINT (-157.8268341 21.2956307)
2847,,-157.8273827,21.293888,POINT (-157.8273827 21.293888)
2848,,-157.8616289,21.3104817,POINT (-157.8616289 21.3104817)
2849,,-157.8595444,21.3087807,POINT (-157.8595444 21.3087807)
2850,,-157.857061,21.3045126,POINT (-157.857061 21.3045126)
2851,,-157.8526879,21.3028905,POINT (-157.8526879 21.3028905)
2852,,-157.852257,21.302735,POINT (-157.852257 21.302735)
2853,,-157.8498361,21.3029277,POINT (-157.8498361 21.3029277)
2854,,-157.8461038,21.2998201,POINT (-157.8461038 21.2998201)
2855,,-157.8440694,21.2998199,POINT (-157.8440694 21.2998199)
2856,,-157.8257888,21.2966883,POINT (-157.8257888 21.2966883)
2857,,-157.8281275,21.2941645,POINT (-157.8281275 21.2941645)
2858,,-157.8275478,21.2939484,POINT (-157.8275478 21.2939484)
2859,,-157.8246697,21.2929254,POINT (-157.8246697 21.2929254)
2860,,-157.8278349,21.295991,POINT (-157.8278349 21.295991)
2861,,-157.8443616,21.2992253,POINT (-157.8443616 21.2992253)
2862,,-157.879711,21.3411207,POINT (-157.879711 21.3411207)
2863,,-157.8354545,21.3120676,POINT (-157.8354545 21.3120676)
2864,,-157.8217189,21.2951548,POINT (-157.8217189 21.2951548)
2865,,-157.8592944,21.311243,POINT (-157.8592944 21.311243)
2866,,-157.8508058,21.3043262,POINT (-157.8508058 21.3043262)
2867,,-157.8450497,21.3022507,POINT (-157.8450497 21.3022507)
2868,,-157.8388539,21.2999807,POINT (-157.8388539 21.2999807)
2869,,-157.8275291,21.2958802,POINT (-157.8275291 21.2958802)
2870,,-157.8018145,21.2800758,POINT (-157.8018145 21.2800758)
2871,,-157.8029712,21.2806671,POINT (-157.8029712 21.2806671)
2872,,-157.8129049,21.275995,POINT (-157.8129049 21.275995)
2873,,-157.7835947,21.3037238,POINT (-157.7835947 21.3037238)
2874,,-157.8127356,21.2753721,POINT (-157.8127356 21.2753721)
2875,,-157.8125527,21.2747565,POINT (-157.8125527 21.2747565)
2876,,-157.788059,21.3014415,POINT (-157.788059 21.3014415)
2877,,-157.7855695,21.3021243,POINT (-157.7855695 21.3021243)
2878,,-157.9173413,21.3601116,POINT (-157.9173413 21.3601116)
2879,,-157.9192827,21.3521228,POINT (-157.9192827 21.3521228)
2880,,-157.8954188,21.3432643,POINT (-157.8954188 21.3432643)
2881,,-157.8949729,21.3441972,POINT (-157.8949729 21.3441972)
2882,,-157.7897634,21.3094247,POINT (-157.7897634 21.3094247)
2883,,-157.8595146,21.3502161,POINT (-157.8595146 21.3502161)
2884,,-157.8506487,21.2953811,POINT (-157.8506487 21.2953811)
2885,,-157.8482812,21.2944085,POINT (-157.8482812 21.2944085)
2886,,-157.8286725,21.3439226,POINT (-157.8286725 21.3439226)
2887,,-157.9249745,21.3477349,POINT (-157.9249745 21.3477349)
2888,,-157.7650008,21.2800253,POINT (-157.7650008 21.2800253)
2889,,-157.8310711,21.2862465,POINT (-157.8310711 21.2862465)
2890,,-157.8305176,21.2857731,POINT (-157.8305176 21.2857731)
2891,,-157.8299928,21.2853186,POINT (-157.8299928 21.2853186)
2892,,-157.8277574,21.2834034,POINT (-157.8277574 21.2834034)
2893,,-157.8270655,21.2827946,POINT (-157.8270655 21.2827946)
2894,,-157.8257091,21.2815921,POINT (-157.8257091 21.2815921)
2895,,-157.8250776,21.2809978,POINT (-157.8250776 21.2809978)
2896,,-157.8243888,21.2803957,POINT (-157.8243888 21.2803957)
2897,,-157.8230637,21.2792671,POINT (-157.8230637 21.2792671)
2898,,-157.8236636,21.2797792,POINT (-157.8236636 21.2797792)
2899,,-157.822501,21.2787584,POINT (-157.822501 21.2787584)
2900,,-157.8206206,21.2771387,POINT (-157.8206206 21.2771387)
2901,,-157.818637,21.2754264,POINT (-157.818637 21.2754264)
2902,,-157.811093,21.2798233,POINT (-157.811093 21.2798233)
2903,,-157.8119609,21.279599,POINT (-157.8119609 21.279599)
2904,,-157.8527125,21.3599834,POINT (-157.8527125 21.3599834)
2905,,-157.8586113,21.3290491,POINT (-157.8586113 21.3290491)
2906,,-157.8647681,21.3210643,POINT (-157.8647681 21.3210643)
2907,,-157.763465,21.2866263,POINT (-157.763465 21.2866263)
2908,,-157.7647095,21.2873621,POINT (-157.7647095 21.2873621)
2909,,-157.7632504,21.2852027,POINT (-157.7632504 21.2852027)
2910,,-157.8281808,21.3307044,POINT (-157.8281808 21.3307044)
2911,,-157.8592451,21.2991325,POINT (-157.8592451 21.2991325)
2912,,-157.8466448,21.3415516,POINT (-157.8466448 21.3415516)
2913,,-157.80345,21.2850221,POINT (-157.80345 21.2850221)
2914,,-157.6859511,21.3013542,POINT (-157.6859511 21.3013542)
2915,,-157.881364,21.3736331,POINT (-157.881364 21.3736331)
2916,,-157.8804254,21.3740149,POINT (-157.8804254 21.3740149)
2917,,-157.7824064,21.3060522,POINT (-157.7824064 21.3060522)
2918,,-157.7822239,21.3085582,POINT (-157.7822239 21.3085582)
2919,,-157.7832195,21.3052745,POINT (-157.7832195 21.3052745)
2920,,-157.860309,21.3484162,POINT (-157.860309 21.3484162)
2921,,-157.8596481,21.350007,POINT (-157.8596481 21.350007)
2922,,-157.7990673,21.3028593,POINT (-157.7990673 21.3028593)
2923,,-157.7983342,21.304296,POINT (-157.7983342 21.304296)
2924,,-157.917574,21.3446822,POINT (-157.917574 21.3446822)
2925,,-157.9309597,21.3553387,POINT (-157.9309597 21.3553387)
2926,,-157.8244905,21.2778264,POINT (-157.8244905 21.2778264)
2927,,-157.859998,21.3313009,POINT (-157.859998 21.3313009)
2928,,-157.8597888,21.3317406,POINT (-157.8597888 21.3317406)
2929,,-157.7507024,21.2814403,POINT (-157.7507024 21.2814403)
2930,,-157.7870244,21.2891425,POINT (-157.7870244 21.2891425)
2931,,-157.7959305,21.292804,POINT (-157.7959305 21.292804)
2932,,-157.8398896,21.3014128,POINT (-157.8398896 21.3014128)
2933,,-157.8470364,21.2975601,POINT (-157.8470364 21.2975601)
2934,,-157.8422856,21.30625,POINT (-157.8422856 21.30625)
2935,,-157.7637225,21.2846029,POINT (-157.7637225 21.2846029)
2936,,-157.8202062,21.3079479,POINT (-157.8202062 21.3079479)
2937,,-157.7553117,21.2782992,POINT (-157.7553117 21.2782992)
2938,,-157.8041339,21.2812553,POINT (-157.8041339 21.2812553)
2939,,-157.8596507,21.3144987,POINT (-157.8596507 21.3144987)
2940,,-157.8833831,21.322925,POINT (-157.8833831 21.322925)
2941,,-157.8660919,21.3425476,POINT (-157.8660919 21.3425476)
2942,,-157.863021,21.3451804,POINT (-157.863021 21.3451804)
2943,,-157.8624204,21.3454663,POINT (-157.8624204 21.3454663)
2944,,-157.8600086,21.3491916,POINT (-157.8600086 21.3491916)
2945,,-157.8606867,21.3503428,POINT (-157.8606867 21.3503428)
2946,,-157.8579589,21.3526992,POINT (-157.8579589 21.3526992)
2947,,-157.857773,21.3529029,POINT (-157.857773 21.3529029)
2948,,-157.8521439,21.3606379,POINT (-157.8521439 21.3606379)
2949,,-157.7191148,21.2877976,POINT (-157.7191148 21.2877976)
2950,,-157.7187803,21.2888417,POINT (-157.7187803 21.2888417)
2951,,-157.7193243,21.2865441,POINT (-157.7193243 21.2865441)
2952,,-157.8643659,21.3097064,POINT (-157.8643659 21.3097064)
2953,,-157.8681389,21.3136489,POINT (-157.8681389 21.3136489)
2954,,-157.8612964,21.2969491,POINT (-157.8612964 21.2969491)
2955,,-157.8616339,21.2973036,POINT (-157.8616339 21.2973036)
2956,,-157.7184449,21.2898952,POINT (-157.7184449 21.2898952)
2957,,-157.922131,21.3458813,POINT (-157.922131 21.3458813)
2958,,-157.8072182,21.2869561,POINT (-157.8072182 21.2869561)
2959,,-157.9319088,21.3522094,POINT (-157.9319088 21.3522094)
2960,,-157.8056015,21.310259,POINT (-157.8056015 21.310259)
2961,,-157.8729113,21.3270719,POINT (-157.8729113 21.3270719)
2962,,-157.874357,21.3256201,POINT (-157.874357 21.3256201)
2963,,-157.8670104,21.3342397,POINT (-157.8670104 21.3342397)
2964,,-157.903828,21.3550129,POINT (-157.903828 21.3550129)
2965,,-157.7657223,21.2836512,POINT (-157.7657223 21.2836512)
2966,,-157.9013905,21.3395264,POINT (-157.9013905 21.3395264)
2967,,-157.9013945,21.3367999,POINT (-157.9013945 21.3367999)
2968,,-157.8883379,21.3430603,POINT (-157.8883379 21.3430603)
2969,,-157.7691614,21.2819049,POINT (-157.7691614 21.2819049)
2970,,-157.7683745,21.2828274,POINT (-157.7683745 21.2828274)
2971,,-157.9200228,21.3516296,POINT (-157.9200228 21.3516296)
2972,,-157.8313685,21.2839264,POINT (-157.8313685 21.2839264)
2973,,-157.8672206,21.3266533,POINT (-157.8672206 21.3266533)
2974,,-157.8619914,21.3159529,POINT (-157.8619914 21.3159529)
2975,,-157.8612736,21.3164099,POINT (-157.8612736 21.3164099)
2976,,-157.8675727,21.3271459,POINT (-157.8675727 21.3271459)
2977,,-157.8682666,21.3282028,POINT (-157.8682666 21.3282028)
2978,,-157.8333838,21.2934042,POINT (-157.8333838 21.2934042)
2979,,-157.7665549,21.2838431,POINT (-157.7665549 21.2838431)
2980,,-157.8162862,21.2739988,POINT (-157.8162862 21.2739988)
2981,,-157.8139842,21.282586,POINT (-157.8139842 21.282586)
2982,,-157.813865,21.2833839,POINT (-157.813865 21.2833839)
