ID,YardName,Polygon_WKT,Main_Direction
1,BIRMINGHAM (ABWR),"POLYGON ((-86.78916094463423 33.56190740469446, -86.79009210535034 33.56206193077062, -86.78918956484829 33.56616383595728, -86.78871238734403 33.56547005913428, -86.78916094463423 33.56190740469446))","((-86.78916094463423, 33.56190740469446), (-86.78918956484829, 33.56616383595728))"
2,MILAN (AA),"POLYGON ((-83.68044939923604 42.0628005384705, -83.68130873778529 42.06254453672108, -83.68560047934888 42.07557661613053, -83.6846043278134 42.07454167337566, -83.68044939923604 42.0628005384705))","((-83.68044939923604, 42.0628005384705), (-83.68560047934888, 42.07557661613053))"
3,OTTAWA,"POLYGON ((-83.50962925848394 41.69173506619498, -83.51031716094545 41.69129299364143, -83.52478214151952 41.70116878248382, -83.51781010804311 41.7037912718441, -83.50962925848394 41.69173506619498))","((-83.50962925848394, 41.69173506619498), (-83.52478214151952, 41.70116878248382))"
4,OTTAWA SOUTH,"POLYGON ((-83.50200084949611 41.68043336221614, -83.50449986943059 41.68202123218574, -83.50778441427958 41.68810309746082, -83.50712844411723 41.68801037958495, -83.50200084949611 41.68043336221614))","((-83.50200084949611, 41.68043336221614), (-83.50778441427958, 41.68810309746082))"
5,TUSCALOOSA,"POLYGON ((-87.56813131227233 33.19921190992631, -87.57361853974899 33.2013420967555, -87.5753153596493 33.20417474075578, -87.56926263171894 33.20107923580928, -87.56813131227233 33.19921190992631))","((-87.56813131227233, 33.19921190992631), (-87.5753153596493, 33.204174740755775))"
6,BIRMINGHAM (ABWR),"POLYGON ((-86.7889005223017 33.56054404535879, -86.78978747713124 33.56047892384466, -86.78947742906874 33.56339784567539, -86.78894803080419 33.56303448629812, -86.7889005223017 33.56054404535879))","((-86.78978747713124, 33.56047892384466), (-86.78947742906874, 33.56339784567539))"
7,GULF,"POLYGON ((-79.2705946917564 35.55906691935647, -79.28044566518534 35.55928489123974, -79.28568094219271 35.56208739009584, -79.285140008021 35.56243312676657, -79.2705946917564 35.55906691935647))","((-79.2705946917564, 35.55906691935647), (-79.28568094219271, 35.56208739009584))"
8,GLOBAL ETHANOL,"POLYGON ((-83.82984156069696 41.81513931901489, -83.83339017120359 41.81571378414322, -83.84178166960264 41.82083814282386, -83.83919722044787 41.82069966125575, -83.82984156069696 41.81513931901489))","((-83.82984156069696, 41.81513931901489), (-83.84178166960264, 41.82083814282386))"
9,ALBANY YARD,"POLYGON ((-123.1075666966181 44.62244965976102, -123.1046504721793 44.62899105558973, -123.096377681338 44.63389084835157, -123.0963929139221 44.63326072244772, -123.1075666966181 44.62244965976102))","((-123.10756669661806, 44.622449659761024), (-123.096377681338, 44.63389084835157))"
10,WELDWOOD YARD,"POLYGON ((-122.8962550554891 44.51875692267141, -122.8969864895331 44.51824825954944, -122.9012840394743 44.52475563300661, -122.8999541721609 44.52402079440509, -122.8962550554891 44.51875692267141))","((-122.8962550554891, 44.51875692267141), (-122.90128403947433, 44.52475563300661))"
11,MAGNOLIA,"POLYGON ((-87.67705796271707 32.1060719599658, -87.6779542448929 32.10601161737386, -87.67842440256149 32.11968149163621, -87.6779460902108 32.11926352185125, -87.67705796271707 32.1060719599658))","((-87.6779542448929, 32.10601161737386), (-87.67842440256149, 32.11968149163621))"
12,MOBILE (AGR),"POLYGON ((-88.05075245549634 30.71085459241617, -88.05755510325409 30.71973380066572, -88.05817881546653 30.7225057143431, -88.05755176686651 30.72237024475891, -88.05075245549634 30.71085459241617))","((-88.05075245549634, 30.710854592416172), (-88.05817881546653, 30.7225057143431))"
13,PENSACOLA,"POLYGON ((-87.2420818121622 30.40813425835206, -87.24276889500878 30.4075610566849, -87.24789779767127 30.41356205718, -87.24502603669998 30.41159381949968, -87.2420818121622 30.40813425835206))","((-87.2420818121622, 30.408134258352057), (-87.24789779767127, 30.41356205718))"
14,HELENA,"POLYGON ((-90.58753309320547 34.51693930795435, -90.58845813624647 34.52020401931057, -90.58590957227848 34.52150663968526, -90.58562750780813 34.52092755116963, -90.58753309320547 34.51693930795435))","((-90.58753309320547, 34.516939307954345), (-90.58590957227848, 34.52150663968526))"
15,MALVERN,"POLYGON ((-92.82263488878438 34.36014082875486, -92.82306720106693 34.36114866994486, -92.81833340012442 34.36736502931753, -92.81796168446832 34.36517137138572, -92.82263488878438 34.36014082875486))","((-92.82263488878438, 34.36014082875486), (-92.81833340012442, 34.36736502931753))"
16,MCGEHEE (AKMD),"POLYGON ((-91.388520709535 33.61913078678552, -91.39349591622958 33.63171490717022, -91.39204341009378 33.63550514249708, -91.3915119898366 33.63514753385702, -91.388520709535 33.61913078678552))","((-91.388520709535, 33.61913078678552), (-91.39204341009378, 33.63550514249708))"
17,FLOMATON,"POLYGON ((-87.25376601860985 30.99938148539682, -87.25421852999148 31.00002932882976, -87.22292693490411 31.06132063073656, -87.23706888234609 31.00908910668054, -87.25376601860985 30.99938148539682))","((-87.25376601860985, 30.999381485396825), (-87.22292693490411, 31.061320630736564))"
18,MOBILE (CN),"POLYGON ((-88.04926271214863 30.70809789828096, -88.05102846130663 30.70817078891665, -88.06570865216615 30.72101556426593, -88.06441117591191 30.72063413364294, -88.04926271214863 30.70809789828096))","((-88.04926271214863, 30.708097898280965), (-88.06570865216615, 30.721015564265933))"
19,CROSSETT,"POLYGON ((-91.95833443635597 33.13935723047904, -91.95889613604969 33.13866094052213, -91.96209603069209 33.14167564401563, -91.96147235192581 33.14180471485823, -91.95833443635597 33.13935723047904))","((-91.95833443635597, 33.13935723047904), (-91.9620960306921, 33.141675644015635))"
20,MONROE STATION,"POLYGON ((-92.10699553142722 32.50462660324568, -92.10808153561744 32.50402379969768, -92.110519816627 32.50589344159489, -92.10993609095422 32.50614510941212, -92.10699553142722 32.50462660324568))","((-92.10699553142722, 32.504626603245676), (-92.110519816627, 32.50589344159489))"
21,ALTON & SOUTHERN,"POLYGON ((-90.12182951412656 38.59286804186442, -90.12687665394377 38.59383293548026, -90.13610747009803 38.60224716772831, -90.12659102150175 38.59917652018628, -90.12182951412656 38.59286804186442))","((-90.12182951412656, 38.59286804186442), (-90.13610747009803, 38.602247167728315))"
22,EAST ST LOUIS AUTORAMP,"POLYGON ((-90.12439079362252 38.57348200101002, -90.13345027091255 38.58047546275881, -90.13351096657625 38.58110539753964, -90.12995067911912 38.57915019950553, -90.12439079362252 38.57348200101002))","((-90.12439079362252, 38.57348200101002), (-90.13351096657625, 38.581105397539645))"
23,GATEWAY,"POLYGON ((-90.13567589455469 38.58247440783537, -90.15235072574653 38.59581949191288, -90.15332925705457 38.59920517283914, -90.13286369742524 38.58716131013159, -90.13567589455469 38.58247440783537))","((-90.1356758945547, 38.58247440783537), (-90.15332925705457, 38.59920517283914))"
24,MITCHELL,"POLYGON ((-90.08959163969267 38.74992205187782, -90.09063414211718 38.75638937504561, -90.08974936995713 38.76213915439872, -90.08930092018261 38.76168175270839, -90.08959163969267 38.74992205187782))","((-90.08959163969267, 38.74992205187782), (-90.08974936995713, 38.762139154398724))"
25,FT SMITH (AM),"POLYGON ((-94.42714328274231 35.39250005623324, -94.42227777300727 35.39860015995755, -94.41454262759822 35.40176580508876, -94.41905539014122 35.39716694918768, -94.42714328274231 35.39250005623324))","((-94.4271432827423, 35.39250005623324), (-94.41454262759822, 35.401765805088765))"
26,14TH ST,"POLYGON ((-87.63660806410792 41.85680068868012, -87.63747542081457 41.85693947758713, -87.63774117270738 41.87062194030442, -87.63493494708415 41.86572523185136, -87.63660806410792 41.85680068868012))","((-87.63660806410792, 41.856800688680124), (-87.63774117270738, 41.87062194030442))"
27,ALBANY AMTRAK SHOPS,"POLYGON ((-73.74080380326846 42.64324012358693, -73.74201504662268 42.64887239320353, -73.73933028339795 42.65346241007991, -73.73847119562234 42.6519458064849, -73.74080380326846 42.64324012358693))","((-73.74080380326846, 42.643240123586935), (-73.73933028339795, 42.65346241007991))"
28,BAYVIEW (NS),"POLYGON ((-76.52963957693041 39.29870678105593, -76.52983368339081 39.29958211188196, -76.50787563106678 39.30541751445546, -76.51896385441302 39.30143972406064, -76.52963957693041 39.29870678105593))","((-76.5296395769304, 39.29870678105593), (-76.50787563106678, 39.30541751445546))"
29,BAYVIEW (NS),"POLYGON ((-76.54792408347942 39.29701234575172, -76.54799897584499 39.2979074939664, -76.5292616306138 39.29918399295104, -76.53409595148554 39.2980674817515, -76.54792408347942 39.29701234575172))","((-76.54792408347942, 39.29701234575172), (-76.5292616306138, 39.29918399295104))"
30,BEAR SHOPS,"POLYGON ((-75.69348526164396 39.6016198766231, -75.705381920021 39.60827851326156, -75.70554195491353 39.60889090411662, -75.69012083742362 39.6027103753062, -75.69348526164396 39.6016198766231))","((-75.70554195491353, 39.60889090411662), (-75.69012083742362, 39.6027103753062))"
31,BOTSFORD,"POLYGON ((-85.5558055815093 42.29063775638183, -85.55619071026678 42.28982642450043, -85.56804016684751 42.29563223708692, -85.56497298590632 42.2951468040274, -85.5558055815093 42.29063775638183))","((-85.5558055815093, 42.29063775638183), (-85.56804016684751, 42.29563223708692))"
32,HARRISON,"POLYGON ((-74.15115781766914 40.74087621468816, -74.15131033363946 40.74177732779818, -74.13173071446424 40.74302266922705, -74.13928949426089 40.74157579875149, -74.15115781766914 40.74087621468816))","((-74.15131033363946, 40.74177732779818), (-74.13173071446424, 40.743022669227045))"
33,HARTFORD,"POLYGON ((-72.67331002739444 41.77561290571323, -72.66830226911217 41.78891656537035, -72.66129278008283 41.79637607683735, -72.66114006624491 41.79576129674303, -72.67331002739444 41.77561290571323))","((-72.67331002739444, 41.77561290571323), (-72.66129278008283, 41.79637607683735))"
34,HINMAN,"POLYGON ((-85.13672873990741 42.31115459133373, -85.13714969682401 42.31049831700084, -85.15985128658826 42.31210144223747, -85.14689269440119 42.31671574024742, -85.13672873990741 42.31115459133373))","((-85.13672873990741, 42.311154591333725), (-85.15985128658826, 42.31210144223747))"
35,JACKSON,"POLYGON ((-84.34932727755215 42.23355764531463, -84.36151581130713 42.23418996129357, -84.40055854329047 42.24797785755421, -84.39360533776731 42.24654719742179, -84.34932727755215 42.23355764531463))","((-84.34932727755215, 42.23355764531463), (-84.40055854329047, 42.24797785755421))"
36,LINDEN,"POLYGON ((-74.26588240021515 40.61537367123251, -74.26646192852074 40.61605760303797, -74.25547885656067 40.6260346810145, -74.25678437168538 40.6235479512196, -74.26588240021515 40.61537367123251))","((-74.26588240021515, 40.61537367123251), (-74.25547885656067, 40.626034681014495))"
37,MOTT HAVEN,"POLYGON ((-73.91648896379506 40.79803137391519, -73.9185086218164 40.79904929771175, -73.91306702526909 40.80012393113932, -73.91472374357623 40.79855750387383, -73.91648896379506 40.79803137391519))","((-73.9185086218164, 40.799049297711754), (-73.91306702526909, 40.80012393113932))"
38,NEW BRUNSWICK M/W,"POLYGON ((-74.50598467676544 40.42471562164566, -74.5067119979548 40.42524204320114, -74.4865006652966 40.45435994248125, -74.49570584681956 40.43813476428937, -74.50598467676544 40.42471562164566))","((-74.50598467676544, 40.42471562164566), (-74.4865006652966, 40.45435994248125))"
39,OAK POINT,"POLYGON ((-73.91168853338611 40.8006119611849, -73.91231031580345 40.8012601438413, -73.90435613657003 40.80808796806745, -73.90435226195531 40.807426224583, -73.91168853338611 40.8006119611849))","((-73.91231031580345, 40.801260143841304), (-73.90435613657003, 40.80808796806745))"
40,PROVIDENCE,"POLYGON ((-71.41328577354578 41.84624448171446, -71.40499463006809 41.8638184960344, -71.39882866668616 41.87312231421503, -71.40669571349773 41.85720871845987, -71.41328577354578 41.84624448171446))","((-71.41328577354578, 41.84624448171446), (-71.39882866668616, 41.87312231421503))"
41,SULLIVAN MAINTENANCE,"POLYGON ((-76.72051504413875 39.07252812735904, -76.72097361219825 39.07329473537928, -76.71053128528341 39.08063122056481, -76.71353671978137 39.07637693148442, -76.72051504413875 39.07252812735904))","((-76.72051504413875, 39.072528127359035), (-76.71053128528341, 39.08063122056481))"
42,WARWICK,"POLYGON ((-71.42344256968184 41.77749909906548, -71.42430490228332 41.77774967454719, -71.42192599059921 41.7837907852068, -71.42160327224629 41.78327256387161, -71.42344256968184 41.77749909906548))","((-71.42430490228332, 41.77774967454719), (-71.4219259905992, 41.7837907852068))"
43,WEST ALBANY,"POLYGON ((-73.74637245142246 42.66021427069357, -73.74703857027164 42.65989557532857, -73.79443321285791 42.68746246757694, -73.75488691795049 42.67096254187721, -73.74637245142246 42.66021427069357))","((-73.74637245142246, 42.660214270693565), (-73.79443321285791, 42.68746246757694))"
44,WILLOW RUN,"POLYGON ((-83.57465330948968 42.24593972705912, -83.57480590857341 42.24682497146011, -83.54376926200081 42.25158308553463, -83.54413687597902 42.25106606658981, -83.57465330948968 42.24593972705912))","((-83.57480590857341, 42.24682497146011), (-83.54376926200081, 42.25158308553463))"
45,WILLOW RUN,"POLYGON ((-83.54413836796971 42.25106581522913, -83.54437245211587 42.25192846489951, -83.5418352974358 42.25199389271966, -83.54209658648118 42.25141501206792, -83.54413836796971 42.25106581522913))","((-83.54437245211587, 42.251928464899514), (-83.5418352974358, 42.25199389271966))"
46,CHATTAHOOCHEE (AN),"POLYGON ((-84.81416866420808 30.68462409179467, -84.81449061257038 30.6837864085888, -84.82665380142343 30.68831216726274, -84.82471846686435 30.68832620918358, -84.81416866420808 30.68462409179467))","((-84.81416866420808, 30.68462409179467), (-84.82665380142343, 30.688312167262744))"
47,PORT ST JOE,"POLYGON ((-85.30286527603752 29.82309843090063, -85.30784200076167 29.82418746925056, -85.28781106274702 29.82356589901721, -85.28825977175063 29.82311220813273, -85.30286527603752 29.82309843090063))","((-85.30784200076167, 29.824187469250564), (-85.28781106274702, 29.82356589901721))"
48,COWEN,"POLYGON ((-80.55528787460902 38.41253984547027, -80.55608518432456 38.41291322316629, -80.55256604180541 38.42565421049642, -80.55156115431146 38.41980820672658, -80.55528787460902 38.41253984547027))","((-80.55528787460902, 38.41253984547027), (-80.5525660418054, 38.42565421049642))"
49,EVERGREEN,"POLYGON ((-80.55232048548378 38.4257282845285, -80.55419533196491 38.4303680142414, -80.55243866584061 38.43453911037643, -80.551995337522 38.4341173244137, -80.55232048548378 38.4257282845285))","((-80.55232048548378, 38.4257282845285), (-80.55243866584061, 38.43453911037643))"
50,ALIQUIPPA,"POLYGON ((-80.24569105273032 40.64795788952109, -80.2475121713541 40.64871626359094, -80.25186710154885 40.65686758381585, -80.24923082069533 40.65435078365667, -80.24569105273032 40.64795788952109))","((-80.24569105273032, 40.64795788952109), (-80.25186710154885, 40.656867583815846))"
51,BLACKS RUN,"POLYGON ((-80.2505535299513 40.65541105733169, -80.25134965934765 40.65499760502782, -80.25644362782414 40.66487052652453, -80.25496102778256 40.66341919163423, -80.2505535299513 40.65541105733169))","((-80.2505535299513, 40.65541105733169), (-80.25644362782414, 40.66487052652453))"
52,KENWOOD,"POLYGON ((-73.76504107211871 42.62142602298009, -73.76273661065139 42.63335900382503, -73.75838391367327 42.63586606941047, -73.758180151407 42.63526370914459, -73.76504107211871 42.62142602298009))","((-73.7650410721187, 42.62142602298009), (-73.75838391367327, 42.63586606941047))"
53,PORT OF ALBANY,"POLYGON ((-73.76152286801494 42.6166892389322, -73.7655733910204 42.62250603055713, -73.76237677573882 42.63360346545974, -73.75587860293241 42.62671672273079, -73.76152286801494 42.6166892389322))","((-73.76152286801494, 42.616689238932196), (-73.76237677573882, 42.633603465459736))"
54,ANCHORAGE,"POLYGON ((-149.8899289421214 61.22365133788661, -149.8805806104659 61.22788629612577, -149.8275934284362 61.23244810662411, -149.8545263381625 61.22531664503114, -149.8899289421214 61.22365133788661))","((-149.88992894212143, 61.223651337886615), (-149.8275934284362, 61.23244810662411))"
55,BIRCHWOOD,"POLYGON ((-149.5127390757136 61.40403284624058, -149.5094820782562 61.41335953175743, -149.4953503102737 61.41843188207661, -149.4954205218266 61.41779838529558, -149.5127390757136 61.40403284624058))","((-149.51273907571363, 61.404032846240575), (-149.4953503102737, 61.41843188207661))"
56,FAIRBANKS,"POLYGON ((-147.7646035061572 64.85032078256698, -147.7646895824333 64.84942725250964, -147.7975478142364 64.85195273054427, -147.7859489027771 64.85200976128567, -147.7646035061572 64.85032078256698))","((-147.76460350615724, 64.85032078256698), (-147.79754781423642, 64.85195273054427))"
57,HEALY,"POLYGON ((-148.9672208264255 63.8583416657228, -148.9748199282263 63.86402922843823, -148.9785788644606 63.87433998989736, -148.9779511917145 63.87422206119111, -148.9672208264255 63.8583416657228))","((-148.96722082642552, 63.858341665722804), (-148.97857886446064, 63.874339989897365))"
58,NENANA,"POLYGON ((-149.100751949945 64.5583493750834, -149.1015823679914 64.55805103399918, -149.1034809627162 64.56307327141607, -149.1022603002262 64.56222700471788, -149.100751949945 64.5583493750834))","((-149.10075194994496, 64.5583493750834), (-149.10348096271622, 64.56307327141607))"
59,PORTAGE,"POLYGON ((-148.9501760584941 60.82567605119387, -148.9542959463042 60.82614243454347, -148.9716610745438 60.83417801975981, -148.9710752342221 60.83441484511906, -148.9501760584941 60.82567605119387))","((-148.95017605849412, 60.82567605119387), (-148.97166107454385, 60.83417801975981))"
60,SEWARD,"POLYGON ((-149.4283700496465 60.12271817633668, -149.4261503333481 60.13388450047194, -149.4218227066845 60.13788824351782, -149.4216074127125 60.13729321528027, -149.4283700496465 60.12271817633668))","((-149.42837004964653, 60.122718176336676), (-149.42182270668448, 60.13788824351782))"
61,WHITTIER,"POLYGON ((-148.6808996051268 60.77439130772515, -148.6943502362775 60.77603526583321, -148.6947410730635 60.77653799603132, -148.6682340470912 60.77829706937915, -148.6808996051268 60.77439130772515))","((-148.69474107306348, 60.776537996031315), (-148.6682340470912, 60.77829706937915))"
62,PARKER YARD,"POLYGON ((-114.2842460412163 34.14483789830406, -114.2850096125059 34.1443741650482, -114.288111292442 34.15022801342413, -114.2861779788364 34.1485365150785, -114.2842460412163 34.14483789830406))","((-114.28424604121632, 34.14483789830406), (-114.28811129244204, 34.150228013424126))"
63,WATONGA,"POLYGON ((-98.41849103938263 35.84113673233828, -98.41938648066503 35.84110106256152, -98.41905983418997 35.84740086019484, -98.4184338799131 35.84576424508275, -98.41849103938263 35.84113673233828))","((-98.41938648066503, 35.84110106256152), (-98.41905983418997, 35.84740086019484))"
64,ALABAMA CITY,"POLYGON ((-86.07175650591911 34.01859128370941, -86.06819532731382 34.0199420403309, -86.053550918772 34.01961474660226, -86.05448268647821 34.01899139605361, -86.07175650591911 34.01859128370941))","((-86.07175650591911, 34.01859128370941), (-86.053550918772, 34.01961474660226))"
65,GLENWOOD,"POLYGON ((-79.9394599636677 40.39830517280241, -79.9447683132253 40.39980352901028, -79.95108612126397 40.40970709439986, -79.93484610259355 40.39960484227573, -79.9394599636677 40.39830517280241))","((-79.95108612126397, 40.409707094399856), (-79.93484610259355, 40.39960484227573))"
66,KENNEY,"POLYGON ((-79.92841701010457 40.39562535045293, -79.92906746633132 40.39621120636511, -79.92760621068621 40.39705294920412, -79.92743108290378 40.39644428832487, -79.92841701010457 40.39562535045293))","((-79.92906746633132, 40.39621120636511), (-79.9276062106862, 40.397052949204124))"
67,SHARPSBURG (AVR),"POLYGON ((-79.90627001963632 40.49038696391886, -79.90858523153732 40.48992598169628, -79.9173072290088 40.49322392345444, -79.90949704326016 40.49201688212857, -79.90627001963632 40.49038696391886))","((-79.90627001963632, 40.49038696391886), (-79.9173072290088, 40.493223923454444))"
68,VERONA,"POLYGON ((-79.84428648596155 40.50424466370318, -79.84539002882764 40.50531715816656, -79.84406728571828 40.51077040786836, -79.84362218090844 40.51031631697968, -79.84428648596155 40.50424466370318))","((-79.84428648596155, 40.50424466370318), (-79.84406728571828, 40.510770407868364))"
69,GARDEN CITY #1,"POLYGON ((-81.14638151989236 32.114890220043, -81.1471485918689 32.11753899002812, -81.14553602419005 32.12339139723494, -81.14512350265363 32.12291794256683, -81.14638151989236 32.114890220043))","((-81.14638151989236, 32.114890220043), (-81.14553602419005, 32.12339139723494))"
70,LOWER MIAMI YARD,"POLYGON ((-110.8559311447941 33.40567583626824, -110.8532397522106 33.40860897999465, -110.8481895059741 33.4095466155183, -110.8483646301367 33.40893487757334, -110.8559311447941 33.40567583626824))","((-110.85593114479408, 33.405675836268244), (-110.84818950597415, 33.4095466155183))"
71,ANACONDA,"POLYGON ((-112.9600999420233 46.13209028912321, -112.9643352336515 46.13136990010393, -112.966988164082 46.13305774767125, -112.9664909533494 46.13345849136299, -112.9600999420233 46.13209028912321))","((-112.96009994202329, 46.13209028912321), (-112.96698816408204, 46.13305774767125))"
72,EAST ANACONDA,"POLYGON ((-112.9199069010085 46.12062829713489, -112.9329353252938 46.12246704538414, -112.9358215106513 46.12419447841558, -112.9352782199735 46.1245115780476, -112.9199069010085 46.12062829713489))","((-112.91990690100849, 46.12062829713489), (-112.93582151065128, 46.12419447841558))"
73,PANAMA CITY,"POLYGON ((-85.64439825125505 30.18579811555345, -85.64491780957637 30.18653093077787, -85.63343735985885 30.19411423658353, -85.63354063495058 30.19348899279258, -85.64439825125505 30.18579811555345))","((-85.64491780957637, 30.186530930777874), (-85.63343735985885, 30.194114236583534))"
74,SHERMAN,"POLYGON ((-85.6462794773193 30.18472861287762, -85.64675978805182 30.18548646007991, -85.63235225024746 30.19509648996449, -85.63505017834784 30.19218346485424, -85.6462794773193 30.18472861287762))","((-85.6462794773193, 30.18472861287762), (-85.63235225024746, 30.195096489964488))"
75,BCR,"POLYGON ((-76.18368289616878 36.90303610902289, -76.18444890887911 36.90350091033655, -76.17877350934364 36.91367102697377, -76.18048286790685 36.90797172599253, -76.18368289616878 36.90303610902289))","((-76.18368289616878, 36.903036109022885), (-76.17877350934364, 36.913671026973766))"
76,EAST CHARLOTTESVILLE,"POLYGON ((-78.46861711565064 38.02447257291652, -78.46906357135258 38.02372509065727, -78.49339593931661 38.0314366029208, -78.47445209552168 38.02869381151837, -78.46861711565064 38.02447257291652))","((-78.46861711565064, 38.02447257291652), (-78.49339593931661, 38.0314366029208))"
77,CLIQUOT,"POLYGON ((-71.35691133796858 42.16907867908834, -71.35655236013812 42.1704327626941, -71.35278270210422 42.17186754158695, -71.35290177051293 42.17124037551838, -71.35691133796858 42.16907867908834))","((-71.35691133796858, 42.16907867908834), (-71.35278270210422, 42.17186754158695))"
78,CAPE CHARLES,"POLYGON ((-76.00998204117002 37.26649945213441, -76.0075777486193 37.26801156727818, -75.99285324649287 37.26953640422055, -75.99489052856708 37.26870208704285, -76.00998204117002 37.26649945213441))","((-76.00998204117002, 37.26649945213441), (-75.99285324649287, 37.26953640422055))"
79,PHILLIPSBURG,"POLYGON ((-75.1784303527662 40.68015011977158, -75.17873912492998 40.6793252360852, -75.18703087397128 40.68126054821489, -75.18315810615299 40.68179326225574, -75.1784303527662 40.68015011977158))","((-75.1784303527662, 40.68015011977158), (-75.18703087397128, 40.68126054821489))"
80,FOREBAY,"POLYGON ((-116.980003654379 46.4214145939319, -116.9739161441695 46.42385563261166, -116.9430910945013 46.42646550229711, -116.9632840326236 46.42243709310883, -116.980003654379 46.4214145939319))","((-116.980003654379, 46.4214145939319), (-116.94309109450134, 46.426465502297106))"
81,LEWISTON,"POLYGON ((-116.999317727711 46.41678129973155, -116.9867789802883 46.42238885274963, -116.9795975660717 46.42198058070126, -116.9799216822445 46.42142727360056, -116.999317727711 46.41678129973155))","((-116.99931772771104, 46.416781299731554), (-116.97959756607173, 46.42198058070126))"
82,BROOKHAVEN RAIL TERMINAL,"POLYGON ((-72.94135891478889 40.82193611588076, -72.94168989879469 40.82303008269985, -72.93802404779035 40.82820501111397, -72.93743716136295 40.82336168732888, -72.94135891478889 40.82193611588076))","((-72.94135891478889, 40.82193611588076), (-72.93802404779035, 40.828205011113965))"
83,ELLIOT,"POLYGON ((-86.93364419783323 33.49423396367071, -86.93327412662778 33.49341660977161, -86.93903594891819 33.49157475407107, -86.93884147479872 33.4921794534182, -86.93364419783323 33.49423396367071))","((-86.93327412662778, 33.49341660977161), (-86.93903594891819, 33.49157475407107))"
84,ENSLEY,"POLYGON ((-86.91084290833527 33.50276456529304, -86.90987325051965 33.50793413851329, -86.90324870510767 33.51275993081144, -86.90318600392497 33.51212846003524, -86.91084290833527 33.50276456529304))","((-86.91084290833527, 33.50276456529304), (-86.90324870510767, 33.51275993081144))"
85,EXUM,"POLYGON ((-86.93854576702577 33.49133994253357, -86.93895697993129 33.49232692659591, -86.93011105630218 33.49927163129202, -86.93103970487554 33.49413081259303, -86.93854576702577 33.49133994253357))","((-86.93854576702577, 33.49133994253357), (-86.93011105630218, 33.49927163129202))"
86,FLINTRIDGE,"POLYGON ((-86.92667228413832 33.46323403252479, -86.92991869093962 33.46692840479083, -86.9297637489427 33.47152802135749, -86.92918352441093 33.47128532186602, -86.92667228413832 33.46323403252479))","((-86.92667228413832, 33.46323403252479), (-86.9297637489427, 33.471528021357486))"
87,BELPRE,"POLYGON ((-81.57410125758335 39.2777290070384, -81.57452607404466 39.27703201131138, -81.60076608239686 39.28055320730238, -81.57632646308288 39.28074635259387, -81.57410125758335 39.2777290070384))","((-81.57410125758335, 39.2777290070384), (-81.60076608239686, 39.280553207302376))"
88,PARKERSBURG HIGH,"POLYGON ((-81.54289234368576 39.2603556402181, -81.54319697676979 39.25951165821949, -81.55680832005602 39.26425280298702, -81.54972578615298 39.26290776858302, -81.54289234368576 39.2603556402181))","((-81.54289234368576, 39.2603556402181), (-81.55680832005602, 39.264252802987016))"
89,YSIDRO YARD,"POLYGON ((-117.0274864265564 32.54403803010042, -117.0281319850875 32.54341904628992, -117.0321908869693 32.54828352171481, -117.0302238867015 32.5472620139989, -117.0274864265564 32.54403803010042))","((-117.02748642655637, 32.544038030100424), (-117.03219088696927, 32.54828352171481))"
90,DAIMLER,"POLYGON ((-90.47299108876318 38.5461158039444, -90.47262225106857 38.54738997933996, -90.4630962108445 38.55137906506395, -90.46814820551887 38.54681502936948, -90.47299108876318 38.5461158039444))","((-90.47299108876318, 38.5461158039444), (-90.4630962108445, 38.551379065063955))"
91,OTTUMWA (BJRY),"POLYGON ((-92.39581575493713 41.00875598835919, -92.40366825934439 41.00821269813734, -92.40462108311922 41.01038530597732, -92.40411432542923 41.01076276191127, -92.39581575493713 41.00875598835919))","((-92.39581575493713, 41.00875598835919), (-92.40462108311922, 41.010385305977316))"
92,14TH ST COACH,"POLYGON ((-87.63914201356836 41.85980962121862, -87.64112586122597 41.86063337063081, -87.63765066957797 41.86881102450964, -87.63657374566215 41.86144383321383, -87.63914201356836 41.85980962121862))","((-87.63914201356836, 41.859809621218616), (-87.63765066957797, 41.86881102450964))"
93,17TH ST YARD,"POLYGON ((-92.11290472587001 46.70813718579635, -92.11431205050592 46.71817205209523, -92.11129234115553 46.72872641688087, -92.11118595922652 46.71671184030754, -92.11290472587001 46.70813718579635))","((-92.11290472587001, 46.70813718579635), (-92.11129234115553, 46.72872641688087))"
94,18TH STREET,"POLYGON ((-96.37517348219914 42.50767682796084, -96.3735082124979 42.51454691331841, -96.36605300000431 42.52544360253638, -96.3665733158298 42.52249432882856, -96.37517348219914 42.50767682796084))","((-96.37517348219914, 42.50767682796084), (-96.36605300000431, 42.525443602536384))"
95,19TH STREET,"POLYGON ((-94.60380621754076 39.08686864037418, -94.60241558683062 39.09140271347763, -94.5945626938129 39.1039852896817, -94.59773388498103 39.09516302838571, -94.60380621754076 39.08686864037418))","((-94.60380621754076, 39.08686864037418), (-94.5945626938129, 39.1039852896817))"
96,22ND STREET YARD,"POLYGON ((-117.154411618583 32.69607858940993, -117.1614646417153 32.70050763304247, -117.1601356824493 32.70716072716374, -117.1474886584926 32.69666292546513, -117.154411618583 32.69607858940993))","((-117.16013568244931, 32.70716072716374), (-117.14748865849259, 32.696662925465134))"
97,28TH ST YARD,"POLYGON ((-92.11210423573739 46.68243727889578, -92.11453871061033 46.68456067668236, -92.11380018542739 46.70953330434997, -92.11123608073812 46.70128835353079, -92.11210423573739 46.68243727889578))","((-92.11210423573739, 46.68243727889578), (-92.1138001854274, 46.709533304349975))"
98,31ST STREET,"POLYGON ((-104.9938709183083 39.76247600320922, -104.9897848619934 39.77191388838188, -104.9791108406618 39.7769163220585, -104.9791273328493 39.77627686082752, -104.9938709183083 39.76247600320922))","((-104.99387091830826, 39.76247600320922), (-104.9791108406618, 39.776916322058504))"
99,8TH STREET YARD,"POLYGON ((-95.91693400596797 41.24139502239521, -95.91931301146357 41.24471525413009, -95.9227772953422 41.2572077162081, -95.91867829383079 41.24922139164453, -95.91693400596797 41.24139502239521))","((-95.91693400596797, 41.24139502239521), (-95.9227772953422, 41.2572077162081))"
100,9TH ST YARD (BNSF),"POLYGON ((-97.32125084625865 32.74881002594243, -97.32269653937996 32.7505492027685, -97.32257581860323 32.75421516218983, -97.32201876508088 32.75389362541475, -97.32125084625865 32.74881002594243))","((-97.32125084625865, 32.748810025942426), (-97.32257581860323, 32.75421516218983))"
101,ABERDEEN,"POLYGON ((-98.53205372528292 45.45905585722785, -98.50224470923958 45.46595993510434, -98.4908709125326 45.46576914956285, -98.49124498654524 45.46525330836852, -98.53205372528292 45.45905585722785))","((-98.53205372528292, 45.459055857227845), (-98.4908709125326, 45.465769149562846))"
102,ABILENE (BNSF),"POLYGON ((-97.20376383840936 38.9124780044758, -97.20963348266348 38.913254139307, -97.19659049528509 38.9132359190564, -97.19699760763591 38.91274671214319, -97.20376383840936 38.9124780044758))","((-97.20963348266348, 38.913254139307), (-97.1965904952851, 38.913235919056405))"
103,ALASKA RAIL FERRY,"POLYGON ((-122.3530073835257 47.5840722152023, -122.3534986084057 47.58466997338428, -122.3513511183089 47.5881410406985, -122.3502430185485 47.58552382905559, -122.3530073835257 47.5840722152023))","((-122.35300738352572, 47.5840722152023), (-122.35135111830893, 47.5881410406985))"
104,ALBUQUERQUE-ABAJO,"POLYGON ((-106.6523898838975 35.05428056039301, -106.6522948172307 35.07107648434307, -106.6483383390436 35.08024669136606, -106.6478956923543 35.07755561606105, -106.6523898838975 35.05428056039301))","((-106.65238988389751, 35.05428056039301), (-106.64833833904363, 35.080246691366064))"
105,ALCOA YARD,"POLYGON ((-118.3380832612533 33.84815288885277, -118.3397423334211 33.84805716910473, -118.3532751454402 33.85893049504287, -118.3526460434262 33.85902475483599, -118.3380832612533 33.84815288885277))","((-118.33808326125327, 33.84815288885277), (-118.35327514544015, 33.85893049504287))"
106,ALLIANCE,"POLYGON ((-102.902596568593 42.06240785521881, -102.8830689758974 42.09417311282409, -102.8392811975492 42.09523547362213, -102.839473118693 42.09462363901541, -102.902596568593 42.06240785521881))","((-102.90259656859303, 42.06240785521881), (-102.8392811975492, 42.095235473622125))"
107,ALLIANCE,"POLYGON ((-97.35470291725844 32.9896011127419, -97.35619494122429 33.00187067630392, -97.35337893701589 33.01969944945212, -97.35062084984058 32.99062197783961, -97.35470291725844 32.9896011127419))","((-97.35470291725844, 32.9896011127419), (-97.35337893701589, 33.01969944945212))"
108,ALLIANCE,"POLYGON ((-97.35290806705467 32.98106026866106, -97.3552081490148 32.99015169428069, -97.35097652631278 32.9910593216724, -97.35057062132778 32.98942679919402, -97.35290806705467 32.98106026866106))","((-97.35290806705467, 32.98106026866106), (-97.35097652631278, 32.991059321672395))"
109,AMARILLO,"POLYGON ((-101.8053585446579 35.20887655871162, -101.825581383197 35.20897835069426, -101.8367452176626 35.21350215384336, -101.7773355374472 35.21834783258657, -101.8053585446579 35.20887655871162))","((-101.83674521766255, 35.213502153843365), (-101.77733553744717, 35.218347832586566))"
110,AMARILLO AUTO RAMP,"POLYGON ((-101.8586063793212 35.1190323425463, -101.8567451954252 35.13317598067549, -101.8337342641539 35.17791881055058, -101.8340164536032 35.1685013213686, -101.8586063793212 35.1190323425463))","((-101.85860637932117, 35.119032342546305), (-101.83373426415389, 35.17791881055058))"
111,AMORY,"POLYGON ((-88.47830056837574 33.97018167478915, -88.49537540834531 33.9816871222722, -88.50171226814496 33.99569755719641, -88.49574459962015 33.99154319071435, -88.47830056837574 33.97018167478915))","((-88.47830056837574, 33.97018167478915), (-88.50171226814496, 33.99569755719641))"
112,APPLE,"POLYGON ((-120.2688479858275 47.38482922684895, -120.2906827710871 47.39024779840791, -120.2981224592483 47.40885218061996, -120.2974849026625 47.40891253753136, -120.2688479858275 47.38482922684895))","((-120.26884798582749, 47.38482922684895), (-120.29812245924826, 47.40885218061996))"
113,APPLE YARD,"POLYGON ((-120.2688479858275 47.38482922684895, -120.2936894406731 47.3920235925379, -120.2981151738628 47.40886091062217, -120.2974849026625 47.40891253753136, -120.2688479858275 47.38482922684895))","((-120.26884798582749, 47.38482922684895), (-120.29811517386277, 47.408860910622174))"
114,ARDMORE,"POLYGON ((-97.12709818011366 34.16832439752534, -97.12526192167749 34.17342355199806, -97.11937869851468 34.17958497857348, -97.11927066549249 34.17895218415975, -97.12709818011366 34.16832439752534))","((-97.12709818011366, 34.16832439752534), (-97.11937869851468, 34.17958497857348))"
115,ARGENTINE,"POLYGON ((-94.73702207837701 39.07014601317599, -94.70058333350048 39.08930647164847, -94.64497781524862 39.07311159153759, -94.6454146354456 39.07266281477399, -94.73702207837701 39.07014601317599))","((-94.73702207837701, 39.07014601317599), (-94.64497781524862, 39.07311159153759))"
116,ARGENTINE YARD,"POLYGON ((-94.68309524900091 39.08264252907762, -94.68548348341405 39.08222427591058, -94.70413173280809 39.08750165101533, -94.68532682113597 39.08832295259022, -94.68309524900091 39.08264252907762))","((-94.68309524900091, 39.082642529077624), (-94.7041317328081, 39.08750165101533))"
117,ARGO,"POLYGON ((-122.3200842142917 47.55421566613475, -122.3207020780266 47.55356845643905, -122.3369316765829 47.56725992637986, -122.3362950620152 47.56734815344547, -122.3200842142917 47.55421566613475))","((-122.3200842142917, 47.55421566613475), (-122.33693167658285, 47.56725992637986))"
118,ARGO YARD,"POLYGON ((-122.3191062484632 47.55346178668856, -122.3196564453067 47.552757242944, -122.3253076120772 47.5576713485771, -122.3228311401774 47.55666758236103, -122.3191062484632 47.55346178668856))","((-122.31910624846323, 47.55346178668856), (-122.3253076120772, 47.5576713485771))"
119,ARKANSAS CITY,"POLYGON ((-97.03242193527976 37.04047944511867, -97.03330790231567 37.0705229302574, -97.02892674800496 37.09330887861051, -97.0285119382218 37.09282935833994, -97.03242193527976 37.04047944511867))","((-97.03242193527976, 37.04047944511867), (-97.02892674800496, 37.093308878610515))"
120,ARLINGTON,"POLYGON ((-122.1285009368567 48.1901209314311, -122.1292644522658 48.1905183041093, -122.1275220264624 48.19499836418007, -122.1273235890448 48.19238957191061, -122.1285009368567 48.1901209314311))","((-122.12850093685668, 48.1901209314311), (-122.12752202646237, 48.19499836418007))"
121,ARLINGTON YARD,"POLYGON ((-122.1285600084233 48.19006979022831, -122.1292273645916 48.19062988961107, -122.1272255658793 48.19318797364136, -122.1270980927883 48.19192090933672, -122.1285600084233 48.19006979022831))","((-122.12856000842328, 48.190069790228314), (-122.12722556587927, 48.19318797364136))"
122,ARMOREL #1,"POLYGON ((-89.8311450969948 35.92018312727802, -89.84003787871845 35.92031785886905, -89.84468806696815 35.92121577470476, -89.82647155825494 35.92101738065993, -89.8311450969948 35.92018312727802))","((-89.84468806696815, 35.921215774704756), (-89.82647155825494, 35.921017380659926))"
123,ARMOREL #2,"POLYGON ((-89.72467973619706 35.93851367389018, -89.72593869781988 35.94020338040295, -89.72529836646528 35.94420609143358, -89.72479231246511 35.94382667013807, -89.72467973619706 35.93851367389018))","((-89.72467973619706, 35.93851367389018), (-89.72529836646528, 35.94420609143358))"
124,AUBURN,"POLYGON ((-122.22998841883 47.27254964681597, -122.2308759010548 47.27262143710236, -122.2319205139397 47.30127299349508, -122.2294830146394 47.29624113548494, -122.22998841883 47.27254964681597))","((-122.22998841883002, 47.272549646815975), (-122.23192051393973, 47.301272993495076))"
125,AUBURN YARD,"POLYGON ((-122.2299788004369 47.2726680563857, -122.2308757812838 47.27261924946421, -122.2321697622676 47.30304025888162, -122.2314832262725 47.30167129077445, -122.2299788004369 47.2726680563857))","((-122.22997880043692, 47.272668056385704), (-122.23216976226763, 47.303040258881616))"
126,AVONDALE,"POLYGON ((-94.57966586891106 39.12136225200613, -94.56341693236881 39.13912235202906, -94.54855560671902 39.14676553289641, -94.56869926598077 39.12407390404911, -94.57966586891106 39.12136225200613))","((-94.57966586891106, 39.12136225200613), (-94.54855560671902, 39.14676553289641))"
127,AVONDALE (BNSF),"POLYGON ((-90.18431841331987 29.91502714407783, -90.2152894137007 29.91936312586655, -90.24629361098567 29.93351768181843, -90.17811767062169 29.91660278615765, -90.18431841331987 29.91502714407783))","((-90.24629361098567, 29.93351768181843), (-90.17811767062169, 29.91660278615765))"
128,AVONDALE INTRMDL,"POLYGON ((-90.19801680021689 29.91665099364817, -90.20291567255622 29.91666815290949, -90.2051724459491 29.91795797931441, -90.19834698741805 29.91730003678192, -90.19801680021689 29.91665099364817))","((-90.19801680021689, 29.91665099364817), (-90.2051724459491, 29.917957979314405))"
129,BADEN,"POLYGON ((-90.21687380366799 38.70373527900323, -90.22299824034313 38.70947028439441, -90.22063011640748 38.71946961760013, -90.22009927835749 38.71912197856253, -90.21687380366799 38.70373527900323))","((-90.216873803668, 38.703735279003226), (-90.22063011640748, 38.719469617600126))"
130,BAKERSFIELD YARD,"POLYGON ((-119.0337505742943 35.36857312311435, -119.0555150046772 35.37160378941784, -119.0114558432444 35.37141021331511, -119.0118521521196 35.3709186514856, -119.0337505742943 35.36857312311435))","((-119.05551500467719, 35.37160378941784), (-119.01145584324438, 35.37141021331511))"
131,BALMER,"POLYGON ((-122.3746439055465 47.63083538980734, -122.3815569608442 47.63518143449536, -122.3892409241818 47.6590769738823, -122.3765483347358 47.65465101243716, -122.3746439055465 47.63083538980734))","((-122.37464390554653, 47.630835389807345), (-122.38924092418179, 47.6590769738823))"
132,BALMER YARD,"POLYGON ((-122.3766860929894 47.6323139781493, -122.380767063637 47.63499326216418, -122.3892355515028 47.65907945614426, -122.380448783186 47.65128304742942, -122.3766860929894 47.6323139781493))","((-122.37668609298942, 47.6323139781493), (-122.38923555150278, 47.659079456144255))"
133,BARSTOW YARD,"POLYGON ((-117.0950350580571 34.88354901350476, -117.0934481048448 34.89819790365743, -117.028764901819 34.90495206813866, -116.9879773281375 34.88594492978567, -117.0950350580571 34.88354901350476))","((-117.09503505805705, 34.88354901350476), (-116.98797732813753, 34.885944929785666))"
134,BAY,"POLYGON ((-122.4304320180955 47.24111841635347, -122.422889831325 47.2442570824789, -122.407903816513 47.24237796877205, -122.4083313436501 47.24191230184703, -122.4304320180955 47.24111841635347))","((-122.43043201809549, 47.241118416353466), (-122.40790381651304, 47.24237796877205))"
135,BAYSIDE,"POLYGON ((-122.2169366005616 47.97959838474323, -122.2143235906347 48.00832690620481, -122.212169735978 48.01106958479159, -122.2130849310939 47.99144686150241, -122.2169366005616 47.97959838474323))","((-122.21693660056164, 47.979598384743234), (-122.21216973597798, 48.01106958479159))"
136,BAYSIDE YARD,"POLYGON ((-122.2169529602804 47.9795856331158, -122.2141576465794 48.00790803524173, -122.2121628431314 48.01106839457553, -122.2131978945345 47.99045283386634, -122.2169529602804 47.9795856331158))","((-122.21695296028042, 47.9795856331158), (-122.2121628431314, 48.01106839457553))"
137,BEARDSTOWN,"POLYGON ((-90.41706686775331 39.98800130010272, -90.41861251332608 39.99051340660859, -90.41829485778953 40.0055987297161, -90.4171215558756 40.00160526479265, -90.41706686775331 39.98800130010272))","((-90.4170668677533, 39.98800130010272), (-90.41829485778953, 40.0055987297161))"
138,BEAUMONT,"POLYGON ((-94.11200943299845 30.08876894918419, -94.11803343808138 30.09393620419149, -94.12145911126464 30.10138389124589, -94.11672396915989 30.09606654832368, -94.11200943299845 30.08876894918419))","((-94.11200943299845, 30.08876894918419), (-94.12145911126464, 30.10138389124589))"
139,BELEN,"POLYGON ((-106.7700043634786 34.6282711499676, -106.7738162264339 34.63205103666811, -106.7666414625364 34.66325658716919, -106.7639824706722 34.63034764505932, -106.7700043634786 34.6282711499676))","((-106.77000436347859, 34.6282711499676), (-106.76664146253643, 34.663256587169194))"
140,BELLINGHAM,"POLYGON ((-122.4862638182535 48.75391269518739, -122.486670906724 48.75311787889517, -122.506724933111 48.76154231532758, -122.4935635001914 48.7581329767708, -122.4862638182535 48.75391269518739))","((-122.48626381825352, 48.75391269518739), (-122.50672493311102, 48.76154231532758))"
141,BELLINGHAM YARD,"POLYGON ((-122.4854153721065 48.75343492757728, -122.4858282708803 48.75264186805266, -122.506722062071 48.76154964350241, -122.4925807557308 48.75778720506772, -122.4854153721065 48.75343492757728))","((-122.48541537210647, 48.75343492757728), (-122.50672206207099, 48.761549643502406))"
142,BIG LIFT AUTORAMP,"POLYGON ((-105.012450685524 39.49739012971393, -105.0172735058304 39.50428020512778, -105.016347806808 39.50767074657816, -105.0121628216461 39.50013735885399, -105.012450685524 39.49739012971393))","((-105.012450685524, 39.49739012971393), (-105.01634780680799, 39.50767074657816))"
143,BILLINGS,"POLYGON ((-108.5272267767891 45.76939712812654, -108.520018229297 45.7742886047356, -108.5057833361911 45.78025151908668, -108.5109250441986 45.77576945021135, -108.5272267767891 45.76939712812654))","((-108.52722677678913, 45.76939712812654), (-108.50578333619114, 45.780251519086676))"
144,BOISE CITY,"POLYGON ((-102.5167359776781 36.71611186087799, -102.5169986936777 36.7169704824685, -102.5077383162844 36.71963746800917, -102.5080111896318 36.71906684851925, -102.5167359776781 36.71611186087799))","((-102.51673597767808, 36.716111860877994), (-102.50773831628437, 36.71963746800917))"
145,BRAINERD,"POLYGON ((-94.19089569017265 46.35794179394101, -94.19089213839783 46.35704742600802, -94.20075599646479 46.35746298031466, -94.19932212352667 46.35803713487464, -94.19089569017265 46.35794179394101))","((-94.19089213839783, 46.357047426008016), (-94.20075599646479, 46.35746298031466))"
146,BRECKENRIDGE,"POLYGON ((-96.57349632607885 46.26207849737074, -96.59332217807896 46.26232766670824, -96.59376259646146 46.26278310708742, -96.56184042841787 46.26273450676826, -96.57349632607885 46.26207849737074))","((-96.59376259646146, 46.262783107087415), (-96.56184042841787, 46.26273450676826))"
147,BRICK,"POLYGON ((-108.4456112987613 45.80460430234942, -108.4460341717987 45.80539482252311, -108.4275240046261 45.8163409464097, -108.4266382080161 45.81326879090356, -108.4456112987613 45.80460430234942))","((-108.44561129876126, 45.80460430234942), (-108.42752400462605, 45.8163409464097))"
148,BROWNWOOD,"POLYGON ((-98.94630575592647 31.70013575528725, -98.94670512619312 31.69934282864347, -98.98926050341048 31.7136200512664, -98.97065403153393 31.71714645755396, -98.94630575592647 31.70013575528725))","((-98.94630575592647, 31.70013575528725), (-98.98926050341048, 31.713620051266396))"
149,BUENA VISTA,"POLYGON ((-91.42543780867497 40.38611499776096, -91.43689136334498 40.38664049279961, -91.4418578587581 40.38925306693814, -91.42931592984191 40.38734750666954, -91.42543780867497 40.38611499776096))","((-91.42543780867497, 40.386114997760956), (-91.4418578587581, 40.38925306693814))"
150,BURLINGTON,"POLYGON ((-91.09752986416427 40.79778819011478, -91.09935605432138 40.7985677721418, -91.10257195517066 40.80837826437835, -91.10003503838279 40.80692599695563, -91.09752986416427 40.79778819011478))","((-91.09752986416427, 40.79778819011478), (-91.10257195517066, 40.80837826437835))"
151,BURLINGTON,"POLYGON ((-122.3264222553052 48.46264183010136, -122.3274507126803 48.46287660096643, -122.3292391751409 48.47330885098763, -122.3278625454271 48.47025228935188, -122.3264222553052 48.46264183010136))","((-122.32642225530519, 48.46264183010136), (-122.32923917514093, 48.47330885098763))"
152,BURLINGTON,"POLYGON ((-117.3931620591248 47.65792816865819, -117.3927143392116 47.65902617780773, -117.3880661841741 47.65953071957826, -117.3883585961953 47.65897262532815, -117.3931620591248 47.65792816865819))","((-117.39316205912478, 47.65792816865819), (-117.3880661841741, 47.65953071957826))"
153,BURLINGTON YARD,"POLYGON ((-122.3264211841638 48.46263451384366, -122.3273056006285 48.46248037396681, -122.3282064658279 48.47013406300917, -122.3276820682503 48.46978695527591, -122.3264211841638 48.46263451384366))","((-122.32642118416379, 48.46263451384366), (-122.32820646582795, 48.47013406300917))"
154,BUTTE,"POLYGON ((-112.5337303066848 45.99697202978905, -112.5319602044786 45.99893561507132, -112.5221859176042 46.00261946430091, -112.5254288396307 45.99941154473715, -112.5337303066848 45.99697202978905))","((-112.53373030668484, 45.99697202978905), (-112.52218591760423, 46.00261946430091))"
155,CALWA YARD,"POLYGON ((-119.7498489596381 36.69324522786415, -119.7718828572766 36.7118941739832, -119.772730872815 36.72114302204988, -119.7510396724726 36.697549683665, -119.7498489596381 36.69324522786415))","((-119.74984895963813, 36.69324522786415), (-119.77273087281503, 36.72114302204988))"
156,CAPE GIRARDEAU,"POLYGON ((-89.53549404047871 37.27276240480782, -89.52427762968485 37.29191279638042, -89.51899720400995 37.29747250619133, -89.5195270570773 37.29545268858863, -89.53549404047871 37.27276240480782))","((-89.53549404047871, 37.27276240480782), (-89.51899720400995, 37.297472506191326))"
157,CAPE GIRARDEAU,"POLYGON ((-90.04090671937422 37.98135981453247, -90.04158557835606 37.98093555253131, -90.15402043345846 38.04905462607093, -90.06284795974636 38.00689579025903, -90.04090671937422 37.98135981453247))","((-90.04090671937422, 37.98135981453247), (-90.15402043345846, 38.04905462607093))"
158,CARLING,"POLYGON ((-96.73732277891362 40.80595725495881, -96.76972424282704 40.80602273321711, -96.78116932798262 40.80774526247678, -96.72121093081057 40.80768578444525, -96.73732277891362 40.80595725495881))","((-96.78116932798262, 40.80774526247678), (-96.72121093081057, 40.807685784445255))"
159,CASPER NATRONA OIL TERMINAL,"POLYGON ((-106.4333207752227 42.92604459580374, -106.4389959872563 42.9314623115899, -106.4456693852899 42.94798536588794, -106.4450559214287 42.94780592380253, -106.4333207752227 42.92604459580374))","((-106.43332077522274, 42.92604459580374), (-106.44566938528989, 42.947985365887945))"
160,CENTRALIA,"POLYGON ((-122.9516245349767 46.71911407355567, -122.9464154723558 46.73622680496474, -122.943586597778 46.73881574416414, -122.9433377114908 46.73822825929243, -122.9516245349767 46.71911407355567))","((-122.9516245349767, 46.71911407355567), (-122.94358659777801, 46.73881574416414))"
161,CENTRALIA (BNSF),"POLYGON ((-89.14201205652606 38.54847923352293, -89.142774594008 38.54817144128614, -89.14976184182593 38.55561223713813, -89.14321683530832 38.55148738733188, -89.14201205652606 38.54847923352293))","((-89.14201205652606, 38.548479233522926), (-89.14976184182593, 38.55561223713813))"
162,CENTRALIA (BNSF),"POLYGON ((-89.13403213665454 38.53486991622795, -89.14284768932706 38.54826449881163, -89.14265037408687 38.55029646931066, -89.13664852884686 38.54553358477851, -89.13403213665454 38.53486991622795))","((-89.13403213665454, 38.53486991622795), (-89.14265037408687, 38.55029646931066))"
163,CHEROKEE,"POLYGON ((-96.02023106857524 36.10675920319535, -96.02091469207207 36.10728658811581, -96.00861016923412 36.13712972137149, -96.00997096508763 36.11683442544928, -96.02023106857524 36.10675920319535))","((-96.02023106857524, 36.106759203195345), (-96.00861016923412, 36.13712972137149))"
164,CHEVRON TERMINAL,"POLYGON ((-122.3479772923986 47.57087400931543, -122.3581841101148 47.57601706338417, -122.3551179335783 47.58586985351228, -122.3492612659994 47.5839279819732, -122.3479772923986 47.57087400931543))","((-122.34797729239862, 47.57087400931543), (-122.35511793357827, 47.58586985351228))"
165,CHEYENNE (BNSF),"POLYGON ((-104.8356711209634 41.13606887122717, -104.8457565918793 41.14086545328954, -104.8520163373019 41.14527955750447, -104.8310856142081 41.13660282683857, -104.8356711209634 41.13606887122717))","((-104.8520163373019, 41.145279557504466), (-104.8310856142081, 41.13660282683857))"
166,CHILDRESS,"POLYGON ((-100.2104672185519 34.42279106119836, -100.2149374751285 34.42331274538947, -100.2409773993943 34.43377333324937, -100.2404028233361 34.43403681535632, -100.2104672185519 34.42279106119836))","((-100.21046721855188, 34.42279106119836), (-100.24097739939425, 34.43377333324937))"
167,CHOUTEAU,"POLYGON ((-90.25373886664576 38.62160192966997, -90.25398192397716 38.62244942888671, -90.24052266456813 38.6288177750978, -90.24531158966225 38.62437474691232, -90.25373886664576 38.62160192966997))","((-90.25373886664576, 38.62160192966997), (-90.24052266456813, 38.6288177750978))"
168,CICERO,"POLYGON ((-87.78039390539995 41.83571996551441, -87.76489601492221 41.84250554604219, -87.74437833081052 41.84442110012265, -87.76580835818704 41.83633266641968, -87.78039390539995 41.83571996551441))","((-87.78039390539995, 41.835719965514414), (-87.74437833081052, 41.84442110012265))"
169,CLEBURNE,"POLYGON ((-97.38021360612701 32.34537502250136, -97.38618749058108 32.36376547245372, -97.38749913108876 32.40435942795656, -97.3797881873675 32.35647145326019, -97.38021360612701 32.34537502250136))","((-97.38021360612701, 32.345375022501365), (-97.38749913108876, 32.40435942795656))"
170,CLOQUET,"POLYGON ((-92.43429946736069 46.72315781743794, -92.43451271887905 46.72230460142769, -92.45518844010982 46.72356497030551, -92.43847035037123 46.72419234772904, -92.43429946736069 46.72315781743794))","((-92.43429946736069, 46.723157817437944), (-92.45518844010982, 46.72356497030551))"
171,CLOVIS,"POLYGON ((-103.2034196420406 34.39161489392102, -103.2685702438182 34.40096109494828, -103.2689504534671 34.40147333435834, -103.1435784866747 34.39357470692602, -103.2034196420406 34.39161489392102))","((-103.26895045346706, 34.401473334358336), (-103.14357848667467, 34.393574706926024))"
172,COACH,"POLYGON ((-122.3312982086974 47.57165250466505, -122.3327980966416 47.58807041185349, -122.3293277264168 47.59698289509573, -122.329711243457 47.58541007728512, -122.3312982086974 47.57165250466505))","((-122.3312982086974, 47.571652504665046), (-122.3293277264168, 47.59698289509573))"
173,COACH YARD,"POLYGON ((-122.3312952544436 47.5716827789311, -122.3324317357311 47.58667203886485, -122.3303670710121 47.59334291782417, -122.3299502581726 47.5928664033701, -122.3312952544436 47.5716827789311))","((-122.3312952544436, 47.5716827789311), (-122.33036707101212, 47.59334291782417))"
174,COLSTRIP PPL MONTANA YARD,"POLYGON ((-106.5902536848713 45.87822480175443, -106.5908060398755 45.8775724070029, -106.6075454469043 45.8849406352082, -106.593797878904 45.88253183532931, -106.5902536848713 45.87822480175443))","((-106.59025368487133, 45.878224801754435), (-106.60754544690428, 45.8849406352082))"
175,COLUMBUS,"POLYGON ((-94.83761245570608 37.17342030423746, -94.83824039066462 37.17452104033234, -94.83238633743358 37.19218518373276, -94.83380246683738 37.18283231865833, -94.83761245570608 37.17342030423746))","((-94.83761245570608, 37.17342030423746), (-94.83238633743358, 37.19218518373276))"
176,COMMERCE YARD,"POLYGON ((-118.139811785209 33.99003037844178, -118.1523828761922 33.99254305130111, -118.1594805561885 33.99608257418983, -118.1447792833828 33.99496094376045, -118.139811785209 33.99003037844178))","((-118.139811785209, 33.99003037844178), (-118.15948055618851, 33.99608257418983))"
177,CONNELL,"POLYGON ((-118.8625072360734 46.6658607076151, -118.8638591750462 46.66704133421347, -118.8640512921643 46.67360693280926, -118.863511029646 46.6732732570503, -118.8625072360734 46.6658607076151))","((-118.86250723607344, 46.6658607076151), (-118.86405129216435, 46.67360693280926))"
178,CORONA YARD,"POLYGON ((-117.5435130512679 33.87863889813751, -117.545515689206 33.87786993587718, -117.5535308131011 33.87988081799938, -117.5530071523679 33.88028072810731, -117.5435130512679 33.87863889813751))","((-117.5435130512679, 33.87863889813751), (-117.55353081310112, 33.87988081799938))"
179,CORWITH,"POLYGON ((-87.71352557727356 41.80821608459636, -87.71914983157801 41.81461729075715, -87.71430959884499 41.82440232466581, -87.71239580086346 41.82106792351684, -87.71352557727356 41.80821608459636))","((-87.71352557727356, 41.80821608459636), (-87.71430959884499, 41.82440232466581))"
180,CRESTON,"POLYGON ((-94.35699390169204 41.05555223217151, -94.36724072737773 41.05638530997679, -94.33675697492519 41.05822842998329, -94.34012374869179 41.05718721099057, -94.35699390169204 41.05555223217151))","((-94.36724072737773, 41.05638530997679), (-94.3367569749252, 41.058228429983295))"
181,DAYTON'S BLUFF YARD,"POLYGON ((-93.03881120557884 44.93703970621517, -93.04779650111202 44.93900566720495, -93.05419448728486 44.94402327216076, -93.03786981176142 44.93801067710268, -93.03881120557884 44.93703970621517))","((-93.05419448728486, 44.944023272160756), (-93.03786981176142, 44.93801067710268))"
182,DELTA,"POLYGON ((-122.1818024329064 47.99436377211752, -122.1875542466465 48.00132769402591, -122.1886495302028 48.01284572066363, -122.1864429070418 48.00868059435453, -122.1818024329064 47.99436377211752))","((-122.18180243290637, 47.994363772117524), (-122.18864953020282, 48.01284572066363))"
183,DELTA YARD,"POLYGON ((-122.1818014411594 47.99436062388057, -122.1865620591586 48.00429357892126, -122.1886837586806 48.01283307686501, -122.1868295471742 48.00961023426352, -122.1818014411594 47.99436062388057))","((-122.18180144115937, 47.994360623880574), (-122.18868375868057, 48.012833076865014))"
184,DEVILS LAKE,"POLYGON ((-98.867668716792 48.11445782350393, -98.87576813572353 48.11668394177676, -98.89225985564929 48.12720421740418, -98.87775912288582 48.12048923121838, -98.867668716792 48.11445782350393))","((-98.867668716792, 48.11445782350393), (-98.89225985564929, 48.12720421740418))"
185,DICKINSON,"POLYGON ((-102.8081481526159 46.87609177098854, -102.8104833619638 46.87667860429492, -102.7774303805217 46.87763130447554, -102.7843506897191 46.87634883636284, -102.8081481526159 46.87609177098854))","((-102.81048336196383, 46.87667860429492), (-102.7774303805217, 46.877631304475536))"
186,DILWORTH,"POLYGON ((-96.71230716973147 46.87289125770664, -96.74274710791934 46.87433962579387, -96.65052624004987 46.87400841250974, -96.65097045545667 46.87354861070315, -96.71230716973147 46.87289125770664))","((-96.74274710791934, 46.874339625793866), (-96.65052624004987, 46.87400841250974))"
187,DODGE CITY,"POLYGON ((-100.005139419988 37.75017627335062, -100.0125994944974 37.75215312282403, -99.98889923067243 37.75076984901511, -99.98934436480523 37.75031722097052, -100.005139419988 37.75017627335062))","((-100.0125994944974, 37.75215312282403), (-99.98889923067243, 37.750769849015114))"
188,DOWNTOWN,"POLYGON ((-97.32102584894243 32.7462728163942, -97.32565593553987 32.75207911777962, -97.32726817998385 32.76046062022998, -97.32668384714115 32.76021461707119, -97.32102584894243 32.7462728163942))","((-97.32102584894243, 32.7462728163942), (-97.32726817998385, 32.760460620229985))"
189,DU POINT YARD,"POLYGON ((-121.7306732122869 38.00459147572653, -121.7309767241402 38.003751379244, -121.7508478758572 38.0090812518182, -121.7432602061535 38.00862146102905, -121.7306732122869 38.00459147572653))","((-121.73067321228694, 38.00459147572653), (-121.75084787585718, 38.0090812518182))"
190,EAST ALLIANCE,"POLYGON ((-102.7974602798692 42.09122102145419, -102.828216382915 42.09530050709265, -102.7598552939651 42.09655475638258, -102.7833334097842 42.0914339935012, -102.7974602798692 42.09122102145419))","((-102.82821638291502, 42.09530050709265), (-102.75985529396506, 42.09655475638258))"
191,EAST ENID,"POLYGON ((-97.84525697450853 36.41167719161978, -97.84541216183531 36.41080400868827, -97.86667958012821 36.4116027764162, -97.86251915496022 36.41266619680534, -97.84525697450853 36.41167719161978))","((-97.84525697450853, 36.41167719161978), (-97.8666795801282, 36.411602776416196))"
192,EAST ST JOHNS YARD,"POLYGON ((-122.7409927263891 45.5814699193066, -122.7412891883387 45.58249345336215, -122.7261746410601 45.59427430150095, -122.7262295222973 45.59363484408275, -122.7409927263891 45.5814699193066))","((-122.7409927263891, 45.5814699193066), (-122.72617464106011, 45.594274301500946))"
193,EAST THOMAS,"POLYGON ((-86.8499157586787 33.52638390271669, -86.84137829380879 33.53217920722349, -86.82212764903599 33.53931740540831, -86.83849237258106 33.52861982427712, -86.8499157586787 33.52638390271669))","((-86.8499157586787, 33.52638390271669), (-86.82212764903599, 33.53931740540831))"
194,EDGEMONT,"POLYGON ((-103.8261475721245 43.28774368895042, -103.8269375610154 43.28813433023188, -103.8218929422789 43.30508222431504, -103.8230306408508 43.29506365253021, -103.8261475721245 43.28774368895042))","((-103.82614757212453, 43.28774368895042), (-103.82189294227885, 43.30508222431504))"
195,EL PASO,"POLYGON ((-106.4880868888089 31.74745795149699, -106.5081604621538 31.76235529074325, -106.5151326602694 31.77270345879738, -106.4886892402309 31.75259351444712, -106.4880868888089 31.74745795149699))","((-106.48808688880887, 31.747457951496987), (-106.51513266026943, 31.772703458797384))"
196,EL PASO,"POLYGON ((-97.41221993640899 27.80851572594371, -97.41569016982479 27.80834741074758, -97.41972743358107 27.81032696334957, -97.41920809124208 27.81064300080979, -97.41221993640899 27.80851572594371))","((-97.41221993640899, 27.808515725943714), (-97.41972743358107, 27.810326963349574))"
197,EL SEGUNDO YARD,"POLYGON ((-118.3902526314369 33.90308757451088, -118.3912508865138 33.90577714439622, -118.383665515785 33.90951723037016, -118.3836876735169 33.90887696723823, -118.3902526314369 33.90308757451088))","((-118.3902526314369, 33.90308757451088), (-118.38366551578503, 33.90951723037016))"
198,ELEVATOR,"POLYGON ((-95.85028863268171 41.23083672245986, -95.85118131565045 41.23084026864518, -95.85086005906366 41.23947973132586, -95.85001160209126 41.23810555482218, -95.85028863268171 41.23083672245986))","((-95.85028863268171, 41.230836722459856), (-95.85086005906366, 41.239479731325865))"
199,ELLIOT,"POLYGON ((-122.7090548904037 48.87033837183642, -122.7102133113221 48.87258372747183, -122.7095536486707 48.87773782008936, -122.70885700327 48.87720309972869, -122.7090548904037 48.87033837183642))","((-122.70905489040366, 48.87033837183642), (-122.70955364867072, 48.87773782008936))"
200,ELLIOT BAY PARK,"POLYGON ((-122.3572402569869 47.6173987940162, -122.3649713449205 47.62134103187954, -122.3792390089825 47.63373132293662, -122.377244666986 47.6328305324251, -122.3572402569869 47.6173987940162))","((-122.35724025698694, 47.6173987940162), (-122.37923900898251, 47.63373132293662))"
201,ELLIOT YARD,"POLYGON ((-122.7090505672121 48.8704028525428, -122.7099462412235 48.87035203307548, -122.7095786036963 48.87773606089202, -122.7090877757026 48.87733522404148, -122.7090505672121 48.8704028525428))","((-122.70994624122348, 48.870352033075484), (-122.70957860369631, 48.87773606089202))"
202,ELLIOTT BAY PARK YARD,"POLYGON ((-122.3572398668667 47.61739849207726, -122.3577895045367 47.61668795645166, -122.3774805472863 47.63250544525967, -122.3768530513837 47.63258431684206, -122.3572398668667 47.61739849207726))","((-122.35778950453671, 47.61668795645166), (-122.37748054728634, 47.632505445259675))"
203,EMPIRE YARD,"POLYGON ((-120.9040306243651 37.64119763943108, -120.9051554993147 37.64156941408219, -120.9064279621308 37.64858739368325, -120.9058858034282 37.64831055471704, -120.9040306243651 37.64119763943108))","((-120.90403062436508, 37.641197639431084), (-120.90642796213082, 37.64858739368325))"
204,EMPORIA,"POLYGON ((-96.19501069785575 38.40021507820237, -96.2208067604854 38.40049175434005, -96.22166794631288 38.40149707895959, -96.19051787290431 38.40125904732329, -96.19501069785575 38.40021507820237))","((-96.22166794631288, 38.40149707895959), (-96.19051787290431, 38.40125904732329))"
205,EOLA,"POLYGON ((-88.26218733729851 41.7708395062301, -88.26236971753852 41.77344065761137, -88.23930914183192 41.77557913054724, -88.2471271094722 41.77308640885115, -88.26218733729851 41.7708395062301))","((-88.26218733729851, 41.770839506230104), (-88.23930914183192, 41.77557913054724))"
206,EOLA,"POLYGON ((-88.27529255415126 41.76974873285718, -88.27541018904103 41.77063554628373, -88.26182879416639 41.77312003893377, -88.26213790263017 41.77084951375538, -88.27529255415126 41.76974873285718))","((-88.27529255415126, 41.76974873285718), (-88.26182879416639, 41.77312003893377))"
207,ERIE STREET,"POLYGON ((-117.394872830359 47.65772976065765, -117.3949591143028 47.65861990204349, -117.3770126505487 47.6612995777401, -117.3813503299954 47.65984958025078, -117.394872830359 47.65772976065765))","((-117.39487283035896, 47.65772976065765), (-117.3770126505487, 47.6612995777401))"
208,ERIE STREET YARD,"POLYGON ((-117.3944669392764 47.65765310273531, -117.4037326132521 47.65876322622176, -117.3797263797293 47.66062843729386, -117.3800792056932 47.66010554770405, -117.3944669392764 47.65765310273531))","((-117.40373261325212, 47.65876322622176), (-117.37972637972935, 47.66062843729386))"
209,ESSEX,"POLYGON ((-113.6129471454631 48.27676237471787, -114.3501570197875 48.41359597793276, -114.3505172349606 48.41411600529505, -113.6111865689526 48.28464118635729, -113.6129471454631 48.27676237471787))","((-114.35051723496062, 48.41411600529505), (-113.61118656895259, 48.28464118635729))"
210,FALLS CITY,"POLYGON ((-95.58515544687452 40.04468909777078, -95.59122144987516 40.04540215312251, -95.6010322125091 40.04925716074251, -95.59311468640028 40.04840604500416, -95.58515544687452 40.04468909777078))","((-95.58515544687452, 40.04468909777078), (-95.6010322125091, 40.049257160742506))"
211,FINLEY,"POLYGON ((-119.0134796266255 46.1409043452627, -119.0140700571252 46.14023088634652, -119.0310516527198 46.15349703272471, -119.0279683387747 46.1521497374064, -119.0134796266255 46.1409043452627))","((-119.01347962662545, 46.140904345262705), (-119.03105165271977, 46.15349703272471))"
212,FINLEY YARD,"POLYGON ((-119.013531765042 46.14095005572872, -119.0140700571158 46.1402308863395, -119.0310490461957 46.15350055066506, -119.0304203170945 46.15359098729558, -119.013531765042 46.14095005572872))","((-119.01353176504199, 46.14095005572872), (-119.03104904619572, 46.153500550665065))"
213,FLYNN,"POLYGON ((-97.4837983176366 35.36766932730107, -97.48467318492862 35.37729821341766, -97.48280596561843 35.37767442522288, -97.48242248881395 35.37397986962947, -97.4837983176366 35.36766932730107))","((-97.4837983176366, 35.36766932730107), (-97.48280596561843, 35.37767442522288))"
214,FLYNN,"POLYGON ((-97.48240844896691 35.37722793430844, -97.48466720075695 35.37716743018857, -97.48430593348813 35.3857588998543, -97.4826400198844 35.38274653336167, -97.48240844896691 35.37722793430844))","((-97.48240844896691, 35.377227934308436), (-97.48430593348813, 35.385758899854295))"
215,FORD CLAYCOMO PLANT,"POLYGON ((-94.46355442770688 39.18636449349928, -94.47086609545926 39.18955465432283, -94.4751638955702 39.19948218152574, -94.47384072059907 39.19890471398475, -94.46355442770688 39.18636449349928))","((-94.46355442770688, 39.18636449349928), (-94.4751638955702, 39.19948218152574))"
216,FORSYTH,"POLYGON ((-106.7119665562084 46.25410247233003, -106.712136110491 46.25497859090453, -106.6771359474969 46.26556198022651, -106.696075403339 46.25697894991539, -106.7119665562084 46.25410247233003))","((-106.71196655620842, 46.25410247233003), (-106.67713594749694, 46.26556198022651))"
217,FORT MADISON,"POLYGON ((-91.34497203405326 40.62026533304613, -91.34451133481581 40.62419245590409, -91.3309685401518 40.62351037934373, -91.33132014713605 40.62297509563824, -91.34497203405326 40.62026533304613))","((-91.34497203405326, 40.620265333046135), (-91.3309685401518, 40.62351037934373))"
218,FREMONT BNSF,"POLYGON ((-96.49202019059756 41.42706871614136, -96.49449921954552 41.42665163737496, -96.50542363433004 41.43103668603249, -96.50485664798535 41.43132003467066, -96.49202019059756 41.42706871614136))","((-96.49202019059756, 41.42706871614136), (-96.50542363433004, 41.43103668603249))"
219,FT SCOTT,"POLYGON ((-94.69916140059802 37.8419976534001, -94.69885085423064 37.84408382925766, -94.69333740320781 37.84976665069755, -94.69462280332976 37.84726723211103, -94.69916140059802 37.8419976534001))","((-94.69916140059802, 37.8419976534001), (-94.6933374032078, 37.84976665069755))"
220,FT. HOOD,"POLYGON ((-97.87130581266022 31.12217881442661, -97.85580585559948 31.13797029518553, -97.83004395832054 31.12929231419288, -97.83041545583622 31.12877494812941, -97.87130581266022 31.12217881442661))","((-97.87130581266022, 31.12217881442661), (-97.83004395832054, 31.129292314192877))"
221,FULLERTON YARD,"POLYGON ((-117.94424948555 33.86767048220653, -117.9552106342096 33.87000864611976, -117.9274814192503 33.86858426315278, -117.9279152377796 33.86812266201897, -117.94424948555 33.86767048220653))","((-117.95521063420958, 33.87000864611976), (-117.92748141925031, 33.868584263152776))"
222,GAINESVILLE,"POLYGON ((-97.14042287079351 33.62626091967136, -97.14127704089194 33.62600703264312, -97.15736583468293 33.66355415804811, -97.14479797440359 33.64652407398785, -97.14042287079351 33.62626091967136))","((-97.14042287079351, 33.62626091967136), (-97.15736583468293, 33.66355415804811))"
223,GALESBURG,"POLYGON ((-90.39137241403576 40.89003502584232, -90.39739114549661 40.89518177298869, -90.36594570023156 40.94223888135852, -90.36621366881003 40.93763916510651, -90.39137241403576 40.89003502584232))","((-90.39137241403576, 40.890035025842316), (-90.36594570023156, 40.94223888135852))"
224,GALLUP,"POLYGON ((-108.8022270652823 35.51128435055535, -108.7545452084406 35.52749599325059, -108.7224269868722 35.53096961285607, -108.7932689259458 35.51241279502874, -108.8022270652823 35.51128435055535))","((-108.80222706528227, 35.51128435055535), (-108.72242698687222, 35.53096961285607))"
225,GALVESTON (BNSF),"POLYGON ((-94.85789943689781 29.29025700330243, -94.85488029776576 29.29222232781427, -94.82516043996198 29.29812073968375, -94.83592513820973 29.29484796294305, -94.85789943689781 29.29025700330243))","((-94.85789943689781, 29.290257003302425), (-94.82516043996198, 29.298120739683746))"
226,GARRETSON,"POLYGON ((-96.50645179363656 43.70887680896917, -96.50768730326475 43.71348699045237, -96.50107518019824 43.72085351449914, -96.50086443157105 43.72024959011137, -96.50645179363656 43.70887680896917))","((-96.50645179363656, 43.70887680896917), (-96.50107518019824, 43.72085351449914))"
227,GAVIN,"POLYGON ((-101.2314759615367 48.23465392304602, -101.1937055802456 48.23957066841604, -101.1380303021411 48.23830746856787, -101.1424429102391 48.23756050201457, -101.2314759615367 48.23465392304602))","((-101.23147596153667, 48.23465392304602), (-101.13803030214108, 48.238307468567875))"
228,GIBSON YARD,"POLYGON ((-95.92577863572537 41.19095855805687, -95.93303111215886 41.20758676897299, -95.92497950720785 41.24989019162249, -95.91348745296082 41.23145091966215, -95.92577863572537 41.19095855805687))","((-95.92577863572537, 41.19095855805687), (-95.92497950720785, 41.24989019162249))"
229,GILLETTE,"POLYGON ((-105.4973392049122 44.2943953101143, -105.4974819780312 44.29350938855048, -105.5150822999361 44.29597446140323, -105.5046698459882 44.29575583038706, -105.4973392049122 44.2943953101143))","((-105.4973392049122, 44.294395310114304), (-105.51508229993614, 44.295974461403226))"
230,GLEN PARK,"POLYGON ((-94.61899369149194 39.06439211694613, -94.61480551098025 39.07217938075346, -94.60690809716962 39.07468838738225, -94.60868089793355 39.07116808704695, -94.61899369149194 39.06439211694613))","((-94.61899369149194, 39.06439211694613), (-94.60690809716962, 39.074688387382245))"
231,GLEN PARK,"POLYGON ((-94.60702082077748 39.07278170046452, -94.607560522746 39.07474392482656, -94.6030509518103 39.07649656527701, -94.60323119226906 39.0756786770738, -94.60702082077748 39.07278170046452))","((-94.60702082077748, 39.072781700464525), (-94.6030509518103, 39.07649656527701))"
232,GLENDIVE,"POLYGON ((-104.7258817806606 47.08972349596828, -104.7265097870479 47.09036518037511, -104.6986124535201 47.11880177423368, -104.7096425863434 47.10467324355071, -104.7258817806606 47.08972349596828))","((-104.72588178066061, 47.08972349596828), (-104.69861245352007, 47.11880177423368))"
233,GOLD BAR,"POLYGON ((-121.6997197236114 47.85574766778752, -121.7013610341801 47.85547461297508, -121.7166914302491 47.86401136857141, -121.7160884384434 47.86420020943022, -121.6997197236114 47.85574766778752))","((-121.6997197236114, 47.85574766778752), (-121.71669143024906, 47.86401136857141))"
234,GRAND FORKS,"POLYGON ((-97.05596716451502 47.9161265867467, -97.06957066587323 47.91685366244396, -97.07815585623518 47.91856328921111, -97.0461185998447 47.91782843465564, -97.05596716451502 47.9161265867467))","((-97.07815585623518, 47.91856328921111), (-97.0461185998447, 47.91782843465564))"
235,GREAT FALLS,"POLYGON ((-111.3327285641276 47.493599950799, -111.3620016681874 47.51650337376723, -111.3620765865315 47.51712962992151, -111.3223485253685 47.50252266755443, -111.3327285641276 47.493599950799))","((-111.3620765865315, 47.51712962992151), (-111.32234852536845, 47.50252266755443))"
236,GREAT PLAINS SYNFUELS,"POLYGON ((-101.8268628203073 47.34903070064411, -101.8302083924778 47.349195855827, -101.8388316236251 47.35478641065907, -101.8370748632541 47.35448993361804, -101.8268628203073 47.34903070064411))","((-101.82686282030734, 47.349030700644114), (-101.83883162362514, 47.35478641065907))"
237,GREYBULL,"POLYGON ((-108.0551074833884 44.47998178809205, -108.0559858703974 44.47979972330094, -108.0620532598048 44.50531257612197, -108.0578911423317 44.49746422442125, -108.0551074833884 44.47998178809205))","((-108.05510748338843, 44.479981788092054), (-108.06205325980477, 44.50531257612197))"
238,GUERNSEY,"POLYGON ((-104.6801448737344 42.25709025712656, -104.7182460231351 42.25990393624263, -104.7512232879571 42.27694497502336, -104.6829731602146 42.25856637424073, -104.6801448737344 42.25709025712656))","((-104.68014487373436, 42.257090257126556), (-104.75122328795709, 42.27694497502336))"
239,HARVARD,"POLYGON ((-90.19949185110218 35.2205371992573, -90.20709149741316 35.23331015956049, -90.2115392569994 35.24852977699825, -90.20573350578977 35.2387537072563, -90.19949185110218 35.2205371992573))","((-90.19949185110218, 35.2205371992573), (-90.2115392569994, 35.248529776998254))"
240,HASTINGS,"POLYGON ((-98.42214549291862 40.58188533591155, -98.40752239038331 40.58402908113586, -98.38868264627584 40.58377918155747, -98.38910915517651 40.58329837503053, -98.42214549291862 40.58188533591155))","((-98.42214549291862, 40.58188533591155), (-98.38868264627584, 40.583779181557475))"
241,HAUSER,"POLYGON ((-116.9798875676055 47.76301909427882, -116.9747425890928 47.76712004342505, -116.9161091372077 47.80062296799921, -116.9405901773199 47.78333367747185, -116.9798875676055 47.76301909427882))","((-116.97988756760552, 47.76301909427882), (-116.91610913720767, 47.80062296799921))"
242,HAVRE,"POLYGON ((-109.6631640792888 48.55238739554625, -109.6972229691162 48.5562617411704, -109.7078378356548 48.55968499963168, -109.6205371962537 48.56693185182603, -109.6631640792888 48.55238739554625))","((-109.70783783565481, 48.55968499963168), (-109.62053719625366, 48.56693185182603))"
243,HELENA,"POLYGON ((-111.951995382904 46.59234561586462, -111.9521531463641 46.59146217861199, -112.0255149957032 46.60194837303555, -112.0147142105187 46.60103497513086, -111.951995382904 46.59234561586462))","((-111.951995382904, 46.59234561586462), (-112.02551499570318, 46.60194837303555))"
244,HOBART YARD,"POLYGON ((-118.1616078072099 33.9972807779091, -118.1647466904519 33.99735979422, -118.2042718497139 34.01141899568485, -118.1977120289731 34.01187965855525, -118.1616078072099 33.9972807779091))","((-118.16160780720989, 33.9972807779091), (-118.20427184971393, 34.01141899568485))"
245,HOLDEGE,"POLYGON ((-99.39474112304474 40.42990116618736, -99.39494089997234 40.43077694738432, -99.36280691186865 40.43757164025845, -99.36587847065353 40.43626733202476, -99.39474112304474 40.42990116618736))","((-99.39494089997234, 40.43077694738432), (-99.36280691186865, 40.43757164025845))"
246,HONDA TERMINAL YARD,"POLYGON ((-117.1165514066828 32.64884817510399, -117.1180265694294 32.65504630463687, -117.1177162364124 32.65818467249782, -117.1158965043161 32.64940993429038, -117.1165514066828 32.64884817510399))","((-117.11655140668283, 32.648848175103986), (-117.11771623641238, 32.65818467249782))"
247,HUTCHINSON,"POLYGON ((-97.8488069664794 38.04617997192981, -97.84896815383179 38.04529785391217, -97.9018685082667 38.05225188674837, -97.87726140663892 38.05089484448974, -97.8488069664794 38.04617997192981))","((-97.8488069664794, 38.04617997192981), (-97.9018685082667, 38.05225188674837))"
248,IOWA TRANSFER YARD,"POLYGON ((-93.57400962206663 41.579034186892, -93.58870080869031 41.58457718797599, -93.59158436621365 41.58728885224838, -93.57806505007365 41.58646207907714, -93.57400962206663 41.579034186892))","((-93.57400962206663, 41.579034186891995), (-93.59158436621365, 41.587288852248385))"
249,IRVING,"POLYGON ((-96.94103895713768 32.8296123174219, -96.9416304203617 32.830751258931, -96.93698411665228 32.84182005189798, -96.93671582336813 32.84124950272493, -96.94103895713768 32.8296123174219))","((-96.94103895713768, 32.829612317421905), (-96.93698411665228, 32.84182005189798))"
250,JAMESTOWN,"POLYGON ((-98.7442151776339 46.90674240998095, -98.73585315918814 46.90940856446637, -98.71268566787376 46.90905744451805, -98.7181751686873 46.90817922352291, -98.7442151776339 46.90674240998095))","((-98.7442151776339, 46.90674240998095), (-98.71268566787376, 46.90905744451805))"
251,JOLIET,"POLYGON ((-88.08179102044936 41.53978938443783, -88.08244413678851 41.54128991973171, -88.07672345573864 41.55473426610813, -88.07714813368645 41.54976329565729, -88.08179102044936 41.53978938443783))","((-88.08179102044936, 41.53978938443783), (-88.07672345573864, 41.554734266108134))"
252,KELLEY POINT AUTO YARD,"POLYGON ((-122.7333645646639 45.62690136722374, -122.7362920128915 45.62662043333214, -122.7400159548204 45.629996201384, -122.7394292488759 45.63022726515178, -122.7333645646639 45.62690136722374))","((-122.73336456466393, 45.626901367223745), (-122.74001595482045, 45.629996201384))"
253,KELLEY POINT YARD,"POLYGON ((-122.7387480914829 45.62991793167743, -122.746243068838 45.63075595134369, -122.7552902373604 45.63600894853337, -122.7495761335487 45.63656697064718, -122.7387480914829 45.62991793167743))","((-122.7387480914829, 45.62991793167743), (-122.75529023736043, 45.63600894853337))"
254,KEOKUK,"POLYGON ((-91.40033112445498 40.38608883742307, -91.40419653005875 40.38669509481964, -91.37839339762665 40.39197792345912, -91.38262001955412 40.38931006284596, -91.40033112445498 40.38608883742307))","((-91.40419653005875, 40.386695094819636), (-91.37839339762665, 40.39197792345912))"
255,KIRBYVILLE,"POLYGON ((-93.88988735686434 30.65657882590151, -93.89077665795199 30.6566359359518, -93.89011852145086 30.66331722358998, -93.88956468135261 30.6622584425366, -93.88988735686434 30.65657882590151))","((-93.88988735686434, 30.656578825901505), (-93.89011852145086, 30.66331722358998))"
256,KNOWD,"POLYGON ((-97.32296450924345 31.0540487552305, -97.32692755076548 31.05989582783272, -97.33499264197347 31.0812808255129, -97.3325947203824 31.07784710131239, -97.32296450924345 31.0540487552305))","((-97.32296450924345, 31.0540487552305), (-97.33499264197347, 31.0812808255129))"
257,LA CROSSE YARD,"POLYGON ((-91.24319649066854 43.8356630161876, -91.24094220246577 43.83875249522664, -91.22972127170478 43.84512826058497, -91.22999688371165 43.84436693033247, -91.24319649066854 43.8356630161876))","((-91.24319649066854, 43.835663016187596), (-91.22972127170478, 43.84512826058497))"
258,LA HUERTA,"POLYGON ((-104.1949310824734 32.43916177619899, -104.2135577219004 32.4394889493708, -104.2176737488383 32.44030857508182, -104.1922013104549 32.44039303475112, -104.1949310824734 32.43916177619899))","((-104.21767374883827, 32.44030857508182), (-104.19220131045486, 32.44039303475112))"
259,LA JUNTA,"POLYGON ((-103.556453579142 37.98808115582536, -103.5678857861951 37.99111064058197, -103.532772107617 37.98869642502932, -103.533218118024 37.98824260632655, -103.556453579142 37.98808115582536))","((-103.56788578619515, 37.991110640581965), (-103.532772107617, 37.988696425029325))"
260,LA MIRADA YARD,"POLYGON ((-118.0023810761103 33.88250305361531, -118.0191520452189 33.89089386295764, -118.0251190748318 33.89529805999108, -118.015129563214 33.89025390397187, -118.0023810761103 33.88250305361531))","((-118.00238107611032, 33.88250305361531), (-118.0251190748318, 33.895298059991084))"
261,LA MIRADA YARD,"POLYGON ((-118.0017722464808 33.88168613323532, -118.0031352714494 33.88227531243901, -118.003089772422 33.88309238879351, -118.0013645037556 33.88245466975798, -118.0017722464808 33.88168613323532))","((-118.00177224648084, 33.88168613323532), (-118.003089772422, 33.88309238879351))"
262,LAFAYETTE,"POLYGON ((-92.05227478983325 30.23342915972636, -92.09258226489264 30.23457103486722, -92.09301868578953 30.23502278439197, -92.02056455605212 30.23465678444274, -92.05227478983325 30.23342915972636))","((-92.09301868578953, 30.23502278439197), (-92.02056455605212, 30.234656784442738))"
263,LAKE YARD,"POLYGON ((-122.6951203628877 45.54143901779469, -122.7220207462309 45.55027867582079, -122.7328331565719 45.55687486208243, -122.7106976996715 45.55071046472556, -122.6951203628877 45.54143901779469))","((-122.6951203628877, 45.541439017794694), (-122.7328331565719, 45.55687486208243))"
264,LAUREL,"POLYGON ((-108.7706366087758 45.66821228807012, -108.770754822351 45.66909692465146, -108.7030660535969 45.68554251626532, -108.7524007435537 45.66870608564278, -108.7706366087758 45.66821228807012))","((-108.77063660877585, 45.668212288070116), (-108.70306605359691, 45.68554251626532))"
265,LAWRENCE,"POLYGON ((-95.20404329509327 38.95839823508682, -95.22516196966093 38.96163711930346, -95.23232875088711 38.97265101301755, -95.21021756237822 38.96264984257278, -95.20404329509327 38.95839823508682))","((-95.20404329509327, 38.95839823508682), (-95.2323287508871, 38.972651013017554))"
266,LETOURNEAU EAST,"POLYGON ((-94.67747393126169 32.43683096850835, -94.67836107858248 32.43831543958433, -94.67795630686406 32.44509120204258, -94.67688535105039 32.44074940810388, -94.67747393126169 32.43683096850835))","((-94.67747393126169, 32.43683096850835), (-94.67795630686406, 32.445091202042576))"
267,LETOURNEAU NORTH,"POLYGON ((-94.67832634904836 32.44553564964956, -94.68089590138133 32.44725137777261, -94.68373319055458 32.45214804867874, -94.68144044089784 32.4504890914455, -94.67832634904836 32.44553564964956))","((-94.67832634904836, 32.44553564964956), (-94.68373319055458, 32.452148048678744))"
268,LETOURNEAU SOUTH,"POLYGON ((-94.68547692693417 32.4347462689087, -94.68993484476781 32.43475969819817, -94.69282739677122 32.43561945802595, -94.6823904152634 32.43562518161101, -94.68547692693417 32.4347462689087))","((-94.69282739677122, 32.43561945802595), (-94.6823904152634, 32.43562518161101))"
269,LETOURNEAU SOUTHEAST,"POLYGON ((-94.66670001904799 32.43203269350261, -94.67246679163945 32.43271012731351, -94.67638376693213 32.43533910525119, -94.66330527334806 32.43305292296363, -94.66670001904799 32.43203269350261))","((-94.67638376693213, 32.43533910525119), (-94.66330527334806, 32.433052922963626))"
270,LINCOLN (UP),"POLYGON ((-96.72019623330856 40.80722328951583, -96.71430212282309 40.81931061256162, -96.70974028274735 40.82174918608506, -96.71371333019989 40.81131058950305, -96.72019623330856 40.80722328951583))","((-96.72019623330856, 40.807223289515825), (-96.70974028274735, 40.82174918608506))"
271,LINDENWOOD,"POLYGON ((-90.3167561036026 38.59924972876897, -90.29090150384519 38.62090584616833, -90.25692281883727 38.62184583291576, -90.25718689381961 38.62126475275847, -90.3167561036026 38.59924972876897))","((-90.3167561036026, 38.599249728768974), (-90.25692281883727, 38.62184583291576))"
272,LIVINGSTON,"POLYGON ((-110.5633160667865 45.66151908273478, -110.5590969771083 45.66797785100285, -110.5407464619792 45.67400010814504, -110.5409276706004 45.67338435503126, -110.5633160667865 45.66151908273478))","((-110.56331606678648, 45.661519082734785), (-110.54074646197917, 45.674000108145044))"
273,LOGISTICS PARK CHICAGO,"POLYGON ((-88.16019763107698 41.37790684869483, -88.16675592528192 41.4074004329103, -88.16640072161785 41.40793378579058, -88.15074542121921 41.40208717584355, -88.16019763107698 41.37790684869483))","((-88.16019763107698, 41.377906848694835), (-88.16640072161785, 41.40793378579058))"
274,LOGISTICS PARK KS CITY,"POLYGON ((-94.97291950184533 38.78295228564654, -94.96975042306788 38.78859187919699, -94.9464192109244 38.79808762318942, -94.9483648203605 38.79572199574027, -94.97291950184533 38.78295228564654))","((-94.97291950184533, 38.782952285646545), (-94.9464192109244, 38.798087623189424))"
275,LONG VIEW JCT YARD,"POLYGON ((-122.8690036760136 46.08445607934054, -122.8879460749936 46.1038404713758, -122.8893740465437 46.10670598117184, -122.8765318113209 46.09684109816754, -122.8690036760136 46.08445607934054))","((-122.86900367601359, 46.08445607934054), (-122.88937404654371, 46.10670598117184))"
276,LONGMONT,"POLYGON ((-105.0758569644039 40.15505448654406, -105.0956465887468 40.16149371081337, -105.0968857537793 40.16333382477333, -105.0962938158819 40.16358625681746, -105.0758569644039 40.15505448654406))","((-105.07585696440388, 40.15505448654406), (-105.09688575377932, 40.16333382477333))"
277,LONGVIEW (BNSF),"POLYGON ((-94.71505152997368 32.49256769736511, -94.71545985892087 32.49190474158571, -94.72881095281399 32.49275156862198, -94.71769928622898 32.49700994310464, -94.71505152997368 32.49256769736511))","((-94.71505152997368, 32.49256769736511), (-94.72881095281399, 32.49275156862198))"
278,LONGVIEW (BNSF),"POLYGON ((-122.9064727331545 46.11144298355151, -122.9109783760647 46.1123839075841, -122.9238304600584 46.12054107442662, -122.9221236697276 46.12020338029965, -122.9064727331545 46.11144298355151))","((-122.90647273315446, 46.11144298355151), (-122.92383046005844, 46.12054107442662))"
279,LONGVIEW JCT,"POLYGON ((-122.8694988014588 46.08551791076857, -122.8701841459316 46.08497392530987, -122.8925119448485 46.10330512662193, -122.8793014018782 46.09916433102689, -122.8694988014588 46.08551791076857))","((-122.8694988014588, 46.085517910768566), (-122.8925119448485, 46.103305126621926))"
280,LOWER LUBBOCK,"POLYGON ((-101.8017587372481 33.54788075741336, -101.8024012006836 33.54725294738868, -101.8320595683978 33.57785704288779, -101.8244858133433 33.57152771088789, -101.8017587372481 33.54788075741336))","((-101.80175873724808, 33.54788075741336), (-101.83205956839784, 33.577857042887786))"
281,LUBBOCK,"POLYGON ((-101.83664273756 33.582979932316, -101.8372531116712 33.5823225120569, -101.8532507967724 33.59626723000213, -101.846141796588 33.5925311716261, -101.83664273756 33.582979932316))","((-101.83664273755998, 33.582979932316), (-101.85325079677241, 33.596267230002134))"
282,LUBBOCK (BNSF),"POLYGON ((-101.8362390712125 33.58272006699151, -101.836919317083 33.58215631085526, -101.8530362178571 33.59623052509327, -101.8426291200016 33.58967095154173, -101.8362390712125 33.58272006699151))","((-101.83623907121252, 33.582720066991506), (-101.8530362178571, 33.59623052509327))"
283,LUBBOCK CONTAINER,"POLYGON ((-101.829536116033 33.57590983582367, -101.8317159003906 33.57674762439624, -101.8445955158904 33.59043200384855, -101.8343493402429 33.58195390687312, -101.829536116033 33.57590983582367))","((-101.82953611603304, 33.57590983582367), (-101.84459551589036, 33.59043200384855))"
284,LUDINGTON,"POLYGON ((-104.0885359649513 47.79106917370989, -104.0891439743618 47.79192663975704, -104.0796602733838 47.80145594935789, -104.0833282434257 47.79609352632148, -104.0885359649513 47.79106917370989))","((-104.08853596495135, 47.79106917370989), (-104.07966027338378, 47.801455949357894))"
285,LUTHER,"POLYGON ((-90.22112762853293 38.69798945567388, -90.22292013122622 38.69895691624488, -90.21755352468575 38.70032872364476, -90.21768079832282 38.69970562172544, -90.22112762853293 38.69798945567388))","((-90.22292013122622, 38.69895691624488), (-90.21755352468575, 38.70032872364476))"
286,MADILL,"POLYGON ((-96.75787291369409 34.07544194309912, -96.75869735817594 34.07508576300626, -96.76946085458819 34.09965501435953, -96.7660715246755 34.09538984778476, -96.75787291369409 34.07544194309912))","((-96.75787291369409, 34.07544194309912), (-96.76946085458819, 34.099655014359534))"
287,MALABAR YARD,"POLYGON ((-118.2275914901392 33.99636371127879, -118.2284786577231 33.99641604304919, -118.2279945445537 34.00414452680883, -118.2272643227486 34.00204584299468, -118.2275914901392 33.99636371127879))","((-118.22759149013918, 33.99636371127879), (-118.22799454455374, 34.00414452680883))"
288,MANDAN,"POLYGON ((-100.8956669559455 46.82251555763055, -100.9108943711908 46.82300233855281, -100.8643124612545 46.82663582366331, -100.8647039029136 46.82613809977859, -100.8956669559455 46.82251555763055))","((-100.91089437119085, 46.82300233855281), (-100.8643124612545, 46.82663582366331))"
289,MARCELINE,"POLYGON ((-92.96508713305393 39.6978650719645, -92.96147417589948 39.70246763764415, -92.95838209395818 39.70224314770995, -92.96051415284676 39.70013744199009, -92.96508713305393 39.6978650719645))","((-92.96508713305393, 39.6978650719645), (-92.95838209395818, 39.70224314770995))"
290,MARCELINE,"POLYGON ((-92.95844744366973 39.7016933571819, -92.96168158973138 39.70213944461489, -92.94995786293892 39.71308098882443, -92.95176948772746 39.709360324932, -92.95844744366973 39.7016933571819))","((-92.96168158973138, 39.70213944461489), (-92.94995786293892, 39.71308098882443))"
291,MARSHALL (BNSF),"POLYGON ((-117.4958107753692 47.55742456261028, -117.4966556196197 47.55771827008584, -117.4947022350662 47.56203769117413, -117.4943693668434 47.5614994312317, -117.4958107753692 47.55742456261028))","((-117.49581077536918, 47.55742456261028), (-117.49470223506621, 47.56203769117413))"
292,MCCOOK,"POLYGON ((-100.6062185255709 40.19598806449959, -100.6265719677403 40.19637303566493, -100.6317213088109 40.19749360146318, -100.6023458196565 40.19661692054378, -100.6062185255709 40.19598806449959))","((-100.63172130881094, 40.19749360146318), (-100.60234581965655, 40.19661692054378))"
293,MEMPHIS INTERMODAL,"POLYGON ((-89.89096114739668 35.02138407577856, -89.894173982053 35.02204243695928, -89.91477969614104 35.04006873204764, -89.91415238265658 35.04013038295166, -89.89096114739668 35.02138407577856))","((-89.89096114739668, 35.021384075778556), (-89.91477969614104, 35.040068732047644))"
294,MERRILL,"POLYGON ((-96.24765164358745 42.72341710244911, -96.24863131081351 42.72831376913024, -96.24601274372174 42.74325206239499, -96.24560554637316 42.74275738950271, -96.24765164358745 42.72341710244911))","((-96.24765164358745, 42.72341710244911), (-96.24601274372174, 42.74325206239499))"
295,MIDWAY YARD,"POLYGON ((-93.18453210014032 44.95958834201956, -93.18521830635875 44.95954120829901, -93.19809213552253 44.97353528665119, -93.18552305602115 44.97106923502755, -93.18453210014032 44.95958834201956))","((-93.18453210014032, 44.95958834201956), (-93.19809213552253, 44.97353528665119))"
296,MIDWEST RAILCAR,"POLYGON ((-96.57342794887005 43.6164476091049, -96.58147784664285 43.61653549051333, -96.58221482971922 43.61755836363036, -96.57194130532686 43.62516283064698, -96.57342794887005 43.6164476091049))","((-96.58147784664285, 43.61653549051333), (-96.57194130532686, 43.62516283064698))"
297,MILES CITY,"POLYGON ((-105.8340527889959 46.41365230004126, -105.8387880150437 46.41626882295881, -105.8059500432963 46.43727747471814, -105.8060140417305 46.4366478331907, -105.8340527889959 46.41365230004126))","((-105.83878801504375, 46.41626882295881), (-105.80595004329626, 46.437277474718144))"
298,MINOT,"POLYGON ((-101.2488038423385 48.23539859982668, -101.2489701000306 48.23451684989911, -101.2865252012303 48.24019762210278, -101.2685240312144 48.23977990458236, -101.2488038423385 48.23539859982668))","((-101.24880384233852, 48.23539859982668), (-101.28652520123035, 48.24019762210278))"
299,MISSOULA,"POLYGON ((-113.9870043406577 46.87372878727944, -114.0069429228681 46.88225779184719, -114.0416049180927 46.90086951001658, -114.011992323972 46.88733843863866, -113.9870043406577 46.87372878727944))","((-113.9870043406577, 46.87372878727944), (-114.04160491809266, 46.90086951001658))"
300,MITCHELL,"POLYGON ((-98.01997485757381 43.70725249065163, -98.02407153821044 43.70647766366773, -98.03159380735181 43.70874464018695, -98.03108421641504 43.70911380394204, -98.01997485757381 43.70725249065163))","((-98.01997485757381, 43.70725249065163), (-98.03159380735181, 43.70874464018695))"
301,MOBEST YARD,"POLYGON ((-112.099845319786 33.45244012305263, -112.1016720993768 33.45858904052484, -112.1010806320732 33.46609008447708, -112.1002522537759 33.46510814411688, -112.099845319786 33.45244012305263))","((-112.09984531978596, 33.452440123052625), (-112.10108063207323, 33.46609008447708))"
302,MONETT,"POLYGON ((-93.93253503160894 36.91714875531696, -93.90198063871937 36.92675751435008, -93.89876067397641 36.92662640119474, -93.91541208608315 36.92053059228634, -93.93253503160894 36.91714875531696))","((-93.93253503160894, 36.91714875531696), (-93.89876067397641, 36.92662640119474))"
303,MORMON YARD,"POLYGON ((-121.2403442903174 37.94655351349337, -121.2405503293213 37.94569282684281, -121.2697168110309 37.94796390554845, -121.2544518414792 37.95163920849061, -121.2403442903174 37.94655351349337))","((-121.24034429031738, 37.94655351349337), (-121.26971681103093, 37.94796390554845))"
304,MURRAY,"POLYGON ((-94.58917841607362 39.11850633540914, -94.58978973037139 39.11879134644377, -94.60184995895753 39.16155002985838, -94.58443482577368 39.15215129701764, -94.58917841607362 39.11850633540914))","((-94.58917841607362, 39.118506335409144), (-94.60184995895753, 39.161550029858375))"
305,NEEDLES YARD,"POLYGON ((-114.5919027524437 34.83191466458628, -114.5924510733366 34.83120425651019, -114.6062185130745 34.84143511080683, -114.6007929295652 34.83907407859302, -114.5919027524437 34.83191466458628))","((-114.59190275244369, 34.83191466458628), (-114.60621851307451, 34.84143511080683))"
306,NERSKA JCT,"POLYGON ((-87.73760863636333 41.81947934722872, -87.73781152575903 41.82035163334551, -87.71943240206143 41.82571150663956, -87.72401056408714 41.82307088442451, -87.73760863636333 41.81947934722872))","((-87.73760863636333, 41.81947934722872), (-87.71943240206143, 41.82571150663956))"
307,NEW SOUTH,"POLYGON ((-95.32634415002921 29.69568036056412, -95.32716995703235 29.69533840133293, -95.32778525071527 29.69854311871295, -95.32717771398499 29.698370737583, -95.32634415002921 29.69568036056412))","((-95.32716995703235, 29.695338401332933), (-95.32778525071527, 29.698543118712948))"
308,NEWTON,"POLYGON ((-97.37593707222572 38.01962677221012, -97.38387236219104 38.02329477052393, -97.34800902479608 38.04481032309717, -97.35578096407993 38.03509745383331, -97.37593707222572 38.01962677221012))","((-97.38387236219104, 38.023294770523925), (-97.34800902479608, 38.04481032309717))"
309,NORTH,"POLYGON ((-104.9964608438095 39.7910300000164, -104.9973433557051 39.79091191931517, -104.9983797310587 39.79950994635812, -104.9964920140965 39.79706954292568, -104.9964608438095 39.7910300000164))","((-104.99646084380952, 39.7910300000164), (-104.9983797310587, 39.79950994635812))"
310,NORTH,"POLYGON ((-104.9970145909843 39.76502819749902, -104.9982938797973 39.77371526026036, -104.9978600009753 39.79147205829048, -104.9964608496621 39.79102770711173, -104.9970145909843 39.76502819749902))","((-104.99701459098432, 39.76502819749902), (-104.99786000097528, 39.79147205829048))"
311,NORTH,"POLYGON ((-105.0777322691007 40.59215255668268, -105.0707664372964 40.59612710606662, -105.0253619963241 40.59596393424039, -105.0257812319667 40.59548311003929, -105.0777322691007 40.59215255668268))","((-105.07773226910074, 40.592152556682684), (-105.0253619963241, 40.595963934240395))"
312,NORTH,"POLYGON ((-97.32323268602539 32.81551870336607, -97.32752070066056 32.81711731603738, -97.34229642489453 32.83660578953822, -97.33287600654181 32.82703910586003, -97.32323268602539 32.81551870336607))","((-97.32323268602539, 32.81551870336607), (-97.34229642489453, 32.83660578953822))"
313,NORTH BAY YARD,"POLYGON ((-122.3469199857027 37.99611045169968, -122.345917277654 37.99747576754751, -122.3356296096919 37.99906216923419, -122.3376249395935 37.99794328971056, -122.3469199857027 37.99611045169968))","((-122.34691998570274, 37.99611045169968), (-122.33562960969194, 37.99906216923419))"
314,NORTH HOUSTON,"POLYGON ((-95.50572950500238 29.91287719280334, -95.51008826177838 29.91550396707119, -95.4968378444827 29.91410310560018, -95.49723813688691 29.91293349115046, -95.50572950500238 29.91287719280334))","((-95.51008826177838, 29.915503967071192), (-95.4968378444827, 29.91410310560018))"
315,NORTH LA CROSSE YARD,"POLYGON ((-91.229717737841 43.84856707457499, -91.23096170340369 43.85224538892421, -91.23025573348237 43.86862398790102, -91.22968805709166 43.86681617923995, -91.229717737841 43.84856707457499))","((-91.229717737841, 43.84856707457499), (-91.23025573348237, 43.86862398790102))"
316,NORTH PORTLAND,"POLYGON ((-122.7745422475801 45.6254992774984, -122.7753084907009 45.63057596214134, -122.7720478530903 45.6364111299968, -122.7718413810684 45.63520301400677, -122.7745422475801 45.6254992774984))","((-122.77454224758007, 45.6254992774984), (-122.77204785309033, 45.6364111299968))"
317,NORTH SPRINGFIELD,"POLYGON ((-93.29593979493434 37.22972967366117, -93.29599864129337 37.23062604787089, -93.28508539084143 37.23089138926152, -93.28550224326071 37.23041310619028, -93.29593979493434 37.22972967366117))","((-93.29599864129337, 37.23062604787089), (-93.28508539084143, 37.23089138926152))"
318,NORTH ST LOUIS,"POLYGON ((-90.18935767764164 38.67184484706651, -90.19011952748096 38.67142719219913, -90.21625436905745 38.7000163686481, -90.20002649706578 38.68649268794851, -90.18935767764164 38.67184484706651))","((-90.18935767764164, 38.67184484706651), (-90.21625436905745, 38.7000163686481))"
319,NORTH WICHITA,"POLYGON ((-97.33384202187783 37.72062328758168, -97.33610379495188 37.7246280074265, -97.33577733498313 37.74840410217359, -97.33470622609207 37.74090436548591, -97.33384202187783 37.72062328758168))","((-97.33384202187783, 37.72062328758168), (-97.33577733498313, 37.748404102173595))"
320,NORTHGATE,"POLYGON ((-102.2590802680165 48.9873934600452, -102.2599313051545 48.98711336471959, -102.264343656469 48.99894866481333, -102.2632033777268 48.99789054830985, -102.2590802680165 48.9873934600452))","((-102.2590802680165, 48.987393460045205), (-102.26434365646904, 48.99894866481333))"
321,NORTHPORT (BNSF),"POLYGON ((-103.1215880131201 41.69520966575878, -103.1238612247236 41.695198316922, -103.1607786664726 41.71630808215976, -103.1258118930526 41.6983374280561, -103.1215880131201 41.69520966575878))","((-103.12158801312012, 41.69520966575878), (-103.16077866647255, 41.71630808215976))"
322,NORTHSIDE,"POLYGON ((-97.34005667662903 32.78994875573407, -97.34078846416683 32.78943323422966, -97.34590978942481 32.79767318595685, -97.34423915018029 32.79623997376152, -97.34005667662903 32.78994875573407))","((-97.34078846416683, 32.789433234229655), (-97.34590978942481, 32.79767318595685))"
323,NORTHTOWN YARD,"POLYGON ((-93.27339463710015 45.03490028618167, -93.27481966349559 45.04095256934372, -93.27050501140785 45.08348579731737, -93.26917218996817 45.03547526165562, -93.27339463710015 45.03490028618167))","((-93.27339463710015, 45.03490028618167), (-93.27050501140785, 45.083485797317365))"
324,NORTHTOWN YARD,"POLYGON ((-93.26741596969005 45.01516938507285, -93.27516147689558 45.02924288912181, -93.2732376156121 45.03587755474583, -93.26297329016745 45.02320789962399, -93.26741596969005 45.01516938507285))","((-93.26741596969005, 45.01516938507285), (-93.2732376156121, 45.03587755474583))"
325,NOWERS YARD,"POLYGON ((-97.51205023812415 35.49381975560474, -97.51294537152809 35.4937734210601, -97.5141929131873 35.50929090590363, -97.51308925237355 35.50626479531156, -97.51205023812415 35.49381975560474))","((-97.51205023812415, 35.49381975560474), (-97.5141929131873, 35.50929090590363))"
326,ORE DOCK YARD,"POLYGON ((-92.05610280225601 46.6557960590538, -92.05058862196637 46.66237639530227, -92.03797921599624 46.67138611460359, -92.03921076880566 46.66928624958428, -92.05610280225601 46.6557960590538))","((-92.056102802256, 46.6557960590538), (-92.03797921599624, 46.671386114603585))"
327,ORILLIA,"POLYGON ((-122.2383414437773 47.42747096930778, -122.2392315205649 47.42738006079965, -122.2405657365234 47.43692937366716, -122.2394966499202 47.43500268159087, -122.2383414437773 47.42747096930778))","((-122.23834144377727, 47.42747096930778), (-122.24056573652337, 47.43692937366716))"
328,PASCO,"POLYGON ((-119.0813056089905 46.22908879152274, -119.1105564960627 46.28514701214002, -119.1163961220011 46.30830271602343, -119.1152939507115 46.30694949283905, -119.0813056089905 46.22908879152274))","((-119.08130560899053, 46.22908879152274), (-119.11639612200115, 46.308302716023434))"
329,PICO RIVERA YARD,"POLYGON ((-118.1024987702398 33.97375197684088, -118.1031805642808 33.97333377425229, -118.1151729383878 33.98118853936673, -118.1029019168735 33.97662860282139, -118.1024987702398 33.97375197684088))","((-118.10249877023982, 33.97375197684088), (-118.1151729383878, 33.981188539366734))"
330,PLAINS ALL AMERICA MANITOU,"POLYGON ((-102.634378217814 48.33365620265447, -102.650720632328 48.33717111956252, -102.6658889320279 48.34185327092784, -102.6362505364052 48.34163377125452, -102.634378217814 48.33365620265447))","((-102.63437821781399, 48.333656202654474), (-102.66588893202794, 48.341853270927835))"
331,PLAINVIEW,"POLYGON ((-101.6922307625783 34.18994007498208, -101.7042965759221 34.19394796250031, -101.7045723481326 34.19452869546673, -101.6894954296004 34.19167328343492, -101.6922307625783 34.18994007498208))","((-101.70457234813264, 34.19452869546673), (-101.68949542960037, 34.191673283434916))"
332,PONCA CITY,"POLYGON ((-97.08558982953372 36.69251993829295, -97.08684799891715 36.6963665301897, -97.08526974477218 36.70399231905589, -97.08473515237152 36.70336113558399, -97.08558982953372 36.69251993829295))","((-97.08558982953372, 36.692519938292946), (-97.08526974477218, 36.703992319055885))"
333,PUEBLO,"POLYGON ((-104.6195916779621 38.26613890591987, -104.6308086417375 38.27503256749914, -104.645509682349 38.29871732096307, -104.6199489466151 38.26808990028459, -104.6195916779621 38.26613890591987))","((-104.61959167796209, 38.26613890591987), (-104.64550968234899, 38.29871732096307))"
334,QUINCY,"POLYGON ((-119.8817393410674 47.23458517979545, -119.8826674255441 47.23536501880009, -119.8633987474457 47.23675082929302, -119.8653936615855 47.23596580541227, -119.8817393410674 47.23458517979545))","((-119.88266742554406, 47.23536501880009), (-119.86339874744574, 47.23675082929302))"
335,RATON,"POLYGON ((-104.4399687955517 36.89178514305676, -104.4406688410082 36.89223388061439, -104.4377141172231 36.9058143009922, -104.4364000048778 36.90311269193779, -104.4399687955517 36.89178514305676))","((-104.43996879555174, 36.89178514305676), (-104.43771411722307, 36.9058143009922))"
336,RAVENNA,"POLYGON ((-98.9109781845621 41.02269888690364, -98.91212645303604 41.02345480660262, -98.89739835282975 41.02496961696971, -98.89911344776728 41.02415791269526, -98.9109781845621 41.02269888690364))","((-98.91212645303604, 41.02345480660262), (-98.89739835282975, 41.024969616969706))"
337,RENTON,"POLYGON ((-122.2160556107485 47.47541270518044, -122.2163065264637 47.47627175276718, -122.2075997635119 47.47824472001954, -122.2111813727953 47.47651203117526, -122.2160556107485 47.47541270518044))","((-122.21630652646367, 47.476271752767175), (-122.20759976351187, 47.47824472001954))"
338,RENTON YARD,"POLYGON ((-122.2160660500899 47.47541074376652, -122.2163062070523 47.47627187681429, -122.2076081058504 47.478269714832, -122.2112198405568 47.47654142751369, -122.2160660500899 47.47541074376652))","((-122.21606605008988, 47.47541074376652), (-122.2076081058504, 47.478269714832))"
339,RICE'S POINT,"POLYGON ((-92.10674475165662 46.75570943471578, -92.11043942448808 46.75613353371549, -92.12162143873906 46.76630813737683, -92.11834697884096 46.76908042313244, -92.10674475165662 46.75570943471578))","((-92.10674475165662, 46.755709434715776), (-92.12162143873906, 46.766308137376825))"
340,RICHMOND YARD,"POLYGON ((-122.3831741218683 37.92674468533088, -122.3744876331701 37.94116189289834, -122.3634847690934 37.94698369615961, -122.3743588929733 37.93073656127753, -122.3831741218683 37.92674468533088))","((-122.38317412186832, 37.92674468533088), (-122.36348476909339, 37.946983696159606))"
341,RIVERBANK YARD,"POLYGON ((-120.9293707679677 37.71135887465589, -120.9302204424126 37.71107508108103, -120.9390193439101 37.73334833398064, -120.9332606181843 37.72310013708055, -120.9293707679677 37.71135887465589))","((-120.92937076796771, 37.711358874655886), (-120.93901934391008, 37.733348333980636))"
342,ROCK ISLAND,"POLYGON ((-90.54822162247353 41.50720901532904, -90.55304490212565 41.50734975818659, -90.55849270057755 41.50890387563966, -90.54627390491356 41.50783448720325, -90.54822162247353 41.50720901532904))","((-90.55849270057755, 41.50890387563966), (-90.54627390491356, 41.507834487203255))"
343,ROCKY POINT,"POLYGON ((-122.9120934368962 46.15631482901265, -122.9130628673865 46.16563956794222, -122.9102568258698 46.17161814238102, -122.9098456328662 46.17110269274465, -122.9120934368962 46.15631482901265))","((-122.91209343689623, 46.15631482901265), (-122.91025682586975, 46.17161814238102))"
344,ROCKY POINT YARD,"POLYGON ((-122.9120964595111 46.15629729017107, -122.9123915118306 46.16800241789593, -122.909502485862 46.17229215638978, -122.9091148307091 46.17176114706727, -122.9120964595111 46.15629729017107))","((-122.91209645951109, 46.15629729017107), (-122.90950248586199, 46.17229215638978))"
345,ROZET,"POLYGON ((-105.239770398611 44.28329450014273, -105.2399980822438 44.2824312378422, -105.2870133521633 44.28983690381111, -105.2811190903434 44.29033155911647, -105.239770398611 44.28329450014273))","((-105.23977039861101, 44.28329450014273), (-105.28701335216326, 44.289836903811114))"
346,RUTH,"POLYGON ((-94.59231460452388 37.06361108737795, -94.61304471918274 37.06884284477722, -94.53994704696065 37.07073935354283, -94.57000923704857 37.06442643916356, -94.59231460452388 37.06361108737795))","((-94.61304471918274, 37.06884284477722), (-94.53994704696065, 37.070739353542834))"
347,SAGINAW,"POLYGON ((-97.3533494778172 32.82317104675382, -97.3602676390516 32.83442205812551, -97.3611297333764 32.85814476889431, -97.36058839253249 32.85779918391932, -97.3533494778172 32.82317104675382))","((-97.3533494778172, 32.82317104675382), (-97.3611297333764, 32.858144768894306))"
348,SAN BERNARDINO A YARD,"POLYGON ((-117.326591017379 34.10051663452468, -117.3303611423765 34.1048627758464, -117.3027296440802 34.11188644846255, -117.3046987364409 34.10484646084102, -117.326591017379 34.10051663452468))","((-117.33036114237652, 34.1048627758464), (-117.3027296440802, 34.11188644846255))"
349,SAN BERNARDINO B YARD,"POLYGON ((-117.3235431123008 34.07912312891961, -117.3243379824432 34.07905171205962, -117.3385828740756 34.10225649474089, -117.3267455985481 34.10365394564703, -117.3235431123008 34.07912312891961))","((-117.32354311230077, 34.07912312891961), (-117.33858287407561, 34.10225649474089))"
350,SAVANNA,"POLYGON ((-90.13099521395037 42.08494676120421, -90.14701054953275 42.08493336640603, -90.15190598884328 42.08733598398845, -90.15140891561198 42.08771721786916, -90.13099521395037 42.08494676120421))","((-90.13099521395037, 42.084946761204215), (-90.15190598884328, 42.08733598398845))"
351,SCOTTSBLUFF,"POLYGON ((-103.6404946315076 41.85064827772575, -103.6409481958733 41.84990468738338, -103.6516954466713 41.85370132516024, -103.6488264390912 41.85355939173639, -103.6404946315076 41.85064827772575))","((-103.64049463150758, 41.850648277725746), (-103.6516954466713, 41.853701325160245))"
352,SEALY,"POLYGON ((-96.1518633487632 29.7716965489747, -96.15273523996284 29.77154147242157, -96.15466977348736 29.78086478280467, -96.15368358634939 29.77972265138886, -96.1518633487632 29.7716965489747))","((-96.1518633487632, 29.7716965489747), (-96.15466977348736, 29.78086478280467))"
353,SEATTLE INTMDL GATE,"POLYGON ((-122.3363996812677 47.57204663851238, -122.3395747768698 47.58587540086683, -122.3363407955921 47.59243782320626, -122.3351807197793 47.58406903308128, -122.3363996812677 47.57204663851238))","((-122.33639968126766, 47.57204663851238), (-122.33634079559211, 47.59243782320626))"
354,SEATTLE TERMINAL #5,"POLYGON ((-122.36593386145 47.5713891286544, -122.3706602321048 47.57170374988036, -122.3762701448325 47.58597296203482, -122.3676972133302 47.58531795091782, -122.36593386145 47.5713891286544))","((-122.36593386145, 47.5713891286544), (-122.37627014483252, 47.58597296203482))"
355,SHELBY,"POLYGON ((-111.8581047135764 48.50761323389244, -111.8589606414525 48.50694382859248, -111.9008410698328 48.52322541922145, -111.8804070120663 48.51851064156304, -111.8581047135764 48.50761323389244))","((-111.85810471357637, 48.507613233892435), (-111.90084106983278, 48.523225419221454))"
356,SHERIDAN,"POLYGON ((-106.9521569776735 44.80261835328306, -106.9530306790282 44.80275488941835, -106.9553965437518 44.8294037162564, -106.9492188517124 44.81245395165099, -106.9521569776735 44.80261835328306))","((-106.95215697767347, 44.80261835328306), (-106.95539654375182, 44.8294037162564))"
357,SHERMAN,"POLYGON ((-96.60435416525516 33.64461734021663, -96.60511766207016 33.64642447616775, -96.60338042763534 33.64925440787829, -96.60303171391412 33.6487192384181, -96.60435416525516 33.64461734021663))","((-96.60435416525516, 33.644617340216634), (-96.60338042763534, 33.64925440787829))"
358,SHERMAN (BNSF),"POLYGON ((-96.60441540391521 33.64449527652209, -96.60448092237306 33.64763434030296, -96.59291386377883 33.66217376623985, -96.59385711034878 33.65938012809691, -96.60441540391521 33.64449527652209))","((-96.60441540391521, 33.644495276522086), (-96.59291386377883, 33.662173766239846))"
359,SHOPTON,"POLYGON ((-91.36568797658228 40.6160591112814, -91.35635215421682 40.62050266832651, -91.34324050900051 40.62146620623623, -91.34497010693008 40.6202657199455, -91.36568797658228 40.6160591112814))","((-91.36568797658228, 40.6160591112814), (-91.34324050900051, 40.62146620623623))"
360,SILSBEE,"POLYGON ((-94.17869355870614 30.34952789135006, -94.185697759066 30.35113105406909, -94.20169536735537 30.35928311832049, -94.18222238688561 30.35309638115107, -94.17869355870614 30.34952789135006))","((-94.17869355870614, 30.349527891350057), (-94.20169536735537, 30.359283118320487))"
361,SIOUX CITY EAST,"POLYGON ((-96.38887913696517 42.4916778827549, -96.39210219295936 42.49223033765081, -96.3797811563422 42.49498437370252, -96.38193011061519 42.49230242112638, -96.38887913696517 42.4916778827549))","((-96.39210219295936, 42.49223033765081), (-96.3797811563422, 42.49498437370252))"
362,SIOUX FALLS,"POLYGON ((-96.71848377631387 43.54588002343879, -96.71933561175646 43.54530810950229, -96.7204067763268 43.54693115090659, -96.71980771553758 43.5471171175681, -96.71848377631387 43.54588002343879))","((-96.71848377631387, 43.54588002343879), (-96.7204067763268, 43.54693115090659))"
363,SIOUX FALLS (BNSF),"POLYGON ((-96.71148031246152 43.53592212444417, -96.71454299588827 43.53674615434696, -96.71944744019255 43.54717572333097, -96.71882857011312 43.54704624931607, -96.71148031246152 43.53592212444417))","((-96.71148031246152, 43.53592212444417), (-96.71944744019255, 43.547175723330966))"
364,SLATON,"POLYGON ((-101.6246309707701 33.4346103274718, -101.6251646655154 33.43389331655935, -101.6498634830049 33.44921556793826, -101.6337821341447 33.44144184366292, -101.6246309707701 33.4346103274718))","((-101.62463097077006, 33.4346103274718), (-101.64986348300485, 33.44921556793826))"
365,SMITH AUTO YARD,"POLYGON ((-122.735365273824 45.62379099540582, -122.7354339641506 45.62289814444326, -122.7419793157572 45.62395123671433, -122.7414882855342 45.62460150911119, -122.735365273824 45.62379099540582))","((-122.7354339641506, 45.62289814444326), (-122.7419793157572, 45.62395123671433))"
366,SMITH YARD,"POLYGON ((-122.7111759562175 45.61140658343187, -122.7118002424859 45.61077981585971, -122.7339519908295 45.62677066950296, -122.7181031647032 45.61861407742725, -122.7111759562175 45.61140658343187))","((-122.7111759562175, 45.611406583431865), (-122.73395199082952, 45.62677066950296))"
367,SOMERVILLE,"POLYGON ((-96.51956453620859 30.33795324827736, -96.52028544816251 30.33742510841, -96.54329940808998 30.3640632726875, -96.53354963920903 30.36000878407409, -96.51956453620859 30.33795324827736))","((-96.51956453620859, 30.337953248277362), (-96.54329940808998, 30.3640632726875))"
368,SOUTH AMARILLO,"POLYGON ((-101.8363807223329 35.1789010003308, -101.8264702557059 35.20895921256317, -101.8140123924799 35.2108262890015, -101.8139159258979 35.2102043020622, -101.8363807223329 35.1789010003308))","((-101.83638072233292, 35.1789010003308), (-101.81401239247994, 35.2108262890015))"
369,SOUTH AMARILLO,"POLYGON ((-101.8405379023362 35.16802734929436, -101.8405413369031 35.17083318295156, -101.8340446757481 35.18611441474155, -101.834423423867 35.18291583870447, -101.8405379023362 35.16802734929436))","((-101.84053790233618, 35.16802734929436), (-101.83404467574809, 35.186114414741546))"
370,SOUTH ENID (FRISCO),"POLYGON ((-97.89873311859601 36.39952299657284, -97.89344644461481 36.40472306985779, -97.88670783884318 36.40481993488175, -97.88695770810261 36.40423542143864, -97.89873311859601 36.39952299657284))","((-97.89873311859601, 36.39952299657284), (-97.88670783884318, 36.40481993488175))"
371,SOUTH KLAMATH FALLS YARD,"POLYGON ((-121.7473902268037 42.17989784759244, -121.7586220659227 42.18582319548374, -121.7663908738532 42.19228649697211, -121.7617455298198 42.19082919756789, -121.7473902268037 42.17989784759244))","((-121.74739022680373, 42.179897847592436), (-121.76639087385318, 42.19228649697211))"
372,SOUTH OMAHA,"POLYGON ((-95.97846987922516 41.20268408415403, -95.97764704851977 41.20566610136625, -95.96609083035803 41.21734646638892, -95.96907850845422 41.21018066014623, -95.97846987922516 41.20268408415403))","((-95.97846987922516, 41.20268408415403), (-95.96609083035803, 41.217346466388925))"
373,SOUTH SIOUX CITY,"POLYGON ((-96.4189174740624 42.44061746392149, -96.41980698059123 42.44070814586154, -96.41913535463337 42.45787164272249, -96.41867759705107 42.4574236164788, -96.4189174740624 42.44061746392149))","((-96.4189174740624, 42.44061746392149), (-96.41913535463337, 42.457871642722495))"
374,SOUTH TOPEKA,"POLYGON ((-95.66873859352486 39.0405759558046, -95.6642854384732 39.05330286328104, -95.66214399883744 39.05565578794846, -95.66124055867817 39.05046266738714, -95.66873859352486 39.0405759558046))","((-95.66873859352486, 39.0405759558046), (-95.66214399883744, 39.05565578794846))"
375,SPOKANE IND PARK,"POLYGON ((-117.1757999488298 47.68951277288442, -117.1766804938222 47.68959345377018, -117.1763769714735 47.69423346884511, -117.1757581641485 47.69320833227484, -117.1757999488298 47.68951277288442))","((-117.17579994882979, 47.68951277288442), (-117.17637697147352, 47.694233468845106))"
376,SPRINGFIELD,"POLYGON ((-93.36242716812595 37.21883123830079, -93.34740490594692 37.23913866937291, -93.29552293363527 37.23024274659839, -93.29589475545295 37.2297347376066, -93.36242716812595 37.21883123830079))","((-93.36242716812595, 37.218831238300794), (-93.29552293363527, 37.230242746598385))"
377,SPRINGFIELD NORTH,"POLYGON ((-93.29206163787606 37.22958398983958, -93.29641196041906 37.23024203129051, -93.28509029203182 37.23093384788309, -93.28760415309912 37.22990212453759, -93.29206163787606 37.22958398983958))","((-93.29641196041906, 37.23024203129051), (-93.28509029203182, 37.230933847883094))"
378,SPRINGFIELD SOUTH,"POLYGON ((-93.29767496016409 37.2097225791341, -93.31003820757009 37.21115579381792, -93.31041394143125 37.21167782746289, -93.28885669422348 37.21148552265909, -93.29767496016409 37.2097225791341))","((-93.31041394143125, 37.21167782746289), (-93.28885669422348, 37.21148552265909))"
379,ST JOSEPH,"POLYGON ((-94.87020880416999 39.71650083773532, -94.8709408315605 39.71699574493773, -94.85399634443493 39.75451089934062, -94.85422624263242 39.73418383361828, -94.87020880416999 39.71650083773532))","((-94.87020880416999, 39.716500837735325), (-94.85399634443493, 39.75451089934062))"
380,ST. PAUL INTERMODAL,"POLYGON ((-93.15686405251897 44.9692484630754, -93.17085834832851 44.96946146309116, -93.18952061166371 44.97251181135081, -93.17485864161314 44.97164496051884, -93.15686405251897 44.9692484630754))","((-93.15686405251897, 44.9692484630754), (-93.18952061166371, 44.972511811350806))"
381,STACEY ST,"POLYGON ((-122.3391115950659 47.57445682928148, -122.3402961207378 47.58609853233754, -122.3373106800073 47.5900325987319, -122.3369354469509 47.58952462043098, -122.3391115950659 47.57445682928148))","((-122.3391115950659, 47.57445682928148), (-122.33731068000728, 47.5900325987319))"
382,STE GENEVIEVE,"POLYGON ((-90.03423784409352 37.97607848821927, -90.04171361566316 37.98049880500824, -90.05782098405594 38.00263202603639, -90.05338745705252 37.99921407822963, -90.03423784409352 37.97607848821927))","((-90.03423784409352, 37.976078488219265), (-90.05782098405594, 38.00263202603639))"
383,STOCKTON INTERMODAL TERMINAL,"POLYGON ((-121.142711551847 37.88891330762868, -121.1596962677617 37.89574010909162, -121.2043107824146 37.92516013770085, -121.2031228131512 37.92499768806989, -121.142711551847 37.88891330762868))","((-121.14271155184699, 37.88891330762868), (-121.20431078241464, 37.92516013770085))"
384,STREATOR,"POLYGON ((-88.82423859823633 41.12113349739325, -88.82466600474571 41.12905775863582, -88.82046499860679 41.13588831814329, -88.82013916370991 41.13533512342761, -88.82423859823633 41.12113349739325))","((-88.82423859823633, 41.12113349739325), (-88.8204649986068, 41.13588831814329))"
385,SUMAS,"POLYGON ((-122.2657488361025 48.99690486318112, -122.266717497459 48.99705709807976, -122.2673784080932 49.0028191106061, -122.266391401692 49.00249446259124, -122.2657488361025 48.99690486318112))","((-122.26574883610252, 48.99690486318112), (-122.26737840809318, 49.0028191106061))"
386,SWEETWATER,"POLYGON ((-100.3645091398545 32.49443293266803, -100.4029904201266 32.50841234524955, -100.4258982007385 32.52418546801708, -100.4065144093326 32.5198360358731, -100.3645091398545 32.49443293266803))","((-100.36450913985448, 32.494432932668026), (-100.42589820073849, 32.52418546801708))"
387,TACOMA (UP),"POLYGON ((-122.4105401993555 47.24377130200509, -122.4291176037992 47.24399613870062, -122.4311082321153 47.25083280531176, -122.4300141774709 47.25097144811809, -122.4105401993555 47.24377130200509))","((-122.41054019935545, 47.24377130200509), (-122.43110823211532, 47.25083280531176))"
388,TEAGUE,"POLYGON ((-96.28526956150426 31.62634933771424, -96.29425085265248 31.62842046227335, -96.28887360617958 31.63633038756437, -96.28817674283813 31.63580895066058, -96.28526956150426 31.62634933771424))","((-96.28526956150426, 31.626349337714238), (-96.28887360617958, 31.636330387564367))"
389,TEMPLE,"POLYGON ((-97.34236277594459 31.09395556509113, -97.3575666591134 31.0941518749369, -97.38151909724392 31.09816191655239, -97.3458537425726 31.11310429161537, -97.34236277594459 31.09395556509113))","((-97.3423627759446, 31.093955565091132), (-97.38151909724392, 31.098161916552392))"
390,TENNESSEE,"POLYGON ((-89.87998104181 35.01105428596333, -89.91210062655162 35.03732054113546, -89.91215236236279 35.03795998546668, -89.88793291511297 35.02492788820126, -89.87998104181 35.01105428596333))","((-89.87998104181, 35.011054285963326), (-89.91215236236279, 35.037959985466685))"
391,TOPEKA (BNSF),"POLYGON ((-95.64236484222984 39.05372731492631, -95.63731250369261 39.05613883130883, -95.62241048149264 39.05556679007108, -95.62282764901684 39.0550951774838, -95.64236484222984 39.05372731492631))","((-95.64236484222984, 39.053727314926306), (-95.62241048149264, 39.05556679007108))"
392,TRINIDAD,"POLYGON ((-104.5129065100238 37.16801459437224, -104.5134882394016 37.16869797323722, -104.4956080906743 37.18436801024055, -104.4996521301643 37.17929201941143, -104.5129065100238 37.16801459437224))","((-104.51290651002383, 37.16801459437224), (-104.49560809067427, 37.18436801024055))"
393,UNION STATION,"POLYGON ((-122.434789982128 47.24782943488425, -122.4356429796854 47.24766260729741, -122.4431654565116 47.26429946392606, -122.4358527543831 47.25594959575824, -122.434789982128 47.24782943488425))","((-122.434789982128, 47.24782943488425), (-122.44316545651164, 47.26429946392606))"
394,UNION YARD,"POLYGON ((-93.20724141453987 44.97416196747631, -93.21598146981623 44.97535414294398, -93.24187159223877 44.9912032897475, -93.20909620099916 44.977726751523, -93.20724141453987 44.97416196747631))","((-93.20724141453987, 44.97416196747631), (-93.24187159223877, 44.9912032897475))"
395,UNION YARD,"POLYGON ((-93.18395498684663 44.96048871923055, -93.20795076666377 44.97379434384546, -93.20806899140177 44.97662987438552, -93.18382586255832 44.96566244145563, -93.18395498684663 44.96048871923055))","((-93.18395498684663, 44.960488719230554), (-93.20806899140177, 44.976629874385516))"
396,VAN ASSELT,"POLYGON ((-122.2520861973602 47.47670215230475, -122.2836367083568 47.50488031439431, -122.3212248047366 47.55487841611505, -122.2978735102007 47.53533181385282, -122.2520861973602 47.47670215230475))","((-122.25208619736024, 47.47670215230475), (-122.32122480473664, 47.55487841611505))"
397,VANCOUVER,"POLYGON ((-122.6871857029876 45.62798177574845, -122.6878201429832 45.62834763562015, -122.691154393903 45.66830162047928, -122.6851079016887 45.6457820557368, -122.6871857029876 45.62798177574845))","((-122.68718570298758, 45.62798177574845), (-122.69115439390302, 45.66830162047928))"
398,VANCOUVER TERM #2,"POLYGON ((-122.6925620282435 45.63101923688581, -122.7206897795339 45.64687965202612, -122.72147516068 45.64801747793606, -122.702502302834 45.64091727996271, -122.6925620282435 45.63101923688581))","((-122.69256202824351, 45.63101923688581), (-122.72147516067996, 45.64801747793606))"
399,VAUGHN,"POLYGON ((-105.1943026583727 34.59983995196799, -105.194697129079 34.59903844313415, -105.2209524092894 34.60914848105663, -105.214489157233 34.60869829739573, -105.1943026583727 34.59983995196799))","((-105.19430265837275, 34.599839951967994), (-105.22095240928941, 34.60914848105663))"
400,WATSON YARD,"POLYGON ((-118.2532748188892 33.7876078196983, -118.2541406572283 33.78773903492795, -118.2545565433583 33.79974970666518, -118.252918153941 33.79560497114084, -118.2532748188892 33.7876078196983))","((-118.25327481888921, 33.7876078196983), (-118.25455654335826, 33.79974970666518))"
401,WAYNOKA,"POLYGON ((-98.87422105805784 36.60258824743351, -98.87293096865005 36.60716340684968, -98.86348282311228 36.61900933237406, -98.86470200382519 36.61621948828385, -98.87422105805784 36.60258824743351))","((-98.87422105805784, 36.60258824743351), (-98.86348282311228, 36.619009332374056))"
402,WELLINGTON,"POLYGON ((-97.3957895909821 37.26023098659014, -97.37987693801048 37.26490297303187, -97.35945872887348 37.26807495553074, -97.36578620111483 37.26279199741046, -97.3957895909821 37.26023098659014))","((-97.3957895909821, 37.26023098659014), (-97.35945872887348, 37.26807495553074))"
403,WENATCHEE,"POLYGON ((-120.3060222329727 47.42192574161707, -120.3131230113871 47.42826231057992, -120.317729771381 47.4356073133786, -120.3074529817994 47.42547605051026, -120.3060222329727 47.42192574161707))","((-120.30602223297274, 47.42192574161707), (-120.317729771381, 47.4356073133786))"
404,WENATCHEE YARD,"POLYGON ((-120.3061111227445 47.42210496758103, -120.3068055266648 47.42153508847726, -120.3177248090867 47.43561141765992, -120.3170931977725 47.43554743322844, -120.3061111227445 47.42210496758103))","((-120.30680552666482, 47.421535088477256), (-120.31772480908671, 47.43561141765992))"
405,WEST BURLINGTON,"POLYGON ((-91.15065755748256 40.82740807698737, -91.16806047368122 40.82757924447349, -91.16850519801133 40.82802978360144, -91.14630473079797 40.82820086962331, -91.15065755748256 40.82740807698737))","((-91.16850519801133, 40.828029783601444), (-91.14630473079797, 40.82820086962331))"
406,WEST BURLINGTON SHOPS,"POLYGON ((-91.15360020558114 40.82804966350428, -91.1540244550297 40.82744087242749, -91.16850512891587 40.82803638067453, -91.15952126201206 40.83516684639084, -91.15360020558114 40.82804966350428))","((-91.15360020558114, 40.82804966350428), (-91.16850512891587, 40.82803638067453))"
407,WEST CORONA YARD,"POLYGON ((-117.6125540063958 33.8855734779104, -117.6126854637864 33.88645607039815, -117.6031473124367 33.88764182838089, -117.6040403722351 33.88695860911292, -117.6125540063958 33.8855734779104))","((-117.61255400639584, 33.8855734779104), (-117.6031473124367, 33.887641828380886))"
408,WEST QUINCY,"POLYGON ((-91.46046906117408 39.89062005427314, -91.46107298818225 39.89124619777201, -91.43560380128824 39.93178080315889, -91.44889792158767 39.8984163354236, -91.46046906117408 39.89062005427314))","((-91.46046906117408, 39.890620054273136), (-91.43560380128824, 39.93178080315889))"
409,WESTERN AVE,"POLYGON ((-87.6855392349056 41.85701581741296, -87.68554649610387 41.86022623554451, -87.670681161498 41.85980089413952, -87.67105610092329 41.85929440680916, -87.6855392349056 41.85701581741296))","((-87.6855392349056, 41.857015817412965), (-87.670681161498, 41.859800894139525))"
410,WHITEFISH,"POLYGON ((-113.6108284562591 48.28409517169756, -114.3461765371625 48.41259233427566, -114.3465420726535 48.41310824046225, -113.614667182153 48.29451826239045, -113.6108284562591 48.28409517169756))","((-113.61082845625909, 48.28409517169756), (-114.34654207265348, 48.41310824046225))"
411,WICHITA,"POLYGON ((-97.31771109819597 37.74000436532527, -97.31687526792065 37.73975797511743, -97.31776104649006 37.73861689346714, -97.31819130758335 37.73908418018336, -97.31771109819597 37.74000436532527))","((-97.31687526792065, 37.739757975117435), (-97.31819130758335, 37.73908418018336))"
412,WICHITA FALLS,"POLYGON ((-98.48332450383313 33.91030523046819, -98.48618190021037 33.90997868425188, -98.49412402173849 33.91881479413915, -98.49105425207735 33.9172331982489, -98.48332450383313 33.91030523046819))","((-98.48332450383313, 33.91030523046819), (-98.49412402173849, 33.91881479413915))"
413,WILLBRIDGE YARD,"POLYGON ((-122.7256820362106 45.55613844418421, -122.7373591625637 45.55704041717895, -122.7476071492218 45.56515194296421, -122.7470135189826 45.56539191466062, -122.7256820362106 45.55613844418421))","((-122.72568203621064, 45.556138444184214), (-122.74760714922176, 45.56515194296421))"
414,WILLISTON,"POLYGON ((-103.6210150481495 48.14189859485596, -103.6499891639479 48.14402976109181, -103.6517987687971 48.14463342207421, -103.6125200800475 48.14285980261383, -103.6210150481495 48.14189859485596))","((-103.65179876879714, 48.14463342207421), (-103.61252008004752, 48.14285980261383))"
415,WILLMAR,"POLYGON ((-95.05882564238078 45.12132710858172, -95.05115580026749 45.12393345546659, -95.01811616780645 45.1269778889692, -95.01850545526104 45.12648613908519, -95.05882564238078 45.12132710858172))","((-95.05882564238078, 45.12132710858172), (-95.01811616780645, 45.1269778889692))"
416,WILLOW SPRINGS,"POLYGON ((-87.88225498375471 41.736404964528, -87.87000212256019 41.75579139137457, -87.86147272143798 41.76267666944859, -87.86146912209318 41.75500585318981, -87.88225498375471 41.736404964528))","((-87.8822549837547, 41.736404964528), (-87.86147272143798, 41.76267666944859))"
417,WINSLOW YARD,"POLYGON ((-110.6836800986325 35.01674274820774, -110.7031384097249 35.0220514158698, -110.7433661578976 35.03926717492449, -110.7162298043036 35.03085387726242, -110.6836800986325 35.01674274820774))","((-110.68368009863251, 35.01674274820774), (-110.74336615789755, 35.03926717492449))"
418,WISHRAM,"POLYGON ((-120.9677404215394 45.65661968725099, -120.9529888798299 45.66143933769459, -120.9369600743283 45.66013003621416, -120.9373630844185 45.65964477850999, -120.9677404215394 45.65661968725099))","((-120.96774042153945, 45.65661968725099), (-120.93696007432827, 45.660130036214156))"
419,WISHRAM YARD,"POLYGON ((-120.9677404215394 45.65661968725099, -120.9531176671103 45.66153840093765, -120.9369596890318 45.6601252326308, -120.9373630844185 45.65964477850999, -120.9677404215394 45.65661968725099))","((-120.96774042153945, 45.65661968725099), (-120.93695968903175, 45.660125232630804))"
420,WOLF POINT,"POLYGON ((-105.6755962967657 48.08547094349461, -105.6746391719977 48.08661379476376, -105.6169881928909 48.09620260960386, -105.6173513016277 48.09567294867531, -105.6755962967657 48.08547094349461))","((-105.67559629676575, 48.085470943494606), (-105.6169881928909, 48.09620260960386))"
421,WOLF POINT YARD,"POLYGON ((-105.6755962967657 48.08547094349461, -105.6757513567278 48.08635577080521, -105.6169863694428 48.0961928336558, -105.6173513016277 48.09567294867531, -105.6755962967657 48.08547094349461))","((-105.67575135672784, 48.08635577080521), (-105.61698636944278, 48.0961928336558))"
422,WYODAK COAL PLANTS YARD,"POLYGON ((-105.3952521217774 44.28439973267209, -105.3941644044658 44.28572598504901, -105.3896782005746 44.28623947271801, -105.3899665031816 44.28564167370567, -105.3952521217774 44.28439973267209))","((-105.39525212177745, 44.28439973267209), (-105.38967820057462, 44.28623947271801))"
423,YAKIMA,"POLYGON ((-120.493452559088 46.57266343367611, -120.5071347304415 46.59223485558023, -120.5075001473002 46.59464453606347, -120.5036045041789 46.59325472544069, -120.493452559088 46.57266343367611))","((-120.49345255908804, 46.572663433676105), (-120.50750014730019, 46.59464453606347))"
424,YAKIMA YARD,"POLYGON ((-120.4934521114865 46.57266251184947, -120.4942606438318 46.57227105506544, -120.5055493215122 46.5966182547678, -120.5049493281095 46.59640971365106, -120.4934521114865 46.57266251184947))","((-120.4942606438318, 46.57227105506544), (-120.50554932151216, 46.596618254767805))"
425,YALE,"POLYGON ((-89.97440650672722 35.08951033667501, -89.97489984624495 35.08876514978573, -89.99914280192144 35.10220748754541, -89.98153398732684 35.09384016232856, -89.97440650672722 35.08951033667501))","((-89.97440650672722, 35.08951033667501), (-89.99914280192144, 35.10220748754541))"
426,YARDLEY,"POLYGON ((-117.3751497528023 47.66155290481463, -117.3296113269039 47.67532208207059, -117.297510193082 47.6776445021051, -117.3044046258842 47.67535898000079, -117.3751497528023 47.66155290481463))","((-117.37514975280229, 47.661552904814634), (-117.29751019308196, 47.6776445021051))"
427,YARDLEY YARD,"POLYGON ((-117.3487360830417 47.66645595087559, -117.3489043014428 47.66733830579056, -117.3040534672884 47.67588851741304, -117.3044034919971 47.67535921083029, -117.3487360830417 47.66645595087559))","((-117.3487360830417, 47.666455950875594), (-117.30405346728841, 47.67588851741304))"
428,BLASDELL,"POLYGON ((-78.84345707145617 42.80380432359195, -78.8439051416826 42.80450271275032, -78.83764802638713 42.81270951146173, -78.83655481093383 42.80665058656511, -78.84345707145617 42.80380432359195))","((-78.84345707145617, 42.803804323591955), (-78.83764802638713, 42.812709511461726))"
429,BROOKVILLE,"POLYGON ((-79.0679365868438 41.14852770694186, -79.07487348230723 41.15050384738903, -79.05663765234848 41.15819001270636, -79.06444096913744 41.149763644479, -79.0679365868438 41.14852770694186))","((-79.07487348230723, 41.150503847389025), (-79.05663765234848, 41.15819001270636))"
430,BUFFALO CREEK,"POLYGON ((-78.83678484298926 42.83997805600972, -78.84397180573905 42.84590943819578, -78.84921727852809 42.85967926024898, -78.84718099277175 42.85752629884182, -78.83678484298926 42.83997805600972))","((-78.83678484298926, 42.83997805600972), (-78.84921727852809, 42.85967926024898))"
431,BUFFALO CREEK (BPRR),"POLYGON ((-78.83678698287022 42.83998163013409, -78.84258607416633 42.84222424746893, -78.8492260008385 42.85967412838998, -78.84860959534012 42.85952210636039, -78.83678698287022 42.83998163013409))","((-78.83678698287022, 42.83998163013409), (-78.8492260008385, 42.859674128389976))"
432,BUTLER,"POLYGON ((-79.88324452409525 40.8593190908882, -79.88364552622603 40.86007727921194, -79.87841261088785 40.8638758252948, -79.87915516654795 40.86091129348171, -79.88324452409525 40.8593190908882))","((-79.88324452409525, 40.8593190908882), (-79.87841261088785, 40.8638758252948))"
433,BUTLER SHOPS,"POLYGON ((-79.87205219327159 40.8678699566714, -79.87534592692182 40.86905414999319, -79.87703871280479 40.87441245681404, -79.87004389401575 40.86921707227043, -79.87205219327159 40.8678699566714))","((-79.87703871280479, 40.874412456814035), (-79.87004389401575, 40.86921707227043))"
434,DUBOIS,"POLYGON ((-78.766715666209 41.12665444833718, -78.78407932755371 41.13486166975477, -78.79171887489184 41.14021509417481, -78.76610090555887 41.12943112634693, -78.766715666209 41.12665444833718))","((-78.766715666209, 41.126654448337185), (-78.79171887489184, 41.140215094174806))"
435,EAST BUTLER,"POLYGON ((-79.87226178180994 40.8680313941409, -79.87563756102952 40.87028695913256, -79.85291014663892 40.87700289918047, -79.86362152705264 40.87098438315291, -79.87226178180994 40.8680313941409))","((-79.87563756102952, 40.87028695913256), (-79.85291014663892, 40.87700289918047))"
436,ERIE ASH STREET,"POLYGON ((-80.06597396094924 42.12523007409687, -80.0603588656825 42.12811228489441, -80.05650158658956 42.12694479426746, -80.05684112607842 42.12641705398309, -80.06597396094924 42.12523007409687))","((-80.06597396094924, 42.12523007409687), (-80.05650158658956, 42.12694479426746))"
437,HOMER CITY PLANT,"POLYGON ((-79.19838012895225 40.51262236317623, -79.20173877330318 40.51623177580941, -79.20181940676071 40.51917401939937, -79.20121405965854 40.51900054585469, -79.19838012895225 40.51262236317623))","((-79.19838012895225, 40.51262236317623), (-79.2018194067607, 40.519174019399365))"
438,JOHNSONBURG,"POLYGON ((-78.66939964415231 41.4973325075584, -78.66989996577372 41.49805745821276, -78.65785506261471 41.50984424486303, -78.65852010799091 41.50428830573379, -78.66939964415231 41.4973325075584))","((-78.6693996441523, 41.497332507558404), (-78.65785506261471, 41.509844244863025))"
439,MAHONING,"POLYGON ((-79.42782167148644 40.9258657138333, -79.43097669676165 40.92670500231771, -79.43178889426163 40.92969566610239, -79.42282781137045 40.92791447446506, -79.42782167148644 40.9258657138333))","((-79.43178889426163, 40.92969566610239), (-79.42282781137045, 40.92791447446506))"
440,NEWCASTLE,"POLYGON ((-80.36384568303561 40.93815696620221, -80.36471438594359 40.93825379354703, -80.36402840912679 40.93981635419429, -80.36352507988536 40.93943905241722, -80.36384568303561 40.93815696620221))","((-80.36471438594359, 40.938253793547034), (-80.36402840912679, 40.93981635419429))"
441,RIKER,"POLYGON ((-78.93416233520014 40.93990368815669, -78.93736409014316 40.9404293824181, -78.96110812270386 40.95038161964885, -78.94579469956943 40.95273863275747, -78.93416233520014 40.93990368815669))","((-78.93416233520014, 40.93990368815669), (-78.96110812270386, 40.95038161964885))"
442,SENECA (BPRR),"POLYGON ((-78.8371970149833 42.82303943959145, -78.83808440106955 42.82301207976847, -78.839697225455 42.83415062716276, -78.8371192553594 42.82711876973963, -78.8371970149833 42.82303943959145))","((-78.8371970149833, 42.823039439591454), (-78.839697225455, 42.834150627162764))"
443,SOUTH JOHNSONBURG,"POLYGON ((-78.67151717202231 41.47796378921741, -78.67236691413837 41.47770194947744, -78.67711754345711 41.48879946133372, -78.67423477395548 41.48520703192266, -78.67151717202231 41.47796378921741))","((-78.6715171720223, 41.47796378921741), (-78.67711754345711, 41.48879946133372))"
444,WARREN,"POLYGON ((-79.17684754044275 41.83755225943854, -79.1568459481053 41.8472575026799, -79.1494103879652 41.83885991684493, -79.14984528792995 41.83840957449834, -79.17684754044275 41.83755225943854))","((-79.17684754044275, 41.83755225943854), (-79.1494103879652, 41.83885991684493))"
445,UNION STOCK YARD,"POLYGON ((-95.94975260994185 41.20477378326152, -95.95056786928377 41.20440906560992, -95.9535240679166 41.21189330739153, -95.95142192303165 41.20962598080316, -95.94975260994185 41.20477378326152))","((-95.94975260994185, 41.204773783261516), (-95.9535240679166, 41.21189330739153))"
446,100TH ST,"POLYGON ((-87.55627942020173 41.70391927737776, -87.55679779436841 41.70460472469919, -87.54961907411722 41.71374917913037, -87.55157040623776 41.70724072350225, -87.55627942020173 41.70391927737776))","((-87.55627942020173, 41.703919277377764), (-87.54961907411722, 41.71374917913037))"
447,22ND ST,"POLYGON ((-87.73908017687749 41.85030440303229, -87.73989499597415 41.85054982989669, -87.73997004409523 41.86716801353554, -87.734370852716 41.85710396163174, -87.73908017687749 41.85030440303229))","((-87.7390801768775, 41.85030440303229), (-87.73997004409523, 41.86716801353554))"
448,CLEARING,"POLYGON ((-87.71591555984456 41.75912460800811, -87.79062684355858 41.763871987119, -87.80374100997045 41.76980760970099, -87.73657876479793 41.76932868844643, -87.71591555984456 41.75912460800811))","((-87.71591555984456, 41.75912460800811), (-87.80374100997045, 41.76980760970099))"
449,COMMERCIAL AVE,"POLYGON ((-87.56866935098491 41.72301850734942, -87.57006108674905 41.7237509521753, -87.55046558828624 41.72364279709871, -87.55091023512792 41.7231911659808, -87.56866935098491 41.72301850734942))","((-87.57006108674905, 41.7237509521753), (-87.55046558828624, 41.723642797098705))"
450,ROCKWELL ST,"POLYGON ((-87.71010668452364 41.7565701529395, -87.69891617015037 41.75892035426166, -87.68740698031104 41.75743088386626, -87.68783908914898 41.75696455362874, -87.71010668452364 41.7565701529395))","((-87.71010668452364, 41.7565701529395), (-87.68740698031104, 41.75743088386626))"
451,PT OF BROWNSVILLE,"POLYGON ((-97.411551629426 25.95330382935954, -97.41925255258587 25.95655744684612, -97.41947953563789 25.95714799082008, -97.4061498383809 25.95635834588615, -97.411551629426 25.95330382935954))","((-97.41947953563789, 25.95714799082008), (-97.4061498383809, 25.956358345886148))"
452,STEARNS,"POLYGON ((-84.47500702538825 36.69375126083667, -84.4765477142748 36.69523313245077, -84.47622801781388 36.69770115549935, -84.47567105091716 36.6973931120944, -84.47500702538825 36.69375126083667))","((-84.47500702538825, 36.69375126083667), (-84.47622801781388, 36.697701155499345))"
453,BUFFALO CREEK (BSOR),"POLYGON ((-78.8447447331535 42.8476367463418, -78.84553894687615 42.84722644133724, -78.84961886381609 42.85599568057333, -78.84856868628493 42.85517869928566, -78.8447447331535 42.8476367463418))","((-78.8447447331535, 42.8476367463418), (-78.84961886381609, 42.85599568057333))"
454,COLUMBUS,"POLYGON ((-88.4108626903122 33.50030595845492, -88.41362378200463 33.50142651559023, -88.40376025097437 33.50804340862671, -88.40373667076706 33.50741135146419, -88.4108626903122 33.50030595845492))","((-88.41362378200463, 33.50142651559023), (-88.40376025097437, 33.50804340862671))"
455,HEATHMAN,"POLYGON ((-90.72682746667193 33.442364691686, -90.72701815523956 33.44148809821785, -90.74484379401457 33.44486420485616, -90.7402580700093 33.44525221970519, -90.72682746667193 33.442364691686))","((-90.72682746667193, 33.442364691686), (-90.74484379401457, 33.44486420485616))"
456,OTHELLO,"POLYGON ((-119.1780401965361 46.81296675299821, -119.1789991076712 46.8327795721132, -119.1768112943099 46.84131907154652, -119.1772176255155 46.81611597861779, -119.1780401965361 46.81296675299821))","((-119.17804019653612, 46.81296675299821), (-119.17681129430991, 46.84131907154652))"
457,WARDEN,"POLYGON ((-119.0627719630017 46.96181300114691, -119.0636988139505 46.9635256784954, -119.0620333481948 46.96981191430376, -119.0614842993071 46.96898701970193, -119.0627719630017 46.96181300114691))","((-119.06277196300168, 46.96181300114691), (-119.0620333481948, 46.96981191430376))"
458,MAHRT,"POLYGON ((-85.04333713006001 32.16765820452835, -85.04380245709997 32.16842477276048, -85.03494888649681 32.17399713239641, -85.03695033222223 32.17175473257468, -85.04333713006001 32.16765820452835))","((-85.04333713006001, 32.16765820452835), (-85.0349488864968, 32.17399713239641))"
459,VON WILLER,"POLYGON ((-81.65092095098593 41.4726782183414, -81.65199494817902 41.47238816442157, -81.65849601949192 41.47962725055626, -81.65739257814933 41.47931273298639, -81.65092095098593 41.4726782183414))","((-81.65092095098593, 41.4726782183414), (-81.65849601949192, 41.479627250556256))"
460,LODI YARD,"POLYGON ((-121.2489998649185 38.12993326900875, -121.2533756409814 38.13014073772534, -121.2537496179415 38.13065083097863, -121.2478154303467 38.13059452980953, -121.2489998649185 38.12993326900875))","((-121.25374961794151, 38.13065083097863), (-121.24781543034672, 38.13059452980953))"
461,RAND,"POLYGON ((-81.30529393746389 28.81848972841933, -81.30580584549251 28.81775310462893, -81.32163496594056 28.82806600007767, -81.31693136482527 28.82626714443799, -81.30529393746389 28.81848972841933))","((-81.30529393746389, 28.818489728419326), (-81.32163496594056, 28.828066000077666))"
462,COLE STREET,"POLYGON ((-84.11772414661864 40.74780648055594, -84.13006374810055 40.75221032090742, -84.16807274071988 40.77016520593099, -84.165077729423 40.7693746607479, -84.11772414661864 40.74780648055594))","((-84.11772414661864, 40.747806480555944), (-84.16807274071988, 40.770165205930994))"
463,CRESTLINE,"POLYGON ((-82.74476563981642 40.7826432734117, -82.74510827311579 40.78175275951241, -82.76764584488161 40.78284047252286, -82.76418445532886 40.78369945332611, -82.74476563981642 40.7826432734117))","((-82.74476563981642, 40.7826432734117), (-82.76764584488161, 40.78284047252286))"
464,CRESTLINE TRIPLE CROWN,"POLYGON ((-82.77449390278343 40.78212088542692, -82.78859066457201 40.78237268910603, -82.79572086999826 40.78366160039952, -82.77124233612372 40.78278411999522, -82.77449390278343 40.78212088542692))","((-82.79572086999826, 40.78366160039952), (-82.77124233612372, 40.78278411999522))"
465,FORT WAYNE,"POLYGON ((-85.08357948515416 41.05582311205198, -85.08393778170989 41.05500065872425, -85.09790235041875 41.06072446710529, -85.09459817236841 41.06023793201012, -85.08357948515416 41.05582311205198))","((-85.08357948515416, 41.05582311205198), (-85.09790235041875, 41.06072446710529))"
466,LOMBARD YARD,"POLYGON ((-122.2564504342404 38.18983531789478, -122.2570361785662 38.18922156406576, -122.268890308493 38.19532744596312, -122.2682989681661 38.19554850870369, -122.2564504342404 38.18983531789478))","((-122.25645043424043, 38.18983531789478), (-122.26889030849296, 38.195327445963116))"
467,NAPA JUNCTION YARD,"POLYGON ((-122.25092155216 38.17764817153677, -122.2517736781406 38.18297215644254, -122.2507885259164 38.18761347479261, -122.2502377097283 38.18640818352856, -122.25092155216 38.17764817153677))","((-122.25092155215998, 38.17764817153677), (-122.25078852591638, 38.187613474792606))"
468,WOODLAND YARD,"POLYGON ((-121.7652436180478 38.67041851954953, -121.7661248092942 38.67025510359831, -121.7666526595059 38.67577916165759, -121.7658268455379 38.67544680624149, -121.7652436180478 38.67041851954953))","((-121.76612480929418, 38.670255103598315), (-121.7666526595059, 38.675779161657594))"
469,BARRETT,"POLYGON ((-85.43940807028368 31.18604330485122, -85.43878773524176 31.18768371806774, -85.43109705430641 31.18878757052209, -85.43135931749649 31.18821020486796, -85.43940807028368 31.18604330485122))","((-85.43940807028368, 31.186043304851218), (-85.4310970543064, 31.188787570522095))"
470,PALMERTON,"POLYGON ((-75.63150832025218 40.7961195326894, -75.63179866351453 40.79696954015832, -75.62423613790904 40.79900954875392, -75.62446781905773 40.79841959421442, -75.63150832025218 40.7961195326894))","((-75.63179866351453, 40.796969540158315), (-75.62423613790904, 40.799009548753915))"
471,CEDAR RAPIDS SHOPS (CIC),"POLYGON ((-91.68644035371831 41.94141353140458, -91.68729311861132 41.94121771024526, -91.69226472657569 41.95261895449977, -91.6869728151907 41.94726046702682, -91.68644035371831 41.94141353140458))","((-91.68644035371831, 41.94141353140458), (-91.69226472657569, 41.95261895449977))"
472,SMITH-DOWS (CIC),"POLYGON ((-91.7285699028467 41.91997838358127, -91.72896819486097 41.92078089604846, -91.71583617484974 41.92805862373165, -91.71874592608219 41.9251610506121, -91.7285699028467 41.91997838358127))","((-91.7285699028467, 41.91997838358127), (-91.71583617484974, 41.92805862373165))"
473,HONDA AUTOLOAD,"POLYGON ((-85.55276217338375 39.36699603390948, -85.55459045245415 39.3683566485466, -85.55399982748574 39.3743672732889, -85.55324245058038 39.37298283519058, -85.55276217338375 39.36699603390948))","((-85.55276217338375, 39.36699603390948), (-85.55399982748574, 39.374367273288904))"
474,HONDA PLANT,"POLYGON ((-85.52327160047905 39.35389827457092, -85.52365078719568 39.3530846784112, -85.55209798916927 39.36557381954647, -85.54749574210096 39.36445885864149, -85.52327160047905 39.35389827457092))","((-85.52327160047905, 39.353898274570916), (-85.55209798916927, 39.36557381954647))"
475,VALLEY JUNCTION,"POLYGON ((-84.7741307210796 39.16934202195743, -84.7652482159947 39.17171127164181, -84.75917187164586 39.17015634802954, -84.7596099315172 39.16968986340112, -84.7741307210796 39.16934202195743))","((-84.7741307210796, 39.169342021957426), (-84.75917187164586, 39.17015634802954))"
476,CEDAR SPRINGS,"POLYGON ((-85.03265908137381 31.12027995333711, -85.03354884992444 31.12038558372051, -85.03256451320505 31.13061901963467, -85.03198923621142 31.12922990262541, -85.03265908137381 31.12027995333711))","((-85.03265908137381, 31.120279953337107), (-85.03256451320505, 31.130619019634672))"
477,BELEWS CREEK PLANT,"POLYGON ((-76.77123583449534 35.86202638752187, -76.77170832284696 35.86290577671956, -76.76614607979396 35.86358728524053, -76.76644139464555 35.86302681715708, -76.77123583449534 35.86202638752187))","((-76.77170832284696, 35.86290577671956), (-76.76614607979396, 35.863587285240534))"
478,MOREHEAD CITY,"POLYGON ((-76.69811255692359 34.72063866117632, -76.69823371060698 34.7197515167677, -76.70512819310918 34.72071652340414, -76.70190662974554 34.72115804983812, -76.69811255692359 34.72063866117632))","((-76.69811255692359, 34.720638661176324), (-76.70512819310918, 34.72071652340414))"
479,TUB MTN. (WHITEHALL),"POLYGON ((-73.41005329527421 43.52342346009254, -73.41085159047195 43.52510930106725, -73.40751695392137 43.53435879518396, -73.40719502222851 43.53380436602455, -73.41005329527421 43.52342346009254))","((-73.41005329527421, 43.523423460092545), (-73.40751695392137, 43.53435879518396))"
480,TUCKAHOE,"POLYGON ((-74.76093493911419 39.28827750870109, -74.76177296051472 39.28841782595543, -74.7617472001255 39.29422574101419, -74.76040454595115 39.29177754219245, -74.76093493911419 39.28827750870109))","((-74.7609349391142, 39.28827750870109), (-74.7617472001255, 39.294225741014195))"
481,28TH STREET,"POLYGON ((-96.39077224693347 42.50940390584801, -96.39047205228216 42.51165197369433, -96.37668619955041 42.52419349228207, -96.37975663559064 42.51891827044019, -96.39077224693347 42.50940390584801))","((-96.39077224693347, 42.50940390584801), (-96.3766861995504, 42.52419349228207))"
482,ALBION 'A' YARD,"POLYGON ((-80.36181408775427 41.89228231967538, -80.36175339904914 41.89411753067481, -80.34955001218545 41.90134918362855, -80.35055906792286 41.89906296091157, -80.36181408775427 41.89228231967538))","((-80.36181408775427, 41.89228231967538), (-80.34955001218545, 41.901349183628554))"
483,ALBION 'B' YARD,"POLYGON ((-80.3494614356355 41.9010813711952, -80.35071308000379 41.90535676204792, -80.35005686222212 41.91400422635672, -80.34956716927273 41.9135609374844, -80.3494614356355 41.9010813711952))","((-80.3494614356355, 41.9010813711952), (-80.35005686222212, 41.91400422635672))"
484,APPLETON YARD,"POLYGON ((-88.4398632034263 44.24997212828217, -88.43895991541956 44.25159047077391, -88.4309911838919 44.25491021207689, -88.43280686675195 44.25325297844165, -88.4398632034263 44.24997212828217))","((-88.4398632034263, 44.249972128282174), (-88.4309911838919, 44.25491021207689))"
485,AUTO ALLIANCE,"POLYGON ((-83.25266542761898 42.11270443085335, -83.25398530773865 42.11445401363512, -83.25266846132837 42.11733646543897, -83.25223521775249 42.1168845940944, -83.25266542761898 42.11270443085335))","((-83.25266542761898, 42.11270443085335), (-83.25266846132837, 42.11733646543897))"
486,BATON ROUGE,"POLYGON ((-91.18803748444893 30.4716118986903, -91.18892891024655 30.47172271465887, -91.18650828525055 30.48731296454517, -91.18611873826374 30.48681210971321, -91.18803748444893 30.4716118986903))","((-91.18892891024655, 30.471722714658874), (-91.18650828525055, 30.48731296454517))"
487,BATON ROUGE (CN),"POLYGON ((-91.18889779986839 30.46441206230359, -91.18912567623026 30.47631968763989, -91.18686738168972 30.48453873142704, -91.18646780132939 30.48403676073109, -91.18889779986839 30.46441206230359))","((-91.18889779986839, 30.464412062303587), (-91.18686738168972, 30.484538731427044))"
488,BATTLE CREEK,"POLYGON ((-85.16447328807028 42.31278822336669, -85.13228716080856 42.35240960745903, -85.12658806063131 42.35714703525257, -85.14814871738041 42.32038250965891, -85.16447328807028 42.31278822336669))","((-85.16447328807028, 42.31278822336669), (-85.1265880606313, 42.357147035252574))"
489,BELL,"POLYGON ((-89.27298290143092 31.29753665492223, -89.28083810365369 31.30509529993731, -89.28295547834833 31.31411749759418, -89.28234102364813 31.31395079415463, -89.27298290143092 31.29753665492223))","((-89.27298290143092, 31.29753665492223), (-89.28295547834833, 31.314117497594175))"
490,BENTON,"POLYGON ((-88.95493255610687 37.9892201405335, -88.95591672715877 37.99003794421102, -88.93613009725519 37.99130885624596, -88.93695772923182 37.99066354689712, -88.95493255610687 37.9892201405335))","((-88.95591672715877, 37.990037944211025), (-88.93613009725519, 37.991308856245965))"
491,BESSEMER,"POLYGON ((-79.79305794574822 40.4827983400498, -79.79407156445431 40.48905277827157, -79.78644906458919 40.49973537313402, -79.78597808650589 40.49597171958575, -79.79305794574822 40.4827983400498))","((-79.79305794574822, 40.482798340049804), (-79.78644906458919, 40.499735373134016))"
492,BIWABIK,"POLYGON ((-92.33128863862083 47.52243264301585, -92.33152009765983 47.52157924314576, -92.35570458517144 47.52415339125464, -92.34360767779251 47.5273476794034, -92.33128863862083 47.52243264301585))","((-92.33128863862083, 47.522432643015854), (-92.35570458517144, 47.524153391254636))"
493,BOC,"POLYGON ((-83.0547318339935 42.38195101367556, -83.04402522130312 42.38862652727938, -83.03708440218261 42.38302094797633, -83.037870021326 42.38216213027416, -83.0547318339935 42.38195101367556))","((-83.0547318339935, 42.38195101367556), (-83.03708440218261, 42.383020947976334))"
494,BOGALUSA,"POLYGON ((-89.86851624270246 30.76281628525236, -89.86831097251108 30.76831331833101, -89.86447303480368 30.77835842478867, -89.86430654640333 30.77701086241738, -89.86851624270246 30.76281628525236))","((-89.86851624270246, 30.76281628525236), (-89.86447303480368, 30.77835842478867))"
495,BRANCHTON,"POLYGON ((-79.99263307191569 41.05232966188921, -79.99318371578828 41.05684182753522, -79.98799551329456 41.06525064669817, -79.987734466145 41.06466380836571, -79.99263307191569 41.05232966188921))","((-79.99263307191569, 41.05232966188921), (-79.98799551329456, 41.065250646698175))"
496,BUTLER,"POLYGON ((-79.87644574243669 40.88440655271914, -79.87748516938056 40.8850501457098, -79.87824152275479 40.89446945559916, -79.87769676414908 40.89408897049254, -79.87644574243669 40.88440655271914))","((-79.87644574243669, 40.88440655271914), (-79.87824152275479, 40.894469455599165))"
497,BUTLER (CN),"POLYGON ((-79.87632177567387 40.87102492020741, -79.87785253337306 40.87820170901547, -79.87640874778084 40.88410254501298, -79.87594003086784 40.88364101281029, -79.87632177567387 40.87102492020741))","((-79.87632177567387, 40.87102492020741), (-79.87640874778084, 40.88410254501298))"
498,CALVIN,"POLYGON ((-79.89103869236781 40.8569159698834, -79.8916402512347 40.85744557100382, -79.88070489298499 40.89789927459697, -79.87644937635379 40.86986626259893, -79.89103869236781 40.8569159698834))","((-79.89103869236781, 40.8569159698834), (-79.880704892985, 40.897899274596966))"
499,CENTRALIA (CN),"POLYGON ((-89.14378772318051 38.50278155570268, -89.1459267107727 38.50310898819065, -89.1437066035629 38.50783885868314, -89.14325444469374 38.50737995219942, -89.14378772318051 38.50278155570268))","((-89.1459267107727, 38.50310898819065), (-89.1437066035629, 38.507838858683144))"
500,CENTRALIA (CN),"POLYGON ((-89.14338996618564 38.50246171518227, -89.14414011349538 38.50749509092232, -89.13977193369436 38.5161204971803, -89.13943903001115 38.51555218065779, -89.14338996618564 38.50246171518227))","((-89.14338996618564, 38.50246171518227), (-89.13977193369436, 38.5161204971803))"
501,CENTRALIA (CN),"POLYGON ((-89.15881248012803 38.4513629671413, -89.15786789091376 38.46373241156405, -89.14409408314125 38.50334673746398, -89.14338996602528 38.50246171571357, -89.15881248012803 38.4513629671413))","((-89.15881248012803, 38.4513629671413), (-89.14409408314125, 38.50334673746398))"
502,CHAMPAIGN,"POLYGON ((-88.23752068089621 40.12245092459025, -88.23832178241045 40.12285250372138, -88.21876046564012 40.16862326047025, -88.2267917164513 40.14245736973254, -88.23752068089621 40.12245092459025))","((-88.23752068089621, 40.122450924590254), (-88.21876046564012, 40.16862326047025))"
503,CHIPPEWA FALLS YARD,"POLYGON ((-91.43435126256087 44.92627362303501, -91.43675435303533 44.92690699969975, -91.40548589521816 44.93030799350204, -91.41765479677743 44.92694231401813, -91.43435126256087 44.92627362303501))","((-91.43675435303533, 44.92690699969975), (-91.40548589521816, 44.93030799350204))"
504,CONNEAUT HARBOR,"POLYGON ((-80.54713614841577 41.95188791867082, -80.54878754267403 41.96252861236853, -80.54647809077458 41.96588781507896, -80.54429669509878 41.95999068669457, -80.54713614841577 41.95188791867082))","((-80.54713614841577, 41.95188791867082), (-80.54647809077458, 41.96588781507896))"
505,CONNEAUT STORAGE,"POLYGON ((-80.52857781112668 41.95408282529579, -80.52475107563843 41.95583389015087, -80.51894096721549 41.95615758159991, -80.51928405579272 41.95509022102295, -80.52857781112668 41.95408282529579))","((-80.52857781112668, 41.954082825295785), (-80.51894096721549, 41.95615758159991))"
506,CONNEAUT STORAGE,"POLYGON ((-80.51932545456739 41.95508306319456, -80.51947771805786 41.95650712980756, -80.50953219349442 41.95715898920492, -80.50987805367697 41.95661675244921, -80.51932545456739 41.95508306319456))","((-80.5193254545674, 41.95508306319456), (-80.50953219349442, 41.95715898920492))"
507,COUNCIL BLUFFS,"POLYGON ((-95.86352609240494 41.25743491183362, -95.86786913629093 41.27649419715762, -95.86342396446219 41.28406524911983, -95.86191103974687 41.27798441118789, -95.86352609240494 41.25743491183362))","((-95.86352609240494, 41.25743491183362), (-95.86342396446219, 41.28406524911983))"
508,CRAWFORD,"POLYGON ((-87.73452069523883 41.8322308272616, -87.73626570025284 41.83290953369438, -87.72023716526375 41.83327321810454, -87.72339865935389 41.83247167410635, -87.73452069523883 41.8322308272616))","((-87.73626570025284, 41.832909533694384), (-87.72023716526375, 41.83327321810454))"
509,DAVIS,"POLYGON ((-89.18568305946785 37.02124026539261, -89.18993932480677 37.02398589013116, -89.19089821787006 37.03251249469091, -89.1832663540827 37.02227839782037, -89.18568305946785 37.02124026539261))","((-89.19089821787006, 37.03251249469091), (-89.1832663540827, 37.022278397820365))"
510,DECATUR (CN),"POLYGON ((-88.94489169970461 39.85504230424512, -88.94596535503167 39.85657243985495, -88.94669306254355 39.88647681055159, -88.94614308062214 39.88545367408339, -88.94489169970461 39.85504230424512))","((-88.94489169970461, 39.855042304245124), (-88.94669306254355, 39.88647681055159))"
511,DESTREHAN,"POLYGON ((-90.34280514383232 29.94408319868616, -90.37317530841378 29.95681564227962, -90.38958869615377 29.98888685686537, -90.32701479175203 29.95401213728345, -90.34280514383232 29.94408319868616))","((-90.38958869615377, 29.988886856865374), (-90.32701479175203, 29.954012137283453))"
512,DETROIT INTERMODAL TERM,"POLYGON ((-83.11291056356156 42.4478261938897, -83.11456861901048 42.44824551274306, -83.12405693382102 42.46060379030305, -83.11746319521977 42.45481456318372, -83.11291056356156 42.4478261938897))","((-83.11291056356156, 42.4478261938897), (-83.12405693382102, 42.460603790303054))"
513,DETROIT ITNERMODAL TERM,"POLYGON ((-83.11388016358612 42.44882256735904, -83.11620569248359 42.4495651617127, -83.12214313156859 42.4579805736795, -83.12150724752212 42.45792735152884, -83.11388016358612 42.44882256735904))","((-83.11388016358612, 42.448822567359045), (-83.12214313156859, 42.4579805736795))"
514,DUBUQUE (CN),"POLYGON ((-90.65268891471979 42.47477258083568, -90.65872693706504 42.47992353348346, -90.66294576679974 42.49692145579051, -90.6575930423612 42.48748467314434, -90.65268891471979 42.47477258083568))","((-90.65268891471979, 42.474772580835676), (-90.66294576679974, 42.49692145579051))"
515,DUBUQUE IP&L YARD,"POLYGON ((-90.65349667157511 42.50049304447987, -90.65383645905894 42.49966977392219, -90.65747735504696 42.50135638619892, -90.65560602754049 42.5016289149503, -90.65349667157511 42.50049304447987))","((-90.65349667157511, 42.500493044479875), (-90.65747735504696, 42.50135638619892))"
516,DULUTH,"POLYGON ((-92.21605232160545 46.65954656862629, -92.21905640312443 46.66203042915728, -92.22142872713945 46.67733183330085, -92.21863826912237 46.67477342500607, -92.21605232160545 46.65954656862629))","((-92.21605232160545, 46.65954656862629), (-92.22142872713945, 46.67733183330085))"
517,EAST,"POLYGON ((-83.04696384902356 42.39223161613158, -83.04761611450978 42.39284003432385, -83.03705462813029 42.40642141359567, -83.03957563076277 42.40094462592777, -83.04696384902356 42.39223161613158))","((-83.04696384902356, 42.39223161613158), (-83.03705462813029, 42.40642141359567))"
518,EAST JOLIET,"POLYGON ((-88.05610405958063 41.52852975407462, -88.06219653681497 41.53407894203858, -88.06580586532486 41.5462265823334, -88.05454525197119 41.53933062085231, -88.05610405958063 41.52852975407462))","((-88.05610405958063, 41.52852975407462), (-88.06580586532486, 41.5462265823334))"
519,EAST ST LOUIS,"POLYGON ((-90.12406837992559 38.56868457081988, -90.14197873566332 38.58209398665223, -90.15482685029532 38.59463202599544, -90.14644571869506 38.58942875966413, -90.12406837992559 38.56868457081988))","((-90.12406837992559, 38.568684570819876), (-90.15482685029532, 38.594632025995445))"
520,ECANABA YARD,"POLYGON ((-87.06716993045096 45.76675270589952, -87.06822133211828 45.76702709744158, -87.06949587938614 45.77395095080811, -87.06895166467883 45.77367341858253, -87.06716993045096 45.76675270589952))","((-87.06716993045096, 45.76675270589952), (-87.06949587938614, 45.773950950808114))"
521,EDISON (CN),"POLYGON ((-83.19591608243773 42.11686767090256, -83.19651998189859 42.1175274637045, -83.18935437419893 42.12475881101884, -83.1904712745295 42.12251661731295, -83.19591608243773 42.11686767090256))","((-83.19591608243773, 42.11686767090256), (-83.18935437419893, 42.124758811018836))"
522,EFFINGHAM,"POLYGON ((-88.55708842976283 39.08132118264046, -88.55792034088026 39.08164307092773, -88.54913039550513 39.11292800580392, -88.55180112214524 39.10032730540677, -88.55708842976283 39.08132118264046))","((-88.55708842976283, 39.08132118264046), (-88.54913039550513, 39.11292800580392))"
523,ELSDON,"POLYGON ((-87.71306793172602 41.79358256803312, -87.71350771478508 41.80286441730123, -87.70399422596462 41.80459512408326, -87.70393198353982 41.80394264107561, -87.71306793172602 41.79358256803312))","((-87.71306793172602, 41.793582568033116), (-87.70399422596462, 41.804595124083264))"
524,ESCANABA YARD,"POLYGON ((-87.06733431201513 45.75276293635363, -87.06846578126829 45.7545721845727, -87.06943883528265 45.77437429675327, -87.06695538589256 45.7670006984091, -87.06733431201513 45.75276293635363))","((-87.06733431201513, 45.752762936353626), (-87.06943883528265, 45.77437429675327))"
525,FERGUSON,"POLYGON ((-90.00059406719068 31.61496926087867, -90.00935598928673 31.61457849649891, -90.08974431914433 31.63189421286965, -90.04325428677249 31.63799395477647, -90.00059406719068 31.61496926087867))","((-90.00059406719068, 31.614969260878674), (-90.08974431914433, 31.631894212869646))"
526,FLAT ROCK,"POLYGON ((-83.28919730068655 42.10208876881853, -83.26894588302521 42.11272801807923, -83.23553772119116 42.12539935135156, -83.26157913894524 42.10947440536682, -83.28919730068655 42.10208876881853))","((-83.28919730068655, 42.10208876881853), (-83.23553772119116, 42.12539935135156))"
527,FORDHAVEN,"POLYGON ((-83.23151882387901 42.15537097203685, -83.23304308630608 42.15681175501843, -83.23233742018475 42.1655651452409, -83.23183857113179 42.16513347736225, -83.23151882387901 42.15537097203685))","((-83.23151882387901, 42.15537097203685), (-83.23233742018475, 42.1655651452409))"
528,FORT DODGE (CN),"POLYGON ((-94.18825813640032 42.4998934723024, -94.19155953614336 42.49990028462211, -94.1951841299188 42.50213334091898, -94.19462884419421 42.50243536574089, -94.18825813640032 42.4998934723024))","((-94.18825813640032, 42.4998934723024), (-94.1951841299188, 42.50213334091898))"
529,FULTON,"POLYGON ((-88.88840446679285 36.50220804624866, -88.8889185218908 36.50366303571358, -88.88272766400839 36.51750824212436, -88.88387797401309 36.51171786217107, -88.88840446679285 36.50220804624866))","((-88.88840446679285, 36.50220804624866), (-88.88272766400839, 36.51750824212436))"
530,GEISMAR,"POLYGON ((-90.96411101501116 30.1674816108138, -90.96466417810669 30.16677985298788, -91.02381301721576 30.20478788130776, -90.98084404476108 30.18211094270793, -90.96411101501116 30.1674816108138))","((-90.96411101501116, 30.1674816108138), (-91.02381301721576, 30.20478788130776))"
531,GILLEN,"POLYGON ((-83.00468199746533 42.44921235785212, -83.0043741497492 42.45201850228757, -82.99159820232333 42.46757210742943, -82.99150080341217 42.46694461003938, -83.00468199746533 42.44921235785212))","((-83.00468199746533, 42.44921235785212), (-82.99159820232333, 42.467572107429426))"
532,GLADSTONE YARD,"POLYGON ((-87.03585191229713 45.84014889113392, -87.03477063667781 45.84355673536565, -87.02851921854997 45.84921253406728, -87.02845981872021 45.84857431591522, -87.03585191229713 45.84014889113392))","((-87.03585191229713, 45.84014889113392), (-87.02851921854997, 45.84921253406728))"
533,GLENN,"POLYGON ((-87.80135356716622 41.79772399909076, -87.79983880832167 41.79919132004913, -87.76199674952191 41.81059990363678, -87.77813368032243 41.80298340530024, -87.80135356716622 41.79772399909076))","((-87.80135356716622, 41.79772399909076), (-87.76199674952191, 41.810599903636785))"
534,GM,"POLYGON ((-83.25790341974273 42.60959072343666, -83.25843207475573 42.60886544710953, -83.26863272935539 42.61615062229868, -83.26477776277889 42.61446171938786, -83.25790341974273 42.60959072343666))","((-83.25790341974273, 42.60959072343666), (-83.26863272935539, 42.616150622298676))"
535,GREENVILLE SHOPS,"POLYGON ((-80.38984983179949 41.39232274715377, -80.39115548823898 41.3965851406609, -80.38881163686284 41.4037850590539, -80.3861133586453 41.39936548014689, -80.38984983179949 41.39232274715377))","((-80.3898498317995, 41.39232274715377), (-80.38881163686284, 41.4037850590539))"
536,GRIFFITH,"POLYGON ((-87.45405238903041 41.51248545630125, -87.45426582656032 41.51335762262197, -87.4352981179975 41.51813691621395, -87.44128984323666 41.51559438318468, -87.45405238903041 41.51248545630125))","((-87.45405238903041, 41.51248545630125), (-87.4352981179975, 41.518136916213955))"
537,GULF YARD,"POLYGON ((-90.18782709404348 32.28467071966303, -90.1888638992797 32.28482522834886, -90.19041596020737 32.29107356801974, -90.18932522338733 32.28966844235205, -90.18782709404348 32.28467071966303))","((-90.18782709404348, 32.28467071966303), (-90.19041596020737, 32.29107356801974))"
538,HARRISON,"POLYGON ((-90.09927008462709 35.05724320315721, -90.08454359997368 35.07331134670024, -90.05740784869181 35.07473078210328, -90.07068842631958 35.06851408655742, -90.09927008462709 35.05724320315721))","((-90.0992700846271, 35.057243203157206), (-90.05740784869181, 35.07473078210328))"
539,HAWTHORNE,"POLYGON ((-87.75890942157136 41.83148346124819, -87.77045191443322 41.83340837202346, -87.74477901643932 41.83288624720369, -87.74610532730739 41.8322415448552, -87.75890942157136 41.83148346124819))","((-87.77045191443322, 41.83340837202346), (-87.74477901643932, 41.83288624720369))"
540,HAYDEN AUTOLOAD,"POLYGON ((-83.23984562582713 42.11809696231185, -83.24103678995344 42.12235264237381, -83.23926300920581 42.12424025508528, -83.2388526015982 42.12375843410575, -83.23984562582713 42.11809696231185))","((-83.23984562582713, 42.118096962311846), (-83.23926300920581, 42.12424025508528))"
541,HOLLYWOOD,"POLYGON ((-89.96522822009976 35.17101895784054, -89.9661238106558 35.1710731576343, -89.96491178954079 35.17840797840492, -89.96446776379035 35.17795375097489, -89.96522822009976 35.17101895784054))","((-89.9661238106558, 35.171073157634304), (-89.96491178954079, 35.17840797840492))"
542,IMX,"POLYGON ((-87.68422375684061 41.83641404089538, -87.68239591212409 41.83811401025651, -87.6620622353133 41.84088300966178, -87.66958546837513 41.83765317774142, -87.68422375684061 41.83641404089538))","((-87.68422375684061, 41.83641404089538), (-87.6620622353133, 41.84088300966178))"
543,KANKAKEE,"POLYGON ((-87.86361480327376 41.12903827394571, -87.86445506206896 41.1293284229443, -87.86222164684051 41.13867359547826, -87.86190669611561 41.13623722300336, -87.86361480327376 41.12903827394571))","((-87.86361480327376, 41.12903827394571), (-87.86222164684051, 41.13867359547826))"
544,KEENAN YARD,"POLYGON ((-92.6154805864139 47.39139477171474, -92.62536824513394 47.39443793094722, -92.63543568638988 47.40110496835313, -92.63483574322099 47.40129190261774, -92.6154805864139 47.39139477171474))","((-92.6154805864139, 47.39139477171474), (-92.63543568638988, 47.40110496835313))"
545,KIRK,"POLYGON ((-87.33755790142725 41.60684474366008, -87.34671610951237 41.60794644334395, -87.40725023399038 41.6297030560979, -87.35840656881994 41.61716986779768, -87.33755790142725 41.60684474366008))","((-87.33755790142725, 41.60684474366008), (-87.40725023399038, 41.629703056097895))"
546,KIRK (GRW),"POLYGON ((-87.37581778614442 41.62143973769405, -87.37616169425011 41.62061114690653, -87.39119944689294 41.62683830072706, -87.39062201153016 41.62709420949403, -87.37581778614442 41.62143973769405))","((-87.37581778614442, 41.621439737694054), (-87.39119944689294, 41.62683830072706))"
547,LADYSMITH YARD,"POLYGON ((-91.10616045536791 45.46690477359426, -91.10798922766409 45.46779744796065, -91.11144532554773 45.47464267056927, -91.11082557372501 45.47449633855706, -91.10616045536791 45.46690477359426))","((-91.10616045536791, 45.46690477359426), (-91.11144532554773, 45.47464267056927))"
548,LANG,"POLYGON ((-83.50248337440708 41.69455215019211, -83.50383295130594 41.6975064532875, -83.50343829628804 41.71171883055699, -83.502131230649 41.70798862815566, -83.50248337440708 41.69455215019211))","((-83.50248337440708, 41.69455215019211), (-83.50343829628804, 41.71171883055699))"
549,LANSING DELTA AUTOLOAD,"POLYGON ((-84.70063651384851 42.65852187689072, -84.70121284415811 42.6591874089036, -84.6833067367189 42.68101547188523, -84.68392660972059 42.66798772320541, -84.70063651384851 42.65852187689072))","((-84.70063651384851, 42.658521876890724), (-84.6833067367189, 42.68101547188523))"
550,MANITOWOC YARD,"POLYGON ((-87.68293104199643 44.07420067421437, -87.683819382884 44.07429117334677, -87.68346473697575 44.08658199208338, -87.68244649209261 44.08260653216679, -87.68293104199643 44.07420067421437))","((-87.68293104199643, 44.07420067421437), (-87.68346473697575, 44.08658199208338))"
551,MARKHAM,"POLYGON ((-87.66674257332069 41.56403275226307, -87.66621961349495 41.56688191334238, -87.64490750518006 41.60580537878465, -87.64615080868427 41.58531119403784, -87.66674257332069 41.56403275226307))","((-87.66674257332069, 41.564032752263074), (-87.64490750518006, 41.60580537878465))"
552,MAYS,"POLYGON ((-90.20149015120462 29.96917011586522, -90.20988862243998 29.97395822254037, -90.17579550504017 29.971561588573, -90.17621000951563 29.97108968177382, -90.20149015120462 29.96917011586522))","((-90.20988862243998, 29.97395822254037), (-90.17579550504017, 29.971561588573))"
553,MAZDA PLANT,"POLYGON ((-83.25465137203706 42.09765148722745, -83.25609268551618 42.09817818719032, -83.25342655551134 42.10645564856782, -83.25094736978508 42.09975436243687, -83.25465137203706 42.09765148722745))","((-83.25465137203706, 42.09765148722745), (-83.25342655551134, 42.10645564856782))"
554,MEMPHIS INTERMODAL TERM,"POLYGON ((-90.14402906159408 35.02403262100805, -90.15362842731898 35.03697663951911, -90.14994222356124 35.04666766341346, -90.14937254363629 35.04634322891665, -90.14402906159408 35.02403262100805))","((-90.14402906159408, 35.024032621008054), (-90.14994222356124, 35.04666766341346))"
555,MILL,"POLYGON ((-84.62358743752863 42.70182591247355, -84.62037849427696 42.70631401277589, -84.61078037080981 42.71169260246538, -84.61086073181063 42.71103969416355, -84.62358743752863 42.70182591247355))","((-84.62358743752863, 42.701825912473545), (-84.6107803708098, 42.71169260246538))"
556,NEENAH YARD,"POLYGON ((-88.47388881108643 44.17100255429661, -88.47460577213234 44.17147057854729, -88.46997836776342 44.18643153427161, -88.46971131301865 44.17806927029444, -88.47388881108643 44.17100255429661))","((-88.47388881108643, 44.17100255429661), (-88.46997836776342, 44.186431534271605))"
557,NISSAN AUTO LOAD,"POLYGON ((-90.06823725424702 32.55395446783386, -90.06865041481088 32.55569109771621, -90.06168544560161 32.5677689640027, -90.06148292672862 32.56716097784867, -90.06823725424702 32.55395446783386))","((-90.06823725424702, 32.55395446783386), (-90.06168544560161, 32.567768964002695))"
558,NISSAN AUTO LOADING,"POLYGON ((-90.06904376025101 32.55206633916332, -90.06767508141105 32.55903618720624, -90.05244260619054 32.58557226210125, -90.05224374808171 32.58496640670292, -90.06904376025101 32.55206633916332))","((-90.069043760251, 32.55206633916332), (-90.05244260619054, 32.58557226210125))"
559,NORTH,"POLYGON ((-88.61194520392878 37.04875086969579, -88.61332704235018 37.04973888446003, -88.61042823909034 37.05017106292247, -88.61071245416096 37.04917416240819, -88.61194520392878 37.04875086969579))","((-88.61332704235018, 37.04973888446003), (-88.61042823909034, 37.05017106292247))"
560,NORTH,"POLYGON ((-83.2951051343985 42.67024859282012, -83.29575572056127 42.6706127707216, -83.29564502304829 42.67508377542558, -83.29461751229839 42.67329251275612, -83.2951051343985 42.67024859282012))","((-83.2951051343985, 42.67024859282012), (-83.2956450230483, 42.67508377542558))"
561,NORTH GREEN BAY YARD,"POLYGON ((-88.01339381885307 44.52737607964911, -88.01860109146975 44.53004461931427, -88.04512866999568 44.55065907543536, -88.03033331309997 44.54094312399983, -88.01339381885307 44.52737607964911))","((-88.01339381885307, 44.52737607964911), (-88.04512866999568, 44.55065907543536))"
562,NORTH JACKSON,"POLYGON ((-90.19142088728532 32.30737085894863, -90.19050006484326 32.31917841897643, -90.18640866321765 32.3290990193476, -90.18608707763974 32.32855561516792, -90.19142088728532 32.30737085894863))","((-90.19142088728532, 32.30737085894863), (-90.18640866321765, 32.3290990193476))"
563,NORWOOD YARD,"POLYGON ((-88.02815244622047 44.51381981591725, -88.02843906034892 44.51297172489701, -88.03509276397649 44.51576982789699, -88.03337429826891 44.51591370246937, -88.02815244622047 44.51381981591725))","((-88.02843906034892, 44.51297172489701), (-88.0350927639765, 44.51576982789699))"
564,ORION,"POLYGON ((-83.27725378399458 42.7278638296882, -83.28261014694134 42.72907268027302, -83.26740138219957 42.72834877940703, -83.26780556815746 42.72786594577024, -83.27725378399458 42.7278638296882))","((-83.28261014694134, 42.72907268027302), (-83.26740138219957, 42.72834877940703))"
565,ORION AUTOLOAD,"POLYGON ((-83.26254357742663 42.70848846336526, -83.26263914211843 42.70970595415835, -83.25770816769204 42.70937521393675, -83.2580499731698 42.70884768686351, -83.26254357742663 42.70848846336526))","((-83.26263914211843, 42.70970595415835), (-83.25770816769204, 42.709375213936745))"
566,PLATINUM ETHANOL ARTHUR,"POLYGON ((-95.34283418700595 42.33011195344849, -95.34312554139871 42.32927681636615, -95.36026711148074 42.33271129822462, -95.34731060706703 42.33241774738177, -95.34283418700595 42.33011195344849))","((-95.34283418700595, 42.330111953448494), (-95.36026711148074, 42.332711298224616))"
567,POKEGAMA YARD,"POLYGON ((-92.13576660722211 46.6428634155872, -92.13621407987105 46.64208873003126, -92.15795686154591 46.65263675246, -92.14609852592295 46.64918935102056, -92.13576660722211 46.6428634155872))","((-92.13576660722211, 46.6428634155872), (-92.15795686154591, 46.65263675246))"
568,PONTIAC,"POLYGON ((-83.30335990065636 42.64348002054945, -83.30393419871635 42.64279242340837, -83.33163316407372 42.66322938331581, -83.32382563217976 42.66134445448981, -83.30335990065636 42.64348002054945))","((-83.30335990065636, 42.643480020549454), (-83.33163316407372, 42.66322938331581))"
569,PORT HURON,"POLYGON ((-82.47075252534692 42.96326201628693, -82.47302389671131 42.96238985386517, -82.48270743138787 42.96395580039849, -82.48221624648772 42.96437021188132, -82.47075252534692 42.96326201628693))","((-82.47075252534692, 42.963262016286926), (-82.48270743138787, 42.96395580039849))"
570,PROCTOR YARD,"POLYGON ((-92.22718013339433 46.74180801617163, -92.23930824512917 46.75113135427236, -92.25676031817544 46.76646621098222, -92.22726385398472 46.7477598984057, -92.22718013339433 46.74180801617163))","((-92.22718013339433, 46.74180801617163), (-92.25676031817544, 46.76646621098222))"
571,RAILPORT,"POLYGON ((-87.67886308041787 41.80818083460765, -87.6797300185905 41.80828422413059, -87.67946900274609 41.81560196647381, -87.67800479838066 41.8134051118089, -87.67886308041787 41.80818083460765))","((-87.67886308041787, 41.808180834607654), (-87.67946900274609, 41.815601966473814))"
572,RANIER,"POLYGON ((-93.33924805079187 48.56809727570963, -93.34013374390976 48.56796778643825, -93.35071566445798 48.61518768395477, -93.34258974543754 48.61150932205305, -93.33924805079187 48.56809727570963))","((-93.33924805079187, 48.568097275709626), (-93.35071566445798, 48.615187683954765))"
573,ROCKFORD (CN),"POLYGON ((-89.10229298968892 42.2664920986168, -89.10264778605789 42.26569487246936, -89.10954842318255 42.26807556512479, -89.10742087326179 42.26827434707834, -89.10229298968892 42.2664920986168))","((-89.10229298968892, 42.2664920986168), (-89.10954842318255, 42.26807556512479))"
574,ROUGE,"POLYGON ((-83.17410518849755 42.30753151796796, -83.17297511640713 42.31011803116644, -83.1683493355925 42.31114358793394, -83.16847838326346 42.31052595763581, -83.17410518849755 42.30753151796796))","((-83.17410518849755, 42.30753151796796), (-83.1683493355925, 42.31114358793394))"
575,SARATOGA,"POLYGON ((-89.67450184236162 31.79264474344782, -89.67533187426598 31.79243834476809, -89.67780612279837 31.79837535986816, -89.67535918563189 31.79583521078449, -89.67450184236162 31.79264474344782))","((-89.67450184236162, 31.792644743447816), (-89.67780612279837, 31.798375359868157))"
576,SCHAEFER,"POLYGON ((-83.18340766677318 42.2953386817347, -83.18092933285278 42.30049697549944, -83.17674861413126 42.3040999815865, -83.17645465251462 42.30312373225221, -83.18340766677318 42.2953386817347))","((-83.18340766677318, 42.2953386817347), (-83.17674861413126, 42.304099981586496))"
577,SCHILLER PARK,"POLYGON ((-87.86560090696321 41.95415590671537, -87.87027851975785 41.96059441841467, -87.87739889351116 41.98638929554415, -87.86775402203298 41.96232551078519, -87.86560090696321 41.95415590671537))","((-87.86560090696321, 41.95415590671537), (-87.87739889351116, 41.98638929554415))"
578,SEVIER,"POLYGON ((-90.07446647318439 35.07068294906746, -90.07468613938468 35.07154394395176, -90.07276506018628 35.07144192784283, -90.07300274660615 35.07085393311809, -90.07446647318439 35.07068294906746))","((-90.07468613938468, 35.07154394395176), (-90.07276506018628, 35.071441927842834))"
579,SHENANGO,"POLYGON ((-80.39833209465384 41.37478088364598, -80.39910976879943 41.37520922794865, -80.39371745635408 41.38861377157469, -80.39497254976342 41.38080087063035, -80.39833209465384 41.37478088364598))","((-80.39833209465384, 41.374780883645975), (-80.39371745635408, 41.38861377157469))"
580,SHOPS YARD,"POLYGON ((-88.45857158676102 43.79307387402458, -88.4749338821476 43.80476564551014, -88.48366639005638 43.83108445713358, -88.48304425440062 43.83095167063608, -88.45857158676102 43.79307387402458))","((-88.45857158676102, 43.79307387402458), (-88.48366639005638, 43.831084457133585))"
581,SOO YARD,"POLYGON ((-84.39044988804649 46.4881055679415, -84.38977738606852 46.48935560643824, -84.37078472215167 46.49498035030687, -84.37107503657509 46.4944220061231, -84.39044988804649 46.4881055679415))","((-84.39044988804649, 46.488105567941496), (-84.37078472215167, 46.49498035030687))"
582,SOUTH,"POLYGON ((-83.13966811769905 42.24779527714378, -83.13875438105875 42.25084451002517, -83.13168535089942 42.25898966433181, -83.13446256107092 42.25229181730072, -83.13966811769905 42.24779527714378))","((-83.13966811769905, 42.24779527714378), (-83.13168535089942, 42.258989664331814))"
583,SOUTH,"POLYGON ((-90.44651118493007 31.20142937967858, -90.44795811349449 31.20452015771156, -90.4490493361686 31.22554171489912, -90.44751620290025 31.21652228576147, -90.44651118493007 31.20142937967858))","((-90.44651118493007, 31.20142937967858), (-90.4490493361686, 31.225541714899123))"
584,SOUTH CHICAGO (CN),"POLYGON ((-87.53968426055521 41.72974121857461, -87.54039200362995 41.73009999522205, -87.53984561539926 41.73778495955776, -87.53883103251573 41.73106878270635, -87.53968426055521 41.72974121857461))","((-87.5396842605552, 41.72974121857461), (-87.53984561539926, 41.73778495955776))"
585,SPRINGFIELD (CN),"POLYGON ((-89.62535263661017 39.80453305729365, -89.62586849434365 39.80525780320129, -89.61738383683978 39.81268429863999, -89.61937225676724 39.80958174790759, -89.62535263661017 39.80453305729365))","((-89.62535263661017, 39.80453305729365), (-89.61738383683978, 39.81268429863999))"
586,STATE LINE PWR PLT,"POLYGON ((-87.5240642918701 41.70757979534315, -87.52466353711988 41.70715646158332, -87.52642259653821 41.70850126507082, -87.52583895525927 41.70874584181985, -87.5240642918701 41.70757979534315))","((-87.5240642918701, 41.70757979534315), (-87.52642259653821, 41.708501265070815))"
587,STATE LINE PWR PLT,"POLYGON ((-87.51551800377383 41.69954935156973, -87.51619196269202 41.69896062011449, -87.52485499969556 41.70801607861056, -87.52275981171752 41.70766560171549, -87.51551800377383 41.69954935156973))","((-87.51551800377383, 41.69954935156973), (-87.52485499969556, 41.708016078610555))"
588,STEVENS POINT YARD,"POLYGON ((-89.54763510004244 44.51180208751491, -89.5612209720472 44.511992898988, -89.56409995046886 44.51296577258564, -89.54169764258559 44.51281637179374, -89.54763510004244 44.51180208751491))","((-89.56409995046886, 44.512965772585645), (-89.54169764258559, 44.51281637179374))"
589,TORRY,"POLYGON ((-83.75625817777998 42.97283710417873, -83.74478142964115 42.97897397581668, -83.73183951046911 42.98175350248985, -83.73784899705518 42.97707452278854, -83.75625817777998 42.97283710417873))","((-83.75625817777998, 42.97283710417873), (-83.73183951046911, 42.98175350248985))"
590,TUNNEL,"POLYGON ((-82.45914471227927 42.96248248603755, -82.459294813903 42.96159920742916, -82.48259550195766 42.96438529590612, -82.47614339489544 42.96507490191991, -82.45914471227927 42.96248248603755))","((-82.45914471227927, 42.96248248603755), (-82.48259550195766, 42.96438529590612))"
591,TWO HARBORS YARD,"POLYGON ((-91.67915317893758 47.01392891771824, -91.69734873115972 47.01710231465027, -91.69771091160428 47.01762390939557, -91.67708954269126 47.02449256924125, -91.67915317893758 47.01392891771824))","((-91.69771091160428, 47.017623909395574), (-91.67708954269126, 47.02449256924125))"
592,UNION STATION,"POLYGON ((-90.19091539732966 32.30021094538164, -90.19185762302992 32.30029327994161, -90.19181376276273 32.30457087544126, -90.19129565179485 32.30421612939457, -90.19091539732966 32.30021094538164))","((-90.19091539732966, 32.300210945381636), (-90.19181376276273, 32.30457087544126))"
593,VIRGINIA YARD,"POLYGON ((-92.55923688469052 47.4997609146257, -92.56283267897226 47.5108318504245, -92.56270606042672 47.5187024265071, -92.56218981950592 47.5183297281448, -92.55923688469052 47.4997609146257))","((-92.55923688469052, 47.499760914625696), (-92.56270606042672, 47.5187024265071))"
594,WALLACE,"POLYGON ((-89.63271117732398 42.30386445100297, -89.63699457669004 42.3040524382513, -89.65725442607675 42.31427359999846, -89.64950861090708 42.31290312330682, -89.63271117732398 42.30386445100297))","((-89.63271117732398, 42.30386445100297), (-89.65725442607675, 42.31427359999846))"
595,WATERLOO (CN),"POLYGON ((-92.32274947433093 42.50191089965684, -92.33268590912445 42.50475855492751, -92.33594204745134 42.51005307667528, -92.33353881914609 42.5093809705651, -92.32274947433093 42.50191089965684))","((-92.32274947433093, 42.50191089965684), (-92.33594204745134, 42.51005307667528))"
596,WAUKEGAN (CN),"POLYGON ((-87.82530314238706 42.3654033644378, -87.82609093970714 42.36674797994488, -87.8222448821441 42.3752614085965, -87.82195341202828 42.37469333435872, -87.82530314238706 42.3654033644378))","((-87.82530314238706, 42.365403364437796), (-87.8222448821441, 42.3752614085965))"
597,WESTVACO,"POLYGON ((-89.06501715334821 36.93656862131385, -89.066183988414 36.93654455429072, -89.07013373752021 36.94287895978258, -89.06747305359713 36.94060364848679, -89.06501715334821 36.93656862131385))","((-89.06501715334821, 36.93656862131385), (-89.07013373752021, 36.942878959782576))"
598,WHITING,"POLYGON ((-87.47456330335461 41.6534882929986, -87.47695265606012 41.65568834000973, -87.47627790876064 41.66249672016823, -87.47508178181513 41.65976146829796, -87.47456330335461 41.6534882929986))","((-87.47456330335461, 41.653488292998595), (-87.47627790876064, 41.66249672016823))"
599,WISCONSIN RAPIDS YARD,"POLYGON ((-89.8320269785482 44.40367648686375, -89.83261890117998 44.40301866051612, -89.84367096710754 44.41064660317128, -89.8408402194961 44.40981861548134, -89.8320269785482 44.40367648686375))","((-89.8320269785482, 44.40367648686375), (-89.84367096710754, 44.41064660317128))"
600,WYANDOTTE,"POLYGON ((-83.16710644775586 42.18230628221798, -83.16793746053814 42.18263929764494, -83.16415388864228 42.1931139085466, -83.16404315639791 42.19098834562408, -83.16710644775586 42.18230628221798))","((-83.16710644775586, 42.18230628221798), (-83.16415388864228, 42.1931139085466))"
601,DILLARD YARD,"POLYGON ((-123.4242994895749 43.09433564415949, -123.4271655115783 43.09627886406706, -123.4279405401504 43.1027435837197, -123.4272110596428 43.10224918237741, -123.4242994895749 43.09433564415949))","((-123.42429948957489, 43.094335644159486), (-123.42794054015043, 43.1027435837197))"
602,GLENDALE YARD,"POLYGON ((-123.4222942699753 42.73746119954504, -123.4269914608438 42.73745245380046, -123.4349627743299 42.74059692201045, -123.4338482581882 42.74078594886782, -123.4222942699753 42.73746119954504))","((-123.42229426997532, 42.73746119954504), (-123.43496277432993, 42.74059692201045))"
603,GRANTS PASS YARD,"POLYGON ((-123.3021856097147 42.43185023035126, -123.3051079186155 42.43161343460548, -123.3228560657531 42.43811558677709, -123.3222877849276 42.43841493385511, -123.3021856097147 42.43185023035126))","((-123.30218560971474, 42.43185023035126), (-123.3228560657531, 42.438115586777094))"
604,MEDFORD YARD,"POLYGON ((-122.8825232378277 42.33612313800274, -122.8865052622015 42.33876366967603, -122.8973165752032 42.35104202183803, -122.894713610592 42.34931870127967, -122.8825232378277 42.33612313800274))","((-122.88252323782767, 42.33612313800274), (-122.89731657520318, 42.351042021838026))"
605,ROSEBURG YARD,"POLYGON ((-123.3535690279331 43.19892890549644, -123.3548077296481 43.20471166880088, -123.3477819000085 43.21008242790953, -123.3476088434651 43.20946858203754, -123.3535690279331 43.19892890549644))","((-123.3535690279331, 43.19892890549644), (-123.34778190000846, 43.210082427909526))"
606,WINCHESTER,"POLYGON ((-123.3623898895436 43.29293729923943, -123.3616587187383 43.29691779805046, -123.3493783925695 43.30359966624755, -123.3494469956158 43.30296715087535, -123.3623898895436 43.29293729923943))","((-123.3623898895436, 43.29293729923943), (-123.3493783925695, 43.30359966624755))"
607,LAURENS,"POLYGON ((-82.01311081723053 34.49690603508239, -82.01394144563312 34.49765912892004, -82.00972412251693 34.49891654072044, -82.01054275466215 34.49751450358458, -82.01311081723053 34.49690603508239))","((-82.01394144563312, 34.49765912892004), (-82.00972412251693, 34.498916540720444))"
608,ADM YARD,"POLYGON ((-90.21184778590815 41.82013539223886, -90.20935441167892 41.82257060077147, -90.18882044689802 41.82874463527127, -90.19146658848197 41.8269820948579, -90.21184778590815 41.82013539223886))","((-90.21184778590815, 41.82013539223886), (-90.18882044689802, 41.82874463527127))"
609,AIRLINE YARD,"POLYGON ((-87.96408118045994 43.02348960284571, -87.96419093227408 43.02437638198836, -87.94220656282118 43.02856535365952, -87.95494457733638 43.02410941448724, -87.96408118045994 43.02348960284571))","((-87.96408118045994, 43.02348960284571), (-87.94220656282118, 43.02856535365952))"
610,AUSTIN,"POLYGON ((-92.96029921375748 43.67774830141405, -92.96153061652947 43.67965555074976, -92.96096571900634 43.68844470198113, -92.96050881227289 43.68800479179885, -92.96029921375748 43.67774830141405))","((-92.96029921375748, 43.67774830141405), (-92.96096571900634, 43.68844470198113))"
611,BENSENVILLE,"POLYGON ((-87.88930748540673 41.93996770209135, -87.92041694716228 41.95084166736154, -87.92023190431026 41.95335636413707, -87.88161978431576 41.94120061787086, -87.88930748540673 41.93996770209135))","((-87.92023190431026, 41.95335636413707), (-87.88161978431576, 41.94120061787086))"
612,BENSENVILLE,"POLYGON ((-87.91981722834271 41.95112142858702, -87.92623023171001 41.95184007771464, -87.93796293466086 41.95646219649961, -87.91978070307802 41.95320345216581, -87.91981722834271 41.95112142858702))","((-87.91981722834271, 41.95112142858702), (-87.93796293466086, 41.956462196499615))"
613,BETTENDORF,"POLYGON ((-90.49672845009448 41.52436076154118, -90.49599858780493 41.5254430734764, -90.48966610232024 41.52577837257162, -90.49133106250586 41.52496246033559, -90.49672845009448 41.52436076154118))","((-90.49672845009448, 41.52436076154118), (-90.48966610232024, 41.52577837257162))"
614,BLUFF POINT YARD,"POLYGON ((-73.45367262520992 44.63508346639944, -73.45450780689072 44.63664755163265, -73.4499329057214 44.64417122529662, -73.44971592906572 44.64357459256353, -73.45367262520992 44.63508346639944))","((-73.45367262520992, 44.635083466399436), (-73.4499329057214, 44.644171225296624))"
615,BROWNVILLE,"POLYGON ((-69.03993009653115 45.31284064213428, -69.05072712056239 45.32381032806685, -69.07523059169991 45.36712599568197, -69.05268462103383 45.35026709531774, -69.03993009653115 45.31284064213428))","((-69.03993009653115, 45.31284064213428), (-69.0752305916999, 45.367125995681974))"
616,BROWNVILLE JUNCTION,"POLYGON ((-69.05747427139183 45.34797730177117, -69.06256438163064 45.35027274791839, -69.06614885778224 45.35400687352579, -69.0523280076451 45.35034606828332, -69.05747427139183 45.34797730177117))","((-69.06614885778224, 45.35400687352579), (-69.0523280076451, 45.35034606828332))"
617,CALIFORNIA AVE,"POLYGON ((-87.68703645175775 41.88889899922458, -87.68718136236066 41.88801426938969, -87.69257952453712 41.88966390026483, -87.69207690071721 41.89005322386798, -87.68703645175775 41.88889899922458))","((-87.68718136236066, 41.888014269389686), (-87.69257952453712, 41.88966390026483))"
618,CLINTON,"POLYGON ((-90.21174023830783 41.82018649198573, -90.21226932912919 41.82091081359633, -90.2052390238126 41.82509547848856, -90.20530201943964 41.82446401864327, -90.21174023830783 41.82018649198573))","((-90.21226932912919, 41.820910813596335), (-90.2052390238126, 41.82509547848856))"
619,CLINTON (CPRS),"POLYGON ((-90.2054744889023 41.82437643379296, -90.20586995109399 41.82516001544857, -90.19837262100518 41.82961295643321, -90.20051894375436 41.82642809802741, -90.2054744889023 41.82437643379296))","((-90.2054744889023, 41.824376433792956), (-90.19837262100518, 41.82961295643321))"
620,DERBY,"POLYGON ((-68.97338907831706 45.22794367260831, -68.97610423003705 45.23652590632057, -68.96309915692463 45.23176194975946, -68.9633770086681 45.23118851856673, -68.97338907831706 45.22794367260831))","((-68.97610423003705, 45.236525906320566), (-68.96309915692463, 45.23176194975946))"
621,DUBUQUE (CPRS),"POLYGON ((-90.66235450385604 42.49634933527311, -90.66463562532178 42.51227561243472, -90.65806877822966 42.51917315583656, -90.6599102541699 42.50297221951593, -90.66235450385604 42.49634933527311))","((-90.66235450385604, 42.49634933527311), (-90.65806877822966, 42.51917315583656))"
622,ENDERLIN,"POLYGON ((-97.58898532048468 46.61902775083824, -97.58946521868044 46.61826887505223, -97.60777056077364 46.62963225367871, -97.60093346393711 46.62710833197526, -97.58898532048468 46.61902775083824))","((-97.58898532048468, 46.61902775083824), (-97.60777056077364, 46.629632253678714))"
623,FLAXTON,"POLYGON ((-102.3840520796801 48.89177728712686, -102.38509901829 48.89131552477895, -102.3955474229756 48.89875448225943, -102.3949193192611 48.89889440013395, -102.3840520796801 48.89177728712686))","((-102.38405207968009, 48.89177728712686), (-102.39554742297555, 48.89875448225943))"
624,FORT EDWARD,"POLYGON ((-73.57620523398535 43.27270932910491, -73.5748978602808 43.27553634253158, -73.55074425516854 43.29811727252596, -73.56909148448851 43.27850671911317, -73.57620523398535 43.27270932910491))","((-73.57620523398535, 43.272709329104906), (-73.55074425516854, 43.298117272525964))"
625,FRUITLAND INDUSTRIAL,"POLYGON ((-91.11655387265871 41.36433228057484, -91.11704183281705 41.36508053576911, -91.10153798246886 41.37714340524634, -91.10777109659782 41.37077020156289, -91.11655387265871 41.36433228057484))","((-91.11655387265871, 41.36433228057484), (-91.10153798246886, 41.37714340524634))"
626,GALEWOOD,"POLYGON ((-87.75835411327441 41.91643901647678, -87.75840430142301 41.91554287598854, -87.78062997402074 41.91652489448666, -87.76547609841593 41.91703272249647, -87.75835411327441 41.91643901647678))","((-87.75835411327441, 41.91643901647678), (-87.78062997402074, 41.916524894486656))"
627,GLENWOOD,"POLYGON ((-95.34764978440145 45.62941658701401, -95.35858614451386 45.63745927423805, -95.37686059223414 45.66687454086637, -95.37509007431146 45.6656097259069, -95.34764978440145 45.62941658701401))","((-95.34764978440145, 45.629416587014006), (-95.37686059223414, 45.66687454086637))"
628,HARVEY,"POLYGON ((-99.92426186334134 47.76875018853345, -99.9246090829145 47.76792309573575, -99.97941687492997 47.78802906783074, -99.96013634997595 47.7823959427522, -99.92426186334134 47.76875018853345))","((-99.92426186334134, 47.768750188533446), (-99.97941687492997, 47.78802906783074))"
629,HASTINGS YARD,"POLYGON ((-92.80879285437774 44.72915521268749, -92.84273790265762 44.73730614555786, -92.84785596202808 44.74398432709754, -92.84727474707654 44.74423644148659, -92.80879285437774 44.72915521268749))","((-92.80879285437774, 44.729155212687495), (-92.84785596202808, 44.743984327097536))"
630,HUMBOLDT YARD,"POLYGON ((-93.28801800393425 45.0332181862694, -93.28849192530362 45.03250796647391, -93.33342392953503 45.04571036117015, -93.30318326962308 45.04301110588966, -93.28801800393425 45.0332181862694))","((-93.28801800393425, 45.0332181862694), (-93.33342392953503, 45.04571036117015))"
631,HURON,"POLYGON ((-98.20572168620654 44.36557610833328, -98.20565458080185 44.36470730614156, -98.20701735444074 44.36512595632664, -98.20673372237165 44.36569431742044, -98.20572168620654 44.36557610833328))","((-98.20565458080185, 44.36470730614156), (-98.20673372237165, 44.36569431742044))"
632,IPSCO,"POLYGON ((-90.82923506675159 41.47931993262881, -90.83031294308802 41.4805371182842, -90.82948709048846 41.48587738238574, -90.82882125824742 41.48392222755705, -90.82923506675159 41.47931993262881))","((-90.8292350667516, 41.47931993262881), (-90.82948709048846, 41.485877382385745))"
633,KCS EAST,"POLYGON ((-94.4999133566544 39.1245857331632, -94.50148350611212 39.12555892937282, -94.49536048813519 39.12714535131818, -94.49696823866371 39.12517749642654, -94.4999133566544 39.1245857331632))","((-94.50148350611212, 39.12555892937282), (-94.49536048813519, 39.12714535131818))"
634,KENWOOD,"POLYGON ((-73.7650721757359 42.62137281084324, -73.76398652529764 42.63266411608112, -73.7496825660789 42.64500184959781, -73.74954837142548 42.64437555189512, -73.7650721757359 42.62137281084324))","((-73.7650721757359, 42.62137281084324), (-73.7496825660789, 42.64500184959781))"
635,MARQUETTE,"POLYGON ((-91.2031055307403 43.0403613342006, -91.2045490224899 43.04102462860626, -91.18091771160921 43.04313973291296, -91.18131817721651 43.04265422484131, -91.2031055307403 43.0403613342006))","((-91.2045490224899, 43.04102462860626), (-91.18091771160921, 43.043139732912955))"
636,MASON CITY,"POLYGON ((-93.16866007652219 43.13953787777802, -93.1987032687753 43.14059000801098, -93.20125876824356 43.14248100502871, -93.20076618568137 43.14288564674301, -93.16866007652219 43.13953787777802))","((-93.16866007652219, 43.13953787777802), (-93.20125876824356, 43.142481005028706))"
637,MECHANICVILLE,"POLYGON ((-73.69622564954956 42.90964335726493, -73.69653598291364 42.90880347839933, -73.73312688906641 42.91969343029448, -73.71385679954948 42.91636616489197, -73.69622564954956 42.90964335726493))","((-73.69622564954956, 42.909643357264926), (-73.73312688906641, 42.91969343029448))"
638,MILLINOCKET,"POLYGON ((-68.71580292609391 45.66424649281061, -68.70681973072394 45.67445798424169, -68.69783262167387 45.67554151105043, -68.69798070030161 45.67491472061, -68.71580292609391 45.66424649281061))","((-68.71580292609391, 45.664246492810605), (-68.69783262167387, 45.67554151105043))"
639,MOHAWK,"POLYGON ((-73.92546438291178 42.84183038399533, -73.92491428287839 42.84339698668397, -73.91082950220627 42.85258774122564, -73.91388214090148 42.84939721510844, -73.92546438291178 42.84183038399533))","((-73.92546438291178, 42.84183038399533), (-73.91082950220627, 42.85258774122564))"
640,MUSCATINE,"POLYGON ((-91.08415660047153 41.39078964348273, -91.07389635300939 41.40006867593718, -91.0622140853081 41.39208784318389, -91.06264560196684 41.39163331181203, -91.08415660047153 41.39078964348273))","((-91.08415660047153, 41.390789643482734), (-91.0622140853081, 41.392087843183894))"
641,MUSKEGO YARD,"POLYGON ((-87.92495522615359 43.0268596250062, -87.93499805604225 43.02716767921216, -87.95153270875602 43.03100389987583, -87.92202049849783 43.02748115771973, -87.92495522615359 43.0268596250062))","((-87.95153270875602, 43.031003899875834), (-87.92202049849783, 43.02748115771973))"
642,NAHANT,"POLYGON ((-90.63823637605415 41.4865946026846, -90.63861661538553 41.48737738805796, -90.61607143025316 41.50587172824334, -90.63279173689145 41.48961079367008, -90.63823637605415 41.4865946026846))","((-90.63823637605415, 41.486594602684605), (-90.61607143025316, 41.50587172824334))"
643,NORTH MAINE JUNCTION,"POLYGON ((-68.86993158623029 44.78347956972775, -68.87051836190133 44.7829801958466, -68.87083942927475 44.78378502880702, -68.87027016260272 44.78406683758704, -68.86993158623029 44.78347956972775))","((-68.87051836190133, 44.782980195846605), (-68.87027016260272, 44.78406683758704))"
644,NORTH MAINE JUNCTION (MMA),"POLYGON ((-68.86244009601135 44.78393418576945, -68.86260686186968 44.78480669642565, -68.85583396035278 44.78633344189949, -68.85844677034862 44.78467925094662, -68.86244009601135 44.78393418576945))","((-68.86244009601135, 44.783934185769446), (-68.85583396035278, 44.78633344189949))"
645,NORTHERN MAINE JUNCTION,"POLYGON ((-68.86713547504411 44.79120452960716, -68.8657553995759 44.79520791745842, -68.85994406699155 44.80012785331326, -68.85987730224581 44.79947320198276, -68.86713547504411 44.79120452960716))","((-68.86713547504411, 44.79120452960716), (-68.85994406699155, 44.80012785331326))"
646,NORTHERN MAINE JUNCTION (MMA),"POLYGON ((-68.86903527145645 44.69351078139601, -68.87663763133843 44.71691968271389, -68.86746531364918 44.79194992327795, -68.84914985885877 44.78422851002876, -68.86903527145645 44.69351078139601))","((-68.86903527145645, 44.69351078139601), (-68.86746531364918, 44.79194992327795))"
647,NORTHFIELD,"POLYGON ((-93.18532433440249 44.44686366346427, -93.18135518122061 44.44989790592334, -93.16733910080663 44.45513620867143, -93.16850599753074 44.45381723142069, -93.18532433440249 44.44686366346427))","((-93.1853243344025, 44.44686366346427), (-93.16733910080663, 44.45513620867143))"
648,OTTUMWA,"POLYGON ((-92.46041708453726 41.01553718410371, -92.44830259279078 41.02230826889981, -92.42699667237265 41.02529876550301, -92.43019453971498 41.02284129915076, -92.46041708453726 41.01553718410371))","((-92.46041708453726, 41.01553718410371), (-92.42699667237265, 41.02529876550301))"
649,PORTAGE YARD,"POLYGON ((-89.44432203722981 43.54484114196671, -89.47415680529642 43.54680596136064, -89.47951876014591 43.5494019526715, -89.45025277518052 43.54800992655999, -89.44432203722981 43.54484114196671))","((-89.44432203722981, 43.54484114196671), (-89.47951876014591, 43.5494019526715))"
650,PORTAL,"POLYGON ((-102.5205334842528 48.9809116334561, -102.5210362677631 48.98016736244746, -102.5483516353444 48.99850411669625, -102.5466116875158 48.99813294969833, -102.5205334842528 48.9809116334561))","((-102.5205334842528, 48.980911633456095), (-102.54835163534439, 48.998504116696246))"
651,RIVERSIDE PP,"POLYGON ((-90.44997021140212 41.53829396542485, -90.44995110990905 41.54752688509819, -90.44767660020104 41.5482555595175, -90.4443948369204 41.5452616426364, -90.44997021140212 41.53829396542485))","((-90.44997021140212, 41.53829396542485), (-90.44767660020104, 41.5482555595175))"
652,ROCKFORD (CPRS),"POLYGON ((-89.10433798127863 42.27036685838175, -89.10525787947901 42.27066498114964, -89.10430312889241 42.2741525016635, -89.10387471879726 42.27368849804377, -89.10433798127863 42.27036685838175))","((-89.10433798127863, 42.27036685838175), (-89.10430312889241, 42.2741525016635))"
653,SARATOGA SPRINGS,"POLYGON ((-73.81782419532809 43.05988413622349, -73.81863134772965 43.06395931188244, -73.81554119272639 43.06941686936661, -73.81522616091338 43.06885979166923, -73.81782419532809 43.05988413622349))","((-73.81782419532809, 43.05988413622349), (-73.81554119272639, 43.069416869366606))"
654,SHOREHAM YARD,"POLYGON ((-93.26037524684435 45.01638281273509, -93.2627589251733 45.02785512941196, -93.24890932505403 45.03276486993982, -93.24785647883863 45.01865206091588, -93.26037524684435 45.01638281273509))","((-93.26037524684435, 45.01638281273509), (-93.24890932505403, 45.03276486993982))"
655,SIDING 466,"POLYGON ((-101.2423935451845 48.2107845969448, -101.2428837888196 48.21003258998497, -101.2731109760347 48.22869946099195, -101.2606756036755 48.22264730995944, -101.2423935451845 48.2107845969448))","((-101.24239354518448, 48.2107845969448), (-101.2731109760347, 48.22869946099195))"
656,ST. PAUL YARD,"POLYGON ((-93.02227710626921 44.92708221884019, -93.02284073596823 44.92639080800099, -93.03931313409235 44.93772002288565, -93.02816426060741 44.93314384025874, -93.02227710626921 44.92708221884019))","((-93.02227710626921, 44.92708221884019), (-93.03931313409235, 44.93772002288565))"
657,STINSON AVE YARD,"POLYGON ((-92.08502653788462 46.68214778447752, -92.0870825048865 46.68835279717545, -92.08542132636484 46.69912294569358, -92.08494203875573 46.69867250563192, -92.08502653788462 46.68214778447752))","((-92.08502653788462, 46.68214778447752), (-92.08542132636484, 46.69912294569358))"
658,TAYLOR,"POLYGON ((-75.70644719235834 41.38514441046967, -75.7036886934023 41.38777340661308, -75.69081397917735 41.39064138054247, -75.69110470661904 41.39007830287927, -75.70644719235834 41.38514441046967))","((-75.70644719235834, 41.38514441046967), (-75.69081397917735, 41.39064138054247))"
659,THIEF RIVER FALLS,"POLYGON ((-96.17551480583805 48.1211264547415, -96.17637638612737 48.12094530164089, -96.18759335964384 48.14810015894749, -96.17582218320075 48.12880765115055, -96.17551480583805 48.1211264547415))","((-96.17551480583805, 48.1211264547415), (-96.18759335964384, 48.148100158947486))"
660,TRACY,"POLYGON ((-95.61377412471826 44.22936619126092, -95.61407551797541 44.2285201927592, -95.6247083560288 44.2326007462501, -95.62166222750155 44.23237539628091, -95.61377412471826 44.22936619126092))","((-95.61377412471826, 44.22936619126092), (-95.6247083560288, 44.2326007462501))"
661,TUB MTN. (WHITEHALL),"POLYGON ((-73.41554914549849 43.50464050315603, -73.41636775656401 43.50499054520176, -73.40465849886439 43.54556951147751, -73.40494692154452 43.54128646748583, -73.41554914549849 43.50464050315603))","((-73.41554914549849, 43.50464050315603), (-73.40465849886439, 43.54556951147751))"
662,WABASHA,"POLYGON ((-92.04264608875151 44.37811858643302, -92.04404334872912 44.37794042983982, -92.07321358626899 44.40002431964555, -92.06677485062778 44.39680241509135, -92.04264608875151 44.37811858643302))","((-92.04264608875151, 44.37811858643302), (-92.07321358626899, 44.400024319645546))"
663,WASECA,"POLYGON ((-93.51282517570218 44.07704026601064, -93.51813434644556 44.07631807354766, -93.52311871518702 44.07833869115756, -93.52259436950506 44.07874068165549, -93.51282517570218 44.07704026601064))","((-93.51282517570218, 44.07704026601064), (-93.52311871518702, 44.07833869115756))"
664,WEST,"POLYGON ((-89.05065297874162 42.48141714010394, -89.05124983431526 42.48207935149549, -89.04122890586081 42.49264296086142, -89.04257903776445 42.49026001967337, -89.05065297874162 42.48141714010394))","((-89.05065297874162, 42.48141714010394), (-89.0412289058608, 42.492642960861424))"
665,WEST DAVENPORT,"POLYGON ((-90.61619320385275 41.50520284841691, -90.616711451405 41.50593259458331, -90.60646789032249 41.5138328560972, -90.61038032293864 41.50927255987829, -90.61619320385275 41.50520284841691))","((-90.61619320385275, 41.505202848416914), (-90.60646789032249, 41.513832856097196))"
666,BURR OAK,"POLYGON ((-87.67565479824867 41.65586881842571, -87.67345974311175 41.66793956021952, -87.66785264211654 41.67374144904451, -87.67234455365156 41.66089556883824, -87.67565479824867 41.65586881842571))","((-87.67565479824867, 41.65586881842571), (-87.66785264211654, 41.673741449044506))"
667,HARBOR,"POLYGON ((-87.55819893325206 41.67157477784213, -87.55902974832179 41.67182496588048, -87.5581672507176 41.68329998815166, -87.5573877142545 41.68201219577427, -87.55819893325206 41.67157477784213))","((-87.55819893325206, 41.67157477784213), (-87.5581672507176, 41.68329998815166))"
668,IRONDALE,"POLYGON ((-87.55796698501909 41.70510294501612, -87.55912598025895 41.7059805523629, -87.55884809636055 41.71519523583791, -87.55750726417691 41.70979269044859, -87.55796698501909 41.70510294501612))","((-87.55796698501909, 41.705102945016115), (-87.55884809636055, 41.71519523583791))"
669,BAYONNE,"POLYGON ((-74.12264401526542 40.65464807860055, -74.12315402319514 40.655359613618, -74.11676764374617 40.6607255699958, -74.11872955008296 40.65684349058881, -74.12264401526542 40.65464807860055))","((-74.12264401526542, 40.65464807860055), (-74.11676764374617, 40.6607255699958))"
670,BAYWAY (CSAO),"POLYGON ((-74.21050006614269 40.63132472997091, -74.20794274251193 40.6378671742717, -74.20171282679924 40.64670881713938, -74.20155336064748 40.64608708553791, -74.21050006614269 40.63132472997091))","((-74.21050006614269, 40.63132472997091), (-74.20171282679924, 40.64670881713938))"
671,BOUND BROOK,"POLYGON ((-74.53474125083319 40.5591473293423, -74.53251463592969 40.56108865527742, -74.52652637747494 40.56126607107322, -74.52682841065079 40.56071122160996, -74.53474125083319 40.5591473293423))","((-74.53474125083319, 40.5591473293423), (-74.52652637747494, 40.56126607107322))"
672,BRILLS,"POLYGON ((-74.14148999158925 40.71780256051494, -74.13694564546445 40.72565812535802, -74.13260407992151 40.72606519452777, -74.13264412198475 40.72542373120213, -74.14148999158925 40.71780256051494))","((-74.14148999158925, 40.71780256051494), (-74.1326040799215, 40.72606519452777))"
673,BROWNS,"POLYGON ((-74.36407942390888 40.41428053475313, -74.36408592385949 40.41535783346559, -74.34321243542084 40.4274651969106, -74.34767247066836 40.42356579220787, -74.36407942390888 40.41428053475313))","((-74.36407942390888, 40.414280534753125), (-74.34321243542084, 40.427465196910596))"
674,CROXTON,"POLYGON ((-74.06421239166011 40.74627919260274, -74.06508057499491 40.74609567967413, -74.07187638292532 40.76615210541872, -74.07116073289679 40.7655533895494, -74.06421239166011 40.74627919260274))","((-74.0642123916601, 40.74627919260274), (-74.07187638292532, 40.76615210541872))"
675,DEEPWATER,"POLYGON ((-75.48632565691335 39.68946092962406, -75.48632271997948 39.69113357976984, -75.47418856004458 39.70512654949618, -75.47487007954831 39.70139002771059, -75.48632565691335 39.68946092962406))","((-75.48632565691335, 39.68946092962406), (-75.47418856004458, 39.70512654949618))"
676,DOREMUS,"POLYGON ((-74.1225853063805 40.70096726846496, -74.14830881797199 40.70863382634796, -74.1482580304676 40.71204439580083, -74.13020530652921 40.71281189032235, -74.1225853063805 40.70096726846496))","((-74.1225853063805, 40.700967268464964), (-74.1482580304676, 40.71204439580083))"
677,DOREMUS AUTORAMP,"POLYGON ((-74.12544238086134 40.70091172549284, -74.14341170209744 40.70690226919388, -74.14577744223254 40.70949682885139, -74.12431267115464 40.70183663280088, -74.12544238086134 40.70091172549284))","((-74.14577744223254, 40.709496828851385), (-74.12431267115464, 40.701836632800884))"
678,DOREUMS AUTORAMP,"POLYGON ((-74.1227747405469 40.70113335053666, -74.1231150515753 40.70030304768046, -74.13648805398736 40.70555040242237, -74.13534580082536 40.70566928680294, -74.1227747405469 40.70113335053666))","((-74.1227747405469, 40.70113335053666), (-74.13648805398736, 40.70555040242237))"
679,EDISON,"POLYGON ((-83.19154327407814 42.12356176137929, -83.19084977117262 42.12299248656558, -83.19610334711324 42.11779735346511, -83.19619647930479 42.11842569085732, -83.19154327407814 42.12356176137929))","((-83.19084977117262, 42.12299248656558), (-83.19610334711324, 42.117797353465114))"
680,EDISON,"POLYGON ((-74.39386600132647 40.52921657078927, -74.383425277946 40.53527375013682, -74.37387963073238 40.53654824644813, -74.38323898342429 40.53173799526954, -74.39386600132647 40.52921657078927))","((-74.39386600132647, 40.52921657078927), (-74.37387963073238, 40.536548246448135))"
681,EDISON (CSAO),"POLYGON ((-83.19549629031039 42.11786395973718, -83.19573043433921 42.11915372635012, -83.19075548570346 42.12468377083514, -83.19108697659438 42.12295764785049, -83.19549629031039 42.11786395973718))","((-83.19549629031039, 42.11786395973718), (-83.19075548570346, 42.12468377083514))"
682,ERAIL,"POLYGON ((-74.17950349391299 40.66226935941507, -74.18051640941336 40.66216514193059, -74.180260054135 40.66338808651865, -74.17962698962759 40.66327236808118, -74.17950349391299 40.66226935941507))","((-74.18051640941336, 40.662165141930586), (-74.1796269896276, 40.66327236808118))"
683,FRANKFORD JCT YARD,"POLYGON ((-75.0959043374507 39.99799577862343, -75.09648434971361 39.99867857836752, -75.0897634087148 40.00458368722622, -75.09212640237777 40.0011020650467, -75.0959043374507 39.99799577862343))","((-75.0959043374507, 39.997995778623434), (-75.0897634087148, 40.004583687226216))"
684,HUBER,"POLYGON ((-83.03452954946228 42.39769228364574, -83.03555235575811 42.39895983334961, -83.03511814920515 42.40504918253205, -83.03431247117902 42.40302332208844, -83.03452954946228 42.39769228364574))","((-83.03452954946228, 42.39769228364574), (-83.03511814920515, 42.405049182532046))"
685,HUNTER,"POLYGON ((-74.18586190862428 40.71133900895456, -74.18311978624493 40.71677901088315, -74.18142470941496 40.71673161854552, -74.18253803380823 40.71421109372518, -74.18586190862428 40.71133900895456))","((-74.18586190862428, 40.71133900895456), (-74.18142470941496, 40.716731618545516))"
686,IRVINGTON,"POLYGON ((-74.22370315328465 40.71686079344914, -74.22432747670304 40.71747787271818, -74.22066766119201 40.72150834081421, -74.22024569189044 40.72067012407587, -74.22370315328465 40.71686079344914))","((-74.22370315328465, 40.716860793449136), (-74.22066766119201, 40.72150834081421))"
687,LINCOLN,"POLYGON ((-83.17834565057431 42.26351107288325, -83.167835860699 42.2773641711311, -83.16448004257774 42.27971565710224, -83.17117006838727 42.27059667110511, -83.17834565057431 42.26351107288325))","((-83.17834565057431, 42.263511072883254), (-83.16448004257774, 42.27971565710224))"
688,LINCOLN AUTO,"POLYGON ((-83.16542319992979 42.27686537905708, -83.16470085054874 42.27950585544384, -83.16057296934629 42.28138794871283, -83.16060355563071 42.28075493065498, -83.16542319992979 42.27686537905708))","((-83.16542319992979, 42.27686537905708), (-83.16057296934629, 42.281387948712826))"
689,LINDEN,"POLYGON ((-74.26055343877745 40.61997356440152, -74.2558616683002 40.6261642657178, -74.25087907483287 40.62158142906922, -74.25169494239013 40.62085010833046, -74.26055343877745 40.61997356440152))","((-74.26055343877745, 40.61997356440152), (-74.25087907483287, 40.62158142906922))"
690,LIVERNOIS,"POLYGON ((-83.11532389334634 42.31180478254207, -83.13696400940584 42.32011895487253, -83.13721502216528 42.32069880698314, -83.10710536399402 42.3255942307038, -83.11532389334634 42.31180478254207))","((-83.13721502216528, 42.32069880698314), (-83.10710536399402, 42.3255942307038))"
691,LOWER,"POLYGON ((-74.33742564847324 40.50450164943327, -74.33879016929767 40.50624396721852, -74.33868133055141 40.51065098582664, -74.33814053128292 40.51032266230506, -74.33742564847324 40.50450164943327))","((-74.33742564847324, 40.504501649433266), (-74.33868133055141, 40.510650985826636))"
692,MACK,"POLYGON ((-82.97170261332451 42.37606735394668, -82.97356425176085 42.37838099642855, -82.97453961951068 42.38409250261395, -82.96969747442583 42.37733151469131, -82.97170261332451 42.37606735394668))","((-82.97170261332451, 42.37606735394668), (-82.97453961951068, 42.384092502613946))"
693,MEADOWS,"POLYGON ((-74.12052347606962 40.74195061479228, -74.13261987726237 40.7430111365405, -74.08591976818437 40.74246165041191, -74.08636798476341 40.74201873020438, -74.12052347606962 40.74195061479228))","((-74.13261987726237, 40.7430111365405), (-74.08591976818437, 40.74246165041191))"
694,MEADOWS IMF,"POLYGON ((-74.09418760685574 40.7400700387948, -74.11655973794257 40.74291314382989, -74.1177546592715 40.74355290436817, -74.08353878288558 40.74183393145216, -74.09418760685574 40.7400700387948))","((-74.1177546592715, 40.743552904368165), (-74.08353878288558, 40.741833931452156))"
695,MEADOWS MAINTENANCE,"POLYGON ((-74.08902580399125 40.74331449780925, -74.10579529936614 40.74281966741248, -74.10891199494981 40.74441836313691, -74.09950434320005 40.74557515521202, -74.08902580399125 40.74331449780925))","((-74.08902580399125, 40.74331449780925), (-74.1089119949498, 40.74441836313691))"
696,MILE RUN,"POLYGON ((-74.46853678295604 40.47711885470181, -74.46890661916171 40.47791549989361, -74.46008856423633 40.48401231766825, -74.46528499337404 40.47840668995745, -74.46853678295604 40.47711885470181))","((-74.46853678295604, 40.47711885470181), (-74.46008856423633, 40.484012317668245))"
697,MILLHAM,"POLYGON ((-74.72768069577333 40.23774235628672, -74.72811553513698 40.23852142110137, -74.71271881257375 40.24909294290799, -74.71377764600282 40.24736787960138, -74.72768069577333 40.23774235628672))","((-74.72768069577333, 40.237742356286724), (-74.71271881257375, 40.24909294290799))"
698,MILLVILLE,"POLYGON ((-75.03536948540841 39.41396066946858, -75.03619645476807 39.41429794065855, -75.03322000237415 39.42306910254503, -75.03374150217439 39.41825045749066, -75.03536948540841 39.41396066946858))","((-75.03536948540841, 39.41396066946858), (-75.03322000237415, 39.42306910254503))"
699,MORRISVILLE YARD,"POLYGON ((-74.85742161926386 40.18956613159476, -74.79247036041046 40.197137338343, -74.78167797839124 40.19617860127788, -74.78387863603881 40.19528780206259, -74.85742161926386 40.18956613159476))","((-74.85742161926386, 40.18956613159476), (-74.78167797839124, 40.19617860127788))"
700,MOUND ROAD,"POLYGON ((-83.03668536192369 42.44904499776099, -83.03757558537019 42.44910542041908, -83.03769252536918 42.46079984135843, -83.03658028910496 42.45779478872859, -83.03668536192369 42.44904499776099))","((-83.03668536192369, 42.44904499776099), (-83.03769252536918, 42.46079984135843))"
701,NORTH,"POLYGON ((-83.04750093732275 42.39180597837457, -83.04825827791589 42.39228443847524, -83.03517606606947 42.41589139923792, -83.03520055217196 42.40854398342767, -83.04750093732275 42.39180597837457))","((-83.04750093732275, 42.39180597837457), (-83.03517606606947, 42.41589139923792))"
702,NORTH BERGEN,"POLYGON ((-74.03548502003078 40.78523784035223, -74.03625787923987 40.78569348959817, -74.03309713974102 40.78977889623889, -74.03290584338873 40.7891739398534, -74.03548502003078 40.78523784035223))","((-74.03625787923987, 40.78569348959817), (-74.03309713974102, 40.789778896238886))"
703,OAK ISLAND,"POLYGON ((-74.1440763586461 40.70895463056692, -74.14454665328951 40.70844978958542, -74.18687978243725 40.71121513634203, -74.16143516249598 40.71738621755375, -74.1440763586461 40.70895463056692))","((-74.1440763586461, 40.70895463056692), (-74.18687978243725, 40.711215136342034))"
704,PAULSBORO,"POLYGON ((-75.13195446917705 39.93214745909535, -75.13284049102484 39.93229221804832, -75.13158011373396 39.9365982524142, -75.13116779324379 39.93610682239677, -75.13195446917705 39.93214745909535))","((-75.13284049102484, 39.932292218048325), (-75.13158011373396, 39.9365982524142))"
705,PAVONIA,"POLYGON ((-75.10368167015341 39.94472533013533, -75.10401808651685 39.94553546857799, -75.07484196483031 39.96540356054678, -75.09263873862564 39.94852154760733, -75.10368167015341 39.94472533013533))","((-75.1036816701534, 39.94472533013533), (-75.07484196483031, 39.96540356054678))"
706,POINIER STREET,"POLYGON ((-74.19651755517401 40.70836829341807, -74.19623826746256 40.70974475936164, -74.19061418979119 40.71193096620799, -74.19076322117365 40.71133794865952, -74.19651755517401 40.70836829341807))","((-74.19651755517401, 40.70836829341807), (-74.19061418979119, 40.71193096620799))"
707,PORT ELIZABETH EXPRESSRAIL,"POLYGON ((-74.1462443658196 40.66753300243565, -74.15465126081672 40.67138058951073, -74.15599572728232 40.67560940425982, -74.14567677565499 40.66957931391659, -74.1462443658196 40.66753300243565))","((-74.1462443658196, 40.667533002435654), (-74.15599572728232, 40.67560940425982))"
708,PORT ELIZABETH PORTSIDE,"POLYGON ((-74.16764216443903 40.68007877663155, -74.16290482182461 40.68786817293446, -74.16063337240838 40.68907642007692, -74.1655668979232 40.68116356685763, -74.16764216443903 40.68007877663155))","((-74.16764216443903, 40.680078776631554), (-74.16063337240838, 40.68907642007692))"
709,PORT NEWARK,"POLYGON ((-74.16037208597824 40.68801894410866, -74.16120893329077 40.69073821709685, -74.14790447264087 40.70943464485442, -74.14306515542894 40.70118575538909, -74.16037208597824 40.68801894410866))","((-74.16037208597824, 40.68801894410866), (-74.14790447264087, 40.70943464485442))"
710,PORT NEWARK,"POLYGON ((-74.16592661770399 40.68121223198273, -74.16639491488765 40.68314086569335, -74.16182998648732 40.68948854948828, -74.16235567246456 40.68640915141461, -74.16592661770399 40.68121223198273))","((-74.16592661770399, 40.681212231982734), (-74.16182998648732, 40.68948854948828))"
711,PORT READING,"POLYGON ((-74.2338772938984 40.56182593885567, -74.24119473164392 40.56371562673113, -74.24859538127538 40.56772323121133, -74.24506957521585 40.56900686674329, -74.2338772938984 40.56182593885567))","((-74.2338772938984, 40.56182593885567), (-74.24859538127538, 40.56772323121133))"
712,PORTSIDE TRIPLE CROWN,"POLYGON ((-74.16874888098889 40.67871001871114, -74.16943496216417 40.67928588305271, -74.16209221835419 40.68875721288822, -74.16253133877254 40.68689068084562, -74.16874888098889 40.67871001871114))","((-74.16874888098889, 40.678710018711136), (-74.16209221835419, 40.68875721288822))"
713,RIVER ROUGE,"POLYGON ((-83.14334577201615 42.25819245602884, -83.14333090075107 42.26240540370563, -83.13819031526656 42.27657890877054, -83.13983874676272 42.2659700180705, -83.14334577201615 42.25819245602884))","((-83.14334577201615, 42.258192456028844), (-83.13819031526656, 42.27657890877054))"
714,SALEM (CSAO),"POLYGON ((-75.1562479464354 39.82634693057008, -75.15674823950832 39.82704673597298, -75.15227860469726 39.83118209158218, -75.15278782233534 39.82847973646041, -75.1562479464354 39.82634693057008))","((-75.1562479464354, 39.82634693057008), (-75.15227860469726, 39.83118209158218))"
715,SOUTH KEARNY,"POLYGON ((-74.09853326865665 40.74119902604661, -74.09869181614359 40.74031944008109, -74.12073580968757 40.7426832513181, -74.11549638124363 40.7433044445425, -74.09853326865665 40.74119902604661))","((-74.09853326865665, 40.74119902604661), (-74.12073580968757, 40.7426832513181))"
716,SOUTH PLAINFIELD,"POLYGON ((-74.39797527075717 40.57185631472019, -74.40757550125576 40.57352037646717, -74.41245077229127 40.57786735933259, -74.39810212003347 40.57272347120728, -74.39797527075717 40.57185631472019))","((-74.39797527075717, 40.571856314720186), (-74.41245077229127, 40.57786735933259))"
717,STERLING,"POLYGON ((-83.03895743442857 42.56584527839723, -83.04127518069095 42.57002144531735, -83.03995290903285 42.57960893950499, -83.03949124089019 42.57918196000366, -83.03895743442857 42.56584527839723))","((-83.03895743442857, 42.565845278397234), (-83.03995290903285, 42.579608939504986))"
718,STERLING AUTOLOAD,"POLYGON ((-83.0389691938219 42.56574490183786, -83.03985528163317 42.56582668499566, -83.04006033807283 42.58040305247027, -83.03700870870559 42.57601693492986, -83.0389691938219 42.56574490183786))","((-83.0389691938219, 42.56574490183786), (-83.04006033807283, 42.580403052470274))"
719,STONEY CREEK YARD,"POLYGON ((-75.40650021540279 39.81885530569696, -75.40688268816123 39.81965945075799, -75.39105586833378 39.82902758016616, -75.39710330995712 39.82328274372382, -75.40650021540279 39.81885530569696))","((-75.40650021540279, 39.818855305696964), (-75.39105586833378, 39.82902758016616))"
720,TRENTON,"POLYGON ((-83.19109818719028 42.13279609204277, -83.19174018399687 42.13340846622336, -83.17879427481175 42.15135862580726, -83.18326778489461 42.1402109073241, -83.19109818719028 42.13279609204277))","((-83.19109818719028, 42.132796092042774), (-83.17879427481175, 42.151358625807255))"
721,TUCKAHOE,"POLYGON ((-74.76036035838926 39.2910049027949, -74.76122194983316 39.2908030127769, -74.76198839830781 39.29459435053812, -74.76139921158548 39.29436235445738, -74.76036035838926 39.2910049027949))","((-74.76036035838926, 39.2910049027949), (-74.7619883983078, 39.29459435053812))"
722,UPPER,"POLYGON ((-74.36747008194325 40.52112518102163, -74.36945164625963 40.52226329194994, -74.3700847038612 40.52931340309772, -74.36746388421085 40.52313224372839, -74.36747008194325 40.52112518102163))","((-74.36747008194325, 40.52112518102163), (-74.3700847038612, 40.52931340309772))"
723,WAVERLY,"POLYGON ((-74.1984928209575 40.69055188317575, -74.19916711914964 40.69113005281798, -74.1930376149934 40.70008330496992, -74.19402209246437 40.69526231076235, -74.1984928209575 40.69055188317575))","((-74.1984928209575, 40.69055188317575), (-74.1930376149934, 40.700083304969915))"
724,WILSON AVENUE,"POLYGON ((-74.1295871072977 40.71286514100581, -74.13009429106403 40.71381315466598, -74.12731562145112 40.71768971871255, -74.12809602289322 40.71485121488696, -74.1295871072977 40.71286514100581))","((-74.1295871072977, 40.71286514100581), (-74.12731562145112, 40.71768971871255))"
725,ENTIAT,"POLYGON ((-120.2061413370869 47.67697242031969, -120.2069858024764 47.67721917424816, -120.2053857423401 47.69156343543429, -120.2027554111816 47.68429500007114, -120.2061413370869 47.67697242031969))","((-120.2061413370869, 47.67697242031969), (-120.20538574234014, 47.69156343543429))"
726,ENTIAT YARD,"POLYGON ((-120.2061483726153 47.67695966304239, -120.2069858024764 47.67721917424816, -120.2053857423401 47.69156343543429, -120.2025511968868 47.68411220339658, -120.2061483726153 47.67695966304239))","((-120.20614837261529, 47.67695966304239), (-120.20538574234014, 47.69156343543429))"
727,OMAK,"POLYGON ((-119.5201508862606 48.39965825254573, -119.5155053202907 48.40420630120543, -119.5064445721062 48.40436129196476, -119.5067426889236 48.40380520618293, -119.5201508862606 48.39965825254573))","((-119.52015088626057, 48.399658252545734), (-119.50644457210622, 48.40436129196476))"
728,OMAK YARD,"POLYGON ((-119.5201508862606 48.39965825254573, -119.5152785567483 48.40389532475724, -119.5064488097682 48.40437487250587, -119.5067426889236 48.40380520618293, -119.5201508862606 48.39965825254573))","((-119.52015088626057, 48.399658252545734), (-119.50644880976824, 48.40437487250587))"
729,OROVILLE,"POLYGON ((-119.4243480701846 48.93317584555697, -119.4255478564218 48.93251738804047, -119.4372194274184 48.93681670120667, -119.4364847853041 48.93745488044149, -119.4243480701846 48.93317584555697))","((-119.42434807018459, 48.933175845556974), (-119.4372194274184, 48.936816701206666))"
730,OROVILLE YARD,"POLYGON ((-119.4244078456253 48.93320319962891, -119.4247019352443 48.93235462861427, -119.4371710421552 48.93700281689704, -119.4366043348448 48.93728683340783, -119.4244078456253 48.93320319962891))","((-119.42440784562527, 48.933203199628906), (-119.4371710421552, 48.937002816897035))"
731,EAST HARTFORD,"POLYGON ((-72.63604582263859 41.77601827837876, -72.62937472305414 41.7792271837012, -72.62171746673822 41.78036900778631, -72.6220220955387 41.77980876981098, -72.63604582263859 41.77601827837876))","((-72.6360458226386, 41.776018278378764), (-72.62171746673822, 41.78036900778631))"
732,HARTFORD,"POLYGON ((-72.67352443438027 41.77548564377843, -72.66822093864744 41.78872106409462, -72.65683271000286 41.80292816540431, -72.66778013782657 41.77829657340845, -72.67352443438027 41.77548564377843))","((-72.67352443438027, 41.77548564377843), (-72.65683271000286, 41.80292816540431))"
733,BURNHAM (CSS),"POLYGON ((-87.52671304611786 41.63453012335699, -87.52941265114492 41.63476719259199, -87.53981542434656 41.6433060053893, -87.53402740792657 41.64015101055496, -87.52671304611786 41.63453012335699))","((-87.52671304611786, 41.63453012335699), (-87.53981542434656, 41.6433060053893))"
734,48TH AVE,"POLYGON ((-87.74654592401897 41.86767365199461, -87.75500356801014 41.86858952150543, -87.75538379384591 41.86910232356567, -87.74429361696725 41.86840242488974, -87.74654592401897 41.86767365199461))","((-87.75538379384591, 41.86910232356567), (-87.74429361696725, 41.868402424889744))"
735,59TH ST INTERMODAL,"POLYGON ((-87.67850958596004 41.77583507631743, -87.68065899497925 41.78655397708562, -87.67950133671087 41.79754878462067, -87.67837800828893 41.79420983689484, -87.67850958596004 41.77583507631743))","((-87.67850958596004, 41.775835076317435), (-87.67950133671087, 41.797548784620666))"
736,ACCA,"POLYGON ((-77.47251636494377 37.57806192577983, -77.48212560833485 37.58480758524652, -77.48798853543298 37.59950361245104, -77.47682098261853 37.58577816946854, -77.47251636494377 37.57806192577983))","((-77.47251636494377, 37.57806192577983), (-77.48798853543298, 37.59950361245104))"
737,ACCA,"POLYGON ((-77.47367445048009 37.57336398250078, -77.47440231046153 37.5735091980313, -77.48112265159787 37.59045822353581, -77.47231966884056 37.57766931250801, -77.47367445048009 37.57336398250078))","((-77.47367445048009, 37.57336398250078), (-77.48112265159787, 37.59045822353581))"
738,ACTON,"POLYGON ((-80.64149568720168 33.86191538276263, -80.64605033416817 33.86259077483753, -80.66391829514458 33.86838278814405, -80.63617979446015 33.86306157364249, -80.64149568720168 33.86191538276263))","((-80.66391829514458, 33.86838278814405), (-80.63617979446015, 33.86306157364249))"
739,ADM LEAD,"POLYGON ((-83.24396541973194 30.83296182501772, -83.24501770588135 30.83404040620325, -83.24438359143778 30.84030060555691, -83.24375606829761 30.83894026444346, -83.24396541973194 30.83296182501772))","((-83.24396541973194, 30.832961825017723), (-83.24438359143778, 30.840300605556912))"
740,AK STEEL,"POLYGON ((-82.67509905969925 38.50067631573057, -82.67802053399532 38.50308869233747, -82.68038526166225 38.50980446475669, -82.67917882483455 38.5087833394465, -82.67509905969925 38.50067631573057))","((-82.67509905969925, 38.500676315730566), (-82.68038526166225, 38.50980446475669))"
741,ALLIED,"POLYGON ((-83.36300532675293 42.37497894042239, -83.3647391231148 42.37588868660323, -83.35269430292155 42.37604326864194, -83.35469757947226 42.37516245932277, -83.36300532675293 42.37497894042239))","((-83.3647391231148, 42.37588868660323), (-83.35269430292155, 42.37604326864194))"
742,AMPTHILL YARD,"POLYGON ((-77.43811376525132 37.45843626278355, -77.439113152728 37.45877074226663, -77.43865846126774 37.46519251104789, -77.43809172271162 37.46421610446602, -77.43811376525132 37.45843626278355))","((-77.43811376525132, 37.45843626278355), (-77.43865846126774, 37.46519251104789))"
743,AMSTERDAM,"POLYGON ((-74.15565008671655 42.92170012679328, -74.17614709145533 42.92547383982314, -74.19190017483119 42.93502895886421, -74.19132203034215 42.93528508300977, -74.15565008671655 42.92170012679328))","((-74.15565008671655, 42.921700126793276), (-74.19190017483119, 42.93502895886421))"
744,ANDREWS,"POLYGON ((-79.56725536067474 33.43128263897083, -79.56787232245603 33.43192357250754, -79.55679225195847 33.44533700841661, -79.55877048679592 33.44070000179516, -79.56725536067474 33.43128263897083))","((-79.56725536067474, 33.43128263897083), (-79.55679225195847, 33.44533700841661))"
745,ANSONIA,"POLYGON ((-84.66667093741616 40.2094079743288, -84.6667189090841 40.21030481377115, -84.64170639455175 40.21170322631486, -84.65413336416802 40.21007341621649, -84.66667093741616 40.2094079743288))","((-84.66667093741616, 40.209407974328805), (-84.64170639455175, 40.21170322631486))"
746,ASHLAND,"POLYGON ((-82.64179700734995 38.48286015222885, -82.64229019526474 38.48212146666136, -82.65010892596321 38.48653107964397, -82.6457820328677 38.48543493030481, -82.64179700734995 38.48286015222885))","((-82.64179700734995, 38.48286015222885), (-82.65010892596321, 38.48653107964397))"
747,ASHTABULA,"POLYGON ((-80.83683344505022 41.85543302213362, -80.83717742205428 41.8562625569587, -80.80224866556057 41.87129395978061, -80.80587710415365 41.86815707821252, -80.83683344505022 41.85543302213362))","((-80.83683344505022, 41.855433022133624), (-80.80224866556057, 41.87129395978061))"
748,ATHENS,"POLYGON ((-83.39950018384413 33.97029084108785, -83.39987820216355 33.96948661698379, -83.41158544895779 33.97347214462151, -83.4086551088495 33.97350640113226, -83.39950018384413 33.97029084108785))","((-83.39950018384413, 33.970290841087845), (-83.4115854489578, 33.97347214462151))"
749,ATKINSON NORTH,"POLYGON ((-87.48859541594486 37.34099075831323, -87.49437196793205 37.34621452135949, -87.49445066548658 37.35005443989031, -87.49382785004826 37.34989945990313, -87.48859541594486 37.34099075831323))","((-87.48859541594486, 37.340990758313225), (-87.49445066548658, 37.35005443989031))"
750,ATKINSON SOUTH,"POLYGON ((-87.48150223254787 37.32769554163357, -87.48454452918224 37.33107292300581, -87.48674243959506 37.33799183215494, -87.48472391129644 37.33576759247092, -87.48150223254787 37.32769554163357))","((-87.48150223254787, 37.32769554163357), (-87.48674243959506, 37.33799183215494))"
751,ATLANTA AUTO RAMP,"POLYGON ((-83.93976200600342 33.9816272166795, -83.94539461214515 33.98335185151104, -83.94565933023446 33.98393446590854, -83.942725630848 33.98583957394791, -83.93976200600342 33.9816272166795))","((-83.93976200600342, 33.9816272166795), (-83.94565933023446, 33.98393446590854))"
752,ATWOOD,"POLYGON ((-83.64716770507258 42.96050444077829, -83.65284454275032 42.96938860760562, -83.64811652836282 42.97366230176125, -83.64765088550988 42.97323050204292, -83.64716770507258 42.96050444077829))","((-83.64716770507258, 42.96050444077829), (-83.64811652836282, 42.97366230176125))"
753,AUBURN,"POLYGON ((-83.86599285671953 34.00304746795329, -83.86651579899883 34.0039283969042, -83.86048935037201 34.00722331315091, -83.86254552393785 34.00481808254978, -83.86599285671953 34.00304746795329))","((-83.86599285671953, 34.00304746795329), (-83.860489350372, 34.00722331315091))"
754,AUBURN,"POLYGON ((-83.9462969733077 33.98114339317816, -83.94595259737096 33.98406377801786, -83.86572367215938 34.00359197376597, -83.87112786913399 34.00111864407815, -83.9462969733077 33.98114339317816))","((-83.9462969733077, 33.98114339317816), (-83.86572367215938, 34.00359197376597))"
755,AUBURNDALE,"POLYGON ((-81.78987590116077 28.05083603494418, -81.790621838992 28.05034513276589, -81.79519406902514 28.0579160455296, -81.79293482154561 28.05587410663825, -81.78987590116077 28.05083603494418))","((-81.78987590116077, 28.050836034944176), (-81.79519406902514, 28.0579160455296))"
756,AUGUSTA (CSXT),"POLYGON ((-81.93570349718944 33.4499201615461, -81.94185211063497 33.44999908291787, -81.96478274217181 33.46010995599234, -81.96420862218943 33.460371179999, -81.93570349718944 33.4499201615461))","((-81.93570349718944, 33.4499201615461), (-81.9647827421718, 33.46010995599234))"
757,AVON,"POLYGON ((-86.36336606167735 39.75405761209867, -86.3993264003433 39.75774201139941, -86.39972831550965 39.75822423017814, -86.3307523088302 39.75985272267767, -86.36336606167735 39.75405761209867))","((-86.39972831550965, 39.758224230178136), (-86.3307523088302, 39.75985272267767))"
758,BAINBRIDGE,"POLYGON ((-84.58172065823848 30.89111991177797, -84.58522261126721 30.89532225095515, -84.58325953667932 30.90592905889006, -84.58253113805068 30.90408794479617, -84.58172065823848 30.89111991177797))","((-84.58172065823848, 30.891119911777967), (-84.58325953667932, 30.905929058890063))"
759,BAKER,"POLYGON ((-87.38825591626733 39.43398985466912, -87.38909536088235 39.43407911213526, -87.39108929529485 39.4442538621222, -87.38884305233624 39.4393031020726, -87.38825591626733 39.43398985466912))","((-87.38825591626733, 39.43398985466912), (-87.39108929529485, 39.444253862122196))"
760,BALDWIN,"POLYGON ((-81.99176898519045 30.25581720965222, -81.98439142305818 30.28032335261428, -81.97679934247701 30.29607073808255, -81.98022741112661 30.28244120491501, -81.99176898519045 30.25581720965222))","((-81.99176898519045, 30.255817209652225), (-81.97679934247701, 30.296070738082552))"
761,BARR,"POLYGON ((-87.65567682239704 41.64718864617418, -87.66832680023678 41.64813369190714, -87.62202308558646 41.64885848157947, -87.62869281984143 41.64791766455458, -87.65567682239704 41.64718864617418))","((-87.66832680023678, 41.64813369190714), (-87.62202308558646, 41.64885848157947))"
762,BATAVIA,"POLYGON ((-78.20102119056331 42.98627212109452, -78.20140504627264 42.98549237126097, -78.21417340152331 42.98855777677695, -78.21099870786115 42.98875174788461, -78.20102119056331 42.98627212109452))","((-78.20102119056331, 42.98627212109452), (-78.21417340152331, 42.98855777677695))"
763,BAYOU CASSOTTE,"POLYGON ((-88.52501278497093 30.37819113217795, -88.52548047013799 30.37895793618925, -88.50330537620542 30.39249649359299, -88.50960281700767 30.38764928130417, -88.52501278497093 30.37819113217795))","((-88.52501278497093, 30.37819113217795), (-88.50330537620542, 30.39249649359299))"
764,BAYSIDE COAL,"POLYGON ((-76.58386978615631 39.22246457826448, -76.58468190307578 39.22257705938976, -76.58728765824956 39.23301057682899, -76.58198420564875 39.22795954794658, -76.58386978615631 39.22246457826448))","((-76.58386978615631, 39.22246457826448), (-76.58728765824956, 39.23301057682899))"
765,BAYVIEW (CSXT),"POLYGON ((-76.55226504954268 39.29708556587951, -76.55349246066447 39.30050872058089, -76.53614506014691 39.30258213469283, -76.54169986588144 39.29881292755078, -76.55226504954268 39.29708556587951))","((-76.55349246066447, 39.300508720580886), (-76.53614506014691, 39.30258213469283))"
766,BELLE ISLE POCKET,"POLYGON ((-76.1986114544264 43.06410838806322, -76.19887788855364 43.06325183211912, -76.26413100934514 43.08025571975833, -76.20558499236989 43.06665670778925, -76.1986114544264 43.06410838806322))","((-76.1986114544264, 43.06410838806322), (-76.26413100934514, 43.08025571975833))"
767,BELLWOOD,"POLYGON ((-77.43596601382495 37.40915683761818, -77.43677136346798 37.40950330154691, -77.43255218176407 37.4294755827847, -77.43134910916851 37.41638934650558, -77.43596601382495 37.40915683761818))","((-77.43596601382495, 37.409156837618184), (-77.43255218176407, 37.429475582784704))"
768,BENNETT,"POLYGON ((-80.03451483803539 32.85349445047101, -80.03471492982627 32.85436709285234, -79.99980897257088 32.86493356532664, -80.01794661757836 32.85731283819956, -80.03451483803539 32.85349445047101))","((-80.03451483803539, 32.85349445047101), (-79.99980897257088, 32.86493356532664))"
769,BENNING,"POLYGON ((-76.96732038339586 38.88102197224666, -76.96773673420317 38.88179472800606, -76.95416113401517 38.89284784703046, -76.96228374144374 38.88362167769266, -76.96732038339586 38.88102197224666))","((-76.96732038339586, 38.881021972246664), (-76.95416113401517, 38.89284784703046))"
770,BENTON HARBOR,"POLYGON ((-86.4682349129944 42.11616045889456, -86.46796546345017 42.11716505963145, -86.45468566587687 42.1187490019145, -86.4569740046483 42.11734057995762, -86.4682349129944 42.11616045889456))","((-86.4682349129944, 42.11616045889456), (-86.45468566587687, 42.1187490019145))"
771,BENWOOD,"POLYGON ((-80.73179964886467 39.99440681863025, -80.73300305734051 39.99539210935644, -80.73422481831258 40.00311645011462, -80.73274913293959 39.99987286041593, -80.73179964886467 39.99440681863025))","((-80.73179964886467, 39.994406818630246), (-80.73422481831258, 40.00311645011462))"
772,BIDS TERMINAL,"POLYGON ((-87.54601151262801 37.98957676313047, -87.54684131761412 37.99043966261898, -87.54454976457006 37.99328114477436, -87.54430374887988 37.99268806341518, -87.54601151262801 37.98957676313047))","((-87.54601151262801, 37.989576763130465), (-87.54454976457006, 37.99328114477436))"
773,BIDS TERMINAL,"POLYGON ((-76.59022115819737 39.265329845985, -76.59360959085032 39.26570642749804, -76.59452486930236 39.26647489352222, -76.58792399618976 39.26697393643858, -76.59022115819737 39.265329845985))","((-76.59452486930236, 39.26647489352222), (-76.58792399618976, 39.26697393643858))"
774,BIG FOUR,"POLYGON ((-82.07868595566129 27.64781140561302, -82.07873775503782 27.64691586822908, -82.09784681601256 27.64767475323631, -82.09611949495621 27.64814563202844, -82.07868595566129 27.64781140561302))","((-82.07868595566129, 27.647811405613023), (-82.09784681601256, 27.647674753236306))"
775,BILLS CREEK,"POLYGON ((-81.83011328034421 38.45526618136425, -81.82708672149752 38.46295028191579, -81.81980460108561 38.46484620295387, -81.82041922726286 38.46273739801229, -81.83011328034421 38.45526618136425))","((-81.83011328034421, 38.45526618136425), (-81.81980460108561, 38.46484620295387))"
776,BLACKS RUN,"POLYGON ((-80.24148294103114 40.60807677438139, -80.24236541596238 40.60794196568722, -80.25917972756092 40.67271632666142, -80.2460456723972 40.64828451054717, -80.24148294103114 40.60807677438139))","((-80.24148294103114, 40.60807677438139), (-80.25917972756092, 40.672716326661416))"
777,BONNIE SPUR,"POLYGON ((-81.93019715021138 27.86615780963607, -81.93203643892431 27.8698271548958, -81.93053162721804 27.87598870141558, -81.92998105379442 27.87384393300691, -81.93019715021138 27.86615780963607))","((-81.93019715021138, 27.866157809636075), (-81.93053162721804, 27.87598870141558))"
778,BOOTH TRANSFLO,"POLYGON ((-78.84790085872041 35.7399571674317, -78.84874663650301 35.73978984465663, -78.84864639511341 35.74152576206638, -78.84804060662957 35.74132383097344, -78.84790085872041 35.7399571674317))","((-78.84874663650301, 35.73978984465663), (-78.8486463951134, 35.74152576206638))"
779,BOSTIC,"POLYGON ((-81.85295985144651 35.37050566543118, -81.8604040265943 35.37734753996848, -81.85886849641319 35.39023254642044, -81.85651215933787 35.38798849557344, -81.85295985144651 35.37050566543118))","((-81.85295985144651, 35.37050566543118), (-81.8588684964132, 35.39023254642044))"
780,BOSTON NORTH,"POLYGON ((-71.07941637750395 42.37462854284017, -71.08086754724405 42.37537944398431, -71.07762444210471 42.37594935995262, -71.07806959407671 42.37505690302996, -71.07941637750395 42.37462854284017))","((-71.08086754724405, 42.375379443984315), (-71.0776244421047, 42.37594935995262))"
781,BOULEVARD,"POLYGON ((-84.38043844785811 33.74824442172408, -84.38517557314276 33.74985807286151, -84.36620152796138 33.75279817678686, -84.37294558288781 33.74992550243913, -84.38043844785811 33.74824442172408))","((-84.38517557314276, 33.749858072861514), (-84.36620152796138, 33.75279817678686))"
782,BOULEVARD,"POLYGON ((-83.50692940511675 41.69173676328235, -83.50933240658857 41.69259875246021, -83.51619058907983 41.70330051928719, -83.51414502435578 41.70148801676039, -83.50692940511675 41.69173676328235))","((-83.50692940511675, 41.69173676328235), (-83.51619058907983, 41.70330051928719))"
783,BOWATER,"POLYGON ((-80.89751110478116 34.84296759661191, -80.8995118179329 34.84365310837786, -80.90449495398894 34.84978989741667, -80.90385892014719 34.84978511967668, -80.89751110478116 34.84296759661191))","((-80.89751110478116, 34.84296759661191), (-80.90449495398894, 34.84978989741667))"
784,BOYLES,"POLYGON ((-86.78948348243934 33.55020356818748, -86.79024053845302 33.55055353800555, -86.78830219134433 33.57881234140694, -86.78336851808942 33.57311734688817, -86.78948348243934 33.55020356818748))","((-86.78948348243934, 33.550203568187484), (-86.78830219134433, 33.578812341406945))"
785,BRAINTREE,"POLYGON ((-71.00094626755165 42.20781934671015, -71.00180678882343 42.20803914165778, -71.00019801644179 42.21967834863891, -70.9994758039421 42.21659161523, -71.00094626755165 42.20781934671015))","((-71.00094626755165, 42.207819346710146), (-71.00019801644179, 42.21967834863891))"
786,BRANDENTON,"POLYGON ((-82.54993523519146 27.47737477326049, -82.55154301563236 27.47888280168128, -82.55337790242356 27.48710074080261, -82.55040073376138 27.48323317720717, -82.54993523519146 27.47737477326049))","((-82.54993523519146, 27.477374773260493), (-82.55337790242356, 27.48710074080261))"
787,BREWER,"POLYGON ((-87.54362008501938 40.11873136103515, -87.54620902144873 40.11924568322807, -87.5627348721554 40.13296106275238, -87.56210053706683 40.1330465965227, -87.54362008501938 40.11873136103515))","((-87.54362008501938, 40.11873136103515), (-87.5627348721554, 40.13296106275238))"
788,BRISTOW,"POLYGON ((-86.36660957617489 37.01088272893234, -86.37822436903363 37.01240309569448, -86.37859746074847 37.01291908588029, -86.36352778281467 37.01815319659219, -86.36660957617489 37.01088272893234))","((-86.37859746074847, 37.01291908588029), (-86.36352778281467, 37.01815319659219))"
789,BROOKLYN JCT,"POLYGON ((-80.87320006719257 39.62319675915941, -80.87376218203477 39.62387924415807, -80.8638426374861 39.63487993605467, -80.86564332928816 39.62989985270008, -80.87320006719257 39.62319675915941))","((-80.87320006719257, 39.623196759159406), (-80.8638426374861, 39.63487993605467))"
790,BRUCETON,"POLYGON ((-88.26191599857449 36.0351308433927, -88.27036615417272 36.03705578980114, -88.24200373483967 36.04525618577077, -88.25883541476949 36.03572080091269, -88.26191599857449 36.0351308433927))","((-88.27036615417272, 36.037055789801144), (-88.24200373483967, 36.04525618577077))"
791,BRUNSWICK,"POLYGON ((-77.5982025553927 39.30469780500226, -77.6475351383273 39.31549699951743, -77.66446809783791 39.32582108557656, -77.58151456063787 39.30905474507609, -77.5982025553927 39.30469780500226))","((-77.66446809783791, 39.32582108557656), (-77.58151456063787, 39.30905474507609))"
792,BRUNSWICK (CSXT),"POLYGON ((-81.49761188584608 31.18146715340694, -81.4984981855992 31.18132080111475, -81.50114188154517 31.20038291340152, -81.50062697309129 31.20001256383212, -81.49761188584608 31.18146715340694))","((-81.4984981855992, 31.181320801114747), (-81.50114188154517, 31.200382913401523))"
793,C&O,"POLYGON ((-83.40597820706834 41.13262773951109, -83.40710502027129 41.13378498073659, -83.40661753548126 41.15045017634774, -83.40612414214353 41.1493603439927, -83.40597820706834 41.13262773951109))","((-83.40597820706834, 41.132627739511086), (-83.40661753548126, 41.15045017634774))"
794,CALERA,"POLYGON ((-86.75093888756456 33.10550224486809, -86.75182474281881 33.1055295239368, -86.75459802091774 33.12961253547827, -86.75078631762322 33.12187304969874, -86.75093888756456 33.10550224486809))","((-86.75093888756456, 33.10550224486809), (-86.75459802091774, 33.12961253547827))"
795,CALHOUN,"POLYGON ((-84.93385784242346 34.53845854852653, -84.93462748190584 34.5388885852086, -84.93056839894263 34.54982169853619, -84.93116102714889 34.54444628557846, -84.93385784242346 34.53845854852653))","((-84.93385784242346, 34.53845854852653), (-84.93056839894263, 34.54982169853619))"
796,CAMAK,"POLYGON ((-82.65717429727874 33.44928011922423, -82.65965755199292 33.45025518570296, -82.64778284619133 33.45235918947673, -82.65425993845962 33.44976724128733, -82.65717429727874 33.44928011922423))","((-82.65965755199292, 33.45025518570296), (-82.64778284619133, 33.45235918947673))"
797,CAROLINA EASTMAN,"POLYGON ((-81.01284670080254 33.85906852049009, -81.01387555539023 33.85991894773964, -81.02029103823531 33.87752285440955, -81.00918453785631 33.86062742312515, -81.01284670080254 33.85906852049009))","((-81.02029103823531, 33.87752285440955), (-81.00918453785631, 33.86062742312515))"
798,CAROLINA EASTMAN,"POLYGON ((-81.01998630275628 33.87667781047286, -81.02581740587723 33.88000864970189, -81.02596291623725 33.88062213977973, -81.02217648665682 33.88117787976819, -81.01998630275628 33.87667781047286))","((-81.01998630275628, 33.876677810472856), (-81.02596291623725, 33.88062213977973))"
799,CARTERSVILLE,"POLYGON ((-84.80114444242585 34.17948418397029, -84.80237550801071 34.1811877345486, -84.80195787169143 34.18803853342744, -84.80146052168919 34.18765307347622, -84.80114444242585 34.17948418397029))","((-84.80114444242585, 34.17948418397029), (-84.80195787169143, 34.18803853342744))"
800,CARTHAGE,"POLYGON ((-75.61470731025605 43.98812049947229, -75.61552839298984 43.98777440806133, -75.64192447919983 44.03409309282193, -75.62452057762745 44.01245403780953, -75.61470731025605 43.98812049947229))","((-75.61470731025605, 43.98812049947229), (-75.64192447919983, 44.03409309282193))"
801,CAYCE,"POLYGON ((-81.05526675210213 33.96310009407519, -81.05742129075438 33.96941201700555, -81.05075093785617 33.97419114733275, -81.05051531013783 33.9735915654876, -81.05526675210213 33.96310009407519))","((-81.05526675210213, 33.963100094075195), (-81.05075093785617, 33.974191147332746))"
802,CEDAR BAY,"POLYGON ((-81.6083084521933 30.4297440154128, -81.60952335382332 30.43113336340275, -81.60986696567554 30.438493560451, -81.60877834442529 30.43638388789449, -81.6083084521933 30.4297440154128))","((-81.6083084521933, 30.429744015412805), (-81.60986696567554, 30.438493560450997))"
803,CENTRAL FLORIDA ILC,"POLYGON ((-81.68232442921331 27.93128712852479, -81.6922215399685 27.93556538967063, -81.70396010290216 27.95618863371676, -81.70333186091581 27.95613170334499, -81.68232442921331 27.93128712852479))","((-81.68232442921331, 27.931287128524794), (-81.70396010290216, 27.956188633716756))"
804,CEREDO,"POLYGON ((-82.5588476845235 38.39186892114261, -82.56476739486399 38.39389572920498, -82.53529771984368 38.39541206245661, -82.54896476869861 38.39277131740751, -82.5588476845235 38.39186892114261))","((-82.56476739486399, 38.393895729204985), (-82.53529771984368, 38.395412062456614))"
805,CEREDO TERMINAL,"POLYGON ((-82.54918158205918 38.3978498854381, -82.55316391983018 38.39749886969273, -82.55842441866334 38.39858372654174, -82.55121562950431 38.39873923362747, -82.54918158205918 38.3978498854381))","((-82.54918158205918, 38.3978498854381), (-82.55842441866334, 38.398583726541744))"
806,CHAMBERBURG YARD,"POLYGON ((-77.63115570367711 39.88053489855238, -77.64761851454196 39.8973004976535, -77.65298618952303 39.90926106333934, -77.65124830367061 39.90783342542709, -77.63115570367711 39.88053489855238))","((-77.63115570367711, 39.88053489855238), (-77.65298618952303, 39.909261063339336))"
807,CHARLESTON INTRMDL,"POLYGON ((-79.9839742022033 32.85382588234093, -79.9889368394402 32.85626670238066, -79.99482311509759 32.86806287485091, -79.99417494056381 32.86797739018753, -79.9839742022033 32.85382588234093))","((-79.9839742022033, 32.85382588234093), (-79.99482311509759, 32.86806287485091))"
808,CHARLOTTE TRANSFLO,"POLYGON ((-80.92268261715043 35.27367552855042, -80.92853375471267 35.27374773228556, -80.93186548506465 35.27551086981876, -80.92290193700667 35.27507509167076, -80.92268261715043 35.27367552855042))","((-80.92268261715043, 35.27367552855042), (-80.93186548506465, 35.27551086981876))"
809,CHESAPEAKE,"POLYGON ((-76.32956013011625 36.82588981038588, -76.32183258385525 36.83086138705482, -76.31522331379871 36.83077189478701, -76.31552160380905 36.83021463664978, -76.32956013011625 36.82588981038588))","((-76.32956013011625, 36.82588981038588), (-76.31522331379871, 36.83077189478701))"
810,CHESTER,"POLYGON ((-86.30734408029572 32.3959708250074, -86.30563365561486 32.40284309663123, -86.29885581448305 32.41076239118993, -86.29869984294662 32.41014118734959, -86.30734408029572 32.3959708250074))","((-86.30734408029572, 32.395970825007396), (-86.29885581448305, 32.410762391189934))"
811,CHESTER TRANS-FLO,"POLYGON ((-75.36824567151181 39.85388440847541, -75.36868169582962 39.85466451397163, -75.36372427292095 39.85673922827713, -75.3637278697511 39.85585077331243, -75.36824567151181 39.85388440847541))","((-75.36868169582962, 39.85466451397163), (-75.36372427292095, 39.85673922827713))"
812,CHILLICOTHE,"POLYGON ((-82.94454894277156 39.32267922999825, -82.94508189098001 39.32196259636879, -82.95678970541745 39.32937000028907, -82.95021270463276 39.3270483082891, -82.94454894277156 39.32267922999825))","((-82.94454894277156, 39.32267922999825), (-82.95678970541745, 39.32937000028907))"
813,CLARK AVE,"POLYGON ((-81.687060518238 41.45511539073213, -81.68712694718791 41.46359595858554, -81.67503189432963 41.47819888559668, -81.67599841184663 41.47416224575459, -81.687060518238 41.45511539073213))","((-81.687060518238, 41.455115390732125), (-81.67503189432963, 41.478198885596676))"
814,CLARKSBURG,"POLYGON ((-80.31870251033152 39.27962291900324, -80.33152880504149 39.28153001031092, -80.34245473906277 39.28723506690552, -80.3417195159479 39.28748316201682, -80.31870251033152 39.27962291900324))","((-80.31870251033152, 39.27962291900324), (-80.34245473906277, 39.28723506690552))"
815,CLIFTON FORGE,"POLYGON ((-79.87426727122501 37.79368872675414, -79.86706900735612 37.80268066226749, -79.82493513938785 37.81478331933479, -79.83155887041221 37.81055665892349, -79.87426727122501 37.79368872675414))","((-79.87426727122501, 37.79368872675414), (-79.82493513938785, 37.81478331933479))"
816,CLOPTON,"POLYGON ((-77.44815330431763 37.48549142120667, -77.44929063914263 37.48729525206156, -77.44870519344227 37.49382085254958, -77.44824645007996 37.49342146035254, -77.44815330431763 37.48549142120667))","((-77.44815330431763, 37.485491421206675), (-77.44870519344227, 37.49382085254958))"
817,COGEN LEAD,"POLYGON ((-77.43293632192207 37.45565967810209, -77.43361392532377 37.45511235345119, -77.43488419347135 37.45704950674948, -77.43366474015616 37.45673426003442, -77.43293632192207 37.45565967810209))","((-77.43293632192207, 37.455659678102094), (-77.43488419347135, 37.457049506749485))"
818,COGEN LEAD,"POLYGON ((-77.43412620724277 37.45699983108606, -77.43891291045914 37.45835736033963, -77.43878630957411 37.46455805893666, -77.43816766464035 37.46443445485244, -77.43412620724277 37.45699983108606))","((-77.43412620724277, 37.45699983108606), (-77.43878630957411, 37.46455805893666))"
819,COLLIER,"POLYGON ((-77.4151208022256 37.15047731263068, -77.41801253468459 37.15739953062072, -77.41917520567297 37.16595472131642, -77.41788138093004 37.1657902156998, -77.4151208022256 37.15047731263068))","((-77.4151208022256, 37.15047731263068), (-77.41917520567297, 37.16595472131642))"
820,COLLIER,"POLYGON ((-77.41895723693031 37.16508455754296, -77.4213987823391 37.17346104258025, -77.42153145026717 37.18407847968606, -77.41787106300652 37.16574514994912, -77.41895723693031 37.16508455754296))","((-77.41895723693031, 37.16508455754296), (-77.42153145026717, 37.18407847968606))"
821,COLLINGWOOD,"POLYGON ((-81.59092751650797 41.55166697315571, -81.57950915031201 41.56477671492262, -81.53045416288262 41.58441557567163, -81.55641894728616 41.56976913042117, -81.59092751650797 41.55166697315571))","((-81.59092751650797, 41.55166697315571), (-81.53045416288262, 41.58441557567163))"
822,COLUMBIA AUTO RAMP YARD,"POLYGON ((-81.06939423271228 33.90321022819454, -81.07041265042504 33.90634702899801, -81.06696189875991 33.90940577722252, -81.06685096986314 33.90467144238532, -81.06939423271228 33.90321022819454))","((-81.06939423271228, 33.90321022819454), (-81.06696189875991, 33.909405777222524))"
823,CONCORD,"POLYGON ((-71.529016070377 43.19535946623275, -71.52988244093289 43.19520885599854, -71.53152379132969 43.20237055760249, -71.52933310083395 43.19958871026955, -71.529016070377 43.19535946623275))","((-71.529016070377, 43.19535946623275), (-71.53152379132969, 43.20237055760249))"
824,CONNELLSVILLE,"POLYGON ((-79.59283879842482 39.99596965540694, -79.59565753296071 40.0050371704009, -79.59730181878309 40.023032764803, -79.59111670177931 40.01516958625329, -79.59283879842482 39.99596965540694))","((-79.59283879842482, 39.99596965540694), (-79.5973018187831, 40.023032764803))"
825,CONNERSVILLE,"POLYGON ((-85.12635497011367 39.64459892143416, -85.12863390987384 39.64392579935389, -85.13507337527845 39.64639077485155, -85.13456748641093 39.64672924722911, -85.12635497011367 39.64459892143416))","((-85.12635497011367, 39.64459892143416), (-85.13507337527845, 39.64639077485155))"
826,COOSA PINES,"POLYGON ((-86.34902719293498 33.39298834508536, -86.35015112669547 33.3937048016353, -86.34103292848587 33.39540324271594, -86.34190851308065 33.39454792335644, -86.34902719293498 33.39298834508536))","((-86.35015112669547, 33.3937048016353), (-86.34103292848587, 33.395403242715936))"
827,CORBIN,"POLYGON ((-84.08879450264594 36.94096362336936, -84.08955909907435 36.94106458547751, -84.09119917892323 36.94600664505142, -84.08598188187607 36.94489596179043, -84.08879450264594 36.94096362336936))","((-84.08879450264594, 36.94096362336936), (-84.09119917892323, 36.94600664505142))"
828,CORBIN,"POLYGON ((-84.08636011168417 36.91601327057054, -84.08722465425566 36.91602386273925, -84.09579904435311 36.94971063123063, -84.08709699518046 36.93599450628989, -84.08636011168417 36.91601327057054))","((-84.08636011168417, 36.91601327057054), (-84.09579904435311, 36.94971063123063))"
829,CRAVENS,"POLYGON ((-85.33218166803279 35.01740410617136, -85.33484569871581 35.0186767524501, -85.3219078009038 35.02475371874352, -85.3263313500552 35.01971078770757, -85.33218166803279 35.01740410617136))","((-85.33484569871581, 35.0186767524501), (-85.3219078009038, 35.02475371874352))"
830,CRAWFORD,"POLYGON ((-83.23762792964335 37.26466038464872, -83.24393107563999 37.26919195784609, -83.22512571516285 37.26527335076411, -83.22556907732165 37.26480597814102, -83.23762792964335 37.26466038464872))","((-83.24393107563999, 37.26919195784609), (-83.22512571516285, 37.26527335076411))"
831,CUMBERLAND,"POLYGON ((-78.73946747744904 39.60125155083978, -78.76488773730188 39.63110352511199, -78.76581280158614 39.6334895753254, -78.73467286985482 39.62434939476403, -78.73946747744904 39.60125155083978))","((-78.73946747744904, 39.601251550839784), (-78.76581280158614, 39.6334895753254))"
832,CURTIS,"POLYGON ((-87.36181993819113 41.61350425545238, -87.37105195729723 41.6152187929673, -87.38998700267157 41.62305577251428, -87.38941262998404 41.62332983846799, -87.36181993819113 41.61350425545238))","((-87.36181993819113, 41.61350425545238), (-87.38998700267157, 41.62305577251428))"
833,CURTIS BAY,"POLYGON ((-76.58607601091192 39.23134573118361, -76.59018705097665 39.23372310058479, -76.59652770954766 39.2409861304875, -76.59134728424544 39.23913241233154, -76.58607601091192 39.23134573118361))","((-76.58607601091192, 39.23134573118361), (-76.59652770954766, 39.2409861304875))"
834,DANSKAMMER PLANT,"POLYGON ((-73.96860223024743 41.57037068422889, -73.96932851334336 41.57088907916693, -73.96482762447832 41.57667591835438, -73.96509155364291 41.57501168497137, -73.96860223024743 41.57037068422889))","((-73.96860223024743, 41.57037068422889), (-73.96482762447832, 41.576675918354375))"
835,DANTE,"POLYGON ((-82.29194660368366 36.94735796336477, -82.29984164630443 36.97575091953868, -82.29807267949678 36.97983945697684, -82.2912890644902 36.95072409286284, -82.29194660368366 36.94735796336477))","((-82.29194660368366, 36.947357963364766), (-82.29807267949678, 36.97983945697684))"
836,DANVILLE,"POLYGON ((-81.83230716151606 38.07795405637836, -81.85333915435278 38.0890634444658, -81.84889134419885 38.10003529431717, -81.84827053929723 38.09993931025132, -81.83230716151606 38.07795405637836))","((-81.83230716151606, 38.07795405637836), (-81.84889134419885, 38.100035294317166))"
837,DAVIS,"POLYGON ((-78.00583359894635 34.25816749850993, -78.04600092737675 34.27424176417265, -78.04750818907367 34.27535682887183, -77.99874968564868 34.25928228573513, -78.00583359894635 34.25816749850993))","((-78.04750818907367, 34.27535682887183), (-77.99874968564868, 34.25928228573513))"
838,DECOURSEY,"POLYGON ((-84.46699218810477 38.97800250398683, -84.49117677572403 39.01983954093278, -84.49298630136084 39.03336247488796, -84.45584065117488 38.99485073658092, -84.46699218810477 38.97800250398683))","((-84.46699218810477, 38.97800250398683), (-84.49298630136084, 39.03336247488796))"
839,DEMMLER,"POLYGON ((-79.84956275576974 40.35253483155073, -79.85392541425561 40.3907140613215, -79.84305233405377 40.39228647185958, -79.8332842918806 40.36316751859869, -79.84956275576974 40.35253483155073))","((-79.84956275576974, 40.35253483155073), (-79.84305233405377, 40.392286471859585))"
840,DEMMLER TRANSFER,"POLYGON ((-79.84567438291651 40.38537109772899, -79.85044519418538 40.38890220283313, -79.85433332796089 40.39428057216098, -79.85123368389823 40.39286474894555, -79.84567438291651 40.38537109772899))","((-79.84567438291651, 40.38537109772899), (-79.85433332796089, 40.39428057216098))"
841,DETROIT-CENTRAL,"POLYGON ((-83.07171289720426 42.3181402655144, -83.07112924656447 42.31968849501742, -83.06635179237722 42.32117176190817, -83.06688669889434 42.3201225909049, -83.07171289720426 42.3181402655144))","((-83.07171289720426, 42.3181402655144), (-83.06635179237722, 42.32117176190817))"
842,DETROIT-WEST,"POLYGON ((-83.17317816296602 42.26876911678896, -83.17381957969098 42.26939122820446, -83.16834739152524 42.27507153288171, -83.16828721717377 42.27443351000054, -83.17317816296602 42.26876911678896))","((-83.17317816296602, 42.26876911678896), (-83.16834739152524, 42.27507153288171))"
843,DEWITT,"POLYGON ((-76.06952078330019 43.06247308725938, -76.03907331320494 43.07391256222432, -75.91699720587333 43.0820448250288, -75.91738768883145 43.08154919857671, -76.06952078330019 43.06247308725938))","((-76.06952078330019, 43.06247308725938), (-75.91699720587333, 43.0820448250288))"
844,DEWITT SHOPS,"POLYGON ((-76.1152879340152 43.05247025636363, -76.08764199103094 43.06109986646413, -76.06913911826375 43.06302288221685, -76.0710619802894 43.06191494571397, -76.1152879340152 43.05247025636363))","((-76.1152879340152, 43.052470256363634), (-76.06913911826375, 43.06302288221685))"
845,DICKERSON STORAGE,"POLYGON ((-77.45904690446804 39.20988075752221, -77.46275769044486 39.21065074993101, -77.4531257371988 39.2159551601874, -77.45414527410682 39.21406489685901, -77.45904690446804 39.20988075752221))","((-77.46275769044486, 39.21065074993101), (-77.4531257371988, 39.2159551601874))"
846,DOTHAN,"POLYGON ((-85.39354619900864 31.23265883964297, -85.39476701749686 31.23297005759812, -85.40295405678894 31.25358824326739, -85.40180862071645 31.25230982455632, -85.39354619900864 31.23265883964297))","((-85.39354619900864, 31.232658839642973), (-85.40295405678894, 31.253588243267394))"
847,DOYLE,"POLYGON ((-87.07897710176748 37.77417750112198, -87.07857352203119 37.77569170404439, -87.0717604329176 37.7791544505804, -87.07185127937557 37.77852854377998, -87.07897710176748 37.77417750112198))","((-87.07897710176748, 37.77417750112198), (-87.0717604329176, 37.7791544505804))"
848,DUANE,"POLYGON ((-87.39355176149205 39.48793141986169, -87.39406788186818 39.48866450459187, -87.37897619752304 39.50008626406316, -87.37995579063546 39.49835412806736, -87.39355176149205 39.48793141986169))","((-87.39355176149205, 39.48793141986169), (-87.37897619752304, 39.50008626406316))"
849,DUNKIRK,"POLYGON ((-79.33325303342762 42.48485147134723, -79.33355149206422 42.48573925992335, -79.30120598916967 42.49571736071205, -79.31407177378347 42.48764277517661, -79.33325303342762 42.48485147134723))","((-79.33355149206422, 42.48573925992335), (-79.30120598916967, 42.49571736071205))"
850,DUPONT RICHMOND LEAD,"POLYGON ((-77.43698702997301 37.44893773897789, -77.43823566098655 37.44940519132592, -77.43861898881457 37.45888372507234, -77.43790202365943 37.45787051306409, -77.43698702997301 37.44893773897789))","((-77.43698702997301, 37.44893773897789), (-77.43861898881457, 37.45888372507234))"
851,DUPONT YARD,"POLYGON ((-79.9386671215248 33.05026422926488, -79.93999222545381 33.04993390463299, -79.94132003422062 33.05445177651831, -79.94070904647157 33.05430696173352, -79.9386671215248 33.05026422926488))","((-79.9386671215248, 33.050264229264876), (-79.94132003422062, 33.05445177651831))"
852,DURHAM,"POLYGON ((-78.87912776971804 35.98042609263725, -78.87953432190197 35.97962847899579, -78.88964123848001 35.98438814173376, -78.88906066764822 35.98463531362213, -78.87912776971804 35.98042609263725))","((-78.87912776971804, 35.98042609263725), (-78.88964123848001, 35.98438814173376))"
853,EAST,"POLYGON ((-83.45272864778583 42.38049084519398, -83.44473622744593 42.38179121133518, -83.43457551628447 42.38094580477724, -83.43502424682283 42.38050473232659, -83.45272864778583 42.38049084519398))","((-83.45272864778583, 42.38049084519398), (-83.43457551628447, 42.38094580477724))"
854,EAST BUFFALO,"POLYGON ((-78.81535120505804 42.9004595606892, -78.78565736422262 42.90713189826084, -78.76652446557917 42.90267968303733, -78.78355832270518 42.90056440541188, -78.81535120505804 42.9004595606892))","((-78.81535120505804, 42.9004595606892), (-78.76652446557917, 42.902679683037334))"
855,EAST CHICAGO,"POLYGON ((-87.49722049431534 41.629173906236, -87.50008925211404 41.63046559719638, -87.48883862479681 41.64666245257599, -87.47941674401039 41.63040150976418, -87.49722049431534 41.629173906236))","((-87.50008925211404, 41.630465597196384), (-87.4794167440104, 41.630401509764184))"
856,EAST SIDE YARD,"POLYGON ((-75.19029002794309 39.91357783606577, -75.20733813040233 39.9273024609678, -75.20044656999832 39.938356835469, -75.18962716031271 39.92043693030843, -75.19029002794309 39.91357783606577))","((-75.19029002794309, 39.91357783606577), (-75.20044656999832, 39.938356835469))"
857,EAST TAMPA,"POLYGON ((-82.38640072624287 27.86737572135477, -82.38842335450821 27.86859030568202, -82.3916045116373 27.87515966861491, -82.38978750568836 27.87337309032749, -82.38640072624287 27.86737572135477))","((-82.38640072624287, 27.86737572135477), (-82.3916045116373, 27.875159668614906))"
858,ELIZABETHPORT,"POLYGON ((-74.18611592217721 40.65978040746672, -74.1903751360004 40.65987086944173, -74.20313307424401 40.66604907424148, -74.19440538800782 40.66380730617914, -74.18611592217721 40.65978040746672))","((-74.18611592217721, 40.65978040746672), (-74.20313307424401, 40.66604907424148))"
859,ELK RUN,"POLYGON ((-81.54374086343411 37.99304027873411, -81.54451638321133 37.99263671105776, -81.55603013614952 38.00665468820769, -81.54527112109713 37.99730590744688, -81.54374086343411 37.99304027873411))","((-81.54374086343411, 37.993040278734114), (-81.55603013614952, 38.00665468820769))"
860,ELSDON,"POLYGON ((-87.71298229234826 41.79372726525371, -87.71385009250801 41.7938207773611, -87.7136861922974 41.80165573409188, -87.71186317026917 41.79997106964391, -87.71298229234826 41.79372726525371))","((-87.71298229234826, 41.793727265253715), (-87.7136861922974, 41.80165573409188))"
861,ENSEL,"POLYGON ((-84.55057246145168 42.75453395877646, -84.55210722593303 42.75422282052665, -84.56707952714699 42.76296319251825, -84.56148060399244 42.76085271106886, -84.55057246145168 42.75453395877646))","((-84.55057246145168, 42.75453395877646), (-84.56707952714699, 42.76296319251825))"
862,ERIE (CSXT),"POLYGON ((-80.051831741949 42.13057692821616, -80.05209240669252 42.13143464064462, -80.01695591267462 42.14405265340196, -80.01721732997228 42.14347553554479, -80.051831741949 42.13057692821616))","((-80.051831741949, 42.130576928216165), (-80.01695591267462, 42.14405265340196))"
863,ERWIN,"POLYGON ((-82.43873032009336 36.12556571896729, -82.42521054523574 36.1441803131876, -82.40637166870496 36.15724026944537, -82.41192065756456 36.14948646222523, -82.43873032009336 36.12556571896729))","((-82.43873032009336, 36.125565718967295), (-82.40637166870496, 36.157240269445374))"
864,ETOWAH,"POLYGON ((-84.53576159159854 35.2997938888713, -84.52745281349733 35.31813970481186, -84.52047237073795 35.32990149860444, -84.52191754446991 35.32159680865433, -84.53576159159854 35.2997938888713))","((-84.53576159159854, 35.2997938888713), (-84.52047237073795, 35.32990149860444))"
865,FAIRBORN INTERMODAL,"POLYGON ((-84.61618808052479 33.53257458034422, -84.62091168101333 33.53524807125643, -84.5941517345973 33.55591259529573, -84.60200638326154 33.54253511586035, -84.61618808052479 33.53257458034422))","((-84.62091168101333, 33.53524807125643), (-84.5941517345973, 33.55591259529573))"
866,FAIRBURN INTERMODAL,"POLYGON ((-84.61485376983353 33.53284778647723, -84.62772208119637 33.53771215826877, -84.60014082005499 33.54680150129761, -84.60138273542292 33.54481784210133, -84.61485376983353 33.53284778647723))","((-84.62772208119637, 33.53771215826877), (-84.60014082005499, 33.54680150129761))"
867,FAIRFIELD AUTOLOAD,"POLYGON ((-76.58502289625204 39.23975597454746, -76.58374706555537 39.24235243017568, -76.5796824716686 39.24269191264491, -76.58004730939456 39.24195014317215, -76.58502289625204 39.23975597454746))","((-76.58502289625204, 39.23975597454746), (-76.5796824716686, 39.242691912644915))"
868,FAIRMONT,"POLYGON ((-80.1395509317001 39.4835647450499, -80.12389613771154 39.49395090076518, -80.12252903224318 39.49258921617647, -80.12414309903873 39.48674133614776, -80.1395509317001 39.4835647450499))","((-80.1395509317001, 39.4835647450499), (-80.12252903224318, 39.49258921617647))"
869,FEDERAL,"POLYGON ((-78.22024579994276 34.33892837267766, -78.22083152095104 34.33989237733611, -78.21662523744001 34.34619317071672, -78.21676273938365 34.344605943601, -78.22024579994276 34.33892837267766))","((-78.22024579994276, 34.338928372677664), (-78.21662523744001, 34.34619317071672))"
870,FITZGERALD,"POLYGON ((-83.27187268881539 31.72422720836505, -83.27635652407147 31.72451977161732, -83.27990290532472 31.72706928880144, -83.27934352771896 31.727357912528, -83.27187268881539 31.72422720836505))","((-83.27187268881539, 31.724227208365054), (-83.27990290532472, 31.727069288801438))"
871,FLEXI-FLO YARD,"POLYGON ((-75.14872693902245 39.90766450684549, -75.14664308408715 39.91370110420508, -75.14388805466736 39.91327338149415, -75.14464078214552 39.90982425085859, -75.14872693902245 39.90766450684549))","((-75.14872693902245, 39.90766450684549), (-75.14388805466736, 39.91327338149415))"
872,FLOMATON,"POLYGON ((-87.25695959065052 30.99779143886336, -87.26301792231703 30.99918938389299, -87.24392178503354 31.00080712298792, -87.24426891456193 31.00024449324796, -87.25695959065052 30.99779143886336))","((-87.26301792231703, 30.99918938389299), (-87.24392178503354, 31.00080712298792))"
873,FLORENCE,"POLYGON ((-79.75736455461983 34.19933059572734, -79.7485332025025 34.20189855553235, -79.7243628335052 34.2014875197327, -79.72478482914384 34.20100247165965, -79.75736455461983 34.19933059572734))","((-79.75736455461983, 34.19933059572734), (-79.7243628335052, 34.2014875197327))"
874,FOOTE,"POLYGON ((-79.00154747443125 43.09222511319054, -79.00242433452763 43.09231830847361, -79.00420225145466 43.1177791677498, -79.00094513702292 43.11398267838899, -79.00154747443125 43.09222511319054))","((-79.00154747443125, 43.092225113190544), (-79.00420225145466, 43.117779167749795))"
875,FORD,"POLYGON ((-83.39676682847362 42.37437395306188, -83.40142417746431 42.37567535967276, -83.39069025535905 42.37526663056064, -83.39107098393183 42.37475381500607, -83.39676682847362 42.37437395306188))","((-83.4014241774643, 42.37567535967276), (-83.39069025535905, 42.37526663056064))"
876,FORD LEAD,"POLYGON ((-86.8435694827045 36.16364444645487, -86.84579522662015 36.16277607762306, -86.84934585589642 36.16381216758752, -86.84889583050034 36.1642525835094, -86.8435694827045 36.16364444645487))","((-86.8435694827045, 36.16364444645487), (-86.84934585589642, 36.16381216758752))"
877,FORD TRUCK PLANT,"POLYGON ((-85.52411793574296 38.29626127421556, -85.52568450733672 38.2957080622884, -85.53597749162628 38.29978803630073, -85.52848613422701 38.30209976860341, -85.52411793574296 38.29626127421556))","((-85.52411793574296, 38.29626127421556), (-85.53597749162628, 38.299788036300725))"
878,FOREST HILL,"POLYGON ((-87.67779657041343 41.75005919968321, -87.68063340373142 41.75263029721447, -87.67857411402815 41.75768040869352, -87.67809045040357 41.75726007769009, -87.67779657041343 41.75005919968321))","((-87.67779657041343, 41.75005919968321), (-87.67857411402815, 41.75768040869352))"
879,FORT DEVENS,"POLYGON ((-71.59275779719368 42.54358011838911, -71.59330382251017 42.54411274410731, -71.59040636522276 42.55523568440002, -71.59005854356413 42.54979309915629, -71.59275779719368 42.54358011838911))","((-71.59275779719368, 42.54358011838911), (-71.59040636522276, 42.55523568440002))"
880,FORT DEVENS,"POLYGON ((-71.59374168893758 42.5400127933463, -71.59371500449407 42.54318616762967, -71.5920962508951 42.54459182273228, -71.59182062303687 42.54402579600877, -71.59374168893758 42.5400127933463))","((-71.59374168893758, 42.5400127933463), (-71.5920962508951, 42.54459182273228))"
881,FR,"POLYGON ((-82.49188523950349 42.86764044802647, -82.49209345797497 42.8716454093419, -82.48979278815888 42.8766178325242, -82.4894437427368 42.87609586026834, -82.49188523950349 42.86764044802647))","((-82.49188523950349, 42.86764044802647), (-82.48979278815888, 42.8766178325242))"
882,FRAMINGHAM GM PLANT,"POLYGON ((-71.41559234741148 42.24822560153549, -71.41648806595506 42.24816782228821, -71.41813872795778 42.26813254429547, -71.41704952457161 42.26634978699855, -71.41559234741148 42.24822560153549))","((-71.41559234741148, 42.248225601535495), (-71.41813872795778, 42.26813254429547))"
883,FRESH POND (CSXT),"POLYGON ((-73.89164584962371 40.7031255641231, -73.89239474044228 40.70356413377503, -73.89012241869339 40.70834510712854, -73.89016562575222 40.70558370579277, -73.89164584962371 40.7031255641231))","((-73.89164584962371, 40.7031255641231), (-73.8901224186934, 40.708345107128544))"
884,FRONTIER,"POLYGON ((-78.80602546331303 42.89714555360439, -78.81694309868291 42.90090551151069, -78.76963589365812 42.90256890934315, -78.77001885322663 42.90205358623189, -78.80602546331303 42.89714555360439))","((-78.81694309868291, 42.900905511510686), (-78.76963589365812, 42.90256890934315))"
885,FULCO JCT,"POLYGON ((-84.5146345533321 33.71620709358635, -84.51549493712075 33.71640012786705, -84.51405985022498 33.72441616601759, -84.513309163968 33.72142010586415, -84.5146345533321 33.71620709358635))","((-84.5146345533321, 33.71620709358635), (-84.51405985022498, 33.72441616601759))"
886,FULTON,"POLYGON ((-77.37743316629773 37.50350341698696, -77.40989944061265 37.50974604409669, -77.41426413199726 37.51739991388382, -77.41351341218623 37.51774902183696, -77.37743316629773 37.50350341698696))","((-77.37743316629773, 37.50350341698696), (-77.41426413199726, 37.51739991388382))"
887,FULTON,"POLYGON ((-77.41323041494316 37.51736418896008, -77.41416420211662 37.5171869039014, -77.41428188529143 37.52085920839326, -77.41355051279011 37.52018122009682, -77.41323041494316 37.51736418896008))","((-77.41416420211662, 37.517186903901404), (-77.41428188529143, 37.52085920839326))"
888,GARRETT,"POLYGON ((-85.14361147209792 41.35163913991548, -85.16274862653795 41.35201837841008, -85.17396188811388 41.35445062195091, -85.13399213571604 41.35251753903578, -85.14361147209792 41.35163913991548))","((-85.17396188811388, 41.35445062195091), (-85.13399213571604, 41.35251753903578))"
889,GARWOOD SOUTH,"POLYGON ((-81.93383948249517 27.56412783944575, -81.93667246660323 27.57081569721052, -81.93796219607657 27.58486122713319, -81.93744292334037 27.58449696212515, -81.93383948249517 27.56412783944575))","((-81.93383948249517, 27.56412783944575), (-81.93796219607657, 27.58486122713319))"
890,GENERAL CEMENT,"POLYGON ((-80.4938699857873 25.6929548772165, -80.49495392183066 25.69428014001089, -80.49495216262078 25.70913360426875, -80.49345576576756 25.69689690035211, -80.4938699857873 25.6929548772165))","((-80.4938699857873, 25.692954877216497), (-80.49495216262078, 25.709133604268747))"
891,GENTILLY,"POLYGON ((-90.01592940645163 30.00427906642746, -90.02558881764095 30.00477724614391, -89.91077516742517 30.03528220654256, -89.95250342721928 30.02027664003504, -90.01592940645163 30.00427906642746))","((-90.02558881764095, 30.00477724614391), (-89.91077516742517, 30.03528220654256))"
892,GEORGETOWN,"POLYGON ((-79.30362059726151 33.36969283948606, -79.3050249914035 33.37021453031641, -79.30700763701608 33.3766001095109, -79.30639895216893 33.37641568595964, -79.30362059726151 33.36969283948606))","((-79.30362059726151, 33.369692839486056), (-79.30700763701608, 33.376600109510896))"
893,GLADSTONE,"POLYGON ((-78.83306080043144 37.53841806097083, -78.84089195701603 37.53956479207546, -78.84939403476427 37.54564638111385, -78.82606553510983 37.5462580288311, -78.83306080043144 37.53841806097083))","((-78.84939403476427, 37.54564638111385), (-78.82606553510983, 37.546258028831105))"
894,GLENWOOD,"POLYGON ((-79.93615948999859 40.39872795090291, -79.93657183236922 40.39950867185684, -79.93492402674984 40.39975223082501, -79.93498961298113 40.39912561367139, -79.93615948999859 40.39872795090291))","((-79.93657183236922, 40.39950867185684), (-79.93492402674984, 40.39975223082501))"
895,GOULDING,"POLYGON ((-87.22637889526116 30.45036196574668, -87.2272210575218 30.45008505921041, -87.23513298858516 30.46626283280186, -87.23005138574098 30.45969215491747, -87.22637889526116 30.45036196574668))","((-87.22637889526116, 30.45036196574668), (-87.23513298858516, 30.466262832801863))"
896,GRAFTON,"POLYGON ((-79.99158958789791 39.33672122500807, -80.01074211524339 39.33721499738574, -80.02139895914888 39.34027181205153, -80.00231458420247 39.34221327997493, -79.99158958789791 39.33672122500807))","((-79.9915895878979, 39.33672122500807), (-80.02139895914888, 39.34027181205153))"
897,GRAND BLANC,"POLYGON ((-83.63035311927129 42.90924405426301, -83.63113337793676 42.90886449992416, -83.64687534204035 42.92767583532989, -83.63434265856952 42.92951227414, -83.63035311927129 42.90924405426301))","((-83.63035311927129, 42.909244054263006), (-83.64687534204035, 42.927675835329886))"
898,GRAND LEDGE,"POLYGON ((-84.73904881540632 42.75836083703127, -84.73927310418759 42.75922786247134, -84.7162477132452 42.76667928440839, -84.73362551467207 42.75979361525525, -84.73904881540632 42.75836083703127))","((-84.73904881540632, 42.75836083703127), (-84.7162477132452, 42.76667928440839))"
899,GRAYS,"POLYGON ((-76.46167948523555 39.24365717995499, -76.48610291351859 39.24652527844562, -76.5186097346898 39.26378825470576, -76.51803420852154 39.26405853254329, -76.46167948523555 39.24365717995499))","((-76.46167948523555, 39.243657179954994), (-76.5186097346898, 39.26378825470576))"
900,GREAT WORKS,"POLYGON ((-68.6395644399404 44.91095160537579, -68.64039527273403 44.91112274080999, -68.64204431910828 44.92693336038337, -68.63605002264109 44.91792007770731, -68.6395644399404 44.91095160537579))","((-68.6395644399404, 44.91095160537579), (-68.64204431910828, 44.92693336038337))"
901,GREENVILLE YARD,"POLYGON ((-77.35783511501725 35.6755437676615, -77.35866923255438 35.67627113882331, -77.35478633821013 35.68844988717793, -77.35428186141519 35.68783044849562, -77.35783511501725 35.6755437676615))","((-77.35783511501725, 35.6755437676615), (-77.35478633821013, 35.68844988717793))"
902,GREENWICH YARDS,"POLYGON ((-75.14879536836352 39.89583799687345, -75.17059702477397 39.89714458592196, -75.17508638102359 39.89850317913402, -75.13929943718689 39.90539245944881, -75.14879536836352 39.89583799687345))","((-75.17508638102359, 39.89850317913402), (-75.13929943718689, 39.905392459448805))"
903,GUTHRIE,"POLYGON ((-87.15572252185181 36.64156208650334, -87.15989408304371 36.6441698031942, -87.16211315674192 36.64734883336977, -87.15541852511545 36.64237991757715, -87.15572252185181 36.64156208650334))","((-87.15572252185181, 36.64156208650334), (-87.16211315674192, 36.64734883336977))"
904,GUTHRIE,"POLYGON ((-87.14595644644911 36.63439627831203, -87.14654819206083 36.63372100539856, -87.15621190246796 36.64225082433661, -87.15541852692478 36.64237991906887, -87.14595644644911 36.63439627831203))","((-87.1459564464491, 36.63439627831203), (-87.15621190246796, 36.642250824336614))"
905,HAGERSTOWN,"POLYGON ((-77.75980204902928 39.63531133129545, -77.74643721374372 39.6422945845798, -77.7350512920594 39.6438849735078, -77.75217471204454 39.63688389092498, -77.75980204902928 39.63531133129545))","((-77.75980204902928, 39.63531133129545), (-77.7350512920594, 39.6438849735078))"
906,HALLEY,"POLYGON ((-76.77278828137294 35.84705144623695, -76.77305486272175 35.84790598473381, -76.76386458990814 35.85116918361951, -76.76891510629329 35.84806637184133, -76.77278828137294 35.84705144623695))","((-76.77278828137294, 35.847051446236954), (-76.76386458990814, 35.85116918361951))"
907,HAMBURG STREET,"POLYGON ((-78.86056238665539 42.86523210202425, -78.86421041449505 42.86582501151999, -78.864518724419 42.86639560903224, -78.85924748125744 42.86587047322739, -78.86056238665539 42.86523210202425))","((-78.864518724419, 42.86639560903224), (-78.85924748125744, 42.86587047322739))"
908,HAMLET,"POLYGON ((-79.6952314159153 34.88494763644589, -79.68336514058907 34.90924666622571, -79.61867264955723 34.94129708683428, -79.6426763082558 34.92047490744014, -79.6952314159153 34.88494763644589))","((-79.6952314159153, 34.88494763644589), (-79.61867264955723, 34.94129708683428))"
909,HANOVER,"POLYGON ((-76.96741268222301 39.80523837661994, -76.96988736122853 39.80588165800488, -76.96378893751621 39.8065354716769, -76.96405864868956 39.80596742237407, -76.96741268222301 39.80523837661994))","((-76.96988736122853, 39.80588165800488), (-76.96378893751621, 39.806535471676895))"
910,HARPSTER,"POLYGON ((-83.24555537942057 40.73243755844699, -83.24695635743471 40.73255971139724, -83.24983839796943 40.73740245918491, -83.24920025389427 40.73737362580765, -83.24555537942057 40.73243755844699))","((-83.24555537942057, 40.73243755844699), (-83.24983839796943, 40.737402459184906))"
911,HAWTHORNE,"POLYGON ((-86.09591444389878 39.75257643961804, -86.10585302310642 39.75695910847267, -86.05523268217466 39.754662760298, -86.05566089107207 39.75419614839717, -86.09591444389878 39.75257643961804))","((-86.10585302310642, 39.75695910847267), (-86.05523268217466, 39.754662760298))"
912,HAZARD,"POLYGON ((-83.19635521729813 37.25230789129732, -83.19721223012392 37.25247035137419, -83.1974057750347 37.26378567886257, -83.19485437958035 37.25675597586162, -83.19635521729813 37.25230789129732))","((-83.19635521729813, 37.25230789129732), (-83.1974057750347, 37.26378567886257))"
913,HILL,"POLYGON ((-86.10419678491206 39.74401737306252, -86.1047379993673 39.74330394327909, -86.11416450326141 39.74987073694048, -86.1121340348668 39.74936822743687, -86.10419678491206 39.74401737306252))","((-86.10419678491206, 39.74401737306252), (-86.1141645032614, 39.74987073694048))"
914,HILL,"POLYGON ((-81.48853844287432 41.08610467402075, -81.48915940229533 41.08670751561016, -81.4837056917778 41.09528683086875, -81.48355144054216 41.09301849418974, -81.48853844287432 41.08610467402075))","((-81.48853844287432, 41.08610467402075), (-81.4837056917778, 41.09528683086875))"
915,HILLERY,"POLYGON ((-87.68180289290865 40.12733698100274, -87.68977952590717 40.12788662910462, -87.69223530514699 40.12882683018235, -87.67862282312342 40.12800304072161, -87.68180289290865 40.12733698100274))","((-87.692235305147, 40.128826830182355), (-87.67862282312342, 40.12800304072161))"
916,HINTON,"POLYGON ((-80.87822107993303 37.65102151823735, -80.88275766247872 37.65238798322537, -80.89247231357162 37.66501425297389, -80.87060710285316 37.65236116848252, -80.87822107993303 37.65102151823735))","((-80.89247231357162, 37.66501425297389), (-80.87060710285316, 37.65236116848252))"
917,HONDA,"POLYGON ((-83.49099733193547 40.27765727098149, -83.50189171707 40.27987588967289, -83.50896530809366 40.28302522029328, -83.50542441090228 40.28261338462158, -83.49099733193547 40.27765727098149))","((-83.49099733193547, 40.277657270981486), (-83.50896530809366, 40.28302522029328))"
918,HONDA AUTOLOAD,"POLYGON ((-83.54354555401029 40.32085446134567, -83.54414037672957 40.32355323363963, -83.54226818607701 40.32737561184457, -83.54193514469094 40.32683391041806, -83.54354555401029 40.32085446134567))","((-83.5435455540103, 40.32085446134567), (-83.54226818607701, 40.32737561184457))"
919,HONDA INTERMODAL A,"POLYGON ((-83.5071377949606 40.28371360009629, -83.50751534047122 40.28291831062901, -83.52154814896714 40.28696921395448, -83.52100968511009 40.28731168336255, -83.5071377949606 40.28371360009629))","((-83.5071377949606, 40.28371360009629), (-83.52154814896714, 40.28696921395448))"
920,HONDA INTERMODAL B,"POLYGON ((-83.51358270293321 40.28443935169688, -83.52054974327802 40.28513667925973, -83.52280488736726 40.28733953248744, -83.52225967714837 40.28764616742515, -83.51358270293321 40.28443935169688))","((-83.5135827029332, 40.284439351696875), (-83.52280488736726, 40.28733953248744))"
921,HONDA PLANT,"POLYGON ((-83.5417439523313 40.31206523693078, -83.54499770925254 40.31561651966685, -83.54428109854344 40.32060278279626, -83.54154920332907 40.31425172258821, -83.5417439523313 40.31206523693078))","((-83.5417439523313, 40.31206523693078), (-83.54428109854344, 40.32060278279626))"
922,HONDA PLANT,"POLYGON ((-83.52753914712426 40.29469079289697, -83.54254303280347 40.31183376068699, -83.54223887507021 40.31451685956589, -83.54162019428706 40.31440689739166, -83.52753914712426 40.29469079289697))","((-83.52753914712426, 40.294690792896965), (-83.54223887507021, 40.31451685956589))"
923,HOPE HULL,"POLYGON ((-86.31055104237866 32.28198037690665, -86.31115331273227 32.2885348825438, -86.31031727613022 32.29753737077316, -86.30896362211729 32.28262395249438, -86.31055104237866 32.28198037690665))","((-86.31055104237866, 32.281980376906645), (-86.31031727613022, 32.297537370773156))"
924,HOPEWELL (CSXT),"POLYGON ((-77.26978560548534 37.28849215011283, -77.27012972060153 37.2876649098434, -77.28109372488804 37.292019088143, -77.27882619788124 37.29186544649838, -77.26978560548534 37.28849215011283))","((-77.26978560548534, 37.28849215011283), (-77.28109372488804, 37.292019088143))"
925,HORNERSTOWN,"POLYGON ((-78.91404637962644 40.30733520849392, -78.91469824936725 40.30969036294197, -78.91283208240563 40.31406501384532, -78.91250454170238 40.3132158000816, -78.91404637962644 40.30733520849392))","((-78.91404637962644, 40.30733520849392), (-78.91283208240563, 40.31406501384532))"
926,HOWELL,"POLYGON ((-87.62281514117146 37.94911927458666, -87.62336105488269 37.94981543622826, -87.60729822069199 37.96702866581608, -87.60687791232526 37.95946363764384, -87.62281514117146 37.94911927458666))","((-87.62281514117146, 37.94911927458666), (-87.60729822069199, 37.96702866581608))"
927,HOWELLS,"POLYGON ((-84.41716540252895 33.79191442608665, -84.42586028449689 33.80261577577618, -84.42811769847629 33.80867324819975, -84.41530483146798 33.79512935719174, -84.41716540252895 33.79191442608665))","((-84.41716540252895, 33.79191442608665), (-84.42811769847629, 33.808673248199746))"
928,HULSEY,"POLYGON ((-84.3679303325334 33.7513992893504, -84.36954016303308 33.75206330254746, -84.35315707640848 33.75659213210245, -84.35637644352224 33.7535705890414, -84.3679303325334 33.7513992893504))","((-84.36954016303308, 33.75206330254746), (-84.35315707640848, 33.756592132102455))"
929,HUNTINGTON,"POLYGON ((-82.45314940200828 38.41348163078235, -82.42677242695001 38.41933724054488, -82.39728993971585 38.4236206676652, -82.39825393858112 38.42296403814643, -82.45314940200828 38.41348163078235))","((-82.45314940200828, 38.41348163078235), (-82.39728993971585, 38.4236206676652))"
930,IMROC,"POLYGON ((-81.97694595508668 27.82441220939394, -81.97828897685808 27.82626495419917, -81.97810441134848 27.83185904203477, -81.97739611935211 27.83141081620569, -81.97694595508668 27.82441220939394))","((-81.97694595508668, 27.82441220939394), (-81.97810441134848, 27.83185904203477))"
931,INGREDION WINSTON SALEM,"POLYGON ((-80.23144726412262 36.03189406792422, -80.2303157985577 36.03349915849466, -80.22475732639718 36.03349421336837, -80.22549608449259 36.0325073082677, -80.23144726412262 36.03189406792422))","((-80.23144726412262, 36.03189406792422), (-80.22475732639718, 36.03349421336837))"
932,INTL PAPER,"POLYGON ((-80.63070382318125 33.87923220125942, -80.63157920004146 33.87940952242771, -80.62979305590143 33.88651062453881, -80.62939701697309 33.88600624167309, -80.63070382318125 33.87923220125942))","((-80.63070382318125, 33.87923220125942), (-80.62979305590143, 33.88651062453881))"
933,IRBY JCT,"POLYGON ((-82.00987261127163 34.47986860902297, -82.01350552096498 34.48323692265419, -82.01457814562649 34.48656976411756, -82.01395283993484 34.48645537080635, -82.00987261127163 34.47986860902297))","((-82.00987261127163, 34.47986860902297), (-82.01457814562649, 34.48656976411756))"
934,IVORYDALE,"POLYGON ((-84.5057226682877 39.17469426333928, -84.5062853385583 39.17538939555384, -84.48610059353538 39.19452969128998, -84.49691468369079 39.18168117235897, -84.5057226682877 39.17469426333928))","((-84.5057226682877, 39.174694263339276), (-84.48610059353538, 39.19452969128998))"
935,JACKSONVILLE,"POLYGON ((-81.68505981440406 30.33516947355555, -81.68544874551021 30.33436573177828, -81.68774470319445 30.33613738785048, -81.68717405640655 30.33641377744675, -81.68505981440406 30.33516947355555))","((-81.68544874551021, 30.334365731778277), (-81.68774470319445, 30.336137387850485))"
936,JESSUP,"POLYGON ((-76.78929933344446 39.12582206076235, -76.78998356525389 39.12635057688001, -76.78399678846648 39.14001410683459, -76.78491320093593 39.13152864237324, -76.78929933344446 39.12582206076235))","((-76.78929933344446, 39.125822060762346), (-76.78399678846648, 39.14001410683459))"
937,JESSUP,"POLYGON ((-76.78926396712131 39.12585120457687, -76.78998770554925 39.12633990402452, -76.78391591734159 39.14134163288306, -76.78492626927013 39.13219994426584, -76.78926396712131 39.12585120457687))","((-76.78926396712131, 39.12585120457687), (-76.78391591734159, 39.14134163288306))"
938,JESSUP AUTOLOAD,"POLYGON ((-76.78833068083701 39.13295539855762, -76.79254200155783 39.1360140501675, -76.78451434370915 39.13806302264903, -76.78540846644101 39.13405900084062, -76.78833068083701 39.13295539855762))","((-76.79254200155783, 39.136014050167496), (-76.78451434370915, 39.13806302264903))"
939,JOHNSTOWN (CLINTON ST),"POLYGON ((-78.91472306036269 40.32658208289573, -78.91810296507836 40.32681493088257, -78.91947440202475 40.32847858001983, -78.91889436972755 40.32872293979963, -78.91472306036269 40.32658208289573))","((-78.91472306036269, 40.326582082895726), (-78.91947440202475, 40.32847858001983))"
940,KAYNE AVE,"POLYGON ((-86.77560640610147 36.14995780184186, -86.78441232879739 36.15489124908616, -86.78888399115188 36.16332435509645, -86.78824480113877 36.16331094843846, -86.77560640610147 36.14995780184186))","((-86.77560640610147, 36.149957801841865), (-86.78888399115188, 36.16332435509645))"
941,KAYNE AVENUE,"POLYGON ((-86.77560642642663 36.14995782331508, -86.78405672861952 36.15409039762847, -86.78961915874895 36.16409328282577, -86.78897706609983 36.16408276333028, -86.77560642642663 36.14995782331508))","((-86.77560642642663, 36.149957823315084), (-86.78961915874895, 36.16409328282577))"
942,KENMORE,"POLYGON ((-78.8906928239787 42.96754871064711, -78.90570056934182 42.97140127473683, -78.90885624369258 42.97383882009532, -78.89049925739921 42.97035111451171, -78.8906928239787 42.96754871064711))","((-78.8906928239787, 42.96754871064711), (-78.90885624369258, 42.97383882009532))"
943,KEYSER,"POLYGON ((-78.97266721629715 39.44136082371229, -78.97891980131834 39.44316932598158, -78.99910569293803 39.45491509664725, -78.99850026075286 39.45509958887387, -78.97266721629715 39.44136082371229))","((-78.97266721629715, 39.44136082371229), (-78.99910569293803, 39.45491509664725))"
944,KINGSPORT,"POLYGON ((-82.54914429942114 36.53702910385376, -82.56316008442566 36.54405572624487, -82.57544405090597 36.55220582712028, -82.57159554079864 36.55059993529751, -82.54914429942114 36.53702910385376))","((-82.54914429942114, 36.53702910385376), (-82.57544405090597, 36.55220582712028))"
945,KINGSTON,"POLYGON ((-73.99708092277744 41.93627271123971, -73.99732748385843 41.94076088669289, -73.99258101511765 41.95406217292811, -73.99431810400952 41.94421567309126, -73.99708092277744 41.93627271123971))","((-73.99708092277744, 41.93627271123971), (-73.99258101511765, 41.95406217292811))"
946,LAFAYETTE,"POLYGON ((-86.89294618078279 40.42505944497818, -86.89256121404992 40.42786517091525, -86.87591436465084 40.45522638427664, -86.87792800121881 40.4425632552951, -86.89294618078279 40.42505944497818))","((-86.89294618078279, 40.42505944497818), (-86.87591436465084, 40.45522638427664))"
947,LAKEFRONT DOCKS,"POLYGON ((-83.47069860787897 41.67085038215222, -83.46369599991979 41.69409831292172, -83.45458354364322 41.69788355653062, -83.45709237227183 41.68324309682797, -83.47069860787897 41.67085038215222))","((-83.47069860787897, 41.670850382152224), (-83.45458354364322, 41.69788355653062))"
948,LAWRENCE,"POLYGON ((-71.1553728273648 42.6886121536981, -71.15610172352679 42.68811143666277, -71.16083462541543 42.69462289291745, -71.15769628748495 42.69278891117013, -71.1553728273648 42.6886121536981))","((-71.1553728273648, 42.688612153698095), (-71.16083462541543, 42.69462289291745))"
949,LEEWOOD,"POLYGON ((-89.96380820168557 35.16746832042644, -89.96403334610197 35.16833706248139, -89.9496884764753 35.17226549338391, -89.95105960329698 35.17126068750876, -89.96380820168557 35.16746832042644))","((-89.96380820168557, 35.167468320426444), (-89.9496884764753, 35.17226549338391))"
950,LEEWOOD (CSXT),"POLYGON ((-89.96379281791846 35.16747187662583, -89.96125546026083 35.16936833679052, -89.948826336376 35.17267049525753, -89.95133816536378 35.17123895484661, -89.96379281791846 35.16747187662583))","((-89.96379281791846, 35.16747187662583), (-89.948826336376, 35.172670495257535))"
951,LEHIGH,"POLYGON ((-76.69427576754367 39.34705426916593, -76.6947600091014 39.34629996365059, -76.70419496484053 39.3519834998274, -76.70165703891811 39.35130891407253, -76.69427576754367 39.34705426916593))","((-76.69427576754367, 39.34705426916593), (-76.70419496484053, 39.3519834998274))"
952,LIMA,"POLYGON ((-84.09969489337801 40.75843863458172, -84.09945113818492 40.76412125448647, -84.09284280055041 40.78659415792396, -84.09690235742268 40.7653562903527, -84.09969489337801 40.75843863458172))","((-84.09969489337801, 40.75843863458172), (-84.09284280055041, 40.786594157923965))"
953,LINCOLN,"POLYGON ((-83.51163138584459 42.5097871457084, -83.53747979281107 42.51520407786229, -83.53539626757861 42.52409691017503, -83.51818713953865 42.51506468400506, -83.51163138584459 42.5097871457084))","((-83.5116313858446, 42.5097871457084), (-83.5353962675786, 42.524096910175025))"
954,LITTLE FERRY (CSXT),"POLYGON ((-74.02102710486278 40.82116892187663, -74.02781832038852 40.8390111033405, -74.02768080779332 40.84593715723835, -74.02225816349319 40.83946274994452, -74.02102710486278 40.82116892187663))","((-74.02102710486278, 40.821168921876634), (-74.02768080779332, 40.845937157238346))"
955,LORDSTOWN,"POLYGON ((-80.87254026793617 41.15769195650354, -80.87477052705351 41.17970078389039, -80.8644188601489 41.1788426741884, -80.86710447851293 41.15810168820974, -80.87254026793617 41.15769195650354))","((-80.87477052705351, 41.17970078389039), (-80.86710447851293, 41.15810168820974))"
956,LORDSTOWN CSX AUTOLOAD,"POLYGON ((-80.87660586690589 41.17297972071832, -80.87758205025395 41.17779408488236, -80.87658474312595 41.17931561461282, -80.87613694284713 41.17885263973657, -80.87660586690589 41.17297972071832))","((-80.87660586690589, 41.17297972071832), (-80.87658474312595, 41.17931561461282))"
957,LOW,"POLYGON ((-81.56164107327515 39.2711741243336, -81.5624562375943 39.27151296923218, -81.5565492446725 39.29698945065867, -81.55774722979379 39.27747988892278, -81.56164107327515 39.2711741243336))","((-81.56164107327515, 39.271174124333605), (-81.5565492446725, 39.29698945065867))"
958,LOWELL,"POLYGON ((-71.30814037518446 42.62895527988086, -71.31231407815233 42.63165115485561, -71.31587546324059 42.6381951514086, -71.31514489967925 42.63802900627245, -71.30814037518446 42.62895527988086))","((-71.30814037518446, 42.628955279880856), (-71.31587546324059, 42.638195151408596))"
959,LOYALL,"POLYGON ((-83.34317845500743 36.85231307055511, -83.35542882944699 36.85361350710127, -83.35582146036465 36.85414278736416, -83.3372994438966 36.85537182347327, -83.34317845500743 36.85231307055511))","((-83.35582146036465, 36.85414278736416), (-83.3372994438966, 36.85537182347327))"
960,LYONS,"POLYGON ((-76.98308966790121 43.05683810408306, -76.98326409255147 43.05596232564856, -76.99683607487678 43.05759614047829, -76.98951892740294 43.05834485862879, -76.98308966790121 43.05683810408306))","((-76.98308966790121, 43.05683810408306), (-76.99683607487678, 43.05759614047829))"
961,MANCHESTER,"POLYGON ((-84.60654571640411 32.85116181244064, -84.61247328357059 32.85211545568705, -84.6149567231389 32.85421147420776, -84.59865838889458 32.85517415909349, -84.60654571640411 32.85116181244064))","((-84.6149567231389, 32.85421147420776), (-84.59865838889458, 32.855174159093494))"
962,MANCHESTER,"POLYGON ((-71.46919538522644 42.97466397783869, -71.46923251753925 42.97658173685309, -71.46519949313092 42.98036007447349, -71.46549067048386 42.97905430473099, -71.46919538522644 42.97466397783869))","((-71.46919538522644, 42.97466397783869), (-71.46519949313092, 42.98036007447349))"
963,MANSFIELD,"POLYGON ((-71.21850091497585 42.03432594320999, -71.21927369254095 42.03411030423506, -71.22407333653595 42.04004788444606, -71.21875944637335 42.03659539703613, -71.21850091497585 42.03432594320999))","((-71.21850091497585, 42.034325943209986), (-71.22407333653595, 42.04004788444606))"
964,MANSFIELD,"POLYGON ((-71.22354019971554 42.04010110271482, -71.22387992144641 42.03928001907994, -71.22543449906256 42.04055997324262, -71.22488979802638 42.04088674879976, -71.22354019971554 42.04010110271482))","((-71.22387992144641, 42.03928001907994), (-71.22543449906256, 42.040559973242615))"
965,MANVILLE,"POLYGON ((-74.5876828406639 40.53639302783104, -74.57673741387687 40.54776728178152, -74.55350351667695 40.55402342068448, -74.5537041234325 40.55342120951293, -74.5876828406639 40.53639302783104))","((-74.5876828406639, 40.53639302783104), (-74.55350351667695, 40.55402342068448))"
966,MARION (CSXT),"POLYGON ((-83.15003398175777 40.58884760923716, -83.16224410698803 40.58915292168682, -83.18388604415023 40.59202699459173, -83.14193589813303 40.59131205883033, -83.15003398175777 40.58884760923716))","((-83.18388604415023, 40.592026994591734), (-83.14193589813303, 40.591312058830326))"
967,MARTIN,"POLYGON ((-82.75423958546381 37.57316533722339, -82.75173449291347 37.58186054323043, -82.73797513337179 37.5815014055189, -82.73818716654532 37.58090718147429, -82.75423958546381 37.57316533722339))","((-82.75423958546381, 37.57316533722339), (-82.73797513337179, 37.5815014055189))"
968,MASSENA COACH,"POLYGON ((-74.89708463123311 44.89624170884675, -74.89263036129533 44.91170667872122, -74.87926373703264 44.91815611234728, -74.87920611071691 44.91752106993895, -74.89708463123311 44.89624170884675))","((-74.89708463123311, 44.89624170884675), (-74.87926373703264, 44.91815611234728))"
969,MASSEY WEST YARD,"POLYGON ((-75.9535986818977 43.94404871642077, -75.94931013746648 43.95220273452006, -75.94092348127379 43.96102303754402, -75.94084129511951 43.96038908672967, -75.9535986818977 43.94404871642077))","((-75.9535986818977, 43.944048716420774), (-75.94092348127379, 43.961023037544024))"
970,MATTAWAMKEAG,"POLYGON ((-68.3537990013219 45.51225100124407, -68.35443798536039 45.51285833779652, -68.35017222683688 45.51765486839698, -68.3502711908759 45.51610926775977, -68.3537990013219 45.51225100124407))","((-68.3537990013219, 45.512251001244074), (-68.35017222683688, 45.51765486839698))"
971,MAXWELL,"POLYGON ((-82.19547750168523 34.16821955347819, -82.19010102746149 34.17594036272837, -82.17521460236767 34.18049255056897, -82.17538150156834 34.17988555239759, -82.19547750168523 34.16821955347819))","((-82.19547750168523, 34.16821955347819), (-82.17521460236767, 34.18049255056897))"
972,MCGREW,"POLYGON ((-83.68061812037226 43.04806289181334, -83.68147432280752 43.0482753577929, -83.67844000214102 43.09641967753919, -83.67533869463308 43.06868652265107, -83.68061812037226 43.04806289181334))","((-83.68061812037226, 43.04806289181334), (-83.67844000214102, 43.09641967753919))"
973,MCKEES ROCK,"POLYGON ((-80.0619129722762 40.47801305869896, -80.06260252655653 40.47743998724497, -80.06614486606219 40.48267371045217, -80.06496438750005 40.48212013112323, -80.0619129722762 40.47801305869896))","((-80.06260252655653, 40.47743998724497), (-80.06614486606219, 40.48267371045217))"
974,MCKEES ROCKS,"POLYGON ((-80.06102777401475 40.47627555991124, -80.06177024260484 40.47578246945107, -80.06609369035395 40.48271654373816, -80.06466983843141 40.48189886750072, -80.06102777401475 40.47627555991124))","((-80.06102777401475, 40.47627555991124), (-80.06609369035395, 40.48271654373816))"
975,MCKEESPORT,"POLYGON ((-79.85265083231128 40.35256631935193, -79.85285542865779 40.35343255366099, -79.8393831970083 40.35814761560292, -79.84256096622423 40.35503115691305, -79.85265083231128 40.35256631935193))","((-79.85265083231128, 40.35256631935193), (-79.8393831970083, 40.35814761560292))"
976,MEADOW CREEK,"POLYGON ((-80.91570502819508 37.7919803915186, -80.91976201820967 37.79567405931058, -80.9228724348487 37.80690288811765, -80.92171378378403 37.80562789067478, -80.91570502819508 37.7919803915186))","((-80.91570502819508, 37.7919803915186), (-80.9228724348487, 37.80690288811765))"
977,MEMPHIS JCT,"POLYGON ((-86.48661074393145 36.94493477962105, -86.48653320631466 36.94856648578582, -86.48277575500434 36.95582190392184, -86.48248974142494 36.95522528126256, -86.48661074393145 36.94493477962105))","((-86.48661074393145, 36.94493477962105), (-86.48277575500434, 36.95582190392184))"
978,MIDDLE,"POLYGON ((-78.85114945643221 42.85350140235985, -78.85929137493929 42.85354849909523, -78.86430802521021 42.85514912136824, -78.85122578505803 42.85871972604097, -78.85114945643221 42.85350140235985))","((-78.8643080252102, 42.85514912136824), (-78.85122578505803, 42.858719726040974))"
979,MIDDLEBELT,"POLYGON ((-83.34482598608452 42.37574305477799, -83.34345017921542 42.37689624749135, -83.33421772009427 42.37650246168197, -83.33465265083181 42.376004347598, -83.34482598608452 42.37574305477799))","((-83.34482598608452, 42.37574305477799), (-83.33421772009427, 42.37650246168197))"
980,MIDDLEBORO,"POLYGON ((-70.92092452440143 41.88480122773988, -70.92144239518038 41.8842437278062, -70.93087371947847 41.8865011818437, -70.9234969763591 41.88659973588099, -70.92092452440143 41.88480122773988))","((-70.92092452440143, 41.88480122773988), (-70.93087371947847, 41.8865011818437))"
981,MIDDLETOWN,"POLYGON ((-84.41169147965012 39.48154997096301, -84.40851909391165 39.48561059880371, -84.3964257830833 39.48731129109036, -84.39670004048115 39.48674111168973, -84.41169147965012 39.48154997096301))","((-84.41169147965012, 39.48154997096301), (-84.3964257830833, 39.487311291090364))"
982,MILAN,"POLYGON ((-78.87789443492184 35.06681512302901, -78.87725436237022 35.06841562039455, -78.86201380924882 35.07693150336217, -78.86669307641303 35.07285550755891, -78.87789443492184 35.06681512302901))","((-78.87789443492184, 35.06681512302901), (-78.86201380924882, 35.07693150336217))"
983,MILLDALE,"POLYGON ((-81.63923022784762 30.37803330123644, -81.63921375918653 30.37713622350331, -81.64412911218724 30.37769045005345, -81.6437112646895 30.3781688623948, -81.63923022784762 30.37803330123644))","((-81.63921375918653, 30.377136223503307), (-81.64412911218724, 30.377690450053446))"
984,MITCHELL,"POLYGON ((-86.4613438581822 38.73426471782042, -86.45893031765281 38.73664117960347, -86.45038333413588 38.73738165759571, -86.45071266330731 38.73683231093742, -86.4613438581822 38.73426471782042))","((-86.4613438581822, 38.73426471782042), (-86.45038333413588, 38.73738165759571))"
985,MONCRIEF,"POLYGON ((-81.68901448815144 30.3376639139059, -81.70920929796088 30.34684434545913, -81.71335379620444 30.35650337231342, -81.71272206156195 30.3565750612901, -81.68901448815144 30.3376639139059))","((-81.68901448815144, 30.3376639139059), (-81.71335379620444, 30.356503372313423))"
986,MONON,"POLYGON ((-86.87905775002122 40.86103726081453, -86.87944747084849 40.8602325506622, -86.89567279456068 40.86667827974301, -86.89459702479694 40.86687295595809, -86.87905775002122 40.86103726081453))","((-86.87905775002122, 40.861037260814534), (-86.89567279456068, 40.866678279743006))"
987,MONROE,"POLYGON ((-80.53306071332752 34.98134263998889, -80.55301128505062 34.98645214120541, -80.51006122436941 34.98246982681433, -80.51049673294489 34.9820034288521, -80.53306071332752 34.98134263998889))","((-80.55301128505062, 34.98645214120541), (-80.51006122436941, 34.98246982681433))"
988,MONT CO RES RECOVERY,"POLYGON ((-77.45619947135499 39.1999210710385, -77.45747953743803 39.199966201525, -77.45904961013561 39.20995169014345, -77.45524011133784 39.20454662103464, -77.45619947135499 39.1999210710385))","((-77.45619947135499, 39.199921071038496), (-77.45904961013561, 39.20995169014345))"
989,MORGANTOWN STORAGE,"POLYGON ((-76.97388668419472 38.36302524580795, -76.97100529098849 38.36437965899035, -76.96294161472622 38.36430001850572, -76.96588214224566 38.36334458653879, -76.97388668419472 38.36302524580795))","((-76.97388668419472, 38.36302524580795), (-76.96294161472622, 38.364300018505716))"
990,MOTT HAVEN,"POLYGON ((-73.91780612363922 40.79917335896897, -73.92009490196295 40.79923855413043, -73.93026655712707 40.80636640805926, -73.92170739674543 40.80269278497014, -73.91780612363922 40.79917335896897))","((-73.91780612363922, 40.79917335896897), (-73.93026655712707, 40.80636640805926))"
991,MT CLARE,"POLYGON ((-76.65308340393686 39.26597516441584, -76.65582198821583 39.26769465466013, -76.65552533568263 39.27462555549732, -76.6549583145887 39.27433953151707, -76.65308340393686 39.26597516441584))","((-76.65308340393686, 39.26597516441584), (-76.65552533568263, 39.274625555497316))"
992,MT WINANS,"POLYGON ((-76.65918970125425 39.25542430577713, -76.65835392389012 39.25708349883187, -76.64370527221425 39.26508353060029, -76.65137958032984 39.25854685633568, -76.65918970125425 39.25542430577713))","((-76.65918970125425, 39.255424305777126), (-76.64370527221425, 39.265083530600286))"
993,MULBERRY,"POLYGON ((-81.99747820409593 27.89933093404169, -81.99818868216045 27.90620951050834, -81.99292832897038 27.90926562341904, -81.99270021781332 27.90864551175038, -81.99747820409593 27.89933093404169))","((-81.99747820409593, 27.899330934041686), (-81.99292832897038, 27.909265623419035))"
994,NASHUA,"POLYGON ((-71.44044836877649 42.74234837995679, -71.44131541260053 42.74218535927449, -71.44819579826979 42.76086551866354, -71.44184272297531 42.75810442951636, -71.44044836877649 42.74234837995679))","((-71.44044836877649, 42.742348379956795), (-71.4481957982698, 42.760865518663536))"
995,NASHVILLE TRANSFLO,"POLYGON ((-86.77349824764897 36.13920289584449, -86.7742433678653 36.13968141552623, -86.77019198593216 36.14605217952325, -86.76891777405099 36.14425333401662, -86.77349824764897 36.13920289584449))","((-86.77349824764897, 36.13920289584449), (-86.77019198593216, 36.14605217952325))"
996,NEEDMORE,"POLYGON ((-84.17568053819542 39.79912230662217, -84.17657478507576 39.79917421266136, -84.1766924163947 39.83150363533294, -84.17375676145122 39.81596677631303, -84.17568053819542 39.79912230662217))","((-84.17568053819542, 39.799122306622166), (-84.1766924163947, 39.831503635332936))"
997,NEW,"POLYGON ((-76.59001597691757 39.26461706556103, -76.59525629891469 39.26635943170388, -76.59110433403545 39.27438885649549, -76.58660471663764 39.26885053429933, -76.59001597691757 39.26461706556103))","((-76.59001597691757, 39.264617065561026), (-76.59110433403545, 39.27438885649549))"
998,NEW BOSTON,"POLYGON ((-83.39304734771933 42.16577918215676, -83.39595435739707 42.16986416728922, -83.39441742213346 42.19455905712555, -83.39396214529357 42.19412443474216, -83.39304734771933 42.16577918215676))","((-83.39304734771933, 42.16577918215676), (-83.39441742213346, 42.194559057125545))"
999,NEW BOYLES,"POLYGON ((-86.78772078511281 33.57521842097378, -86.79282669026735 33.59043154919605, -86.78213850541816 33.6141418904048, -86.77821725342386 33.60889700340303, -86.78772078511281 33.57521842097378))","((-86.78772078511281, 33.575218420973776), (-86.78213850541816, 33.614141890404795))"
1000,NEW BUFFALO,"POLYGON ((-86.75830566461065 41.77726638181993, -86.75861149374603 41.77809995497247, -86.7433023771938 41.78602971761411, -86.74804269080769 41.78232610309395, -86.75830566461065 41.77726638181993))","((-86.75830566461065, 41.777266381819935), (-86.7433023771938, 41.786029717614106))"
1001,NEW CASTLE,"POLYGON ((-80.36416403589912 40.93736761950882, -80.36499957939796 40.93747120542902, -80.37210610700305 40.96938117403797, -80.361934782107 40.94691739579136, -80.36416403589912 40.93736761950882))","((-80.36416403589912, 40.93736761950882), (-80.37210610700305, 40.96938117403797))"
1002,NEW ENGLAND AUTOMOTIVE GATEWAY,"POLYGON ((-72.02297451526185 42.22135231758867, -72.03363019249343 42.225429667932, -72.03388436284949 42.22601305995563, -72.02927790500382 42.22591668666786, -72.02297451526185 42.22135231758867))","((-72.02297451526185, 42.22135231758867), (-72.03388436284949, 42.22601305995563))"
1003,NEW RIVER,"POLYGON ((-84.53606719215796 39.42772038142176, -84.53664271643292 39.42840701771853, -84.51440458610639 39.44937034205267, -84.5155253996879 39.44732270742637, -84.53606719215796 39.42772038142176))","((-84.53606719215796, 39.42772038142176), (-84.5144045861064, 39.44937034205267))"
1004,NEW WALES,"POLYGON ((-82.05357832083632 27.83599203299522, -82.05498039664943 27.8358162943322, -82.05471970400922 27.83880990082923, -82.05361417974362 27.83856361911216, -82.05357832083632 27.83599203299522))","((-82.05498039664943, 27.835816294332204), (-82.05361417974362, 27.838563619112165))"
1005,NEW WALES,"POLYGON ((-82.04695386554209 27.82259396408554, -82.05446945618729 27.8384809016228, -82.04260659691094 27.84077342463042, -82.042274505623 27.84022159863446, -82.04695386554209 27.82259396408554))","((-82.0469538655421, 27.822593964085538), (-82.04260659691094, 27.840773424630424))"
1006,NEWBURGH,"POLYGON ((-83.40112053235191 42.29572047851957, -83.4023848971303 42.29517632604467, -83.40678850373963 42.30188917014425, -83.40618311475554 42.30186328465361, -83.40112053235191 42.29572047851957))","((-83.40112053235191, 42.29572047851957), (-83.40678850373963, 42.30188917014425))"
1007,NEWCASTLE,"POLYGON ((-80.36358527494858 40.92076642028162, -80.36862335545617 40.9301587642535, -80.36375097521777 40.94725747937016, -80.36306084659121 40.94538872127354, -80.36358527494858 40.92076642028162))","((-80.36358527494858, 40.920766420281616), (-80.36375097521777, 40.94725747937016))"
1008,NEWELL,"POLYGON ((-79.88324091865481 40.07712200193754, -79.88795894328683 40.07728713137566, -79.88834560193651 40.07778652724136, -79.88058093507458 40.07774078950526, -79.88324091865481 40.07712200193754))","((-79.8883456019365, 40.07778652724136), (-79.88058093507458, 40.077740789505256))"
1009,NEWELL YARD,"POLYGON ((-79.87037809922765 40.0750210508676, -79.87049963561454 40.07413210071963, -79.89614857013871 40.0768096980394, -79.88788500688027 40.07818128033356, -79.87037809922765 40.0750210508676))","((-79.87037809922765, 40.0750210508676), (-79.8961485701387, 40.076809698039405))"
1010,NEWPORT NEWS,"POLYGON ((-76.42815772733204 36.98494418733736, -76.43374169506977 36.99266325217445, -76.45580175229371 37.02942295856689, -76.42558873869962 36.98955057854113, -76.42815772733204 36.98494418733736))","((-76.42815772733204, 36.984944187337355), (-76.45580175229371, 37.02942295856689))"
1011,NIAGARA,"POLYGON ((-79.0213589701201 43.11096797562629, -79.04204965038601 43.1114547320685, -78.99632694484903 43.11875884877395, -78.9966292792063 43.1181923862481, -79.0213589701201 43.11096797562629))","((-79.042049650386, 43.1114547320685), (-78.99632694484903, 43.11875884877395))"
1012,NORTH,"POLYGON ((-87.61453616054652 40.14078552151601, -87.61540573192396 40.14095693431594, -87.61401853215418 40.14731748883638, -87.61339361398284 40.14480686428377, -87.61453616054652 40.14078552151601))","((-87.61453616054652, 40.14078552151601), (-87.61401853215418, 40.14731748883638))"
1013,NORTH,"POLYGON ((-83.46647138660715 42.38151611575468, -83.47049935443843 42.38864126016325, -83.46932738175092 42.39550245103393, -83.46881005432965 42.39513555685688, -83.46647138660715 42.38151611575468))","((-83.46647138660715, 42.38151611575468), (-83.46932738175092, 42.395502451033934))"
1014,NORTH BERGEN,"POLYGON ((-74.03554334384094 40.78516654723731, -74.03623555562028 40.78573145776188, -74.02380127288541 40.80357271081166, -74.02892453353849 40.7927000240542, -74.03554334384094 40.78516654723731))","((-74.03554334384094, 40.78516654723731), (-74.02380127288541, 40.803572710811665))"
1015,NORTH CHARLESTON,"POLYGON ((-79.98399409808981 32.85385148269504, -79.98784895549177 32.85524778224585, -79.99531135907883 32.86566414983589, -79.99175693711877 32.86312626554041, -79.98399409808981 32.85385148269504))","((-79.98399409808981, 32.85385148269504), (-79.99531135907883, 32.86566414983589))"
1016,NORTH FRAMINGHAM,"POLYGON ((-71.42045524328128 42.27905944556812, -71.421987023903 42.27941809802222, -71.42497362464992 42.28470856595529, -71.42257295078451 42.28312070409797, -71.42045524328128 42.27905944556812))","((-71.42045524328128, 42.27905944556812), (-71.42497362464992, 42.28470856595529))"
1017,NORTH MCKEES ROCK,"POLYGON ((-80.06556499148786 40.48193015564266, -80.06620651984993 40.48131342663039, -80.07430486319176 40.48827082015278, -80.06913474168124 40.48623868391636, -80.06556499148786 40.48193015564266))","((-80.06556499148786, 40.48193015564266), (-80.07430486319176, 40.48827082015278))"
1018,NORTH MCKEES ROCKS,"POLYGON ((-80.06547025970495 40.48261817302136, -80.06605191175382 40.48196012778161, -80.08024506416791 40.49046602269338, -80.06961381007179 40.48686740836361, -80.06547025970495 40.48261817302136))","((-80.06547025970495, 40.482618173021365), (-80.08024506416791, 40.49046602269338))"
1019,NORTH PORT,"POLYGON ((-79.95218938133543 32.83399423378393, -79.95576698787021 32.837730583301, -79.95755527204827 32.84711148333599, -79.95697780514332 32.84684730599192, -79.95218938133543 32.83399423378393))","((-79.95218938133543, 32.833994233783926), (-79.95755527204827, 32.84711148333599))"
1020,NORTHERN MAINE JUNCTION,"POLYGON ((-68.8708424509784 44.79269626682379, -68.87138007030994 44.79230061126643, -68.88515480960942 44.79559185298544, -68.88201593664716 44.79580192428315, -68.8708424509784 44.79269626682379))","((-68.8708424509784, 44.79269626682379), (-68.88515480960942, 44.79559185298544))"
1021,NORTHERN MAINE JUNCTION (ST),"POLYGON ((-68.86053017318055 44.78545126589961, -68.87173857582997 44.792739814371, -68.86021017409236 44.80021863753682, -68.82703346572033 44.78620960885681, -68.86053017318055 44.78545126589961))","((-68.87173857582997, 44.792739814371004), (-68.82703346572033, 44.78620960885681))"
1022,NORTHWEST OHIO TERMINAL,"POLYGON ((-83.68411821777319 41.18249769963532, -83.73083674650348 41.18479762418907, -83.7803648015214 41.19171534608143, -83.77987219565263 41.1921277082153, -83.68411821777319 41.18249769963532))","((-83.68411821777319, 41.18249769963532), (-83.7803648015214, 41.19171534608143))"
1023,OAK,"POLYGON ((-83.22502644179038 42.37111337907312, -83.24451326163739 42.37864389570672, -83.24476685750295 42.37921707184331, -83.21717026547155 42.37980064892221, -83.22502644179038 42.37111337907312))","((-83.24476685750295, 42.379217071843314), (-83.21717026547155, 42.37980064892221))"
1024,OAK POINT,"POLYGON ((-73.91338908506899 40.79921467487011, -73.90647259129456 40.80708642303851, -73.89124663358369 40.81877331574198, -73.89690011933752 40.80795494434305, -73.91338908506899 40.79921467487011))","((-73.91338908506899, 40.79921467487011), (-73.89124663358369, 40.81877331574198))"
1025,OAKLAWN,"POLYGON ((-87.59003322901343 40.13539212822579, -87.59654831913687 40.13732750424614, -87.58024583036303 40.13846229636758, -87.58311161823602 40.13634950236635, -87.59003322901343 40.13539212822579))","((-87.59654831913687, 40.13732750424614), (-87.58024583036303, 40.13846229636758))"
1026,OAKWORTH,"POLYGON ((-86.9834678075147 34.58023257899514, -86.98434532705981 34.58009695990108, -86.99439658829982 34.61347154018738, -86.98552540948879 34.61415435037079, -86.9834678075147 34.58023257899514))","((-86.9834678075147, 34.580232578995144), (-86.99439658829982, 34.613471540187376))"
1027,OGLETHORPE (CSXT),"POLYGON ((-84.05764039609396 32.29631322560441, -84.06289555395711 32.30032651603136, -84.06505408043924 32.30923773831404, -84.06443887580856 32.30905695444151, -84.05764039609396 32.29631322560441))","((-84.05764039609396, 32.29631322560441), (-84.06505408043924, 32.30923773831404))"
1028,OLD TOWN,"POLYGON ((-68.64208979319363 44.92857788121037, -68.64296927873393 44.92842424703701, -68.64395075547935 44.93429261724926, -68.64291373966358 44.93276514990607, -68.64208979319363 44.92857788121037))","((-68.64208979319363, 44.928577881210366), (-68.64395075547935, 44.934292617249255))"
1029,ORLANDO,"POLYGON ((-81.38084578931127 28.51984936188869, -81.38213866505221 28.52130349622983, -81.38229603754074 28.52955708223578, -81.38177956549342 28.52920178713673, -81.38084578931127 28.51984936188869))","((-81.38084578931127, 28.519849361888685), (-81.38229603754074, 28.529557082235783))"
1030,OSBORN,"POLYGON ((-85.74046160994658 38.1295659046033, -85.74128781241497 38.12966748435426, -85.75279101266958 38.17410712150546, -85.73766073135755 38.13930118354705, -85.74046160994658 38.1295659046033))","((-85.74046160994658, 38.1295659046033), (-85.75279101266958, 38.174107121505465))"
1031,OTTAWA,"POLYGON ((-88.88541776029689 41.34423964599095, -88.88101597932915 41.34893953682498, -88.87141991654768 41.35133909031438, -88.87182472740379 41.35059143058076, -88.88541776029689 41.34423964599095))","((-88.88541776029689, 41.34423964599095), (-88.87141991654768, 41.35133909031438))"
1032,PAINESVILLE,"POLYGON ((-81.26349407159708 41.72171222318195, -81.26270242571076 41.72381001733237, -81.25704912613276 41.7260070570942, -81.25715404811696 41.72538275047469, -81.26349407159708 41.72171222318195))","((-81.26349407159708, 41.721712223181946), (-81.25704912613276, 41.7260070570942))"
1033,PAINTSVILLE,"POLYGON ((-82.79222412911761 37.80146011976163, -82.79305879799347 37.80167209059284, -82.79313371934821 37.81466852948333, -82.79080111048413 37.80694546784591, -82.79222412911761 37.80146011976163))","((-82.79222412911761, 37.80146011976163), (-82.7931337193482, 37.814668529483335))"
1034,PALM CENTER,"POLYGON ((-80.26464288802514 26.90028637224336, -80.2658007457493 26.90084574936174, -80.26199369902483 26.91202058085709, -80.25987016214866 26.90277599996234, -80.26464288802514 26.90028637224336))","((-80.26464288802514, 26.900286372243357), (-80.26199369902483, 26.912020580857092))"
1035,PALMER,"POLYGON ((-72.31004610650709 42.148957527965, -72.3104033315575 42.14813390990565, -72.32930576709181 42.15602406701529, -72.32563710441207 42.15520942380845, -72.31004610650709 42.148957527965))","((-72.31004610650709, 42.148957527965), (-72.32930576709181, 42.15602406701529))"
1036,PARKERSBURG HIGH,"POLYGON ((-81.55932807257911 39.27536916834436, -81.56010252853386 39.27574456346215, -81.55838803905739 39.28068133064014, -81.55791105194898 39.27744082261349, -81.55932807257911 39.27536916834436))","((-81.5593280725791, 39.27536916834436), (-81.55838803905739, 39.280681330640135))"
1037,PARMA,"POLYGON ((-81.7833099594947 41.40959797719898, -81.784131648176 41.41153872335774, -81.77675233551066 41.41853380945151, -81.77791320564727 41.41588502367493, -81.7833099594947 41.40959797719898))","((-81.7833099594947, 41.40959797719898), (-81.77675233551066, 41.41853380945151))"
1038,PARSONS,"POLYGON ((-82.96108251704325 39.89076904685374, -82.98117038497256 39.90764006179677, -82.99287307966854 39.91951266918203, -82.96562374453906 39.89945872656889, -82.96108251704325 39.89076904685374))","((-82.96108251704325, 39.89076904685374), (-82.99287307966854, 39.91951266918203))"
1039,PEACH CREEK,"POLYGON ((-81.98947338553852 37.8579035049958, -81.99190647225852 37.89875558004236, -81.98576140055147 37.90395639802832, -81.98297901776056 37.86782990246635, -81.98947338553852 37.8579035049958))","((-81.98947338553852, 37.857903504995804), (-81.98576140055147, 37.90395639802832))"
1040,PEARSON,"POLYGON ((-77.94857432339921 39.50356578477069, -77.94908472374252 39.50283201052925, -77.954893536534 39.5068324617528, -77.95269551742828 39.50656742083311, -77.94857432339921 39.50356578477069))","((-77.94857432339921, 39.50356578477069), (-77.954893536534, 39.5068324617528))"
1041,PECAN,"POLYGON ((-81.65699932853971 29.67611319108672, -81.65882013569056 29.67885816864314, -81.65948120977633 29.68862179168342, -81.6589664162297 29.68825020972582, -81.65699932853971 29.67611319108672))","((-81.65699932853971, 29.676113191086724), (-81.65948120977633, 29.68862179168342))"
1042,PENN MARY (CSXT),"POLYGON ((-76.5517661093909 39.26556040832551, -76.55495361756691 39.26679364233169, -76.55489949814665 39.2720824189056, -76.54903492464182 39.26609336337862, -76.5517661093909 39.26556040832551))","((-76.55489949814665, 39.272082418905605), (-76.54903492464182, 39.26609336337862))"
1043,PIERCE,"POLYGON ((-81.97018566917377 27.83856998162359, -81.97097552838453 27.84008029640854, -81.96583470437903 27.8510661757465, -81.96557304883503 27.850484851714, -81.97018566917377 27.83856998162359))","((-81.97018566917377, 27.83856998162359), (-81.96583470437903, 27.851066175746503))"
1044,PINOCA,"POLYGON ((-80.88682234988786 35.26912104837946, -80.88728849604362 35.26839816444391, -80.90360198265813 35.27356226285249, -80.89564772966082 35.27617071231324, -80.88682234988786 35.26912104837946))","((-80.88682234988786, 35.26912104837946), (-80.90360198265813, 35.273562262852494))"
1045,PINOCCA,"POLYGON ((-80.88661021370027 35.26902289318176, -80.88723255729242 35.26838116143403, -80.89612552763498 35.27601480892083, -80.89549865483291 35.27609590085963, -80.88661021370027 35.26902289318176))","((-80.88661021370027, 35.269022893181756), (-80.89612552763498, 35.27601480892083))"
1046,PITTSFIELD,"POLYGON ((-73.22539893471253 42.45322772085266, -73.22548905412113 42.45412019090741, -73.2122660729032 42.45530732268804, -73.2147785469824 42.45441302789478, -73.22539893471253 42.45322772085266))","((-73.22539893471253, 42.45322772085266), (-73.2122660729032, 42.455307322688036))"
1047,POOR FARM,"POLYGON ((-80.34350637875204 40.66091562507463, -80.34336869127837 40.66239668252331, -80.33832963364286 40.6660380782877, -80.33831647205061 40.66540577927749, -80.34350637875204 40.66091562507463))","((-80.34350637875204, 40.66091562507463), (-80.33832963364286, 40.6660380782877))"
1048,PORT HURON,"POLYGON ((-82.46967323512632 42.96315693233263, -82.46978536271611 42.96226602276383, -82.48164967245215 42.96405596104656, -82.48115984138495 42.96445174519813, -82.46967323512632 42.96315693233263))","((-82.46967323512632, 42.96315693233263), (-82.48164967245215, 42.96405596104656))"
1049,PORT MANATEE,"POLYGON ((-82.53730393273173 27.63704549119398, -82.53614372090667 27.6392106757938, -82.52683204287452 27.64456159091121, -82.52695804189273 27.64394076762398, -82.53730393273173 27.63704549119398))","((-82.53730393273173, 27.637045491193984), (-82.52683204287452, 27.644561590911213))"
1050,PORT OF ALBANY,"POLYGON ((-73.76802375274733 42.60203278870217, -73.76930473317286 42.60557757919192, -73.76539196934198 42.62207173483598, -73.76471658179143 42.61764448492055, -73.76802375274733 42.60203278870217))","((-73.76802375274733, 42.60203278870217), (-73.76539196934198, 42.62207173483598))"
1051,PORT SUTTON,"POLYGON ((-82.40552918666431 27.90541370538087, -82.41620583184708 27.90545645362097, -82.41750773579535 27.90600705060428, -82.40428010164641 27.90621591645617, -82.40552918666431 27.90541370538087))","((-82.41750773579535, 27.906007050604277), (-82.4042801016464, 27.906215916456173))"
1052,PORT TAMPA,"POLYGON ((-82.44852196143897 27.94536709629137, -82.44940952275051 27.94536038341809, -82.44939250399763 27.94983260058011, -82.44868453547717 27.9487297599307, -82.44852196143897 27.94536709629137))","((-82.44852196143897, 27.945367096291367), (-82.44939250399763, 27.949832600580113))"
1053,PORTLAND YARD,"POLYGON ((-70.27232324377417 43.6425102215577, -70.27248137762975 43.64338479459185, -70.26414498463919 43.64485439961958, -70.26624414402409 43.64366385279467, -70.27232324377417 43.6425102215577))","((-70.27232324377417, 43.6425102215577), (-70.26414498463919, 43.644854399619575))"
1054,PORTSMOUTH,"POLYGON ((-70.76704725563758 43.07394686512017, -70.76724973619973 43.07530740551937, -70.76214544097958 43.07841895058611, -70.76215571651312 43.07778398435934, -70.76704725563758 43.07394686512017))","((-70.76704725563758, 43.07394686512017), (-70.76214544097958, 43.078418950586105))"
1055,PRAIRIE,"POLYGON ((-81.98151074626796 27.91613626864472, -81.98178181049096 27.91939601898936, -81.97941764744773 27.92622777270055, -81.97905718581727 27.92567293074822, -81.98151074626796 27.91613626864472))","((-81.98151074626796, 27.916136268644717), (-81.97941764744773, 27.926227772700553))"
1056,PRAIRIE JCT,"POLYGON ((-81.97984308513412 27.90566627758693, -81.98345701765919 27.9104658697002, -81.98224236682526 27.91595543244043, -81.98168868017353 27.91560251158783, -81.97984308513412 27.90566627758693))","((-81.97984308513412, 27.90566627758693), (-81.98224236682526, 27.915955432440427))"
1057,PRAIRIE JCT WEST,"POLYGON ((-81.99298489796465 27.90841631887724, -81.99329774597733 27.90925372781497, -81.98348288815319 27.9131884799072, -81.98534533135475 27.9113884630592, -81.99298489796465 27.90841631887724))","((-81.99298489796465, 27.908416318877244), (-81.98348288815319, 27.913188479907202))"
1058,PREGNALL,"POLYGON ((-80.44384577535654 33.23933587554933, -80.44503967813303 33.24138474558435, -80.44454331683063 33.2453156399742, -80.44402993741041 33.24493239930273, -80.44384577535654 33.23933587554933))","((-80.44384577535654, 33.23933587554933), (-80.44454331683063, 33.2453156399742))"
1059,PRITCHARD,"POLYGON ((-81.76831173913315 30.37126481295399, -81.76997734493911 30.3749450016606, -81.76898910509739 30.40266871746793, -81.76797862400683 30.40003130521115, -81.76831173913315 30.37126481295399))","((-81.76831173913315, 30.37126481295399), (-81.76898910509739, 30.40266871746793))"
1060,PRIVATEER,"POLYGON ((-80.41389204872708 33.82188698901626, -80.41463131032584 33.82238200772053, -80.41096890898262 33.82732084758165, -80.41101264804753 33.82614887968304, -80.41389204872708 33.82188698901626))","((-80.41389204872708, 33.821886989016264), (-80.41096890898262, 33.827320847581646))"
1061,QUEENSGATE,"POLYGON ((-84.54191040132478 39.10219720519257, -84.54801868594588 39.14161767384034, -84.54279846937231 39.15085590909743, -84.53815610761944 39.1307753675729, -84.54191040132478 39.10219720519257))","((-84.54191040132478, 39.102197205192574), (-84.54279846937231, 39.15085590909743))"
1062,QUEENSGATE INTERMODAL,"POLYGON ((-84.53812718316237 39.10719874156533, -84.54068672153387 39.12028135396738, -84.53899724753099 39.12958288958762, -84.53786820182191 39.11236210548591, -84.53812718316237 39.10719874156533))","((-84.53812718316237, 39.10719874156533), (-84.53899724753099, 39.129582889587624))"
1063,QUINNIMONT,"POLYGON ((-81.05550050316162 37.84262745299048, -81.06099840261741 37.85655037382695, -81.05042358894693 37.85924492876928, -81.04578806632722 37.85202382108032, -81.05550050316162 37.84262745299048))","((-81.05550050316162, 37.842627452990484), (-81.05042358894693, 37.85924492876928))"
1064,RADISSON,"POLYGON ((-76.32958491293375 43.17078558591596, -76.33533807077403 43.1779246434532, -76.31849154217021 43.1728974435778, -76.31886491330485 43.17235558463786, -76.32958491293375 43.17078558591596))","((-76.33533807077403, 43.177924643453196), (-76.31849154217021, 43.1728974435778))"
1065,RADNOR,"POLYGON ((-86.77094442427313 36.06064695356643, -86.76901931256188 36.07278168034676, -86.75066806045086 36.12114654712936, -86.75057108615412 36.09090729450672, -86.77094442427313 36.06064695356643))","((-86.77094442427313, 36.060646953566426), (-86.75066806045086, 36.121146547129364))"
1066,RAINELLE,"POLYGON ((-80.77195193737398 37.96808168607716, -80.77245085870116 37.96881873821489, -80.76456313038472 37.97532285700304, -80.76724636473094 37.97162585098112, -80.77195193737398 37.96808168607716))","((-80.77195193737398, 37.96808168607716), (-80.76456313038472, 37.975322857003036))"
1067,RAINS,"POLYGON ((-79.31493134359539 34.09796761899293, -79.31400904992516 34.10183482335241, -79.31029413580562 34.10658823844415, -79.30945651529154 34.10404303857417, -79.31493134359539 34.09796761899293))","((-79.31493134359539, 34.09796761899293), (-79.31029413580562, 34.106588238444154))"
1068,RALEIGH,"POLYGON ((-78.6415431429635 35.78693736115797, -78.63948227529603 35.79626116647066, -78.62670677196516 35.80191792210059, -78.62671491397829 35.80128032213608, -78.6415431429635 35.78693736115797))","((-78.6415431429635, 35.786937361157975), (-78.62670677196516, 35.801917922100586))"
1069,RALEIGH,"POLYGON ((-81.15880736648523 37.75712525314824, -81.15912590493031 37.75634535864345, -81.16738399008479 37.75702957468383, -81.16441128187812 37.76051926646632, -81.15880736648523 37.75712525314824))","((-81.15880736648523, 37.75712525314824), (-81.16738399008479, 37.757029574683834))"
1070,RAND,"POLYGON ((-81.30535837753872 28.81838535330724, -81.30697774381956 28.81821490308935, -81.32238342007794 28.82853177119521, -81.31653468337315 28.82591490350088, -81.30535837753872 28.81838535330724))","((-81.30535837753872, 28.81838535330724), (-81.32238342007794, 28.82853177119521))"
1071,RAVENNA,"POLYGON ((-83.94642097533402 37.6812602733505, -83.95968443903747 37.68597210685027, -83.96790265787449 37.6941999767146, -83.96611333792299 37.69363798368872, -83.94642097533402 37.6812602733505))","((-83.94642097533402, 37.681260273350496), (-83.96790265787449, 37.6941999767146))"
1072,READVILLE,"POLYGON ((-71.1386396601816 42.22683705973462, -71.13942819154107 42.22725450787119, -71.13647364142417 42.23223658148203, -71.13605966781752 42.23151278392224, -71.1386396601816 42.22683705973462))","((-71.1386396601816, 42.22683705973462), (-71.13647364142417, 42.23223658148203))"
1073,READVILLE,"POLYGON ((-71.13613631442313 42.23138609815263, -71.13700421744996 42.23205811205674, -71.13150420830009 42.23921387263988, -71.13133708264712 42.23857504634669, -71.13613631442313 42.23138609815263))","((-71.13613631442313, 42.231386098152626), (-71.13150420830009, 42.23921387263988))"
1074,RICE,"POLYGON ((-82.41961895344703 31.16075973764995, -82.38713771417099 31.18898930974697, -82.36061219435402 31.20436554945296, -82.36314113040513 31.19607514180508, -82.41961895344703 31.16075973764995))","((-82.41961895344703, 31.160759737649954), (-82.36061219435402, 31.20436554945296))"
1075,RIGBY,"POLYGON ((-70.30089005003366 43.60555228789585, -70.30073050779957 43.61441990648998, -70.29342287462153 43.63880293764669, -70.29492961525861 43.62515471192393, -70.30089005003366 43.60555228789585))","((-70.30089005003366, 43.605552287895854), (-70.29342287462153, 43.638802937646695))"
1076,RILEYS,"POLYGON ((-70.23300744031842 44.49816708110323, -70.2350881032707 44.4981930268386, -70.2485632333223 44.50921801200806, -70.24091484327238 44.51072746196789, -70.23300744031842 44.49816708110323))","((-70.23300744031842, 44.498167081103226), (-70.2485632333223, 44.50921801200806))"
1077,RIVERSIDE,"POLYGON ((-76.59936116016361 39.2671859853254, -76.59977222018246 39.26655084974953, -76.61487221336839 39.26719382712703, -76.6010881284063 39.27033899036947, -76.59936116016361 39.2671859853254))","((-76.59936116016361, 39.267185985325405), (-76.61487221336839, 39.26719382712703))"
1078,RIVERTON,"POLYGON ((-79.8512262384079 40.35239404837243, -79.85373021270924 40.35297399220002, -79.83704456064737 40.35979314321892, -79.84170801451471 40.35461127888949, -79.8512262384079 40.35239404837243))","((-79.85373021270924, 40.35297399220002), (-79.83704456064737, 40.35979314321892))"
1079,ROBINSON,"POLYGON ((-80.15607820744728 34.40711658951664, -80.15720986404655 34.40706480561456, -80.15931330854798 34.41161299809053, -80.15838937810837 34.41122285387842, -80.15607820744728 34.40711658951664))","((-80.15607820744728, 34.40711658951664), (-80.15931330854798, 34.41161299809053))"
1080,ROCHESTER,"POLYGON ((-77.56318465007337 43.15038568100483, -77.58031226906679 43.15786196359085, -77.58955633013879 43.16406059895309, -77.56971850900351 43.15664827463633, -77.56318465007337 43.15038568100483))","((-77.56318465007337, 43.150385681004835), (-77.58955633013879, 43.164060598953085))"
1081,ROCK-TENN HOPEWELL PIER YARD,"POLYGON ((-77.27800309081071 37.30165725051213, -77.27719927267225 37.30415241244545, -77.2708301280186 37.30649209105346, -77.27069606204785 37.30532607216516, -77.27800309081071 37.30165725051213))","((-77.27800309081071, 37.30165725051213), (-77.2708301280186, 37.306492091053464))"
1082,ROCK-TENN HOPEWELL YARD,"POLYGON ((-77.27457861197841 37.29981355945524, -77.2764297777628 37.30077752926554, -77.26727358972472 37.30406764501348, -77.26747944822428 37.30192600287454, -77.27457861197841 37.29981355945524))","((-77.2764297777628, 37.30077752926554), (-77.26727358972472, 37.30406764501348))"
1083,ROCKPORT,"POLYGON ((-82.42086786667268 27.90980446513059, -82.41247226700824 27.92182171948765, -82.40238209091906 27.9191871875461, -82.40257668620444 27.91857156446825, -82.42086786667268 27.90980446513059))","((-82.42086786667268, 27.909804465130595), (-82.40238209091906, 27.9191871875461))"
1084,ROCKY MOUNT,"POLYGON ((-77.81936223329446 35.88346799061324, -77.82017565109847 35.8838474188185, -77.79973621672671 35.93161892732805, -77.79769421480682 35.92875644773266, -77.81936223329446 35.88346799061324))","((-77.81936223329446, 35.88346799061324), (-77.79973621672671, 35.93161892732805))"
1085,ROSE HILL INDUSTRIAL,"POLYGON ((-78.02213641351371 34.80689900808319, -78.02300363698818 34.8066888183564, -78.0269874977476 34.81879053179316, -78.02513643593073 34.81623310757868, -78.02213641351371 34.80689900808319))","((-78.0221364135137, 34.806899008083185), (-78.0269874977476, 34.81879053179316))"
1086,ROSE LAKE,"POLYGON ((-90.13247538604942 38.63743961967987, -90.09963142033547 38.64409216593674, -90.0802041765165 38.64472031217298, -90.08059045952992 38.64420972852287, -90.13247538604942 38.63743961967987))","((-90.13247538604942, 38.637439619679874), (-90.0802041765165, 38.64472031217298))"
1087,ROSSFORD,"POLYGON ((-83.53731140880743 41.61746647659989, -83.53273669497017 41.62273964492916, -83.52929619363562 41.62257208845483, -83.52943454469788 41.62194360195395, -83.53731140880743 41.61746647659989))","((-83.53731140880743, 41.617466476599894), (-83.52929619363562, 41.62257208845483))"
1088,ROSSFORD,"POLYGON ((-83.55306484095388 41.60780502361118, -83.55295249227565 41.60901079375468, -83.53679219922293 41.61816519700376, -83.53692999153969 41.61753592416865, -83.55306484095388 41.60780502361118))","((-83.55306484095388, 41.607805023611185), (-83.53679219922293, 41.61816519700376))"
1089,ROUGEMERE,"POLYGON ((-83.14320959856443 42.29500630072828, -83.14439294796557 42.29487031819315, -83.15597496417399 42.31156794460718, -83.15030770514095 42.30661973591555, -83.14320959856443 42.29500630072828))","((-83.14320959856443, 42.295006300728275), (-83.15597496417399, 42.311567944607184))"
1090,RUMFORD,"POLYGON ((-70.52414002580771 44.54060493721428, -70.5268310667723 44.54061986561645, -70.5324061581057 44.54445590483653, -70.53181910292555 44.54470044354173, -70.52414002580771 44.54060493721428))","((-70.52414002580771, 44.540604937214276), (-70.5324061581057, 44.54445590483653))"
1091,RUSSELL,"POLYGON ((-82.69543023734983 38.53105464802756, -82.69597602482644 38.53049391339818, -82.76233666928782 38.54850357968196, -82.72194220191697 38.5463715136399, -82.69543023734983 38.53105464802756))","((-82.69543023734983, 38.531054648027556), (-82.76233666928782, 38.548503579681956))"
1092,S&N,"POLYGON ((-86.31351299953857 32.38092600532745, -86.31415081952856 32.38108205384658, -86.33532686307461 32.41974322000917, -86.31166967008618 32.39320321717091, -86.31351299953857 32.38092600532745))","((-86.31351299953857, 32.38092600532745), (-86.33532686307461, 32.41974322000917))"
1093,SANDY HOOK,"POLYGON ((-79.11621096905624 37.39640452664646, -79.12398476497292 37.399214401553, -79.11104545139382 37.40292311926837, -79.11086095973972 37.39872620916914, -79.11621096905624 37.39640452664646))","((-79.12398476497292, 37.399214401553), (-79.11104545139382, 37.40292311926837))"
1094,SANFORD,"POLYGON ((-81.2852755817775 28.80619128005133, -81.29080110550257 28.80639123356573, -81.29341076578005 28.8103760813197, -81.28454527326876 28.80704558316028, -81.2852755817775 28.80619128005133))","((-81.29341076578005, 28.810376081319696), (-81.28454527326876, 28.807045583160278))"
1095,SARGENT,"POLYGON ((-90.02093091396017 35.12229466136398, -90.02189146026366 35.1230927965285, -89.99900707011707 35.12408431902001, -89.99942764892646 35.12360145544905, -90.02093091396017 35.12229466136398))","((-90.02189146026366, 35.1230927965285), (-89.99900707011707, 35.12408431902001))"
1096,SAVANNAH,"POLYGON ((-81.15572601809374 32.05095397985306, -81.15208146142112 32.06349661346916, -81.14481604795725 32.07451652939125, -81.14689388850466 32.06668734604747, -81.15572601809374 32.05095397985306))","((-81.15572601809374, 32.050953979853055), (-81.14481604795725, 32.07451652939125))"
1097,SELKIRK,"POLYGON ((-73.80433585799862 42.5327667557267, -73.83698594913039 42.54855139010778, -73.89084687108645 42.59859742309386, -73.81064924973424 42.54030410160084, -73.80433585799862 42.5327667557267))","((-73.80433585799862, 42.5327667557267), (-73.89084687108645, 42.59859742309386))"
1098,SENECA,"POLYGON ((-78.83765571312078 42.80546638548405, -78.83833088178439 42.80583744468117, -78.83898782016736 42.83490889941549, -78.83381211434381 42.81843156509938, -78.83765571312078 42.80546638548405))","((-78.83765571312078, 42.805466385484046), (-78.83898782016736, 42.83490889941549))"
1099,SHEPPLER,"POLYGON ((-79.87913310597359 40.16147548760835, -79.87940493211599 40.16062939837376, -79.89030096522524 40.16288145726062, -79.88362302035289 40.16279104646266, -79.87913310597359 40.16147548760835))","((-79.8791331059736, 40.16147548760835), (-79.89030096522524, 40.162881457260625))"
1100,SIBERT,"POLYGON ((-88.04428680234462 30.70595268894467, -88.04944545085637 30.71677987568123, -88.04879960912341 30.72558022495204, -88.04626802771166 30.72519198777742, -88.04428680234462 30.70595268894467))","((-88.04428680234462, 30.705952688944674), (-88.0487996091234, 30.725580224952044))"
1101,SMYRNA NISSAN PLANT,"POLYGON ((-86.48130706183045 35.95295537748185, -86.48227071130825 35.95545357761799, -86.4794392502388 35.96760070766172, -86.47904706786419 35.96709512346412, -86.48130706183045 35.95295537748185))","((-86.48130706183045, 35.95295537748185), (-86.4794392502388, 35.967600707661724))"
1102,SOUTH,"POLYGON ((-77.42740705884283 37.50311971999701, -77.42829386862257 37.50319542102501, -77.42800927021987 37.51070050852847, -77.42716266143367 37.50630035412323, -77.42740705884283 37.50311971999701))","((-77.42740705884283, 37.50311971999701), (-77.42800927021987, 37.51070050852847))"
1103,SOUTH ANDERSON,"POLYGON ((-85.68638285850265 40.08222104987495, -85.69784175395591 40.08292457490609, -85.69869652933984 40.08350071202813, -85.67694729461039 40.08363756046978, -85.68638285850265 40.08222104987495))","((-85.69869652933984, 40.083500712028126), (-85.67694729461039, 40.08363756046978))"
1104,SOUTH CHARLESTON,"POLYGON ((-81.70792507134654 38.35624667600187, -81.70885154172271 38.35775877405505, -81.69229757729387 38.36381557743782, -81.69386420380927 38.36250572513956, -81.70792507134654 38.35624667600187))","((-81.70885154172271, 38.35775877405505), (-81.69229757729387, 38.36381557743782))"
1105,SOUTH MCCORMICK,"POLYGON ((-85.09551611201816 38.62612738881268, -85.09628592991562 38.62571124390272, -85.10695285628424 38.63847198602607, -85.09813620115327 38.63313618685994, -85.09551611201816 38.62612738881268))","((-85.09551611201816, 38.626127388812684), (-85.10695285628424, 38.63847198602607))"
1106,SOUTH PIERCE,"POLYGON ((-81.9397963817748 27.76012290790147, -81.94068729761321 27.76020097550112, -81.94031769097458 27.77092754420458, -81.93969971165437 27.76933563033275, -81.9397963817748 27.76012290790147))","((-81.9397963817748, 27.76012290790147), (-81.94031769097458, 27.77092754420458))"
1107,SOUTHOVER,"POLYGON ((-81.16547234736227 32.01841420667966, -81.14830092605565 32.03211170856385, -81.13234097637917 32.03640256541402, -81.13253184717199 32.03580211335616, -81.16547234736227 32.01841420667966))","((-81.16547234736227, 32.01841420667966), (-81.13234097637917, 32.03640256541402))"
1108,SPARTANBURG,"POLYGON ((-81.92891882146496 34.95908914881812, -81.92768257129126 34.96529163009424, -81.91560620041854 34.97290424742426, -81.91560687565443 34.97227085493115, -81.92891882146496 34.95908914881812))","((-81.92891882146496, 34.959089148818116), (-81.91560620041854, 34.97290424742426))"
1109,SPRING HILL PLANT,"POLYGON ((-86.96638209055226 35.74544281155299, -86.9636309523036 35.74831160110661, -86.95548256650871 35.75130512789343, -86.95568228992319 35.75070347196517, -86.96638209055226 35.74544281155299))","((-86.96638209055226, 35.74544281155299), (-86.9554825665087, 35.75130512789343))"
1110,SPRUANCE GENCO LEAD,"POLYGON ((-77.4380909413992 37.4642030778279, -77.43897473839945 37.4640712333827, -77.43880221811708 37.46702314283912, -77.43826098205642 37.46668980695131, -77.4380909413992 37.4642030778279))","((-77.43897473839945, 37.4640712333827), (-77.43880221811708, 37.467023142839125))"
1111,SPRUANCE GENCO YARD,"POLYGON ((-77.43067468570645 37.45236810047364, -77.43302959094821 37.45364210250229, -77.43362808204189 37.45581947436736, -77.43047015863074 37.45313412776409, -77.43067468570645 37.45236810047364))","((-77.43067468570645, 37.45236810047364), (-77.43362808204189, 37.45581947436736))"
1112,ST PETERSBURG,"POLYGON ((-82.65921140821565 27.7841222620402, -82.66097947542985 27.78544846406618, -82.66434524911192 27.79334523178802, -82.66371275286329 27.79316254267288, -82.65921140821565 27.7841222620402))","((-82.65921140821565, 27.7841222620402), (-82.66434524911192, 27.793345231788024))"
1113,STANLEY,"POLYGON ((-83.51040488090965 41.54208777905605, -83.53315021151342 41.58883429091414, -83.5211528889896 41.59500216743844, -83.5138977968108 41.5821578463328, -83.51040488090965 41.54208777905605))","((-83.51040488090965, 41.542087779056054), (-83.5211528889896, 41.595002167438444))"
1114,STATE STREET,"POLYGON ((-86.12497095906909 39.76403093538999, -86.13179748253813 39.76511287999105, -86.10933874502832 39.76566069198387, -86.10974901028274 39.76518337294644, -86.12497095906909 39.76403093538999))","((-86.13179748253813, 39.76511287999105), (-86.10933874502832, 39.76566069198387))"
1115,STRATHMORE,"POLYGON ((-78.33457431940224 37.72371021678622, -78.35094062750505 37.72620809915193, -78.35446822746573 37.72957311304513, -78.35390922016741 37.72985794454221, -78.33457431940224 37.72371021678622))","((-78.33457431940224, 37.723710216786216), (-78.35446822746573, 37.72957311304513))"
1116,SUMTER,"POLYGON ((-80.35926327194798 33.90174624348465, -80.35114121105478 33.90940993649986, -80.34247998696806 33.91421878810699, -80.34257526888712 33.91358922999046, -80.35926327194798 33.90174624348465))","((-80.35926327194798, 33.90174624348465), (-80.34247998696806, 33.914218788106986))"
1117,TAFT,"POLYGON ((-81.36654472124104 28.43799892347363, -81.36781103099965 28.44631341673879, -81.36696180741133 28.45904890521411, -81.34961324212318 28.44051505066988, -81.36654472124104 28.43799892347363))","((-81.36696180741133, 28.459048905214107), (-81.34961324212318, 28.44051505066988))"
1118,TDSI,"POLYGON ((-83.92989071145468 33.98301090860482, -83.9402781502733 33.98545467803692, -83.94087919075051 33.98620655642589, -83.92733140119196 33.98425774943929, -83.92989071145468 33.98301090860482))","((-83.94087919075051, 33.98620655642589), (-83.92733140119196, 33.98425774943929))"
1119,TEMPERANCE,"POLYGON ((-83.57184900142965 41.70934634456515, -83.57314550275217 41.71082734685303, -83.57250341940721 41.71649977755997, -83.57200748646501 41.71610751282837, -83.57184900142965 41.70934634456515))","((-83.57184900142965, 41.70934634456515), (-83.57250341940721, 41.71649977755997))"
1120,THOMASVILLE,"POLYGON ((-84.0025827877259 30.83140813779818, -84.0107339992732 30.83439161932229, -83.98651938716544 30.83408883854456, -83.98781643708314 30.83326042090573, -84.0025827877259 30.83140813779818))","((-84.0107339992732, 30.834391619322293), (-83.98651938716544, 30.834088838544556))"
1121,TILFORD,"POLYGON ((-84.43250588493696 33.7912680618773, -84.45060638131109 33.80142398627779, -84.46339451452705 33.8185924803964, -84.43667048845059 33.79808937410872, -84.43250588493696 33.7912680618773))","((-84.43250588493696, 33.7912680618773), (-84.46339451452705, 33.818592480396404))"
1122,TRANSFER,"POLYGON ((-86.2124349098257 39.75611123760117, -86.21257110326025 39.75699575213947, -86.18906683137688 39.76222627739949, -86.19834487707253 39.75905157147768, -86.2124349098257 39.75611123760117))","((-86.2124349098257, 39.756111237601175), (-86.18906683137688, 39.76222627739949))"
1123,TRANSFLO TERMINAL,"POLYGON ((-78.83550772412829 42.88449587263254, -78.83570736308057 42.88535701998901, -78.81610664712682 42.89331504078557, -78.83174532965451 42.88471308236333, -78.83550772412829 42.88449587263254))","((-78.83550772412829, 42.88449587263254), (-78.81610664712682, 42.893315040785566))"
1124,TRANSFLO TERMINAL,"POLYGON ((-81.93554016953595 34.93481806811088, -81.938176587523 34.93762449274204, -81.93714359550931 34.94161161733202, -81.93659530024951 34.9412923547878, -81.93554016953595 34.93481806811088))","((-81.93554016953595, 34.93481806811088), (-81.93714359550931, 34.94161161733202))"
1125,TRANSFLO TERMINAL,"POLYGON ((-86.7734388412369 36.13928494418649, -86.77426456531421 36.13961931910164, -86.77141173927902 36.14712568502021, -86.77036910446172 36.14485024299793, -86.7734388412369 36.13928494418649))","((-86.7734388412369, 36.139284944186485), (-86.77141173927902, 36.14712568502021))"
1126,UCETA,"POLYGON ((-82.38428055683788 27.95507664114804, -82.39493247531524 27.95663796116796, -82.40341050603421 27.9597225308773, -82.37668074096646 27.96299744845775, -82.38428055683788 27.95507664114804))","((-82.4034105060342, 27.959722530877304), (-82.37668074096646, 27.96299744845775))"
1127,UNION CITY,"POLYGON ((-84.54572411540522 33.55124497987031, -84.54901719654738 33.55422461802957, -84.54987637709847 33.55773054948964, -84.54923133607311 33.55758771264221, -84.54572411540522 33.55124497987031))","((-84.54572411540522, 33.55124497987031), (-84.54987637709847, 33.55773054948964))"
1128,UTICA,"POLYGON ((-75.20534581915332 43.10141820538808, -75.21385909225404 43.10126406654294, -75.22443336907322 43.10580646143941, -75.2213637480957 43.10572650010836, -75.20534581915332 43.10141820538808))","((-75.20534581915332, 43.10141820538808), (-75.22443336907322, 43.105806461439414))"
1129,VERTELLUS,"POLYGON ((-86.22030775742876 39.73411784649898, -86.22138703091559 39.73550737583571, -86.22075359039148 39.75083250221018, -86.22030663790835 39.75038751055332, -86.22030775742876 39.73411784649898))","((-86.22030775742876, 39.73411784649898), (-86.22075359039148, 39.75083250221018))"
1130,WALBRIDGE,"POLYGON ((-83.48361596130252 41.53760612783105, -83.48921676717939 41.54556397848571, -83.5117070646819 41.59566386432132, -83.49630293001364 41.5891293465168, -83.48361596130252 41.53760612783105))","((-83.48361596130252, 41.53760612783105), (-83.5117070646819, 41.59566386432132))"
1131,WANSFORD,"POLYGON ((-87.539996903435 38.01115115414278, -87.54088907601694 38.01509012137081, -87.53952935518477 38.02912641933835, -87.53908261444379 38.02866494644193, -87.539996903435 38.01115115414278))","((-87.539996903435, 38.01115115414278), (-87.53952935518477, 38.029126419338354))"
1132,WASTE TRANSFER,"POLYGON ((-77.16942314124364 39.12059231146679, -77.1740879787472 39.12298207371988, -77.17080839245871 39.12635462574328, -77.16571681506676 39.12233432954454, -77.16942314124364 39.12059231146679))","((-77.1740879787472, 39.12298207371988), (-77.16571681506676, 39.12233432954454))"
1133,WATERTOWN,"POLYGON ((-75.9535986818977 43.94404871642077, -75.95237702393123 43.95736828736064, -75.94091885095357 43.96101946923179, -75.94084129511951 43.96038908672967, -75.9535986818977 43.94404871642077))","((-75.9535986818977, 43.944048716420774), (-75.94091885095357, 43.96101946923179))"
1134,WATERVILLE,"POLYGON ((-69.62642066112899 44.55946384407353, -69.62419076972387 44.56418049975891, -69.6085312414462 44.57738066682618, -69.61503238578949 44.5682292111217, -69.62642066112899 44.55946384407353))","((-69.62642066112899, 44.559463844073534), (-69.6085312414462, 44.57738066682618))"
1135,WAUHATCHIE,"POLYGON ((-85.38356118704937 34.9912962345872, -85.37890909220555 35.00195076295996, -85.36353311813767 35.01691070371272, -85.36353569462699 35.01612467991284, -85.38356118704937 34.9912962345872))","((-85.38356118704937, 34.991296234587196), (-85.36353311813767, 35.01691070371272))"
1136,WAVERLY,"POLYGON ((-85.72654316742094 42.93049067337108, -85.70473923393334 42.94562198068855, -85.6959573323374 42.94505737263292, -85.69937733550729 42.94250732053561, -85.72654316742094 42.93049067337108))","((-85.72654316742094, 42.930490673371075), (-85.6959573323374, 42.945057372632924))"
1137,WAVERLY,"POLYGON ((-86.09120874068476 42.79764123373163, -86.09016173480858 42.80116218882801, -86.08505485460054 42.80287472279966, -86.08812537986773 42.79886231284919, -86.09120874068476 42.79764123373163))","((-86.09120874068476, 42.79764123373163), (-86.08505485460054, 42.80287472279966))"
1138,WAYCROSS,"POLYGON ((-82.36500966263333 31.20377724531023, -82.36568304413126 31.2042311228105, -82.36487330197629 31.20478444933387, -82.36449697307773 31.2042727286643, -82.36500966263333 31.20377724531023))","((-82.36568304413126, 31.2042311228105), (-82.36449697307773, 31.2042727286643))"
1139,WAYNE (CSXT),"POLYGON ((-83.39850397494625 42.27599649819352, -83.39922327330646 42.27917691714823, -83.3972569544871 42.28344306596761, -83.3968482204218 42.27728362082686, -83.39850397494625 42.27599649819352))","((-83.39850397494625, 42.27599649819352), (-83.3972569544871, 42.28344306596761))"
1140,WEST,"POLYGON ((-81.36769804835308 28.43691974768497, -81.3604789930875 28.44118037495327, -81.34962117009027 28.44057897447858, -81.34998365183597 28.44004956817547, -81.36769804835308 28.43691974768497))","((-81.36769804835308, 28.436919747684975), (-81.34962117009027, 28.440578974478576))"
1141,WEST ALBANY,"POLYGON ((-73.76319053926954 42.67254338094398, -73.76376016811824 42.67187695151501, -73.79132512473277 42.68699306795484, -73.7706307407768 42.67839451617797, -73.76319053926954 42.67254338094398))","((-73.76319053926954, 42.67254338094398), (-73.79132512473277, 42.686993067954845))"
1142,WEST AUGUSTA (CSXT),"POLYGON ((-82.00783646299836 33.458943866138, -82.0080368418365 33.45980706906013, -81.99503647380772 33.46426814436105, -82.00157032139727 33.46059834632597, -82.00783646299836 33.458943866138))","((-82.00783646299836, 33.458943866138), (-81.99503647380772, 33.46426814436105))"
1143,WEST JACKSONVILLE,"POLYGON ((-81.73193197230914 30.32634018971216, -81.73200031383632 30.32723398783304, -81.70534798636834 30.33057773207634, -81.70720444301935 30.32969359265144, -81.73193197230914 30.32634018971216))","((-81.73193197230914, 30.326340189712155), (-81.70534798636834, 30.33057773207634))"
1144,WEST KNOXVILLE,"POLYGON ((-83.93460944767307 35.94603265663881, -83.93801801013943 35.94899178488942, -83.92833406619403 35.94753705359679, -83.92867797392616 35.94697676561469, -83.93460944767307 35.94603265663881))","((-83.93801801013943, 35.94899178488942), (-83.92833406619403, 35.94753705359679))"
1145,WEST LIMA,"POLYGON ((-84.10722384229588 40.72441749030969, -84.10929880475818 40.72355743451, -84.12557168689042 40.72510640409212, -84.12509485199799 40.72553616839099, -84.10722384229588 40.72441749030969))","((-84.10722384229588, 40.72441749030969), (-84.12557168689042, 40.72510640409212))"
1146,WEST SPRINGFIELD,"POLYGON ((-72.61149170764378 42.09575886246703, -72.61534126726966 42.09636697333558, -72.62634137684276 42.10020007390186, -72.60649709124036 42.0976069268464, -72.61149170764378 42.09575886246703))","((-72.62634137684276, 42.10020007390186), (-72.60649709124036, 42.097606926846396))"
1147,WEST TRENTON,"POLYGON ((-74.81409705453676 40.2588805005413, -74.81485198422419 40.25935180861313, -74.81183156432262 40.26355850932956, -74.81159302924587 40.26286693847039, -74.81409705453676 40.2588805005413))","((-74.81409705453676, 40.2588805005413), (-74.81183156432262, 40.26355850932956))"
1148,WEST VA CENTRAL JCT,"POLYGON ((-79.06075631395366 39.47199160757088, -79.06176446329482 39.47182246567156, -79.06690927303504 39.47909102638125, -79.06438734032272 39.47864353565118, -79.06075631395366 39.47199160757088))","((-79.06075631395366, 39.47199160757088), (-79.06690927303504, 39.47909102638125))"
1149,WESTFIELD,"POLYGON ((-72.73182014420362 42.12607158621635, -72.7435484851016 42.1286636931986, -72.74498142471234 42.12983266071708, -72.73075248690219 42.12688814652663, -72.73182014420362 42.12607158621635))","((-72.74498142471234, 42.129832660717085), (-72.73075248690219, 42.12688814652663))"
1150,WIDOWS CREEK,"POLYGON ((-85.76075595395142 34.92632120269189, -85.7613414563354 34.92700248818673, -85.7534481377545 34.93319381688337, -85.75349603033662 34.93256042316269, -85.76075595395142 34.92632120269189))","((-85.7613414563354, 34.92700248818673), (-85.7534481377545, 34.933193816883374))"
1151,WILDWOOD,"POLYGON ((-82.04185413834388 28.86154111273558, -82.04208698686051 28.86356364153522, -82.03649672471906 28.87404279443713, -82.03708630792964 28.87121836209471, -82.04185413834388 28.86154111273558))","((-82.04185413834388, 28.861541112735583), (-82.03649672471906, 28.874042794437134))"
1152,WILLARD,"POLYGON ((-82.72595070032014 41.06064897679357, -82.74976328804449 41.0632241179179, -82.79911639611461 41.07274943896026, -82.75324243425315 41.06744125504007, -82.72595070032014 41.06064897679357))","((-82.72595070032014, 41.06064897679357), (-82.79911639611461, 41.07274943896026))"
1153,WILSMERE,"POLYGON ((-75.61706119992375 39.72956920532459, -75.61858320051083 39.73079453310003, -75.58844018411166 39.73769091517161, -75.59322745780152 39.73308773372314, -75.61706119992375 39.72956920532459))","((-75.61858320051083, 39.73079453310003), (-75.58844018411166, 39.73769091517161))"
1154,WILSON,"POLYGON ((-77.92969892315651 35.68201699821992, -77.92700181496555 35.68984506317786, -77.91694071018954 35.70614417732372, -77.9167555393004 35.70552964243502, -77.92969892315651 35.68201699821992))","((-77.92969892315651, 35.68201699821992), (-77.91694071018954, 35.70614417732372))"
1155,WINSTON,"POLYGON ((-81.98748050962384 28.00072930429787, -81.9895567001448 28.00128400278751, -82.00682493567693 28.02215092977396, -81.9978394019805 28.01461139624879, -81.98748050962384 28.00072930429787))","((-81.98748050962384, 28.000729304297874), (-82.00682493567693, 28.02215092977396))"
1156,WOODBOURNE,"POLYGON ((-74.89675230362639 40.17658659816083, -74.89384150642793 40.18687670686428, -74.89082139316615 40.19108768911271, -74.89057223326137 40.19049440768682, -74.89675230362639 40.17658659816083))","((-74.89675230362639, 40.17658659816083), (-74.89082139316615, 40.191087689112706))"
1157,WOODLAND,"POLYGON ((-67.4046799257888 45.15752926008329, -67.40830808778269 45.15817914290844, -67.41057017881984 45.16226817365239, -67.4099468191398 45.16235007822738, -67.4046799257888 45.15752926008329))","((-67.4046799257888, 45.157529260083294), (-67.41057017881984, 45.16226817365239))"
1158,WSS,"POLYGON ((-80.22888034386622 36.02066227643692, -80.22974977179032 36.02049551766697, -80.23115885691188 36.02730049147612, -80.22961967075462 36.02555401302449, -80.22888034386622 36.02066227643692))","((-80.22888034386622, 36.020662276436916), (-80.23115885691188, 36.02730049147612))"
1159,WYOMING,"POLYGON ((-85.72653240500168 42.93049474861057, -85.71569676904117 42.9376197963165, -85.70939781100699 42.93865888917126, -85.70962148055858 42.93807459517018, -85.72653240500168 42.93049474861057))","((-85.72653240500168, 42.93049474861057), (-85.709397811007, 42.938658889171265))"
1160,WYVERN,"POLYGON ((-84.78587094536969 34.23300120074533, -84.78287373506517 34.23892432159582, -84.77668474734386 34.24484276782363, -84.7766263405599 34.24421245939043, -84.78587094536969 34.23300120074533))","((-84.7858709453697, 34.23300120074533), (-84.77668474734386, 34.24484276782363))"
1161,YANKEE,"POLYGON ((-82.49193093350753 42.84945272367167, -82.49305711572426 42.8507549578641, -82.49282919957902 42.86190395873319, -82.49236476948404 42.86147127568758, -82.49193093350753 42.84945272367167))","((-82.49193093350753, 42.849452723671675), (-82.49282919957902, 42.86190395873319))"
1162,YEMASEE,"POLYGON ((-80.8583082826152 32.67368188045805, -80.8589560564522 32.67430110240771, -80.84778177167294 32.68706041192126, -80.84930723617229 32.68410140271816, -80.8583082826152 32.67368188045805))","((-80.8583082826152, 32.67368188045805), (-80.84778177167294, 32.68706041192126))"
1163,YEOMAN,"POLYGON ((-82.38075800530319 27.95373607015499, -82.39604813516561 27.95533249237067, -82.39644367764355 27.95582040931233, -82.37167994347814 27.95454631908996, -82.38075800530319 27.95373607015499))","((-82.39644367764355, 27.95582040931233), (-82.37167994347814, 27.954546319089964))"
1164,PENN MARY,"POLYGON ((-76.55407045869302 39.26673213327157, -76.55533304398519 39.26747615835882, -76.55474893216324 39.27212648237351, -76.55425481361915 39.2717395895508, -76.55407045869302 39.26673213327157))","((-76.55407045869302, 39.26673213327157), (-76.55474893216324, 39.27212648237351))"
1165,PENN MARY (CTN),"POLYGON ((-76.55358984386642 39.2661004874092, -76.55579532212622 39.26729454139871, -76.55485143854946 39.27230755051893, -76.55431173518988 39.27196830888561, -76.55358984386642 39.2661004874092))","((-76.55358984386642, 39.266100487409204), (-76.55485143854946, 39.27230755051893))"
1166,SEAGIRT MARINE TERMINAL,"POLYGON ((-76.5409999999286 39.2558408443859, -76.55291730503107 39.2623471483363, -76.55365484614242 39.26495744951691, -76.53895040057684 39.25736199553961, -76.5409999999286 39.2558408443859))","((-76.55365484614242, 39.26495744951691), (-76.53895040057684, 39.25736199553961))"
1167,BRADY,"POLYGON ((-99.333161550611 31.1386076303706, -99.33860669876357 31.13876142457767, -99.33899539609415 31.13926575647361, -99.3288387127496 31.13936367254327, -99.333161550611 31.1386076303706))","((-99.33899539609415, 31.139265756473606), (-99.3288387127496, 31.139363672543272))"
1168,NEWARK,"POLYGON ((-82.38283325492252 40.05434718847637, -82.39489600701758 40.05668792844062, -82.3648614789728 40.05831193026494, -82.365213046074 40.05778653558751, -82.38283325492252 40.05434718847637))","((-82.39489600701758, 40.05668792844062), (-82.3648614789728, 40.05831193026494))"
1169,NEWARK WEST,"POLYGON ((-82.40883626542035 40.05250108484797, -82.40903647213099 40.05337546573623, -82.39601407590894 40.05664331013084, -82.40141281820206 40.05423668194046, -82.40883626542035 40.05250108484797))","((-82.40883626542035, 40.05250108484797), (-82.39601407590894, 40.05664331013084))"
1170,SANTANTA,"POLYGON ((-100.9977998817104 37.4370647758791, -100.9907053089306 37.44050321610933, -100.9780323926681 37.44398388431808, -100.9783206436706 37.44342502728279, -100.9977998817104 37.4370647758791))","((-100.99779988171042, 37.4370647758791), (-100.97803239266813, 37.44398388431808))"
1171,3RD ST,"POLYGON ((-81.67670055020396 41.46512110483589, -81.67753078100884 41.46542626752471, -81.67476926831424 41.47838725500208, -81.67326244005919 41.47162844477748, -81.67670055020396 41.46512110483589))","((-81.67670055020396, 41.46512110483589), (-81.67476926831424, 41.478387255002076))"
1172,CLEVELAND STEEL MILL,"POLYGON ((-81.68421216656857 41.45494808514378, -81.68640665355262 41.45856758711473, -81.68497239930859 41.46307245249531, -81.68231732196668 41.46171509025437, -81.68421216656857 41.45494808514378))","((-81.68421216656857, 41.454948085143776), (-81.68497239930859, 41.46307245249531))"
1173,WALLA WALLA,"POLYGON ((-118.3527993204844 46.06910005794273, -118.3538577939958 46.07341426229846, -118.3518030063763 46.07523250704848, -118.3514353604221 46.07472647188959, -118.3527993204844 46.06910005794273))","((-118.35279932048441, 46.06910005794273), (-118.35180300637631, 46.07523250704848))"
1174,MOCKINGBIRD,"POLYGON ((-96.87334609313261 32.81388420269063, -96.87336368720467 32.81298608269879, -96.90077994033051 32.8141363727667, -96.89991442792211 32.81457695652693, -96.87334609313261 32.81388420269063))","((-96.87336368720467, 32.812986082698785), (-96.90077994033051, 32.814136372766704))"
1175,ZUG ISLAND,"POLYGON ((-83.11445190710995 42.27889333597913, -83.11324966651098 42.2861549577315, -83.10934747565129 42.288610904972, -83.11007913175057 42.28577509656792, -83.11445190710995 42.27889333597913))","((-83.11445190710995, 42.27889333597913), (-83.10934747565129, 42.288610904971996))"
1176,CARROLLTON,"POLYGON ((-96.90715901799959 32.95523098368174, -96.89110656534415 32.96412107966941, -96.88022061795022 32.9627170967104, -96.88053812734165 32.96215671846698, -96.90715901799959 32.95523098368174))","((-96.90715901799959, 32.955230983681744), (-96.88022061795022, 32.9627170967104))"
1177,MOCKINGBIRD,"POLYGON ((-96.87799582642535 32.81245352120545, -96.90036279668834 32.81366613287653, -96.90077856866434 32.81415567111405, -96.86614511307813 32.81330578761965, -96.87799582642535 32.81245352120545))","((-96.90077856866434, 32.81415567111405), (-96.86614511307813, 32.813305787619655))"
1178,SHERMAN (DGNO),"POLYGON ((-96.60632060587707 33.63968819104489, -96.60956239215977 33.6406838982879, -96.60424816581364 33.64349391999702, -96.60416745571257 33.64203218315245, -96.60632060587707 33.63968819104489))","((-96.60956239215977, 33.6406838982879), (-96.60424816581364, 33.64349391999702))"
1179,DECATUR (CSXT),"POLYGON ((-88.92934891896672 39.84720918102855, -88.92958642572646 39.84636422474014, -88.94097379180903 39.84758152888653, -88.93377990875287 39.84818870619803, -88.92934891896672 39.84720918102855))","((-88.92934891896672, 39.847209181028546), (-88.94097379180903, 39.84758152888653))"
1180,FICKLIN,"POLYGON ((-88.3138620201874 39.79909483616359, -88.31389564635039 39.79819775442287, -88.32849248926485 39.79868137858681, -88.32649985199971 39.79932733832532, -88.3138620201874 39.79909483616359))","((-88.3138620201874, 39.79909483616359), (-88.32849248926485, 39.79868137858681))"
1181,MIDLAND,"POLYGON ((-87.72681607531328 39.60573075326192, -87.72085446426119 39.60844144523521, -87.71006653587055 39.61034855802545, -87.71039417572518 39.60980375312631, -87.72681607531328 39.60573075326192))","((-87.72681607531328, 39.605730753261916), (-87.71006653587055, 39.61034855802545))"
1182,RED BANK,"POLYGON ((-74.07147340253655 40.34176476938337, -74.07280292094281 40.34295459304974, -74.07276140490418 40.34674526205786, -74.07170977891975 40.34542233393734, -74.07147340253655 40.34176476938337))","((-74.07147340253655, 40.341764769383374), (-74.07276140490418, 40.34674526205786))"
1183,SIOUX FALLS (EE),"POLYGON ((-96.71953461464744 43.54658179785723, -96.72250383701018 43.55016825915938, -96.72236002383114 43.55226596495774, -96.72178195660032 43.55207447509682, -96.71953461464744 43.54658179785723))","((-96.71953461464744, 43.54658179785723), (-96.72236002383114, 43.55226596495774))"
1184,MINIDOKA,"POLYGON ((-113.512071780178 42.74149402089242, -113.5047583286581 42.74926356320806, -113.4963848401038 42.7553936010943, -113.496432054488 42.75475486427773, -113.512071780178 42.74149402089242))","((-113.51207178017799, 42.741494020892425), (-113.49638484010377, 42.7553936010943))"
1185,RUPERT,"POLYGON ((-113.6638573255465 42.62159793726366, -113.662673077337 42.62379813891198, -113.6472514263087 42.63422833134454, -113.6476912921018 42.63322284511331, -113.6638573255465 42.62159793726366))","((-113.66385732554653, 42.62159793726366), (-113.64725142630874, 42.634228331344545))"
1186,TWIN FALLS,"POLYGON ((-114.4622705242387 42.54932701085159, -114.4625002176358 42.54845974570438, -114.4753465603136 42.55199513463197, -114.4715695356746 42.55168748938645, -114.4622705242387 42.54932701085159))","((-114.4622705242387, 42.54932701085159), (-114.47534656031358, 42.551995134631966))"
1187,AVONDALE YARD,"POLYGON ((-75.77873695851842 39.82214156251059, -75.77900675698761 39.82345882344904, -75.77407480462833 39.82406576136977, -75.77592638373143 39.82277981082862, -75.77873695851842 39.82214156251059))","((-75.77873695851842, 39.82214156251059), (-75.77407480462833, 39.82406576136977))"
1188,MODENA,"POLYGON ((-75.80240336108064 39.96392323378101, -75.81737873496284 39.96651455365513, -75.8184273606622 39.9688883747973, -75.80553737050039 39.97014648171952, -75.80240336108064 39.96392323378101))","((-75.80240336108064, 39.96392323378101), (-75.8184273606622, 39.9688883747973))"
1189,YORK (NS),"POLYGON ((-76.72176542295405 39.97491758077939, -76.7226267718062 39.97511775366344, -76.72105950720314 39.98268702163599, -76.72008552676863 39.98058621183525, -76.72176542295405 39.97491758077939))","((-76.72176542295405, 39.97491758077939), (-76.72105950720314, 39.98268702163599))"
1190,JOHNSON CITY,"POLYGON ((-82.34923640537419 36.31606415051655, -82.34796738992779 36.31714060017173, -82.3423415591291 36.31686979987664, -82.34272252082614 36.3163927249127, -82.34923640537419 36.31606415051655))","((-82.34923640537419, 36.316064150516546), (-82.3423415591291, 36.31686979987664))"
1191,MT VERNON,"POLYGON ((-87.90841070538602 37.94282989876096, -87.9095584550993 37.94577657417971, -87.90861742936767 37.95774169467455, -87.90798089206531 37.95695230597136, -87.90841070538602 37.94282989876096))","((-87.90841070538602, 37.94282989876096), (-87.90861742936767, 37.95774169467455))"
1192,FCR,"POLYGON ((-84.52691460809933 33.73884196643061, -84.52708345471051 33.73796609748434, -84.53791900098511 33.73954581643564, -84.52993639911747 33.73961789701609, -84.52691460809933 33.73884196643061))","((-84.52691460809933, 33.738841966430606), (-84.53791900098511, 33.73954581643564))"
1193,FERNANDINA BEACH,"POLYGON ((-81.46343701276705 30.66274038956076, -81.46587104545134 30.66574586299849, -81.4651103663625 30.67047918038047, -81.46455822569011 30.67012006173515, -81.46343701276705 30.66274038956076))","((-81.46343701276705, 30.662740389560764), (-81.4651103663625, 30.67047918038047))"
1194,BOWDEN,"POLYGON ((-81.59046874211489 30.22345054137131, -81.59123703979321 30.22298986598268, -81.61722071079687 30.26065628448079, -81.60851508999923 30.2518622200882, -81.59046874211489 30.22345054137131))","((-81.5904687421149, 30.223450541371314), (-81.61722071079687, 30.26065628448079))"
1195,CANAVERAL,"POLYGON ((-80.80969104397479 28.65116624966045, -80.80976560964329 28.65027327800435, -80.8181607178617 28.65092383894799, -80.81770710723106 28.65140132864122, -80.80969104397479 28.65116624966045))","((-80.8096910439748, 28.65116624966045), (-80.8181607178617, 28.65092383894799))"
1196,COCOA-ROCKLEDGE,"POLYGON ((-80.72926064085897 28.34472505781148, -80.73012080424715 28.34449707675091, -80.7316988185049 28.35010382635953, -80.73040224438515 28.34914352641705, -80.72926064085897 28.34472505781148))","((-80.72926064085897, 28.344725057811477), (-80.7316988185049, 28.350103826359533))"
1197,FORT LAUDERDALE,"POLYGON ((-80.13981485143499 26.08415079246593, -80.14091138165897 26.08484021474662, -80.14178101059017 26.09127296525378, -80.14064758233603 26.08942801804947, -80.13981485143499 26.08415079246593))","((-80.13981485143499, 26.08415079246593), (-80.14178101059017, 26.09127296525378))"
1198,FORT PIERCE,"POLYGON ((-80.31362611675681 27.41711258049506, -80.31448913447805 27.41687623201489, -80.32417619981987 27.44540258406125, -80.31846926793081 27.4314742446728, -80.31362611675681 27.41711258049506))","((-80.31362611675681, 27.41711258049506), (-80.32417619981987, 27.445402584061245))"
1199,FRONTENAC,"POLYGON ((-80.7859991948943 28.51439780077819, -80.78881166766163 28.51724019041027, -80.79083194907852 28.52755155770967, -80.79025765310871 28.52726852973679, -80.7859991948943 28.51439780077819))","((-80.7859991948943, 28.51439780077819), (-80.79083194907852, 28.527551557709668))"
1200,FT PIERCE,"POLYGON ((-80.31450524144523 27.42021199128052, -80.32237305437647 27.42527976993669, -80.32400963079574 27.44483473696678, -80.3234321098749 27.44457047540605, -80.31450524144523 27.42021199128052))","((-80.31450524144523, 27.42021199128052), (-80.32400963079574, 27.444834736966783))"
1201,HIALEAH (FEC),"POLYGON ((-80.30772261838192 25.79784759890132, -80.3100091269916 25.8340671208206, -80.30575915621441 25.83935215590565, -80.30531113094364 25.81673396802967, -80.30772261838192 25.79784759890132))","((-80.30772261838192, 25.79784759890132), (-80.3057591562144, 25.83935215590565))"
1202,JACKSONVILLE,"POLYGON ((-81.67341797504253 30.32733584175682, -81.68201961791139 30.33127121580028, -81.68607295853135 30.33494623761615, -81.68231641644391 30.3347683488928, -81.67341797504253 30.32733584175682))","((-81.67341797504253, 30.327335841756824), (-81.68607295853135, 30.33494623761615))"
1203,NEW SMYRNA BEACH,"POLYGON ((-80.91790561255225 29.00427883336978, -80.92459364423819 29.01120771260453, -80.92712547910234 29.02326057296148, -80.92622964990224 29.02273126625872, -80.91790561255225 29.00427883336978))","((-80.91790561255225, 29.004278833369778), (-80.92712547910234, 29.023260572961483))"
1204,PORT EVERGLADES ICTF,"POLYGON ((-80.12903417016805 26.06040042530246, -80.13040040854757 26.08203304520917, -80.12868069368058 26.08264082158655, -80.12577596632603 26.06373947359208, -80.12903417016805 26.06040042530246))","((-80.12903417016805, 26.06040042530246), (-80.12868069368058, 26.082640821586555))"
1205,PORT OF PALM BEACH,"POLYGON ((-80.05606342008666 26.76714651281525, -80.05926706389916 26.76719809657659, -80.06116805244496 26.76874689412234, -80.0547916082981 26.76783164151454, -80.05606342008666 26.76714651281525))","((-80.06116805244496, 26.768746894122337), (-80.0547916082981, 26.767831641514537))"
1206,WEST PALM BEACH,"POLYGON ((-80.05625008022919 26.72603235956856, -80.05926475556723 26.73128334208564, -80.05807329684605 26.73518409378638, -80.057561637612 26.73480643240906, -80.05625008022919 26.72603235956856))","((-80.05625008022919, 26.726032359568556), (-80.05807329684605, 26.735184093786383))"
1207,CHATTAHOOCHEE,"POLYGON ((-84.85022320553323 30.68119397408983, -84.85325171905741 30.682496424306, -84.8405262180426 30.68600719983814, -84.84374567518181 30.68233863122779, -84.85022320553323 30.68119397408983))","((-84.85325171905741, 30.682496424305995), (-84.8405262180426, 30.68600719983814))"
1208,CHATTAHOOCHEE (CSXT),"POLYGON ((-84.84672296916014 30.68152581852196, -84.8512526026134 30.68264130170243, -84.8405508997981 30.68604744075492, -84.8432059495758 30.68294099414511, -84.84672296916014 30.68152581852196))","((-84.8512526026134, 30.68264130170243), (-84.8405508997981, 30.686047440754923))"
1209,TALLAHASSEE,"POLYGON ((-84.31026226749766 30.42747649295237, -84.33067426222874 30.42942656172796, -84.33107851589089 30.42991735968711, -84.31365009453704 30.42911637360388, -84.31026226749766 30.42747649295237))","((-84.31026226749766, 30.427476492952366), (-84.3310785158909, 30.42991735968711))"
1210,KENDAIA,"POLYGON ((-76.86806566029198 42.70664221382841, -76.86987627889776 42.70689687206358, -76.87773834756445 42.71519435505154, -76.87645486323699 42.71469696582781, -76.86806566029198 42.70664221382841))","((-76.86806566029198, 42.70664221382841), (-76.87773834756445, 42.71519435505154))"
1211,SOLVAY,"POLYGON ((-76.21587620392273 43.06252266531108, -76.2086015518196 43.06652267163282, -76.19828336836368 43.06352916315024, -76.19871808734862 43.06306981482588, -76.21587620392273 43.06252266531108))","((-76.21587620392273, 43.06252266531108), (-76.19828336836368, 43.06352916315024))"
1212,CLINTON,"POLYGON ((-98.98577862021088 35.50848675053718, -98.98444364868928 35.51281143639321, -98.97883529628614 35.51613477701664, -98.97881165248158 35.51547863185148, -98.98577862021088 35.50848675053718))","((-98.98577862021088, 35.50848675053718), (-98.97883529628614, 35.51613477701664))"
1213,WELON,"POLYGON ((-99.34466160549158 34.63923908007123, -99.34555380570093 34.63929173691596, -99.34473731365654 34.64649116619648, -99.34419426844975 34.64407305328455, -99.34466160549158 34.63923908007123))","((-99.34466160549158, 34.639239080071235), (-99.34473731365654, 34.646491166196476))"
1214,RHINELANDER,"POLYGON ((-89.41438701881206 45.64291300915846, -89.41504024254273 45.64352384395153, -89.40817047340472 45.65141157762508, -89.408748256176 45.64971211139587, -89.41438701881206 45.64291300915846))","((-89.41438701881206, 45.642913009158455), (-89.40817047340472, 45.651411577625076))"
1215,WAUSAU YARD,"POLYGON ((-89.60183439875433 44.93535636668945, -89.60249629978939 44.93477666471119, -89.61351517796379 44.94408908793778, -89.61288827616792 44.94417518970132, -89.60183439875433 44.93535636668945))","((-89.60183439875433, 44.93535636668945), (-89.61351517796379, 44.944089087937776))"
1216,YARD LEAD YARD,"POLYGON ((-89.662803587095 44.95344223856612, -89.66176603440266 44.95459394800245, -89.65580836386658 44.95493294155794, -89.65657377087128 44.9542292036602, -89.662803587095 44.95344223856612))","((-89.662803587095, 44.95344223856612), (-89.65580836386658, 44.95493294155794))"
1217,CROSSETT,"POLYGON ((-91.9593342074125 33.14009324826164, -91.95991201951702 33.13953917054894, -91.97209828417843 33.14426096446712, -91.96929155654345 33.14628325759016, -91.9593342074125 33.14009324826164))","((-91.9593342074125, 33.140093248261635), (-91.97209828417843, 33.14426096446712))"
1218,FORDYCE,"POLYGON ((-92.40999332199813 33.81425801432047, -92.41380935395959 33.81863416874042, -92.41588697335642 33.83523910913119, -92.41534367974553 33.83491586653157, -92.40999332199813 33.81425801432047))","((-92.40999332199813, 33.81425801432047), (-92.41588697335642, 33.835239109131194))"
1219,FORE RIVER SHIPYARD,"POLYGON ((-70.97752309041778 42.24061933237817, -70.97631866451889 42.24339233476476, -70.972184648612 42.24335537137134, -70.97380107308146 42.2413723934885, -70.97752309041778 42.24061933237817))","((-70.97752309041778, 42.240619332378174), (-70.972184648612, 42.24335537137134))"
1220,FORT CHAFFEE,"POLYGON ((-94.27791358399377 35.31691324889021, -94.28604714003647 35.3182993792366, -94.28640009243712 35.31882977237239, -94.27683551253001 35.31771582500183, -94.27791358399377 35.31691324889021))","((-94.28640009243712, 35.31882977237239), (-94.27683551253001, 35.317715825001834))"
1221,FORT SMITH (FSR),"POLYGON ((-94.42667454868908 35.37043243531197, -94.42833301164552 35.37656869736488, -94.42692468148162 35.38263891532948, -94.42614042449311 35.3799115680185, -94.42667454868908 35.37043243531197))","((-94.42667454868908, 35.37043243531197), (-94.42692468148162, 35.38263891532948))"
1222,ARSENAL,"POLYGON ((-90.20542752436126 38.59111139015085, -90.20572083082816 38.59191832030055, -90.19926646830153 38.59623529028419, -90.20269147054908 38.59190065661851, -90.20542752436126 38.59111139015085))","((-90.20542752436126, 38.59111139015085), (-90.19926646830153, 38.59623529028419))"
1223,8TH AVENUE,"POLYGON ((-97.34540823569262 32.70805320329396, -97.34607412172876 32.7131111240901, -97.3441132180662 32.72210618818346, -97.34356698540077 32.71578105262689, -97.34540823569262 32.70805320329396))","((-97.34540823569262, 32.70805320329396), (-97.3441132180662, 32.72210618818346))"
1224,CARROLLTON,"POLYGON ((-96.90715420152418 32.95551470743415, -96.90784407935004 32.95579635156352, -96.90735023584972 32.95642843423535, -96.90681760050933 32.95608304693975, -96.90715420152418 32.95551470743415))","((-96.90784407935004, 32.95579635156352), (-96.90681760050933, 32.956083046939746))"
1225,HODGE,"POLYGON ((-97.31269646737931 32.79700086350504, -97.32600474166163 32.80649160631523, -97.30848296326643 32.81357876555509, -97.31147952248438 32.79915600956516, -97.31269646737931 32.79700086350504))","((-97.32600474166163, 32.806491606315234), (-97.30848296326643, 32.81357876555509))"
1226,GWINNETT STREET,"POLYGON ((-81.11703484269498 32.07581349312478, -81.12666605573489 32.07772387324597, -81.12911854910179 32.07906389213947, -81.12227550508149 32.07802639759659, -81.11703484269498 32.07581349312478))","((-81.11703484269498, 32.07581349312478), (-81.12911854910179, 32.079063892139466))"
1227,MACON,"POLYGON ((-83.61291957484228 32.82717079039982, -83.61472495166201 32.82742530552143, -83.61943999612343 32.8346897884874, -83.6188101029867 32.83467056915711, -83.61291957484228 32.82717079039982))","((-83.61291957484228, 32.82717079039982), (-83.61943999612343, 32.8346897884874))"
1228,CK&S,"POLYGON ((-85.57590306934969 42.30454266566393, -85.57679320307335 42.30460161435305, -85.57622331041034 42.30975392140959, -85.57575795188279 42.30932928178859, -85.57590306934969 42.30454266566393))","((-85.57590306934969, 42.30454266566393), (-85.57622331041034, 42.309753921409595))"
1229,HUGHART,"POLYGON ((-85.68093931927164 42.92618922956461, -85.68136229503484 42.93130924984634, -85.67631381131636 42.940918190691, -85.67691489338259 42.93678796439446, -85.68093931927164 42.92618922956461))","((-85.68093931927164, 42.926189229564606), (-85.67631381131636, 42.940918190691))"
1230,GETTYSBURG,"POLYGON ((-77.23909088704441 39.83341284326339, -77.24577565712964 39.83587054289104, -77.24222437842043 39.84031391089731, -77.24162025220809 39.8401116104704, -77.23909088704441 39.83341284326339))","((-77.23909088704441, 39.83341284326339), (-77.24222437842043, 39.840313910897315))"
1231,ALBANY (GFRR),"POLYGON ((-84.12594403322204 31.57594508434411, -84.13505165244611 31.57527265936637, -84.14233575625721 31.57693760987635, -84.1293061190335 31.57662489348061, -84.12594403322204 31.57594508434411))","((-84.12594403322204, 31.575945084344106), (-84.14233575625721, 31.576937609876353))"
1232,DOSAGA,"POLYGON ((-84.10320112651857 31.5544536520194, -84.10634800630655 31.55611861717835, -84.11052200897372 31.56187825933977, -84.10985992179977 31.56187129313241, -84.10320112651857 31.5544536520194))","((-84.10320112651857, 31.554453652019404), (-84.11052200897372, 31.56187825933977))"
1233,FIRESTONE,"POLYGON ((-84.05334061489499 31.55748144642718, -84.06478765818301 31.55837418295541, -84.06834111071191 31.55951507183752, -84.05051772185594 31.55862882355051, -84.05334061489499 31.55748144642718))","((-84.06834111071191, 31.559515071837524), (-84.05051772185594, 31.558628823550507))"
1234,PERRY,"POLYGON ((-83.5273367735538 30.07004372737027, -83.52818685159409 30.07053324863774, -83.52661325259578 30.07683263131102, -83.52634383385366 30.07367515551537, -83.5273367735538 30.07004372737027))","((-83.5273367735538, 30.07004372737027), (-83.52661325259578, 30.076832631311024))"
1235,MYDHARRIS,"POLYGON ((-81.54150408174611 31.12062464756777, -81.5433020390455 31.12119218476492, -81.54650639035083 31.12885776466311, -81.54550891061376 31.12816532671183, -81.54150408174611 31.12062464756777))","((-81.54150408174611, 31.12062464756777), (-81.54650639035083, 31.12885776466311))"
1236,CADILLAC,"POLYGON ((-85.41585977772955 44.25691210404866, -85.41760236761446 44.25625562606422, -85.42636320670078 44.25862378535807, -85.42583040464032 44.2589812007971, -85.41585977772955 44.25691210404866))","((-85.41585977772955, 44.25691210404866), (-85.42636320670078, 44.25862378535807))"
1237,NORTH CADILLAC,"POLYGON ((-85.40689290194402 44.26669390623664, -85.40837776825643 44.26829564697846, -85.40899499849776 44.27712353871231, -85.40848139964845 44.2767523027243, -85.40689290194402 44.26669390623664))","((-85.40689290194402, 44.26669390623664), (-85.40899499849776, 44.27712353871231))"
1238,OWOSSO,"POLYGON ((-84.13781913893567 42.98125124131554, -84.13817845206334 42.98042920595477, -84.15435117562977 42.98701471721537, -84.15179216467992 42.98672424302539, -84.13781913893567 42.98125124131554))","((-84.13781913893567, 42.98125124131554), (-84.15435117562977, 42.98701471721537))"
1239,BELLOWS FALLS,"POLYGON ((-72.44063976531079 43.13649772937676, -72.44090948316288 43.13566214636117, -72.44236746856301 43.136742996459, -72.44185943466663 43.13713262876801, -72.44063976531079 43.13649772937676))","((-72.44090948316288, 43.13566214636117), (-72.442367468563, 43.136742996459))"
1240,BELLOWS FALLS,"POLYGON ((-72.44082284466971 43.13659458079977, -72.44416606154431 43.13596681297646, -72.44614890219465 43.13708064831903, -72.44332229928544 43.13762177454421, -72.44082284466971 43.13659458079977))","((-72.44082284466971, 43.136594580799766), (-72.44614890219465, 43.13708064831903))"
1241,NORTH WALPOLE,"POLYGON ((-72.43661919123021 43.12921982647667, -72.43743788408435 43.12893033056482, -72.44108920877872 43.13649823681114, -72.43845104320209 43.13606488027018, -72.43661919123021 43.12921982647667))","((-72.4366191912302, 43.12921982647667), (-72.44108920877872, 43.13649823681114))"
1242,SOUTH ENID (FRISCO),"POLYGON ((-97.89875348742108 36.39951541158066, -97.89432248687652 36.40492590725942, -97.88472778121995 36.40486620990299, -97.88499360773527 36.40426352830855, -97.89875348742108 36.39951541158066))","((-97.89875348742108, 36.39951541158066), (-97.88472778121995, 36.40486620990299))"
1243,FULLER,"POLYGON ((-85.68348690966761 42.99693728928375, -85.68384318372364 42.99611751125989, -85.68862603951044 42.99868192297191, -85.68804581803438 42.99895361879017, -85.68348690966761 42.99693728928375))","((-85.68348690966761, 42.99693728928375), (-85.68862603951044, 42.99868192297191))"
1244,KIRK,"POLYGON ((-87.3754001935383 41.62121265119588, -87.3757807393099 41.62040333428549, -87.38028471310865 41.62299007004619, -87.37821570166479 41.62272283328046, -87.3754001935383 41.62121265119588))","((-87.3754001935383, 41.621212651195876), (-87.38028471310865, 41.62299007004619))"
1245,KIRK (GRW),"POLYGON ((-87.37614844656173 41.62159353488765, -87.37676553463353 41.62086888347272, -87.39135517126053 41.62688964094888, -87.38908357187842 41.62660784909572, -87.37614844656173 41.62159353488765))","((-87.37614844656173, 41.62159353488765), (-87.39135517126053, 41.62688964094888))"
1246,TRINITY,"POLYGON ((-88.4569116965005 33.3651969751408, -88.46329970278427 33.36520918636853, -88.4650381194184 33.3658499531003, -88.45181688498992 33.36584146325431, -88.4569116965005 33.3651969751408))","((-88.4650381194184, 33.3658499531003), (-88.45181688498992, 33.36584146325431))"
1247,NORTH GRAFTON,"POLYGON ((-71.70769922069472 42.23522493476761, -71.70900677803679 42.23636553942617, -71.70911272722601 42.24128501625542, -71.70842304753079 42.24080489381438, -71.70769922069472 42.23522493476761))","((-71.70769922069472, 42.235224934767615), (-71.70911272722601, 42.241285016255425))"
1248,ALBANY,"POLYGON ((-84.14926596421849 31.58396603310212, -84.15015764591863 31.58394004173653, -84.14967006787336 31.58686281296561, -84.14915755258211 31.58649037839174, -84.14926596421849 31.58396603310212))","((-84.15015764591863, 31.583940041736533), (-84.14967006787336, 31.586862812965613))"
1249,HILTON,"POLYGON ((-85.06921035541983 31.28562386145139, -85.06966903191559 31.28637829282681, -85.0615859554723 31.29302854264708, -85.06608297891475 31.2873590058068, -85.06921035541983 31.28562386145139))","((-85.06921035541983, 31.285623861451388), (-85.0615859554723, 31.29302854264708))"
1250,BAD AXE,"POLYGON ((-82.99077876594686 43.80473157156241, -82.99176753111827 43.80501543768099, -82.99145554495678 43.81055856360798, -82.99094506242788 43.81017286530314, -82.99077876594686 43.80473157156241))","((-82.99077876594686, 43.80473157156241), (-82.99145554495678, 43.81055856360798))"
1251,DURAND,"POLYGON ((-83.98597476445235 42.91152699912402, -83.99599516889744 42.91401185781564, -84.01076158240051 42.92383378814445, -84.00880254536919 42.92357753662447, -83.98597476445235 42.91152699912402))","((-83.98597476445235, 42.91152699912402), (-84.0107615824005, 42.92383378814445))"
1252,GENESEE,"POLYGON ((-83.95124469028545 43.42553442456246, -83.9520260753514 43.42599023154045, -83.94765892203527 43.43487431655596, -83.9480630959705 43.43221811191797, -83.95124469028545 43.42553442456246))","((-83.95124469028545, 43.42553442456246), (-83.94765892203527, 43.43487431655596))"
1253,GENESSE,"POLYGON ((-83.94916324726523 43.42936394718051, -83.95000839761568 43.42967026895862, -83.94772610515183 43.43489661748067, -83.94778571359943 43.43276625166173, -83.94916324726523 43.42936394718051))","((-83.94916324726523, 43.42936394718051), (-83.94772610515183, 43.434896617480675))"
1254,VASSAR,"POLYGON ((-83.5731995074418 43.36696841530232, -83.57399372242517 43.36656150694844, -83.57669478244303 43.37244497917139, -83.5757912049822 43.37202128495373, -83.5731995074418 43.36696841530232))","((-83.5731995074418, 43.366968415302324), (-83.57669478244303, 43.37244497917139))"
1255,WENONA,"POLYGON ((-83.91391125484661 43.63131818956796, -83.9165387436318 43.63209114191277, -83.92349145069019 43.63947582014548, -83.92285136847244 43.6395223190052, -83.91391125484661 43.63131818956796))","((-83.91391125484661, 43.631318189567956), (-83.9234914506902, 43.639475820145485))"
1256,HAINESPORT,"POLYGON ((-74.79851249209356 39.98856604538538, -74.798864825054 39.98939186082804, -74.79313550415993 39.99118078532358, -74.79333531048216 39.99058080005221, -74.79851249209356 39.98856604538538))","((-74.798864825054, 39.989391860828036), (-74.79313550415993, 39.99118078532358))"
1257,EAST CORDELE,"POLYGON ((-83.73201643844129 31.96710246807919, -83.7321296822379 31.9662123259109, -83.74362442065737 31.96757977894682, -83.74093026013421 31.96801881281846, -83.73201643844129 31.96710246807919))","((-83.73201643844129, 31.967102468079187), (-83.74362442065737, 31.96757977894682))"
1258,CANAAN,"POLYGON ((-73.32869220993763 42.02694280381379, -73.32954557850626 42.02717346515028, -73.32755579121209 42.04527465321544, -73.32676944228946 42.03322706923922, -73.32869220993763 42.02694280381379))","((-73.32869220993763, 42.02694280381379), (-73.32755579121209, 42.045274653215436))"
1259,CANANN,"POLYGON ((-73.32868511717618 42.02695853576819, -73.32954557850626 42.02717346515028, -73.32755597353028 42.04527466590689, -73.32688559157958 42.03296959051257, -73.32868511717618 42.02695853576819))","((-73.32868511717618, 42.02695853576819), (-73.32755597353028, 42.04527466590689))"
1260,CBGR (WAB) YARD,"POLYGON ((-95.83601320154764 41.2333568611693, -95.83660599190306 41.23268192171322, -95.85090419415118 41.24570307413713, -95.84661559767487 41.24276057433974, -95.83601320154764 41.2333568611693))","((-95.83601320154764, 41.2333568611693), (-95.85090419415118, 41.24570307413713))"
1261,COUNCIL BLUFFS,"POLYGON ((-95.82957699068049 41.22936410593694, -95.8326070020575 41.22988988442673, -95.88538322017496 41.250280980063, -95.82266080547325 41.23723844608087, -95.82957699068049 41.22936410593694))","((-95.88538322017496, 41.250280980063), (-95.82266080547325, 41.23723844608087))"
1262,COUNCIL BLUFFS (IAIS),"POLYGON ((-95.83469016612958 41.23238574815894, -95.83577867930148 41.23243072772215, -95.84380787756905 41.2400946944688, -95.83535999841659 41.23484020304338, -95.83469016612958 41.23238574815894))","((-95.83469016612958, 41.23238574815894), (-95.84380787756905, 41.2400946944688))"
1263,COUNCIL BLUFFS POOL,"POLYGON ((-95.89243852993422 41.24951022480729, -95.88047516584102 41.25216395697633, -95.86683173836896 41.25164832853373, -95.86790706060657 41.24971619919685, -95.89243852993422 41.24951022480729))","((-95.89243852993422, 41.24951022480729), (-95.86683173836896, 41.25164832853373))"
1264,IOWA CITY,"POLYGON ((-91.49283591653433 41.64154839201404, -91.49312833321005 41.64070018715959, -91.53558304046523 41.65347045085839, -91.51618951633438 41.65074042285507, -91.49283591653433 41.64154839201404))","((-91.49283591653433, 41.641548392014045), (-91.53558304046523, 41.65347045085839))"
1265,ROCK ISLAND,"POLYGON ((-90.54662867992985 41.50814326354335, -90.55279856086305 41.50739590379089, -90.55957181741371 41.50926046956688, -90.55906823394174 41.50968725647986, -90.54662867992985 41.50814326354335))","((-90.54662867992985, 41.50814326354335), (-90.55957181741371, 41.50926046956688))"
1266,SHORTLINE,"POLYGON ((-93.58559625272174 41.58841913906966, -93.585794935661 41.58929494975317, -93.57819253634143 41.59042032745432, -93.57849010765737 41.58985909177873, -93.58559625272174 41.58841913906966))","((-93.585794935661, 41.58929494975317), (-93.57819253634143, 41.59042032745432))"
1267,SOUTH AMANA,"POLYGON ((-91.91511993807484 41.77081038558025, -91.91954743116891 41.77006487805441, -91.94833071991751 41.77581825714108, -91.94781362810669 41.77619997625494, -91.91511993807484 41.77081038558025))","((-91.91511993807484, 41.77081038558025), (-91.94833071991751, 41.775818257141076))"
1268,SOUTH AMANA,"POLYGON ((-93.20389637500806 43.29208847768331, -93.21115548570182 43.31365124875884, -93.20839784157286 43.32760714747658, -93.20561079964176 43.32579729302284, -93.20389637500806 43.29208847768331))","((-93.20389637500806, 43.29208847768331), (-93.20839784157286, 43.32760714747658))"
1269,BRYANT,"POLYGON ((-92.31458901954912 42.46588226617693, -92.31542361952265 42.46556607429748, -92.31960164815976 42.47473940546193, -92.31797859189037 42.47339580157456, -92.31458901954912 42.46588226617693))","((-92.31458901954912, 42.46588226617693), (-92.31960164815976, 42.47473940546193))"
1270,MANLY TERMINAL,"POLYGON ((-93.203255844243 43.2882248734733, -93.21099487260838 43.30967717761143, -93.20499695654927 43.3140347054174, -93.20451630365581 43.3136089703616, -93.203255844243 43.2882248734733))","((-93.203255844243, 43.288224873473304), (-93.20499695654927, 43.3140347054174))"
1271,OELWEIN,"POLYGON ((-91.91451961317556 42.67531133980881, -91.92720867548122 42.68184085683759, -91.93990281824416 42.69969104358774, -91.93926332115943 42.69970741528552, -91.91451961317556 42.67531133980881))","((-91.91451961317556, 42.675311339808815), (-91.93990281824416, 42.69969104358774))"
1272,WATERLOO (IANR),"POLYGON ((-92.3177035305618 42.50206828136143, -92.31495817615783 42.50373934232142, -92.30742375925861 42.50281108865924, -92.307858930194 42.50231098098774, -92.3177035305618 42.50206828136143))","((-92.3177035305618, 42.50206828136143), (-92.30742375925861, 42.502811088659236))"
1273,ARGO,"POLYGON ((-87.81424841754958 41.77660130778089, -87.81689821509761 41.77677584879177, -87.82191827949939 41.78059148211572, -87.81983065833676 41.78012919830699, -87.81424841754958 41.77660130778089))","((-87.81424841754958, 41.776601307780886), (-87.82191827949939, 41.780591482115724))"
1274,BLUE ISLAND,"POLYGON ((-87.64749521105206 41.63679948750335, -87.65392158368562 41.63687132193172, -87.6714944701619 41.63936398713412, -87.62904393529426 41.64073084857949, -87.64749521105206 41.63679948750335))","((-87.6714944701619, 41.63936398713412), (-87.62904393529426, 41.64073084857949))"
1275,BURNHAM,"POLYGON ((-87.52487513999161 41.635411422284, -87.52671066256032 41.63790363896435, -87.52536148433714 41.64649947864151, -87.52489567653544 41.64606696327412, -87.52487513999161 41.635411422284))","((-87.52487513999161, 41.635411422284), (-87.52536148433714, 41.64649947864151))"
1276,CALUMENT CITY,"POLYGON ((-87.53098723836548 41.62587347482378, -87.53136727246044 41.62506303479969, -87.54017772811676 41.6287974113955, -87.53809599878291 41.62884526763094, -87.53098723836548 41.62587347482378))","((-87.53098723836548, 41.625873474823784), (-87.54017772811676, 41.628797411395496))"
1277,CALUMET CITY,"POLYGON ((-87.53105569374573 41.62590557955779, -87.53178161117008 41.62513449973768, -87.54018942791261 41.62876044521666, -87.53964219251461 41.62907808465855, -87.53105569374573 41.62590557955779))","((-87.53105569374573, 41.62590557955779), (-87.54018942791261, 41.628760445216656))"
1278,GIBSON,"POLYGON ((-87.47417016493648 41.6052402888526, -87.49070563017189 41.60843776413735, -87.50329794640027 41.61454343180407, -87.50273313822804 41.61483239733577, -87.47417016493648 41.6052402888526))","((-87.47417016493648, 41.6052402888526), (-87.50329794640027, 41.61454343180407))"
1279,GIBSON TRANSFER,"POLYGON ((-87.4235908723376 41.59938436283687, -87.43913854536709 41.60081000953222, -87.45388388065284 41.60434928453653, -87.43401324077855 41.60179026016421, -87.4235908723376 41.59938436283687))","((-87.4235908723376, 41.59938436283687), (-87.45388388065284, 41.604349284536525))"
1280,LAKE FRONT,"POLYGON ((-87.42121558074595 41.64105598787363, -87.43172254863306 41.64564432176195, -87.44347428092937 41.65471613138713, -87.44285816148324 41.65485671977379, -87.42121558074595 41.64105598787363))","((-87.42121558074595, 41.64105598787363), (-87.44347428092937, 41.65471613138713))"
1281,MICHIGAN AVE,"POLYGON ((-87.45935840821859 41.63185658630016, -87.45983079292999 41.64518774592301, -87.45430486440625 41.6503686122383, -87.45751336585425 41.63630467537839, -87.45935840821859 41.63185658630016))","((-87.45935840821859, 41.63185658630016), (-87.45430486440625, 41.6503686122383))"
1282,NORPAUL,"POLYGON ((-87.86601046337984 41.91016925702662, -87.86037318617808 41.92397135740379, -87.85790810230644 41.92545461363202, -87.85968373041226 41.91562382764987, -87.86601046337984 41.91016925702662))","((-87.86601046337984, 41.91016925702662), (-87.85790810230644, 41.92545461363202))"
1283,AMORY,"POLYGON ((-88.48180161660387 33.97455589097164, -88.4822214194996 33.97379659822511, -88.48308655828406 33.97483593587125, -88.48256410993625 33.97518808820367, -88.48180161660387 33.97455589097164))","((-88.4822214194996, 33.973796598225114), (-88.48256410993625, 33.97518808820367))"
1284,HAVANNA,"POLYGON ((-90.04275439216327 40.31309566130077, -90.03814632950308 40.31515817982034, -90.01691789267745 40.31746446336595, -90.01729088298474 40.31695341527993, -90.04275439216327 40.31309566130077))","((-90.04275439216327, 40.31309566130077), (-90.01691789267745, 40.31746446336595))"
1285,POWERTON,"POLYGON ((-89.69265471732351 40.5241550912253, -89.69178055170964 40.52654751066932, -89.6738566693363 40.54305470446449, -89.67623977950791 40.53985432102392, -89.69265471732351 40.5241550912253))","((-89.6926547173235, 40.524155091225296), (-89.6738566693363, 40.54305470446449))"
1286,SHOPS,"POLYGON ((-89.62939501079484 39.80772872456425, -89.63454536321251 39.81399117349985, -89.63491452575386 39.81653024630711, -89.63087071784437 39.81607794662643, -89.62939501079484 39.80772872456425))","((-89.62939501079484, 39.80772872456425), (-89.63491452575386, 39.81653024630711))"
1287,CONMIL,"POLYGON ((-87.35719799124507 39.49127011937233, -87.35802069595739 39.49109018071276, -87.36523461914437 39.50315595062237, -87.3578214576017 39.49749732270837, -87.35719799124507 39.49127011937233))","((-87.35719799124507, 39.49127011937233), (-87.36523461914437, 39.50315595062237))"
1288,HIAWATHA,"POLYGON ((-87.19604805735082 39.14107582674358, -87.19779800319201 39.14972254236341, -87.19710625481956 39.15995322458033, -87.19661630547239 39.15914854614192, -87.19604805735082 39.14107582674358))","((-87.19604805735082, 39.14107582674358), (-87.19710625481956, 39.15995322458033))"
1289,HULMAN,"POLYGON ((-87.39281173572327 39.4385243293622, -87.39367463107193 39.43864002772548, -87.39337832941568 39.44685927176846, -87.3926902109563 39.445487477732, -87.39281173572327 39.4385243293622))","((-87.39281173572327, 39.4385243293622), (-87.39337832941568, 39.44685927176846))"
1290,PALESTINE,"POLYGON ((-87.60083429098843 39.00404888023321, -87.61098622713126 39.00435714456682, -87.61142101233341 39.00483150700411, -87.59702677433076 39.00547769363293, -87.60083429098843 39.00404888023321))","((-87.61142101233341, 39.004831507004106), (-87.59702677433076, 39.00547769363293))"
1291,ROBINSON,"POLYGON ((-87.71959188347238 39.00228135438806, -87.72026728030859 39.00323137310635, -87.70760184080224 39.00585223435221, -87.70928332672074 39.004150389722, -87.71959188347238 39.00228135438806))","((-87.72026728030859, 39.003231373106345), (-87.70760184080224, 39.00585223435221))"
1292,SENATE AVE,"POLYGON ((-86.16693758606989 39.73738695779424, -86.16748501293219 39.74791000802321, -86.16684139880124 39.74976683059122, -86.16201135050372 39.74200386707391, -86.16693758606989 39.73738695779424))","((-86.16693758606989, 39.73738695779424), (-86.16684139880124, 39.74976683059122))"
1293,FORD ENGINE PLANT,"POLYGON ((-84.08630993333851 40.76537391060916, -84.08705185238875 40.76587781250931, -84.08106984592514 40.7742505593439, -84.08142652773654 40.77251802790809, -84.08630993333851 40.76537391060916))","((-84.08630993333851, 40.765373910609156), (-84.08106984592514, 40.774250559343905))"
1294,FORD PARK,"POLYGON ((-84.08927661294632 40.76384213914235, -84.0907369757153 40.76832749848921, -84.08984105079806 40.78555373924636, -84.08935973325013 40.78455931926921, -84.08927661294632 40.76384213914235))","((-84.08927661294632, 40.763842139142355), (-84.08984105079806, 40.78555373924636))"
1295,INTL HARVESTOR AUTOLOAD,"POLYGON ((-83.79978076882198 40.01096783523788, -83.80053818014933 40.01141203120151, -83.79872915140841 40.01454422480219, -83.79836565253876 40.01346344140087, -83.79978076882198 40.01096783523788))","((-83.79978076882198, 40.01096783523788), (-83.79872915140841, 40.01454422480219))"
1296,LINWOOD,"POLYGON ((-84.42874524881513 39.10645995611822, -84.42913540590159 39.10720581178249, -84.4150841142452 39.12215889952469, -84.42234078000629 39.11097932666454, -84.42874524881513 39.10645995611822))","((-84.42874524881513, 39.10645995611822), (-84.4150841142452, 39.12215889952469))"
1297,MCCULLOUGH,"POLYGON ((-84.44173965602468 39.16666814159259, -84.44075572342912 39.16835552589743, -84.43321026719148 39.17128725826838, -84.43711475624335 39.16833786635448, -84.44173965602468 39.16666814159259))","((-84.44173965602468, 39.16666814159259), (-84.43321026719148, 39.17128725826838))"
1298,MIDLAND CITY,"POLYGON ((-83.92216696815763 39.30137630198941, -83.92128059044936 39.30251349492806, -83.91284418845916 39.30347235077537, -83.91320792250534 39.30294603973061, -83.92216696815763 39.30137630198941))","((-83.92216696815763, 39.30137630198941), (-83.91284418845916, 39.30347235077537))"
1299,OLD TOWN,"POLYGON ((-82.3888540786175 39.53006921816978, -82.38922338793292 39.52925044508358, -82.39934005416032 39.53449320184507, -82.39874201461279 39.53471024560417, -82.3888540786175 39.53006921816978))","((-82.38922338793292, 39.52925044508358), (-82.39934005416032, 39.534493201845066))"
1300,ASHBY,"POLYGON ((-87.28343779211166 38.46561372960982, -87.28496282271483 38.47038472678004, -87.28520031015965 38.4791073403378, -87.2844331776511 38.47786555729915, -87.28343779211166 38.46561372960982))","((-87.28343779211166, 38.46561372960982), (-87.28520031015965, 38.479107340337805))"
1301,ALBIA,"POLYGON ((-92.82517072838205 40.89821427542473, -92.83545585353058 40.94677437132485, -92.80461618242569 41.03221591920672, -92.78818439302435 40.97097365760018, -92.82517072838205 40.89821427542473))","((-92.82517072838205, 40.89821427542473), (-92.80461618242569, 41.03221591920672))"
1302,HARWOOD,"POLYGON ((-87.58965232441857 38.0128961493018, -87.59282405199171 38.01574986345437, -87.59603613777031 38.02323025265137, -87.59506661975637 38.022621529521, -87.58965232441857 38.0128961493018))","((-87.58965232441857, 38.0128961493018), (-87.59603613777031, 38.02323025265137))"
1303,HOLLOW,"POLYGON ((-84.57071894988127 42.72267999846721, -84.57079199566559 42.72178939742589, -84.57629516981434 42.72260932697723, -84.57380355608448 42.72319260729811, -84.57071894988127 42.72267999846721))","((-84.57071894988127, 42.722679998467214), (-84.57629516981434, 42.72260932697723))"
1304,HOLT,"POLYGON ((-84.48726197461076 42.62799799007946, -84.48783571886995 42.62730935591698, -84.49861193849469 42.63569210861003, -84.49289797762775 42.63255169095793, -84.48726197461076 42.62799799007946))","((-84.48726197461076, 42.62799799007946), (-84.49861193849469, 42.63569210861003))"
1305,SAGINAW,"POLYGON ((-84.58156497123088 42.73400995107554, -84.58289590054837 42.74476656345192, -84.57837082474514 42.74757348346882, -84.57805790254767 42.74702399600664, -84.58156497123088 42.73400995107554))","((-84.58156497123088, 42.73400995107554), (-84.57837082474514, 42.74757348346882))"
1306,GILROY YARD,"POLYGON ((-121.5653177163759 37.0024330418484, -121.5661451256721 37.00210962759667, -121.5675763137174 37.00653056666423, -121.5664633925384 37.00549008846934, -121.5653177163759 37.0024330418484))","((-121.56531771637593, 37.0024330418484), (-121.56757631371741, 37.00653056666423))"
1307,NEWHALL YARD,"POLYGON ((-121.9137533277087 37.34245095341871, -121.9142019448191 37.3416744373683, -121.9399490028287 37.35511509323999, -121.9354908311465 37.3538289960804, -121.9137533277087 37.34245095341871))","((-121.91375332770875, 37.34245095341871), (-121.9399490028287, 37.355115093239995))"
1308,SAN JOSE YARD,"POLYGON ((-121.9023556402811 37.32563099055346, -121.903246661742 37.32555466623233, -121.9033528129552 37.33212202354579, -121.9024876177535 37.33069263683529, -121.9023556402811 37.32563099055346))","((-121.90324666174196, 37.32555466623233), (-121.90335281295519, 37.33212202354579))"
1309,SOUTH SAN FRANCISCO YARD,"POLYGON ((-122.4100925014641 37.64951180234011, -122.4074510892463 37.65413824803704, -122.3935113825244 37.66774432436372, -122.3938089854913 37.66673202923336, -122.4100925014641 37.64951180234011))","((-122.41009250146409, 37.64951180234011), (-122.39351138252437, 37.667744324363724))"
1310,STOCKTON YARD (CALTRAIN SHOPS),"POLYGON ((-121.9051318580506 37.33557841215521, -121.9062143667288 37.33524646429902, -121.9156114564004 37.34286219832829, -121.9095933973297 37.34062074480729, -121.9051318580506 37.33557841215521))","((-121.90513185805064, 37.335578412155215), (-121.91561145640036, 37.34286219832829))"
1311,TAMIEN YARD,"POLYGON ((-121.8783470727852 37.3050909713097, -121.8791460760435 37.30479265921294, -121.8828554962791 37.31051870654738, -121.8822291666985 37.31043656063566, -121.8783470727852 37.3050909713097))","((-121.87834707278523, 37.3050909713097), (-121.88285549627908, 37.310518706547384))"
1312,LEWISTOWN,"POLYGON ((-77.59823960824632 40.56059304489975, -77.58724014525671 40.58770591748463, -77.57889121536914 40.58934247780876, -77.59033468910999 40.56658311125964, -77.59823960824632 40.56059304489975))","((-77.59823960824632, 40.56059304489975), (-77.57889121536914, 40.589342477808756))"
1313,ABERDEEN,"POLYGON ((-88.55174935703872 33.80050944314936, -88.557629387541 33.80757627673613, -88.55743520660283 33.81066510414586, -88.55655046133471 33.81049737299648, -88.55174935703872 33.80050944314936))","((-88.55174935703872, 33.80050944314936), (-88.55743520660283, 33.81066510414586))"
1314,ARTESIA,"POLYGON ((-88.64290370584045 33.413425542487, -88.64417421966071 33.42989708451181, -88.62841681530473 33.42352567292644, -88.62854128871609 33.42290205801522, -88.64290370584045 33.413425542487))","((-88.64290370584045, 33.413425542487), (-88.62841681530473, 33.423525672926445))"
1315,BATON ROUGE (KCS),"POLYGON ((-91.17417931265344 30.45652982479307, -91.17634551144698 30.46031758156541, -91.17539269931925 30.46924370203802, -91.17492129189574 30.46882221101521, -91.17417931265344 30.45652982479307))","((-91.17417931265344, 30.456529824793066), (-91.17539269931925, 30.469243702038025))"
1316,BOSSIER,"POLYGON ((-93.73677737937042 32.51744161814752, -93.730274193216 32.52222876178304, -93.71859210845604 32.52309234623387, -93.71890122501672 32.52253840829182, -93.73677737937042 32.51744161814752))","((-93.73677737937042, 32.51744161814752), (-93.71859210845604, 32.523092346233874))"
1317,CHAISSON,"POLYGON ((-94.06573060622331 30.04156695214764, -94.06794087251961 30.04217546154474, -94.0877667979413 30.06051459903231, -94.08339176914683 30.05744133119364, -94.06573060622331 30.04156695214764))","((-94.06573060622331, 30.04156695214764), (-94.0877667979413, 30.060514599032313))"
1318,CORINTH,"POLYGON ((-88.5145545702585 34.91121632648118, -88.51624479020681 34.91300374097818, -88.52229986094203 34.93318291975499, -88.5200193661865 34.92987241619168, -88.5145545702585 34.91121632648118))","((-88.5145545702585, 34.91121632648118), (-88.52229986094203, 34.93318291975499))"
1319,DALLAS IMF,"POLYGON ((-96.67938269723028 32.85093806932093, -96.67007166763379 32.8631121428409, -96.66377671722051 32.85723402433505, -96.66403570733809 32.85664236327322, -96.67938269723028 32.85093806932093))","((-96.67938269723028, 32.850938069320925), (-96.66377671722051, 32.85723402433505))"
1320,DALLAS IMF (KCS),"POLYGON ((-96.67921466362336 32.85104855518323, -96.6799042931676 32.85162068512117, -96.66956000302964 32.86460947990087, -96.67034631028925 32.86040465697049, -96.67921466362336 32.85104855518323))","((-96.67921466362336, 32.851048555183226), (-96.66956000302964, 32.86460947990087))"
1321,DEQUEEN,"POLYGON ((-94.33603893214708 34.03859118306138, -94.33828551486791 34.0503097118193, -94.33670008993437 34.0627294324441, -94.33624268179717 34.06228816411921, -94.33603893214708 34.03859118306138))","((-94.33603893214708, 34.03859118306138), (-94.33670008993437, 34.0627294324441))"
1322,DEQUINCY (KCS),"POLYGON ((-93.45035312113146 30.44198101150294, -93.45080486547771 30.44275722048035, -93.43618998597866 30.45116707385315, -93.43774579585788 30.44953030993196, -93.45035312113146 30.44198101150294))","((-93.45035312113146, 30.441981011502936), (-93.43618998597866, 30.45116707385315))"
1323,DERAMUS,"POLYGON ((-93.79033755096401 32.50248085833653, -93.82605622725947 32.52615404676899, -93.88400449595871 32.57335833877066, -93.83704239565043 32.54314144087554, -93.79033755096401 32.50248085833653))","((-93.79033755096401, 32.502480858336526), (-93.8840044959587, 32.57335833877066))"
1324,EAST ST LOUIS,"POLYGON ((-90.12410091819808 38.56871521994562, -90.12468344805485 38.56803139108237, -90.15261121454627 38.59240617112214, -90.15197150651908 38.59246455452322, -90.12410091819808 38.56871521994562))","((-90.12410091819808, 38.568715219945624), (-90.15261121454627, 38.592406171122136))"
1325,GREENVILLE,"POLYGON ((-96.12358003096648 33.13564795096077, -96.13222922473963 33.13657544509685, -96.13360233695903 33.13732117323067, -96.12233333986853 33.13632797935161, -96.12358003096648 33.13564795096077))","((-96.13360233695903, 33.13732117323067), (-96.12233333986853, 33.13632797935161))"
1326,HARRIET STREET,"POLYGON ((-93.77579889603514 32.49391669377113, -93.78626858224074 32.49655435907768, -93.79112609631559 32.50248819070939, -93.79050436754184 32.50265553685753, -93.77579889603514 32.49391669377113))","((-93.77579889603514, 32.493916693771126), (-93.7911260963156, 32.502488190709386))"
1327,HEAVENER,"POLYGON ((-94.60197653318271 34.89172381239067, -94.602713720507 34.89210409296615, -94.60150797008471 34.90170907182048, -94.599891459674 34.89367408784002, -94.60197653318271 34.89172381239067))","((-94.60197653318271, 34.89172381239067), (-94.60150797008471, 34.901709071820484))"
1328,HIGH OAK,"POLYGON ((-90.13058663988033 32.2467909865532, -90.14256518204547 32.2514819490669, -90.15980288246818 32.26355766633916, -90.12885510057369 32.24743996123051, -90.13058663988033 32.2467909865532))","((-90.15980288246818, 32.26355766633916), (-90.12885510057369, 32.24743996123051))"
1329,HOPKINS,"POLYGON ((-97.48445941345588 27.78523434983764, -97.47593331740302 27.78679600099137, -97.46401100385251 27.78599695543172, -97.46445318888378 27.78553141270486, -97.48445941345588 27.78523434983764))","((-97.48445941345588, 27.78523434983764), (-97.4640110038525, 27.785996955431717))"
1330,JEFFERSON (KCS),"POLYGON ((-94.35867592762366 32.766877587151, -94.35894585454059 32.7660267216074, -94.36304511761981 32.76780334633592, -94.36223577777311 32.76845561958721, -94.35867592762366 32.766877587151))","((-94.3589458545406, 32.766026721607396), (-94.3630451176198, 32.76780334633592))"
1331,KCS EAST,"POLYGON ((-94.49857626601458 39.12101149035625, -94.51707675060221 39.12701664318342, -94.5208074359028 39.12898217261763, -94.50405427292853 39.12712310120934, -94.49857626601458 39.12101149035625))","((-94.49857626601458, 39.12101149035625), (-94.5208074359028, 39.128982172617626))"
1332,KENDLETON INTERMODAL,"POLYGON ((-95.99123819233267 29.45275447861715, -95.97021030123716 29.46816425345146, -95.96584571711013 29.46863942476777, -95.96599610507576 29.46802016959855, -95.99123819233267 29.45275447861715))","((-95.99123819233267, 29.452754478617152), (-95.96584571711013, 29.468639424767773))"
1333,KENDRICK,"POLYGON ((-88.48629085936486 34.93794695464045, -88.4784416354362 34.94583232301024, -88.46998731722115 34.94821535396007, -88.47014523215086 34.94760444786245, -88.48629085936486 34.93794695464045))","((-88.48629085936486, 34.93794695464045), (-88.46998731722115, 34.948215353960066))"
1334,KNOCHE,"POLYGON ((-94.54650463911099 39.12760085800807, -94.5381549116639 39.13130387817758, -94.51086140702714 39.1284733892964, -94.51130519674849 39.12801855906967, -94.54650463911099 39.12760085800807))","((-94.54650463911099, 39.127600858008066), (-94.51086140702714, 39.128473389296396))"
1335,LAREDO,"POLYGON ((-99.51580332131799 27.49818355187135, -99.51665346063946 27.50842797983169, -99.51453836040893 27.51022248382345, -99.51415972594499 27.50971482857144, -99.51580332131799 27.49818355187135))","((-99.51580332131799, 27.498183551871346), (-99.51453836040893, 27.510222483823455))"
1336,LATANIER,"POLYGON ((-92.32763050635667 31.17791206425017, -92.36866578800228 31.2120149947744, -92.39852542950838 31.25266136819612, -92.39789341040218 31.25263913385817, -92.32763050635667 31.17791206425017))","((-92.32763050635667, 31.17791206425017), (-92.39852542950838, 31.25266136819612))"
1337,LEESVILLE,"POLYGON ((-93.26900781592853 31.0767040217922, -93.26989651317166 31.0767039883307, -93.28451738998614 31.1789421213614, -93.25961764902806 31.1422649809078, -93.26900781592853 31.0767040217922))","((-93.26900781592853, 31.076704021792203), (-93.28451738998614, 31.178942121361402))"
1338,MERIDIAN (KCS),"POLYGON ((-88.71032969137659 32.35397405066689, -88.70355221018634 32.3595704556479, -88.69106331766125 32.36625389325106, -88.69119971668862 32.36562949914637, -88.71032969137659 32.35397405066689))","((-88.71032969137659, 32.35397405066689), (-88.69106331766125, 32.366253893251056))"
1339,MERIDIAN (NS),"POLYGON ((-88.71382647284514 32.35582989123601, -88.72101688688956 32.35578230523208, -88.72178119444405 32.35628450977384, -88.71242636931616 32.35940634401349, -88.71382647284514 32.35582989123601))","((-88.72178119444405, 32.356284509773836), (-88.71242636931616, 32.35940634401349))"
1340,MONROE STATION,"POLYGON ((-92.11874889959658 32.50167533330745, -92.11395579413769 32.50495904134134, -92.10422254767562 32.5040932252114, -92.10460776861598 32.50359109789414, -92.11874889959658 32.50167533330745))","((-92.11874889959658, 32.501675333307446), (-92.10422254767562, 32.5040932252114))"
1341,MONROE YARD (KCS),"POLYGON ((-92.05783039428565 32.50091729318712, -92.05798789663693 32.50003808082316, -92.1038078281358 32.50395880128378, -92.10078546948044 32.50427390250709, -92.05783039428565 32.50091729318712))","((-92.05783039428565, 32.50091729318712), (-92.1038078281358, 32.50395880128378))"
1342,MOSSVILLE,"POLYGON ((-93.30171477946926 30.2486849479968, -93.302566177812 30.24842559557618, -93.30934362485063 30.26413610501504, -93.3067841524356 30.2619626516718, -93.30171477946926 30.2486849479968))","((-93.30171477946926, 30.248684947996797), (-93.30934362485063, 30.264136105015044))"
1343,NEW ORLEANS (SHREWSBURY,"POLYGON ((-90.12959324482196 29.97250616719545, -90.12964170602405 29.97160918291467, -90.14298675387394 29.97286738302824, -90.14251133750946 29.97328781996095, -90.12959324482196 29.97250616719545))","((-90.12964170602405, 29.97160918291467), (-90.14298675387394, 29.972867383028245))"
1344,NEW ORLEANS (SHREWSBURY),"POLYGON ((-90.1338691148995 29.97149252990796, -90.1498524645756 29.9727846194245, -90.15212588936568 29.97357724537283, -90.12997540384038 29.97215184690263, -90.1338691148995 29.97149252990796))","((-90.15212588936568, 29.973577245372834), (-90.12997540384038, 29.972151846902634))"
1345,NORTH,"POLYGON ((-89.09482237003272 30.37292392929315, -89.09571917656031 30.37289569147771, -89.09540897779821 30.38018885709969, -89.09493768910089 30.37976928800394, -89.09482237003272 30.37292392929315))","((-89.09571917656031, 30.37289569147771), (-89.09540897779821, 30.38018885709969))"
1346,NORTH GULFPORT,"POLYGON ((-89.09508662172081 30.39063521199239, -89.09638365936547 30.39518126039236, -89.09567303757879 30.40099833694012, -89.09493205457399 30.39801720225154, -89.09508662172081 30.39063521199239))","((-89.09508662172081, 30.39063521199239), (-89.09567303757879, 30.400998336940116))"
1347,PITTSBURG,"POLYGON ((-94.69098873892459 37.42837505161761, -94.69150855025545 37.4295211247128, -94.68504374638812 37.44307164340711, -94.6871870102805 37.43330503270172, -94.69098873892459 37.42837505161761))","((-94.69098873892459, 37.428375051617614), (-94.68504374638812, 37.44307164340711))"
1348,PORT ARTHUR,"POLYGON ((-93.95377386340142 29.84721773381365, -93.95448621113167 29.8477576812267, -93.9406332714895 29.86937133231095, -93.94043163143496 29.86161797964328, -93.95377386340142 29.84721773381365))","((-93.95377386340142, 29.847217733813654), (-93.9406332714895, 29.869371332310948))"
1349,PORT OF BEAUMONT,"POLYGON ((-94.07503822007338 30.06382586244314, -94.07724779600649 30.06818940364107, -94.07727518899583 30.0733114923696, -94.07488645478135 30.07123195623153, -94.07503822007338 30.06382586244314))","((-94.07503822007338, 30.063825862443135), (-94.07727518899583, 30.073311492369605))"
1350,PT OF SOUTH LOUISIANA,"POLYGON ((-90.57478484901564 30.06081402582362, -90.57564804870675 30.06097780045583, -90.5750947983242 30.07007799966092, -90.57402565928078 30.06303656115278, -90.57478484901564 30.06081402582362))","((-90.57478484901564, 30.06081402582362), (-90.5750947983242, 30.070077999660917))"
1351,ROODHOUSE,"POLYGON ((-90.37022718428911 39.48822950146825, -90.37097914567417 39.48872080903585, -90.36121281778699 39.50247990735114, -90.36108401114286 39.50186053335194, -90.37022718428911 39.48822950146825))","((-90.37097914567417, 39.488720809035854), (-90.36121281778699, 39.502479907351145))"
1352,SERRANO,"POLYGON ((-99.39361577583423 27.49721747330026, -99.41226379198196 27.49874370360073, -99.43902713661085 27.50606544001553, -99.38981289156743 27.50024739853104, -99.39361577583423 27.49721747330026))","((-99.43902713661085, 27.506065440015533), (-99.38981289156743, 27.50024739853104))"
1353,SHREVEPORT JUNCTION,"POLYGON ((-93.75997727822777 32.49260915862304, -93.76051511878445 32.49332551175002, -93.75493077995966 32.49731930765178, -93.7557355320738 32.49574098776903, -93.75997727822777 32.49260915862304))","((-93.75997727822777, 32.49260915862304), (-93.75493077995966, 32.49731930765178))"
1354,SOUTH LAREDO,"POLYGON ((-99.48783847603214 27.4955092952622, -99.49293693011599 27.49944988905905, -99.49309434711935 27.50542001055398, -99.48021722597871 27.50129718083299, -99.48783847603214 27.4955092952622))","((-99.49309434711935, 27.50542001055398), (-99.4802172259787, 27.50129718083299))"
1355,TRIGG STREET,"POLYGON ((-94.05264990428275 33.42351340645654, -94.05608202597861 33.42706243171725, -94.05754975395408 33.43378866241924, -94.05693009813385 33.43356570065705, -94.05264990428275 33.42351340645654))","((-94.05264990428275, 33.42351340645654), (-94.05754975395408, 33.43378866241924))"
1356,TUPELO,"POLYGON ((-88.70611267260584 34.23592118057496, -88.70699059065407 34.23608250139046, -88.70532228489888 34.24336332895868, -88.70498820262866 34.24177853444181, -88.70611267260584 34.23592118057496))","((-88.70611267260584, 34.235921180574955), (-88.70532228489888, 34.24336332895868))"
1357,VENICE,"POLYGON ((-90.16381574349387 38.64142174912445, -90.16464296409387 38.64107236305967, -90.17304742193713 38.66085322485472, -90.16899556381007 38.65382024820561, -90.16381574349387 38.64142174912445))","((-90.16381574349387, 38.64142174912445), (-90.17304742193713, 38.66085322485472))"
1358,VICKSBURG,"POLYGON ((-90.89252492358767 32.33008038586544, -90.88999716894396 32.34138092712603, -90.88640522171524 32.34635455902948, -90.88685276684757 32.34352683885184, -90.89252492358767 32.33008038586544))","((-90.89252492358767, 32.330080385865436), (-90.88640522171524, 32.34635455902948))"
1359,WALL STREET,"POLYGON ((-94.1096150494165 30.07491388464474, -94.11186837431413 30.07714963853642, -94.10312904186448 30.07549556654709, -94.10352503253418 30.07499675609163, -94.1096150494165 30.07491388464474))","((-94.11186837431413, 30.077149638536415), (-94.10312904186448, 30.075495566547087))"
1360,WOOD RIVER,"POLYGON ((-90.10523253501546 38.86550567265727, -90.10608931843169 38.86533661875722, -90.10905942029014 38.87327687633164, -90.10598090756557 38.87324305315828, -90.10523253501546 38.86550567265727))","((-90.10523253501546, 38.86550567265727), (-90.10905942029014, 38.873276876331644))"
1361,WYLIE,"POLYGON ((-96.53351845502148 33.0226992342961, -96.49784325457794 33.03613376227853, -96.48528579998739 33.0301577860502, -96.48566605862578 33.0296511339662, -96.53351845502148 33.0226992342961))","((-96.53351845502148, 33.0226992342961), (-96.4852857999874, 33.030157786050204))"
1362,12TH STREET,"POLYGON ((-94.604777794683 39.08591322796303, -94.60100779209148 39.09878181278084, -94.59298908050116 39.10650825174375, -94.60311143392191 39.0877893641939, -94.604777794683 39.08591322796303))","((-94.604777794683, 39.085913227963026), (-94.59298908050116, 39.10650825174375))"
1363,19TH STREET,"POLYGON ((-94.603170637597 39.08770804791031, -94.60212290106209 39.091808394015, -94.59617845020648 39.09994774630717, -94.59788416660308 39.09499816878878, -94.603170637597 39.08770804791031))","((-94.603170637597, 39.08770804791031), (-94.59617845020648, 39.09994774630717))"
1364,ARMOURDALE,"POLYGON ((-94.62800559813219 39.0902056561177, -94.63097935428797 39.09110157426126, -94.61473105519573 39.09551818097469, -94.61574099053968 39.0943884407034, -94.62800559813219 39.0902056561177))","((-94.63097935428797, 39.09110157426126), (-94.61473105519573, 39.09551818097469))"
1365,ARMSTRONG,"POLYGON ((-94.62921739340651 39.09035891917991, -94.63271857313913 39.09145060708332, -94.61472786510343 39.09674985765837, -94.61912646214097 39.09389354353782, -94.62921739340651 39.09035891917991))","((-94.63271857313913, 39.091450607083324), (-94.61472786510343, 39.096749857658374))"
1366,BLUE RIVER,"POLYGON ((-94.49502420448276 39.10944877511775, -94.49590368748177 39.11560609111287, -94.48077698995534 39.11410575101073, -94.48107158765946 39.11351615095194, -94.49502420448276 39.10944877511775))","((-94.49590368748177, 39.115606091112866), (-94.48077698995534, 39.114105751010726))"
1367,MILL ST YARD (BNSF),"POLYGON ((-94.6360692263935 39.07719101171071, -94.64113883777927 39.07868087371586, -94.62359188112552 39.07876631509045, -94.62399623621032 39.07827880664033, -94.6360692263935 39.07719101171071))","((-94.64113883777927, 39.07868087371586), (-94.62359188112552, 39.07876631509045))"
1368,MILL ST YARD (KCS),"POLYGON ((-94.63443668215677 39.07653482469562, -94.63568671569476 39.07731532584924, -94.62315932355492 39.07856372795604, -94.6285343958626 39.07670283192689, -94.63443668215677 39.07653482469562))","((-94.63568671569476, 39.07731532584924), (-94.62315932355492, 39.078563727956045))"
1369,ALLOY,"POLYGON ((-81.2661169114558 38.13339270410415, -81.27398842412587 38.13595348110333, -81.28474562973039 38.14596613411666, -81.28412446238619 38.14606839303755, -81.2661169114558 38.13339270410415))","((-81.2661169114558, 38.133392704104146), (-81.2847456297304, 38.14596613411666))"
1370,DICKINSON,"POLYGON ((-81.49587858329947 38.19890242548918, -81.50660304513769 38.20389671376623, -81.51669058569246 38.21396738344883, -81.49464813117309 38.19958010540817, -81.49587858329947 38.19890242548918))","((-81.51669058569246, 38.21396738344883), (-81.4946481311731, 38.199580105408174))"
1371,HOBSON,"POLYGON ((-82.08536802343133 38.98064729471016, -82.08585518491721 38.98139596702627, -82.07362668828617 38.9904505367569, -82.07369238454406 38.9898232631558, -82.08536802343133 38.98064729471016))","((-82.08536802343133, 38.98064729471016), (-82.07362668828617, 38.9904505367569))"
1372,INSTITUTE,"POLYGON ((-81.77651477136705 38.37851040687915, -81.77713117118317 38.37775485455752, -81.81486373728333 38.39021799403037, -81.79568653911426 38.38630412621537, -81.77651477136705 38.37851040687915))","((-81.77651477136705, 38.37851040687915), (-81.81486373728333, 38.39021799403037))"
1373,HOISINGTON,"POLYGON ((-98.77588300008945 38.51070620869388, -98.78556858381192 38.51239021952802, -98.75066601518077 38.51779331063193, -98.76934674936554 38.51184244186211, -98.77588300008945 38.51070620869388))","((-98.78556858381192, 38.51239021952802), (-98.75066601518077, 38.51779331063193))"
1374,KINGMAN,"POLYGON ((-98.11006213248669 37.64096002700565, -98.12314603338348 37.64106204746985, -98.12358941365507 37.64155162201834, -98.10359628855379 37.64155404666187, -98.11006213248669 37.64096002700565))","((-98.12358941365507, 37.64155162201834), (-98.10359628855379, 37.641554046661874))"
1375,SALINA,"POLYGON ((-97.6034252177557 38.84978610928489, -97.6037506043746 38.85062339507796, -97.58908972782405 38.85593913528032, -97.58934096839492 38.85535763331551, -97.6034252177557 38.84978610928489))","((-97.6034252177557, 38.84978610928489), (-97.58908972782405, 38.855939135280316))"
1376,WEST WICHITA,"POLYGON ((-97.36610001120724 37.66290331586016, -97.36648358093701 37.66371485801117, -97.35587764896893 37.66874395545531, -97.35646892254566 37.6677467779803, -97.36610001120724 37.66290331586016))","((-97.36610001120724, 37.66290331586016), (-97.35587764896893, 37.66874395545531))"
1377,NEW CASTLE,"POLYGON ((-80.36834605830219 40.9636728008509, -80.36968695320041 40.965848547001, -80.3683377911953 40.9694663313316, -80.36787397473238 40.96902239849195, -80.36834605830219 40.9636728008509))","((-80.3683460583022, 40.9636728008509), (-80.3683377911953, 40.969466331331596))"
1378,HUGO,"POLYGON ((-95.52283725823328 34.0083458398698, -95.52673195855796 34.01142110915032, -95.52698606807149 34.01230874506273, -95.5172869958387 34.00922742981587, -95.52283725823328 34.0083458398698))","((-95.5269860680715, 34.01230874506273), (-95.5172869958387, 34.00922742981587))"
1379,FOR LINE,"POLYGON ((-83.83438340332459 35.93886672995136, -83.84147692490919 35.94474506958466, -83.83326973092832 35.95363825289689, -83.83025464626398 35.94001688010715, -83.83438340332459 35.93886672995136))","((-83.8343834033246, 35.93886672995136), (-83.83326973092832, 35.953638252896894))"
1380,BELLEVILLE,"POLYGON ((-97.62797645575689 39.82677574324401, -97.62816036995072 39.82764450646558, -97.59886291690042 39.8381885841494, -97.6005012941791 39.83234665696961, -97.62797645575689 39.82677574324401))","((-97.6279764557569, 39.826775743244006), (-97.59886291690042, 39.8381885841494))"
1381,BELOIT,"POLYGON ((-98.1013649965483 39.45544485974114, -98.10157992390656 39.45457827527459, -98.11624484170983 39.45698807583867, -98.10821229471517 39.45700366023747, -98.1013649965483 39.45544485974114))","((-98.1013649965483, 39.45544485974114), (-98.11624484170983, 39.456988075838666))"
1382,CONCORDIA,"POLYGON ((-97.66128271132307 39.57312227268966, -97.66729268324569 39.57373660627772, -97.65449171608752 39.5736839441719, -97.65488231163913 39.57321903806449, -97.66128271132307 39.57312227268966))","((-97.66729268324569, 39.57373660627772), (-97.65449171608752, 39.5736839441719))"
1383,DOWNS,"POLYGON ((-98.54604907384045 39.50171220229569, -98.54343488217994 39.50289061194826, -98.53345020748955 39.50271106087168, -98.53521984511836 39.50208124422606, -98.54604907384045 39.50171220229569))","((-98.54604907384045, 39.50171220229569), (-98.53345020748955, 39.502711060871675))"
1384,GOODLAND,"POLYGON ((-101.7131635226608 39.33966395722754, -101.721178698319 39.34042614059556, -101.6855419036803 39.34031243988779, -101.6859877803138 39.33986228349994, -101.7131635226608 39.33966395722754))","((-101.72117869831897, 39.34042614059556), (-101.6855419036803, 39.34031243988779))"
1385,PHILLIPSBURG,"POLYGON ((-99.32422750614998 39.76544569612928, -99.32495172157624 39.76492711699543, -99.32875366752074 39.77059068068563, -99.32694685183868 39.76960418585461, -99.32422750614998 39.76544569612928))","((-99.32422750614998, 39.765445696129284), (-99.32875366752074, 39.77059068068563))"
1386,BELL YARD,"POLYGON ((-118.1502619093256 33.98865233817199, -118.1514696308538 33.98799897130326, -118.1604951848156 33.99098234767602, -118.1577142789277 33.99138339626712, -118.1502619093256 33.98865233817199))","((-118.15026190932565, 33.98865233817199), (-118.16049518481556, 33.99098234767602))"
1387,COMMERCE YARD,"POLYGON ((-118.1409423252731 33.9903008285028, -118.1425982863708 33.98980507816142, -118.1488459906079 33.99243215279699, -118.148308963394 33.99276436624583, -118.1409423252731 33.9903008285028))","((-118.14094232527313, 33.990300828502804), (-118.14884599060791, 33.99243215279699))"
1388,EXCHANGE AVE A YARD,"POLYGON ((-118.1922117357819 34.0002809662364, -118.1926855420615 33.9995277228519, -118.2043971801905 34.00536159777224, -118.1997825136254 34.00495329514123, -118.1922117357819 34.0002809662364))","((-118.19221173578188, 34.000280966236396), (-118.20439718019053, 34.005361597772236))"
1389,LAKEVILLE YARD,"POLYGON ((-77.70349491602903 42.84494977383152, -77.70438246033407 42.84487688531622, -77.70467562617534 42.85099458238006, -77.70343341800994 42.84849925539471, -77.70349491602903 42.84494977383152))","((-77.70349491602903, 42.844949773831516), (-77.70467562617534, 42.85099458238006))"
1390,ADVANCE,"POLYGON ((-92.72979888439943 32.27933497817062, -92.72987819417105 32.27844121306418, -92.73923445623089 32.27926604205217, -92.73587105206909 32.27996963090331, -92.72979888439943 32.27933497817062))","((-92.72979888439943, 32.27933497817062), (-92.73923445623089, 32.27926604205217))"
1391,MINDEN,"POLYGON ((-93.29234285564984 32.59396976241029, -93.293300514181 32.59583392195198, -93.29187411610377 32.60791634343964, -93.28978171989927 32.60421290604357, -93.29234285564984 32.59396976241029))","((-93.29234285564984, 32.59396976241029), (-93.29187411610377, 32.60791634343964))"
1392,LUBBOCK (WTLC),"POLYGON ((-101.8245573174678 33.55222713657857, -101.8253973411885 33.55207252503118, -101.8339063992345 33.56871449361666, -101.8228486345503 33.56561411535056, -101.8245573174678 33.55222713657857))","((-101.82455731746776, 33.55222713657857), (-101.83390639923445, 33.56871449361666))"
1393,BOWATER,"POLYGON ((-80.89751873144998 34.84297579771948, -80.90012281577202 34.84355831044834, -80.90411031144292 34.84917258799732, -80.90347614266497 34.84922072967879, -80.89751873144998 34.84297579771948))","((-80.89751873144998, 34.84297579771948), (-80.90411031144292, 34.849172587997316))"
1394,ALTURAS YARD,"POLYGON ((-120.5295904098545 41.4568759723468, -120.5354622655015 41.46271507747021, -120.5354254517143 41.47522127991995, -120.5348689194465 41.4749161329043, -120.5295904098545 41.4568759723468))","((-120.5295904098545, 41.4568759723468), (-120.53542545171435, 41.47522127991995))"
1395,NEW IBERIA,"POLYGON ((-91.87148230900368 29.95565114366237, -91.83600971469023 29.99842581392817, -91.82416282399812 30.00638388679821, -91.82414849385189 30.00575248121107, -91.87148230900368 29.95565114366237))","((-91.87148230900368, 29.95565114366237), (-91.82416282399812, 30.00638388679821))"
1396,FRESH POND (NYA),"POLYGON ((-73.88979155013645 40.70643181512767, -73.89046926147604 40.70614443655794, -73.90017319057222 40.7127433659541, -73.89057567071004 40.70905791834024, -73.88979155013645 40.70643181512767))","((-73.88979155013645, 40.70643181512767), (-73.90017319057222, 40.712743365954104))"
1397,FRESH POND YARD (NYA),"POLYGON ((-73.89107240517973 40.70928666200589, -73.89320387159687 40.70896006461047, -73.90021634150368 40.71264967583338, -73.89965459738191 40.71293828515883, -73.89107240517973 40.70928666200589))","((-73.89107240517973, 40.70928666200589), (-73.90021634150368, 40.71264967583338))"
1398,JAMAICA,"POLYGON ((-73.82085507117273 40.69622181436551, -73.82726043523635 40.69847046408739, -73.80681490097602 40.69974381922937, -73.81050429670236 40.69820584661419, -73.82085507117273 40.69622181436551))","((-73.82726043523635, 40.698470464087386), (-73.80681490097602, 40.69974381922937))"
1399,JAMAICA YARD,"POLYGON ((-73.80695141419163 40.69955681041748, -73.80404725787282 40.70139425083593, -73.80107243696818 40.70073138214234, -73.80141515744296 40.70019097213588, -73.80695141419163 40.69955681041748))","((-73.80695141419163, 40.699556810417484), (-73.80107243696818, 40.70073138214234))"
1400,LONG ISLAND CITY,"POLYGON ((-73.95240259265179 40.74104832970956, -73.95529130519553 40.74026330421106, -73.95896528941492 40.74153643010424, -73.95706116209307 40.74206951841597, -73.95240259265179 40.74104832970956))","((-73.9524025926518, 40.74104832970956), (-73.95896528941492, 40.74153643010424))"
1401,POND,"POLYGON ((-73.88353310069742 40.70583857711645, -73.8903756850269 40.70609994769818, -73.89078421121697 40.70865735301278, -73.88002073135351 40.70656626421309, -73.88353310069742 40.70583857711645))","((-73.89078421121697, 40.708657353012775), (-73.88002073135351, 40.70656626421309))"
1402,JEFFERSONVILLE,"POLYGON ((-85.75227257433035 38.28107939477137, -85.75369519506003 38.28986265949246, -85.75127893857633 38.31891969136132, -85.75114192554301 38.30232044749967, -85.75227257433035 38.28107939477137))","((-85.75227257433035, 38.28107939477137), (-85.75127893857633, 38.318919691361316))"
1403,LRPA,"POLYGON ((-92.20066250056966 34.71296598390446, -92.2066244118863 34.7137713619118, -92.19193025660242 34.7140837011899, -92.1946643084697 34.71298851798165, -92.20066250056966 34.71296598390446))","((-92.2066244118863, 34.7137713619118), (-92.19193025660242, 34.7140837011899))"
1404,EAGLE MILLS YARD,"POLYGON ((-87.52878465467937 46.50680877769128, -87.53314033297198 46.51084964333698, -87.51567538417271 46.51396080180916, -87.51724934842454 46.5123962331395, -87.52878465467937 46.50680877769128))","((-87.53314033297198, 46.510849643336975), (-87.51567538417271, 46.51396080180916))"
1405,EUCLID YARD,"POLYGON ((-87.69124382315734 46.4860991684208, -87.69891318292545 46.48928532701041, -87.68359749458797 46.49794456384592, -87.68347334384744 46.4973122970116, -87.69124382315734 46.4860991684208))","((-87.69891318292545, 46.48928532701041), (-87.68359749458797, 46.49794456384592))"
1406,WEST YARD,"POLYGON ((-87.40649101932996 46.58178653736481, -87.39860548455619 46.58366817979803, -87.39001738906947 46.58274152515659, -87.39258003585553 46.58210865188421, -87.40649101932996 46.58178653736481))","((-87.40649101932996, 46.58178653736481), (-87.39001738906947, 46.58274152515659))"
1407,ALPENA,"POLYGON ((-83.41546360598851 45.07813534878463, -83.41573148572409 45.07728774186695, -83.43005102040614 45.08003913517379, -83.42124993009337 45.08011792822786, -83.41546360598851 45.07813534878463))","((-83.4154636059885, 45.07813534878463), (-83.43005102040614, 45.08003913517379))"
1408,CUMBERLAND,"POLYGON ((-83.90405853061502 43.409565894454, -83.90537597946519 43.40982067253451, -83.90685309645305 43.41451236450276, -83.90623096113258 43.41435380723825, -83.90405853061502 43.409565894454))","((-83.90405853061502, 43.409565894454), (-83.90685309645305, 43.41451236450276))"
1409,DEAN,"POLYGON ((-84.20873132637111 43.58866740298412, -84.21879303540659 43.5942492056267, -84.22887233722722 43.60274714300611, -84.22823882307742 43.60285478426653, -84.20873132637111 43.58866740298412))","((-84.20873132637111, 43.58866740298412), (-84.22887233722722, 43.602747143006106))"
1410,DELPHI,"POLYGON ((-83.87722398177175 43.40775150415811, -83.87946909603933 43.40701694635278, -83.88688513129263 43.40885949767964, -83.88640713322411 43.40927561780553, -83.87722398177175 43.40775150415811))","((-83.87722398177175, 43.407751504158114), (-83.88688513129263, 43.40885949767964))"
1411,LSRC,"POLYGON ((-83.86262590807594 43.62383293190798, -83.86386381644078 43.62357912843416, -83.87386764445023 43.63364309130632, -83.87204999025033 43.63286099898136, -83.86262590807594 43.62383293190798))","((-83.86262590807594, 43.623832931907984), (-83.87386764445023, 43.63364309130632))"
1412,MIDLAND,"POLYGON ((-84.20870091974298 43.58864321065798, -84.20925969028248 43.58794090828747, -84.23220670323789 43.60529361364676, -84.23016345186079 43.60446043605637, -84.20870091974298 43.58864321065798))","((-84.20870091974298, 43.58864321065798), (-84.23220670323789, 43.60529361364676))"
1413,SAGINAW,"POLYGON ((-83.91510074354723 43.43389497221373, -83.93485587538208 43.44099561629562, -83.93511383691778 43.44157894051687, -83.91097472367834 43.44380697889545, -83.91510074354723 43.43389497221373))","((-83.93511383691778, 43.44157894051687), (-83.91097472367834, 43.44380697889545))"
1414,FLORENCE YARD,"POLYGON ((-75.3428525307048 40.60615306596906, -75.34842031334507 40.61107411576164, -75.33655196641831 40.61026429327627, -75.33735951020049 40.60870894904457, -75.3428525307048 40.60615306596906))","((-75.34842031334507, 40.61107411576164), (-75.33655196641831, 40.61026429327627))"
1415,CONEMAUGH (LVRJ),"POLYGON ((-78.89366681259841 40.33854276774347, -78.89393121737452 40.33981685335878, -78.89187111043887 40.34096391356131, -78.89175850676922 40.34033076932883, -78.89366681259841 40.33854276774347))","((-78.89366681259841, 40.33854276774347), (-78.89187111043887, 40.34096391356131))"
1416,CONEMAUGH (LVRY),"POLYGON ((-78.9031953389035 40.33220279102704, -78.90357038279419 40.33300545165959, -78.8932467670532 40.33955695609124, -78.89712192451552 40.33405313784365, -78.9031953389035 40.33220279102704))","((-78.9031953389035, 40.33220279102704), (-78.8932467670532, 40.33955695609124))"
1417,MINERSVILLE,"POLYGON ((-78.9264679092265 40.34245503076289, -78.92747865671728 40.34181283027279, -78.93565002813015 40.34561797510948, -78.93238274578115 40.34537313137196, -78.9264679092265 40.34245503076289))","((-78.9264679092265, 40.34245503076289), (-78.93565002813015, 40.345617975109484))"
1418,AVIS,"POLYGON ((-77.31510649921707 41.17581455633332, -77.31551373020788 41.17658784538153, -77.2995907529037 41.18991816315322, -77.3030091003432 41.17950916570803, -77.31510649921707 41.17581455633332))","((-77.31510649921707, 41.17581455633332), (-77.2995907529037, 41.189918163153216))"
1419,NEWBERRY,"POLYGON ((-77.07588156194711 41.22923228910329, -77.08189140646219 41.22993544557315, -77.0520549967563 41.23374116660549, -77.06099343219007 41.23048161145147, -77.07588156194711 41.22923228910329))","((-77.08189140646219, 41.22993544557315), (-77.0520549967563, 41.23374116660549))"
1420,BEACON PARK,"POLYGON ((-71.11658914629174 42.35371637782973, -71.11698503769391 42.35294904669608, -71.13111153002677 42.35618835800012, -71.12162461229055 42.35729436786441, -71.11658914629174 42.35371637782973))","((-71.11658914629174, 42.353716377829734), (-71.13111153002677, 42.35618835800012))"
1421,BOSTON NORTH,"POLYGON ((-71.07283546475881 42.37519098277086, -71.07347996640138 42.37458856922791, -71.07656414036548 42.37819722692343, -71.07593944146387 42.37826782169349, -71.07283546475881 42.37519098277086))","((-71.07283546475881, 42.37519098277086), (-71.07656414036548, 42.37819722692343))"
1422,BOSTON NORTH,"POLYGON ((-71.07041340182815 42.37320297400085, -71.07096636776863 42.37249763692867, -71.07375691626339 42.3754959350985, -71.07312539434479 42.37559395403672, -71.07041340182815 42.37320297400085))","((-71.07096636776863, 42.37249763692867), (-71.07375691626339, 42.3754959350985))"
1423,BOSTON TRANSFLO,"POLYGON ((-71.13060563589909 42.35657932135099, -71.13054952857661 42.35570030872835, -71.13271319122764 42.35607091086727, -71.13239517961422 42.35662094838344, -71.13060563589909 42.35657932135099))","((-71.13054952857661, 42.35570030872835), (-71.13271319122764, 42.35607091086727))"
1424,FITCHBURG,"POLYGON ((-71.75636785320944 42.56216022286713, -71.75688092915819 42.56143236957211, -71.76983788340111 42.56912564981275, -71.76786405436961 42.56882065847795, -71.75636785320944 42.56216022286713))","((-71.75636785320944, 42.56216022286713), (-71.76983788340111, 42.569125649812754))"
1425,FRAMINGHAM,"POLYGON ((-71.4363343266869 42.27411255794935, -71.43558066402883 42.27519684065296, -71.42485547536803 42.27508048019786, -71.4252837587115 42.27460158730076, -71.4363343266869 42.27411255794935))","((-71.4363343266869, 42.27411255794935), (-71.42485547536803, 42.27508048019786))"
1426,MIDDLEBORO,"POLYGON ((-70.9209152860067 41.8847585624311, -70.92154256884109 41.88427530616563, -70.92595409519681 41.88674906562657, -70.92243314248537 41.88678779694452, -70.9209152860067 41.8847585624311))","((-70.9209152860067, 41.8847585624311), (-70.92595409519681, 41.886749065626574))"
1427,WORCESTER,"POLYGON ((-71.7939432373627 42.2606479428789, -71.79411301571479 42.26152315594701, -71.78247092196717 42.26483696423003, -71.78581670682968 42.26234417189568, -71.7939432373627 42.2606479428789))","((-71.7939432373627, 42.260647942878904), (-71.78247092196717, 42.26483696423003))"
1428,HYANNIS,"POLYGON ((-70.27959223046513 41.65525279872403, -70.27929429167224 41.65754830122761, -70.27526806525312 41.66194874503893, -70.27511812771401 41.66133671494416, -70.27959223046513 41.65525279872403))","((-70.27959223046513, 41.65525279872403), (-70.27526806525312, 41.66194874503893))"
1429,WARE,"POLYGON ((-72.23393693309518 42.25704713588412, -72.23086137165751 42.26239402273988, -72.22711328253109 42.26322840108703, -72.22711963177395 42.26259717105621, -72.23393693309518 42.25704713588412))","((-72.23393693309518, 42.25704713588412), (-72.22711328253109, 42.263228401087034))"
1430,MCCLOUD YARD,"POLYGON ((-122.1388611813275 41.25820846442604, -122.139699529758 41.25992362437818, -122.1382503480106 41.26351495536208, -122.1378584362772 41.26248314851675, -122.1388611813275 41.25820846442604))","((-122.13886118132751, 41.25820846442604), (-122.13825034801056, 41.26351495536208))"
1431,ROCKPORT,"POLYGON ((-69.12536400487157 44.09970949016036, -69.12314216000645 44.10164093310377, -69.11976343951434 44.1014605629176, -69.12005879396959 44.1008932047077, -69.12536400487157 44.09970949016036))","((-69.12536400487157, 44.099709490160365), (-69.11976343951434, 44.1014605629176))"
1432,MERIDIAN (MDS),"POLYGON ((-88.72186649525482 32.34564299849938, -88.71847204865061 32.35272176865069, -88.71137838184858 32.35391067152614, -88.71145669467322 32.35325879884888, -88.72186649525482 32.34564299849938))","((-88.72186649525482, 32.34564299849938), (-88.71137838184858, 32.353910671526144))"
1433,INTERNATIONAL FALLS,"POLYGON ((-93.39733882131101 48.5942309746813, -93.40327892776011 48.59563856444235, -93.40156005788441 48.60396575152364, -93.39579879008821 48.59487021623144, -93.39733882131101 48.5942309746813))","((-93.40156005788441, 48.60396575152364), (-93.39579879008821, 48.59487021623144))"
1434,TROY HILLS BULK TRANSFER,"POLYGON ((-74.40399346313116 40.82125374760592, -74.40620877590185 40.82165543303535, -74.40647714023699 40.82222993942145, -74.40323469204274 40.82203422797231, -74.40399346313116 40.82125374760592))","((-74.40647714023699, 40.822229939421455), (-74.40323469204274, 40.82203422797231))"
1435,LACKLAND,"POLYGON ((-90.3799698180607 38.68454093320248, -90.4035953616267 38.68764971932016, -90.42219113744908 38.70747126386897, -90.42157419899161 38.70765722693018, -90.3799698180607 38.68454093320248))","((-90.3799698180607, 38.68454093320248), (-90.42219113744908, 38.70747126386897))"
1436,EMPIRE YARD,"POLYGON ((-120.9010265227269 37.6296269303938, -120.9018638120783 37.62931408626846, -120.9058295060998 37.63847718527222, -120.9027990727476 37.63628371722051, -120.9010265227269 37.6296269303938))","((-120.90102652272687, 37.629626930393805), (-120.90582950609983, 37.638477185272215))"
1437,MCCLURE YARD,"POLYGON ((-120.9317567693138 37.62869276747171, -120.9326443513548 37.62872415383525, -120.9323447164165 37.63698449807887, -120.9315234172368 37.63499898763871, -120.9317567693138 37.62869276747171))","((-120.93175676931385, 37.62869276747171), (-120.93234471641654, 37.636984498078874))"
1438,MODESTO TERMINAL YARD,"POLYGON ((-120.9886363764918 37.63417537504599, -120.9876284960198 37.63604171379317, -120.985152028253 37.6365430213814, -120.9852855385713 37.63592587773871, -120.9886363764918 37.63417537504599))","((-120.98863637649175, 37.63417537504599), (-120.98515202825298, 37.6365430213814))"
1439,MODESTO YARD,"POLYGON ((-120.9937089027977 37.63085150459873, -120.9952806989347 37.63167087152395, -120.9981965731124 37.63619047968238, -120.9930896891693 37.63161081243032, -120.9937089027977 37.63085150459873))","((-120.99370890279769, 37.63085150459873), (-120.9981965731124, 37.636190479682384))"
1440,RIVERSIDE YARD,"POLYGON ((-120.9492492259819 37.63074399774845, -120.9503378867791 37.63222509578785, -120.9497921645714 37.63685970844607, -120.9490655949529 37.63541614244455, -120.9492492259819 37.63074399774845))","((-120.94924922598193, 37.63074399774845), (-120.94979216457145, 37.636859708446075))"
1441,MGRI,"POLYGON ((-85.67814526953963 38.31206620488523, -85.68044901551238 38.31294781027196, -85.68608236053591 38.32070543255726, -85.67458164151256 38.31363640359838, -85.67814526953963 38.31206620488523))","((-85.6860823605359, 38.32070543255726), (-85.67458164151256, 38.31363640359838))"
1442,ALMA,"POLYGON ((-84.6439820056589 43.37873180398639, -84.64414870236229 43.37960690235138, -84.62926949010955 43.38402027856782, -84.63725587424953 43.38018551819486, -84.6439820056589 43.37873180398639))","((-84.6439820056589, 43.37873180398639), (-84.62926949010955, 43.38402027856782))"
1443,CARTHAGE,"POLYGON ((-94.36198428134961 37.14591086002299, -94.36777103699319 37.14849353963764, -94.31582978286326 37.18608759710614, -94.326233739175 37.15012652970184, -94.36198428134961 37.14591086002299))","((-94.36777103699319, 37.14849353963764), (-94.31582978286326, 37.186087597106145))"
1444,EAST CARTHAGE,"POLYGON ((-94.27001610807569 37.17540461241099, -94.27014376869303 37.17451544693989, -94.30180724509502 37.17933566960694, -94.29710213194932 37.17936543230118, -94.27001610807569 37.17540461241099))","((-94.2700161080757, 37.175404612410986), (-94.30180724509502, 37.179335669606935))"
1445,NEVADA,"POLYGON ((-94.34633220271365 37.83508584641277, -94.34875492735735 37.83775390315994, -94.34619678035132 37.8443543977967, -94.34574108033752 37.84391884027619, -94.34633220271365 37.83508584641277))","((-94.34633220271365, 37.835085846412774), (-94.34619678035132, 37.8443543977967))"
1446,RUTH,"POLYGON ((-94.54023742821981 37.07025977783019, -94.53872264396493 37.07231330623969, -94.53207082021665 37.07396326212302, -94.53281959665438 37.07306987134621, -94.54023742821981 37.07025977783019))","((-94.54023742821981, 37.07025977783019), (-94.53207082021665, 37.073963262123016))"
1447,MERIDIAN (MNBR),"POLYGON ((-88.68861076050572 32.35976736566238, -88.69100062846346 32.35960649031522, -88.69334301208482 32.36278043917395, -88.69243487736368 32.36313041339907, -88.68861076050572 32.35976736566238))","((-88.68861076050572, 32.35976736566238), (-88.69334301208482, 32.362780439173946))"
1448,HARMON SHOPS,"POLYGON ((-73.87950984726966 41.18460139772781, -73.88430505066478 41.18632847235357, -73.88861523173601 41.20088197335609, -73.88571832170695 41.19786320784327, -73.87950984726966 41.18460139772781))","((-73.87950984726966, 41.18460139772781), (-73.88861523173601, 41.20088197335609))"
1449,NORTH CROTON,"POLYGON ((-73.89265532383564 41.20600653452186, -73.89310913434134 41.20523353052981, -73.9075686118066 41.2131248344844, -73.9028476233197 41.21182023968836, -73.89265532383564 41.20600653452186))","((-73.89265532383564, 41.20600653452186), (-73.9075686118066, 41.213124834484404))"
1450,PORT JERVIS,"POLYGON ((-74.68546063240237 41.36478536176359, -74.68615136604517 41.36421280316844, -74.69897578109989 41.37889990876163, -74.69436472781798 41.37669073326384, -74.68546063240237 41.36478536176359))","((-74.68546063240237, 41.364785361763595), (-74.69897578109989, 41.37889990876163))"
1451,STAMFORD,"POLYGON ((-73.53471963225515 41.04841029943962, -73.53528373403091 41.04946755657741, -73.52947729511853 41.05189536052828, -73.53031488557204 41.05023561965844, -73.53471963225515 41.04841029943962))","((-73.53471963225515, 41.048410299439624), (-73.52947729511853, 41.051895360528285))"
1452,REDLAND JCT,"POLYGON ((-96.59992236278219 47.74631139747545, -96.60219623070408 47.74590141218165, -96.6153303420588 47.7507705050533, -96.613158093466 47.75071756980055, -96.59992236278219 47.74631139747545))","((-96.5999223627822, 47.74631139747545), (-96.6153303420588, 47.7507705050533))"
1453,MIDWAY YARD,"POLYGON ((-93.18413134140182 44.9601379905987, -93.18494672288941 44.96036016515766, -93.18519816288178 44.96916975057157, -93.18359007262094 44.96637074961041, -93.18413134140182 44.9601379905987))","((-93.18413134140182, 44.960137990598696), (-93.18519816288178, 44.969169750571574))"
1454,OAKFIELD,"POLYGON ((-68.15392268099184 46.0985468235033, -68.15468594586966 46.09881405070714, -68.15700374220708 46.12299462553296, -68.14610493526776 46.10802843373695, -68.15392268099184 46.0985468235033))","((-68.15392268099184, 46.0985468235033), (-68.15700374220708, 46.12299462553296))"
1455,PRESQUE ISLE,"POLYGON ((-68.0217624603949 46.67041693665988, -68.02227710121525 46.67153240311843, -68.01735235030253 46.67905655915878, -68.01716421407703 46.67844841229262, -68.0217624603949 46.67041693665988))","((-68.0217624603949, 46.67041693665988), (-68.01735235030253, 46.67905655915878))"
1456,LUDINGTON,"POLYGON ((-86.43207232263421 43.94821970085027, -86.43370207721807 43.94883576811532, -86.41590559029139 43.95030938903923, -86.42103476957037 43.94899593349833, -86.43207232263421 43.94821970085027))","((-86.43370207721807, 43.948835768115316), (-86.41590559029139, 43.95030938903923))"
1457,MANISTEE,"POLYGON ((-86.31007481205054 44.24392282917751, -86.31524847827781 44.24633484069237, -86.31615565381479 44.24926214570046, -86.31552805509594 44.24932660286436, -86.31007481205054 44.24392282917751))","((-86.31007481205054, 44.243922829177514), (-86.31615565381479, 44.24926214570046))"
1458,HENRY ST,"POLYGON ((-86.26437778541593 43.20168727487752, -86.2767528522552 43.20186011876945, -86.278176010096 43.20244525454084, -86.26354884605482 43.20250359854757, -86.26437778541593 43.20168727487752))","((-86.278176010096, 43.20244525454084), (-86.26354884605482, 43.202503598547565))"
1459,NORTH,"POLYGON ((-86.24068142448843 43.24337461391757, -86.24122986363703 43.24553559175853, -86.23901663537616 43.25172103693754, -86.23893832862774 43.24907380064064, -86.24068142448843 43.24337461391757))","((-86.24068142448843, 43.243374613917574), (-86.23901663537616, 43.25172103693754))"
1460,MOSS POINT,"POLYGON ((-88.51837679869435 30.4257873471608, -88.51951060317128 30.42747389932091, -88.51893960032184 30.44588986145493, -88.51841846739084 30.44526746613525, -88.51837679869435 30.4257873471608))","((-88.51837679869435, 30.425787347160803), (-88.51893960032184, 30.445889861454933))"
1461,LOUISVILLE,"POLYGON ((-89.05640798146482 33.10739771004017, -89.05735071947336 33.10767959009612, -89.0591636244781 33.12170783686285, -89.0555860684569 33.11179947515851, -89.05640798146482 33.10739771004017))","((-89.05640798146482, 33.10739771004017), (-89.0591636244781, 33.121707836862846))"
1462,LOCK HAVEN,"POLYGON ((-77.43436134220607 41.13311767392783, -77.43430685919654 41.13223075749529, -77.43629557131084 41.13270256920408, -77.43594917621093 41.13323500876884, -77.43436134220607 41.13311767392783))","((-77.43430685919654, 41.13223075749529), (-77.43629557131084, 41.13270256920408))"
1463,SUNNYSIDE,"POLYGON ((-77.78612545696558 40.91763345541037, -77.78730193744109 40.92176735292995, -77.7822951342538 40.92546775300465, -77.78209112083121 40.9248916829788, -77.78612545696558 40.91763345541037))","((-77.78612545696558, 40.91763345541037), (-77.7822951342538, 40.925467753004654))"
1464,BROWNVILLE,"POLYGON ((-69.05941219489391 45.34694330009275, -69.05912898500954 45.34898723727031, -69.05402380775848 45.34964872423295, -69.05420866534767 45.34904670582259, -69.05941219489391 45.34694330009275))","((-69.05941219489391, 45.346943300092754), (-69.05402380775848, 45.34964872423295))"
1465,VANCEBORO,"POLYGON ((-67.44488743295497 45.55741343157136, -67.444554910177 45.5585364969115, -67.4303174133334 45.56298557292958, -67.43059045735123 45.56240527657487, -67.44488743295497 45.55741343157136))","((-67.44488743295497, 45.557413431571355), (-67.4303174133334, 45.562985572929584))"
1466,NORFOLK,"POLYGON ((-97.41502398273524 42.01164611174841, -97.43111822816921 42.01370189888371, -97.43150278293618 42.01421219716399, -97.4117959034716 42.01518528199524, -97.41502398273524 42.01164611174841))","((-97.43150278293618, 42.014212197163985), (-97.4117959034716, 42.01518528199524))"
1467,BRIGHTSIDE YARD,"POLYGON ((-121.9168796686534 37.59487200106818, -121.9200775227906 37.5970384345839, -121.9201347058351 37.59767579480909, -121.9163107187894 37.5957795000884, -121.9168796686534 37.59487200106818))","((-121.91687966865335, 37.594872001068175), (-121.92013470583505, 37.59767579480909))"
1468,NCYR,"POLYGON ((-78.00657458724197 35.96440401993681, -78.00529382506632 35.96571969216346, -77.99498787290332 35.96673569643974, -77.99535336810867 35.96618355364973, -78.00657458724197 35.96440401993681))","((-78.00657458724197, 35.964404019936815), (-77.99498787290332, 35.96673569643974))"
1469,DEFIANCE (NDR),"POLYGON ((-84.3782926428551 41.27735748055165, -84.37873605894565 41.27813593339739, -84.36696659085496 41.28550266849032, -84.36899294836043 41.28312432136378, -84.3782926428551 41.27735748055165))","((-84.3782926428551, 41.27735748055165), (-84.36696659085496, 41.285502668490324))"
1470,BRATTLEBORO,"POLYGON ((-72.54842046239746 42.83574013763389, -72.54928527230798 42.835532542437, -72.55149845013567 42.84477075740212, -72.54936376108078 42.84272762594983, -72.54842046239746 42.83574013763389))","((-72.54842046239746, 42.83574013763389), (-72.55149845013567, 42.84477075740212))"
1471,NORTH WHITE RIVER,"POLYGON ((-72.31754895022411 43.64258354171362, -72.31818966716222 43.64249490367365, -72.33589000208453 43.65698191090766, -72.31910397276219 43.64986513172054, -72.31754895022411 43.64258354171362))","((-72.31754895022411, 43.64258354171362), (-72.33589000208453, 43.65698191090766))"
1472,PALMER,"POLYGON ((-72.32355899295017 42.15025596642279, -72.32419319111723 42.14963127231573, -72.33729256361451 42.16029244109424, -72.33229605385372 42.1588690424052, -72.32355899295017 42.15025596642279))","((-72.32355899295017, 42.15025596642279), (-72.33729256361451, 42.160292441094235))"
1473,SOUTH WHITE RIVER,"POLYGON ((-72.33061830074149 43.63168276739091, -72.32905500222196 43.63704906764081, -72.31688681155929 43.64446147089264, -72.3187413133996 43.64034727886656, -72.33061830074149 43.63168276739091))","((-72.33061830074149, 43.63168276739091), (-72.31688681155929, 43.64446147089264))"
1474,ST. ALBANS,"POLYGON ((-73.08583183613656 44.81198923422611, -73.1058615009434 44.82197290908825, -73.10852622883212 44.82510085670246, -73.08524593616056 44.81822941135065, -73.08583183613656 44.81198923422611))","((-73.08583183613656, 44.81198923422611), (-73.10852622883212, 44.82510085670246))"
1475,NERR SHOPS,"POLYGON ((-86.75748669644028 36.15497716930621, -86.75848910127777 36.15570882227006, -86.74993371626158 36.15588244949902, -86.75079514270413 36.15531337809263, -86.75748669644028 36.15497716930621))","((-86.75848910127777, 36.155708822270064), (-86.74993371626158, 36.15588244949902))"
1476,SHOPS,"POLYGON ((-86.75810272345403 36.15499569534204, -86.76099108814525 36.15614190572052, -86.74993343842291 36.15587854138401, -86.75031392275098 36.1554046164804, -86.75810272345403 36.15499569534204))","((-86.76099108814525, 36.15614190572052), (-86.74993343842291, 36.15587854138401))"
1477,OSSIPEE,"POLYGON ((-71.07853112166431 43.65906798782478, -71.08188227082179 43.66076653233283, -71.08354874247287 43.66363161726164, -71.08292004914372 43.6636723731858, -71.07853112166431 43.65906798782478))","((-71.07853112166431, 43.659067987824784), (-71.08354874247287, 43.663631617261636))"
1478,14TH ST COACH,"POLYGON ((-87.64712679836562 41.86001072745771, -87.64715554799952 41.86090845088619, -87.64023428403414 41.86057426309998, -87.64063172615506 41.86011145561519, -87.64712679836562 41.86001072745771))","((-87.64715554799952, 41.860908450886186), (-87.64023428403414, 41.86057426309998))"
1479,55TH ST,"POLYGON ((-87.63947128711634 41.78583108180996, -87.64080517560296 41.80352111772761, -87.63672811891475 41.80944418442392, -87.63634002144565 41.80893834521246, -87.63947128711634 41.78583108180996))","((-87.63947128711634, 41.78583108180996), (-87.63672811891475, 41.809444184423924))"
1480,BENSENVILLE,"POLYGON ((-87.88188935350971 41.94152543865413, -87.88219566118214 41.94068175307003, -87.92087911560245 41.95347490976922, -87.89977072621429 41.94858892888046, -87.88188935350971 41.94152543865413))","((-87.8818893535097, 41.94152543865413), (-87.92087911560245, 41.95347490976922))"
1481,BENSENVILLE,"POLYGON ((-87.92034498752248 41.95376697624947, -87.92053158355178 41.95288881575354, -87.93797349062548 41.956413967191, -87.92856772139783 41.95547431146513, -87.92034498752248 41.95376697624947))","((-87.92034498752248, 41.95376697624947), (-87.93797349062548, 41.956413967191))"
1482,BURR OAK,"POLYGON ((-87.67589654661647 41.65620360853543, -87.6767005551217 41.65655467021261, -87.67357469514818 41.67005312192309, -87.67339735831492 41.6678266470537, -87.67589654661647 41.65620360853543))","((-87.67589654661647, 41.65620360853543), (-87.67357469514818, 41.67005312192309))"
1483,COACH,"POLYGON ((-87.90869816100327 41.55987524224244, -87.90742005727677 41.56194104201656, -87.90236496424622 41.56388766456648, -87.9024881829274 41.56327015179028, -87.90869816100327 41.55987524224244))","((-87.90869816100327, 41.55987524224244), (-87.90236496424622, 41.56388766456648))"
1484,GALEWOOD,"POLYGON ((-87.75834321291526 41.91643781848637, -87.75840875219868 41.91554296319688, -87.78062997237038 41.91652906353436, -87.7656454012714 41.9171711560655, -87.75834321291526 41.91643781848637))","((-87.75834321291526, 41.91643781848637), (-87.78062997237038, 41.91652906353436))"
1485,LANDERS,"POLYGON ((-87.70351897934397 41.74829286010601, -87.70402452240245 41.74903366166829, -87.69983144315914 41.75108568311462, -87.69992524063186 41.75045942489548, -87.70351897934397 41.74829286010601))","((-87.70402452240245, 41.749033661668285), (-87.69983144315914, 41.75108568311462))"
1486,WESTERN AVE,"POLYGON ((-87.69035944148264 41.89038769806228, -87.69078225892305 41.88960223274474, -87.70632748658124 41.89665091104614, -87.69558598859456 41.89390192597414, -87.69035944148264 41.89038769806228))","((-87.69035944148264, 41.890387698062284), (-87.70632748658124, 41.896650911046144))"
1487,MEADOWS IMF,"POLYGON ((-74.10544337880052 40.73613824401775, -74.10369284729575 40.73959386056255, -74.09113371467919 40.74069264072748, -74.09143229110671 40.7401289420453, -74.10544337880052 40.73613824401775))","((-74.10544337880052, 40.736138244017745), (-74.09113371467919, 40.74069264072748))"
1488,SOUTH KEARNY (NJRC),"POLYGON ((-74.11210735890047 40.71845523961451, -74.11580311416409 40.72155480663032, -74.1064762004241 40.71972053010919, -74.10676005732859 40.71873309042672, -74.11210735890047 40.71845523961451))","((-74.1158031141641, 40.721554806630316), (-74.1064762004241, 40.71972053010919))"
1489,BOUND BROOK,"POLYGON ((-74.52693462403326 40.56069276454173, -74.52706815915326 40.56157672072222, -74.52468052588638 40.56134703587721, -74.52500562864277 40.56080133502985, -74.52693462403326 40.56069276454173))","((-74.52706815915326, 40.56157672072222), (-74.52468052588638, 40.56134703587721))"
1490,BOUND BROOK,"POLYGON ((-74.53959509782592 40.5600822037458, -74.5396382577358 40.5609794774927, -74.52650926560563 40.56116375488575, -74.52693462374215 40.56069276455681, -74.53959509782592 40.5600822037458))","((-74.53959509782592, 40.5600822037458), (-74.52650926560563, 40.56116375488575))"
1491,DOVER,"POLYGON ((-74.55389768762566 40.88317364095097, -74.55400544956372 40.88406540590351, -74.54613424817478 40.88455214322297, -74.54647933038841 40.88401988034505, -74.55389768762566 40.88317364095097))","((-74.55400544956372, 40.884065405903506), (-74.54613424817478, 40.88455214322297))"
1492,DOVER YARD,"POLYGON ((-74.55087297436199 40.8829318173046, -74.55438845525573 40.88370006253039, -74.54614800579672 40.88460245285517, -74.54868836979166 40.88322788371266, -74.55087297436199 40.8829318173046))","((-74.55438845525573, 40.88370006253039), (-74.54614800579672, 40.88460245285517))"
1493,GROVE STREET,"POLYGON ((-74.18133982265907 40.77990854716824, -74.1884412243507 40.78000910393344, -74.18884949853299 40.78057954322947, -74.18279934595348 40.78175809986507, -74.18133982265907 40.77990854716824))","((-74.18133982265907, 40.77990854716824), (-74.18884949853299, 40.78057954322947))"
1494,HARRISON SHOPS,"POLYGON ((-74.14072738165186 40.74088684433031, -74.14105923802917 40.7417116550977, -74.13828923673326 40.74222734939172, -74.1384800966007 40.74161995734681, -74.14072738165186 40.74088684433031))","((-74.14105923802917, 40.741711655097696), (-74.13828923673326, 40.74222734939172))"
1495,LINDENWOLD,"POLYGON ((-74.99573690719711 39.83038291664356, -74.99901760127797 39.83156239944761, -75.00203795073158 39.83638291515332, -74.99375575531423 39.83280081517477, -74.99573690719711 39.83038291664356))","((-75.00203795073158, 39.836382915153315), (-74.99375575531423, 39.83280081517477))"
1496,MCGRAW,"POLYGON ((-74.28183240215738 40.59281388591332, -74.28233198028745 40.5920840914612, -74.28348578965816 40.59358027488517, -74.28290311330065 40.59381871879603, -74.28183240215738 40.59281388591332))","((-74.28233198028745, 40.592084091461196), (-74.28348578965816, 40.59358027488517))"
1497,MCGRAW,"POLYGON ((-74.28263505642386 40.59350222836605, -74.28617948453865 40.59553564083481, -74.28458397332943 40.59991984368683, -74.28402596988175 40.59963151563593, -74.28263505642386 40.59350222836605))","((-74.28263505642386, 40.59350222836605), (-74.28458397332943, 40.59991984368683))"
1498,MEADOWS,"POLYGON ((-74.07763683843525 40.74379095215553, -74.07773335640491 40.74290224366713, -74.12511298184999 40.74380566200634, -74.09009080592494 40.74606513873056, -74.07763683843525 40.74379095215553))","((-74.07763683843525, 40.74379095215553), (-74.12511298185, 40.74380566200634))"
1499,PORT MORRIS,"POLYGON ((-74.69446218258518 40.89861595031949, -74.67680999805791 40.90826687969444, -74.66905724989768 40.90771495191738, -74.66933907283655 40.90715189206139, -74.69446218258518 40.89861595031949))","((-74.69446218258518, 40.89861595031949), (-74.66905724989768, 40.907714951917384))"
1500,RARITAN,"POLYGON ((-74.65276479375051 40.570018479806, -74.65279218252554 40.5709163733532, -74.63824765874352 40.57091066499533, -74.6386829111545 40.57044802389159, -74.65276479375051 40.570018479806))","((-74.65279218252554, 40.5709163733532), (-74.63824765874352, 40.57091066499533))"
1501,SOMERVILLE,"POLYGON ((-74.57936680916073 40.56011519293594, -74.5794698038966 40.55922389490983, -74.58832169268005 40.56109842684397, -74.58784391105959 40.56151700250513, -74.57936680916073 40.56011519293594))","((-74.5794698038966, 40.55922389490983), (-74.58832169268005, 40.56109842684397))"
1502,ST CLOUD,"POLYGON ((-94.16526077371195 45.56259376021249, -94.16530680685173 45.56169755173566, -94.18561212405628 45.5626880275621, -94.17228380594 45.56309063176321, -94.16526077371195 45.56259376021249))","((-94.16526077371195, 45.562593760212486), (-94.18561212405628, 45.5626880275621))"
1503,ALBUQUERQUE-ABAJO,"POLYGON ((-106.6545188795375 35.04254072836532, -106.655334679733 35.04349480383943, -106.6478783725124 35.08053455313836, -106.6480530623484 35.07645591548819, -106.6545188795375 35.04254072836532))","((-106.65451887953753, 35.042540728365324), (-106.64787837251238, 35.080534553138364))"
1504,CHADRON,"POLYGON ((-102.9855390675867 42.83144823059443, -102.9915807803249 42.8309707292179, -103.0093248563239 42.83458077105806, -103.0031362123997 42.83507859891623, -102.9855390675867 42.83144823059443))","((-102.98553906758667, 42.83144823059443), (-103.00932485632389, 42.83458077105806))"
1505,GOULDSBORO,"POLYGON ((-90.05443189047985 29.92776828105809, -90.05541130527843 29.9293326077676, -90.05314202819042 29.93952689391573, -90.05253479270712 29.93528721361216, -90.05443189047985 29.92776828105809))","((-90.05443189047985, 29.92776828105809), (-90.05314202819042, 29.939526893915733))"
1506,CLAIBORNE,"POLYGON ((-90.02687847581285 29.96899796085613, -90.02775174088333 29.9691299784116, -90.02684553191952 29.97630616645048, -90.02513798591328 29.97430672424526, -90.02687847581285 29.96899796085613))","((-90.02687847581285, 29.96899796085613), (-90.02684553191952, 29.97630616645048))"
1507,COTTON WAREHOUSE,"POLYGON ((-90.12392969208189 29.91495758246867, -90.13337788908721 29.92118236351338, -90.08711345400215 29.91790303941844, -90.10534377028 29.91530147475546, -90.12392969208189 29.91495758246867))","((-90.13337788908721, 29.921182363513378), (-90.08711345400215, 29.91790303941844))"
1508,FRANCE,"POLYGON ((-90.02632785740363 29.98716358804238, -90.02870935371475 29.99459561236155, -90.02835337981034 30.00334033132357, -90.02786371448722 30.00294417625638, -90.02632785740363 29.98716358804238))","((-90.02632785740363, 29.987163588042378), (-90.02835337981034, 30.003340331323567))"
1509,GENTILLY,"POLYGON ((-90.02497389260108 30.0043013181792, -90.02534733171622 30.00516629977975, -90.02342963913124 30.00508638362295, -90.02363075127899 30.00447992610884, -90.02497389260108 30.0043013181792))","((-90.02534733171622, 30.005166299779745), (-90.02342963913124, 30.005086383622945))"
1510,GULF GATEWAY TERMINAL,"POLYGON ((-90.00033837335913 30.00082623258191, -90.00273947065355 30.00150979751873, -89.99474243145879 30.00216827246574, -89.99508043581567 30.00163686176485, -90.00033837335913 30.00082623258191))","((-90.00273947065355, 30.001509797518732), (-89.99474243145879, 30.002168272465738))"
1511,NAPOLEON AVE ICTF,"POLYGON ((-90.10756893539531 29.91150660345635, -90.13341914154952 29.92110361427603, -90.0710983567437 29.92309059876716, -90.0964826540832 29.91357292716786, -90.10756893539531 29.91150660345635))","((-90.13341914154952, 29.92110361427603), (-90.0710983567437, 29.923090598767157))"
1512,NOPB SOUTH YARD,"POLYGON ((-90.00703447357741 29.99916729165674, -90.00714335946655 30.00005800834341, -89.9988367318099 30.00089705548034, -90.00313165002481 29.99946675036134, -90.00703447357741 29.99916729165674))","((-90.0070344735774, 29.999167291656736), (-89.9988367318099, 30.00089705548034))"
1513,PAULINE STREET,"POLYGON ((-90.03148802269413 29.95877891662054, -90.04069307385421 29.96063751884917, -90.04103041383453 29.96117537378093, -90.03161446246322 29.95963371707717, -90.03148802269413 29.95877891662054))","((-90.03148802269413, 29.95877891662054), (-90.04103041383453, 29.961175373780932))"
1514,NEW ORLEANS UNION STATION,"POLYGON ((-90.08461529082801 29.9501761925903, -90.0893841615206 29.95085482909264, -90.0960687709224 29.95548420005768, -90.09310574220726 29.95811798472533, -90.08461529082801 29.9501761925903))","((-90.08461529082801, 29.950176192590302), (-90.0960687709224, 29.95548420005768))"
1515,BERKLEY,"POLYGON ((-76.28447565495166 36.81404120557576, -76.28165958787631 36.82294352051107, -76.278454387171 36.82391961411751, -76.2819387299275 36.81676173505893, -76.28447565495166 36.81404120557576))","((-76.28447565495166, 36.81404120557576), (-76.278454387171, 36.82391961411751))"
1516,55TH ST,"POLYGON ((-87.63951670578224 41.78568644326987, -87.64017687354632 41.80405286551314, -87.63594816876611 41.81787812086714, -87.63407094640417 41.79961430640013, -87.63951670578224 41.78568644326987))","((-87.63951670578224, 41.78568644326987), (-87.6359481687661, 41.81787812086714))"
1517,5TH AVENUE,"POLYGON ((-76.55545064878577 39.26787447990971, -76.55686692500481 39.26867972722545, -76.55863468945688 39.273954720524, -76.55618352470225 39.2723818379926, -76.55545064878577 39.26787447990971))","((-76.55545064878577, 39.26787447990971), (-76.55863468945688, 39.273954720524))"
1518,97TH ST,"POLYGON ((-87.59524391354232 41.70822063405488, -87.59597012682316 41.70871752981328, -87.59211307586746 41.7167654697401, -87.59296804621056 41.71067002790255, -87.59524391354232 41.70822063405488))","((-87.59524391354232, 41.70822063405488), (-87.59211307586746, 41.716765469740096))"
1519,A O SMITH,"POLYGON ((-90.15233561939436 38.70700000747184, -90.15304203807288 38.70754994988718, -90.14483720582183 38.71930137581185, -90.14589485425461 38.71612689520103, -90.15233561939436 38.70700000747184))","((-90.15233561939436, 38.70700000747184), (-90.14483720582183, 38.71930137581185))"
1520,ABRAMS,"POLYGON ((-75.38626705527908 40.11397142994105, -75.39282987246459 40.11533085025214, -75.37733283482501 40.11491804477951, -75.37771104380768 40.11441120302471, -75.38626705527908 40.11397142994105))","((-75.39282987246459, 40.115330850252136), (-75.37733283482501, 40.114918044779515))"
1521,ABRAMS YARD,"POLYGON ((-75.34685089243251 40.10710625771723, -75.3470460963471 40.10623994460099, -75.40666122423812 40.11087861325025, -75.38096409820821 40.11561718483929, -75.34685089243251 40.10710625771723))","((-75.34685089243251, 40.10710625771723), (-75.40666122423812, 40.11087861325025))"
1522,ALBANY,"POLYGON ((-84.14915476658967 31.58636784969209, -84.15002812401016 31.58628005347018, -84.15406774157775 31.60014765044453, -84.14947308104151 31.59028474192937, -84.14915476658967 31.58636784969209))","((-84.14915476658967, 31.58636784969209), (-84.15406774157775, 31.600147650444534))"
1523,ALBANY (NS),"POLYGON ((-84.14926423008991 31.58399995488718, -84.15014708325006 31.58388923468091, -84.1540480058744 31.60015360642754, -84.14958554678364 31.59030475862623, -84.14926423008991 31.58399995488718))","((-84.14926423008991, 31.583999954887183), (-84.1540480058744, 31.600153606427543))"
1524,ALTOONA,"POLYGON ((-78.39371573528467 40.51912463411871, -78.3762254703129 40.54214601044517, -78.3698269886488 40.54665940849136, -78.37653293527895 40.5347626821755, -78.39371573528467 40.51912463411871))","((-78.39371573528467, 40.51912463411871), (-78.3698269886488, 40.54665940849136))"
1525,AMERICUS,"POLYGON ((-84.24031608399027 32.07307774129026, -84.24087460597121 32.07376974207322, -84.2353952951771 32.07797945220001, -84.23707592694313 32.07561787593428, -84.24031608399027 32.07307774129026))","((-84.24031608399027, 32.07307774129026), (-84.2353952951771, 32.07797945220001))"
1526,ANDOVER,"POLYGON ((-82.78758144509767 36.9146713213485, -82.78832894555933 36.91420032118329, -82.79665272012676 36.92394090017631, -82.78904114516862 36.91763380324578, -82.78758144509767 36.9146713213485))","((-82.78758144509767, 36.9146713213485), (-82.79665272012676, 36.92394090017631))"
1527,ANDOVOER,"POLYGON ((-82.7876335193573 36.9147663253157, -82.78832439977636 36.91419545552426, -82.79665623769658 36.92393763676228, -82.79003452488384 36.91785389548253, -82.7876335193573 36.9147663253157))","((-82.7876335193573, 36.914766325315696), (-82.79665623769658, 36.92393763676228))"
1528,ANDREWS,"POLYGON ((-80.98078227275488 33.96203783922129, -80.98123550828335 33.96126357979151, -81.01433082946558 33.97895559775299, -81.01153654614512 33.97827914931725, -80.98078227275488 33.96203783922129))","((-80.98078227275488, 33.96203783922129), (-81.01433082946558, 33.97895559775299))"
1529,ANDREWS-COLUMBIA,"POLYGON ((-80.98080195268849 33.9620500248584, -80.99020424930896 33.96444172419218, -81.03431709229129 33.98906627794761, -81.03084948152204 33.98950434188954, -80.98080195268849 33.9620500248584))","((-80.9808019526885, 33.9620500248584), (-81.03431709229129, 33.98906627794761))"
1530,ASHEVILLE,"POLYGON ((-82.55620986785465 35.56379882050769, -82.56132747185116 35.56464800524795, -82.56662038065024 35.58587692249345, -82.54415439693547 35.56810797303095, -82.55620986785465 35.56379882050769))","((-82.56662038065024, 35.585876922493455), (-82.54415439693547, 35.568107973030955))"
1531,ASHLAND AVE,"POLYGON ((-87.67116700291496 41.81867872111814, -87.676259114828 41.81893985640892, -87.68271544383055 41.82111654502152, -87.66166173401236 41.82098298947934, -87.67116700291496 41.81867872111814))","((-87.68271544383055, 41.821116545021525), (-87.66166173401236, 41.82098298947934))"
1532,ASHTABULA HARBOR,"POLYGON ((-80.79750682075242 41.8914265119045, -80.79808697765236 41.89200599700592, -80.79409817417341 41.90130826370376, -80.79039471517385 41.89666348003908, -80.79750682075242 41.8914265119045))","((-80.79750682075242, 41.8914265119045), (-80.79409817417341, 41.90130826370376))"
1533,AUGUSTA (NS),"POLYGON ((-81.97951397429516 33.45143302598131, -81.97701664803988 33.45647347437176, -81.96851499034393 33.46164247102786, -81.96855130197876 33.46100118708501, -81.97951397429516 33.45143302598131))","((-81.97951397429516, 33.45143302598131), (-81.96851499034393, 33.46164247102786))"
1534,AUVILLE,"POLYGON ((-81.80361865352239 37.43983619030158, -81.81749150652638 37.45772179369929, -81.81769736386227 37.46087493296107, -81.80204267773503 37.44981848622501, -81.80361865352239 37.43983619030158))","((-81.80361865352239, 37.43983619030158), (-81.81769736386227, 37.46087493296107))"
1535,BAKER,"POLYGON ((-77.0533670222527 42.16003968117915, -77.05425182506401 42.16012089125596, -77.05345581665696 42.16215771162599, -77.05297349986708 42.1617360773072, -77.0533670222527 42.16003968117915))","((-77.05425182506401, 42.160120891255964), (-77.05345581665696, 42.162157711625994))"
1536,BAKER STREET,"POLYGON ((-77.05338024800761 42.16031777753531, -77.05201795798587 42.16468341814153, -77.0320230910729 42.18027641509585, -77.03289274228285 42.1787472012435, -77.05338024800761 42.16031777753531))","((-77.05338024800761, 42.16031777753531), (-77.0320230910729, 42.18027641509585))"
1537,BANNON,"POLYGON ((-82.94607731291309 39.92125596148473, -82.94696347668314 39.9213940875133, -82.94531033598523 39.93374692429452, -82.94479632268805 39.93229250632004, -82.94607731291309 39.92125596148473))","((-82.94607731291309, 39.921255961484725), (-82.94531033598523, 39.933746924294525))"
1538,BAYVIEW (NS),"POLYGON ((-76.5296857241659 39.29785602317397, -76.52983899682249 39.29915639741284, -76.50787813636938 39.30542560439725, -76.52367399146023 39.2990490656091, -76.5296857241659 39.29785602317397))","((-76.5296857241659, 39.29785602317397), (-76.50787813636938, 39.30542560439725))"
1539,BAYVIEW (NS),"POLYGON ((-76.54230072946336 39.29592536306065, -76.54839330472925 39.29756915224565, -76.52926974055423 39.29882822746995, -76.52961448390614 39.29786345223376, -76.54230072946336 39.29592536306065))","((-76.54839330472925, 39.29756915224565), (-76.52926974055423, 39.29882822746995))"
1540,BAYVIEW INTERMODAL,"POLYGON ((-76.558252718186 39.28892080247374, -76.55634324890811 39.29484418003264, -76.55178492578567 39.29715310310215, -76.551733732204 39.29651732301894, -76.558252718186 39.28892080247374))","((-76.558252718186, 39.28892080247374), (-76.55178492578567, 39.29715310310215))"
1541,BEAR CAR SHOP,"POLYGON ((-75.69439981433128 39.60134444324495, -75.70709775043099 39.60915141264807, -75.70723553987199 39.60977874687342, -75.69011615295729 39.60269604861504, -75.69439981433128 39.60134444324495))","((-75.70723553987199, 39.60977874687342), (-75.69011615295729, 39.60269604861504))"
1542,BELEWS CREEK PLANT,"POLYGON ((-80.07206116738325 36.27654390005801, -80.07235045235534 36.27738152436521, -80.06225149866802 36.28236028797786, -80.06574499535751 36.27857418755267, -80.07206116738325 36.27654390005801))","((-80.07206116738325, 36.27654390005801), (-80.06225149866802, 36.28236028797786))"
1543,BELLEVUE,"POLYGON ((-82.79479044377878 41.28851878322367, -82.80402951111819 41.28915795170047, -82.73764231507192 41.3033535716772, -82.7379668458755 41.30281657782838, -82.79479044377878 41.28851878322367))","((-82.80402951111819, 41.289157951700474), (-82.73764231507192, 41.3033535716772))"
1544,BELLEVUE,"POLYGON ((-82.83482164978065 41.27246666911311, -82.83062251962465 41.28042815762475, -82.79526888795091 41.28914351110456, -82.79551603340725 41.28856184796341, -82.83482164978065 41.27246666911311))","((-82.83482164978065, 41.27246666911311), (-82.79526888795091, 41.28914351110456))"
1545,BENSON,"POLYGON ((-82.96348617749489 40.81377686719539, -82.96418497275144 40.81433505040427, -82.95837345021559 40.82239592973885, -82.95852776151069 40.82116415029128, -82.96348617749489 40.81377686719539))","((-82.96348617749489, 40.813776867195386), (-82.95837345021559, 40.822395929738846))"
1546,BERKELEY,"POLYGON ((-90.33923865199438 38.75700489134216, -90.34981303629317 38.75831962821599, -90.35042567342796 38.76555010016187, -90.34978882511888 38.76561996881306, -90.33923865199438 38.75700489134216))","((-90.33923865199438, 38.75700489134216), (-90.35042567342796, 38.765550100161875))"
1547,BERRY,"POLYGON ((-84.48452447251682 39.17333594890776, -84.48621769964679 39.17468869322929, -84.48501121125541 39.18059884571359, -84.48411663008969 39.1791997798993, -84.48452447251682 39.17333594890776))","((-84.48452447251682, 39.17333594890776), (-84.48501121125541, 39.18059884571359))"
1548,BETHLEHEM INTERMODAL YARD,"POLYGON ((-75.33424981344172 40.6017983475437, -75.33678871562518 40.6115880843516, -75.31233433073388 40.60427931414118, -75.31575972035792 40.60297872085609, -75.33424981344172 40.6017983475437))","((-75.33678871562518, 40.611588084351595), (-75.31233433073388, 40.60427931414118))"
1549,BEVIER STREET,"POLYGON ((-75.89502947716647 42.10631352841044, -75.89585219247407 42.10665782224602, -75.89147192111943 42.12048319333166, -75.89088983510071 42.11633266498093, -75.89502947716647 42.10631352841044))","((-75.89502947716647, 42.10631352841044), (-75.89147192111943, 42.12048319333166))"
1550,BINGHAMTON,"POLYGON ((-75.89824939629396 42.10363007834025, -75.91927116811127 42.10367509015305, -75.91971725033268 42.10412223674034, -75.89416452580315 42.10981918372712, -75.89824939629396 42.10363007834025))","((-75.91971725033268, 42.104122236740345), (-75.89416452580315, 42.10981918372712))"
1551,BIRMINGHAM REG INTERMODAL,"POLYGON ((-87.0529079685773 33.28906170084097, -87.05156965989357 33.29277735986592, -87.04026007330859 33.30327577947114, -87.04106219513943 33.30005329388092, -87.0529079685773 33.28906170084097))","((-87.0529079685773, 33.28906170084097), (-87.04026007330859, 33.30327577947114))"
1552,BISON,"POLYGON ((-78.79971362681458 42.88450150376805, -78.78871330573794 42.89220712460882, -78.75394694863333 42.89826919175852, -78.75799849977888 42.89546929978025, -78.79971362681458 42.88450150376805))","((-78.79971362681458, 42.88450150376805), (-78.75394694863333, 42.89826919175852))"
1553,BLAIR,"POLYGON ((-83.40447539565653 41.15453277881965, -83.40473840996134 41.15539019706672, -83.39013531769595 41.16002755295037, -83.39574001846235 41.15722240323451, -83.40447539565653 41.15453277881965))","((-83.40447539565653, 41.15453277881965), (-83.39013531769595, 41.160027552950375))"
1554,BLUEFIELD,"POLYGON ((-81.25810149790348 37.25701422055917, -81.21303849005426 37.2748962230296, -81.17702204674069 37.28239636175635, -81.17952878761108 37.28087276959548, -81.25810149790348 37.25701422055917))","((-81.25810149790348, 37.25701422055917), (-81.17702204674069, 37.282396361756355))"
1555,BMW CLASSIFICATION,"POLYGON ((-82.18737475460298 34.90247608610007, -82.18819313991976 34.90503173987259, -82.18707566527134 34.91138934032179, -82.18654186994657 34.9091689898978, -82.18737475460298 34.90247608610007))","((-82.18737475460298, 34.90247608610007), (-82.18707566527134, 34.91138934032179))"
1556,BOAT,"POLYGON ((-83.0760786425374 42.31490711538263, -83.07415855129098 42.31712083630332, -83.06814393689899 42.31859370086752, -83.06927805230967 42.31749719710446, -83.0760786425374 42.31490711538263))","((-83.0760786425374, 42.31490711538263), (-83.06814393689899, 42.318593700867524))"
1557,BOTSFORD,"POLYGON ((-85.55580968709137 42.29063978934938, -85.56595217738226 42.29311450983121, -85.56804563125631 42.29561956454879, -85.56452873459499 42.29490029524069, -85.55580968709137 42.29063978934938))","((-85.55580968709137, 42.29063978934938), (-85.56804563125631, 42.29561956454879))"
1558,BOUND BROOK,"POLYGON ((-74.53842785333801 40.56003019614692, -74.54002322409775 40.56072167194172, -74.5307643861639 40.5608520987605, -74.53117758813042 40.56037143120204, -74.53842785333801 40.56003019614692))","((-74.54002322409775, 40.56072167194172), (-74.5307643861639, 40.5608520987605))"
1559,BRISTOL,"POLYGON ((-82.17904793690661 36.59570561121306, -82.1678075343152 36.61506992696667, -82.15830197192885 36.62277267417788, -82.15822491303791 36.62214467450593, -82.17904793690661 36.59570561121306))","((-82.17904793690661, 36.59570561121306), (-82.15830197192885, 36.62277267417788))"
1560,BROADWAY,"POLYGON ((-77.39131965231975 37.23603562562318, -77.38136602710559 37.23960390754665, -77.37358294877897 37.23905906092424, -77.37879115536279 37.23735679022838, -77.39131965231975 37.23603562562318))","((-77.39131965231975, 37.23603562562318), (-77.37358294877897, 37.23905906092424))"
1561,BROOKLYN,"POLYGON ((-90.16499673913606 38.64584864691158, -90.16582064742845 38.64549444198726, -90.17137912925017 38.65792475048871, -90.16798821672126 38.65298266757065, -90.16499673913606 38.64584864691158))","((-90.16499673913606, 38.64584864691158), (-90.17137912925017, 38.65792475048871))"
1562,BROSNAN,"POLYGON ((-83.63612555913245 32.77024216234469, -83.63670341645435 32.77401463285051, -83.62457255141994 32.82191106644994, -83.62299617867714 32.80556364032515, -83.63612555913245 32.77024216234469))","((-83.63612555913245, 32.77024216234469), (-83.62457255141994, 32.82191106644994))"
1563,BRUNSWICK,"POLYGON ((-81.50204567625012 31.19112727639257, -81.50406793677064 31.1927350744955, -81.50637595489721 31.20148346799278, -81.5053388282074 31.20033851611208, -81.50204567625012 31.19112727639257))","((-81.50204567625012, 31.191127276392574), (-81.50637595489721, 31.20148346799278))"
1564,BRUNSWICK (NS),"POLYGON ((-81.50320011507347 31.1941470721566, -81.50402632498493 31.1937972189364, -81.50641015659259 31.20146867818024, -81.50581042407497 31.201259387973, -81.50320011507347 31.1941470721566))","((-81.50402632498493, 31.1937972189364), (-81.5064101565926, 31.201468678180238))"
1565,BUCKEYE,"POLYGON ((-83.13870979881692 39.96225964710077, -83.13035897933496 40.01553872225548, -83.12743092776097 40.01611391148136, -83.12447177434413 39.96340836095718, -83.13870979881692 39.96225964710077))","((-83.13870979881692, 39.962259647100765), (-83.12743092776097, 40.01611391148136))"
1566,BUFFALO CREEK (NS),"POLYGON ((-78.84178650641115 42.84263041870813, -78.84930411780034 42.85509612393842, -78.84951542057438 42.85918565718739, -78.84892672053125 42.85895294230403, -78.84178650641115 42.84263041870813))","((-78.84178650641115, 42.842630418708126), (-78.84951542057438, 42.85918565718739))"
1567,BUFFALO JUNCTION,"POLYGON ((-78.84741690423051 42.86084591470119, -78.84311618640913 42.87063632125763, -78.8391847459387 42.87394345825043, -78.83906017717962 42.87331936586789, -78.84741690423051 42.86084591470119))","((-78.84741690423051, 42.86084591470119), (-78.8391847459387, 42.87394345825043))"
1568,BUFFALO S K,"POLYGON ((-78.83471991576248 42.87585666944811, -78.822317394226 42.88249938138084, -78.79888753014993 42.88521109191219, -78.81568848428414 42.88004878486803, -78.83471991576248 42.87585666944811))","((-78.83471991576248, 42.87585666944811), (-78.79888753014993, 42.88521109191219))"
1569,BURNHAM (NS),"POLYGON ((-87.5267627097374 41.6331290068596, -87.52785287945323 41.63267099090256, -87.53950968501684 41.64244858185236, -87.53888250376801 41.64252455978809, -87.5267627097374 41.6331290068596))","((-87.5267627097374, 41.6331290068596), (-87.53950968501684, 41.642448581852356))"
1570,BURNS HARBOR,"POLYGON ((-87.16556879555382 41.61948683219536, -87.15240225503669 41.62169640706858, -87.12793713142315 41.62095147896657, -87.12837360991134 41.62049559529762, -87.16556879555382 41.61948683219536))","((-87.16556879555382, 41.61948683219536), (-87.12793713142315, 41.620951478966575))"
1571,BURNSIDE TERMINAL,"POLYGON ((-84.59131428347517 36.98852495299997, -84.59565837661977 36.98926187025054, -84.60113533496616 36.99310801158727, -84.60051783193943 36.99333457189864, -84.59131428347517 36.98852495299997))","((-84.59131428347517, 36.988524952999974), (-84.60113533496616, 36.99310801158727))"
1572,CALHOUN,"POLYGON ((-84.75024372245409 35.29283385914665, -84.75106610896526 35.29319526794844, -84.74584902351577 35.30416634448746, -84.74603948502065 35.3023759000999, -84.75024372245409 35.29283385914665))","((-84.75024372245409, 35.292833859146654), (-84.74584902351577, 35.304166344487456))"
1573,CALUMET,"POLYGON ((-87.56397825191836 41.69515202265088, -87.57003832392967 41.6969121243209, -87.58682509893754 41.72253808428979, -87.56546845670476 41.69974363693532, -87.56397825191836 41.69515202265088))","((-87.56397825191836, 41.69515202265088), (-87.58682509893754, 41.722538084289795))"
1574,CAMPBELL,"POLYGON ((-81.68326930078882 41.45436148000657, -81.6830713864979 41.45766512003527, -81.67727744957541 41.46465745574758, -81.67900466287048 41.45828421624019, -81.68326930078882 41.45436148000657))","((-81.68326930078882, 41.45436148000657), (-81.67727744957541, 41.46465745574758))"
1575,CANTON,"POLYGON ((-76.56508896186413 39.2652033959202, -76.56715208571349 39.26621198651181, -76.56015212468679 39.27210053262563, -76.56016633574903 39.26884076924667, -76.56508896186413 39.2652033959202))","((-76.56715208571349, 39.266211986511806), (-76.5601521246868, 39.27210053262563))"
1576,CANTON,"POLYGON ((-81.32905361874047 40.8118560898576, -81.31440806004215 40.82145363552159, -81.29540561208373 40.82551127400047, -81.29566130645527 40.8249324717909, -81.32905361874047 40.8118560898576))","((-81.32905361874047, 40.8118560898576), (-81.29540561208373, 40.82551127400047))"
1577,CARGILL,"POLYGON ((-83.6600525579931 41.56990576781698, -83.66175454865142 41.56952201518156, -83.66697752762838 41.57855923322284, -83.66521488504783 41.57742743434399, -83.6600525579931 41.56990576781698))","((-83.6600525579931, 41.569905767816984), (-83.66697752762838, 41.57855923322284))"
1578,CAROLINE,"POLYGON ((-76.25553273637728 36.80116307404511, -76.25957818105579 36.80798104837937, -76.26010583279928 36.81469667273145, -76.25926337912627 36.81367118397884, -76.25553273637728 36.80116307404511))","((-76.25553273637728, 36.801163074045114), (-76.26010583279928, 36.81469667273145))"
1579,CHALMETTE,"POLYGON ((-89.99104480782871 29.94735960053835, -89.99359050822586 29.94802714748319, -89.99895089485545 29.95650756294097, -89.99831372773411 29.95645215293468, -89.99104480782871 29.94735960053835))","((-89.99104480782871, 29.947359600538352), (-89.99895089485545, 29.95650756294097))"
1580,CHAPMAN YARD,"POLYGON ((-75.59556658195918 40.59085937847097, -75.59514842303125 40.59235960854314, -75.59086668157855 40.59447120096356, -75.59094182524944 40.59384295185251, -75.59556658195918 40.59085937847097))","((-75.59556658195918, 40.590859378470974), (-75.59086668157855, 40.59447120096356))"
1581,CHARLOTTE,"POLYGON ((-80.82553948499896 35.23561215759369, -80.84059305160841 35.23741674444113, -80.81199013324786 35.24723898117905, -80.81592075790526 35.24293427818249, -80.82553948499896 35.23561215759369))","((-80.84059305160841, 35.237416744441134), (-80.81199013324786, 35.24723898117905))"
1582,CHARLOTTE REGIONAL INTERMODAL,"POLYGON ((-80.96073738399913 35.18870532379251, -80.9727463281034 35.2297595056009, -80.95457969883573 35.23393667306809, -80.94780086176925 35.22986166914158, -80.96073738399913 35.18870532379251))","((-80.96073738399913, 35.18870532379251), (-80.95457969883573, 35.233936673068094))"
1583,CHRYSLER,"POLYGON ((-75.77316350226722 39.66169963968694, -75.76687395755069 39.66583603519503, -75.75327804727307 39.67008412660694, -75.75946658223347 39.66581416033844, -75.77316350226722 39.66169963968694))","((-75.77316350226722, 39.661699639686944), (-75.75327804727307, 39.67008412660694))"
1584,CLARE,"POLYGON ((-84.38351263651498 39.13904932882632, -84.3836482318609 39.14012480870597, -84.37672912555313 39.14001464474084, -84.37709789832482 39.13950189521349, -84.38351263651498 39.13904932882632))","((-84.3836482318609, 39.14012480870597), (-84.37672912555313, 39.14001464474084))"
1585,CLARKSON,"POLYGON ((-78.91774933082938 36.96346889263491, -78.92083395075157 36.96414218561105, -78.90440910934832 36.97726605148684, -78.9102371458178 36.96728890697226, -78.91774933082938 36.96346889263491))","((-78.92083395075157, 36.96414218561105), (-78.90440910934832, 36.977266051486836))"
1586,CLEVELAND TERMINAL,"POLYGON ((-81.80103488228801 41.44596037449298, -81.80166003400029 41.44658346455871, -81.79690561442452 41.45165608625067, -81.79783567669217 41.44912879171763, -81.80103488228801 41.44596037449298))","((-81.80103488228801, 41.445960374492984), (-81.79690561442452, 41.45165608625067))"
1587,CLOVER YARD,"POLYGON ((-78.71127882742867 36.86579667041516, -78.71203470323756 36.86628179007675, -78.70362154974191 36.87909013119587, -78.70481813048201 36.87560715983314, -78.71127882742867 36.86579667041516))","((-78.71127882742867, 36.86579667041516), (-78.70362154974191, 36.87909013119587))"
1588,COAPMAN,"POLYGON ((-90.12960739494966 38.59621512919004, -90.13024590066983 38.59558924194588, -90.14118951073114 38.60535357667835, -90.13239837076176 38.59925980930947, -90.12960739494966 38.59621512919004))","((-90.12960739494966, 38.59621512919004), (-90.14118951073114, 38.60535357667835))"
1589,COIL,"POLYGON ((-80.5949063396355 40.38804825113328, -80.58931815200783 40.39837662042991, -80.586271273316 40.39902683424682, -80.58955222846807 40.39270663163045, -80.5949063396355 40.38804825113328))","((-80.5949063396355, 40.388048251133284), (-80.586271273316, 40.39902683424682))"
1590,COIL,"POLYGON ((-80.58848773806211 40.39807841266253, -80.58889109690105 40.39878414107221, -80.58580366428845 40.4017738222007, -80.58620280435692 40.39841961059047, -80.58848773806211 40.39807841266253))","((-80.58848773806211, 40.39807841266253), (-80.58580366428845, 40.401773822200695))"
1591,COLEHOUR,"POLYGON ((-87.50724351763574 41.69174970027235, -87.51616721333072 41.69581801009182, -87.52518378871007 41.70475562309537, -87.51916770729773 41.70170390165121, -87.50724351763574 41.69174970027235))","((-87.50724351763574, 41.69174970027235), (-87.52518378871007, 41.704755623095366))"
1592,COLUMBUS,"POLYGON ((-84.97989768470359 32.46403304772749, -84.98431202289188 32.46766276497032, -84.9837847158972 32.47478983360728, -84.98010112492474 32.46967589519537, -84.97989768470359 32.46403304772749))","((-84.97989768470359, 32.46403304772749), (-84.9837847158972, 32.474789833607275))"
1593,COMMERCE AUTO,"POLYGON ((-83.43152859001363 34.16637003426947, -83.43238649847396 34.16641417558881, -83.4331689337545 34.1724984536427, -83.4309763839053 34.16940464858719, -83.43152859001363 34.16637003426947))","((-83.43152859001363, 34.16637003426947), (-83.4331689337545, 34.1724984536427))"
1594,CONEMAUGH,"POLYGON ((-78.91436931594693 40.32822084180032, -78.91808380218403 40.32893703718634, -78.89173450337348 40.34081684487106, -78.90958460058881 40.32955035251061, -78.91436931594693 40.32822084180032))","((-78.91808380218403, 40.328937037186336), (-78.89173450337348, 40.34081684487106))"
1595,CONNEAUT,"POLYGON ((-80.58586775718652 41.94213090241063, -80.57043362781549 41.94619858494639, -80.56168780048675 41.94581204867412, -80.56737457691807 41.94427601498693, -80.58586775718652 41.94213090241063))","((-80.58586775718652, 41.94213090241063), (-80.56168780048675, 41.94581204867412))"
1596,CONWAY,"POLYGON ((-80.23174720265533 40.63985280764735, -80.24850025694643 40.66422065013732, -80.26227191510252 40.69288947127249, -80.24960926011464 40.67996749979257, -80.23174720265533 40.63985280764735))","((-80.23174720265533, 40.63985280764735), (-80.26227191510252, 40.692889471272494))"
1597,CONWAY RIVER TERMINAL,"POLYGON ((-80.23221178393274 40.64069087651732, -80.23302512720184 40.6403179207126, -80.24250870097283 40.65784925996926, -80.23871828627396 40.65371802336431, -80.23221178393274 40.64069087651732))","((-80.23221178393274, 40.64069087651732), (-80.24250870097283, 40.65784925996926))"
1598,CONWAY YARD,"POLYGON ((-80.23213607009457 40.64095294299236, -80.25065908832751 40.67017005848576, -80.25228266405412 40.67551033171556, -80.23827951650094 40.65378616870338, -80.23213607009457 40.64095294299236))","((-80.23213607009457, 40.64095294299236), (-80.25228266405412, 40.67551033171556))"
1599,CORINTH,"POLYGON ((-88.50789525248695 34.93079575383411, -88.50811809994939 34.92992553411166, -88.52194282716748 34.93397368342454, -88.52139614526392 34.93429617844772, -88.50789525248695 34.93079575383411))","((-88.50811809994939, 34.92992553411166), (-88.52194282716748, 34.93397368342454))"
1600,COSTER,"POLYGON ((-83.93873053800107 35.98429288265117, -83.94281054018758 35.98649273788289, -83.9501228637327 35.99394612037212, -83.94948224122894 35.99399490595607, -83.93873053800107 35.98429288265117))","((-83.93873053800107, 35.98429288265117), (-83.9501228637327, 35.993946120372115))"
1601,COSTER BULK TRANSFER,"POLYGON ((-83.94567318639409 35.98784266922159, -83.94826294112363 35.98971764634725, -83.94888489893539 35.99272321873789, -83.9453298340493 35.98861200345451, -83.94567318639409 35.98784266922159))","((-83.94567318639409, 35.987842669221585), (-83.94888489893539, 35.992723218737886))"
1602,CRAVENS,"POLYGON ((-85.33205032657716 35.01743879320985, -85.33291988830855 35.01823472999041, -85.32288244786348 35.02389948308493, -85.32992657257576 35.01789995628398, -85.33205032657716 35.01743879320985))","((-85.33291988830855, 35.01823472999041), (-85.32288244786348, 35.02389948308493))"
1603,CRESTLINE TRIPLE CROWN,"POLYGON ((-82.77164345989226 40.78312485657112, -82.78910527584056 40.78251541657524, -82.79572114841234 40.78365437176098, -82.79525531526681 40.78408953811265, -82.77164345989226 40.78312485657112))","((-82.77164345989226, 40.78312485657112), (-82.79572114841234, 40.78365437176098))"
1604,CREWE,"POLYGON ((-78.123306650461 37.17118046397384, -78.12685505195086 37.17231629296514, -78.15084165021369 37.18866412960363, -78.13776541642569 37.18435663973826, -78.123306650461 37.17118046397384))","((-78.123306650461, 37.17118046397384), (-78.15084165021369, 37.18866412960363))"
1605,CROXTON,"POLYGON ((-74.06422537483209 40.74614616744856, -74.06508333244946 40.74610310087596, -74.07172771747467 40.76581929688797, -74.06615328103683 40.7581455504826, -74.06422537483209 40.74614616744856))","((-74.06422537483209, 40.74614616744856), (-74.07172771747467, 40.76581929688797))"
1606,CTI TRANSFER,"POLYGON ((-82.57479651693022 38.40301084057843, -82.5751561594727 38.4021949622672, -82.58499566745735 38.40563725985733, -82.58112055336527 38.40578353759979, -82.57479651693022 38.40301084057843))","((-82.57479651693022, 38.40301084057843), (-82.58499566745735, 38.40563725985733))"
1607,DAISEY,"POLYGON ((-80.18171503732071 36.15917568951659, -80.18594300718492 36.16024891665485, -80.16592499096357 36.17286787106165, -80.17836144960943 36.16013643541037, -80.18171503732071 36.15917568951659))","((-80.18594300718492, 36.16024891665485), (-80.16592499096357, 36.17286787106165))"
1608,DAISEY AUTO LOT,"POLYGON ((-80.17649407120237 36.16342651342769, -80.17441054537565 36.16838585706387, -80.16846665660512 36.16456207203319, -80.16905407066724 36.16364434707896, -80.17649407120237 36.16342651342769))","((-80.17649407120237, 36.16342651342769), (-80.16846665660512, 36.16456207203319))"
1609,DANVILLE,"POLYGON ((-84.78819502504457 37.620880852493, -84.78893464541298 37.62127816875422, -84.7853624443476 37.64514662402587, -84.78024581109108 37.63394761532405, -84.78819502504457 37.620880852493))","((-84.78819502504457, 37.620880852493), (-84.7853624443476, 37.64514662402587))"
1610,DAYTON,"POLYGON ((-84.17518434428602 39.76474426631269, -84.17278777326592 39.76689397469019, -84.15959208518575 39.7710069551928, -84.16705952985089 39.76722276316763, -84.17518434428602 39.76474426631269))","((-84.17518434428602, 39.76474426631269), (-84.15959208518575, 39.7710069551928))"
1611,DE BUTTS,"POLYGON ((-85.28811330233712 35.03982350139054, -85.26843817091668 35.06490163331985, -85.24355513067566 35.08397873090507, -85.26177078174102 35.06503710512807, -85.28811330233712 35.03982350139054))","((-85.28811330233712, 35.039823501390536), (-85.24355513067566, 35.08397873090507))"
1612,DEBUTTS,"POLYGON ((-85.28971859414602 35.03784442378618, -85.29031455920403 35.03851486377291, -85.24961045558126 35.07777218438519, -85.25865393174067 35.0680808676157, -85.28971859414602 35.03784442378618))","((-85.28971859414602, 35.037844423786176), (-85.24961045558126, 35.07777218438519))"
1613,DECATUR,"POLYGON ((-88.92770996523943 39.8505723380787, -88.92787377455568 39.85145330992056, -88.8870491070486 39.86159884426242, -88.90422867142583 39.85537711746328, -88.92770996523943 39.8505723380787))","((-88.92770996523943, 39.8505723380787), (-88.8870491070486, 39.861598844262424))"
1614,DECATUR (NS),"POLYGON ((-88.93605894395814 39.84853639172493, -88.91742807367783 39.87450831828548, -88.88705470221461 39.86161961701933, -88.90479408660019 39.85546146469216, -88.93605894395814 39.84853639172493))","((-88.93605894395814, 39.84853639172493), (-88.88705470221461, 39.86161961701933))"
1615,DETROIT,"POLYGON ((-83.5908317770363 41.63775841484049, -83.58303324834259 41.64182208352349, -83.56166803545391 41.63824703232581, -83.5621166097532 41.63778672476759, -83.5908317770363 41.63775841484049))","((-83.5908317770363, 41.63775841484049), (-83.5616680354539, 41.638247032325815))"
1616,DILLARD,"POLYGON ((-81.15523349573454 32.09116518535211, -81.16719332266948 32.09691822438936, -81.1763387988112 32.11319278071537, -81.17571145232374 32.11316328255101, -81.15523349573454 32.09116518535211))","((-81.15523349573454, 32.09116518535211), (-81.1763387988112, 32.11319278071537))"
1617,DISMAL,"POLYGON ((-82.04399575123227 37.233609625393, -82.04422419754191 37.23275302419614, -82.08145336434458 37.23687956325246, -82.06721847845269 37.23915804813407, -82.04399575123227 37.233609625393))","((-82.04399575123227, 37.233609625393), (-82.08145336434458, 37.23687956325246))"
1618,DORAVILLE,"POLYGON ((-84.28807056391929 33.89730113375518, -84.28670386814471 33.89979141723555, -84.27829031453099 33.90478326450296, -84.278375617488 33.90412706304767, -84.28807056391929 33.89730113375518))","((-84.28807056391929, 33.89730113375518), (-84.27829031453099, 33.90478326450296))"
1619,DRAGON,"POLYGON ((-89.26863078378818 31.36378089588761, -89.26951460235288 31.36385123605124, -89.27166721108354 31.39544859231306, -89.26651073948059 31.3787631413517, -89.26863078378818 31.36378089588761))","((-89.26863078378818, 31.363780895887615), (-89.27166721108354, 31.395448592313063))"
1620,DUNDALK AUTOLOAD,"POLYGON ((-76.52231198743878 39.24701595020323, -76.53005144700667 39.25229605117489, -76.53014156496502 39.25328126500366, -76.52070721083085 39.248001566482, -76.52231198743878 39.24701595020323))","((-76.53014156496502, 39.25328126500366), (-76.52070721083085, 39.248001566481996))"
1621,DUNDALK AUTOLOAD,"POLYGON ((-76.52933584424441 39.2526576402301, -76.53004982846902 39.25229486408046, -76.53173320651213 39.25437358216731, -76.52996483147382 39.25369348542936, -76.52933584424441 39.2526576402301))","((-76.52933584424441, 39.2526576402301), (-76.53173320651213, 39.25437358216731))"
1622,DUNDALK INTERMODAL,"POLYGON ((-76.52869138181673 39.24396662288208, -76.52969204739561 39.24752808556254, -76.52170039947953 39.24706706172417, -76.52317242003463 39.24578886959674, -76.52869138181673 39.24396662288208))","((-76.52969204739561, 39.24752808556254), (-76.52170039947953, 39.24706706172417))"
1623,DUNDALK INTERMODAL,"POLYGON ((-76.52905910164472 39.24692086210798, -76.53220885282312 39.24701059382426, -76.53256315053461 39.24770601508676, -76.52941365560513 39.24756521221054, -76.52905910164472 39.24692086210798))","((-76.52905910164472, 39.24692086210798), (-76.53256315053461, 39.247706015086756))"
1624,DUNDEE,"POLYGON ((-79.37549673494944 36.59179284203696, -79.37230409025668 36.59428499311759, -79.36474798703679 36.59440206403114, -79.36509849209234 36.59386297349726, -79.37549673494944 36.59179284203696))","((-79.37549673494944, 36.59179284203696), (-79.3647479870368, 36.59440206403114))"
1625,EANES,"POLYGON ((-81.1074541020222 32.08545094974175, -81.10832716118937 32.08531732825333, -81.10973346532678 32.09289814250138, -81.10819638793274 32.09161664842264, -81.1074541020222 32.08545094974175))","((-81.1074541020222, 32.08545094974175), (-81.10973346532678, 32.092898142501376))"
1626,EAST,"POLYGON ((-85.36192006037764 40.19497166124894, -85.36441867865275 40.19808378413317, -85.35191115138839 40.202517868553, -85.35201451265375 40.20188276304696, -85.36192006037764 40.19497166124894))","((-85.36441867865275, 40.198083784133175), (-85.35191115138839, 40.202517868553))"
1627,EAST,"POLYGON ((-86.86712985414427 40.43780517605872, -86.872593262018 40.44711760695329, -86.85633056981301 40.4478603731617, -86.85637125031427 40.44722500653872, -86.86712985414427 40.43780517605872))","((-86.872593262018, 40.44711760695329), (-86.85633056981301, 40.4478603731617))"
1628,EAST 55TH ST,"POLYGON ((-81.65433207019454 41.48055912726141, -81.66109638825486 41.48331757350191, -81.63340854611548 41.48612406373272, -81.63373200310235 41.4855834160282, -81.65433207019454 41.48055912726141))","((-81.66109638825486, 41.48331757350191), (-81.63340854611548, 41.486124063732724))"
1629,EAST BINGHAMTON,"POLYGON ((-75.83900417696998 42.09013111084557, -75.83946500646515 42.0893928522233, -75.87752767094506 42.10195518347854, -75.85001664297093 42.09767516799676, -75.83900417696998 42.09013111084557))","((-75.83900417696998, 42.09013111084557), (-75.87752767094506, 42.101955183478545))"
1630,EAST DURHAM,"POLYGON ((-78.85214433059463 35.95452521997291, -78.85290355345956 35.95412072367382, -78.87705645045531 35.97909393922368, -78.86097186271606 35.9691380551394, -78.85214433059463 35.95452521997291))","((-78.85214433059463, 35.95452521997291), (-78.87705645045531, 35.97909393922368))"
1631,EAST PENN YARD,"POLYGON ((-75.44636475609346 40.59951485541956, -75.43513122079067 40.60713776652493, -75.42857764324671 40.60929684704029, -75.43507676993636 40.60380761373405, -75.44636475609346 40.59951485541956))","((-75.44636475609346, 40.59951485541956), (-75.42857764324671, 40.60929684704029))"
1632,EAST WAYNE,"POLYGON ((-85.02903923330533 41.07312909201535, -85.05432138376 41.07303482242993, -85.0646523842381 41.07460736406338, -85.04526513473688 41.07457948042847, -85.02903923330533 41.07312909201535))","((-85.02903923330533, 41.07312909201535), (-85.0646523842381, 41.074607364063375))"
1633,ECO-ENERGY AUGUSTA,"POLYGON ((-81.98220659321576 33.38173618837587, -81.98479972942071 33.38292420098983, -81.98617268483227 33.38584100327768, -81.98526273771766 33.38596895942657, -81.98220659321576 33.38173618837587))","((-81.98220659321576, 33.381736188375875), (-81.98617268483227, 33.385841003277676))"
1634,EDGE MOOR,"POLYGON ((-75.52418498162865 39.73557366862578, -75.51991773564355 39.74365825416044, -75.51029756530004 39.75112315346414, -75.51027720690776 39.75049007991827, -75.52418498162865 39.73557366862578))","((-75.52418498162865, 39.735573668625776), (-75.51029756530004, 39.751123153464135))"
1635,EDGEMOOR,"POLYGON ((-75.52313742648525 39.73717946692111, -75.521627206974 39.7442883734617, -75.51029310344438 39.75111888752419, -75.51028270275445 39.75048428953191, -75.52313742648525 39.73717946692111))","((-75.52313742648525, 39.73717946692111), (-75.51029310344438, 39.751118887524186))"
1636,ELKHART,"POLYGON ((-86.03391908121043 41.66163883509786, -86.06151957015622 41.66381324234383, -85.96846325317821 41.68123409855131, -85.99248709605914 41.67080540124218, -86.03391908121043 41.66163883509786))","((-86.06151957015622, 41.663813242343835), (-85.96846325317821, 41.68123409855131))"
1637,ELKHART,"POLYGON ((-86.06208304652695 41.66319732794084, -86.06294527444612 41.66396957442304, -86.06068873818916 41.6640296200012, -86.06082769471374 41.66337561975339, -86.06208304652695 41.66319732794084))","((-86.06294527444612, 41.663969574423035), (-86.06068873818916, 41.6640296200012))"
1638,ELMIRA,"POLYGON ((-76.81199234536489 42.10169370567807, -76.81702637716944 42.1095524597312, -76.81429091103482 42.11161180856818, -76.81190779775072 42.10483560901412, -76.81199234536489 42.10169370567807))","((-76.81199234536489, 42.101693705678066), (-76.81429091103482, 42.111611808568185))"
1639,ELMORE,"POLYGON ((-81.40880883918705 37.55993587226177, -81.41864199941365 37.57034946456678, -81.38401459182862 37.57959031892426, -81.39214847458246 37.57207827985748, -81.40880883918705 37.55993587226177))","((-81.41864199941365, 37.57034946456678), (-81.38401459182862, 37.57959031892426))"
1640,ELYRIA,"POLYGON ((-82.09644471841374 41.36976789569317, -82.0696700723021 41.37639974730851, -82.02909582012559 41.3755945943686, -82.02950771531663 41.37510983363497, -82.09644471841374 41.36976789569317))","((-82.09644471841374, 41.36976789569317), (-82.02909582012559, 41.3755945943686))"
1641,EMORY GAP,"POLYGON ((-84.58382698004972 35.91275208361779, -84.58278538856595 35.91523214964711, -84.57552777467568 35.91797255101815, -84.57564205191319 35.91735142962983, -84.58382698004972 35.91275208361779))","((-84.58382698004972, 35.91275208361779), (-84.57552777467568, 35.917972551018146))"
1642,ENOLA,"POLYGON ((-76.91980973905642 40.27716445834446, -76.92989826730536 40.29306812309562, -76.91537845322814 40.32860723022169, -76.91257690104223 40.3243867311871, -76.91980973905642 40.27716445834446))","((-76.91980973905642, 40.27716445834446), (-76.91537845322814, 40.328607230221685))"
1643,ENOLA,"POLYGON ((-76.91575786131344 40.32757900167407, -76.91765521743125 40.32962376996201, -76.91752986222613 40.33026852860088, -76.915050591244 40.32841549633797, -76.91575786131344 40.32757900167407))","((-76.91575786131344, 40.32757900167407), (-76.91752986222613, 40.330268528600875))"
1644,ERAIL,"POLYGON ((-74.16888864594848 40.6544829589214, -74.18072727147825 40.6569285884011, -74.18269489395432 40.65980388169613, -74.17908000079473 40.66460197484052, -74.16888864594848 40.6544829589214))","((-74.16888864594848, 40.6544829589214), (-74.18269489395432, 40.659803881696135))"
1645,ETNA,"POLYGON ((-79.97523241764881 40.46945937885413, -79.95755509326317 40.48687973748194, -79.93845070062744 40.49293611069628, -79.93859428473122 40.49231770765842, -79.97523241764881 40.46945937885413))","((-79.97523241764881, 40.469459378854125), (-79.93845070062744, 40.49293611069628))"
1646,FAIRLANE,"POLYGON ((-82.26980527108194 41.41723511101998, -82.27172970784959 41.41948813165091, -82.27141814141449 41.42729888861855, -82.26969453551341 41.42574343869628, -82.26980527108194 41.41723511101998))","((-82.26980527108194, 41.41723511101998), (-82.27141814141449, 41.42729888861855))"
1647,FAIRLANE AUTOLOAD,"POLYGON ((-82.28437840437557 41.42814452180302, -82.28809470028455 41.42882884526901, -82.27320559254279 41.42989017435887, -82.27632099551499 41.42882344588428, -82.28437840437557 41.42814452180302))","((-82.28809470028455, 41.42882884526901), (-82.2732055925428, 41.429890174358874))"
1648,FEDERAL,"POLYGON ((-90.14785333459443 38.88070528498669, -90.14815427620967 38.87986906870524, -90.15711871089196 38.88304629814822, -90.15331725631108 38.88326477541109, -90.14785333459443 38.88070528498669))","((-90.14785333459443, 38.88070528498669), (-90.15711871089196, 38.883046298148216))"
1649,FERRONA,"POLYGON ((-80.50640019259863 41.24135303890447, -80.50740027359761 41.2480644636899, -80.50064043028233 41.25694956243071, -80.50038943837014 41.25636524819287, -80.50640019259863 41.24135303890447))","((-80.50640019259863, 41.24135303890447), (-80.50064043028233, 41.25694956243071))"
1650,FINDLEY,"POLYGON ((-83.67651625395534 41.02623696921419, -83.6759771311756 41.0277523372851, -83.66083524009176 41.03677860158012, -83.66097011780884 41.0361604526065, -83.67651625395534 41.02623696921419))","((-83.67651625395534, 41.02623696921419), (-83.66083524009176, 41.036778601580124))"
1651,FLAT TOP,"POLYGON ((-81.31204958657652 37.28996631751965, -81.31097850737277 37.29134096526442, -81.30724523696749 37.29120994910549, -81.30756650265637 37.29065539582118, -81.31204958657652 37.28996631751965))","((-81.31204958657652, 37.28996631751965), (-81.30724523696749, 37.291209949105486))"
1652,FLAT TOP,"POLYGON ((-81.30763463917589 37.29064340263309, -81.30832543004635 37.29163199905645, -81.29762735647023 37.30002139102164, -81.29774559279114 37.29383422206781, -81.30763463917589 37.29064340263309))","((-81.30763463917589, 37.29064340263309), (-81.29762735647023, 37.30002139102164))"
1653,FORD,"POLYGON ((-83.68620820858952 41.55888792451942, -83.68377033920768 41.5609095109961, -83.66969723796953 41.56516695205602, -83.66997196831282 41.56459400963291, -83.68620820858952 41.55888792451942))","((-83.68620820858952, 41.55888792451942), (-83.66969723796953, 41.56516695205602))"
1654,FORD JCT,"POLYGON ((-82.11294545124011 41.47818354035029, -82.08716980409851 41.47975939701154, -82.06639370198339 41.47889770135939, -82.0755499737698 41.47818474389748, -82.11294545124011 41.47818354035029))","((-82.11294545124011, 41.47818354035029), (-82.06639370198339, 41.47889770135939))"
1655,FOREST PARK,"POLYGON ((-84.37779240742925 33.62163273291016, -84.38217004719905 33.62329622393108, -84.38566186314887 33.62805603306617, -84.37617518546354 33.62228311065551, -84.37779240742925 33.62163273291016))","((-84.38566186314887, 33.62805603306617), (-84.37617518546354, 33.62228311065551))"
1656,FORREST,"POLYGON ((-89.97737629857556 35.11430433437723, -89.98150638510532 35.11587368094738, -89.96163715315286 35.1153152625603, -89.96478728779981 35.11458223715712, -89.97737629857556 35.11430433437723))","((-89.98150638510532, 35.11587368094738), (-89.96163715315286, 35.1153152625603))"
1657,FORRESTVILLE,"POLYGON ((-85.14523785897751 34.27467675724161, -85.14002034980459 34.28040218990954, -85.13416969112676 34.28235530705641, -85.13428945278008 34.28173808191627, -85.14523785897751 34.27467675724161))","((-85.14523785897751, 34.27467675724161), (-85.13416969112676, 34.282355307056406))"
1658,FOSTORIA MIXING CENTER,"POLYGON ((-83.3712152855289 41.1658391826345, -83.37140286370838 41.16671059977213, -83.3489954822065 41.1740643230453, -83.35482141632426 41.16968864479949, -83.3712152855289 41.1658391826345))","((-83.3712152855289, 41.1658391826345), (-83.3489954822065, 41.1740643230453))"
1659,FOUNDATION LEAD,"POLYGON ((-81.15631767832629 32.1268216731468, -81.15699886514159 32.12695437992563, -81.16212519592622 32.13740782695473, -81.15832855881487 32.13469212110187, -81.15631767832629 32.1268216731468))","((-81.15631767832629, 32.1268216731468), (-81.16212519592622, 32.13740782695473))"
1660,FRANKFORT,"POLYGON ((-86.53234248716169 40.28138649412974, -86.54330173623846 40.28236216597899, -86.52047431989821 40.28255780814091, -86.52089508840949 40.28207259666734, -86.53234248716169 40.28138649412974))","((-86.54330173623846, 40.282362165978995), (-86.52047431989821, 40.282557808140915))"
1661,FRANKLIN COUNTY RIF,"POLYGON ((-77.74776996903928 39.74397680508643, -77.7485027267137 39.74444165201515, -77.74180654572704 39.76336498580958, -77.74048281957876 39.75798047712471, -77.74776996903928 39.74397680508643))","((-77.74776996903928, 39.743976805086426), (-77.74180654572704, 39.76336498580958))"
1662,FRISCO,"POLYGON ((-82.63184270006992 36.59238023571478, -82.63231679287021 36.59313303649532, -82.62995108847774 36.59402704457164, -82.63001562569703 36.59338754201286, -82.63184270006992 36.59238023571478))","((-82.63231679287021, 36.59313303649532), (-82.62995108847774, 36.59402704457164))"
1663,FRISCO,"POLYGON ((-82.63078595428935 36.59327824343627, -82.62967561990793 36.59502205304646, -82.6247939062299 36.5969802434668, -82.62596449118971 36.59570784013507, -82.63078595428935 36.59327824343627))","((-82.63078595428935, 36.59327824343627), (-82.6247939062299, 36.5969802434668))"
1664,FRONT ST,"POLYGON ((-83.48611843975405 41.66541760709115, -83.48566613127538 41.67297803926855, -83.47698010958131 41.66849351860289, -83.47723733361225 41.66791659053707, -83.48611843975405 41.66541760709115))","((-83.48566613127538, 41.67297803926855), (-83.47723733361225, 41.66791659053707))"
1665,GAINESVILLE,"POLYGON ((-83.8027453575437 34.3010382591712, -83.80289622109146 34.30229111275218, -83.79490664704261 34.30994229853223, -83.7970023927525 34.30604539357317, -83.8027453575437 34.3010382591712))","((-83.8027453575437, 34.3010382591712), (-83.79490664704261, 34.309942298532235))"
1666,GANG MILLS,"POLYGON ((-77.12371401611857 42.13337101769675, -77.12425310488324 42.13408856114514, -77.10692278146618 42.14756083668259, -77.10912724742097 42.14445213651728, -77.12371401611857 42.13337101769675))","((-77.12371401611857, 42.133371017696746), (-77.10692278146618, 42.14756083668259))"
1667,GENERAL MOTORS,"POLYGON ((-85.29701532902371 40.97201470987297, -85.30089881100503 40.97206812055737, -85.30539111378205 40.97335695090364, -85.29196282794356 40.97342918896901, -85.29701532902371 40.97201470987297))","((-85.30539111378205, 40.973356950903636), (-85.29196282794356, 40.973429188969014))"
1668,GENEVA,"POLYGON ((-76.97458907657673 42.87159549092592, -76.97488936212105 42.87244171991375, -76.96293400295696 42.87663924918158, -76.96322441279682 42.87575506650327, -76.97458907657673 42.87159549092592))","((-76.97458907657673, 42.87159549092592), (-76.96293400295696, 42.87663924918158))"
1669,GENEVA,"POLYGON ((-76.96319951239272 42.8757654065357, -76.9636135062148 42.876797578609, -76.9611485462418 42.87743117110299, -76.96122905337765 42.87679955306275, -76.96319951239272 42.8757654065357))","((-76.96319951239272, 42.8757654065357), (-76.9611485462418, 42.87743117110299))"
1670,GEORGETOWN,"POLYGON ((-84.54708912107422 38.27536879701701, -84.54665999664901 38.28054520479435, -84.5401940097528 38.28812490801171, -84.54097327791766 38.28454934766746, -84.54708912107422 38.27536879701701))","((-84.54708912107422, 38.27536879701701), (-84.5401940097528, 38.28812490801171))"
1671,GEORGETOWN AUTO,"POLYGON ((-84.5394871056069 38.28932879859124, -84.54034486293675 38.2895749684634, -84.53792297510837 38.30165167891732, -84.53751782283967 38.29913437203187, -84.5394871056069 38.28932879859124))","((-84.5394871056069, 38.289328798591235), (-84.53792297510837, 38.30165167891732))"
1672,GEORGETOWN INTERMODAL,"POLYGON ((-84.55277951348114 38.26464081455592, -84.55342926969394 38.26522604635431, -84.54822155660267 38.27375242442982, -84.54835614053363 38.27118073935763, -84.55277951348114 38.26464081455592))","((-84.55277951348114, 38.264640814555925), (-84.54822155660267, 38.273752424429816))"
1673,GEST ST INTERMODAL,"POLYGON ((-84.53867445431202 39.1046447846334, -84.5395668159513 39.10466311560474, -84.54054569444068 39.12460967353824, -84.53818692808184 39.11199975301562, -84.53867445431202 39.1046447846334))","((-84.53867445431202, 39.1046447846334), (-84.54054569444068, 39.12460967353824))"
1674,GEST STREET,"POLYGON ((-84.53950570601012 39.10590165359825, -84.54325461355721 39.11280723453083, -84.54149015590959 39.13580084326011, -84.538396922234 39.13090614687334, -84.53950570601012 39.10590165359825))","((-84.53950570601012, 39.10590165359825), (-84.54149015590959, 39.13580084326011))"
1675,GETTY STREET,"POLYGON ((-74.15899110144181 40.90127693696961, -74.1624510658385 40.90100074116815, -74.16740630538123 40.90885179977428, -74.1667695919275 40.90886143034011, -74.15899110144181 40.90127693696961))","((-74.15899110144181, 40.90127693696961), (-74.16740630538123, 40.90885179977428))"
1676,GILBERT,"POLYGON ((-81.84784090022951 37.59403751452705, -81.84810165668868 37.59319382440848, -81.87399317190805 37.59685304027099, -81.86131860289281 37.60078893440053, -81.84784090022951 37.59403751452705))","((-81.84784090022951, 37.59403751452705), (-81.87399317190805, 37.596853040270986))"
1677,GLENWOOD,"POLYGON ((-78.63904478825653 35.79937256609692, -78.63049018452686 35.80408098798684, -78.62388662317473 35.80477708473185, -78.62416566635893 35.80420853721424, -78.63904478825653 35.79937256609692))","((-78.63904478825653, 35.79937256609692), (-78.62388662317473, 35.80477708473185))"
1678,GM AUTOLOAD,"POLYGON ((-85.31090607115746 40.96459805580938, -85.31136258974989 40.96661265225387, -85.31078374074436 40.96842728747871, -85.31005963694682 40.9650537844117, -85.31090607115746 40.96459805580938))","((-85.31090607115746, 40.96459805580938), (-85.31078374074436, 40.96842728747871))"
1679,GOOD,"POLYGON ((-89.03483554502589 40.5096920067328, -89.04022685510456 40.51184018056619, -89.05807976769772 40.52863423326379, -89.0574507050671 40.5286849208326, -89.03483554502589 40.5096920067328))","((-89.03483554502589, 40.5096920067328), (-89.05807976769772, 40.52863423326379))"
1680,GOODMAN,"POLYGON ((-85.71165380060631 40.5607046742935, -85.7134206119181 40.55997425334483, -85.7302705300345 40.56274895206516, -85.72231098462727 40.56275512396485, -85.71165380060631 40.5607046742935))","((-85.71165380060631, 40.560704674293504), (-85.7302705300345, 40.562748952065164))"
1681,GOODRICH,"POLYGON ((-85.8244125034994 38.22616333697146, -85.8259897968354 38.22747332433627, -85.82474710146347 38.23177460563004, -85.8242598822557 38.23135834617823, -85.8244125034994 38.22616333697146))","((-85.8244125034994, 38.22616333697146), (-85.82474710146347, 38.231774605630044))"
1682,GORDON,"POLYGON ((-83.35090964890118 32.88206189719563, -83.36115312035277 32.88421864007053, -83.36595922222401 32.88693440918917, -83.34514237670322 32.88265407903116, -83.35090964890118 32.88206189719563))","((-83.365959222224, 32.88693440918917), (-83.34514237670322, 32.88265407903116))"
1683,GOULD,"POLYGON ((-80.64566481149761 40.31535932058397, -80.65407549797004 40.31692657678411, -80.61658956383384 40.31685246946802, -80.62441401540481 40.31542851346227, -80.64566481149761 40.31535932058397))","((-80.65407549797004, 40.31692657678411), (-80.61658956383384, 40.31685246946802))"
1684,GREENVILLE,"POLYGON ((-82.41469522818214 34.85474974892287, -82.41556891990557 34.86053156345543, -82.41419078836915 34.87062342122718, -82.41334105524513 34.85719522741777, -82.41469522818214 34.85474974892287))","((-82.41469522818214, 34.85474974892287), (-82.41419078836915, 34.87062342122718))"
1685,GREER INLAND PORT,"POLYGON ((-82.20733603154821 34.9333655129287, -82.21408277563707 34.93501585897531, -82.1919567362638 34.93544372040351, -82.19487301528743 34.93426049675931, -82.20733603154821 34.9333655129287))","((-82.21408277563707, 34.93501585897531), (-82.1919567362638, 34.93544372040351))"
1686,GRIFFIN,"POLYGON ((-84.25292937314778 33.24956279230393, -84.26262856055405 33.2499962220844, -84.26304415106998 33.25047333805841, -84.25101845796301 33.25030008260699, -84.25292937314778 33.24956279230393))","((-84.26304415106998, 33.250473338058406), (-84.25101845796301, 33.25030008260699))"
1687,H. CRAIG LEWIS  (DILLERVILLE),"POLYGON ((-76.31480435525543 40.04983811824809, -76.31532162889368 40.04911048997613, -76.33012284682431 40.05784317713285, -76.32336255567736 40.05724884285709, -76.31480435525543 40.04983811824809))","((-76.31480435525543, 40.04983811824809), (-76.33012284682431, 40.05784317713285))"
1688,HAMBURG,"POLYGON ((-81.92586374156714 33.4737624176113, -81.93730431512012 33.47616556663403, -81.94704632505832 33.48023857847136, -81.94079838988112 33.47970596251799, -81.92586374156714 33.4737624176113))","((-81.92586374156714, 33.473762417611304), (-81.94704632505832, 33.48023857847136))"
1689,HARDING,"POLYGON ((-82.6064456797707 40.75971816117032, -82.59877656100296 40.76397416518206, -82.58975547974072 40.76464493467839, -82.59007302313161 40.76409346571642, -82.6064456797707 40.75971816117032))","((-82.6064456797707, 40.75971816117032), (-82.58975547974072, 40.76464493467839))"
1690,HARRISBURG YARD,"POLYGON ((-76.87799619006469 40.26640819458712, -76.88651611731855 40.27738531322628, -76.90601116939406 40.33514987386854, -76.89299625496633 40.32645493407284, -76.87799619006469 40.26640819458712))","((-76.87799619006469, 40.26640819458712), (-76.90601116939406, 40.33514987386854))"
1691,HASELTON,"POLYGON ((-80.59716359384315 41.06215968768381, -80.60576008797933 41.06672418440625, -80.61477324275047 41.07638178953339, -80.61413879366245 41.07643830294591, -80.59716359384315 41.06215968768381))","((-80.59716359384315, 41.06215968768381), (-80.61477324275047, 41.076381789533386))"
1692,HATCH,"POLYGON ((-82.40576890160102 31.7971151222211, -82.40607097792969 31.79627465182835, -82.41025460455067 31.79816641256251, -82.40945279414778 31.79844180759451, -82.40576890160102 31.7971151222211))","((-82.40576890160102, 31.797115122221104), (-82.41025460455067, 31.79816641256251))"
1693,HATTIESBURG,"POLYGON ((-89.2898473138966 31.32439339390198, -89.28616754446372 31.32925695784439, -89.27824549394579 31.33484634089588, -89.28458486381042 31.32831865236453, -89.2898473138966 31.32439339390198))","((-89.2898473138966, 31.324393393901982), (-89.27824549394579, 31.334846340895883))"
1694,HAYNE,"POLYGON ((-81.95122802913454 34.95731980154699, -81.96765328079377 34.96483472847439, -81.97602966274377 34.98124872035822, -81.97369204036629 34.98007457019728, -81.95122802913454 34.95731980154699))","((-81.95122802913454, 34.957319801546994), (-81.97602966274377, 34.981248720358224))"
1695,HAZLETON,"POLYGON ((-75.96356917895808 40.95304905417518, -75.95818356364219 40.95680083628758, -75.94792521377479 40.95881363757405, -75.94820461712068 40.95823733952209, -75.96356917895808 40.95304905417518))","((-75.96356917895808, 40.95304905417518), (-75.9479252137748, 40.958813637574046))"
1696,HEARTLAND INTERMODAL,"POLYGON ((-82.60667864100145 38.22820473666534, -82.60885660439232 38.23112659592605, -82.60812912746309 38.23967855389481, -82.60764428501615 38.23927000557464, -82.60667864100145 38.22820473666534))","((-82.60667864100145, 38.22820473666534), (-82.60812912746309, 38.239678553894805))"
1697,HEGEWISCH MIXING CTR,"POLYGON ((-87.54358905128754 41.646408754237, -87.55668796931393 41.65051607824039, -87.55862740311952 41.65737790583874, -87.55584083239933 41.65607799878311, -87.54358905128754 41.646408754237))","((-87.54358905128754, 41.646408754237), (-87.55862740311952, 41.65737790583874))"
1698,HIGH POINT,"POLYGON ((-80.02387107304544 35.94088099119074, -80.02450633153234 35.94150422862116, -80.01876222709433 35.94720754192868, -80.01919830762729 35.94573706856521, -80.02387107304544 35.94088099119074))","((-80.02387107304544, 35.94088099119074), (-80.01876222709433, 35.947207541928684))"
1699,HILLBURN,"POLYGON ((-74.15689719759501 41.11746590423132, -74.16001408835096 41.11964202864656, -74.16308295849043 41.12610553530187, -74.1565073602804 41.11820647243378, -74.15689719759501 41.11746590423132))","((-74.15689719759501, 41.117465904231324), (-74.16308295849043, 41.126105535301875))"
1700,HINMAN,"POLYGON ((-85.13668675048766 42.31103594080375, -85.13714969682401 42.31049831700084, -85.15985158392995 42.312095950687, -85.14658970319876 42.31712776334847, -85.13668675048766 42.31103594080375))","((-85.13668675048766, 42.31103594080375), (-85.15985158392995, 42.312095950687))"
1701,HOBBIE,"POLYGON ((-87.84939832621944 41.13008439512572, -87.84418515098349 41.13317727803591, -87.83970225544212 41.1315840932758, -87.84010015217434 41.13108331409512, -87.84939832621944 41.13008439512572))","((-87.84939832621944, 41.13008439512572), (-87.83970225544212, 41.1315840932758))"
1702,HOMESTEAD,"POLYGON ((-83.45764040761466 41.6587634220642, -83.46136979254086 41.65932126456833, -83.47188280454979 41.66555351220501, -83.46627327447453 41.66372875519591, -83.45764040761466 41.6587634220642))","((-83.45764040761466, 41.658763422064204), (-83.4718828045498, 41.66555351220501))"
1703,HONDA AUTO,"POLYGON ((-86.13057786768672 33.6122069882606, -86.13341007667478 33.61552492689433, -86.13289042869977 33.62121797620763, -86.1285324744682 33.62089846446651, -86.13057786768672 33.6122069882606))","((-86.13057786768672, 33.6122069882606), (-86.13289042869977, 33.62121797620763))"
1704,HOPEWELL (NS),"POLYGON ((-77.2840421285732 37.29400890803568, -77.28450349041697 37.29353716811737, -77.29625988903311 37.2943270693232, -77.284932055206 37.30304223038694, -77.2840421285732 37.29400890803568))","((-77.29625988903311, 37.294327069323195), (-77.284932055206, 37.303042230386936))"
1705,HUNTINGBURG,"POLYGON ((-86.93776638759461 38.29663838774904, -86.94730683977949 38.29753713614691, -86.94975695852163 38.29845664498834, -86.92730845456374 38.29812694757686, -86.93776638759461 38.29663838774904))","((-86.94975695852163, 38.29845664498834), (-86.92730845456374, 38.29812694757686))"
1706,HUNTINGDON,"POLYGON ((-78.01990582364071 40.49211475115835, -78.02072152121571 40.49176091177443, -78.02428821022936 40.50000618591859, -78.02205243110842 40.49790937998498, -78.01990582364071 40.49211475115835))","((-78.01990582364071, 40.492114751158354), (-78.02428821022936, 40.50000618591859))"
1707,HUNTSVILLE INTERMODAL,"POLYGON ((-86.75999979618301 34.64098121362638, -86.76041986628123 34.64858329436595, -86.75946306270829 34.65062620719165, -86.7592520330316 34.64144953896798, -86.75999979618301 34.64098121362638))","((-86.75999979618301, 34.640981213626375), (-86.75946306270829, 34.65062620719165))"
1708,HURON,"POLYGON ((-82.54528229956543 41.37457974212535, -82.54820956661813 41.37699287510992, -82.54993781056665 41.38532338413407, -82.54935413098303 41.38506817341235, -82.54528229956543 41.37457974212535))","((-82.54528229956543, 41.37457974212535), (-82.54993781056665, 41.38532338413407))"
1709,INDUSTRY,"POLYGON ((-84.43677414854658 33.68884696790216, -84.43731409634624 33.68954752533098, -84.42874538747314 33.69834842940401, -84.42967448425703 33.69317270974371, -84.43677414854658 33.68884696790216))","((-84.43677414854658, 33.68884696790216), (-84.42874538747314, 33.69834842940401))"
1710,INMAN,"POLYGON ((-84.42041829647752 33.78600911891506, -84.43414815662334 33.78700730109989, -84.47625111918464 33.80620207861292, -84.45866473749498 33.80759529948542, -84.42041829647752 33.78600911891506))","((-84.42041829647752, 33.78600911891506), (-84.47625111918464, 33.80620207861292))"
1711,IRONTON,"POLYGON ((-82.66881866077024 38.51283306007264, -82.67206429082076 38.51511583946262, -82.67694998431 38.52241271761726, -82.67631151945918 38.52235347630091, -82.66881866077024 38.51283306007264))","((-82.66881866077024, 38.51283306007264), (-82.67694998431, 38.52241271761726))"
1712,ISLAND AVENUE,"POLYGON ((-80.01609703070673 40.45512766863177, -80.03349382222527 40.46271033251008, -80.05630336287649 40.48667966838236, -80.04552875614944 40.48035456250422, -80.01609703070673 40.45512766863177))","((-80.01609703070673, 40.455127668631775), (-80.05630336287649, 40.48667966838236))"
1713,JACKSON,"POLYGON ((-84.35058796640091 42.23265808206621, -84.37360209819894 42.23659529363997, -84.40055478753015 42.24799166682048, -84.34904088694594 42.23330360894266, -84.35058796640091 42.23265808206621))","((-84.40055478753015, 42.247991666820475), (-84.34904088694594, 42.233303608942656))"
1714,JESUP,"POLYGON ((-81.90362872753428 31.62299785044079, -81.90397243697083 31.62216985107479, -81.91490901500195 31.62639228574311, -81.91247891984256 31.62622079405104, -81.90362872753428 31.62299785044079))","((-81.90362872753428, 31.62299785044079), (-81.91490901500195, 31.62639228574311))"
1715,JOHNSON CITY,"POLYGON ((-82.34386409474487 36.32741585064322, -82.34355498049027 36.32870876315469, -82.33829365719956 36.331000393489, -82.33968438052035 36.32951788043367, -82.34386409474487 36.32741585064322))","((-82.34386409474487, 36.32741585064322), (-82.33829365719956, 36.331000393489))"
1716,JUNIATA SHOPS,"POLYGON ((-78.39511264205102 40.51974640631956, -78.38304017100148 40.53665209003335, -78.37803893169617 40.53860461322112, -78.3910006827263 40.52278101711437, -78.39511264205102 40.51974640631956))","((-78.39511264205102, 40.519746406319555), (-78.37803893169617, 40.53860461322112))"
1717,KANKAKEE (NS),"POLYGON ((-87.90458598246734 41.12017956494477, -87.92302410972502 41.12158214130422, -87.92343849636649 41.12205432210035, -87.8887792198055 41.12239509759278, -87.90458598246734 41.12017956494477))","((-87.92343849636649, 41.12205432210035), (-87.8887792198055, 41.12239509759278))"
1718,KENNEY,"POLYGON ((-79.86541968078984 40.39130886167151, -79.8659719351736 40.3905994206604, -79.89438724487037 40.40876299377449, -79.8799429412275 40.40330555136093, -79.86541968078984 40.39130886167151))","((-79.86541968078984, 40.39130886167151), (-79.89438724487037, 40.40876299377449))"
1719,KENOVA,"POLYGON ((-82.56478799592728 38.39047098762526, -82.5749556413295 38.39243852111561, -82.57731007922018 38.3943019719437, -82.56358638492203 38.39121444846238, -82.56478799592728 38.39047098762526))","((-82.57731007922018, 38.394301971943705), (-82.56358638492203, 38.39121444846238))"
1720,KENOVA BELT,"POLYGON ((-82.56233723943305 38.39966285063054, -82.56583153154837 38.39945514232355, -82.57465489799625 38.40246792696037, -82.57234778052815 38.40244946287221, -82.56233723943305 38.39966285063054))","((-82.56233723943305, 38.39966285063054), (-82.57465489799625, 38.40246792696037))"
1721,KEYSTONE,"POLYGON ((-81.46132364505276 37.40820989499223, -81.460474482295 37.41046552855438, -81.45188720189142 37.41524825998335, -81.45324371507731 37.41269882533076, -81.46132364505276 37.40820989499223))","((-81.46132364505276, 37.408209894992225), (-81.45188720189142, 37.41524825998335))"
1722,KINGSPORT TANK,"POLYGON ((-82.55346571815953 36.52170033590203, -82.55649069173816 36.52525957741041, -82.55556596140322 36.52848284549122, -82.54887188228705 36.5245925406472, -82.55346571815953 36.52170033590203))","((-82.55556596140322, 36.52848284549122), (-82.54887188228705, 36.5245925406472))"
1723,KINNEY,"POLYGON ((-79.17396671832546 37.3782278391694, -79.1713276577694 37.38569800784484, -79.16671323282914 37.38853321279607, -79.16659862138076 37.3878826211622, -79.17396671832546 37.3782278391694))","((-79.17396671832546, 37.3782278391694), (-79.16671323282914, 37.38853321279607))"
1724,KLINES,"POLYGON ((-82.8385161212518 41.26970799088625, -82.84085590275824 41.27009622241907, -82.84107960943274 41.27073960025976, -82.83619186587744 41.27112983440887, -82.8385161212518 41.26970799088625))","((-82.84107960943274, 41.27073960025976), (-82.83619186587744, 41.271129834408875))"
1725,KLINES,"POLYGON ((-82.84022252557627 41.27049093142493, -82.84710885632757 41.27154277740263, -82.88358394344046 41.28178304892823, -82.8773593771834 41.2806782313181, -82.84022252557627 41.27049093142493))","((-82.84022252557627, 41.27049093142493), (-82.88358394344046, 41.28178304892823))"
1726,KNOXVILLE CITY,"POLYGON ((-83.92671225980062 35.96538576724195, -83.92608834373374 35.97012589665665, -83.91730715274711 35.97215780736398, -83.91962451332786 35.96973180157521, -83.92671225980062 35.96538576724195))","((-83.92671225980062, 35.965385767241955), (-83.91730715274711, 35.972157807363985))"
1727,LAKE CITY,"POLYGON ((-84.15915466328877 36.22302084625862, -84.16113393615996 36.22426629540094, -84.16190415302108 36.22816390236035, -84.16129400468704 36.22798770444157, -84.15915466328877 36.22302084625862))","((-84.15915466328877, 36.22302084625862), (-84.16190415302108, 36.22816390236035))"
1728,LAMBERTS POINT,"POLYGON ((-76.31122328843416 36.86445515138215, -76.32748569199262 36.8736119064524, -76.32845310161427 36.87815201611388, -76.30144665788053 36.87394776136282, -76.31122328843416 36.86445515138215))","((-76.32845310161427, 36.87815201611388), (-76.30144665788053, 36.87394776136282))"
1729,LANDERS,"POLYGON ((-87.70361933868917 41.74824811583803, -87.69323996093071 41.75485463344165, -87.67994152971622 41.75766641836472, -87.69670071891862 41.75036566085979, -87.70361933868917 41.74824811583803))","((-87.70361933868917, 41.74824811583803), (-87.67994152971622, 41.75766641836472))"
1730,LANGDALE,"POLYGON ((-83.25566675031909 30.8295561059057, -83.2625222417869 30.8305961216077, -83.23519772152238 30.83016590136301, -83.23807303318112 30.82955673568506, -83.25566675031909 30.8295561059057))","((-83.2625222417869, 30.830596121607698), (-83.23519772152238, 30.830165901363014))"
1731,LEHIGHTON,"POLYGON ((-75.70786774764835 40.83935467190833, -75.70872888173794 40.83910735855953, -75.70931737349989 40.84387780374789, -75.70875826883302 40.843582800717, -75.70786774764835 40.83935467190833))","((-75.70872888173794, 40.83910735855953), (-75.70931737349989, 40.843877803747894))"
1732,LEWISTOWN,"POLYGON ((-77.61225821232912 40.55623515195689, -77.58804867690483 40.58583916562566, -77.58101751782345 40.58801389296327, -77.59164061107849 40.56482718739779, -77.61225821232912 40.55623515195689))","((-77.61225821232912, 40.55623515195689), (-77.58101751782345, 40.58801389296327))"
1733,LEXINGTON (NS),"POLYGON ((-84.50995858118007 38.04230738118427, -84.51172022797947 38.0435155819543, -84.51368745623213 38.05161206545087, -84.51307919061924 38.0513552106096, -84.50995858118007 38.04230738118427))","((-84.50995858118007, 38.04230738118427), (-84.51368745623213, 38.05161206545087))"
1734,LINNVILLE,"POLYGON ((-81.78325536711301 41.43078434036125, -81.78359708123818 41.43158934016158, -81.76362455495716 41.44527768609741, -81.76907722539818 41.43328126106721, -81.78325536711301 41.43078434036125))","((-81.78325536711301, 41.43078434036125), (-81.76362455495716, 41.445277686097405))"
1735,LOCK HAVEN,"POLYGON ((-77.4249926629697 41.13120770225832, -77.43268122378663 41.1315509738151, -77.44214176923424 41.1334991068797, -77.4177336109982 41.13212469985981, -77.4249926629697 41.13120770225832))","((-77.44214176923424, 41.1334991068797), (-77.4177336109982, 41.13212469985981))"
1736,LORDSTOWN,"POLYGON ((-80.87017396985014 41.15604311274591, -80.87428059203937 41.15607631177174, -80.87992023798853 41.15745647482051, -80.86443762052291 41.1575586721143, -80.87017396985014 41.15604311274591))","((-80.87992023798853, 41.15745647482051), (-80.8644376205229, 41.1575586721143))"
1737,LORDSTOWN NS AUTOLOAD,"POLYGON ((-80.86688894304167 41.14483076436027, -80.87012087342228 41.14560282162305, -80.86967357804762 41.14789472438214, -80.86903441211807 41.14785528394436, -80.86688894304167 41.14483076436027))","((-80.86688894304167, 41.14483076436027), (-80.86967357804762, 41.14789472438214))"
1738,LUDLOW,"POLYGON ((-84.54844975372943 39.08366188402466, -84.54687577450764 39.09065239859172, -84.54270993348837 39.09592428766056, -84.54250629453684 39.09533082055855, -84.54844975372943 39.08366188402466))","((-84.54844975372943, 39.083661884024664), (-84.54270993348837, 39.09592428766056))"
1739,LUTHER,"POLYGON ((-90.2130700511581 38.68892378161025, -90.22605193558778 38.69986456911713, -90.22787596350295 38.70317967253848, -90.21891182410148 38.69727434663431, -90.2130700511581 38.68892378161025))","((-90.2130700511581, 38.68892378161025), (-90.22787596350295, 38.70317967253848))"
1740,M&E JCT,"POLYGON ((-83.32397758310604 32.88217955088989, -83.32401579952131 32.88128669160763, -83.33228858635042 32.88201761250019, -83.32944911713173 32.88258671649504, -83.32397758310604 32.88217955088989))","((-83.32397758310604, 32.88217955088989), (-83.33228858635042, 32.88201761250019))"
1741,MADISON (UP),"POLYGON ((-90.14635519282433 38.67570679190706, -90.14689925348662 38.67642160715715, -90.1376360308126 38.68289947449721, -90.13772290486513 38.68227172502076, -90.14635519282433 38.67570679190706))","((-90.14689925348662, 38.67642160715715), (-90.1376360308126, 38.682899474497205))"
1742,MAGNOLIA,"POLYGON ((-85.78220120844402 38.23028759342407, -85.78526363571132 38.23074395270678, -85.78558885978157 38.23128827403783, -85.77917515991483 38.23104154238511, -85.78220120844402 38.23028759342407))","((-85.78558885978157, 38.23128827403783), (-85.77917515991483, 38.23104154238511))"
1743,MAIDSVILLE,"POLYGON ((-79.99252977878194 39.6612780389196, -79.99315238710926 39.66191551626711, -79.97882461805743 39.67886233449006, -79.98600642105615 39.66692314993126, -79.99252977878194 39.6612780389196))","((-79.99252977878194, 39.6612780389196), (-79.97882461805743, 39.678862334490056))"
1744,MALLARD,"POLYGON ((-87.03278893123651 34.60713652837493, -87.0297045470995 34.61082534223907, -87.01208927598455 34.61510851469298, -87.01235529572672 34.61452359965413, -87.03278893123651 34.60713652837493))","((-87.03278893123651, 34.60713652837493), (-87.01208927598455, 34.61510851469298))"
1745,MAPLE HEIGHTS INTERMODAL,"POLYGON ((-81.548122268331 41.39912295236044, -81.5681212723653 41.40758172623938, -81.58426544255919 41.42331303475943, -81.5836352056597 41.42343868861744, -81.548122268331 41.39912295236044))","((-81.548122268331, 41.39912295236044), (-81.58426544255919, 41.42331303475943))"
1746,MARCUS HOOK,"POLYGON ((-75.4066714117146 39.82696214357583, -75.40699847913547 39.82779731944956, -75.39656403280424 39.83207349418547, -75.39951385770043 39.82986164679411, -75.4066714117146 39.82696214357583))","((-75.4066714117146, 39.82696214357583), (-75.39656403280424, 39.83207349418547))"
1747,MARION (NS),"POLYGON ((-83.14012791854394 40.59114635155106, -83.14110811507871 40.59212944733794, -83.14058668798084 40.60139799164146, -83.1397908266626 40.59884704720708, -83.14012791854394 40.59114635155106))","((-83.14012791854394, 40.59114635155106), (-83.14058668798084, 40.601397991641456))"
1748,MEADVILLE,"POLYGON ((-80.15200529564041 41.61236499361292, -80.15385109272241 41.6142688207572, -80.15701102979544 41.62487640429582, -80.15644047223421 41.62460543779972, -80.15200529564041 41.61236499361292))","((-80.15200529564041, 41.61236499361292), (-80.15701102979544, 41.62487640429582))"
1749,MEHOOPANY YARD,"POLYGON ((-76.04803002839076 41.57093193406509, -76.05424001524469 41.57248611023101, -76.05751425178426 41.57745978147557, -76.05688466285746 41.57755179362829, -76.04803002839076 41.57093193406509))","((-76.04803002839076, 41.57093193406509), (-76.05751425178426, 41.57745978147557))"
1750,MEMPHIS REGIONAL INTERMODAL,"POLYGON ((-89.57625478896666 35.00106174599084, -89.573627007334 35.04843247945005, -89.56632507108054 35.04847869041576, -89.57296063239112 35.00598408890205, -89.57625478896666 35.00106174599084))","((-89.57625478896666, 35.00106174599084), (-89.56632507108054, 35.04847869041576))"
1751,MERCEDES-BENZ PLANT,"POLYGON ((-87.26144016822916 33.17236624866165, -87.26436880865303 33.17332430007529, -87.25434084413433 33.1729277280308, -87.2547383054695 33.17242599680309, -87.26144016822916 33.17236624866165))","((-87.26436880865303, 33.17332430007529), (-87.25434084413433, 33.1729277280308))"
1752,MERIDIAN (KCS),"POLYGON ((-88.69803406012953 32.36144487516214, -88.69848232654638 32.36221599845533, -88.6963829163509 32.36278035789777, -88.69644196462812 32.36215276092062, -88.69803406012953 32.36144487516214))","((-88.69848232654638, 32.36221599845533), (-88.6963829163509, 32.36278035789777))"
1753,MERIDIAN (NS),"POLYGON ((-88.74124761852981 32.33721313961289, -88.73166680785262 32.35441711760459, -88.708939600976 32.3603220511369, -88.70904517334742 32.35968871612309, -88.74124761852981 32.33721313961289))","((-88.74124761852981, 32.33721313961289), (-88.708939600976, 32.360322051136905))"
1754,MILAN (NS),"POLYGON ((-83.69470327453051 42.07075900087813, -83.69426011317535 42.07222133596749, -83.68593190905966 42.07679534761102, -83.6860725173005 42.07617436465723, -83.69470327453051 42.07075900087813))","((-83.69470327453051, 42.070759000878134), (-83.68593190905966, 42.07679534761102))"
1755,MILLEN,"POLYGON ((-81.94886247779048 32.80024450809461, -81.94686275737199 32.80190944644151, -81.93764645269067 32.80231775988491, -81.93802663950738 32.80180737771271, -81.94886247779048 32.80024450809461))","((-81.94886247779048, 32.80024450809461), (-81.93764645269067, 32.802317759884914))"
1756,MILLSTONE,"POLYGON ((-82.18175312620134 37.71167325015817, -82.19299292077964 37.72172874273691, -82.19025106473434 37.73453593636069, -82.18968614488213 37.73425838487867, -82.18175312620134 37.71167325015817))","((-82.18175312620134, 37.71167325015817), (-82.19025106473434, 37.734535936360686))"
1757,MINGO (NS),"POLYGON ((-80.61825568614934 40.28385365531482, -80.6167456975901 40.30417715293588, -80.61027511160088 40.31109766650547, -80.61003811327036 40.30528326511577, -80.61825568614934 40.28385365531482))","((-80.61825568614934, 40.28385365531482), (-80.61027511160088, 40.311097666505475))"
1758,MOBERLY,"POLYGON ((-92.43582204538635 39.42035816327068, -92.43640889900838 39.41978881574178, -92.46459431886997 39.43131635070159, -92.44376796858521 39.4283975226027, -92.43582204538635 39.42035816327068))","((-92.43582204538635, 39.42035816327068), (-92.46459431886997, 39.43131635070159))"
1759,MOBILE (NS),"POLYGON ((-88.05006876836143 30.70922933746814, -88.05716684538388 30.7179939345496, -88.0590087662946 30.72314867792913, -88.05838712570576 30.72299956440412, -88.05006876836143 30.70922933746814))","((-88.05006876836143, 30.70922933746814), (-88.0590087662946, 30.72314867792913))"
1760,MONTPELIER,"POLYGON ((-84.6163258998119 41.57756281221778, -84.61723555805285 41.57832659301138, -84.57679989416282 41.58839340981196, -84.5884272174481 41.58179214810731, -84.6163258998119 41.57756281221778))","((-84.61723555805285, 41.57832659301138), (-84.57679989416282, 41.588393409811964))"
1761,MONTVIEW,"POLYGON ((-79.18073258133631 37.35532632951829, -79.17853707698775 37.3613946886255, -79.1690549651003 37.37005399052673, -79.16899964588451 37.36942359761619, -79.18073258133631 37.35532632951829))","((-79.18073258133631, 37.35532632951829), (-79.1690549651003, 37.370053990526735))"
1762,MORAINE,"POLYGON ((-84.21800908969209 39.70698057678626, -84.21799065994404 39.71170396172178, -84.21442266496119 39.72137858690094, -84.21512354174384 39.71585395870003, -84.21800908969209 39.70698057678626))","((-84.21800908969209, 39.70698057678626), (-84.21442266496119, 39.72137858690094))"
1763,MORAINE TV,"POLYGON ((-84.223132050315 39.68834498603193, -84.22396852019975 39.68866148620927, -84.21889373935235 39.70542513134472, -84.21866951208956 39.70336479722868, -84.223132050315 39.68834498603193))","((-84.223132050315, 39.68834498603193), (-84.21889373935235, 39.70542513134472))"
1764,MOTOR,"POLYGON ((-81.5171836763374 41.3504045789577, -81.51835946556 41.35010637280823, -81.52103325107262 41.35830152842519, -81.51829388977181 41.35385709705667, -81.5171836763374 41.3504045789577))","((-81.5171836763374, 41.3504045789577), (-81.52103325107262, 41.35830152842519))"
1765,MOTOR,"POLYGON ((-81.51421385648932 41.3352780813197, -81.51768749526063 41.34043222334495, -81.51807592484271 41.35075239733278, -81.51718367766554 41.35040458488486, -81.51421385648932 41.3352780813197))","((-81.51421385648932, 41.3352780813197), (-81.5180759248427, 41.35075239733278))"
1766,NAUGATUCK,"POLYGON ((-82.34489188040668 37.79309480077994, -82.34551846914054 37.79373672747742, -82.33607729045372 37.80294018928107, -82.33925292552566 37.79859863719658, -82.34489188040668 37.79309480077994))","((-82.34489188040668, 37.79309480077994), (-82.33607729045372, 37.802940189281074))"
1767,NEW BERN,"POLYGON ((-77.04634689493636 35.11745129910931, -77.04659267868642 35.11658766338834, -77.05626801439081 35.1195022585681, -77.0548112311391 35.11973350124197, -77.04634689493636 35.11745129910931))","((-77.04634689493636, 35.117451299109305), (-77.05626801439081, 35.1195022585681))"
1768,NICHOLSON,"POLYGON ((-89.69313911760848 30.47732015660987, -89.69392729424015 30.47795933624769, -89.69113556406862 30.48602124570465, -89.6909169114092 30.48473612636819, -89.69313911760848 30.47732015660987))","((-89.69313911760848, 30.477320156609874), (-89.69113556406862, 30.486021245704645))"
1769,NIXON,"POLYGON ((-81.95558633042009 33.33778575813758, -81.95763920944046 33.33903716925496, -81.96613741579034 33.3544624376814, -81.96552731372958 33.35430543724038, -81.95558633042009 33.33778575813758))","((-81.95558633042009, 33.33778575813758), (-81.96613741579034, 33.3544624376814))"
1770,NORFOLK INTL TERM,"POLYGON ((-76.3320659533909 36.91439933216883, -76.32785772613617 36.92052856223088, -76.2953958020356 36.91917648078971, -76.29578819330823 36.9186732603717, -76.3320659533909 36.91439933216883))","((-76.3320659533909, 36.91439933216883), (-76.2953958020356, 36.91917648078971))"
1771,NORRIS,"POLYGON ((-86.70621446941102 33.53879141645479, -86.70451795076639 33.5417936443505, -86.66354388560808 33.58231206408774, -86.67149837027536 33.54983363159879, -86.70621446941102 33.53879141645479))","((-86.70621446941102, 33.538791416454785), (-86.66354388560808, 33.58231206408774))"
1772,NORTH (NS),"POLYGON ((-88.9283826301687 39.86305918313879, -88.93258013695522 39.86440265446873, -88.9332420079383 39.87035154901579, -88.9312933172438 39.86930939285393, -88.9283826301687 39.86305918313879))","((-88.9283826301687, 39.863059183138795), (-88.9332420079383, 39.870351549015794))"
1773,NORTH DORAVILLE,"POLYGON ((-84.26937940144839 33.91054012799196, -84.26574661898584 33.91486320472249, -84.25878170683835 33.91905464369885, -84.26005208964888 33.91733157274486, -84.26937940144839 33.91054012799196))","((-84.26937940144839, 33.91054012799196), (-84.25878170683835, 33.91905464369885))"
1774,NORTH DORAVILLE,"POLYGON ((-84.25894571387944 33.91838597087882, -84.25941693575525 33.91914568094523, -84.25684842574435 33.92001543281171, -84.25693205485173 33.91938576025559, -84.25894571387944 33.91838597087882))","((-84.25941693575525, 33.919145680945235), (-84.25684842574435, 33.92001543281171))"
1775,NORTH WINSTON,"POLYGON ((-80.23313967320139 36.12752664335834, -80.23427401700292 36.1337017094846, -80.22883780232043 36.14299484498033, -80.22854905392748 36.14243606442633, -80.23313967320139 36.12752664335834))","((-80.23313967320139, 36.12752664335834), (-80.22883780232043, 36.14299484498033))"
1776,NORTHUMBERLAND,"POLYGON ((-76.79506584560428 40.88656999122129, -76.82332506245083 40.89574286788642, -76.8438490953798 40.91593129106243, -76.84323695150448 40.91607169723935, -76.79506584560428 40.88656999122129))","((-76.79506584560428, 40.88656999122129), (-76.8438490953798, 40.91593129106243))"
1777,NORTON,"POLYGON ((-82.63392833355431 36.93009275926449, -82.62679184566848 36.9342798821742, -82.61926581191635 36.93580264837212, -82.62130198515749 36.93441185460537, -82.63392833355431 36.93009275926449))","((-82.63392833355431, 36.93009275926449), (-82.61926581191635, 36.93580264837212))"
1778,OAK ST,"POLYGON ((-82.48080255173468 40.74555435022284, -82.48125414757541 40.74477847339148, -82.50339956757085 40.75740901291329, -82.49820496201403 40.75550435354513, -82.48080255173468 40.74555435022284))","((-82.48080255173468, 40.74555435022284), (-82.50339956757085, 40.75740901291329))"
1779,OAKDALE,"POLYGON ((-84.55653584869839 35.98620030928615, -84.56612698955037 35.99396846280067, -84.56977308679642 36.00512346181473, -84.56914527035295 36.00500845726091, -84.55653584869839 35.98620030928615))","((-84.55653584869839, 35.986200309286154), (-84.56977308679642, 36.00512346181473))"
1780,OAKLAND CITY JCT,"POLYGON ((-87.29671745337934 38.32852122159742, -87.2987304435967 38.32887550693554, -87.30484457339332 38.33512819061504, -87.3035307463539 38.33469310039214, -87.29671745337934 38.32852122159742))","((-87.29671745337934, 38.32852122159742), (-87.30484457339332, 38.335128190615045))"
1781,OAKWOOD,"POLYGON ((-83.20346006387572 42.27043995393968, -83.1863409480323 42.27697931842047, -83.14830723235802 42.28448042893002, -83.16533457417358 42.27900425388665, -83.20346006387572 42.27043995393968))","((-83.20346006387572, 42.27043995393968), (-83.14830723235802, 42.28448042893002))"
1782,OGLETHORPE (NS),"POLYGON ((-84.07980963141962 32.24486772415045, -84.08060270718767 32.24527591810453, -84.07423101899018 32.26108216849955, -84.07662039787465 32.25125345615623, -84.07980963141962 32.24486772415045))","((-84.07980963141962, 32.24486772415045), (-84.07423101899018, 32.26108216849955))"
1783,OLIVER,"POLYGON ((-90.05016939746599 29.96163380468567, -90.04465965953575 29.9890474945578, -90.03249011331063 29.98382370797288, -90.0483169597276 29.96242912543891, -90.05016939746599 29.96163380468567))","((-90.050169397466, 29.96163380468567), (-90.03249011331063, 29.983823707972878))"
1784,OLIVERS,"POLYGON ((-86.29956019429048 41.65880794139755, -86.29983252756078 41.65966377370495, -86.28575557920226 41.66403101938277, -86.28690155929569 41.66306533508384, -86.29956019429048 41.65880794139755))","((-86.29956019429048, 41.65880794139755), (-86.28575557920226, 41.66403101938277))"
1785,ONEIDA,"POLYGON ((-84.51639092049628 36.4968207671576, -84.51658791629491 36.49769206123619, -84.50854867384645 36.49915726807514, -84.51161113500305 36.49769900783702, -84.51639092049628 36.4968207671576))","((-84.51639092049628, 36.4968207671576), (-84.50854867384645, 36.49915726807514))"
1786,ONEONTA,"POLYGON ((-75.08220054334269 42.44726618673577, -75.08370635110225 42.44875342158118, -75.07032651493245 42.44969746511834, -75.07452166137327 42.44803819752963, -75.08220054334269 42.44726618673577))","((-75.08370635110225, 42.44875342158118), (-75.07032651493245, 42.44969746511834))"
1787,OUTER,"POLYGON ((-91.39249624701728 39.68491513662373, -91.35432616167643 39.70997149864544, -91.35334755841252 39.70932259911213, -91.35579143391948 39.7042091750267, -91.39249624701728 39.68491513662373))","((-91.39249624701728, 39.68491513662373), (-91.35334755841252, 39.709322599112134))"
1788,OYAMA,"POLYGON ((-81.26834094806853 35.72547234782472, -81.28544275381232 35.72949023610956, -81.29070353978103 35.73218527746147, -81.27209097666015 35.7274260601035, -81.26834094806853 35.72547234782472))","((-81.26834094806853, 35.72547234782472), (-81.29070353978103, 35.73218527746147))"
1789,PALMERTON,"POLYGON ((-75.63153052541726 40.79611291429, -75.63178016981354 40.79697569209966, -75.62246058603584 40.79938523344741, -75.62275206256855 40.79882273450457, -75.63153052541726 40.79611291429))","((-75.63153052541726, 40.79611291429), (-75.62246058603584, 40.79938523344741))"
1790,PARK MANOR,"POLYGON ((-87.61129655536844 41.76919514712748, -87.62737258513343 41.77934655734391, -87.62847267203846 41.78709853003897, -87.62783257391231 41.78707962530756, -87.61129655536844 41.76919514712748))","((-87.61129655536844, 41.76919514712748), (-87.62847267203846, 41.78709853003897))"
1791,PBF DELAWARE CITY REFINERY,"POLYGON ((-75.64490211127168 39.59059870485384, -75.64672520513922 39.59898850660515, -75.64636300881058 39.59950426414116, -75.64039134843217 39.59148684650319, -75.64490211127168 39.59059870485384))","((-75.64636300881058, 39.59950426414116), (-75.64039134843217, 39.591486846503194))"
1792,PEAGRAM,"POLYGON ((-84.39342405812496 33.7265710360271, -84.39769893587307 33.72811857665208, -84.40189488757007 33.73515471765997, -84.40125921074547 33.73512778314129, -84.39342405812496 33.7265710360271))","((-84.39342405812496, 33.726571036027096), (-84.40189488757007, 33.735154717659974))"
1793,PERU,"POLYGON ((-86.06128964019429 40.76018649818182, -86.05897381973465 40.76187882812302, -86.03057632525714 40.76882167204162, -86.03089353367339 40.76826677360333, -86.06128964019429 40.76018649818182))","((-86.06128964019429, 40.760186498181824), (-86.03057632525714, 40.76882167204162))"
1794,PETERS CREEK,"POLYGON ((-79.87512055097879 40.30161029604648, -79.87563003218891 40.30087456952027, -79.88702689445094 40.30796587477322, -79.8852172076836 40.30756354296001, -79.87512055097879 40.30161029604648))","((-79.87512055097879, 40.301610296046476), (-79.88702689445094, 40.307965874773224))"
1795,PITCAIRN,"POLYGON ((-79.76793717480163 40.38683937099402, -79.8098046103196 40.39327712086948, -79.81284999594554 40.39512087714036, -79.78028377833415 40.40052620436602, -79.76793717480163 40.38683937099402))","((-79.76793717480163, 40.386839370994025), (-79.81284999594554, 40.395120877140364))"
1796,PLUNKETT,"POLYGON ((-81.67650414985701 37.655544462621, -81.67678923873525 37.65638820118708, -81.66171314916086 37.66326469045863, -81.66998336433589 37.65725817434721, -81.67650414985701 37.655544462621))","((-81.67650414985701, 37.655544462621), (-81.66171314916086, 37.66326469045863))"
1797,POAG,"POLYGON ((-90.06643777706361 38.77850650813059, -90.06547218178713 38.78062176039003, -90.04514328331346 38.79284872289379, -90.04527726070951 38.79222985886734, -90.06643777706361 38.77850650813059))","((-90.06643777706361, 38.77850650813059), (-90.04514328331346, 38.792848722893794))"
1798,POE,"POLYGON ((-77.33717181718124 37.19463322292556, -77.33763351580065 37.19386328844645, -77.35568650835495 37.20485133962474, -77.35084637759159 37.2033861036314, -77.33717181718124 37.19463322292556))","((-77.33717181718124, 37.19463322292556), (-77.35568650835495, 37.20485133962474))"
1799,POET BIOREFINING FOSTORIA,"POLYGON ((-83.39041335680271 41.15946169227059, -83.38648898683074 41.16206564215196, -83.3715767879216 41.16652284448059, -83.37185116625301 41.16594642458799, -83.39041335680271 41.15946169227059))","((-83.39041335680271, 41.15946169227059), (-83.3715767879216, 41.16652284448059))"
1800,POMONA,"POLYGON ((-79.83294510672565 36.05981220165904, -79.83745896492864 36.06068181770491, -79.81746913209079 36.06264926201785, -79.81897115694747 36.0617842109209, -79.83294510672565 36.05981220165904))","((-79.83745896492864, 36.06068181770491), (-79.81746913209079, 36.06264926201785))"
1801,POMONA INTERMODAL,"POLYGON ((-79.85496463735002 36.05620946884923, -79.84412123454368 36.05998760684523, -79.83618067158417 36.06066508678945, -79.83788552665209 36.05923467230907, -79.85496463735002 36.05620946884923))","((-79.85496463735002, 36.05620946884923), (-79.83618067158417, 36.06066508678945))"
1802,PORTLOCK,"POLYGON ((-76.27352072594191 36.78239886089471, -76.27421109474571 36.78286382321007, -76.26841139991757 36.80830193944266, -76.26289608954114 36.79690793132968, -76.27352072594191 36.78239886089471))","((-76.2735207259419, 36.78239886089471), (-76.26841139991757, 36.808301939442664))"
1803,PORTSMOUTH,"POLYGON ((-82.96423023489854 38.73354624357078, -82.97644702088824 38.73790401126023, -82.93786328635179 38.74698773480223, -82.94333169740901 38.74335863858062, -82.96423023489854 38.73354624357078))","((-82.97644702088824, 38.73790401126023), (-82.93786328635179, 38.74698773480223))"
1804,POTTSTOWN YARD,"POLYGON ((-75.67785185278548 40.24630227345189, -75.67190847947623 40.24946950305238, -75.66456460915603 40.24865690661864, -75.66494101219727 40.24811674608519, -75.67785185278548 40.24630227345189))","((-75.67785185278548, 40.24630227345189), (-75.66456460915603, 40.24865690661864))"
1805,PX,"POLYGON ((-83.12792104840393 42.29335842637191, -83.12425490304634 42.29638580948296, -83.11312147912847 42.29978394062395, -83.12136400960406 42.29543126778582, -83.12792104840393 42.29335842637191))","((-83.12792104840393, 42.29335842637191), (-83.11312147912847, 42.299783940623946))"
1806,RARITAN,"POLYGON ((-74.64663296050855 40.56956608358428, -74.65437209159268 40.57021637485608, -74.63825251811751 40.57096425455483, -74.63898840613267 40.57031747362889, -74.64663296050855 40.56956608358428))","((-74.65437209159268, 40.57021637485608), (-74.63825251811751, 40.57096425455483))"
1807,RARITAN VALLEY CONNECTOR,"POLYGON ((-74.57545480913164 40.54786872673831, -74.57564147222676 40.54908095771862, -74.57219744705739 40.55161768821756, -74.57215983555649 40.55098972595391, -74.57545480913164 40.54786872673831))","((-74.57545480913164, 40.54786872673831), (-74.57219744705739, 40.55161768821756))"
1808,RAWSONVILLE,"POLYGON ((-83.54592294705665 42.19014608421853, -83.54906876213501 42.19097615025194, -83.55238164549746 42.19438145785187, -83.5511247365306 42.19498490270291, -83.54592294705665 42.19014608421853))","((-83.54592294705665, 42.19014608421853), (-83.55238164549746, 42.19438145785187))"
1809,READING,"POLYGON ((-75.92188231412946 40.34921644998443, -75.9243657847434 40.35072047184484, -75.92822541118643 40.36804684086957, -75.92034814744179 40.35780253342665, -75.92188231412946 40.34921644998443))","((-75.92188231412946, 40.349216449984425), (-75.92822541118643, 40.36804684086957))"
1810,READING YARD,"POLYGON ((-75.92214928234579 40.34788160954893, -75.92299291821074 40.3479374832734, -75.92837957148221 40.36844565386856, -75.92024740983602 40.35767309981647, -75.92214928234579 40.34788160954893))","((-75.92214928234579, 40.347881609548935), (-75.92837957148221, 40.368445653868555))"
1811,REEDS,"POLYGON ((-84.35588704862573 39.46413811985961, -84.36208455242662 39.46424823918881, -84.37094660371143 39.46762494105623, -84.36771530162251 39.46734307480155, -84.35588704862573 39.46413811985961))","((-84.35588704862573, 39.46413811985961), (-84.37094660371143, 39.46762494105623))"
1812,RENICK,"POLYGON ((-82.95998898748094 39.31122867260061, -82.9608237377507 39.31098649511188, -82.9681001788725 39.32406440706251, -82.96107556784813 39.32085176700697, -82.95998898748094 39.31122867260061))","((-82.95998898748094, 39.31122867260061), (-82.9681001788725, 39.32406440706251))"
1813,RICHMOND,"POLYGON ((-77.45817802806424 37.52362594986894, -77.45905580362877 37.52436728970989, -77.44745053324169 37.52804445212962, -77.44969555050199 37.52620932507072, -77.45817802806424 37.52362594986894))","((-77.45905580362877, 37.524367289709886), (-77.44745053324169, 37.52804445212962))"
1814,RICKENBACKER INTERMODAL,"POLYGON ((-82.95779644746639 39.77774951783476, -82.95864730211133 39.77798164818061, -82.9570008899086 39.79385503198202, -82.95526687673265 39.78851435180774, -82.95779644746639 39.77774951783476))","((-82.9577964474664, 39.77774951783476), (-82.9570008899086, 39.79385503198202))"
1815,ROANOKE,"POLYGON ((-79.99818994514501 37.26662129658411, -80.01448810634145 37.27219016793231, -79.94555876937491 37.27353910195281, -79.94609511213434 37.2729907838293, -79.99818994514501 37.26662129658411))","((-80.01448810634145, 37.27219016793231), (-79.94555876937491, 37.273539101952814))"
1816,ROANOKE,"POLYGON ((-80.02227109237721 37.27067220008416, -80.01965166045612 37.27233864075431, -80.01362063051961 37.27214471263564, -80.01396650356119 37.27161392031936, -80.02227109237721 37.27067220008416))","((-80.02227109237721, 37.270672200084164), (-80.01362063051961, 37.27214471263564))"
1817,ROBERTA,"POLYGON ((-86.79991081065674 33.09553348472625, -86.8001018294498 33.09465968792649, -86.80908012861991 33.09708925848537, -86.80672366426316 33.09729908008289, -86.79991081065674 33.09553348472625))","((-86.8001018294498, 33.094659687926494), (-86.80908012861991, 33.09708925848537))"
1818,ROCK HILL,"POLYGON ((-81.02312431012597 34.92913755339272, -81.02354728830686 34.92992576558854, -81.01457227184403 34.93533685772979, -81.01682607685817 34.93204627175889, -81.02312431012597 34.92913755339272))","((-81.02312431012597, 34.92913755339272), (-81.01457227184403, 34.935336857729794))"
1819,ROCKPORT,"POLYGON ((-81.83330193487515 41.40735183186761, -81.82122193578401 41.42221640706875, -81.79110238431971 41.42565117570938, -81.79168042279683 41.42170503957747, -81.83330193487515 41.40735183186761))","((-81.83330193487515, 41.40735183186761), (-81.79110238431971, 41.42565117570938))"
1820,ROSE,"POLYGON ((-78.3763354817215 40.53929448964454, -78.37476296847389 40.5445217995523, -78.36958446215448 40.55188585747306, -78.37151314184364 40.54608267115457, -78.3763354817215 40.53929448964454))","((-78.3763354817215, 40.53929448964454), (-78.36958446215448, 40.55188585747306))"
1821,ROSSVILLE AVENUE,"POLYGON ((-85.30227017769131 35.02586350512264, -85.30407708443947 35.02923863871508, -85.30322312572025 35.03122265575527, -85.30156325768097 35.02729775835554, -85.30227017769131 35.02586350512264))","((-85.30227017769131, 35.02586350512264), (-85.30322312572025, 35.03122265575527))"
1822,ROSSVILLE INTMDL,"POLYGON ((-89.5749555549954 35.04477182172554, -89.57871325515394 35.04820833522326, -89.57866426832727 35.04883959670801, -89.57483874692549 35.04741132198902, -89.5749555549954 35.04477182172554))","((-89.5749555549954, 35.04477182172554), (-89.57866426832727, 35.048839596708014))"
1823,RSI LOGISTICS TRANSLOAD,"POLYGON ((-84.59357567456375 37.05499186231363, -84.59433065514641 37.05453325060752, -84.59784881212956 37.0600574110557, -84.59565930666719 37.0591369894537, -84.59357567456375 37.05499186231363))","((-84.59357567456375, 37.054991862313635), (-84.59784881212956, 37.0600574110557))"
1824,RUTHERFORD YARD,"POLYGON ((-76.8113651658625 40.25420340806161, -76.81654228150204 40.25528709578553, -76.74595233104004 40.26784171867919, -76.75315652716797 40.26404257868063, -76.8113651658625 40.25420340806161))","((-76.81654228150204, 40.25528709578553), (-76.74595233104004, 40.26784171867919))"
1825,S LINE,"POLYGON ((-81.11369110576231 32.08046088817966, -81.11396549421482 32.07960725642662, -81.13015970295392 32.08420067636752, -81.12735679290411 32.08423390255708, -81.11369110576231 32.08046088817966))","((-81.11369110576231, 32.08046088817966), (-81.13015970295392, 32.08420067636752))"
1826,SALISBURY,"POLYGON ((-80.45035328837136 35.67612610038998, -80.44785400574857 35.67882140445374, -80.43623461891258 35.68392848533219, -80.43643043992006 35.68332966358768, -80.45035328837136 35.67612610038998))","((-80.45035328837136, 35.67612610038998), (-80.43623461891258, 35.68392848533219))"
1827,SAMUEL REA SHOPS,"POLYGON ((-78.39137822562462 40.42587060507515, -78.39818782529545 40.42760718466215, -78.35506475128156 40.44364116464759, -78.36561166798958 40.4315534043858, -78.39137822562462 40.42587060507515))","((-78.39818782529545, 40.42760718466215), (-78.35506475128156, 40.44364116464759))"
1828,SANDUSKY,"POLYGON ((-82.75350449627071 41.39419811847386, -82.75430364849485 41.39459063430807, -82.73999457216821 41.43492145460964, -82.73595288789433 41.42495326330002, -82.75350449627071 41.39419811847386))","((-82.75350449627071, 41.39419811847386), (-82.73999457216821, 41.43492145460964))"
1829,SAYRE,"POLYGON ((-76.51798743015311 41.98728718208449, -76.51993907408513 41.98917699503635, -76.5206825650835 41.99575198680203, -76.51958026402573 41.99403793738889, -76.51798743015311 41.98728718208449))","((-76.51798743015311, 41.98728718208449), (-76.5206825650835, 41.995751986802034))"
1830,SECAUCUS,"POLYGON ((-74.07130799770924 40.76587044552576, -74.07408218193945 40.76871086132392, -74.08081490902748 40.78552746752344, -74.07988586865946 40.78467025653755, -74.07130799770924 40.76587044552576))","((-74.07130799770924, 40.76587044552576), (-74.08081490902748, 40.785527467523444))"
1831,SELMA,"POLYGON ((-87.00269402540627 32.41250287072503, -87.00297440687793 32.41335538498237, -86.98587669736904 32.41931983859101, -86.99265057457772 32.41569263999563, -87.00269402540627 32.41250287072503))","((-87.00269402540627, 32.41250287072503), (-86.98587669736904, 32.41931983859101))"
1832,SEVEN MILE,"POLYGON ((-79.9980291302188 32.86675332697501, -79.99972913250659 32.86711137481272, -80.00910878676221 32.87800792777303, -80.00847030776934 32.87799052378629, -79.9980291302188 32.86675332697501))","((-79.9980291302188, 32.86675332697501), (-80.00910878676221, 32.87800792777303))"
1833,SEVIER,"POLYGON ((-83.85040500529372 36.02230986541797, -83.80466587010241 36.04252166712587, -83.79923869891593 36.04195558271753, -83.8244514095645 36.02879907874181, -83.85040500529372 36.02230986541797))","((-83.85040500529372, 36.022309865417974), (-83.79923869891593, 36.041955582717534))"
1834,SHARONVILLE,"POLYGON ((-84.43630517565087 39.24611349924351, -84.42328734760974 39.26620237794338, -84.41180564110877 39.27507047872815, -84.41896928866146 39.26517375087809, -84.43630517565087 39.24611349924351))","((-84.43630517565087, 39.246113499243506), (-84.41180564110877, 39.275070478728146))"
1835,SHEFFIELD,"POLYGON ((-87.58556514669691 34.70863953975448, -87.61036687555742 34.70884048456259, -87.64956773083296 34.71553478242961, -87.58618928363595 34.71468166203027, -87.58556514669691 34.70863953975448))","((-87.58556514669691, 34.70863953975448), (-87.64956773083296, 34.715534782429614))"
1836,SHELBYVILLE MIX CTR,"POLYGON ((-85.30215661391092 38.20619765585186, -85.30581275985287 38.20753033988498, -85.28431903366909 38.20923091032067, -85.28933936704233 38.20735547229917, -85.30215661391092 38.20619765585186))","((-85.30581275985287, 38.20753033988498), (-85.28431903366909, 38.20923091032067))"
1837,SHENANDOAH,"POLYGON ((-78.61658128908873 38.46868152017294, -78.62965804740506 38.48841512741073, -78.62734280203181 38.49768094324583, -78.61560285873604 38.47421303772209, -78.61658128908873 38.46868152017294))","((-78.61658128908873, 38.46868152017294), (-78.6273428020318, 38.49768094324583))"
1838,SHIPPS,"POLYGON ((-85.30818533636983 35.0160949679612, -85.30890999568022 35.01662131908667, -85.30350227863384 35.0239390630727, -85.30335910175602 35.02332041826372, -85.30818533636983 35.0160949679612))","((-85.30818533636983, 35.0160949679612), (-85.30350227863384, 35.0239390630727))"
1839,SHIRE OAKS,"POLYGON ((-79.9553133982551 40.24142197150112, -79.95546805101739 40.24229919034067, -79.91761984517997 40.25371877853127, -79.92669889322627 40.24609791283739, -79.9553133982551 40.24142197150112))","((-79.9553133982551, 40.24142197150112), (-79.91761984517997, 40.25371877853127))"
1840,SHIREMANSTOWN,"POLYGON ((-76.94902628450045 40.22579674486602, -76.94269815724842 40.2286202714739, -76.91859831593473 40.23262391242586, -76.91933998237732 40.23196365031775, -76.94902628450045 40.22579674486602))","((-76.94902628450045, 40.22579674486602), (-76.91859831593473, 40.232623912425865))"
1841,SIMPSON,"POLYGON ((-81.72158890445409 30.35978261728044, -81.72307076729329 30.35991761087378, -81.73232085110492 30.36985463713836, -81.7286057605273 30.36865840952061, -81.72158890445409 30.35978261728044))","((-81.7215889044541, 30.359782617280437), (-81.73232085110492, 30.36985463713836))"
1842,SOUTH,"POLYGON ((-88.04484101618641 30.70053936393782, -88.04734035410445 30.70250839640201, -88.05008846489821 30.70842225990512, -88.04628360534255 30.70475217164206, -88.04484101618641 30.70053936393782))","((-88.04484101618641, 30.700539363937818), (-88.05008846489821, 30.708422259905117))"
1843,SOUTH,"POLYGON ((-86.80696539655727 40.37434004442996, -86.80703362845435 40.37344558903939, -86.83172683277007 40.37450142743765, -86.82709114020646 40.37577350107886, -86.80696539655727 40.37434004442996))","((-86.80696539655727, 40.37434004442996), (-86.83172683277007, 40.37450142743765))"
1844,SOUTH BRANCH,"POLYGON ((-76.31378246385469 36.79479270839072, -76.30908759193589 36.79662256573944, -76.29497143209436 36.79762260009839, -76.2953608461723 36.79712181733351, -76.31378246385469 36.79479270839072))","((-76.3137824638547, 36.794792708390716), (-76.29497143209436, 36.79762260009839))"
1845,SOUTH BRANCH,"POLYGON ((-76.3102624915703 36.7954269113543, -76.30904383579923 36.79670771305952, -76.29749624315437 36.79777737199668, -76.2978747184124 36.7972688279696, -76.3102624915703 36.7954269113543))","((-76.3102624915703, 36.7954269113543), (-76.29749624315437, 36.79777737199668))"
1846,SOUTH COLUMBUS,"POLYGON ((-84.95123082739924 32.45136341209495, -84.9592265079895 32.45197609823222, -84.96490085943191 32.45379438082718, -84.94540984106641 32.45516160276445, -84.95123082739924 32.45136341209495))","((-84.9649008594319, 32.453794380827176), (-84.94540984106641, 32.45516160276445))"
1847,SOUTH FORK,"POLYGON ((-78.78438216720947 40.35985553983461, -78.79178846131977 40.36149875282468, -78.79411555300263 40.36523310804429, -78.79348010138777 40.3654145691651, -78.78438216720947 40.35985553983461))","((-78.78438216720947, 40.359855539834605), (-78.79411555300263, 40.36523310804429))"
1848,SOUTH LIMA,"POLYGON ((-84.12120532554474 40.71309416388541, -84.1216324575929 40.71387936035683, -84.10507538434935 40.72417414699889, -84.10673589398198 40.72134163117892, -84.12120532554474 40.71309416388541))","((-84.12120532554474, 40.71309416388541), (-84.10507538434935, 40.72417414699889))"
1849,SOUTH LORAIN,"POLYGON ((-82.09732116672379 41.44657702549898, -82.10122080065423 41.44761014648283, -82.08749844663197 41.44758134664522, -82.09050324592152 41.44663681489007, -82.09732116672379 41.44657702549898))","((-82.10122080065423, 41.44761014648283), (-82.08749844663197, 41.447581346645215))"
1850,SOUTH ROANOKE,"POLYGON ((-79.9508574219761 37.256329017163, -79.95596249268179 37.25908649367096, -79.96025779200629 37.26955852478905, -79.93933723621777 37.26028584363205, -79.9508574219761 37.256329017163))","((-79.96025779200629, 37.269558524789055), (-79.93933723621777, 37.26028584363205))"
1851,SPENCER,"POLYGON ((-80.37286757518903 35.71957497023883, -80.38190112854437 35.72161711051476, -80.31784370176709 35.75083409583829, -80.34701312972815 35.72744416099625, -80.37286757518903 35.71957497023883))","((-80.38190112854437, 35.721617110514764), (-80.31784370176709, 35.750834095838286))"
1852,SPRINGFIELD (NS),"POLYGON ((-89.64299832666731 39.78326664009812, -89.64385771687608 39.78348485127199, -89.64230225058282 39.7961373331968, -89.6415350787863 39.78940491600721, -89.64299832666731 39.78326664009812))","((-89.64299832666731, 39.78326664009812), (-89.64230225058282, 39.7961373331968))"
1853,STEARNS,"POLYGON ((-84.47312831126385 36.68724144504014, -84.47541270448845 36.68994413006331, -84.47558669437849 36.6995306443859, -84.47503903505975 36.69916480428093, -84.47312831126385 36.68724144504014))","((-84.47312831126385, 36.68724144504014), (-84.47558669437849, 36.699530644385895))"
1854,STEEL DYNAMICS,"POLYGON ((-84.91511411600446 41.37628427312293, -84.92409678768026 41.37710348420146, -84.90523335450168 41.37690807290387, -84.90567455611685 41.37644923718473, -84.91511411600446 41.37628427312293))","((-84.92409678768026, 41.377103484201456), (-84.90523335450168, 41.376908072903866))"
1855,SUBARU OF IN,"POLYGON ((-86.80984324322036 40.37603325017184, -86.81133513609952 40.3770098997634, -86.81161312398766 40.38074804532231, -86.81011768254308 40.37931458104376, -86.80984324322036 40.37603325017184))","((-86.80984324322036, 40.37603325017184), (-86.81161312398766, 40.380748045322306))"
1856,SUMNER ST,"POLYGON ((-83.5544280614407 41.62624963879995, -83.55460096931938 41.6271267064309, -83.5417100368615 41.63054989013342, -83.54723680392316 41.62751428240419, -83.5544280614407 41.62624963879995))","((-83.5544280614407, 41.626249638799955), (-83.5417100368615, 41.63054989013342))"
1857,TENNILLE,"POLYGON ((-82.82584371313418 32.928480536557, -82.82439624187141 32.93045071183125, -82.81538459047829 32.93418290367075, -82.81558189921597 32.9335702262145, -82.82584371313418 32.928480536557))","((-82.82584371313418, 32.928480536557), (-82.81538459047829, 32.934182903670745))"
1858,TILTON,"POLYGON ((-87.66383971427572 40.08781112151551, -87.65154484753624 40.09793760998056, -87.64512852413151 40.10042456193712, -87.65061192017801 40.09598135831682, -87.66383971427572 40.08781112151551))","((-87.66383971427572, 40.087811121515514), (-87.64512852413151, 40.10042456193712))"
1859,TIPTON,"POLYGON ((-86.07844378815642 40.28961718169238, -86.0756038544983 40.29078742140631, -86.05080779483561 40.29025463000231, -86.05125382978764 40.28980606912734, -86.07844378815642 40.28961718169238))","((-86.07844378815642, 40.28961718169238), (-86.0508077948356, 40.29025463000231))"
1860,TOCCOA,"POLYGON ((-83.34782599332802 34.57689329781463, -83.35143897369217 34.57770888666561, -83.33921867438079 34.57806172504313, -83.34350630340732 34.5770187975529, -83.34782599332802 34.57689329781463))","((-83.35143897369217, 34.57770888666561), (-83.33921867438079, 34.57806172504313))"
1861,TOLEDO MEGA TERMINAL,"POLYGON ((-83.61336426227724 41.63249795041134, -83.59150125865801 41.63842930565233, -83.56483164001332 41.63832907372954, -83.56522730026084 41.63782194865424, -83.61336426227724 41.63249795041134))","((-83.61336426227724, 41.63249795041134), (-83.56483164001332, 41.638329073729544))"
1862,TOYOTA AUTORAMP,"POLYGON ((-84.53981660284978 38.26738347719731, -84.54268891432135 38.26783296688447, -84.54299685749463 38.26839850851232, -84.53774275170601 38.26916898335883, -84.53981660284978 38.26738347719731))","((-84.54299685749463, 38.26839850851232), (-84.537742751706, 38.26916898335883))"
1863,TRIPLE CROWN,"POLYGON ((-85.09970827466134 41.0619823496201, -85.1008494960015 41.06143966116118, -85.11902148561346 41.06876973167307, -85.11209797042822 41.06717137989048, -85.09970827466134 41.0619823496201))","((-85.09970827466134, 41.061982349620095), (-85.11902148561346, 41.06876973167307))"
1864,VALDOSTA,"POLYGON ((-83.27576740578215 30.8179079251725, -83.27714136361874 30.81764558257509, -83.28530596094477 30.82422857489899, -83.28467706844313 30.82433295796861, -83.27576740578215 30.8179079251725))","((-83.27576740578215, 30.817907925172502), (-83.28530596094477, 30.82422857489899))"
1865,VARDO,"POLYGON ((-77.7410547176211 39.61287179201492, -77.74034723547686 39.61934227995677, -77.73634338874943 39.62795725536815, -77.73615836133033 39.62410211389679, -77.7410547176211 39.61287179201492))","((-77.7410547176211, 39.61287179201492), (-77.73634338874943, 39.62795725536815))"
1866,VARINA YARD,"POLYGON ((-78.78995819676153 35.59126299369241, -78.79310279540564 35.59235893526296, -78.78129644987663 35.59237388292078, -78.7819891691818 35.59183590993173, -78.78995819676153 35.59126299369241))","((-78.79310279540564, 35.592358935262965), (-78.78129644987663, 35.59237388292078))"
1867,VIREOL ETHANOL HOPEWELL,"POLYGON ((-77.28728566125916 37.29394937689557, -77.28808163611636 37.29458214304294, -77.28654195287713 37.30073185481842, -77.28589158897735 37.29552542760776, -77.28728566125916 37.29394937689557))","((-77.28728566125916, 37.29394937689557), (-77.28654195287713, 37.300731854818416))"
1868,VIRGINIA INLAND PORT,"POLYGON ((-78.16955248914807 38.98545593428311, -78.17200189659609 38.98528853136109, -78.1798621910071 38.98885971647458, -78.17748036431315 38.98861603106794, -78.16955248914807 38.98545593428311))","((-78.16955248914807, 38.98545593428311), (-78.1798621910071, 38.98885971647458))"
1869,VOLT MIX CENTER,"POLYGON ((-94.44192502181033 39.16236807736922, -94.44904008114366 39.17259813344134, -94.423866605475 39.19121305721826, -94.42143255407986 39.18194807529166, -94.44192502181033 39.16236807736922))","((-94.44192502181033, 39.162368077369216), (-94.423866605475, 39.19121305721826))"
1870,WARD,"POLYGON ((-83.08269044996773 36.25527830787379, -83.07594970400602 36.26603574129717, -83.07305911986801 36.26842930512016, -83.07871974712536 36.258528440869, -83.08269044996773 36.25527830787379))","((-83.08269044996773, 36.255278307873795), (-83.073059119868, 36.26842930512016))"
1871,WARNER,"POLYGON ((-83.37913258420473 41.91797833771185, -83.37971030463969 41.91865062277714, -83.37205252953657 41.92700618683526, -83.37311819625857 41.9247837587948, -83.37913258420473 41.91797833771185))","((-83.37913258420473, 41.91797833771185), (-83.37205252953657, 41.927006186835264))"
1872,WATKINS ROAD,"POLYGON ((-82.94856953641226 39.89166337317045, -82.95028963115823 39.8965402502377, -82.94686710755836 39.91900214127743, -82.94640670516506 39.89990325495672, -82.94856953641226 39.89166337317045))","((-82.94856953641226, 39.89166337317045), (-82.94686710755836, 39.91900214127743))"
1873,WAYNE (NS),"POLYGON ((-83.42321148038658 42.27132946166478, -83.4097137343105 42.27492946729433, -83.39717931773544 42.27616233023379, -83.39754902110258 42.27565380878608, -83.42321148038658 42.27132946166478))","((-83.42321148038658, 42.271329461664784), (-83.39717931773544, 42.27616233023379))"
1874,WEIRTON STEEL,"POLYGON ((-80.58500476221116 40.41077038712, -80.60060629297013 40.42257628894682, -80.60476523072978 40.43146995506506, -80.58556455539737 40.4129926523217, -80.58500476221116 40.41077038712))","((-80.58500476221116, 40.41077038712), (-80.60476523072978, 40.43146995506506))"
1875,WELLER,"POLYGON ((-82.16815254534536 37.3210525675726, -82.17579519130983 37.32833363730724, -82.17942088190929 37.33904804116315, -82.16383046681635 37.32785361959379, -82.16815254534536 37.3210525675726))","((-82.16815254534536, 37.3210525675726), (-82.1794208819093, 37.339048041163146))"
1876,WENTZVILLE GENERAL MOTORS,"POLYGON ((-90.80981826676025 38.81003338916052, -90.81025654590827 38.80937030449051, -90.84169607050703 38.81296857447247, -90.83001812661028 38.82259599261112, -90.80981826676025 38.81003338916052))","((-90.80981826676025, 38.810033389160516), (-90.84169607050703, 38.81296857447247))"
1877,WEST,"POLYGON ((-83.6519644432796 32.78503163622975, -83.65193036976002 32.78872843604101, -83.63527092193617 32.80962325754122, -83.63953148800364 32.7964194251914, -83.6519644432796 32.78503163622975))","((-83.6519644432796, 32.785031636229746), (-83.63527092193617, 32.80962325754122))"
1878,WEST BROWNSVILLE,"POLYGON ((-79.88074154327926 40.03121643085978, -79.89232809164373 40.04359749864313, -79.8936913497591 40.04812095409203, -79.87590778153961 40.03414120477356, -79.88074154327926 40.03121643085978))","((-79.8936913497591, 40.048120954092035), (-79.87590778153961, 40.03414120477356))"
1879,WEST FALLS YARD,"POLYGON ((-75.20657130232857 40.0110884236568, -75.21445985799552 40.01486868819113, -75.21841938754521 40.01989987225908, -75.20668571924682 40.0117545696248, -75.20657130232857 40.0110884236568))","((-75.20657130232857, 40.0110884236568), (-75.21841938754521, 40.01989987225908))"
1880,WEST FALLS YARD,"POLYGON ((-75.19780661350975 40.00752115923786, -75.19818058076847 40.00670545818527, -75.20759439725124 40.01140706577213, -75.2068075514354 40.01181868875459, -75.19780661350975 40.00752115923786))","((-75.19780661350975, 40.00752115923786), (-75.20759439725124, 40.011407065772126))"
1881,WEST TARENTUM,"POLYGON ((-79.77337858976669 40.58929442403927, -79.76707059300347 40.59662248542126, -79.76274607871188 40.59816135307745, -79.76282468950082 40.59753227678075, -79.77337858976669 40.58929442403927))","((-79.7733785897667, 40.58929442403927), (-79.76274607871188, 40.59816135307745))"
1882,WHITAKER INTERMODAL,"POLYGON ((-84.65183635534957 33.81969055537094, -84.65825586309508 33.8217636768444, -84.67183683586629 33.83746808894259, -84.66728188107236 33.83508308305428, -84.65183635534957 33.81969055537094))","((-84.65183635534957, 33.81969055537094), (-84.67183683586629, 33.837468088942586))"
1883,WILCOE,"POLYGON ((-81.56523871420715 37.38091923937572, -81.56588011981891 37.38122670077893, -81.56800694862864 37.39338691171833, -81.56210636889814 37.38442523433898, -81.56523871420715 37.38091923937572))","((-81.56523871420715, 37.38091923937572), (-81.56800694862864, 37.39338691171833))"
1884,WILDS,"POLYGON ((-90.08672005103419 38.84205824274107, -90.09443542374984 38.84297996437274, -90.10172337596642 38.85687506017182, -90.10108307127989 38.85687038598318, -90.08672005103419 38.84205824274107))","((-90.08672005103419, 38.842058242741075), (-90.10172337596642, 38.856875060171824))"
1885,WILLIAMSON,"POLYGON ((-82.22942284695115 37.65596842324187, -82.23197849145238 37.65592537286992, -82.23419056591329 37.65834908554817, -82.23358793074969 37.65855597805375, -82.22942284695115 37.65596842324187))","((-82.22942284695115, 37.655968423241866), (-82.2341905659133, 37.65834908554817))"
1886,WILLIAMSON,"POLYGON ((-82.22936647226119 37.65592694421088, -82.25832708365699 37.65733383568119, -82.27622471840526 37.67185930686774, -82.23748891903006 37.66256193157626, -82.22936647226119 37.65592694421088))","((-82.22936647226119, 37.65592694421088), (-82.27622471840526, 37.67185930686774))"
1887,WILLOW RUN,"POLYGON ((-83.57466467589121 42.24593797350476, -83.57480098199638 42.24682581698929, -83.54375860883837 42.25152047944587, -83.54543778307286 42.25055628574489, -83.57466467589121 42.24593797350476))","((-83.57466467589121, 42.24593797350476), (-83.54375860883837, 42.251520479445865))"
1888,WILLOW RUN,"POLYGON ((-83.54411960163165 42.25100545011964, -83.54438467830327 42.25185723849663, -83.54184196752058 42.25201053292061, -83.54207228834436 42.25142502257247, -83.54411960163165 42.25100545011964))","((-83.54438467830327, 42.25185723849663), (-83.54184196752058, 42.252010532920615))"
1889,WILMINGTON AUTO RAMP,"POLYGON ((-75.53278619222003 39.70738325256076, -75.53333110083867 39.70931168162794, -75.53239233048043 39.71143295688842, -75.5322092919946 39.70780636798244, -75.53278619222003 39.70738325256076))","((-75.53278619222003, 39.70738325256076), (-75.53239233048043, 39.711432956888416))"
1890,WILSON,"POLYGON ((-83.44109615233781 41.14625328205195, -83.429953277001 41.15281638602853, -83.42075529632554 41.15339497005183, -83.4210492765922 41.15261533306295, -83.44109615233781 41.14625328205195))","((-83.4410961523378, 41.14625328205195), (-83.42075529632554, 41.153394970051835))"
1891,WILSON,"POLYGON ((-83.42118475268825 41.15259429127539, -83.42126461670362 41.15370683517106, -83.41860279179797 41.15313882278787, -83.41895348296755 41.15260498005045, -83.42118475268825 41.15259429127539))","((-83.42126461670362, 41.15370683517106), (-83.41860279179797, 41.15313882278787))"
1892,WILSONVILLE,"POLYGON ((-86.48161850490978 33.233980136018, -86.48187390958469 33.23483974485605, -86.46624832716506 33.23993236949023, -86.46721116654508 33.23894239313058, -86.48161850490978 33.233980136018))","((-86.48161850490978, 33.233980136018005), (-86.46624832716506, 33.23993236949023))"
1893,WINSTON-SALEM EAST,"POLYGON ((-80.21445394160671 36.09025340876087, -80.22114668870783 36.09168834849452, -80.20429977416052 36.0943972031369, -80.20455855873008 36.09381167801683, -80.21445394160671 36.09025340876087))","((-80.22114668870783, 36.09168834849452), (-80.20429977416052, 36.0943972031369))"
1894,WINSTON-SALEM EAST TRANS,"POLYGON ((-80.21509635426814 36.09084021160873, -80.22009795992659 36.09155830585502, -80.20429574324417 36.09438663839256, -80.21224793908861 36.09117898764156, -80.21509635426814 36.09084021160873))","((-80.22009795992659, 36.091558305855024), (-80.20429574324417, 36.094386638392564))"
1895,YATES,"POLYGON ((-84.88737997835766 33.45660768660137, -84.8880471330436 33.45601196194752, -84.89537515565142 33.46343814377165, -84.89117487057212 33.4615359627151, -84.88737997835766 33.45660768660137))","((-84.88737997835766, 33.456607686601366), (-84.89537515565142, 33.46343814377165))"
1896,YORK (NS),"POLYGON ((-76.72412478916486 39.96824304788509, -76.72484208869149 39.96869667264696, -76.72091569591049 39.98348059917343, -76.72254016280975 39.97052438283622, -76.72412478916486 39.96824304788509))","((-76.72412478916486, 39.96824304788509), (-76.72091569591049, 39.98348059917343))"
1897,YOUNGTOWN,"POLYGON ((-85.80273652400734 38.25599426649791, -85.8031142070845 38.27107687708916, -85.79641733754043 38.27362496302586, -85.79614971701805 38.27304017885151, -85.80273652400734 38.25599426649791))","((-85.80273652400734, 38.25599426649791), (-85.79641733754043, 38.27362496302586))"
1898,YUMA,"POLYGON ((-82.58672748415138 36.61530957552926, -82.59247118360521 36.61622925685312, -82.57613675911992 36.61625794331862, -82.57927152906491 36.61546198998187, -82.58672748415138 36.61530957552926))","((-82.59247118360521, 36.61622925685312), (-82.57613675911992, 36.616257943318615))"
1899,NATCHEZ,"POLYGON ((-91.43284343720582 31.52793283604815, -91.43281088918351 31.53330838944349, -91.42913951641498 31.53867733713294, -91.42888340292201 31.53809548849975, -91.43284343720582 31.52793283604815))","((-91.43284343720582, 31.527932836048155), (-91.42913951641498, 31.538677337132942))"
1900,NAPA YARD,"POLYGON ((-122.2794596590729 38.29117089290267, -122.2814429931447 38.29454372297258, -122.2810399207689 38.29760617158028, -122.2804986607348 38.29727095587857, -122.2794596590729 38.29117089290267))","((-122.27945965907287, 38.29117089290267), (-122.28103992076892, 38.297606171580284))"
1901,DUNDEE,"POLYGON ((-74.11232548420693 40.86080875677745, -74.1126899064968 40.86255924854561, -74.11162529986768 40.86287929336708, -74.11137110322451 40.86171438338648, -74.11232548420693 40.86080875677745))","((-74.11232548420693, 40.86080875677745), (-74.11162529986768, 40.86287929336708))"
1902,65TH STREET,"POLYGON ((-74.0257533472512 40.6404523023973, -74.02727155741567 40.64031303338543, -74.03295258905814 40.64405153331974, -74.02965733217675 40.64403605827521, -74.0257533472512 40.6404523023973))","((-74.0257533472512, 40.6404523023973), (-74.03295258905814, 40.64405153331974))"
1903,BUSH TERMINAL,"POLYGON ((-74.01941449294104 40.64975301029385, -74.01861291465721 40.65230423856475, -74.01526157949996 40.65446003281067, -74.01521872473155 40.65383517881143, -74.01941449294104 40.64975301029385))","((-74.01941449294104, 40.64975301029385), (-74.01526157949996, 40.65446003281067))"
1904,GREENVILLE,"POLYGON ((-74.07245731801893 40.67872477689799, -74.07657492899035 40.6790974484844, -74.09421758210196 40.68682935723481, -74.07727437437498 40.68266924592774, -74.07245731801893 40.67872477689799))","((-74.07245731801893, 40.67872477689799), (-74.09421758210196, 40.68682935723481))"
1905,OGDENSBURG,"POLYGON ((-75.48466616200383 44.70419007606953, -75.48752372753685 44.70525934178429, -75.47859109991988 44.70610525416242, -75.47886794647451 44.70554023814976, -75.48466616200383 44.70419007606953))","((-75.48752372753685, 44.70525934178429), (-75.47859109991988, 44.706105254162416))"
1906,CROXTON (NYSW),"POLYGON ((-74.05866178118259 40.75289426342394, -74.05930586842608 40.75351891463815, -74.05130380918894 40.76195017962797, -74.05383058662036 40.75765014855205, -74.05866178118259 40.75289426342394))","((-74.0586617811826, 40.75289426342394), (-74.05130380918894, 40.76195017962797))"
1907,LITTLE FERRY (NYSW),"POLYGON ((-74.02104025311375 40.82125082587684, -74.02983460629896 40.8397066120939, -74.02791694526081 40.84621693806466, -74.02737558123086 40.84589239641194, -74.02104025311375 40.82125082587684))","((-74.02104025311375, 40.82125082587684), (-74.02791694526081, 40.84621693806466))"
1908,MIRRER TRANSFER,"POLYGON ((-74.08883292872299 40.9011171188691, -74.08892748839322 40.90022414536444, -74.10466223734166 40.90222278266431, -74.10417792088386 40.90262486409338, -74.08883292872299 40.9011171188691))","((-74.088832928723, 40.9011171188691), (-74.10466223734166, 40.90222278266431))"
1909,NYSW RESOURCES TERMINAL,"POLYGON ((-74.04931749299203 40.76468671530967, -74.04970376192026 40.76582343428419, -74.04514008885546 40.77150238845073, -74.04499427576199 40.77090865545416, -74.04931749299203 40.76468671530967))","((-74.04931749299203, 40.764686715309665), (-74.04514008885546, 40.771502388450735))"
1910,RESOURCES TERMINAL,"POLYGON ((-74.05121932984963 40.76136275982048, -74.05175035865813 40.7622567951893, -74.04514063331001 40.77150274569869, -74.04501031103551 40.77088204534864, -74.05121932984963 40.76136275982048))","((-74.05121932984963, 40.76136275982048), (-74.04514063331001, 40.77150274569869))"
1911,UTICA (NYSW),"POLYGON ((-75.22825231814107 43.10657299999359, -75.23368593962394 43.10617668133814, -75.24016264973343 43.10827136570627, -75.23837005836069 43.10850540631208, -75.22825231814107 43.10657299999359))","((-75.22825231814107, 43.10657299999359), (-75.24016264973343, 43.10827136570627))"
1912,SUGARCREEK,"POLYGON ((-81.66875695417301 40.47528114546474, -81.66942724481333 40.47579179731567, -81.66837075346901 40.47638336189843, -81.66809870300602 40.47581690359509, -81.66875695417301 40.47528114546474))","((-81.66942724481333, 40.475791797315665), (-81.66809870300602, 40.47581690359509))"
1913,SUGARCREEK,"POLYGON ((-81.6683231883685 40.47555944117319, -81.66603793076324 40.47917913487868, -81.6628754124775 40.47903763455924, -81.66299820016557 40.47841522431182, -81.6683231883685 40.47555944117319))","((-81.6683231883685, 40.47555944117319), (-81.6628754124775, 40.47903763455924))"
1914,MINERVA,"POLYGON ((-81.08573047403215 40.70979903678791, -81.09843103272175 40.71605990336757, -81.10137810007879 40.7192125719138, -81.08844801630515 40.71213668533397, -81.08573047403215 40.70979903678791))","((-81.08573047403215, 40.709799036787906), (-81.10137810007879, 40.7192125719138))"
1915,OWEGO (OHRY),"POLYGON ((-76.27561532562352 42.10516625132877, -76.27546493055243 42.10724600823176, -76.26865895826646 42.10704212380572, -76.26895658713387 42.10647805885954, -76.27561532562352 42.10516625132877))","((-76.27561532562352, 42.10516625132877), (-76.26865895826646, 42.10704212380572))"
1916,EL DORADO (OUCH),"POLYGON ((-92.67286261936145 33.1844556889711, -92.67471151991445 33.19022407054491, -92.66490836173365 33.20253987903221, -92.66468322244265 33.2019387784494, -92.67286261936145 33.1844556889711))","((-92.67286261936145, 33.1844556889711), (-92.66490836173365, 33.20253987903221))"
1917,NORTH,"POLYGON ((-88.61043328674694 37.04293939173866, -88.61097360773532 37.05434120902449, -88.6089131154458 37.06616994754884, -88.60852656661287 37.06413729602003, -88.61043328674694 37.04293939173866))","((-88.61043328674694, 37.04293939173866), (-88.6089131154458, 37.06616994754884))"
1918,NORTH YARD,"POLYGON ((-88.61035487258123 37.04176805068737, -88.61124940047442 37.04184964078238, -88.60888442591603 37.06616847042415, -88.60849739405563 37.06364389623107, -88.61035487258123 37.04176805068737))","((-88.61035487258123, 37.041768050687374), (-88.60888442591603, 37.06616847042415))"
1919,OAK ST,"POLYGON ((-85.77686577723465 38.23516994056784, -85.77764269799096 38.23554589111869, -85.77572616061138 38.24347504405399, -85.77420960742754 38.23972386593696, -85.77686577723465 38.23516994056784))","((-85.77686577723465, 38.23516994056784), (-85.77572616061138, 38.24347504405399))"
1920,PRINCETON,"POLYGON ((-87.91720521376875 37.10366030834962, -87.91101363509846 37.10640202158125, -87.90185115658046 37.10768227921411, -87.90218258528716 37.1071403413116, -87.91720521376875 37.10366030834962))","((-87.91720521376875, 37.103660308349625), (-87.90185115658046, 37.10768227921411))"
1921,SOUTH,"POLYGON ((-88.6100183046312 37.02463081615823, -88.61269538103906 37.03206653673548, -88.61096112928182 37.04486890435032, -88.61046005189712 37.04361316148231, -88.6100183046312 37.02463081615823))","((-88.6100183046312, 37.02463081615823), (-88.61096112928182, 37.04486890435032))"
1922,SOUTH YARD,"POLYGON ((-88.61001826799477 37.02462910042836, -88.61194629645392 37.03236467565522, -88.61080739159731 37.04226355076892, -88.61035255626487 37.04182316304247, -88.61001826799477 37.02462910042836))","((-88.61001826799477, 37.02462910042836), (-88.6108073915973, 37.04226355076892))"
1923,WEST,"POLYGON ((-87.53703992568681 37.30634893025513, -87.54029068548114 37.30718020000209, -87.5216235026551 37.30728473833031, -87.52367434160426 37.30664128663396, -87.53703992568681 37.30634893025513))","((-87.54029068548114, 37.307180200002094), (-87.5216235026551, 37.30728473833031))"
1924,CEDAR HILL,"POLYGON ((-72.86940863774457 41.35079909971515, -72.87029333629179 41.35076082158239, -72.86981775988413 41.35242824983958, -72.86927679211664 41.35210829491938, -72.86940863774457 41.35079909971515))","((-72.8702933362918, 41.35076082158239), (-72.86981775988413, 41.352428249839576))"
1925,DEERFIELD,"POLYGON ((-72.55739555302118 42.56286515137016, -72.55976168028101 42.56288505722093, -72.57654438587004 42.57250732387456, -72.56530584524067 42.57208990741916, -72.55739555302118 42.56286515137016))","((-72.55739555302118, 42.56286515137016), (-72.57654438587004, 42.57250732387456))"
1926,GARDNER,"POLYGON ((-71.97765620059492 42.56506629995965, -71.97790269443549 42.56420699169329, -71.9936976676175 42.56755800533838, -71.98725716158694 42.56850218174305, -71.97765620059492 42.56506629995965))","((-71.97765620059492, 42.565066299959646), (-71.9936976676175, 42.567558005338384))"
1927,HOLYOKE,"POLYGON ((-72.60326969060574 42.1993179538468, -72.60443662731154 42.20126467458448, -72.60132130911224 42.20591839437197, -72.60100962509016 42.20537053637722, -72.60326969060574 42.1993179538468))","((-72.60326969060574, 42.1993179538468), (-72.60132130911224, 42.20591839437197))"
1928,NORTH ADAMS,"POLYGON ((-73.10469414076969 42.68853854029889, -73.10776647208604 42.69001529639292, -73.11309195033979 42.69629037775531, -73.10856265671282 42.69334477377549, -73.10469414076969 42.68853854029889))","((-73.1046941407697, 42.68853854029889), (-73.1130919503398, 42.69629037775531))"
1929,HARRISON SHOPS,"POLYGON ((-74.14569697740242 40.73860857128346, -74.15144980871828 40.74107258720999, -74.12905212557021 40.74316666143321, -74.12937882326707 40.74261416114723, -74.14569697740242 40.73860857128346))","((-74.15144980871828, 40.74107258720999), (-74.12905212557021, 40.743166661433214))"
1930,PATH WALDO MAINTENANCE,"POLYGON ((-74.05113333431989 40.72249723936032, -74.05987131830496 40.72452511820477, -74.06077262784444 40.73038118212611, -74.06014000415698 40.73042030580132, -74.05113333431989 40.72249723936032))","((-74.05113333431989, 40.72249723936032), (-74.06077262784444, 40.73038118212611))"
1931,GILLIAM YARD,"POLYGON ((-120.2040450846588 45.61051153594126, -120.2249116402157 45.61322807129518, -120.2252952883185 45.61373740717234, -120.1980861247715 45.61188615998902, -120.2040450846588 45.61051153594126))","((-120.2252952883185, 45.61373740717234), (-120.19808612477152, 45.61188615998902))"
1932,HOOPER,"POLYGON ((-118.1635001100542 46.74931288285267, -118.1641454470604 46.74992305491776, -118.1594813946606 46.75477186185234, -118.1599896321135 46.75313272545681, -118.1635001100542 46.74931288285267))","((-118.16350011005422, 46.74931288285267), (-118.15948139466057, 46.75477186185234))"
1933,MARLBORO MILLS,"POLYGON ((-79.75821617349487 34.60157029156182, -79.75841748953422 34.6007015530896, -79.76705807608582 34.60290054805248, -79.76510352533842 34.60325819514946, -79.75821617349487 34.60157029156182))","((-79.75821617349487, 34.60157029156182), (-79.76705807608582, 34.60290054805248))"
1934,BERTH 200 PIER A YARD,"POLYGON ((-118.2557876724297 33.77094050196973, -118.2561593297845 33.7717499047062, -118.2521513234276 33.77327409964434, -118.2523133481706 33.77265633589641, -118.2557876724297 33.77094050196973))","((-118.25578767242969, 33.770940501969726), (-118.2521513234276, 33.77327409964434))"
1935,BERTH 200 PIER YARD,"POLYGON ((-118.252338754218 33.77264274016935, -118.2470905962411 33.77759099219364, -118.241521998776 33.77852816382568, -118.241710646853 33.77789887393605, -118.252338754218 33.77264274016935))","((-118.25233875421802, 33.772642740169346), (-118.24152199877604, 33.778528163825676))"
1936,BERTH 200 TRANSFER YARD,"POLYGON ((-118.2540873577857 33.77147966943743, -118.2544710224148 33.77229075303721, -118.2451082289219 33.77682183379432, -118.2472710429196 33.77495757128536, -118.2540873577857 33.77147966943743))","((-118.25408735778569, 33.771479669437426), (-118.2451082289219, 33.776821833794315))"
1937,BERTH 200 WEST BASIN ICTF YARD,"POLYGON ((-118.2557523205296 33.77095306944886, -118.2461827033603 33.77900402798736, -118.2416306683245 33.78055908101695, -118.2417508358129 33.77970514740647, -118.2557523205296 33.77095306944886))","((-118.25575232052964, 33.77095306944886), (-118.24163066832452, 33.78055908101695))"
1938,CUT YARD,"POLYGON ((-118.2149341336871 33.75716354698086, -118.2175281919494 33.76415545712445, -118.207556027408 33.76731742827131, -118.2078605639709 33.76525010985834, -118.2149341336871 33.75716354698086))","((-118.21493413368712, 33.757163546980856), (-118.20755602740796, 33.76731742827131))"
1939,GLOBAL GATEWAY SOUTH YARD,"POLYGON ((-118.2609070610294 33.73303455837462, -118.2615452971169 33.73606190868615, -118.2553309094163 33.74508521325749, -118.2557239613386 33.7415631372554, -118.2609070610294 33.73303455837462))","((-118.26090706102941, 33.73303455837462), (-118.2553309094163, 33.74508521325749))"
1940,HANJIN TERMINAL YARD,"POLYGON ((-118.2319136137114 33.74014568186251, -118.2436789678664 33.74336443226104, -118.2545978040433 33.76072934902717, -118.2395412299816 33.76382844499489, -118.2319136137114 33.74014568186251))","((-118.23191361371138, 33.74014568186251), (-118.25459780404327, 33.760729349027166))"
1941,ITS YARD,"POLYGON ((-118.189708641705 33.738853881884, -118.1919426207994 33.73913998925627, -118.1996074543364 33.75282574376639, -118.1892584917497 33.74706925934702, -118.189708641705 33.738853881884))","((-118.189708641705, 33.738853881884005), (-118.19960745433636, 33.752825743766394))"
1942,LAXT YARD,"POLYGON ((-118.2575408529891 33.74056353924613, -118.2599147408982 33.74812333186809, -118.2507865000266 33.75602701131631, -118.2523300797852 33.74912632336632, -118.2575408529891 33.74056353924613))","((-118.25754085298911, 33.74056353924613), (-118.25078650002658, 33.75602701131631))"
1943,LBC YARD,"POLYGON ((-118.2069412781912 33.75248710199607, -118.207605686052 33.75290019293158, -118.2067579414818 33.76238011929097, -118.2058967279887 33.7539318314024, -118.2069412781912 33.75248710199607))","((-118.20694127819118, 33.752487101996074), (-118.2067579414818, 33.76238011929097))"
1944,NYK / EVERGREEN TERMINAL YARD,"POLYGON ((-118.2649383719855 33.7418275510867, -118.2647579130258 33.75085743962964, -118.2394491583256 33.76323088087344, -118.2406748137339 33.76026768317934, -118.2649383719855 33.7418275510867))","((-118.26493837198554, 33.7418275510867), (-118.23944915832557, 33.763230880873444))"
1945,PCT YARD,"POLYGON ((-118.1965804420561 33.73624891102002, -118.2017572146264 33.73607631864119, -118.2038182231416 33.73789840757316, -118.1960057786015 33.73911771549743, -118.1965804420561 33.73624891102002))","((-118.20381822314157, 33.737898407573155), (-118.19600577860147, 33.73911771549743))"
1946,PIER 400 YARD,"POLYGON ((-118.251363329606 33.72362004344472, -118.2520918861671 33.72528721344504, -118.2386269704584 33.73193214276471, -118.2391362546444 33.72768522337459, -118.251363329606 33.72362004344472))","((-118.25136332960598, 33.72362004344472), (-118.23862697045838, 33.731932142764705))"
1947,PIER A YARD,"POLYGON ((-118.272248907993 33.75488912246316, -118.2705569901589 33.76131844555209, -118.2644020437395 33.76599827506605, -118.264312406544 33.76536693507076, -118.272248907993 33.75488912246316))","((-118.27224890799296, 33.75488912246316), (-118.26440204373947, 33.765998275066046))"
1948,PIER B YARD,"POLYGON ((-118.2073586623608 33.76819752142747, -118.2081277008505 33.76795091565219, -118.2206547183311 33.78166871714497, -118.2077552159665 33.77750402283673, -118.2073586623608 33.76819752142747))","((-118.20735866236082, 33.768197521427474), (-118.22065471833109, 33.78166871714497))"
1949,PIER F YARD,"POLYGON ((-118.2075366197801 33.74127569212553, -118.2140554268661 33.74584358560834, -118.2145868749984 33.74848705511648, -118.2097116444299 33.74507919880272, -118.2075366197801 33.74127569212553))","((-118.20753661978014, 33.741275692125534), (-118.21458687499842, 33.748487055116485))"
1950,PIER G YARD,"POLYGON ((-118.2061405560627 33.74489991975327, -118.2117691207773 33.7487399154556, -118.2074480873558 33.76515961048961, -118.2047144796858 33.75938961979423, -118.2061405560627 33.74489991975327))","((-118.20614055606272, 33.744899919753266), (-118.20744808735584, 33.76515961048961))"
1951,PIER J YARD,"POLYGON ((-118.1865455081201 33.73309507352651, -118.1945803625249 33.73272426233608, -118.1966571893381 33.73523655114506, -118.1869188901852 33.73403026118987, -118.1865455081201 33.73309507352651))","((-118.18654550812006, 33.73309507352651), (-118.19665718933805, 33.735236551145064))"
1952,SAN PEDRO YARD,"POLYGON ((-118.277650327009 33.72691175890868, -118.2800183378411 33.73243053082584, -118.279396925627 33.7387938981424, -118.2788052010091 33.73805419047277, -118.277650327009 33.72691175890868))","((-118.277650327009, 33.726911758908685), (-118.27939692562704, 33.738793898142404))"
1953,TOYOTA TERMINAL YARD,"POLYGON ((-118.2188985876881 33.77508937858671, -118.219911508709 33.77520287417409, -118.2192955422174 33.78144162668629, -118.2176398389115 33.77989252746917, -118.2188985876881 33.77508937858671))","((-118.21889858768809, 33.775089378586706), (-118.21929554221741, 33.781441626686295))"
1954,TRANSFER YARD,"POLYGON ((-118.2540526077916 33.77149585458436, -118.2523719146714 33.77358662356283, -118.2415136461001 33.77851322983415, -118.2417029178116 33.77790278956515, -118.2540526077916 33.77149585458436))","((-118.25405260779156, 33.77149585458436), (-118.24151364610009, 33.778513229834154))"
1955,YANG MING TERMINAL YARD,"POLYGON ((-118.280316235829 33.75019710005721, -118.2906757875892 33.75463189495036, -118.2801798456158 33.76961909818808, -118.279742082107 33.7691564862167, -118.280316235829 33.75019710005721))","((-118.28031623582903, 33.75019710005721), (-118.28017984561585, 33.76961909818808))"
1956,TRI-CITY REGIONAL PORT,"POLYGON ((-90.16719015595341 38.69778158704462, -90.1660887360611 38.69915933137835, -90.16023084490146 38.69942160553955, -90.1622050349078 38.69782503295494, -90.16719015595341 38.69778158704462))","((-90.1671901559534, 38.69778158704462), (-90.16023084490146, 38.69942160553955))"
1957,LONGVIEW (PLV),"POLYGON ((-122.9146836118426 46.10490065201905, -122.9168138757954 46.10514994826728, -122.9219347693749 46.10746067818621, -122.9202724443435 46.1077116734422, -122.9146836118426 46.10490065201905))","((-122.91468361184258, 46.10490065201905), (-122.92193476937489, 46.10746067818621))"
1958,PORT OF LONGVIEW,"POLYGON ((-122.9232104739839 46.10619558328203, -122.9235967602336 46.10699650960228, -122.9211273333404 46.10753990448659, -122.921274100427 46.10692754302285, -122.9232104739839 46.10619558328203))","((-122.92359676023358, 46.106996509602276), (-122.92112733334035, 46.107539904486586))"
1959,BORGER,"POLYGON ((-101.3931329505636 35.65396180460599, -101.3937498931216 35.65459280448618, -101.3847843578359 35.6666638082624, -101.3821410084824 35.66382512577996, -101.3931329505636 35.65396180460599))","((-101.3931329505636, 35.65396180460599), (-101.38478435783588, 35.6666638082624))"
1960,ALBANY YARD (PNWR),"POLYGON ((-123.0696616596334 44.64311075249347, -123.0703343169951 44.64340434756554, -123.0766335055761 44.67618966512131, -123.0643478876611 44.65548828507583, -123.0696616596334 44.64311075249347))","((-123.06966165963337, 44.64311075249347), (-123.07663350557613, 44.676189665121306))"
1961,BANKS YARD,"POLYGON ((-123.1078882141315 45.61573667127165, -123.1096844146049 45.61611624310475, -123.1140445223212 45.62157805079427, -123.1127723327808 45.62116712855346, -123.1078882141315 45.61573667127165))","((-123.10788821413148, 45.61573667127165), (-123.11404452232118, 45.62157805079427))"
1962,COLUMBIA CITY YARD,"POLYGON ((-122.8112314493894 45.89345395654644, -122.8120741499482 45.89317799664475, -122.8147271743393 45.90093177527861, -122.8124387937621 45.89803450897736, -122.8112314493894 45.89345395654644))","((-122.81123144938941, 45.893453956546445), (-122.81472717433928, 45.900931775278615))"
1963,CORVALLIS YARD,"POLYGON ((-123.2679805207795 44.55674756918477, -123.2690796609979 44.5611188909055, -123.265864134128 44.56189213825481, -123.2656108774699 44.56131725729674, -123.2679805207795 44.55674756918477))","((-123.2679805207795, 44.55674756918477), (-123.26586413412801, 44.561892138254805))"
1964,EUGENE YARD,"POLYGON ((-123.1368485529816 44.06684301285528, -123.1379262398674 44.0666128967643, -123.1491212066062 44.07927190575505, -123.1478706493063 44.07873597461885, -123.1368485529816 44.06684301285528))","((-123.13684855298165, 44.06684301285528), (-123.14912120660624, 44.07927190575505))"
1965,HILLSBORO YARD,"POLYGON ((-122.9936821481572 45.51428465657948, -122.9907393899773 45.51630281310191, -122.9851438996242 45.51614518395575, -122.9854696790715 45.51563089088198, -122.9936821481572 45.51428465657948))","((-122.99368214815716, 45.514284656579484), (-122.9851438996242, 45.51614518395575))"
1966,LINNTON YARD,"POLYGON ((-122.7845719725305 45.59903780026963, -122.785418968443 45.59860173076481, -122.7885864489896 45.60358731193325, -122.7879589608955 45.60355226143975, -122.7845719725305 45.59903780026963))","((-122.78457197253053, 45.59903780026963), (-122.78858644898956, 45.60358731193325))"
1967,LOGANVILLE YARD,"POLYGON ((-122.8878348843472 45.16784407558582, -122.8884587910375 45.1684881303573, -122.8817893387549 45.17511693842213, -122.8822579201984 45.17360045136998, -122.8878348843472 45.16784407558582))","((-122.88783488434719, 45.16784407558582), (-122.8817893387549, 45.17511693842213))"
1968,NEWBURG YARD,"POLYGON ((-122.9766751650161 45.30344088609026, -122.977036248312 45.30426320858488, -122.9653527411322 45.30911687069136, -122.9660844601835 45.30821365714604, -122.9766751650161 45.30344088609026))","((-122.97667516501608, 45.30344088609026), (-122.96535274113224, 45.30911687069136))"
1969,ST JOSEPH YARD,"POLYGON ((-123.1459149400592 45.23551950687203, -123.1459873037702 45.2375059782751, -123.1433789958715 45.2386820699093, -123.1433295360317 45.23805394570817, -123.1459149400592 45.23551950687203))","((-123.1459149400592, 45.23551950687203), (-123.1433789958715, 45.2386820699093))"
1970,TIGARD YARD,"POLYGON ((-122.7564404338925 45.42041994066981, -122.7586592773525 45.42072054755275, -122.765654212632 45.42697506617623, -122.7650023640015 45.42708378733111, -122.7564404338925 45.42041994066981))","((-122.75644043389255, 45.42041994066981), (-122.76565421263201, 45.42697506617623))"
1971,V&S JCT YARD,"POLYGON ((-123.1859640389101 44.86278693637554, -123.1867484769367 44.86286833233234, -123.1894917163284 44.87077262201383, -123.1866847945643 44.86592377632875, -123.1859640389101 44.86278693637554))","((-123.18596403891014, 44.86278693637554), (-123.18949171632839, 44.87077262201383))"
1972,MCKEES ROCKS (POHC),"POLYGON ((-80.06025479149703 40.46556264636229, -80.06102037407315 40.46600819543302, -80.05895434129967 40.46929335708425, -80.05866995491095 40.46845302519436, -80.06025479149703 40.46556264636229))","((-80.06025479149703, 40.46556264636229), (-80.05895434129967, 40.469293357084254))"
1973,SCULLY,"POLYGON ((-80.09224028035005 40.45105210556136, -80.09267614739035 40.45757666637131, -80.07942437440803 40.46212971685134, -80.08081103444621 40.46022301733446, -80.09224028035005 40.45105210556136))","((-80.09224028035005, 40.45105210556136), (-80.07942437440803, 40.462129716851344))"
1974,NEWPORT,"POLYGON ((-117.0414075545293 48.17879849980427, -117.0421463378834 48.17903732712341, -117.0423292630159 48.18420740542637, -117.0406183192078 48.18201701774859, -117.0414075545293 48.17879849980427))","((-117.0414075545293, 48.178798499804266), (-117.04232926301594, 48.18420740542637))"
1975,CANADYS,"POLYGON ((-80.62632621662668 33.06007745941174, -80.62691641908103 33.06068102263518, -80.62313698150038 33.06612127400561, -80.62240898796594 33.06231053066509, -80.62632621662668 33.06007745941174))","((-80.62632621662668, 33.06007745941174), (-80.62313698150038, 33.06612127400561))"
1976,COLUMBUS ST PORT,"POLYGON ((-79.92999647621522 32.79244067989585, -79.93176197576193 32.79343533894809, -79.93551981107309 32.80206888705186, -79.9270455383686 32.79687448823129, -79.92999647621522 32.79244067989585))","((-79.92999647621522, 32.79244067989585), (-79.93551981107309, 32.80206888705186))"
1977,COSGROVE YARD,"POLYGON ((-79.97973188793893 32.894865137829, -79.97879935031193 32.90080267380985, -79.97247390153383 32.90383117959651, -79.97240683287272 32.903175134642, -79.97973188793893 32.894865137829))","((-79.97973188793893, 32.894865137829), (-79.97247390153383, 32.90383117959651))"
1978,NORTH CHARLESTON PRT,"POLYGON ((-79.96907198331948 32.90382660311127, -79.96916600413141 32.9047181087251, -79.96378459909968 32.90489196509847, -79.96442691833239 32.90402410505332, -79.96907198331948 32.90382660311127))","((-79.96907198331948, 32.90382660311127), (-79.96378459909968, 32.90489196509847))"
1979,NORTH PORT ICTF,"POLYGON ((-79.9594730671832 32.85058123344924, -79.96677259669535 32.85615275555079, -79.96909532517607 32.86052896487087, -79.96621169577122 32.85962195714979, -79.9594730671832 32.85058123344924))","((-79.9594730671832, 32.85058123344924), (-79.96909532517607, 32.86052896487087))"
1980,NUCOR #1,"POLYGON ((-79.86867099637649 32.99690377666415, -79.87059843299377 32.9963986285482, -79.87800697420636 32.99940378920543, -79.87503478428624 32.99923067186666, -79.86867099637649 32.99690377666415))","((-79.8686709963765, 32.99690377666415), (-79.87800697420636, 32.99940378920543))"
1981,NUCOR #2,"POLYGON ((-79.86564498462889 32.97951354428026, -79.86580685595005 32.97863186041413, -79.88014878899999 32.9807598134224, -79.87668758199518 32.98111007392963, -79.86564498462889 32.97951354428026))","((-79.86564498462889, 32.97951354428026), (-79.88014878899999, 32.9807598134224))"
1982,STATE JCT,"POLYGON ((-79.84475392564624 33.1375230169334, -79.8452139904105 33.13675545595121, -79.85901695856832 33.14396493558659, -79.85733821882256 33.14377982371333, -79.84475392564624 33.1375230169334))","((-79.84475392564624, 33.1375230169334), (-79.85901695856832, 33.14396493558659))"
1983,ABERDEEN,"POLYGON ((-123.8243029982113 46.96681405704914, -123.8193936876439 46.97082465559595, -123.8139774589464 46.97260144871968, -123.8159651172568 46.97041904366322, -123.8243029982113 46.96681405704914))","((-123.82430299821131, 46.96681405704914), (-123.81397745894643, 46.97260144871968))"
1984,ABERDEEN YARD,"POLYGON ((-123.8242630941824 46.96683191393549, -123.8246738601566 46.967630794488, -123.8139669490248 46.97258207648627, -123.8141597538061 46.97197909422543, -123.8242630941824 46.96683191393549))","((-123.82467386015664, 46.967630794488), (-123.81396694902479, 46.97258207648627))"
1985,HOQUIAM,"POLYGON ((-123.8829725406573 46.97224322069505, -123.8870897056783 46.97272194934672, -123.8877733507355 46.97342763107951, -123.8827104382647 46.9732869816906, -123.8829725406573 46.97224322069505))","((-123.88777335073549, 46.97342763107951), (-123.88271043826474, 46.9732869816906))"
1986,HOQUIAM YARD,"POLYGON ((-123.8825677512965 46.97318648939095, -123.8826322245912 46.97229166277594, -123.8877855770267 46.97333559039473, -123.8873254170238 46.9737717993815, -123.8825677512965 46.97318648939095))","((-123.8826322245912, 46.97229166277594), (-123.88778557702666, 46.973335590394726))"
1987,PORT OF GRAYS HARBOR,"POLYGON ((-123.8400619992906 46.96041087249016, -123.8424742142315 46.96049528393277, -123.8545345872088 46.96613551223302, -123.8334205057599 46.96726604595415, -123.8400619992906 46.96041087249016))","((-123.85453458720876, 46.966135512233016), (-123.83342050575992, 46.967266045954155))"
1988,TERMINAL 4 ON-SIDE DOCK,"POLYGON ((-123.8381929671881 46.96061497705768, -123.8387207092232 46.96122644625103, -123.8367929969227 46.96390626873065, -123.8367960767521 46.9616649873646, -123.8381929671881 46.96061497705768))","((-123.83819296718815, 46.96061497705768), (-123.8367929969227, 46.96390626873065))"
1989,LOWER LUBBOCK,"POLYGON ((-101.8147056436042 33.56345026261157, -101.8192968383388 33.56426015638819, -101.830461131552 33.57624309333099, -101.8280808323462 33.57499061087486, -101.8147056436042 33.56345026261157))","((-101.81470564360419, 33.56345026261157), (-101.830461131552, 33.57624309333099))"
1990,STUART MESA YARD,"POLYGON ((-117.4116159572197 33.24079252073315, -117.4136734534887 33.24161678825813, -117.4181456034801 33.24815831601935, -117.4173591401557 33.24803101680165, -117.4116159572197 33.24079252073315))","((-117.41161595721968, 33.24079252073315), (-117.41814560348014, 33.24815831601935))"
1991,AMERICAN,"POLYGON ((-95.22456377531478 29.7462150951392, -95.22471117350962 29.747099057672, -95.21202039635881 29.74954479778553, -95.21541207262852 29.74802752051056, -95.22456377531478 29.7462150951392))","((-95.22456377531478, 29.7462150951392), (-95.21202039635881, 29.74954479778553))"
1992,BASIN,"POLYGON ((-95.29775467088895 29.76057263540824, -95.29813694819987 29.76189598079068, -95.29047633583835 29.77217803272706, -95.29167076357938 29.76910070256779, -95.29775467088895 29.76057263540824))","((-95.29775467088895, 29.760572635408238), (-95.29047633583835, 29.77217803272706))"
1993,BOOTH,"POLYGON ((-95.28358535831465 29.7400444772028, -95.28423172948723 29.73943473316067, -95.28752875119581 29.74315171906995, -95.28570704051732 29.74274543224238, -95.28358535831465 29.7400444772028))","((-95.28358535831465, 29.740044477202797), (-95.28752875119581, 29.74315171906995))"
1994,CHEVRON PHILLIPS PASADENA,"POLYGON ((-95.18122586855782 29.72001797797211, -95.18253274417233 29.72425087999706, -95.17930781572697 29.72730273878843, -95.1792436001101 29.72042468821311, -95.18122586855782 29.72001797797211))","((-95.18122586855782, 29.72001797797211), (-95.17930781572697, 29.727302738788428))"
1995,MANCHESTER,"POLYGON ((-95.25640088614817 29.71363781339696, -95.25949495196505 29.71324526395206, -95.26805259143364 29.71692592304722, -95.26237245783948 29.71617955516071, -95.25640088614817 29.71363781339696))","((-95.25640088614817, 29.71363781339696), (-95.26805259143364, 29.716925923047217))"
1996,NORTH,"POLYGON ((-95.287110206596 29.75319386753638, -95.29463563877978 29.75877543682444, -95.28830827621621 29.77705712838168, -95.2877768301986 29.77644795749908, -95.287110206596 29.75319386753638))","((-95.287110206596, 29.753193867536382), (-95.28830827621621, 29.777057128381685))"
1997,OLD CITY,"POLYGON ((-95.28699836001206 29.74329379316817, -95.29189238566241 29.74371605071772, -95.29414893518664 29.74576214309376, -95.29359104322815 29.74604716463483, -95.28699836001206 29.74329379316817))","((-95.28699836001206, 29.74329379316817), (-95.29414893518664, 29.745762143093764))"
1998,PASADENA,"POLYGON ((-95.2048773027542 29.71773521752904, -95.19680112516119 29.72619055314529, -95.19005950606478 29.72697056662359, -95.19021852387931 29.72635488419424, -95.2048773027542 29.71773521752904))","((-95.2048773027542, 29.717735217529043), (-95.19005950606478, 29.72697056662359))"
1999,PENN CITY,"POLYGON ((-95.15601979611746 29.75790402063944, -95.15624836409755 29.75705132953837, -95.16891469973893 29.75845870504653, -95.16184526341831 29.75900752805175, -95.15601979611746 29.75790402063944))","((-95.15601979611746, 29.75790402063944), (-95.16891469973893, 29.758458705046525))"
2000,WESTFIELD (PVRR),"POLYGON ((-72.74555181799765 42.13087208253324, -72.74618378592137 42.13200129729712, -72.74315781793409 42.13661112544361, -72.74290340037574 42.13602756896089, -72.74555181799765 42.13087208253324))","((-72.74555181799765, 42.130872082533244), (-72.74315781793409, 42.136611125443615))"
2001,6TH STREET PP,"POLYGON ((-91.66892847542361 41.98270364929116, -91.66940130686039 41.98490443717919, -91.66080834335125 41.98967955903422, -91.66232064227064 41.98498053801121, -91.66892847542361 41.98270364929116))","((-91.66892847542361, 41.98270364929116), (-91.66080834335125, 41.989679559034215))"
2002,APPLIANCE PARK,"POLYGON ((-85.65357526589018 38.16335187376271, -85.65463113971151 38.17059162839529, -85.6537672694834 38.17607685702872, -85.65282874493067 38.17216460000055, -85.65357526589018 38.16335187376271))","((-85.65357526589018, 38.163351873762714), (-85.6537672694834, 38.17607685702872))"
2003,CLEWISTON REFINERY,"POLYGON ((-80.93690034566744 26.73319998056898, -80.9310580891535 26.73565508871147, -80.92349862074194 26.73535485745274, -80.92386949627316 26.7348305386773, -80.93690034566744 26.73319998056898))","((-80.93690034566744, 26.733199980568976), (-80.92349862074194, 26.73535485745274))"
2004,NEBRASKA CITY,"POLYGON ((-95.85561082260605 40.66809055155142, -95.85590293525196 40.66893206457804, -95.84855396604968 40.67164898635441, -95.84876256120937 40.67102399459264, -95.85561082260605 40.66809055155142))","((-95.85561082260605, 40.668090551551416), (-95.84855396604968, 40.671648986354406))"
2005,PLANT MARSHALL,"POLYGON ((-80.96897597938663 35.59921232517974, -80.96900236142189 35.59831708145256, -80.97783845086427 35.59922004371808, -80.97737160123769 35.59964812104276, -80.96897597938663 35.59921232517974))","((-80.96900236142189, 35.59831708145256), (-80.97783845086427, 35.599220043718084))"
2006,SAYRE,"POLYGON ((-76.51229002235897 41.9897825435085, -76.51325434771749 41.98906605610474, -76.5194142860547 41.99257008127554, -76.51485026363267 41.9913310330612, -76.51229002235897 41.9897825435085))","((-76.51229002235897, 41.9897825435085), (-76.5194142860547, 41.99257008127554))"
2007,THOMSON WORKS,"POLYGON ((-79.85089961939993 40.38848295719037, -79.86144821209568 40.39292346369678, -79.86167668092754 40.3935117831801, -79.84693292346326 40.39305091626269, -79.85089961939993 40.38848295719037))","((-79.86167668092754, 40.393511783180095), (-79.84693292346326, 40.39305091626269))"
2008,THOMSON WORKS (CSXT),"POLYGON ((-79.85590423408507 40.39199772974709, -79.86018841058387 40.39238077337627, -79.86289377677946 40.39421150044247, -79.86233902111262 40.39452216986768, -79.85590423408507 40.39199772974709))","((-79.85590423408507, 40.39199772974709), (-79.86289377677946, 40.39421150044247))"
2009,TOYOTA AUTOLOAD,"POLYGON ((-87.55673668879626 38.29959170076424, -87.55867220845872 38.30097947188767, -87.5579267379629 38.30449586738532, -87.55739645896794 38.30415028396089, -87.55673668879626 38.29959170076424))","((-87.55673668879626, 38.29959170076424), (-87.5579267379629, 38.30449586738532))"
2010,TOYOTA PLANT,"POLYGON ((-87.55321113024647 38.30773063140919, -87.54951285248984 38.30960944030546, -87.53542271009368 38.31153235382, -87.54107423545236 38.30965462717696, -87.55321113024647 38.30773063140919))","((-87.55321113024647, 38.307730631409186), (-87.53542271009368, 38.31153235382))"
2011,VOLKSWAGEN AUTO PLANT,"POLYGON ((-85.14503617591133 35.07941816070616, -85.14461843638752 35.08269047928555, -85.13957646928095 35.08905138590217, -85.13981720632974 35.08633607445437, -85.14503617591133 35.07941816070616))","((-85.14503617591133, 35.07941816070616), (-85.13957646928095, 35.08905138590217))"
2012,W R GRACE #1,"POLYGON ((-81.91462298046487 27.9171506122185, -81.91550837666271 27.91720010661906, -81.91516206379683 27.92618013946807, -81.91435671162129 27.92373308993741, -81.91462298046487 27.9171506122185))","((-81.91462298046487, 27.9171506122185), (-81.91516206379683, 27.92618013946807))"
2013,W R GRACE #2,"POLYGON ((-81.91979173712228 27.89877288756016, -81.92105353022282 27.90129028201096, -81.9206395729301 27.90865280397789, -81.91980320663293 27.90579330607045, -81.91979173712228 27.89877288756016))","((-81.91979173712228, 27.898772887560156), (-81.9206395729301, 27.90865280397789))"
2014,W R GRACE #3,"POLYGON ((-81.91704116051656 27.89863831974414, -81.91871277250132 27.898711260644, -81.91796827287442 27.90646944954116, -81.9170020847894 27.90245644861206, -81.91704116051656 27.89863831974414))","((-81.91704116051656, 27.898638319744137), (-81.91796827287442, 27.906469449541156))"
2015,WEYERHAUSER-LONGVIEW,"POLYGON ((-122.9579752271039 46.11840313177996, -122.9625208476175 46.12047377524632, -122.9707430202723 46.12702561001009, -122.9588229133766 46.12028841005502, -122.9579752271039 46.11840313177996))","((-122.95797522710394, 46.11840313177996), (-122.9707430202723, 46.12702561001009))"
2016,CEDAR HILL,"POLYGON ((-72.88814202901342 41.3278708923617, -72.8869343472462 41.33113861138531, -72.86944100015972 41.35235126401619, -72.87088840372519 41.34430545572174, -72.88814202901342 41.3278708923617))","((-72.88814202901342, 41.3278708923617), (-72.86944100015972, 41.352351264016185))"
2017,NORWICH,"POLYGON ((-72.07607792016032 41.51662767412411, -72.07698901188796 41.51672315783406, -72.07672179399852 41.52203408719257, -72.07602485793403 41.52076167595375, -72.07607792016032 41.51662767412411))","((-72.07607792016032, 41.51662767412411), (-72.07672179399852, 41.522034087192566))"
2018,PLAINFIELD,"POLYGON ((-71.92030863453842 41.67986687352492, -71.92118371755268 41.6800470456612, -71.92009993135848 41.68230529270107, -71.91970142152154 41.68180918692916, -71.92030863453842 41.67986687352492))","((-71.92118371755268, 41.680047045661205), (-71.92009993135848, 41.68230529270107))"
2019,PROVIDENCE,"POLYGON ((-71.41325186387886 41.84629147275876, -71.41078857923364 41.85402867310556, -71.39942731894928 41.87241251246067, -71.40677199087183 41.85738330256514, -71.41325186387886 41.84629147275876))","((-71.41325186387886, 41.84629147275876), (-71.39942731894928, 41.87241251246067))"
2020,QUINSIGAMOND,"POLYGON ((-71.78284309473415 42.20944352960987, -71.78368211309882 42.20917269500092, -71.79956905114739 42.23880883123623, -71.79317876325526 42.23297686574665, -71.78284309473415 42.20944352960987))","((-71.78284309473415, 42.20944352960987), (-71.79956905114739, 42.238808831236234))"
2021,SOUTH WORCESTER,"POLYGON ((-71.80434631114403 42.24580710561293, -71.81225329997709 42.24766154698307, -71.80785194310042 42.25410676240753, -71.80724676283226 42.25385288434847, -71.80434631114403 42.24580710561293))","((-71.80434631114403, 42.24580710561293), (-71.80785194310042, 42.25410676240753))"
2022,VALLEY FALLS,"POLYGON ((-71.3894537473585 41.90254652966178, -71.39106439731694 41.90316194070783, -71.39479076081474 41.91048280784094, -71.39187536361771 41.90825969653662, -71.3894537473585 41.90254652966178))","((-71.3894537473585, 41.90254652966178), (-71.39479076081474, 41.91048280784094))"
2023,WARWICK,"POLYGON ((-71.42337755212601 41.77731741666666, -71.42423382500864 41.77758569974525, -71.42160637076816 41.78427361562134, -71.42164629923903 41.78206141383175, -71.42337755212601 41.77731741666666))","((-71.42423382500864, 41.77758569974525), (-71.42160637076816, 41.784273615621345))"
2024,CRESSONA,"POLYGON ((-76.19111414671866 40.6280656500846, -76.19745092205562 40.63954556921121, -76.17589076287734 40.63056143806998, -76.17626562744856 40.63004686530798, -76.19111414671866 40.6280656500846))","((-76.19745092205562, 40.63954556921121), (-76.17589076287734, 40.63056143806998))"
2025,PENOBSCOTT,"POLYGON ((-75.8638434980495 41.16467935510059, -75.86450836911091 41.16432111335513, -75.87650195793547 41.17153294721692, -75.86670738165554 41.17095281194381, -75.8638434980495 41.16467935510059))","((-75.8638434980495, 41.16467935510059), (-75.87650195793547, 41.171532947216924))"
2026,PITTSTON,"POLYGON ((-75.78809199270474 41.34564999549411, -75.80382236811747 41.35540124383825, -75.80178303121757 41.3664097227662, -75.80114824268973 41.36628034169881, -75.78809199270474 41.34564999549411))","((-75.78809199270474, 41.345649995494114), (-75.80178303121757, 41.3664097227662))"
2027,ST NICHOLAS,"POLYGON ((-76.19555601208519 40.80086064947059, -76.19509819513337 40.80195830484598, -76.17834203766115 40.80388778931312, -76.1795539156827 40.80305637289647, -76.19555601208519 40.80086064947059))","((-76.19555601208519, 40.800860649470586), (-76.17834203766115, 40.80388778931312))"
2028,TAMAQUA,"POLYGON ((-75.96197810111185 40.78248315120386, -75.96521774162861 40.78510378873489, -75.96988545721506 40.7965296906039, -75.96927652517674 40.79634404487036, -75.96197810111185 40.78248315120386))","((-75.96197810111185, 40.782483151203856), (-75.96988545721506, 40.7965296906039))"
2029,BELLE FORCHE,"POLYGON ((-103.8539531383895 44.67155284516642, -103.8581319357998 44.67227472080021, -103.8612222274136 44.67480566390725, -103.8606408485814 44.67504511692931, -103.8539531383895 44.67155284516642))","((-103.85395313838951, 44.671552845166424), (-103.86122222741358, 44.67480566390725))"
2030,HURON,"POLYGON ((-98.20316141856365 44.36514390104146, -98.20953911423153 44.36516623154836, -98.24755423596814 44.37240800377919, -98.20589901326795 44.36623190124307, -98.20316141856365 44.36514390104146))","((-98.20316141856365, 44.365143901041456), (-98.24755423596814, 44.37240800377919))"
2031,PIERRE,"POLYGON ((-100.309358893978 44.35470981412069, -100.3344079302657 44.36005308534737, -100.3347467036767 44.36058413494941, -100.3073030325257 44.35547570104728, -100.309358893978 44.35470981412069))","((-100.33474670367673, 44.360584134949406), (-100.30730303252565, 44.355475701047276))"
2032,PRESSLER JCT,"POLYGON ((-103.2055487860654 44.07673265396586, -103.205934693305 44.07592243164449, -103.2151666802938 44.08027315521262, -103.2134549838246 44.08030028638637, -103.2055487860654 44.07673265396586))","((-103.20554878606545, 44.076732653965855), (-103.21516668029378, 44.08027315521262))"
2033,RAPID CITY,"POLYGON ((-103.1880077910694 44.04677539279602, -103.188898439703 44.0467072184243, -103.1908204892762 44.0595945141152, -103.1899467740778 44.05835142960539, -103.1880077910694 44.04677539279602))","((-103.18800779106942, 44.04677539279602), (-103.1908204892762, 44.0595945141152))"
2034,HONDA AUTO,"POLYGON ((-86.34326668111665 33.3177122572821, -86.34336382419082 33.31682275966651, -86.35276156866297 33.31764963366511, -86.35086584559637 33.31828008083323, -86.34326668111665 33.3177122572821))","((-86.34326668111665, 33.3177122572821), (-86.35276156866297, 33.317649633665106))"
2035,LEXINGTON (RJCC),"POLYGON ((-84.50739208344693 38.05346541396904, -84.50775502024183 38.05265320972568, -84.51479624521247 38.0559072665537, -84.51276034467585 38.05600968625736, -84.50739208344693 38.05346541396904))","((-84.50739208344693, 38.05346541396904), (-84.51479624521247, 38.0559072665537))"
2036,TENNESSEE,"POLYGON ((-89.88486818885474 35.02170367487687, -89.88547173125951 35.02106501416342, -89.91220153967868 35.03789115575843, -89.891782525922 35.0285894181407, -89.88486818885474 35.02170367487687))","((-89.88486818885474, 35.02170367487687), (-89.91220153967868, 35.03789115575843))"
2037,DOVER,"POLYGON ((-81.483460719189 40.51664756105044, -81.48621826610049 40.51861729060317, -81.48908802646724 40.52490433617159, -81.48846257322833 40.52477370309563, -81.483460719189 40.51664756105044))","((-81.483460719189, 40.51664756105044), (-81.48908802646724, 40.524904336171595))"
2038,CLEARFIELD,"POLYGON ((-78.41416112115438 41.02484062284725, -78.41607890794522 41.02503981375727, -78.43305673935575 41.03242839156975, -78.4115163905383 41.02582521586537, -78.41416112115438 41.02484062284725))","((-78.43305673935575, 41.03242839156975), (-78.4115163905383, 41.025825215865375))"
2039,CRESSON,"POLYGON ((-78.59163267883088 40.46547029677868, -78.60084661200897 40.46591992490507, -78.60126770324986 40.46639678463115, -78.59148320249851 40.46653549230448, -78.59163267883088 40.46547029677868))","((-78.60126770324986, 40.46639678463115), (-78.59148320249851, 40.46653549230448))"
2040,WEST LIMA,"POLYGON ((-84.10818016509036 40.72343558136271, -84.11772791379657 40.72397339034422, -84.11814357631293 40.72448913226521, -84.10687057442175 40.72420654946529, -84.10818016509036 40.72343558136271))","((-84.11814357631293, 40.724489132265205), (-84.10687057442175, 40.724206549465286))"
2041,CHEVRON YARD,"POLYGON ((-122.3779866832187 37.93690091834581, -122.3903129141011 37.93791053127167, -122.392072423671 37.93910300569578, -122.3691983042957 37.94171038363903, -122.3779866832187 37.93690091834581))","((-122.39207242367104, 37.93910300569578), (-122.36919830429565, 37.941710383639034))"
2042,MEEKER AVE YARD,"POLYGON ((-122.3464902722491 37.91787864441031, -122.3540853469017 37.91796443387391, -122.3544827672586 37.91846051368456, -122.348964805387 37.91954484767112, -122.3464902722491 37.91787864441031))","((-122.34649027224907, 37.91787864441031), (-122.35448276725856, 37.918460513684565))"
2043,WEST CHEVRON YARD,"POLYGON ((-122.3901668125711 37.93884561729873, -122.3919516439342 37.93864858745496, -122.3930204529459 37.94074620998975, -122.3918027844152 37.94125667985308, -122.3901668125711 37.93884561729873))","((-122.39016681257107, 37.93884561729873), (-122.39302045294595, 37.940746209989754))"
2044,ROCHESTER BROOKS AVE,"POLYGON ((-77.68261091599125 43.11924544462108, -77.68010515798005 43.12436345651943, -77.66506621471704 43.14026606426854, -77.66516873096916 43.13939797913009, -77.68261091599125 43.11924544462108))","((-77.68261091599125, 43.11924544462108), (-77.66506621471704, 43.140266064268545))"
2045,HARLINGEN,"POLYGON ((-97.70353421254212 26.20099716435038, -97.70601571421234 26.20232919956874, -97.71274013659711 26.21487748131346, -97.71209343423112 26.21475238375178, -97.70353421254212 26.20099716435038))","((-97.70353421254212, 26.200997164350383), (-97.7127401365971, 26.21487748131346))"
2046,GARDEN CITY #2,"POLYGON ((-81.13606965578563 32.11442115396033, -81.14333823473511 32.11528819067244, -81.14368034458396 32.11581431143453, -81.13439331473394 32.11560201897381, -81.13606965578563 32.11442115396033))","((-81.14368034458396, 32.115814311434534), (-81.13439331473394, 32.11560201897381))"
2047,MASON ICTF,"POLYGON ((-81.14655580445222 32.11432421858603, -81.14746110300177 32.11663800802789, -81.14605823002319 32.12455655565982, -81.14563102619434 32.12408430014381, -81.14655580445222 32.11432421858603))","((-81.14655580445222, 32.11432421858603), (-81.14605823002319, 32.12455655565982))"
2048,SAPT #1,"POLYGON ((-81.13246800017525 32.09829973109462, -81.13285973660508 32.09906899273508, -81.1280915999705 32.10214927228891, -81.12893658772795 32.1003825349356, -81.13246800017525 32.09829973109462))","((-81.13246800017525, 32.09829973109462), (-81.1280915999705, 32.10214927228891))"
2049,SAPT #1 YARD,"POLYGON ((-81.12818293234226 32.10138362069054, -81.12900696776498 32.10154756672342, -81.12837328520594 32.10248572656555, -81.12785632718966 32.10210459479522, -81.12818293234226 32.10138362069054))","((-81.12900696776498, 32.10154756672342), (-81.12785632718966, 32.10210459479522))"
2050,SAPT #2,"POLYGON ((-81.13707741213216 32.09732215706385, -81.13481230992625 32.09870000728674, -81.12729541275624 32.0991545995666, -81.13050256780944 32.09783536623437, -81.13707741213216 32.09732215706385))","((-81.13707741213216, 32.09732215706385), (-81.12729541275624, 32.099154599566596))"
2051,BUFFALO CREEK (BPRR),"POLYGON ((-78.84042532454761 42.83319672287174, -78.84111541476581 42.83351163015961, -78.84257472097138 42.847305016547, -78.83696865947529 42.83661791891566, -78.84042532454761 42.83319672287174))","((-78.84042532454761, 42.83319672287174), (-78.84257472097138, 42.847305016547))"
2052,SENECA,"POLYGON ((-78.83582144306443 42.80717187730907, -78.83668350920512 42.80730347721467, -78.83768775158498 42.82325644700338, -78.83388682115431 42.81200019631366, -78.83582144306443 42.80717187730907))","((-78.83582144306443, 42.80717187730907), (-78.83768775158498, 42.82325644700338))"
2053,SENECA (BPRR),"POLYGON ((-78.83717041364848 42.82285253255144, -78.838054161401 42.82270630718124, -78.83812243595138 42.8271911498964, -78.83759697426201 42.82684154945363, -78.83717041364848 42.82285253255144))","((-78.838054161401, 42.82270630718124), (-78.83812243595138, 42.8271911498964))"
2054,THIRTY NINTH STREET,"POLYGON ((-73.99158508044924 40.64595921428491, -73.99666416215324 40.64707838120493, -74.00209197760321 40.65109496747203, -73.99938543860873 40.65157617434344, -73.99158508044924 40.64595921428491))","((-73.99158508044924, 40.64595921428491), (-74.00209197760321, 40.65109496747203))"
2055,FOURTH ST YARD,"POLYGON ((-118.2241139140612 34.02566379265155, -118.2298927978992 34.04722683471672, -118.2284845925864 34.05247068390833, -118.2279822435876 34.05209214312113, -118.2241139140612 34.02566379265155))","((-118.22411391406118, 34.02566379265155), (-118.22848459258636, 34.052470683908325))"
2056,GEMCO YARD,"POLYGON ((-118.4297328537685 34.20841664093597, -118.4306452715885 34.20766061407009, -118.4488044620606 34.2116779490454, -118.4436006825617 34.21160954368492, -118.4297328537685 34.20841664093597))","((-118.42973285376854, 34.208416640935965), (-118.44880446206056, 34.211677949045395))"
2057,KAISER YARD,"POLYGON ((-117.4945679277464 34.09322033938351, -117.4849941355541 34.09472523032905, -117.4644158794848 34.09443470035951, -117.4648535158644 34.09398110722901, -117.4945679277464 34.09322033938351))","((-117.49456792774642, 34.09322033938351), (-117.46441587948479, 34.09443470035951))"
2058,METROLINK SHOPS YARD,"POLYGON ((-118.2264184777954 34.08130641163422, -118.2272337024351 34.08114203743702, -118.2359219580803 34.09496638833702, -118.2269273062503 34.09028133174011, -118.2264184777954 34.08130641163422))","((-118.2264184777954, 34.08130641163422), (-118.23592195808031, 34.09496638833702))"
2059,RAYMER YARD,"POLYGON ((-118.4742842612521 34.21721771806721, -118.4744620250469 34.21634221275337, -118.4806368079502 34.21805866056862, -118.4801465929706 34.2184545098114, -118.4742842612521 34.21721771806721))","((-118.47446202504695, 34.21634221275337), (-118.48063680795016, 34.21805866056862))"
2060,SANTA FE AVE YARD (AMTK),"POLYGON ((-118.2271696853438 34.01779753958303, -118.2323859695629 34.04390574675791, -118.2270290605182 34.05796473787577, -118.2243978765689 34.02125870287382, -118.2271696853438 34.01779753958303))","((-118.22716968534378, 34.01779753958303), (-118.22702906051823, 34.05796473787577))"
2061,SHOPS YARD (LATC),"POLYGON ((-118.2259848787696 34.05986244625164, -118.2261497484463 34.06226578312122, -118.2225491671797 34.06294686207696, -118.2225912272898 34.06231574621096, -118.2259848787696 34.05986244625164))","((-118.22598487876964, 34.05986244625164), (-118.22254916717974, 34.06294686207696))"
2062,SOUTH CHICAGO,"POLYGON ((-87.53892340202783 41.71777936546508, -87.54073235848058 41.72236943507643, -87.53779820835275 41.72456951983821, -87.53741197774727 41.72406251247144, -87.53892340202783 41.71777936546508))","((-87.53892340202783, 41.717779365465084), (-87.53779820835275, 41.724569519838205))"
2063,SOUTH CHICAGO (SCIH),"POLYGON ((-87.53892340202783 41.71777936546508, -87.5409272305868 41.7220988520385, -87.53778897135062 41.7245682051683, -87.53741205347237 41.72406196888195, -87.53892340202783 41.71777936546508))","((-87.53892340202783, 41.717779365465084), (-87.53778897135062, 41.7245682051683))"
2064,BISHOPVILLE,"POLYGON ((-80.2705398503623 34.17341668929157, -80.26956853755269 34.17662871920106, -80.26241714919198 34.18437430181853, -80.26289810408537 34.18294444981704, -80.2705398503623 34.17341668929157))","((-80.2705398503623, 34.17341668929157), (-80.26241714919198, 34.18437430181853))"
2065,FLOYD,"POLYGON ((-79.92727649991585 34.37126006671838, -79.93209228069603 34.37050591696697, -79.94641282289905 34.37277244747821, -79.9435567333493 34.37308168624048, -79.92727649991585 34.37126006671838))","((-79.92727649991585, 34.371260066718385), (-79.94641282289905, 34.372772447478205))"
2066,WELLMAN SPUR,"POLYGON ((-79.81561172124408 34.26989193556637, -79.81154782183741 34.27330950690992, -79.80451416550437 34.27070600908261, -79.80494834602078 34.27023864530317, -79.81561172124408 34.26989193556637))","((-79.81561172124408, 34.26989193556637), (-79.80451416550437, 34.27070600908261))"
2067,CANAL POINT,"POLYGON ((-80.61580920683325 26.84324270857992, -80.61844973661158 26.84265866966911, -80.6290923934823 26.84545437521092, -80.62420257411833 26.84529669655637, -80.61580920683325 26.84324270857992))","((-80.61580920683325, 26.84324270857992), (-80.6290923934823, 26.845454375210917))"
2068,EAST BROOK YARD,"POLYGON ((-117.3890660850113 33.20851460365515, -117.38993513932 33.20834129443062, -117.3917267910429 33.21663287710203, -117.3903262634696 33.21488818471855, -117.3890660850113 33.20851460365515))","((-117.3890660850113, 33.20851460365515), (-117.39172679104288, 33.21663287710203))"
2069,ESCONDIDO YARD,"POLYGON ((-117.0954586015336 33.12011060359181, -117.0959347140907 33.11938811933307, -117.1026115922735 33.12232178344712, -117.0978658536981 33.12167384598323, -117.0954586015336 33.12011060359181))","((-117.09545860153358, 33.12011060359181), (-117.1026115922735, 33.12232178344712))"
2070,STUART MESA FACILITY YARD,"POLYGON ((-117.4104643420317 33.23981842265876, -117.4149615971009 33.24213956579492, -117.4207082750988 33.25153745313661, -117.4200816874977 33.25147227123887, -117.4104643420317 33.23981842265876))","((-117.41046434203173, 33.239818422658765), (-117.42070827509879, 33.251537453136606))"
2071,STUART MESA YARD,"POLYGON ((-117.4104667632306 33.23982133150299, -117.4126649548133 33.24072814940575, -117.418027221762 33.24807081720196, -117.4173669951176 33.24804064052349, -117.4104667632306 33.23982133150299))","((-117.41046676323063, 33.23982133150299), (-117.41802722176203, 33.248070817201956))"
2072,OAKDALE YARD,"POLYGON ((-120.8366880826967 37.76104632129977, -120.8421795951941 37.76107801466167, -120.842577702211 37.76157980579545, -120.8347380205431 37.76188730492971, -120.8366880826967 37.76104632129977))","((-120.84257770221105, 37.76157980579545), (-120.8347380205431, 37.76188730492971))"
2073,YOLO PORT YARD,"POLYGON ((-121.5355491256188 38.56131567809686, -121.5393828778631 38.56250193630004, -121.5282608743891 38.56264429638851, -121.5300759701475 38.56138602432285, -121.5355491256188 38.56131567809686))","((-121.5393828778631, 38.56250193630004), (-121.5282608743891, 38.56264429638851))"
2074,HIALEAH (CSXT),"POLYGON ((-80.2580466350198 25.84800718131368, -80.26011533952703 25.84855804990178, -80.26008028594323 25.87062998320419, -80.25592139339709 25.85006020428835, -80.2580466350198 25.84800718131368))","((-80.2580466350198, 25.84800718131368), (-80.26008028594323, 25.87062998320419))"
2075,ALDENE (SIRR),"POLYGON ((-74.29528973554399 40.65602755834134, -74.29539655776513 40.65691929011103, -74.28055221854494 40.65857476622944, -74.28379708162898 40.65753443371084, -74.29528973554399 40.65602755834134))","((-74.29528973554399, 40.656027558341336), (-74.28055221854494, 40.658574766229435))"
2076,EXXON BAYWAY,"POLYGON ((-74.23009635436742 40.63856469435153, -74.23162905800564 40.63939292218173, -74.22431911696006 40.63915699022927, -74.22471420014092 40.63866585328705, -74.23009635436742 40.63856469435153))","((-74.23162905800564, 40.63939292218173), (-74.22431911696006, 40.63915699022927))"
2077,EXXON BAYWAY SOUTH,"POLYGON ((-74.21817048449421 40.6301245874408, -74.21648308160617 40.63397821247757, -74.21372677626152 40.63359420101484, -74.21302451275871 40.63045562890014, -74.21817048449421 40.6301245874408))","((-74.21817048449421, 40.6301245874408), (-74.21372677626152, 40.633594201014844))"
2078,NEW YORK CONTAINER TERMINAL,"POLYGON ((-74.18063171588285 40.62989118296387, -74.18096200789948 40.64102915565977, -74.15794608863821 40.63388434438643, -74.15831899793656 40.63336017662478, -74.18063171588285 40.62989118296387))","((-74.18096200789948, 40.641029155659766), (-74.15794608863821, 40.63388434438643))"
2079,EXETER YARD,"POLYGON ((-119.1309201042605 36.28839515829262, -119.1436416500621 36.2967210505869, -119.1450218423261 36.2997610253003, -119.1309481474203 36.29884800205598, -119.1309201042605 36.28839515829262))","((-119.1309201042605, 36.288395158292616), (-119.14502184232609, 36.2997610253003))"
2080,SEGURO YARD,"POLYGON ((-119.0088672770353 35.41905920452755, -119.0071754343581 35.42048284865265, -119.002831441561 35.42031997735185, -119.0042689097759 35.41948900412387, -119.0088672770353 35.41905920452755))","((-119.00886727703528, 35.41905920452755), (-119.00283144156097, 35.42031997735185))"
2081,CHANUTE,"POLYGON ((-95.45670812534175 37.66671660822009, -95.45722608426053 37.67055790024563, -95.45014777899831 37.69292433968655, -95.44981795842948 37.69237427252065, -95.45670812534175 37.66671660822009))","((-95.45670812534175, 37.666716608220085), (-95.45014777899831, 37.69292433968655))"
2082,COFFEYVILLE,"POLYGON ((-95.62269838908772 37.03086043609277, -95.62275763049843 37.02996591605431, -95.63197431831809 37.03043482548484, -95.62786241119065 37.03125349097381, -95.62269838908772 37.03086043609277))","((-95.62269838908772, 37.030860436092766), (-95.63197431831809, 37.03043482548484))"
2083,MOLINE,"POLYGON ((-96.31244350796817 37.35803549572979, -96.3126200250816 37.35891530216502, -96.29802132741602 37.36200778512641, -96.30266564254626 37.3601085140945, -96.31244350796817 37.35803549572979))","((-96.31244350796817, 37.358035495729794), (-96.29802132741602, 37.36200778512641))"
2084,NEODESHA,"POLYGON ((-95.68817238769776 37.41834779070704, -95.69104390057602 37.41902829681057, -95.69805998495427 37.42862068524961, -95.68794271572891 37.42859499483642, -95.68817238769776 37.41834779070704))","((-95.68817238769776, 37.41834779070704), (-95.69805998495427, 37.42862068524961))"
2085,TULSA,"POLYGON ((-95.98414525043597 36.16233046452844, -95.98445869966467 36.16743273913549, -95.98074615759737 36.17076499941518, -95.98048067390779 36.17019504706573, -95.98414525043597 36.16233046452844))","((-95.98414525043597, 36.162330464528445), (-95.98074615759737, 36.17076499941518))"
2086,WINFIELD (SKOL),"POLYGON ((-97.00460903630737 37.24345848715254, -97.01239657181206 37.24476509925844, -97.01512556710513 37.24623794128485, -97.00391877135806 37.24427664009494, -97.00460903630737 37.24345848715254))","((-97.01512556710513, 37.246237941284846), (-97.00391877135806, 37.24427664009494))"
2087,SLATON,"POLYGON ((-101.6246502156039 33.43462691868577, -101.6251612546457 33.43389129260774, -101.6498710230129 33.44920218672608, -101.6309055211015 33.43905005040504, -101.6246502156039 33.43462691868577))","((-101.62465021560385, 33.43462691868577), (-101.64987102301286, 33.449202186726076))"
2088,SCOULAR GRAIN,"POLYGON ((-103.0614695897027 41.220015953734, -103.049574685282 41.22612183769198, -103.0310228884762 41.22478913179463, -103.0563529695686 41.22027016730551, -103.0614695897027 41.220015953734))","((-103.06146958970272, 41.220015953734), (-103.03102288847624, 41.22478913179463))"
2089,BERLIN,"POLYGON ((-71.18470417983879 44.47028843923825, -71.18546197061498 44.47001348641616, -71.19845693419819 44.48313711714693, -71.18917689915035 44.47860446159727, -71.18470417983879 44.47028843923825))","((-71.18470417983879, 44.47028843923825), (-71.19845693419819, 44.48313711714693))"
2090,ISLAND FALLS,"POLYGON ((-71.86485266539019 44.81288746357365, -71.88342456600758 44.8155823140507, -71.88630175333788 44.81750466741314, -71.87421215646906 44.81647027192335, -71.86485266539019 44.81288746357365))","((-71.86485266539019, 44.81288746357365), (-71.88630175333788, 44.81750466741314))"
2091,PAULSBORO,"POLYGON ((-75.25204145270186 39.83228716529206, -75.25078430973774 39.83695866242559, -75.24444050949526 39.83467948031321, -75.24471238088788 39.83410285276567, -75.25204145270186 39.83228716529206))","((-75.25204145270186, 39.83228716529206), (-75.24444050949526, 39.83467948031321))"
2092,PAULSBORO-MOBIL,"POLYGON ((-75.25047513411752 39.83695318802943, -75.25062549512208 39.8360852820571, -75.25467678211179 39.83689606436236, -75.25367755833301 39.83758596981259, -75.25047513411752 39.83695318802943))","((-75.25047513411752, 39.83695318802943), (-75.25467678211179, 39.83689606436236))"
2093,OKLAHOMA CITY EAST,"POLYGON ((-97.488735355277 35.45421713465173, -97.48889275351321 35.45333410745496, -97.50379993050701 35.45560067485729, -97.50093201309195 35.45596410246929, -97.488735355277 35.45421713465173))","((-97.488735355277, 35.454217134651735), (-97.50379993050701, 35.45560067485729))"
2094,SNYDER,"POLYGON ((-98.95762666535171 34.66002104214589, -98.95630460013599 34.66112783877275, -98.94657469250185 34.66081990021535, -98.94700926152254 34.66035483535232, -98.95762666535171 34.66002104214589))","((-98.95762666535171, 34.66002104214589), (-98.94657469250185, 34.66081990021535))"
2095,SCOTCHVILLE,"POLYGON ((-81.59079517328239 30.7540408264639, -81.59178681166809 30.7534337700153, -81.59988385101119 30.75757984655133, -81.5987065316809 30.75761860030588, -81.59079517328239 30.7540408264639))","((-81.59079517328239, 30.754040826463896), (-81.59988385101119, 30.757579846551327))"
2096,GUADALUPE YARD (SMV),"POLYGON ((-120.5703974762078 34.95242584235226, -120.57302507385 34.9535428119142, -120.5737249236139 34.95721932958845, -120.5731042775228 34.95711097648606, -120.5703974762078 34.95242584235226))","((-120.5703974762078, 34.95242584235226), (-120.57372492361394, 34.957219329588455))"
2097,SANTA MARIA YARD,"POLYGON ((-120.433518857868 34.9454168107352, -120.434129957163 34.94660552481035, -120.4313576848448 34.94596789922768, -120.4317049472625 34.94542917182322, -120.433518857868 34.9454168107352))","((-120.434129957163, 34.94660552481035), (-120.43135768484483, 34.94596789922768))"
2098,WARESBORO,"POLYGON ((-82.47760619750557 31.24924938758946, -82.47779655029856 31.24837903067424, -82.5192475082855 31.25277855007915, -82.51875965322451 31.25319031034969, -82.47760619750557 31.24924938758946))","((-82.47760619750557, 31.24924938758946), (-82.5192475082855, 31.25277855007915))"
2099,NORTH CREEK,"POLYGON ((-73.98797750943477 43.70315162484692, -73.98872936896532 43.70240325929079, -73.99079184763816 43.70391126852768, -73.99023047188778 43.70420903895624, -73.98797750943477 43.70315162484692))","((-73.98797750943477, 43.703151624846925), (-73.99079184763816, 43.70391126852768))"
2100,WATSONVILLE YARD,"POLYGON ((-121.7450037912958 36.89402412955183, -121.745659475203 36.89379892478992, -121.7479069089116 36.89571068026437, -121.7456833443971 36.89580574210231, -121.7450037912958 36.89402412955183))","((-121.74500379129577, 36.89402412955183), (-121.74790690891159, 36.89571068026437))"
2101,SALEM,"POLYGON ((-75.46391548024587 39.57357043296974, -75.46466800944712 39.57518722474978, -75.46264025297927 39.57798905462089, -75.46233166126197 39.57742888704163, -75.46391548024587 39.57357043296974))","((-75.46391548024587, 39.57357043296974), (-75.46264025297927, 39.57798905462089))"
2102,CHEYENNE LOGISTICS HUB,"POLYGON ((-104.8916071872044 41.05317675913377, -104.8914143469121 41.05737686545985, -104.8805937142573 41.06829781111207, -104.8821062391454 41.06517495414657, -104.8916071872044 41.05317675913377))","((-104.89160718720443, 41.05317675913377), (-104.88059371425729, 41.06829781111207))"
2103,MARSHALL (WIR),"POLYGON ((-117.4930464231439 47.55852759122292, -117.4945069260009 47.55909862974373, -117.4948023920819 47.56222711926584, -117.4942119476242 47.56199939685295, -117.4930464231439 47.55852759122292))","((-117.49304642314387, 47.55852759122292), (-117.49480239208192, 47.56222711926584))"
2104,PALOUSE,"POLYGON ((-117.0811221184446 46.90689062674031, -117.0846165874351 46.90735695457442, -117.0865981602689 46.90889233908906, -117.0798394893888 46.90754180978038, -117.0811221184446 46.90689062674031))","((-117.08659816026888, 46.90889233908906), (-117.0798394893888, 46.907541809780376))"
2105,(MBTA) FITCHBURG,"POLYGON ((-71.14095489599063 42.39255623382608, -71.14117599514501 42.39168565879199, -71.14808738935815 42.39400720544227, -71.14757829971121 42.39434098117457, -71.14095489599063 42.39255623382608))","((-71.141175995145, 42.39168565879199), (-71.14808738935815, 42.39400720544227))"
2106,ST MAIRES,"POLYGON ((-116.5602191537812 47.31606259276617, -116.5612298818712 47.31529474340722, -116.5647672897859 47.3168181163301, -116.5642467492428 47.31718546061415, -116.5602191537812 47.31606259276617))","((-116.56021915378125, 47.316062592766166), (-116.56476728978588, 47.3168181163301))"
2107,ST MARIES,"POLYGON ((-116.5601155373816 47.31601904583173, -116.5604040706061 47.31518543726532, -116.5968823184644 47.32090343586675, -116.5663519838486 47.31951558082451, -116.5601155373816 47.31601904583173))","((-116.56011553738163, 47.31601904583173), (-116.59688231846437, 47.320903435866754))"
2108,KETTLE FALLS,"POLYGON ((-118.0513710176431 48.61008178091712, -118.0499924712687 48.61122511268794, -118.042964981651 48.61111421062753, -118.0433365707935 48.61060344422615, -118.0513710176431 48.61008178091712))","((-118.05137101764315, 48.61008178091712), (-118.04296498165104, 48.61111421062753))"
2109,17TH STREET,"POLYGON ((-89.17367130320291 36.99697390422858, -89.18038540111961 36.99737967967543, -89.18255532937707 36.99872958152329, -89.18205147913683 36.99907630679002, -89.17367130320291 36.99697390422858))","((-89.17367130320291, 36.99697390422858), (-89.18255532937707, 36.998729581523286))"
2110,DAVISVILLE,"POLYGON ((-71.46488381387786 41.60621729826946, -71.46650808498779 41.60563422326479, -71.47557362635726 41.60887404408757, -71.47502419927423 41.60918554280185, -71.46488381387786 41.60621729826946))","((-71.46488381387786, 41.60621729826946), (-71.47557362635726, 41.60887404408757))"
2111,QUONSET AUTO LOAD,"POLYGON ((-71.41935843749916 41.61319371763053, -71.41964496349048 41.61403480044408, -71.41351073969841 41.61587068598676, -71.41373191655772 41.61526911372098, -71.41935843749916 41.61319371763053))","((-71.41935843749916, 41.61319371763053), (-71.41351073969841, 41.61587068598676))"
2112,DEMING,"POLYGON ((-107.7711679861067 32.26975047561829, -107.7691047152195 32.27124889055294, -107.7586909028881 32.27172440828946, -107.7590827044517 32.27122812080559, -107.7711679861067 32.26975047561829))","((-107.77116798610666, 32.26975047561829), (-107.75869090288813, 32.27172440828946))"
2113,YOUNGWOOD,"POLYGON ((-79.57576493800025 40.23848046309826, -79.57594297157938 40.24137692381854, -79.57203979545616 40.2500545873003, -79.57176688669951 40.24947801437879, -79.57576493800025 40.23848046309826))","((-79.57576493800025, 40.238480463098256), (-79.57203979545616, 40.2500545873003))"
2114,INTERCHANGE YARD,"POLYGON ((-88.04613311310855 30.71077417137654, -88.05100135323028 30.71595397406892, -88.05352217570703 30.72516219663412, -88.05071886375171 30.72220441787419, -88.04613311310855 30.71077417137654))","((-88.04613311310855, 30.710774171376542), (-88.05352217570703, 30.725162196634123))"
2115,CENTRAL POINTE,"POLYGON ((-97.34830680711589 31.10764106537405, -97.35487902232286 31.13377095168598, -97.3465959184463 31.1490615193405, -97.33727096504175 31.14417399550096, -97.34830680711589 31.10764106537405))","((-97.34830680711589, 31.107641065374047), (-97.3465959184463, 31.149061519340496))"
2116,TEMPLE,"POLYGON ((-97.3488486904149 31.10015371737605, -97.3497449409299 31.10015957115484, -97.35059453520469 31.1240712635329, -97.34828722567134 31.10782599376144, -97.3488486904149 31.10015371737605))","((-97.3488486904149, 31.100153717376052), (-97.35059453520469, 31.1240712635329))"
2117,TRI-CITY,"POLYGON ((-119.2870649868191 46.31927071966473, -119.2887192770803 46.32886881683925, -119.2864014676124 46.33414818315171, -119.2857635371564 46.32011270869565, -119.2870649868191 46.31927071966473))","((-119.28706498681915, 46.31927071966473), (-119.28640146761235, 46.33414818315171))"
2118,TRI-CITY YARD,"POLYGON ((-119.2868016534497 46.3196530642832, -119.2884436039333 46.33051610578498, -119.2863747909321 46.33414701580776, -119.2859594092097 46.3336721355831, -119.2868016534497 46.3196530642832))","((-119.28680165344969, 46.3196530642832), (-119.28637479093209, 46.33414701580776))"
2119,TUMWATER,"POLYGON ((-122.8913350861686 47.00131827544075, -122.8956083290975 47.00188158013971, -122.8992060099622 47.00719416617169, -122.8985693512036 47.00726164080635, -122.8913350861686 47.00131827544075))","((-122.8913350861686, 47.00131827544075), (-122.89920600996223, 47.00719416617169))"
2120,TEXAS CITY TERMINAL,"POLYGON ((-94.93952522893514 29.34972119526216, -94.9399968206811 29.35048444036243, -94.91908045046061 29.36434254151854, -94.92599798403187 29.35798362779567, -94.93952522893514 29.34972119526216))","((-94.93952522893514, 29.34972119526216), (-94.91908045046061, 29.364342541518543))"
2121,RIGBY,"POLYGON ((-70.29966194892165 43.60736616420512, -70.30040538643988 43.60778826342258, -70.29846647298193 43.61492278357415, -70.29442933340513 43.61232945330735, -70.29966194892165 43.60736616420512))","((-70.29966194892165, 43.607366164205125), (-70.29846647298193, 43.61492278357415))"
2122,DERIDDER,"POLYGON ((-93.28705928246512 30.83503654098708, -93.28671188714732 30.83724103690485, -93.27506392157592 30.84120320901544, -93.27527764035862 30.84060422419008, -93.28705928246512 30.83503654098708))","((-93.28705928246512, 30.835036540987083), (-93.27506392157592, 30.841203209015443))"
2123,KIRBYVILLE,"POLYGON ((-93.89071704797627 30.6570202974034, -93.88996024877071 30.65725460222166, -93.89000896452374 30.6563481519584, -93.8906441560699 30.65634452108324, -93.89071704797627 30.6570202974034))","((-93.8899602487707, 30.657254602221656), (-93.8906441560699, 30.656344521083245))"
2124,BELT LINE,"POLYGON ((-122.37732322548 47.24721481915888, -122.3950758418751 47.24761441902129, -122.4044898115926 47.25479016030856, -122.372910476269 47.25377993534451, -122.37732322548 47.24721481915888))","((-122.40448981159263, 47.25479016030856), (-122.37291047626896, 47.25377993534451))"
2125,TMBL-OCCIDENTAL,"POLYGON ((-122.3996077886047 47.27448903990755, -122.4006360741171 47.27400570607449, -122.4087101151716 47.27964048423558, -122.4078080895599 47.27969502459902, -122.3996077886047 47.27448903990755))","((-122.39960778860474, 47.27448903990755), (-122.4087101151716, 47.27964048423558))"
2126,TMBL-SEALAND,"POLYGON ((-122.4054392887004 47.25762915510645, -122.4129246095839 47.26340844222702, -122.4107517711365 47.26644576064567, -122.4101196963833 47.26627802414485, -122.4054392887004 47.25762915510645))","((-122.40543928870035, 47.25762915510645), (-122.41075177113652, 47.266445760645674))"
2127,TMBL CONTAINER,"POLYGON ((-122.4095539508898 47.26623114546231, -122.4188108367772 47.2747306289729, -122.4185951259551 47.27569467258519, -122.407884347875 47.26975486514795, -122.4095539508898 47.26623114546231))","((-122.40955395088979, 47.266231145462314), (-122.41859512595506, 47.27569467258519))"
2128,TMBL EXPORT,"POLYGON ((-122.4046351798013 47.24827007835616, -122.4058092098497 47.2491331500647, -122.4059355470454 47.25435218656968, -122.4045226542231 47.25246859640726, -122.4046351798013 47.24827007835616))","((-122.40463517980126, 47.24827007835616), (-122.40593554704542, 47.254352186569676))"
2129,TMBL LOG,"POLYGON ((-122.3853088087333 47.25186223538314, -122.3975727442174 47.2630166914041, -122.3976023122537 47.26364656929785, -122.3851822213337 47.25640660069917, -122.3853088087333 47.25186223538314))","((-122.3853088087333, 47.251862235383136), (-122.39760231225372, 47.26364656929785))"
2130,LONESTAR STEEL,"POLYGON ((-94.65936364390485 33.00139941406804, -94.66021562179058 33.00134449522275, -94.66335839364926 33.01040064243664, -94.65976308584453 33.00560788437159, -94.65936364390485 33.00139941406804))","((-94.65936364390485, 33.00139941406804), (-94.66335839364926, 33.010400642436636))"
2131,PARIS,"POLYGON ((-95.55373217388374 33.64935504844994, -95.55771881861227 33.65019581205781, -95.54891269372899 33.65005477756299, -95.54929414475352 33.64954538869414, -95.55373217388374 33.64935504844994))","((-95.55771881861227, 33.65019581205781), (-95.548912693729, 33.650054777562985))"
2132,RAY,"POLYGON ((-96.55974565613643 33.77124181807497, -96.56013514671643 33.77051446722, -96.56892155379659 33.77171451096569, -96.56194557319338 33.77279474514859, -96.55974565613643 33.77124181807497))","((-96.55974565613643, 33.77124181807497), (-96.56892155379659, 33.77171451096569))"
2133,GRAYS,"POLYGON ((-76.46019166167098 39.24324422563993, -76.46030724904185 39.24236272623913, -76.46736890368904 39.24336662765324, -76.46453975709156 39.24411868989704, -76.46019166167098 39.24324422563993))","((-76.46019166167098, 39.243244225639934), (-76.46736890368904, 39.24336662765324))"
2134,COLLIER,"POLYGON ((-89.64716747619411 40.64482014112791, -89.64705492700712 40.64882016213284, -89.64319562144992 40.65396406543998, -89.64298456629511 40.65336060346601, -89.64716747619411 40.64482014112791))","((-89.64716747619411, 40.64482014112791), (-89.64319562144992, 40.65396406543998))"
2135,EAST PEORIA (TPW),"POLYGON ((-89.55966983280429 40.66675438279299, -89.5538848313636 40.66915460879849, -89.53441630771999 40.67143308762695, -89.53572724650357 40.67067993285519, -89.55966983280429 40.66675438279299))","((-89.55966983280429, 40.666754382792995), (-89.53441630772, 40.67143308762695))"
2136,HOOSIER LIFT,"POLYGON ((-87.09818824105481 40.75935067898269, -87.09869461089556 40.75889273180012, -87.10018658490658 40.75953653507218, -87.09858405556028 40.75989899359261, -87.09818824105481 40.75935067898269))","((-87.09818824105481, 40.75935067898269), (-87.10018658490658, 40.75953653507218))"
2137,HOOSIER LIFT,"POLYGON ((-87.08452253852478 40.75837120172513, -87.09772889385721 40.75872088261825, -87.09908855058329 40.75948376358621, -87.08191914149025 40.75914279134923, -87.08452253852478 40.75837120172513))","((-87.09908855058329, 40.75948376358621), (-87.08191914149025, 40.759142791349234))"
2138,OXY YARD,"POLYGON ((-117.3791019295054 35.66877319067443, -117.3799925717024 35.66869987663063, -117.3802952971331 35.67735156990445, -117.3791159633399 35.67474725757057, -117.3791019295054 35.66877319067443))","((-117.37910192950537, 35.66877319067443), (-117.38029529713313, 35.677351569904445))"
2139,SEARLES YARD,"POLYGON ((-117.6359966660665 35.48431711822661, -117.6366824464013 35.48375327616568, -117.6374220578005 35.48553881677789, -117.6367889330976 35.48557729726657, -117.6359966660665 35.48431711822661))","((-117.63668244640125, 35.48375327616568), (-117.63742205780046, 35.48553881677789))"
2140,TREX STATION,"POLYGON ((-97.01521898382906 32.81671913452188, -97.01536713377337 32.81584306760119, -97.02885361654388 32.81661843902805, -97.02301143723645 32.81804865115222, -97.01521898382906 32.81671913452188))","((-97.01521898382906, 32.81671913452188), (-97.02885361654388, 32.816618439028055))"
2141,FREDERICKSON,"POLYGON ((-122.3785631926913 47.08307015698202, -122.3775069444345 47.08615776677546, -122.3702710608064 47.0890183646106, -122.3703959413833 47.08839793682454, -122.3785631926913 47.08307015698202))","((-122.37856319269133, 47.083070156982025), (-122.37027106080645, 47.089018364610595))"
2142,FREDERICKSON YARD,"POLYGON ((-122.3785105714778 47.08309967486755, -122.3790081145993 47.08384757470768, -122.3702909956143 47.08904621475227, -122.3704004391588 47.08839496146165, -122.3785105714778 47.08309967486755))","((-122.37900811459934, 47.083847574707676), (-122.37029099561434, 47.08904621475227))"
2143,23rd STREET,"POLYGON ((-90.23504704884139 38.62978138879637, -90.23507398727222 38.62889840055909, -90.23714215845422 38.62950090634003, -90.2367716435959 38.6300136610234, -90.23504704884139 38.62978138879637))","((-90.23507398727222, 38.628898400559095), (-90.23714215845422, 38.62950090634003))"
2144,23RD STREET,"POLYGON ((-90.19696591521119 38.62086568715555, -90.19783855447839 38.62022140331836, -90.19961878667895 38.62178683725581, -90.19904974235362 38.62206255176442, -90.19696591521119 38.62086568715555))","((-90.1969659152112, 38.62086568715555), (-90.19961878667895, 38.62178683725581))"
2145,CARRIE AVE,"POLYGON ((-90.21506086270001 38.68770251415381, -90.22246504269582 38.69408475705182, -90.22602159371594 38.70054705870602, -90.22539623247042 38.70047539268661, -90.21506086270001 38.68770251415381))","((-90.21506086270001, 38.687702514153806), (-90.22602159371594, 38.70054705870602))"
2146,CARRIE AVENUE,"POLYGON ((-90.21749098949513 38.6901587058068, -90.22294546145744 38.6946080126074, -90.22369924514268 38.69761180330642, -90.22306167703223 38.6975307689203, -90.21749098949513 38.6901587058068))","((-90.21749098949513, 38.6901587058068), (-90.22369924514268, 38.697611803306415))"
2147,EE-JAY TRANSLOAD,"POLYGON ((-90.1261641203163 38.63417084407251, -90.12689973189975 38.6338044244696, -90.13040426951504 38.63746319371015, -90.12652030674958 38.6381571878774, -90.1261641203163 38.63417084407251))","((-90.1261641203163, 38.634170844072514), (-90.13040426951504, 38.637463193710154))"
2148,MADISON (TRRA),"POLYGON ((-90.15901418993897 38.66068331541907, -90.16329329039456 38.66434709658584, -90.17291134277237 38.67702357184523, -90.16109976908353 38.67839087409021, -90.15901418993897 38.66068331541907))","((-90.15901418993897, 38.66068331541907), (-90.17291134277237, 38.67702357184523))"
2149,WIGGINS #2,"POLYGON ((-90.17315401398065 38.63797810169866, -90.17346876793169 38.6434056949744, -90.16917000965216 38.65217911237206, -90.16730756474041 38.64722497260157, -90.17315401398065 38.63797810169866))","((-90.17315401398065, 38.63797810169866), (-90.16917000965216, 38.65217911237206))"
2150,WIGGINS #5,"POLYGON ((-90.17734565344261 38.61431561619148, -90.17862275508458 38.61620566374959, -90.1758736333321 38.62619713174028, -90.17554985703855 38.62488168045572, -90.17734565344261 38.61431561619148))","((-90.17734565344261, 38.614315616191476), (-90.1758736333321, 38.626197131740284))"
2151,WIGGINS NO. 2,"POLYGON ((-90.17215697171328 38.64013016990314, -90.17289080063244 38.64060340572358, -90.16866377904985 38.65134614825403, -90.1675442129312 38.64694625829288, -90.17215697171328 38.64013016990314))","((-90.17215697171328, 38.640130169903145), (-90.16866377904985, 38.65134614825403))"
2152,MT PLEASANT,"POLYGON ((-87.20122307634577 35.53509057678055, -87.20151740203374 35.53714123575197, -87.1946895735768 35.54753846174463, -87.19449915083615 35.5469289523511, -87.20122307634577 35.53509057678055))","((-87.20122307634577, 35.53509057678055), (-87.1946895735768, 35.54753846174463))"
2153,BATES,"POLYGON ((-83.72108829082524 38.63845291486377, -83.72459989909098 38.63918514611954, -83.72435646513685 38.64302333979617, -83.72348516468297 38.64277461712057, -83.72108829082524 38.63845291486377))","((-83.72108829082524, 38.63845291486377), (-83.72435646513685, 38.643023339796166))"
2154,PARIS,"POLYGON ((-84.26203591962651 38.19688983929397, -84.26221351050337 38.20023004308693, -84.2566322290953 38.20460058084918, -84.25655144610221 38.20396984992107, -84.26203591962651 38.19688983929397))","((-84.26203591962651, 38.196889839293966), (-84.2566322290953, 38.20460058084918))"
2155,GONZALES,"POLYGON ((-97.45281501332899 29.50487239131507, -97.45309655331761 29.50568273699809, -97.45052334125667 29.50651301238397, -97.45084895707525 29.50536664891364, -97.45281501332899 29.50487239131507))","((-97.45281501332899, 29.50487239131507), (-97.45052334125667, 29.50651301238397))"
2156,LOVINGTON,"POLYGON ((-103.2922921190003 32.87442876721244, -103.294158155998 32.87475823396179, -103.2980934047389 32.87966151284435, -103.2974651801091 32.87971097416488, -103.2922921190003 32.87442876721244))","((-103.29229211900034, 32.874428767212436), (-103.29809340473895, 32.87966151284435))"
2157,SAN ANGELO,"POLYGON ((-100.4173868346583 31.48059656981335, -100.416844648291 31.4871109189158, -100.4014029936549 31.51445394091851, -100.4108345705301 31.48593083809083, -100.4173868346583 31.48059656981335))","((-100.41738683465829, 31.48059656981335), (-100.40140299365488, 31.514453940918507))"
2158,BROWNWOOD,"POLYGON ((-98.99027849449621 31.71269078512177, -98.99058974760564 31.71352168510183, -98.98844558763177 31.71370332667125, -98.98860568214549 31.71309167673328, -98.99027849449621 31.71269078512177))","((-98.99058974760564, 31.713521685101835), (-98.98844558763177, 31.713703326671247))"
2159,TYBURN YARD,"POLYGON ((-74.76403115417085 40.1864904162972, -74.76480103065383 40.18610089135605, -74.76891378059474 40.19223732718702, -74.76611485418807 40.19076072125363, -74.76403115417085 40.1864904162972))","((-74.76403115417085, 40.186490416297204), (-74.76891378059474, 40.192237327187016))"
2160,AVENTINE PEKIN,"POLYGON ((-89.6628111178113 40.55321092079595, -89.66649581964411 40.55536745081928, -89.65634137663835 40.56733701605889, -89.65804281287915 40.55807238813244, -89.6628111178113 40.55321092079595))","((-89.66649581964411, 40.55536745081928), (-89.65634137663835, 40.567337016058886))"
2161,EAST PEORIA (TZPR),"POLYGON ((-89.60444257192216 40.65244697891206, -89.59390195126117 40.66294803292047, -89.58188878794843 40.66757162283015, -89.58533743475451 40.66301858120951, -89.60444257192216 40.65244697891206))","((-89.60444257192216, 40.65244697891206), (-89.58188878794843, 40.66757162283015))"
2162,IOWA JCT,"POLYGON ((-89.64170132351862 40.65441709533109, -89.64147641867886 40.6559436121516, -89.63651574861964 40.65863261678683, -89.63740959985456 40.65731704615835, -89.64170132351862 40.65441709533109))","((-89.64170132351862, 40.65441709533109), (-89.63651574861964, 40.658632616786825))"
2163,18TH STREET,"POLYGON ((-94.63738416644173 39.09249104424793, -94.66491933318717 39.09525573305518, -94.67178285802196 39.09820975649664, -94.66444534821642 39.09792523937841, -94.63738416644173 39.09249104424793))","((-94.63738416644173, 39.09249104424793), (-94.67178285802196, 39.09820975649664))"
2164,23RD STREET,"POLYGON ((-90.20063287357529 38.62102477282195, -90.21854976396406 38.62367420572163, -90.21892765158435 38.62418660112553, -90.20971689578404 38.62480937562451, -90.20063287357529 38.62102477282195))","((-90.20063287357529, 38.62102477282195), (-90.21892765158435, 38.62418660112553))"
2165,26TH ST,"POLYGON ((-87.6344025948479 41.48275811176327, -87.63529731233086 41.48280090033003, -87.63512329845624 41.49263914868811, -87.63419813124308 41.48992006074125, -87.6344025948479 41.48275811176327))","((-87.6344025948479, 41.48275811176327), (-87.63512329845624, 41.49263914868811))"
2166,28TH STREET,"POLYGON ((-96.39217626732017 42.49150220347392, -96.39298774533462 42.50818845819173, -96.37989417844908 42.51963891480545, -96.37967102686247 42.51904430977792, -96.39217626732017 42.49150220347392))","((-96.39217626732017, 42.49150220347392), (-96.37989417844908, 42.51963891480545))"
2167,37TH ST,"POLYGON ((-87.63618611838189 41.82646933645115, -87.63769566510521 41.82946355879502, -87.63686937781156 41.83507650014647, -87.63639968285278 41.83468503562112, -87.63618611838189 41.82646933645115))","((-87.63618611838189, 41.826469336451154), (-87.63686937781156, 41.83507650014647))"
2168,9TH STREET YARD (UP),"POLYGON ((-97.32082238280803 32.7466558774905, -97.3222574578301 32.74910769007893, -97.3222214860307 32.75589259621276, -97.32171590787613 32.75550018011563, -97.32082238280803 32.7466558774905))","((-97.32082238280803, 32.746655877490504), (-97.3222214860307, 32.75589259621276))"
2169,ABILENE,"POLYGON ((-99.72679782886537 32.44888684093587, -99.72688000999646 32.44799434750172, -99.73178115280528 32.44898909534896, -99.73134026758771 32.4494367983061, -99.72679782886537 32.44888684093587))","((-99.72688000999646, 32.44799434750172), (-99.73178115280528, 32.448989095348956))"
2170,ADAMS ST,"POLYGON ((-89.63765865122801 40.65916180781476, -89.63788733814523 40.66001438182612, -89.62931528828537 40.66364592097302, -89.63402364717855 40.66015105297519, -89.63765865122801 40.65916180781476))","((-89.63765865122801, 40.65916180781476), (-89.62931528828537, 40.66364592097302))"
2171,ADAMS YARD,"POLYGON ((-89.83063378440043 43.95561898600874, -89.83212341771195 43.95512168287442, -89.84895346382918 43.96107285719601, -89.84442449614835 43.9605250056463, -89.83063378440043 43.95561898600874))","((-89.83063378440043, 43.95561898600874), (-89.84895346382918, 43.96107285719601))"
2172,ADDIS,"POLYGON ((-91.2655238485119 30.35153354679067, -91.26635715850445 30.351199902904, -91.27473195304857 30.3710599553646, -91.27050041601407 30.36410656931361, -91.2655238485119 30.35153354679067))","((-91.2655238485119, 30.351533546790666), (-91.27473195304857, 30.371059955364604))"
2173,ALAMO JUNCTION RAIL PARK  YARD,"POLYGON ((-98.33563292298972 29.2598140555981, -98.33940816872287 29.26138108208321, -98.35110995881263 29.27324719654137, -98.34996669049652 29.2733985135815, -98.33563292298972 29.2598140555981))","((-98.33563292298972, 29.2598140555981), (-98.35110995881263, 29.273247196541373))"
2174,ALBANY YARD,"POLYGON ((-123.1081214265094 44.61947957935458, -123.1042557654412 44.62953076028064, -123.0918222078693 44.63545198168627, -123.0956147110174 44.63071828227957, -123.1081214265094 44.61947957935458))","((-123.10812142650944, 44.619479579354575), (-123.09182220786926, 44.635451981686266))"
2175,ALBERTA LEA,"POLYGON ((-93.36639018416288 43.64517721170419, -93.36684330878225 43.64595106257927, -93.35488967469884 43.65340349278356, -93.36016275117612 43.64882043755959, -93.36639018416288 43.64517721170419))","((-93.36639018416288, 43.64517721170419), (-93.35488967469884, 43.65340349278356))"
2176,ALBINA YARD,"POLYGON ((-122.6680777077382 45.52820110948891, -122.6921501545286 45.54764006056644, -122.7000643413176 45.56276282832992, -122.678014362402 45.54447935665441, -122.6680777077382 45.52820110948891))","((-122.66807770773818, 45.52820110948891), (-122.70006434131764, 45.562762828329916))"
2177,ALEXANDRIA,"POLYGON ((-92.43391094430123 31.24967993067601, -92.44559976741292 31.27874109079072, -92.44314967941588 31.29047198498303, -92.43950330367416 31.27863068248296, -92.43391094430123 31.24967993067601))","((-92.43391094430123, 31.249679930676013), (-92.44314967941588, 31.290471984983025))"
2178,ALFALFA,"POLYGON ((-106.3730017776767 31.74055196015389, -106.3736221832137 31.73990450267556, -106.4014825797644 31.76417039879174, -106.3877172337654 31.7554206295348, -106.3730017776767 31.74055196015389))","((-106.3730017776767, 31.740551960153887), (-106.40148257976445, 31.764170398791737))"
2179,ALTOONA YARD,"POLYGON ((-91.41409022040364 44.80316589397206, -91.41433363320473 44.80230215566017, -91.43893033894146 44.80870107204915, -91.43538293062568 44.80864952517474, -91.41409022040364 44.80316589397206))","((-91.41409022040364, 44.80316589397206), (-91.43893033894146, 44.80870107204915))"
2180,AMELIA,"POLYGON ((-94.23408175022485 30.07590696930736, -94.24834522748363 30.07913082873303, -94.24979755687949 30.08049317380819, -94.23403716724825 30.07678633960067, -94.23408175022485 30.07590696930736))","((-94.23408175022485, 30.075906969307358), (-94.24979755687949, 30.080493173808193))"
2181,AMERI-PORT,"POLYGON ((-94.89517640890517 29.76072717940502, -94.89606366500414 29.76060428334731, -94.89918486037918 29.7771542186688, -94.8967629581915 29.77487848071323, -94.89517640890517 29.76072717940502))","((-94.89517640890517, 29.760727179405023), (-94.89918486037918, 29.7771542186688))"
2182,ANCHORAGE,"POLYGON ((-91.22789419542048 30.4792023882573, -91.23742394429136 30.48023008754209, -91.21132455165112 30.48469866395637, -91.21164280680981 30.48102342141993, -91.22789419542048 30.4792023882573))","((-91.23742394429136, 30.480230087542086), (-91.21132455165112, 30.484698663956365))"
2183,ANGLETON,"POLYGON ((-95.45303161208874 29.1442870841188, -95.45345666189833 29.14507385179605, -95.43504462928856 29.15658625422088, -95.43792107521659 29.15328283430473, -95.45303161208874 29.1442870841188))","((-95.45303161208874, 29.144287084118798), (-95.43504462928856, 29.156586254220883))"
2184,ARDEN,"POLYGON ((-115.2360947035472 36.00730995533952, -115.2359071426698 36.01000465938542, -115.2280622894553 36.0228884053584, -115.2278917887342 36.02228295050001, -115.2360947035472 36.00730995533952))","((-115.23609470354717, 36.007309955339515), (-115.2280622894553, 36.0228884053584))"
2185,ARGO,"POLYGON ((-122.3216376613113 47.55317614012552, -122.3368617487039 47.56288862617718, -122.3376825476325 47.56683263378621, -122.3200384143335 47.55415333873958, -122.3216376613113 47.55317614012552))","((-122.3376825476325, 47.56683263378621), (-122.3200384143335, 47.55415333873958))"
2186,ARGO YARD,"POLYGON ((-122.3246416774268 47.55778047521909, -122.3260148893204 47.55765981358637, -122.3380817226559 47.56803344551225, -122.3374485570987 47.56810340824076, -122.3246416774268 47.55778047521909))","((-122.32464167742681, 47.55778047521909), (-122.33808172265586, 47.56803344551225))"
2187,ARLINGTON YARD,"POLYGON ((-117.4291850114913 33.96324885041001, -117.4297361817298 33.96254067174227, -117.4352068821767 33.96743373266747, -117.4343226348899 33.96763270612445, -117.4291850114913 33.96324885041001))","((-117.42973618172977, 33.96254067174227), (-117.43520688217669, 33.96743373266747))"
2188,ARMOURDALE,"POLYGON ((-94.62836267956466 39.08900109427677, -94.65773203652726 39.09170980686538, -94.67181218758449 39.09796917560988, -94.61944517576229 39.09008017243107, -94.62836267956466 39.08900109427677))","((-94.6718121875845, 39.09796917560988), (-94.6194451757623, 39.090080172431065))"
2189,ARMOURDALE YARD,"POLYGON ((-94.67116030148746 39.09852579554555, -94.6714278867923 39.09767457963915, -94.67409364205488 39.09912925339641, -94.6734438606663 39.09946215694215, -94.67116030148746 39.09852579554555))","((-94.6714278867923, 39.09767457963915), (-94.67409364205488, 39.099129253396406))"
2190,ARMSTRONG,"POLYGON ((-94.62776824548118 39.0899301689858, -94.64023362840007 39.09234520181293, -94.61326404797146 39.09750614447159, -94.61710072375058 39.09240637522626, -94.62776824548118 39.0899301689858))","((-94.64023362840007, 39.092345201812925), (-94.61326404797146, 39.097506144471595))"
2191,ATCHISON,"POLYGON ((-95.1349535420713 39.55848044155037, -95.13302041669627 39.56030558217227, -95.12494442617401 39.56028455531008, -95.1253200896559 39.55977427181109, -95.1349535420713 39.55848044155037))","((-95.1349535420713, 39.55848044155037), (-95.12494442617401, 39.560284555310076))"
2192,AURANT YARD,"POLYGON ((-118.176857308233 34.06748328698241, -118.1673985158418 34.07748360904244, -118.1609159133367 34.07844183240367, -118.161047933904 34.0778231278578, -118.176857308233 34.06748328698241))","((-118.17685730823302, 34.06748328698241), (-118.16091591333671, 34.07844183240367))"
2193,AVONDALE (UP),"POLYGON ((-90.17985281397692 29.91696013623408, -90.21331164403085 29.91906493000408, -90.23631183485666 29.92925296943596, -90.18549961611663 29.91932887024968, -90.17985281397692 29.91696013623408))","((-90.17985281397692, 29.91696013623408), (-90.23631183485666, 29.92925296943596))"
2194,BAILEY,"POLYGON ((-100.7433892186794 41.13785708241013, -100.8364824617652 41.14321967715666, -100.9045419582758 41.15460982395889, -100.8218826479369 41.15638375656751, -100.7433892186794 41.13785708241013))","((-100.74338921867944, 41.13785708241013), (-100.90454195827579, 41.154609823958886))"
2195,BAKERSFIELD YARD,"POLYGON ((-118.9566243678117 35.36922015534342, -118.9568659512973 35.36835559995106, -118.9958415372923 35.37813195342777, -118.9867503230444 35.37753159596753, -118.9566243678117 35.36922015534342))","((-118.95662436781173, 35.36922015534342), (-118.99584153729235, 35.37813195342777))"
2196,BARBER YARD,"POLYGON ((-121.8211534790981 39.70099125596595, -121.8218846509369 39.70051213513392, -121.8420046024857 39.71947794165561, -121.8250716984605 39.71171938937461, -121.8211534790981 39.70099125596595))","((-121.82115347909807, 39.700991255965945), (-121.84200460248574, 39.71947794165561))"
2197,BARDEN,"POLYGON ((-93.40873260789283 44.78768939647951, -93.416763725831 44.7878197466507, -93.44970796288192 44.79542191142355, -93.44918296799288 44.79576705910691, -93.40873260789283 44.78768939647951))","((-93.40873260789283, 44.787689396479514), (-93.44970796288192, 44.79542191142355))"
2198,BARNES AUTO YARD,"POLYGON ((-122.7393684319893 45.60435775726353, -122.7397239645827 45.60353837539113, -122.753162609949 45.60862377714147, -122.7524578870057 45.60905169185317, -122.7393684319893 45.60435775726353))","((-122.73936843198933, 45.60435775726353), (-122.75316260994896, 45.608623777141474))"
2199,BARNES YARD,"POLYGON ((-122.7298731381012 45.59882487025288, -122.7538362815095 45.60590118369784, -122.7562747653281 45.60840441161157, -122.7398276667818 45.6045481640675, -122.7298731381012 45.59882487025288))","((-122.72987313810118, 45.59882487025288), (-122.75627476532814, 45.60840441161157))"
2200,BASIN,"POLYGON ((-95.29875784851043 29.7592553966154, -95.29837376252193 29.7616843196602, -95.28804021530186 29.77699391147016, -95.28866705198679 29.77419529624012, -95.29875784851043 29.7592553966154))","((-95.29875784851043, 29.7592553966154), (-95.28804021530186, 29.776993911470157))"
2201,BAUXITE,"POLYGON ((-92.52965358214733 34.58177418597527, -92.5276303820343 34.58321434613575, -92.51623327320722 34.58503233357091, -92.51998464199903 34.58340109198762, -92.52965358214733 34.58177418597527))","((-92.52965358214733, 34.58177418597527), (-92.51623327320722, 34.58503233357091))"
2202,BELLMEAD,"POLYGON ((-97.10737326537529 31.57267731188076, -97.10811013645227 31.57310293130214, -97.09468453326114 31.63790808317654, -97.09257433036701 31.59258218901119, -97.10737326537529 31.57267731188076))","((-97.10737326537529, 31.57267731188076), (-97.09468453326114, 31.637908083176537))"
2203,BENICIA YARD,"POLYGON ((-122.1273851893593 38.04898471340986, -122.127214393107 38.06103193356495, -122.1226238013122 38.06642085299421, -122.1222846252443 38.06578114932416, -122.1273851893593 38.04898471340986))","((-122.12738518935929, 38.04898471340986), (-122.12262380131224, 38.06642085299421))"
2204,BEVERLY,"POLYGON ((-91.73019573796293 41.92727138032465, -91.72865215736705 41.92907468315263, -91.71532598499711 41.93251720259992, -91.71726263005002 41.93132300181574, -91.73019573796293 41.92727138032465))","((-91.73019573796293, 41.92727138032465), (-91.71532598499711, 41.93251720259992))"
2205,BEVERLY (UP),"POLYGON ((-91.73041573429228 41.92728715642987, -91.72174771827972 41.93164558044877, -91.71531978932809 41.93250041442979, -91.71560390029698 41.93192664289354, -91.73041573429228 41.92728715642987))","((-91.73041573429228, 41.92728715642987), (-91.71531978932809, 41.93250041442979))"
2206,BIDDLE,"POLYGON ((-92.28452356259531 34.71311524114125, -92.2773283305975 34.71683071742073, -92.25793989783783 34.71962542805734, -92.26622376814342 34.71656269525245, -92.28452356259531 34.71311524114125))","((-92.28452356259531, 34.713115241141246), (-92.25793989783783, 34.71962542805734))"
2207,BIG SPRING,"POLYGON ((-101.4915664303649 32.24973184561983, -101.5020691534849 32.25171549141049, -101.4376971853389 32.26694189220684, -101.4882422562896 32.25017948633646, -101.4915664303649 32.24973184561983))","((-101.50206915348488, 32.251715491410486), (-101.43769718533888, 32.26694189220684))"
2208,BILL,"POLYGON ((-105.260019912046 43.20746304581025, -105.2609148710262 43.20739036273893, -105.2634080403841 43.23579859705472, -105.2625252573878 43.23316318010587, -105.260019912046 43.20746304581025))","((-105.26001991204605, 43.20746304581025), (-105.26340804038415, 43.23579859705472))"
2209,BLACKS FORK,"POLYGON ((-109.8346518120404 41.62287949899789, -109.8348583350203 41.62411660615836, -109.8291695362332 41.62453625026014, -109.8315889525413 41.62315146843467, -109.8346518120404 41.62287949899789))","((-109.83465181204042, 41.62287949899789), (-109.82916953623315, 41.62453625026014))"
2210,BLOOMINGTON,"POLYGON ((-89.00497786318788 40.48368559173246, -89.00496603896541 40.48594569540237, -88.99955805428952 40.49368382887458, -89.00137648296051 40.48811290717389, -89.00497786318788 40.48368559173246))","((-89.00497786318788, 40.48368559173246), (-88.99955805428952, 40.49368382887458))"
2211,BLOOMINGTON,"POLYGON ((-96.87893873916099 28.65579713356004, -96.8768741038546 28.65908592682976, -96.86536864393901 28.66578194156107, -96.8654765178886 28.66515013500206, -96.87893873916099 28.65579713356004))","((-96.87893873916099, 28.655797133560043), (-96.86536864393901, 28.66578194156107))"
2212,BOONE,"POLYGON ((-93.84464809405084 42.0587507560377, -93.86110581763423 42.0597256130424, -93.86716706050696 42.06367719011247, -93.86662706272742 42.06401114497054, -93.84464809405084 42.0587507560377))","((-93.84464809405084, 42.058750756037696), (-93.86716706050696, 42.06367719011247))"
2213,BOOTH,"POLYGON ((-95.2791885235002 29.72960316994916, -95.29343744062817 29.74346190984897, -95.29400884164784 29.74596490063758, -95.28387328764295 29.74063392913136, -95.2791885235002 29.72960316994916))","((-95.2791885235002, 29.729603169949165), (-95.29400884164784, 29.745964900637585))"
2214,BRIGHAM CITY,"POLYGON ((-112.037852114795 41.4946524611718, -112.0386415945428 41.4950541612185, -112.0294116993484 41.52302099591813, -112.0266398552276 41.50981841554993, -112.037852114795 41.4946524611718))","((-112.03785211479502, 41.494652461171796), (-112.02941169934836, 41.52302099591813))"
2215,BRODERICK YARD,"POLYGON ((-121.5207608565466 38.57468070462746, -121.5204497664854 38.57681741360636, -121.5162604364555 38.57987028186417, -121.5160169578614 38.57813430947007, -121.5207608565466 38.57468070462746))","((-121.52076085654656, 38.57468070462746), (-121.51626043645552, 38.57987028186417))"
2216,BROOKLYN YARD,"POLYGON ((-122.6372062745793 45.46602320533509, -122.6452861131918 45.485199275785, -122.6483673263781 45.49982468218915, -122.6435604128446 45.49291269847483, -122.6372062745793 45.46602320533509))","((-122.63720627457931, 45.46602320533509), (-122.64836732637806, 45.49982468218915))"
2217,BROWDER,"POLYGON ((-96.84599346643643 32.77414704992554, -96.8460869733682 32.77325654077777, -96.8878598393258 32.77470697156748, -96.87291834445323 32.77762813436433, -96.84599346643643 32.77414704992554))","((-96.84599346643643, 32.77414704992554), (-96.8878598393258, 32.774706971567475))"
2218,BROWNSVILLE PALO ALTO,"POLYGON ((-97.41646958769945 25.96142468879768, -97.41736309288864 25.96141639547075, -97.41835408642874 25.97650991187658, -97.41747034221744 25.97488617456794, -97.41646958769945 25.96142468879768))","((-97.41646958769945, 25.96142468879768), (-97.41835408642874, 25.976509911876576))"
2219,BURMESTER,"POLYGON ((-112.4364566311813 40.68701414928549, -112.4429947520658 40.6877194356148, -112.4594994794645 40.69328546136861, -112.4589402419323 40.69359723303449, -112.4364566311813 40.68701414928549))","((-112.43645663118127, 40.68701414928549), (-112.45949947946451, 40.69328546136861))"
2220,BUTLER YARD,"POLYGON ((-88.0623708438924 43.08995070661173, -88.06476245118901 43.09318750964621, -88.06427016629517 43.10483344614944, -88.06239013487126 43.09842428585699, -88.0623708438924 43.08995070661173))","((-88.0623708438924, 43.08995070661173), (-88.06427016629517, 43.10483344614944))"
2221,C J,"POLYGON ((-96.78803555871285 32.76045653867944, -96.79701275782389 32.76387580730506, -96.80377422929271 32.77173227778138, -96.80118770824564 32.77059533162134, -96.78803555871285 32.76045653867944))","((-96.78803555871285, 32.76045653867944), (-96.80377422929271, 32.77173227778138))"
2222,CACHE JCT,"POLYGON ((-112.0020193206705 41.83473839988078, -112.0028677585864 41.8344684668885, -112.0049206909231 41.8414141251957, -112.0034481491542 41.83951365114886, -112.0020193206705 41.83473839988078))","((-112.00201932067051, 41.834738399880784), (-112.00492069092309, 41.841414125195705))"
2223,CADIZ,"POLYGON ((-96.7883105037767 32.76057589464269, -96.79731497626037 32.76452235314764, -96.80125570686192 32.77016252444321, -96.80062410034661 32.77023979848829, -96.7883105037767 32.76057589464269))","((-96.7883105037767, 32.76057589464269), (-96.80125570686192, 32.77016252444321))"
2224,CALEXICO YARD,"POLYGON ((-115.4994033047316 32.66705003781512, -115.50111978163 32.66793400498489, -115.5045887812557 32.67787872950682, -115.5038453458721 32.67739964179515, -115.4994033047316 32.66705003781512))","((-115.49940330473163, 32.667050037815116), (-115.50458878125572, 32.67787872950682))"
2225,CALIFORNIA AVE,"POLYGON ((-87.70113785068999 41.88784084952875, -87.69390047359416 41.89024732847029, -87.68651337897523 41.88865164751562, -87.68712703173841 41.8880121709101, -87.70113785068999 41.88784084952875))","((-87.70113785068999, 41.88784084952875), (-87.68651337897523, 41.888651647515616))"
2226,CAMPO YARD,"POLYGON ((-112.151572318012 33.44370011813421, -112.1483094380437 33.44508698076633, -112.1348406653745 33.44418685802835, -112.135288499365 33.44374554838411, -112.151572318012 33.44370011813421))","((-112.15157231801203, 33.44370011813421), (-112.13484066537448, 33.444186858028345))"
2227,CANAL ST,"POLYGON ((-87.63646196167542 41.83842792857641, -87.6383391096962 41.84303392452782, -87.63699837301306 41.85422968067846, -87.63655249838133 41.85378318525451, -87.63646196167542 41.83842792857641))","((-87.63646196167542, 41.83842792857641), (-87.63699837301306, 41.854229680678465))"
2228,CARGILL EDDYVILLE,"POLYGON ((-92.6641297358068 41.12954096903997, -92.66386975415863 41.13120099226451, -92.65103531143421 41.1357280675035, -92.65372786715862 41.13308942851623, -92.6641297358068 41.12954096903997))","((-92.6641297358068, 41.12954096903997), (-92.65103531143421, 41.1357280675035))"
2229,CEDAR RAPIDS,"POLYGON ((-91.66802542589456 41.98174587346599, -91.67011232862103 41.98435797955048, -91.6648144940454 41.99174071034924, -91.66454628044364 41.99116279596809, -91.66802542589456 41.98174587346599))","((-91.66802542589456, 41.98174587346599), (-91.6648144940454, 41.99174071034924))"
2230,CEDAR RAPIDS YARD (UP),"POLYGON ((-91.66871511592261 41.98256974491993, -91.67200491179366 41.98448995486422, -91.67653251127142 41.99804389657488, -91.67176219916396 41.99048347754167, -91.66871511592261 41.98256974491993))","((-91.66871511592261, 41.98256974491993), (-91.67653251127142, 41.99804389657488))"
2231,CHEVRON ORANGE,"POLYGON ((-93.7806445445934 30.0375439452251, -93.78063280023633 30.03972537435064, -93.77809540872558 30.04191693127345, -93.77898932253702 30.03778052032258, -93.7806445445934 30.0375439452251))","((-93.7806445445934, 30.037543945225103), (-93.77809540872558, 30.04191693127345))"
2232,CHEYENNE (UP),"POLYGON ((-104.8349374061765 41.1208257407075, -104.8064890630213 41.13495021333167, -104.7942641372271 41.13239840980099, -104.7945785584509 41.13185329342764, -104.8349374061765 41.1208257407075))","((-104.83493740617654, 41.1208257407075), (-104.79426413722709, 41.13239840980099))"
2233,CHICAGO HEIGHTS AUTO TERM,"POLYGON ((-87.60657985819216 41.52249583287823, -87.60729537462848 41.52212664475266, -87.61591209749604 41.52899285134231, -87.60747941420803 41.52651973848451, -87.60657985819216 41.52249583287823))","((-87.60657985819216, 41.522495832878235), (-87.61591209749604, 41.52899285134231))"
2234,CHIMNEY YARD,"POLYGON ((-122.7718887533982 45.60112269729221, -122.7780583423958 45.60333590104629, -122.7667879804191 45.60648133794512, -122.7697161119644 45.60191623180499, -122.7718887533982 45.60112269729221))","((-122.7780583423958, 45.60333590104629), (-122.76678798041912, 45.60648133794512))"
2235,CLINTON,"POLYGON ((-90.24158839418371 41.80879504751297, -90.24186198775872 41.80963926166466, -90.18786282499806 41.83642578397108, -90.21998659326721 41.8156249876283, -90.24158839418371 41.80879504751297))","((-90.24158839418371, 41.80879504751297), (-90.18786282499806, 41.83642578397108))"
2236,CLINTON RD,"POLYGON ((-90.17020832048375 41.83592510201748, -90.17072497709644 41.83646332996442, -90.16609905721074 41.8554911776415, -90.1661245370525 41.83943754101794, -90.17020832048375 41.83592510201748))","((-90.17020832048375, 41.835925102017484), (-90.16609905721074, 41.8554911776415))"
2237,CNW SHOPS,"POLYGON ((-90.20464197064322 41.82499034568487, -90.2044350406551 41.82682705230231, -90.19633703668298 41.83142357234187, -90.19642299305463 41.83076761261516, -90.20464197064322 41.82499034568487))","((-90.20464197064322, 41.82499034568487), (-90.19633703668298, 41.83142357234187))"
2238,COADY,"POLYGON ((-95.01634759241372 29.78474364097562, -95.0179984771402 29.790876376069, -95.01692835858852 29.80049282878856, -95.01648102642545 29.80004759421382, -95.01634759241372 29.78474364097562))","((-95.01634759241372, 29.784743640975623), (-95.01692835858852, 29.800492828788556))"
2239,COFFEYVILLE,"POLYGON ((-95.62543457669861 37.00643457358318, -95.62899937472267 37.03038169528933, -95.62126535015514 37.0307647861392, -95.62091410956012 37.03024095545888, -95.62543457669861 37.00643457358318))","((-95.62543457669861, 37.00643457358318), (-95.62126535015514, 37.0307647861392))"
2240,COI INTERMODAL TERMINAL YARD,"POLYGON ((-117.9039995307766 34.0058298420354, -117.9456374624007 34.0096973008239, -117.95249831035 34.01815714920804, -117.9519527738426 34.0184653817493, -117.9039995307766 34.0058298420354))","((-117.9039995307766, 34.0058298420354), (-117.95249831035, 34.018157149208044))"
2241,COLTON YARD,"POLYGON ((-117.3116994314328 34.06209457782693, -117.3236176761655 34.06271338133926, -117.3267593810078 34.06534053685587, -117.3082243802414 34.06286203030898, -117.3116994314328 34.06209457782693))","((-117.32675938100782, 34.06534053685587), (-117.30822438024141, 34.062862030308985))"
2242,COLUMBUS,"POLYGON ((-97.39467208766797 41.42481427937703, -97.38061410611081 41.42741446422483, -97.3612448564278 41.42797145299872, -97.36319181654302 41.42717099181475, -97.39467208766797 41.42481427937703))","((-97.39467208766797, 41.42481427937703), (-97.3612448564278, 41.42797145299872))"
2243,CONGRESS,"POLYGON ((-95.34387270090771 29.74684711093471, -95.34973990338692 29.75774904558379, -95.3452764780974 29.76444546125085, -95.3448106085396 29.76402113491871, -95.34387270090771 29.74684711093471))","((-95.34387270090771, 29.746847110934706), (-95.3452764780974, 29.764445461250848))"
2244,CORPUS CHRISTI,"POLYGON ((-97.39762438693327 27.80136677430648, -97.40916929312648 27.80450244680533, -97.41102312405725 27.80780863741079, -97.40575740755618 27.80651337492893, -97.39762438693327 27.80136677430648))","((-97.39762438693327, 27.80136677430648), (-97.41102312405725, 27.807808637410787))"
2245,CORPUS CHRISTI JOINT,"POLYGON ((-97.41047112416969 27.80804712320554, -97.41637705763571 27.80838623980691, -97.42276447499074 27.81171291813331, -97.42219230786088 27.81200386757154, -97.41047112416969 27.80804712320554))","((-97.41047112416969, 27.808047123205537), (-97.42276447499074, 27.811712918133313))"
2246,COUNCIL BLUFFS,"POLYGON ((-95.87333375661093 41.23954515319548, -95.87627207982094 41.23989092769736, -95.8928439601559 41.25015902620329, -95.86987271943784 41.24946776108765, -95.87333375661093 41.23954515319548))","((-95.8928439601559, 41.25015902620329), (-95.86987271943784, 41.24946776108765))"
2247,COUNCIL BLUFFS POOL,"POLYGON ((-95.90796937341889 41.24922568011735, -95.91036474551268 41.24987002945953, -95.88437982754283 41.25049497681635, -95.8873242270769 41.24974676033562, -95.90796937341889 41.24922568011735))","((-95.91036474551268, 41.24987002945953), (-95.88437982754283, 41.25049497681635))"
2248,COVE,"POLYGON ((-94.89623160113835 29.76529050291961, -94.89712313495465 29.76522672739558, -94.89841104880956 29.77517128161545, -94.89738391759531 29.77488859757246, -94.89623160113835 29.76529050291961))","((-94.89623160113835, 29.76529050291961), (-94.89841104880956, 29.775171281615446))"
2249,CRUTCHER YARD,"POLYGON ((-118.1458950323366 33.89702672278031, -118.1469274752301 33.89628460944521, -118.1504327083529 33.89858489580317, -118.1478972390686 33.89845040814509, -118.1458950323366 33.89702672278031))","((-118.14589503233657, 33.89702672278031), (-118.15043270835292, 33.89858489580317))"
2250,CUDAHY YARD,"POLYGON ((-87.86138219253655 42.94374814288821, -87.8625436737056 42.9505252112021, -87.86174767833735 42.95454058758709, -87.86126112741285 42.95358892328576, -87.86138219253655 42.94374814288821))","((-87.86138219253655, 42.94374814288821), (-87.86174767833735, 42.95454058758709))"
2251,CYPRESS,"POLYGON ((-94.61769567263528 39.09767809439526, -94.62007674828889 39.09947247002626, -94.61938395470735 39.10739788924997, -94.61867546715031 39.1060482703802, -94.61769567263528 39.09767809439526))","((-94.61769567263528, 39.09767809439526), (-94.61938395470735, 39.107397889249974))"
2252,DALLAS INTERMODAL TERM,"POLYGON ((-96.68792780776832 32.59080251960418, -96.68878847521211 32.59056765213136, -96.71130375707382 32.64754974100504, -96.70075614529927 32.63448668417208, -96.68792780776832 32.59080251960418))","((-96.68792780776832, 32.59080251960418), (-96.71130375707382, 32.647549741005044))"
2253,DALLAS ST,"POLYGON ((-106.4940539434715 31.75749841093932, -106.501129364218 31.75882984377173, -106.4603133880155 31.77595884585972, -106.4673481546618 31.7662538170016, -106.4940539434715 31.75749841093932))","((-106.50112936421796, 31.758829843771732), (-106.46031338801545, 31.775958845859716))"
2254,DALLAS TOFC,"POLYGON ((-96.62335258272687 32.77237850451687, -96.67029364903745 32.77603901317403, -96.66840706527441 32.7902714340323, -96.66781625988467 32.79053085324437, -96.62335258272687 32.77237850451687))","((-96.62335258272687, 32.772378504516865), (-96.66840706527441, 32.7902714340323))"
2255,DALLERUP,"POLYGON ((-95.30735235830147 29.74663049852864, -95.30776692715303 29.74805491937886, -95.3044640294609 29.75176002162958, -95.30427552428071 29.75114591406379, -95.30735235830147 29.74663049852864))","((-95.30735235830147, 29.746630498528642), (-95.3044640294609, 29.751760021629583))"
2256,DAVIDSON (CENTENNIAL),"POLYGON ((-97.41754453888147 32.70759784229107, -97.41784609613899 32.70844231063392, -97.35933374657178 32.73246210375453, -97.37563475099874 32.72149846663071, -97.41754453888147 32.70759784229107))","((-97.41754453888147, 32.70759784229107), (-97.35933374657178, 32.73246210375453))"
2257,DAVIS YARD,"POLYGON ((-121.3106413307377 38.72260086589701, -121.3057195287406 38.73715759025643, -121.2723109759033 38.75784316125689, -121.2723371114521 38.75720356419414, -121.3106413307377 38.72260086589701))","((-121.3106413307377, 38.722600865897014), (-121.27231097590334, 38.757843161256886))"
2258,DAVIS YARD,"POLYGON ((-121.3489351178197 38.6900916421809, -121.3174467005911 38.72373921500568, -121.3105923871491 38.7232358155779, -121.3271597295572 38.7080559519001, -121.3489351178197 38.6900916421809))","((-121.34893511781974, 38.6900916421809), (-121.31059238714913, 38.7232358155779))"
2259,DAYTON PLASTIC STORAGE,"POLYGON ((-94.90710058549237 29.99270777648753, -94.91030855900897 30.00094191392275, -94.89881743944321 30.015284368308, -94.90312952838431 29.99765901952087, -94.90710058549237 29.99270777648753))","((-94.90710058549237, 29.992707776487528), (-94.8988174394432, 30.015284368308002))"
2260,DELTA,"POLYGON ((-108.0720568387842 38.73232205635336, -108.0741037412619 38.73286147168066, -108.0813049897891 38.73999666188352, -108.0765297954566 38.7399174526962, -108.0720568387842 38.73232205635336))","((-108.07205683878422, 38.73232205635336), (-108.08130498978915, 38.73999666188352))"
2261,DEQUINCY (UP),"POLYGON ((-93.45590439795826 30.43860426257394, -93.44922568150079 30.44339870854766, -93.43420967414919 30.44512714238808, -93.43452348448986 30.44458170612523, -93.45590439795826 30.43860426257394))","((-93.45590439795826, 30.438604262573936), (-93.43420967414919, 30.44512714238808))"
2262,DESERT YARD,"POLYGON ((-122.3079922733731 37.80846570396508, -122.307684147979 37.8107617558075, -122.2906810549153 37.83023280677568, -122.2929406848773 37.82105418243452, -122.3079922733731 37.80846570396508))","((-122.30799227337315, 37.808465703965076), (-122.29068105491534, 37.830232806775676))"
2263,DOLORES YARD,"POLYGON ((-118.2376234417169 33.79951374207933, -118.2298208951495 33.82684850396051, -118.2181095659083 33.8555238947883, -118.2185013325273 33.85080706193295, -118.2376234417169 33.79951374207933))","((-118.23762344171686, 33.79951374207933), (-118.2181095659083, 33.8555238947883))"
2264,DUPO,"POLYGON ((-90.22184901212134 38.49538122349285, -90.21075540917106 38.52732117975265, -90.19859685319976 38.54269089213082, -90.19838594575815 38.54208246784075, -90.22184901212134 38.49538122349285))","((-90.22184901212134, 38.49538122349285), (-90.19859685319976, 38.54269089213082))"
2265,DUPONT ORANGE,"POLYGON ((-93.76179144932891 30.05494933025881, -93.76342434558626 30.05594278649808, -93.76440961274172 30.06165046699592, -93.76220852816972 30.05888934344236, -93.76179144932891 30.05494933025881))","((-93.76179144932891, 30.05494933025881), (-93.76440961274172, 30.06165046699592))"
2266,EAGLE GROVE,"POLYGON ((-93.90469753384963 42.66896170133541, -93.90699603003786 42.66975759299374, -93.92813112016947 42.6824752682154, -93.90222664017212 42.67282883389596, -93.90469753384963 42.66896170133541))","((-93.92813112016947, 42.6824752682154), (-93.90222664017212, 42.67282883389596))"
2267,EAGLE LAKE STORAGE,"POLYGON ((-96.34440326924349 29.600202405124, -96.34710153642241 29.60103201748868, -96.35492118633617 29.6095797135564, -96.35428194228496 29.60960007760722, -96.34440326924349 29.600202405124))","((-96.34440326924349, 29.600202405123998), (-96.35492118633617, 29.609579713556403))"
2268,EAGLE PASS,"POLYGON ((-100.5000054332918 28.68692116808166, -100.5058214758189 28.69693347588282, -100.4982674618884 28.7033071365594, -100.497969169751 28.69293169283677, -100.5000054332918 28.68692116808166))","((-100.50000543329183, 28.686921168081664), (-100.49826746188845, 28.703307136559403))"
2269,EAST,"POLYGON ((-98.47750802015852 29.41822911328795, -98.47573767611271 29.43668186414002, -98.44777581521414 29.43543012457834, -98.44794833499871 29.43481981554694, -98.47750802015852 29.41822911328795))","((-98.47750802015852, 29.418229113287946), (-98.44777581521414, 29.43543012457834))"
2270,EAST BELT,"POLYGON ((-95.33168907507481 29.71893710230311, -95.33220895579534 29.71965450682733, -95.3247715339965 29.7264369057999, -95.32489693345018 29.72544473990263, -95.33168907507481 29.71893710230311))","((-95.3316890750748, 29.71893710230311), (-95.3247715339965, 29.726436905799897))"
2271,EAST OAKLAND YARD,"POLYGON ((-122.2470507227272 37.78782186794726, -122.247382483497 37.78699739697973, -122.2622099182661 37.79102419218852, -122.2557595973982 37.79113093839212, -122.2470507227272 37.78782186794726))","((-122.24705072272715, 37.78782186794726), (-122.26220991826611, 37.791024192188516))"
2272,EAST SALINA,"POLYGON ((-97.60455431001489 38.8511139079808, -97.59936214459431 38.85414232736971, -97.58228052412719 38.85836313169034, -97.5825789417971 38.8578009544656, -97.60455431001489 38.8511139079808))","((-97.60455431001489, 38.8511139079808), (-97.58228052412719, 38.85836313169034))"
2273,EAST ST LOUIS,"POLYGON ((-90.12795965334328 38.57259304631415, -90.12857095026544 38.57193692864005, -90.1552954546988 38.5950469113212, -90.14649410930947 38.58951152687463, -90.12795965334328 38.57259304631415))","((-90.12795965334328, 38.572593046314154), (-90.1552954546988, 38.5950469113212))"
2274,EAST YARD,"POLYGON ((-114.567921963403 32.68135744775123, -114.5788206544302 32.68240478578416, -114.595784420736 32.68753738921517, -114.595243588559 32.68786925509493, -114.567921963403 32.68135744775123))","((-114.56792196340298, 32.68135744775123), (-114.59578442073602, 32.68753738921517))"
2275,EAST YARD,"POLYGON ((-118.1734483625357 34.00743377116528, -118.1836234029492 34.00848553236517, -118.206901688839 34.01498207530659, -118.1584461865062 34.0100550257289, -118.1734483625357 34.00743377116528))","((-118.20690168883904, 34.01498207530659), (-118.15844618650621, 34.0100550257289))"
2276,EAST YARD,"POLYGON ((-108.5630268604222 39.06036929416938, -108.5627641763206 39.06147269463958, -108.4907699064145 39.07813080321095, -108.5344144463072 39.06265200229709, -108.5630268604222 39.06036929416938))","((-108.56302686042224, 39.06036929416938), (-108.49076990641451, 39.07813080321095))"
2277,EAST YARD-RIVERDALE,"POLYGON ((-111.9935163690704 41.16570081544265, -111.9953231931919 41.16890552362913, -111.9879687499958 41.21082303680665, -111.9839725967271 41.2060330965817, -111.9935163690704 41.16570081544265))","((-111.99351636907039, 41.16570081544265), (-111.98796874999584, 41.21082303680665))"
2278,EASTPORT,"POLYGON ((-116.1841861590247 48.98810381938132, -116.1878007622364 48.99494642469396, -116.1819615852348 49.00102575524811, -116.1816086966417 49.00049359698401, -116.1841861590247 48.98810381938132))","((-116.18418615902472, 48.988103819381315), (-116.18196158523484, 49.00102575524811))"
2279,EL CENTRO YARD,"POLYGON ((-115.5529490810264 32.79907393674828, -115.5553731159305 32.8022685083443, -115.5613299468825 32.81843213599862, -115.5607353171209 32.81819864466021, -115.5529490810264 32.79907393674828))","((-115.55294908102637, 32.79907393674828), (-115.5613299468825, 32.81843213599862))"
2280,EL DORADO (UP),"POLYGON ((-92.66076544226225 33.20453117984547, -92.66220456588886 33.20696508930477, -92.66062913263387 33.21040151388998, -92.66019149806131 33.20994854627228, -92.66076544226225 33.20453117984547))","((-92.66076544226225, 33.204531179845475), (-92.66062913263387, 33.21040151388998))"
2281,EL PASO,"POLYGON ((-106.4858602868583 31.74789444803311, -106.4870640576077 31.74863239636203, -106.4830372404128 31.74892247744609, -106.4833216447339 31.74835068923029, -106.4858602868583 31.74789444803311))","((-106.48706405760772, 31.748632396362026), (-106.48303724041276, 31.748922477446094))"
2282,EL RENO,"POLYGON ((-97.95489630130714 35.54426503014125, -97.95537834916827 35.54350916277356, -97.97184436866334 35.55318880440435, -97.97033275172686 35.55303679896504, -97.95489630130714 35.54426503014125))","((-97.95489630130714, 35.54426503014125), (-97.97184436866334, 35.55318880440435))"
2283,ELKHART,"POLYGON ((-95.55911370702746 31.61611574954259, -95.56886932499751 31.61831857904832, -95.58249703933039 31.62666682853055, -95.56484557931563 31.62030740254627, -95.55911370702746 31.61611574954259))","((-95.55911370702746, 31.616115749542587), (-95.58249703933039, 31.626666828530553))"
2284,ELKO,"POLYGON ((-115.7235848769505 40.86384214308246, -115.7234142384366 40.86801807955998, -115.7059423940173 40.89258289996993, -115.7177793030092 40.86868793254546, -115.7235848769505 40.86384214308246))","((-115.72358487695048, 40.863842143082465), (-115.70594239401728, 40.89258289996993))"
2285,ELKO YARD,"POLYGON ((-115.730081964522 40.8586029394202, -115.730717305942 40.85923306672881, -115.7227532268242 40.86812958097139, -115.7254701407539 40.86325088612554, -115.730081964522 40.8586029394202))","((-115.73008196452203, 40.8586029394202), (-115.72275322682422, 40.86812958097139))"
2286,EMERYVILLE YARD,"POLYGON ((-122.2904541281036 37.83145077121765, -122.2913375164484 37.83141771692441, -122.2917781824307 37.83871759341252, -122.2905085578033 37.83558321643833, -122.2904541281036 37.83145077121765))","((-122.29045412810365, 37.83145077121765), (-122.29177818243068, 37.83871759341252))"
2287,ENGLEWOOD,"POLYGON ((-95.31237712952394 29.78590322654133, -95.31645489757379 29.78776196647711, -95.26185999548086 29.81085943220382, -95.29136640462011 29.7934522095358, -95.31237712952394 29.78590322654133))","((-95.31645489757379, 29.787761966477106), (-95.26185999548086, 29.81085943220382))"
2288,ESTHERVILLE,"POLYGON ((-94.83118672616365 43.39296737859336, -94.90890795281724 43.4192059121375, -94.91480540469342 43.42277081962739, -94.85638136162824 43.42403722392384, -94.83118672616365 43.39296737859336))","((-94.83118672616365, 43.39296737859336), (-94.91480540469342, 43.42277081962739))"
2289,EUGENE YARD,"POLYGON ((-123.0898256410614 44.05537435974005, -123.1472062517682 44.07738180772699, -123.1676981673219 44.11951571421316, -123.1670725916064 44.11956594893554, -123.0898256410614 44.05537435974005))","((-123.0898256410614, 44.05537435974005), (-123.16769816732187, 44.11951571421316))"
2290,EUREKA,"POLYGON ((-95.41886059111232 29.78290698341268, -95.42467963367947 29.78302706515162, -95.4275476127325 29.78391642382837, -95.41575270204535 29.78379572776505, -95.41886059111232 29.78290698341268))","((-95.4275476127325, 29.783916423828366), (-95.41575270204535, 29.78379572776505))"
2291,EUREKA YARD,"POLYGON ((-95.42708698405988 29.78433192239771, -95.42706836027934 29.78343488658556, -95.43462042230443 29.78405201502343, -95.43420370802426 29.78453142162774, -95.42708698405988 29.78433192239771))","((-95.42706836027934, 29.783434886585557), (-95.43462042230443, 29.78405201502343))"
2292,EVANSTON,"POLYGON ((-110.9650992322849 41.27014933273087, -110.9677207591595 41.2695835743608, -110.994042021884 41.27404574124857, -110.9813665871535 41.27922136801941, -110.9650992322849 41.27014933273087))","((-110.96509923228486, 41.27014933273087), (-110.99404202188397, 41.27404574124857))"
2293,EXXONMOBIL BAYTOWN,"POLYGON ((-95.0085439532585 29.74917092544173, -95.0103196911669 29.74893710632238, -95.0180667129983 29.75378234837142, -95.01745326637999 29.75397400129413, -95.0085439532585 29.74917092544173))","((-95.0085439532585, 29.749170925441728), (-95.0180667129983, 29.75378234837142))"
2294,FAIRFAX-1,"POLYGON ((-94.6294482051598 39.15183631079918, -94.62777987151064 39.15344302994722, -94.61488573242669 39.15583599032276, -94.61520872956086 39.15529206953535, -94.6294482051598 39.15183631079918))","((-94.6294482051598, 39.15183631079918), (-94.61488573242669, 39.155835990322764))"
2295,FAIRFAX-2,"POLYGON ((-94.61409693361388 39.11680424319037, -94.61493981409261 39.11687022609492, -94.62100733330936 39.141757169731, -94.61058710086765 39.12955159903107, -94.61409693361388 39.11680424319037))","((-94.61409693361388, 39.116804243190366), (-94.62100733330936, 39.141757169731))"
2296,FAIRFAX-3,"POLYGON ((-94.60468098581123 39.12594317819546, -94.60452918226197 39.12774158482229, -94.59704588756153 39.13524464930492, -94.597690830956 39.13349505696499, -94.60468098581123 39.12594317819546))","((-94.60468098581123, 39.125943178195456), (-94.59704588756153, 39.135244649304916))"
2297,FALLS CITY,"POLYGON ((-95.56805324671369 40.00029753935489, -95.56887295735845 39.9999812770108, -95.60040388730044 40.0491422587229, -95.57426386473378 40.03895128197912, -95.56805324671369 40.00029753935489))","((-95.56805324671369, 40.00029753935489), (-95.60040388730044, 40.0491422587229))"
2298,FAMOSO YARD,"POLYGON ((-119.2058186335731 35.59100198450268, -119.2068333361524 35.59121264774749, -119.2093730624198 35.60432251158615, -119.2082970271339 35.60213640542149, -119.2058186335731 35.59100198450268))","((-119.2058186335731, 35.591001984502675), (-119.2093730624198, 35.60432251158615))"
2299,FARM YARD,"POLYGON ((-87.8538879438493 42.57341946021137, -87.85426928335492 42.57423071257677, -87.84545402272073 42.57828923428048, -87.84599474264705 42.57744446448955, -87.8538879438493 42.57341946021137))","((-87.8538879438493, 42.57341946021137), (-87.84545402272073, 42.578289234280476))"
2300,FIFE,"POLYGON ((-122.3676361067314 47.23325268375382, -122.3679251282474 47.23240379337575, -122.3916068008441 47.23950590348858, -122.382004685245 47.23789353351723, -122.3676361067314 47.23325268375382))","((-122.36763610673135, 47.23325268375382), (-122.39160680084412, 47.23950590348858))"
2301,FORMOSA,"POLYGON ((-96.53691528971056 28.78829267474404, -96.53749579812856 28.78895483382042, -96.5042273830593 28.83176508953503, -96.50374745429427 28.80756090807735, -96.53691528971056 28.78829267474404))","((-96.53691528971056, 28.788292674744035), (-96.5042273830593, 28.831765089535033))"
2302,FORT DODGE,"POLYGON ((-94.15963167374591 42.48629073724254, -94.16269167156713 42.49726974807282, -94.16237184126003 42.49781092973802, -94.1570619966664 42.49374661346047, -94.15963167374591 42.48629073724254))","((-94.1596316737459, 42.48629073724254), (-94.16237184126003, 42.49781092973802))"
2303,FREMONT (UP),"POLYGON ((-96.47883446553666 41.42359285925524, -96.49393337214502 41.42840218051577, -96.45452520156971 41.42745381641919, -96.45490281420629 41.42693765408442, -96.47883446553666 41.42359285925524))","((-96.49393337214502, 41.42840218051577), (-96.45452520156971, 41.42745381641919))"
2304,FREMONT YARD,"POLYGON ((-121.9855316830298 37.56722589463724, -121.9881430943026 37.56861350847052, -121.9732501722168 37.57165500311213, -121.9735260015955 37.57108733415458, -121.9855316830298 37.56722589463724))","((-121.98814309430257, 37.56861350847052), (-121.97325017221681, 37.57165500311213))"
2305,FRESNO YARD,"POLYGON ((-119.8293807787034 36.7655566117919, -119.8300236981674 36.76493215726599, -119.8619928279177 36.79448179667071, -119.8406109597377 36.77878991897874, -119.8293807787034 36.7655566117919))","((-119.82938077870341, 36.7655566117919), (-119.86199282791769, 36.79448179667071))"
2306,GARFIELD,"POLYGON ((-112.1769316738099 40.74166390057709, -112.1705575455186 40.75359129256059, -112.1628553987281 40.76036859989222, -112.1627769353565 40.75973732158824, -112.1769316738099 40.74166390057709))","((-112.17693167380988, 40.74166390057709), (-112.16285539872813, 40.76036859989222))"
2307,GARRETT,"POLYGON ((-97.05893361799536 32.73758387004096, -97.06202997058206 32.74262657582546, -97.04832875206003 32.73987635525191, -97.04869348940805 32.73934861758016, -97.05893361799536 32.73758387004096))","((-97.06202997058206, 32.74262657582546), (-97.04832875206003, 32.73987635525191))"
2308,GARY,"POLYGON ((-108.7782108256452 39.17264716947846, -108.778896990133 39.17265656465936, -108.786190660493 39.1822345447553, -108.7757722565204 39.17718164387117, -108.7782108256452 39.17264716947846))","((-108.7782108256452, 39.17264716947846), (-108.78619066049296, 39.1822345447553))"
2309,GERM CO YARD,"POLYGON ((-118.2337329479991 33.81593414819417, -118.2373200845575 33.82163363137463, -118.2303592356058 33.82200083793277, -118.2316140893428 33.81779297191102, -118.2337329479991 33.81593414819417))","((-118.23732008455745, 33.82163363137463), (-118.23035923560577, 33.82200083793277))"
2310,GINNIE,"POLYGON ((-97.31257473104026 32.74353729049973, -97.31270243644306 32.74264980425801, -97.318667180825 32.74401661683059, -97.31777269011629 32.74461163470035, -97.31257473104026 32.74353729049973))","((-97.31270243644306, 32.742649804258015), (-97.318667180825, 32.744016616830585))"
2311,GLASS,"POLYGON ((-95.26679794503103 29.78044431192733, -95.26692168291052 29.77956261832929, -95.28871321758979 29.7801236597951, -95.28370523080198 29.78241005655125, -95.26679794503103 29.78044431192733))","((-95.26679794503103, 29.78044431192733), (-95.28871321758979, 29.780123659795102))"
2312,GLOBAL 1 EAST,"POLYGON ((-87.66720061702416 41.86021958580289, -87.6721928723621 41.86123284791464, -87.6516537488618 41.86071483121656, -87.65210161155785 41.8602627213511, -87.66720061702416 41.86021958580289))","((-87.6721928723621, 41.861232847914636), (-87.6516537488618, 41.86071483121656))"
2313,GLOBAL 1 WEST,"POLYGON ((-87.67322025894103 41.85989824131463, -87.68566062138007 41.86032320081748, -87.69163000899303 41.86842763503761, -87.66826653435388 41.8608184687165, -87.67322025894103 41.85989824131463))","((-87.69163000899303, 41.868427635037605), (-87.66826653435388, 41.8608184687165))"
2314,GLOBAL 3,"POLYGON ((-89.14865834413885 41.89076265075023, -89.1489069431862 41.89162207658784, -89.08676788211014 41.91536897094679, -89.08953208578237 41.90222882050114, -89.14865834413885 41.89076265075023))","((-89.14865834413885, 41.89076265075023), (-89.08676788211014, 41.91536897094679))"
2315,GLOBAL IV,"POLYGON ((-88.11486717201497 41.45467298892468, -88.11831074818106 41.47937970009688, -88.09590755115899 41.48082644976373, -88.09582072484837 41.48020132262428, -88.11486717201497 41.45467298892468))","((-88.11486717201497, 41.454672988924685), (-88.09590755115899, 41.480826449763725))"
2316,GRAND ISLAND,"POLYGON ((-98.34022551687904 40.92694509977722, -98.33786086330487 40.92900320702637, -98.29551148333306 40.94404692413785, -98.32713260362422 40.92940853773429, -98.34022551687904 40.92694509977722))","((-98.34022551687904, 40.92694509977722), (-98.29551148333306, 40.94404692413785))"
2317,GRAND JUNCTION,"POLYGON ((-108.5640819507276 39.06011990436868, -108.5694499580932 39.0614716103067, -108.5889453351346 39.08012780904571, -108.5622793173803 39.0612739068694, -108.5640819507276 39.06011990436868))","((-108.58894533513462, 39.08012780904571), (-108.56227931738026, 39.0612739068694))"
2318,GREEN RIVER,"POLYGON ((-109.4356081001417 41.51653223334905, -109.463016931437 41.51891430282335, -109.4752592165399 41.52965963862521, -109.4314251334514 41.5183538836643, -109.4356081001417 41.51653223334905))","((-109.47525921653991, 41.52965963862521), (-109.4314251334514, 41.5183538836643))"
2319,GUADALUPE YARD (UP),"POLYGON ((-120.5731676348078 34.95634220985197, -120.5736717223375 34.96480542798493, -120.5713640879136 34.96908002114178, -120.5709990118808 34.96855904099167, -120.5731676348078 34.95634220985197))","((-120.57316763480779, 34.95634220985197), (-120.57136408791358, 34.96908002114178))"
2320,HARDY STREET,"POLYGON ((-95.35786340846174 29.77060018946532, -95.36125822046144 29.77206315350115, -95.35106723598095 29.77262710286287, -95.3544562595696 29.77080921746948, -95.35786340846174 29.77060018946532))","((-95.36125822046144, 29.77206315350115), (-95.35106723598095, 29.77262710286287))"
2321,HARLINGEN,"POLYGON ((-97.70253024782393 26.20033925031142, -97.70558279338623 26.20191063822579, -97.71527300970321 26.21906432544872, -97.71464819660821 26.21893544832545, -97.70253024782393 26.20033925031142))","((-97.70253024782393, 26.20033925031142), (-97.71527300970321, 26.219064325448716))"
2322,HARTER,"POLYGON ((-97.49531849030764 35.46767935259397, -97.49536796214579 35.46857618612334, -97.47234448020907 35.46935346063835, -97.4766610278035 35.46852253776397, -97.49531849030764 35.46767935259397))","((-97.49536796214579, 35.468576186123336), (-97.47234448020907, 35.469353460638345))"
2323,HAWKSNEST YARD,"POLYGON ((-107.4327188720795 38.92608684869764, -107.4353184207956 38.92663058572015, -107.4375212403674 38.92868816231618, -107.4308773740447 38.92690634526384, -107.4327188720795 38.92608684869764))","((-107.43752124036745, 38.928688162316185), (-107.43087737404474, 38.92690634526384))"
2324,HEARNE,"POLYGON ((-96.58431665753433 30.86893206467373, -96.59541265319643 30.88177777247705, -96.61150918366201 30.90951752005609, -96.60221357253337 30.90003556396485, -96.58431665753433 30.86893206467373))","((-96.58431665753433, 30.868932064673732), (-96.61150918366201, 30.90951752005609))"
2325,HEDGES,"POLYGON ((-119.0341793970012 46.1763723368044, -119.0368133026513 46.1761888023588, -119.0438878817357 46.17956626846181, -119.0433090165562 46.1798269228445, -119.0341793970012 46.1763723368044))","((-119.03417939700121, 46.1763723368044), (-119.04388788173574, 46.17956626846181))"
2326,HELPER,"POLYGON ((-110.859273534129 39.67261456807213, -110.8597633729895 39.67303892392171, -110.8604141352188 39.6945032175704, -110.8514554476119 39.6840184201765, -110.859273534129 39.67261456807213))","((-110.85927353412897, 39.67261456807213), (-110.86041413521885, 39.6945032175704))"
2327,HENDERSON,"POLYGON ((-115.0336536500459 36.03498573340894, -115.0362462915005 36.0346784092927, -115.0409580776895 36.03685774477452, -115.0377716163822 36.03741324427052, -115.0336536500459 36.03498573340894))","((-115.0336536500459, 36.034985733408945), (-115.04095807768947, 36.03685774477452))"
2328,HERINGTON,"POLYGON ((-96.94916071506766 38.67310764714632, -96.94884618865015 38.69732702043245, -96.92719611898728 38.70915447034854, -96.92705273029307 38.70853914965755, -96.94916071506766 38.67310764714632))","((-96.94916071506766, 38.67310764714632), (-96.92719611898728, 38.70915447034854))"
2329,HILL,"POLYGON ((-96.45932864544659 32.09210029007055, -96.45232673254635 32.09593647500676, -96.42183760942 32.09522311812412, -96.42313228185087 32.09424336345055, -96.45932864544659 32.09210029007055))","((-96.45932864544659, 32.092100290070555), (-96.42183760942, 32.095223118124125))"
2330,HINKLE YARD,"POLYGON ((-119.2263087273213 45.78352783570929, -119.3017416689073 45.79424487424602, -119.3191965780152 45.79783524073365, -119.2622000982576 45.79904286924614, -119.2263087273213 45.78352783570929))","((-119.22630872732132, 45.78352783570929), (-119.31919657801517, 45.797835240733654))"
2331,HOFFMAN AVE,"POLYGON ((-93.05128833331553 44.94302732328224, -93.05155630829536 44.94222983171764, -93.05256998352738 44.94300132202595, -93.05212493534657 44.94346328950471, -93.05128833331553 44.94302732328224))","((-93.05155630829536, 44.94222983171764), (-93.05212493534657, 44.94346328950471))"
2332,HOFFMAN YARD,"POLYGON ((-93.04002025945337 44.9263949332784, -93.04474744467279 44.93123736860861, -93.05316812819801 44.94389626288112, -93.04028339792443 44.92959309408299, -93.04002025945337 44.9263949332784))","((-93.04002025945337, 44.9263949332784), (-93.05316812819801, 44.94389626288112))"
2333,HOLLYWOOD,"POLYGON ((-93.80503346930855 32.442124707715, -93.80664506591069 32.44345806853352, -93.78583544264717 32.46355208738935, -93.79363545459941 32.45327187502166, -93.80503346930855 32.442124707715))","((-93.80664506591069, 32.44345806853352), (-93.78583544264717, 32.46355208738935))"
2334,HOSKINS,"POLYGON ((-95.37960358402654 29.00284047321803, -95.38031455048912 29.00229528416114, -95.39429940169116 29.01935754877371, -95.38871440774001 29.01391294348342, -95.37960358402654 29.00284047321803))","((-95.37960358402654, 29.002840473218026), (-95.39429940169116, 29.01935754877371))"
2335,HULL AVENUE,"POLYGON ((-93.58251681601551 41.60487104751729, -93.58426888003967 41.60889708295024, -93.58340744507902 41.61886152648114, -93.58257856622487 41.6172524651173, -93.58251681601551 41.60487104751729))","((-93.58251681601551, 41.604871047517285), (-93.58340744507902, 41.61886152648114))"
2336,HUNTINGTON YARD,"POLYGON ((-117.2681673734253 44.35160663399689, -117.2732231107309 44.35314203685146, -117.2810979684195 44.3627895588841, -117.2548863210338 44.35593365921361, -117.2681673734253 44.35160663399689))","((-117.28109796841954, 44.362789558884096), (-117.25488632103382, 44.35593365921361))"
2337,ICTF YARD,"POLYGON ((-118.2232138875413 33.80384586475667, -118.2257776037358 33.80864714018819, -118.2277242045908 33.82879358372193, -118.2224140551086 33.81274546550323, -118.2232138875413 33.80384586475667))","((-118.22321388754126, 33.803845864756674), (-118.22772420459079, 33.82879358372193))"
2338,IDAHO FALLS,"POLYGON ((-112.0349558054493 43.4949809985432, -112.0335029982132 43.50018109981558, -112.0269387195437 43.51028042298962, -112.0263756743481 43.50734129210817, -112.0349558054493 43.4949809985432))","((-112.03495580544933, 43.4949809985432), (-112.02693871954365, 43.510280422989624))"
2339,IDS TRANSLOAD,"POLYGON ((-94.89585134876621 29.76429168016045, -94.89642345333817 29.76702805168873, -94.89256431693958 29.77665882723837, -94.89224446652109 29.77610179232148, -94.89585134876621 29.76429168016045))","((-94.89585134876621, 29.764291680160454), (-94.89256431693958, 29.776658827238375))"
2340,IPC,"POLYGON ((-91.93925690833601 34.22450562877091, -91.96002364505998 34.22486734512096, -91.96046496756534 34.225317179883, -91.92664526782816 34.22530986398017, -91.93925690833601 34.22450562877091))","((-91.96046496756534, 34.225317179883), (-91.92664526782816, 34.22530986398017))"
2341,ITASCA YARD,"POLYGON ((-92.00804074654945 46.67079314409138, -92.01025733441354 46.67214227535023, -92.01582654142507 46.68084160783454, -92.01218452379182 46.6790481503677, -92.00804074654945 46.67079314409138))","((-92.00804074654945, 46.67079314409138), (-92.01582654142507, 46.68084160783454))"
2342,IVORY,"POLYGON ((-90.27122513665502 38.51197797471139, -90.27004864670219 38.5288396723117, -90.26338556467175 38.53438104787016, -90.26311864943786 38.53380421121759, -90.27122513665502 38.51197797471139))","((-90.27122513665502, 38.511977974711385), (-90.26338556467175, 38.53438104787016))"
2343,IVORY,"POLYGON ((-90.26395314430583 38.53340346545647, -90.2643641473789 38.53416590841183, -90.25694441180808 38.54064146650524, -90.25813479315426 38.53817319121114, -90.26395314430583 38.53340346545647))","((-90.26395314430583, 38.53340346545647), (-90.25694441180808, 38.540641466505235))"
2344,JANESVILLE YARD,"POLYGON ((-88.99376831459152 42.63561759007933, -88.99627625241425 42.63580097594982, -89.00565029211062 42.64521775270514, -89.00229311543976 42.64402397772363, -88.99376831459152 42.63561759007933))","((-88.99376831459152, 42.63561759007933), (-89.00565029211062, 42.64521775270514))"
2345,JEFFERSON (UP),"POLYGON ((-94.34840488206531 32.76504429886761, -94.35276303160579 32.76505769138713, -94.35392784499903 32.76571655246089, -94.34397943891126 32.76798476453836, -94.34840488206531 32.76504429886761))","((-94.35392784499903, 32.76571655246089), (-94.34397943891126, 32.76798476453836))"
2346,JEFFERSON CITY,"POLYGON ((-92.15115307636424 38.57287511136386, -92.19873405575686 38.58534460873672, -92.22543903441692 38.59532778655555, -92.18090525090362 38.58713358655051, -92.15115307636424 38.57287511136386))","((-92.15115307636424, 38.57287511136386), (-92.22543903441692, 38.59532778655555))"
2347,JENKS SHOPS,"POLYGON ((-92.27993540711867 34.75662062531416, -92.27623075301842 34.76554291671457, -92.2636090179772 34.76405587332457, -92.26670268335309 34.76106368227042, -92.27993540711867 34.75662062531416))","((-92.27993540711867, 34.756620625314156), (-92.2636090179772, 34.764055873324565))"
2348,JENNKS SHOPS,"POLYGON ((-92.26653655471981 34.76120799233041, -92.26741386356935 34.76299797275888, -92.26511225586989 34.76417021980365, -92.26489345753276 34.76358312504997, -92.26653655471981 34.76120799233041))","((-92.2665365547198, 34.761207992330405), (-92.2651122558699, 34.764170219803646))"
2349,JONESBORO,"POLYGON ((-90.70822787363221 35.84244973519173, -90.7162251861921 35.84265615529318, -90.7166596179636 35.84312284785421, -90.70310633745011 35.8432681808529, -90.70822787363221 35.84244973519173))","((-90.7166596179636, 35.84312284785421), (-90.70310633745011, 35.8432681808529))"
2350,KAISER YARD,"POLYGON ((-117.5236447907154 34.06415915897746, -117.5225718036813 34.06516308243209, -117.4889578896125 34.06548320363065, -117.4893955988373 34.06502486710595, -117.5236447907154 34.06415915897746))","((-117.52364479071535, 34.06415915897746), (-117.48895788961252, 34.06548320363065))"
2351,KEARNEY YARD,"POLYGON ((-120.9028270968044 37.48855701035789, -120.9036987126438 37.48929023056315, -120.8936818860976 37.48902976843376, -120.8940856141042 37.48857252302076, -120.9028270968044 37.48855701035789))","((-120.90369871264376, 37.48929023056315), (-120.8936818860976, 37.48902976843376))"
2352,KENT AUTO-RAMP,"POLYGON ((-122.2395708752886 47.35365077478978, -122.2403322860156 47.35407391476825, -122.2407321909342 47.36732095695987, -122.2390735610002 47.36112268298721, -122.2395708752886 47.35365077478978))","((-122.2395708752886, 47.353650774789784), (-122.24073219093415, 47.367320956959865))"
2353,KENTON YARD,"POLYGON ((-122.6543268765186 45.57784385650481, -122.6582586037242 45.57744321077264, -122.6763568680484 45.58277269766197, -122.6744727601362 45.58286457453019, -122.6543268765186 45.57784385650481))","((-122.65432687651864, 45.57784385650481), (-122.67635686804844, 45.582772697661966))"
2354,KINDER-MORGAN,"POLYGON ((-90.14957757731104 29.9144760605024, -90.14819912465131 29.92072270346302, -90.14482985449557 29.92464564433444, -90.1471197712185 29.91791938147681, -90.14957757731104 29.9144760605024))","((-90.14957757731104, 29.9144760605024), (-90.14482985449557, 29.92464564433444))"
2355,KIRBY,"POLYGON ((-98.40150926572801 29.46128377838312, -98.39368685030047 29.47184861707469, -98.37845452466387 29.47737623738172, -98.37858129344021 29.47676147625522, -98.40150926572801 29.46128377838312))","((-98.40150926572801, 29.461283778383123), (-98.37845452466387, 29.47737623738172))"
2356,KLAMATH FALLS YARD,"POLYGON ((-121.770427264078 42.19659237216607, -121.7713198541011 42.19660905600445, -121.7739562470855 42.22981932543258, -121.7696251910236 42.22300514582945, -121.770427264078 42.19659237216607))","((-121.77042726407797, 42.19659237216607), (-121.77395624708554, 42.22981932543258))"
2357,LA GRANDE YARD,"POLYGON ((-118.0909386388262 45.32868633490525, -118.0915530309959 45.32806004043674, -118.1102922196654 45.3403305013173, -118.0946124049279 45.3339106122902, -118.0909386388262 45.32868633490525))","((-118.09093863882619, 45.32868633490525), (-118.1102922196654, 45.3403305013173))"
2358,LAKE CHARLES,"POLYGON ((-93.17488290055125 30.23870422970208, -93.17494316847407 30.23780969477395, -93.1986230885941 30.23838172220068, -93.19529000542825 30.23899727584158, -93.17488290055125 30.23870422970208))","((-93.17488290055125, 30.238704229702076), (-93.1986230885941, 30.23838172220068))"
2359,LAKE HAYES,"POLYGON ((-93.89606547509219 32.42265625566341, -93.93142950240815 32.44065409559192, -93.93162524136214 32.44125767403, -93.88763481841995 32.42439042914089, -93.89606547509219 32.42265625566341))","((-93.93162524136214, 32.44125767403), (-93.88763481841995, 32.424390429140885))"
2360,LARAMIE,"POLYGON ((-105.5979749056849 41.29444235652543, -105.6000833525676 41.30534981797546, -105.5960499375513 41.32896690961284, -105.5947229573114 41.32205640776669, -105.5979749056849 41.29444235652543))","((-105.59797490568486, 41.29444235652543), (-105.59604993755134, 41.32896690961284))"
2361,LAREDO,"POLYGON ((-99.51580506025464 27.5000534081587, -99.51736745972467 27.52612288650541, -99.50699400732556 27.56022825844297, -99.50661042602934 27.5567833409588, -99.51580506025464 27.5000534081587))","((-99.51580506025464, 27.5000534081587), (-99.50699400732556, 27.560228258442972))"
2362,LATHROP INTERMODAL TERMINAL,"POLYGON ((-121.2626570228853 37.83185032208856, -121.2635379164378 37.8319470830837, -121.2643810569026 37.85539963299954, -121.2618337153988 37.8502021609097, -121.2626570228853 37.83185032208856))","((-121.2626570228853, 37.831850322088556), (-121.26438105690255, 37.855399632999536))"
2363,LEEWOOD (UP),"POLYGON ((-89.96770989630544 35.1589287209966, -89.96858089725443 35.1588962641578, -89.96955676315095 35.16655041586598, -89.96754819262709 35.16345006671899, -89.96770989630544 35.1589287209966))","((-89.96770989630544, 35.1589287209966), (-89.96955676315095, 35.166550415865984))"
2364,LESPERANCE,"POLYGON ((-90.20648009827576 38.59082993992325, -90.20713578644543 38.59143697148905, -90.18982139864809 38.61376441146248, -90.19492026555943 38.60205493760984, -90.20648009827576 38.59082993992325))","((-90.20648009827576, 38.590829939923246), (-90.18982139864809, 38.613764411462476))"
2365,LEVEL,"POLYGON ((-98.29288585078299 40.53376929444666, -98.29330290682127 40.53297370002642, -98.33750101235982 40.55627231141126, -98.33049953919648 40.55332167608806, -98.29288585078299 40.53376929444666))","((-98.292885850783, 40.53376929444666), (-98.33750101235982, 40.55627231141126))"
2366,LINCOLN (UP),"POLYGON ((-96.7133638099608 40.81206159286796, -96.714043221625 40.81775832447165, -96.711035252581 40.82097660989108, -96.71071734328504 40.82045255969144, -96.7133638099608 40.81206159286796))","((-96.7133638099608, 40.812061592867956), (-96.711035252581, 40.82097660989108))"
2367,LIVONIA,"POLYGON ((-91.5311813562266 30.50355500371455, -91.5514682427354 30.51804391556926, -91.57948589047984 30.55588488290027, -91.57885439374758 30.55585294686695, -91.5311813562266 30.50355500371455))","((-91.5311813562266, 30.503555003714546), (-91.57948589047984, 30.555884882900273))"
2368,LLOYD,"POLYGON ((-95.40165652871165 30.01984719398888, -95.40254020785071 30.01970500162443, -95.41666280803371 30.07804275048058, -95.40671342040662 30.06338396015584, -95.40165652871165 30.01984719398888))","((-95.40165652871165, 30.019847193988877), (-95.4166628080337, 30.078042750480577))"
2369,LOCKWOOD INTERMODAL,"POLYGON ((-95.3279602368607 29.78202587773051, -95.32820085892058 29.7828835261469, -95.31562881369442 29.78775468917605, -95.31834853591177 29.7852331401768, -95.3279602368607 29.78202587773051))","((-95.3279602368607, 29.782025877730508), (-95.31562881369442, 29.787754689176055))"
2370,LOGAN,"POLYGON ((-111.8505085480554 41.72682122100587, -111.8512705247073 41.73228532818391, -111.8499442281285 41.73490969050006, -111.8498741127556 41.72922565224681, -111.8505085480554 41.72682122100587))","((-111.85050854805542, 41.72682122100587), (-111.84994422812846, 41.73490969050006))"
2371,LOGGING YARD,"POLYGON ((-97.32830252600809 32.70484355060448, -97.32854236286171 32.70769921619991, -97.32581787367249 32.71500504468806, -97.32547778707189 32.71443830924928, -97.32830252600809 32.70484355060448))","((-97.32830252600809, 32.70484355060448), (-97.32581787367249, 32.715005044688056))"
2372,LONG MOTT,"POLYGON ((-96.76572800465894 28.49039778286053, -96.76771344898938 28.4923260954896, -96.77048805444014 28.49698570852511, -96.76747251956311 28.49541951352694, -96.76572800465894 28.49039778286053))","((-96.76572800465894, 28.490397782860533), (-96.77048805444014, 28.49698570852511))"
2373,LONGVIEW (BNSF),"POLYGON ((-94.72035315508101 32.49629516714232, -94.72048650380553 32.4974066318633, -94.70733147005103 32.49886901756336, -94.70768864511186 32.49833808705546, -94.72035315508101 32.49629516714232))","((-94.72035315508101, 32.49629516714232), (-94.70733147005103, 32.49886901756336))"
2374,LONGVIEW (UP),"POLYGON ((-94.73357265041643 32.49286108776514, -94.72648605958483 32.49643836425464, -94.7077944183642 32.49883016166222, -94.72653478228573 32.49380548580871, -94.73357265041643 32.49286108776514))","((-94.73357265041643, 32.492861087765135), (-94.7077944183642, 32.49883016166222))"
2375,LONGVIEW SIT,"POLYGON ((-94.72035232231018 32.496205068324, -94.72053749691941 32.49744018960126, -94.71073665826133 32.4984091964094, -94.71107339595306 32.4978611375547, -94.72035232231018 32.496205068324))","((-94.72035232231018, 32.496205068324), (-94.71073665826133, 32.498409196409405))"
2376,LONGVIEW YARD (BNSF),"POLYGON ((-94.72855276845432 32.49213667005763, -94.72521787179474 32.49498938916228, -94.72245046144084 32.49534750082422, -94.72262247725808 32.49473583124975, -94.72855276845432 32.49213667005763))","((-94.72855276845432, 32.49213667005763), (-94.72245046144084, 32.49534750082422))"
2377,LONGVIEW YARD (UP),"POLYGON ((-94.73443130193343 32.49272792893431, -94.73878588635911 32.49409308067339, -94.72848377089389 32.49414912614674, -94.72882481008102 32.49361599177971, -94.73443130193343 32.49272792893431))","((-94.73878588635911, 32.494093080673395), (-94.72848377089389, 32.49414912614674))"
2378,LORDSBURG,"POLYGON ((-108.6828340639755 32.34432644851215, -108.6831233331266 32.34347827396347, -108.7103339722677 32.35116609529999, -108.7043997499274 32.35028381602844, -108.6828340639755 32.34432644851215))","((-108.68283406397552, 32.34432644851215), (-108.71033397226773, 32.351166095299995))"
2379,LOS ANGELES J YARD,"POLYGON ((-118.2367637204615 34.01449733824666, -118.2371751418067 34.01529210780542, -118.231578372512 34.01791032553323, -118.2326663877764 34.01657446380222, -118.2367637204615 34.01449733824666))","((-118.23676372046148, 34.01449733824666), (-118.23157837251203, 34.01791032553323))"
2380,LOS NIETOS YARD,"POLYGON ((-118.0765957889004 33.94886566133857, -118.077459202279 33.94902839256542, -118.0773230517981 33.96095215237576, -118.075622714227 33.95809621676976, -118.0765957889004 33.94886566133857))","((-118.07659578890038, 33.948865661338566), (-118.07732305179809, 33.96095215237576))"
2381,LUFKIN,"POLYGON ((-94.72926968282873 31.34042499838444, -94.73074391279762 31.34222324964706, -94.71808667445256 31.36066793696006, -94.72251366428453 31.35079856076998, -94.72926968282873 31.34042499838444))","((-94.72926968282873, 31.340424998384442), (-94.71808667445256, 31.360667936960056))"
2382,LYNNDYL,"POLYGON ((-112.3959503204437 39.50213626203454, -112.3965391113283 39.50281419112605, -112.3788631324286 39.51850760023866, -112.3816322923244 39.51468290649287, -112.3959503204437 39.50213626203454))","((-112.39595032044366, 39.50213626203454), (-112.37886313242862, 39.51850760023866))"
2383,M-K,"POLYGON ((-95.25623998214184 29.76840150736369, -95.2562959698796 29.76751064069836, -95.26449874574769 29.7683114937999, -95.25958489219245 29.76883043126296, -95.25623998214184 29.76840150736369))","((-95.25623998214184, 29.768401507363695), (-95.26449874574769, 29.7683114937999))"
2384,MADISON (UP),"POLYGON ((-90.14666992136814 38.67545829046001, -90.14777900447605 38.67749855063732, -90.13696851278756 38.68370214361028, -90.13771570831192 38.68227731418504, -90.14666992136814 38.67545829046001))","((-90.14666992136814, 38.67545829046001), (-90.13696851278756, 38.68370214361028))"
2385,MALDEN,"POLYGON ((-89.97113870929226 36.5521525016811, -89.97153845262675 36.55295503292979, -89.96261212935013 36.55764614314607, -89.96351159767234 36.5564629012872, -89.97113870929226 36.5521525016811))","((-89.97113870929226, 36.5521525016811), (-89.96261212935013, 36.55764614314607))"
2386,MANKATO,"POLYGON ((-93.98728368462977 44.19340963633477, -93.98808037177382 44.19375202017668, -93.98551308695615 44.2085033119168, -93.98509348768118 44.20491802239489, -93.98728368462977 44.19340963633477))","((-93.98728368462977, 44.19340963633477), (-93.98551308695615, 44.2085033119168))"
2387,MANLY TERMINAL,"POLYGON ((-93.20325583127658 43.28822461079287, -93.20415302360311 43.28817979702386, -93.20498611604448 43.3140353493146, -93.20451631941859 43.3136092855688, -93.20325583127658 43.28822461079287))","((-93.20415302360311, 43.28817979702386), (-93.20498611604448, 43.3140353493146))"
2388,MANUEL YARD,"POLYGON ((-118.2250935508905 33.7925425584958, -118.2263309045146 33.79515787082568, -118.2214160277069 33.81122752264223, -118.2211185237245 33.8102513009957, -118.2250935508905 33.7925425584958))","((-118.22509355089052, 33.792542558495796), (-118.2214160277069, 33.81122752264223))"
2389,MAPLEWOOD,"POLYGON ((-93.30200656097273 30.22668294626063, -93.32112008801376 30.23740555506906, -93.32129252802989 30.23800953840387, -93.28597912520324 30.23823477855028, -93.30200656097273 30.22668294626063))","((-93.32129252802989, 30.238009538403873), (-93.28597912520324, 30.238234778550275))"
2390,MARION IMF,"POLYGON ((-90.25286703315832 35.19294471810046, -90.26876417253129 35.19581752764556, -90.28821736164119 35.20721112104434, -90.24622254753285 35.1950288429895, -90.25286703315832 35.19294471810046))","((-90.28821736164119, 35.20721112104434), (-90.24622254753285, 35.1950288429895))"
2391,MARKET STREET,"POLYGON ((-95.25627771907813 29.76840655428324, -95.25633152279451 29.76751027703237, -95.26449888839588 29.76833495402776, -95.26403943417338 29.76877498941598, -95.25627771907813 29.76840655428324))","((-95.25627771907813, 29.768406554283242), (-95.26449888839588, 29.76833495402776))"
2392,MARSHALL,"POLYGON ((-94.34969865800907 32.55010838658173, -94.35607849247761 32.54933022652824, -94.37010988193276 32.55140968895677, -94.3622427832392 32.55369633052034, -94.34969865800907 32.55010838658173))","((-94.34969865800907, 32.55010838658173), (-94.37010988193276, 32.55140968895677))"
2393,MARSHALLTOWN,"POLYGON ((-92.91406009394949 42.04090593797601, -92.91680382425 42.04153138778109, -92.88674662556279 42.04206416448243, -92.88718088834879 42.04160718258051, -92.91406009394949 42.04090593797601))","((-92.91680382425, 42.04153138778109), (-92.8867466255628, 42.042064164482426))"
2394,MARYSVILLE,"POLYGON ((-96.62542616670288 39.82611362211627, -96.65671915361266 39.83643728544001, -96.65531348080856 39.85406253088502, -96.65467195355298 39.85408361486918, -96.62542616670288 39.82611362211627))","((-96.62542616670288, 39.826113622116274), (-96.65531348080856, 39.854062530885024))"
2395,MASON CITY (UP),"POLYGON ((-93.21032447132026 43.16086456332813, -93.21115517120484 43.16053503951603, -93.21636041413666 43.17158921568727, -93.21273579202992 43.16849358870034, -93.21032447132026 43.16086456332813))","((-93.21032447132026, 43.160864563328126), (-93.21636041413666, 43.17158921568727))"
2396,MAURICEVILLE,"POLYGON ((-93.86276942861942 30.19425906911773, -93.86402675946944 30.19442330676802, -93.86758148542805 30.20065379933818, -93.86651449134465 30.19999941470661, -93.86276942861942 30.19425906911773))","((-93.86276942861942, 30.19425906911773), (-93.86758148542805, 30.200653799338177))"
2397,MCALESTER,"POLYGON ((-95.76818133572449 34.93886370629395, -95.76493874226892 34.95138353687114, -95.75875605850446 34.96438414524248, -95.75895509304667 34.9610404160769, -95.76818133572449 34.93886370629395))","((-95.76818133572449, 34.93886370629395), (-95.75875605850446, 34.96438414524248))"
2398,MCGEHEE,"POLYGON ((-91.38862406596517 33.6170649102928, -91.38943204324259 33.6169193185054, -91.45206732910364 33.71000089528464, -91.41145534447476 33.65626068395787, -91.38862406596517 33.6170649102928))","((-91.38862406596517, 33.617064910292804), (-91.45206732910364, 33.71000089528464))"
2399,MCGEHEE (UP),"POLYGON ((-91.3890741214818 33.62016874427935, -91.39097830050635 33.62121480778809, -91.39823524151002 33.63377092117615, -91.39253852866757 33.62670850301246, -91.3890741214818 33.62016874427935))","((-91.3890741214818, 33.620168744279354), (-91.39823524151002, 33.63377092117615))"
2400,MCNEIL,"POLYGON ((-93.21385000387028 33.34668095564533, -93.21441532369103 33.34756666386627, -93.20764535049759 33.34778621806571, -93.20890821419196 33.34706542882977, -93.21385000387028 33.34668095564533))","((-93.21441532369103, 33.34756666386627), (-93.20764535049759, 33.347786218065714))"
2401,MEDITERRANEAN YARD (PHL),"POLYGON ((-118.2372429093887 33.7727126859216, -118.2393778411541 33.77578244325043, -118.230895425381 33.77409982484009, -118.2312011304521 33.7730122977259, -118.2372429093887 33.7727126859216))","((-118.23937784115408, 33.77578244325043), (-118.23089542538098, 33.77409982484009))"
2402,MEDITERRANEAN YARD (UP),"POLYGON ((-118.2288727572647 33.77324346776004, -118.2334220546799 33.77436014610366, -118.2336768786705 33.77493690432077, -118.2269922409671 33.77445800308101, -118.2288727572647 33.77324346776004))","((-118.23367687867051, 33.77493690432077), (-118.22699224096708, 33.77445800308101))"
2403,MIDVALE,"POLYGON ((-111.906200734137 40.61132931708111, -111.905855064419 40.62412791776503, -111.9028950588607 40.63108218294832, -111.902542740401 40.63055797751661, -111.906200734137 40.61132931708111))","((-111.90620073413696, 40.61132931708111), (-111.90289505886065, 40.63108218294832))"
2404,MILLER,"POLYGON ((-96.7390330002718 32.69649051763976, -96.75320756534146 32.71269095932885, -96.75456424240166 32.72503536119793, -96.7539491473739 32.72485149231206, -96.7390330002718 32.69649051763976))","((-96.7390330002718, 32.69649051763976), (-96.75456424240166, 32.72503536119793))"
2405,MILPITAS YARD,"POLYGON ((-121.8963790981944 37.42067813408934, -121.9042116465918 37.4288997789292, -121.9050688302699 37.43538489166778, -121.9044303422685 37.43522649887094, -121.8963790981944 37.42067813408934))","((-121.8963790981944, 37.42067813408934), (-121.90506883026987, 37.43538489166778))"
2406,MINEOLA,"POLYGON ((-95.50789887604313 32.66690036478006, -95.50815197118087 32.66604039210026, -95.53638288695385 32.67287482027017, -95.52734531838269 32.67178495382768, -95.50789887604313 32.66690036478006))","((-95.50789887604313, 32.666900364780055), (-95.53638288695385, 32.67287482027017))"
2407,MIRA LOMA YARD,"POLYGON ((-117.5280277978472 34.01914094212189, -117.5284843987545 34.01837154807526, -117.5413568757058 34.0249816994251, -117.5384097403889 34.02447226530371, -117.5280277978472 34.01914094212189))","((-117.52802779784724, 34.01914094212189), (-117.5413568757058, 34.0249816994251))"
2408,MISSION RAIL PARK,"POLYGON ((-98.29494417103969 29.22069650501266, -98.29574597146721 29.22029167908517, -98.30134433763762 29.23236561630801, -98.30035784596792 29.23156489156569, -98.29494417103969 29.22069650501266))","((-98.29494417103969, 29.22069650501266), (-98.30134433763762, 29.23236561630801))"
2409,MISSOURI VALLEY,"POLYGON ((-95.89417112145479 41.55404395491828, -95.90168774414821 41.55517748308699, -95.88114663091969 41.55530176379344, -95.88156527228337 41.55482023961352, -95.89417112145479 41.55404395491828))","((-95.9016877441482, 41.55517748308699), (-95.88114663091969, 41.555301763793445))"
2410,MISSY SPUR,"POLYGON ((-94.52507393912931 39.03968814576621, -94.50997847383731 39.05068018265424, -94.50791221314671 39.04829220100238, -94.50811790037501 39.0476759962778, -94.52507393912931 39.03968814576621))","((-94.52507393912931, 39.039688145766206), (-94.50791221314671, 39.048292201002376))"
2411,MITCHELL YARD,"POLYGON ((-87.9582593883294 42.99769678238638, -87.96467070298635 42.99904207947399, -87.96688812548418 43.00163770644129, -87.96135563312509 42.99970385298581, -87.9582593883294 42.99769678238638))","((-87.9582593883294, 42.99769678238638), (-87.96688812548418, 43.001637706441294))"
2412,MOJAVE YARD,"POLYGON ((-118.1702037007872 35.04160960189679, -118.1721990729948 35.04367578231926, -118.176219005567 35.05874718229263, -118.1756593158843 35.0584563849369, -118.1702037007872 35.04160960189679))","((-118.17020370078721, 35.04160960189679), (-118.17621900556705, 35.05874718229263))"
2413,MONAHANS,"POLYGON ((-102.9114313347396 31.59001171764364, -102.9148830381964 31.59182382989712, -102.9008570952591 31.59299320230419, -102.9011703352387 31.59243583347863, -102.9114313347396 31.59001171764364))","((-102.91488303819636, 31.591823829897116), (-102.90085709525914, 31.592993202304186))"
2414,MONROE YARD (UP),"POLYGON ((-92.10381336108495 32.44120627429306, -92.10904288109302 32.4924163163838, -92.10482424942165 32.50295345380349, -92.104370107503 32.502509306486, -92.10381336108495 32.44120627429306))","((-92.10381336108495, 32.44120627429306), (-92.10482424942165, 32.50295345380349))"
2415,MONTCLAIR,"POLYGON ((-117.6887355782066 34.05957006628262, -117.6860562759771 34.06079182660191, -117.6711971136318 34.06051852673803, -117.6752773033866 34.05965176790523, -117.6887355782066 34.05957006628262))","((-117.68873557820662, 34.059570066282625), (-117.67119711363176, 34.06051852673803))"
2416,MONTPELIER,"POLYGON ((-111.3101350263995 42.31228695579006, -111.3143936123694 42.31578924837283, -111.3253287823944 42.33977351838546, -111.3247177908844 42.33959710564005, -111.3101350263995 42.31228695579006))","((-111.31013502639946, 42.312286955790064), (-111.32532878239437, 42.339773518385456))"
2417,MONTROSE YARD,"POLYGON ((-107.8775905108791 38.47480026813204, -107.8815125858967 38.47818110600635, -107.8824956412284 38.48169603324014, -107.881896135074 38.48159662178643, -107.8775905108791 38.47480026813204))","((-107.87759051087912, 38.47480026813204), (-107.88249564122839, 38.48169603324014))"
2418,MOPAC,"POLYGON ((-106.4700937928166 31.75528843400051, -106.4792903380069 31.75871713058148, -106.4687403816088 31.76984871413957, -106.4670774775368 31.76077513226607, -106.4700937928166 31.75528843400051))","((-106.47929033800686, 31.758717130581477), (-106.46874038160877, 31.769848714139574))"
2419,MOUNT PLEASANT,"POLYGON ((-94.96717270920063 33.15653571586192, -94.96596431669208 33.16265870423759, -94.96310252908476 33.16524158176647, -94.96291290530982 33.16463434433742, -94.96717270920063 33.15653571586192))","((-94.96717270920063, 33.15653571586192), (-94.96310252908476, 33.165241581766466))"
2420,MULFORD YARD,"POLYGON ((-122.1834446084723 37.71659516694763, -122.1857169034298 37.72137096498406, -122.1853270703933 37.72512529399968, -122.1847821390878 37.72480593104408, -122.1834446084723 37.71659516694763))","((-122.18344460847231, 37.716595166947634), (-122.18532707039331, 37.72512529399968))"
2421,MUSKOGEE,"POLYGON ((-95.36714034337011 35.74836052201185, -95.36524983873247 35.7535258674708, -95.35176828731288 35.76835841885794, -95.35168871771371 35.76772041116585, -95.36714034337011 35.74836052201185))","((-95.36714034337011, 35.74836052201185), (-95.35176828731288, 35.76835841885794))"
2422,NAMPA,"POLYGON ((-116.5288585455027 43.55998575693388, -116.5479778166448 43.56899979375074, -116.5932087198057 43.60328282472197, -116.5879728659916 43.60043471125973, -116.5288585455027 43.55998575693388))","((-116.52885854550269, 43.55998575693388), (-116.59320871980567, 43.60328282472197))"
2423,NEFF,"POLYGON ((-94.56726957810841 39.11388774164077, -94.52276642667439 39.12677252627988, -94.49451989646772 39.12031124282984, -94.49983823439119 39.1150239146224, -94.56726957810841 39.11388774164077))","((-94.56726957810841, 39.113887741640774), (-94.49451989646772, 39.12031124282984))"
2424,NEW,"POLYGON ((-97.32525942874497 32.77014739359067, -97.32750992326298 32.77115849606984, -97.33880999566803 32.78848458042062, -97.32958942895944 32.77719685371383, -97.32525942874497 32.77014739359067))","((-97.32525942874497, 32.77014739359067), (-97.33880999566803, 32.788484580420615))"
2425,NEW SOUTH,"POLYGON ((-95.32637244152501 29.69535012920905, -95.32720110970405 29.69541116182541, -95.33329325184938 29.71559703500209, -95.32618108839623 29.70803496845453, -95.32637244152501 29.69535012920905))","((-95.32637244152501, 29.695350129209046), (-95.33329325184938, 29.715597035002087))"
2426,NEWARK YARD,"POLYGON ((-122.002134674993 37.50840101593874, -122.0026949740391 37.5077138900885, -122.0295751156643 37.5237200639322, -122.0091409833282 37.51473382853748, -122.002134674993 37.50840101593874))","((-122.00213467499296, 37.508401015938745), (-122.02957511566434, 37.5237200639322))"
2427,NEY,"POLYGON ((-97.32586294181131 32.71354936018552, -97.32606088214995 32.7199358095499, -97.32219148876352 32.73037708825262, -97.3224900723287 32.7238021410594, -97.32586294181131 32.71354936018552))","((-97.32586294181131, 32.71354936018552), (-97.32219148876352, 32.73037708825262))"
2428,NOGALES YARD,"POLYGON ((-110.940521674028 31.33400500831122, -110.9379630459442 31.33892253580101, -110.9341733490439 31.34121244762662, -110.9341078481088 31.34058448104114, -110.940521674028 31.33400500831122))","((-110.94052167402799, 31.33400500831122), (-110.93417334904389, 31.341212447626617))"
2429,NORTH,"POLYGON ((-104.9985495135799 39.79056182282692, -104.9996780378159 39.79082405354363, -105.0063959404628 39.80361996335979, -104.9980336271194 39.7995722372748, -104.9985495135799 39.79056182282692))","((-104.99854951357986, 39.790561822826916), (-105.00639594046277, 39.80361996335979))"
2430,NORTH,"POLYGON ((-104.9996244010906 39.75955722405247, -104.9997358270291 39.79105524973192, -104.9980639948427 39.79147732053871, -104.9971770861261 39.7648793806252, -104.9996244010906 39.75955722405247))","((-104.99962440109061, 39.75955722405247), (-104.99806399484268, 39.79147732053871))"
2431,NORTH,"POLYGON ((-95.28889106207679 29.77336861480727, -95.28974447250944 29.77340993612352, -95.28920010714447 29.77453654861958, -95.28865680964613 29.77420240211092, -95.28889106207679 29.77336861480727))","((-95.28974447250944, 29.773409936123517), (-95.28865680964613, 29.774202402110923))"
2432,NORTH AVENUE,"POLYGON ((-87.65928454880815 41.90165335855609, -87.66013397306899 41.90139316778384, -87.66428163969462 41.91107965529878, -87.66052047564924 41.90783949018228, -87.65928454880815 41.90165335855609))","((-87.65928454880815, 41.90165335855609), (-87.66428163969462, 41.91107965529878))"
2433,NORTH COUNCIL BLUFFS,"POLYGON ((-95.8605383643792 41.26145287183638, -95.86266180778158 41.2718905154598, -95.8600955474957 41.28772356883855, -95.8596235710521 41.26984387757324, -95.8605383643792 41.26145287183638))","((-95.8605383643792, 41.261452871836376), (-95.8600955474957, 41.28772356883855))"
2434,NORTH END,"POLYGON ((-97.87682258817991 36.39057268223791, -97.87767223048947 36.39086377459041, -97.86172970831296 36.43911750643588, -97.86331936824571 36.42751555270267, -97.87682258817991 36.39057268223791))","((-97.8768225881799, 36.39057268223791), (-97.86172970831296, 36.43911750643588))"
2435,NORTH LITTLE ROCK,"POLYGON ((-92.25056351614134 34.7632239917389, -92.26677375130552 34.76396294186429, -92.14800854215262 34.83552426080237, -92.21674537649297 34.77298593094582, -92.25056351614134 34.7632239917389))","((-92.26677375130552, 34.76396294186429), (-92.14800854215262, 34.835524260802366))"
2436,NORTH MARYSVILLE,"POLYGON ((-96.64890029928672 39.84640080512047, -96.64994349908933 39.84628558306164, -96.65569157192051 39.86043602258823, -96.6512358778821 39.85462345051447, -96.64890029928672 39.84640080512047))","((-96.64890029928672, 39.84640080512047), (-96.65569157192051, 39.86043602258823))"
2437,NORTH PORTLAND,"POLYGON ((-122.7746628228424 45.62466725297814, -122.775340460637 45.63111643440769, -122.7716892660294 45.63698606216299, -122.7713469614654 45.63642409108795, -122.7746628228424 45.62466725297814))","((-122.77466282284237, 45.62466725297814), (-122.77168926602936, 45.63698606216299))"
2438,NORTH RENO-PARR,"POLYGON ((-119.8211725827782 39.56526502560848, -119.8201581314182 39.56774258047242, -119.8121117459353 39.57032014502652, -119.813358687393 39.56847922016202, -119.8211725827782 39.56526502560848))","((-119.82117258277825, 39.56526502560848), (-119.81211174593528, 39.57032014502652))"
2439,NORTH RENO-PARR YARD,"POLYGON ((-119.8211458785779 39.5652770360477, -119.8201360081523 39.567809982292, -119.8120003010029 39.57059992211502, -119.8128176951748 39.56936798588752, -119.8211458785779 39.5652770360477))","((-119.8211458785779, 39.5652770360477), (-119.81200030100287, 39.57059992211502))"
2440,NORTH TOPEKA,"POLYGON ((-95.67403860987531 39.0687656296657, -95.67438888836708 39.06794184010862, -95.71206453742943 39.0808263184753, -95.69554389104314 39.07787287041351, -95.67403860987531 39.0687656296657))","((-95.67403860987531, 39.0687656296657), (-95.71206453742943, 39.0808263184753))"
2441,NORTH YARD,"POLYGON ((-111.9048224438895 40.7754063949369, -111.9205948723757 40.8030930054255, -111.9199180106134 40.81321772222736, -111.9054090517109 40.7854046739798, -111.9048224438895 40.7754063949369))","((-111.90482244388947, 40.7754063949369), (-111.91991801061337, 40.813217722227364))"
2442,NORTHPORT (UP),"POLYGON ((-103.110771373351 41.68785879736561, -103.1111558085235 41.68705843409825, -103.1507690201975 41.69958367973283, -103.1220747147118 41.69539244504912, -103.110771373351 41.68785879736561))","((-103.11077137335096, 41.687858797365614), (-103.15076902019746, 41.699583679732825))"
2443,OAKRIDGE-EDNA,"POLYGON ((-106.9621961792236 40.30711090469622, -106.9628765006496 40.30803342972838, -106.9595921760937 40.31299543054961, -106.9593513416513 40.31240833286844, -106.9621961792236 40.30711090469622))","((-106.96219617922358, 40.307110904696216), (-106.9595921760937, 40.31299543054961))"
2444,OAKRIDGE -EDNA,"POLYGON ((-106.9621982280849 40.30710713601942, -106.9629032172536 40.30777715216056, -106.9595873310638 40.31299336512146, -106.9593659256513 40.3123676640693, -106.9621982280849 40.30710713601942))","((-106.9621982280849, 40.30710713601942), (-106.95958733106383, 40.312993365121464))"
2445,OAKRIDGE YARD,"POLYGON ((-122.4603588362201 43.74333617083721, -122.4804188473669 43.74723101325827, -122.4853008061981 43.75061086321013, -122.4565855324558 43.74662811669216, -122.4603588362201 43.74333617083721))","((-122.4853008061981, 43.75061086321013), (-122.45658553245583, 43.746628116692165))"
2446,ODESSA,"POLYGON ((-102.3196771595715 31.82797117140135, -102.3213789607105 31.8293423519896, -102.3223732131812 31.83377519040793, -102.3208812211708 31.83176200942863, -102.3196771595715 31.82797117140135))","((-102.3196771595715, 31.827971171401348), (-102.32237321318117, 31.833775190407934))"
2447,ODESSA RAILPORT,"POLYGON ((-102.3106324921967 31.86352065489788, -102.3125199833181 31.86372004071087, -102.3205823429454 31.86870004036606, -102.3099847500891 31.87404659583707, -102.3106324921967 31.86352065489788))","((-102.32058234294544, 31.86870004036606), (-102.30998475008911, 31.87404659583707))"
2448,OLD SOUTH,"POLYGON ((-95.33270658253348 29.7152360649098, -95.33357714947942 29.71502909275892, -95.33719135993664 29.72727731817174, -95.33450071774554 29.72258076117356, -95.33270658253348 29.7152360649098))","((-95.33270658253348, 29.715236064909796), (-95.33719135993664, 29.72727731817174))"
2449,OLMITO,"POLYGON ((-97.51639055280162 25.99812217272871, -97.51653432485963 25.99900294489785, -97.49081634659301 26.00582707634116, -97.50690153470464 25.9989028195526, -97.51639055280162 25.99812217272871))","((-97.51639055280162, 25.998122172728706), (-97.49081634659301, 26.005827076341156))"
2450,OMAHA INDUSTRIAL,"POLYGON ((-95.92519637305213 41.27039285416416, -95.92684924163802 41.27319409826799, -95.92592116439324 41.27743251514357, -95.92541576019077 41.27705382034014, -95.92519637305213 41.27039285416416))","((-95.92519637305213, 41.270392854164164), (-95.92592116439324, 41.27743251514357))"
2451,OROVILLE YARD,"POLYGON ((-121.5544197320489 39.47382625622765, -121.5555886911159 39.47754690584707, -121.5557466271341 39.49554353166546, -121.5548023826759 39.492399168474, -121.5544197320489 39.47382625622765))","((-121.55441973204886, 39.47382625622765), (-121.55574662713411, 39.49554353166546))"
2452,OSAWATOMIE,"POLYGON ((-94.96784634560727 38.49033923150479, -94.97264664952637 38.49131741262346, -94.95182113670531 38.49727643256838, -94.95467177040013 38.49167238227481, -94.96784634560727 38.49033923150479))","((-94.97264664952637, 38.49131741262346), (-94.9518211367053, 38.49727643256838))"
2453,OSKALOOSA,"POLYGON ((-92.6517012088337 41.30115009407118, -92.65308369404005 41.3031570802944, -92.65209149644156 41.30921053503899, -92.65160084303881 41.30876330032711, -92.6517012088337 41.30115009407118))","((-92.6517012088337, 41.301150094071176), (-92.65209149644156, 41.309210535038986))"
2454,OXNARD YARD,"POLYGON ((-119.1555991284695 34.19765768797502, -119.173542386827 34.19707675720235, -119.1774404831322 34.2041141083973, -119.1768765775765 34.20440637159601, -119.1555991284695 34.19765768797502))","((-119.1555991284695, 34.19765768797502), (-119.17744048313224, 34.2041141083973))"
2455,OZOL YARD,"POLYGON ((-122.1473215837947 38.02085964114742, -122.1482818578633 38.02024418694025, -122.1594094227153 38.02510735123037, -122.1561632717944 38.02452879062901, -122.1473215837947 38.02085964114742))","((-122.14732158379472, 38.02085964114742), (-122.15940942271529, 38.02510735123037))"
2456,PALESTINE,"POLYGON ((-95.62523496209822 31.74496091247692, -95.64567035975116 31.75239021375848, -95.64336195679425 31.75984484720026, -95.62714500385019 31.76065768579855, -95.62523496209822 31.74496091247692))","((-95.62523496209822, 31.744960912476923), (-95.64336195679425, 31.759844847200263))"
2457,PARACHUTE,"POLYGON ((-108.0394806275207 39.46134647281452, -108.0200165954495 39.47386829651836, -108.0082051748529 39.47485755084685, -108.0084454595067 39.47426611020572, -108.0394806275207 39.46134647281452))","((-108.03948062752072, 39.46134647281452), (-108.0082051748529, 39.47485755084685))"
2458,PARSONS,"POLYGON ((-95.26281460064266 37.33485233269008, -95.27401936810571 37.35240483029857, -95.27505061274933 37.36947149373875, -95.26615254851286 37.34610156355926, -95.26281460064266 37.33485233269008))","((-95.26281460064266, 37.334852332690076), (-95.27505061274933, 37.36947149373875))"
2459,PEACH,"POLYGON ((-97.32031881589775 32.76044424607068, -97.3211583302519 32.76015245782148, -97.32619300700709 32.77078784007174, -97.32254901733907 32.76799227108562, -97.32031881589775 32.76044424607068))","((-97.32031881589775, 32.76044424607068), (-97.32619300700709, 32.77078784007174))"
2460,PENDLETON YARD,"POLYGON ((-118.7943298347272 45.66658574859835, -118.8033265366039 45.66767248301417, -118.8098132350443 45.67042666842578, -118.7800541369191 45.67103354195345, -118.7943298347272 45.66658574859835))","((-118.8098132350443, 45.67042666842578), (-118.78005413691913, 45.67103354195345))"
2461,PHIPPSBURG,"POLYGON ((-106.9370394672983 40.22399385105918, -106.942849083634 40.23194819769416, -106.9431163666866 40.23938705393935, -106.9425410905603 40.23911836549858, -106.9370394672983 40.22399385105918))","((-106.9370394672983, 40.22399385105918), (-106.94311636668657, 40.23938705393935))"
2462,PHOENIX YARD,"POLYGON ((-112.0541113608399 33.44139092946306, -112.0650621601525 33.44442211914426, -112.0389245123277 33.44443646913353, -112.0392868617278 33.44391039493223, -112.0541113608399 33.44139092946306))","((-112.0650621601525, 33.444422119144264), (-112.0389245123277, 33.44443646913353))"
2463,PIERCE,"POLYGON ((-95.29212058884855 29.80821242399035, -95.29311701766538 29.8075040833429, -95.33075774968405 29.82012334919551, -95.32628039358745 29.82021786026764, -95.29212058884855 29.80821242399035))","((-95.29212058884855, 29.808212423990355), (-95.33075774968405, 29.820123349195505))"
2464,PINE BLUFF,"POLYGON ((-91.96960114719316 34.22589113147136, -91.93291689763771 34.25878327982345, -91.91802491021564 34.26472179516497, -91.95777828575143 34.22958970856543, -91.96960114719316 34.22589113147136))","((-91.96960114719316, 34.225891131471364), (-91.91802491021564, 34.264721795164974))"
2465,PINE BLUFF SHOPS,"POLYGON ((-91.99719996646827 34.22543918717332, -91.98555213693271 34.22928168261395, -91.97621842331091 34.22659284182406, -91.97720077529095 34.22607384493176, -91.99719996646827 34.22543918717332))","((-91.99719996646827, 34.22543918717332), (-91.97621842331091, 34.226592841824065))"
2466,PITTSBURG YARD,"POLYGON ((-121.8872492840278 38.02442069841351, -121.887413374095 38.02353990748892, -121.9050493438954 38.02599606828375, -121.9001575566005 38.02663633516494, -121.8872492840278 38.02442069841351))","((-121.88724928402785, 38.02442069841351), (-121.90504934389541, 38.02599606828375))"
2467,POCATELLO,"POLYGON ((-112.4079673878834 42.82671156075177, -112.4148754650112 42.83060825715598, -112.4831218150166 42.89191468291624, -112.4509852294998 42.87671065875968, -112.4079673878834 42.82671156075177))","((-112.40796738788342, 42.82671156075177), (-112.48312181501664, 42.891914682916244))"
2468,POLK YARD,"POLYGON ((-121.407648402201 38.52528950813902, -121.4087173207319 38.52677709331354, -121.4087895906329 38.52949332784785, -121.406957173359 38.52604519748671, -121.407648402201 38.52528950813902))","((-121.40764840220103, 38.525289508139025), (-121.40878959063295, 38.52949332784785))"
2469,POPLAR BLUFF,"POLYGON ((-90.44183789980116 36.70348788403706, -90.39857391181827 36.75071700851262, -90.39443808959028 36.75325959073361, -90.39727607990196 36.74886702152146, -90.44183789980116 36.70348788403706))","((-90.44183789980116, 36.70348788403706), (-90.39443808959028, 36.753259590733606))"
2470,PORT ARTHUR,"POLYGON ((-93.95455875886594 29.84468714920326, -93.95538951939625 29.84498698675462, -93.9540327124873 29.84796691713753, -93.95365846294337 29.84745944469663, -93.95455875886594 29.84468714920326))","((-93.95455875886594, 29.844687149203256), (-93.9540327124873, 29.84796691713753))"
2471,PORT CROSSING,"POLYGON ((-95.03508008002626 29.62046801912672, -95.03892276022719 29.6376544776807, -95.03874911063241 29.64529453397415, -95.0368426907927 29.64280011428709, -95.03508008002626 29.62046801912672))","((-95.03508008002626, 29.620468019126722), (-95.03874911063241, 29.64529453397415))"
2472,PORT LAREDO,"POLYGON ((-99.47243141491175 27.66144362688805, -99.46926201442167 27.66931099268694, -99.41795886830459 27.66688248744555, -99.44117593903091 27.66369129115308, -99.47243141491175 27.66144362688805))","((-99.47243141491175, 27.661443626888055), (-99.4179588683046, 27.666882487445548))"
2473,PRESLEY,"POLYGON ((-90.20450990220139 35.18567648926741, -90.20992231299617 35.18621815074216, -90.21739169480541 35.19014435021329, -90.21680933949624 35.19040733441162, -90.20450990220139 35.18567648926741))","((-90.2045099022014, 35.185676489267415), (-90.21739169480541, 35.19014435021329))"
2474,PRICE RIVER TERMINAL,"POLYGON ((-110.6861777302432 39.51727585761465, -110.6971374021947 39.52079426676612, -110.71850719003 39.53695544406462, -110.7080651309084 39.5339143734082, -110.6861777302432 39.51727585761465))","((-110.68617773024322, 39.51727585761465), (-110.71850719003, 39.536955444064624))"
2475,PROVISO,"POLYGON ((-87.87376277851089 41.89076170745091, -87.90516288384144 41.89321759481798, -87.92101931334678 41.89754430971044, -87.91518001837389 41.90854005399504, -87.87376277851089 41.89076170745091))","((-87.8737627785109, 41.890761707450906), (-87.92101931334678, 41.89754430971044))"
2476,PROVISO,"POLYGON ((-87.92011745532794 41.89740634423593, -87.92062342090267 41.8969305902615, -87.92553369793944 41.89801319813558, -87.9221971877006 41.89814096377289, -87.92011745532794 41.89740634423593))","((-87.92011745532794, 41.89740634423593), (-87.92553369793944, 41.89801319813558))"
2477,PROVISO #9,"POLYGON ((-87.91468785466458 41.90922882511507, -87.91625456619711 41.92570716485404, -87.91412726055195 41.93110332982797, -87.91303017095868 41.91639718614099, -87.91468785466458 41.90922882511507))","((-87.91468785466458, 41.90922882511507), (-87.91412726055195, 41.93110332982797))"
2478,PROVO,"POLYGON ((-111.6240440334367 40.19415555747496, -111.640375989953 40.20060393753376, -111.6571035297507 40.22558295720607, -111.6458528158877 40.22073202961256, -111.6240440334367 40.19415555747496))","((-111.62404403343669, 40.19415555747496), (-111.6571035297507, 40.22558295720607))"
2479,PRYOR,"POLYGON ((-95.34128173707968 36.22245540720306, -95.34216236975099 36.22263261077156, -95.33673545846935 36.24835112802396, -95.33734616232491 36.2415659263962, -95.34128173707968 36.22245540720306))","((-95.34128173707968, 36.22245540720306), (-95.33673545846935, 36.248351128023955))"
2480,PULLMAN,"POLYGON ((-104.9734534390547 39.77078440007798, -104.9626659149654 39.78006301493424, -104.9536928793624 39.7756645520606, -104.9596526697658 39.77263392515712, -104.9734534390547 39.77078440007798))","((-104.97345343905471, 39.77078440007798), (-104.95369287936239, 39.7756645520606))"
2481,RAWLINS,"POLYGON ((-107.2758814767207 41.77291123323062, -107.2298070587388 41.78903533735517, -107.19184887729 41.78437446230465, -107.1922360204437 41.78387192975292, -107.2758814767207 41.77291123323062))","((-107.27588147672067, 41.77291123323062), (-107.19184887728997, 41.78437446230465))"
2482,RAY,"POLYGON ((-96.59591230390843 33.76919218246771, -96.61460403591941 33.77438899985562, -96.55931863280969 33.77700156121752, -96.5653647347508 33.77126542376172, -96.59591230390843 33.76919218246771))","((-96.61460403591941, 33.77438899985562), (-96.55931863280969, 33.777001561217524))"
2483,REDWOOD CITY YARD,"POLYGON ((-122.2173490812199 37.47752332646277, -122.2176558090765 37.47672028094835, -122.2185918324843 37.47760259165592, -122.2181122239565 37.47801907352065, -122.2173490812199 37.47752332646277))","((-122.21765580907653, 37.47672028094835), (-122.21811222395647, 37.47801907352065))"
2484,REFUGIO SIT,"POLYGON ((-97.26773367502447 28.31646605884366, -97.27028724487805 28.31734646181661, -97.25086401093114 28.33084603606117, -97.26506202983607 28.3169991148997, -97.26773367502447 28.31646605884366))","((-97.27028724487805, 28.317346461816612), (-97.25086401093114, 28.330846036061168))"
2485,RIFTON,"POLYGON ((-118.3573263333146 46.59447384230712, -118.3323929889966 46.60200145900197, -118.3182567988256 46.60245156624413, -118.3186147189396 46.60193604188622, -118.3573263333146 46.59447384230712))","((-118.3573263333146, 46.59447384230712), (-118.31825679882556, 46.602451566244135))"
2486,RIOCO YARD,"POLYGON ((-118.163908616537 33.87549985211265, -118.1648052070407 33.87553598409187, -118.164405706641 33.88900846940883, -118.1633729145856 33.88688984186061, -118.163908616537 33.87549985211265))","((-118.16390861653696, 33.87549985211265), (-118.16440570664103, 33.88900846940883))"
2487,ROCK SPRINGS,"POLYGON ((-109.2386155194499 41.57198373133271, -109.2389742766743 41.57277283318865, -109.2223759590867 41.58592065025472, -109.2240193386502 41.57816721786693, -109.2386155194499 41.57198373133271))","((-109.23861551944994, 41.571983731332715), (-109.22237595908666, 41.58592065025472))"
2488,ROGERS YARD,"POLYGON ((-120.9839784832292 37.58784435990153, -120.9850229396514 37.58891373393866, -120.9842449013735 37.5944820316913, -120.9837723833609 37.59407146158016, -120.9839784832292 37.58784435990153))","((-120.98397848322915, 37.58784435990153), (-120.9842449013735, 37.5944820316913))"
2489,ROPER YARD,"POLYGON ((-111.9032638249971 40.69854404406518, -111.9124659854278 40.70993361979511, -111.908470942526 40.73894642534278, -111.9079694412041 40.73855316714908, -111.9032638249971 40.69854404406518))","((-111.90326382499711, 40.69854404406518), (-111.90847094252597, 40.73894642534278))"
2490,ROWLAND YARD,"POLYGON ((-117.9162665460569 33.99731656843566, -117.9195957073758 33.99703075111774, -117.9306139831262 34.00202194760755, -117.930035165452 34.00230164980726, -117.9162665460569 33.99731656843566))","((-117.91626654605695, 33.99731656843566), (-117.93061398312616, 34.00202194760755))"
2491,S KAISER YARD,"POLYGON ((-117.5217298781733 34.06425146815634, -117.5229594288155 34.0649211155605, -117.5037985157498 34.06513797472722, -117.5042323741614 34.0646764921746, -117.5217298781733 34.06425146815634))","((-117.52295942881548, 34.0649211155605), (-117.50379851574985, 34.06513797472722))"
2492,S. KAISER YARD,"POLYGON ((-117.5225509965644 34.06426501294801, -117.5136479158451 34.0798619601612, -117.4831598051421 34.06558799431672, -117.4835986831005 34.06511931869291, -117.5225509965644 34.06426501294801))","((-117.52255099656445, 34.06426501294801), (-117.4831598051421, 34.06558799431672))"
2493,SAINT JAMES,"POLYGON ((-94.640443682387 43.97977158849735, -94.64056448592942 43.98065461599177, -94.62398994701174 43.98462181959155, -94.63302023744953 43.98058753105182, -94.640443682387 43.97977158849735))","((-94.640443682387, 43.97977158849735), (-94.62398994701174, 43.984621819591545))"
2494,SALEM,"POLYGON ((-88.9307565436512 38.63604549533783, -88.92192306310837 38.64805345199262, -88.9111802158024 38.65671471414334, -88.91116410881951 38.65607305643901, -88.9307565436512 38.63604549533783))","((-88.9307565436512, 38.63604549533783), (-88.9111802158024, 38.65671471414334))"
2495,SALEM YARD,"POLYGON ((-123.0223105440565 44.91158819729391, -123.0279984529787 44.91834349522811, -123.0279185890369 44.93078289172465, -123.0273703192675 44.93046484537591, -123.0223105440565 44.91158819729391))","((-123.02231054405652, 44.91158819729391), (-123.02791858903686, 44.930782891724654))"
2496,SALINA,"POLYGON ((-97.60652385930997 38.84789891967861, -97.60479857949183 38.85193518715961, -97.582046569458 38.85848849587686, -97.58293154427135 38.85759348277247, -97.60652385930997 38.84789891967861))","((-97.60652385930997, 38.847898919678606), (-97.582046569458, 38.858488495876855))"
2497,SALINAS YARD,"POLYGON ((-121.654566122375 36.67919980684282, -121.6549885269691 36.6784197143056, -121.6650754962257 36.68240490401111, -121.6593796260068 36.68181239723778, -121.654566122375 36.67919980684282))","((-121.65456612237504, 36.67919980684282), (-121.66507549622567, 36.68240490401111))"
2498,SALT LAKE CITY INTERMODAL,"POLYGON ((-112.0205567000153 40.75056557336323, -112.0275261426128 40.75166748396814, -111.9967076497272 40.75196653527151, -112.0030368289786 40.75077214660386, -112.0205567000153 40.75056557336323))","((-112.0275261426128, 40.75166748396814), (-111.99670764972716, 40.751966535271514))"
2499,SAN ANTONIO INTERMODAL TERM,"POLYGON ((-98.63854130407938 29.29389698145301, -98.67530986251819 29.32759049860237, -98.67532725035909 29.32823084604096, -98.63828494176735 29.32447666556155, -98.63854130407938 29.29389698145301))","((-98.63854130407938, 29.293896981453006), (-98.67532725035909, 29.32823084604096))"
2500,SAN ANTONIO TOFC,"POLYGON ((-98.40590125258964 29.47168963337267, -98.40678240854848 29.47279954790307, -98.40540676570281 29.47668623194329, -98.40498313549895 29.47620472215133, -98.40590125258964 29.47168963337267))","((-98.40590125258964, 29.471689633372666), (-98.4054067657028, 29.476686231943294))"
2501,SAN FERNANDO,"POLYGON ((-98.50722445214161 29.41595118516044, -98.50822395906648 29.41660730757902, -98.5059779758686 29.42932316849696, -98.50582769341298 29.4246008753235, -98.50722445214161 29.41595118516044))","((-98.50722445214161, 29.41595118516044), (-98.5059779758686, 29.429323168496964))"
2502,SAND CREEK,"POLYGON ((-104.939142212906 39.8067531382592, -104.9376193835128 39.8114517058779, -104.9318103055342 39.81745990527677, -104.9328882784044 39.81213581575606, -104.939142212906 39.8067531382592))","((-104.93914221290596, 39.8067531382592), (-104.93181030553423, 39.81745990527677))"
2503,SANTA ROSA,"POLYGON ((-104.6896344647152 34.94131739173733, -104.6843746758378 34.94602862354073, -104.6759380644554 34.94796626872621, -104.6761638209922 34.94737300639503, -104.6896344647152 34.94131739173733))","((-104.68963446471518, 34.94131739173733), (-104.67593806445535, 34.94796626872621))"
2504,SANTA TERESA INTERMODAL,"POLYGON ((-106.7087332819712 31.87258504867083, -106.7475584705322 31.89800213934875, -106.7636142573941 31.92165872304928, -106.7629870739802 31.92168257331724, -106.7087332819712 31.87258504867083))","((-106.70873328197122, 31.87258504867083), (-106.7636142573941, 31.921658723049276))"
2505,SARGENT,"POLYGON ((-90.0155323654085 35.11861789293503, -90.02257936120904 35.12265565460736, -90.0227205557468 35.1232751013105, -90.01075139789953 35.12367292553942, -90.0155323654085 35.11861789293503))","((-90.0227205557468, 35.123275101310504), (-90.01075139789953, 35.12367292553942))"
2506,SCOTT CITY,"POLYGON ((-89.6330216702507 37.20431684643503, -89.63707381541325 37.20482279939819, -89.48698228738708 37.22180546553357, -89.61444291015056 37.20441511254462, -89.6330216702507 37.20431684643503))","((-89.63707381541325, 37.204822799398194), (-89.48698228738708, 37.22180546553357))"
2507,SEARLES YARD,"POLYGON ((-117.6299349587641 35.47675026395301, -117.6308066138421 35.47635310403771, -117.6373608397091 35.48559599466003, -117.6367343088045 35.48551971755069, -117.6299349587641 35.47675026395301))","((-117.62993495876414, 35.47675026395301), (-117.63736083970907, 35.48559599466003))"
2508,SETTEGAST,"POLYGON ((-95.28824603314726 29.80402968610471, -95.29407917901308 29.84726121206469, -95.28634704877281 29.85474794343592, -95.28698597070724 29.80874534996455, -95.28824603314726 29.80402968610471))","((-95.28824603314726, 29.804029686104705), (-95.28634704877281, 29.854747943435918))"
2509,SHARON SPRINGS,"POLYGON ((-101.7488243113511 38.89376010734282, -101.7513341726449 38.89435820278786, -101.7153628208016 38.89447958137308, -101.7168891409334 38.89397340531752, -101.7488243113511 38.89376010734282))","((-101.75133417264495, 38.894358202787856), (-101.71536282080156, 38.894479581373076))"
2510,SHEBOYGAN YARD,"POLYGON ((-87.74132343477388 43.72157072160769, -87.74046304221444 43.72372631508526, -87.73430552489839 43.72769640010468, -87.73493345275486 43.72653872097391, -87.74132343477388 43.72157072160769))","((-87.74132343477388, 43.72157072160769), (-87.73430552489839, 43.72769640010468))"
2511,SHINTECH BRAZORIA,"POLYGON ((-95.35141072694806 28.99283045104299, -95.35652597175591 28.99301614530325, -95.36601884105204 29.00021138457097, -95.35414167839475 29.00617125622691, -95.35141072694806 28.99283045104299))","((-95.35141072694806, 28.992830451042995), (-95.36601884105204, 29.000211384570967))"
2512,SHOPS YARD (LATC),"POLYGON ((-118.2233823133762 34.05602963230073, -118.2255132616904 34.06263006519217, -118.2023169697102 34.06549996975343, -118.2212643338285 34.05634540739601, -118.2233823133762 34.05602963230073))","((-118.22551326169042, 34.06263006519217), (-118.20231696971022, 34.065499969753425))"
2513,SHORTLINE,"POLYGON ((-93.54464752957749 41.58623975205811, -93.5749746791377 41.5873628047628, -93.58247758572229 41.59250981769897, -93.56263705262785 41.59021142968333, -93.54464752957749 41.58623975205811))","((-93.54464752957749, 41.58623975205811), (-93.58247758572229, 41.592509817698975))"
2514,SHREVEPORT LEVY STREET,"POLYGON ((-93.76548043519308 32.48291008368702, -93.76620279499163 32.48344029951036, -93.75868845842231 32.49439202024998, -93.76001314464807 32.49101419513018, -93.76548043519308 32.48291008368702))","((-93.76548043519308, 32.48291008368702), (-93.75868845842231, 32.49439202024998))"
2515,SHREVEPORT RIVERFRONT,"POLYGON ((-93.73005207683515 32.50423522703363, -93.73973236202784 32.50944383441816, -93.74298942074161 32.51290097159107, -93.72586660292527 32.50690325445949, -93.73005207683515 32.50423522703363))","((-93.74298942074161, 32.512900971591066), (-93.72586660292527, 32.506903254459495))"
2516,SI,"POLYGON ((-117.3773846826292 47.66169925292833, -117.3798123669295 47.66329479640886, -117.3547237011861 47.6718713409571, -117.3725339004184 47.66294883018192, -117.3773846826292 47.66169925292833))","((-117.37981236692954, 47.66329479640886), (-117.35472370118612, 47.671871340957104))"
2517,SI YARD,"POLYGON ((-117.3690109829988 47.66494263562893, -117.3619623370899 47.67040679506799, -117.35472008826 47.6718633687321, -117.3549466436018 47.67127237564634, -117.3690109829988 47.66494263562893))","((-117.3690109829988, 47.66494263562893), (-117.35472008825997, 47.6718633687321))"
2518,SIDNEY,"POLYGON ((-103.0010630911731 41.14495181457885, -103.0030822249863 41.14562923222923, -102.9693405246871 41.14643056665411, -102.9725735792864 41.14580761824404, -103.0010630911731 41.14495181457885))","((-103.00308222498627, 41.14562923222923), (-102.96934052468714, 41.14643056665411))"
2519,SIOUX CITY STOCKYARDS,"POLYGON ((-96.37058448370888 42.43760196138057, -96.37145217690653 42.43740548803974, -96.39130854867463 42.49177267743179, -96.3816821759271 42.47324021158044, -96.37058448370888 42.43760196138057))","((-96.37058448370888, 42.437601961380565), (-96.39130854867463, 42.49177267743179))"
2520,SLOAN,"POLYGON ((-98.48900922643384 29.40359134582079, -98.49184002060396 29.40349390772447, -98.49563544216585 29.40748410150556, -98.49504462235073 29.40763890943517, -98.48900922643384 29.40359134582079))","((-98.48900922643384, 29.403591345820793), (-98.49563544216585, 29.407484101505556))"
2521,SMITHVILLE,"POLYGON ((-97.14807760096468 30.0012804383567, -97.15245802473011 30.00134797583464, -97.16276231397737 30.00719815341741, -97.16217414663888 30.00743329832892, -97.14807760096468 30.0012804383567))","((-97.14807760096468, 30.0012804383567), (-97.16276231397737, 30.007198153417413))"
2522,SODA SPRINGS,"POLYGON ((-111.5832287617555 42.65587554762297, -111.5833674441446 42.65498858121892, -111.5989865611412 42.65739403523619, -111.5928724100188 42.65730961200779, -111.5832287617555 42.65587554762297))","((-111.58322876175549, 42.65587554762297), (-111.59898656114125, 42.65739403523619))"
2523,SOMERSET  YARD,"POLYGON ((-107.4687626730589 38.92573276939217, -107.4740409515429 38.92869177908263, -107.448241541236 38.92953953705622, -107.4486086870788 38.92901139174899, -107.4687626730589 38.92573276939217))","((-107.47404095154289, 38.92869177908263), (-107.448241541236, 38.92953953705622))"
2524,SOMERSET YARD,"POLYGON ((-107.468694354241 38.92569245793891, -107.474054318908 38.92866770093703, -107.4482376979246 38.9295163853191, -107.4486077112132 38.92901155557146, -107.468694354241 38.92569245793891))","((-107.47405431890805, 38.928667700937034), (-107.4482376979246, 38.9295163853191))"
2525,SOUTH ATCHISON,"POLYGON ((-95.11498001190478 39.55314038411451, -95.11605711734838 39.55438211566871, -95.11542096496359 39.55832400403939, -95.1149197314261 39.55792432818188, -95.11498001190478 39.55314038411451))","((-95.11498001190478, 39.55314038411451), (-95.11542096496359, 39.55832400403939))"
2526,SOUTH HOSKINS,"POLYGON ((-95.35094200007975 28.9596754674511, -95.35165528417109 28.95971877556769, -95.37934522781852 29.00192166018216, -95.34831712688302 28.96622362621514, -95.35094200007975 28.9596754674511))","((-95.35094200007975, 28.959675467451095), (-95.37934522781852, 29.001921660182155))"
2527,SOUTH MORRILL,"POLYGON ((-103.8321552819649 41.92060250648943, -103.8324089175449 41.91975033181167, -103.9040334596174 41.93073280523221, -103.8610259615819 41.93227369517432, -103.8321552819649 41.92060250648943))","((-103.83215528196494, 41.92060250648943), (-103.9040334596174, 41.93073280523221))"
2528,SOUTH PARK,"POLYGON ((-93.02995714550744 44.89560888199055, -93.03929474210192 44.89950204121007, -93.0594278210847 44.91988418524749, -93.05879030829983 44.91994324825386, -93.02995714550744 44.89560888199055))","((-93.02995714550744, 44.895608881990555), (-93.0594278210847, 44.91988418524749))"
2529,SOUTH SACRAMENTO YARD,"POLYGON ((-121.4832722344714 38.53771630349255, -121.484146420288 38.53752563687826, -121.4879238550226 38.55144989764623, -121.4850591224389 38.5453765511143, -121.4832722344714 38.53771630349255))","((-121.48327223447136, 38.53771630349255), (-121.4879238550226, 38.55144989764623))"
2530,SOUTH SAN ANTONIO,"POLYGON ((-98.57996132279031 29.34998495456082, -98.55489350973288 29.38115762846292, -98.55144875615292 29.38329450242404, -98.55581824947639 29.3757383194568, -98.57996132279031 29.34998495456082))","((-98.57996132279031, 29.34998495456082), (-98.55144875615292, 29.383294502424036))"
2531,SOUTH/INTERNATIONAL,"POLYGON ((-106.4847372779089 31.74731220427423, -106.4895855752776 31.74927178360274, -106.4701014217908 31.75574505956727, -106.4727317889744 31.75074504220035, -106.4847372779089 31.74731220427423))","((-106.48958557527757, 31.749271783602744), (-106.47010142179077, 31.755745059567275))"
2532,SOUTHON RAIL TERMINAL,"POLYGON ((-98.42574347748337 29.29696176781379, -98.42626094446382 29.29733131042271, -98.42639012402481 29.30078332779561, -98.42392597141956 29.29899596029443, -98.42574347748337 29.29696176781379))","((-98.42574347748337, 29.296961767813794), (-98.4263901240248, 29.300783327795607))"
2533,SOUTHTON RAIL TERMINAL,"POLYGON ((-98.43424805848389 29.29203136211863, -98.43490057676085 29.29715790023955, -98.42543214977215 29.29763492616851, -98.43136086692469 29.29292815286465, -98.43424805848389 29.29203136211863))","((-98.43424805848389, 29.292031362118628), (-98.42543214977215, 29.29763492616851))"
2534,SPARKS,"POLYGON ((-119.7337137532629 39.53002765913247, -119.7627118915836 39.53085971174967, -119.7696912742545 39.5333141433723, -119.7543466100373 39.53310072568802, -119.7337137532629 39.53002765913247))","((-119.73371375326286, 39.53002765913247), (-119.76969127425447, 39.5333141433723))"
2535,SPARKS YARD,"POLYGON ((-119.7320211555309 39.52985284311864, -119.7320873935251 39.52895737014404, -119.7947768632217 39.53219418053993, -119.7781184020722 39.53447472844301, -119.7320211555309 39.52985284311864))","((-119.7320211555309, 39.52985284311864), (-119.79477686322167, 39.53219418053993))"
2536,SPOKANE,"POLYGON ((-117.3414791043074 47.65738229044728, -117.3485903451998 47.65787823489024, -117.3242111736975 47.65960448737025, -117.3364306861063 47.65744608256025, -117.3414791043074 47.65738229044728))","((-117.3485903451998, 47.65787823489024), (-117.3242111736975, 47.659604487370245))"
2537,SPOKANE IND PARK,"POLYGON ((-117.17541693683 47.68437052676732, -117.1765992894818 47.68564796989283, -117.176389745333 47.69072999161965, -117.1758087045852 47.68993500320383, -117.17541693683 47.68437052676732))","((-117.17541693683003, 47.684370526767324), (-117.17638974533295, 47.690729991619655))"
2538,SPOKANE YARD,"POLYGON ((-117.3481105393342 47.65739037520493, -117.3432904307319 47.65997861324777, -117.3242078834361 47.65957631518221, -117.3246230055572 47.65909034027222, -117.3481105393342 47.65739037520493))","((-117.34811053933416, 47.657390375204926), (-117.32420788343613, 47.659576315182214))"
2539,SPRINGFIELD YARD,"POLYGON ((-122.9906803576252 44.04160405668341, -122.9979379522862 44.04125971878123, -123.0196386689947 44.04474246793271, -123.0187102007137 44.04517421683614, -122.9906803576252 44.04160405668341))","((-122.99068035762518, 44.04160405668341), (-123.01963866899467, 44.044742467932714))"
2540,SPRINGVILLE SHOPS,"POLYGON ((-111.637581360981 40.16110785226158, -111.6391156964683 40.17003930303861, -111.6390476782125 40.19785788217365, -111.6371801320979 40.18699335362813, -111.637581360981 40.16110785226158))","((-111.63758136098105, 40.16110785226158), (-111.63904767821252, 40.19785788217365))"
2541,ST. JOHNS AUTO YARD,"POLYGON ((-122.7631479812275 45.59039118222292, -122.7639939814307 45.58991962418406, -122.767461192599 45.59373179237081, -122.7663482907213 45.5940147533487, -122.7631479812275 45.59039118222292))","((-122.76314798122748, 45.59039118222292), (-122.76746119259897, 45.59373179237081))"
2542,STATE LINE,"POLYGON ((-94.60991852329697 39.09907416996155, -94.61018433496852 39.09992910700414, -94.60678179232032 39.10049752007765, -94.60698047570673 39.09989881393135, -94.60991852329697 39.09907416996155))","((-94.61018433496852, 39.099929107004144), (-94.60678179232032, 39.100497520077646))"
2543,STATE LINE,"POLYGON ((-94.60701160293375 39.09957272758871, -94.60737326421361 39.10081132563236, -94.60116625532704 39.10257875140039, -94.60135713151101 39.10199858574556, -94.60701160293375 39.09957272758871))","((-94.60701160293375, 39.099572727588715), (-94.60116625532704, 39.10257875140039))"
2544,STEAMBOAT SPRINGS,"POLYGON ((-106.843942077237 40.488753755864, -106.8572081081308 40.49522245339352, -106.8574015419485 40.49583392883818, -106.8430664160393 40.48979747082147, -106.843942077237 40.488753755864))","((-106.85740154194852, 40.49583392883818), (-106.84306641603929, 40.48979747082147))"
2545,STEGALL,"POLYGON ((-93.46946785111847 30.23659504036079, -93.45063935837236 30.2389258158196, -93.43974651187112 30.23858574896997, -93.44067898568792 30.23673325041956, -93.46946785111847 30.23659504036079))","((-93.46946785111847, 30.236595040360793), (-93.43974651187112, 30.238585748969967))"
2546,STOCKTON YARD,"POLYGON ((-121.2723356985456 37.90515678015473, -121.2746526019289 37.90904558081934, -121.2749940521546 37.94363785091586, -121.2703778145212 37.92518013642277, -121.2723356985456 37.90515678015473))","((-121.27233569854563, 37.90515678015473), (-121.2749940521546, 37.943637850915856))"
2547,STRANG,"POLYGON ((-95.03879421963097 29.66767321372632, -95.03965976766385 29.66773455815586, -95.04335102319938 29.68918356585685, -95.03634434294916 29.68687534184356, -95.03879421963097 29.66767321372632))","((-95.03879421963097, 29.667673213726324), (-95.04335102319938, 29.68918356585685))"
2548,STUTTGART,"POLYGON ((-91.53898890271124 34.5125887207636, -91.53951193597499 34.5133179704937, -91.5228621206448 34.52578844520647, -91.53016028067154 34.51905770216574, -91.53898890271124 34.5125887207636))","((-91.53898890271124, 34.5125887207636), (-91.5228621206448, 34.52578844520647))"
2549,SUNNYSIDE,"POLYGON ((-94.16563233019856 30.07063424981998, -94.12443977671698 30.07686335828813, -94.11559740506367 30.07625709447615, -94.14880883163777 30.0715537266907, -94.16563233019856 30.07063424981998))","((-94.16563233019856, 30.070634249819978), (-94.11559740506367, 30.076257094476148))"
2550,TACOMA (UP),"POLYGON ((-122.4022177595028 47.24089191391398, -122.4033035209946 47.24025109875391, -122.427327751612 47.24744560674477, -122.4257749315163 47.24872093695944, -122.4022177595028 47.24089191391398))","((-122.40221775950276, 47.24089191391398), (-122.42732775161195, 47.24744560674477))"
2551,TAYLOR,"POLYGON ((-97.43589518036632 30.5654556502654, -97.43593567602373 30.56635297331552, -97.40641702833521 30.56762743352675, -97.41275056669357 30.56625076783789, -97.43589518036632 30.5654556502654))","((-97.43589518036632, 30.565455650265402), (-97.40641702833521, 30.56762743352675))"
2552,TEXARKANA,"POLYGON ((-94.04283276919304 33.41773899780246, -94.04327417059267 33.41998274912479, -94.02222451052911 33.43559716264578, -94.03705050591068 33.42001067591502, -94.04283276919304 33.41773899780246))","((-94.04283276919304, 33.41773899780246), (-94.02222451052911, 33.435597162645784))"
2553,TEXARKANA,"POLYGON ((-94.04988088331307 33.41612837438257, -94.04862613039661 33.417885936365, -94.04256736296723 33.41986381282694, -94.04231374546701 33.41777104100667, -94.04988088331307 33.41612837438257))","((-94.04988088331307, 33.416128374382566), (-94.04256736296723, 33.41986381282694))"
2554,TEXARKANA UP (SSW),"POLYGON ((-94.04282329067088 33.41715355592551, -94.04296445741869 33.4184115683253, -94.02690392844251 33.42178459940145, -94.02762719888189 33.42104554623411, -94.04282329067088 33.41715355592551))","((-94.04282329067088, 33.41715355592551), (-94.02690392844251, 33.42178459940145))"
2555,TEXARKANA UP(SSW),"POLYGON ((-94.04242650239681 33.41772775013143, -94.04271614111998 33.41857351099467, -94.04029739275697 33.41878190950107, -94.04051949337024 33.4181868068972, -94.04242650239681 33.41772775013143))","((-94.04271614111998, 33.41857351099467), (-94.04029739275697, 33.41878190950107))"
2556,TEXARKANA UP(SSW),"POLYGON ((-94.05008821113725 33.41511991739896, -94.05193579446481 33.41578012342848, -94.04211359577843 33.41833413515099, -94.04540550700655 33.41606230787787, -94.05008821113725 33.41511991739896))","((-94.05193579446481, 33.415780123428476), (-94.04211359577843, 33.41833413515099))"
2557,THE DALLES YARD,"POLYGON ((-121.1680441642449 45.59670261521952, -121.1765074046358 45.59957087975763, -121.1410657804366 45.60046571172234, -121.1508945899232 45.59732139747978, -121.1680441642449 45.59670261521952))","((-121.17650740463576, 45.59957087975763), (-121.1410657804366, 45.600465711722336))"
2558,TITANIUM MINERALS,"POLYGON ((-115.0148847518968 36.03845950839216, -115.0172908086543 36.03909756565551, -115.0107739339304 36.03926716027194, -115.0111236227792 36.03872812823039, -115.0148847518968 36.03845950839216))","((-115.01729080865428, 36.03909756565551), (-115.01077393393042, 36.03926716027194))"
2559,TOWER 55,"POLYGON ((-97.34882647449935 32.73738482893962, -97.33509634798251 32.74535692080673, -97.32084485506914 32.74679436675626, -97.32216324258144 32.74488764050723, -97.34882647449935 32.73738482893962))","((-97.34882647449935, 32.737384828939625), (-97.32084485506914, 32.74679436675626))"
2560,TRACY YARD,"POLYGON ((-121.4197496106299 37.73551141006435, -121.4200525374066 37.73635687680142, -121.3805683345554 37.75098512287483, -121.3835391485086 37.74909031681768, -121.4197496106299 37.73551141006435))","((-121.4197496106299, 37.73551141006435), (-121.3805683345554, 37.75098512287483))"
2561,TUCSON YARD,"POLYGON ((-110.9150402551545 32.19058367783307, -110.934478188269 32.19722997661685, -110.953102852714 32.2135137581021, -110.9524818197025 32.21366531595037, -110.9150402551545 32.19058367783307))","((-110.91504025515452, 32.19058367783307), (-110.95310285271395, 32.213513758102096))"
2562,TYLER,"POLYGON ((-95.29862854615052 32.3543907107846, -95.30059221896107 32.35497126031743, -95.2796019919403 32.36894402445648, -95.28887060693772 32.35591603295773, -95.29862854615052 32.3543907107846))","((-95.30059221896107, 32.354971260317434), (-95.2796019919403, 32.36894402445648))"
2563,UNION STOCK YARD,"POLYGON ((-95.94974717225857 41.20475569984287, -95.95058092568996 41.20443309344303, -95.95727426399721 41.21871452630994, -95.95578905842316 41.21847401700524, -95.94974717225857 41.20475569984287))","((-95.94974717225857, 41.20475569984287), (-95.9572742639972, 41.21871452630994))"
2564,UP AUTO-TRANSFER TERMINAL YARD,"POLYGON ((-117.5072212537558 34.00811891583802, -117.5216304744251 34.00746982299015, -117.5243542264745 34.01685122596106, -117.5237468916908 34.01703115190752, -117.5072212537558 34.00811891583802))","((-117.50722125375584, 34.00811891583802), (-117.52435422647446, 34.01685122596106))"
2565,UP MEAD YARD,"POLYGON ((-118.2381640345844 33.77956794626927, -118.2346812601489 33.78173299707407, -118.2217497831472 33.78185845235825, -118.2221466086404 33.78136802159386, -118.2381640345844 33.77956794626927))","((-118.23816403458436, 33.77956794626927), (-118.22174978314717, 33.78185845235825))"
2566,VALLA YARD,"POLYGON ((-118.054357078323 33.9573542810145, -118.0620919103733 33.95782073164361, -118.0616165308148 33.96115696098742, -118.0607845785699 33.96155224275719, -118.054357078323 33.9573542810145))","((-118.054357078323, 33.957354281014496), (-118.06161653081477, 33.961156960987424))"
2567,VALLEY,"POLYGON ((-90.13371916105909 38.57787324887584, -90.13438316178558 38.5772771234226, -90.15447660037864 38.5956377370609, -90.14187061089737 38.58818365039139, -90.13371916105909 38.57787324887584))","((-90.13371916105909, 38.57787324887584), (-90.15447660037864, 38.5956377370609))"
2568,VALLEY,"POLYGON ((-115.0677045248217 36.26981577871616, -115.0741286946814 36.26952377686139, -115.0755169560858 36.2700955949752, -115.0680759752115 36.27749290342484, -115.0677045248217 36.26981577871616))","((-115.07551695608579, 36.270095594975196), (-115.06807597521154, 36.27749290342484))"
2569,VAN ASSELT,"POLYGON ((-122.316819317254 47.55121806710754, -122.3173136161946 47.55047342694265, -122.3191085320283 47.55237841969992, -122.3185076266748 47.55257392182493, -122.316819317254 47.55121806710754))","((-122.31731361619461, 47.55047342694265), (-122.31910853202831, 47.55237841969992))"
2570,VAN BUREN,"POLYGON ((-94.34259433503121 35.42733443357177, -94.35216144946709 35.42880837523126, -94.3598182091133 35.4353878684184, -94.32999738305587 35.43365878851757, -94.34259433503121 35.42733443357177))","((-94.3598182091133, 35.4353878684184), (-94.32999738305587, 35.43365878851757))"
2571,VENICE,"POLYGON ((-90.17221185691979 38.66045483641933, -90.1750367352785 38.6714590790368, -90.17302082125066 38.68021948791205, -90.17257211278978 38.67977870465213, -90.17221185691979 38.66045483641933))","((-90.17221185691979, 38.660454836419326), (-90.17302082125066, 38.68021948791205))"
2572,VENICE,"POLYGON ((-90.16359550844501 38.64101362354779, -90.17355504071185 38.65903787212147, -90.17321770321897 38.66086119522785, -90.16839632447358 38.65302197540597, -90.16359550844501 38.64101362354779))","((-90.16359550844501, 38.64101362354779), (-90.17321770321897, 38.66086119522785))"
2573,VILLA GROVE,"POLYGON ((-88.17875368720479 39.84900348114829, -88.17918513283387 39.84978924583516, -88.16132388697763 39.86053022392037, -88.16416922666014 39.8577117629705, -88.17875368720479 39.84900348114829))","((-88.17875368720479, 39.849003481148294), (-88.16132388697763, 39.86053022392037))"
2574,VIOLA,"POLYGON ((-97.49887388717156 27.82731564343561, -97.49940949537709 27.82659815203944, -97.51104364748556 27.83457720586921, -97.50816212292919 27.83374895573513, -97.49887388717156 27.82731564343561))","((-97.49887388717156, 27.82731564343561), (-97.51104364748556, 27.834577205869213))"
2575,WARM SPRINGS YARD,"POLYGON ((-121.9271542573397 37.47940589407457, -121.9439155055621 37.49640757598006, -121.9417347648708 37.50574695116708, -121.9391615968965 37.50239654636496, -121.9271542573397 37.47940589407457))","((-121.92715425733974, 37.479405894074574), (-121.94173476487082, 37.505746951167076))"
2576,WATSONVILLE YARD,"POLYGON ((-121.7466727522762 36.89076864194998, -121.7476553951988 36.89590260284481, -121.7161336815051 36.90115852820794, -121.7164240628862 36.90059897960298, -121.7466727522762 36.89076864194998))","((-121.7466727522762, 36.89076864194998), (-121.71613368150508, 36.901158528207944))"
2577,WAUKEGAN (UP),"POLYGON ((-87.82734098727886 42.36307436505898, -87.82821842298361 42.36326489641272, -87.82608056196138 42.37238234647971, -87.82571264889035 42.37186980931347, -87.82734098727886 42.36307436505898))","((-87.82734098727886, 42.36307436505898), (-87.82608056196138, 42.37238234647971))"
2578,WAUKEGAN (UP0,"POLYGON ((-87.82736709227764 42.36299902421062, -87.82822425216646 42.3632218556953, -87.82610768668498 42.37238614236563, -87.82582965241251 42.36846005491133, -87.82736709227764 42.36299902421062))","((-87.82736709227764, 42.36299902421062), (-87.82610768668498, 42.37238614236563))"
2579,WEST,"POLYGON ((-88.90152583968501 42.24596351642628, -88.88831069533452 42.24955514097263, -88.88026615949794 42.24994376700178, -88.88331221032185 42.24887433525592, -88.90152583968501 42.24596351642628))","((-88.90152583968501, 42.24596351642628), (-88.88026615949794, 42.24994376700178))"
2580,WEST,"POLYGON ((-94.61927946819183 39.13993441172155, -94.6197270879408 39.13916275079231, -94.63605055807855 39.14671453719101, -94.62560176375386 39.14375413090274, -94.61927946819183 39.13993441172155))","((-94.61927946819183, 39.139934411721555), (-94.63605055807855, 39.14671453719101))"
2581,WEST,"POLYGON ((-94.81781096933511 29.2986681989116, -94.81797594210487 29.29954349028678, -94.80896186620892 29.3020238026278, -94.81035902243154 29.29969325066772, -94.81781096933511 29.2986681989116))","((-94.81781096933511, 29.298668198911596), (-94.80896186620892, 29.302023802627797))"
2582,WEST CHICAGO,"POLYGON ((-88.24314613512257 41.88247788027029, -88.21517811847107 41.88608093156725, -88.20964157752137 41.88341356311091, -88.2100813135899 41.88296506102675, -88.24314613512257 41.88247788027029))","((-88.24314613512257, 41.882477880270294), (-88.20964157752137, 41.883413563110906))"
2583,WEST COLTON YARD,"POLYGON ((-117.3508325268095 34.06289856595322, -117.3845170965398 34.0631010870886, -117.4354069545698 34.06676400823953, -117.3344247803437 34.06662875181316, -117.3508325268095 34.06289856595322))","((-117.4354069545698, 34.06676400823953), (-117.33442478034367, 34.06662875181316))"
2584,WEST ELK MINE YARD,"POLYGON ((-107.445785422925 38.92814321591749, -107.4490837170912 38.92965645501385, -107.4386758573863 38.9288315671978, -107.4390652166669 38.92832972245935, -107.445785422925 38.92814321591749))","((-107.44908371709121, 38.92965645501385), (-107.43867585738631, 38.9288315671978))"
2585,WEST FRANKFORT,"POLYGON ((-88.9278901736221 37.89972844934879, -88.92878656523378 37.89976704515281, -88.92842729478228 37.91264753020088, -88.92752535708553 37.90823127604458, -88.9278901736221 37.89972844934879))","((-88.9278901736221, 37.899728449348785), (-88.92842729478228, 37.91264753020088))"
2586,WEST GLENWOOD,"POLYGON ((-107.3375831971148 39.55305974090874, -107.3382396042748 39.55258683548121, -107.3487614013025 39.55880524014429, -107.3403396116927 39.55753570130297, -107.3375831971148 39.55305974090874))","((-107.33758319711481, 39.55305974090874), (-107.34876140130254, 39.55880524014429))"
2587,WEST OAKLAND YARD,"POLYGON ((-122.3059328152697 37.7943630876719, -122.3215452825466 37.80443330702744, -122.3272932125257 37.81065427498009, -122.2815866827161 37.79746315076087, -122.3059328152697 37.7943630876719))","((-122.32729321252569, 37.81065427498009), (-122.28158668271614, 37.79746315076087))"
2588,WEST OAKLNAD YARD,"POLYGON ((-122.2875719295208 37.79946984768439, -122.2876054537921 37.79858943534283, -122.2890842661879 37.79919249026682, -122.2887115261369 37.79970683094957, -122.2875719295208 37.79946984768439))","((-122.28760545379212, 37.79858943534283), (-122.28908426618787, 37.79919249026682))"
2589,WEST POCATELLO STORAGE,"POLYGON ((-112.4744971520683 42.88614322611693, -112.4750354739789 42.88543454141627, -112.49837715869 42.89909537104816, -112.4805310736792 42.89209655022543, -112.4744971520683 42.88614322611693))","((-112.47449715206834, 42.88614322611693), (-112.49837715868996, 42.89909537104816))"
2590,WEST YARD,"POLYGON ((-94.67131398020584 39.09742356829328, -94.69327396363359 39.10371446852552, -94.69357768210138 39.1042818438136, -94.68021014003152 39.10260328392323, -94.67131398020584 39.09742356829328))","((-94.67131398020584, 39.09742356829328), (-94.69357768210138, 39.104281843813595))"
2591,WEST YARD - OGDEN,"POLYGON ((-111.9842902159568 41.20392474057198, -111.9851644121866 41.20400761030111, -111.9884082205076 41.23522752178542, -111.9795187128362 41.22324144586937, -111.9842902159568 41.20392474057198))","((-111.98429021595676, 41.203924740571985), (-111.98840822050762, 41.23522752178542))"
2592,WESTERN AVE YARD,"POLYGON ((-93.1177319450815 44.92885412750512, -93.11595894503971 44.93204467459388, -93.11244076757795 44.93436454259601, -93.11243096461054 44.9337054447193, -93.1177319450815 44.92885412750512))","((-93.1177319450815, 44.92885412750512), (-93.11244076757795, 44.93436454259601))"
2593,WICHITA,"POLYGON ((-97.32759044300799 37.72276833393779, -97.31758155385604 37.74014449376561, -97.29965595896435 37.74165103413379, -97.29978432138509 37.74102823989119, -97.32759044300799 37.72276833393779))","((-97.32759044300799, 37.722768333937786), (-97.29965595896435, 37.74165103413379))"
2594,WICHITA FALLS,"POLYGON ((-98.48424980730746 33.91102255434215, -98.48535679030732 33.91054184843524, -98.48847521358471 33.91379799439902, -98.48784760265062 33.91393535225778, -98.48424980730746 33.91102255434215))","((-98.48424980730746, 33.911022554342146), (-98.4884752135847, 33.91379799439902))"
2595,WILDCAT MINERALS TERMINAL,"POLYGON ((-102.2961172084458 31.87248806552243, -102.2983856768568 31.87919011813447, -102.2946371858969 31.88204935538551, -102.2955936662359 31.87290864450528, -102.2961172084458 31.87248806552243))","((-102.29611720844575, 31.872488065522433), (-102.2946371858969, 31.88204935538551))"
2596,WILDS YARD,"POLYGON ((-119.2077242625087 34.16933047988926, -119.2086203222513 34.16929084252686, -119.2082310796581 34.175852034772, -119.2076855936287 34.17519426737957, -119.2077242625087 34.16933047988926))","((-119.20862032225126, 34.16929084252686), (-119.2082310796581, 34.175852034772))"
2597,WINNEMUCCA,"POLYGON ((-117.7671903971135 40.96496496154725, -117.7675349184296 40.96579411840674, -117.7434298043696 40.97581630801313, -117.7476108222559 40.97331599225677, -117.7671903971135 40.96496496154725))","((-117.76719039711354, 40.964964961547246), (-117.74342980436955, 40.97581630801313))"
2598,WORTHINGTON,"POLYGON ((-95.5960605458164 43.61663153720868, -95.59648474904182 43.61741981242494, -95.58364119064284 43.62524973884973, -95.58578255905584 43.6230232769668, -95.5960605458164 43.61663153720868))","((-95.5960605458164, 43.616631537208676), (-95.58364119064284, 43.62524973884973))"
2599,WUNPOST YARD,"POLYGON ((-120.8604953469277 35.92663261514907, -120.8650061233343 35.93452190162557, -120.8628265975285 35.9437444145841, -120.8623287841677 35.94334717690467, -120.8604953469277 35.92663261514907))","((-120.86049534692772, 35.926632615149074), (-120.86282659752852, 35.9437444145841))"
2600,WYNNE,"POLYGON ((-90.79145402651238 35.22724404505595, -90.79213750709991 35.22862726514483, -90.78961202600647 35.23757508783163, -90.78949317097661 35.23546793903769, -90.79145402651238 35.22724404505595))","((-90.79145402651238, 35.22724404505595), (-90.78961202600647, 35.23757508783163))"
2601,YARD CENTER,"POLYGON ((-87.61178831659839 41.60158021116165, -87.61266569139185 41.60171379494324, -87.61234247773137 41.62917044130604, -87.60926843974262 41.61420360824249, -87.61178831659839 41.60158021116165))","((-87.61178831659839, 41.601580211161654), (-87.61234247773137, 41.629170441306044))"
2602,YARD CENTER INTERMODAL,"POLYGON ((-87.61185619157555 41.62232570474919, -87.61568704975609 41.62606151247333, -87.61235650027498 41.63548608372397, -87.61190516502985 41.63503866368669, -87.61185619157555 41.62232570474919))","((-87.61185619157555, 41.622325704749194), (-87.61235650027498, 41.63548608372397))"
2603,YERMO YARD,"POLYGON ((-116.8599414273362 34.88454614850424, -116.8514226093534 34.89466229712581, -116.814623549367 34.90560800658579, -116.8155381448132 34.90466198246784, -116.8599414273362 34.88454614850424))","((-116.85994142733617, 34.88454614850424), (-116.81462354936703, 34.90560800658579))"
2604,YUMA YARD,"POLYGON ((-114.6124187947953 32.70216952527861, -114.6148000453565 32.70644801584969, -114.6154868576919 32.72642487501798, -114.6149871936762 32.72602854909537, -114.6124187947953 32.70216952527861))","((-114.61241879479529, 32.702169525278606), (-114.61548685769195, 32.72642487501798))"
2605,BESSEMER,"POLYGON ((-79.79359926503248 40.48114221747501, -79.79389059294745 40.48900743204186, -79.7880956390147 40.494357075208, -79.78786595061898 40.49377383035216, -79.79359926503248 40.48114221747501))","((-79.79359926503248, 40.48114221747501), (-79.7880956390147, 40.494357075208))"
2606,CLAIRTON COKE WORKS,"POLYGON ((-79.86861282091394 40.29589454515921, -79.86929141723775 40.29618788935407, -79.86890725527329 40.29777430748605, -79.86828649867108 40.296803309054, -79.86861282091394 40.29589454515921))","((-79.86861282091394, 40.295894545159214), (-79.86890725527329, 40.29777430748605))"
2607,CLAIRTON YARDS,"POLYGON ((-79.87383656167187 40.30566408414929, -79.8741930273537 40.3048613323632, -79.88531168107583 40.30764753556696, -79.88091972641365 40.30942862690826, -79.87383656167187 40.30566408414929))","((-79.87383656167187, 40.305664084149285), (-79.88531168107583, 40.307647535566964))"
2608,CONNELLY,"POLYGON ((-79.88131165105703 40.28156561650316, -79.87358614754626 40.29833508302809, -79.86995980197999 40.30211652108695, -79.86882026390914 40.29343960399709, -79.88131165105703 40.28156561650316))","((-79.88131165105703, 40.28156561650316), (-79.86995980197999, 40.30211652108695))"
2609,DUQUESNE,"POLYGON ((-79.86097254233772 40.37415839180225, -79.86144107017191 40.37480980834127, -79.85550407554332 40.38523406048421, -79.85129478739987 40.37741171303441, -79.86097254233772 40.37415839180225))","((-79.86097254233772, 40.37415839180225), (-79.85550407554332, 40.38523406048421))"
2610,DUQUESNE COAL DOCK,"POLYGON ((-79.83843752584946 40.37215898970089, -79.85411875691076 40.38295738911525, -79.85588154767891 40.38535428485338, -79.84760640425075 40.3826404190399, -79.83843752584946 40.37215898970089))","((-79.83843752584946, 40.37215898970089), (-79.8558815476789, 40.385354284853385))"
2611,HALL,"POLYGON ((-79.80291348053359 40.43160359239089, -79.80432553454715 40.43432003228608, -79.80252049113254 40.43697360861048, -79.80195353147667 40.43546694613829, -79.80291348053359 40.43160359239089))","((-79.80291348053359, 40.43160359239089), (-79.80252049113254, 40.43697360861048))"
2612,IRVIN YARDS,"POLYGON ((-79.89972552570175 40.3277339459853, -79.9043516534163 40.34393353324981, -79.8970627328852 40.35063058398542, -79.89692733102964 40.34747333392045, -79.89972552570175 40.3277339459853))","((-79.89972552570175, 40.3277339459853), (-79.8970627328852, 40.35063058398542))"
2613,KENNEY,"POLYGON ((-79.85486856319571 40.38739903487728, -79.86478738359261 40.39002260468843, -79.89440464244257 40.4087309757866, -79.88333117056338 40.40539131459414, -79.85486856319571 40.38739903487728))","((-79.85486856319571, 40.387399034877284), (-79.89440464244257, 40.408730975786604))"
2614,MONONGAHELA JCT,"POLYGON ((-79.87304522217158 40.3718465226215, -79.86958925390351 40.37527003919249, -79.85433065831742 40.37583006251204, -79.86199030795474 40.3735362037354, -79.87304522217158 40.3718465226215))","((-79.87304522217158, 40.371846522621496), (-79.85433065831742, 40.37583006251204))"
2615,SOUTH DUQUESNE,"POLYGON ((-79.84425824684563 40.35888502800778, -79.84484653831839 40.35947806488108, -79.83869094752056 40.37243375903882, -79.83782109418297 40.36395872189542, -79.84425824684563 40.35888502800778))","((-79.84425824684563, 40.35888502800778), (-79.83869094752056, 40.37243375903882))"
2616,THOMSON WORKS,"POLYGON ((-79.8526802242921 40.39002020329723, -79.8526799576625 40.3939847363166, -79.83728933155206 40.39229424559664, -79.83880814263841 40.39124810941236, -79.8526802242921 40.39002020329723))","((-79.8526802242921, 40.390020203297226), (-79.83728933155206, 40.392294245596645))"
2617,BIGGS AAF YARD,"POLYGON ((-106.4142926735016 31.82664657133084, -106.4204401993305 31.82815813413597, -106.4095609899444 31.85301095171781, -106.4082546545086 31.8428503346896, -106.4142926735016 31.82664657133084))","((-106.42044019933047, 31.82815813413597), (-106.40956098994437, 31.853010951717813))"
2618,BREMERTON NAVAL,"POLYGON ((-122.6607462937715 47.55179583151448, -122.6612966206368 47.55248226399759, -122.6547491017359 47.55839169845513, -122.6550360608929 47.5549865660358, -122.6607462937715 47.55179583151448))","((-122.66074629377152, 47.551795831514475), (-122.65474910173589, 47.558391698455125))"
2619,EARL NWS INTERCHANGE,"POLYGON ((-74.13594922779116 40.23224097152811, -74.13579037578181 40.23457127123763, -74.12891991699624 40.24370203359199, -74.12878796614396 40.24307648480661, -74.13594922779116 40.23224097152811))","((-74.13594922779116, 40.23224097152811), (-74.12891991699624, 40.243702033591994))"
2620,EARLE,"POLYGON ((-74.13947292621138 40.26375980225885, -74.14088252894074 40.26728591182314, -74.14023000356504 40.27436636348198, -74.13891118387956 40.27083744602108, -74.13947292621138 40.26375980225885))","((-74.13947292621138, 40.26375980225885), (-74.14023000356504, 40.27436636348198))"
2621,EARLE NWS INTERCHANGE,"POLYGON ((-74.13781750217161 40.22950819132573, -74.13900012340999 40.23187524544763, -74.1224329856723 40.25235044301578, -74.1223216425722 40.25172516810724, -74.13781750217161 40.22950819132573))","((-74.13781750217161, 40.229508191325735), (-74.1224329856723, 40.25235044301578))"
2622,EARLE WATERSIDE,"POLYGON ((-74.06959208166823 40.4198904764105, -74.07040247459798 40.42073778501892, -74.06892564136277 40.42548967791446, -74.06851949237506 40.42499816439421, -74.06959208166823 40.4198904764105))","((-74.06959208166823, 40.4198904764105), (-74.06892564136277, 40.425489677914456))"
2623,FORT RICHARDSON,"POLYGON ((-149.7312485574827 61.2624006126449, -149.7314306434807 61.26347913449914, -149.7220639709525 61.27128123687206, -149.7246906668071 61.26746894479172, -149.7312485574827 61.2624006126449))","((-149.73124855748267, 61.262400612644896), (-149.72206397095246, 61.27128123687206))"
2624,FT CAMPBELL,"POLYGON ((-87.43612303306061 36.62227508369399, -87.43697500878395 36.62201598749419, -87.43857628645267 36.62797400293304, -87.43767959450342 36.6272262458853, -87.43612303306061 36.62227508369399))","((-87.43612303306061, 36.62227508369399), (-87.43857628645267, 36.62797400293304))"
2625,KINGS BAY,"POLYGON ((-81.5690910223318 30.7952670477151, -81.56867317918659 30.7962623071118, -81.55881621904204 30.79664007933637, -81.55922344755071 30.796152964037, -81.5690910223318 30.7952670477151))","((-81.5690910223318, 30.795267047715097), (-81.55881621904204, 30.79664007933637))"
2626,MCALESTER AMMO DEPOT,"POLYGON ((-95.86591253072311 34.84112957120102, -95.86109745434892 34.84360816550588, -95.84496920842287 34.84368402905999, -95.84701214567774 34.84256633015547, -95.86591253072311 34.84112957120102))","((-95.86591253072311, 34.841129571201016), (-95.84496920842287, 34.84368402905999))"
2627,NASA,"POLYGON ((-80.65376046734411 28.56112609297335, -80.65463799993861 28.56126126242191, -80.65418817703396 28.57438561649138, -80.65346294038798 28.57291222483492, -80.65376046734411 28.56112609297335))","((-80.65376046734411, 28.561126092973353), (-80.65418817703396, 28.574385616491377))"
2628,NWS SEAL BEACH YARD,"POLYGON ((-118.060271240035 33.75820566560103, -118.0659602681942 33.75823487517529, -118.0663605618724 33.75872844767833, -118.0585406113936 33.75897798059837, -118.060271240035 33.75820566560103))","((-118.06636056187237, 33.75872844767833), (-118.05854061139364, 33.758977980598374))"
2629,PORT CHICAGO NAD YARD,"POLYGON ((-122.0338958022978 38.05071356765038, -122.0391896191884 38.05560539506853, -122.0202715353764 38.05799431997541, -122.0209874985024 38.05210952095137, -122.0338958022978 38.05071356765038))","((-122.03918961918843, 38.05560539506853), (-122.02027153537635, 38.057994319975414))"
2630,SRS RAIL,"POLYGON ((-81.5516159816224 33.22491836515891, -81.55303094687625 33.22510208798575, -81.55534456121059 33.23012428257292, -81.55472042958675 33.23003057299712, -81.5516159816224 33.22491836515891))","((-81.5516159816224, 33.22491836515891), (-81.55534456121059, 33.230124282572916))"
2631,STEAMTOWN,"POLYGON ((-75.66851125915129 41.40717254015638, -75.67083097619769 41.40714920273423, -75.67264884590647 41.41011480203382, -75.67203192920772 41.41022628412373, -75.66851125915129 41.40717254015638))","((-75.66851125915129, 41.40717254015638), (-75.67264884590647, 41.41011480203382))"
2632,SUNNY POINT,"POLYGON ((-77.99779372661075 34.00354294973971, -77.99103074381139 34.00699225023829, -77.97638145457169 34.00998452109697, -77.98403625120631 34.00666917465453, -77.99779372661075 34.00354294973971))","((-77.99779372661075, 34.00354294973971), (-77.9763814545717, 34.009984521096975))"
2633,UMATILLA YARD,"POLYGON ((-119.434857620889 45.80683791383055, -119.4349951813417 45.8059505962949, -119.4562138158301 45.80904291432925, -119.4523473272334 45.80981776399189, -119.434857620889 45.80683791383055))","((-119.43485762088898, 45.80683791383055), (-119.45621381583013, 45.80904291432925))"
2634,UMATILLA YARD,"POLYGON ((-119.4296753558818 45.80619135742686, -119.4297430846818 45.80529670389178, -119.4353885522256 45.80640784510963, -119.4349281723221 45.80684530436834, -119.4296753558818 45.80619135742686))","((-119.42974308468185, 45.805296703891784), (-119.43538855222556, 45.806407845109625))"
2635,WILDS YARD,"POLYGON ((-119.2076916572746 34.1686574963626, -119.2085774551563 34.16870457684865, -119.2082305182718 34.17585209337901, -119.2072161190012 34.17401665656357, -119.2076916572746 34.1686574963626))","((-119.20769165727461, 34.1686574963626), (-119.20823051827178, 34.175852093379014))"
2636,HIAWATHA,"POLYGON ((-111.001245568494 39.47646028892117, -111.0225173475059 39.48872356148366, -111.0233059733208 39.49107585467931, -111.0083877602802 39.48829394113067, -111.001245568494 39.47646028892117))","((-111.001245568494, 39.476460288921174), (-111.02330597332082, 39.49107585467931))"
2637,MARTIN,"POLYGON ((-110.8684429534874 39.69104268859704, -110.8726265760191 39.69720934589697, -110.8725443841757 39.70652387848337, -110.8693580079961 39.70328431860224, -110.8684429534874 39.69104268859704))","((-110.86844295348739, 39.69104268859704), (-110.87254438417574, 39.70652387848337))"
2638,MOHRLAND,"POLYGON ((-111.0194558357845 39.43876729865512, -111.0160622778368 39.44122851199033, -111.0106246187594 39.44075155590606, -111.0109809692214 39.44022153361499, -111.0194558357845 39.43876729865512))","((-111.01945583578447, 39.438767298655115), (-111.01062461875944, 39.44075155590606))"
2639,INDUSTRIAL PLAZA YARD,"POLYGON ((-119.1703991552604 34.19242413164007, -119.1747000001686 34.19576020516692, -119.1757061769321 34.19920883762287, -119.1748310041568 34.19886426649231, -119.1703991552604 34.19242413164007))","((-119.17039915526041, 34.19242413164007), (-119.17570617693214, 34.19920883762287))"
2640,BALLGROUND,"POLYGON ((-90.75089542897977 32.54080882633776, -90.75122802376517 32.54163868937501, -90.73820257952761 32.5475169249863, -90.74203474314196 32.54498019555699, -90.75089542897977 32.54080882633776))","((-90.75089542897977, 32.54080882633776), (-90.73820257952761, 32.547516924986304))"
2641,BURLINGTON,"POLYGON ((-73.2183447643405 44.46895000932795, -73.21922313779535 44.46897767785971, -73.21922877727643 44.47418138733703, -73.21807639331379 44.47220694739553, -73.2183447643405 44.46895000932795))","((-73.2183447643405, 44.46895000932795), (-73.21922877727643, 44.47418138733703))"
2642,MIDDLEBURY,"POLYGON ((-73.16975516725593 44.01851973921943, -73.17060495970107 44.01843096352466, -73.17337789011367 44.02576377809728, -73.16977496150186 44.02059292001964, -73.16975516725593 44.01851973921943))","((-73.16975516725593, 44.01851973921943), (-73.17337789011367, 44.02576377809728))"
2643,NEWPORT,"POLYGON ((-72.20170158011098 44.91238057512423, -72.20323283494528 44.91493003991106, -72.20399134883276 44.92780534029758, -72.20239720612052 44.92585823024034, -72.20170158011098 44.91238057512423))","((-72.20170158011098, 44.91238057512423), (-72.20399134883276, 44.92780534029758))"
2644,RUTLAND WEST,"POLYGON ((-72.9749750075574 43.59504913165443, -72.97586818739744 43.5949773807051, -72.97555751272186 43.59805917736463, -72.97503380388645 43.59770951521384, -72.9749750075574 43.59504913165443))","((-72.97586818739744, 43.594977380705096), (-72.97555751272186, 43.598059177364625))"
2645,RUTLAND WEST YARD,"POLYGON ((-72.97502939149138 43.59755097095078, -72.979510198672 43.59880005356105, -72.97650238976543 43.6028201170122, -72.97529288958415 43.60124577528226, -72.97502939149138 43.59755097095078))","((-72.97502939149138, 43.597550970950785), (-72.97650238976543, 43.6028201170122))"
2646,ST. JOHNSBURY,"POLYGON ((-72.01723164733542 44.41192277043463, -72.0179890547584 44.41237760230742, -72.01423882101653 44.4211302205941, -72.01404729052811 44.41558769963698, -72.01723164733542 44.41192277043463))","((-72.01723164733542, 44.41192277043463), (-72.01423882101653, 44.4211302205941))"
2647,GANG MILLS,"POLYGON ((-77.11203940293643 42.14294681139702, -77.11265977477635 42.14357242110757, -77.11111379244963 42.14430449779957, -77.11099249363667 42.14368098559795, -77.11203940293643 42.14294681139702))","((-77.11265977477635, 42.14357242110757), (-77.11111379244963, 42.144304497799574))"
2648,ASHLAND OIL,"POLYGON ((-81.41792712757184 40.76730406997677, -81.4130123047514 40.76962139439361, -81.40469883967071 40.76991933128783, -81.40506485079621 40.76940390062585, -81.41792712757184 40.76730406997677))","((-81.41792712757184, 40.76730406997677), (-81.40469883967071, 40.76991933128783))"
2649,BREWSTER,"POLYGON ((-81.57478497417385 40.71324562610172, -81.57487283563034 40.71235346598682, -81.63533499388195 40.71488427524086, -81.60757028809674 40.71853334470911, -81.57478497417385 40.71324562610172))","((-81.57478497417385, 40.71324562610172), (-81.63533499388195, 40.71488427524086))"
2650,BRITTAIN,"POLYGON ((-81.45877221289545 41.06267612098067, -81.45006048971241 41.06600974807419, -81.4389154600088 41.06547526933129, -81.43930528316424 41.06496568229956, -81.45877221289545 41.06267612098067))","((-81.45877221289545, 41.06267612098067), (-81.4389154600088, 41.06547526933129))"
2651,CLAIRTON,"POLYGON ((-79.89234888528071 40.29691345665263, -79.89709796621707 40.29756856207565, -79.87877998581399 40.30067181812911, -79.88188869275372 40.29873605549417, -79.89234888528071 40.29691345665263))","((-79.89709796621707, 40.297568562075654), (-79.87877998581399, 40.30067181812911))"
2652,CLAIRTON YARD,"POLYGON ((-79.8868097038921 40.29793392247302, -79.88701054796466 40.29880159097322, -79.87902791966079 40.3005033815104, -79.88106772815506 40.29899723620211, -79.8868097038921 40.29793392247302))","((-79.8868097038921, 40.29793392247302), (-79.87902791966079, 40.300503381510396))"
2653,EAST END,"POLYGON ((-81.31967705905348 40.81504634819613, -81.31997050311901 40.81589227078398, -81.31216412300678 40.81837090814677, -81.312406106037 40.81777837720104, -81.31967705905348 40.81504634819613))","((-81.31967705905348, 40.81504634819613), (-81.31216412300678, 40.81837090814677))"
2654,MIFFLIN JUNCTION,"POLYGON ((-79.96008310074507 40.34702539616186, -79.95755169662218 40.34927080213998, -79.9460733995886 40.34961175951312, -79.94644469754017 40.34906719399606, -79.96008310074507 40.34702539616186))","((-79.96008310074507, 40.34702539616186), (-79.9460733995886, 40.34961175951312))"
2655,MINGO (WE),"POLYGON ((-80.61292831092962 40.29804588980545, -80.61273314127052 40.3006594763184, -80.60553675138028 40.30854603262897, -80.60542018291254 40.30789867308879, -80.61292831092962 40.29804588980545))","((-80.61292831092962, 40.29804588980545), (-80.60553675138028, 40.30854603262897))"
2656,NEOMODAL,"POLYGON ((-81.51341872982485 40.72583808023202, -81.51450126920544 40.73679821267478, -81.50871474033968 40.74028443765641, -81.50841476694265 40.73969980066892, -81.51341872982485 40.72583808023202))","((-81.51341872982485, 40.725838080232016), (-81.50871474033968, 40.74028443765641))"
2657,ROOK,"POLYGON ((-80.07228185539769 40.41167810086343, -80.07063005609535 40.41365628718972, -80.05938957465376 40.41705856701025, -80.05963710867151 40.41648193618597, -80.07228185539769 40.41167810086343))","((-80.07228185539769, 40.41167810086343), (-80.05938957465376, 40.41705856701025))"
2658,STEUBENVILLE,"POLYGON ((-80.60839632756473 40.3352982268827, -80.61465394602747 40.34187669850039, -80.61663612322651 40.34771499563366, -80.61601539942683 40.3475716728642, -80.60839632756473 40.3352982268827))","((-80.60839632756473, 40.3352982268827), (-80.61663612322651, 40.34771499563366))"
2659,TIMKEN,"POLYGON ((-81.43839200704515 40.7622535173533, -81.43461983032157 40.76454684062828, -81.42331304512226 40.76685241294901, -81.42392002874398 40.7661049029524, -81.43839200704515 40.7622535173533))","((-81.43839200704515, 40.7622535173533), (-81.42331304512226, 40.76685241294901))"
2660,WESTLAND,"POLYGON ((-80.26869963467826 40.27739361398367, -80.26934824206904 40.27798454034793, -80.2633178344506 40.28754021636386, -80.26421526387438 40.28222993275776, -80.26869963467826 40.27739361398367))","((-80.26869963467826, 40.27739361398367), (-80.2633178344506, 40.28754021636386))"
2661,CHENEY,"POLYGON ((-117.5801854440351 47.4823310773197, -117.5803399465436 47.4833844471727, -117.5669852805472 47.49270606622043, -117.572001904575 47.4880739624229, -117.5801854440351 47.4823310773197))","((-117.58018544403514, 47.4823310773197), (-117.56698528054724, 47.49270606622043))"
2662,MARSHALL (WIR),"POLYGON ((-117.4941746042579 47.56177478930105, -117.4949936677201 47.56156381101677, -117.4948235940738 47.56273585823019, -117.4941997850759 47.56261609284045, -117.4941746042579 47.56177478930105))","((-117.49499366772005, 47.56156381101677), (-117.49419978507595, 47.56261609284045))"
2663,BUFFALO,"POLYGON ((-78.22237795895808 41.50732631506335, -78.22311582671296 41.50939969985104, -78.21982333966169 41.51397123096518, -78.2195721524142 41.51338089767864, -78.22237795895808 41.50732631506335))","((-78.22237795895808, 41.50732631506335), (-78.21982333966169, 41.513971230965176))"
2664,OLEAN,"POLYGON ((-78.48134073456563 42.08245688901964, -78.48227183801187 42.08326893713241, -78.45220781347906 42.08803622782047, -78.45749142677563 42.08455972025351, -78.48134073456563 42.08245688901964))","((-78.48227183801187, 42.08326893713241), (-78.45220781347906, 42.08803622782047))"
2665,SKOOKUMCHUCK,"POLYGON ((-122.7643548317226 46.90341259549528, -122.8001938892705 46.90911642074339, -122.8012571529478 46.91892644478159, -122.8006654308026 46.91916193880328, -122.7643548317226 46.90341259549528))","((-122.76435483172257, 46.903412595495276), (-122.8012571529478, 46.91892644478159))"
2666,GLENDALE,"POLYGON ((-87.95329303997718 43.0883788972866, -87.95419066334843 43.08835289609794, -87.95459852793658 43.10383506700902, -87.95412445206215 43.10341324543751, -87.95329303997718 43.0883788972866))","((-87.95329303997718, 43.088378897286596), (-87.95459852793658, 43.103835067009015))"
2667,GLENDALE YARD,"POLYGON ((-87.95320722881368 43.0878661746611, -87.95509040636519 43.09445218462299, -87.95462675378899 43.10383255339537, -87.95287086102608 43.09657918820433, -87.95320722881368 43.0878661746611))","((-87.95320722881368, 43.0878661746611), (-87.95462675378899, 43.10383255339537))"
2668,HORICON WEST YARD,"POLYGON ((-88.64692872421692 43.44941156478587, -88.64712027154351 43.4485356389411, -88.66226106540793 43.45134905509278, -88.65772649868725 43.4515676729964, -88.64692872421692 43.44941156478587))","((-88.64692872421692, 43.44941156478587), (-88.66226106540793, 43.451349055092784))"
2669,JANESVILLE YARD,"POLYGON ((-89.04888274447244 42.67667185313786, -89.05178656651586 42.67732786013839, -89.04420180263833 42.67755644761336, -89.04453984608543 42.67702075932379, -89.04888274447244 42.67667185313786))","((-89.05178656651586, 42.67732786013839), (-89.04420180263833, 42.67755644761336))"
2670,MADISON YARD,"POLYGON ((-89.3622419248685 43.09929528080337, -89.36308144434322 43.09951669644798, -89.36202142131928 43.10601862333034, -89.36070652048133 43.10406635550356, -89.3622419248685 43.09929528080337))","((-89.3622419248685, 43.099295280803375), (-89.36202142131928, 43.106018623330336))"
2671,NORTH,"POLYGON ((-98.50115410185336 33.9257019596032, -98.50256595864845 33.92635053432404, -98.50482739953564 33.93414345238637, -98.50362392934834 33.9327745756878, -98.50115410185336 33.9257019596032))","((-98.50115410185336, 33.925701959603195), (-98.50482739953564, 33.93414345238637))"
2672,WTJR NORTH,"POLYGON ((-98.49906112437367 33.9235607413011, -98.49969671577757 33.92293155466296, -98.50195581872156 33.92587552739756, -98.50130096125059 33.9259504521625, -98.49906112437367 33.9235607413011))","((-98.49969671577757, 33.92293155466296), (-98.50195581872156, 33.92587552739756))"
2673,JACKSON,"POLYGON ((-88.79440682404449 35.59147644583051, -88.79517430604513 35.59103102031803, -88.80584159233882 35.60486925773185, -88.79866245131291 35.60110257055112, -88.79440682404449 35.59147644583051))","((-88.79440682404449, 35.59147644583051), (-88.80584159233882, 35.60486925773185))"
2674,MILAN,"POLYGON ((-88.75872373649868 35.88078089097652, -88.75958778355619 35.88056508361878, -88.76164391464729 35.88932196119025, -88.76081514598505 35.88861062175037, -88.75872373649868 35.88078089097652))","((-88.75872373649868, 35.880780890976524), (-88.7616439146473, 35.88932196119025))"
2675,BRIDGETON,"POLYGON ((-75.22168604963683 39.44062088065137, -75.21351525995081 39.45284595156078, -75.2066932541305 39.4552574079876, -75.20671382699973 39.45462180549466, -75.22168604963683 39.44062088065137))","((-75.22168604963683, 39.440620880651366), (-75.2066932541305, 39.455257407987595))"
2676,MANUMUSKIN,"POLYGON ((-74.95548877920214 39.3305692920679, -74.9602592907863 39.33007374957067, -74.96098890994621 39.33465320345208, -74.96037020135316 39.33476461319658, -74.95548877920214 39.3305692920679))","((-74.95548877920214, 39.3305692920679), (-74.96098890994621, 39.334653203452085))"
2677,MILLVILLE,"POLYGON ((-75.03685191424464 39.40880212823577, -75.03772497257806 39.40900898374932, -75.03568274667509 39.41461564181584, -75.03532311853519 39.41409204939173, -75.03685191424464 39.40880212823577))","((-75.03772497257806, 39.40900898374932), (-75.03568274667509, 39.414615641815836))"
2678,WEST YORK,"POLYGON ((-76.77605080828073 39.9471332982539, -76.78069709755873 39.94789884964366, -76.76753396901287 39.94936340672404, -76.76786014827665 39.94881027627186, -76.77605080828073 39.9471332982539))","((-76.78069709755873, 39.94789884964366), (-76.76753396901287, 39.94936340672404))"
2679,YORK (YRC),"POLYGON ((-76.72421286789744 39.96818816809407, -76.72310813580462 39.97010276080904, -76.71626842274266 39.97292179141033, -76.71639917205985 39.97230494329305, -76.72421286789744 39.96818816809407))","((-76.72421286789744, 39.968188168094066), (-76.71626842274266, 39.97292179141033))"
