name,node_id,osm_node_id,x_coord,y_coord,zone_id,TAZ_ID,geometry,notes,old_node_id,is_boundary,activity_type,poi_id
3700,1,,-77.03433592261736,38.9228678149352,1,3700.0,POINT (-77.03433592261736 38.922867814935195), ,,,,
1500,2,,-77.05408278072566,38.97350417590416,2,1500.0,POINT (-77.05408278072566 38.97350417590416), ,,,,
1600,3,,-77.03784011803756,38.984546401005765,3,1600.0,POINT (-77.03784011803756 38.984546401005765), ,,,,
201,4,,-77.07485444619454,38.909333940762224,4,201.0,POINT (-77.07485444619454 38.909333940762224), ,,,,
902,5,,-77.10750911313873,38.92798173257248,5,902.0,POINT (-77.10750911313873 38.92798173257248), ,,,,
4202,6,,-77.04303821882453,38.91341227687934,6,4202.0,POINT (-77.04303821882453 38.91341227687934), ,,,,
7408,7,,-76.97068772294907,38.85258058647187,7,7408.0,POINT (-76.97068772294907 38.85258058647187), ,,,,
5301,8,,-77.03895376037566,38.9107868498236,8,5301.0,POINT (-77.03895376037566 38.910786849823594), ,,,,
6202,9,,-77.03538543189093,38.880537758656274,9,6202.0,POINT (-77.03538543189093 38.880537758656274), ,,,,
7000,10,,-76.99592766896887,38.88133536368966,10,7000.0,POINT (-76.99592766896887 38.88133536368966), ,,,,
701,11,,-77.07666946899869,38.92955185387891,11,701.0,POINT (-77.07666946899869 38.92955185387891), ,,,,
702,12,,-77.07781437746294,38.92411450007507,12,702.0,POINT (-77.07781437746294 38.92411450007507), ,,,,
801,13,,-77.09086802935175,38.92443328172321,13,801.0,POINT (-77.09086802935175 38.92443328172321), ,,,,
802,14,,-77.08758851273933,38.91078007785234,14,802.0,POINT (-77.08758851273933 38.91078007785234), ,,,,
2900,15,,-77.02990225067761,38.93385212462879,15,2900.0,POINT (-77.02990225067761 38.93385212462879), ,,,,
1902,16,,-77.01560985220944,38.9639746544305,16,1902.0,POINT (-77.01560985220944 38.9639746544305), ,,,,
9803,17,,-77.0040854358982,38.83587726551991,17,9803.0,POINT (-77.0040854358982 38.83587726551991), ,,,,
11000,18,,-77.01805158601803,38.86885040689046,18,11000.0,POINT (-77.01805158601803 38.86885040689046), ,,,,
7901,19,,-76.98044450209838,38.89652217348819,19,7901.0,POINT (-76.98044450209838 38.89652217348819), ,,,,
8302,20,,-76.99665498957496,38.89631404364673,20,8302.0,POINT (-76.99665498957496 38.89631404364673), ,,,,
9504,21,,-76.99309718642625,38.94094172281215,21,9504.0,POINT (-76.99309718642625 38.94094172281215), ,,,,
9509,22,,-76.99500421086195,38.94922031490093,22,9509.0,POINT (-76.99500421086195 38.94922031490093), ,,,,
3800,23,,-77.0391830929325,38.92163935878092,23,3800.0,POINT (-77.0391830929325 38.92163935878092), ,,,,
6500,24,,-77.00339292256069,38.88381958273963,24,6500.0,POINT (-77.00339292256069 38.88381958273963), ,,,,
3400,25,,-77.01772253401292,38.92149936478376,25,3400.0,POINT (-77.01772253401292 38.92149936478376), ,,,,
3500,26,,-77.02434366458583,38.92238677907779,26,3500.0,POINT (-77.02434366458583 38.92238677907779), ,,,,
3600,27,,-77.0296299534775,38.92368258477177,27,3600.0,POINT (-77.0296299534775 38.92368258477177), ,,,,
3900,28,,-77.04396237454236,38.92548178968003,28,3900.0,POINT (-77.04396237454236 38.92548178968003), ,,,,
1702,29,,-77.01610471858235,38.971790105954575,29,1702.0,POINT (-77.01610471858235 38.971790105954575), ,,,,
100,30,,-77.06078828315765,38.90609760392472,30,100.0,POINT (-77.06078828315765 38.906097603924714), ,,,,
300,31,,-77.07566140065033,38.91756122320903,31,300.0,POINT (-77.07566140065033 38.91756122320903), ,,,,
4400,32,,-77.02759420268644,38.91702231448404,32,4400.0,POINT (-77.02759420268644 38.917022314484036), ,,,,
202,33,,-77.0696207543458,38.90620873445872,33,202.0,POINT (-77.0696207543458 38.90620873445872), ,,,,
400,34,,-77.06589988520142,38.923901786881096,34,400.0,POINT (-77.06589988520142 38.923901786881096), ,,,,
501,35,,-77.05172396175792,38.92659522157065,35,501.0,POINT (-77.05172396175792 38.92659522157065), ,,,,
4300,36,,-77.03415325073537,38.91681135325753,36,4300.0,POINT (-77.03415325073537 38.91681135325753), ,,,,
1001,37,,-77.08846638729874,38.94896336879133,37,1001.0,POINT (-77.08846638729874 38.94896336879133), ,,,,
1002,38,,-77.0788896387143,38.93842966245712,38,1002.0,POINT (-77.0788896387143 38.93842966245712), ,,,,
1803,39,,-77.03973757673224,38.967077411398265,39,1803.0,POINT (-77.03973757673224 38.967077411398265), ,,,,
4001,40,,-77.04654372608965,38.92074382667401,40,4001.0,POINT (-77.04654372608965 38.92074382667401), ,,,,
4002,41,,-77.04374043704782,38.91810708277895,41,4002.0,POINT (-77.04374043704782 38.918107082778945), ,,,,
4100,42,,-77.05204880736714,38.9156609266747,42,4100.0,POINT (-77.05204880736714 38.9156609266747), ,,,,
4201,43,,-77.03884792362854,38.91621541134736,43,4201.0,POINT (-77.03884792362854 38.91621541134736), ,,,,
1100,44,,-77.07767560476742,38.95725095199557,44,1100.0,POINT (-77.07767560476742 38.95725095199557), ,,,,
1804,45,,-77.03043562186458,38.967102334292605,45,1804.0,POINT (-77.03043562186458 38.967102334292605), ,,,,
1901,46,,-77.02363412829895,38.96469417304867,46,1901.0,POINT (-77.02363412829895 38.96469417304867), ,,,,
1200,47,,-77.07052610754596,38.9462344604847,47,1200.0,POINT (-77.07052610754596 38.9462344604847), ,,,,
1301,48,,-77.05460201391467,38.9538438052176,48,1301.0,POINT (-77.05460201391467 38.9538438052176), ,,,,
1302,49,,-77.05612843185249,38.94117516391287,49,1302.0,POINT (-77.05612843185249 38.94117516391287), ,,,,
1401,50,,-77.07061146176522,38.965312509105445,50,1401.0,POINT (-77.07061146176522 38.965312509105445), ,,,,
1402,51,,-77.06309545207866,38.96061301862746,51,1402.0,POINT (-77.06309545207866 38.96061301862746), ,,,,
502,52,,-77.05956475749308,38.928362593531006,52,502.0,POINT (-77.05956475749308 38.928362593531006), ,,,,
3301,53,,-77.01146389563692,38.92042659357536,53,3301.0,POINT (-77.01146389563692 38.920426593575364), ,,,,
3302,54,,-77.01118899188627,38.91389562386461,54,3302.0,POINT (-77.01118899188627 38.91389562386461), ,,,,
4702,55,,-77.01360758580506,38.9008754024209,55,4702.0,POINT (-77.01360758580506 38.9008754024209), ,,,,
9000,56,,-76.95402330153271,38.92291012641431,56,9000.0,POINT (-76.95402330153271 38.92291012641431), ,,,,
8804,57,,-76.98123002065009,38.9102419932297,57,8804.0,POINT (-76.98123002065009 38.910241993229704), ,,,,
8903,58,,-76.9777134734976,38.904118967340814,58,8903.0,POINT (-76.9777134734976 38.904118967340814), ,,,,
8904,59,,-76.97485058607863,38.90094992641552,59,8904.0,POINT (-76.97485058607863 38.90094992641552), ,,,,
9102,60,,-76.98898284718967,38.9187489239267,60,9102.0,POINT (-76.98898284718967 38.9187489239267), ,,,,
9201,61,,-76.99893892857207,38.92878288732341,61,9201.0,POINT (-76.99893892857207 38.92878288732341), ,,,,
5002,62,,-77.02932165805043,38.90728260470901,62,5002.0,POINT (-77.02932165805043 38.90728260470901), ,,,,
9203,63,,-77.00553445883273,38.921981954996376,63,9203.0,POINT (-77.00553445883273 38.921981954996376), ,,,,
9204,64,,-76.99876903902341,38.92342092302208,64,9204.0,POINT (-76.99876903902341 38.92342092302208), ,,,,
7200,65,,-77.00088833724571,38.87513497575296,65,7200.0,POINT (-77.00088833724571 38.875134975752964), ,,,,
7301,66,,-77.02304973693528,38.840732143641866,66,7301.0,POINT (-77.02304973693528 38.840732143641866), ,,,,
7304,67,,-76.98517840088003,38.8408903107893,67,7304.0,POINT (-76.98517840088003 38.8408903107893), ,,,,
4801,68,,-77.01953430817535,38.91174795757091,68,4801.0,POINT (-77.01953430817535 38.91174795757091), ,,,,
7401,69,,-76.99691597973349,38.864548010390536,69,7401.0,POINT (-76.99691597973349 38.864548010390536), ,,,,
7403,70,,-76.97443515556783,38.848470794697946,70,7403.0,POINT (-76.97443515556783 38.848470794697946), ,,,,
7404,71,,-76.98202601666523,38.85032386268795,71,7404.0,POINT (-76.98202601666523 38.85032386268795), ,,,,
7406,72,,-76.98957480093739,38.855521206140864,72,7406.0,POINT (-76.98957480093739 38.855521206140864), ,,,,
4802,73,,-77.01889670689513,38.90622437006233,73,4802.0,POINT (-77.01889670689513 38.90622437006233), ,,,,
7407,74,,-76.98506062366937,38.85747489198534,74,7407.0,POINT (-76.98506062366937 38.85747489198534), ,,,,
4901,75,,-77.02447847249198,38.911337650821714,75,4901.0,POINT (-77.02447847249198 38.911337650821714), ,,,,
4902,76,,-77.02439550715998,38.90589464954186,76,4902.0,POINT (-77.02439550715998 38.905894649541864), ,,,,
7409,77,,-76.97432893437578,38.84529121273908,77,7409.0,POINT (-76.97432893437578 38.84529121273908), ,,,,
5001,78,,-77.02951789981485,38.91192676096357,78,5001.0,POINT (-77.02951789981485 38.91192676096357), ,,,,
9604,79,,-76.95829644412225,38.89340041080198,79,9604.0,POINT (-76.95829644412225 38.89340041080198), ,,,,
7502,80,,-76.969547586738,38.85664090311279,80,7502.0,POINT (-76.969547586738 38.85664090311279), ,,,,
4600,81,,-77.01331774848506,38.90974527565149,81,4600.0,POINT (-77.01331774848506 38.90974527565149), ,,,,
4701,82,,-77.01364864493996,38.90414384659353,82,4701.0,POINT (-77.01364864493996 38.90414384659353), ,,,,
5201,83,,-77.03412551760421,38.9102105643108,83,5201.0,POINT (-77.03412551760421 38.9102105643108), ,,,,
5800,84,,-77.02500300452186,38.89788116010421,84,5800.0,POINT (-77.02500300452186 38.89788116010421), ,,,,
6400,85,,-77.01149836819756,38.86869756327783,85,6400.0,POINT (-77.01149836819756 38.86869756327783), ,,,,
5500,86,,-77.04925047958305,38.90763347860606,86,5500.0,POINT (-77.04925047958305 38.90763347860606), ,,,,
5900,87,,-77.01494869558158,38.89601285410176,87,5900.0,POINT (-77.01494869558158 38.896012854101755), ,,,,
5600,88,,-77.05386457166294,38.900215871813735,88,5600.0,POINT (-77.05386457166294 38.900215871813735), ,,,,
3000,89,,-77.02997133575946,38.928878549221466,89,3000.0,POINT (-77.02997133575946 38.928878549221466), ,,,,
6600,90,,-76.99830766809788,38.88771118862204,90,6600.0,POINT (-76.99830766809788 38.88771118862204), ,,,,
6700,91,,-76.98996198022282,38.88760603410764,91,6700.0,POINT (-76.98996198022282 38.88760603410764), ,,,,
6801,92,,-76.98011041380616,38.88775059143371,92,6801.0,POINT (-76.98011041380616 38.88775059143371), ,,,,
6802,93,,-76.98146021138857,38.883192585740304,93,6802.0,POINT (-76.98146021138857 38.883192585740304), ,,,,
6804,94,,-76.97128642174751,38.88787195149838,94,6804.0,POINT (-76.97128642174751 38.88787195149838), ,,,,
6900,95,,-76.98735318048321,38.88364353577746,95,6900.0,POINT (-76.98735318048321 38.88364353577746), ,,,,
7100,96,,-76.98712758079182,38.877138819704,96,7100.0,POINT (-76.98712758079182 38.877138819703994), ,,,,
600,97,,-77.06649929143629,38.93630119337293,97,600.0,POINT (-77.06649929143629 38.936301193372934), ,,,,
9302,98,,-76.99085559811961,38.92512024610707,98,9302.0,POINT (-76.99085559811961 38.92512024610707), ,,,,
901,99,,-77.1005010678366,38.93811409741666,99,901.0,POINT (-77.1005010678366 38.93811409741666), ,,,,
2802,100,,-77.03464927843584,38.929441465557,100,2802.0,POINT (-77.03464927843584 38.929441465557), ,,,,
3100,101,,-77.02542452101302,38.93059765889793,101,3100.0,POINT (-77.02542452101302 38.93059765889793), ,,,,
3200,102,,-77.02117382744372,38.93227569061452,102,3200.0,POINT (-77.02117382744372 38.93227569061452), ,,,,
9811,103,,-76.99846064081326,38.82666313484963,103,9811.0,POINT (-76.99846064081326 38.82666313484963), ,,,,
9901,104,,-76.95533537102816,38.87535453809307,104,9901.0,POINT (-76.95533537102816 38.87535453809307), ,,,,
10100,105,,-77.03184752709443,38.90270221788034,105,10100.0,POINT (-77.03184752709443 38.90270221788034), ,,,,
9902,106,,-76.94455600562236,38.8717945149012,106,9902.0,POINT (-76.94455600562236 38.8717945149012), ,,,,
9802,107,,-76.99656004017547,38.830738937210086,107,9802.0,POINT (-76.99656004017547 38.830738937210086), ,,,,
9903,108,,-76.92119645569069,38.888295261506535,108,9903.0,POINT (-76.92119645569069 38.888295261506535), ,,,,
9904,109,,-76.93113839889,38.88516451455637,109,9904.0,POINT (-76.93113839889 38.88516451455637), ,,,,
8702,110,,-77.00146512172577,38.91488332754272,110,8702.0,POINT (-77.00146512172577 38.91488332754272), ,,,,
9905,111,,-76.92505471679952,38.88433810054672,111,9905.0,POINT (-76.92505471679952 38.884338100546714), ,,,,
9906,112,,-76.93592149057157,38.8879191107303,112,9906.0,POINT (-76.93592149057157 38.8879191107303), ,,,,
9907,113,,-76.93881675959814,38.88277964889773,113,9907.0,POINT (-76.93881675959814 38.88277964889773), ,,,,
10200,114,,-77.02369676730481,38.882424051833496,114,10200.0,POINT (-77.02369676730481 38.882424051833496), ,,,,
10300,115,,-77.02718314528124,38.97617014958096,115,10300.0,POINT (-77.02718314528124 38.97617014958096), ,,,,
2002,116,,-77.03108428709847,38.9525086581174,116,2002.0,POINT (-77.03108428709847 38.952508658117395), ,,,,
10400,117,,-76.99951961866297,38.84896456873732,117,10400.0,POINT (-76.99951961866297 38.84896456873732), ,,,,
7503,118,,-76.98698357375923,38.86399429174333,118,7503.0,POINT (-76.98698357375923 38.86399429174333), ,,,,
2101,119,,-77.02413432250783,38.95592097108857,119,2101.0,POINT (-77.02413432250783 38.95592097108857), ,,,,
7504,120,,-76.97941122839222,38.86100974416765,120,7504.0,POINT (-76.97941122839222 38.86100974416765), ,,,,
2001,121,,-77.03592690108168,38.95934625884982,121,2001.0,POINT (-77.03592690108168 38.95934625884982), ,,,,
2102,122,,-77.01423815919836,38.95579326852886,122,2102.0,POINT (-77.01423815919836 38.95579326852886), ,,,,
2201,123,,-77.02329549958343,38.94914159063675,123,2201.0,POINT (-77.02329549958343 38.94914159063675), ,,,,
2202,124,,-77.0138644014157,38.94885184735046,124,2202.0,POINT (-77.0138644014157 38.94885184735046), ,,,,
2301,125,,-77.01657610597078,38.94259749987687,125,2301.0,POINT (-77.01657610597078 38.94259749987687), ,,,,
2302,126,,-77.01088051488611,38.933904456020905,126,2302.0,POINT (-77.01088051488611 38.933904456020905), ,,,,
2400,127,,-77.02240803350094,38.94179066729742,127,2400.0,POINT (-77.02240803350094 38.94179066729742), ,,,,
2501,128,,-77.03173710668597,38.94465931395424,128,2501.0,POINT (-77.03173710668597 38.94465931395424), ,,,,
2502,129,,-77.03014013152386,38.939060981048506,129,2502.0,POINT (-77.03014013152386 38.939060981048506), ,,,,
2600,130,,-77.04253246816238,38.94528277992039,130,2600.0,POINT (-77.04253246816238 38.94528277992039), ,,,,
2701,131,,-77.04166675463618,38.93446913024543,131,2701.0,POINT (-77.04166675463618 38.93446913024543), ,,,,
7601,132,,-76.98000014288544,38.87151818343986,132,7601.0,POINT (-76.98000014288544 38.87151818343986), ,,,,
8402,133,,-76.99108175656124,38.89861334674973,133,8402.0,POINT (-76.99108175656124 38.89861334674973), ,,,,
7603,134,,-76.95854847493732,38.85911711986992,134,7603.0,POINT (-76.95854847493732 38.85911711986992), ,,,,
7703,135,,-76.94753741981509,38.886204639586985,135,7703.0,POINT (-76.94753741981509 38.886204639586985), ,,,,
7604,136,,-76.96379830252185,38.866094846527695,136,7604.0,POINT (-76.96379830252185 38.866094846527695), ,,,,
7605,137,,-76.97525892741724,38.866051116466735,137,7605.0,POINT (-76.97525892741724 38.866051116466735), ,,,,
7707,138,,-76.93534423726847,38.87795365633141,138,7707.0,POINT (-76.93534423726847 38.877953656331414), ,,,,
7708,139,,-76.96160557727549,38.88554483452447,139,7708.0,POINT (-76.96160557727549 38.88554483452447), ,,,,
8410,140,,-76.99111946448387,38.90156078054108,140,8410.0,POINT (-76.99111946448387 38.90156078054108), ,,,,
7709,141,,-76.96788331905627,38.8773786793402,141,7709.0,POINT (-76.96788331905627 38.8773786793402), ,,,,
7803,142,,-76.94137949034487,38.8959906449316,142,7803.0,POINT (-76.94137949034487 38.895990644931594), ,,,,
9603,143,,-76.94790129347349,38.89183978622951,143,9603.0,POINT (-76.94790129347349 38.89183978622951), ,,,,
7804,144,,-76.93134673529234,38.895427219941055,144,7804.0,POINT (-76.93134673529234 38.895427219941055), ,,,,
7806,145,,-76.93269023067414,38.90561170582977,145,7806.0,POINT (-76.93269023067414 38.90561170582977), ,,,,
2702,146,,-77.04182018955203,38.93019533767426,146,2702.0,POINT (-77.04182018955203 38.93019533767426), ,,,,
2801,147,,-77.03451885977961,38.93495559129676,147,2801.0,POINT (-77.03451885977961 38.934955591296756), ,,,,
9700,148,,-76.98975516514534,38.8341019332146,148,9700.0,POINT (-76.98975516514534 38.8341019332146), ,,,,
9801,149,,-76.99638047122372,38.83384198723321,149,9801.0,POINT (-76.99638047122372 38.83384198723321), ,,,,
7807,150,,-76.92104995391524,38.89858054820244,150,7807.0,POINT (-76.92104995391524 38.89858054820244), ,,,,
7808,151,,-76.91943396987281,38.89277479039538,151,7808.0,POINT (-76.91943396987281 38.89277479039538), ,,,,
8701,152,,-77.00628039502078,38.91410642838843,152,8701.0,POINT (-77.00628039502078 38.91410642838843), ,,,,
8802,153,,-76.98665185665817,38.90394303206371,153,8802.0,POINT (-76.98665185665817 38.90394303206371), ,,,,
8803,154,,-76.99133704129167,38.91043961625729,154,8803.0,POINT (-76.99133704129167 38.91043961625729), ,,,,
10500,155,,-77.0133636513275,38.8818494718485,155,10500.0,POINT (-77.0133636513275 38.8818494718485), ,,,,
9804,156,,-76.99783754306775,38.83966897164142,156,9804.0,POINT (-76.99783754306775 38.83966897164142), ,,,,
10600,157,,-77.00333270092625,38.90331304493859,157,10600.0,POINT (-77.00333270092625 38.90331304493859), ,,,,
9807,158,,-77.01175535643134,38.82922154418904,158,9807.0,POINT (-77.01175535643134 38.82922154418904), ,,,,
9810,159,,-77.00458158420997,38.82720833737775,159,9810.0,POINT (-77.00458158420997 38.82720833737775), ,,,,
10700,160,,-77.0419831995807,38.90400682819332,160,10700.0,POINT (-77.0419831995807 38.90400682819332), ,,,,
10800,161,,-77.04461439767952,38.89736002568445,161,10800.0,POINT (-77.04461439767952 38.89736002568445), ,,,,
9507,162,,-76.99777331320418,38.958509121350026,162,9507.0,POINT (-76.99777331320418 38.958509121350026), ,,,,
10900,163,,-77.02489813071473,38.8116261902684,163,10900.0,POINT (-77.02489813071473 38.8116261902684), ,,,,
9301,164,,-76.9863932957913,38.93074167001654,164,9301.0,POINT (-76.9863932957913 38.93074167001654), ,,,,
11100,165,,-76.96650392871027,38.91612395615285,165,11100.0,POINT (-76.96650392871027 38.91612395615285), ,,,,
7809,166,,-76.93219763424094,38.90154820206983,166,7809.0,POINT (-76.93219763424094 38.901548202069826), ,,,,
7903,167,,-76.9743370691936,38.89639164784533,167,7903.0,POINT (-76.9743370691936 38.89639164784533), ,,,,
8001,168,,-76.98665678335756,38.89620171899764,168,8001.0,POINT (-76.98665678335756 38.89620171899764), ,,,,
8002,169,,-76.98276556497531,38.891545590372,169,8002.0,POINT (-76.98276556497531 38.891545590372004), ,,,,
8100,170,,-76.99253010466727,38.89320080748805,170,8100.0,POINT (-76.99253010466727 38.89320080748805), ,,,,
8200,171,,-77.00062509138326,38.89183807979414,171,8200.0,POINT (-77.00062509138326 38.89183807979414), ,,,,
8301,172,,-77.00080318462622,38.89704520229083,172,8301.0,POINT (-77.00080318462622 38.89704520229083), ,,,,
9400,173,,-76.97424150721626,38.93678444711556,173,9400.0,POINT (-76.97424150721626 38.936784447115556), ,,,,
9505,174,,-77.00520889404488,38.961919843802406,174,9505.0,POINT (-77.00520889404488 38.961919843802406), ,,,,
9501,175,,-77.00292915081918,38.941833285422334,175,9501.0,POINT (-77.00292915081918 38.941833285422334), ,,,,
9503,176,,-76.98452990482363,38.94345441293018,176,9503.0,POINT (-76.98452990482363 38.94345441293018), ,,,,
9508,177,,-76.99847040549434,38.95388162381001,177,9508.0,POINT (-76.99847040549434 38.95388162381001), ,,,,
9601,178,,-76.94444111160797,38.91020971908218,178,9601.0,POINT (-76.94444111160797 38.91020971908218), ,,,,
9602,179,,-76.9534310805514,38.901339098298976,179,9602.0,POINT (-76.9534310805514 38.901339098298976), ,,,,
,180,649840226,-76.9386616,38.8891714,,,POINT (-76.9386616 38.8891714),,1.0,0.0,secondary,
,183,3657251446,-77.0758516,38.9685065,,,POINT (-77.0758516 38.9685065),,4.0,0.0,secondary,
,184,49183986,-77.0718,38.976634,,,POINT (-77.0718 38.976634),,5.0,2.0,secondary,
,185,49769193,-77.0225246,38.9241857,,,POINT (-77.0225246 38.9241857),,6.0,0.0,trunk,
,186,49787486,-77.0226144,38.9248058,,,POINT (-77.0226144 38.9248058),,7.0,0.0,trunk,
,187,49787487,-77.022666,38.9251618,,,POINT (-77.022666 38.9251618),,8.0,0.0,trunk,
,188,49789205,-77.0229654,38.9272259,,,POINT (-77.0229654 38.9272259),,9.0,0.0,trunk,
,189,49789208,-77.0230955,38.928123,,,POINT (-77.0230955 38.928123),,10.0,0.0,trunk,
,190,9656384330,-77.0221181,38.9213273,,,POINT (-77.0221181 38.9213273),,11.0,0.0,trunk,
,191,49789180,-77.0222592,38.9223481,,,POINT (-77.0222592 38.9223481),,12.0,0.0,trunk,
,192,49779238,-77.112303,38.931042,,,POINT (-77.112303 38.931042),,13.0,0.0,primary,
,193,49779301,-77.1166872,38.9368603,,,POINT (-77.1166872 38.9368603),,14.0,2.0,primary,
,194,3657251442,-77.0543612,38.9853132,,,POINT (-77.0543612 38.9853132),,15.0,0.0,tertiary,
,195,49291144,-77.059486,38.984703,,,POINT (-77.059486 38.984703),,16.0,2.0,tertiary,
,197,638093743,-77.0194708,38.9790867,,,POINT (-77.0194708 38.9790867),,18.0,2.0,tertiary,
,198,49768340,-77.0597343,38.9811057,,,POINT (-77.0597343 38.9811057),,19.0,0.0,tertiary,
,199,49308840,-77.0605523,38.9824461,,,POINT (-77.0605523 38.9824461),,20.0,2.0,tertiary,
,200,49813839,-77.0296469,38.9869339,,,POINT (-77.0296469 38.9869339),,21.0,0.0,tertiary,
,201,1239333478,-77.0278599,38.9872718,,,POINT (-77.0278599 38.9872718),,22.0,2.0,tertiary,
,202,5356541567,-77.015846,38.9762592,,,POINT (-77.015846 38.9762592),,23.0,0.0,tertiary,
,203,5356541562,-77.0158606,38.9760228,,,POINT (-77.0158606 38.9760228),,24.0,0.0,tertiary,
,204,49717110,-77.037599,38.963069,,,POINT (-77.037599 38.963069),,25.0,0.0,primary,
,205,642885425,-77.0389235,38.9631768,,,POINT (-77.0389235 38.9631768),,26.0,0.0,primary,
,206,3370866978,-77.0344435,38.9622372,,,POINT (-77.0344435 38.9622372),,27.0,0.0,primary,
,207,3665453332,-77.0363909,38.9630408,,,POINT (-77.0363909 38.9630408),,28.0,0.0,primary,
,208,49717245,-77.0766241,38.9667127,,,POINT (-77.0766241 38.9667127),,29.0,0.0,primary,
,209,49717262,-77.0767237,38.9673778,,,POINT (-77.0767237 38.9673778),,30.0,0.0,primary,
,210,639381973,-76.9936454,38.8568572,,,POINT (-76.9936454 38.8568572),,31.0,0.0,primary,
,211,49717288,-76.9932509,38.8579155,,,POINT (-76.9932509 38.8579155),,32.0,0.0,secondary,
,212,291776248,-77.0332412,38.8817215,,,POINT (-77.0332412 38.8817215),,33.0,0.0,motorway,
,213,49717329,-77.0327155,38.8823035,,,POINT (-77.0327155 38.8823035),,34.0,0.0,motorway,
,214,3282259542,-77.0496241,38.9021712,,,POINT (-77.0496241 38.9021712),,35.0,0.0,primary,
,215,647622738,-77.0492457,38.9023614,,,POINT (-77.0492457 38.9023614),,36.0,0.0,primary,
,216,49717595,-76.9382421,38.8724632,,,POINT (-76.9382421 38.8724632),,37.0,0.0,tertiary,
,217,49717599,-76.9387866,38.8719412,,,POINT (-76.9387866 38.8719412),,38.0,0.0,tertiary,
,218,486890317,-77.0249085,38.882629,,,POINT (-77.0249085 38.882629),,39.0,0.0,motorway,
,219,3005851841,-77.0257949,38.882635,,,POINT (-77.0257949 38.882635),,40.0,0.0,motorway,
,220,49717775,-77.0238418,38.8829768,,,POINT (-77.0238418 38.8829768),,41.0,0.0,motorway,
,221,49717813,-77.0235241,38.882508,,,POINT (-77.0235241 38.882508),,42.0,0.0,motorway,
,222,3005713074,-77.0228573,38.8824455,,,POINT (-77.0228573 38.8824455),,43.0,0.0,motorway,
,223,639496003,-76.9476993,38.899465,,,POINT (-76.9476993 38.899465),,44.0,0.0,primary,
,224,646246183,-76.9490837,38.8981814,,,POINT (-76.9490837 38.8981814),,45.0,0.0,motorway,
,225,49718049,-77.0319594,38.8766723,,,POINT (-77.0319594 38.8766723),,46.0,0.0,tertiary,
,226,49718053,-77.0332998,38.8776484,,,POINT (-77.0332998 38.8776484),,47.0,0.0,motorway,
,227,49821019,-77.0429803,38.9089398,,,POINT (-77.0429803 38.9089398),,48.0,0.0,primary,
,228,262250817,-77.0438194,38.9103815,,,POINT (-77.0438194 38.9103815),,49.0,0.0,primary,
,229,49717981,-77.018826,38.928131,,,POINT (-77.018826 38.928131),,50.0,0.0,secondary,
,230,49718509,-77.0193207,38.9283614,,,POINT (-77.0193207 38.9283614),,51.0,0.0,secondary,
,231,1499921551,-76.9793153,38.9073738,,,POINT (-76.9793153 38.9073738),,52.0,0.0,primary,
,232,5563919611,-76.9788711,38.9072123,,,POINT (-76.9788711 38.9072123),,53.0,0.0,primary,
,233,49718808,-76.96931,38.861555,,,POINT (-76.96931 38.861555),,54.0,0.0,tertiary,
,234,49718816,-76.969373,38.861223,,,POINT (-76.969373 38.861223),,55.0,0.0,secondary,
,235,49718911,-76.9819388,38.9007422,,,POINT (-76.9819388 38.9007422),,56.0,0.0,tertiary,
,238,49719321,-77.0058137,38.8832917,,,POINT (-77.0058137 38.8832917),,59.0,0.0,tertiary,
,239,49823847,-77.0053714,38.8836772,,,POINT (-77.0053714 38.8836772),,60.0,0.0,tertiary,
,240,49719320,-77.005892,38.883233,,,POINT (-77.005892 38.883233),,61.0,0.0,tertiary,
,241,49849823,-77.0072345,38.8811966,,,POINT (-77.0072345 38.8811966),,62.0,0.0,motorway,
,242,642421311,-77.0100768,38.8822507,,,POINT (-77.0100768 38.8822507),,63.0,0.0,motorway,
,243,49719416,-77.0460848,38.9169965,,,POINT (-77.0460848 38.9169965),,64.0,0.0,secondary,
,244,49719422,-77.0464536,38.9168638,,,POINT (-77.0464536 38.9168638),,65.0,0.0,secondary,
,245,49719425,-77.0467448,38.9167755,,,POINT (-77.0467448 38.9167755),,66.0,0.0,primary,
,246,49719436,-77.00589,38.883294,,,POINT (-77.00589 38.883294),,67.0,0.0,tertiary,
,247,49719438,-77.006361,38.883345,,,POINT (-77.006361 38.883345),,68.0,0.0,tertiary,
,248,3010529934,-77.0258168,38.8829013,,,POINT (-77.0258168 38.8829013),,69.0,0.0,tertiary,
,249,3010525207,-77.0261888,38.8829007,,,POINT (-77.0261888 38.8829007),,70.0,0.0,tertiary,
,250,8427531401,-77.0219211,38.8828065,,,POINT (-77.0219211 38.8828065),,71.0,0.0,primary,
,251,49719706,-77.034885,38.936716,,,POINT (-77.034885 38.936716),,72.0,0.0,tertiary,
,252,49719725,-77.034196,38.93696,,,POINT (-77.034196 38.93696),,73.0,0.0,tertiary,
,253,49719902,-77.0407638,38.9170109,,,POINT (-77.0407638 38.9170109),,74.0,0.0,primary,
,254,49719895,-77.0408793,38.9172142,,,POINT (-77.0408793 38.9172142),,75.0,0.0,secondary,
,255,49719921,-77.043076,38.960376,,,POINT (-77.043076 38.960376),,76.0,0.0,tertiary,
,256,49719904,-77.043587,38.960508,,,POINT (-77.043587 38.960508),,77.0,0.0,primary,
,257,646229589,-76.9549095,38.8960644,,,POINT (-76.9549095 38.8960644),,78.0,0.0,primary,
,258,646231812,-76.953367,38.8956807,,,POINT (-76.953367 38.8956807),,79.0,0.0,motorway,
,259,49720056,-77.0706457,38.9557619,,,POINT (-77.0706457 38.9557619),,80.0,0.0,primary,
,260,49720045,-77.0702023,38.9556682,,,POINT (-77.0702023 38.9556682),,81.0,0.0,primary,
,261,49755795,-77.0812725,38.9070491,,,POINT (-77.0812725 38.9070491),,82.0,0.0,secondary,
,262,5632856403,-77.0814454,38.9068848,,,POINT (-77.0814454 38.9068848),,83.0,0.0,secondary,
,263,642421214,-77.0114787,38.8821584,,,POINT (-77.0114787 38.8821584),,84.0,0.0,motorway,
,264,642421281,-77.0112023,38.8820399,,,POINT (-77.0112023 38.8820399),,85.0,0.0,motorway,
,265,49720239,-76.997736,38.940329,,,POINT (-76.997736 38.940329),,86.0,2.0,secondary,
,266,49720271,-76.999001,38.940734,,,POINT (-76.999001 38.940734),,87.0,0.0,secondary,
,267,3872966579,-76.9947651,38.8786053,,,POINT (-76.9947651 38.8786053),,88.0,0.0,motorway,
,268,49849584,-76.9925914,38.8781214,,,POINT (-76.9925914 38.8781214),,89.0,0.0,motorway,
,269,49721268,-76.9842461,38.8873384,,,POINT (-76.9842461 38.8873384),,90.0,0.0,tertiary,
,270,2456351023,-76.9841424,38.8874078,,,POINT (-76.9841424 38.8874078),,91.0,0.0,tertiary,
,271,49721281,-77.001738,38.892017,,,POINT (-77.001738 38.892017),,92.0,0.0,secondary,
,272,49721292,-77.0020381,38.892084,,,POINT (-77.0020381 38.892084),,93.0,0.0,secondary,
,273,647053898,-77.0068301,38.931198,,,POINT (-77.0068301 38.931198),,94.0,0.0,primary,
,274,647057856,-77.0069718,38.9310458,,,POINT (-77.0069718 38.9310458),,95.0,0.0,primary,
,275,49762563,-76.9462177,38.9002511,,,POINT (-76.9462177 38.9002511),,96.0,0.0,motorway,
,276,49721474,-76.9445568,38.9014703,,,POINT (-76.9445568 38.9014703),,97.0,0.0,motorway,
,277,647058077,-77.0077248,38.9297891,,,POINT (-77.0077248 38.9297891),,98.0,0.0,primary,
,278,647058049,-77.0033583,38.930823,,,POINT (-77.0033583 38.930823),,99.0,0.0,primary,
,279,49721699,-76.9615948,38.8895502,,,POINT (-76.9615948 38.8895502),,100.0,0.0,motorway,
,280,646217089,-76.9584941,38.8896692,,,POINT (-76.9584941 38.8896692),,101.0,0.0,motorway,
,281,646190844,-76.972248,38.8743227,,,POINT (-76.972248 38.8743227),,102.0,0.0,trunk,
,282,49721760,-76.9725645,38.8746381,,,POINT (-76.9725645 38.8746381),,103.0,0.0,motorway,
,283,49721876,-77.0351662,38.8789645,,,POINT (-77.0351662 38.8789645),,104.0,0.0,motorway,
,284,655662475,-77.0121798,38.87574,,,POINT (-77.0121798 38.87574),,105.0,1.0,primary,
,285,655662474,-77.0118867,38.8764034,,,POINT (-77.0118867 38.8764034),,106.0,0.0,primary,
,286,4001469117,-77.0585119,38.9025151,,,POINT (-77.0585119 38.9025151),,107.0,0.0,motorway,
,287,641107675,-77.0568186,38.9024163,,,POINT (-77.0568186 38.9024163),,108.0,0.0,motorway,
,288,49810780,-77.0239621,38.8906314,,,POINT (-77.0239621 38.8906314),,109.0,0.0,motorway,
,289,622721002,-77.0240203,38.8862708,,,POINT (-77.0240203 38.8862708),,110.0,0.0,motorway,
,290,642436265,-77.0128491,38.8829276,,,POINT (-77.0128491 38.8829276),,111.0,0.0,motorway,
,291,1364072698,-77.0126688,38.8855295,,,POINT (-77.0126688 38.8855295),,112.0,0.0,motorway,
,292,8427531415,-77.0281861,38.8886709,,,POINT (-77.0281861 38.8886709),,113.0,0.0,tertiary,
,294,1805009990,-77.0120905,38.930076,,,POINT (-77.0120905 38.930076),,115.0,0.0,tertiary,
,295,9504170004,-77.0120707,38.93082,,,POINT (-77.0120707 38.93082),,116.0,0.0,tertiary,
,297,1440867117,-77.0270348,38.9146253,,,POINT (-77.0270348 38.9146253),,118.0,0.0,secondary,
,301,5993559715,-77.025717,38.916425,,,POINT (-77.025717 38.916425),,122.0,0.0,tertiary,
,304,49723087,-76.9995132,38.8430653,,,POINT (-76.9995132 38.8430653),,125.0,0.0,secondary,
,306,646031300,-76.9792284,38.9172533,,,POINT (-76.9792284 38.9172533),,127.0,0.0,trunk,
,307,646246158,-76.9440429,38.9019486,,,POINT (-76.9440429 38.9019486),,128.0,0.0,motorway,
,308,49723252,-76.944715,38.902338,,,POINT (-76.944715 38.902338),,129.0,0.0,secondary,
,309,2765102971,-77.0364355,38.9654258,,,POINT (-77.0364355 38.9654258),,130.0,0.0,tertiary,
,310,49723367,-77.0365131,38.9654247,,,POINT (-77.0365131 38.9654247),,131.0,0.0,tertiary,
,311,49723366,-77.0363237,38.9654249,,,POINT (-77.0363237 38.9654249),,132.0,0.0,primary,
,312,639415539,-76.969846,38.8739091,,,POINT (-76.969846 38.8739091),,133.0,0.0,secondary,
,313,4635808686,-76.970762,38.873985,,,POINT (-76.970762 38.873985),,134.0,0.0,secondary,
,314,49723516,-77.072023,38.927778,,,POINT (-77.072023 38.927778),,135.0,0.0,primary,
,315,11236556936,-77.0720169,38.9276031,,,POINT (-77.0720169 38.9276031),,136.0,0.0,primary,
,316,49723707,-77.008054,38.932036,,,POINT (-77.008054 38.932036),,137.0,0.0,primary,
,317,652905931,-77.0097251,38.9313108,,,POINT (-77.0097251 38.9313108),,138.0,0.0,primary,
,318,647058091,-77.0063307,38.9330916,,,POINT (-77.0063307 38.9330916),,139.0,0.0,primary,
,319,647053755,-77.0042474,38.9314949,,,POINT (-77.0042474 38.9314949),,140.0,0.0,primary,
,320,647057842,-77.0060679,38.9336716,,,POINT (-77.0060679 38.9336716),,141.0,0.0,primary,
,321,649839491,-76.9315488,38.8897033,,,POINT (-76.9315488 38.8897033),,142.0,0.0,primary,
,322,49782722,-76.9295584,38.8892712,,,POINT (-76.9295584 38.8892712),,143.0,0.0,secondary,
,323,641046522,-77.0502394,38.8870417,,,POINT (-77.0502394 38.8870417),,144.0,0.0,primary,
,324,638210752,-77.0503816,38.8866049,,,POINT (-77.0503816 38.8866049),,145.0,0.0,tertiary,
,325,49724086,-77.0115909,38.8935786,,,POINT (-77.0115909 38.8935786),,146.0,0.0,tertiary,
,327,49724179,-77.0312388,38.8829802,,,POINT (-77.0312388 38.8829802),,148.0,0.0,primary,
,328,3010525226,-77.0256733,38.8823777,,,POINT (-77.0256733 38.8823777),,149.0,0.0,motorway,
,329,646076948,-76.9478816,38.9188527,,,POINT (-76.9478816 38.9188527),,150.0,0.0,motorway,
,330,49724578,-76.949461,38.921037,,,POINT (-76.949461 38.921037),,151.0,0.0,motorway,
,331,3372443379,-77.0802954,38.9630947,,,POINT (-77.0802954 38.9630947),,152.0,0.0,tertiary,
,332,3798943074,-77.0803617,38.964959,,,POINT (-77.0803617 38.964959),,153.0,0.0,primary,
,333,3372443367,-77.0802981,38.9616759,,,POINT (-77.0802981 38.9616759),,154.0,0.0,tertiary,
,334,646229803,-76.9532021,38.8956544,,,POINT (-76.9532021 38.8956544),,155.0,0.0,motorway,
,335,637994550,-76.9539476,38.8940121,,,POINT (-76.9539476 38.8940121),,156.0,0.0,motorway,
,336,1459299349,-76.9499261,38.9231512,,,POINT (-76.9499261 38.9231512),,157.0,0.0,tertiary,
,337,1459299353,-76.9505509,38.9220517,,,POINT (-76.9505509 38.9220517),,158.0,0.0,tertiary,
,338,3005239459,-77.0351034,38.8800442,,,POINT (-77.0351034 38.8800442),,159.0,0.0,motorway,
,339,49725766,-77.0364031,38.8796609,,,POINT (-77.0364031 38.8796609),,160.0,0.0,motorway,
,341,5926299033,-77.0801481,38.9611641,,,POINT (-77.0801481 38.9611641),,162.0,0.0,tertiary,
,342,486890147,-77.0236317,38.8824877,,,POINT (-77.0236317 38.8824877),,163.0,0.0,motorway,
,343,49727453,-76.9738453,38.8909541,,,POINT (-76.9738453 38.8909541),,164.0,0.0,primary,
,344,49727452,-76.9738413,38.890681,,,POINT (-76.9738413 38.890681),,165.0,0.0,primary,
,345,1443727179,-77.033421,38.9558864,,,POINT (-77.033421 38.9558864),,166.0,0.0,tertiary,
,347,49731629,-77.0329501,38.9566026,,,POINT (-77.0329501 38.9566026),,168.0,0.0,tertiary,
,348,638210736,-77.0392277,38.8883301,,,POINT (-77.0392277 38.8883301),,169.0,0.0,primary,
,349,49734087,-77.0397579,38.8883181,,,POINT (-77.0397579 38.8883181),,170.0,0.0,primary,
,350,643388912,-77.0572311,38.8807098,,,POINT (-77.0572311 38.8807098),,171.0,0.0,motorway,
,351,49726775,-77.0557384,38.8819089,,,POINT (-77.0557384 38.8819089),,172.0,0.0,motorway,
,352,49727748,-77.0445373,38.961475,,,POINT (-77.0445373 38.961475),,173.0,0.0,primary,
,353,49727708,-77.0454869,38.960546,,,POINT (-77.0454869 38.960546),,174.0,0.0,primary,
,354,10769808823,-77.0442945,38.9609969,,,POINT (-77.0442945 38.9609969),,175.0,0.0,primary,
,355,49727929,-77.0462961,38.9165696,,,POINT (-77.0462961 38.9165696),,176.0,0.0,secondary,
,356,3005325280,-77.0329147,38.8828836,,,POINT (-77.0329147 38.8828836),,177.0,0.0,primary,
,357,661597739,-77.0328007,38.8830831,,,POINT (-77.0328007 38.8830831),,178.0,0.0,primary,
,358,2791548330,-77.0496565,38.8863853,,,POINT (-77.0496565 38.8863853),,179.0,0.0,tertiary,
,359,49728152,-77.0499834,38.8867117,,,POINT (-77.0499834 38.8867117),,180.0,0.0,tertiary,
,360,49728175,-77.049533,38.9096411,,,POINT (-77.049533 38.9096411),,181.0,0.0,secondary,
,361,642818418,-77.0507986,38.91061,,,POINT (-77.0507986 38.91061),,182.0,0.0,primary,
,362,49728201,-77.0530461,38.8993468,,,POINT (-77.0530461 38.8993468),,183.0,0.0,secondary,
,363,5192159439,-77.0528363,38.8995777,,,POINT (-77.0528363 38.8995777),,184.0,0.0,tertiary,
,364,262550683,-77.0532177,38.8990921,,,POINT (-77.0532177 38.8990921),,185.0,0.0,secondary,
,365,646229662,-76.9518001,38.8962459,,,POINT (-76.9518001 38.8962459),,186.0,0.0,primary,
,366,49728741,-76.951865,38.896079,,,POINT (-76.951865 38.896079),,187.0,0.0,motorway,
,367,655661906,-77.0279866,38.8826908,,,POINT (-77.0279866 38.8826908),,188.0,0.0,primary,
,368,3533318556,-77.0281815,38.8828025,,,POINT (-77.0281815 38.8828025),,189.0,0.0,primary,
,369,49728917,-76.996263,38.8632159,,,POINT (-76.996263 38.8632159),,190.0,0.0,tertiary,
,370,49728879,-76.9962972,38.862935,,,POINT (-76.9962972 38.862935),,191.0,0.0,secondary,
,371,638210767,-77.0502096,38.8865005,,,POINT (-77.0502096 38.8865005),,192.0,0.0,tertiary,
,372,646190777,-76.9751409,38.8751327,,,POINT (-76.9751409 38.8751327),,193.0,0.0,motorway,
,373,646190619,-76.9749592,38.8753239,,,POINT (-76.9749592 38.8753239),,194.0,0.0,motorway,
,374,49729179,-77.0102431,38.9072462,,,POINT (-77.0102431 38.9072462),,195.0,1.0,trunk,
,375,1942042422,-77.0101503,38.907046,,,POINT (-77.0101503 38.907046),,196.0,0.0,trunk,
,376,49729182,-77.0084546,38.9072316,,,POINT (-77.0084546 38.9072316),,197.0,1.0,trunk,
,377,645963043,-77.0085817,38.9074555,,,POINT (-77.0085817 38.9074555),,198.0,0.0,trunk,
,378,49729551,-76.9705694,38.8887652,,,POINT (-76.9705694 38.8887652),,199.0,0.0,primary,
,379,49729507,-76.9707062,38.8909761,,,POINT (-76.9707062 38.8909761),,200.0,0.0,primary,
,380,3066628516,-77.0379359,38.8869492,,,POINT (-77.0379359 38.8869492),,201.0,0.0,primary,
,381,3003933545,-77.0380617,38.887811,,,POINT (-77.0380617 38.887811),,202.0,0.0,primary,
,382,49892898,-77.0212573,38.8825563,,,POINT (-77.0212573 38.8825563),,203.0,0.0,motorway,
,383,49723005,-77.0251162,38.8827569,,,POINT (-77.0251162 38.8827569),,204.0,0.0,motorway,
,384,1379495867,-77.0401893,38.9056478,,,POINT (-77.0401893 38.9056478),,205.0,0.0,secondary,
,385,4193595043,-77.0404765,38.9058069,,,POINT (-77.0404765 38.9058069),,206.0,0.0,secondary,
,386,49812698,-77.0505747,38.909389,,,POINT (-77.0505747 38.909389),,207.0,0.0,primary,
,387,49729731,-77.0517182,38.9093292,,,POINT (-77.0517182 38.9093292),,208.0,0.0,primary,
,388,49812677,-77.0513545,38.9090144,,,POINT (-77.0513545 38.9090144),,209.0,0.0,primary,
,389,49729772,-76.985376,38.910336,,,POINT (-76.985376 38.910336),,210.0,0.0,secondary,
,390,3376996938,-76.985482,38.910716,,,POINT (-76.985482 38.910716),,211.0,0.0,tertiary,
,391,49729831,-77.0457974,38.9146099,,,POINT (-77.0457974 38.9146099),,212.0,0.0,primary,
,392,49729820,-77.0461622,38.9147479,,,POINT (-77.0461622 38.9147479),,213.0,0.0,primary,
,393,49729874,-77.0278986,38.8904832,,,POINT (-77.0278986 38.8904832),,214.0,0.0,tertiary,
,394,49729890,-77.0276543,38.8920917,,,POINT (-77.0276543 38.8920917),,215.0,0.0,trunk,
,395,49729902,-77.012182,38.8996581,,,POINT (-77.012182 38.8996581),,216.0,0.0,tertiary,
,396,5325469688,-77.0125476,38.8994072,,,POINT (-77.0125476 38.8994072),,217.0,0.0,tertiary,
,397,642858825,-77.0508053,38.933676,,,POINT (-77.0508053 38.933676),,218.0,0.0,primary,
,398,49729946,-77.0501673,38.9340014,,,POINT (-77.0501673 38.9340014),,219.0,0.0,primary,
,399,3834990300,-77.0412348,38.8875868,,,POINT (-77.0412348 38.8875868),,220.0,0.0,primary,
,400,297108981,-77.0410029,38.886944,,,POINT (-77.0410029 38.886944),,221.0,0.0,primary,
,401,639496379,-76.9560667,38.8918446,,,POINT (-76.9560667 38.8918446),,222.0,0.0,motorway,
,402,646216531,-76.9600076,38.8898452,,,POINT (-76.9600076 38.8898452),,223.0,0.0,primary,
,403,49730251,-77.0083681,38.8380013,,,POINT (-77.0083681 38.8380013),,224.0,0.0,primary,
,404,49730229,-77.0082001,38.8403467,,,POINT (-77.0082001 38.8403467),,225.0,0.0,motorway,
,405,638898827,-76.9787106,38.9072203,,,POINT (-76.9787106 38.9072203),,226.0,0.0,primary,
,406,5563919685,-76.9788311,38.9072734,,,POINT (-76.9788311 38.9072734),,227.0,0.0,primary,
,407,49730319,-77.0485797,38.8962365,,,POINT (-77.0485797 38.8962365),,228.0,0.0,primary,
,408,8392914645,-77.0486557,38.8960168,,,POINT (-77.0486557 38.8960168),,229.0,0.0,primary,
,409,49730422,-77.0533298,38.8994043,,,POINT (-77.0533298 38.8994043),,230.0,0.0,secondary,
,410,2456351058,-76.9844921,38.8874383,,,POINT (-76.9844921 38.8874383),,231.0,0.0,tertiary,
,411,49730782,-76.9846153,38.8870174,,,POINT (-76.9846153 38.8870174),,232.0,0.0,tertiary,
,412,1443170688,-77.0337815,38.955635,,,POINT (-77.0337815 38.955635),,233.0,0.0,tertiary,
,413,1443727177,-77.0334243,38.9557227,,,POINT (-77.0334243 38.9557227),,234.0,0.0,tertiary,
,414,49730840,-77.0085528,38.9575282,,,POINT (-77.0085528 38.9575282),,235.0,0.0,primary,
,415,49730831,-77.009048,38.957296,,,POINT (-77.009048 38.957296),,236.0,0.0,primary,
,416,49730878,-77.035463,38.9622284,,,POINT (-77.035463 38.9622284),,237.0,0.0,primary,
,417,3370866971,-77.0339201,38.9620561,,,POINT (-77.0339201 38.9620561),,238.0,0.0,primary,
,418,655442838,-77.0029816,38.887345,,,POINT (-77.0029816 38.887345),,239.0,0.0,primary,
,419,655442852,-77.0024729,38.8873615,,,POINT (-77.0024729 38.8873615),,240.0,0.0,primary,
,420,654322419,-76.9982904,38.8626158,,,POINT (-76.9982904 38.8626158),,241.0,0.0,primary,
,421,654322459,-76.9981619,38.8624912,,,POINT (-76.9981619 38.8624912),,242.0,0.0,primary,
,422,49730947,-76.9981602,38.8622163,,,POINT (-76.9981602 38.8622163),,243.0,0.0,secondary,
,423,646246180,-76.9455925,38.9009337,,,POINT (-76.9455925 38.9009337),,244.0,0.0,motorway,
,424,49779721,-76.947479,38.899638,,,POINT (-76.947479 38.899638),,245.0,0.0,motorway,
,425,49731188,-77.009204,38.945691,,,POINT (-77.009204 38.945691),,246.0,0.0,tertiary,
,426,49731194,-77.008882,38.946052,,,POINT (-77.008882 38.946052),,247.0,0.0,tertiary,
,427,647087545,-77.0081639,38.9460892,,,POINT (-77.0081639 38.9460892),,248.0,0.0,tertiary,
,428,49731242,-77.0490242,38.919269,,,POINT (-77.0490242 38.919269),,249.0,0.0,primary,
,429,49731236,-77.04889,38.9186683,,,POINT (-77.04889 38.9186683),,250.0,-1.0,primary,
,430,49731284,-77.0168645,38.8283851,,,POINT (-77.0168645 38.8283851),,251.0,0.0,tertiary,
,431,1489216475,-77.0171696,38.8287927,,,POINT (-77.0171696 38.8287927),,252.0,0.0,tertiary,
,432,49729932,-77.0497091,38.9341771,,,POINT (-77.0497091 38.9341771),,253.0,0.0,primary,
,433,55580453,-77.0502025,38.9341058,,,POINT (-77.0502025 38.9341058),,254.0,0.0,primary,
,434,49729981,-77.0502305,38.9341026,,,POINT (-77.0502305 38.9341026),,255.0,0.0,primary,
,435,49731325,-77.0691524,38.9039044,,,POINT (-77.0691524 38.9039044),,256.0,0.0,primary,
,436,641119736,-77.0680229,38.9038307,,,POINT (-77.0680229 38.9038307),,257.0,0.0,motorway,
,437,642436911,-77.0120231,38.8832021,,,POINT (-77.0120231 38.8832021),,258.0,0.0,motorway,
,438,1364072696,-77.012034,38.8838982,,,POINT (-77.012034 38.8838982),,259.0,0.0,motorway,
,439,49731541,-77.0088457,38.8328009,,,POINT (-77.0088457 38.8328009),,260.0,0.0,tertiary,
,440,49716503,-77.0083736,38.8328949,,,POINT (-77.0083736 38.8328949),,261.0,0.0,primary,
,442,49731575,-77.007729,38.942305,,,POINT (-77.007729 38.942305),,263.0,0.0,secondary,
,443,49731621,-77.0334241,38.956506,,,POINT (-77.0334241 38.956506),,264.0,0.0,tertiary,
,444,49731666,-77.038312,38.96272,,,POINT (-77.038312 38.96272),,265.0,0.0,primary,
,445,49731659,-77.03691,38.962521,,,POINT (-77.03691 38.962521),,266.0,0.0,primary,
,446,3005831881,-77.0240243,38.8845807,,,POINT (-77.0240243 38.8845807),,267.0,0.0,motorway,
,447,610801549,-77.0240556,38.8843396,,,POINT (-77.0240556 38.8843396),,268.0,0.0,motorway,
,448,49731699,-77.0241675,38.8848436,,,POINT (-77.0241675 38.8848436),,269.0,0.0,secondary,
,449,610801551,-77.024174,38.8843426,,,POINT (-77.024174 38.8843426),,270.0,0.0,motorway,
,450,49731754,-76.9312183,38.8764772,,,POINT (-76.9312183 38.8764772),,271.0,0.0,secondary,
,451,49731757,-76.9312296,38.8763321,,,POINT (-76.9312296 38.8763321),,272.0,0.0,secondary,
,452,1482036402,-76.9313721,38.8757298,,,POINT (-76.9313721 38.8757298),,273.0,0.0,secondary,
,453,49739046,-77.0073166,38.8450913,,,POINT (-77.0073166 38.8450913),,274.0,0.0,secondary,
,454,10969467431,-77.0071162,38.8449262,,,POINT (-77.0071162 38.8449262),,275.0,0.0,motorway,
,455,49727435,-76.973822,38.8889271,,,POINT (-76.973822 38.8889271),,276.0,0.0,primary,
,456,49732042,-76.9740562,38.8885643,,,POINT (-76.9740562 38.8885643),,277.0,-1.0,primary,
,457,3818732497,-77.0338994,38.875227,,,POINT (-77.0338994 38.875227),,278.0,0.0,tertiary,
,458,49732075,-77.0296063,38.8786528,,,POINT (-77.0296063 38.8786528),,279.0,0.0,tertiary,
,459,49732126,-77.0521955,38.9337645,,,POINT (-77.0521955 38.9337645),,280.0,0.0,primary,
,460,1004263862,-77.0521066,38.9335707,,,POINT (-77.0521066 38.9335707),,281.0,0.0,primary,
,461,49732129,-77.003202,38.940741,,,POINT (-77.003202 38.940741),,282.0,0.0,secondary,
,462,49732128,-77.003308,38.94055,,,POINT (-77.003308 38.94055),,283.0,0.0,tertiary,
,463,49732161,-77.018941,38.928558,,,POINT (-77.018941 38.928558),,284.0,0.0,secondary,
,464,49723815,-77.0194417,38.9288209,,,POINT (-77.0194417 38.9288209),,285.0,0.0,tertiary,
,467,49732193,-77.0270393,38.9111208,,,POINT (-77.0270393 38.9111208),,288.0,0.0,secondary,
,468,49727773,-77.043519,38.960966,,,POINT (-77.043519 38.960966),,289.0,0.0,primary,
,469,49815167,-77.0429495,38.960305,,,POINT (-77.0429495 38.960305),,290.0,0.0,tertiary,
,470,652905851,-76.9970766,38.9323717,,,POINT (-76.9970766 38.9323717),,291.0,0.0,secondary,
,471,49732272,-76.9977336,38.9325234,,,POINT (-76.9977336 38.9325234),,292.0,0.0,primary,
,472,49732288,-77.0012925,38.9317702,,,POINT (-77.0012925 38.9317702),,293.0,0.0,tertiary,
,473,647053711,-77.0012569,38.9310863,,,POINT (-77.0012569 38.9310863),,294.0,0.0,primary,
,474,1600549262,-77.0505929,38.9029296,,,POINT (-77.0505929 38.9029296),,295.0,0.0,primary,
,475,641116349,-77.0509825,38.9027168,,,POINT (-77.0509825 38.9027168),,296.0,0.0,primary,
,476,49732363,-76.9883139,38.8915821,,,POINT (-76.9883139 38.8915821),,297.0,0.0,tertiary,
,477,49732352,-76.9887481,38.8916084,,,POINT (-76.9887481 38.8916084),,298.0,0.0,tertiary,
,478,49732390,-77.0280921,38.882455,,,POINT (-77.0280921 38.882455),,299.0,0.0,motorway,
,479,486891251,-77.0297111,38.8815106,,,POINT (-77.0297111 38.8815106),,300.0,0.0,motorway,
,480,49732411,-77.000559,38.931394,,,POINT (-77.000559 38.931394),,301.0,0.0,primary,
,481,49732416,-77.000567,38.930553,,,POINT (-77.000567 38.930553),,302.0,0.0,tertiary,
,482,49720155,-77.0093361,38.8818408,,,POINT (-77.0093361 38.8818408),,303.0,0.0,motorway,
,483,642421328,-77.0101164,38.8821682,,,POINT (-77.0101164 38.8821682),,304.0,0.0,motorway,
,484,49732503,-77.053107,38.950753,,,POINT (-77.053107 38.950753),,305.0,0.0,secondary,
,485,49732524,-77.053595,38.950471,,,POINT (-77.053595 38.950471),,306.0,0.0,tertiary,
,486,49732698,-77.084897,38.912025,,,POINT (-77.084897 38.912025),,307.0,0.0,secondary,
,487,49732688,-77.0845028,38.9123841,,,POINT (-77.0845028 38.9123841),,308.0,0.0,secondary,
,488,49732907,-77.0852202,38.9128616,,,POINT (-77.0852202 38.9128616),,309.0,0.0,secondary,
,489,49732919,-77.0855576,38.9126736,,,POINT (-77.0855576 38.9126736),,310.0,0.0,secondary,
,490,647057913,-77.0070697,38.9313223,,,POINT (-77.0070697 38.9313223),,311.0,0.0,primary,
,491,647057869,-77.0069589,38.9314901,,,POINT (-77.0069589 38.9314901),,312.0,0.0,primary,
,492,647057833,-77.0065561,38.9319294,,,POINT (-77.0065561 38.9319294),,313.0,0.0,primary,
,493,647053766,-77.0064595,38.931365,,,POINT (-77.0064595 38.931365),,314.0,0.0,primary,
,494,647053847,-77.0097269,38.9311606,,,POINT (-77.0097269 38.9311606),,315.0,0.0,primary,
,495,49733218,-77.008696,38.930516,,,POINT (-77.008696 38.930516),,316.0,0.0,primary,
,496,1805010059,-77.0085343,38.9303139,,,POINT (-77.0085343 38.9303139),,317.0,0.0,primary,
,497,647057946,-77.0086111,38.9286107,,,POINT (-77.0086111 38.9286107),,318.0,0.0,primary,
,498,647057958,-77.0072696,38.930827,,,POINT (-77.0072696 38.930827),,319.0,0.0,primary,
,499,647058032,-77.0072887,38.9311729,,,POINT (-77.0072887 38.9311729),,320.0,0.0,primary,
,500,49733356,-77.058361,38.8838107,,,POINT (-77.058361 38.8838107),,321.0,0.0,motorway,
,501,2438328770,-77.0585894,38.8845479,,,POINT (-77.0585894 38.8845479),,322.0,0.0,motorway,
,502,49733709,-77.0304439,38.8807522,,,POINT (-77.0304439 38.8807522),,323.0,0.0,motorway,
,503,3000138151,-77.0269262,38.8827337,,,POINT (-77.0269262 38.8827337),,324.0,0.0,motorway,
,504,49733721,-76.9729956,38.8507948,,,POINT (-76.9729956 38.8507948),,325.0,0.0,primary,
,506,653945654,-76.9719742,38.8504782,,,POINT (-76.9719742 38.8504782),,327.0,0.0,primary,
,507,49733731,-76.9715909,38.8497256,,,POINT (-76.9715909 38.8497256),,328.0,0.0,primary,
,508,49733966,-77.0772124,38.9672237,,,POINT (-77.0772124 38.9672237),,329.0,0.0,primary,
,509,49734104,-77.0270376,38.9041715,,,POINT (-77.0270376 38.9041715),,330.0,0.0,trunk,
,510,49734107,-77.0276385,38.9041609,,,POINT (-77.0276385 38.9041609),,331.0,0.0,primary,
,511,49734111,-77.0322018,38.9059437,,,POINT (-77.0322018 38.9059437),,332.0,0.0,primary,
,512,49734130,-77.0345514,38.906684,,,POINT (-77.0345514 38.906684),,333.0,0.0,secondary,
,513,633923743,-77.0449203,38.8959561,,,POINT (-77.0449203 38.8959561),,334.0,0.0,primary,
,514,262544306,-77.0465234,38.8957414,,,POINT (-77.0465234 38.8957414),,335.0,0.0,motorway,
,515,49734195,-76.971341,38.891593,,,POINT (-76.971341 38.891593),,336.0,0.0,primary,
,516,655442876,-76.9715209,38.8917085,,,POINT (-76.9715209 38.8917085),,337.0,0.0,primary,
,517,49759070,-76.9740714,38.889451,,,POINT (-76.9740714 38.889451),,338.0,0.0,secondary,
,518,49727438,-76.9738285,38.8891568,,,POINT (-76.9738285 38.8891568),,339.0,0.0,primary,
,519,49735026,-77.0136835,38.8944738,,,POINT (-77.0136835 38.8944738),,340.0,0.0,motorway,
,520,49735022,-77.0136733,38.894792,,,POINT (-77.0136733 38.894792),,341.0,0.0,tertiary,
,521,49735074,-76.950778,38.889651,,,POINT (-76.950778 38.889651),,342.0,0.0,primary,
,522,49735039,-76.950251,38.889061,,,POINT (-76.950251 38.889061),,343.0,0.0,primary,
,523,49735250,-77.0009729,38.8637553,,,POINT (-77.0009729 38.8637553),,344.0,0.0,motorway,
,524,9198915667,-77.0005818,38.8637469,,,POINT (-77.0005818 38.8637469),,345.0,0.0,primary,
,525,49735211,-77.0007666,38.8628659,,,POINT (-77.0007666 38.8628659),,346.0,0.0,motorway,
,526,646190856,-76.9745182,38.87527,,,POINT (-76.9745182 38.87527),,347.0,0.0,motorway,
,527,639446397,-76.9743138,38.875392,,,POINT (-76.9743138 38.875392),,348.0,0.0,motorway,
,528,49810775,-77.054093,38.881342,,,POINT (-77.054093 38.881342),,349.0,0.0,motorway,
,529,1364072688,-77.0560513,38.8821811,,,POINT (-77.0560513 38.8821811),,350.0,0.0,motorway,
,530,49726799,-77.059216,38.882932,,,POINT (-77.059216 38.882932),,351.0,0.0,motorway,
,531,49736146,-77.0573692,38.8806973,,,POINT (-77.0573692 38.8806973),,352.0,0.0,motorway,
,532,49730006,-77.0270342,38.8842796,,,POINT (-77.0270342 38.8842796),,353.0,0.0,motorway,
,533,49736691,-77.0273155,38.884973,,,POINT (-77.0273155 38.884973),,354.0,0.0,motorway,
,534,49879655,-77.005789,38.8536449,,,POINT (-77.005789 38.8536449),,355.0,0.0,motorway,
,535,10969774470,-77.0074758,38.8509606,,,POINT (-77.0074758 38.8509606),,356.0,0.0,motorway,
,536,49737101,-77.062373,38.888641,,,POINT (-77.062373 38.888641),,357.0,0.0,motorway,
,537,1364072699,-77.0618411,38.8864938,,,POINT (-77.0618411 38.8864938),,358.0,0.0,motorway,
,538,49737159,-77.0199033,38.883245,,,POINT (-77.0199033 38.883245),,359.0,0.0,tertiary,
,539,622721602,-77.0215749,38.8827668,,,POINT (-77.0215749 38.8827668),,360.0,0.0,tertiary,
,540,622719908,-77.0268188,38.8834601,,,POINT (-77.0268188 38.8834601),,361.0,0.0,motorway,
,541,639446410,-76.9736353,38.8754356,,,POINT (-76.9736353 38.8754356),,362.0,0.0,motorway,
,542,646190854,-76.9741877,38.8751414,,,POINT (-76.9741877 38.8751414),,363.0,0.0,trunk,
,543,49737471,-77.003804,38.94074,,,POINT (-77.003804 38.94074),,364.0,0.0,secondary,
,544,646229744,-76.9530488,38.8945726,,,POINT (-76.9530488 38.8945726),,365.0,0.0,motorway,
,545,49720010,-76.951948,38.895636,,,POINT (-76.951948 38.895636),,366.0,0.0,motorway,
,546,49737722,-77.051421,38.9024153,,,POINT (-77.051421 38.9024153),,367.0,0.0,primary,
,547,49737731,-77.050763,38.9023368,,,POINT (-77.050763 38.9023368),,368.0,0.0,primary,
,548,10818243697,-77.0176194,38.8197145,,,POINT (-77.0176194 38.8197145),,369.0,0.0,motorway,
,549,49880041,-77.0182594,38.8176052,,,POINT (-77.0182594 38.8176052),,370.0,0.0,motorway,
,550,818298885,-77.0504296,38.9126067,,,POINT (-77.0504296 38.9126067),,371.0,0.0,secondary,
,551,3281966191,-77.0505689,38.9124494,,,POINT (-77.0505689 38.9124494),,372.0,0.0,primary,
,552,49737972,-77.0098582,38.9557685,,,POINT (-77.0098582 38.9557685),,373.0,0.0,primary,
,553,49737946,-77.0090522,38.9562058,,,POINT (-77.0090522 38.9562058),,374.0,0.0,primary,
,554,646077325,-76.9565156,38.9194137,,,POINT (-76.9565156 38.9194137),,375.0,0.0,primary,
,555,1458922831,-76.9572083,38.9202977,,,POINT (-76.9572083 38.9202977),,376.0,0.0,tertiary,
,556,10969774492,-77.0099257,38.8383361,,,POINT (-77.0099257 38.8383361),,377.0,0.0,motorway,
,557,49738074,-77.0109645,38.8366739,,,POINT (-77.0109645 38.8366739),,378.0,0.0,motorway,
,558,1458922948,-76.9566938,38.9206443,,,POINT (-76.9566938 38.9206443),,379.0,0.0,tertiary,
,559,1386997334,-76.9577788,38.9202669,,,POINT (-76.9577788 38.9202669),,380.0,0.0,primary,
,560,49738129,-77.00351,38.895641,,,POINT (-77.00351 38.895641),,381.0,0.0,tertiary,
,561,49795318,-77.003828,38.895336,,,POINT (-77.003828 38.895336),,382.0,0.0,primary,
,562,49738306,-76.985274,38.8919184,,,POINT (-76.985274 38.8919184),,383.0,0.0,secondary,
,563,9591171716,-76.9852109,38.8918912,,,POINT (-76.9852109 38.8918912),,384.0,0.0,primary,
,565,11198005515,-76.9851335,38.8918757,,,POINT (-76.9851335 38.8918757),,386.0,0.0,primary,
,566,49738582,-77.0363899,38.9627561,,,POINT (-77.0363899 38.9627561),,387.0,0.0,primary,
,567,49738540,-77.0359133,38.9625297,,,POINT (-77.0359133 38.9625297),,388.0,0.0,primary,
,568,49738587,-77.027871,38.956914,,,POINT (-77.027871 38.956914),,389.0,0.0,tertiary,
,569,49738597,-77.027828,38.957287,,,POINT (-77.027828 38.957287),,390.0,-1.0,tertiary,
,570,49896523,-77.0186525,38.8826547,,,POINT (-77.0186525 38.8826547),,391.0,0.0,motorway,
,571,49738617,-77.0198352,38.8830131,,,POINT (-77.0198352 38.8830131),,392.0,0.0,motorway,
,572,49716675,-77.0090695,38.8841658,,,POINT (-77.0090695 38.8841658),,393.0,0.0,tertiary,
,573,49738698,-77.0094678,38.8841691,,,POINT (-77.0094678 38.8841691),,394.0,0.0,primary,
,574,49738746,-76.993967,38.8587192,,,POINT (-76.993967 38.8587192),,395.0,0.0,secondary,
,575,522279711,-76.9937672,38.8574991,,,POINT (-76.9937672 38.8574991),,396.0,0.0,primary,
,576,727833099,-76.9848711,38.852803,,,POINT (-76.9848711 38.852803),,397.0,0.0,primary,
,577,49738769,-76.9831824,38.8530859,,,POINT (-76.9831824 38.8530859),,398.0,0.0,tertiary,
,578,49772149,-76.972977,38.8514296,,,POINT (-76.972977 38.8514296),,399.0,0.0,primary,
,579,10970120294,-76.9730046,38.853023,,,POINT (-76.9730046 38.853023),,400.0,0.0,secondary,
,581,646216756,-76.9528143,38.8898305,,,POINT (-76.9528143 38.8898305),,402.0,0.0,primary,
,582,49738934,-77.035352,38.940236,,,POINT (-77.035352 38.940236),,403.0,0.0,primary,
,583,12613233303,-77.0353089,38.9402446,,,POINT (-77.0353089 38.9402446),,404.0,0.0,primary,
,584,49738943,-77.035064,38.94018,,,POINT (-77.035064 38.94018),,405.0,0.0,primary,
,585,49739110,-77.0609842,38.8880078,,,POINT (-77.0609842 38.8880078),,406.0,0.0,motorway,
,586,1364072701,-77.0610849,38.8881482,,,POINT (-77.0610849 38.8881482),,407.0,0.0,motorway,
,587,49739137,-77.0158712,38.8284041,,,POINT (-77.0158712 38.8284041),,408.0,0.0,tertiary,
,588,642043942,-77.0150438,38.8305084,,,POINT (-77.0150438 38.8305084),,409.0,0.0,motorway,
,589,49739172,-77.0132595,38.8336367,,,POINT (-77.0132595 38.8336367),,410.0,0.0,motorway,
,590,49840688,-77.015371,38.8312357,,,POINT (-77.015371 38.8312357),,411.0,0.0,tertiary,
,591,49739633,-76.985664,38.900823,,,POINT (-76.985664 38.900823),,412.0,0.0,primary,
,592,2428510053,-76.985504,38.9005106,,,POINT (-76.985504 38.9005106),,413.0,0.0,primary,
,593,3672563449,-77.0426814,38.9226688,,,POINT (-77.0426814 38.9226688),,414.0,0.0,secondary,
,594,49739973,-77.0429444,38.9231021,,,POINT (-77.0429444 38.9231021),,415.0,0.0,secondary,
,595,49734611,-77.0434946,38.9279979,,,POINT (-77.0434946 38.9279979),,416.0,0.0,tertiary,
,596,9088107710,-77.0435743,38.9283203,,,POINT (-77.0435743 38.9283203),,417.0,0.0,tertiary,
,597,49741023,-77.000575,38.8920175,,,POINT (-77.000575 38.8920175),,418.0,0.0,secondary,
,598,49741014,-77.000571,38.8898167,,,POINT (-77.000571 38.8898167),,419.0,0.0,secondary,
,599,49741027,-77.0005747,38.8930696,,,POINT (-77.0005747 38.8930696),,420.0,0.0,primary,
,602,49741543,-77.0022147,38.8238965,,,POINT (-77.0022147 38.8238965),,423.0,0.0,tertiary,
,603,49741647,-77.0466727,38.8921073,,,POINT (-77.0466727 38.8921073),,424.0,0.0,trunk,
,604,5443794580,-77.0466733,38.8932431,,,POINT (-77.0466733 38.8932431),,425.0,0.0,tertiary,
,608,49742293,-77.005905,38.8920216,,,POINT (-77.005905 38.8920216),,429.0,0.0,primary,
,609,647241559,-77.0789348,38.9060436,,,POINT (-77.0789348 38.9060436),,430.0,0.0,primary,
,610,49743050,-77.0802228,38.9060494,,,POINT (-77.0802228 38.9060494),,431.0,0.0,secondary,
,611,4965853476,-77.1011355,38.9245516,,,POINT (-77.1011355 38.9245516),,432.0,0.0,secondary,
,612,49734574,-77.0985645,38.919161,,,POINT (-77.0985645 38.919161),,433.0,0.0,secondary,
,613,49743249,-77.0981251,38.9181638,,,POINT (-77.0981251 38.9181638),,434.0,0.0,secondary,
,614,10166525032,-76.9786853,38.8478098,,,POINT (-76.9786853 38.8478098),,435.0,0.0,secondary,
,615,49744062,-76.9758299,38.8505092,,,POINT (-76.9758299 38.8505092),,436.0,0.0,secondary,
,616,49744292,-76.936975,38.873928,,,POINT (-76.936975 38.873928),,437.0,0.0,secondary,
,617,49744361,-76.938576,38.87866,,,POINT (-76.938576 38.87866),,438.0,0.0,tertiary,
,618,49744672,-76.9995108,38.8930947,,,POINT (-76.9995108 38.8930947),,439.0,0.0,primary,
,619,10289157067,-76.9990108,38.8930925,,,POINT (-76.9990108 38.8930925),,440.0,0.0,primary,
,620,2377417303,-77.0000723,38.8930943,,,POINT (-77.0000723 38.8930943),,441.0,0.0,primary,
,621,49744686,-76.9995123,38.8940813,,,POINT (-76.9995123 38.8940813),,442.0,0.0,primary,
,622,49744684,-77.0000607,38.8940821,,,POINT (-77.0000607 38.8940821),,443.0,0.0,primary,
,623,49744688,-76.9987484,38.8940809,,,POINT (-76.9987484 38.8940809),,444.0,0.0,primary,
,624,49744886,-76.9830514,38.8933084,,,POINT (-76.9830514 38.8933084),,445.0,0.0,secondary,
,625,49744867,-76.9836571,38.8934778,,,POINT (-76.9836571 38.8934778),,446.0,0.0,secondary,
,626,49745684,-77.032868,38.949355,,,POINT (-77.032868 38.949355),,447.0,0.0,tertiary,
,627,49745354,-77.0332547,38.9497381,,,POINT (-77.0332547 38.9497381),,448.0,0.0,tertiary,
,628,49745610,-77.0319526,38.8900447,,,POINT (-77.0319526 38.8900447),,449.0,0.0,trunk,
,629,4303519741,-77.0319543,38.8904213,,,POINT (-77.0319543 38.8904213),,450.0,0.0,trunk,
,630,10166768180,-77.0327275,38.9297869,,,POINT (-77.0327275 38.9297869),,451.0,0.0,secondary,
,631,10166768179,-77.032723,38.9299958,,,POINT (-77.032723 38.9299958),,452.0,0.0,secondary,
,632,12759507496,-77.0318943,38.9213,,,POINT (-77.0318943 38.9213),,453.0,0.0,secondary,
,633,49745292,-77.0321361,38.9236816,,,POINT (-77.0321361 38.9236816),,454.0,0.0,secondary,
,634,49746267,-76.9897734,38.8892494,,,POINT (-76.9897734 38.8892494),,455.0,0.0,primary,
,635,2382621923,-76.9889674,38.8882791,,,POINT (-76.9889674 38.8882791),,456.0,0.0,tertiary,
,636,49746706,-76.9529712,38.8663146,,,POINT (-76.9529712 38.8663146),,457.0,0.0,secondary,
,637,49746710,-76.952879,38.866457,,,POINT (-76.952879 38.866457),,458.0,0.0,secondary,
,638,49747351,-76.9915293,38.8784018,,,POINT (-76.9915293 38.8784018),,459.0,0.0,secondary,
,639,49747357,-76.990248,38.8784074,,,POINT (-76.990248 38.8784074),,460.0,0.0,tertiary,
,640,49892935,-77.0280707,38.8823858,,,POINT (-77.0280707 38.8823858),,461.0,0.0,motorway,
,641,49748067,-77.0171606,38.9142513,,,POINT (-77.0171606 38.9142513),,462.0,0.0,primary,
,642,49748071,-77.0173487,38.9159124,,,POINT (-77.0173487 38.9159124),,463.0,0.0,tertiary,
,643,49748079,-77.017557,38.917353,,,POINT (-77.017557 38.917353),,464.0,0.0,tertiary,
,644,291406897,-77.017557,38.8893657,,,POINT (-77.017557 38.8893657),,465.0,0.0,secondary,
,645,291403692,-77.0175569,38.890048,,,POINT (-77.0175569 38.890048),,466.0,0.0,secondary,
,646,49748241,-77.016174,38.9056536,,,POINT (-77.016174 38.9056536),,467.0,0.0,tertiary,
,647,4772968945,-77.0161791,38.9052298,,,POINT (-77.0161791 38.9052298),,468.0,0.0,tertiary,
,648,49748273,-77.0663818,38.926183,,,POINT (-77.0663818 38.926183),,469.0,0.0,tertiary,
,649,49748281,-77.0663868,38.9275309,,,POINT (-77.0663868 38.9275309),,470.0,0.0,secondary,
,650,4630127248,-77.0094093,38.8920903,,,POINT (-77.0094093 38.8920903),,471.0,0.0,primary,
,651,49748617,-77.0100375,38.8920866,,,POINT (-77.0100375 38.8920866),,472.0,0.0,primary,
,652,49748845,-76.952621,38.889301,,,POINT (-76.952621 38.889301),,473.0,0.0,secondary,
,654,49749041,-76.929316,38.880674,,,POINT (-76.929316 38.880674),,475.0,0.0,tertiary,
,655,49749047,-76.926958,38.880954,,,POINT (-76.926958 38.880954),,476.0,0.0,tertiary,
,656,49745701,-76.970937,38.871523,,,POINT (-76.970937 38.871523),,477.0,0.0,tertiary,
,657,49724259,-76.9709393,38.8686631,,,POINT (-76.9709393 38.8686631),,478.0,0.0,tertiary,
,658,49745918,-76.969697,38.860747,,,POINT (-76.969697 38.860747),,479.0,0.0,tertiary,
,659,11368228083,-76.9699797,38.85731,,,POINT (-76.9699797 38.85731),,480.0,0.0,tertiary,
,660,4629818899,-76.9881107,38.867332,,,POINT (-76.9881107 38.867332),,481.0,0.0,secondary,
,661,49749838,-76.9886287,38.8674337,,,POINT (-76.9886287 38.8674337),,482.0,0.0,secondary,
,662,49750455,-77.003515,38.889808,,,POINT (-77.003515 38.889808),,483.0,0.0,secondary,
,664,49750819,-77.0394724,38.8935512,,,POINT (-77.0394724 38.8935512),,485.0,0.0,primary,
,665,49750826,-77.041746,38.8935366,,,POINT (-77.041746 38.8935366),,486.0,0.0,secondary,
,666,49750843,-77.0449289,38.893516,,,POINT (-77.0449289 38.893516),,487.0,2.0,tertiary,
,669,8512220304,-77.0155641,38.8935871,,,POINT (-77.0155641 38.8935871),,490.0,0.0,tertiary,
,670,3011565329,-77.0199209,38.8936041,,,POINT (-77.0199209 38.8936041),,491.0,0.0,trunk,
,671,49717490,-77.0007416,38.8649419,,,POINT (-77.0007416 38.8649419),,492.0,0.0,tertiary,
,672,49727637,-77.0014253,38.8652374,,,POINT (-77.0014253 38.8652374),,493.0,0.0,primary,
,673,4630443674,-76.9452819,38.8810017,,,POINT (-76.9452819 38.8810017),,494.0,0.0,secondary,
,674,49751728,-76.941736,38.883262,,,POINT (-76.941736 38.883262),,495.0,0.0,secondary,
,675,49752584,-77.015408,38.942164,,,POINT (-77.015408 38.942164),,496.0,0.0,tertiary,
,676,49752599,-77.0185913,38.9420704,,,POINT (-77.0185913 38.9420704),,497.0,0.0,tertiary,
,677,1004264207,-77.0533494,38.9347748,,,POINT (-77.0533494 38.9347748),,498.0,0.0,secondary,
,678,3007114624,-77.0493433,38.8903055,,,POINT (-77.0493433 38.8903055),,499.0,0.0,tertiary,
,679,10259424646,-77.048168,38.8917996,,,POINT (-77.048168 38.8917996),,500.0,0.0,tertiary,
,680,3656196222,-76.953684,38.858348,,,POINT (-76.953684 38.858348),,501.0,0.0,secondary,
,681,4633108834,-76.9502585,38.8610131,,,POINT (-76.9502585 38.8610131),,502.0,2.0,secondary,
,683,49756029,-77.0888999,38.9205313,,,POINT (-77.0888999 38.9205313),,504.0,0.0,secondary,
,684,6892873646,-77.0891112,38.9210398,,,POINT (-77.0891112 38.9210398),,505.0,0.0,secondary,
,685,49756236,-77.0812789,38.92608,,,POINT (-77.0812789 38.92608),,506.0,0.0,tertiary,
,686,49756253,-77.0818173,38.9264763,,,POINT (-77.0818173 38.9264763),,507.0,0.0,tertiary,
,687,12607592136,-77.0077297,38.8966184,,,POINT (-77.0077297 38.8966184),,508.0,0.0,primary,
,688,642559628,-77.0075158,38.8962548,,,POINT (-77.0075158 38.8962548),,509.0,0.0,primary,
,689,1006151901,-77.0562565,38.9147987,,,POINT (-77.0562565 38.9147987),,510.0,0.0,primary,
,690,9596328029,-77.0573214,38.9155904,,,POINT (-77.0573214 38.9155904),,511.0,0.0,tertiary,
,693,11198277827,-76.9837505,38.8819907,,,POINT (-76.9837505 38.8819907),,514.0,0.0,tertiary,
,694,49776416,-76.9836619,38.8853616,,,POINT (-76.9836619 38.8853616),,515.0,0.0,tertiary,
,695,49731559,-77.006979,38.942014,,,POINT (-77.006979 38.942014),,516.0,0.0,secondary,
,696,49758419,-77.005946,38.941314,,,POINT (-77.005946 38.941314),,517.0,0.0,secondary,
,698,49748172,-77.0161917,38.8948132,,,POINT (-77.0161917 38.8948132),,519.0,0.0,tertiary,
,699,49759039,-76.9765625,38.8900278,,,POINT (-76.9765625 38.8900278),,520.0,0.0,secondary,
,700,5235719627,-76.976538,38.889588,,,POINT (-76.976538 38.889588),,521.0,0.0,secondary,
,701,49759080,-76.9915272,38.889249,,,POINT (-76.9915272 38.889249),,522.0,0.0,primary,
,702,49759090,-76.9889036,38.8892496,,,POINT (-76.9889036 38.8892496),,523.0,0.0,primary,
,703,49853581,-76.9741884,38.8901678,,,POINT (-76.9741884 38.8901678),,524.0,0.0,secondary,
,704,5235719309,-76.9758106,38.8901215,,,POINT (-76.9758106 38.8901215),,525.0,0.0,secondary,
,705,642909941,-77.0090516,38.9568782,,,POINT (-77.0090516 38.9568782),,526.0,0.0,primary,
,706,49759828,-77.028749,38.9661404,,,POINT (-77.028749 38.9661404),,527.0,0.0,tertiary,
,707,1360061299,-77.0280018,38.9672235,,,POINT (-77.0280018 38.9672235),,528.0,0.0,tertiary,
,708,448792167,-77.0498853,38.9329843,,,POINT (-77.0498853 38.9329843),,529.0,0.0,secondary,
,709,49760064,-77.0475811,38.9326073,,,POINT (-77.0475811 38.9326073),,530.0,0.0,secondary,
,710,49760309,-77.0454044,38.9331937,,,POINT (-77.0454044 38.9331937),,531.0,0.0,secondary,
,711,49760312,-77.0465196,38.93275,,,POINT (-77.0465196 38.93275),,532.0,0.0,secondary,
,712,49760333,-76.981576,38.8788348,,,POINT (-76.981576 38.8788348),,533.0,0.0,primary,
,713,49760329,-76.9816819,38.8786585,,,POINT (-76.9816819 38.8786585),,534.0,0.0,primary,
,714,49884234,-76.9851959,38.8800925,,,POINT (-76.9851959 38.8800925),,535.0,0.0,primary,
,715,49760367,-76.9849674,38.8802312,,,POINT (-76.9849674 38.8802312),,536.0,0.0,primary,
,716,49760380,-76.9849905,38.8805732,,,POINT (-76.9849905 38.8805732),,537.0,0.0,secondary,
,717,49747510,-76.9855092,38.8805719,,,POINT (-76.9855092 38.8805719),,538.0,0.0,secondary,
,718,1466244831,-76.9657049,38.854844,,,POINT (-76.9657049 38.854844),,539.0,0.0,secondary,
,719,1456450079,-76.962804,38.8520273,,,POINT (-76.962804 38.8520273),,540.0,0.0,secondary,
,720,12174026341,-76.9976501,38.8348813,,,POINT (-76.9976501 38.8348813),,541.0,0.0,tertiary,
,721,12174026361,-76.9933687,38.836667,,,POINT (-76.9933687 38.836667),,542.0,0.0,tertiary,
,722,640712834,-76.993203,38.8367129,,,POINT (-76.993203 38.8367129),,543.0,0.0,secondary,
,723,49761120,-77.058066,38.956712,,,POINT (-77.058066 38.956712),,544.0,0.0,secondary,
,724,49761125,-77.057936,38.95673,,,POINT (-77.057936 38.95673),,545.0,0.0,secondary,
,725,3900798342,-77.0851204,38.9388412,,,POINT (-77.0851204 38.9388412),,546.0,0.0,primary,
,726,49860486,-77.0820151,38.9424746,,,POINT (-77.0820151 38.9424746),,547.0,0.0,primary,
,727,6031717613,-77.0900787,38.9338496,,,POINT (-77.0900787 38.9338496),,548.0,0.0,primary,
,728,387940793,-77.0891536,38.9345439,,,POINT (-77.0891536 38.9345439),,549.0,0.0,primary,
,729,5380888621,-77.0877093,38.9357769,,,POINT (-77.0877093 38.9357769),,550.0,0.0,primary,
,730,4001261920,-77.022489,38.8984625,,,POINT (-77.022489 38.8984625),,551.0,0.0,tertiary,
,731,655247774,-77.0229485,38.8984659,,,POINT (-77.0229485 38.8984659),,552.0,0.0,tertiary,
,732,1381307996,-77.0466708,38.8983539,,,POINT (-77.0466708 38.8983539),,553.0,0.0,tertiary,
,733,12169237070,-77.0475052,38.8983412,,,POINT (-77.0475052 38.8983412),,554.0,0.0,tertiary,
,734,12169237059,-77.0486979,38.8983412,,,POINT (-77.0486979 38.8983412),,555.0,0.0,tertiary,
,735,49762264,-77.0488582,38.8983412,,,POINT (-77.0488582 38.8983412),,556.0,0.0,tertiary,
,736,9524482479,-77.049603,38.8983542,,,POINT (-77.049603 38.8983542),,557.0,0.0,tertiary,
,737,3001353539,-77.0122351,38.8983083,,,POINT (-77.0122351 38.8983083),,558.0,0.0,tertiary,
,738,3001353534,-77.0112186,38.8983556,,,POINT (-77.0112186 38.8983556),,559.0,0.0,primary,
,739,3378222907,-77.0151722,38.8983354,,,POINT (-77.0151722 38.8983354),,560.0,0.0,tertiary,
,740,49748184,-77.0161824,38.8983318,,,POINT (-77.0161824 38.8983318),,561.0,0.0,tertiary,
,741,12437955919,-77.0071789,38.9422386,,,POINT (-77.0071789 38.9422386),,562.0,0.0,primary,
,742,646217021,-76.9579523,38.8898968,,,POINT (-76.9579523 38.8898968),,563.0,0.0,motorway,
,743,49762510,-76.9563752,38.8913811,,,POINT (-76.9563752 38.8913811),,564.0,0.0,motorway,
,744,49740160,-77.0454798,38.9311941,,,POINT (-77.0454798 38.9311941),,565.0,0.0,secondary,
,745,49763666,-77.0454096,38.9314605,,,POINT (-77.0454096 38.9314605),,566.0,0.0,tertiary,
,746,49757909,-77.0152003,38.8860439,,,POINT (-77.0152003 38.8860439),,567.0,0.0,primary,
,747,3011107102,-77.0151931,38.8850661,,,POINT (-77.0151931 38.8850661),,568.0,0.0,tertiary,
,748,3011107088,-77.0151814,38.883991,,,POINT (-77.0151814 38.883991),,569.0,0.0,tertiary,
,749,291406898,-77.0152073,38.8894219,,,POINT (-77.0152073 38.8894219),,570.0,0.0,primary,
,750,49764070,-77.0152043,38.8888344,,,POINT (-77.0152043 38.8888344),,571.0,0.0,primary,
,751,49764112,-77.013889,38.926265,,,POINT (-77.013889 38.926265),,572.0,0.0,secondary,
,752,49732854,-77.016749,38.927536,,,POINT (-77.016749 38.927536),,573.0,0.0,secondary,
,753,1243974025,-77.0428999,38.9102603,,,POINT (-77.0428999 38.9102603),,574.0,0.0,secondary,
,754,49882353,-77.0431301,38.9102192,,,POINT (-77.0431301 38.9102192),,575.0,0.0,primary,
,755,1243973976,-77.0428155,38.9103203,,,POINT (-77.0428155 38.9103203),,576.0,0.0,secondary,
,756,49765138,-77.0269899,38.932757,,,POINT (-77.0269899 38.932757),,577.0,0.0,tertiary,
,757,49765126,-77.0275666,38.932059,,,POINT (-77.0275666 38.932059),,578.0,0.0,tertiary,
,758,49765273,-77.0268798,38.9329238,,,POINT (-77.0268798 38.9329238),,579.0,0.0,secondary,
,759,49764801,-77.0448588,38.9081325,,,POINT (-77.0448588 38.9081325),,580.0,0.0,secondary,
,760,1243960522,-77.0450749,38.9079086,,,POINT (-77.0450749 38.9079086),,581.0,0.0,secondary,
,761,10992264213,-77.0523916,38.9001592,,,POINT (-77.0523916 38.9001592),,582.0,0.0,secondary,
,762,2462383184,-77.0529572,38.8995786,,,POINT (-77.0529572 38.8995786),,583.0,0.0,secondary,
,763,2462383188,-77.0518355,38.9007027,,,POINT (-77.0518355 38.9007027),,584.0,0.0,secondary,
,765,1021561599,-77.0243976,38.9362717,,,POINT (-77.0243976 38.9362717),,586.0,0.0,secondary,
,766,49765318,-77.0184487,38.9442223,,,POINT (-77.0184487 38.9442223),,587.0,0.0,primary,
,767,49747884,-77.017302,38.9457634,,,POINT (-77.017302 38.9457634),,588.0,0.0,primary,
,768,2921295472,-77.0188604,38.9436694,,,POINT (-77.0188604 38.9436694),,589.0,0.0,primary,
,769,49840681,-77.0161888,38.8304703,,,POINT (-77.0161888 38.8304703),,590.0,0.0,tertiary,
,770,642044296,-77.0091397,38.8397759,,,POINT (-77.0091397 38.8397759),,591.0,0.0,primary,
,771,642044302,-77.0093865,38.839182,,,POINT (-77.0093865 38.839182),,592.0,0.0,primary,
,772,49752709,-77.043615,38.941436,,,POINT (-77.043615 38.941436),,593.0,0.0,tertiary,
,773,49765793,-77.0457948,38.9427839,,,POINT (-77.0457948 38.9427839),,594.0,0.0,secondary,
,774,49765989,-76.97967,38.898112,,,POINT (-76.97967 38.898112),,595.0,0.0,secondary,
,775,49765974,-76.980106,38.896749,,,POINT (-76.980106 38.896749),,596.0,0.0,secondary,
,776,1013396313,-77.0086279,38.9474681,,,POINT (-77.0086279 38.9474681),,597.0,0.0,primary,
,777,5602195602,-77.0086403,38.9476039,,,POINT (-77.0086403 38.9476039),,598.0,0.0,primary,
,778,641087352,-77.0480403,38.8953755,,,POINT (-77.0480403 38.8953755),,599.0,0.0,primary,
,779,641087618,-77.0474788,38.8955601,,,POINT (-77.0474788 38.8955601),,600.0,0.0,primary,
,780,49767076,-77.0474213,38.8956385,,,POINT (-77.0474213 38.8956385),,601.0,0.0,primary,
,781,49730227,-77.008741,38.8947954,,,POINT (-77.008741 38.8947954),,602.0,0.0,tertiary,
,782,3010914572,-77.0095137,38.8947922,,,POINT (-77.0095137 38.8947922),,603.0,0.0,secondary,
,784,49767189,-77.0199135,38.8948017,,,POINT (-77.0199135 38.8948017),,605.0,0.0,trunk,
,785,3001569201,-77.0187528,38.8947842,,,POINT (-77.0187528 38.8947842),,606.0,0.0,tertiary,
,786,49768000,-77.0234979,38.9451501,,,POINT (-77.0234979 38.9451501),,607.0,0.0,tertiary,
,787,49768018,-77.026337,38.94506,,,POINT (-77.026337 38.94506),,608.0,0.0,trunk,
,788,1362253238,-77.0269712,38.9450608,,,POINT (-77.0269712 38.9450608),,609.0,0.0,tertiary,
,789,49184747,-77.0981828,38.9510493,,,POINT (-77.0981828 38.9510493),,610.0,0.0,primary,
,790,3900798861,-77.0967903,38.9521281,,,POINT (-77.0967903 38.9521281),,611.0,0.0,primary,
,791,49768368,-76.9948893,38.8291923,,,POINT (-76.9948893 38.8291923),,612.0,0.0,tertiary,
,792,49768388,-76.99275,38.830909,,,POINT (-76.99275 38.830909),,613.0,0.0,tertiary,
,793,49764440,-77.035309,38.9233755,,,POINT (-77.035309 38.9233755),,614.0,0.0,tertiary,
,794,49769182,-77.0389963,38.9231646,,,POINT (-77.0389963 38.9231646),,615.0,0.0,tertiary,
,795,49769178,-77.0364827,38.9232592,,,POINT (-77.0364827 38.9232592),,616.0,0.0,primary,
,796,49769205,-77.0255022,38.9239112,,,POINT (-77.0255022 38.9239112),,617.0,0.0,secondary,
,797,1484482233,-76.9485842,38.8948474,,,POINT (-76.9485842 38.8948474),,618.0,0.0,primary,
,798,3222223983,-76.948698,38.8949297,,,POINT (-76.948698 38.8949297),,619.0,0.0,primary,
,799,1276597522,-76.95883,38.8967722,,,POINT (-76.95883 38.8967722),,620.0,0.0,primary,
,800,49769434,-76.9602946,38.8969932,,,POINT (-76.9602946 38.8969932),,621.0,0.0,primary,
,801,49769433,-76.9607507,38.8970516,,,POINT (-76.9607507 38.8970516),,622.0,0.0,primary,
,803,8995463633,-76.980786,38.8997429,,,POINT (-76.980786 38.8997429),,624.0,0.0,primary,
,804,12754365811,-77.0102393,38.8942628,,,POINT (-77.0102393 38.8942628),,625.0,0.0,secondary,
,805,49769650,-77.0106543,38.8939616,,,POINT (-77.0106543 38.8939616),,626.0,0.0,secondary,
,806,49769716,-77.070514,38.922546,,,POINT (-77.070514 38.922546),,627.0,0.0,tertiary,
,807,49737931,-77.0694935,38.9235725,,,POINT (-77.0694935 38.9235725),,628.0,0.0,tertiary,
,808,49770724,-77.0384787,38.9181124,,,POINT (-77.0384787 38.9181124),,629.0,0.0,tertiary,
,809,49770715,-77.0384834,38.9170133,,,POINT (-77.0384834 38.9170133),,630.0,0.0,primary,
,810,49770727,-77.0384808,38.9185301,,,POINT (-77.0384808 38.9185301),,631.0,0.0,secondary,
,811,2504794158,-77.0394769,38.8921049,,,POINT (-77.0394769 38.8921049),,632.0,0.0,trunk,
,812,1110002067,-77.0394778,38.8923483,,,POINT (-77.0394778 38.8923483),,633.0,0.0,primary,
,813,49771663,-76.987558,38.911067,,,POINT (-76.987558 38.911067),,634.0,0.0,secondary,
,814,49771748,-76.986288,38.910648,,,POINT (-76.986288 38.910648),,635.0,0.0,secondary,
,815,1443482361,-76.9923004,38.912078,,,POINT (-76.9923004 38.912078),,636.0,0.0,primary,
,816,1443482362,-76.9921457,38.9121045,,,POINT (-76.9921457 38.9121045),,637.0,0.0,primary,
,817,4000969433,-76.9914067,38.9122324,,,POINT (-76.9914067 38.9122324),,638.0,0.0,primary,
,818,49754553,-76.982214,38.909,,,POINT (-76.982214 38.909),,639.0,0.0,secondary,
,819,49767325,-76.984992,38.9102,,,POINT (-76.984992 38.9102),,640.0,0.0,secondary,
,820,49739559,-76.9855001,38.8898107,,,POINT (-76.9855001 38.8898107),,641.0,0.0,secondary,
,822,9692180794,-77.0381182,38.9287647,,,POINT (-77.0381182 38.9287647),,643.0,0.0,secondary,
,823,49772633,-77.037351,38.928733,,,POINT (-77.037351 38.928733),,644.0,0.0,tertiary,
,824,49772918,-77.0219157,38.8896287,,,POINT (-77.0219157 38.8896287),,645.0,0.0,primary,
,825,291403681,-77.0219126,38.8899486,,,POINT (-77.0219126 38.8899486),,646.0,0.0,primary,
,826,3003882945,-77.021915,38.8905438,,,POINT (-77.021915 38.8905438),,647.0,0.0,primary,
,827,49772933,-77.0219161,38.8915281,,,POINT (-77.0219161 38.8915281),,648.0,0.0,primary,
,828,49722785,-77.0270369,38.9136788,,,POINT (-77.0270369 38.9136788),,649.0,0.0,secondary,
,829,2664170695,-77.0270367,38.9138027,,,POINT (-77.0270367 38.9138027),,650.0,0.0,secondary,
,830,49773840,-77.000759,38.836291,,,POINT (-77.000759 38.836291),,651.0,0.0,secondary,
,831,49734414,-77.0007652,38.8358118,,,POINT (-77.0007652 38.8358118),,652.0,0.0,tertiary,
,832,49755288,-77.000572,38.841879,,,POINT (-77.000572 38.841879),,653.0,0.0,tertiary,
,833,640613573,-77.0005735,38.8342242,,,POINT (-77.0005735 38.8342242),,654.0,0.0,tertiary,
,835,1484481448,-76.9838032,38.900192,,,POINT (-76.9838032 38.900192),,656.0,0.0,primary,
,836,49774723,-77.064167,38.940573,,,POINT (-77.064167 38.940573),,657.0,0.0,tertiary,
,838,49774608,-77.0517088,38.9397653,,,POINT (-77.0517088 38.9397653),,659.0,0.0,tertiary,
,839,3240651541,-77.052401,38.9404507,,,POINT (-77.052401 38.9404507),,660.0,0.0,tertiary,
,840,647043621,-77.0090032,38.9111164,,,POINT (-77.0090032 38.9111164),,661.0,0.0,primary,
,841,49737885,-77.008743,38.911857,,,POINT (-77.008743 38.911857),,662.0,0.0,tertiary,
,842,49775492,-77.0376706,38.9068586,,,POINT (-77.0376706 38.9068586),,663.0,0.0,primary,
,843,10168823059,-77.0381962,38.9066753,,,POINT (-77.0381962 38.9066753),,664.0,0.0,primary,
,844,49775530,-77.0142753,38.9150493,,,POINT (-77.0142753 38.9150493),,665.0,0.0,primary,
,845,49775534,-77.0157395,38.9145531,,,POINT (-77.0157395 38.9145531),,666.0,0.0,primary,
,846,49775960,-77.0178953,38.9140915,,,POINT (-77.0178953 38.9140915),,667.0,0.0,tertiary,
,849,49859243,-77.0374634,38.8780656,,,POINT (-77.0374634 38.8780656),,670.0,0.0,motorway,
,850,49859231,-77.03634,38.878982,,,POINT (-77.03634 38.878982),,671.0,0.0,motorway,
,851,49740630,-76.989169,38.947303,,,POINT (-76.989169 38.947303),,672.0,0.0,secondary,
,852,49777129,-76.989257,38.952409,,,POINT (-76.989257 38.952409),,673.0,0.0,secondary,
,853,4643541070,-77.0053852,38.9092065,,,POINT (-77.0053852 38.9092065),,674.0,0.0,primary,
,854,4624787393,-77.00449,38.9121792,,,POINT (-77.00449 38.9121792),,675.0,0.0,tertiary,
,857,49777521,-77.0175797,38.8763969,,,POINT (-77.0175797 38.8763969),,678.0,0.0,primary,
,858,10313280229,-77.0176054,38.8764644,,,POINT (-77.0176054 38.8764644),,679.0,0.0,secondary,
,859,4630298910,-77.0175576,38.8891609,,,POINT (-77.0175576 38.8891609),,680.0,0.0,secondary,
,860,12778194833,-77.0175751,38.8871252,,,POINT (-77.0175751 38.8871252),,681.0,0.0,secondary,
,861,2370734658,-77.0175564,38.886165,,,POINT (-77.0175564 38.886165),,682.0,0.0,secondary,
,862,642586207,-77.0136693,38.9002315,,,POINT (-77.0136693 38.9002315),,683.0,0.0,primary,
,863,642586214,-77.0144466,38.900251,,,POINT (-77.0144466 38.900251),,684.0,0.0,primary,
,864,1381212154,-77.0434674,38.9002133,,,POINT (-77.0434674 38.9002133),,685.0,0.0,primary,
,865,638521180,-77.0425988,38.9002195,,,POINT (-77.0425988 38.9002195),,686.0,0.0,secondary,
,866,12607592137,-77.0080142,38.8965192,,,POINT (-77.0080142 38.8965192),,687.0,0.0,tertiary,
,867,49771469,-77.0090627,38.8961542,,,POINT (-77.0090627 38.8961542),,688.0,0.0,secondary,
,868,9800726207,-76.9343489,38.912317,,,POINT (-76.9343489 38.912317),,689.0,0.0,secondary,
,869,49734708,-76.936666,38.9096958,,,POINT (-76.936666 38.9096958),,690.0,0.0,secondary,
,870,639549209,-76.9343046,38.9123666,,,POINT (-76.9343046 38.9123666),,691.0,0.0,secondary,
,871,49726875,-77.0311702,38.883067,,,POINT (-77.0311702 38.883067),,692.0,0.0,primary,
,872,49779533,-77.031495,38.8832201,,,POINT (-77.031495 38.8832201),,693.0,0.0,primary,
,873,646229593,-76.950307,38.8974113,,,POINT (-76.950307 38.8974113),,694.0,0.0,primary,
,874,1243973909,-77.0442238,38.9097528,,,POINT (-77.0442238 38.9097528),,695.0,0.0,primary,
,875,1243973921,-77.0446206,38.9096505,,,POINT (-77.0446206 38.9096505),,696.0,0.0,secondary,
,877,49780016,-77.0365235,38.9096528,,,POINT (-77.0365235 38.9096528),,698.0,0.0,primary,
,879,49753502,-77.0309054,38.9096674,,,POINT (-77.0309054 38.9096674),,700.0,0.0,secondary,
,880,49745193,-77.0319521,38.9096641,,,POINT (-77.0319521 38.9096641),,701.0,0.0,primary,
,883,49780129,-77.067653,38.940455,,,POINT (-77.067653 38.940455),,704.0,0.0,tertiary,
,884,49774762,-77.0671192,38.940658,,,POINT (-77.0671192 38.940658),,705.0,0.0,tertiary,
,885,49781103,-76.9977509,38.8792733,,,POINT (-76.9977509 38.8792733),,706.0,0.0,motorway,
,886,49781106,-76.9963941,38.878847,,,POINT (-76.9963941 38.878847),,707.0,0.0,motorway,
,887,49782040,-77.0417107,38.8959887,,,POINT (-77.0417107 38.8959887),,708.0,0.0,primary,
,888,4001470337,-77.0434683,38.8959891,,,POINT (-77.0434683 38.8959891),,709.0,0.0,primary,
,889,49782141,-77.0434713,38.8954084,,,POINT (-77.0434713 38.8954084),,710.0,0.0,primary,
,890,3455055084,-77.0422256,38.8954036,,,POINT (-77.0422256 38.8954036),,711.0,0.0,primary,
,891,49722994,-77.0449248,38.8954395,,,POINT (-77.0449248 38.8954395),,712.0,0.0,secondary,
,892,4001167196,-77.0291768,38.8961425,,,POINT (-77.0291768 38.8961425),,713.0,0.0,tertiary,
,893,49782277,-77.0296145,38.8961361,,,POINT (-77.0296145 38.8961361),,714.0,0.0,secondary,
,894,49767517,-76.9961731,38.9323715,,,POINT (-76.9961731 38.9323715),,715.0,0.0,secondary,
,895,49782800,-76.923494,38.88651,,,POINT (-76.923494 38.88651),,716.0,0.0,secondary,
,896,49782773,-76.92555,38.887474,,,POINT (-76.92555 38.887474),,717.0,0.0,secondary,
,897,4635667843,-77.0495685,38.9433573,,,POINT (-77.0495685 38.9433573),,718.0,0.0,secondary,
,898,49768085,-77.0429044,38.9451409,,,POINT (-77.0429044 38.9451409),,719.0,0.0,secondary,
,899,49782924,-77.0402925,38.9473625,,,POINT (-77.0402925 38.9473625),,720.0,0.0,secondary,
,900,49718391,-77.0496399,38.9433662,,,POINT (-77.0496399 38.9433662),,721.0,0.0,secondary,
,901,10166571752,-76.9717596,38.9382256,,,POINT (-76.9717596 38.9382256),,722.0,0.0,tertiary,
,902,10166571753,-76.9679631,38.9377889,,,POINT (-76.9679631 38.9377889),,723.0,0.0,tertiary,
,903,49773012,-77.0219151,38.9029575,,,POINT (-77.0219151 38.9029575),,724.0,0.0,primary,
,904,49784130,-77.0239696,38.9029574,,,POINT (-77.0239696 38.9029574),,725.0,0.0,primary,
,905,647069286,-77.017044,38.9298001,,,POINT (-77.017044 38.9298001),,726.0,0.0,primary,
,906,4635977229,-77.0175655,38.9293291,,,POINT (-77.0175655 38.9293291),,727.0,0.0,secondary,
,907,638789503,-77.0194565,38.9280503,,,POINT (-77.0194565 38.9280503),,728.0,0.0,secondary,
,908,49717971,-77.0198765,38.9280217,,,POINT (-77.0198765 38.9280217),,729.0,0.0,secondary,
,909,49717975,-77.0193169,38.9280602,,,POINT (-77.0193169 38.9280602),,730.0,0.0,secondary,
,910,1484331315,-76.9416158,38.9015491,,,POINT (-76.9416158 38.9015491),,731.0,0.0,secondary,
,911,3900811267,-76.9416931,38.9016086,,,POINT (-76.9416931 38.9016086),,732.0,0.0,secondary,
,912,49774864,-77.00768,38.915562,,,POINT (-77.00768 38.915562),,733.0,0.0,tertiary,
,913,49785798,-77.00509,38.915564,,,POINT (-77.00509 38.915564),,734.0,0.0,tertiary,
,914,9590374889,-76.9881444,38.8906982,,,POINT (-76.9881444 38.8906982),,735.0,0.0,primary,
,915,49787931,-76.9883015,38.8906327,,,POINT (-76.9883015 38.8906327),,736.0,0.0,primary,
,916,49787933,-76.9879255,38.8907719,,,POINT (-76.9879255 38.8907719),,737.0,0.0,primary,
,917,2428508011,-76.986187,38.8990076,,,POINT (-76.986187 38.8990076),,738.0,0.0,primary,
,918,49739603,-76.9855028,38.899288,,,POINT (-76.9855028 38.899288),,739.0,0.0,primary,
,919,49788763,-76.9627229,38.9234661,,,POINT (-76.9627229 38.9234661),,740.0,0.0,primary,
,921,3667951401,-77.009046,38.954815,,,POINT (-77.009046 38.954815),,742.0,0.0,primary,
,922,3369181713,-77.0086121,38.9548755,,,POINT (-77.0086121 38.9548755),,743.0,0.0,primary,
,923,49790819,-77.0788854,38.9464996,,,POINT (-77.0788854 38.9464996),,744.0,0.0,primary,
,924,49790834,-77.079101,38.9462886,,,POINT (-77.079101 38.9462886),,745.0,0.0,primary,
,925,49790850,-77.0784107,38.9464695,,,POINT (-77.0784107 38.9464695),,746.0,0.0,primary,
,926,49761612,-77.0783859,38.9467605,,,POINT (-77.0783859 38.9467605),,747.0,0.0,primary,
,927,49790881,-77.0786336,38.9460493,,,POINT (-77.0786336 38.9460493),,748.0,0.0,primary,
,928,5290998465,-77.0784128,38.9462904,,,POINT (-77.0784128 38.9462904),,749.0,0.0,primary,
,929,1486620530,-76.9941472,38.8432471,,,POINT (-76.9941472 38.8432471),,750.0,0.0,secondary,
,930,1486620478,-76.9940182,38.842539,,,POINT (-76.9940182 38.842539),,751.0,0.0,secondary,
,931,49791573,-77.0239296,38.8812792,,,POINT (-77.0239296 38.8812792),,752.0,0.0,tertiary,
,932,9363044089,-77.0223529,38.8812846,,,POINT (-77.0223529 38.8812846),,753.0,0.0,tertiary,
,933,49791583,-77.0241229,38.8813408,,,POINT (-77.0241229 38.8813408),,754.0,0.0,secondary,
,934,49776943,-77.02589,38.9352513,,,POINT (-77.02589 38.9352513),,755.0,0.0,tertiary,
,935,49791858,-77.0272,38.935619,,,POINT (-77.0272 38.935619),,756.0,0.0,tertiary,
,936,49792099,-76.996176,38.8837664,,,POINT (-76.996176 38.8837664),,757.0,0.0,tertiary,
,937,49792107,-76.994976,38.8837552,,,POINT (-76.994976 38.8837552),,758.0,0.0,secondary,
,938,49716672,-77.009061,38.8850617,,,POINT (-77.009061 38.8850617),,759.0,0.0,tertiary,
,939,49792119,-77.007256,38.885068,,,POINT (-77.007256 38.885068),,760.0,0.0,tertiary,
,940,2934346270,-77.0035191,38.8842832,,,POINT (-77.0035191 38.8842832),,761.0,0.0,tertiary,
,941,49756905,-77.0020433,38.8842808,,,POINT (-77.0020433 38.8842808),,762.0,0.0,tertiary,
,942,49792220,-76.9937644,38.8846064,,,POINT (-76.9937644 38.8846064),,763.0,0.0,tertiary,
,943,49792211,-76.9949653,38.8846057,,,POINT (-76.9949653 38.8846057),,764.0,0.0,secondary,
,944,9236737639,-77.0336879,38.8874509,,,POINT (-77.0336879 38.8874509),,765.0,0.0,secondary,
,945,3533318591,-77.033694,38.884871,,,POINT (-77.033694 38.884871),,766.0,0.0,secondary,
,946,49793115,-76.956104,38.924777,,,POINT (-76.956104 38.924777),,767.0,0.0,tertiary,
,947,49793546,-77.018929,38.9008659,,,POINT (-77.018929 38.9008659),,768.0,0.0,tertiary,
,948,5445407479,-77.018414,38.9008549,,,POINT (-77.018414 38.9008549),,769.0,0.0,tertiary,
,949,1439584651,-77.0276042,38.9008442,,,POINT (-77.0276042 38.9008442),,770.0,0.0,primary,
,950,2629963167,-77.0270336,38.9008528,,,POINT (-77.0270336 38.9008528),,771.0,0.0,secondary,
,951,49741703,-77.0466537,38.9006965,,,POINT (-77.0466537 38.9006965),,772.0,0.0,tertiary,
,952,4975093911,-77.0452954,38.9008477,,,POINT (-77.0452954 38.9008477),,773.0,0.0,primary,
,953,4629849079,-77.026684,38.9013636,,,POINT (-77.026684 38.9013636),,774.0,0.0,secondary,
,954,49773537,-77.0270365,38.9013537,,,POINT (-77.0270365 38.9013537),,775.0,0.0,secondary,
,955,639470020,-76.953074,38.8897131,,,POINT (-76.953074 38.8897131),,776.0,0.0,secondary,
,956,639496089,-76.9529273,38.8899073,,,POINT (-76.9529273 38.8899073),,777.0,0.0,secondary,
,958,49794206,-77.003509,38.897337,,,POINT (-77.003509 38.897337),,779.0,0.0,tertiary,
,959,49741043,-77.000573,38.8973439,,,POINT (-77.000573 38.8973439),,780.0,0.0,tertiary,
,960,49794220,-76.9984534,38.8973419,,,POINT (-76.9984534 38.8973419),,781.0,0.0,tertiary,
,961,49795263,-77.00351,38.895207,,,POINT (-77.00351 38.895207),,782.0,0.0,primary,
,962,49730352,-77.0081469,38.8971737,,,POINT (-77.0081469 38.8971737),,783.0,0.0,primary,
,963,5039476867,-77.0090497,38.89752,,,POINT (-77.0090497 38.89752),,784.0,0.0,primary,
,965,49795355,-76.9980229,38.8929762,,,POINT (-76.9980229 38.8929762),,786.0,0.0,primary,
,966,649839833,-76.9327853,38.8897048,,,POINT (-76.9327853 38.8897048),,787.0,0.0,primary,
,967,649839841,-76.9327933,38.8898297,,,POINT (-76.9327933 38.8898297),,788.0,0.0,tertiary,
,968,49795422,-76.9329079,38.8926188,,,POINT (-76.9329079 38.8926188),,789.0,0.0,tertiary,
,969,49765918,-76.980761,38.8898054,,,POINT (-76.980761 38.8898054),,790.0,0.0,secondary,
,970,49795928,-76.9807595,38.8875967,,,POINT (-76.9807595 38.8875967),,791.0,0.0,primary,
,971,49795931,-76.9807607,38.8859529,,,POINT (-76.9807607 38.8859529),,792.0,0.0,tertiary,
,972,49796545,-76.9742111,38.853025,,,POINT (-76.9742111 38.853025),,793.0,0.0,primary,
,973,49772078,-76.9762505,38.853765,,,POINT (-76.9762505 38.853765),,794.0,0.0,primary,
,974,3370911571,-77.003666,38.944466,,,POINT (-77.003666 38.944466),,795.0,0.0,tertiary,
,975,49796605,-77.004852,38.945686,,,POINT (-77.004852 38.945686),,796.0,0.0,tertiary,
,976,3006114512,-77.0282589,38.8849858,,,POINT (-77.0282589 38.8849858),,797.0,0.0,tertiary,
,977,49728813,-77.0317976,38.8849798,,,POINT (-77.0317976 38.8849798),,798.0,0.0,tertiary,
,979,647044670,-77.0090951,38.9113304,,,POINT (-77.0090951 38.9113304),,800.0,0.0,primary,
,980,49796951,-77.0098235,38.9111299,,,POINT (-77.0098235 38.9111299),,801.0,0.0,primary,
,981,641127613,-77.0451528,38.8945939,,,POINT (-77.0451528 38.8945939),,802.0,0.0,primary,
,982,49791888,-77.033721,38.937345,,,POINT (-77.033721 38.937345),,803.0,0.0,tertiary,
,983,3370912526,-77.0102892,38.9551916,,,POINT (-77.0102892 38.9551916),,804.0,0.0,primary,
,984,5438403097,-77.0106875,38.9553182,,,POINT (-77.0106875 38.9553182),,805.0,0.0,primary,
,985,49798191,-76.9915325,38.8851035,,,POINT (-76.9915325 38.8851035),,806.0,0.0,secondary,
,986,655442855,-76.9915339,38.8829013,,,POINT (-76.9915339 38.8829013),,807.0,0.0,secondary,
,987,49776471,-76.9915289,38.8860438,,,POINT (-76.9915289 38.8860438),,808.0,0.0,secondary,
,988,49798186,-76.9915316,38.8875996,,,POINT (-76.9915316 38.8875996),,809.0,0.0,secondary,
,989,4629744993,-76.9953815,38.9097664,,,POINT (-76.9953815 38.9097664),,810.0,0.0,primary,
,990,1443482346,-76.9924678,38.911229,,,POINT (-76.9924678 38.911229),,811.0,0.0,primary,
,991,49799262,-77.0661815,38.9127735,,,POINT (-77.0661815 38.9127735),,812.0,0.0,primary,
,992,49748438,-77.0678925,38.9127185,,,POINT (-77.0678925 38.9127185),,813.0,0.0,secondary,
,993,4163822271,-77.0692455,38.9126839,,,POINT (-77.0692455 38.9126839),,814.0,0.0,secondary,
,994,49799887,-77.1066657,38.926335,,,POINT (-77.1066657 38.926335),,815.0,0.0,primary,
,995,49742208,-77.1071277,38.9248087,,,POINT (-77.1071277 38.9248087),,816.0,0.0,primary,
,996,5057073692,-77.0246879,38.9031363,,,POINT (-77.0246879 38.9031363),,817.0,0.0,primary,
,997,4805642675,-77.0258202,38.9035296,,,POINT (-77.0258202 38.9035296),,818.0,0.0,primary,
,998,49800308,-77.0376562,38.907639,,,POINT (-77.0376562 38.907639),,819.0,0.0,primary,
,999,7652883034,-77.0378292,38.9076999,,,POINT (-77.0378292 38.9076999),,820.0,0.0,primary,
,1000,1243974297,-77.0429936,38.910055,,,POINT (-77.0429936 38.910055),,821.0,0.0,primary,
,1001,10572736155,-77.0435611,38.9101751,,,POINT (-77.0435611 38.9101751),,822.0,0.0,primary,
,1002,49882399,-77.042673,38.9094931,,,POINT (-77.042673 38.9094931),,823.0,0.0,primary,
,1003,1243974315,-77.043872,38.9100708,,,POINT (-77.043872 38.9100708),,824.0,0.0,primary,
,1004,1243974324,-77.0441247,38.90997,,,POINT (-77.0441247 38.90997),,825.0,0.0,primary,
,1005,49800344,-77.0513171,38.9126404,,,POINT (-77.0513171 38.9126404),,826.0,0.0,primary,
,1006,818295727,-77.0510478,38.9122231,,,POINT (-77.0510478 38.9122231),,827.0,0.0,primary,
,1007,3378110162,-77.0219121,38.9021051,,,POINT (-77.0219121 38.9021051),,828.0,0.0,primary,
,1008,3669554855,-77.0199058,38.9014723,,,POINT (-77.0199058 38.9014723),,829.0,0.0,trunk,
,1009,12372750306,-77.039482,38.8898402,,,POINT (-77.039482 38.8898402),,830.0,0.0,primary,
,1010,8325310261,-77.0394822,38.8899071,,,POINT (-77.0394822 38.8899071),,831.0,0.0,primary,
,1011,8325310264,-77.0394797,38.888926,,,POINT (-77.0394797 38.888926),,832.0,0.0,primary,
,1012,49801142,-77.0403099,38.8879295,,,POINT (-77.0403099 38.8879295),,833.0,0.0,primary,
,1013,49734492,-76.993827,38.861455,,,POINT (-76.993827 38.861455),,834.0,0.0,secondary,
,1014,49801795,-76.993275,38.858415,,,POINT (-76.993275 38.858415),,835.0,0.0,secondary,
,1015,49801986,-77.0651689,38.958498,,,POINT (-77.0651689 38.958498),,836.0,0.0,tertiary,
,1016,49779407,-77.066037,38.958618,,,POINT (-77.066037 38.958618),,837.0,0.0,tertiary,
,1017,49800662,-77.077009,38.931412,,,POINT (-77.077009 38.931412),,838.0,0.0,primary,
,1018,49802317,-77.0772347,38.9311353,,,POINT (-77.0772347 38.9311353),,839.0,0.0,tertiary,
,1019,49802301,-77.078679,38.929386,,,POINT (-77.078679 38.929386),,840.0,0.0,tertiary,
,1020,291406895,-77.0219151,38.889332,,,POINT (-77.0219151 38.889332),,841.0,0.0,primary,
,1021,49802527,-77.021917,38.8887487,,,POINT (-77.021917 38.8887487),,842.0,0.0,primary,
,1022,4630298913,-77.0219189,38.8880143,,,POINT (-77.0219189 38.8880143),,843.0,0.0,primary,
,1023,49798033,-77.009057,38.959646,,,POINT (-77.009057 38.959646),,844.0,0.0,secondary,
,1024,49802625,-77.0104163,38.96203,,,POINT (-77.0104163 38.96203),,845.0,0.0,secondary,
,1025,1013367482,-77.0127546,38.966137,,,POINT (-77.0127546 38.966137),,846.0,0.0,secondary,
,1026,49802810,-77.0149687,38.9699394,,,POINT (-77.0149687 38.9699394),,847.0,0.0,secondary,
,1027,5863324085,-76.961288,38.8776016,,,POINT (-76.961288 38.8776016),,848.0,0.0,secondary,
,1028,5863324095,-76.9609685,38.877759,,,POINT (-76.9609685 38.877759),,849.0,0.0,secondary,
,1029,5863324089,-76.961542,38.8775874,,,POINT (-76.961542 38.8775874),,850.0,0.0,secondary,
,1030,12094323504,-76.9619758,38.8777905,,,POINT (-76.9619758 38.8777905),,851.0,0.0,secondary,
,1031,49803116,-76.9620164,38.8778284,,,POINT (-76.9620164 38.8778284),,852.0,0.0,secondary,
,1032,49717383,-76.950089,38.88991,,,POINT (-76.950089 38.88991),,853.0,0.0,secondary,
,1033,3656197337,-76.9113372,38.891343,,,POINT (-76.9113372 38.891343),,854.0,2.0,primary,
,1034,3381778777,-76.9109358,38.8919624,,,POINT (-76.9109358 38.8919624),,855.0,0.0,primary,
,1035,49744252,-76.9571004,38.862412,,,POINT (-76.9571004 38.862412),,856.0,0.0,secondary,
,1036,49806412,-76.9562159,38.8626618,,,POINT (-76.9562159 38.8626618),,857.0,0.0,secondary,
,1038,3369093934,-77.033408,38.977606,,,POINT (-77.033408 38.977606),,859.0,0.0,secondary,
,1039,49806608,-77.0279504,38.9827903,,,POINT (-77.0279504 38.9827903),,860.0,0.0,secondary,
,1040,10166843609,-76.9999324,38.9411002,,,POINT (-76.9999324 38.9411002),,861.0,0.0,tertiary,
,1042,8473494986,-77.0136412,38.88654,,,POINT (-77.0136412 38.88654),,863.0,0.0,primary,
,1043,11260344012,-77.0434758,38.8934955,,,POINT (-77.0434758 38.8934955),,864.0,0.0,primary,
,1044,5443794607,-77.0434745,38.8932071,,,POINT (-77.0434745 38.8932071),,865.0,0.0,primary,
,1045,49809439,-77.0221912,38.9478249,,,POINT (-77.0221912 38.9478249),,866.0,0.0,tertiary,
,1046,49809495,-77.0222368,38.9468523,,,POINT (-77.0222368 38.9468523),,867.0,0.0,tertiary,
,1047,49809698,-77.0239542,38.9170044,,,POINT (-77.0239542 38.9170044),,868.0,0.0,primary,
,1048,12218112861,-77.0243495,38.9170064,,,POINT (-77.0243495 38.9170064),,869.0,0.0,primary,
,1050,49810280,-77.0080513,38.8832266,,,POINT (-77.0080513 38.8832266),,871.0,0.0,secondary,
,1051,49777170,-77.004371,38.9126,,,POINT (-77.004371 38.9126),,872.0,0.0,tertiary,
,1052,49810434,-77.006548,38.912594,,,POINT (-77.006548 38.912594),,873.0,0.0,tertiary,
,1053,49812437,-77.0104298,38.9626765,,,POINT (-77.0104298 38.9626765),,874.0,0.0,tertiary,
,1054,9787669533,-77.0091719,38.9643525,,,POINT (-77.0091719 38.9643525),,875.0,0.0,tertiary,
,1055,49748725,-77.0239648,38.8920842,,,POINT (-77.0239648 38.8920842),,876.0,0.0,trunk,
,1056,49729003,-77.0523192,38.8899922,,,POINT (-77.0523192 38.8899922),,877.0,0.0,primary,
,1057,262207899,-77.0526436,38.8900936,,,POINT (-77.0526436 38.8900936),,878.0,0.0,primary,
,1058,642816856,-77.051472,38.9207467,,,POINT (-77.051472 38.9207467),,879.0,0.0,primary,
,1059,642817141,-77.0520547,38.9202239,,,POINT (-77.0520547 38.9202239),,880.0,0.0,primary,
,1060,3027616084,-77.0296453,38.8953783,,,POINT (-77.0296453 38.8953783),,881.0,0.0,primary,
,1061,3027616106,-77.0296234,38.8955186,,,POINT (-77.0296234 38.8955186),,882.0,0.0,secondary,
,1062,49813404,-77.0296232,38.9126096,,,POINT (-77.0296232 38.9126096),,883.0,0.0,tertiary,
,1063,49797015,-77.0296229,38.9111401,,,POINT (-77.0296229 38.9111401),,884.0,0.0,tertiary,
,1064,49813393,-77.0296238,38.9105676,,,POINT (-77.0296238 38.9105676),,885.0,0.0,tertiary,
,1065,11232733441,-77.0364518,38.9382222,,,POINT (-77.0364518 38.9382222),,886.0,0.0,primary,
,1066,49814323,-77.0467081,38.9353568,,,POINT (-77.0467081 38.9353568),,887.0,0.0,primary,
,1069,49815014,-77.039591,38.962177,,,POINT (-77.039591 38.962177),,890.0,0.0,tertiary,
,1070,49815281,-77.073106,38.929024,,,POINT (-77.073106 38.929024),,891.0,0.0,primary,
,1071,49800648,-77.073736,38.929026,,,POINT (-77.073736 38.929026),,892.0,0.0,primary,
,1072,7606877175,-77.0511708,38.9216381,,,POINT (-77.0511708 38.9216381),,893.0,0.0,primary,
,1073,642816677,-77.0507204,38.9220916,,,POINT (-77.0507204 38.9220916),,894.0,0.0,tertiary,
,1075,642446323,-77.0136889,38.8832733,,,POINT (-77.0136889 38.8832733),,896.0,0.0,tertiary,
,1076,49764011,-77.0151895,38.8832458,,,POINT (-77.0151895 38.8832458),,897.0,0.0,tertiary,
,1078,49817387,-77.0121586,38.9126036,,,POINT (-77.0121586 38.9126036),,899.0,0.0,tertiary,
,1080,49818130,-76.974162,38.892386,,,POINT (-76.974162 38.892386),,901.0,0.0,primary,
,1081,49818632,-77.055908,38.8930141,,,POINT (-77.055908 38.8930141),,902.0,0.0,motorway,
,1082,643404098,-77.0626289,38.8918679,,,POINT (-77.0626289 38.8918679),,903.0,0.0,motorway,
,1083,49768203,-77.02971,38.936836,,,POINT (-77.02971 38.936836),,904.0,0.0,tertiary,
,1084,2966587499,-77.0297926,38.9367224,,,POINT (-77.0297926 38.9367224),,905.0,0.0,tertiary,
,1086,49819147,-76.9263189,38.8964893,,,POINT (-76.9263189 38.8964893),,907.0,0.0,tertiary,
,1087,49748151,-77.018032,38.973606,,,POINT (-77.018032 38.973606),,908.0,0.0,tertiary,
,1088,6798285574,-77.0185682,38.9736081,,,POINT (-77.0185682 38.9736081),,909.0,0.0,tertiary,
,1089,1489220569,-77.0169565,38.8300284,,,POINT (-77.0169565 38.8300284),,910.0,0.0,tertiary,
,1090,4378937750,-77.017092,38.830129,,,POINT (-77.017092 38.830129),,911.0,-1.0,tertiary,
,1091,1489220556,-77.0167892,38.8298724,,,POINT (-77.0167892 38.8298724),,912.0,0.0,tertiary,
,1092,49770640,-77.038522,38.9013327,,,POINT (-77.038522 38.9013327),,913.0,0.0,tertiary,
,1093,49749106,-77.0379737,38.9002232,,,POINT (-77.0379737 38.9002232),,914.0,0.0,secondary,
,1095,49820981,-77.0393936,38.9028154,,,POINT (-77.0393936 38.9028154),,916.0,0.0,primary,
,1096,49821508,-76.9801937,38.9407158,,,POINT (-76.9801937 38.9407158),,917.0,0.0,tertiary,
,1097,3372255996,-76.9814187,38.9407278,,,POINT (-76.9814187 38.9407278),,918.0,0.0,primary,
,1098,49803299,-76.9783163,38.940758,,,POINT (-76.9783163 38.940758),,919.0,0.0,tertiary,
,1099,2999124254,-77.0124335,38.8286624,,,POINT (-77.0124335 38.8286624),,920.0,0.0,tertiary,
,1100,49822299,-77.0125895,38.8286658,,,POINT (-77.0125895 38.8286658),,921.0,0.0,tertiary,
,1101,49716545,-77.0076787,38.8292059,,,POINT (-77.0076787 38.8292059),,922.0,0.0,primary,
,1102,1489216562,-77.0078331,38.8292016,,,POINT (-77.0078331 38.8292016),,923.0,0.0,tertiary,
,1103,49741773,-77.0185453,38.9431431,,,POINT (-77.0185453 38.9431431),,924.0,0.0,primary,
,1104,10166805895,-77.0187282,38.9434897,,,POINT (-77.0187282 38.9434897),,925.0,0.0,primary,
,1105,49756897,-77.0020437,38.8850815,,,POINT (-77.0020437 38.8850815),,926.0,0.0,tertiary,
,1106,49773929,-77.0005701,38.8856128,,,POINT (-77.0005701 38.8856128),,927.0,0.0,tertiary,
,1107,49823835,-77.005888,38.883482,,,POINT (-77.005888 38.883482),,928.0,0.0,tertiary,
,1108,638789448,-77.0370209,38.926204,,,POINT (-77.0370209 38.926204),,929.0,0.0,secondary,
,1110,49824054,-77.0364735,38.9271742,,,POINT (-77.0364735 38.9271742),,931.0,0.0,primary,
,1111,49824055,-77.0367161,38.9271205,,,POINT (-77.0367161 38.9271205),,932.0,0.0,tertiary,
,1112,49824135,-77.0364721,38.92588,,,POINT (-77.0364721 38.92588),,933.0,0.0,primary,
,1113,49823944,-77.044329,38.926842,,,POINT (-77.044329 38.926842),,934.0,0.0,primary,
,1114,49824149,-77.04358,38.927755,,,POINT (-77.04358 38.927755),,935.0,0.0,primary,
,1115,3670756361,-77.018932,38.8950301,,,POINT (-77.018932 38.8950301),,936.0,0.0,tertiary,
,1116,3670756365,-77.0189294,38.8961376,,,POINT (-77.0189294 38.8961376),,937.0,0.0,secondary,
,1118,49748106,-77.018347,38.922735,,,POINT (-77.018347 38.922735),,939.0,0.0,tertiary,
,1119,1367470208,-77.0204582,38.9272891,,,POINT (-77.0204582 38.9272891),,940.0,0.0,tertiary,
,1120,2921295479,-77.0192786,38.9437518,,,POINT (-77.0192786 38.9437518),,941.0,0.0,tertiary,
,1121,49818890,-77.0195934,38.9504041,,,POINT (-77.0195934 38.9504041),,942.0,0.0,tertiary,
,1122,49752603,-77.0191992,38.942054,,,POINT (-77.0191992 38.942054),,943.0,0.0,tertiary,
,1123,49825523,-77.019097,38.939912,,,POINT (-77.019097 38.939912),,944.0,0.0,tertiary,
,1124,1600549230,-77.0497836,38.9030028,,,POINT (-77.0497836 38.9030028),,945.0,0.0,primary,
,1125,1379549941,-77.050213,38.9030713,,,POINT (-77.050213 38.9030713),,946.0,0.0,primary,
,1126,646030930,-76.9777021,38.9164256,,,POINT (-76.9777021 38.9164256),,947.0,0.0,secondary,
,1127,10564518564,-76.9754919,38.9143259,,,POINT (-76.9754919 38.9143259),,948.0,0.0,secondary,
,1128,49739554,-76.9853138,38.9242385,,,POINT (-76.9853138 38.9242385),,949.0,0.0,secondary,
,1129,49734716,-76.979006,38.919894,,,POINT (-76.979006 38.919894),,950.0,0.0,secondary,
,1130,49742265,-77.1117657,38.9303303,,,POINT (-77.1117657 38.9303303),,951.0,0.0,primary,
,1131,647241276,-77.1119065,38.9303143,,,POINT (-77.1119065 38.9303143),,952.0,0.0,primary,
,1132,49740329,-77.0035364,38.87928,,,POINT (-77.0035364 38.87928),,953.0,0.0,tertiary,
,1133,49757055,-77.0020427,38.8792855,,,POINT (-77.0020427 38.8792855),,954.0,0.0,tertiary,
,1134,49726342,-76.988084,38.879277,,,POINT (-76.988084 38.879277),,955.0,0.0,tertiary,
,1135,49798243,-76.991533,38.879278,,,POINT (-76.991533 38.879278),,956.0,0.0,secondary,
,1136,49827530,-77.0533028,38.9036569,,,POINT (-77.0533028 38.9036569),,957.0,0.0,primary,
,1137,12171103935,-77.053442,38.9037057,,,POINT (-77.053442 38.9037057),,958.0,0.0,primary,
,1138,49827531,-77.0538942,38.9038628,,,POINT (-77.0538942 38.9038628),,959.0,0.0,primary,
,1139,49749030,-76.93585,38.873332,,,POINT (-76.93585 38.873332),,960.0,0.0,secondary,
,1140,9908457960,-76.9356899,38.8733799,,,POINT (-76.9356899 38.8733799),,961.0,0.0,tertiary,
,1141,49743851,-76.938226,38.872222,,,POINT (-76.938226 38.872222),,962.0,0.0,tertiary,
,1142,9908457961,-76.9359909,38.8732829,,,POINT (-76.9359909 38.8732829),,963.0,0.0,tertiary,
,1145,49830044,-76.982226,38.867737,,,POINT (-76.982226 38.867737),,966.0,0.0,secondary,
,1146,49823491,-76.982673,38.867516,,,POINT (-76.982673 38.867516),,967.0,0.0,secondary,
,1147,49795990,-76.9807884,38.868461,,,POINT (-76.9807884 38.868461),,968.0,0.0,secondary,
,1148,49828174,-76.976198,38.8707416,,,POINT (-76.976198 38.8707416),,969.0,0.0,secondary,
,1149,49793007,-77.0330001,38.8888613,,,POINT (-77.0330001 38.8888613),,970.0,0.0,secondary,
,1150,10255147098,-77.0322686,38.8886663,,,POINT (-77.0322686 38.8886663),,971.0,0.0,tertiary,
,1151,262662413,-77.0707111,38.9005684,,,POINT (-77.0707111 38.9005684),,972.0,2.0,primary,
,1152,1309596729,-77.0693577,38.9034613,,,POINT (-77.0693577 38.9034613),,973.0,0.0,primary,
,1153,2999124269,-77.0084195,38.8336298,,,POINT (-77.0084195 38.8336298),,974.0,0.0,primary,
,1154,5863324096,-76.9606212,38.8777588,,,POINT (-76.9606212 38.8777588),,975.0,0.0,tertiary,
,1155,49746854,-76.9486776,38.8728908,,,POINT (-76.9486776 38.8728908),,976.0,0.0,secondary,
,1156,642885424,-77.02801,38.961262,,,POINT (-77.02801 38.961262),,977.0,0.0,trunk,
,1157,49732235,-77.0285524,38.961388,,,POINT (-77.0285524 38.961388),,978.0,0.0,primary,
,1158,49757574,-76.978048,38.946179,,,POINT (-76.978048 38.946179),,979.0,0.0,primary,
,1159,49831487,-76.982864,38.949931,,,POINT (-76.982864 38.949931),,980.0,0.0,tertiary,
,1160,12394644944,-77.090615,38.9424434,,,POINT (-77.090615 38.9424434),,981.0,0.0,tertiary,
,1161,49832630,-77.0906162,38.9431711,,,POINT (-77.0906162 38.9431711),,982.0,0.0,secondary,
,1162,49767368,-76.987199,38.8573,,,POINT (-76.987199 38.8573),,983.0,0.0,tertiary,
,1163,49777288,-76.9952087,38.8593069,,,POINT (-76.9952087 38.8593069),,984.0,0.0,secondary,
,1164,5863324090,-76.9613755,38.8773589,,,POINT (-76.9613755 38.8773589),,985.0,0.0,secondary,
,1165,49740539,-76.961037,38.874604,,,POINT (-76.961037 38.874604),,986.0,0.0,secondary,
,1166,3656193305,-76.999286,38.8228372,,,POINT (-76.999286 38.8228372),,987.0,0.0,secondary,
,1167,12771841461,-76.9982849,38.8236143,,,POINT (-76.9982849 38.8236143),,988.0,2.0,secondary,
,1168,49717954,-77.0162904,38.9750154,,,POINT (-77.0162904 38.9750154),,989.0,0.0,secondary,
,1171,5120970330,-77.0365265,38.9562165,,,POINT (-77.0365265 38.9562165),,992.0,0.0,tertiary,
,1172,49837894,-77.0410613,38.9606714,,,POINT (-77.0410613 38.9606714),,993.0,0.0,tertiary,
,1173,49838698,-76.9984548,38.8898152,,,POINT (-76.9984548 38.8898152),,994.0,0.0,secondary,
,1174,49742320,-76.9984557,38.8920146,,,POINT (-76.9984557 38.8920146),,995.0,0.0,secondary,
,1176,49839137,-77.005885,38.905641,,,POINT (-77.005885 38.905641),,997.0,0.0,tertiary,
,1177,49839411,-77.0661,38.975528,,,POINT (-77.0661 38.975528),,998.0,0.0,tertiary,
,1178,49768325,-77.0660139,38.976183,,,POINT (-77.0660139 38.976183),,999.0,0.0,tertiary,
,1179,8370078495,-77.0010632,38.9313282,,,POINT (-77.0010632 38.9313282),,1000.0,0.0,tertiary,
,1180,49840352,-77.001244,38.9316,,,POINT (-77.001244 38.9316),,1001.0,0.0,tertiary,
,1181,49831028,-76.9772532,38.8845265,,,POINT (-76.9772532 38.8845265),,1002.0,0.0,secondary,
,1182,49841199,-76.9772505,38.8875934,,,POINT (-76.9772505 38.8875934),,1003.0,0.0,primary,
,1183,49841257,-76.9772535,38.8836937,,,POINT (-76.9772535 38.8836937),,1004.0,0.0,secondary,
,1184,49768392,-76.9909141,38.8323459,,,POINT (-76.9909141 38.8323459),,1005.0,0.0,tertiary,
,1185,657211855,-76.9894769,38.8334694,,,POINT (-76.9894769 38.8334694),,1006.0,0.0,secondary,
,1186,1468884910,-76.9974349,38.8257843,,,POINT (-76.9974349 38.8257843),,1007.0,0.0,tertiary,
,1187,49817406,-77.0173623,38.9126049,,,POINT (-77.0173623 38.9126049),,1008.0,0.0,tertiary,
,1188,5446812586,-77.0176577,38.9134212,,,POINT (-77.0176577 38.9134212),,1009.0,0.0,tertiary,
,1189,49722926,-77.016293,38.909638,,,POINT (-77.016293 38.909638),,1010.0,0.0,tertiary,
,1190,49796970,-77.0168318,38.9111358,,,POINT (-77.0168318 38.9111358),,1011.0,0.0,tertiary,
,1191,49842341,-77.0059284,38.8898126,,,POINT (-77.0059284 38.8898126),,1012.0,0.0,secondary,
,1192,9457052272,-77.0059277,38.8910629,,,POINT (-77.0059277 38.8910629),,1013.0,0.0,secondary,
,1193,10837477847,-77.0064895,38.9007897,,,POINT (-77.0064895 38.9007897),,1014.0,0.0,tertiary,
,1194,49842413,-77.005887,38.9025166,,,POINT (-77.005887 38.9025166),,1015.0,0.0,secondary,
,1197,49843673,-77.033644,38.8913166,,,POINT (-77.033644 38.8913166),,1018.0,0.0,secondary,
,1198,49843643,-77.033031,38.89013,,,POINT (-77.033031 38.89013),,1019.0,0.0,secondary,
,1199,4001442862,-77.0723639,38.9225435,,,POINT (-77.0723639 38.9225435),,1020.0,0.0,tertiary,
,1200,49739996,-77.0436696,38.9232445,,,POINT (-77.0436696 38.9232445),,1021.0,0.0,secondary,
,1201,3001411223,-77.0441823,38.923246,,,POINT (-77.0441823 38.923246),,1022.0,0.0,secondary,
,1202,3661066122,-77.0265963,38.9838295,,,POINT (-77.0265963 38.9838295),,1023.0,0.0,trunk,
,1205,49719926,-77.0403375,38.9857035,,,POINT (-77.0403375 38.9857035),,1026.0,0.0,tertiary,
,1206,3750685703,-77.040528,38.985714,,,POINT (-77.040528 38.985714),,1027.0,0.0,tertiary,
,1207,1524276214,-76.9883109,38.8379052,,,POINT (-76.9883109 38.8379052),,1028.0,0.0,tertiary,
,1208,1524276165,-76.985689,38.8346533,,,POINT (-76.985689 38.8346533),,1029.0,0.0,tertiary,
,1209,1443727068,-76.9984578,38.8832594,,,POINT (-76.9984578 38.8832594),,1030.0,0.0,tertiary,
,1210,49773936,-77.0005716,38.8832288,,,POINT (-77.0005716 38.8832288),,1031.0,0.0,tertiary,
,1211,645963551,-77.0133869,38.9057722,,,POINT (-77.0133869 38.9057722),,1032.0,0.0,trunk,
,1212,3001460941,-77.0121692,38.9056512,,,POINT (-77.0121692 38.9056512),,1033.0,0.0,tertiary,
,1213,49832286,-77.010268,38.90565,,,POINT (-77.010268 38.90565),,1034.0,0.0,secondary,
,1214,49845919,-77.0141188,38.9056618,,,POINT (-77.0141188 38.9056618),,1035.0,0.0,trunk,
,1215,642604672,-77.0149082,38.9056661,,,POINT (-77.0149082 38.9056661),,1036.0,0.0,tertiary,
,1216,49802982,-77.0223485,38.9793935,,,POINT (-77.0223485 38.9793935),,1037.0,0.0,secondary,
,1217,3358724774,-77.0264512,38.9793944,,,POINT (-77.0264512 38.9793944),,1038.0,0.0,trunk,
,1218,3370911578,-77.010926,38.944613,,,POINT (-77.010926 38.944613),,1039.0,0.0,tertiary,
,1220,49751361,-76.9960092,38.8630341,,,POINT (-76.9960092 38.8630341),,1041.0,0.0,secondary,
,1221,10967993404,-76.9967187,38.8627716,,,POINT (-76.9967187 38.8627716),,1042.0,0.0,secondary,
,1222,49849410,-77.0189062,38.8823569,,,POINT (-77.0189062 38.8823569),,1043.0,0.0,motorway,
,1223,622721585,-77.0177751,38.8823684,,,POINT (-77.0177751 38.8823684),,1044.0,0.0,motorway,
,1224,622720970,-77.0240242,38.8858437,,,POINT (-77.0240242 38.8858437),,1045.0,0.0,motorway,
,1225,49850671,-76.998458,38.8876035,,,POINT (-76.998458 38.8876035),,1046.0,0.0,secondary,
,1226,49797399,-76.9961764,38.8876018,,,POINT (-76.9961764 38.8876018),,1047.0,0.0,secondary,
,1227,49773921,-77.0005676,38.8876046,,,POINT (-77.0005676 38.8876046),,1048.0,0.0,secondary,
,1228,49730919,-77.0020387,38.8876032,,,POINT (-77.0020387 38.8876032),,1049.0,0.0,secondary,
,1229,3369108598,-77.0198934,38.9723461,,,POINT (-77.0198934 38.9723461),,1050.0,0.0,tertiary,
,1230,3369108599,-77.0230592,38.9723461,,,POINT (-77.0230592 38.9723461),,1051.0,0.0,tertiary,
,1231,3369108602,-77.014216,38.972327,,,POINT (-77.014216 38.972327),,1052.0,0.0,tertiary,
,1232,3369108597,-77.0154578,38.9723362,,,POINT (-77.0154578 38.9723362),,1053.0,0.0,tertiary,
,1233,3667950074,-77.0234482,38.9498378,,,POINT (-77.0234482 38.9498378),,1054.0,0.0,tertiary,
,1234,49851451,-77.016459,38.938693,,,POINT (-77.016459 38.938693),,1055.0,0.0,tertiary,
,1235,49789878,-77.0166026,38.9389205,,,POINT (-77.0166026 38.9389205),,1056.0,0.0,tertiary,
,1236,2921295473,-77.0195934,38.943695,,,POINT (-77.0195934 38.943695),,1057.0,0.0,tertiary,
,1237,49809380,-77.021575,38.9468336,,,POINT (-77.021575 38.9468336),,1058.0,0.0,tertiary,
,1239,49851572,-77.1061073,38.9361877,,,POINT (-77.1061073 38.9361877),,1060.0,0.0,primary,
,1240,49852652,-76.975053,38.893928,,,POINT (-76.975053 38.893928),,1061.0,0.0,tertiary,
,1241,49852766,-76.969505,38.897632,,,POINT (-76.969505 38.897632),,1062.0,0.0,tertiary,
,1242,49853337,-77.082037,38.949988,,,POINT (-77.082037 38.949988),,1063.0,0.0,secondary,
,1243,3798943051,-77.083526,38.9510554,,,POINT (-77.083526 38.9510554),,1064.0,0.0,secondary,
,1244,49853568,-76.9739331,38.8903592,,,POINT (-76.9739331 38.8903592),,1065.0,0.0,secondary,
,1245,5277584266,-76.9769053,38.8758081,,,POINT (-76.9769053 38.8758081),,1066.0,0.0,tertiary,
,1246,7194686970,-76.9764972,38.8750722,,,POINT (-76.9764972 38.8750722),,1067.0,0.0,tertiary,
,1247,49745415,-77.0334191,38.9661414,,,POINT (-77.0334191 38.9661414),,1068.0,0.0,tertiary,
,1250,49813696,-77.0296829,38.9661406,,,POINT (-77.0296829 38.9661406),,1071.0,0.0,tertiary,
,1251,49825451,-77.0198991,38.9661386,,,POINT (-77.0198991 38.9661386),,1072.0,0.0,tertiary,
,1252,49789379,-77.027603,38.9661401,,,POINT (-77.027603 38.9661401),,1073.0,0.0,trunk,
,1253,638210869,-77.0518906,38.8878785,,,POINT (-77.0518906 38.8878785),,1074.0,0.0,primary,
,1254,3003988396,-77.0515451,38.8875517,,,POINT (-77.0515451 38.8875517),,1075.0,0.0,primary,
,1255,3831193899,-77.0347115,38.8876079,,,POINT (-77.0347115 38.8876079),,1076.0,0.0,primary,
,1256,3003906699,-77.0371316,38.8877442,,,POINT (-77.0371316 38.8877442),,1077.0,0.0,primary,
,1257,3003932685,-77.0377128,38.8877213,,,POINT (-77.0377128 38.8877213),,1078.0,0.0,primary,
,1258,49847389,-77.026086,38.927834,,,POINT (-77.026086 38.927834),,1079.0,0.0,secondary,
,1259,49773628,-77.0272737,38.9277331,,,POINT (-77.0272737 38.9277331),,1080.0,0.0,tertiary,
,1260,4000814863,-76.9643388,38.87091,,,POINT (-76.9643388 38.87091),,1081.0,0.0,trunk,
,1261,49759186,-76.9634931,38.870571,,,POINT (-76.9634931 38.870571),,1082.0,0.0,trunk,
,1262,49769556,-76.9629515,38.8972295,,,POINT (-76.9629515 38.8972295),,1083.0,0.0,primary,
,1263,49859315,-77.0396821,38.8780005,,,POINT (-77.0396821 38.8780005),,1084.0,0.0,motorway,
,1264,49859336,-77.0382449,38.8789606,,,POINT (-77.0382449 38.8789606),,1085.0,0.0,motorway,
,1265,622706180,-77.0340234,38.8808894,,,POINT (-77.0340234 38.8808894),,1086.0,0.0,motorway,
,1266,6003858244,-77.0389478,38.8791057,,,POINT (-77.0389478 38.8791057),,1087.0,0.0,motorway,
,1267,49745335,-77.0327185,38.9302195,,,POINT (-77.0327185 38.9302195),,1088.0,0.0,secondary,
,1268,1804420109,-77.0324083,38.9303945,,,POINT (-77.0324083 38.9303945),,1089.0,0.0,tertiary,
,1269,1440867156,-77.0336331,38.9305675,,,POINT (-77.0336331 38.9305675),,1090.0,0.0,secondary,
,1270,49859675,-77.0392808,38.9326189,,,POINT (-77.0392808 38.9326189),,1091.0,0.0,secondary,
,1271,49859694,-77.0412957,38.9323573,,,POINT (-77.0412957 38.9323573),,1092.0,0.0,secondary,
,1272,49809327,-77.0441919,38.9327282,,,POINT (-77.0441919 38.9327282),,1093.0,0.0,secondary,
,1274,49860120,-76.956427,38.9187,,,POINT (-76.956427 38.9187),,1095.0,0.0,tertiary,
,1275,4001481553,-76.9897331,38.9226535,,,POINT (-76.9897331 38.9226535),,1096.0,0.0,secondary,
,1276,10609132919,-76.9900386,38.9230039,,,POINT (-76.9900386 38.9230039),,1097.0,0.0,secondary,
,1277,49770203,-76.9901565,38.9230894,,,POINT (-76.9901565 38.9230894),,1098.0,0.0,secondary,
,1278,49863576,-76.973987,38.943011,,,POINT (-76.973987 38.943011),,1099.0,0.0,tertiary,
,1279,3240509385,-77.0058386,38.9025166,,,POINT (-77.0058386 38.9025166),,1100.0,0.0,secondary,
,1280,11867189155,-77.0056851,38.9025167,,,POINT (-77.0056851 38.9025167),,1101.0,0.0,secondary,
,1281,49863603,-77.0051764,38.902517,,,POINT (-77.0051764 38.902517),,1102.0,0.0,secondary,
,1282,49761531,-77.093308,38.9326054,,,POINT (-77.093308 38.9326054),,1103.0,0.0,primary,
,1283,49800012,-77.097092,38.932549,,,POINT (-77.097092 38.932549),,1104.0,0.0,primary,
,1284,49774425,-77.0351116,38.9002313,,,POINT (-77.0351116 38.9002313),,1105.0,0.0,secondary,
,1285,49764296,-77.034593,38.901338,,,POINT (-77.034593 38.901338),,1106.0,0.0,tertiary,
,1287,49867707,-77.0437818,38.8737502,,,POINT (-77.0437818 38.8737502),,1108.0,1.0,motorway,
,1288,10605296757,-77.058224,38.9569284,,,POINT (-77.058224 38.9569284),,1109.0,0.0,tertiary,
,1289,6798931241,-77.0630056,38.9579941,,,POINT (-77.0630056 38.9579941),,1110.0,0.0,tertiary,
,1290,971094661,-77.0499854,38.9443291,,,POINT (-77.0499854 38.9443291),,1111.0,0.0,secondary,
,1291,971094631,-77.0501655,38.9445224,,,POINT (-77.0501655 38.9445224),,1112.0,0.0,secondary,
,1292,49878194,-77.0489327,38.9105876,,,POINT (-77.0489327 38.9105876),,1113.0,0.0,primary,
,1293,49779910,-77.0493381,38.9096402,,,POINT (-77.0493381 38.9096402),,1114.0,0.0,secondary,
,1294,3007762954,-77.0501531,38.8921086,,,POINT (-77.0501531 38.8921086),,1115.0,0.0,primary,
,1295,3007696238,-77.0502165,38.8914398,,,POINT (-77.0502165 38.8914398),,1116.0,0.0,primary,
,1296,49797102,-77.0506614,38.9111017,,,POINT (-77.0506614 38.9111017),,1117.0,0.0,secondary,
,1297,7926548936,-77.0506598,38.9117335,,,POINT (-77.0506598 38.9117335),,1118.0,0.0,secondary,
,1298,49763283,-77.0728686,38.9165152,,,POINT (-77.0728686 38.9165152),,1119.0,0.0,tertiary,
,1299,49726946,-77.0729723,38.9192401,,,POINT (-77.0729723 38.9192401),,1120.0,0.0,tertiary,
,1300,49810840,-77.0240348,38.9025318,,,POINT (-77.0240348 38.9025318),,1121.0,0.0,primary,
,1301,12217445196,-77.025444,38.9025333,,,POINT (-77.025444 38.9025333),,1122.0,0.0,primary,
,1302,49810831,-77.0240102,38.9021092,,,POINT (-77.0240102 38.9021092),,1123.0,0.0,primary,
,1303,9134098214,-77.0239136,38.9021096,,,POINT (-77.0239136 38.9021096),,1124.0,0.0,primary,
,1304,49769678,-77.0098106,38.9025156,,,POINT (-77.0098106 38.9025156),,1125.0,0.0,secondary,
,1305,49831995,-77.011235,38.902518,,,POINT (-77.011235 38.902518),,1126.0,0.0,secondary,
,1306,1439840030,-77.0074962,38.8313784,,,POINT (-77.0074962 38.8313784),,1127.0,0.0,secondary,
,1307,5443106665,-77.007446,38.8315473,,,POINT (-77.007446 38.8315473),,1128.0,0.0,secondary,
,1308,49796729,-77.007771,38.953452,,,POINT (-77.007771 38.953452),,1129.0,0.0,tertiary,
,1309,49871562,-77.0073536,38.9548915,,,POINT (-77.0073536 38.9548915),,1130.0,0.0,tertiary,
,1310,49731222,-77.056221,38.963747,,,POINT (-77.056221 38.963747),,1131.0,0.0,tertiary,
,1311,49861791,-77.05751,38.964737,,,POINT (-77.05751 38.964737),,1132.0,0.0,tertiary,
,1312,641127515,-77.0535334,38.8993376,,,POINT (-77.0535334 38.8993376),,1133.0,0.0,secondary,
,1313,634784052,-77.0536344,38.8993298,,,POINT (-77.0536344 38.8993298),,1134.0,0.0,secondary,
,1314,49784971,-77.042661,38.986306,,,POINT (-77.042661 38.986306),,1135.0,0.0,tertiary,
,1315,49841647,-77.04356,38.987942,,,POINT (-77.04356 38.987942),,1136.0,0.0,tertiary,
,1316,49863523,-76.973773,38.9396515,,,POINT (-76.973773 38.9396515),,1137.0,0.0,tertiary,
,1317,11260344030,-77.0415462,38.8925629,,,POINT (-77.0415462 38.8925629),,1138.0,0.0,primary,
,1318,12169187729,-77.0417329,38.8926666,,,POINT (-77.0417329 38.8926666),,1139.0,0.0,primary,
,1319,49748775,-77.0407039,38.8921072,,,POINT (-77.0407039 38.8921072),,1140.0,0.0,trunk,
,1320,49756177,-76.968952,38.925885,,,POINT (-76.968952 38.925885),,1141.0,0.0,tertiary,
,1321,1386997331,-76.9673001,38.9271828,,,POINT (-76.9673001 38.9271828),,1142.0,0.0,primary,
,1323,9068829825,-77.01473,38.9565931,,,POINT (-77.01473 38.9565931),,1144.0,0.0,primary,
,1324,49875098,-77.0136545,38.9566036,,,POINT (-77.0136545 38.9566036),,1145.0,0.0,tertiary,
,1325,911590642,-77.0142155,38.9565368,,,POINT (-77.0142155 38.9565368),,1146.0,0.0,primary,
,1326,49766672,-77.0090474,38.956587,,,POINT (-77.0090474 38.956587),,1147.0,0.0,primary,
,1327,49765376,-77.0093,38.9565868,,,POINT (-77.0093 38.9565868),,1148.0,0.0,tertiary,
,1328,958991607,-77.0240341,38.9177733,,,POINT (-77.0240341 38.9177733),,1149.0,0.0,secondary,
,1331,49837606,-77.0404023,38.9178212,,,POINT (-77.0404023 38.9178212),,1152.0,0.0,secondary,
,1332,49836253,-77.0401629,38.9180652,,,POINT (-77.0401629 38.9180652),,1153.0,0.0,secondary,
,1333,12753860360,-77.0370316,38.9189748,,,POINT (-77.0370316 38.9189748),,1154.0,0.0,secondary,
,1334,49866407,-77.0395483,38.9182342,,,POINT (-77.0395483 38.9182342),,1155.0,0.0,secondary,
,1335,647069744,-77.0156626,38.9311146,,,POINT (-77.0156626 38.9311146),,1156.0,0.0,primary,
,1336,49867524,-77.0182811,38.9305748,,,POINT (-77.0182811 38.9305748),,1157.0,0.0,primary,
,1337,49765949,-76.9807825,38.8961159,,,POINT (-76.9807825 38.8961159),,1158.0,0.0,secondary,
,1338,49879097,-76.9604897,38.8889239,,,POINT (-76.9604897 38.8889239),,1159.0,0.0,motorway,
,1339,49723981,-76.961939,38.887567,,,POINT (-76.961939 38.887567),,1160.0,0.0,motorway,
,1340,639446294,-76.9624559,38.8864852,,,POINT (-76.9624559 38.8864852),,1161.0,0.0,motorway,
,1341,49882385,-77.0426624,38.9097683,,,POINT (-77.0426624 38.9097683),,1162.0,0.0,primary,
,1342,49882369,-77.0428537,38.9100585,,,POINT (-77.0428537 38.9100585),,1163.0,0.0,primary,
,1343,49826512,-77.034836,38.940834,,,POINT (-77.034836 38.940834),,1164.0,0.0,secondary,
,1344,4696017199,-77.0344082,38.9413292,,,POINT (-77.0344082 38.9413292),,1165.0,0.0,secondary,
,1345,49843017,-77.0364841,38.9227325,,,POINT (-77.0364841 38.9227325),,1166.0,0.0,primary,
,1346,49770627,-77.038889,38.921351,,,POINT (-77.038889 38.921351),,1167.0,0.0,tertiary,
,1347,49882753,-77.0416781,38.9196776,,,POINT (-77.0416781 38.9196776),,1168.0,0.0,secondary,
,1348,49856163,-77.0443996,38.9196637,,,POINT (-77.0443996 38.9196637),,1169.0,0.0,secondary,
,1349,2998906091,-77.0059298,38.887941,,,POINT (-77.0059298 38.887941),,1170.0,0.0,secondary,
,1350,49826530,-77.005892,38.8792904,,,POINT (-77.005892 38.8792904),,1171.0,0.0,secondary,
,1351,49747466,-77.0058941,38.878413,,,POINT (-77.0058941 38.878413),,1172.0,0.0,tertiary,
,1352,646216499,-76.9485668,38.8897347,,,POINT (-76.9485668 38.8897347),,1173.0,0.0,primary,
,1353,646216521,-76.9482871,38.8897336,,,POINT (-76.9482871 38.8897336),,1174.0,0.0,primary,
,1354,49807115,-76.9883162,38.8901342,,,POINT (-76.9883162 38.8901342),,1175.0,0.0,primary,
,1355,9590374885,-76.988431,38.8903417,,,POINT (-76.988431 38.8903417),,1176.0,0.0,primary,
,1356,49787926,-76.9889129,38.890369,,,POINT (-76.9889129 38.890369),,1177.0,0.0,primary,
,1357,49727447,-76.9738299,38.8902128,,,POINT (-76.9738299 38.8902128),,1178.0,0.0,primary,
,1358,12497001318,-77.036665,38.9269161,,,POINT (-77.036665 38.9269161),,1179.0,0.0,primary,
,1359,965725376,-77.0366344,38.9267325,,,POINT (-77.0366344 38.9267325),,1180.0,0.0,secondary,
,1360,11115432247,-77.0572872,38.880226,,,POINT (-77.0572872 38.880226),,1181.0,-1.0,motorway,
,1361,643412186,-77.0576012,38.8822796,,,POINT (-77.0576012 38.8822796),,1182.0,0.0,motorway,
,1362,49789492,-76.9836461,38.8810969,,,POINT (-76.9836461 38.8810969),,1183.0,0.0,secondary,
,1363,2129686181,-76.9834843,38.8811608,,,POINT (-76.9834843 38.8811608),,1184.0,0.0,secondary,
,1364,49844276,-76.9883157,38.879188,,,POINT (-76.9883157 38.879188),,1185.0,0.0,tertiary,
,1366,5447728726,-77.0073209,38.8714018,,,POINT (-77.0073209 38.8714018),,1187.0,0.0,tertiary,
,1368,7236199266,-77.0597562,38.8861471,,,POINT (-77.0597562 38.8861471),,1189.0,0.0,primary,
,1369,7236237137,-77.0599323,38.8864377,,,POINT (-77.0599323 38.8864377),,1190.0,0.0,motorway,
,1370,49884895,-77.067092,38.939374,,,POINT (-77.067092 38.939374),,1191.0,0.0,tertiary,
,1371,49884916,-77.0674231,38.9398489,,,POINT (-77.0674231 38.9398489),,1192.0,0.0,tertiary,
,1372,49885123,-77.072735,38.9546932,,,POINT (-77.072735 38.9546932),,1193.0,0.0,tertiary,
,1373,49757950,-77.0755476,38.9576969,,,POINT (-77.0755476 38.9576969),,1194.0,0.0,tertiary,
,1374,49828677,-77.0199119,38.886887,,,POINT (-77.0199119 38.886887),,1195.0,0.0,tertiary,
,1375,49779839,-77.0199125,38.8860465,,,POINT (-77.0199125 38.8860465),,1196.0,0.0,tertiary,
,1376,49754042,-77.0199096,38.8850455,,,POINT (-77.0199096 38.8850455),,1197.0,0.0,tertiary,
,1377,49791557,-77.019906,38.8812867,,,POINT (-77.019906 38.8812867),,1198.0,0.0,tertiary,
,1378,49830548,-77.0199015,38.8792915,,,POINT (-77.0199015 38.8792915),,1199.0,0.0,secondary,
,1379,49883050,-76.949581,38.8893216,,,POINT (-76.949581 38.8893216),,1200.0,0.0,primary,
,1380,49723309,-76.978994,38.920228,,,POINT (-76.978994 38.920228),,1201.0,0.0,tertiary,
,1381,5579961549,-77.026096,38.8875748,,,POINT (-77.026096 38.8875748),,1202.0,0.0,primary,
,1382,723738561,-77.0260936,38.8871856,,,POINT (-77.0260936 38.8871856),,1203.0,0.0,tertiary,
,1383,49735831,-77.0257789,38.8815096,,,POINT (-77.0257789 38.8815096),,1204.0,0.0,tertiary,
,1384,49849919,-77.02443,38.8808481,,,POINT (-77.02443 38.8808481),,1205.0,0.0,secondary,
,1385,49886372,-77.0256268,38.881871,,,POINT (-77.0256268 38.881871),,1206.0,0.0,tertiary,
,1386,3000198046,-77.0258499,38.8820503,,,POINT (-77.0258499 38.8820503),,1207.0,0.0,tertiary,
,1387,2956751413,-77.0261114,38.882045,,,POINT (-77.0261114 38.882045),,1208.0,0.0,tertiary,
,1388,3013427295,-77.0258661,38.9015791,,,POINT (-77.0258661 38.9015791),,1209.0,0.0,primary,
,1389,1366265378,-76.9762399,38.917322,,,POINT (-76.9762399 38.917322),,1210.0,0.0,trunk,
,1390,1366265380,-76.9771451,38.9173039,,,POINT (-76.9771451 38.9173039),,1211.0,0.0,trunk,
,1391,4629640914,-76.9772076,38.9173025,,,POINT (-76.9772076 38.9173025),,1212.0,0.0,trunk,
,1392,1366265408,-76.9754164,38.9173393,,,POINT (-76.9754164 38.9173393),,1213.0,0.0,trunk,
,1393,1366261586,-76.9732754,38.9174277,,,POINT (-76.9732754 38.9174277),,1214.0,0.0,trunk,
,1394,646031284,-76.9744495,38.9173654,,,POINT (-76.9744495 38.9173654),,1215.0,0.0,trunk,
,1395,2999157115,-77.0394639,38.8969245,,,POINT (-77.0394639 38.8969245),,1216.0,0.0,primary,
,1396,2999157104,-77.0396545,38.896567,,,POINT (-77.0396545 38.896567),,1217.0,0.0,primary,
,1397,7263488653,-76.9932758,38.9255833,,,POINT (-76.9932758 38.9255833),,1218.0,0.0,tertiary,
,1398,1443727118,-76.9924344,38.9255827,,,POINT (-76.9924344 38.9255827),,1219.0,0.0,tertiary,
,1399,49849187,-76.9904363,38.9255252,,,POINT (-76.9904363 38.9255252),,1220.0,0.0,tertiary,
,1400,9848495703,-77.0160991,38.9562708,,,POINT (-77.0160991 38.9562708),,1221.0,0.0,tertiary,
,1401,9848495702,-77.0160495,38.955569,,,POINT (-77.0160495 38.955569),,1222.0,0.0,tertiary,
,1402,2053263867,-77.0152158,38.8914899,,,POINT (-77.0152158 38.8914899),,1223.0,0.0,primary,
,1403,3011273410,-77.0152171,38.8913768,,,POINT (-77.0152171 38.8913768),,1224.0,0.0,primary,
,1404,49716680,-77.0090568,38.8838463,,,POINT (-77.0090568 38.8838463),,1225.0,0.0,primary,
,1405,11262878018,-77.0152133,38.8906302,,,POINT (-77.0152133 38.8906302),,1226.0,0.0,primary,
,1406,49748168,-77.0175598,38.8906023,,,POINT (-77.0175598 38.8906023),,1227.0,0.0,secondary,
,1407,49888398,-77.0206463,38.8905625,,,POINT (-77.0206463 38.8905625),,1228.0,0.0,tertiary,
,1408,49810122,-76.994974,38.882724,,,POINT (-76.994974 38.882724),,1229.0,0.0,secondary,
,1409,49787160,-76.9949873,38.8812689,,,POINT (-76.9949873 38.8812689),,1230.0,0.0,secondary,
,1410,49826586,-76.994975,38.879284,,,POINT (-76.994975 38.879284),,1231.0,0.0,secondary,
,1411,1367470212,-77.0203616,38.9276307,,,POINT (-77.0203616 38.9276307),,1232.0,0.0,secondary,
,1412,11694407880,-77.0195329,38.9279855,,,POINT (-77.0195329 38.9279855),,1233.0,0.0,secondary,
,1413,49870944,-77.0627517,38.9025871,,,POINT (-77.0627517 38.9025871),,1234.0,0.0,secondary,
,1414,641054014,-77.0627875,38.9041604,,,POINT (-77.0627875 38.9041604),,1235.0,0.0,secondary,
,1415,49883599,-76.9897535,38.8903694,,,POINT (-76.9897535 38.8903694),,1236.0,0.0,primary,
,1416,49865706,-77.0302733,38.9085343,,,POINT (-77.0302733 38.9085343),,1237.0,0.0,tertiary,
,1417,49813384,-77.029631,38.908575,,,POINT (-77.029631 38.908575),,1238.0,0.0,secondary,
,1418,49889658,-77.0091895,38.9085713,,,POINT (-77.0091895 38.9085713),,1239.0,0.0,primary,
,1419,49848642,-77.012164,38.908569,,,POINT (-77.012164 38.908569),,1240.0,0.0,tertiary,
,1420,49892961,-77.0278893,38.8820557,,,POINT (-77.0278893 38.8820557),,1241.0,0.0,motorway,
,1421,3010525228,-77.0262119,38.8822592,,,POINT (-77.0262119 38.8822592),,1242.0,0.0,motorway,
,1422,49794032,-76.9325422,38.9092316,,,POINT (-76.9325422 38.9092316),,1243.0,0.0,tertiary,
,1423,49795595,-76.9316958,38.9085331,,,POINT (-76.9316958 38.9085331),,1244.0,0.0,tertiary,
,1424,49756006,-77.088746,38.919166,,,POINT (-77.088746 38.919166),,1245.0,0.0,secondary,
,1425,2896020514,-77.0983944,38.9191661,,,POINT (-77.0983944 38.9191661),,1246.0,0.0,tertiary,
,1426,638210933,-77.0502342,38.8881696,,,POINT (-77.0502342 38.8881696),,1247.0,0.0,primary,
,1427,4114297918,-77.0502265,38.887609,,,POINT (-77.0502265 38.887609),,1248.0,0.0,primary,
,1428,12369816161,-77.0474707,38.884709,,,POINT (-77.0474707 38.884709),,1249.0,0.0,tertiary,
,1429,49894077,-77.0412399,38.8803405,,,POINT (-77.0412399 38.8803405),,1250.0,0.0,tertiary,
,1430,520068043,-77.0334551,38.8841798,,,POINT (-77.0334551 38.8841798),,1251.0,0.0,primary,
,1431,3005325294,-77.0329717,38.8829082,,,POINT (-77.0329717 38.8829082),,1252.0,0.0,primary,
,1432,520059507,-77.0323566,38.883549,,,POINT (-77.0323566 38.883549),,1253.0,0.0,primary,
,1433,49811287,-77.057222,38.949675,,,POINT (-77.057222 38.949675),,1254.0,0.0,tertiary,
,1434,11260344021,-77.0417244,38.8925675,,,POINT (-77.0417244 38.8925675),,1255.0,0.0,primary,
,1435,12290443193,-77.0093287,38.8840651,,,POINT (-77.0093287 38.8840651),,1256.0,0.0,primary,
,1436,49872984,-77.044722,38.990339,,,POINT (-77.044722 38.990339),,1257.0,0.0,tertiary,
,1437,642886863,-77.0464003,38.9910609,,,POINT (-77.0464003 38.9910609),,1258.0,0.0,tertiary,
,1438,49776772,-77.052164,38.979641,,,POINT (-77.052164 38.979641),,1259.0,0.0,tertiary,
,1439,3657251443,-77.0611114,38.9800083,,,POINT (-77.0611114 38.9800083),,1260.0,0.0,tertiary,
,1440,49757526,-76.980572,38.942986,,,POINT (-76.980572 38.942986),,1261.0,0.0,primary,
,1441,652905775,-76.9803593,38.9428591,,,POINT (-76.9803593 38.9428591),,1262.0,0.0,tertiary,
,1442,12171103937,-77.0515722,38.9037349,,,POINT (-77.0515722 38.9037349),,1263.0,0.0,secondary,
,1443,12171103939,-77.0502666,38.9037375,,,POINT (-77.0502666 38.9037375),,1264.0,0.0,secondary,
,1444,49869068,-77.0501136,38.9037384,,,POINT (-77.0501136 38.9037384),,1265.0,0.0,primary,
,1445,641128680,-77.0547408,38.9037508,,,POINT (-77.0547408 38.9037508),,1266.0,0.0,primary,
,1446,5445932111,-77.0540376,38.9037638,,,POINT (-77.0540376 38.9037638),,1267.0,0.0,primary,
,1447,49886483,-77.018188,38.904226,,,POINT (-77.018188 38.904226),,1268.0,0.0,trunk,
,1448,49825128,-77.0189301,38.9041866,,,POINT (-77.0189301 38.9041866),,1269.0,0.0,tertiary,
,1449,50249002,-76.9102896,38.8947224,,,POINT (-76.9102896 38.8947224),,1270.0,0.0,primary,
,1450,1472831114,-76.9111343,38.8943204,,,POINT (-76.9111343 38.8943204),,1271.0,0.0,primary,
,1451,1472831115,-76.9112684,38.8943329,,,POINT (-76.9112684 38.8943329),,1272.0,0.0,secondary,
,1452,9908441562,-76.9309108,38.8759219,,,POINT (-76.9309108 38.8759219),,1273.0,0.0,secondary,
,1453,50480275,-76.9286636,38.8732602,,,POINT (-76.9286636 38.8732602),,1274.0,2.0,secondary,
,1454,3656197331,-76.9310141,38.8760135,,,POINT (-76.9310141 38.8760135),,1275.0,0.0,secondary,
,1455,639568220,-76.9389992,38.8697964,,,POINT (-76.9389992 38.8697964),,1276.0,0.0,secondary,
,1456,50244573,-76.9334843,38.8654778,,,POINT (-76.9334843 38.8654778),,1277.0,2.0,tertiary,
,1457,3657249999,-76.987833,38.954265,,,POINT (-76.987833 38.954265),,1278.0,0.0,secondary,
,1458,4059254188,-76.9877952,38.9546334,,,POINT (-76.9877952 38.9546334),,1279.0,0.0,secondary,
,1459,6551896442,-76.987633,38.9563182,,,POINT (-76.987633 38.9563182),,1280.0,2.0,secondary,
,1460,646079804,-76.9414613,38.918048,,,POINT (-76.9414613 38.918048),,1281.0,0.0,motorway,
,1461,50434692,-76.9385442,38.9185589,,,POINT (-76.9385442 38.9185589),,1282.0,-1.0,motorway,
,1462,2531717398,-76.933942,38.9121048,,,POINT (-76.933942 38.9121048),,1283.0,0.0,secondary,
,1463,646133148,-76.9337531,38.9123167,,,POINT (-76.9337531 38.9123167),,1284.0,-1.0,secondary,
,1464,49880183,-77.0225039,38.8045963,,,POINT (-77.0225039 38.8045963),,1285.0,0.0,motorway,
,1465,8133719137,-77.0211854,38.8011183,,,POINT (-77.0211854 38.8011183),,1286.0,-1.0,motorway,
,1466,3370788215,-76.9972244,38.9615957,,,POINT (-76.9972244 38.9615957),,1287.0,0.0,primary,
,1467,8935815768,-76.9954171,38.9618987,,,POINT (-76.9954171 38.9618987),,1288.0,-1.0,primary,
,1468,49762656,-76.9342205,38.9120326,,,POINT (-76.9342205 38.9120326),,1289.0,0.0,motorway,
,1469,1574787675,-76.9338836,38.9124065,,,POINT (-76.9338836 38.9124065),,1290.0,-1.0,motorway,
,1471,50824245,-76.907522,38.89579,,,POINT (-76.907522 38.89579),,1292.0,-1.0,primary,
,1472,49798175,-76.9915213,38.8898174,,,POINT (-76.9915213 38.8898174),,1293.0,0.0,primary,
,1473,4060172794,-76.991519,38.8896493,,,POINT (-76.991519 38.8896493),,1294.0,0.0,primary,
,1474,49716662,-77.0090656,38.8875904,,,POINT (-77.0090656 38.8875904),,1295.0,0.0,primary,
,1475,12231671467,-77.0086365,38.8875933,,,POINT (-77.0086365 38.8875933),,1296.0,0.0,primary,
,1476,9592649118,-77.0028994,38.8875384,,,POINT (-77.0028994 38.8875384),,1297.0,0.0,primary,
,1477,5277584260,-76.9800647,38.877595,,,POINT (-76.9800647 38.877595),,1298.0,0.0,tertiary,
,1478,8439855798,-76.9884866,38.8764938,,,POINT (-76.9884866 38.8764938),,1299.0,0.0,tertiary,
,1479,9590374868,-76.9884586,38.8890658,,,POINT (-76.9884586 38.8890658),,1300.0,0.0,primary,
,1480,49831064,-76.9883141,38.889015,,,POINT (-76.9883141 38.889015),,1301.0,0.0,primary,
,1481,49762910,-76.9790024,38.8829803,,,POINT (-76.9790024 38.8829803),,1302.0,0.0,secondary,
,1482,2594721970,-76.9883177,38.8899046,,,POINT (-76.9883177 38.8899046),,1303.0,0.0,primary,
,1483,49807113,-76.9883172,38.8899848,,,POINT (-76.9883172 38.8899848),,1304.0,0.0,primary,
,1484,655680519,-77.0005607,38.8765428,,,POINT (-77.0005607 38.8765428),,1305.0,0.0,tertiary,
,1485,655680518,-77.0005592,38.8764538,,,POINT (-77.0005592 38.8764538),,1306.0,0.0,primary,
,1486,49850681,-76.9949628,38.8876057,,,POINT (-76.9949628 38.8876057),,1307.0,0.0,secondary,
,1487,49823768,-76.9949626,38.8878952,,,POINT (-76.9949626 38.8878952),,1308.0,0.0,secondary,
,1488,49847898,-76.9949654,38.8898131,,,POINT (-76.9949654 38.8898131),,1309.0,0.0,secondary,
,1489,262088584,-77.0659264,38.8922624,,,POINT (-77.0659264 38.8922624),,1310.0,-1.0,motorway,
,1490,6179251200,-77.0317452,38.8875745,,,POINT (-77.0317452 38.8875745),,1311.0,0.0,primary,
,1491,293568126,-77.0314661,38.8875756,,,POINT (-77.0314661 38.8875756),,1312.0,0.0,primary,
,1492,520066771,-77.0319617,38.8875775,,,POINT (-77.0319617 38.8875775),,1313.0,0.0,trunk,
,1493,262209738,-77.0321379,38.8876438,,,POINT (-77.0321379 38.8876438),,1314.0,0.0,primary,
,1494,49718886,-77.0487403,38.8958156,,,POINT (-77.0487403 38.8958156),,1315.0,0.0,motorway,
,1495,49722979,-77.0465223,38.8956458,,,POINT (-77.0465223 38.8956458),,1316.0,0.0,motorway,
,1496,641087530,-77.0455621,38.8955486,,,POINT (-77.0455621 38.8955486),,1317.0,0.0,motorway,
,1497,49870918,-77.051524,38.9025769,,,POINT (-77.051524 38.9025769),,1318.0,0.0,trunk,
,1498,2350006657,-77.0528648,38.9025731,,,POINT (-77.0528648 38.9025731),,1319.0,0.0,trunk,
,1499,262249888,-77.0485476,38.9025738,,,POINT (-77.0485476 38.9025738),,1320.0,0.0,trunk,
,1500,641110990,-77.0489227,38.9025731,,,POINT (-77.0489227 38.9025731),,1321.0,0.0,trunk,
,1501,262173355,-77.059108,38.9025789,,,POINT (-77.059108 38.9025789),,1322.0,0.0,secondary,
,1502,49787616,-77.0601338,38.9025758,,,POINT (-77.0601338 38.9025758),,1323.0,0.0,secondary,
,1503,1379505513,-77.0441954,38.9110389,,,POINT (-77.0441954 38.9110389),,1324.0,0.0,primary,
,1504,262268730,-77.032638,38.9058624,,,POINT (-77.032638 38.9058624),,1325.0,0.0,primary,
,1505,262268731,-77.0313064,38.9053946,,,POINT (-77.0313064 38.9053946),,1326.0,0.0,primary,
,1506,610608625,-77.0339474,38.9063063,,,POINT (-77.0339474 38.9063063),,1327.0,0.0,primary,
,1507,49892787,-77.0131329,38.8858093,,,POINT (-77.0131329 38.8858093),,1328.0,0.0,motorway,
,1508,49892793,-77.0128606,38.8853009,,,POINT (-77.0128606 38.8853009),,1329.0,0.0,motorway,
,1509,49893106,-77.0125634,38.8857181,,,POINT (-77.0125634 38.8857181),,1330.0,0.0,motorway,
,1510,262430493,-77.0132294,38.8868243,,,POINT (-77.0132294 38.8868243),,1331.0,0.0,motorway,
,1511,3006022047,-77.0142488,38.8987957,,,POINT (-77.0142488 38.8987957),,1332.0,0.0,motorway,
,1512,4953529357,-77.0142558,38.8960036,,,POINT (-77.0142558 38.8960036),,1333.0,0.0,motorway,
,1513,49724366,-77.0140866,38.8938824,,,POINT (-77.0140866 38.8938824),,1334.0,0.0,motorway,
,1514,642586589,-77.0139656,38.8948773,,,POINT (-77.0139656 38.8948773),,1335.0,0.0,motorway,
,1515,642586830,-77.0145399,38.8944846,,,POINT (-77.0145399 38.8944846),,1336.0,0.0,motorway,
,1516,642586839,-77.0145511,38.8943501,,,POINT (-77.0145511 38.8943501),,1337.0,0.0,motorway,
,1517,49735030,-77.0140297,38.8904437,,,POINT (-77.0140297 38.8904437),,1338.0,0.0,motorway,
,1518,642563716,-77.0137002,38.8936624,,,POINT (-77.0137002 38.8936624),,1339.0,0.0,motorway,
,1519,635178708,-77.03657,38.9087044,,,POINT (-77.03657 38.9087044),,1340.0,0.0,primary,
,1520,262295420,-77.0365728,38.9075556,,,POINT (-77.0365728 38.9075556),,1341.0,0.0,primary,
,1521,262295428,-77.036573,38.9069443,,,POINT (-77.036573 38.9069443),,1342.0,0.0,primary,
,1522,49777560,-77.0175554,38.8850796,,,POINT (-77.0175554 38.8850796),,1343.0,0.0,secondary,
,1523,49796842,-77.0136446,38.8850637,,,POINT (-77.0136446 38.8850637),,1344.0,0.0,primary,
,1524,49892770,-77.013933,38.887177,,,POINT (-77.013933 38.887177),,1345.0,0.0,motorway,
,1525,642436031,-77.0133411,38.8857266,,,POINT (-77.0133411 38.8857266),,1346.0,0.0,motorway,
,1526,49732286,-77.0281349,38.8920923,,,POINT (-77.0281349 38.8920923),,1347.0,0.0,trunk,
12th St NW & Constitution Ave NW,1527,11234143723,-77.028135,38.89324,,,POINT (-77.028135 38.89324),,1348.0,0.0,secondary,
,1528,2791548195,-77.028123,38.885878,,,POINT (-77.028123 38.885878),,1349.0,0.0,secondary,
,1529,49736712,-77.0281147,38.8849883,,,POINT (-77.0281147 38.8849883),,1350.0,0.0,secondary,
,1530,291774088,-77.0320314,38.8848708,,,POINT (-77.0320314 38.8848708),,1351.0,0.0,trunk,
,1531,49776971,-77.0321757,38.8836778,,,POINT (-77.0321757 38.8836778),,1352.0,0.0,motorway,
,1532,49734172,-77.0487416,38.8958963,,,POINT (-77.0487416 38.8958963),,1353.0,0.0,motorway,
,1533,641107784,-77.0593459,38.9026141,,,POINT (-77.0593459 38.9026141),,1354.0,0.0,motorway,
,1534,2431753968,-77.0688632,38.9041396,,,POINT (-77.0688632 38.9041396),,1355.0,0.0,motorway,
,1535,49818449,-77.0528248,38.8981881,,,POINT (-77.0528248 38.8981881),,1356.0,0.0,motorway,
,1536,49818435,-77.0537904,38.8995178,,,POINT (-77.0537904 38.8995178),,1357.0,0.0,motorway,
,1537,49818799,-77.0541053,38.8995269,,,POINT (-77.0541053 38.8995269),,1358.0,0.0,motorway,
,1538,49723329,-77.0530734,38.8982048,,,POINT (-77.0530734 38.8982048),,1359.0,0.0,motorway,
,1539,269372762,-77.0461245,38.9257528,,,POINT (-77.0461245 38.9257528),,1360.0,0.0,primary,
,1540,965796462,-77.0483319,38.9243203,,,POINT (-77.0483319 38.9243203),,1361.0,0.0,primary,
,1541,49895859,-77.0484513,38.9242024,,,POINT (-77.0484513 38.9242024),,1362.0,0.0,primary,
,1542,49895872,-77.0488084,38.9237451,,,POINT (-77.0488084 38.9237451),,1363.0,0.0,primary,
,1543,49843763,-77.047554,38.9232617,,,POINT (-77.047554 38.9232617),,1364.0,0.0,secondary,
,1544,49843783,-77.0502682,38.9234557,,,POINT (-77.0502682 38.9234557),,1365.0,0.0,secondary,
,1545,3672558359,-77.0506138,38.9234789,,,POINT (-77.0506138 38.9234789),,1366.0,0.0,secondary,
,1546,49820583,-77.051513,38.9235359,,,POINT (-77.051513 38.9235359),,1367.0,0.0,primary,
,1547,49820559,-77.0491671,38.9195054,,,POINT (-77.0491671 38.9195054),,1368.0,0.0,primary,
,1548,11232740671,-77.0501576,38.9212066,,,POINT (-77.0501576 38.9212066),,1369.0,0.0,primary,
,1549,4630199453,-77.0512343,38.9230596,,,POINT (-77.0512343 38.9230596),,1370.0,0.0,primary,
,1550,49800394,-77.0576237,38.9172512,,,POINT (-77.0576237 38.9172512),,1371.0,0.0,primary,
,1551,4636071220,-77.0583369,38.9177765,,,POINT (-77.0583369 38.9177765),,1372.0,0.0,primary,
,1553,49800550,-77.0656272,38.9241583,,,POINT (-77.0656272 38.9241583),,1374.0,0.0,primary,
,1555,49797104,-77.0508269,38.9109919,,,POINT (-77.0508269 38.9109919),,1376.0,0.0,tertiary,
,1556,49797124,-77.051642,38.9106517,,,POINT (-77.051642 38.9106517),,1377.0,0.0,tertiary,
,1557,12217439059,-77.0498278,38.9096403,,,POINT (-77.0498278 38.9096403),,1378.0,0.0,secondary,
,1558,1440554164,-77.0504398,38.9096388,,,POINT (-77.0504398 38.9096388),,1379.0,0.0,secondary,
,1559,49845790,-77.0549605,38.9052514,,,POINT (-77.0549605 38.9052514),,1380.0,0.0,primary,
,1560,49845797,-77.0559511,38.9052546,,,POINT (-77.0559511 38.9052546),,1381.0,0.0,primary,
,1561,1440554156,-77.0561278,38.9052529,,,POINT (-77.0561278 38.9052529),,1382.0,0.0,primary,
,1562,269372767,-77.0565408,38.9047683,,,POINT (-77.0565408 38.9047683),,1383.0,0.0,primary,
,1563,640809794,-77.0556484,38.9044611,,,POINT (-77.0556484 38.9044611),,1384.0,0.0,primary,
,1564,7005046423,-77.0566305,38.9048005,,,POINT (-77.0566305 38.9048005),,1385.0,0.0,primary,
,1565,49831222,-77.0430402,38.961652,,,POINT (-77.0430402 38.961652),,1386.0,0.0,primary,
,1566,271392804,-77.0439887,38.9611089,,,POINT (-77.0439887 38.9611089),,1387.0,0.0,primary,
,1567,49859798,-77.0455874,38.9353219,,,POINT (-77.0455874 38.9353219),,1388.0,0.0,tertiary,
,1568,49859807,-77.0461506,38.9361802,,,POINT (-77.0461506 38.9361802),,1389.0,0.0,tertiary,
,1569,49785115,-77.051231,38.939491,,,POINT (-77.051231 38.939491),,1390.0,0.0,secondary,
,1570,4001296233,-77.052291,38.9618158,,,POINT (-77.052291 38.9618158),,1391.0,0.0,primary,
,1571,10769808822,-77.0442661,38.9609667,,,POINT (-77.0442661 38.9609667),,1392.0,0.0,primary,
,1572,10659594846,-77.0408646,38.8869451,,,POINT (-77.0408646 38.8869451),,1393.0,0.0,primary,
,1573,641046227,-77.0381054,38.8869489,,,POINT (-77.0381054 38.8869489),,1394.0,0.0,primary,
,1574,9774012171,-77.0547856,38.8919689,,,POINT (-77.0547856 38.8919689),,1395.0,0.0,primary,
,1575,638211057,-77.0508523,38.8884329,,,POINT (-77.0508523 38.8884329),,1396.0,0.0,primary,
,1576,2594739020,-77.0508451,38.8878252,,,POINT (-77.0508451 38.8878252),,1397.0,0.0,primary,
,1577,4635571193,-77.0401641,38.8990619,,,POINT (-77.0401641 38.8990619),,1398.0,0.0,primary,
,1578,49827624,-77.0417067,38.8995974,,,POINT (-77.0417067 38.8995974),,1399.0,0.0,primary,
,1579,49770755,-77.0394673,38.8964164,,,POINT (-77.0394673 38.8964164),,1400.0,0.0,primary,
,1580,49793337,-77.0400945,38.8964172,,,POINT (-77.0400945 38.8964172),,1401.0,0.0,primary,
,1581,49775608,-77.0354219,38.9076353,,,POINT (-77.0354219 38.9076353),,1402.0,0.0,primary,
,1582,9526260026,-77.0363036,38.9074484,,,POINT (-77.0363036 38.9074484),,1403.0,0.0,primary,
,1583,49871713,-77.0363134,38.9070504,,,POINT (-77.0363134 38.9070504),,1404.0,0.0,primary,
,1584,9166612485,-77.0362258,38.9070421,,,POINT (-77.0362258 38.9070421),,1405.0,0.0,primary,
,1585,9526260023,-77.0367772,38.9070699,,,POINT (-77.0367772 38.9070699),,1406.0,0.0,primary,
,1586,9316107827,-77.1165801,38.9295433,,,POINT (-77.1165801 38.9295433),,1407.0,0.0,primary,
,1587,49852391,-77.047438,38.8756642,,,POINT (-77.047438 38.8756642),,1408.0,0.0,motorway,
,1588,2999337343,-77.0468458,38.874988,,,POINT (-77.0468458 38.874988),,1409.0,-1.0,motorway,
,1589,49810729,-77.0467364,38.8750453,,,POINT (-77.0467364 38.8750453),,1410.0,1.0,motorway,
,1590,49810733,-77.0473287,38.8757215,,,POINT (-77.0473287 38.8757215),,1411.0,0.0,motorway,
,1591,49852461,-77.0551803,38.8821264,,,POINT (-77.0551803 38.8821264),,1412.0,0.0,motorway,
,1592,829672676,-77.0568203,38.8836442,,,POINT (-77.0568203 38.8836442),,1413.0,0.0,motorway,
,1593,49721198,-77.0584683,38.8807253,,,POINT (-77.0584683 38.8807253),,1414.0,0.0,motorway,
,1594,49852427,-77.0528543,38.8805429,,,POINT (-77.0528543 38.8805429),,1415.0,0.0,motorway,
,1595,63346725,-77.0593695,38.8810469,,,POINT (-77.0593695 38.8810469),,1416.0,0.0,motorway,
,1596,49852576,-77.0637033,38.889676,,,POINT (-77.0637033 38.889676),,1417.0,0.0,motorway,
,1597,63346992,-77.0642441,38.88999,,,POINT (-77.0642441 38.88999),,1418.0,-1.0,motorway,
,1598,49746274,-76.9872769,38.8862355,,,POINT (-76.9872769 38.8862355),,1419.0,0.0,tertiary,
,1599,306498573,-77.0178286,38.9283945,,,POINT (-77.0178286 38.9283945),,1420.0,0.0,secondary,
,1600,306498575,-77.018416,38.9285405,,,POINT (-77.018416 38.9285405),,1421.0,0.0,secondary,
,1601,49723816,-77.0194071,38.9285604,,,POINT (-77.0194071 38.9285604),,1422.0,0.0,secondary,
,1602,306513964,-77.0787312,38.946595,,,POINT (-77.0787312 38.946595),,1423.0,0.0,primary,
,1603,49790836,-77.0791163,38.9461463,,,POINT (-77.0791163 38.9461463),,1424.0,0.0,primary,
,1604,306513257,-77.078813,38.9459673,,,POINT (-77.078813 38.9459673),,1425.0,0.0,primary,
,1605,653945659,-76.9689284,38.8491909,,,POINT (-76.9689284 38.8491909),,1426.0,0.0,primary,
,1606,49859763,-77.0456076,38.9335776,,,POINT (-77.0456076 38.9335776),,1427.0,0.0,tertiary,
,1607,49843094,-77.0364452,38.9378603,,,POINT (-77.0364452 38.9378603),,1428.0,0.0,primary,
,1608,49843098,-77.0364455,38.9386032,,,POINT (-77.0364455 38.9386032),,1429.0,0.0,primary,
,1609,49843101,-77.0364432,38.9391131,,,POINT (-77.0364432 38.9391131),,1430.0,0.0,primary,
,1611,11189136601,-77.0228473,38.9734408,,,POINT (-77.0228473 38.9734408),,1432.0,0.0,secondary,
,1612,49759881,-77.025364,38.9699311,,,POINT (-77.025364 38.9699311),,1433.0,0.0,secondary,
,1613,49759867,-77.0260058,38.9686259,,,POINT (-77.0260058 38.9686259),,1434.0,0.0,secondary,
,1614,11189136609,-77.0225372,38.9738246,,,POINT (-77.0225372 38.9738246),,1435.0,0.0,secondary,
,1615,9177048229,-77.0218209,38.9747397,,,POINT (-77.0218209 38.9747397),,1436.0,0.0,secondary,
,1616,49781395,-77.0161783,38.9661384,,,POINT (-77.0161783 38.9661384),,1437.0,0.0,tertiary,
,1617,49822541,-77.016174,38.9699387,,,POINT (-77.016174 38.9699387),,1438.0,0.0,tertiary,
,1618,49758026,-77.016151,38.971274,,,POINT (-77.016151 38.971274),,1439.0,0.0,tertiary,
,1619,49802833,-77.016086,38.971932,,,POINT (-77.016086 38.971932),,1440.0,0.0,secondary,
,1620,49789284,-77.025622,38.942293,,,POINT (-77.025622 38.942293),,1441.0,0.0,trunk,
,1621,3781487710,-77.0251426,38.942938,,,POINT (-77.0251426 38.942938),,1442.0,0.0,tertiary,
,1622,49825505,-77.019033,38.937398,,,POINT (-77.019033 38.937398),,1443.0,0.0,tertiary,
,1623,5467304476,-77.0182984,38.9306405,,,POINT (-77.0182984 38.9306405),,1444.0,0.0,tertiary,
,1625,11332977605,-77.0319292,38.9200804,,,POINT (-77.0319292 38.9200804),,1446.0,0.0,secondary,
,1626,49877936,-77.0343625,38.9192589,,,POINT (-77.0343625 38.9192589),,1447.0,0.0,secondary,
,1627,49773597,-77.0270388,38.9207729,,,POINT (-77.0270388 38.9207729),,1448.0,0.0,secondary,
,1628,49769209,-77.027038,38.923767,,,POINT (-77.027038 38.923767),,1449.0,0.0,tertiary,
,1629,49773622,-77.027046,38.926749,,,POINT (-77.027046 38.926749),,1450.0,0.0,tertiary,
,1630,49764453,-77.035525,38.92705,,,POINT (-77.035525 38.92705),,1451.0,0.0,secondary,
,1631,49764461,-77.0361867,38.9286803,,,POINT (-77.0361867 38.9286803),,1452.0,0.0,secondary,
,1632,49764467,-77.0364641,38.9291741,,,POINT (-77.0364641 38.9291741),,1453.0,0.0,primary,
,1633,49740082,-77.0446548,38.9248696,,,POINT (-77.0446548 38.9248696),,1454.0,0.0,tertiary,
,1634,965766236,-77.0442801,38.9260194,,,POINT (-77.0442801 38.9260194),,1455.0,0.0,tertiary,
,1635,49740074,-77.0447432,38.9246743,,,POINT (-77.0447432 38.9246743),,1456.0,0.0,tertiary,
,1636,49739997,-77.043674,38.9234253,,,POINT (-77.043674 38.9234253),,1457.0,0.0,tertiary,
,1637,1439840064,-77.0373045,38.9260332,,,POINT (-77.0373045 38.9260332),,1458.0,0.0,secondary,
,1638,49793526,-77.0446955,38.9232443,,,POINT (-77.0446955 38.9232443),,1459.0,0.0,secondary,
,1639,2286013907,-77.0469005,38.9232426,,,POINT (-77.0469005 38.9232426),,1460.0,0.0,secondary,
,1640,2994016179,-77.0699594,38.927525,,,POINT (-77.0699594 38.927525),,1461.0,0.0,secondary,
,1641,10931067791,-77.0636698,38.9275331,,,POINT (-77.0636698 38.9275331),,1462.0,0.0,secondary,
,1642,49723515,-77.072014,38.927529,,,POINT (-77.072014 38.927529),,1463.0,0.0,primary,
,1643,49800627,-77.071679,38.927526,,,POINT (-77.071679 38.927526),,1464.0,0.0,primary,
,1644,49773049,-77.0219206,38.9126038,,,POINT (-77.0219206 38.9126038),,1465.0,0.0,secondary,
,1645,49810893,-77.0239706,38.9126083,,,POINT (-77.0239706 38.9126083),,1466.0,0.0,primary,
,1648,49770676,-77.0385218,38.9111395,,,POINT (-77.0385218 38.9111395),,1469.0,0.0,secondary,
,1649,49797032,-77.0365175,38.9111433,,,POINT (-77.0365175 38.9111433),,1470.0,0.0,primary,
,1650,49745200,-77.0319524,38.9111396,,,POINT (-77.0319524 38.9111396),,1471.0,0.0,primary,
,1651,49797010,-77.0287502,38.9111391,,,POINT (-77.0287502 38.9111391),,1472.0,0.0,secondary,
,1652,49797044,-77.0416561,38.9111423,,,POINT (-77.0416561 38.9111423),,1473.0,0.0,secondary,
,1655,49765113,-77.0365036,38.917012,,,POINT (-77.0365036 38.917012),,1476.0,0.0,primary,
,1656,2305183785,-77.0368131,38.9167081,,,POINT (-77.0368131 38.9167081),,1477.0,0.0,secondary,
,1657,49791761,-77.0440751,38.9155652,,,POINT (-77.0440751 38.9155652),,1478.0,0.0,primary,
,1658,5579977630,-77.0439488,38.9155769,,,POINT (-77.0439488 38.9155769),,1479.0,0.0,tertiary,
,1659,49759112,-77.0462801,38.9159904,,,POINT (-77.0462801 38.9159904),,1480.0,0.0,primary,
,1660,9123144093,-77.0446493,38.9156188,,,POINT (-77.0446493 38.9156188),,1481.0,0.0,tertiary,
,1661,49773040,-77.0219188,38.9111389,,,POINT (-77.0219188 38.9111389),,1482.0,0.0,secondary,
,1662,49796975,-77.0199015,38.9111378,,,POINT (-77.0199015 38.9111378),,1483.0,0.0,trunk,
,1663,9403945449,-77.022871,38.9111396,,,POINT (-77.022871 38.9111396),,1484.0,0.0,tertiary,
,1664,49773036,-77.0219168,38.9096388,,,POINT (-77.0219168 38.9096388),,1485.0,0.0,secondary,
,1665,49773031,-77.0219171,38.908571,,,POINT (-77.0219171 38.908571),,1486.0,0.0,secondary,
,1666,49773027,-77.0219174,38.907238,,,POINT (-77.0219174 38.907238),,1487.0,0.0,secondary,
,1667,4805639672,-77.0219192,38.912022,,,POINT (-77.0219192 38.912022),,1488.0,0.0,secondary,
,1668,3027832454,-77.0319537,38.8961343,,,POINT (-77.0319537 38.8961343),,1489.0,0.0,primary,
,1670,3012535014,-77.0219195,38.8939028,,,POINT (-77.0219195 38.8939028),,1491.0,0.0,secondary,
,1671,49773008,-77.0219136,38.9025309,,,POINT (-77.0219136 38.9025309),,1492.0,0.0,primary,
,1672,49793566,-77.023979,38.9008801,,,POINT (-77.023979 38.9008801),,1493.0,0.0,primary,
,1673,4629743357,-77.0239478,38.9173804,,,POINT (-77.0239478 38.9173804),,1494.0,0.0,secondary,
,1674,49763073,-76.9984584,38.8948023,,,POINT (-76.9984584 38.8948023),,1495.0,0.0,tertiary,
,1675,49777892,-76.9984574,38.8961238,,,POINT (-76.9984574 38.8961238),,1496.0,0.0,tertiary,
,1676,49744691,-76.9984492,38.8940911,,,POINT (-76.9984492 38.8940911),,1497.0,0.0,primary,
,1677,7065191051,-76.998457,38.8998558,,,POINT (-76.998457 38.8998558),,1498.0,0.0,tertiary,
,1678,49741038,-77.0005693,38.8948006,,,POINT (-77.0005693 38.8948006),,1499.0,0.0,tertiary,
,1679,49741037,-77.0005755,38.8941161,,,POINT (-77.0005755 38.8941161),,1500.0,0.0,primary,
,1680,49741058,-77.0005703,38.9002087,,,POINT (-77.0005703 38.9002087),,1501.0,0.0,primary,
,1681,3008051189,-76.9980844,38.9066057,,,POINT (-76.9980844 38.9066057),,1502.0,0.0,primary,
,1682,49777259,-76.995842,38.909613,,,POINT (-76.995842 38.909613),,1503.0,0.0,primary,
,1683,49741033,-77.000579,38.8939347,,,POINT (-77.000579 38.8939347),,1504.0,0.0,primary,
,1684,7554685045,-76.9984801,38.8932745,,,POINT (-76.9984801 38.8932745),,1505.0,0.0,primary,
,1685,49744808,-76.9984715,38.8935858,,,POINT (-76.9984715 38.8935858),,1506.0,0.0,primary,
,1686,655442834,-76.9915339,38.8826782,,,POINT (-76.9915339 38.8826782),,1507.0,0.0,secondary,
,1687,49739600,-76.9855024,38.8989098,,,POINT (-76.9855024 38.8989098),,1508.0,0.0,tertiary,
,1688,49739577,-76.9854996,38.8935737,,,POINT (-76.9854996 38.8935737),,1509.0,0.0,secondary,
,1690,49758244,-76.983644,38.896667,,,POINT (-76.983644 38.896667),,1511.0,0.0,tertiary,
,1692,9712769083,-76.9847043,38.8921262,,,POINT (-76.9847043 38.8921262),,1513.0,0.0,secondary,
,1693,49789496,-76.9836639,38.8796923,,,POINT (-76.9836639 38.8796923),,1514.0,0.0,primary,
,1694,49823743,-76.9984547,38.8864758,,,POINT (-76.9984547 38.8864758),,1515.0,0.0,tertiary,
,1695,49797401,-76.9961957,38.8873884,,,POINT (-76.9961957 38.8873884),,1516.0,0.0,tertiary,
,1696,9591171709,-76.9850726,38.8919546,,,POINT (-76.9850726 38.8919546),,1517.0,0.0,primary,
,1697,11198005517,-76.9853854,38.8918139,,,POINT (-76.9853854 38.8918139),,1518.0,0.0,primary,
,1698,11198005518,-76.9855072,38.8917675,,,POINT (-76.9855072 38.8917675),,1519.0,0.0,primary,
,1699,2412715514,-77.0408142,38.7925921,,,POINT (-77.0408142 38.7925921),,1520.0,0.0,motorway,
,1700,7639962188,-77.0389623,38.7925546,,,POINT (-77.0389623 38.7925546),,1521.0,0.0,motorway,
,1701,644150792,-77.0463609,38.7930525,,,POINT (-77.0463609 38.7930525),,1522.0,1.0,motorway,
,1702,4635101630,-77.0211865,38.8017706,,,POINT (-77.0211865 38.8017706),,1523.0,1.0,motorway,
,1703,1370793631,-77.0223331,38.8050522,,,POINT (-77.0223331 38.8050522),,1524.0,0.0,motorway,
,1704,4630298918,-77.0319632,38.8879929,,,POINT (-77.0319632 38.8879929),,1525.0,0.0,trunk,
,1705,8427543420,-77.0319598,38.8886221,,,POINT (-77.0319598 38.8886221),,1526.0,0.0,trunk,
,1706,49776964,-77.0322854,38.8833973,,,POINT (-77.0322854 38.8833973),,1527.0,0.0,motorway,
,1707,8555135617,-77.0326115,38.8828497,,,POINT (-77.0326115 38.8828497),,1528.0,0.0,motorway,
,1708,49728817,-77.0318611,38.8854562,,,POINT (-77.0318611 38.8854562),,1529.0,0.0,trunk,
,1709,49859937,-77.051336,38.9395619,,,POINT (-77.051336 38.9395619),,1530.0,0.0,tertiary,
,1712,5558866790,-76.9656893,38.8490013,,,POINT (-76.9656893 38.8490013),,1533.0,0.0,primary,
,1713,11831784019,-77.0082369,38.8451376,,,POINT (-77.0082369 38.8451376),,1534.0,0.0,secondary,
,1714,11831784021,-77.0084711,38.8451394,,,POINT (-77.0084711 38.8451394),,1535.0,0.0,secondary,
,1715,49716541,-77.007675,38.830215,,,POINT (-77.007675 38.830215),,1536.0,0.0,primary,
,1716,5190063597,-77.0076741,38.8297156,,,POINT (-77.0076741 38.8297156),,1537.0,0.0,primary,
,1717,49879608,-77.0042215,38.8569193,,,POINT (-77.0042215 38.8569193),,1538.0,0.0,motorway,
,1718,49881375,-76.9623057,38.8864559,,,POINT (-76.9623057 38.8864559),,1539.0,0.0,motorway,
,1719,646203053,-76.9582822,38.8896943,,,POINT (-76.9582822 38.8896943),,1540.0,0.0,motorway,
,1720,49716334,-77.004094,38.859669,,,POINT (-77.004094 38.859669),,1541.0,0.0,primary,
,1721,49716363,-77.0050402,38.8572975,,,POINT (-77.0050402 38.8572975),,1542.0,0.0,primary,
,1722,641899824,-77.000542,38.8639474,,,POINT (-77.000542 38.8639474),,1543.0,0.0,primary,
,1723,9772916138,-77.001024,38.8639884,,,POINT (-77.001024 38.8639884),,1544.0,0.0,motorway,
,1724,49879972,-77.0169526,38.8223482,,,POINT (-77.0169526 38.8223482),,1545.0,0.0,motorway,
,1725,444347209,-77.0169177,38.8226404,,,POINT (-77.0169177 38.8226404),,1546.0,0.0,motorway,
,1726,49833606,-76.960325,38.868954,,,POINT (-76.960325 38.868954),,1547.0,0.0,trunk,
,1727,49833615,-76.9597311,38.8658288,,,POINT (-76.9597311 38.8658288),,1548.0,0.0,trunk,
,1728,2461134264,-77.0560876,38.9019303,,,POINT (-77.0560876 38.9019303),,1549.0,0.0,trunk,
,1729,641107749,-77.0561231,38.9014568,,,POINT (-77.0561231 38.9014568),,1550.0,0.0,trunk,
,1730,49787884,-77.0525467,38.9245995,,,POINT (-77.0525467 38.9245995),,1551.0,0.0,primary,
,1731,49787863,-77.0525974,38.9234839,,,POINT (-77.0525974 38.9234839),,1552.0,0.0,primary,
,1732,1004313285,-77.0484,38.9339452,,,POINT (-77.0484 38.9339452),,1553.0,0.0,primary,
,1733,1004313266,-77.0479206,38.9346295,,,POINT (-77.0479206 38.9346295),,1554.0,0.0,primary,
,1734,448787282,-77.0563279,38.9318105,,,POINT (-77.0563279 38.9318105),,1555.0,0.0,primary,
,1735,49820647,-77.0570387,38.9330325,,,POINT (-77.0570387 38.9330325),,1556.0,0.0,primary,
,1736,1447308555,-77.0573139,38.9335061,,,POINT (-77.0573139 38.9335061),,1557.0,0.0,primary,
,1737,49752115,-77.057649,38.934083,,,POINT (-77.057649 38.934083),,1558.0,0.0,primary,
,1738,1004264379,-77.0518995,38.9340593,,,POINT (-77.0518995 38.9340593),,1559.0,0.0,secondary,
,1739,1004264138,-77.0540765,38.9350436,,,POINT (-77.0540765 38.9350436),,1560.0,0.0,secondary,
,1740,49723539,-77.0509878,38.9335096,,,POINT (-77.0509878 38.9335096),,1561.0,0.0,primary,
,1741,648621597,-77.026637,38.9847185,,,POINT (-77.026637 38.9847185),,1562.0,0.0,trunk,
,1742,2491649333,-77.027073,38.9849385,,,POINT (-77.027073 38.9849385),,1563.0,0.0,tertiary,
,1743,12175089068,-77.0094707,38.876541,,,POINT (-77.0094707 38.876541),,1564.0,0.0,primary,
,1744,4001481499,-77.0100429,38.8765414,,,POINT (-77.0100429 38.8765414),,1565.0,0.0,primary,
,1745,486665753,-77.0394642,38.878402,,,POINT (-77.0394642 38.878402),,1566.0,0.0,motorway,
,1746,486668383,-77.0438908,38.8738237,,,POINT (-77.0438908 38.8738237),,1567.0,-1.0,motorway,
,1747,49726577,-77.0088658,38.88087,,,POINT (-77.0088658 38.88087),,1568.0,0.0,motorway,
,1748,641965169,-77.0088789,38.8792885,,,POINT (-77.0088789 38.8792885),,1569.0,0.0,secondary,
,1749,2956751420,-77.0258715,38.883588,,,POINT (-77.0258715 38.883588),,1570.0,0.0,tertiary,
,1750,2956751419,-77.0258822,38.8842124,,,POINT (-77.0258822 38.8842124),,1571.0,0.0,tertiary,
,1751,655662006,-77.0281411,38.8826677,,,POINT (-77.0281411 38.8826677),,1572.0,0.0,secondary,
,1752,49719597,-77.0277094,38.8819313,,,POINT (-77.0277094 38.8819313),,1573.0,0.0,secondary,
,1753,49717612,-77.0239902,38.8828735,,,POINT (-77.0239902 38.8828735),,1574.0,0.0,motorway,
,1754,3000233150,-77.0239871,38.8819716,,,POINT (-77.0239871 38.8819716),,1575.0,0.0,motorway,
,1755,486890200,-77.0238896,38.8834669,,,POINT (-77.0238896 38.8834669),,1576.0,0.0,motorway,
,1756,622721012,-77.0238807,38.8848433,,,POINT (-77.0238807 38.8848433),,1577.0,0.0,secondary,
,1757,486890227,-77.0238872,38.8843377,,,POINT (-77.0238872 38.8843377),,1578.0,0.0,motorway,
,1758,49731667,-77.0240037,38.883468,,,POINT (-77.0240037 38.883468),,1579.0,0.0,motorway,
,1759,3000233176,-77.023992,38.8830515,,,POINT (-77.023992 38.8830515),,1580.0,0.0,motorway,
,1760,486890270,-77.0241742,38.8834709,,,POINT (-77.0241742 38.8834709),,1581.0,0.0,motorway,
,1761,3005838580,-77.0241748,38.8830462,,,POINT (-77.0241748 38.8830462),,1582.0,0.0,motorway,
,1762,49731670,-77.0242124,38.8828793,,,POINT (-77.0242124 38.8828793),,1583.0,0.0,motorway,
,1765,610801547,-77.0240043,38.8843416,,,POINT (-77.0240043 38.8843416),,1586.0,0.0,motorway,
,1767,3001754958,-77.0261276,38.8812235,,,POINT (-77.0261276 38.8812235),,1588.0,0.0,primary,
,1768,49718097,-77.033092,38.878982,,,POINT (-77.033092 38.878982),,1589.0,0.0,motorway,
,1769,49764341,-77.0345412,38.9103942,,,POINT (-77.0345412 38.9103942),,1590.0,0.0,secondary,
,1770,49764348,-77.0345378,38.9118817,,,POINT (-77.0345378 38.9118817),,1591.0,0.0,secondary,
,1773,4001053565,-76.9577221,38.8552035,,,POINT (-76.9577221 38.8552035),,1594.0,0.0,secondary,
,1774,876652521,-76.9566018,38.8560774,,,POINT (-76.9566018 38.8560774),,1595.0,0.0,secondary,
,1775,49827376,-77.0610351,38.8853332,,,POINT (-77.0610351 38.8853332),,1596.0,0.0,primary,
,1776,7798819773,-77.0618106,38.8850526,,,POINT (-77.0618106 38.8850526),,1597.0,2.0,primary,
,1777,269372764,-77.050838,38.9096379,,,POINT (-77.050838 38.9096379),,1598.0,0.0,secondary,
,1778,49729752,-77.0524429,38.9096618,,,POINT (-77.0524429 38.9096618),,1599.0,0.0,secondary,
,1779,641054011,-77.0627921,38.9043611,,,POINT (-77.0627921 38.9043611),,1600.0,0.0,secondary,
,1780,1439754938,-77.0627934,38.904416,,,POINT (-77.0627934 38.904416),,1601.0,0.0,secondary,
,1781,3656193304,-77.0013052,38.8212652,,,POINT (-77.0013052 38.8212652),,1602.0,0.0,primary,
,1782,953283298,-77.0013064,38.8211918,,,POINT (-77.0013064 38.8211918),,1603.0,-1.0,primary,
,1784,5441148078,-77.0084082,38.9001686,,,POINT (-77.0084082 38.9001686),,1605.0,0.0,primary,
,1785,8832178453,-77.0239689,38.9029163,,,POINT (-77.0239689 38.9029163),,1606.0,0.0,primary,
,1786,611258252,-77.031956,38.8932072,,,POINT (-77.031956 38.8932072),,1607.0,0.0,primary,
,1787,3027817915,-77.0319545,38.8944384,,,POINT (-77.0319545 38.8944384),,1608.0,0.0,primary,
,1788,4629849084,-77.023446,38.8920837,,,POINT (-77.023446 38.8920837),,1609.0,0.0,trunk,
,1789,49748694,-77.0189408,38.8921456,,,POINT (-77.0189408 38.8921456),,1610.0,0.0,primary,
,1790,49748716,-77.0199063,38.8920794,,,POINT (-77.0199063 38.8920794),,1611.0,0.0,trunk,
,1792,8476470743,-77.0239714,38.8932591,,,POINT (-77.0239714 38.8932591),,1613.0,0.0,primary,
,1795,49775968,-77.0199028,38.9140933,,,POINT (-77.0199028 38.9140933),,1616.0,0.0,trunk,
,1796,49844851,-77.0199628,38.9154466,,,POINT (-77.0199628 38.9154466),,1617.0,0.0,trunk,
,1797,9642651666,-77.0184358,38.9040855,,,POINT (-77.0184358 38.9040855),,1618.0,0.0,trunk,
,1801,49772864,-77.021372,38.937027,,,POINT (-77.021372 38.937027),,1622.0,0.0,tertiary,
,1802,49859255,-77.035834,38.8794538,,,POINT (-77.035834 38.8794538),,1623.0,0.0,motorway,
,1803,12192315273,-77.0320284,38.886398,,,POINT (-77.0320284 38.886398),,1624.0,0.0,trunk,
,1804,49732053,-77.0581191,38.9052411,,,POINT (-77.0581191 38.9052411),,1625.0,0.0,primary,
,1805,49788264,-77.0591638,38.9052259,,,POINT (-77.0591638 38.9052259),,1626.0,0.0,primary,
,1806,49822884,-77.0660502,38.9051145,,,POINT (-77.0660502 38.9051145),,1627.0,0.0,primary,
,1807,896513241,-77.0665754,38.9051042,,,POINT (-77.0665754 38.9051042),,1628.0,0.0,primary,
,1808,49799147,-77.0651908,38.9051322,,,POINT (-77.0651908 38.9051322),,1629.0,0.0,primary,
,1809,49845837,-77.0628107,38.9051778,,,POINT (-77.0628107 38.9051778),,1630.0,0.0,primary,
,1810,49827112,-77.0407639,38.919859,,,POINT (-77.0407639 38.919859),,1631.0,0.0,tertiary,
,1811,49827117,-77.0408682,38.9201926,,,POINT (-77.0408682 38.9201926),,1632.0,0.0,tertiary,
,1812,49769187,-77.0413851,38.9230801,,,POINT (-77.0413851 38.9230801),,1633.0,0.0,tertiary,
,1813,4629849081,-77.0327719,38.8963436,,,POINT (-77.0327719 38.8963436),,1634.0,0.0,tertiary,
,1814,4015527453,-77.03289,38.8838217,,,POINT (-77.03289 38.8838217),,1635.0,0.0,primary,
,1815,3005239518,-77.0359846,38.8798689,,,POINT (-77.0359846 38.8798689),,1636.0,0.0,tertiary,
,1816,520070571,-77.0336648,38.8843274,,,POINT (-77.0336648 38.8843274),,1637.0,0.0,primary,
,1817,1350845800,-77.0326091,38.8921001,,,POINT (-77.0326091 38.8921001),,1638.0,0.0,trunk,
,1818,2504806041,-77.0336389,38.8921021,,,POINT (-77.0336389 38.8921021),,1639.0,0.0,trunk,
,1820,1350845805,-77.0167721,38.9047269,,,POINT (-77.0167721 38.9047269),,1641.0,0.0,trunk,
,1821,49844794,-77.019907,38.902521,,,POINT (-77.019907 38.902521),,1642.0,0.0,trunk,
,1823,49844805,-77.0199018,38.9041812,,,POINT (-77.0199018 38.9041812),,1644.0,0.0,trunk,
,1824,3012784293,-77.0219158,38.9041706,,,POINT (-77.0219158 38.9041706),,1645.0,0.0,secondary,
,1825,49810871,-77.0239723,38.9041773,,,POINT (-77.0239723 38.9041773),,1646.0,0.0,primary,
,1826,2440761315,-77.025005,38.9041753,,,POINT (-77.025005 38.9041753),,1647.0,0.0,tertiary,
,1827,12258219802,-77.0239684,38.9033575,,,POINT (-77.0239684 38.9033575),,1648.0,0.0,primary,
,1828,642421284,-77.0112291,38.8819902,,,POINT (-77.0112291 38.8819902),,1649.0,0.0,motorway,
,1829,3006085744,-77.01409,38.8860456,,,POINT (-77.01409 38.8860456),,1650.0,0.0,primary,
,1830,49720590,-77.0136351,38.8860426,,,POINT (-77.0136351 38.8860426),,1651.0,0.0,primary,
,1833,1364961096,-77.0287657,38.9100175,,,POINT (-77.0287657 38.9100175),,1654.0,0.0,primary,
,1834,2791267385,-77.0288098,38.9100027,,,POINT (-77.0288098 38.9100027),,1655.0,0.0,primary,
,1838,641116185,-77.0292083,38.9025284,,,POINT (-77.0292083 38.9025284),,1659.0,0.0,trunk,
,1840,641119722,-77.0687471,38.9047951,,,POINT (-77.0687471 38.9047951),,1661.0,0.0,primary,
,1841,641120132,-77.0689575,38.9043291,,,POINT (-77.0689575 38.9043291),,1662.0,0.0,primary,
,1842,641119877,-77.0698906,38.9050288,,,POINT (-77.0698906 38.9050288),,1663.0,0.0,primary,
,1843,49845863,-77.0690542,38.9050497,,,POINT (-77.0690542 38.9050497),,1664.0,0.0,primary,
,1844,49731508,-77.0541627,38.8995846,,,POINT (-77.0541627 38.8995846),,1665.0,0.0,motorway,
,1845,642353395,-76.98176,38.8782877,,,POINT (-76.98176 38.8782877),,1666.0,0.0,primary,
,1846,10966550333,-76.9879354,38.877436,,,POINT (-76.9879354 38.877436),,1667.0,0.0,primary,
,1847,49750127,-77.0005737,38.8797767,,,POINT (-77.0005737 38.8797767),,1668.0,0.0,tertiary,
,1848,1443727066,-77.0005702,38.8792916,,,POINT (-77.0005702 38.8792916),,1669.0,0.0,tertiary,
,1849,1443727055,-77.0005646,38.8775311,,,POINT (-77.0005646 38.8775311),,1670.0,0.0,tertiary,
,1850,10169283837,-77.0325745,38.9059791,,,POINT (-77.0325745 38.9059791),,1671.0,0.0,primary,
,1851,6007151792,-77.0339326,38.9063984,,,POINT (-77.0339326 38.9063984),,1672.0,0.0,primary,
,1852,10169283836,-77.0327603,38.9058368,,,POINT (-77.0327603 38.9058368),,1673.0,0.0,primary,
,1853,10169283835,-77.0325848,38.9057669,,,POINT (-77.0325848 38.9057669),,1674.0,0.0,primary,
,1854,647628098,-77.0323973,38.9056505,,,POINT (-77.0323973 38.9056505),,1675.0,0.0,primary,
,1855,11274721879,-77.0319533,38.9074032,,,POINT (-77.0319533 38.9074032),,1676.0,0.0,primary,
,1856,9136761808,-77.0319541,38.9083078,,,POINT (-77.0319541 38.9083078),,1677.0,0.0,primary,
,1857,3461396741,-77.031446,38.906526,,,POINT (-77.031446 38.906526),,1678.0,0.0,tertiary,
,1858,647628019,-77.0318699,38.9063187,,,POINT (-77.0318699 38.9063187),,1679.0,0.0,primary,
,1859,647628071,-77.0316644,38.9059901,,,POINT (-77.0316644 38.9059901),,1680.0,0.0,primary,
,1860,1363151578,-77.0316864,38.9053757,,,POINT (-77.0316864 38.9053757),,1681.0,0.0,primary,
,1861,3660947569,-77.0297907,38.9048483,,,POINT (-77.0297907 38.9048483),,1682.0,0.0,primary,
,1863,876615199,-77.0317285,38.9053531,,,POINT (-77.0317285 38.9053531),,1684.0,0.0,primary,
,1864,1363151543,-77.0320046,38.9062406,,,POINT (-77.0320046 38.9062406),,1685.0,0.0,primary,
,1865,49748539,-77.032165,38.9059589,,,POINT (-77.032165 38.9059589),,1686.0,0.0,primary,
,1866,49865774,-77.0324901,38.9047324,,,POINT (-77.0324901 38.9047324),,1687.0,0.0,tertiary,
,1867,1439430729,-77.0324218,38.9048183,,,POINT (-77.0324218 38.9048183),,1688.0,0.0,tertiary,
,1868,1363151612,-77.0322408,38.905282,,,POINT (-77.0322408 38.905282),,1689.0,0.0,primary,
,1869,1363151613,-77.0323288,38.9051146,,,POINT (-77.0323288 38.9051146),,1690.0,0.0,tertiary,
,1870,6007151790,-77.0298198,38.9049693,,,POINT (-77.0298198 38.9049693),,1691.0,0.0,primary,
,1871,9320542359,-77.0315111,38.9056445,,,POINT (-77.0315111 38.9056445),,1692.0,0.0,primary,
,1872,50399828,-76.9462512,38.8641356,,,POINT (-76.9462512 38.8641356),,1693.0,0.0,secondary,
,1873,1456422815,-76.9464171,38.8640142,,,POINT (-76.9464171 38.8640142),,1694.0,0.0,secondary,
,1874,643753807,-77.04242,38.8728992,,,POINT (-77.04242 38.8728992),,1695.0,1.0,motorway,
,1875,12410958908,-77.0422208,38.8731037,,,POINT (-77.0422208 38.8731037),,1696.0,0.0,motorway,
,1876,49859263,-77.0364811,38.8792758,,,POINT (-77.0364811 38.8792758),,1697.0,0.0,motorway,
,1877,49859374,-77.0356758,38.8794337,,,POINT (-77.0356758 38.8794337),,1698.0,0.0,motorway,
,1878,3001694491,-77.0349237,38.8797811,,,POINT (-77.0349237 38.8797811),,1699.0,0.0,motorway,
,1879,49859224,-77.0355294,38.8794217,,,POINT (-77.0355294 38.8794217),,1700.0,0.0,motorway,
,1880,49859366,-77.0362714,38.8792372,,,POINT (-77.0362714 38.8792372),,1701.0,0.0,motorway,
,1881,49859291,-77.0383426,38.87902,,,POINT (-77.0383426 38.87902),,1702.0,0.0,motorway,
,1882,49867894,-77.0384437,38.8790817,,,POINT (-77.0384437 38.8790817),,1703.0,0.0,motorway,
,1883,49867749,-77.038136,38.8788943,,,POINT (-77.038136 38.8788943),,1704.0,0.0,motorway,
,1884,3000138181,-77.0329392,38.8791301,,,POINT (-77.0329392 38.8791301),,1705.0,0.0,motorway,
,1885,49717332,-77.033588,38.8814966,,,POINT (-77.033588 38.8814966),,1706.0,0.0,motorway,
,1886,49776994,-77.0334829,38.881406,,,POINT (-77.0334829 38.881406),,1707.0,0.0,motorway,
,1887,3005320531,-77.0332694,38.8819405,,,POINT (-77.0332694 38.8819405),,1708.0,0.0,motorway,
,1888,3001694490,-77.0327852,38.8823823,,,POINT (-77.0327852 38.8823823),,1709.0,0.0,motorway,
,1889,8555069012,-77.0324341,38.88269,,,POINT (-77.0324341 38.88269),,1710.0,0.0,motorway,
,1890,8555069015,-77.033199,38.8825966,,,POINT (-77.033199 38.8825966),,1711.0,0.0,primary,
,1891,661598115,-77.0337559,38.8820509,,,POINT (-77.0337559 38.8820509),,1712.0,0.0,primary,
,1892,417247942,-77.0320486,38.8836131,,,POINT (-77.0320486 38.8836131),,1713.0,0.0,motorway,
,1893,3001696175,-77.0318919,38.8846462,,,POINT (-77.0318919 38.8846462),,1714.0,0.0,trunk,
,1894,49717297,-77.0329154,38.8824329,,,POINT (-77.0329154 38.8824329),,1715.0,0.0,motorway,
,1895,49777003,-77.0321598,38.8833357,,,POINT (-77.0321598 38.8833357),,1716.0,0.0,motorway,
,1896,8555069016,-77.032527,38.8827404,,,POINT (-77.032527 38.8827404),,1717.0,0.0,motorway,
,1897,3004033608,-77.0318491,38.883292,,,POINT (-77.0318491 38.883292),,1718.0,0.0,primary,
,1898,622719855,-77.0270239,38.8850618,,,POINT (-77.0270239 38.8850618),,1719.0,0.0,motorway,
,1899,3000138182,-77.0271898,38.8860567,,,POINT (-77.0271898 38.8860567),,1720.0,0.0,motorway,
,1900,622719861,-77.0269251,38.8850863,,,POINT (-77.0269251 38.8850863),,1721.0,0.0,motorway,
,1901,622719869,-77.0269252,38.8842195,,,POINT (-77.0269252 38.8842195),,1722.0,0.0,motorway,
,1902,3000138200,-77.0263027,38.8848119,,,POINT (-77.0263027 38.8848119),,1723.0,0.0,motorway,
,1903,622719923,-77.0269289,38.8834601,,,POINT (-77.0269289 38.8834601),,1724.0,0.0,motorway,
,1904,4240051849,-77.0264624,38.8829191,,,POINT (-77.0264624 38.8829191),,1725.0,0.0,tertiary,
,1906,622720244,-77.0279547,38.8885853,,,POINT (-77.0279547 38.8885853),,1727.0,0.0,motorway,
,1907,622720245,-77.0280457,38.8895045,,,POINT (-77.0280457 38.8895045),,1728.0,0.0,motorway,
,1908,622720246,-77.028048,38.8905887,,,POINT (-77.028048 38.8905887),,1729.0,0.0,motorway,
,1909,622720248,-77.0280686,38.8885854,,,POINT (-77.0280686 38.8885854),,1730.0,0.0,motorway,
,1910,622720249,-77.0280675,38.8877249,,,POINT (-77.0280675 38.8877249),,1731.0,0.0,motorway,
,1911,622719867,-77.0279,38.8870348,,,POINT (-77.0279 38.8870348),,1732.0,0.0,motorway,
,1912,49898073,-77.0281199,38.8864482,,,POINT (-77.0281199 38.8864482),,1733.0,0.0,secondary,
,1913,3001733991,-77.0280331,38.8871138,,,POINT (-77.0280331 38.8871138),,1734.0,0.0,secondary,
,1914,622720635,-77.0245062,38.8806124,,,POINT (-77.0245062 38.8806124),,1735.0,0.0,secondary,
,1915,655691395,-77.0242863,38.8810443,,,POINT (-77.0242863 38.8810443),,1736.0,0.0,secondary,
,1916,622720911,-77.0242079,38.8863382,,,POINT (-77.0242079 38.8863382),,1737.0,0.0,tertiary,
,1917,622720908,-77.0239417,38.8863365,,,POINT (-77.0239417 38.8863365),,1738.0,0.0,tertiary,
,1918,622720915,-77.0242403,38.886338,,,POINT (-77.0242403 38.886338),,1739.0,0.0,tertiary,
,1920,622720955,-77.0238491,38.8863314,,,POINT (-77.0238491 38.8863314),,1741.0,0.0,tertiary,
,1921,49855599,-77.0238652,38.8875737,,,POINT (-77.0238652 38.8875737),,1742.0,0.0,primary,
,1923,6440653623,-77.0239302,38.8848433,,,POINT (-77.0239302 38.8848433),,1744.0,0.0,secondary,
,1924,6440653624,-77.0241106,38.884843,,,POINT (-77.0241106 38.884843),,1745.0,0.0,secondary,
,1925,49892879,-77.0158508,38.8825364,,,POINT (-77.0158508 38.8825364),,1746.0,0.0,motorway,
,1926,3006085741,-77.0173544,38.882541,,,POINT (-77.0173544 38.882541),,1747.0,0.0,motorway,
,1927,49893013,-77.0173544,38.8822814,,,POINT (-77.0173544 38.8822814),,1748.0,0.0,motorway,
,1928,262430497,-77.0148293,38.8822577,,,POINT (-77.0148293 38.8822577),,1749.0,0.0,motorway,
,1929,49893011,-77.0177582,38.88229,,,POINT (-77.0177582 38.88229),,1750.0,0.0,motorway,
,1930,622721580,-77.0173424,38.8823668,,,POINT (-77.0173424 38.8823668),,1751.0,0.0,motorway,
,1931,9130998035,-77.0129182,38.8823639,,,POINT (-77.0129182 38.8823639),,1752.0,0.0,motorway,
,1932,622722007,-77.0132173,38.8826586,,,POINT (-77.0132173 38.8826586),,1753.0,0.0,motorway,
,1933,4629699768,-77.034569,38.9060023,,,POINT (-77.034569 38.9060023),,1754.0,0.0,secondary,
,1934,3998724798,-77.0345705,38.9061573,,,POINT (-77.0345705 38.9061573),,1755.0,0.0,secondary,
,1935,49812816,-77.0578552,38.915472,,,POINT (-77.0578552 38.915472),,1756.0,0.0,primary,
,1936,49812906,-77.0562151,38.9184574,,,POINT (-77.0562151 38.9184574),,1757.0,0.0,primary,
,1937,49813047,-77.0585124,38.9165343,,,POINT (-77.0585124 38.9165343),,1758.0,0.0,primary,
,1939,49757211,-77.0561594,38.9181663,,,POINT (-77.0561594 38.9181663),,1760.0,0.0,primary,
,1940,49732327,-77.051416,38.9026491,,,POINT (-77.051416 38.9026491),,1761.0,0.0,primary,
,1941,641116265,-77.0528632,38.902649,,,POINT (-77.0528632 38.902649),,1762.0,0.0,primary,
,1942,632935663,-77.0530701,38.9026486,,,POINT (-77.0530701 38.9026486),,1763.0,0.0,trunk,
,1943,4635639613,-77.0547423,38.9038202,,,POINT (-77.0547423 38.9038202),,1764.0,0.0,primary,
,1944,1004839834,-77.043468,38.9090191,,,POINT (-77.043468 38.9090191),,1765.0,0.0,primary,
,1945,1379471556,-77.042477,38.9078267,,,POINT (-77.042477 38.9078267),,1766.0,0.0,primary,
,1946,829675285,-77.0439697,38.910324,,,POINT (-77.0439697 38.910324),,1767.0,0.0,primary,
,1947,633969073,-77.0437353,38.910391,,,POINT (-77.0437353 38.910391),,1768.0,0.0,primary,
,1948,2974621124,-77.0444621,38.9111383,,,POINT (-77.0444621 38.9111383),,1769.0,0.0,primary,
,1951,49882344,-77.0434152,38.9102683,,,POINT (-77.0434152 38.9102683),,1772.0,0.0,primary,
,1952,10572736156,-77.043502,38.9102894,,,POINT (-77.043502 38.9102894),,1773.0,0.0,primary,
,1953,1243974050,-77.0435716,38.9103063,,,POINT (-77.0435716 38.9103063),,1774.0,0.0,primary,
,1954,49787770,-77.0514153,38.9029901,,,POINT (-77.0514153 38.9029901),,1775.0,0.0,primary,
,1955,1379549932,-77.0504878,38.9029888,,,POINT (-77.0504878 38.9029888),,1776.0,0.0,primary,
,1956,634011127,-77.0509882,38.9029157,,,POINT (-77.0509882 38.9029157),,1777.0,0.0,primary,
,1957,49824719,-77.0488223,38.9020896,,,POINT (-77.0488223 38.9020896),,1778.0,0.0,primary,
,1958,49738093,-77.0497251,38.9020939,,,POINT (-77.0497251 38.9020939),,1779.0,0.0,primary,
,1959,634011161,-77.0492731,38.9021596,,,POINT (-77.0492731 38.9021596),,1780.0,0.0,primary,
,1960,4325552562,-77.0296253,38.9024071,,,POINT (-77.0296253 38.9024071),,1781.0,0.0,secondary,
,1961,641116186,-77.0289451,38.9024074,,,POINT (-77.0289451 38.9024074),,1782.0,0.0,tertiary,
,1962,641116189,-77.0285282,38.9024092,,,POINT (-77.0285282 38.9024092),,1783.0,0.0,tertiary,
,1963,4325552564,-77.0280994,38.9024122,,,POINT (-77.0280994 38.9024122),,1784.0,0.0,secondary,
,1964,4697534333,-77.0355178,38.9024217,,,POINT (-77.0355178 38.9024217),,1785.0,0.0,tertiary,
,1965,11261031492,-77.0348158,38.902419,,,POINT (-77.0348158 38.902419),,1786.0,0.0,tertiary,
,1966,4325552565,-77.03458,38.902419,,,POINT (-77.03458 38.902419),,1787.0,0.0,tertiary,
,1967,641116194,-77.0326938,38.9024164,,,POINT (-77.0326938 38.9024164),,1788.0,0.0,tertiary,
,1968,641116213,-77.0319533,38.9024196,,,POINT (-77.0319533 38.9024196),,1789.0,0.0,primary,
,1969,641116193,-77.0330925,38.9024155,,,POINT (-77.0330925 38.9024155),,1790.0,0.0,tertiary,
,1970,9526260025,-77.0367326,38.9074703,,,POINT (-77.0367326 38.9074703),,1791.0,0.0,primary,
,1971,9166612489,-77.0367637,38.9070638,,,POINT (-77.0367637 38.9070638),,1792.0,0.0,primary,
,1972,635178634,-77.0365783,38.9059773,,,POINT (-77.0365783 38.9059773),,1793.0,0.0,primary,
,1973,9545184621,-77.0364939,38.9059767,,,POINT (-77.0364939 38.9059767),,1794.0,0.0,primary,
,1974,9065657753,-77.0364092,38.9067914,,,POINT (-77.0364092 38.9067914),,1795.0,0.0,primary,
,1975,9166612486,-77.0363384,38.9074625,,,POINT (-77.0363384 38.9074625),,1796.0,0.0,primary,
,1976,647631015,-77.0363557,38.9075269,,,POINT (-77.0363557 38.9075269),,1797.0,0.0,primary,
,1977,1439363701,-77.037351,38.9074777,,,POINT (-77.037351 38.9074777),,1798.0,0.0,primary,
,1978,49871743,-77.0367649,38.9074627,,,POINT (-77.0367649 38.9074627),,1799.0,0.0,primary,
,1979,635179132,-77.0296724,38.9103732,,,POINT (-77.0296724 38.9103732),,1800.0,0.0,tertiary,
,1980,635179133,-77.0296935,38.910329,,,POINT (-77.0296935 38.910329),,1801.0,0.0,tertiary,
,1981,49861310,-77.0300407,38.9091582,,,POINT (-77.0300407 38.9091582),,1802.0,0.0,secondary,
,1982,9136659668,-77.0295141,38.9089803,,,POINT (-77.0295141 38.9089803),,1803.0,0.0,secondary,
,1983,635179213,-77.0294503,38.9090547,,,POINT (-77.0294503 38.9090547),,1804.0,0.0,secondary,
,1985,641116287,-77.0485993,38.9026492,,,POINT (-77.0485993 38.9026492),,1806.0,0.0,primary,
,1986,635341645,-77.0485716,38.9024021,,,POINT (-77.0485716 38.9024021),,1807.0,0.0,primary,
,1987,5019442990,-76.963378,38.935154,,,POINT (-76.963378 38.935154),,1808.0,0.0,secondary,
,1988,1365050080,-76.9608416,38.9363491,,,POINT (-76.9608416 38.9363491),,1809.0,-1.0,primary,
,1989,1441353832,-76.9900797,38.8688272,,,POINT (-76.9900797 38.8688272),,1810.0,0.0,tertiary,
,1990,1484481958,-76.9658563,38.8973253,,,POINT (-76.9658563 38.8973253),,1811.0,0.0,primary,
,1991,1484481955,-76.9655276,38.8972962,,,POINT (-76.9655276 38.8972962),,1812.0,0.0,primary,
,1992,1484482113,-76.9629685,38.8970875,,,POINT (-76.9629685 38.8970875),,1813.0,0.0,primary,
,1993,49726250,-77.0521225,38.8905028,,,POINT (-77.0521225 38.8905028),,1814.0,0.0,primary,
,1994,49871037,-77.015177,38.9025215,,,POINT (-77.015177 38.9025215),,1815.0,0.0,secondary,
,1995,49777650,-77.0151792,38.900251,,,POINT (-77.0151792 38.900251),,1816.0,0.0,tertiary,
,1996,647030745,-77.0090123,38.9052659,,,POINT (-77.0090123 38.9052659),,1817.0,0.0,primary,
,1997,647030741,-77.0090955,38.9092248,,,POINT (-77.0090955 38.9092248),,1818.0,0.0,primary,
,1998,4630065212,-77.0091911,38.9077133,,,POINT (-77.0091911 38.9077133),,1819.0,0.0,primary,
,1999,1645991534,-77.0497107,38.9029695,,,POINT (-77.0497107 38.9029695),,1820.0,0.0,primary,
,2000,1379549935,-77.0496253,38.9030622,,,POINT (-77.0496253 38.9030622),,1821.0,0.0,secondary,
,2001,49777820,-77.0296245,38.89982,,,POINT (-77.0296245 38.89982),,1822.0,0.0,secondary,
,2003,12749860285,-77.0285943,38.8998209,,,POINT (-77.0285943 38.8998209),,1824.0,0.0,secondary,
,2005,965725297,-77.037555,38.9269515,,,POINT (-77.037555 38.9269515),,1826.0,0.0,tertiary,
,2006,1367470207,-77.0203846,38.9276056,,,POINT (-77.0203846 38.9276056),,1827.0,0.0,secondary,
,2007,49823952,-77.0204977,38.9275472,,,POINT (-77.0204977 38.9275472),,1828.0,0.0,secondary,
,2008,3000430288,-77.0052947,38.8959574,,,POINT (-77.0052947 38.8959574),,1829.0,0.0,primary,
,2009,638905411,-77.0058178,38.8960528,,,POINT (-77.0058178 38.8960528),,1830.0,0.0,primary,
,2010,49756730,-77.0058884,38.8958785,,,POINT (-77.0058884 38.8958785),,1831.0,0.0,primary,
,2011,638905432,-77.0056047,38.8958947,,,POINT (-77.0056047 38.8958947),,1832.0,0.0,primary,
,2012,3390097469,-77.00744,38.896481,,,POINT (-77.00744 38.896481),,1833.0,0.0,primary,
,2013,652905997,-77.0066391,38.9269588,,,POINT (-77.0066391 38.9269588),,1834.0,0.0,secondary,
,2014,638915929,-77.0059793,38.9264865,,,POINT (-77.0059793 38.9264865),,1835.0,0.0,tertiary,
,2015,1387035612,-77.0060797,38.9266583,,,POINT (-77.0060797 38.9266583),,1836.0,0.0,tertiary,
,2016,638915920,-76.9954771,38.9255802,,,POINT (-76.9954771 38.9255802),,1837.0,0.0,tertiary,
,2017,49887529,-76.993897,38.9255842,,,POINT (-76.993897 38.9255842),,1838.0,0.0,tertiary,
,2018,3657250009,-77.0223779,38.9812776,,,POINT (-77.0223779 38.9812776),,1839.0,0.0,secondary,
,2019,639285543,-77.0255617,38.9837546,,,POINT (-77.0255617 38.9837546),,1840.0,0.0,tertiary,
,2020,642318022,-76.9898657,38.8684674,,,POINT (-76.9898657 38.8684674),,1841.0,0.0,motorway,
,2021,1574783794,-76.9903341,38.8679293,,,POINT (-76.9903341 38.8679293),,1842.0,0.0,motorway,
,2022,639415594,-76.976561,38.8749033,,,POINT (-76.976561 38.8749033),,1843.0,0.0,motorway,
,2023,639415425,-76.9783989,38.8738173,,,POINT (-76.9783989 38.8738173),,1844.0,0.0,motorway,
,2024,640454665,-76.9761131,38.8746191,,,POINT (-76.9761131 38.8746191),,1845.0,0.0,motorway,
,2025,646190807,-76.9757777,38.8747446,,,POINT (-76.9757777 38.8747446),,1846.0,0.0,motorway,
,2026,49880761,-77.0029641,38.859981,,,POINT (-77.0029641 38.859981),,1847.0,0.0,motorway,
,2027,641899199,-77.002686,38.8606442,,,POINT (-77.002686 38.8606442),,1848.0,0.0,motorway,
,2028,639446345,-76.9648591,38.8808875,,,POINT (-76.9648591 38.8808875),,1849.0,0.0,motorway,
,2029,639446321,-76.9647277,38.8808458,,,POINT (-76.9647277 38.8808458),,1850.0,0.0,motorway,
,2030,639446418,-76.9712846,38.8757005,,,POINT (-76.9712846 38.8757005),,1851.0,0.0,motorway,
,2031,1562012716,-76.9899229,38.8679849,,,POINT (-76.9899229 38.8679849),,1852.0,0.0,motorway,
,2032,1562012742,-76.9895974,38.8682697,,,POINT (-76.9895974 38.8682697),,1853.0,0.0,motorway,
,2033,646216993,-76.9582796,38.8899761,,,POINT (-76.9582796 38.8899761),,1854.0,0.0,motorway,
,2034,646217037,-76.9581106,38.8898926,,,POINT (-76.9581106 38.8898926),,1855.0,0.0,motorway,
,2035,4633509795,-76.9584502,38.8552217,,,POINT (-76.9584502 38.8552217),,1856.0,0.0,trunk,
,2036,1469992101,-76.9581086,38.8549045,,,POINT (-76.9581086 38.8549045),,1857.0,0.0,trunk,
,2038,1472831046,-76.9109268,38.8933235,,,POINT (-76.9109268 38.8933235),,1859.0,0.0,primary,
,2039,8671224767,-76.9108937,38.893559,,,POINT (-76.9108937 38.893559),,1860.0,0.0,primary,
,2040,640613580,-77.0005708,38.8337207,,,POINT (-77.0005708 38.8337207),,1861.0,0.0,tertiary,
,2041,1443727005,-77.0005557,38.8274452,,,POINT (-77.0005557 38.8274452),,1862.0,0.0,tertiary,
,2042,640613646,-76.9996513,38.8241401,,,POINT (-76.9996513 38.8241401),,1863.0,0.0,tertiary,
,2043,49716626,-77.0047459,38.8232131,,,POINT (-77.0047459 38.8232131),,1864.0,0.0,primary,
,2044,640614122,-77.0043965,38.8230578,,,POINT (-77.0043965 38.8230578),,1865.0,0.0,primary,
,2045,640614126,-77.0040412,38.8310119,,,POINT (-77.0040412 38.8310119),,1866.0,0.0,tertiary,
,2046,12174026162,-77.0057298,38.8312003,,,POINT (-77.0057298 38.8312003),,1867.0,0.0,tertiary,
,2047,12174026163,-77.0060582,38.8312324,,,POINT (-77.0060582 38.8312324),,1868.0,0.0,tertiary,
,2048,12174010192,-77.0036943,38.8309765,,,POINT (-77.0036943 38.8309765),,1869.0,0.0,tertiary,
,2049,6775526264,-77.0036414,38.8309707,,,POINT (-77.0036414 38.8309707),,1870.0,0.0,tertiary,
,2050,640614223,-77.0023355,38.8220833,,,POINT (-77.0023355 38.8220833),,1871.0,0.0,primary,
,2051,1466515795,-77.0019909,38.8218262,,,POINT (-77.0019909 38.8218262),,1872.0,0.0,primary,
,2052,640614344,-77.0076765,38.8308602,,,POINT (-77.0076765 38.8308602),,1873.0,0.0,primary,
,2053,640712699,-76.9934701,38.8372769,,,POINT (-76.9934701 38.8372769),,1874.0,0.0,secondary,
,2054,640712707,-76.9935234,38.8377186,,,POINT (-76.9935234 38.8377186),,1875.0,0.0,secondary,
,2055,12174026364,-76.9930227,38.8364763,,,POINT (-76.9930227 38.8364763),,1876.0,0.0,secondary,
,2056,694858119,-77.0236528,38.905649,,,POINT (-77.0236528 38.905649),,1877.0,0.0,tertiary,
,2057,640784408,-77.0224554,38.9056493,,,POINT (-77.0224554 38.9056493),,1878.0,0.0,tertiary,
,2058,640784730,-77.0273933,38.9516136,,,POINT (-77.0273933 38.9516136),,1879.0,0.0,trunk,
,2059,640784706,-77.0276884,38.9512408,,,POINT (-77.0276884 38.9512408),,1880.0,0.0,secondary,
,2060,49818345,-77.0546776,38.8928331,,,POINT (-77.0546776 38.8928331),,1881.0,0.0,motorway,
,2061,641045587,-77.053537,38.8929294,,,POINT (-77.053537 38.8929294),,1882.0,0.0,motorway,
,2062,641045590,-77.053212,38.8932086,,,POINT (-77.053212 38.8932086),,1883.0,0.0,motorway,
,2063,641045599,-77.0531414,38.8939485,,,POINT (-77.0531414 38.8939485),,1884.0,0.0,motorway,
,2064,641056211,-77.0536959,38.8955467,,,POINT (-77.0536959 38.8955467),,1885.0,0.0,motorway,
,2065,9123309982,-77.0531413,38.8954145,,,POINT (-77.0531413 38.8954145),,1886.0,0.0,motorway,
,2066,641045626,-77.0511795,38.895824,,,POINT (-77.0511795 38.895824),,1887.0,0.0,motorway,
,2067,641045639,-77.0532989,38.8925429,,,POINT (-77.0532989 38.8925429),,1888.0,0.0,motorway,
,2068,641045642,-77.0524362,38.8923687,,,POINT (-77.0524362 38.8923687),,1889.0,0.0,motorway,
,2069,641045650,-77.0542182,38.8938825,,,POINT (-77.0542182 38.8938825),,1890.0,0.0,motorway,
,2070,641045657,-77.0553591,38.8931841,,,POINT (-77.0553591 38.8931841),,1891.0,0.0,motorway,
,2071,641045663,-77.0536555,38.8940855,,,POINT (-77.0536555 38.8940855),,1892.0,0.0,motorway,
,2072,641045668,-77.0538997,38.8940212,,,POINT (-77.0538997 38.8940212),,1893.0,0.0,motorway,
,2073,641045679,-77.0533388,38.8940952,,,POINT (-77.0533388 38.8940952),,1894.0,0.0,motorway,
,2074,641045687,-77.0529739,38.8940347,,,POINT (-77.0529739 38.8940347),,1895.0,0.0,motorway,
,2075,4635528614,-77.0489933,38.8921082,,,POINT (-77.0489933 38.8921082),,1896.0,0.0,trunk,
,2076,641045751,-77.0507779,38.8923158,,,POINT (-77.0507779 38.8923158),,1897.0,0.0,motorway,
,2077,49738041,-77.0501513,38.8923742,,,POINT (-77.0501513 38.8923742),,1898.0,0.0,primary,
,2078,641045807,-77.0515464,38.8921948,,,POINT (-77.0515464 38.8921948),,1899.0,0.0,motorway,
,2079,641045850,-77.0554552,38.8931417,,,POINT (-77.0554552 38.8931417),,1900.0,0.0,motorway,
,2080,641045856,-77.055702,38.8930593,,,POINT (-77.055702 38.8930593),,1901.0,0.0,motorway,
,2081,641045888,-77.0556168,38.892915,,,POINT (-77.0556168 38.892915),,1902.0,0.0,motorway,
,2082,641045891,-77.0553307,38.8929104,,,POINT (-77.0553307 38.8929104),,1903.0,0.0,motorway,
,2083,641045893,-77.0549681,38.8928805,,,POINT (-77.0549681 38.8928805),,1904.0,0.0,motorway,
,2084,641045904,-77.0549444,38.8927617,,,POINT (-77.0549444 38.8927617),,1905.0,0.0,motorway,
,2085,641045928,-77.0527845,38.8918086,,,POINT (-77.0527845 38.8918086),,1906.0,0.0,motorway,
,2086,49813232,-77.056506,38.8970398,,,POINT (-77.056506 38.8970398),,1907.0,0.0,primary,
,2087,49813189,-77.0556886,38.8932226,,,POINT (-77.0556886 38.8932226),,1908.0,0.0,primary,
,2088,10093590399,-77.0558451,38.8928976,,,POINT (-77.0558451 38.8928976),,1909.0,0.0,motorway,
,2089,641046306,-77.0501158,38.887248,,,POINT (-77.0501158 38.887248),,1910.0,0.0,primary,
,2090,641046308,-77.0501142,38.8881721,,,POINT (-77.0501142 38.8881721),,1911.0,0.0,primary,
,2091,641056116,-77.0525859,38.8923278,,,POINT (-77.0525859 38.8923278),,1912.0,0.0,motorway,
,2092,641056138,-77.052927,38.8939377,,,POINT (-77.052927 38.8939377),,1913.0,0.0,motorway,
,2093,641056139,-77.0536496,38.8940424,,,POINT (-77.0536496 38.8940424),,1914.0,0.0,motorway,
,2094,641056141,-77.0533109,38.8940332,,,POINT (-77.0533109 38.8940332),,1915.0,0.0,motorway,
,2095,641056144,-77.0535495,38.8917293,,,POINT (-77.0535495 38.8917293),,1916.0,0.0,primary,
,2096,641056150,-77.0521788,38.8910114,,,POINT (-77.0521788 38.8910114),,1917.0,0.0,primary,
,2097,641056165,-77.0520056,38.8907412,,,POINT (-77.0520056 38.8907412),,1918.0,0.0,primary,
,2098,641056176,-77.05246,38.8917999,,,POINT (-77.05246 38.8917999),,1919.0,0.0,motorway,
,2099,641056242,-77.0527802,38.8974125,,,POINT (-77.0527802 38.8974125),,1920.0,0.0,motorway,
,2100,49726196,-77.0547132,38.892168,,,POINT (-77.0547132 38.892168),,1921.0,0.0,primary,
,2101,9124197005,-77.0520125,38.890641,,,POINT (-77.0520125 38.890641),,1922.0,0.0,primary,
,2102,641067910,-77.0539626,38.8956462,,,POINT (-77.0539626 38.8956462),,1923.0,0.0,motorway,
,2103,641067918,-77.0535167,38.8955093,,,POINT (-77.0535167 38.8955093),,1924.0,0.0,motorway,
,2104,641067924,-77.0539463,38.8969509,,,POINT (-77.0539463 38.8969509),,1925.0,0.0,tertiary,
,2105,641067952,-77.0543792,38.8955498,,,POINT (-77.0543792 38.8955498),,1926.0,0.0,motorway,
,2106,641127544,-77.0533585,38.8981619,,,POINT (-77.0533585 38.8981619),,1927.0,0.0,tertiary,
,2107,49799704,-77.0534875,38.8973629,,,POINT (-77.0534875 38.8973629),,1928.0,0.0,tertiary,
,2108,641068029,-77.0530389,38.8976117,,,POINT (-77.0530389 38.8976117),,1929.0,0.0,motorway,
,2109,641068039,-77.0535715,38.8968163,,,POINT (-77.0535715 38.8968163),,1930.0,0.0,motorway,
,2110,641068061,-77.054439,38.8950813,,,POINT (-77.054439 38.8950813),,1931.0,0.0,motorway,
,2111,641068075,-77.0549157,38.8935262,,,POINT (-77.0549157 38.8935262),,1932.0,0.0,motorway,
,2112,641068134,-77.0527074,38.8916787,,,POINT (-77.0527074 38.8916787),,1933.0,0.0,motorway,
,2113,641068153,-77.0529532,38.8914733,,,POINT (-77.0529532 38.8914733),,1934.0,0.0,primary,
,2114,641068023,-77.0530132,38.8979207,,,POINT (-77.0530132 38.8979207),,1935.0,0.0,motorway,
,2115,641073343,-77.0532234,38.8926831,,,POINT (-77.0532234 38.8926831),,1936.0,0.0,motorway,
,2116,641073248,-77.0540517,38.8956648,,,POINT (-77.0540517 38.8956648),,1937.0,0.0,motorway,
,2117,641073272,-77.0543481,38.8948284,,,POINT (-77.0543481 38.8948284),,1938.0,0.0,motorway,
,2118,641073284,-77.0532775,38.8959699,,,POINT (-77.0532775 38.8959699),,1939.0,0.0,motorway,
,2119,641073478,-77.052876,38.8963967,,,POINT (-77.052876 38.8963967),,1940.0,0.0,motorway,
,2120,641073443,-77.0508722,38.8959196,,,POINT (-77.0508722 38.8959196),,1941.0,0.0,motorway,
,2121,641073501,-77.0515109,38.8960798,,,POINT (-77.0515109 38.8960798),,1942.0,0.0,primary,
,2122,12169205710,-77.047632,38.8960264,,,POINT (-77.047632 38.8960264),,1943.0,0.0,primary,
,2123,641127614,-77.0478725,38.8960214,,,POINT (-77.0478725 38.8960214),,1944.0,0.0,primary,
,2124,49782077,-77.0481646,38.8960156,,,POINT (-77.0481646 38.8960156),,1945.0,0.0,primary,
,2125,49741673,-77.0466867,38.8960245,,,POINT (-77.0466867 38.8960245),,1946.0,0.0,primary,
,2126,49782082,-77.0501351,38.8960357,,,POINT (-77.0501351 38.8960357),,1947.0,0.0,primary,
,2127,5542842959,-77.048523,38.896016,,,POINT (-77.048523 38.896016),,1948.0,0.0,primary,
,2128,641087412,-77.0500737,38.8958253,,,POINT (-77.0500737 38.8958253),,1949.0,0.0,motorway,
,2129,49718849,-77.0501325,38.8957357,,,POINT (-77.0501325 38.8957357),,1950.0,0.0,primary,
,2130,641087450,-77.0501346,38.8959767,,,POINT (-77.0501346 38.8959767),,1951.0,0.0,primary,
,2131,4620470262,-77.0501398,38.8965931,,,POINT (-77.0501398 38.8965931),,1952.0,0.0,primary,
,2132,9204905837,-77.0494292,38.895712,,,POINT (-77.0494292 38.895712),,1953.0,0.0,motorway,
,2133,9147845670,-77.0484801,38.8954165,,,POINT (-77.0484801 38.8954165),,1954.0,0.0,motorway,
,2134,641107616,-77.0561091,38.90087,,,POINT (-77.0561091 38.90087),,1955.0,0.0,trunk,
,2135,9123326568,-77.0560674,38.9007948,,,POINT (-77.0560674 38.9007948),,1956.0,0.0,trunk,
,2136,2462376171,-77.0558466,38.9006958,,,POINT (-77.0558466 38.9006958),,1957.0,0.0,trunk,
,2137,647618727,-77.0569731,38.9009126,,,POINT (-77.0569731 38.9009126),,1958.0,0.0,primary,
,2138,5558800273,-77.0571375,38.9009391,,,POINT (-77.0571375 38.9009391),,1959.0,0.0,primary,
,2139,641107672,-77.0565094,38.9006775,,,POINT (-77.0565094 38.9006775),,1960.0,0.0,primary,
,2142,641107637,-77.0565539,38.9039699,,,POINT (-77.0565539 38.9039699),,1963.0,0.0,primary,
,2143,641107649,-77.0563005,38.9044712,,,POINT (-77.0563005 38.9044712),,1964.0,0.0,primary,
,2144,641107656,-77.0566035,38.9037319,,,POINT (-77.0566035 38.9037319),,1965.0,0.0,primary,
,2145,12169234307,-77.056167,38.9008145,,,POINT (-77.056167 38.9008145),,1966.0,0.0,trunk,
,2146,647618716,-77.0564567,38.9006761,,,POINT (-77.0564567 38.9006761),,1967.0,0.0,primary,
,2147,5678291406,-77.0572367,38.9009558,,,POINT (-77.0572367 38.9009558),,1968.0,0.0,primary,
,2148,641127605,-77.0503522,38.897327,,,POINT (-77.0503522 38.897327),,1969.0,0.0,primary,
,2149,12169205730,-77.0510134,38.8976857,,,POINT (-77.0510134 38.8976857),,1970.0,0.0,primary,
,2150,641107671,-77.0560818,38.9004508,,,POINT (-77.0560818 38.9004508),,1971.0,0.0,primary,
,2151,641107667,-77.0560845,38.9003485,,,POINT (-77.0560845 38.9003485),,1972.0,0.0,primary,
,2152,641107676,-77.0563244,38.9024194,,,POINT (-77.0563244 38.9024194),,1973.0,0.0,motorway,
,2153,641107677,-77.0557762,38.9016164,,,POINT (-77.0557762 38.9016164),,1974.0,0.0,motorway,
,2155,5558783202,-77.0569835,38.9005348,,,POINT (-77.0569835 38.9005348),,1976.0,0.0,primary,
,2156,641127814,-77.0568199,38.9007405,,,POINT (-77.0568199 38.9007405),,1977.0,0.0,primary,
,2157,641107659,-77.0566939,38.9006737,,,POINT (-77.0566939 38.9006737),,1978.0,0.0,primary,
,2158,641107725,-77.0547359,38.9004557,,,POINT (-77.0547359 38.9004557),,1979.0,0.0,motorway,
,2159,641107757,-77.0555043,38.9012838,,,POINT (-77.0555043 38.9012838),,1980.0,0.0,motorway,
,2160,641107796,-77.055161,38.9012295,,,POINT (-77.055161 38.9012295),,1981.0,0.0,motorway,
,2161,641107811,-77.055249,38.9025318,,,POINT (-77.055249 38.9025318),,1982.0,0.0,motorway,
,2162,2461134265,-77.0552209,38.9027061,,,POINT (-77.0552209 38.9027061),,1983.0,0.0,motorway,
,2163,2461134274,-77.0552688,38.9027018,,,POINT (-77.0552688 38.9027018),,1984.0,0.0,motorway,
,2164,641110610,-77.0489222,38.9024865,,,POINT (-77.0489222 38.9024865),,1985.0,0.0,trunk,
,2165,641110613,-77.0485502,38.9024878,,,POINT (-77.0485502 38.9024878),,1986.0,0.0,trunk,
,2166,641110619,-77.049197,38.902484,,,POINT (-77.049197 38.902484),,1987.0,0.0,trunk,
,2167,641110632,-77.0510266,38.9024973,,,POINT (-77.0510266 38.9024973),,1988.0,0.0,trunk,
,2168,641110642,-77.0513112,38.9024969,,,POINT (-77.0513112 38.9024969),,1989.0,0.0,trunk,
,2169,641110649,-77.0515273,38.9024968,,,POINT (-77.0515273 38.9024968),,1990.0,0.0,trunk,
,2170,641110674,-77.0556411,38.9024927,,,POINT (-77.0556411 38.9024927),,1991.0,0.0,secondary,
,2171,1381251515,-77.05533,38.9024926,,,POINT (-77.05533 38.9024926),,1992.0,0.0,trunk,
,2172,641110698,-77.0548352,38.902496,,,POINT (-77.0548352 38.902496),,1993.0,0.0,trunk,
,2173,4629703808,-77.0538024,38.9024939,,,POINT (-77.0538024 38.9024939),,1994.0,0.0,trunk,
,2174,641116249,-77.0470749,38.9024941,,,POINT (-77.0470749 38.9024941),,1995.0,0.0,trunk,
,2175,641110752,-77.0570392,38.9025432,,,POINT (-77.0570392 38.9025432),,1996.0,0.0,secondary,
,2176,1364072705,-77.0572118,38.9025445,,,POINT (-77.0572118 38.9025445),,1997.0,0.0,secondary,
,2177,641110765,-77.0567126,38.9025439,,,POINT (-77.0567126 38.9025439),,1998.0,0.0,secondary,
,2178,4124267881,-77.0567703,38.9025435,,,POINT (-77.0567703 38.9025435),,1999.0,0.0,secondary,
,2179,641110773,-77.056422,38.902518,,,POINT (-77.056422 38.902518),,2000.0,0.0,secondary,
,2181,251856396,-77.0548362,38.9025792,,,POINT (-77.0548362 38.9025792),,2002.0,0.0,trunk,
,2182,4635584123,-77.0551708,38.902579,,,POINT (-77.0551708 38.902579),,2003.0,0.0,trunk,
,2183,641110803,-77.0556176,38.9025961,,,POINT (-77.0556176 38.9025961),,2004.0,0.0,trunk,
,2184,641110826,-77.0559178,38.90261,,,POINT (-77.0559178 38.90261),,2005.0,0.0,trunk,
,2186,641110745,-77.0567324,38.9026532,,,POINT (-77.0567324 38.9026532),,2007.0,0.0,motorway,
,2187,641110895,-77.0510233,38.9025756,,,POINT (-77.0510233 38.9025756),,2008.0,0.0,trunk,
,2188,641110897,-77.0513107,38.9025771,,,POINT (-77.0513107 38.9025771),,2009.0,0.0,trunk,
,2189,634011173,-77.0533771,38.9025748,,,POINT (-77.0533771 38.9025748),,2010.0,0.0,trunk,
,2191,641116285,-77.0470747,38.9025733,,,POINT (-77.0470747 38.9025733),,2012.0,0.0,trunk,
,2192,641110977,-77.0491965,38.9025724,,,POINT (-77.0491965 38.9025724),,2013.0,0.0,trunk,
,2193,11608869607,-77.0585222,38.9025666,,,POINT (-77.0585222 38.9025666),,2014.0,0.0,secondary,
,2194,641112561,-77.0578586,38.9024544,,,POINT (-77.0578586 38.9024544),,2015.0,0.0,primary,
,2195,641112563,-77.057655,38.9024531,,,POINT (-77.057655 38.9024531),,2016.0,0.0,primary,
,2196,2461134268,-77.0573927,38.9023809,,,POINT (-77.0573927 38.9023809),,2017.0,0.0,primary,
,2199,641112597,-77.0562198,38.9031535,,,POINT (-77.0562198 38.9031535),,2020.0,0.0,primary,
,2200,5558783204,-77.0567317,38.9031956,,,POINT (-77.0567317 38.9031956),,2021.0,0.0,primary,
,2201,4124267887,-77.0571882,38.9026884,,,POINT (-77.0571882 38.9026884),,2022.0,0.0,primary,
,2202,641112613,-77.0578217,38.9025487,,,POINT (-77.0578217 38.9025487),,2023.0,0.0,secondary,
,2203,641112559,-77.0580578,38.9025505,,,POINT (-77.0580578 38.9025505),,2024.0,0.0,secondary,
,2204,641110753,-77.0575723,38.9025445,,,POINT (-77.0575723 38.9025445),,2025.0,0.0,secondary,
,2206,641116183,-77.030515,38.9025316,,,POINT (-77.030515 38.9025316),,2027.0,0.0,trunk,
,2207,641116184,-77.0306569,38.9026422,,,POINT (-77.0306569 38.9026422),,2028.0,0.0,tertiary,
,2208,641116188,-77.0284901,38.9025269,,,POINT (-77.0284901 38.9025269),,2029.0,0.0,trunk,
,2209,641116187,-77.0287292,38.9026438,,,POINT (-77.0287292 38.9026438),,2030.0,0.0,tertiary,
,2210,641116190,-77.0282592,38.9025279,,,POINT (-77.0282592 38.9025279),,2031.0,0.0,trunk,
,2211,641116203,-77.0370008,38.9025336,,,POINT (-77.0370008 38.9025336),,2032.0,0.0,trunk,
,2212,641116204,-77.0373165,38.9026466,,,POINT (-77.0373165 38.9026466),,2033.0,0.0,tertiary,
,2213,641116221,-77.0373889,38.9024182,,,POINT (-77.0373889 38.9024182),,2034.0,0.0,tertiary,
,2214,641116223,-77.0424297,38.9023954,,,POINT (-77.0424297 38.9023954),,2035.0,0.0,tertiary,
,2215,641116224,-77.0421621,38.9025288,,,POINT (-77.0421621 38.9025288),,2036.0,0.0,trunk,
,2216,641116225,-77.0415328,38.9025266,,,POINT (-77.0415328 38.9025266),,2037.0,0.0,trunk,
,2217,641116226,-77.0412215,38.9023967,,,POINT (-77.0412215 38.9023967),,2038.0,0.0,tertiary,
,2218,641116227,-77.0409415,38.9026443,,,POINT (-77.0409415 38.9026443),,2039.0,0.0,tertiary,
,2219,641116229,-77.0412323,38.9025283,,,POINT (-77.0412323 38.9025283),,2040.0,0.0,trunk,
,2220,641116230,-77.0407897,38.9023977,,,POINT (-77.0407897 38.9023977),,2041.0,0.0,tertiary,
,2221,641116231,-77.0404422,38.9025319,,,POINT (-77.0404422 38.9025319),,2042.0,0.0,trunk,
,2222,641116232,-77.0441183,38.9026441,,,POINT (-77.0441183 38.9026441),,2043.0,0.0,tertiary,
,2223,641116233,-77.04443,38.9025258,,,POINT (-77.04443 38.9025258),,2044.0,0.0,trunk,
,2224,641116234,-77.0436215,38.9025284,,,POINT (-77.0436215 38.9025284),,2045.0,0.0,trunk,
,2225,641116235,-77.0439224,38.9026453,,,POINT (-77.0439224 38.9026453),,2046.0,0.0,tertiary,
,2226,641116236,-77.0433363,38.9025244,,,POINT (-77.0433363 38.9025244),,2047.0,0.0,trunk,
,2227,641116237,-77.0429891,38.9023963,,,POINT (-77.0429891 38.9023963),,2048.0,0.0,tertiary,
,2228,641116238,-77.0427269,38.9026492,,,POINT (-77.0427269 38.9026492),,2049.0,0.0,tertiary,
,2229,641116239,-77.0429455,38.9025235,,,POINT (-77.0429455 38.9025235),,2050.0,0.0,trunk,
,2230,641116240,-77.0420802,38.9025292,,,POINT (-77.0420802 38.9025292),,2051.0,0.0,trunk,
,2231,641116241,-77.0423383,38.9026504,,,POINT (-77.0423383 38.9026504),,2052.0,0.0,tertiary,
,2232,641116242,-77.0455995,38.9023961,,,POINT (-77.0455995 38.9023961),,2053.0,0.0,trunk,
,2233,641116243,-77.0452706,38.9025285,,,POINT (-77.0452706 38.9025285),,2054.0,0.0,trunk,
,2234,641116244,-77.0450696,38.9025285,,,POINT (-77.0450696 38.9025285),,2055.0,0.0,trunk,
,2235,641116245,-77.0453495,38.902644,,,POINT (-77.0453495 38.902644),,2056.0,0.0,trunk,
,2236,641116246,-77.0441293,38.9023996,,,POINT (-77.0441293 38.9023996),,2057.0,0.0,tertiary,
,2237,641116247,-77.0437945,38.9025294,,,POINT (-77.0437945 38.9025294),,2058.0,0.0,trunk,
,2238,8207334273,-77.053336,38.9024953,,,POINT (-77.053336 38.9024953),,2059.0,0.0,trunk,
,2239,641116252,-77.0530178,38.9024118,,,POINT (-77.0530178 38.9024118),,2060.0,0.0,trunk,
,2240,9635556279,-77.0518893,38.9024143,,,POINT (-77.0518893 38.9024143),,2061.0,0.0,primary,
,2241,641107848,-77.055337,38.902875,,,POINT (-77.055337 38.902875),,2062.0,0.0,motorway,
,2242,641119730,-77.0686937,38.9050608,,,POINT (-77.0686937 38.9050608),,2063.0,0.0,primary,
,2243,641119744,-77.0663175,38.9035034,,,POINT (-77.0663175 38.9035034),,2064.0,0.0,motorway,
,2244,49720215,-77.07066,38.905005,,,POINT (-77.07066 38.905005),,2065.0,0.0,primary,
,2245,641119754,-77.0703905,38.9049294,,,POINT (-77.0703905 38.9049294),,2066.0,0.0,motorway,
,2246,2431753966,-77.069215,38.9041466,,,POINT (-77.069215 38.9041466),,2067.0,0.0,motorway,
,2247,4792183001,-77.0622784,38.9025339,,,POINT (-77.0622784 38.9025339),,2068.0,0.0,motorway,
,2248,641119865,-77.0701281,38.9047263,,,POINT (-77.0701281 38.9047263),,2069.0,0.0,motorway,
,2249,641119868,-77.0700993,38.9048734,,,POINT (-77.0700993 38.9048734),,2070.0,0.0,motorway,
,2250,640965915,-77.07022,38.9050234,,,POINT (-77.07022 38.9050234),,2071.0,0.0,primary,
,2251,10931051193,-77.0700894,38.9048893,,,POINT (-77.0700894 38.9048893),,2072.0,0.0,motorway,
,2252,641119966,-77.0701888,38.9048894,,,POINT (-77.0701888 38.9048894),,2073.0,0.0,motorway,
,2253,641120847,-77.0569627,38.9042155,,,POINT (-77.0569627 38.9042155),,2074.0,0.0,primary,
,2254,641120840,-77.056681,38.904819,,,POINT (-77.056681 38.904819),,2075.0,0.0,primary,
,2255,641127521,-77.0540967,38.8993474,,,POINT (-77.0540967 38.8993474),,2076.0,0.0,primary,
,2256,641127549,-77.0531999,38.8985979,,,POINT (-77.0531999 38.8985979),,2077.0,0.0,secondary,
,2257,10119384254,-77.0535968,38.8984737,,,POINT (-77.0535968 38.8984737),,2078.0,0.0,secondary,
,2258,641127560,-77.0504636,38.8972089,,,POINT (-77.0504636 38.8972089),,2079.0,0.0,primary,
,2259,641127568,-77.0503198,38.8973753,,,POINT (-77.0503198 38.8973753),,2080.0,0.0,primary,
,2260,12169205732,-77.0504078,38.8974238,,,POINT (-77.0504078 38.8974238),,2081.0,0.0,primary,
,2261,641127591,-77.0515602,38.8979958,,,POINT (-77.0515602 38.8979958),,2082.0,0.0,primary,
,2262,2843289194,-77.0512662,38.897652,,,POINT (-77.0512662 38.897652),,2083.0,0.0,primary,
,2263,9577069057,-77.0503572,38.8971524,,,POINT (-77.0503572 38.8971524),,2084.0,0.0,primary,
,2264,641127598,-77.0499701,38.8970072,,,POINT (-77.0499701 38.8970072),,2085.0,0.0,primary,
,2265,641127599,-77.0490635,38.8965151,,,POINT (-77.0490635 38.8965151),,2086.0,0.0,primary,
,2266,641127602,-77.0504201,38.8972512,,,POINT (-77.0504201 38.8972512),,2087.0,0.0,primary,
,2267,641127604,-77.0499601,38.8971173,,,POINT (-77.0499601 38.8971173),,2088.0,0.0,primary,
,2268,4015360173,-77.0440622,38.8939319,,,POINT (-77.0440622 38.8939319),,2089.0,0.0,primary,
,2269,12169187757,-77.0450252,38.8945118,,,POINT (-77.0450252 38.8945118),,2090.0,0.0,primary,
,2270,4635571197,-77.0422901,38.8928706,,,POINT (-77.0422901 38.8928706),,2091.0,0.0,primary,
,2271,49809222,-77.0435271,38.9090307,,,POINT (-77.0435271 38.9090307),,2092.0,0.0,primary,
,2272,49809211,-77.0434429,38.9088071,,,POINT (-77.0434429 38.9088071),,2093.0,0.0,secondary,
,2274,49721853,-77.0324666,38.8844875,,,POINT (-77.0324666 38.8844875),,2095.0,0.0,motorway,
,2275,49721857,-77.0322722,38.8844258,,,POINT (-77.0322722 38.8844258),,2096.0,0.0,motorway,
,2276,1439840033,-76.9940779,38.8617912,,,POINT (-76.9940779 38.8617912),,2097.0,0.0,secondary,
,2277,49732177,-76.996024,38.847525,,,POINT (-76.996024 38.847525),,2098.0,0.0,secondary,
,2278,49841029,-76.997077,38.845506,,,POINT (-76.997077 38.845506),,2099.0,0.0,secondary,
,2279,49838999,-76.9959154,38.8530619,,,POINT (-76.9959154 38.8530619),,2100.0,0.0,secondary,
,2280,639388323,-76.9942868,38.8607388,,,POINT (-76.9942868 38.8607388),,2101.0,0.0,secondary,
,2281,639388236,-76.9944412,38.8604947,,,POINT (-76.9944412 38.8604947),,2102.0,0.0,secondary,
,2282,641898949,-77.0029168,38.8606653,,,POINT (-77.0029168 38.8606653),,2103.0,0.0,motorway,
,2283,49879582,-77.003244,38.8598272,,,POINT (-77.003244 38.8598272),,2104.0,0.0,motorway,
,2284,641898976,-76.9996022,38.8630853,,,POINT (-76.9996022 38.8630853),,2105.0,0.0,motorway,
,2285,641899002,-77.0022356,38.8616316,,,POINT (-77.0022356 38.8616316),,2106.0,0.0,motorway,
,2286,641899035,-76.9988603,38.8632387,,,POINT (-76.9988603 38.8632387),,2107.0,0.0,motorway,
,2287,641899056,-76.9986032,38.8631052,,,POINT (-76.9986032 38.8631052),,2108.0,0.0,motorway,
,2288,639382003,-76.9968693,38.8634446,,,POINT (-76.9968693 38.8634446),,2109.0,0.0,motorway,
,2289,641899078,-77.0023501,38.861168,,,POINT (-77.0023501 38.861168),,2110.0,0.0,motorway,
,2290,641899244,-76.9993523,38.8629603,,,POINT (-76.9993523 38.8629603),,2111.0,0.0,motorway,
,2291,639381979,-76.9964875,38.8635158,,,POINT (-76.9964875 38.8635158),,2112.0,0.0,motorway,
,2292,639381970,-76.9970607,38.8635709,,,POINT (-76.9970607 38.8635709),,2113.0,0.0,motorway,
,2293,639382141,-76.9966908,38.8636422,,,POINT (-76.9966908 38.8636422),,2114.0,0.0,motorway,
,2294,639446270,-76.9945045,38.8639489,,,POINT (-76.9945045 38.8639489),,2115.0,0.0,motorway,
,2295,10967993207,-77.0025972,38.8658504,,,POINT (-77.0025972 38.8658504),,2116.0,0.0,primary,
,2296,49716308,-77.0029186,38.8617176,,,POINT (-77.0029186 38.8617176),,2117.0,0.0,primary,
,2297,9111384818,-77.0026095,38.8660983,,,POINT (-77.0026095 38.8660983),,2118.0,0.0,primary,
,2298,49735311,-76.9972799,38.8638515,,,POINT (-76.9972799 38.8638515),,2119.0,0.0,tertiary,
,2299,3105306791,-76.9975549,38.8640403,,,POINT (-76.9975549 38.8640403),,2120.0,0.0,tertiary,
,2300,641939435,-77.0090498,38.8766203,,,POINT (-77.0090498 38.8766203),,2121.0,0.0,primary,
,2301,641965151,-77.0089954,38.8784165,,,POINT (-77.0089954 38.8784165),,2122.0,0.0,primary,
,2302,641939450,-77.0090522,38.8763115,,,POINT (-77.0090522 38.8763115),,2123.0,0.0,primary,
,2303,641939467,-77.009152,38.8766212,,,POINT (-77.009152 38.8766212),,2124.0,0.0,primary,
,2304,641939471,-77.0091503,38.8763112,,,POINT (-77.0091503 38.8763112),,2125.0,0.0,primary,
,2305,12175089057,-77.0091448,38.8747914,,,POINT (-77.0091448 38.8747914),,2126.0,0.0,primary,
,2306,641939501,-77.0091579,38.8746424,,,POINT (-77.0091579 38.8746424),,2127.0,0.0,primary,
,2307,12175091736,-77.0089466,38.8744928,,,POINT (-77.0089466 38.8744928),,2128.0,0.0,primary,
,2308,641939669,-77.0089396,38.8746407,,,POINT (-77.0089396 38.8746407),,2129.0,0.0,primary,
,2309,5128694815,-77.0089738,38.8739431,,,POINT (-77.0089738 38.8739431),,2130.0,0.0,primary,
,2310,12175089060,-77.0092512,38.8747937,,,POINT (-77.0092512 38.8747937),,2131.0,0.0,primary,
,2311,11198264287,-77.0092655,38.8764748,,,POINT (-77.0092655 38.8764748),,2132.0,0.0,primary,
,2312,12290450034,-77.0090672,38.8841356,,,POINT (-77.0090672 38.8841356),,2133.0,0.0,tertiary,
,2313,642486350,-77.0066184,38.8832935,,,POINT (-77.0066184 38.8832935),,2134.0,0.0,secondary,
,2314,641964562,-77.0115598,38.8855086,,,POINT (-77.0115598 38.8855086),,2135.0,0.0,primary,
,2315,641964569,-77.0113756,38.8849927,,,POINT (-77.0113756 38.8849927),,2136.0,0.0,motorway,
,2316,641964786,-77.0125661,38.8858806,,,POINT (-77.0125661 38.8858806),,2137.0,0.0,motorway,
,2317,641964798,-77.0118337,38.8857075,,,POINT (-77.0118337 38.8857075),,2138.0,0.0,primary,
,2318,642486244,-77.0068602,38.8832351,,,POINT (-77.0068602 38.8832351),,2139.0,0.0,secondary,
,2320,49732638,-77.0095187,38.8812642,,,POINT (-77.0095187 38.8812642),,2141.0,0.0,motorway,
,2321,641965104,-77.009238,38.8802546,,,POINT (-77.009238 38.8802546),,2142.0,0.0,motorway,
,2322,641965167,-77.0088996,38.8791641,,,POINT (-77.0088996 38.8791641),,2143.0,0.0,primary,
,2323,641965184,-77.0089668,38.8797931,,,POINT (-77.0089668 38.8797931),,2144.0,0.0,primary,
,2324,4630149702,-77.0136451,38.8855724,,,POINT (-77.0136451 38.8855724),,2145.0,0.0,primary,
,2325,49879908,-77.0167321,38.8285311,,,POINT (-77.0167321 38.8285311),,2146.0,0.0,motorway,
,2326,49879912,-77.0168043,38.8282319,,,POINT (-77.0168043 38.8282319),,2147.0,0.0,motorway,
,2327,49880473,-77.0163566,38.8285369,,,POINT (-77.0163566 38.8285369),,2148.0,0.0,motorway,
,2328,49880470,-77.0164513,38.8282459,,,POINT (-77.0164513 38.8282459),,2149.0,0.0,motorway,
,2329,12171149409,-77.0167582,38.8298073,,,POINT (-77.0167582 38.8298073),,2150.0,0.0,tertiary,
,2330,49880543,-77.0090511,38.8383282,,,POINT (-77.0090511 38.8383282),,2151.0,0.0,motorway,
,2331,49880546,-77.0088647,38.8385907,,,POINT (-77.0088647 38.8385907),,2152.0,0.0,motorway,
,2332,49879817,-77.0092232,38.8385729,,,POINT (-77.0092232 38.8385729),,2153.0,0.0,motorway,
,2333,49738066,-77.0118511,38.8354121,,,POINT (-77.0118511 38.8354121),,2154.0,0.0,motorway,
,2334,49879809,-77.0089458,38.8389894,,,POINT (-77.0089458 38.8389894),,2155.0,0.0,motorway,
,2335,642044216,-77.0085168,38.8429269,,,POINT (-77.0085168 38.8429269),,2156.0,0.0,primary,
,2336,642044223,-77.008347,38.8436302,,,POINT (-77.008347 38.8436302),,2157.0,0.0,primary,
,2337,49879721,-77.0075301,38.8452631,,,POINT (-77.0075301 38.8452631),,2158.0,0.0,motorway,
,2338,49879725,-77.0075414,38.8449267,,,POINT (-77.0075414 38.8449267),,2159.0,0.0,motorway,
,2339,49732011,-77.0072472,38.844927,,,POINT (-77.0072472 38.844927),,2160.0,0.0,motorway,
,2340,49738944,-77.0072333,38.8452635,,,POINT (-77.0072333 38.8452635),,2161.0,0.0,motorway,
,2341,49880689,-77.0063,38.8521855,,,POINT (-77.0063 38.8521855),,2162.0,0.0,motorway,
,2342,642044489,-77.0085978,38.8445413,,,POINT (-77.0085978 38.8445413),,2163.0,0.0,primary,
,2343,642044494,-77.0087032,38.8425716,,,POINT (-77.0087032 38.8425716),,2164.0,0.0,primary,
,2344,49879782,-77.0084165,38.8405439,,,POINT (-77.0084165 38.8405439),,2165.0,0.0,motorway,
,2345,1468892563,-77.0077883,38.8356856,,,POINT (-77.0077883 38.8356856),,2166.0,0.0,primary,
,2346,642044249,-77.0079226,38.8362813,,,POINT (-77.0079226 38.8362813),,2167.0,0.0,primary,
,2347,642044965,-77.0053937,38.8560019,,,POINT (-77.0053937 38.8560019),,2168.0,0.0,primary,
,2348,642045030,-77.0081786,38.8478242,,,POINT (-77.0081786 38.8478242),,2169.0,0.0,primary,
,2349,642045098,-77.0079007,38.8502369,,,POINT (-77.0079007 38.8502369),,2170.0,0.0,motorway,
,2350,642045130,-77.0077462,38.8505112,,,POINT (-77.0077462 38.8505112),,2171.0,0.0,motorway,
,2351,49880141,-77.0226131,38.8076903,,,POINT (-77.0226131 38.8076903),,2172.0,0.0,motorway,
,2352,642070268,-77.0226253,38.8067711,,,POINT (-77.0226253 38.8067711),,2173.0,0.0,motorway,
,2353,642070282,-77.0223801,38.8076891,,,POINT (-77.0223801 38.8076891),,2174.0,0.0,motorway,
,2354,49880302,-77.0209797,38.8124914,,,POINT (-77.0209797 38.8124914),,2175.0,0.0,motorway,
,2355,49880235,-77.0223923,38.8067694,,,POINT (-77.0223923 38.8067694),,2176.0,0.0,motorway,
,2356,7802360000,-76.9667024,38.8975355,,,POINT (-76.9667024 38.8975355),,2177.0,0.0,primary,
,2357,49769522,-76.9688253,38.8977071,,,POINT (-76.9688253 38.8977071),,2178.0,0.0,primary,
,2358,1438521846,-77.0018923,38.9002113,,,POINT (-77.0018923 38.9002113),,2179.0,0.0,primary,
,2359,49774070,-77.0020387,38.900215,,,POINT (-77.0020387 38.900215),,2180.0,0.0,primary,
,2360,1440554109,-76.9897685,38.8648896,,,POINT (-76.9897685 38.8648896),,2181.0,0.0,secondary,
,2361,4114265332,-76.9882526,38.8646251,,,POINT (-76.9882526 38.8646251),,2182.0,0.0,secondary,
,2362,49761968,-76.98781,38.864545,,,POINT (-76.98781 38.864545),,2183.0,0.0,secondary,
,2363,642317837,-76.9870582,38.8671276,,,POINT (-76.9870582 38.8671276),,2184.0,0.0,secondary,
,2364,639446276,-76.9918771,38.8656278,,,POINT (-76.9918771 38.8656278),,2185.0,0.0,motorway,
,2365,1574783989,-76.9916363,38.865939,,,POINT (-76.9916363 38.865939),,2186.0,0.0,motorway,
,2366,642318044,-76.9896283,38.8686669,,,POINT (-76.9896283 38.8686669),,2187.0,0.0,motorway,
,2367,5277494973,-76.9888334,38.8698022,,,POINT (-76.9888334 38.8698022),,2188.0,0.0,secondary,
,2368,49780968,-76.9907957,38.8763162,,,POINT (-76.9907957 38.8763162),,2189.0,0.0,motorway,
,2369,3872826007,-76.9911495,38.8777344,,,POINT (-76.9911495 38.8777344),,2190.0,0.0,motorway,
,2370,49780993,-76.9909923,38.874556,,,POINT (-76.9909923 38.874556),,2191.0,0.0,motorway,
,2371,642341880,-76.9909895,38.8747016,,,POINT (-76.9909895 38.8747016),,2192.0,0.0,motorway,
,2372,49781191,-76.9911598,38.874701,,,POINT (-76.9911598 38.874701),,2193.0,0.0,motorway,
,2373,49781193,-76.9911632,38.8745548,,,POINT (-76.9911632 38.8745548),,2194.0,0.0,motorway,
,2374,49736196,-76.9763598,38.8751246,,,POINT (-76.9763598 38.8751246),,2195.0,0.0,motorway,
,2375,642353406,-76.9803663,38.8778121,,,POINT (-76.9803663 38.8778121),,2196.0,0.0,primary,
,2376,646190490,-76.9796764,38.877637,,,POINT (-76.9796764 38.877637),,2197.0,0.0,primary,
,2377,49795949,-76.9807525,38.8822717,,,POINT (-76.9807525 38.8822717),,2198.0,0.0,secondary,
,2378,1819089462,-76.9807541,38.8803245,,,POINT (-76.9807541 38.8803245),,2199.0,0.0,tertiary,
,2379,646190449,-76.9792129,38.8775189,,,POINT (-76.9792129 38.8775189),,2200.0,0.0,primary,
,2380,642353416,-76.9798021,38.8779753,,,POINT (-76.9798021 38.8779753),,2201.0,0.0,primary,
,2381,642353454,-76.9812122,38.8790031,,,POINT (-76.9812122 38.8790031),,2202.0,0.0,primary,
,2382,49780915,-76.9915166,38.8780972,,,POINT (-76.9915166 38.8780972),,2203.0,0.0,primary,
,2383,642367118,-76.9933072,38.8787247,,,POINT (-76.9933072 38.8787247),,2204.0,0.0,motorway,
,2384,4643951068,-76.9941077,38.8792841,,,POINT (-76.9941077 38.8792841),,2205.0,0.0,secondary,
,2385,3872966580,-76.9951135,38.8784745,,,POINT (-76.9951135 38.8784745),,2206.0,0.0,motorway,
,2386,642367114,-76.996394,38.8789647,,,POINT (-76.996394 38.8789647),,2207.0,0.0,motorway,
,2387,49780889,-76.9937808,38.878808,,,POINT (-76.9937808 38.878808),,2208.0,0.0,motorway,
,2388,642367115,-76.99475,38.8789194,,,POINT (-76.99475 38.8789194),,2209.0,0.0,motorway,
,2389,642367131,-76.9947672,38.8787436,,,POINT (-76.9947672 38.8787436),,2210.0,0.0,motorway,
,2390,642367135,-76.9963854,38.8790971,,,POINT (-76.9963854 38.8790971),,2211.0,0.0,motorway,
,2391,49849744,-76.9967447,38.8791855,,,POINT (-76.9967447 38.8791855),,2212.0,0.0,motorway,
,2392,642367156,-76.9963885,38.8791803,,,POINT (-76.9963885 38.8791803),,2213.0,0.0,motorway,
,2393,3872966581,-76.994973,38.8785343,,,POINT (-76.994973 38.8785343),,2214.0,0.0,secondary,
,2394,4643916786,-76.9916903,38.8778219,,,POINT (-76.9916903 38.8778219),,2215.0,0.0,motorway,
,2395,642395058,-77.0033911,38.8810737,,,POINT (-77.0033911 38.8810737),,2216.0,0.0,motorway,
,2396,49849816,-77.0066752,38.8810842,,,POINT (-77.0066752 38.8810842),,2217.0,0.0,motorway,
,2397,642395106,-77.0060014,38.8816227,,,POINT (-77.0060014 38.8816227),,2218.0,0.0,secondary,
,2398,642395113,-77.0057481,38.8809251,,,POINT (-77.0057481 38.8809251),,2219.0,0.0,secondary,
,2399,3637842788,-77.0056039,38.8805263,,,POINT (-77.0056039 38.8805263),,2220.0,0.0,secondary,
,2402,49849519,-77.0033732,38.8807662,,,POINT (-77.0033732 38.8807662),,2223.0,0.0,motorway,
,2403,49849529,-77.0026208,38.8806322,,,POINT (-77.0026208 38.8806322),,2224.0,0.0,motorway,
,2404,12412352971,-77.0050827,38.8809787,,,POINT (-77.0050827 38.8809787),,2225.0,0.0,motorway,
,2405,642395316,-77.0033966,38.8810024,,,POINT (-77.0033966 38.8810024),,2226.0,0.0,motorway,
,2406,49849794,-77.0043767,38.8809665,,,POINT (-77.0043767 38.8809665),,2227.0,0.0,motorway,
,2407,642395417,-77.001863,38.8804245,,,POINT (-77.001863 38.8804245),,2228.0,0.0,motorway,
,2408,49849540,-77.0007561,38.8801122,,,POINT (-77.0007561 38.8801122),,2229.0,0.0,motorway,
,2409,642395270,-77.0022759,38.8805378,,,POINT (-77.0022759 38.8805378),,2230.0,0.0,motorway,
,2410,642395428,-77.0022733,38.8804795,,,POINT (-77.0022733 38.8804795),,2231.0,0.0,motorway,
,2411,642395430,-77.0018655,38.8803175,,,POINT (-77.0018655 38.8803175),,2232.0,0.0,motorway,
,2412,642395448,-77.0007397,38.8799649,,,POINT (-77.0007397 38.8799649),,2233.0,0.0,motorway,
,2413,486888915,-77.0020489,38.8807567,,,POINT (-77.0020489 38.8807567),,2234.0,0.0,motorway,
,2414,642395484,-77.0007541,38.8803785,,,POINT (-77.0007541 38.8803785),,2235.0,0.0,motorway,
,2415,642395489,-77.0016372,38.8806673,,,POINT (-77.0016372 38.8806673),,2236.0,0.0,motorway,
,2416,642395496,-77.0021935,38.8808422,,,POINT (-77.0021935 38.8808422),,2237.0,0.0,motorway,
,2417,642395527,-77.0022747,38.8806894,,,POINT (-77.0022747 38.8806894),,2238.0,0.0,motorway,
,2418,642395291,-77.0033912,38.8809149,,,POINT (-77.0033912 38.8809149),,2239.0,0.0,motorway,
,2419,642395540,-77.001854,38.8805743,,,POINT (-77.001854 38.8805743),,2240.0,0.0,motorway,
,2420,642395559,-76.9988733,38.8797422,,,POINT (-76.9988733 38.8797422),,2241.0,0.0,motorway,
,2421,642395561,-77.0000762,38.8800737,,,POINT (-77.0000762 38.8800737),,2242.0,0.0,motorway,
,2422,642395584,-76.99864,38.8795178,,,POINT (-76.99864 38.8795178),,2243.0,0.0,motorway,
,2423,642395596,-76.9990263,38.8796254,,,POINT (-76.9990263 38.8796254),,2244.0,0.0,motorway,
,2424,642395604,-77.0004037,38.8802607,,,POINT (-77.0004037 38.8802607),,2245.0,0.0,motorway,
,2425,49849545,-77.0004004,38.8800166,,,POINT (-77.0004004 38.8800166),,2246.0,0.0,motorway,
,2426,642395563,-77.0003971,38.8801619,,,POINT (-77.0003971 38.8801619),,2247.0,0.0,motorway,
,2427,49849766,-77.0007565,38.8802669,,,POINT (-77.0007565 38.8802669),,2248.0,0.0,motorway,
,2428,642395661,-76.9984949,38.8796306,,,POINT (-76.9984949 38.8796306),,2249.0,0.0,motorway,
,2429,642395689,-76.9990955,38.8793903,,,POINT (-76.9990955 38.8793903),,2250.0,0.0,tertiary,
,2430,642395732,-77.0003985,38.8798718,,,POINT (-77.0003985 38.8798718),,2251.0,0.0,motorway,
,2431,642395748,-76.9995279,38.8795915,,,POINT (-76.9995279 38.8795915),,2252.0,0.0,motorway,
,2432,49726602,-77.0102955,38.881773,,,POINT (-77.0102955 38.881773),,2253.0,0.0,motorway,
,2433,49792806,-77.0069984,38.8809779,,,POINT (-77.0069984 38.8809779),,2254.0,0.0,motorway,
,2434,642421156,-77.0103596,38.8816195,,,POINT (-77.0103596 38.8816195),,2255.0,0.0,motorway,
,2435,49732640,-77.0095937,38.8813241,,,POINT (-77.0095937 38.8813241),,2256.0,0.0,motorway,
,2436,642421172,-77.0103248,38.8816881,,,POINT (-77.0103248 38.8816881),,2257.0,0.0,motorway,
,2437,49717716,-77.0095371,38.8813843,,,POINT (-77.0095371 38.8813843),,2258.0,0.0,motorway,
,2438,642436300,-77.0122215,38.8849197,,,POINT (-77.0122215 38.8849197),,2259.0,0.0,motorway,
,2439,3006052174,-77.0124184,38.8838077,,,POINT (-77.0124184 38.8838077),,2260.0,0.0,motorway,
,2440,642421236,-77.0129035,38.8825104,,,POINT (-77.0129035 38.8825104),,2261.0,0.0,motorway,
,2441,49849432,-77.0127413,38.8823567,,,POINT (-77.0127413 38.8823567),,2262.0,0.0,motorway,
,2442,642421270,-77.0119236,38.8821378,,,POINT (-77.0119236 38.8821378),,2263.0,0.0,motorway,
,2443,642421191,-77.0118337,38.8828987,,,POINT (-77.0118337 38.8828987),,2264.0,0.0,motorway,
,2444,49849858,-77.0130256,38.8824945,,,POINT (-77.0130256 38.8824945),,2265.0,0.0,motorway,
,2445,49849857,-77.0129015,38.8824935,,,POINT (-77.0129015 38.8824935),,2266.0,0.0,motorway,
,2446,49717720,-77.0094547,38.8813179,,,POINT (-77.0094547 38.8813179),,2267.0,0.0,motorway,
,2447,642436052,-77.0129576,38.8842045,,,POINT (-77.0129576 38.8842045),,2268.0,0.0,motorway,
,2448,642436100,-77.0131087,38.8849783,,,POINT (-77.0131087 38.8849783),,2269.0,0.0,motorway,
,2449,642436106,-77.0129234,38.8848078,,,POINT (-77.0129234 38.8848078),,2270.0,0.0,motorway,
,2450,642437008,-77.0127986,38.8834725,,,POINT (-77.0127986 38.8834725),,2271.0,0.0,motorway,
,2451,642436153,-77.0123822,38.8857888,,,POINT (-77.0123822 38.8857888),,2272.0,0.0,motorway,
,2452,642421208,-77.0123028,38.8831918,,,POINT (-77.0123028 38.8831918),,2273.0,0.0,motorway,
,2453,642436243,-77.0128267,38.885605,,,POINT (-77.0128267 38.885605),,2274.0,0.0,motorway,
,2454,49733440,-77.0136747,38.8836706,,,POINT (-77.0136747 38.8836706),,2275.0,0.0,tertiary,
,2455,3011107096,-77.0136743,38.8835437,,,POINT (-77.0136743 38.8835437),,2276.0,0.0,tertiary,
,2456,4000891539,-77.0111579,38.8853896,,,POINT (-77.0111579 38.8853896),,2277.0,0.0,primary,
,2457,49823851,-77.003994,38.8842202,,,POINT (-77.003994 38.8842202),,2278.0,0.0,tertiary,
,2458,49810284,-77.006597,38.883234,,,POINT (-77.006597 38.883234),,2279.0,0.0,secondary,
,2459,2748976055,-77.0035199,38.8832372,,,POINT (-77.0035199 38.8832372),,2280.0,0.0,tertiary,
,2460,2748976058,-77.0020376,38.8832332,,,POINT (-77.0020376 38.8832332),,2281.0,0.0,tertiary,
,2461,49719435,-77.0053405,38.8832462,,,POINT (-77.0053405 38.8832462),,2282.0,0.0,tertiary,
,2462,642486289,-77.0035198,38.8844695,,,POINT (-77.0035198 38.8844695),,2283.0,0.0,tertiary,
,2463,642563741,-77.0132395,38.8937651,,,POINT (-77.0132395 38.8937651),,2284.0,0.0,motorway,
,2464,642563700,-77.0124938,38.8935744,,,POINT (-77.0124938 38.8935744),,2285.0,0.0,motorway,
,2467,642586074,-77.0147818,38.9026353,,,POINT (-77.0147818 38.9026353),,2288.0,0.0,motorway,
,2468,642586080,-77.0142523,38.8993059,,,POINT (-77.0142523 38.8993059),,2289.0,0.0,motorway,
,2469,49725576,-77.0161926,38.8998121,,,POINT (-77.0161926 38.8998121),,2290.0,0.0,secondary,
,2471,49793537,-77.0133129,38.9013369,,,POINT (-77.0133129 38.9013369),,2292.0,0.0,secondary,
,2472,9895381749,-77.0134524,38.9017426,,,POINT (-77.0134524 38.9017426),,2293.0,0.0,secondary,
,2473,10173581463,-77.011701,38.9002182,,,POINT (-77.011701 38.9002182),,2294.0,0.0,primary,
,2474,10173581464,-77.0095397,38.9002167,,,POINT (-77.0095397 38.9002167),,2295.0,0.0,primary,
,2475,3001411555,-77.0145934,38.9026421,,,POINT (-77.0145934 38.9026421),,2296.0,0.0,motorway,
,2476,10258966944,-77.0158243,38.904488,,,POINT (-77.0158243 38.904488),,2297.0,0.0,motorway,
,2477,642586438,-77.0140489,38.8992586,,,POINT (-77.0140489 38.8992586),,2298.0,0.0,motorway,
,2478,642586540,-77.0142723,38.8951665,,,POINT (-77.0142723 38.8951665),,2299.0,0.0,motorway,
,2479,642586548,-77.0142682,38.8948779,,,POINT (-77.0142682 38.8948779),,2300.0,0.0,motorway,
,2480,642586554,-77.014265,38.8957425,,,POINT (-77.014265 38.8957425),,2301.0,0.0,motorway,
,2481,3001130394,-77.0136506,38.8961348,,,POINT (-77.0136506 38.8961348),,2302.0,0.0,secondary,
,2482,642586562,-77.013671,38.8988154,,,POINT (-77.013671 38.8988154),,2303.0,0.0,motorway,
,2484,642586591,-77.0139596,38.8951689,,,POINT (-77.0139596 38.8951689),,2305.0,0.0,motorway,
,2485,642586593,-77.0140743,38.8951684,,,POINT (-77.0140743 38.8951684),,2306.0,0.0,motorway,
,2486,642586596,-77.014077,38.8957231,,,POINT (-77.014077 38.8957231),,2307.0,0.0,motorway,
,2487,642586601,-77.0140727,38.8948764,,,POINT (-77.0140727 38.8948764),,2308.0,0.0,motorway,
,2488,4953529361,-77.0140796,38.896,,,POINT (-77.0140796 38.896),,2309.0,0.0,motorway,
,2489,49728646,-77.0141826,38.8907986,,,POINT (-77.0141826 38.8907986),,2310.0,0.0,motorway,
,2490,642586642,-77.0139479,38.8957233,,,POINT (-77.0139479 38.8957233),,2311.0,0.0,motorway,
,2491,7771665425,-77.0139453,38.8959986,,,POINT (-77.0139453 38.8959986),,2312.0,0.0,motorway,
,2492,642586765,-77.0152059,38.8937937,,,POINT (-77.0152059 38.8937937),,2313.0,0.0,primary,
,2493,2628824368,-77.0151965,38.8941939,,,POINT (-77.0151965 38.8941939),,2314.0,0.0,primary,
,2494,642586790,-77.0151886,38.8944795,,,POINT (-77.0151886 38.8944795),,2315.0,0.0,primary,
,2495,642586818,-77.0142084,38.8947973,,,POINT (-77.0142084 38.8947973),,2316.0,0.0,tertiary,
,2496,3001401790,-77.0143897,38.8947063,,,POINT (-77.0143897 38.8947063),,2317.0,0.0,motorway,
,2498,642586837,-77.0145917,38.894483,,,POINT (-77.0145917 38.894483),,2319.0,0.0,motorway,
,2499,3001401793,-77.0138041,38.8947921,,,POINT (-77.0138041 38.8947921),,2320.0,0.0,tertiary,
,2501,10289480222,-77.0196118,38.9036903,,,POINT (-77.0196118 38.9036903),,2322.0,0.0,trunk,
,2502,3001046648,-77.0151673,38.8961335,,,POINT (-77.0151673 38.8961335),,2323.0,0.0,primary,
,2503,3378222898,-77.0151701,38.8973461,,,POINT (-77.0151701 38.8973461),,2324.0,0.0,tertiary,
,2504,49748231,-77.0161856,38.9037296,,,POINT (-77.0161856 38.9037296),,2325.0,0.0,primary,
,2505,49841780,-77.015441,38.907236,,,POINT (-77.015441 38.907236),,2326.0,0.0,tertiary,
,2506,49841785,-77.015908,38.9085714,,,POINT (-77.015908 38.9085714),,2327.0,0.0,tertiary,
,2507,49825142,-77.018932,38.9056485,,,POINT (-77.018932 38.9056485),,2328.0,0.0,tertiary,
,2508,49844812,-77.0198998,38.9056488,,,POINT (-77.0198998 38.9056488),,2329.0,0.0,trunk,
,2509,3012784288,-77.0219166,38.9056494,,,POINT (-77.0219166 38.9056494),,2330.0,0.0,secondary,
,2510,8450945961,-77.0163748,38.8918797,,,POINT (-77.0163748 38.8918797),,2331.0,0.0,primary,
,2512,49802545,-77.021912,38.8863379,,,POINT (-77.021912 38.8863379),,2333.0,0.0,primary,
,2513,3011318725,-77.0164855,38.891728,,,POINT (-77.0164855 38.891728),,2334.0,0.0,primary,
,2514,8450945955,-77.0163567,38.8917828,,,POINT (-77.0163567 38.8917828),,2335.0,0.0,primary,
,2516,2791548441,-77.0122828,38.8875749,,,POINT (-77.0122828 38.8875749),,2337.0,0.0,primary,
,2517,49757901,-77.0151979,38.8875649,,,POINT (-77.0151979 38.8875649),,2338.0,0.0,primary,
,2518,49777556,-77.0175568,38.88604,,,POINT (-77.0175568 38.88604),,2339.0,0.0,secondary,
,2519,3001527475,-77.0161962,38.8947248,,,POINT (-77.0161962 38.8947248),,2340.0,0.0,tertiary,
,2520,49748177,-77.0161796,38.8961386,,,POINT (-77.0161796 38.8961386),,2341.0,0.0,primary,
,2521,4001248780,-77.0157157,38.8961351,,,POINT (-77.0157157 38.8961351),,2342.0,0.0,primary,
,2522,10689662812,-76.9760374,38.8932765,,,POINT (-76.9760374 38.8932765),,2343.0,0.0,primary,
,2523,2456351013,-76.9845581,38.8876105,,,POINT (-76.9845581 38.8876105),,2344.0,0.0,primary,
,2524,49721277,-76.9836601,38.8876109,,,POINT (-76.9836601 38.8876109),,2345.0,0.0,tertiary,
,2526,705647581,-76.9762263,38.8933485,,,POINT (-76.9762263 38.8933485),,2347.0,0.0,primary,
,2527,11198265632,-76.9883659,38.887758,,,POINT (-76.9883659 38.887758),,2348.0,0.0,tertiary,
,2528,49844264,-76.9883144,38.8888935,,,POINT (-76.9883144 38.8888935),,2349.0,0.0,secondary,
,2529,9590374869,-76.9881652,38.8889659,,,POINT (-76.9881652 38.8889659),,2350.0,0.0,primary,
,2530,1440867108,-76.9865386,38.8883043,,,POINT (-76.9865386 38.8883043),,2351.0,0.0,primary,
,2531,4630186025,-76.9915237,38.8901986,,,POINT (-76.9915237 38.8901986),,2352.0,0.0,primary,
,2532,4060172795,-76.9915239,38.8900269,,,POINT (-76.9915239 38.8900269),,2353.0,0.0,primary,
,2533,4330870292,-77.0060448,38.8960554,,,POINT (-77.0060448 38.8960554),,2354.0,0.0,primary,
,2534,638908691,-77.0068804,38.896092,,,POINT (-77.0068804 38.896092),,2355.0,0.0,primary,
,2535,49728922,-76.9769344,38.8897523,,,POINT (-76.9769344 38.8897523),,2356.0,0.0,secondary,
,2536,49738311,-76.9882982,38.8925663,,,POINT (-76.9882982 38.8925663),,2357.0,0.0,tertiary,
,2538,49742335,-76.9956474,38.8920116,,,POINT (-76.9956474 38.8920116),,2359.0,0.0,primary,
,2539,49742338,-76.9949627,38.8920076,,,POINT (-76.9949627 38.8920076),,2360.0,0.0,secondary,
,2540,49742344,-76.9937566,38.8920075,,,POINT (-76.9937566 38.8920075),,2361.0,0.0,secondary,
,2541,49742360,-76.9915261,38.8920073,,,POINT (-76.9915261 38.8920073),,2362.0,0.0,secondary,
,2542,49742366,-76.9902418,38.8920084,,,POINT (-76.9902418 38.8920084),,2363.0,0.0,secondary,
,2543,49757896,-77.0152018,38.8881885,,,POINT (-77.0152018 38.8881885),,2364.0,0.0,primary,
,2544,49828636,-77.0156424,38.8880698,,,POINT (-77.0156424 38.8880698),,2365.0,0.0,tertiary,
,2545,49742308,-77.0020382,38.892012,,,POINT (-77.0020382 38.892012),,2366.0,0.0,secondary,
,2546,647594353,-77.0031878,38.8920084,,,POINT (-77.0031878 38.8920084),,2367.0,0.0,primary,
,2547,4114265334,-76.9883168,38.8893876,,,POINT (-76.9883168 38.8893876),,2368.0,0.0,primary,
,2548,2399740768,-76.9883163,38.8896067,,,POINT (-76.9883163 38.8896067),,2369.0,0.0,primary,
,2549,49766018,-76.978994,38.9019451,,,POINT (-76.978994 38.9019451),,2370.0,0.0,secondary,
,2550,2428510056,-76.9852167,38.9006649,,,POINT (-76.9852167 38.9006649),,2371.0,0.0,primary,
,2551,7104784582,-77.0512856,38.9219251,,,POINT (-77.0512856 38.9219251),,2372.0,0.0,primary,
,2552,642816826,-77.0508181,38.9213579,,,POINT (-77.0508181 38.9213579),,2373.0,0.0,primary,
,2553,7104790689,-77.0511663,38.9214367,,,POINT (-77.0511663 38.9214367),,2374.0,0.0,primary,
,2554,49843800,-77.0531721,38.923454,,,POINT (-77.0531721 38.923454),,2375.0,0.0,secondary,
,2555,12288536864,-77.0545608,38.9233758,,,POINT (-77.0545608 38.9233758),,2376.0,0.0,secondary,
,2556,12288536865,-77.0549165,38.9233558,,,POINT (-77.0549165 38.9233558),,2377.0,0.0,secondary,
,2557,5580141879,-77.0557851,38.9233068,,,POINT (-77.0557851 38.9233068),,2378.0,0.0,secondary,
,2558,49843795,-77.0520356,38.9235151,,,POINT (-77.0520356 38.9235151),,2379.0,0.0,primary,
,2559,49843794,-77.0517048,38.9235332,,,POINT (-77.0517048 38.9235332),,2380.0,0.0,primary,
,2560,642816801,-77.0514151,38.920673,,,POINT (-77.0514151 38.920673),,2381.0,0.0,primary,
,2561,642816850,-77.0512557,38.9210172,,,POINT (-77.0512557 38.9210172),,2382.0,0.0,primary,
,2562,12389222975,-77.0499364,38.9248519,,,POINT (-77.0499364 38.9248519),,2383.0,0.0,tertiary,
,2563,49812947,-77.0526571,38.9199651,,,POINT (-77.0526571 38.9199651),,2384.0,0.0,primary,
,2564,1443727088,-77.0488308,38.9006951,,,POINT (-77.0488308 38.9006951),,2385.0,0.0,tertiary,
,2565,5530127013,-77.0488217,38.9019154,,,POINT (-77.0488217 38.9019154),,2386.0,0.0,tertiary,
,2566,49777696,-77.0488427,38.8995797,,,POINT (-77.0488427 38.8995797),,2387.0,0.0,tertiary,
,2567,49765145,-77.048815,38.9037391,,,POINT (-77.048815 38.9037391),,2388.0,0.0,primary,
,2568,647622726,-77.0488138,38.9039252,,,POINT (-77.0488138 38.9039252),,2389.0,0.0,secondary,
,2569,49824748,-77.048813,38.9052623,,,POINT (-77.048813 38.9052623),,2390.0,0.0,primary,
,2570,49824756,-77.0488034,38.9072467,,,POINT (-77.0488034 38.9072467),,2391.0,0.0,primary,
,2571,49779907,-77.048798,38.909641,,,POINT (-77.048798 38.909641),,2392.0,0.0,secondary,
,2572,642817738,-77.054986,38.9137552,,,POINT (-77.054986 38.9137552),,2393.0,0.0,primary,
,2573,642817754,-77.0550381,38.9135215,,,POINT (-77.0550381 38.9135215),,2394.0,0.0,primary,
,2574,49813125,-77.0533335,38.9124768,,,POINT (-77.0533335 38.9124768),,2395.0,0.0,primary,
,2575,642817892,-77.0534962,38.9128673,,,POINT (-77.0534962 38.9128673),,2396.0,0.0,primary,
,2578,5698252199,-77.0326583,38.9287848,,,POINT (-77.0326583 38.9287848),,2399.0,0.0,secondary,
,2579,49772589,-77.029708,38.928635,,,POINT (-77.029708 38.928635),,2400.0,0.0,tertiary,
,2580,1004809645,-77.0592306,38.9367993,,,POINT (-77.0592306 38.9367993),,2401.0,0.0,primary,
,2581,1004809376,-77.0587539,38.9367957,,,POINT (-77.0587539 38.9367957),,2402.0,0.0,secondary,
,2582,49729924,-77.0492544,38.9341994,,,POINT (-77.0492544 38.9341994),,2403.0,0.0,primary,
,2583,642857393,-77.0528333,38.933508,,,POINT (-77.0528333 38.933508),,2404.0,1.0,primary,
,2584,2899978301,-77.0514381,38.9338192,,,POINT (-77.0514381 38.9338192),,2405.0,0.0,secondary,
,2587,1061899597,-77.0842125,38.9619638,,,POINT (-77.0842125 38.9619638),,2408.0,0.0,primary,
,2588,49813631,-77.029694,38.961506,,,POINT (-77.029694 38.961506),,2409.0,0.0,primary,
,2589,6798984990,-77.0310417,38.9616987,,,POINT (-77.0310417 38.9616987),,2410.0,0.0,primary,
,2590,49731603,-77.0531166,38.9614023,,,POINT (-77.0531166 38.9614023),,2411.0,0.0,primary,
,2591,49731617,-77.052822,38.961178,,,POINT (-77.052822 38.961178),,2412.0,-1.0,primary,
,2592,49761250,-77.056201,38.961013,,,POINT (-77.056201 38.961013),,2413.0,0.0,primary,
,2593,49831338,-77.057472,38.961014,,,POINT (-77.057472 38.961014),,2414.0,0.0,primary,
,2594,4635469789,-77.03639,38.9629646,,,POINT (-77.03639 38.9629646),,2415.0,0.0,primary,
,2595,642885423,-77.03639,38.9624891,,,POINT (-77.03639 38.9624891),,2416.0,0.0,primary,
,2596,49731654,-77.036389,38.96241,,,POINT (-77.036389 38.96241),,2417.0,0.0,primary,
,2597,642885426,-77.039358,38.9631406,,,POINT (-77.039358 38.9631406),,2418.0,0.0,primary,
,2598,642885430,-77.0390419,38.9630652,,,POINT (-77.0390419 38.9630652),,2419.0,0.0,primary,
,2599,642885429,-77.0393752,38.9630675,,,POINT (-77.0393752 38.9630675),,2420.0,0.0,primary,
,2600,49831214,-77.0389477,38.9631386,,,POINT (-77.0389477 38.9631386),,2421.0,0.0,primary,
,2601,49815114,-77.0415716,38.9609244,,,POINT (-77.0415716 38.9609244),,2422.0,0.0,tertiary,
,2602,49815122,-77.041633,38.960823,,,POINT (-77.041633 38.960823),,2423.0,0.0,tertiary,
,2603,49784518,-77.0418064,38.9606677,,,POINT (-77.0418064 38.9606677),,2424.0,0.0,tertiary,
,2604,49815138,-77.0420896,38.96048,,,POINT (-77.0420896 38.96048),,2425.0,0.0,tertiary,
,2605,49815206,-77.0448138,38.9606421,,,POINT (-77.0448138 38.9606421),,2426.0,0.0,primary,
,2606,642886872,-77.0424467,38.9820113,,,POINT (-77.0424467 38.9820113),,2427.0,0.0,tertiary,
,2607,49732241,-77.042739,38.982014,,,POINT (-77.042739 38.982014),,2428.0,0.0,tertiary,
,2608,3657251447,-77.0766934,38.9678496,,,POINT (-77.0766934 38.9678496),,2429.0,0.0,primary,
,2609,49759135,-77.0082748,38.9578927,,,POINT (-77.0082748 38.9578927),,2430.0,0.0,primary,
,2610,49759140,-77.0076601,38.9587265,,,POINT (-77.0076601 38.9587265),,2431.0,0.0,primary,
,2611,49759133,-77.0084482,38.9576607,,,POINT (-77.0084482 38.9576607),,2432.0,0.0,primary,
,2612,49766687,-77.00905,38.959446,,,POINT (-77.00905 38.959446),,2433.0,0.0,secondary,
,2613,49766674,-77.0090483,38.95766,,,POINT (-77.0090483 38.95766),,2434.0,0.0,secondary,
,2614,643403716,-77.0645884,38.8921314,,,POINT (-77.0645884 38.8921314),,2435.0,0.0,motorway,
,2615,643403728,-77.0655209,38.8919537,,,POINT (-77.0655209 38.8919537),,2436.0,-1.0,motorway,
,2616,643403777,-77.0639938,38.8920122,,,POINT (-77.0639938 38.8920122),,2437.0,0.0,motorway,
,2617,643403801,-77.0654676,38.8930808,,,POINT (-77.0654676 38.8930808),,2438.0,-1.0,motorway,
,2618,643403923,-77.0659001,38.8919649,,,POINT (-77.0659001 38.8919649),,2439.0,1.0,motorway,
,2619,262088730,-77.0638075,38.8916614,,,POINT (-77.0638075 38.8916614),,2440.0,0.0,motorway,
,2620,262088728,-77.0607217,38.892079,,,POINT (-77.0607217 38.892079),,2441.0,0.0,motorway,
,2621,643404183,-77.0636449,38.8888616,,,POINT (-77.0636449 38.8888616),,2442.0,0.0,motorway,
,2622,643404167,-77.0645627,38.889039,,,POINT (-77.0645627 38.889039),,2443.0,-1.0,motorway,
,2623,11115432248,-77.0571534,38.88024,,,POINT (-77.0571534 38.88024),,2444.0,1.0,motorway,
,2624,643412189,-77.0576658,38.8824313,,,POINT (-77.0576658 38.8824313),,2445.0,0.0,motorway,
,2625,643701680,-77.0488597,38.8772354,,,POINT (-77.0488597 38.8772354),,2446.0,0.0,motorway,
,2626,643701720,-77.048878,38.8768619,,,POINT (-77.048878 38.8768619),,2447.0,0.0,motorway,
,2627,643701685,-77.0484608,38.8767897,,,POINT (-77.0484608 38.8767897),,2448.0,0.0,motorway,
,2628,486664299,-77.046467,38.8745865,,,POINT (-77.046467 38.8745865),,2449.0,1.0,motorway,
,2629,643754131,-77.0457333,38.8722516,,,POINT (-77.0457333 38.8722516),,2450.0,-1.0,motorway,
,2630,643754239,-77.0436214,38.8744343,,,POINT (-77.0436214 38.8744343),,2451.0,0.0,motorway,
,2631,643754243,-77.0443037,38.8741538,,,POINT (-77.0443037 38.8741538),,2452.0,-1.0,motorway,
,2632,661597933,-77.033514,38.8817281,,,POINT (-77.033514 38.8817281),,2453.0,0.0,primary,
,2633,1977516631,-77.0337762,38.8817464,,,POINT (-77.0337762 38.8817464),,2454.0,0.0,primary,
,2634,49759154,-77.0058981,38.9611063,,,POINT (-77.0058981 38.9611063),,2455.0,0.0,primary,
,2635,49759164,-77.0052228,38.9620118,,,POINT (-77.0052228 38.9620118),,2456.0,0.0,primary,
,2636,49759151,-77.0063347,38.9605129,,,POINT (-77.0063347 38.9605129),,2457.0,0.0,primary,
,2637,1439363703,-76.9968958,38.9328664,,,POINT (-76.9968958 38.9328664),,2458.0,0.0,primary,
,2638,49757359,-76.9964191,38.933078,,,POINT (-76.9964191 38.933078),,2459.0,0.0,primary,
,2639,4059254292,-76.988305,38.940471,,,POINT (-76.988305 38.940471),,2460.0,0.0,primary,
,2640,3372235095,-76.987999,38.940722,,,POINT (-76.987999 38.940722),,2461.0,0.0,primary,
,2641,644600278,-76.9940615,38.9323918,,,POINT (-76.9940615 38.9323918),,2462.0,0.0,secondary,
,2642,49730806,-76.9936912,38.9324152,,,POINT (-76.9936912 38.9324152),,2463.0,0.0,secondary,
,2643,49782352,-76.9946412,38.9323753,,,POINT (-76.9946412 38.9323753),,2464.0,0.0,secondary,
,2648,4227916265,-77.0095086,38.9072619,,,POINT (-77.0095086 38.9072619),,2469.0,0.0,trunk,
,2650,2912995992,-77.0159177,38.9048939,,,POINT (-77.0159177 38.9048939),,2471.0,0.0,trunk,
,2651,5629758180,-77.0151502,38.9051623,,,POINT (-77.0151502 38.9051623),,2472.0,0.0,trunk,
,2653,49774952,-77.002444,38.925594,,,POINT (-77.002444 38.925594),,2474.0,0.0,tertiary,
,2654,645964132,-77.0020963,38.9098407,,,POINT (-77.0020963 38.9098407),,2475.0,0.0,trunk,
,2656,646031404,-76.9815286,38.9168378,,,POINT (-76.9815286 38.9168378),,2477.0,0.0,trunk,
,2657,4629601102,-76.97902,38.9171562,,,POINT (-76.97902 38.9171562),,2478.0,0.0,trunk,
,2658,645963063,-77.0021233,38.9097013,,,POINT (-77.0021233 38.9097013),,2479.0,0.0,trunk,
,2659,645980570,-77.0004712,38.9102758,,,POINT (-77.0004712 38.9102758),,2480.0,0.0,trunk,
,2660,645980556,-77.000309,38.9104624,,,POINT (-77.000309 38.9104624),,2481.0,0.0,trunk,
,2661,4629660611,-76.993157,38.9177729,,,POINT (-76.993157 38.9177729),,2482.0,0.0,primary,
,2662,4629660610,-76.9917917,38.9189269,,,POINT (-76.9917917 38.9189269),,2483.0,0.0,primary,
,2663,3376996953,-76.9788347,38.9166307,,,POINT (-76.9788347 38.9166307),,2484.0,0.0,tertiary,
,2665,11569332801,-76.9785273,38.9171014,,,POINT (-76.9785273 38.9171014),,2486.0,0.0,secondary,
,2666,4629640916,-76.9778512,38.916631,,,POINT (-76.9778512 38.916631),,2487.0,0.0,secondary,
,2667,646030937,-76.9778832,38.9169412,,,POINT (-76.9778832 38.9169412),,2488.0,0.0,secondary,
,2669,646030967,-76.9772673,38.9171909,,,POINT (-76.9772673 38.9171909),,2490.0,0.0,trunk,
,2670,4629601098,-76.9780793,38.9176555,,,POINT (-76.9780793 38.9176555),,2491.0,0.0,secondary,
,2671,49723217,-76.97827,38.917957,,,POINT (-76.97827 38.917957),,2492.0,0.0,secondary,
,2672,646064855,-76.9694853,38.9175438,,,POINT (-76.9694853 38.9175438),,2493.0,1.0,trunk,
,2673,646065021,-76.9706706,38.9174882,,,POINT (-76.9706706 38.9174882),,2494.0,0.0,trunk,
,2674,646064929,-76.9571267,38.9173071,,,POINT (-76.9571267 38.9173071),,2495.0,0.0,motorway,
,2675,1446629120,-76.9578689,38.9170163,,,POINT (-76.9578689 38.9170163),,2496.0,0.0,motorway,
,2676,646065047,-76.9560939,38.9177972,,,POINT (-76.9560939 38.9177972),,2497.0,0.0,motorway,
,2677,646065054,-76.955142,38.918266,,,POINT (-76.955142 38.918266),,2498.0,0.0,motorway,
,2678,646065059,-76.9549244,38.9183732,,,POINT (-76.9549244 38.9183732),,2499.0,0.0,motorway,
,2679,646064950,-76.9609144,38.9169621,,,POINT (-76.9609144 38.9169621),,2500.0,0.0,motorway,
,2680,646064813,-76.961215,38.9170706,,,POINT (-76.961215 38.9170706),,2501.0,-1.0,motorway,
,2681,646065175,-76.9547898,38.9182796,,,POINT (-76.9547898 38.9182796),,2502.0,0.0,motorway,
,2682,8111917556,-76.954145,38.9185835,,,POINT (-76.954145 38.9185835),,2503.0,0.0,motorway,
,2683,646065181,-76.9550076,38.9181739,,,POINT (-76.9550076 38.9181739),,2504.0,0.0,motorway,
,2684,646065186,-76.9557934,38.9177743,,,POINT (-76.9557934 38.9177743),,2505.0,0.0,motorway,
,2685,646065191,-76.9567698,38.9173047,,,POINT (-76.9567698 38.9173047),,2506.0,0.0,motorway,
,2686,4629640911,-76.9714336,38.9173836,,,POINT (-76.9714336 38.9173836),,2507.0,0.0,motorway,
,2688,646031626,-76.9743014,38.9172356,,,POINT (-76.9743014 38.9172356),,2509.0,0.0,trunk,
,2691,5565448739,-76.9722297,38.9172427,,,POINT (-76.9722297 38.9172427),,2512.0,0.0,trunk,
,2692,646079735,-76.9413224,38.9181812,,,POINT (-76.9413224 38.9181812),,2513.0,1.0,motorway,
,2693,646077199,-76.9433264,38.9181131,,,POINT (-76.9433264 38.9181131),,2514.0,0.0,motorway,
,2694,4629640913,-76.9735518,38.9173032,,,POINT (-76.9735518 38.9173032),,2515.0,0.0,trunk,
,2695,646076956,-76.9520927,38.9194072,,,POINT (-76.9520927 38.9194072),,2516.0,0.0,motorway,
,2696,8634369886,-76.953433,38.9191613,,,POINT (-76.953433 38.9191613),,2517.0,0.0,motorway,
,2697,646076988,-76.9552792,38.9188383,,,POINT (-76.9552792 38.9188383),,2518.0,0.0,motorway,
,2698,646077004,-76.9559169,38.9189465,,,POINT (-76.9559169 38.9189465),,2519.0,0.0,motorway,
,2699,646077010,-76.9536381,38.9188224,,,POINT (-76.9536381 38.9188224),,2520.0,0.0,motorway,
,2700,646077084,-76.9559836,38.9189074,,,POINT (-76.9559836 38.9189074),,2521.0,0.0,tertiary,
,2701,646077088,-76.9555956,38.91864,,,POINT (-76.9555956 38.91864),,2522.0,0.0,motorway,
,2702,9148126329,-76.9514948,38.9179167,,,POINT (-76.9514948 38.9179167),,2523.0,0.0,motorway,
,2703,646077184,-76.9434456,38.917999,,,POINT (-76.9434456 38.917999),,2524.0,0.0,motorway,
,2704,8114197949,-76.9461763,38.9184938,,,POINT (-76.9461763 38.9184938),,2525.0,0.0,motorway,
,2705,9665388717,-76.9499529,38.9218326,,,POINT (-76.9499529 38.9218326),,2526.0,0.0,tertiary,
,2706,646077212,-76.9465253,38.918554,,,POINT (-76.9465253 38.918554),,2527.0,0.0,motorway,
,2708,646076994,-76.9562691,38.9192383,,,POINT (-76.9562691 38.9192383),,2529.0,0.0,primary,
,2709,646190442,-76.9760921,38.8759641,,,POINT (-76.9760921 38.8759641),,2530.0,0.0,primary,
,2710,49746312,-76.9814579,38.8790648,,,POINT (-76.9814579 38.8790648),,2531.0,0.0,tertiary,
,2711,49730888,-76.9814818,38.8790244,,,POINT (-76.9814818 38.8790244),,2532.0,0.0,tertiary,
,2712,646190488,-76.9801438,38.8778767,,,POINT (-76.9801438 38.8778767),,2533.0,0.0,primary,
,2713,646190513,-76.9803943,38.8783098,,,POINT (-76.9803943 38.8783098),,2534.0,0.0,primary,
,2714,10273108215,-76.9807689,38.8785437,,,POINT (-76.9807689 38.8785437),,2535.0,0.0,primary,
,2715,646190499,-76.976253,38.8759224,,,POINT (-76.976253 38.8759224),,2536.0,0.0,primary,
,2716,646190621,-76.9745121,38.8751214,,,POINT (-76.9745121 38.8751214),,2537.0,0.0,trunk,
,2717,646190624,-76.9736534,38.8747335,,,POINT (-76.9736534 38.8747335),,2538.0,0.0,trunk,
,2718,646190678,-76.9758529,38.8745295,,,POINT (-76.9758529 38.8745295),,2539.0,0.0,motorway,
,2719,646190680,-76.975539,38.8745838,,,POINT (-76.975539 38.8745838),,2540.0,0.0,motorway,
,2720,49721776,-76.9726388,38.8748762,,,POINT (-76.9726388 38.8748762),,2541.0,0.0,motorway,
,2721,646190770,-76.9759119,38.8748323,,,POINT (-76.9759119 38.8748323),,2542.0,0.0,motorway,
,2722,640454655,-76.9762284,38.8747049,,,POINT (-76.9762284 38.8747049),,2543.0,0.0,motorway,
,2723,12415303971,-76.9750904,38.8751522,,,POINT (-76.9750904 38.8751522),,2544.0,0.0,motorway,
,2724,639446469,-76.977145,38.8741888,,,POINT (-76.977145 38.8741888),,2545.0,0.0,motorway,
,2725,646190639,-76.971472,38.8737483,,,POINT (-76.971472 38.8737483),,2546.0,0.0,trunk,
,2726,49749203,-76.970966,38.873304,,,POINT (-76.970966 38.873304),,2547.0,0.0,secondary,
,2727,639415481,-76.9749227,38.8750746,,,POINT (-76.9749227 38.8750746),,2548.0,0.0,motorway,
,2728,639415485,-76.9741288,38.8753229,,,POINT (-76.9741288 38.8753229),,2549.0,0.0,motorway,
,2729,49785838,-76.968969,38.872781,,,POINT (-76.968969 38.872781),,2550.0,0.0,trunk,
,2730,646190838,-76.9696366,38.8731252,,,POINT (-76.9696366 38.8731252),,2551.0,0.0,trunk,
,2731,49723519,-76.972227,38.8727337,,,POINT (-76.972227 38.8727337),,2552.0,0.0,secondary,
,2732,4114297917,-76.9717814,38.8729348,,,POINT (-76.9717814 38.8729348),,2553.0,0.0,secondary,
,2733,49768588,-76.963517,38.877064,,,POINT (-76.963517 38.877064),,2554.0,0.0,secondary,
,2734,1218270810,-76.9632014,38.8772316,,,POINT (-76.9632014 38.8772316),,2555.0,0.0,secondary,
,2735,646216506,-76.9485592,38.8898279,,,POINT (-76.9485592 38.8898279),,2556.0,0.0,primary,
,2736,646202779,-76.9607271,38.8898494,,,POINT (-76.9607271 38.8898494),,2557.0,0.0,primary,
,2737,646202789,-76.967898,38.889855,,,POINT (-76.967898 38.889855),,2558.0,0.0,primary,
,2738,1574597986,-76.9696484,38.8889981,,,POINT (-76.9696484 38.8889981),,2559.0,1.0,primary,
,2739,646202855,-76.9693008,38.8894166,,,POINT (-76.9693008 38.8894166),,2560.0,0.0,primary,
,2740,4114349603,-76.971,38.891261,,,POINT (-76.971 38.891261),,2561.0,0.0,primary,
,2741,646202862,-76.9684934,38.8897193,,,POINT (-76.9684934 38.8897193),,2562.0,0.0,primary,
,2742,646202889,-76.9678926,38.8897402,,,POINT (-76.9678926 38.8897402),,2563.0,0.0,primary,
,2743,646216721,-76.9631451,38.8897476,,,POINT (-76.9631451 38.8897476),,2564.0,0.0,primary,
,2744,10981853666,-76.9592849,38.8897423,,,POINT (-76.9592849 38.8897423),,2565.0,0.0,primary,
,2745,646216617,-76.957829,38.8897277,,,POINT (-76.957829 38.8897277),,2566.0,0.0,primary,
,2746,5980358213,-76.9908955,38.8692853,,,POINT (-76.9908955 38.8692853),,2567.0,0.0,tertiary,
,2747,49726164,-77.0002929,38.8692503,,,POINT (-77.0002929 38.8692503),,2568.0,0.0,tertiary,
,2748,49735031,-76.9506215,38.8887221,,,POINT (-76.9506215 38.8887221),,2569.0,0.0,secondary,
,2749,49842664,-76.953405,38.887586,,,POINT (-76.953405 38.887586),,2570.0,0.0,secondary,
,2750,49748853,-76.9514934,38.8881798,,,POINT (-76.9514934 38.8881798),,2571.0,0.0,secondary,
,2751,1479893400,-76.947243,38.88984,,,POINT (-76.947243 38.88984),,2572.0,0.0,primary,
,2752,646216512,-76.9482857,38.8898321,,,POINT (-76.9482857 38.8898321),,2573.0,0.0,primary,
,2753,646216523,-76.9577475,38.8898336,,,POINT (-76.9577475 38.8898336),,2574.0,0.0,primary,
,2754,10981853665,-76.9592791,38.8898415,,,POINT (-76.9592791 38.8898415),,2575.0,0.0,primary,
,2755,646216538,-76.9566488,38.8898329,,,POINT (-76.9566488 38.8898329),,2576.0,0.0,primary,
,2756,10981853664,-76.9528211,38.8897315,,,POINT (-76.9528211 38.8897315),,2577.0,0.0,primary,
,2757,646216604,-76.9518181,38.8897322,,,POINT (-76.9518181 38.8897322),,2578.0,0.0,primary,
,2758,646216597,-76.9567292,38.8897285,,,POINT (-76.9567292 38.8897285),,2579.0,0.0,primary,
,2759,646229521,-76.9518691,38.8958757,,,POINT (-76.9518691 38.8958757),,2580.0,0.0,motorway,
,2760,646229526,-76.9519631,38.896,,,POINT (-76.9519631 38.896),,2581.0,0.0,motorway,
,2761,646229543,-76.952462,38.8959875,,,POINT (-76.952462 38.8959875),,2582.0,0.0,primary,
,2762,49779175,-76.944942,38.901733,,,POINT (-76.944942 38.901733),,2583.0,0.0,secondary,
,2763,49758842,-76.945064,38.901568,,,POINT (-76.945064 38.901568),,2584.0,0.0,secondary,
,2764,49728749,-76.951746,38.895971,,,POINT (-76.951746 38.895971),,2585.0,0.0,motorway,
,2765,49728756,-76.95157,38.895981,,,POINT (-76.95157 38.895981),,2586.0,0.0,motorway,
,2766,646229618,-76.9518929,38.8956858,,,POINT (-76.9518929 38.8956858),,2587.0,0.0,motorway,
,2767,49720026,-76.9525101,38.8954645,,,POINT (-76.9525101 38.8954645),,2588.0,0.0,motorway,
,2768,49720020,-76.9523385,38.8954791,,,POINT (-76.9523385 38.8954791),,2589.0,0.0,motorway,
,2769,646229968,-76.9547062,38.8932599,,,POINT (-76.9547062 38.8932599),,2590.0,0.0,motorway,
,2770,646229897,-76.9559019,38.8927807,,,POINT (-76.9559019 38.8927807),,2591.0,-1.0,motorway,
,2771,646251301,-76.9430518,38.9015571,,,POINT (-76.9430518 38.9015571),,2592.0,0.0,secondary,
,2773,646246037,-76.9425154,38.903655,,,POINT (-76.9425154 38.903655),,2594.0,0.0,motorway,
,2774,1439840053,-76.9432591,38.9032543,,,POINT (-76.9432591 38.9032543),,2595.0,0.0,motorway,
,2775,49779179,-76.9448846,38.9018792,,,POINT (-76.9448846 38.9018792),,2596.0,0.0,secondary,
,2776,646246127,-76.9436604,38.9026866,,,POINT (-76.9436604 38.9026866),,2597.0,0.0,motorway,
,2777,646246126,-76.9442918,38.9020951,,,POINT (-76.9442918 38.9020951),,2598.0,0.0,motorway,
,2778,12041688627,-76.9415227,38.9042087,,,POINT (-76.9415227 38.9042087),,2599.0,0.0,motorway,
,2779,9751954791,-76.9411539,38.9045233,,,POINT (-76.9411539 38.9045233),,2600.0,0.0,motorway,
,2780,646246016,-76.9434914,38.9025664,,,POINT (-76.9434914 38.9025664),,2601.0,0.0,motorway,
,2781,646246155,-76.9444317,38.9015807,,,POINT (-76.9444317 38.9015807),,2602.0,0.0,motorway,
,2782,646246172,-76.9446683,38.9015526,,,POINT (-76.9446683 38.9015526),,2603.0,0.0,motorway,
,2783,1534206043,-76.94455,38.9016522,,,POINT (-76.94455 38.9016522),,2604.0,0.0,motorway,
,2784,646246178,-76.9448024,38.9016348,,,POINT (-76.9448024 38.9016348),,2605.0,0.0,motorway,
,2785,646249680,-76.9393742,38.9066411,,,POINT (-76.9393742 38.9066411),,2606.0,0.0,secondary,
,2786,49762701,-76.9404804,38.9052147,,,POINT (-76.9404804 38.9052147),,2607.0,0.0,motorway,
,2787,646249689,-76.9389516,38.9066361,,,POINT (-76.9389516 38.9066361),,2608.0,0.0,motorway,
,2788,49779011,-76.938234,38.907259,,,POINT (-76.938234 38.907259),,2609.0,0.0,secondary,
,2789,639549642,-76.9369852,38.9090957,,,POINT (-76.9369852 38.9090957),,2610.0,0.0,motorway,
,2790,49779120,-76.938188,38.90799,,,POINT (-76.938188 38.90799),,2611.0,0.0,secondary,
,2791,49717919,-76.9374879,38.9081058,,,POINT (-76.9374879 38.9081058),,2612.0,0.0,secondary,
,2792,49762645,-76.936506,38.909439,,,POINT (-76.936506 38.909439),,2613.0,0.0,motorway,
,2793,639568460,-76.9360032,38.9100114,,,POINT (-76.9360032 38.9100114),,2614.0,0.0,motorway,
,2794,646249721,-76.9350945,38.9107985,,,POINT (-76.9350945 38.9107985),,2615.0,0.0,secondary,
,2795,646251283,-76.9434553,38.9012559,,,POINT (-76.9434553 38.9012559),,2616.0,0.0,secondary,
,2796,6537576352,-76.9433249,38.9013587,,,POINT (-76.9433249 38.9013587),,2617.0,0.0,secondary,
,2797,647079625,-77.0059982,38.9350007,,,POINT (-77.0059982 38.9350007),,2618.0,0.0,primary,
,2798,647079692,-77.0066584,38.9375824,,,POINT (-77.0066584 38.9375824),,2619.0,0.0,primary,
,2799,4000865019,-77.0081921,38.9417979,,,POINT (-77.0081921 38.9417979),,2620.0,0.0,primary,
,2800,647057829,-77.0067443,38.9314943,,,POINT (-77.0067443 38.9314943),,2621.0,0.0,primary,
,2801,5556599905,-77.0090097,38.8985131,,,POINT (-77.0090097 38.8985131),,2622.0,0.0,primary,
,2802,1458176095,-77.0038487,38.9056439,,,POINT (-77.0038487 38.9056439),,2623.0,0.0,secondary,
,2804,647043961,-77.0090346,38.9155517,,,POINT (-77.0090346 38.9155517),,2625.0,0.0,tertiary,
,2805,647043964,-77.0091806,38.9155518,,,POINT (-77.0091806 38.9155518),,2626.0,0.0,tertiary,
,2806,647043631,-77.0089892,38.913672,,,POINT (-77.0089892 38.913672),,2627.0,0.0,primary,
,2807,647044168,-77.0088998,38.9155522,,,POINT (-77.0088998 38.9155522),,2628.0,0.0,tertiary,
,2811,647044279,-77.0090892,38.9189585,,,POINT (-77.0090892 38.9189585),,2632.0,0.0,primary,
,2812,1364987317,-77.0090933,38.913675,,,POINT (-77.0090933 38.913675),,2633.0,0.0,primary,
,2813,8636981242,-77.0026131,38.9306805,,,POINT (-77.0026131 38.9306805),,2634.0,0.0,primary,
,2814,1017545562,-77.0036338,38.9312531,,,POINT (-77.0036338 38.9312531),,2635.0,0.0,primary,
,2815,647069208,-77.0168777,38.9298293,,,POINT (-77.0168777 38.9298293),,2636.0,0.0,secondary,
,2816,1017524557,-77.0167966,38.9299369,,,POINT (-77.0167966 38.9299369),,2637.0,0.0,primary,
,2817,647057817,-77.0069052,38.9314943,,,POINT (-77.0069052 38.9314943),,2638.0,0.0,primary,
,2818,647057819,-77.0070355,38.9312511,,,POINT (-77.0070355 38.9312511),,2639.0,0.0,primary,
,2819,647053916,-77.0031488,38.930568,,,POINT (-77.0031488 38.930568),,2640.0,0.0,primary,
,2820,49721610,-77.003172,38.930037,,,POINT (-77.003172 38.930037),,2641.0,0.0,secondary,
,2821,49764163,-77.017394,38.928137,,,POINT (-77.017394 38.928137),,2642.0,0.0,secondary,
,2822,49878328,-77.0198326,38.9303184,,,POINT (-77.0198326 38.9303184),,2643.0,0.0,primary,
,2823,49776924,-77.0211595,38.9356158,,,POINT (-77.0211595 38.9356158),,2644.0,0.0,tertiary,
,2824,49732884,-77.018801,38.9279812,,,POINT (-77.018801 38.9279812),,2645.0,0.0,secondary,
,2825,647069188,-77.01809,38.928327,,,POINT (-77.01809 38.928327),,2646.0,0.0,secondary,
,2826,49772531,-77.018052,38.92961,,,POINT (-77.018052 38.92961),,2647.0,0.0,primary,
,2827,647069422,-77.0179228,38.9290471,,,POINT (-77.0179228 38.9290471),,2648.0,0.0,secondary,
,2828,9699447441,-77.0215003,38.9394825,,,POINT (-77.0215003 38.9394825),,2649.0,0.0,tertiary,
,2829,49789218,-77.0233709,38.930031,,,POINT (-77.0233709 38.930031),,2650.0,0.0,trunk,
,2830,4536989512,-77.0057651,38.9366608,,,POINT (-77.0057651 38.9366608),,2651.0,-1.0,primary,
,2831,647081858,-77.0060719,38.9366259,,,POINT (-77.0060719 38.9366259),,2652.0,1.0,primary,
,2832,647079649,-77.0069114,38.9377609,,,POINT (-77.0069114 38.9377609),,2653.0,0.0,primary,
,2833,647058100,-77.0061577,38.9341776,,,POINT (-77.0061577 38.9341776),,2654.0,0.0,primary,
,2834,12437955921,-77.007246,38.9423234,,,POINT (-77.007246 38.9423234),,2655.0,0.0,primary,
,2835,647084238,-77.0074095,38.9427104,,,POINT (-77.0074095 38.9427104),,2656.0,0.0,primary,
,2838,647084242,-77.0074095,38.9429399,,,POINT (-77.0074095 38.9429399),,2659.0,0.0,primary,
,2839,1013396332,-77.0086547,38.9471239,,,POINT (-77.0086547 38.9471239),,2660.0,0.0,primary,
,2840,49731206,-77.0086521,38.9465231,,,POINT (-77.0086521 38.9465231),,2661.0,0.0,tertiary,
,2841,647087532,-77.0085521,38.9467991,,,POINT (-77.0085521 38.9467991),,2662.0,0.0,tertiary,
,2842,1013396337,-77.008537,38.9469635,,,POINT (-77.008537 38.9469635),,2663.0,0.0,primary,
,2843,1013396339,-77.0083463,38.9468173,,,POINT (-77.0083463 38.9468173),,2664.0,0.0,primary,
,2844,647087539,-77.0074725,38.9461053,,,POINT (-77.0074725 38.9461053),,2665.0,0.0,primary,
,2846,1013396278,-77.0080392,38.9466095,,,POINT (-77.0080392 38.9466095),,2667.0,0.0,primary,
,2848,1013396326,-77.008654,38.9473762,,,POINT (-77.008654 38.9473762),,2669.0,0.0,primary,
,2850,647087552,-77.0075981,38.9452472,,,POINT (-77.0075981 38.9452472),,2671.0,0.0,primary,
,2851,9642618842,-77.0075745,38.94399,,,POINT (-77.0075745 38.94399),,2672.0,0.0,primary,
,2852,4629595031,-76.9988717,38.9407334,,,POINT (-76.9988717 38.9407334),,2673.0,0.0,secondary,
,2853,3372235105,-76.996524,38.9407389,,,POINT (-76.996524 38.9407389),,2674.0,0.0,secondary,
,2854,647098764,-76.9982406,38.9407306,,,POINT (-76.9982406 38.9407306),,2675.0,0.0,secondary,
,2855,4059254291,-76.9881445,38.9545086,,,POINT (-76.9881445 38.9545086),,2676.0,0.0,tertiary,
,2856,49759178,-77.0029398,38.9650822,,,POINT (-77.0029398 38.9650822),,2677.0,0.0,primary,
,2857,49825717,-77.0027452,38.9649811,,,POINT (-77.0027452 38.9649811),,2678.0,0.0,tertiary,
,2858,49749800,-77.1062877,38.9266118,,,POINT (-77.1062877 38.9266118),,2679.0,0.0,primary,
,2859,49799514,-77.0989625,38.9170816,,,POINT (-77.0989625 38.9170816),,2680.0,0.0,secondary,
,2860,2027049957,-77.1004637,38.9188673,,,POINT (-77.1004637 38.9188673),,2681.0,0.0,primary,
,2861,49742221,-77.1076375,38.92514,,,POINT (-77.1076375 38.92514),,2682.0,0.0,primary,
,2862,49799482,-77.0944673,38.9155142,,,POINT (-77.0944673 38.9155142),,2683.0,0.0,secondary,
,2863,2921449362,-77.093831,38.9153212,,,POINT (-77.093831 38.9153212),,2684.0,0.0,secondary,
,2864,49799488,-77.0955491,38.9158451,,,POINT (-77.0955491 38.9158451),,2685.0,0.0,secondary,
,2865,647241451,-77.0792502,38.9059009,,,POINT (-77.0792502 38.9059009),,2686.0,0.0,primary,
,2866,49741996,-77.0868001,38.906727,,,POINT (-77.0868001 38.906727),,2687.0,0.0,primary,
,2867,49743064,-77.0805701,38.9062537,,,POINT (-77.0805701 38.9062537),,2688.0,0.0,secondary,
,2868,647241630,-77.0751781,38.9054458,,,POINT (-77.0751781 38.9054458),,2689.0,0.0,primary,
,2869,9593204206,-77.068964,38.9050523,,,POINT (-77.068964 38.9050523),,2690.0,0.0,primary,
,2870,49779846,-77.0641126,38.9088636,,,POINT (-77.0641126 38.9088636),,2691.0,0.0,primary,
,2871,49888809,-77.0635882,38.9078704,,,POINT (-77.0635882 38.9078704),,2692.0,0.0,primary,
,2872,49761630,-77.077368,38.9479045,,,POINT (-77.077368 38.9479045),,2693.0,0.0,primary,
,2873,49761649,-77.0749469,38.9507335,,,POINT (-77.0749469 38.9507335),,2694.0,0.0,primary,
,2874,306513250,-77.0791741,38.9457991,,,POINT (-77.0791741 38.9457991),,2695.0,0.0,primary,
,2875,49761767,-77.060875,38.967061,,,POINT (-77.060875 38.967061),,2696.0,0.0,tertiary,
,2876,49761757,-77.061126,38.96689,,,POINT (-77.061126 38.96689),,2697.0,0.0,tertiary,
,2877,49865298,-77.0975585,38.9327021,,,POINT (-77.0975585 38.9327021),,2698.0,0.0,secondary,
,2878,49865391,-77.101036,38.935162,,,POINT (-77.101036 38.935162),,2699.0,0.0,secondary,
,2880,647594358,-77.0039909,38.8920498,,,POINT (-77.0039909 38.8920498),,2701.0,0.0,primary,
,2881,647594363,-77.0042712,38.8919373,,,POINT (-77.0042712 38.8919373),,2702.0,0.0,primary,
,2882,9123326563,-77.0545746,38.8995219,,,POINT (-77.0545746 38.8995219),,2703.0,0.0,primary,
,2883,641107709,-77.0556095,38.9006939,,,POINT (-77.0556095 38.9006939),,2704.0,0.0,motorway,
,2884,641107714,-77.0551784,38.9004877,,,POINT (-77.0551784 38.9004877),,2705.0,0.0,motorway,
,2886,49777677,-77.04347,38.8995822,,,POINT (-77.04347 38.8995822),,2707.0,0.0,tertiary,
,2887,49799817,-77.0434716,38.8973623,,,POINT (-77.0434716 38.8973623),,2708.0,0.0,secondary,
,2888,49799808,-77.0417106,38.8973603,,,POINT (-77.0417106 38.8973603),,2709.0,0.0,secondary,
,2889,49797543,-77.0449164,38.8973612,,,POINT (-77.0449164 38.8973612),,2710.0,0.0,tertiary,
,2890,1381307995,-77.0466869,38.8973588,,,POINT (-77.0466869 38.8973588),,2711.0,0.0,tertiary,
,2891,49780558,-77.0416837,38.9067831,,,POINT (-77.0416837 38.9067831),,2712.0,0.0,primary,
,2892,49863387,-77.0416825,38.907253,,,POINT (-77.0416825 38.907253),,2713.0,0.0,secondary,
,2893,3140059716,-77.0466811,38.9139424,,,POINT (-77.0466811 38.9139424),,2714.0,0.0,primary,
,2894,49741740,-77.0466304,38.9126096,,,POINT (-77.0466304 38.9126096),,2715.0,0.0,secondary,
,2895,49741735,-77.0466302,38.9111415,,,POINT (-77.0466302 38.9111415),,2716.0,0.0,secondary,
,2896,49741733,-77.0466301,38.9107564,,,POINT (-77.0466301 38.9107564),,2717.0,0.0,primary,
,2897,49793670,-77.0501185,38.9006994,,,POINT (-77.0501185 38.9006994),,2718.0,0.0,primary,
,2898,3027738437,-77.0307364,38.895595,,,POINT (-77.0307364 38.895595),,2719.0,0.0,primary,
,2899,3027616033,-77.0314631,38.8955831,,,POINT (-77.0314631 38.8955831),,2720.0,0.0,primary,
,2900,635118613,-77.0264712,38.9013656,,,POINT (-77.0264712 38.9013656),,2721.0,0.0,primary,
,2902,9526260027,-77.0360728,38.9072623,,,POINT (-77.0360728 38.9072623),,2723.0,0.0,primary,
,2903,1439363700,-77.0358888,38.9073862,,,POINT (-77.0358888 38.9073862),,2724.0,0.0,primary,
,2904,49785425,-77.0354369,38.9068712,,,POINT (-77.0354369 38.9068712),,2725.0,0.0,primary,
,2905,292921348,-77.0358279,38.907079,,,POINT (-77.0358279 38.907079),,2726.0,0.0,primary,
,2906,11186195793,-77.0363248,38.9908948,,,POINT (-77.0363248 38.9908948),,2727.0,0.0,primary,
,2907,9529686268,-77.0362302,38.9916906,,,POINT (-77.0362302 38.9916906),,2728.0,0.0,primary,
,2908,49748155,-77.018057,38.9745774,,,POINT (-77.018057 38.9745774),,2729.0,0.0,secondary,
,2909,3744956549,-77.0183473,38.97477,,,POINT (-77.0183473 38.97477),,2730.0,0.0,tertiary,
,2911,648749336,-76.9589897,38.931715,,,POINT (-76.9589897 38.931715),,2732.0,2.0,secondary,
,2912,648749337,-76.9587035,38.9314864,,,POINT (-76.9587035 38.9314864),,2733.0,0.0,secondary,
,2913,648755980,-76.967278,38.9271616,,,POINT (-76.967278 38.9271616),,2734.0,0.0,primary,
,2914,648755981,-76.9668882,38.9267984,,,POINT (-76.9668882 38.9267984),,2735.0,0.0,primary,
,2915,49788808,-76.9676572,38.9275405,,,POINT (-76.9676572 38.9275405),,2736.0,0.0,primary,
,2916,11275506147,-76.9298773,38.8894269,,,POINT (-76.9298773 38.8894269),,2737.0,0.0,secondary,
,2919,1479893398,-76.9435611,38.8897147,,,POINT (-76.9435611 38.8897147),,2740.0,0.0,primary,
,2920,1479893399,-76.9426013,38.8897164,,,POINT (-76.9426013 38.8897164),,2741.0,0.0,primary,
,2921,649841051,-76.9133148,38.8897994,,,POINT (-76.9133148 38.8897994),,2742.0,1.0,primary,
,2922,4633399536,-76.9153802,38.8898072,,,POINT (-76.9153802 38.8898072),,2743.0,0.0,primary,
,2923,2960249907,-77.0260894,38.8852996,,,POINT (-77.0260894 38.8852996),,2744.0,0.0,tertiary,
,2924,3010500905,-77.0260896,38.8845379,,,POINT (-77.0260896 38.8845379),,2745.0,0.0,tertiary,
,2925,49744091,-76.972631,38.8512268,,,POINT (-76.972631 38.8512268),,2746.0,0.0,secondary,
,2926,640614764,-76.9699802,38.8530426,,,POINT (-76.9699802 38.8530426),,2747.0,0.0,secondary,
,2927,653945655,-76.9730113,38.8511863,,,POINT (-76.9730113 38.8511863),,2748.0,0.0,secondary,
,2928,653947544,-76.9694615,38.8574148,,,POINT (-76.9694615 38.8574148),,2749.0,0.0,secondary,
,2929,49744168,-76.968195,38.858906,,,POINT (-76.968195 38.858906),,2750.0,0.0,secondary,
,2930,11368228087,-76.9699374,38.856723,,,POINT (-76.9699374 38.856723),,2751.0,0.0,secondary,
,2931,1439754936,-76.9695888,38.8572279,,,POINT (-76.9695888 38.8572279),,2752.0,0.0,secondary,
,2932,653947551,-76.9699365,38.8570714,,,POINT (-76.9699365 38.8570714),,2753.0,0.0,secondary,
,2933,655442813,-76.9987746,38.8856306,,,POINT (-76.9987746 38.8856306),,2754.0,0.0,primary,
,2934,655442818,-76.9984563,38.8857252,,,POINT (-76.9984563 38.8857252),,2755.0,0.0,primary,
,2935,655442873,-76.9718079,38.8920342,,,POINT (-76.9718079 38.8920342),,2756.0,0.0,primary,
,2936,655442874,-76.972685,38.8926229,,,POINT (-76.972685 38.8926229),,2757.0,0.0,primary,
,2937,49744745,-76.971462,38.891708,,,POINT (-76.971462 38.891708),,2758.0,0.0,primary,
,2938,655442875,-76.971942,38.8919089,,,POINT (-76.971942 38.8919089),,2759.0,0.0,primary,
,2939,49734221,-76.972566,38.891975,,,POINT (-76.972566 38.891975),,2760.0,0.0,primary,
,2940,655442899,-76.9729559,38.8927523,,,POINT (-76.9729559 38.8927523),,2761.0,0.0,primary,
,2941,655448755,-76.9865047,38.8799313,,,POINT (-76.9865047 38.8799313),,2762.0,0.0,tertiary,
,2942,49884225,-76.9860211,38.8800657,,,POINT (-76.9860211 38.8800657),,2763.0,0.0,tertiary,
,2943,49760376,-76.9848957,38.8804647,,,POINT (-76.9848957 38.8804647),,2764.0,0.0,secondary,
,2944,655448762,-76.9846464,38.8806899,,,POINT (-76.9846464 38.8806899),,2765.0,0.0,secondary,
,2945,49747512,-76.985807,38.8805686,,,POINT (-76.985807 38.8805686),,2766.0,0.0,primary,
,2946,655448766,-76.986049,38.8804398,,,POINT (-76.986049 38.8804398),,2767.0,0.0,primary,
,2947,655448767,-76.9861357,38.880216,,,POINT (-76.9861357 38.880216),,2768.0,0.0,tertiary,
,2948,655661876,-77.0281635,38.8831092,,,POINT (-77.0281635 38.8831092),,2769.0,0.0,secondary,
,2949,49726889,-77.0284351,38.8828072,,,POINT (-77.0284351 38.8828072),,2770.0,0.0,primary,
,2950,655661897,-77.0275449,38.8819634,,,POINT (-77.0275449 38.8819634),,2771.0,0.0,primary,
,2951,655661924,-77.0269627,38.8813917,,,POINT (-77.0269627 38.8813917),,2772.0,0.0,primary,
,2952,9130874892,-77.0279987,38.8828593,,,POINT (-77.0279987 38.8828593),,2773.0,0.0,secondary,
,2953,655662040,-77.0280829,38.8836531,,,POINT (-77.0280829 38.8836531),,2774.0,0.0,secondary,
,2954,655662485,-77.0198818,38.8764168,,,POINT (-77.0198818 38.8764168),,2775.0,0.0,primary,
,2955,4630298925,-77.0181293,38.8763971,,,POINT (-77.0181293 38.8763971),,2776.0,0.0,primary,
,2956,655662481,-77.0099017,38.8763992,,,POINT (-77.0099017 38.8763992),,2777.0,0.0,primary,
,2957,11198264289,-77.0094581,38.8763959,,,POINT (-77.0094581 38.8763959),,2778.0,0.0,primary,
,2958,8164478896,-77.0029499,38.8875579,,,POINT (-77.0029499 38.8875579),,2779.0,0.0,primary,
,2962,49813443,-77.0296196,38.9191959,,,POINT (-77.0296196 38.9191959),,2783.0,0.0,tertiary,
,2963,49780323,-77.0288313,38.9191979,,,POINT (-77.0288313 38.9191979),,2784.0,0.0,tertiary,
,2964,49745247,-77.0319524,38.919199,,,POINT (-77.0319524 38.919199),,2785.0,0.0,secondary,
,2966,5581929187,-76.974904,38.8713851,,,POINT (-76.974904 38.8713851),,2787.0,0.0,secondary,
,2967,49760709,-76.974053,38.8707418,,,POINT (-76.974053 38.8707418),,2788.0,0.0,tertiary,
,2968,661597715,-77.033137,38.8825696,,,POINT (-77.033137 38.8825696),,2789.0,0.0,primary,
,2969,8427531392,-77.033337,38.8842679,,,POINT (-77.033337 38.8842679),,2790.0,0.0,primary,
,2970,3004033609,-77.0337275,38.8845736,,,POINT (-77.0337275 38.8845736),,2791.0,0.0,primary,
,2971,661597957,-77.0334661,38.8821877,,,POINT (-77.0334661 38.8821877),,2792.0,0.0,primary,
,2972,8530666822,-76.9247662,38.8984019,,,POINT (-76.9247662 38.8984019),,2793.0,0.0,secondary,
,2973,3670782176,-76.9256245,38.8984082,,,POINT (-76.9256245 38.8984082),,2794.0,0.0,tertiary,
,2974,49784043,-76.9296927,38.8983986,,,POINT (-76.9296927 38.8983986),,2795.0,0.0,secondary,
,2975,8995848792,-76.9308395,38.8985391,,,POINT (-76.9308395 38.8985391),,2796.0,0.0,secondary,
,2976,49786472,-76.9350804,38.8991502,,,POINT (-76.9350804 38.8991502),,2797.0,0.0,secondary,
,2977,8671056511,-76.9328933,38.8987589,,,POINT (-76.9328933 38.8987589),,2798.0,0.0,secondary,
,2978,701602949,-77.0522394,38.9247811,,,POINT (-77.0522394 38.9247811),,2799.0,0.0,primary,
,2979,49787890,-77.0523527,38.9249764,,,POINT (-77.0523527 38.9249764),,2800.0,0.0,primary,
,2980,5447729000,-76.9981661,38.8765348,,,POINT (-76.9981661 38.8765348),,2801.0,0.0,primary,
,2981,12237241587,-76.9997999,38.8765378,,,POINT (-76.9997999 38.8765378),,2802.0,0.0,primary,
,2982,11198264296,-77.0074646,38.8764749,,,POINT (-77.0074646 38.8764749),,2803.0,0.0,primary,
,2983,655680829,-77.0066982,38.8764445,,,POINT (-77.0066982 38.8764445),,2804.0,0.0,primary,
,2984,11198017164,-76.9772472,38.8898404,,,POINT (-76.9772472 38.8898404),,2805.0,0.0,secondary,
,2985,49742454,-76.977246,38.8920129,,,POINT (-76.977246 38.8920129),,2806.0,0.0,secondary,
,2986,49742444,-76.9807658,38.8920173,,,POINT (-76.9807658 38.8920173),,2807.0,0.0,secondary,
,2987,12797184926,-76.9807643,38.8902807,,,POINT (-76.9807643 38.8902807),,2808.0,0.0,secondary,
,2989,705647725,-76.9815921,38.8932543,,,POINT (-76.9815921 38.8932543),,2810.0,0.0,primary,
,2990,705647625,-76.9772393,38.8933527,,,POINT (-76.9772393 38.8933527),,2811.0,0.0,primary,
,2991,705647749,-76.978996,38.8933522,,,POINT (-76.978996 38.8933522),,2812.0,0.0,primary,
,2992,49819151,-76.9262411,38.8967168,,,POINT (-76.9262411 38.8967168),,2813.0,0.0,tertiary,
,2993,11275506476,-76.9260188,38.8974125,,,POINT (-76.9260188 38.8974125),,2814.0,0.0,tertiary,
,2994,8530666832,-76.9256603,38.898321,,,POINT (-76.9256603 38.898321),,2815.0,0.0,tertiary,
,2995,8530666839,-76.9256461,38.8983503,,,POINT (-76.9256461 38.8983503),,2816.0,0.0,tertiary,
,2996,1362307921,-77.0574014,38.9050059,,,POINT (-77.0574014 38.9050059),,2817.0,0.0,primary,
,2997,1362307923,-77.057402,38.9051072,,,POINT (-77.057402 38.9051072),,2818.0,0.0,primary,
,2998,9729763867,-77.0576928,38.9051874,,,POINT (-77.0576928 38.9051874),,2819.0,0.0,primary,
,2999,49731769,-77.0260925,38.8868454,,,POINT (-77.0260925 38.8868454),,2820.0,0.0,tertiary,
,3000,12175091713,-77.0090386,38.8791866,,,POINT (-77.0090386 38.8791866),,2821.0,0.0,primary,
,3001,641965296,-77.0090381,38.87929,,,POINT (-77.0090381 38.87929),,2822.0,0.0,secondary,
,3002,12286325780,-77.0091293,38.8815151,,,POINT (-77.0091293 38.8815151),,2823.0,0.0,primary,
,3003,6956364482,-77.0091249,38.8800526,,,POINT (-77.0091249 38.8800526),,2824.0,0.0,primary,
,3004,3006052161,-77.0091583,38.8797789,,,POINT (-77.0091583 38.8797789),,2825.0,0.0,primary,
,3005,641965269,-77.0091288,38.8823232,,,POINT (-77.0091288 38.8823232),,2826.0,0.0,primary,
,3006,766194328,-76.9567014,38.8627223,,,POINT (-76.9567014 38.8627223),,2827.0,0.0,secondary,
,3007,773367004,-77.0070762,38.931189,,,POINT (-77.0070762 38.931189),,2828.0,0.0,primary,
,3008,7752676306,-77.0040597,38.9312989,,,POINT (-77.0040597 38.9312989),,2829.0,0.0,primary,
,3009,9624808825,-77.0083197,38.9313039,,,POINT (-77.0083197 38.9313039),,2830.0,0.0,primary,
,3010,1441008457,-77.0084293,38.9313023,,,POINT (-77.0084293 38.9313023),,2831.0,0.0,primary,
,3011,647053768,-77.0089028,38.931309,,,POINT (-77.0089028 38.931309),,2832.0,0.0,primary,
,3012,1458870814,-76.9855784,38.9245289,,,POINT (-76.9855784 38.9245289),,2833.0,0.0,secondary,
,3013,775930987,-76.985373,38.9245934,,,POINT (-76.985373 38.9245934),,2834.0,0.0,primary,
,3014,1365013785,-76.9832562,38.925732,,,POINT (-76.9832562 38.925732),,2835.0,0.0,tertiary,
,3015,7509182378,-76.9854569,38.924677,,,POINT (-76.9854569 38.924677),,2836.0,0.0,primary,
,3016,1364961112,-77.0288107,38.9098568,,,POINT (-77.0288107 38.9098568),,2837.0,0.0,primary,
,3017,2791267371,-77.0287453,38.9098877,,,POINT (-77.0287453 38.9098877),,2838.0,0.0,primary,
,3018,49861137,-77.0289433,38.9097293,,,POINT (-77.0289433 38.9097293),,2839.0,0.0,primary,
,3019,818295758,-77.0507995,38.9118746,,,POINT (-77.0507995 38.9118746),,2840.0,0.0,primary,
,3020,262251165,-77.0504076,38.911922,,,POINT (-77.0504076 38.911922),,2841.0,0.0,primary,
,3021,49800338,-77.0499172,38.9118968,,,POINT (-77.0499172 38.9118968),,2842.0,0.0,primary,
,3022,818295659,-77.0502508,38.9121485,,,POINT (-77.0502508 38.9121485),,2843.0,0.0,primary,
,3023,49800373,-77.0551708,38.9154546,,,POINT (-77.0551708 38.9154546),,2844.0,0.0,primary,
,3024,49741337,-77.0567731,38.9166295,,,POINT (-77.0567731 38.9166295),,2845.0,0.0,primary,
,3025,49787894,-77.0526689,38.9136244,,,POINT (-77.0526689 38.9136244),,2846.0,0.0,primary,
,3027,8867986126,-77.0512368,38.9126123,,,POINT (-77.0512368 38.9126123),,2848.0,0.0,primary,
,3028,3281966192,-77.0506274,38.9124583,,,POINT (-77.0506274 38.9124583),,2849.0,0.0,primary,
,3029,2347800520,-77.0359356,38.9918496,,,POINT (-77.0359356 38.9918496),,2850.0,0.0,tertiary,
,3030,825400170,-77.0360035,38.9919024,,,POINT (-77.0360035 38.9919024),,2851.0,0.0,tertiary,
,3031,11012084483,-77.0361373,38.9921222,,,POINT (-77.0361373 38.9921222),,2852.0,2.0,tertiary,
,3032,8708599372,-77.0495967,38.8779883,,,POINT (-77.0495967 38.8779883),,2853.0,0.0,motorway,
,3033,49735800,-77.0582859,38.8836693,,,POINT (-77.0582859 38.8836693),,2854.0,0.0,motorway,
,3034,49739121,-77.0626443,38.8893129,,,POINT (-77.0626443 38.8893129),,2855.0,0.0,motorway,
,3035,4884151659,-77.058801,38.8862963,,,POINT (-77.058801 38.8862963),,2856.0,0.0,motorway,
,3036,49762207,-77.0281094,38.8983221,,,POINT (-77.0281094 38.8983221),,2857.0,0.0,tertiary,
,3037,49777815,-77.0281061,38.8998214,,,POINT (-77.0281061 38.8998214),,2858.0,0.0,secondary,
,3038,9048011703,-77.0298441,38.8954286,,,POINT (-77.0298441 38.8954286),,2859.0,0.0,primary,
,3039,3301714559,-77.0302094,38.8954654,,,POINT (-77.0302094 38.8954654),,2860.0,0.0,primary,
,3041,49745566,-77.033411,38.985092,,,POINT (-77.033411 38.985092),,2862.0,0.0,tertiary,
,3042,49745574,-77.0334141,38.9864278,,,POINT (-77.0334141 38.9864278),,2863.0,0.0,tertiary,
,3045,50441280,-76.9240213,38.8814551,,,POINT (-76.9240213 38.8814551),,2866.0,0.0,secondary,
,3046,3656197335,-76.9185627,38.8857019,,,POINT (-76.9185627 38.8857019),,2867.0,0.0,secondary,
,3047,876652192,-76.9259604,38.8810694,,,POINT (-76.9259604 38.8810694),,2868.0,0.0,secondary,
,3048,5638315243,-76.938023,38.8898944,,,POINT (-76.938023 38.8898944),,2869.0,0.0,primary,
,3049,1479893402,-76.9426009,38.8898331,,,POINT (-76.9426009 38.8898331),,2870.0,0.0,primary,
,3051,49854901,-76.9260502,38.889701,,,POINT (-76.9260502 38.889701),,2872.0,0.0,primary,
,3052,4000609861,-76.9233405,38.8896926,,,POINT (-76.9233405 38.8896926),,2873.0,0.0,primary,
,3053,3375563969,-76.9857411,38.9407261,,,POINT (-76.9857411 38.9407261),,2874.0,0.0,tertiary,
,3054,49777511,-76.9687765,38.9286137,,,POINT (-76.9687765 38.9286137),,2875.0,0.0,primary,
,3055,49767041,-76.9693601,38.9291732,,,POINT (-76.9693601 38.9291732),,2876.0,0.0,primary,
,3056,11306741743,-76.9883057,38.9407222,,,POINT (-76.9883057 38.9407222),,2877.0,0.0,secondary,
,3057,49849239,-76.990982,38.9361738,,,POINT (-76.990982 38.9361738),,2878.0,0.0,tertiary,
,3058,49783092,-76.990249,38.938315,,,POINT (-76.990249 38.938315),,2879.0,0.0,tertiary,
,3059,49757444,-76.990234,38.938765,,,POINT (-76.990234 38.938765),,2880.0,0.0,primary,
,3060,49847238,-76.9905164,38.9265265,,,POINT (-76.9905164 38.9265265),,2881.0,0.0,tertiary,
,3061,49804146,-76.9906031,38.9276031,,,POINT (-76.9906031 38.9276031),,2882.0,0.0,tertiary,
,3062,49766941,-76.9906826,38.9285948,,,POINT (-76.9906826 38.9285948),,2883.0,0.0,tertiary,
,3063,49849205,-76.9909198,38.9315491,,,POINT (-76.9909198 38.9315491),,2884.0,0.0,tertiary,
,3064,49845161,-76.990275,38.923515,,,POINT (-76.990275 38.923515),,2885.0,0.0,tertiary,
,3065,49788457,-76.9911576,38.9345108,,,POINT (-76.9911576 38.9345108),,2886.0,0.0,tertiary,
,3066,49806844,-76.9884442,38.9296966,,,POINT (-76.9884442 38.9296966),,2887.0,0.0,tertiary,
,3067,49806853,-76.9885253,38.9306842,,,POINT (-76.9885253 38.9306842),,2888.0,0.0,tertiary,
,3068,49782380,-76.9886808,38.932654,,,POINT (-76.9886808 38.932654),,2889.0,0.0,secondary,
,3069,49783099,-76.988312,38.938312,,,POINT (-76.988312 38.938312),,2890.0,0.0,tertiary,
,3071,49806797,-76.9881147,38.9255916,,,POINT (-76.9881147 38.9255916),,2892.0,0.0,tertiary,
,3072,10609139615,-76.9834157,38.9257853,,,POINT (-76.9834157 38.9257853),,2893.0,0.0,tertiary,
,3073,49739335,-76.9857985,38.9257027,,,POINT (-76.9857985 38.9257027),,2894.0,0.0,tertiary,
,3074,1013396673,-77.0211695,38.9587391,,,POINT (-77.0211695 38.9587391),,2895.0,0.0,primary,
,3075,49772772,-77.0224419,38.9591531,,,POINT (-77.0224419 38.9591531),,2896.0,0.0,primary,
,3076,12402589555,-77.0161591,38.9586732,,,POINT (-77.0161591 38.9586732),,2897.0,0.0,tertiary,
,3077,49887850,-77.0161616,38.9613138,,,POINT (-77.0161616 38.9613138),,2898.0,0.0,tertiary,
,3078,11186195769,-77.0333331,38.9866479,,,POINT (-77.0333331 38.9866479),,2899.0,0.0,tertiary,
,3079,3667911780,-77.0310604,38.9880431,,,POINT (-77.0310604 38.9880431),,2900.0,0.0,tertiary,
,3080,49771453,-77.0084638,38.9703917,,,POINT (-77.0084638 38.9703917),,2901.0,0.0,tertiary,
,3081,3657250003,-77.0109395,38.9724332,,,POINT (-77.0109395 38.9724332),,2902.0,2.0,tertiary,
,3082,49789390,-77.0272661,38.9699298,,,POINT (-77.0272661 38.9699298),,2903.0,0.0,trunk,
,3086,49745427,-77.0334172,38.9699272,,,POINT (-77.0334172 38.9699272),,2907.0,0.0,tertiary,
,3087,49822614,-77.033297,38.9699273,,,POINT (-77.033297 38.9699273),,2908.0,0.0,tertiary,
,3088,49813715,-77.0296885,38.9699289,,,POINT (-77.0296885 38.9699289),,2909.0,0.0,tertiary,
,3089,945543876,-77.0334172,38.9698297,,,POINT (-77.0334172 38.9698297),,2910.0,0.0,tertiary,
,3090,3665450117,-77.031044,38.972263,,,POINT (-77.031044 38.972263),,2911.0,0.0,tertiary,
,3091,49792973,-77.0363234,38.9668987,,,POINT (-77.0363234 38.9668987),,2912.0,0.0,primary,
,3092,953283326,-77.0012435,38.8212297,,,POINT (-77.0012435 38.8212297),,2913.0,1.0,primary,
,3093,3656197332,-76.9263538,38.8796398,,,POINT (-76.9263538 38.8796398),,2914.0,0.0,secondary,
,3094,4000625889,-76.9260289,38.8804891,,,POINT (-76.9260289 38.8804891),,2915.0,0.0,secondary,
,3095,958981230,-77.0033863,38.9083835,,,POINT (-77.0033863 38.9083835),,2916.0,0.0,primary,
,3096,4629759451,-77.0039571,38.9086317,,,POINT (-77.0039571 38.9086317),,2917.0,0.0,primary,
,3097,49773070,-77.0219109,38.916278,,,POINT (-77.0219109 38.916278),,2918.0,0.0,trunk,
,3098,49853085,-77.0229461,38.9167239,,,POINT (-77.0229461 38.9167239),,2919.0,0.0,primary,
,3099,49784983,-77.0476316,38.9354096,,,POINT (-77.0476316 38.9354096),,2920.0,0.0,secondary,
,3100,49740210,-77.0437354,38.9288543,,,POINT (-77.0437354 38.9288543),,2921.0,0.0,tertiary,
,3101,9729702869,-77.0440075,38.9293629,,,POINT (-77.0440075 38.9293629),,2922.0,0.0,tertiary,
,3102,5291674142,-77.0440812,38.9296703,,,POINT (-77.0440812 38.9296703),,2923.0,0.0,secondary,
,3103,3242958119,-77.0436206,38.9284673,,,POINT (-77.0436206 38.9284673),,2924.0,0.0,tertiary,
,3104,642824625,-77.0437139,38.9280182,,,POINT (-77.0437139 38.9280182),,2925.0,-1.0,tertiary,
,3105,49731251,-77.056296,38.953741,,,POINT (-77.056296 38.953741),,2926.0,0.0,secondary,
,3106,4247354842,-77.0510731,38.9454628,,,POINT (-77.0510731 38.9454628),,2927.0,0.0,secondary,
,3107,49868291,-77.053003,38.9504212,,,POINT (-77.053003 38.9504212),,2928.0,0.0,secondary,
,3108,971094664,-77.0497061,38.9442383,,,POINT (-77.0497061 38.9442383),,2929.0,0.0,secondary,
,3109,971094651,-77.0497642,38.9442583,,,POINT (-77.0497642 38.9442583),,2930.0,0.0,secondary,
,3110,971094674,-77.0496297,38.944201,,,POINT (-77.0496297 38.944201),,2931.0,0.0,secondary,
,3111,9121137525,-77.0497038,38.9438704,,,POINT (-77.0497038 38.9438704),,2932.0,0.0,secondary,
,3112,49718382,-77.0496329,38.9435707,,,POINT (-77.0496329 38.9435707),,2933.0,0.0,secondary,
,3113,971094838,-77.0498983,38.9430141,,,POINT (-77.0498983 38.9430141),,2934.0,0.0,secondary,
,3114,49815140,-77.0423132,38.9603133,,,POINT (-77.0423132 38.9603133),,2935.0,0.0,tertiary,
,3115,8596282140,-77.0527277,38.9343922,,,POINT (-77.0527277 38.9343922),,2936.0,0.0,secondary,
,3116,1004264184,-77.0520288,38.9340287,,,POINT (-77.0520288 38.9340287),,2937.0,0.0,secondary,
,3117,3699313872,-77.0515455,38.9337891,,,POINT (-77.0515455 38.9337891),,2938.0,0.0,secondary,
,3118,7606522175,-77.0476677,38.9353565,,,POINT (-77.0476677 38.9353565),,2939.0,0.0,secondary,
,3119,49731303,-77.051211,38.933979,,,POINT (-77.051211 38.933979),,2940.0,0.0,primary,
,3120,49729919,-77.0487734,38.9341394,,,POINT (-77.0487734 38.9341394),,2941.0,0.0,primary,
,3121,49729915,-77.0484579,38.9340003,,,POINT (-77.0484579 38.9340003),,2942.0,0.0,primary,
,3122,642857407,-77.0513902,38.933594,,,POINT (-77.0513902 38.933594),,2943.0,0.0,primary,
,3123,1004759889,-77.0475088,38.9350873,,,POINT (-77.0475088 38.9350873),,2944.0,0.0,primary,
,3124,49814377,-77.0487052,38.9338891,,,POINT (-77.0487052 38.9338891),,2945.0,0.0,primary,
,3125,1004313386,-77.0481137,38.934473,,,POINT (-77.0481137 38.934473),,2946.0,0.0,primary,
,3126,49774628,-77.0524406,38.9404854,,,POINT (-77.0524406 38.9404854),,2947.0,0.0,tertiary,
,3127,2145957010,-77.0611574,38.9410183,,,POINT (-77.0611574 38.9410183),,2948.0,0.0,tertiary,
,3128,49797596,-77.0448591,38.905653,,,POINT (-77.0448591 38.905653),,2949.0,0.0,primary,
,3129,12169327862,-77.0448555,38.9067197,,,POINT (-77.0448555 38.9067197),,2950.0,0.0,tertiary,
,3130,49812952,-77.0529451,38.9198785,,,POINT (-77.0529451 38.9198785),,2951.0,0.0,primary,
,3131,49812992,-77.0550968,38.918895,,,POINT (-77.0550968 38.918895),,2952.0,0.0,primary,
,3132,1009113524,-77.0127022,38.9155971,,,POINT (-77.0127022 38.9155971),,2953.0,0.0,primary,
,3133,2295374736,-77.0128391,38.9155948,,,POINT (-77.0128391 38.9155948),,2954.0,0.0,primary,
,3134,1974551164,-77.0472341,38.9352395,,,POINT (-77.0472341 38.9352395),,2955.0,0.0,primary,
,3135,49790301,-77.0166338,38.9543882,,,POINT (-77.0166338 38.9543882),,2956.0,0.0,tertiary,
,3136,49777586,-77.0175567,38.8792929,,,POINT (-77.0175567 38.8792929),,2957.0,0.0,secondary,
,3137,2290817510,-77.0175544,38.8787373,,,POINT (-77.0175544 38.8787373),,2958.0,0.0,secondary,
,3138,49734339,-77.018858,38.8812875,,,POINT (-77.018858 38.8812875),,2959.0,0.0,tertiary,
,3139,3665450116,-77.029692,38.972263,,,POINT (-77.029692 38.972263),,2960.0,0.0,tertiary,
,3140,1013367366,-77.0296819,38.9654334,,,POINT (-77.0296819 38.9654334),,2961.0,0.0,tertiary,
,3141,49745673,-77.032726,38.945062,,,POINT (-77.032726 38.945062),,2962.0,0.0,tertiary,
14th St NW & Buchanan St NW,3142,11234143687,-77.0327253,38.9458396,,,POINT (-77.0327253 38.9458396),,2963.0,0.0,tertiary,
,3143,49745667,-77.032726,38.943275,,,POINT (-77.032726 38.943275),,2964.0,0.0,secondary,
,3144,49790509,-77.0364029,38.9525581,,,POINT (-77.0364029 38.9525581),,2965.0,0.0,primary,
,3146,2670838647,-77.027036,38.9142353,,,POINT (-77.027036 38.9142353),,2967.0,0.0,secondary,
,3149,5993559716,-77.025628,38.9163925,,,POINT (-77.025628 38.9163925),,2970.0,0.0,tertiary,
,3150,1017489226,-77.0251888,38.9203193,,,POINT (-77.0251888 38.9203193),,2971.0,0.0,secondary,
,3151,49749394,-77.0252144,38.9206709,,,POINT (-77.0252144 38.9206709),,2972.0,0.0,secondary,
,3152,1017662060,-77.0271662,38.9835277,,,POINT (-77.0271662 38.9835277),,2973.0,0.0,secondary,
,3153,11188849087,-77.026795,38.9837901,,,POINT (-77.026795 38.9837901),,2974.0,0.0,secondary,
,3154,1017662091,-77.0269463,38.9838008,,,POINT (-77.0269463 38.9838008),,2975.0,0.0,secondary,
,3157,1217652380,-77.0382369,38.9860099,,,POINT (-77.0382369 38.9860099),,2978.0,0.0,tertiary,
,3158,49813819,-77.0297018,38.9844698,,,POINT (-77.0297018 38.9844698),,2979.0,0.0,tertiary,
,3159,1017662074,-77.0262801,38.9838343,,,POINT (-77.0262801 38.9838343),,2980.0,0.0,tertiary,
,3160,3661066526,-77.0266079,38.9842821,,,POINT (-77.0266079 38.9842821),,2981.0,0.0,trunk,
,3161,1030456645,-76.9772753,38.9460206,,,POINT (-76.9772753 38.9460206),,2982.0,0.0,secondary,
,3162,1030456621,-76.977189,38.9465388,,,POINT (-76.977189 38.9465388),,2983.0,0.0,primary,
,3163,316162894,-77.0463829,38.7929203,,,POINT (-77.0463829 38.7929203),,2984.0,1.0,motorway,
,3164,2412715529,-77.0408244,38.792447,,,POINT (-77.0408244 38.792447),,2985.0,0.0,motorway,
,3165,7639962187,-77.0389584,38.7924177,,,POINT (-77.0389584 38.7924177),,2986.0,0.0,motorway,
,3166,49872938,-77.0437605,38.9884701,,,POINT (-77.0437605 38.9884701),,2987.0,0.0,tertiary,
,3167,49741073,-77.0005703,38.9025149,,,POINT (-77.0005703 38.9025149),,2988.0,0.0,secondary,
,3168,49863614,-77.002037,38.902514,,,POINT (-77.002037 38.902514),,2989.0,0.0,secondary,
,3169,1131054188,-77.0036775,38.9025149,,,POINT (-77.0036775 38.9025149),,2990.0,0.0,secondary,
,3170,11831784020,-77.0084783,38.8450563,,,POINT (-77.0084783 38.8450563),,2991.0,0.0,secondary,
,3171,1491114487,-77.0082473,38.8450564,,,POINT (-77.0082473 38.8450564),,2992.0,0.0,secondary,
,3172,49843185,-77.0362991,38.9803899,,,POINT (-77.0362991 38.9803899),,2993.0,0.0,primary,
,3173,4635760703,-77.036296,38.9807042,,,POINT (-77.036296 38.9807042),,2994.0,0.0,primary,
,3174,49797946,-77.02529,38.960084,,,POINT (-77.02529 38.960084),,2995.0,0.0,primary,
,3175,1013430031,-77.0259535,38.9603108,,,POINT (-77.0259535 38.9603108),,2996.0,0.0,primary,
,3176,49831344,-77.0594582,38.961019,,,POINT (-77.0594582 38.961019),,2997.0,0.0,primary,
,3177,49831352,-77.063889,38.961016,,,POINT (-77.063889 38.961016),,2998.0,0.0,primary,
,3178,4629769128,-77.0656124,38.9610181,,,POINT (-77.0656124 38.9610181),,2999.0,0.0,primary,
,3179,49775632,-77.060965,38.961016,,,POINT (-77.060965 38.961016),,3000.0,0.0,primary,
,3180,49831349,-77.062127,38.961016,,,POINT (-77.062127 38.961016),,3001.0,0.0,primary,
,3181,9723923067,-76.9316713,38.9033729,,,POINT (-76.9316713 38.9033729),,3002.0,0.0,tertiary,
,3182,49778650,-76.9672354,38.9234397,,,POINT (-76.9672354 38.9234397),,3003.0,0.0,primary,
,3183,49778654,-76.9665179,38.9240198,,,POINT (-76.9665179 38.9240198),,3004.0,0.0,primary,
,3184,49778633,-76.9683051,38.9223791,,,POINT (-76.9683051 38.9223791),,3005.0,0.0,primary,
,3185,5563919630,-76.9695388,38.9208608,,,POINT (-76.9695388 38.9208608),,3006.0,0.0,primary,
,3186,5563919633,-76.9689783,38.9215461,,,POINT (-76.9689783 38.9215461),,3007.0,0.0,primary,
,3187,8427719847,-76.9705552,38.9196843,,,POINT (-76.9705552 38.9196843),,3008.0,0.0,primary,
,3188,4629970432,-76.9665182,38.926468,,,POINT (-76.9665182 38.926468),,3009.0,0.0,primary,
,3189,49788786,-76.9656183,38.9255803,,,POINT (-76.9656183 38.9255803),,3010.0,0.0,primary,
,3190,49749658,-76.9614841,38.9281075,,,POINT (-76.9614841 38.9281075),,3011.0,0.0,primary,
,3191,5920737996,-76.958994,38.9298268,,,POINT (-76.958994 38.9298268),,3012.0,0.0,primary,
,3192,49770409,-76.9585953,38.9300825,,,POINT (-76.9585953 38.9300825),,3013.0,0.0,primary,
,3193,644504210,-76.9647027,38.9254773,,,POINT (-76.9647027 38.9254773),,3014.0,0.0,primary,
,3196,12169327884,-77.0447364,38.9096508,,,POINT (-77.0447364 38.9096508),,3017.0,0.0,secondary,
,3197,49779896,-77.044864,38.9096514,,,POINT (-77.044864 38.9096514),,3018.0,0.0,secondary,
,3198,9124429531,-77.0443778,38.9096226,,,POINT (-77.0443778 38.9096226),,3019.0,0.0,secondary,
,3199,49882315,-77.0442206,38.909532,,,POINT (-77.0442206 38.909532),,3020.0,0.0,primary,
,3200,1243973989,-77.0428596,38.9101089,,,POINT (-77.0428596 38.9101089),,3021.0,0.0,secondary,
,3201,49882303,-77.0440153,38.9092193,,,POINT (-77.0440153 38.9092193),,3022.0,0.0,primary,
,3202,1243974109,-77.0440654,38.9089863,,,POINT (-77.0440654 38.9089863),,3023.0,0.0,secondary,
,3203,1243974173,-77.0429884,38.9092602,,,POINT (-77.0429884 38.9092602),,3024.0,0.0,primary,
,3204,1243974177,-77.0427757,38.9093131,,,POINT (-77.0427757 38.9093131),,3025.0,0.0,primary,
,3205,1243974166,-77.0433139,38.9091293,,,POINT (-77.0433139 38.9091293),,3026.0,0.0,primary,
,3206,1243974157,-77.043955,38.9093003,,,POINT (-77.043955 38.9093003),,3027.0,0.0,primary,
,3207,5533679479,-77.0442054,38.9098103,,,POINT (-77.0442054 38.9098103),,3028.0,0.0,primary,
,3208,49797620,-77.0448729,38.9101462,,,POINT (-77.0448729 38.9101462),,3029.0,0.0,primary,
,3209,12169327893,-77.0450624,38.9102099,,,POINT (-77.0450624 38.9102099),,3030.0,0.0,primary,
,3210,4807535844,-77.0472719,38.9109802,,,POINT (-77.0472719 38.9109802),,3031.0,0.0,primary,
,3211,5533679477,-77.0426558,38.9095571,,,POINT (-77.0426558 38.9095571),,3032.0,0.0,primary,
,3212,1243974350,-77.0422719,38.9096548,,,POINT (-77.0422719 38.9096548),,3033.0,0.0,secondary,
,3213,49769186,-77.0402254,38.9231211,,,POINT (-77.0402254 38.9231211),,3034.0,0.0,tertiary,
,3214,49769176,-77.035411,38.9233047,,,POINT (-77.035411 38.9233047),,3035.0,0.0,tertiary,
,3215,49740244,-77.0420404,38.9230915,,,POINT (-77.0420404 38.9230915),,3036.0,0.0,secondary,
,3216,49797753,-77.0364482,38.9367919,,,POINT (-77.0364482 38.9367919),,3037.0,0.0,primary,
,3217,4679133344,-77.00351,38.9126,,,POINT (-77.00351 38.9126),,3038.0,0.0,tertiary,
,3218,49723161,-77.002033,38.912602,,,POINT (-77.002033 38.912602),,3039.0,0.0,tertiary,
,3219,646229586,-76.9549743,38.8961824,,,POINT (-76.9549743 38.8961824),,3040.0,0.0,primary,
,3220,4630004542,-76.9570219,38.8964952,,,POINT (-76.9570219 38.8964952),,3041.0,0.0,primary,
,3221,9593199618,-77.051982,38.9106298,,,POINT (-77.051982 38.9106298),,3042.0,0.0,tertiary,
,3222,4887846880,-77.0538938,38.910601,,,POINT (-77.0538938 38.910601),,3043.0,0.0,tertiary,
,3223,3669515067,-77.0667359,38.9756197,,,POINT (-77.0667359 38.9756197),,3044.0,0.0,tertiary,
,3224,3657251444,-77.071648,38.9717868,,,POINT (-77.071648 38.9717868),,3045.0,0.0,tertiary,
,3225,3669515066,-77.067278,38.975191,,,POINT (-77.067278 38.975191),,3046.0,0.0,tertiary,
,3226,49794608,-77.078154,38.959025,,,POINT (-77.078154 38.959025),,3047.0,0.0,tertiary,
,3227,49763401,-77.0785362,38.9479099,,,POINT (-77.0785362 38.9479099),,3048.0,0.0,tertiary,
,3228,49858691,-77.058406,38.949676,,,POINT (-77.058406 38.949676),,3049.0,0.0,tertiary,
,3229,49842421,-77.005887,38.907236,,,POINT (-77.005887 38.907236),,3050.0,0.0,tertiary,
,3230,1439584652,-77.0058997,38.9078592,,,POINT (-77.0058997 38.9078592),,3051.0,0.0,tertiary,
,3232,4629759446,-77.0051281,38.9086614,,,POINT (-77.0051281 38.9086614),,3053.0,0.0,trunk,
,3233,958981263,-77.0045802,38.9088448,,,POINT (-77.0045802 38.9088448),,3054.0,0.0,trunk,
,3234,7162103310,-77.0091663,38.8744254,,,POINT (-77.0091663 38.8744254),,3055.0,0.0,primary,
,3235,9315321057,-76.9984396,38.8628796,,,POINT (-76.9984396 38.8628796),,3056.0,0.0,motorway,
,3236,10858085320,-76.9986733,38.8630025,,,POINT (-76.9986733 38.8630025),,3057.0,0.0,primary,
,3237,12175091734,-77.0090228,38.8744956,,,POINT (-77.0090228 38.8744956),,3058.0,0.0,primary,
,3238,641939912,-77.0090382,38.8746411,,,POINT (-77.0090382 38.8746411),,3059.0,0.0,primary,
,3239,641965122,-77.0091405,38.8784194,,,POINT (-77.0091405 38.8784194),,3060.0,0.0,primary,
,3240,9055502582,-77.0091506,38.8783197,,,POINT (-77.0091506 38.8783197),,3061.0,0.0,primary,
,3241,49742885,-77.1080008,38.9315502,,,POINT (-77.1080008 38.9315502),,3062.0,0.0,primary,
,3242,49742839,-77.1069897,38.9302378,,,POINT (-77.1069897 38.9302378),,3063.0,0.0,primary,
,3244,49742925,-77.1108237,38.9345099,,,POINT (-77.1108237 38.9345099),,3065.0,0.0,primary,
,3245,1391829849,-77.1082606,38.935738,,,POINT (-77.1082606 38.935738),,3066.0,0.0,primary,
,3248,49799954,-77.103483,38.927526,,,POINT (-77.103483 38.927526),,3069.0,0.0,primary,
,3249,1241590274,-77.098521,38.9471278,,,POINT (-77.098521 38.9471278),,3070.0,0.0,primary,
,3250,1387057053,-77.1003672,38.9484909,,,POINT (-77.1003672 38.9484909),,3071.0,0.0,primary,
,3251,49832640,-77.090614,38.944786,,,POINT (-77.090614 38.944786),,3072.0,0.0,tertiary,
,3252,49832648,-77.090611,38.946286,,,POINT (-77.090611 38.946286),,3073.0,0.0,tertiary,
,3253,3007425104,-77.0948096,38.9444059,,,POINT (-77.0948096 38.9444059),,3074.0,0.0,primary,
,3254,49800238,-77.096763,38.945844,,,POINT (-77.096763 38.945844),,3075.0,0.0,primary,
,3255,3900798354,-77.093092,38.943164,,,POINT (-77.093092 38.943164),,3076.0,0.0,primary,
,3256,49745161,-77.090608,38.953315,,,POINT (-77.090608 38.953315),,3077.0,0.0,tertiary,
,3257,3373614197,-77.091873,38.94227,,,POINT (-77.091873 38.94227),,3078.0,0.0,primary,
,3258,3900798353,-77.0926129,38.942817,,,POINT (-77.0926129 38.942817),,3079.0,0.0,primary,
,3259,49756492,-77.0035132,38.8989184,,,POINT (-77.0035132 38.8989184),,3080.0,0.0,tertiary,
,3260,11608868880,-77.003557,38.9024636,,,POINT (-77.003557 38.9024636),,3081.0,0.0,tertiary,
,3262,49747467,-77.004846,38.8784148,,,POINT (-77.004846 38.8784148),,3083.0,0.0,secondary,
,3263,12176802414,-77.0044883,38.877419,,,POINT (-77.0044883 38.877419),,3084.0,0.0,secondary,
,3264,12176705873,-77.0042104,38.8766563,,,POINT (-77.0042104 38.8766563),,3085.0,0.0,secondary,
,3265,8459177919,-77.0041963,38.8766146,,,POINT (-77.0041963 38.8766146),,3086.0,0.0,secondary,
,3266,49894104,-77.0405245,38.8803201,,,POINT (-77.0405245 38.8803201),,3087.0,0.0,tertiary,
,3267,49894119,-77.0400122,38.8800388,,,POINT (-77.0400122 38.8800388),,3088.0,0.0,tertiary,
,3268,49894130,-77.039856,38.87993,,,POINT (-77.039856 38.87993),,3089.0,0.0,tertiary,
,3269,3003988398,-77.050387,38.8870722,,,POINT (-77.050387 38.8870722),,3090.0,0.0,primary,
,3270,7185746024,-77.0521053,38.8906356,,,POINT (-77.0521053 38.8906356),,3091.0,0.0,primary,
,3271,3003962406,-77.0413748,38.8875198,,,POINT (-77.0413748 38.8875198),,3092.0,0.0,primary,
,3272,646190454,-76.9800106,38.8779193,,,POINT (-76.9800106 38.8779193),,3093.0,0.0,primary,
,3273,4000814862,-76.9626898,38.8702277,,,POINT (-76.9626898 38.8702277),,3094.0,0.0,trunk,
,3274,4633108823,-76.9608896,38.8694975,,,POINT (-76.9608896 38.8694975),,3095.0,0.0,trunk,
,3275,638210863,-77.0515637,38.8876801,,,POINT (-77.0515637 38.8876801),,3096.0,0.0,primary,
,3276,3007042426,-77.0502254,38.8872553,,,POINT (-77.0502254 38.8872553),,3097.0,0.0,primary,
,3277,4629799197,-77.0161807,38.9032944,,,POINT (-77.0161807 38.9032944),,3098.0,0.0,primary,
,3278,49870240,-77.0055314,38.9092705,,,POINT (-77.0055314 38.9092705),,3099.0,0.0,primary,
,3279,4001040662,-77.0058956,38.9094436,,,POINT (-77.0058956 38.9094436),,3100.0,0.0,primary,
Aspen St NW & 13th Pl NW,3280,11234143674,-77.0278377,38.9722684,,,POINT (-77.0278377 38.9722684),,3101.0,0.0,tertiary,
,3281,3665450120,-77.033416,38.972263,,,POINT (-77.033416 38.972263),,3102.0,0.0,tertiary,
,3282,8254268653,-77.0365453,38.8921067,,,POINT (-77.0365453 38.8921067),,3103.0,0.0,trunk,
,3283,520072065,-77.0319604,38.8920989,,,POINT (-77.0319604 38.8920989),,3104.0,0.0,trunk,
,3284,3661066120,-77.0265722,38.9833073,,,POINT (-77.0265722 38.9833073),,3105.0,0.0,trunk,
,3285,5354498641,-77.0266194,38.9844544,,,POINT (-77.0266194 38.9844544),,3106.0,0.0,trunk,
,3286,1674581055,-77.0178588,38.9043435,,,POINT (-77.0178588 38.9043435),,3107.0,0.0,trunk,
,3287,3669554878,-77.0199068,38.8973469,,,POINT (-77.0199068 38.8973469),,3108.0,0.0,trunk,
,3288,49762383,-77.019908,38.8983187,,,POINT (-77.019908 38.8983187),,3109.0,0.0,trunk,
,3289,2790488448,-77.0199098,38.8997019,,,POINT (-77.0199098 38.8997019),,3110.0,0.0,trunk,
,3290,49782255,-77.0239698,38.8961404,,,POINT (-77.0239698 38.8961404),,3111.0,0.0,primary,
,3291,4001199048,-77.023974,38.8952394,,,POINT (-77.023974 38.8952394),,3112.0,0.0,primary,
,3292,1350941193,-76.9966676,38.9210314,,,POINT (-76.9966676 38.9210314),,3113.0,0.0,primary,
,3293,1350941195,-76.9956087,38.9213834,,,POINT (-76.9956087 38.9213834),,3114.0,0.0,primary,
,3294,1350941196,-76.9955627,38.9215367,,,POINT (-76.9955627 38.9215367),,3115.0,0.0,primary,
,3295,1350941194,-76.9965696,38.9212145,,,POINT (-76.9965696 38.9212145),,3116.0,0.0,primary,
,3296,638062063,-76.9947542,38.9216615,,,POINT (-76.9947542 38.9216615),,3117.0,0.0,primary,
,3297,49770175,-77.0035116,38.9187921,,,POINT (-77.0035116 38.9187921),,3118.0,0.0,primary,
,3298,12220732110,-77.0065347,38.9177495,,,POINT (-77.0065347 38.9177495),,3119.0,0.0,primary,
,3299,11347623954,-77.027644,38.9674432,,,POINT (-77.027644 38.9674432),,3120.0,0.0,tertiary,
,3300,49789624,-77.0281323,38.9674589,,,POINT (-77.0281323 38.9674589),,3121.0,-1.0,tertiary,
,3301,49812353,-77.029692,38.962703,,,POINT (-77.029692 38.962703),,3122.0,0.0,tertiary,
,3302,49778245,-77.029737,38.963773,,,POINT (-77.029737 38.963773),,3123.0,0.0,tertiary,
,3303,1362307924,-77.0573601,38.9052448,,,POINT (-77.0573601 38.9052448),,3124.0,0.0,primary,
,3304,1394275827,-77.0322889,38.9058825,,,POINT (-77.0322889 38.9058825),,3125.0,0.0,primary,
,3305,10981934326,-77.036142,38.8794125,,,POINT (-77.036142 38.8794125),,3126.0,0.0,motorway,
,3306,641112603,-77.0564301,38.9025727,,,POINT (-77.0564301 38.9025727),,3127.0,0.0,secondary,
,3307,487046296,-77.0322707,38.88363,,,POINT (-77.0322707 38.88363),,3128.0,0.0,primary,
,3308,609358011,-77.0329917,38.8840123,,,POINT (-77.0329917 38.8840123),,3129.0,0.0,primary,
,3309,5433244222,-77.0267,38.8812946,,,POINT (-77.0267 38.8812946),,3130.0,0.0,primary,
,3310,3066628515,-77.0368893,38.8869426,,,POINT (-77.0368893 38.8869426),,3131.0,0.0,primary,
,3311,3066628517,-77.0362423,38.886836,,,POINT (-77.0362423 38.886836),,3132.0,0.0,primary,
,3312,49800301,-77.0301081,38.9049799,,,POINT (-77.0301081 38.9049799),,3133.0,0.0,primary,
,3313,1364072685,-77.0329501,38.8813083,,,POINT (-77.0329501 38.8813083),,3134.0,0.0,primary,
,3314,49724092,-77.0227874,38.8823132,,,POINT (-77.0227874 38.8823132),,3135.0,0.0,motorway,
,3315,49717801,-77.0206749,38.8823528,,,POINT (-77.0206749 38.8823528),,3136.0,0.0,motorway,
,3316,3006104250,-77.0257299,38.8825018,,,POINT (-77.0257299 38.8825018),,3137.0,0.0,motorway,
,3317,622721609,-77.0197242,38.8823571,,,POINT (-77.0197242 38.8823571),,3138.0,0.0,motorway,
,3318,9131144880,-77.0636198,38.8916643,,,POINT (-77.0636198 38.8916643),,3139.0,0.0,motorway,
,3319,643404403,-77.0654197,38.8919303,,,POINT (-77.0654197 38.8919303),,3140.0,1.0,motorway,
,3320,49733393,-77.0588759,38.886269,,,POINT (-77.0588759 38.886269),,3141.0,0.0,motorway,
,3321,49733422,-77.0606623,38.8876362,,,POINT (-77.0606623 38.8876362),,3142.0,0.0,motorway,
,3323,49884153,-77.059013,38.884841,,,POINT (-77.059013 38.884841),,3144.0,0.0,motorway,
,3325,4635750468,-77.057404,38.8828302,,,POINT (-77.057404 38.8828302),,3146.0,0.0,motorway,
,3326,10799016706,-77.0611123,38.8851349,,,POINT (-77.0611123 38.8851349),,3147.0,0.0,motorway,
,3327,1364072686,-77.0549873,38.8816296,,,POINT (-77.0549873 38.8816296),,3148.0,0.0,motorway,
,3328,655661987,-77.0241654,38.881441,,,POINT (-77.0241654 38.881441),,3149.0,0.0,motorway,
,3329,49726882,-77.0301713,38.8828806,,,POINT (-77.0301713 38.8828806),,3150.0,0.0,primary,
,3330,9130851536,-77.0303641,38.8828829,,,POINT (-77.0303641 38.8828829),,3151.0,0.0,primary,
,3331,3001694510,-77.0308234,38.8829534,,,POINT (-77.0308234 38.8829534),,3152.0,0.0,primary,
,3332,49726869,-77.0603512,38.8870766,,,POINT (-77.0603512 38.8870766),,3153.0,0.0,motorway,
,3333,49730008,-77.0270385,38.883514,,,POINT (-77.0270385 38.883514),,3154.0,0.0,motorway,
,3334,641068246,-77.0524321,38.8912848,,,POINT (-77.0524321 38.8912848),,3155.0,0.0,motorway,
,3336,641964597,-77.012737,38.8858746,,,POINT (-77.012737 38.8858746),,3157.0,0.0,motorway,
,3337,1364072695,-77.0303797,38.882843,,,POINT (-77.0303797 38.882843),,3158.0,0.0,primary,
,3338,1364072693,-77.0286945,38.8827987,,,POINT (-77.0286945 38.8827987),,3159.0,0.0,primary,
,3341,9123345318,-77.0561123,38.9011453,,,POINT (-77.0561123 38.9011453),,3162.0,0.0,trunk,
,3342,4629565887,-77.0233561,38.9119049,,,POINT (-77.0233561 38.9119049),,3163.0,0.0,trunk,
,3343,647044952,-77.0090875,38.9169328,,,POINT (-77.0090875 38.9169328),,3164.0,0.0,primary,
,3344,1364971552,-77.00909,38.9166433,,,POINT (-77.00909 38.9166433),,3165.0,0.0,primary,
,3345,1364987319,-77.009089,38.9156427,,,POINT (-77.009089 38.9156427),,3166.0,0.0,primary,
,3346,647043636,-77.0089922,38.9166781,,,POINT (-77.0089922 38.9166781),,3167.0,0.0,primary,
,3347,1364971553,-77.0089901,38.9169652,,,POINT (-77.0089901 38.9169652),,3168.0,0.0,primary,
,3348,5039476868,-77.0089968,38.9189626,,,POINT (-77.0089968 38.9189626),,3169.0,0.0,primary,
,3349,1364987314,-77.0089923,38.9141508,,,POINT (-77.0089923 38.9141508),,3170.0,0.0,primary,
,3350,1364987315,-77.0089873,38.9154789,,,POINT (-77.0089873 38.9154789),,3171.0,0.0,primary,
,3351,1364987316,-77.0090926,38.9141508,,,POINT (-77.0090926 38.9141508),,3172.0,0.0,primary,
,3352,1364987318,-77.0089883,38.9156443,,,POINT (-77.0089883 38.9156443),,3173.0,0.0,primary,
,3353,1364987320,-77.0090899,38.9154801,,,POINT (-77.0090899 38.9154801),,3174.0,0.0,primary,
,3354,49770290,-76.9780587,38.9281708,,,POINT (-76.9780587 38.9281708),,3175.0,0.0,primary,
,3355,9751817126,-76.9764752,38.9289275,,,POINT (-76.9764752 38.9289275),,3176.0,0.0,primary,
,3357,49770342,-76.9712547,38.9313837,,,POINT (-76.9712547 38.9313837),,3178.0,0.0,primary,
,3358,1366265377,-76.9762332,38.9172142,,,POINT (-76.9762332 38.9172142),,3179.0,0.0,trunk,
,3359,1366265379,-76.9771357,38.9171939,,,POINT (-76.9771357 38.9171939),,3180.0,0.0,trunk,
,3360,1366265381,-76.9732691,38.9173101,,,POINT (-76.9732691 38.9173101),,3181.0,0.0,trunk,
,3361,1366261587,-76.9730548,38.9174253,,,POINT (-76.9730548 38.9174253),,3182.0,0.0,trunk,
,3362,3029043386,-76.9744412,38.9172356,,,POINT (-76.9744412 38.9172356),,3183.0,0.0,trunk,
,3363,1366265407,-76.9754107,38.9172332,,,POINT (-76.9754107 38.9172332),,3184.0,0.0,trunk,
,3364,1366288772,-76.9936219,38.9174053,,,POINT (-76.9936219 38.9174053),,3185.0,0.0,primary,
,3365,10609116648,-76.9938103,38.9170871,,,POINT (-76.9938103 38.9170871),,3186.0,0.0,primary,
,3366,4629744990,-76.9938338,38.9160084,,,POINT (-76.9938338 38.9160084),,3187.0,0.0,primary,
,3367,49880575,-77.0080077,38.8411377,,,POINT (-77.0080077 38.8411377),,3188.0,0.0,motorway,
,3368,49880445,-77.0165658,38.8269568,,,POINT (-77.0165658 38.8269568),,3189.0,0.0,motorway,
,3369,9504091763,-77.0075998,38.8485758,,,POINT (-77.0075998 38.8485758),,3190.0,0.0,motorway,
,3370,49880336,-77.0186283,38.8162926,,,POINT (-77.0186283 38.8162926),,3191.0,0.0,motorway,
,3371,1379471105,-77.0465082,38.9162274,,,POINT (-77.0465082 38.9162274),,3192.0,0.0,primary,
,3372,1435427973,-77.046911,38.9171034,,,POINT (-77.046911 38.9171034),,3193.0,0.0,primary,
,3373,49797629,-77.0448202,38.9121179,,,POINT (-77.0448202 38.9121179),,3194.0,0.0,primary,
,3374,1379505588,-77.044905,38.9122956,,,POINT (-77.044905 38.9122956),,3195.0,0.0,primary,
,3375,1379505596,-77.0449131,38.9120843,,,POINT (-77.0449131 38.9120843),,3196.0,0.0,primary,
,3376,1379496255,-77.0444081,38.9112232,,,POINT (-77.0444081 38.9112232),,3197.0,0.0,primary,
,3377,3281938703,-77.0463147,38.9147986,,,POINT (-77.0463147 38.9147986),,3198.0,0.0,primary,
,3378,3955896760,-77.0463509,38.9144786,,,POINT (-77.0463509 38.9144786),,3199.0,0.0,primary,
,3379,1379496259,-77.0442782,38.9110035,,,POINT (-77.0442782 38.9110035),,3200.0,0.0,primary,
,3380,1379505501,-77.0443196,38.9112491,,,POINT (-77.0443196 38.9112491),,3201.0,0.0,primary,
,3381,1379496262,-77.0439045,38.9103522,,,POINT (-77.0439045 38.9103522),,3202.0,0.0,primary,
,3382,1379496265,-77.043073,38.9089123,,,POINT (-77.043073 38.9089123),,3203.0,0.0,primary,
,3383,646031116,-76.9774522,38.9172967,,,POINT (-76.9774522 38.9172967),,3204.0,0.0,trunk,
,3384,9587901829,-76.9778727,38.917465,,,POINT (-76.9778727 38.917465),,3205.0,0.0,secondary,
,3385,49781443,-77.1008813,38.9485671,,,POINT (-77.1008813 38.9485671),,3206.0,0.0,primary,
,3386,2896386353,-77.1039873,38.9389023,,,POINT (-77.1039873 38.9389023),,3207.0,0.0,primary,
,3387,2896386387,-77.1012794,38.9485086,,,POINT (-77.1012794 38.9485086),,3208.0,0.0,primary,
,3388,1387942610,-77.003089,38.964879,,,POINT (-77.003089 38.964879),,3209.0,0.0,primary,
,3389,12520587445,-77.0851791,38.9373785,,,POINT (-77.0851791 38.9373785),,3210.0,0.0,primary,
,3390,49800685,-77.0846054,38.9369585,,,POINT (-77.0846054 38.9369585),,3211.0,0.0,primary,
,3392,4001506051,-77.0010455,38.9195272,,,POINT (-77.0010455 38.9195272),,3213.0,0.0,primary,
,3393,1364961090,-77.0209486,38.9126019,,,POINT (-77.0209486 38.9126019),,3214.0,0.0,trunk,
,3394,3995054739,-77.0203603,38.912806,,,POINT (-77.0203603 38.912806),,3215.0,0.0,trunk,
,3395,49802357,-77.073149,38.936075,,,POINT (-77.073149 38.936075),,3216.0,0.0,primary,
,3396,49778342,-77.0729032,38.9355409,,,POINT (-77.0729032 38.9355409),,3217.0,0.0,primary,
,3397,49843692,-77.072907,38.922543,,,POINT (-77.072907 38.922543),,3218.0,0.0,primary,
,3398,49869665,-77.073123,38.922914,,,POINT (-77.073123 38.922914),,3219.0,0.0,primary,
,3399,49817626,-77.0666845,38.9137289,,,POINT (-77.0666845 38.9137289),,3220.0,0.0,primary,
,3400,49776112,-77.06721,38.9147073,,,POINT (-77.06721 38.9147073),,3221.0,0.0,primary,
,3402,2019659645,-77.0685321,38.9166901,,,POINT (-77.0685321 38.9166901),,3223.0,0.0,primary,
,3404,49777022,-77.068752,38.916966,,,POINT (-77.068752 38.916966),,3225.0,0.0,primary,
,3405,8891331739,-77.0692209,38.9175338,,,POINT (-77.0692209 38.9175338),,3226.0,0.0,primary,
,3406,8891331738,-77.0693666,38.9177062,,,POINT (-77.0693666 38.9177062),,3227.0,0.0,primary,
,3407,49796897,-77.0651401,38.9108028,,,POINT (-77.0651401 38.9108028),,3228.0,0.0,primary,
,3408,12648589578,-77.0660221,38.9124716,,,POINT (-77.0660221 38.9124716),,3229.0,0.0,primary,
,3409,3012829798,-77.027039,38.9056578,,,POINT (-77.027039 38.9056578),,3230.0,0.0,trunk,
,3410,12194080167,-77.0270378,38.9068546,,,POINT (-77.0270378 38.9068546),,3231.0,0.0,trunk,
,3411,12520639501,-77.0364683,38.9921067,,,POINT (-77.0364683 38.9921067),,3232.0,0.0,primary,
,3412,1394275825,-76.9109319,38.8921765,,,POINT (-76.9109319 38.8921765),,3233.0,0.0,primary,
,3413,49817415,-77.0198492,38.9126087,,,POINT (-77.0198492 38.9126087),,3234.0,0.0,trunk,
,3414,49763450,-77.0729035,38.9603168,,,POINT (-77.0729035 38.9603168),,3235.0,0.0,primary,
,3415,7419032690,-77.0730915,38.9606405,,,POINT (-77.0730915 38.9606405),,3236.0,0.0,primary,
,3416,49748625,-77.0133284,38.8920881,,,POINT (-77.0133284 38.8920881),,3237.0,0.0,primary,
,3417,49748627,-77.0136361,38.8920911,,,POINT (-77.0136361 38.8920911),,3238.0,0.0,primary,
,3418,49764271,-77.0336382,38.9002326,,,POINT (-77.0336382 38.9002326),,3239.0,0.0,secondary,
,3419,49793723,-77.0281024,38.9013368,,,POINT (-77.0281024 38.9013368),,3240.0,0.0,secondary,
,3420,49793729,-77.0296245,38.9013363,,,POINT (-77.0296245 38.9013363),,3241.0,0.0,secondary,
,3422,4697534334,-77.0332382,38.9025296,,,POINT (-77.0332382 38.9025296),,3243.0,0.0,trunk,
,3423,647320588,-77.0661708,38.9610265,,,POINT (-77.0661708 38.9610265),,3244.0,0.0,primary,
,3424,49802065,-77.069176,38.961017,,,POINT (-77.069176 38.961017),,3245.0,0.0,secondary,
,3425,6798331256,-77.0720108,38.9610157,,,POINT (-77.0720108 38.9610157),,3246.0,0.0,secondary,
,3426,49761684,-77.0704112,38.9560331,,,POINT (-77.0704112 38.9560331),,3247.0,0.0,primary,
,3427,49761700,-77.0678574,38.959031,,,POINT (-77.0678574 38.959031),,3248.0,0.0,primary,
,3428,10157115258,-77.0319534,38.9030062,,,POINT (-77.0319534 38.9030062),,3249.0,0.0,primary,
,3429,49745644,-77.0319559,38.9037435,,,POINT (-77.0319559 38.9037435),,3250.0,0.0,primary,
,3430,49764249,-77.0336193,38.8964126,,,POINT (-77.0336193 38.8964126),,3251.0,0.0,secondary,
,3431,8245233140,-77.0336226,38.8955549,,,POINT (-77.0336226 38.8955549),,3252.0,0.0,secondary,
,3434,1240476053,-77.039446,38.9020195,,,POINT (-77.039446 38.9020195),,3255.0,0.0,primary,
,3435,49770789,-77.0394467,38.9013289,,,POINT (-77.0394467 38.9013289),,3256.0,0.0,primary,
,3436,49796861,-77.0219063,38.8848393,,,POINT (-77.0219063 38.8848393),,3257.0,0.0,primary,
,3437,12459616510,-77.0219108,38.8856659,,,POINT (-77.0219108 38.8856659),,3258.0,0.0,primary,
,3438,49747033,-76.945935,38.880828,,,POINT (-76.945935 38.880828),,3259.0,0.0,secondary,
,3439,3788079770,-76.945772,38.880869,,,POINT (-76.945772 38.880869),,3260.0,0.0,secondary,
,3440,49744233,-76.959002,38.8619294,,,POINT (-76.959002 38.8619294),,3261.0,0.0,trunk,
,3441,4633108826,-76.9589111,38.8612455,,,POINT (-76.9589111 38.8612455),,3262.0,0.0,trunk,
,3442,647619114,-77.0416875,38.9064831,,,POINT (-77.0416875 38.9064831),,3263.0,0.0,primary,
,3444,1379505538,-77.0451305,38.9124162,,,POINT (-77.0451305 38.9124162),,3265.0,0.0,primary,
,3445,829675288,-77.0422682,38.9077909,,,POINT (-77.0422682 38.9077909),,3266.0,0.0,primary,
,3446,11198440880,-77.047183,38.9176401,,,POINT (-77.047183 38.9176401),,3267.0,0.0,primary,
,3447,49768486,-77.04729,38.9178512,,,POINT (-77.04729 38.9178512),,3268.0,0.0,primary,
,3448,49820496,-77.0479624,38.918621,,,POINT (-77.0479624 38.918621),,3269.0,0.0,primary,
,3450,49820434,-77.0463717,38.9162255,,,POINT (-77.0463717 38.9162255),,3271.0,0.0,primary,
,3452,49815553,-77.0541658,38.9281053,,,POINT (-77.0541658 38.9281053),,3273.0,0.0,primary,
,3453,49751580,-77.0547135,38.9290439,,,POINT (-77.0547135 38.9290439),,3274.0,0.0,primary,
,3454,647594359,-77.0049269,38.8920223,,,POINT (-77.0049269 38.8920223),,3275.0,0.0,primary,
,3455,49782130,-77.0417128,38.8954044,,,POINT (-77.0417128 38.8954044),,3276.0,0.0,primary,
,3456,4635571199,-77.039967,38.8954093,,,POINT (-77.039967 38.8954093),,3277.0,0.0,primary,
,3457,3027616047,-77.0311709,38.9002142,,,POINT (-77.0311709 38.9002142),,3278.0,0.0,secondary,
,3459,49742491,-77.0121516,38.8875905,,,POINT (-77.0121516 38.8875905),,3280.0,0.0,primary,
,3460,8405856340,-77.0105187,38.8875967,,,POINT (-77.0105187 38.8875967),,3281.0,0.0,primary,
,3461,647594366,-77.0027432,38.8923059,,,POINT (-77.0027432 38.8923059),,3282.0,0.0,primary,
,3462,2377417311,-77.0020377,38.8925102,,,POINT (-77.0020377 38.8925102),,3283.0,0.0,primary,
,3463,1011917373,-77.0786062,38.946661,,,POINT (-77.0786062 38.946661),,3284.0,0.0,primary,
,3464,1435427972,-77.0554576,38.9043927,,,POINT (-77.0554576 38.9043927),,3285.0,0.0,primary,
,3466,4114221351,-77.026507,38.8946731,,,POINT (-77.026507 38.8946731),,3287.0,0.0,primary,
,3467,4629734412,-77.0426255,38.8999205,,,POINT (-77.0426255 38.8999205),,3288.0,0.0,primary,
,3468,706911260,-77.0571541,38.9049351,,,POINT (-77.0571541 38.9049351),,3289.0,0.0,primary,
,3469,49843253,-76.9937643,38.8835872,,,POINT (-76.9937643 38.8835872),,3290.0,0.0,primary,
,3470,49878967,-76.9926454,38.8831322,,,POINT (-76.9926454 38.8831322),,3291.0,0.0,primary,
,3471,655442839,-76.9984569,38.8854988,,,POINT (-76.9984569 38.8854988),,3292.0,0.0,primary,
,3472,655442840,-76.9961737,38.8845699,,,POINT (-76.9961737 38.8845699),,3293.0,0.0,tertiary,
,3473,655442836,-76.9949709,38.8840802,,,POINT (-76.9949709 38.8840802),,3294.0,0.0,secondary,
,3474,655442842,-76.9902445,38.8821531,,,POINT (-76.9902445 38.8821531),,3295.0,0.0,primary,
,3475,655442844,-76.9883169,38.8813678,,,POINT (-76.9883169 38.8813678),,3296.0,0.0,primary,
,3476,5343232402,-76.9818302,38.8789431,,,POINT (-76.9818302 38.8789431),,3297.0,0.0,primary,
,3477,655442833,-77.000568,38.886361,,,POINT (-77.000568 38.886361),,3298.0,0.0,primary,
,3478,49823732,-76.9996538,38.8859892,,,POINT (-76.9996538 38.8859892),,3299.0,0.0,tertiary,
,3479,12177294370,-77.0007241,38.8864243,,,POINT (-77.0007241 38.8864243),,3300.0,0.0,primary,
,3480,49756892,-77.0020412,38.8869599,,,POINT (-77.0020412 38.8869599),,3301.0,0.0,primary,
,3481,655442822,-77.0003627,38.8865029,,,POINT (-77.0003627 38.8865029),,3302.0,0.0,primary,
,3482,12177294363,-77.0004408,38.8865352,,,POINT (-77.0004408 38.8865352),,3303.0,0.0,primary,
,3483,49823736,-76.9993772,38.8861019,,,POINT (-76.9993772 38.8861019),,3304.0,0.0,tertiary,
,3484,49773923,-77.0005681,38.8865863,,,POINT (-77.0005681 38.8865863),,3305.0,0.0,primary,
,3485,9804624319,-76.9804628,38.877955,,,POINT (-76.9804628 38.877955),,3306.0,0.0,primary,
,3486,641965271,-77.0090025,38.882288,,,POINT (-77.0090025 38.882288),,3307.0,0.0,primary,
,3487,3007959525,-77.0501304,38.8937332,,,POINT (-77.0501304 38.8937332),,3308.0,0.0,primary,
,3488,12169205738,-77.0501301,38.8954503,,,POINT (-77.0501301 38.8954503),,3309.0,0.0,primary,
,3489,49750861,-77.0501395,38.8935359,,,POINT (-77.0501395 38.8935359),,3310.0,0.0,primary,
,3490,10014127929,-77.0501641,38.8902947,,,POINT (-77.0501641 38.8902947),,3311.0,0.0,primary,
,3491,10244494308,-77.0501134,38.9015582,,,POINT (-77.0501134 38.9015582),,3312.0,0.0,primary,
,3492,11076193261,-77.0385248,38.9097631,,,POINT (-77.0385248 38.9097631),,3313.0,0.0,secondary,
,3493,2791267707,-77.0385184,38.9125228,,,POINT (-77.0385184 38.9125228),,3314.0,0.0,secondary,
,3494,10168672589,-77.0384939,38.9075979,,,POINT (-77.0384939 38.9075979),,3315.0,0.0,secondary,
,3495,49770657,-77.0384977,38.9072483,,,POINT (-77.0384977 38.9072483),,3316.0,0.0,secondary,
,3496,4635419635,-76.9963689,38.9618456,,,POINT (-76.9963689 38.9618456),,3317.0,1.0,primary,
,3497,49814385,-77.0492884,38.9336814,,,POINT (-77.0492884 38.9336814),,3318.0,0.0,primary,
,3498,495342557,-77.043901,38.9276068,,,POINT (-77.043901 38.9276068),,3319.0,0.0,primary,
,3499,1484482203,-76.9575023,38.8964504,,,POINT (-76.9575023 38.8964504),,3320.0,0.0,primary,
,3500,49769356,-76.9426096,38.8929349,,,POINT (-76.9426096 38.8929349),,3321.0,0.0,primary,
,3501,49798815,-76.934832,38.883733,,,POINT (-76.934832 38.883733),,3322.0,0.0,secondary,
,3502,8234695344,-76.9371815,38.8889334,,,POINT (-76.9371815 38.8889334),,3323.0,0.0,secondary,
,3503,10255506290,-77.0027621,38.9001502,,,POINT (-77.0027621 38.9001502),,3324.0,0.0,primary,
,3504,11867189171,-77.0023882,38.9001507,,,POINT (-77.0023882 38.9001507),,3325.0,0.0,primary,
,3505,3373611783,-77.0865048,38.9383606,,,POINT (-77.0865048 38.9383606),,3326.0,0.0,primary,
,3506,3373611790,-77.0874119,38.9390172,,,POINT (-77.0874119 38.9390172),,3327.0,0.0,primary,
,3507,3373614194,-77.0902554,38.9410976,,,POINT (-77.0902554 38.9410976),,3328.0,0.0,primary,
,3508,3373614196,-77.090862,38.941532,,,POINT (-77.090862 38.941532),,3329.0,0.0,primary,
,3509,49777356,-77.0859,38.9382765,,,POINT (-77.0859 38.9382765),,3330.0,0.0,primary,
,3510,12520587448,-77.0861274,38.9382898,,,POINT (-77.0861274 38.9382898),,3331.0,0.0,primary,
,3511,12304814207,-77.0864599,38.938299,,,POINT (-77.0864599 38.938299),,3332.0,0.0,primary,
,3512,49777378,-77.0863764,38.9379364,,,POINT (-77.0863764 38.9379364),,3333.0,0.0,primary,
,3513,49777443,-77.0858855,38.9375441,,,POINT (-77.0858855 38.9375441),,3334.0,0.0,primary,
,3514,12520587444,-77.0857319,38.9375443,,,POINT (-77.0857319 38.9375443),,3335.0,0.0,primary,
,3515,49781457,-77.1005286,38.9488271,,,POINT (-77.1005286 38.9488271),,3336.0,0.0,primary,
,3516,1438521847,-77.0853312,38.937541,,,POINT (-77.0853312 38.937541),,3337.0,0.0,primary,
,3517,49777425,-77.0854358,38.9378958,,,POINT (-77.0854358 38.9378958),,3338.0,0.0,primary,
,3518,49777419,-77.0854993,38.9380944,,,POINT (-77.0854993 38.9380944),,3339.0,0.0,primary,
,3519,49777416,-77.0855499,38.938152,,,POINT (-77.0855499 38.938152),,3340.0,0.0,primary,
,3520,49744848,-76.9883072,38.893575,,,POINT (-76.9883072 38.893575),,3341.0,0.0,tertiary,
,3521,49744841,-76.990241,38.893576,,,POINT (-76.990241 38.893576),,3342.0,0.0,secondary,
,3522,49744850,-76.9871054,38.8935755,,,POINT (-76.9871054 38.8935755),,3343.0,0.0,secondary,
,3523,9655341758,-76.9842448,38.8935752,,,POINT (-76.9842448 38.8935752),,3344.0,0.0,secondary,
,3524,705647757,-76.9815815,38.8933302,,,POINT (-76.9815815 38.8933302),,3345.0,0.0,primary,
,3525,705647652,-76.9822564,38.8931064,,,POINT (-76.9822564 38.8931064),,3346.0,0.0,primary,
,3526,4001013312,-76.9910235,38.8903689,,,POINT (-76.9910235 38.8903689),,3347.0,0.0,primary,
,3527,9590374867,-76.9885077,38.8892503,,,POINT (-76.9885077 38.8892503),,3348.0,0.0,primary,
,3528,49759091,-76.9883153,38.8892506,,,POINT (-76.9883153 38.8892506),,3349.0,0.0,primary,
,3529,646202897,-76.9607157,38.8897492,,,POINT (-76.9607157 38.8897492),,3350.0,0.0,primary,
,3530,49850735,-76.9822179,38.8875969,,,POINT (-76.9822179 38.8875969),,3351.0,0.0,primary,
,3531,49762880,-76.9789971,38.8875964,,,POINT (-76.9789971 38.8875964),,3352.0,0.0,primary,
,3532,49850758,-76.9742667,38.8876089,,,POINT (-76.9742667 38.8876089),,3353.0,0.0,primary,
,3533,49850768,-76.9727671,38.8876355,,,POINT (-76.9727671 38.8876355),,3354.0,0.0,primary,
,3534,49850745,-76.9757263,38.887606,,,POINT (-76.9757263 38.887606),,3355.0,0.0,primary,
,3535,49850751,-76.9750557,38.8876112,,,POINT (-76.9750557 38.8876112),,3356.0,0.0,primary,
,3536,642685931,-77.0076498,38.8968232,,,POINT (-77.0076498 38.8968232),,3357.0,0.0,primary,
,3537,638908698,-77.0077882,38.8969652,,,POINT (-77.0077882 38.8969652),,3358.0,0.0,primary,
,3538,49742418,-76.9847403,38.8920226,,,POINT (-76.9847403 38.8920226),,3359.0,0.0,primary,
,3539,49727395,-76.9726945,38.8878421,,,POINT (-76.9726945 38.8878421),,3360.0,0.0,primary,
,3540,1574598207,-76.9719576,38.8878954,,,POINT (-76.9719576 38.8878954),,3361.0,0.0,primary,
,3541,49734249,-76.97364,38.891439,,,POINT (-76.97364 38.891439),,3362.0,0.0,primary,
,3542,49727451,-76.9738253,38.8903444,,,POINT (-76.9738253 38.8903444),,3363.0,0.0,primary,
,3543,9590374888,-76.988291,38.8904907,,,POINT (-76.988291 38.8904907),,3364.0,0.0,primary,
,3544,49818109,-76.973871,38.891282,,,POINT (-76.973871 38.891282),,3365.0,0.0,primary,
,3545,5637726946,-77.0023137,38.8606066,,,POINT (-77.0023137 38.8606066),,3366.0,0.0,secondary,
,3546,4375493987,-77.0034209,38.8606852,,,POINT (-77.0034209 38.8606852),,3367.0,0.0,primary,
,3550,49734273,-77.1119482,38.9388095,,,POINT (-77.1119482 38.9388095),,3371.0,0.0,secondary,
,3551,7083314687,-77.1122577,38.9395937,,,POINT (-77.1122577 38.9395937),,3372.0,0.0,secondary,
,3552,49743125,-77.0888021,38.9101623,,,POINT (-77.0888021 38.9101623),,3373.0,0.0,secondary,
,3553,49743165,-77.091133,38.912712,,,POINT (-77.091133 38.912712),,3374.0,0.0,secondary,
,3554,49843037,-77.0364744,38.9265215,,,POINT (-77.0364744 38.9265215),,3375.0,0.0,primary,
,3555,965725392,-77.0367307,38.9263933,,,POINT (-77.0367307 38.9263933),,3376.0,0.0,secondary,
,3556,49813494,-77.029707,38.926742,,,POINT (-77.029707 38.926742),,3377.0,0.0,tertiary,
,3557,783623535,-77.0324358,38.9265711,,,POINT (-77.0324358 38.9265711),,3378.0,0.0,secondary,
,3558,49823986,-77.025939,38.926854,,,POINT (-77.025939 38.926854),,3379.0,0.0,secondary,
,3559,49823968,-77.023081,38.927177,,,POINT (-77.023081 38.927177),,3380.0,0.0,secondary,
,3560,49732428,-77.036475,38.9262753,,,POINT (-77.036475 38.9262753),,3381.0,0.0,primary,
,3561,49764451,-77.035484,38.926325,,,POINT (-77.035484 38.926325),,3382.0,0.0,secondary,
,3562,49824034,-77.0327373,38.9264908,,,POINT (-77.0327373 38.9264908),,3383.0,0.0,secondary,
,3563,10279623175,-77.0154669,38.9310186,,,POINT (-77.0154669 38.9310186),,3384.0,0.0,primary,
,3564,4001002051,-77.0140416,38.9311647,,,POINT (-77.0140416 38.9311647),,3385.0,0.0,primary,
,3565,647053774,-77.0120882,38.931339,,,POINT (-77.0120882 38.931339),,3386.0,0.0,primary,
,3566,5853519293,-77.012249,38.9313355,,,POINT (-77.012249 38.9313355),,3387.0,0.0,primary,
,3567,12231432965,-77.0148352,38.9312826,,,POINT (-77.0148352 38.9312826),,3388.0,0.0,primary,
,3568,49772535,-77.019581,38.929365,,,POINT (-77.019581 38.929365),,3389.0,0.0,primary,
,3569,49772551,-77.023229,38.929041,,,POINT (-77.023229 38.929041),,3390.0,0.0,trunk,
,3572,5277494824,-76.9904179,38.8765444,,,POINT (-76.9904179 38.8765444),,3393.0,0.0,motorway,
,3574,9111790621,-77.036062,38.9072403,,,POINT (-77.036062 38.9072403),,3395.0,0.0,primary,
,3575,9526260024,-77.0369698,38.9072596,,,POINT (-77.0369698 38.9072596),,3396.0,0.0,primary,
,3576,49741203,-77.000982,38.931215,,,POINT (-77.000982 38.931215),,3397.0,0.0,primary,
,3577,1017545543,-76.9984095,38.9322542,,,POINT (-76.9984095 38.9322542),,3398.0,0.0,primary,
,3578,12221188901,-77.0023029,38.9305245,,,POINT (-77.0023029 38.9305245),,3399.0,0.0,primary,
,3579,647053707,-77.0018515,38.9307636,,,POINT (-77.0018515 38.9307636),,3400.0,0.0,primary,
,3580,1439363735,-76.9935123,38.9347773,,,POINT (-76.9935123 38.9347773),,3401.0,0.0,primary,
,3581,1439363732,-76.9950922,38.9336178,,,POINT (-76.9950922 38.9336178),,3402.0,0.0,primary,
,3582,49787536,-77.002028,38.915565,,,POINT (-77.002028 38.915565),,3403.0,0.0,tertiary,
,3583,49787530,-77.003507,38.915568,,,POINT (-77.003507 38.915568),,3404.0,0.0,tertiary,
,3584,638789484,-77.0195247,38.927923,,,POINT (-77.0195247 38.927923),,3405.0,0.0,secondary,
,3585,4635982479,-77.0190435,38.9279557,,,POINT (-77.0190435 38.9279557),,3406.0,0.0,secondary,
,3586,647069230,-77.0176609,38.9279097,,,POINT (-77.0176609 38.9279097),,3407.0,0.0,secondary,
,3587,49741153,-77.00057,38.915631,,,POINT (-77.00057 38.915631),,3408.0,0.0,tertiary,
,3588,5448413683,-77.000569,38.9162589,,,POINT (-77.000569 38.9162589),,3409.0,0.0,tertiary,
,3589,6799146190,-77.0005699,38.9269833,,,POINT (-77.0005699 38.9269833),,3410.0,0.0,tertiary,
,3590,4001066216,-77.0005685,38.92901,,,POINT (-77.0005685 38.92901),,3411.0,0.0,tertiary,
,3591,11831784024,-77.0085553,38.84514,,,POINT (-77.0085553 38.84514),,3412.0,0.0,primary,
,3592,4375560290,-77.0094584,38.8451575,,,POINT (-77.0094584 38.8451575),,3413.0,0.0,tertiary,
,3593,647084261,-77.0075436,38.9433487,,,POINT (-77.0075436 38.9433487),,3414.0,0.0,primary,
,3594,4000892491,-77.0074223,38.9443941,,,POINT (-77.0074223 38.9443941),,3415.0,0.0,primary,
,3595,647043651,-77.0089892,38.922372,,,POINT (-77.0089892 38.922372),,3416.0,0.0,primary,
,3596,49887704,-77.0089803,38.9251296,,,POINT (-77.0089803 38.9251296),,3417.0,0.0,primary,
,3598,12096326481,-77.0090956,38.9087821,,,POINT (-77.0090956 38.9087821),,3419.0,0.0,primary,
,3599,5039476871,-77.0090958,38.9074661,,,POINT (-77.0090958 38.9074661),,3420.0,0.0,primary,
,3600,4001032657,-77.0090077,38.9106927,,,POINT (-77.0090077 38.9106927),,3421.0,0.0,primary,
,3601,647030742,-77.0091009,38.9052623,,,POINT (-77.0091009 38.9052623),,3422.0,0.0,primary,
,3602,8549123230,-77.0091012,38.9051137,,,POINT (-77.0091012 38.9051137),,3423.0,0.0,primary,
,3603,642045064,-77.0088549,38.8381432,,,POINT (-77.0088549 38.8381432),,3424.0,0.0,primary,
,3604,642045074,-77.0081148,38.8364141,,,POINT (-77.0081148 38.8364141),,3425.0,0.0,primary,
,3605,642044476,-77.0082675,38.8469445,,,POINT (-77.0082675 38.8469445),,3426.0,0.0,primary,
,3606,642045046,-77.0089198,38.8407408,,,POINT (-77.0089198 38.8407408),,3427.0,0.0,primary,
,3607,10969774438,-77.0084038,38.8451889,,,POINT (-77.0084038 38.8451889),,3428.0,0.0,primary,
,3608,1439430731,-76.9633525,38.9240553,,,POINT (-76.9633525 38.9240553),,3429.0,0.0,primary,
,3609,5563919729,-76.9646349,38.9249076,,,POINT (-76.9646349 38.9249076),,3430.0,0.0,primary,
,3611,610608392,-77.0315878,38.9058564,,,POINT (-77.0315878 38.9058564),,3432.0,0.0,primary,
,3612,876615194,-77.0323579,38.9055152,,,POINT (-77.0323579 38.9055152),,3433.0,0.0,primary,
,3613,876615209,-77.0315121,38.9056739,,,POINT (-77.0315121 38.9056739),,3434.0,0.0,primary,
,3614,1363151549,-77.0315338,38.905555,,,POINT (-77.0315338 38.905555),,3435.0,0.0,primary,
,3615,12169205716,-77.0510833,38.8976097,,,POINT (-77.0510833 38.8976097),,3436.0,0.0,primary,
,3616,9123288532,-77.0489928,38.8965929,,,POINT (-77.0489928 38.8965929),,3437.0,0.0,primary,
,3617,641127623,-77.052035,38.8982506,,,POINT (-77.052035 38.8982506),,3438.0,0.0,primary,
,3618,10171614486,-77.0527357,38.8986275,,,POINT (-77.0527357 38.8986275),,3439.0,0.0,primary,
,3619,12169205709,-77.0483315,38.8961073,,,POINT (-77.0483315 38.8961073),,3440.0,0.0,primary,
,3620,9622473645,-77.0487889,38.8963463,,,POINT (-77.0487889 38.8963463),,3441.0,0.0,primary,
,3621,1439430728,-77.0319546,38.9041106,,,POINT (-77.0319546 38.9041106),,3442.0,0.0,primary,
,3622,1363151551,-77.031953,38.9042497,,,POINT (-77.031953 38.9042497),,3443.0,0.0,primary,
,3624,9832273031,-77.0136764,38.8996048,,,POINT (-77.0136764 38.8996048),,3445.0,0.0,secondary,
,3625,49748678,-77.0152183,38.8920928,,,POINT (-77.0152183 38.8920928),,3446.0,0.0,primary,
,3626,49734077,-77.015216,38.8935571,,,POINT (-77.015216 38.8935571),,3447.0,0.0,primary,
,3627,11263001104,-77.0152127,38.8936263,,,POINT (-77.0152127 38.8936263),,3448.0,0.0,primary,
,3628,2370734656,-77.0151992,38.8862458,,,POINT (-77.0151992 38.8862458),,3449.0,0.0,primary,
,3629,1439584655,-77.0112079,38.9630954,,,POINT (-77.0112079 38.9630954),,3450.0,0.0,secondary,
,3630,5438042874,-77.0124546,38.9655832,,,POINT (-77.0124546 38.9655832),,3451.0,0.0,secondary,
,3631,3369107591,-77.016302,38.972345,,,POINT (-77.016302 38.972345),,3452.0,0.0,secondary,
,3632,49802852,-77.017054,38.973606,,,POINT (-77.017054 38.973606),,3453.0,0.0,secondary,
,3633,2896386388,-77.1014421,38.9484883,,,POINT (-77.1014421 38.9484883),,3454.0,0.0,primary,
,3634,5207088239,-77.1040946,38.9389318,,,POINT (-77.1040946 38.9389318),,3455.0,0.0,primary,
,3635,3379821559,-76.9931156,38.9040115,,,POINT (-76.9931156 38.9040115),,3456.0,0.0,primary,
,3636,49730297,-76.990183,38.902739,,,POINT (-76.990183 38.902739),,3457.0,0.0,primary,
,3637,49804992,-76.9937359,38.904287,,,POINT (-76.9937359 38.904287),,3458.0,0.0,primary,
,3638,11198107411,-76.9931986,38.9040554,,,POINT (-76.9931986 38.9040554),,3459.0,0.0,primary,
,3639,4629759444,-77.0049278,38.9090106,,,POINT (-77.0049278 38.9090106),,3460.0,0.0,primary,
,3640,49848662,-77.012159,38.912122,,,POINT (-77.012159 38.912122),,3461.0,0.0,primary,
,3641,49809250,-77.0434396,38.9158941,,,POINT (-77.0434396 38.9158941),,3462.0,0.0,primary,
,3642,5447967262,-77.0439538,38.9156276,,,POINT (-77.0439538 38.9156276),,3463.0,0.0,primary,
,3643,49768710,-76.991527,38.902512,,,POINT (-76.991527 38.902512),,3464.0,0.0,secondary,
,3644,49849139,-76.990241,38.902501,,,POINT (-76.990241 38.902501),,3465.0,0.0,secondary,
,3645,49773539,-77.0270334,38.9025271,,,POINT (-77.0270334 38.9025271),,3466.0,0.0,trunk,
,3646,49846819,-77.0259869,38.9025333,,,POINT (-77.0259869 38.9025333),,3467.0,0.0,primary,
,3647,3001409611,-77.0491255,38.9036022,,,POINT (-77.0491255 38.9036022),,3468.0,0.0,secondary,
,3648,12171103944,-77.0491137,38.9036146,,,POINT (-77.0491137 38.9036146),,3469.0,0.0,secondary,
,3649,647622728,-77.0489926,38.9037384,,,POINT (-77.0489926 38.9037384),,3470.0,0.0,secondary,
,3650,49765155,-77.0475326,38.9052866,,,POINT (-77.0475326 38.9052866),,3471.0,0.0,secondary,
,3651,4629714833,-77.0252392,38.9209869,,,POINT (-77.0252392 38.9209869),,3472.0,0.0,secondary,
,3652,4629714832,-77.0254643,38.923655,,,POINT (-77.0254643 38.923655),,3473.0,0.0,secondary,
,3653,49773544,-77.0270393,38.9039576,,,POINT (-77.0270393 38.9039576),,3474.0,0.0,trunk,
,3654,12189860119,-77.0270383,38.9033993,,,POINT (-77.0270383 38.9033993),,3475.0,0.0,trunk,
,3655,49773543,-77.0270399,38.9037469,,,POINT (-77.0270399 38.9037469),,3476.0,0.0,trunk,
,3656,49853933,-77.0280934,38.9114434,,,POINT (-77.0280934 38.9114434),,3477.0,0.0,tertiary,
,3657,2911584522,-77.0282562,38.9118573,,,POINT (-77.0282562 38.9118573),,3478.0,0.0,tertiary,
,3658,49853897,-77.0280956,38.9037453,,,POINT (-77.0280956 38.9037453),,3479.0,0.0,secondary,
,3659,49800294,-77.028094,38.904319,,,POINT (-77.028094 38.904319),,3480.0,0.0,primary,
,3661,49780097,-77.0280906,38.9096426,,,POINT (-77.0280906 38.9096426),,3482.0,0.0,tertiary,
,3662,49853917,-77.0280952,38.9085785,,,POINT (-77.0280952 38.9085785),,3483.0,0.0,tertiary,
,3663,49845895,-77.0281054,38.9056616,,,POINT (-77.0281054 38.9056616),,3484.0,0.0,tertiary,
,3664,5446746099,-77.0281033,38.9050763,,,POINT (-77.0281033 38.9050763),,3485.0,0.0,tertiary,
,3665,1439584653,-77.032539,38.9275209,,,POINT (-77.032539 38.9275209),,3486.0,0.0,secondary,
,3668,2402859460,-77.0059038,38.9080605,,,POINT (-77.0059038 38.9080605),,3489.0,0.0,tertiary,
,3669,10166525030,-76.9507681,38.8660049,,,POINT (-76.9507681 38.8660049),,3490.0,0.0,tertiary,
,3670,4339624967,-76.9475234,38.8693792,,,POINT (-76.9475234 38.8693792),,3491.0,0.0,tertiary,
,3671,640784713,-77.0273698,38.9514276,,,POINT (-77.0273698 38.9514276),,3492.0,0.0,trunk,
,3672,49768048,-77.0317,38.945061,,,POINT (-77.0317 38.945061),,3493.0,0.0,secondary,
,3673,11563313320,-77.0308373,38.9472478,,,POINT (-77.0308373 38.9472478),,3494.0,0.0,secondary,
,3674,49791642,-77.0206634,38.9157467,,,POINT (-77.0206634 38.9157467),,3495.0,0.0,trunk,
,3675,10617587762,-77.0214525,38.8998202,,,POINT (-77.0214525 38.8998202),,3496.0,0.0,secondary,
,3676,8862369621,-77.0209361,38.8998179,,,POINT (-77.0209361 38.8998179),,3497.0,0.0,secondary,
,3677,49895276,-77.0416947,38.9037365,,,POINT (-77.0416947 38.9037365),,3498.0,0.0,secondary,
,3678,4635639616,-77.0408604,38.9037367,,,POINT (-77.0408604 38.9037367),,3499.0,0.0,secondary,
,3679,49846831,-77.0259816,38.9041735,,,POINT (-77.0259816 38.9041735),,3500.0,0.0,tertiary,
,3680,12171103945,-77.0468002,38.9037354,,,POINT (-77.0468002 38.9037354),,3501.0,0.0,tertiary,
,3681,49741710,-77.0466524,38.9037343,,,POINT (-77.0466524 38.9037343),,3502.0,0.0,tertiary,
,3682,49745938,-76.973189,38.870171,,,POINT (-76.973189 38.870171),,3503.0,0.0,tertiary,
,3683,49760719,-76.972134,38.8694727,,,POINT (-76.972134 38.8694727),,3504.0,0.0,tertiary,
,3684,647069596,-77.0216434,38.939835,,,POINT (-77.0216434 38.939835),,3505.0,0.0,primary,
,3685,647069598,-77.021531,38.9399859,,,POINT (-77.021531 38.9399859),,3506.0,0.0,primary,
,3687,9480197899,-77.0198015,38.9423144,,,POINT (-77.0198015 38.9423144),,3508.0,0.0,primary,
,3688,49765297,-77.022464,38.9387348,,,POINT (-77.022464 38.9387348),,3509.0,0.0,primary,
,3689,649840206,-76.9382849,38.8896596,,,POINT (-76.9382849 38.8896596),,3510.0,0.0,primary,
,3690,1439754939,-77.0627968,38.9045671,,,POINT (-77.0627968 38.9045671),,3511.0,0.0,secondary,
,3691,4629567002,-77.0628026,38.9048204,,,POINT (-77.0628026 38.9048204),,3512.0,0.0,secondary,
,3692,49764251,-77.0336236,38.8973575,,,POINT (-77.0336236 38.8973575),,3513.0,0.0,secondary,
,3693,9658592173,-77.0336382,38.9009178,,,POINT (-77.0336382 38.9009178),,3514.0,0.0,secondary,
,3694,49772987,-77.0219128,38.8998189,,,POINT (-77.0219128 38.8998189),,3515.0,0.0,secondary,
,3695,12754137849,-77.0219099,38.9004244,,,POINT (-77.0219099 38.9004244),,3516.0,0.0,secondary,
,3696,5291674141,-77.0442607,38.9298659,,,POINT (-77.0442607 38.9298659),,3517.0,0.0,secondary,
,3697,1488078428,-77.007753,38.8314043,,,POINT (-77.007753 38.8314043),,3518.0,0.0,primary,
,3698,49856138,-77.0431239,38.922361,,,POINT (-77.0431239 38.922361),,3519.0,0.0,secondary,
,3699,49856155,-77.0438918,38.9206782,,,POINT (-77.0438918 38.9206782),,3520.0,0.0,secondary,
,3700,6237347821,-77.0374545,38.9259368,,,POINT (-77.0374545 38.9259368),,3521.0,0.0,secondary,
,3701,3001411227,-77.0397615,38.9245949,,,POINT (-77.0397615 38.9245949),,3522.0,0.0,secondary,
,3702,647594354,-77.0024539,38.8922685,,,POINT (-77.0024539 38.8922685),,3523.0,0.0,primary,
,3703,12756413816,-77.0109469,38.8961303,,,POINT (-77.0109469 38.8961303),,3524.0,0.0,secondary,
,3704,2619747665,-77.0097082,38.8961308,,,POINT (-77.0097082 38.8961308),,3525.0,0.0,secondary,
,3705,4630186022,-76.9801888,38.8898029,,,POINT (-76.9801888 38.8898029),,3526.0,0.0,secondary,
,3706,4630186023,-76.9785628,38.889806,,,POINT (-76.9785628 38.889806),,3527.0,0.0,secondary,
,3707,49762870,-76.9789967,38.8898058,,,POINT (-76.9789967 38.8898058),,3528.0,0.0,secondary,
,3708,49835787,-76.9736857,38.94325,,,POINT (-76.9736857 38.94325),,3529.0,0.0,secondary,
,3709,50353927,-76.9668091,38.9378527,,,POINT (-76.9668091 38.9378527),,3530.0,0.0,secondary,
,3710,49755831,-77.083888,38.910655,,,POINT (-77.083888 38.910655),,3531.0,0.0,secondary,
,3711,49755819,-77.0831227,38.9096179,,,POINT (-77.0831227 38.9096179),,3532.0,0.0,secondary,
,3712,49732906,-77.0852188,38.9129545,,,POINT (-77.0852188 38.9129545),,3533.0,0.0,secondary,
,3713,49755858,-77.085224,38.912984,,,POINT (-77.085224 38.912984),,3534.0,0.0,secondary,
,3714,49755848,-77.0850478,38.912234,,,POINT (-77.0850478 38.912234),,3535.0,0.0,secondary,
,3715,49739830,-77.041887,38.927229,,,POINT (-77.041887 38.927229),,3536.0,0.0,tertiary,
,3716,9088107698,-77.0432467,38.927943,,,POINT (-77.0432467 38.927943),,3537.0,0.0,tertiary,
,3717,965766226,-77.0426383,38.9275833,,,POINT (-77.0426383 38.9275833),,3538.0,0.0,tertiary,
,3718,49773943,-77.000571,38.8804688,,,POINT (-77.000571 38.8804688),,3539.0,0.0,secondary,
,3719,12459441452,-77.0016779,38.8807359,,,POINT (-77.0016779 38.8807359),,3540.0,0.0,secondary,
,3720,49770801,-77.038869,38.928799,,,POINT (-77.038869 38.928799),,3541.0,0.0,secondary,
,3721,49779025,-76.939677,38.905626,,,POINT (-76.939677 38.905626),,3542.0,0.0,motorway,
,3722,7958984763,-76.9371438,38.9084815,,,POINT (-76.9371438 38.9084815),,3543.0,0.0,secondary,
,3725,4635004702,-76.9347043,38.9112417,,,POINT (-76.9347043 38.9112417),,3546.0,0.0,secondary,
,3726,49746301,-76.9831726,38.8812885,,,POINT (-76.9831726 38.8812885),,3547.0,0.0,secondary,
,3727,49746295,-76.983654,38.8818755,,,POINT (-76.983654 38.8818755),,3548.0,0.0,tertiary,
,3728,49765081,-77.0420506,38.9111394,,,POINT (-77.0420506 38.9111394),,3549.0,0.0,secondary,
,3729,49765083,-77.0416571,38.9115621,,,POINT (-77.0416571 38.9115621),,3550.0,0.0,secondary,
,3730,8596271801,-77.0544803,38.9351984,,,POINT (-77.0544803 38.9351984),,3551.0,0.0,secondary,
,3731,49834159,-76.914378,38.888972,,,POINT (-76.914378 38.888972),,3552.0,0.0,secondary,
,3732,49834179,-76.913742,38.889469,,,POINT (-76.913742 38.889469),,3553.0,0.0,secondary,
,3733,49834108,-76.91779,38.886314,,,POINT (-76.91779 38.886314),,3554.0,2.0,secondary,
,3734,49754870,-77.0208774,38.9155861,,,POINT (-77.0208774 38.9155861),,3555.0,0.0,tertiary,
,3735,1439840056,-76.9439262,38.9032683,,,POINT (-76.9439262 38.9032683),,3556.0,0.0,secondary,
,3736,49758250,-76.983647,38.897326,,,POINT (-76.983647 38.897326),,3557.0,0.0,tertiary,
,3737,49742428,-76.9836504,38.8920217,,,POINT (-76.9836504 38.8920217),,3558.0,0.0,tertiary,
,3738,49758282,-76.9836575,38.8909362,,,POINT (-76.9836575 38.8909362),,3559.0,0.0,tertiary,
,3739,49758287,-76.9836566,38.8914779,,,POINT (-76.9836566 38.8914779),,3560.0,0.0,tertiary,
,3740,1439840034,-76.9836417,38.8991496,,,POINT (-76.9836417 38.8991496),,3561.0,0.0,tertiary,
,3742,49775980,-77.0239672,38.914095,,,POINT (-77.0239672 38.914095),,3563.0,0.0,primary,
,3743,11260344027,-77.0430892,38.8935281,,,POINT (-77.0430892 38.8935281),,3564.0,0.0,secondary,
,3744,11260344016,-77.0433202,38.893528,,,POINT (-77.0433202 38.893528),,3565.0,0.0,primary,
,3745,12169187734,-77.0434762,38.8935288,,,POINT (-77.0434762 38.8935288),,3566.0,0.0,secondary,
,3748,49773639,-77.027744,38.929675,,,POINT (-77.027744 38.929675),,3569.0,0.0,tertiary,
,3749,49773891,-77.0005789,38.8429375,,,POINT (-77.0005789 38.8429375),,3570.0,0.0,secondary,
,3750,49746262,-77.00351,38.841332,,,POINT (-77.00351 38.841332),,3571.0,0.0,secondary,
,3751,49827159,-76.991221,38.863318,,,POINT (-76.991221 38.863318),,3572.0,0.0,secondary,
,3752,49807555,-76.992245,38.862765,,,POINT (-76.992245 38.862765),,3573.0,0.0,secondary,
,3753,49840836,-76.993548,38.861833,,,POINT (-76.993548 38.861833),,3574.0,0.0,secondary,
,3754,49741715,-77.046642,38.9056237,,,POINT (-77.046642 38.9056237),,3575.0,0.0,primary,
,3755,4635639619,-77.0578806,38.9052392,,,POINT (-77.0578806 38.9052392),,3576.0,0.0,primary,
,3756,9676234033,-77.037764,38.9056432,,,POINT (-77.037764 38.9056432),,3577.0,0.0,secondary,
,3757,3025773152,-77.0378629,38.9056432,,,POINT (-77.0378629 38.9056432),,3578.0,0.0,secondary,
,3758,49842936,-77.0365347,38.9056425,,,POINT (-77.0365347 38.9056425),,3579.0,0.0,primary,
,3759,1440554163,-77.0327793,38.9056484,,,POINT (-77.0327793 38.9056484),,3580.0,0.0,secondary,
,3760,7814277237,-77.0338374,38.9056441,,,POINT (-77.0338374 38.9056441),,3581.0,0.0,secondary,
,3761,11076193230,-77.0385072,38.9056435,,,POINT (-77.0385072 38.9056435),,3582.0,0.0,secondary,
,3762,49777625,-76.9998131,38.8450964,,,POINT (-76.9998131 38.8450964),,3583.0,0.0,secondary,
,3763,10969467398,-77.0050114,38.845098,,,POINT (-77.0050114 38.845098),,3584.0,0.0,secondary,
,3764,11831784018,-77.0081494,38.8450565,,,POINT (-77.0081494 38.8450565),,3585.0,0.0,primary,
,3765,49794160,-76.941555,38.902779,,,POINT (-76.941555 38.902779),,3586.0,0.0,secondary,
,3766,49755512,-76.9410766,38.902933,,,POINT (-76.9410766 38.902933),,3587.0,0.0,secondary,
,3767,49830228,-76.9538396,38.8887652,,,POINT (-76.9538396 38.8887652),,3588.0,0.0,secondary,
,3768,49734725,-76.978718,38.919598,,,POINT (-76.978718 38.919598),,3589.0,0.0,secondary,
,3769,49734728,-76.978617,38.91945,,,POINT (-76.978617 38.91945),,3590.0,0.0,secondary,
,3770,9124429534,-77.0439677,38.909054,,,POINT (-77.0439677 38.909054),,3591.0,0.0,secondary,
,3771,49882295,-77.0437997,38.9090961,,,POINT (-77.0437997 38.9090961),,3592.0,0.0,primary,
,3772,6677328447,-77.0496572,38.9096408,,,POINT (-77.0496572 38.9096408),,3593.0,0.0,secondary,
,3773,1243974366,-77.0424646,38.9096757,,,POINT (-77.0424646 38.9096757),,3594.0,0.0,secondary,
,3774,49741730,-77.0466351,38.9096472,,,POINT (-77.0466351 38.9096472),,3595.0,0.0,secondary,
,3775,12169327885,-77.0450501,38.9096515,,,POINT (-77.0450501 38.9096515),,3596.0,0.0,secondary,
,3776,49759844,-77.027477,38.967535,,,POINT (-77.027477 38.967535),,3597.0,0.0,trunk,
,3777,8178006996,-77.0272765,38.9675882,,,POINT (-77.0272765 38.9675882),,3598.0,0.0,secondary,
,3778,49797071,-77.0477062,38.911135,,,POINT (-77.0477062 38.911135),,3599.0,0.0,primary,
,3779,806520511,-77.0792153,38.9126965,,,POINT (-77.0792153 38.9126965),,3600.0,0.0,secondary,
,3780,4629766442,-77.0843385,38.9124093,,,POINT (-77.0843385 38.9124093),,3601.0,0.0,secondary,
,3781,49799470,-77.092346,38.91484,,,POINT (-77.092346 38.91484),,3602.0,0.0,secondary,
,3782,1440554133,-76.9341475,38.8735692,,,POINT (-76.9341475 38.8735692),,3603.0,0.0,secondary,
,3783,49764782,-76.952223,38.862124,,,POINT (-76.952223 38.862124),,3604.0,0.0,secondary,
,3784,49750161,-76.9961867,38.8785892,,,POINT (-76.9961867 38.8785892),,3605.0,0.0,secondary,
,3785,49750169,-76.9949736,38.8782423,,,POINT (-76.9949736 38.8782423),,3606.0,0.0,secondary,
,3786,4633501078,-76.9626813,38.8519147,,,POINT (-76.9626813 38.8519147),,3607.0,0.0,secondary,
,3787,3656196221,-76.9623507,38.8516095,,,POINT (-76.9623507 38.8516095),,3608.0,0.0,secondary,
,3788,12321308705,-77.0270386,38.9112327,,,POINT (-77.0270386 38.9112327),,3609.0,0.0,secondary,
,3789,3301217705,-77.0270376,38.9126083,,,POINT (-77.0270376 38.9126083),,3610.0,0.0,secondary,
,3790,10610461139,-76.9915331,38.8809151,,,POINT (-76.9915331 38.8809151),,3611.0,0.0,secondary,
,3791,10610461138,-76.991533,38.8804423,,,POINT (-76.991533 38.8804423),,3612.0,0.0,secondary,
,3792,4001147641,-77.0296248,38.8987411,,,POINT (-77.0296248 38.8987411),,3613.0,0.0,secondary,
,3793,49861217,-77.0300091,38.9101283,,,POINT (-77.0300091 38.9101283),,3614.0,0.0,primary,
,3794,10609142844,-76.9856784,38.9247301,,,POINT (-76.9856784 38.9247301),,3615.0,0.0,tertiary,
,3795,49739331,-76.985749,38.925069,,,POINT (-76.985749 38.925069),,3616.0,0.0,tertiary,
,3796,1365013790,-76.985628,38.9246038,,,POINT (-76.985628 38.9246038),,3617.0,0.0,primary,
,3797,1382508877,-76.9789885,38.9052676,,,POINT (-76.9789885 38.9052676),,3618.0,0.0,secondary,
,3798,4000974653,-76.9791579,38.8998529,,,POINT (-76.9791579 38.8998529),,3619.0,0.0,secondary,
,3799,49767131,-77.0417278,38.8943484,,,POINT (-77.0417278 38.8943484),,3620.0,0.0,secondary,
,3800,12169254204,-77.0417083,38.8982062,,,POINT (-77.0417083 38.8982062),,3621.0,0.0,secondary,
,3801,49762238,-77.0417065,38.8983485,,,POINT (-77.0417065 38.8983485),,3622.0,0.0,secondary,
,3802,9676179712,-77.0416951,38.9037985,,,POINT (-77.0416951 38.9037985),,3623.0,0.0,secondary,
,3803,4635704122,-77.0416933,38.9052475,,,POINT (-77.0416933 38.9052475),,3624.0,0.0,secondary,
,3804,49809189,-77.0434504,38.9056454,,,POINT (-77.0434504 38.9056454),,3625.0,0.0,primary,
,3808,49759907,-77.022766,38.973609,,,POINT (-77.022766 38.973609),,3629.0,0.0,secondary,
,3809,49819825,-77.0244669,38.973612,,,POINT (-77.0244669 38.973612),,3630.0,0.0,tertiary,
,3810,3744956555,-77.0163727,38.9750651,,,POINT (-77.0163727 38.9750651),,3631.0,0.0,secondary,
,3811,49846016,-77.063256,38.9275336,,,POINT (-77.063256 38.9275336),,3632.0,0.0,secondary,
,3812,49748292,-77.0663975,38.9299803,,,POINT (-77.0663975 38.9299803),,3633.0,0.0,tertiary,
,3813,49820781,-77.068123,38.952096,,,POINT (-77.068123 38.952096),,3634.0,0.0,primary,
,3814,49784260,-77.0694332,38.9543331,,,POINT (-77.0694332 38.9543331),,3635.0,0.0,primary,
,3815,49820820,-77.0696405,38.9546871,,,POINT (-77.0696405 38.9546871),,3636.0,0.0,primary,
,3816,10316514385,-77.0702872,38.9558165,,,POINT (-77.0702872 38.9558165),,3637.0,0.0,primary,
,3817,49750470,-77.0035175,38.8850715,,,POINT (-77.0035175 38.8850715),,3638.0,0.0,tertiary,
,3818,3657250001,-77.0014849,38.9649368,,,POINT (-77.0014849 38.9649368),,3639.0,0.0,tertiary,
,3819,1239321052,-77.0024759,38.9657115,,,POINT (-77.0024759 38.9657115),,3640.0,0.0,primary,
,3820,647098998,-77.0035536,38.9665538,,,POINT (-77.0035536 38.9665538),,3641.0,2.0,tertiary,
,3821,49782669,-77.0044528,38.9672567,,,POINT (-77.0044528 38.9672567),,3642.0,0.0,tertiary,
,3822,3378616474,-77.0189319,38.897343,,,POINT (-77.0189319 38.897343),,3643.0,0.0,tertiary,
,3823,49811666,-77.0771453,38.9546979,,,POINT (-77.0771453 38.9546979),,3644.0,0.0,tertiary,
,3824,49741182,-77.00057,38.925591,,,POINT (-77.00057 38.925591),,3645.0,0.0,tertiary,
,3825,1443727126,-76.9995089,38.9255877,,,POINT (-76.9995089 38.9255877),,3646.0,0.0,tertiary,
,3826,1443727117,-76.9961734,38.9255771,,,POINT (-76.9961734 38.9255771),,3647.0,0.0,tertiary,
,3827,641965315,-77.0091381,38.8792909,,,POINT (-77.0091381 38.8792909),,3648.0,0.0,secondary,
,3828,49830538,-77.0162278,38.8792909,,,POINT (-77.0162278 38.8792909),,3649.0,0.0,secondary,
,3829,49769885,-77.041974,38.986503,,,POINT (-77.041974 38.986503),,3650.0,0.0,tertiary,
,3830,5354789671,-77.0084672,38.9653855,,,POINT (-77.0084672 38.9653855),,3651.0,0.0,tertiary,
,3831,3657250002,-77.0060833,38.9685311,,,POINT (-77.0060833 38.9685311),,3652.0,0.0,tertiary,
,3832,1440867188,-77.0109599,38.9619647,,,POINT (-77.0109599 38.9619647),,3653.0,0.0,tertiary,
,3834,49818956,-77.027513,38.939741,,,POINT (-77.027513 38.939741),,3655.0,0.0,tertiary,
,3835,49851445,-77.0274417,38.9562271,,,POINT (-77.0274417 38.9562271),,3656.0,0.0,tertiary,
,3836,49789342,-77.028029,38.956216,,,POINT (-77.028029 38.956216),,3657.0,0.0,trunk,
,3837,49825409,-77.019872,38.9564471,,,POINT (-77.019872 38.9564471),,3658.0,0.0,tertiary,
,3838,49876468,-77.0161192,38.9565565,,,POINT (-77.0161192 38.9565565),,3659.0,0.0,tertiary,
,3839,3369108607,-77.0128127,38.9738729,,,POINT (-77.0128127 38.9738729),,3660.0,2.0,tertiary,
,3840,8439855811,-76.9887161,38.8765332,,,POINT (-76.9887161 38.8765332),,3661.0,0.0,tertiary,
,3841,49761707,-77.0675564,38.9593949,,,POINT (-77.0675564 38.9593949),,3662.0,0.0,primary,
,3842,49802221,-77.072873,38.96976,,,POINT (-77.072873 38.96976),,3663.0,0.0,tertiary,
,3843,3001016695,-77.0114312,38.8961322,,,POINT (-77.0114312 38.8961322),,3664.0,0.0,secondary,
,3844,3001375539,-77.0118738,38.8973428,,,POINT (-77.0118738 38.8973428),,3665.0,0.0,tertiary,
,3845,3001375547,-77.0109497,38.8947895,,,POINT (-77.0109497 38.8947895),,3666.0,0.0,tertiary,
,3848,49844821,-77.0199007,38.908573,,,POINT (-77.0199007 38.908573),,3669.0,0.0,trunk,
,3849,49825157,-77.018925,38.908573,,,POINT (-77.018925 38.908573),,3670.0,0.0,tertiary,
,3850,49810877,-77.02397,38.908574,,,POINT (-77.02397 38.908574),,3671.0,0.0,primary,
,3851,49846852,-77.0259867,38.9085814,,,POINT (-77.0259867 38.9085814),,3672.0,0.0,tertiary,
,3852,49773557,-77.0270388,38.9085829,,,POINT (-77.0270388 38.9085829),,3673.0,0.0,trunk,
,3853,49894515,-77.0252725,38.8750115,,,POINT (-77.0252725 38.8750115),,3674.0,0.0,tertiary,
,3854,49894396,-77.022287,38.865363,,,POINT (-77.022287 38.865363),,3675.0,0.0,tertiary,
,3855,661597905,-77.0262426,38.8761845,,,POINT (-77.0262426 38.8761845),,3676.0,0.0,tertiary,
,3856,49894236,-77.033516,38.8747629,,,POINT (-77.033516 38.8747629),,3677.0,0.0,tertiary,
,3857,4001177157,-77.0337599,38.8750078,,,POINT (-77.0337599 38.8750078),,3678.0,0.0,tertiary,
,3858,49894676,-77.0371073,38.8798734,,,POINT (-77.0371073 38.8798734),,3679.0,0.0,tertiary,
,3859,1489216478,-77.0173108,38.8277981,,,POINT (-77.0173108 38.8277981),,3680.0,0.0,tertiary,
,3860,1489216479,-77.0172976,38.8279953,,,POINT (-77.0172976 38.8279953),,3681.0,0.0,tertiary,
,3861,49754162,-77.0136687,38.8720423,,,POINT (-77.0136687 38.8720423),,3682.0,0.0,tertiary,
,3862,12178789342,-77.0168855,38.8720558,,,POINT (-77.0168855 38.8720558),,3683.0,0.0,tertiary,
,3863,49808604,-77.035949,38.9314598,,,POINT (-77.035949 38.9314598),,3684.0,0.0,secondary,
,3864,49753272,-77.072112,38.937331,,,POINT (-77.072112 38.937331),,3685.0,0.0,tertiary,
,3865,49753274,-77.072418,38.93733,,,POINT (-77.072418 38.93733),,3686.0,0.0,tertiary,
,3866,5445483941,-77.0732492,38.9373273,,,POINT (-77.0732492 38.9373273),,3687.0,0.0,tertiary,
,3867,49753197,-77.061068,38.937156,,,POINT (-77.061068 38.937156),,3688.0,0.0,tertiary,
,3868,12580454779,-77.062957,38.9373796,,,POINT (-77.062957 38.9373796),,3689.0,0.0,tertiary,
,3869,49753220,-77.06343,38.937359,,,POINT (-77.06343 38.937359),,3690.0,0.0,tertiary,
,3870,49748328,-77.066387,38.937335,,,POINT (-77.066387 38.937335),,3691.0,0.0,tertiary,
,3871,49884945,-77.0684783,38.9415487,,,POINT (-77.0684783 38.9415487),,3692.0,0.0,tertiary,
,3872,5587536525,-77.0688989,38.9422533,,,POINT (-77.0688989 38.9422533),,3693.0,0.0,tertiary,
,3873,49786183,-77.071709,38.9507309,,,POINT (-77.071709 38.9507309),,3694.0,0.0,tertiary,
,3874,49837965,-77.07152,38.952097,,,POINT (-77.07152 38.952097),,3695.0,0.0,tertiary,
,3875,49745106,-77.0719137,38.9532973,,,POINT (-77.0719137 38.9532973),,3696.0,0.0,tertiary,
,3876,1440867114,-77.046519,38.9140932,,,POINT (-77.046519 38.9140932),,3697.0,0.0,primary,
,3878,49777135,-76.988396,38.953238,,,POINT (-76.988396 38.953238),,3699.0,0.0,secondary,
,3879,49721252,-76.9846673,38.8869098,,,POINT (-76.9846673 38.8869098),,3700.0,0.0,tertiary,
,3880,49845440,-76.9837521,38.887049,,,POINT (-76.9837521 38.887049),,3701.0,0.0,tertiary,
,3881,3372235101,-76.995729,38.940729,,,POINT (-76.995729 38.940729),,3702.0,0.0,secondary,
,3883,1004776680,-77.0586417,38.9408952,,,POINT (-77.0586417 38.9408952),,3704.0,0.0,tertiary,
,3885,49752701,-77.043141,38.941657,,,POINT (-77.043141 38.941657),,3706.0,0.0,tertiary,
,3886,49752632,-77.025514,38.941873,,,POINT (-77.025514 38.941873),,3707.0,0.0,trunk,
,3887,49752640,-77.025938,38.941867,,,POINT (-77.025938 38.941867),,3708.0,0.0,tertiary,
,3888,49853677,-77.0279528,38.9123865,,,POINT (-77.0279528 38.9123865),,3709.0,0.0,tertiary,
,3889,2791267718,-77.0278613,38.9125436,,,POINT (-77.0278613 38.9125436),,3710.0,0.0,tertiary,
,3890,49853943,-77.0284603,38.9116447,,,POINT (-77.0284603 38.9116447),,3711.0,0.0,tertiary,
,3891,11198100602,-76.9862785,38.9100385,,,POINT (-76.9862785 38.9100385),,3712.0,0.0,tertiary,
,3892,3665019989,-76.989892,38.906836,,,POINT (-76.989892 38.906836),,3713.0,0.0,tertiary,
,3893,10169370014,-76.9819009,38.9139357,,,POINT (-76.9819009 38.9139357),,3714.0,0.0,tertiary,
,3894,3376996942,-76.983427,38.91255,,,POINT (-76.983427 38.91255),,3715.0,0.0,tertiary,
,3895,1440867162,-77.007997,38.9426495,,,POINT (-77.007997 38.9426495),,3716.0,0.0,primary,
,3896,49773590,-77.0270373,38.9181141,,,POINT (-77.0270373 38.9181141),,3717.0,0.0,tertiary,
,3897,49773595,-77.0270362,38.9191968,,,POINT (-77.0270362 38.9191968),,3718.0,0.0,tertiary,
,3898,9655223650,-77.0270387,38.9204994,,,POINT (-77.0270387 38.9204994),,3719.0,0.0,tertiary,
,3899,49773581,-77.0270396,38.9170066,,,POINT (-77.0270396 38.9170066),,3720.0,0.0,primary,
,3900,49773647,-77.02826,38.931821,,,POINT (-77.02826 38.931821),,3721.0,0.0,tertiary,
,3901,5171896376,-77.0281845,38.8874099,,,POINT (-77.0281845 38.8874099),,3722.0,0.0,secondary,
,3902,2960250941,-77.0281136,38.8849169,,,POINT (-77.0281136 38.8849169),,3723.0,0.0,secondary,
,3903,291775083,-77.0281133,38.884711,,,POINT (-77.0281133 38.884711),,3724.0,0.0,secondary,
,3904,49764380,-77.0345107,38.9181162,,,POINT (-77.0345107 38.9181162),,3725.0,0.0,tertiary,
,3905,8633944744,-77.0345445,38.9187231,,,POINT (-77.0345445 38.9187231),,3726.0,0.0,tertiary,
,3906,11261031490,-77.0345758,38.9025334,,,POINT (-77.0345758 38.9025334),,3727.0,0.0,trunk,
,3907,1240476057,-77.0385195,38.9024142,,,POINT (-77.0385195 38.9024142),,3728.0,0.0,tertiary,
,3908,49770646,-77.0385188,38.9025308,,,POINT (-77.0385188 38.9025308),,3729.0,0.0,trunk,
,3909,49742545,-76.978995,38.9212904,,,POINT (-76.978995 38.9212904),,3730.0,0.0,tertiary,
,3910,49845192,-76.978997,38.923438,,,POINT (-76.978997 38.923438),,3731.0,0.0,tertiary,
,3911,49767010,-76.979285,38.928951,,,POINT (-76.979285 38.928951),,3732.0,0.0,secondary,
,3912,49782406,-76.9796064,38.9331124,,,POINT (-76.9796064 38.9331124),,3733.0,0.0,secondary,
,3913,3007511476,-76.9800973,38.9394669,,,POINT (-76.9800973 38.9394669),,3734.0,0.0,primary,
,3914,12169327899,-77.044885,38.9110334,,,POINT (-77.044885 38.9110334),,3735.0,0.0,tertiary,
,3915,49797063,-77.0448853,38.9111375,,,POINT (-77.0448853 38.9111375),,3736.0,0.0,secondary,
,3916,12169327892,-77.0448855,38.9103213,,,POINT (-77.0448855 38.9103213),,3737.0,0.0,tertiary,
,3917,12169327874,-77.0448693,38.9083571,,,POINT (-77.0448693 38.9083571),,3738.0,0.0,tertiary,
,3918,12169327883,-77.044865,38.9095315,,,POINT (-77.044865 38.9095315),,3739.0,0.0,tertiary,
,3919,5257861923,-77.0449131,38.8978579,,,POINT (-77.0449131 38.8978579),,3740.0,0.0,tertiary,
,3920,49797586,-77.0449044,38.9037335,,,POINT (-77.0449044 38.9037335),,3741.0,0.0,tertiary,
,3921,12169327847,-77.0448583,38.9052599,,,POINT (-77.0448583 38.9052599),,3742.0,0.0,tertiary,
,3922,49741711,-77.0466539,38.9038769,,,POINT (-77.0466539 38.9038769),,3743.0,0.0,tertiary,
,3923,12169270767,-77.0467156,38.8936708,,,POINT (-77.0467156 38.8936708),,3744.0,0.0,tertiary,
,3924,10292519074,-77.0467155,38.8936401,,,POINT (-77.0467155 38.8936401),,3745.0,0.0,tertiary,
,3925,10292519072,-77.0466906,38.8941072,,,POINT (-77.0466906 38.8941072),,3746.0,0.0,tertiary,
,3926,2791594500,-77.0175611,38.8910774,,,POINT (-77.0175611 38.8910774),,3747.0,0.0,secondary,
,3927,4629799198,-77.0175581,38.8915927,,,POINT (-77.0175581 38.8915927),,3748.0,0.0,secondary,
,3928,1484306210,-76.9379461,38.890479,,,POINT (-76.9379461 38.890479),,3749.0,0.0,primary,
,3929,3656199230,-76.9314062,38.9101174,,,POINT (-76.9314062 38.9101174),,3750.0,0.0,secondary,
,3930,1441008455,-76.9305819,38.9094714,,,POINT (-76.9305819 38.9094714),,3751.0,0.0,secondary,
,3931,9723841387,-76.911791,38.8947426,,,POINT (-76.911791 38.8947426),,3752.0,0.0,secondary,
,3932,640564167,-76.9140964,38.8965498,,,POINT (-76.9140964 38.8965498),,3753.0,2.0,secondary,
,3933,4635004703,-76.9336189,38.9118523,,,POINT (-76.9336189 38.9118523),,3754.0,0.0,secondary,
,3934,8795674241,-76.9320933,38.9106572,,,POINT (-76.9320933 38.9106572),,3755.0,0.0,secondary,
,3935,50424802,-76.9245029,38.9047068,,,POINT (-76.9245029 38.9047068),,3756.0,2.0,secondary,
,3936,49765510,-77.0165754,38.8301075,,,POINT (-77.0165754 38.8301075),,3757.0,0.0,tertiary,
,3937,49765648,-77.0096278,38.8388177,,,POINT (-77.0096278 38.8388177),,3758.0,0.0,motorway,
,3938,9624808824,-77.0083821,38.9313663,,,POINT (-77.0083821 38.9313663),,3759.0,0.0,primary,
,3939,971094687,-77.0496729,38.944029,,,POINT (-77.0496729 38.944029),,3760.0,0.0,secondary,
,3940,49811156,-77.025615,38.973611,,,POINT (-77.025615 38.973611),,3761.0,0.0,tertiary,
,3941,49744836,-76.991533,38.8935754,,,POINT (-76.991533 38.8935754),,3762.0,0.0,secondary,
,3942,49744825,-76.9937574,38.8935795,,,POINT (-76.9937574 38.8935795),,3763.0,0.0,secondary,
,3943,49744817,-76.9949646,38.8935805,,,POINT (-76.9949646 38.8935805),,3764.0,0.0,secondary,
,3944,4391810415,-77.0073947,38.8961463,,,POINT (-77.0073947 38.8961463),,3765.0,0.0,primary,
,3945,49749855,-76.984361,38.866634,,,POINT (-76.984361 38.866634),,3766.0,0.0,secondary,
,3946,49840387,-77.002919,38.940435,,,POINT (-77.002919 38.940435),,3767.0,0.0,tertiary,
,3947,12467041983,-77.0030861,38.9407426,,,POINT (-77.0030861 38.9407426),,3768.0,0.0,secondary,
,3948,49830543,-77.0182734,38.8792935,,,POINT (-77.0182734 38.8792935),,3769.0,0.0,secondary,
,3949,49772573,-77.02751,38.928705,,,POINT (-77.02751 38.928705),,3770.0,0.0,tertiary,
,3950,2868328566,-77.0266399,38.9287852,,,POINT (-77.0266399 38.9287852),,3771.0,0.0,secondary,
,3951,49847954,-76.994959,38.902512,,,POINT (-76.994959 38.902512),,3772.0,0.0,secondary,
,3952,49804967,-76.9937537,38.9025183,,,POINT (-76.9937537 38.9025183),,3773.0,0.0,secondary,
,3953,49813499,-77.0297081,38.929674,,,POINT (-77.0297081 38.929674),,3774.0,0.0,tertiary,
,3954,10281888425,-77.0321875,38.9298736,,,POINT (-77.0321875 38.9298736),,3775.0,0.0,secondary,
,3955,49813391,-77.0295738,38.9101849,,,POINT (-77.0295738 38.9101849),,3776.0,0.0,primary,
,3956,10246832312,-77.0298965,38.9101545,,,POINT (-77.0298965 38.9101545),,3777.0,0.0,primary,
,3957,6438732905,-77.0292845,38.9101111,,,POINT (-77.0292845 38.9101111),,3778.0,0.0,primary,
,3958,49861108,-77.0292027,38.9092052,,,POINT (-77.0292027 38.9092052),,3779.0,0.0,primary,
,3959,49861125,-77.0289725,38.9094246,,,POINT (-77.0289725 38.9094246),,3780.0,0.0,primary,
,3960,49861252,-77.0302495,38.9099332,,,POINT (-77.0302495 38.9099332),,3781.0,0.0,primary,
,3961,4629768524,-76.9941205,38.8610261,,,POINT (-76.9941205 38.8610261),,3782.0,0.0,secondary,
,3962,639388319,-76.9939174,38.8613428,,,POINT (-76.9939174 38.8613428),,3783.0,0.0,secondary,
,3965,655662477,-77.0152044,38.876546,,,POINT (-77.0152044 38.876546),,3786.0,0.0,primary,
,3966,4630298926,-77.0167811,38.87653,,,POINT (-77.0167811 38.87653),,3787.0,0.0,primary,
,3967,655662478,-77.0152048,38.8763789,,,POINT (-77.0152048 38.8763789),,3788.0,0.0,primary,
,3968,655662484,-77.0138866,38.8763961,,,POINT (-77.0138866 38.8763961),,3789.0,0.0,primary,
,3969,49743817,-76.943521,38.870773,,,POINT (-76.943521 38.870773),,3790.0,0.0,tertiary,
,3970,10166525031,-76.9429599,38.8705443,,,POINT (-76.9429599 38.8705443),,3791.0,0.0,tertiary,
,3971,3656197326,-76.9397241,38.8692219,,,POINT (-76.9397241 38.8692219),,3792.0,0.0,secondary,
,3972,9437842874,-76.9899932,38.9325943,,,POINT (-76.9899932 38.9325943),,3793.0,0.0,secondary,
,3973,4268292026,-76.989529,38.9326154,,,POINT (-76.989529 38.9326154),,3794.0,0.0,secondary,
,3974,49739399,-76.9863648,38.932771,,,POINT (-76.9863648 38.932771),,3795.0,0.0,secondary,
,3975,49765866,-76.981176,38.9330331,,,POINT (-76.981176 38.9330331),,3796.0,0.0,secondary,
,3976,4001029690,-76.9902929,38.9325806,,,POINT (-76.9902929 38.9325806),,3797.0,0.0,secondary,
,3977,49782348,-76.9954569,38.9323724,,,POINT (-76.9954569 38.9323724),,3798.0,0.0,secondary,
,3978,9712842459,-76.9950121,38.9323739,,,POINT (-76.9950121 38.9323739),,3799.0,0.0,secondary,
,3979,49894598,-77.0340971,38.8816251,,,POINT (-77.0340971 38.8816251),,3800.0,0.0,primary,
,3980,49732057,-77.0339644,38.8751897,,,POINT (-77.0339644 38.8751897),,3801.0,0.0,tertiary,
,3981,12381376152,-77.0393201,38.8789932,,,POINT (-77.0393201 38.8789932),,3802.0,0.0,tertiary,
,3983,641909174,-77.0013615,38.864671,,,POINT (-77.0013615 38.864671),,3804.0,0.0,primary,
,3984,9669353885,-77.008514,38.8695429,,,POINT (-77.008514 38.8695429),,3805.0,0.0,primary,
,3985,8455846777,-77.0079754,38.8693605,,,POINT (-77.0079754 38.8693605),,3806.0,0.0,primary,
,3986,49827508,-77.079898,38.9259432,,,POINT (-77.079898 38.9259432),,3807.0,0.0,tertiary,
,3987,49756578,-77.0071943,38.8989026,,,POINT (-77.0071943 38.8989026),,3808.0,0.0,tertiary,
,3988,3240030410,-77.0076666,38.8975474,,,POINT (-77.0076666 38.8975474),,3809.0,0.0,tertiary,
,3989,49803306,-76.9783204,38.942862,,,POINT (-76.9783204 38.942862),,3810.0,0.0,tertiary,
,3990,49795799,-76.993757,38.903574,,,POINT (-76.993757 38.903574),,3811.0,0.0,tertiary,
,3991,49795794,-76.994959,38.902798,,,POINT (-76.994959 38.902798),,3812.0,0.0,secondary,
,3992,3665019985,-76.9917595,38.9051933,,,POINT (-76.9917595 38.9051933),,3813.0,0.0,tertiary,
,3993,11198107405,-76.9927808,38.9042871,,,POINT (-76.9927808 38.9042871),,3814.0,0.0,tertiary,
,3994,9587901828,-76.9778998,38.9174856,,,POINT (-76.9778998 38.9174856),,3815.0,0.0,secondary,
,3995,49749813,-76.990805,38.869374,,,POINT (-76.990805 38.869374),,3816.0,0.0,tertiary,
,3996,49719235,-76.9785482,38.9172802,,,POINT (-76.9785482 38.9172802),,3817.0,0.0,trunk,
,3997,49824264,-76.9910785,38.933526,,,POINT (-76.9910785 38.933526),,3818.0,0.0,tertiary,
,3998,49782369,-76.9909991,38.9325369,,,POINT (-76.9909991 38.9325369),,3819.0,0.0,secondary,
,3999,10609132921,-76.9902475,38.9233067,,,POINT (-76.9902475 38.9233067),,3820.0,0.0,tertiary,
,4000,1365013791,-76.9902123,38.9231806,,,POINT (-76.9902123 38.9231806),,3821.0,0.0,primary,
,4002,49803345,-76.976844,38.897613,,,POINT (-76.976844 38.897613),,3823.0,0.0,secondary,
,4003,49842417,-77.005885,38.903733,,,POINT (-77.005885 38.903733),,3824.0,0.0,tertiary,
,4004,49748353,-77.066455,38.938586,,,POINT (-77.066455 38.938586),,3825.0,0.0,tertiary,
,4005,49847971,-76.994902,38.9047715,,,POINT (-76.994902 38.9047715),,3826.0,0.0,primary,
,4006,49790545,-77.0296916,38.9602028,,,POINT (-77.0296916 38.9602028),,3827.0,0.0,tertiary,
,4007,1443170690,-77.0334243,38.9560617,,,POINT (-77.0334243 38.9560617),,3828.0,0.0,tertiary,
,4008,3012429028,-77.0219169,38.8947993,,,POINT (-77.0219169 38.8947993),,3829.0,0.0,secondary,
,4009,49767196,-77.0239708,38.8948034,,,POINT (-77.0239708 38.8948034),,3830.0,0.0,primary,
,4010,3010525210,-77.0260487,38.884861,,,POINT (-77.0260487 38.884861),,3831.0,0.0,tertiary,
,4011,3010525218,-77.0259171,38.8848611,,,POINT (-77.0259171 38.8848611),,3832.0,0.0,tertiary,
,4012,49737191,-77.0262829,38.8848602,,,POINT (-77.0262829 38.8848602),,3833.0,0.0,tertiary,
,4013,650017956,-77.0281166,38.884469,,,POINT (-77.0281166 38.884469),,3834.0,0.0,secondary,
,4014,5637727002,-77.0209443,38.8848419,,,POINT (-77.0209443 38.8848419),,3835.0,0.0,tertiary,
,4015,49752223,-77.073973,38.93509,,,POINT (-77.073973 38.93509),,3836.0,0.0,tertiary,
,4016,49802339,-77.0752858,38.9334887,,,POINT (-77.0752858 38.9334887),,3837.0,0.0,tertiary,
,4017,5703562291,-77.0767921,38.9316444,,,POINT (-77.0767921 38.9316444),,3838.0,0.0,tertiary,
,4018,49802368,-77.0723627,38.9370274,,,POINT (-77.0723627 38.9370274),,3839.0,0.0,tertiary,
,4019,5024056158,-77.0157988,38.8947139,,,POINT (-77.0157988 38.8947139),,3840.0,0.0,tertiary,
,4020,49758476,-77.0170863,38.894809,,,POINT (-77.0170863 38.894809),,3841.0,0.0,tertiary,
,4021,3001569202,-77.0199158,38.8944258,,,POINT (-77.0199158 38.8944258),,3842.0,0.0,trunk,
,4022,49819468,-76.999504,38.9056457,,,POINT (-76.999504 38.9056457),,3843.0,0.0,secondary,
,4023,49838768,-76.998443,38.9056458,,,POINT (-76.998443 38.9056458),,3844.0,0.0,secondary,
,4024,49839158,-76.9971411,38.9057189,,,POINT (-76.9971411 38.9057189),,3845.0,0.0,primary,
,4026,49752285,-77.0864761,38.934618,,,POINT (-77.0864761 38.934618),,3847.0,0.0,tertiary,
,4027,10166687236,-77.087038,38.9353403,,,POINT (-77.087038 38.9353403),,3848.0,0.0,tertiary,
,4030,5632856404,-77.0756626,38.9242562,,,POINT (-77.0756626 38.9242562),,3851.0,0.0,tertiary,
,4031,49827473,-77.076101,38.92503,,,POINT (-77.076101 38.92503),,3852.0,0.0,tertiary,
,4032,49744664,-77.0035167,38.8935833,,,POINT (-77.0035167 38.8935833),,3853.0,0.0,tertiary,
,4033,49811996,-77.0770459,38.9334843,,,POINT (-77.0770459 38.9334843),,3854.0,0.0,tertiary,
,4034,5703562302,-77.0770505,38.9316849,,,POINT (-77.0770505 38.9316849),,3855.0,0.0,tertiary,
,4035,49811975,-77.0770476,38.9310915,,,POINT (-77.0770476 38.9310915),,3856.0,0.0,tertiary,
,4036,49811960,-77.077052,38.929019,,,POINT (-77.077052 38.929019),,3857.0,0.0,tertiary,
,4037,49796854,-77.0199145,38.8848483,,,POINT (-77.0199145 38.8848483),,3858.0,0.0,tertiary,
,4038,655442853,-76.9961747,38.8847951,,,POINT (-76.9961747 38.8847951),,3859.0,0.0,primary,
,4039,655442856,-76.9937623,38.8838111,,,POINT (-76.9937623 38.8838111),,3860.0,0.0,tertiary,
,4040,4630278349,-77.0421938,38.9229887,,,POINT (-77.0421938 38.9229887),,3861.0,0.0,secondary,
,4041,49856112,-77.040143,38.924352,,,POINT (-77.040143 38.924352),,3862.0,0.0,secondary,
,4042,49856113,-77.040338,38.924226,,,POINT (-77.040338 38.924226),,3863.0,0.0,secondary,
,4043,3669554868,-77.0239757,38.8983887,,,POINT (-77.0239757 38.8983887),,3864.0,0.0,tertiary,
,4044,3669554871,-77.0259957,38.898321,,,POINT (-77.0259957 38.898321),,3865.0,0.0,tertiary,
,4045,705647680,-76.982217,38.8930473,,,POINT (-76.982217 38.8930473),,3866.0,0.0,primary,
,4046,1219200173,-77.0679254,38.9150064,,,POINT (-77.0679254 38.9150064),,3867.0,0.0,tertiary,
,4047,12177270658,-77.0005719,38.8805691,,,POINT (-77.0005719 38.8805691),,3868.0,0.0,tertiary,
,4048,49773938,-77.0005713,38.882704,,,POINT (-77.0005713 38.882704),,3869.0,0.0,tertiary,
,4049,12177294355,-77.0005681,38.8868715,,,POINT (-77.0005681 38.8868715),,3870.0,0.0,secondary,
,4050,9823657549,-77.0239724,38.8979796,,,POINT (-77.0239724 38.8979796),,3871.0,0.0,primary,
,4051,10609112421,-76.9921315,38.9120009,,,POINT (-76.9921315 38.9120009),,3872.0,0.0,primary,
,4052,1443482352,-76.9921889,38.911631,,,POINT (-76.9921889 38.911631),,3873.0,0.0,primary,
,4053,49771689,-76.990164,38.912388,,,POINT (-76.990164 38.912388),,3874.0,0.0,secondary,
,4054,10609112424,-76.9905724,38.9124479,,,POINT (-76.9905724 38.9124479),,3875.0,0.0,secondary,
,4055,1443482376,-76.9907518,38.912458,,,POINT (-76.9907518 38.912458),,3876.0,0.0,primary,
,4056,1443482375,-76.9909115,38.9124501,,,POINT (-76.9909115 38.9124501),,3877.0,0.0,primary,
,4057,1443482387,-76.9908029,38.9132093,,,POINT (-76.9908029 38.9132093),,3878.0,0.0,primary,
,4059,1443482392,-76.9912567,38.9136419,,,POINT (-76.9912567 38.9136419),,3880.0,0.0,trunk,
,4061,1443482384,-76.9909275,38.912907,,,POINT (-76.9909275 38.912907),,3882.0,0.0,primary,
,4062,1443482383,-76.9924889,38.9128636,,,POINT (-76.9924889 38.9128636),,3883.0,0.0,primary,
,4063,1443482397,-76.9934514,38.914597,,,POINT (-76.9934514 38.914597),,3884.0,0.0,primary,
,4064,1443482396,-76.9935894,38.9145517,,,POINT (-76.9935894 38.9145517),,3885.0,0.0,primary,
,4065,4629744991,-76.9929584,38.9134341,,,POINT (-76.9929584 38.9134341),,3886.0,0.0,primary,
,4066,1443482406,-76.9935748,38.9148706,,,POINT (-76.9935748 38.9148706),,3887.0,0.0,primary,
,4067,10609101291,-76.9936767,38.9153823,,,POINT (-76.9936767 38.9153823),,3888.0,0.0,primary,
,4068,1443482419,-76.993675,38.915558,,,POINT (-76.993675 38.915558),,3889.0,0.0,primary,
,4069,1443482370,-76.9907492,38.9123466,,,POINT (-76.9907492 38.9123466),,3890.0,0.0,primary,
,4070,4000969434,-76.9916277,38.9123378,,,POINT (-76.9916277 38.9123378),,3891.0,0.0,primary,
,4071,1443482369,-76.9909009,38.9123206,,,POINT (-76.9909009 38.9123206),,3892.0,0.0,primary,
,4073,1443727013,-77.0005811,38.8309636,,,POINT (-77.0005811 38.8309636),,3894.0,0.0,tertiary,
,4074,49756275,-77.0839972,38.9302837,,,POINT (-77.0839972 38.9302837),,3895.0,0.0,tertiary,
,4075,49756149,-77.0910512,38.930275,,,POINT (-77.0910512 38.930275),,3896.0,0.0,secondary,
,4076,9957726915,-76.9236603,38.903839,,,POINT (-76.9236603 38.903839),,3897.0,0.0,tertiary,
,4077,1233264146,-76.9235992,38.9039985,,,POINT (-76.9235992 38.9039985),,3898.0,0.0,secondary,
,4078,49767731,-76.975094,38.874242,,,POINT (-76.975094 38.874242),,3899.0,0.0,tertiary,
,4079,646190627,-76.9732464,38.8745444,,,POINT (-76.9732464 38.8745444),,3900.0,0.0,trunk,
,4080,49830869,-77.0125727,38.8287858,,,POINT (-77.0125727 38.8287858),,3901.0,0.0,tertiary,
,4081,49794479,-77.0099396,38.8316511,,,POINT (-77.0099396 38.8316511),,3902.0,0.0,tertiary,
,4082,3373614259,-77.091239,38.95647,,,POINT (-77.091239 38.95647),,3903.0,0.0,primary,
,4083,49768246,-77.090522,38.957038,,,POINT (-77.090522 38.957038),,3904.0,0.0,primary,
,4084,49763056,-77.0025074,38.8948019,,,POINT (-77.0025074 38.8948019),,3905.0,0.0,primary,
,4085,49763049,-77.003511,38.894787,,,POINT (-77.003511 38.894787),,3906.0,0.0,tertiary,
,4086,2286013912,-77.0473471,38.9232497,,,POINT (-77.0473471 38.9232497),,3907.0,0.0,secondary,
,4087,3060887715,-77.0017031,38.9308433,,,POINT (-77.0017031 38.9308433),,3908.0,0.0,primary,
,4088,646065011,-76.9693015,38.9174109,,,POINT (-76.9693015 38.9174109),,3909.0,0.0,motorway,
,4090,12174080703,-77.0088852,38.8711641,,,POINT (-77.0088852 38.8711641),,3911.0,0.0,primary,
,4091,9533966093,-77.008724,38.8710332,,,POINT (-77.008724 38.8710332),,3912.0,0.0,primary,
,4092,49774120,-77.0766125,38.9676078,,,POINT (-77.0766125 38.9676078),,3913.0,0.0,primary,
,4093,9136689237,-77.0289813,38.9098299,,,POINT (-77.0289813 38.9098299),,3914.0,0.0,primary,
,4094,49775589,-77.0290069,38.9098703,,,POINT (-77.0290069 38.9098703),,3915.0,0.0,primary,
,4095,49861165,-77.0291512,38.9100328,,,POINT (-77.0291512 38.9100328),,3916.0,0.0,primary,
,4096,49861176,-77.0291632,38.910041,,,POINT (-77.0291632 38.910041),,3917.0,0.0,primary,
,4097,3370788207,-76.999074,38.960911,,,POINT (-76.999074 38.960911),,3918.0,0.0,primary,
,4098,4000799766,-77.000787,38.9592392,,,POINT (-77.000787 38.9592392),,3919.0,0.0,primary,
,4099,3998695807,-77.0370621,38.9170145,,,POINT (-77.0370621 38.9170145),,3920.0,0.0,primary,
,4100,4954873273,-77.0400852,38.9170103,,,POINT (-77.0400852 38.9170103),,3921.0,0.0,primary,
,4101,1446645396,-77.0556377,38.9024427,,,POINT (-77.0556377 38.9024427),,3922.0,0.0,trunk,
,4102,1381307999,-77.0336368,38.9013403,,,POINT (-77.0336368 38.9013403),,3923.0,0.0,secondary,
,4103,3027851364,-77.0336296,38.9020608,,,POINT (-77.0336296 38.9020608),,3924.0,0.0,secondary,
,4104,9048041520,-77.0152645,38.8917115,,,POINT (-77.0152645 38.8917115),,3925.0,0.0,primary,
,4105,3011273427,-77.0152099,38.8915437,,,POINT (-77.0152099 38.8915437),,3926.0,0.0,primary,
,4106,49760348,-76.9810516,38.8792163,,,POINT (-76.9810516 38.8792163),,3927.0,0.0,tertiary,
,4107,49802944,-77.021821,38.978302,,,POINT (-77.021821 38.978302),,3928.0,0.0,secondary,
,4108,49843693,-77.073195,38.922544,,,POINT (-77.073195 38.922544),,3929.0,0.0,tertiary,
,4109,49781548,-76.972168,38.9255813,,,POINT (-76.972168 38.9255813),,3930.0,0.0,tertiary,
,4110,49741187,-77.000569,38.926618,,,POINT (-77.000569 38.926618),,3931.0,0.0,tertiary,
,4111,4244895308,-76.9702137,38.8662757,,,POINT (-76.9702137 38.8662757),,3932.0,0.0,tertiary,
,4112,11260344023,-77.0434779,38.8937562,,,POINT (-77.0434779 38.8937562),,3933.0,0.0,secondary,
,4113,11260344015,-77.0434772,38.8936162,,,POINT (-77.0434772 38.8936162),,3934.0,0.0,primary,
,4115,12174140027,-77.0058964,38.8744883,,,POINT (-77.0058964 38.8744883),,3936.0,0.0,tertiary,
,4116,49740448,-77.0059052,38.8746428,,,POINT (-77.0059052 38.8746428),,3937.0,0.0,tertiary,
,4117,49751677,-76.96897,38.867969,,,POINT (-76.96897 38.867969),,3938.0,2.0,tertiary,
,4119,12369713091,-77.0005686,38.9223283,,,POINT (-77.0005686 38.9223283),,3940.0,0.0,tertiary,
,4120,49741170,-77.000569,38.921295,,,POINT (-77.000569 38.921295),,3941.0,0.0,tertiary,
,4121,49752913,-77.0543818,38.9705675,,,POINT (-77.0543818 38.9705675),,3942.0,0.0,tertiary,
,4122,49752905,-77.053556,38.970597,,,POINT (-77.053556 38.970597),,3943.0,0.0,tertiary,
,4123,49794227,-76.994965,38.897333,,,POINT (-76.994965 38.897333),,3944.0,0.0,secondary,
,4124,49794233,-76.993761,38.897333,,,POINT (-76.993761 38.897333),,3945.0,0.0,tertiary,
,4125,49787350,-76.93304,38.881491,,,POINT (-76.93304 38.881491),,3946.0,0.0,secondary,
,4126,49748307,-77.0663899,38.9334876,,,POINT (-77.0663899 38.9334876),,3947.0,0.0,tertiary,
,4127,49881497,-77.072413,38.9334781,,,POINT (-77.072413 38.9334781),,3948.0,0.0,primary,
,4128,49761793,-77.0534898,38.9710452,,,POINT (-77.0534898 38.9710452),,3949.0,0.0,tertiary,
,4129,2921295166,-77.0251093,38.9351526,,,POINT (-77.0251093 38.9351526),,3950.0,0.0,secondary,
,4130,49776928,-77.02413,38.935233,,,POINT (-77.02413 38.935233),,3951.0,0.0,trunk,
,4131,49827449,-77.0729882,38.919551,,,POINT (-77.0729882 38.919551),,3952.0,0.0,tertiary,
,4132,49790389,-77.073648,38.920698,,,POINT (-77.073648 38.920698),,3953.0,0.0,tertiary,
,4133,49764802,-77.090614,38.941879,,,POINT (-77.090614 38.941879),,3954.0,0.0,tertiary,
,4135,49772313,-76.9855023,38.8876009,,,POINT (-76.9855023 38.8876009),,3956.0,0.0,secondary,
,4136,49772315,-76.9855018,38.8867049,,,POINT (-76.9855018 38.8867049),,3957.0,0.0,tertiary,
,4137,49772320,-76.9855035,38.8853626,,,POINT (-76.9855035 38.8853626),,3958.0,0.0,tertiary,
,4138,3001434616,-77.0121621,38.9025187,,,POINT (-77.0121621 38.9025187),,3959.0,0.0,secondary,
,4139,49848614,-77.0121693,38.9037944,,,POINT (-77.0121693 38.9037944),,3960.0,0.0,tertiary,
,4140,49741724,-77.0466417,38.9072435,,,POINT (-77.0466417 38.9072435),,3961.0,0.0,tertiary,
,4141,49741717,-77.0466407,38.906225,,,POINT (-77.0466407 38.906225),,3962.0,0.0,secondary,
,4142,49863611,-77.003558,38.9025151,,,POINT (-77.003558 38.9025151),,3963.0,0.0,secondary,
,4143,49866203,-77.0035576,38.9037287,,,POINT (-77.0035576 38.9037287),,3964.0,0.0,tertiary,
,4144,49752612,-77.021622,38.941982,,,POINT (-77.021622 38.941982),,3965.0,0.0,tertiary,
,4145,49772913,-77.0218558,38.9467791,,,POINT (-77.0218558 38.9467791),,3966.0,0.0,tertiary,
,4146,2921295181,-77.0215374,38.940139,,,POINT (-77.0215374 38.940139),,3967.0,0.0,primary,
,4147,638908701,-77.0073692,38.8961278,,,POINT (-77.0073692 38.8961278),,3968.0,0.0,primary,
,4148,49754463,-77.0067891,38.8958592,,,POINT (-77.0067891 38.8958592),,3969.0,0.0,primary,
,4149,49740649,-77.006233,38.948278,,,POINT (-77.006233 38.948278),,3970.0,0.0,tertiary,
,4150,49796711,-77.007831,38.952374,,,POINT (-77.007831 38.952374),,3971.0,0.0,tertiary,
,4151,651262708,-76.9831001,38.9501049,,,POINT (-76.9831001 38.9501049),,3972.0,0.0,tertiary,
,4152,49782349,-76.9949774,38.9323741,,,POINT (-76.9949774 38.9323741),,3973.0,0.0,secondary,
,4153,12794088295,-76.9956963,38.9323721,,,POINT (-76.9956963 38.9323721),,3974.0,0.0,secondary,
,4154,49778756,-76.996818,38.952634,,,POINT (-76.996818 38.952634),,3975.0,0.0,primary,
,4155,49892141,-76.9981251,38.9536418,,,POINT (-76.9981251 38.9536418),,3976.0,0.0,primary,
,4156,3372235145,-76.995986,38.951996,,,POINT (-76.995986 38.951996),,3977.0,0.0,primary,
,4157,12607592134,-77.0076397,38.8969711,,,POINT (-77.0076397 38.8969711),,3978.0,0.0,tertiary,
,4158,3681541231,-77.0076536,38.8974141,,,POINT (-77.0076536 38.8974141),,3979.0,0.0,tertiary,
,4159,1458420676,-77.0199716,38.9583456,,,POINT (-77.0199716 38.9583456),,3980.0,0.0,primary,
,4160,49825427,-77.019906,38.9587428,,,POINT (-77.019906 38.9587428),,3981.0,0.0,tertiary,
,4161,49745374,-77.0334264,38.9518817,,,POINT (-77.0334264 38.9518817),,3982.0,0.0,tertiary,
14th St NW & Colorado Ave NW,4162,11234143685,-77.0334245,38.9555614,,,POINT (-77.0334245 38.9555614),,3983.0,0.0,tertiary,
,4163,49745370,-77.033427,38.950802,,,POINT (-77.033427 38.950802),,3984.0,0.0,tertiary,
,4164,1360061145,-77.0281486,38.9570874,,,POINT (-77.0281486 38.9570874),,3985.0,0.0,trunk,
,4165,49790324,-77.0261326,38.9541327,,,POINT (-77.0261326 38.9541327),,3986.0,0.0,tertiary,
,4170,12328976690,-76.9718941,38.9315983,,,POINT (-76.9718941 38.9315983),,3991.0,0.0,primary,
,4171,3125716138,-76.9520232,38.9223533,,,POINT (-76.9520232 38.9223533),,3992.0,0.0,tertiary,
,4172,9852763267,-76.9551982,38.9217959,,,POINT (-76.9551982 38.9217959),,3993.0,0.0,tertiary,
,4173,5920737993,-76.9596615,38.9247964,,,POINT (-76.9596615 38.9247964),,3994.0,0.0,tertiary,
,4174,4000790219,-76.9574823,38.9281534,,,POINT (-76.9574823 38.9281534),,3995.0,0.0,tertiary,
,4175,1458950899,-76.9594355,38.9243978,,,POINT (-76.9594355 38.9243978),,3996.0,0.0,tertiary,
,4176,1458950800,-76.9569435,38.9285426,,,POINT (-76.9569435 38.9285426),,3997.0,0.0,tertiary,
,4177,5920737994,-76.9597924,38.9247608,,,POINT (-76.9597924 38.9247608),,3998.0,0.0,tertiary,
,4178,1458950897,-76.9595913,38.9243352,,,POINT (-76.9595913 38.9243352),,3999.0,0.0,tertiary,
,4179,1459299357,-76.9503933,38.9220055,,,POINT (-76.9503933 38.9220055),,4000.0,0.0,tertiary,
,4180,1459299414,-76.9497941,38.9230833,,,POINT (-76.9497941 38.9230833),,4001.0,0.0,tertiary,
,4181,49745923,-76.973228,38.872221,,,POINT (-76.973228 38.872221),,4002.0,0.0,secondary,
,4182,1466515814,-77.0019927,38.8222191,,,POINT (-77.0019927 38.8222191),,4003.0,0.0,tertiary,
,4183,9723923036,-76.9349983,38.9028517,,,POINT (-76.9349983 38.9028517),,4004.0,0.0,secondary,
,4184,49760408,-76.933251,38.896209,,,POINT (-76.933251 38.896209),,4005.0,0.0,tertiary,
,4186,49768706,-76.991526,38.900201,,,POINT (-76.991526 38.900201),,4007.0,0.0,primary,
,4187,5445277072,-76.9923411,38.9002015,,,POINT (-76.9923411 38.9002015),,4008.0,0.0,primary,
,4188,9090405131,-76.9642578,38.8973262,,,POINT (-76.9642578 38.8973262),,4009.0,0.0,primary,
,4189,637994426,-76.9655023,38.8974197,,,POINT (-76.9655023 38.8974197),,4010.0,0.0,primary,
,4190,637994525,-76.9658458,38.8974551,,,POINT (-76.9658458 38.8974551),,4011.0,0.0,primary,
,4191,1484482004,-76.9841871,38.9001439,,,POINT (-76.9841871 38.9001439),,4012.0,0.0,primary,
,4193,1484482109,-76.9607583,38.8969113,,,POINT (-76.9607583 38.8969113),,4014.0,0.0,primary,
,4194,1484482161,-76.9527951,38.8957156,,,POINT (-76.9527951 38.8957156),,4015.0,0.0,primary,
,4195,1484482162,-76.9504241,38.8953419,,,POINT (-76.9504241 38.8953419),,4016.0,0.0,primary,
,4196,646229633,-76.9527683,38.8958242,,,POINT (-76.9527683 38.8958242),,4017.0,0.0,primary,
,4197,4114265336,-76.9501126,38.8952909,,,POINT (-76.9501126 38.8952909),,4018.0,0.0,primary,
,4199,646229634,-76.9503329,38.895415,,,POINT (-76.9503329 38.895415),,4020.0,0.0,primary,
,4200,9315321042,-76.9978286,38.8625546,,,POINT (-76.9978286 38.8625546),,4021.0,0.0,primary,
,4201,49732921,-77.0175888,38.8208694,,,POINT (-77.0175888 38.8208694),,4022.0,0.0,motorway,
,4202,1488176653,-77.0173986,38.821822,,,POINT (-77.0173986 38.821822),,4023.0,0.0,tertiary,
,4203,49765549,-77.0173703,38.8273386,,,POINT (-77.0173703 38.8273386),,4024.0,0.0,tertiary,
,4204,12171142118,-77.0173759,38.8245848,,,POINT (-77.0173759 38.8245848),,4025.0,0.0,tertiary,
,4205,12171149411,-77.0173559,38.8284527,,,POINT (-77.0173559 38.8284527),,4026.0,0.0,tertiary,
,4206,1489216470,-77.0173661,38.8283377,,,POINT (-77.0173661 38.8283377),,4027.0,0.0,tertiary,
,4207,1489220599,-77.0169459,38.8296519,,,POINT (-77.0169459 38.8296519),,4028.0,0.0,tertiary,
,4208,4378937722,-77.0172904,38.8303506,,,POINT (-77.0172904 38.8303506),,4029.0,1.0,tertiary,
,4209,4378937715,-77.0172545,38.8300235,,,POINT (-77.0172545 38.8300235),,4030.0,0.0,tertiary,
,4210,1491097176,-77.0170908,38.8299109,,,POINT (-77.0170908 38.8299109),,4031.0,0.0,tertiary,
,4211,49728947,-76.9790703,38.9066575,,,POINT (-76.9790703 38.9066575),,4032.0,0.0,secondary,
,4212,5564258819,-76.9791013,38.9068644,,,POINT (-76.9791013 38.9068644),,4033.0,0.0,primary,
,4213,49778213,-77.0199013,38.9637784,,,POINT (-77.0199013 38.9637784),,4034.0,0.0,tertiary,
,4214,49789820,-77.0046314,38.9557294,,,POINT (-77.0046314 38.9557294),,4035.0,0.0,primary,
,4215,1502527233,-77.0025851,38.9564022,,,POINT (-77.0025851 38.9564022),,4036.0,0.0,primary,
,4217,9124196990,-77.0547967,38.8921822,,,POINT (-77.0547967 38.8921822),,4038.0,0.0,primary,
,4218,49784950,-77.042799,38.984904,,,POINT (-77.042799 38.984904),,4039.0,0.0,tertiary,
,4219,49815251,-77.038995,38.963293,,,POINT (-77.038995 38.963293),,4040.0,0.0,tertiary,
,4220,49815243,-77.038873,38.963385,,,POINT (-77.038873 38.963385),,4041.0,0.0,tertiary,
,4221,49812706,-77.0503814,38.9098108,,,POINT (-77.0503814 38.9098108),,4042.0,0.0,primary,
,4222,49812722,-77.050444,38.9101809,,,POINT (-77.050444 38.9101809),,4043.0,0.0,primary,
,4223,49784941,-77.0428567,38.9841088,,,POINT (-77.0428567 38.9841088),,4044.0,0.0,tertiary,
,4224,49761127,-77.0578328,38.95673,,,POINT (-77.0578328 38.95673),,4045.0,0.0,secondary,
,4225,49782410,-76.9762241,38.9331162,,,POINT (-76.9762241 38.9331162),,4046.0,0.0,tertiary,
,4226,49782413,-76.9741682,38.9331054,,,POINT (-76.9741682 38.9331054),,4047.0,0.0,tertiary,
,4227,3372235139,-76.9932787,38.9499066,,,POINT (-76.9932787 38.9499066),,4048.0,0.0,primary,
,4228,3372235136,-76.9911254,38.9482632,,,POINT (-76.9911254 38.9482632),,4049.0,0.0,primary,
,4229,3372235113,-76.983669,38.9428571,,,POINT (-76.983669 38.9428571),,4050.0,0.0,primary,
,4230,3372235115,-76.9850476,38.9438627,,,POINT (-76.9850476 38.9438627),,4051.0,0.0,primary,
,4231,1534206044,-76.9446858,38.9017349,,,POINT (-76.9446858 38.9017349),,4052.0,0.0,motorway,
,4232,646246167,-76.9441013,38.9020508,,,POINT (-76.9441013 38.9020508),,4053.0,0.0,motorway,
,4233,639382096,-76.9900779,38.8684949,,,POINT (-76.9900779 38.8684949),,4054.0,0.0,motorway,
,4234,1574783906,-76.9917498,38.866096,,,POINT (-76.9917498 38.866096),,4055.0,0.0,motorway,
,4235,5571585035,-76.9910717,38.8670226,,,POINT (-76.9910717 38.8670226),,4056.0,0.0,motorway,
,4236,12410939995,-76.9971925,38.8792892,,,POINT (-76.9971925 38.8792892),,4057.0,0.0,motorway,
,4237,639415438,-76.9859298,38.8704222,,,POINT (-76.9859298 38.8704222),,4058.0,0.0,motorway,
,4238,1562012822,-76.9907229,38.8744789,,,POINT (-76.9907229 38.8744789),,4059.0,0.0,motorway,
,4239,1562012774,-76.9906488,38.8747724,,,POINT (-76.9906488 38.8747724),,4060.0,0.0,motorway,
,4240,5277494645,-76.9888596,38.8707754,,,POINT (-76.9888596 38.8707754),,4061.0,0.0,motorway,
,4241,1574783940,-76.989553,38.8686087,,,POINT (-76.989553 38.8686087),,4062.0,0.0,motorway,
,4242,1562012778,-76.9893391,38.8684533,,,POINT (-76.9893391 38.8684533),,4063.0,0.0,motorway,
,4243,5277494831,-76.990418,38.8760225,,,POINT (-76.990418 38.8760225),,4064.0,0.0,motorway,
,4244,1574783838,-76.9907058,38.8734929,,,POINT (-76.9907058 38.8734929),,4065.0,0.0,motorway,
,4245,1564709203,-76.9674242,38.8595718,,,POINT (-76.9674242 38.8595718),,4066.0,0.0,secondary,
,4247,1574598065,-76.9717686,38.8879555,,,POINT (-76.9717686 38.8879555),,4068.0,0.0,primary,
,4248,1574598092,-76.9715048,38.8880228,,,POINT (-76.9715048 38.8880228),,4069.0,0.0,primary,
,4249,1574598190,-76.9710495,38.8881698,,,POINT (-76.9710495 38.8881698),,4070.0,0.0,primary,
,4250,1574598001,-76.970572,38.8882011,,,POINT (-76.970572 38.8882011),,4071.0,-1.0,primary,
,4251,1574598196,-76.9719046,38.8878208,,,POINT (-76.9719046 38.8878208),,4072.0,0.0,primary,
,4252,1574598122,-76.9717442,38.8878901,,,POINT (-76.9717442 38.8878901),,4073.0,0.0,primary,
,4253,1574783881,-76.9909747,38.8766984,,,POINT (-76.9909747 38.8766984),,4074.0,0.0,motorway,
,4254,1574784008,-76.9910134,38.8762474,,,POINT (-76.9910134 38.8762474),,4075.0,0.0,motorway,
,4255,642354317,-76.9877918,38.8769391,,,POINT (-76.9877918 38.8769391),,4076.0,0.0,primary,
,4256,9371344023,-76.9824598,38.8772639,,,POINT (-76.9824598 38.8772639),,4077.0,0.0,primary,
,4257,5277489276,-76.9903245,38.8728419,,,POINT (-76.9903245 38.8728419),,4078.0,0.0,motorway,
,4258,1574783781,-76.9906139,38.8732866,,,POINT (-76.9906139 38.8732866),,4079.0,0.0,motorway,
,4259,5277584187,-76.9820006,38.8720909,,,POINT (-76.9820006 38.8720909),,4080.0,0.0,motorway,
,4260,2292207533,-76.9903897,38.8674361,,,POINT (-76.9903897 38.8674361),,4081.0,0.0,motorway,
,4261,1574783987,-76.9901388,38.8676709,,,POINT (-76.9901388 38.8676709),,4082.0,0.0,motorway,
,4262,1562012832,-76.9908359,38.8732137,,,POINT (-76.9908359 38.8732137),,4083.0,0.0,motorway,
,4263,5277494652,-76.9905193,38.8727501,,,POINT (-76.9905193 38.8727501),,4084.0,0.0,motorway,
,4264,5277494659,-76.9909433,38.8734226,,,POINT (-76.9909433 38.8734226),,4085.0,0.0,motorway,
,4265,1574783776,-76.9897899,38.8684093,,,POINT (-76.9897899 38.8684093),,4086.0,0.0,motorway,
,4266,2292207520,-76.9896645,38.868325,,,POINT (-76.9896645 38.868325),,4087.0,0.0,motorway,
,4267,5277583989,-76.9857676,38.8706344,,,POINT (-76.9857676 38.8706344),,4088.0,0.0,motorway,
,4268,1562012864,-76.9869623,38.8703498,,,POINT (-76.9869623 38.8703498),,4089.0,0.0,motorway,
,4269,1574783857,-76.9894468,38.8681856,,,POINT (-76.9894468 38.8681856),,4090.0,0.0,motorway,
,4270,1574787667,-76.9339997,38.912469,,,POINT (-76.9339997 38.912469),,4091.0,1.0,motorway,
,4271,49762673,-76.9343145,38.912105,,,POINT (-76.9343145 38.912105),,4092.0,0.0,motorway,
,4275,4001227933,-77.0209311,38.8929594,,,POINT (-77.0209311 38.8929594),,4096.0,0.0,primary,
,4277,4001227938,-77.0254529,38.8943813,,,POINT (-77.0254529 38.8943813),,4098.0,0.0,primary,
,4281,2825547422,-77.0235931,38.8936983,,,POINT (-77.0235931 38.8936983),,4102.0,0.0,primary,
,4282,1618288678,-77.0231356,38.9041728,,,POINT (-77.0231356 38.9041728),,4103.0,0.0,tertiary,
,4283,1618288689,-77.0227564,38.9041735,,,POINT (-77.0227564 38.9041735),,4104.0,0.0,tertiary,
,4284,1804420112,-77.0327178,38.9305051,,,POINT (-77.0327178 38.9305051),,4105.0,0.0,secondary,
,4285,5896031674,-76.9891693,38.9212954,,,POINT (-76.9891693 38.9212954),,4106.0,0.0,primary,
,4286,1747739847,-76.9893788,38.9210966,,,POINT (-76.9893788 38.9210966),,4107.0,0.0,primary,
,4287,49858191,-76.988578,38.922042,,,POINT (-76.988578 38.922042),,4108.0,0.0,primary,
,4288,49845240,-76.988353,38.923145,,,POINT (-76.988353 38.923145),,4109.0,0.0,primary,
,4289,646065254,-76.9700786,38.9173107,,,POINT (-76.9700786 38.9173107),,4110.0,0.0,trunk,
,4290,646065283,-76.9629209,38.9169555,,,POINT (-76.9629209 38.9169555),,4111.0,0.0,motorway,
,4291,4629640910,-76.9715923,38.9174706,,,POINT (-76.9715923 38.9174706),,4112.0,0.0,trunk,
,4293,49788042,-76.990504,38.897253,,,POINT (-76.990504 38.897253),,4114.0,0.0,primary,
,4294,49768698,-76.991527,38.897331,,,POINT (-76.991527 38.897331),,4115.0,0.0,tertiary,
,4295,49765285,-77.0252428,38.9351388,,,POINT (-77.0252428 38.9351388),,4116.0,0.0,secondary,
,4296,49813502,-77.029709,38.931323,,,POINT (-77.029709 38.931323),,4117.0,0.0,tertiary,
,4297,1805010005,-77.0088311,38.9303142,,,POINT (-77.0088311 38.9303142),,4118.0,0.0,primary,
,4298,1379549938,-77.0501124,38.9032836,,,POINT (-77.0501124 38.9032836),,4119.0,0.0,primary,
,4299,49813441,-77.02962,38.918113,,,POINT (-77.02962 38.918113),,4120.0,0.0,tertiary,
,4300,4664921102,-77.0318093,38.9181152,,,POINT (-77.0318093 38.9181152),,4121.0,0.0,tertiary,
,4301,1816555610,-77.0352931,38.9230852,,,POINT (-77.0352931 38.9230852),,4122.0,0.0,tertiary,
,4302,3798794302,-77.0355049,38.926694,,,POINT (-77.0355049 38.926694),,4123.0,0.0,tertiary,
,4303,1364987325,-77.0125344,38.9155237,,,POINT (-77.0125344 38.9155237),,4124.0,0.0,primary,
,4304,49791610,-77.012156,38.915528,,,POINT (-77.012156 38.915528),,4125.0,0.0,tertiary,
,4305,643404079,-77.0644523,38.8913719,,,POINT (-77.0644523 38.8913719),,4126.0,1.0,motorway,
,4306,49735286,-76.9937678,38.8644407,,,POINT (-76.9937678 38.8644407),,4127.0,0.0,motorway,
,4307,876615335,-77.0336269,38.8988057,,,POINT (-77.0336269 38.8988057),,4128.0,0.0,secondary,
,4308,4805785271,-77.0350884,38.9185589,,,POINT (-77.0350884 38.9185589),,4129.0,0.0,secondary,
,4309,49765120,-77.0354853,38.9181146,,,POINT (-77.0354853 38.9181146),,4130.0,0.0,secondary,
,4310,5277489314,-76.9854511,38.8703274,,,POINT (-76.9854511 38.8703274),,4131.0,0.0,motorway,
,4311,642044233,-77.0080056,38.8451347,,,POINT (-77.0080056 38.8451347),,4132.0,0.0,secondary,
,4312,11831784022,-77.0081492,38.845137,,,POINT (-77.0081492 38.845137),,4133.0,0.0,primary,
,4313,1929135345,-77.0161188,38.8224628,,,POINT (-77.0161188 38.8224628),,4134.0,0.0,motorway,
,4314,1929135459,-77.0163928,38.8245548,,,POINT (-77.0163928 38.8245548),,4135.0,0.0,motorway,
,4315,2078113055,-77.063776,38.9446238,,,POINT (-77.063776 38.9446238),,4136.0,0.0,primary,
,4316,2795614002,-77.0639793,38.9443241,,,POINT (-77.0639793 38.9443241),,4137.0,-1.0,primary,
,4317,4630298924,-77.0193987,38.8765325,,,POINT (-77.0193987 38.8765325),,4138.0,0.0,primary,
,4318,49885288,-77.019889,38.8765444,,,POINT (-77.019889 38.8765444),,4139.0,0.0,primary,
,4319,49738669,-77.0198958,38.8768256,,,POINT (-77.0198958 38.8768256),,4140.0,0.0,tertiary,
,4320,49793549,-77.0199078,38.9008763,,,POINT (-77.0199078 38.9008763),,4141.0,0.0,trunk,
,4321,3669554853,-77.0189285,38.9011315,,,POINT (-77.0189285 38.9011315),,4142.0,0.0,primary,
,4322,3378222914,-77.0181239,38.9008526,,,POINT (-77.0181239 38.9008526),,4143.0,0.0,primary,
,4323,49814911,-77.0106542,38.8720406,,,POINT (-77.0106542 38.8720406),,4144.0,0.0,tertiary,
,4324,655662476,-77.0125926,38.876401,,,POINT (-77.0125926 38.876401),,4145.0,0.0,primary,
,4325,5343232408,-76.9819822,38.8787829,,,POINT (-76.9819822 38.8787829),,4146.0,0.0,primary,
,4326,49789498,-76.9836645,38.8794679,,,POINT (-76.9836645 38.8794679),,4147.0,0.0,primary,
,4327,655680623,-76.9937687,38.8764512,,,POINT (-76.9937687 38.8764512),,4148.0,0.0,primary,
,4328,4644010767,-76.9923805,38.8764524,,,POINT (-76.9923805 38.8764524),,4149.0,0.0,primary,
,4329,646190646,-76.9707521,38.8734116,,,POINT (-76.9707521 38.8734116),,4150.0,0.0,trunk,
,4330,646190840,-76.9705316,38.8735218,,,POINT (-76.9705316 38.8735218),,4151.0,0.0,trunk,
,4331,49748926,-76.944864,38.879093,,,POINT (-76.944864 38.879093),,4152.0,0.0,secondary,
,4332,3788071733,-76.9406511,38.8759387,,,POINT (-76.9406511 38.8759387),,4153.0,0.0,secondary,
,4333,5453971103,-76.9706746,38.8733802,,,POINT (-76.9706746 38.8733802),,4154.0,0.0,trunk,
,4334,49744475,-76.939555,38.883189,,,POINT (-76.939555 38.883189),,4155.0,2.0,tertiary,
,4335,49798869,-76.9315758,38.8786557,,,POINT (-76.9315758 38.8786557),,4156.0,0.0,secondary,
,4336,49798851,-76.932303,38.8801,,,POINT (-76.932303 38.8801),,4157.0,0.0,secondary,
,4337,49745841,-76.951328,38.888015,,,POINT (-76.951328 38.888015),,4158.0,0.0,secondary,
,4338,49748901,-76.946677,38.88283,,,POINT (-76.946677 38.88283),,4159.0,0.0,secondary,
,4339,9751954805,-76.9402129,38.9057088,,,POINT (-76.9402129 38.9057088),,4160.0,0.0,secondary,
,4341,9751954794,-76.941207,38.904644,,,POINT (-76.941207 38.904644),,4162.0,0.0,motorway,
,4344,12177270612,-77.0020469,38.8766448,,,POINT (-77.0020469 38.8766448),,4165.0,0.0,tertiary,
,4345,49797437,-76.996184,38.879285,,,POINT (-76.996184 38.879285),,4166.0,0.0,secondary,
,4346,3995435800,-76.992645,38.883354,,,POINT (-76.992645 38.883354),,4167.0,0.0,primary,
,4347,655442859,-76.9883165,38.8815923,,,POINT (-76.9883165 38.8815923),,4168.0,0.0,primary,
,4348,655442857,-76.9902448,38.8823765,,,POINT (-76.9902448 38.8823765),,4169.0,0.0,primary,
,4349,655442805,-76.9949671,38.8843038,,,POINT (-76.9949671 38.8843038),,4170.0,0.0,secondary,
,4350,49723513,-76.9716152,38.8731546,,,POINT (-76.9716152 38.8731546),,4171.0,0.0,secondary,
,4351,7622261041,-76.9699888,38.8737994,,,POINT (-76.9699888 38.8737994),,4172.0,0.0,secondary,
,4352,4219275026,-76.9711547,38.8735999,,,POINT (-76.9711547 38.8735999),,4173.0,0.0,trunk,
,4353,49802547,-77.0219099,38.883246,,,POINT (-77.0219099 38.883246),,4174.0,0.0,primary,
,4354,5439886115,-77.0318672,38.8860588,,,POINT (-77.0318672 38.8860588),,4175.0,0.0,trunk,
,4356,49898092,-77.0281159,38.8843823,,,POINT (-77.0281159 38.8843823),,4177.0,0.0,secondary,
,4357,49748720,-77.0219148,38.8920822,,,POINT (-77.0219148 38.8920822),,4178.0,0.0,trunk,
,4358,10081229973,-77.0210219,38.8920814,,,POINT (-77.0210219 38.8920814),,4179.0,0.0,trunk,
,4359,10264485372,-77.0444241,38.8959921,,,POINT (-77.0444241 38.8959921),,4180.0,0.0,primary,
,4360,49745636,-77.0319506,38.9013411,,,POINT (-77.0319506 38.9013411),,4181.0,0.0,primary,
,4361,4629699766,-77.0319536,38.9020192,,,POINT (-77.0319536 38.9020192),,4182.0,0.0,primary,
,4362,11261031488,-77.0345534,38.9026438,,,POINT (-77.0345534 38.9026438),,4183.0,0.0,secondary,
,4363,4629699772,-77.0345764,38.9029648,,,POINT (-77.0345764 38.9029648),,4184.0,0.0,secondary,
,4364,49759000,-77.0677093,38.9430167,,,POINT (-77.0677093 38.9430167),,4185.0,0.0,secondary,
,4365,4410914242,-77.066469,38.9431149,,,POINT (-77.066469 38.9431149),,4186.0,0.0,secondary,
,4366,2131533994,-77.0648557,38.9432026,,,POINT (-77.0648557 38.9432026),,4187.0,0.0,secondary,
,4367,4410569601,-77.0665748,38.9432134,,,POINT (-77.0665748 38.9432134),,4188.0,0.0,secondary,
,4368,49784521,-77.042196,38.9608121,,,POINT (-77.042196 38.9608121),,4189.0,1.0,tertiary,
,4369,2136702423,-77.0560402,38.897627,,,POINT (-77.0560402 38.897627),,4190.0,1.0,primary,
,4370,12471380493,-77.0560974,38.8977537,,,POINT (-77.0560974 38.8977537),,4191.0,0.0,primary,
,4371,5558800238,-77.0563093,38.8981455,,,POINT (-77.0563093 38.8981455),,4192.0,0.0,primary,
,4372,5558783200,-77.0563875,38.897358,,,POINT (-77.0563875 38.897358),,4193.0,0.0,primary,
,4373,641122214,-77.0560454,38.8973508,,,POINT (-77.0560454 38.8973508),,4194.0,-1.0,primary,
,4374,2136710709,-77.0624606,38.9268546,,,POINT (-77.0624606 38.9268546),,4195.0,0.0,secondary,
,4375,2136710697,-77.0600717,38.9249884,,,POINT (-77.0600717 38.9249884),,4196.0,0.0,secondary,
,4376,2136710700,-77.0588437,38.9240291,,,POINT (-77.0588437 38.9240291),,4197.0,0.0,secondary,
,4377,3373860099,-77.0583413,38.9236396,,,POINT (-77.0583413 38.9236396),,4198.0,0.0,secondary,
,4378,49815853,-77.0577653,38.9232128,,,POINT (-77.0577653 38.9232128),,4199.0,0.0,secondary,
,4379,2136710718,-77.0599903,38.9250486,,,POINT (-77.0599903 38.9250486),,4200.0,0.0,secondary,
,4380,2136710698,-77.062382,38.9269156,,,POINT (-77.062382 38.9269156),,4201.0,0.0,secondary,
,4381,3373860102,-77.0587647,38.9240904,,,POINT (-77.0587647 38.9240904),,4202.0,0.0,secondary,
,4382,3373860100,-77.0582641,38.9236982,,,POINT (-77.0582641 38.9236982),,4203.0,0.0,secondary,
,4383,49858755,-77.0576886,38.9232734,,,POINT (-77.0576886 38.9232734),,4204.0,0.0,secondary,
,4385,12169327869,-77.0448533,38.9077617,,,POINT (-77.0448533 38.9077617),,4206.0,0.0,tertiary,
,4386,1004839797,-77.0448557,38.9079086,,,POINT (-77.0448557 38.9079086),,4207.0,0.0,tertiary,
,4387,12169327868,-77.0448519,38.9074028,,,POINT (-77.0448519 38.9074028),,4208.0,0.0,tertiary,
,4388,2469592187,-77.0385021,38.906857,,,POINT (-77.0385021 38.906857),,4209.0,0.0,secondary,
,4389,49791870,-77.029725,38.936285,,,POINT (-77.029725 38.936285),,4210.0,0.0,tertiary,
,4391,3995211767,-77.0345189,38.9177738,,,POINT (-77.0345189 38.9177738),,4212.0,0.0,tertiary,
,4392,4000799765,-77.001123,38.9587917,,,POINT (-77.001123 38.9587917),,4213.0,0.0,primary,
,4393,8670962450,-77.001835,38.9578452,,,POINT (-77.001835 38.9578452),,4214.0,0.0,primary,
,4394,2292207511,-76.9894236,38.8685267,,,POINT (-76.9894236 38.8685267),,4215.0,0.0,motorway,
,4395,5277489268,-76.9887181,38.8708519,,,POINT (-76.9887181 38.8708519),,4216.0,0.0,motorway,
,4396,2292207543,-76.9947553,38.8783943,,,POINT (-76.9947553 38.8783943),,4217.0,0.0,motorway,
,4397,4629821519,-76.9886916,38.8685435,,,POINT (-76.9886916 38.8685435),,4218.0,0.0,motorway,
,4398,1574783762,-76.9882055,38.8687931,,,POINT (-76.9882055 38.8687931),,4219.0,0.0,secondary,
,4399,2292207530,-76.9912826,38.8747026,,,POINT (-76.9912826 38.8747026),,4220.0,0.0,motorway,
,4400,2292207526,-76.9912725,38.8745486,,,POINT (-76.9912725 38.8745486),,4221.0,0.0,motorway,
,4401,1574783844,-76.9891955,38.8683131,,,POINT (-76.9891955 38.8683131),,4222.0,0.0,motorway,
,4402,5277494842,-76.9912482,38.8762297,,,POINT (-76.9912482 38.8762297),,4223.0,0.0,motorway,
,4403,2305183793,-77.0368564,38.9170141,,,POINT (-77.0368564 38.9170141),,4224.0,0.0,primary,
,4404,2350006658,-77.0528648,38.9024951,,,POINT (-77.0528648 38.9024951),,4225.0,0.0,trunk,
,4406,49768670,-76.9915211,38.8903702,,,POINT (-76.9915211 38.8903702),,4227.0,0.0,primary,
,4407,49795383,-76.993759,38.8912409,,,POINT (-76.993759 38.8912409),,4228.0,0.0,primary,
,4408,49795377,-76.9949596,38.8917306,,,POINT (-76.9949596 38.8917306),,4229.0,0.0,primary,
,4409,7554685042,-76.9988968,38.893092,,,POINT (-76.9988968 38.893092),,4230.0,0.0,primary,
,4410,2377406331,-76.9986151,38.8931575,,,POINT (-76.9986151 38.8931575),,4231.0,0.0,primary,
,4411,9591267000,-77.0004973,38.8932372,,,POINT (-77.0004973 38.8932372),,4232.0,0.0,primary,
,4412,2377417309,-77.0005796,38.8933911,,,POINT (-77.0005796 38.8933911),,4233.0,0.0,primary,
,4413,9591267005,-77.0007489,38.8931278,,,POINT (-77.0007489 38.8931278),,4234.0,0.0,primary,
,4414,2377417316,-77.0020377,38.8925989,,,POINT (-77.0020377 38.8925989),,4235.0,0.0,primary,
,4415,49746270,-76.9882666,38.8874843,,,POINT (-76.9882666 38.8874843),,4236.0,0.0,tertiary,
,4416,9908447530,-76.9883103,38.8875994,,,POINT (-76.9883103 38.8875994),,4237.0,0.0,secondary,
,4417,2382621917,-76.9878004,38.8868621,,,POINT (-76.9878004 38.8868621),,4238.0,0.0,tertiary,
,4418,49746280,-76.9855024,38.8841074,,,POINT (-76.9855024 38.8841074),,4239.0,0.0,tertiary,
,4419,9908447532,-76.9885877,38.8877206,,,POINT (-76.9885877 38.8877206),,4240.0,0.0,tertiary,
,4420,9908447531,-76.9885064,38.8876005,,,POINT (-76.9885064 38.8876005),,4241.0,0.0,secondary,
,4421,49883573,-76.9879249,38.8898095,,,POINT (-76.9879249 38.8898095),,4242.0,0.0,secondary,
,4422,9590374882,-76.9881533,38.8898523,,,POINT (-76.9881533 38.8898523),,4243.0,0.0,secondary,
,4423,9590374905,-76.9882506,38.8896942,,,POINT (-76.9882506 38.8896942),,4244.0,0.0,secondary,
,4424,8361538270,-77.0389686,38.7927735,,,POINT (-77.0389686 38.7927735),,4245.0,0.0,motorway,
,4425,644150798,-77.0463186,38.7933068,,,POINT (-77.0463186 38.7933068),,4246.0,-1.0,motorway,
,4426,8361538266,-77.0374389,38.7927996,,,POINT (-77.0374389 38.7927996),,4247.0,0.0,motorway,
,4427,2412715552,-77.0386406,38.7927777,,,POINT (-77.0386406 38.7927777),,4248.0,0.0,motorway,
,4428,8361538265,-77.0372755,38.7929273,,,POINT (-77.0372755 38.7929273),,4249.0,0.0,motorway,
,4429,2412715442,-77.038645,38.7929005,,,POINT (-77.038645 38.7929005),,4250.0,0.0,motorway,
,4430,8361538267,-77.0377254,38.7925758,,,POINT (-77.0377254 38.7925758),,4251.0,0.0,motorway,
,4431,333705199,-77.0366941,38.7925948,,,POINT (-77.0366941 38.7925948),,4252.0,-1.0,motorway,
,4432,8361538269,-77.0389721,38.7928944,,,POINT (-77.0389721 38.7928944),,4253.0,0.0,motorway,
,4433,644150778,-77.0462976,38.7934324,,,POINT (-77.0462976 38.7934324),,4254.0,-1.0,motorway,
,4434,8361538268,-77.0379043,38.7924361,,,POINT (-77.0379043 38.7924361),,4255.0,0.0,motorway,
,4435,2412715503,-77.0366882,38.7924608,,,POINT (-77.0366882 38.7924608),,4256.0,-1.0,motorway,
,4436,2431753965,-77.0688914,38.9040782,,,POINT (-77.0688914 38.9040782),,4257.0,0.0,motorway,
,4437,641120269,-77.0695878,38.904302,,,POINT (-77.0695878 38.904302),,4258.0,0.0,motorway,
,4438,2431753967,-77.0691879,38.904209,,,POINT (-77.0691879 38.904209),,4259.0,0.0,motorway,
,4439,2432116752,-77.0936621,38.9152605,,,POINT (-77.0936621 38.9152605),,4260.0,0.0,secondary,
,4440,49743214,-77.093066,38.914824,,,POINT (-77.093066 38.914824),,4261.0,0.0,secondary,
,4441,4286865234,-77.039305,38.8800905,,,POINT (-77.039305 38.8800905),,4262.0,0.0,tertiary,
,4442,2382621926,-76.9886671,38.8876007,,,POINT (-76.9886671 38.8876007),,4263.0,0.0,secondary,
,4443,49843238,-76.9937659,38.8876015,,,POINT (-76.9937659 38.8876015),,4264.0,0.0,secondary,
,4444,49823761,-76.9956812,38.8876024,,,POINT (-76.9956812 38.8876024),,4265.0,0.0,tertiary,
,4445,49831073,-76.9851205,38.8876074,,,POINT (-76.9851205 38.8876074),,4266.0,0.0,secondary,
,4446,2456351046,-76.9849009,38.8876091,,,POINT (-76.9849009 38.8876091),,4267.0,0.0,primary,
,4447,49823777,-76.9926439,38.8888368,,,POINT (-76.9926439 38.8888368),,4268.0,0.0,tertiary,
,4448,9642452579,-77.0460304,38.9056535,,,POINT (-77.0460304 38.9056535),,4269.0,0.0,primary,
,4449,1440867104,-76.9832686,38.8869756,,,POINT (-76.9832686 38.8869756),,4270.0,0.0,tertiary,
,4451,2456351021,-76.9840168,38.887347,,,POINT (-76.9840168 38.887347),,4272.0,0.0,tertiary,
,4452,2456351027,-76.9862541,38.8881605,,,POINT (-76.9862541 38.8881605),,4273.0,0.0,primary,
,4455,2461134263,-77.0572139,38.9019787,,,POINT (-77.0572139 38.9019787),,4276.0,0.0,primary,
,4456,641112572,-77.0572118,38.9018647,,,POINT (-77.0572118 38.9018647),,4277.0,0.0,primary,
,4457,2461134273,-77.0571463,38.9020439,,,POINT (-77.0571463 38.9020439),,4278.0,0.0,primary,
,4458,2461134261,-77.0571727,38.9019654,,,POINT (-77.0571727 38.9019654),,4279.0,0.0,primary,
,4459,2461134270,-77.0572267,38.9020879,,,POINT (-77.0572267 38.9020879),,4280.0,0.0,primary,
,4460,1381251700,-77.0550979,38.9037495,,,POINT (-77.0550979 38.9037495),,4281.0,0.0,primary,
,4461,5558783205,-77.0567739,38.9030356,,,POINT (-77.0567739 38.9030356),,4282.0,0.0,primary,
,4462,2461134271,-77.0568971,38.9026978,,,POINT (-77.0568971 38.9026978),,4283.0,0.0,primary,
,4463,2461134266,-77.0570273,38.9023578,,,POINT (-77.0570273 38.9023578),,4284.0,0.0,primary,
,4464,10992264214,-77.0523322,38.9001211,,,POINT (-77.0523322 38.9001211),,4285.0,0.0,secondary,
,4465,4079385850,-76.9577573,38.9307334,,,POINT (-76.9577573 38.9307334),,4286.0,0.0,primary,
,4466,4630137698,-76.9583608,38.9312137,,,POINT (-76.9583608 38.9312137),,4287.0,0.0,secondary,
,4467,9590910988,-76.9849924,38.8877175,,,POINT (-76.9849924 38.8877175),,4288.0,0.0,primary,
,4468,2456351037,-76.9847332,38.8876113,,,POINT (-76.9847332 38.8876113),,4289.0,0.0,primary,
,4471,655247775,-77.0259884,38.8998191,,,POINT (-77.0259884 38.8998191),,4292.0,0.0,secondary,
,4472,10970094124,-76.986421,38.8526635,,,POINT (-76.986421 38.8526635),,4293.0,0.0,primary,
,4473,2628824373,-77.015275,38.8944783,,,POINT (-77.015275 38.8944783),,4294.0,0.0,primary,
,4474,2628824366,-77.0155462,38.8947142,,,POINT (-77.0155462 38.8947142),,4295.0,0.0,tertiary,
,4475,11263106430,-77.0270496,38.9139623,,,POINT (-77.0270496 38.9139623),,4296.0,0.0,secondary,
,4478,2664170700,-77.0270372,38.913474,,,POINT (-77.0270372 38.913474),,4299.0,0.0,secondary,
,4480,3657250012,-77.033531,38.989963,,,POINT (-77.033531 38.989963),,4301.0,0.0,tertiary,
,4481,2418425372,-77.0356844,38.9916473,,,POINT (-77.0356844 38.9916473),,4302.0,0.0,tertiary,
,4482,2765102969,-77.0364376,38.9648143,,,POINT (-77.0364376 38.9648143),,4303.0,0.0,primary,
,4483,49804329,-77.0363297,38.9648134,,,POINT (-77.0363297 38.9648134),,4304.0,0.0,primary,
,4484,4001320533,-77.0363237,38.9652746,,,POINT (-77.0363237 38.9652746),,4305.0,0.0,primary,
,4485,2765475173,-77.0364175,38.9786884,,,POINT (-77.0364175 38.9786884),,4306.0,0.0,primary,
,4487,4629815718,-77.0363293,38.9894258,,,POINT (-77.0363293 38.9894258),,4308.0,0.0,primary,
,4488,4629815720,-77.0363864,38.9884356,,,POINT (-77.0363864 38.9884356),,4309.0,0.0,primary,
,4489,49824869,-77.0363457,38.9602082,,,POINT (-77.0363457 38.9602082),,4310.0,0.0,primary,
,4490,4001320530,-77.0363371,38.9606454,,,POINT (-77.0363371 38.9606454),,4311.0,0.0,primary,
,4491,2765545522,-77.0364568,38.9592923,,,POINT (-77.0364568 38.9592923),,4312.0,0.0,primary,
,4492,4635667837,-77.0364494,38.957486,,,POINT (-77.0364494 38.957486),,4313.0,0.0,primary,
,4493,9119588051,-77.0364171,38.9504881,,,POINT (-77.0364171 38.9504881),,4314.0,0.0,primary,
,4494,4000852055,-77.0364689,38.9499307,,,POINT (-77.0364689 38.9499307),,4315.0,0.0,primary,
,4495,4000852257,-77.0364125,38.9509841,,,POINT (-77.0364125 38.9509841),,4316.0,0.0,primary,
,4496,49837545,-77.0364024,38.9518674,,,POINT (-77.0364024 38.9518674),,4317.0,0.0,primary,
,4497,3369181714,-77.0076557,38.9550885,,,POINT (-77.0076557 38.9550885),,4318.0,0.0,primary,
,4498,12758871408,-77.0175861,38.899819,,,POINT (-77.0175861 38.899819),,4319.0,0.0,secondary,
,4499,49791914,-77.0364466,38.937427,,,POINT (-77.0364466 38.937427),,4320.0,0.0,primary,
,4500,49789275,-77.024964,38.939744,,,POINT (-77.024964 38.939744),,4321.0,0.0,trunk,
,4501,49789277,-77.02524,38.940811,,,POINT (-77.02524 38.940811),,4322.0,0.0,trunk,
,4502,2968573779,-77.0259754,38.9270956,,,POINT (-77.0259754 38.9270956),,4323.0,0.0,secondary,
,4503,2968573781,-77.0260546,38.9275895,,,POINT (-77.0260546 38.9275895),,4324.0,0.0,secondary,
,4504,4629714830,-77.0256136,38.9246481,,,POINT (-77.0256136 38.9246481),,4325.0,0.0,secondary,
,4505,49787492,-77.025656,38.924889,,,POINT (-77.025656 38.924889),,4326.0,0.0,secondary,
,4506,49769215,-77.029711,38.923765,,,POINT (-77.029711 38.923765),,4327.0,0.0,tertiary,
,4507,49749416,-77.012153,38.9213076,,,POINT (-77.012153 38.9213076),,4328.0,0.0,tertiary,
,4508,49801161,-77.012151,38.9223758,,,POINT (-77.012151 38.9223758),,4329.0,0.0,tertiary,
,4509,49833236,-76.979114,38.843112,,,POINT (-76.979114 38.843112),,4330.0,0.0,secondary,
,4510,49821069,-76.978967,38.844671,,,POINT (-76.978967 38.844671),,4331.0,0.0,tertiary,
,4512,49791603,-77.011627,38.915564,,,POINT (-77.011627 38.915564),,4333.0,0.0,tertiary,
,4514,49763850,-77.0926131,38.943164,,,POINT (-77.0926131 38.943164),,4335.0,0.0,secondary,
,4515,2843194025,-76.9846082,38.8921444,,,POINT (-76.9846082 38.8921444),,4336.0,0.0,primary,
,4516,4633108819,-76.9585254,38.8619986,,,POINT (-76.9585254 38.8619986),,4337.0,0.0,secondary,
,4518,49744173,-76.9677993,38.8593594,,,POINT (-76.9677993 38.8593594),,4339.0,0.0,secondary,
,4519,1493898146,-76.9658254,38.8603812,,,POINT (-76.9658254 38.8603812),,4340.0,0.0,secondary,
,4520,49744189,-76.9663669,38.8601867,,,POINT (-76.9663669 38.8601867),,4341.0,0.0,secondary,
,4521,2896020708,-77.1078677,38.9316238,,,POINT (-77.1078677 38.9316238),,4342.0,0.0,primary,
,4522,49897656,-77.110553,38.9343975,,,POINT (-77.110553 38.9343975),,4343.0,0.0,primary,
,4523,2896020586,-77.1067843,38.9300385,,,POINT (-77.1067843 38.9300385),,4344.0,0.0,primary,
,4524,49815664,-77.106835,38.9302623,,,POINT (-77.106835 38.9302623),,4345.0,0.0,primary,
,4525,2896016995,-77.0979676,38.9182259,,,POINT (-77.0979676 38.9182259),,4346.0,0.0,secondary,
,4526,4965853477,-77.101003,38.9246182,,,POINT (-77.101003 38.9246182),,4347.0,0.0,secondary,
,4527,2899430527,-77.0144616,38.8996681,,,POINT (-77.0144616 38.8996681),,4348.0,0.0,primary,
,4529,10181001514,-77.0468711,38.9326465,,,POINT (-77.0468711 38.9326465),,4350.0,0.0,secondary,
,4530,2899977599,-77.0498496,38.9330302,,,POINT (-77.0498496 38.9330302),,4351.0,0.0,secondary,
,4531,49794131,-76.9463175,38.8989453,,,POINT (-76.9463175 38.8989453),,4352.0,0.0,secondary,
,4532,2900147504,-76.9464857,38.8987619,,,POINT (-76.9464857 38.8987619),,4353.0,0.0,secondary,
,4533,49773369,-76.946583,38.898381,,,POINT (-76.946583 38.898381),,4354.0,0.0,secondary,
,4534,2900167805,-76.9530629,38.8899006,,,POINT (-76.9530629 38.8899006),,4355.0,0.0,secondary,
,4535,2900167804,-76.953214,38.8897101,,,POINT (-76.953214 38.8897101),,4356.0,0.0,secondary,
,4537,49794063,-76.9489182,38.8954296,,,POINT (-76.9489182 38.8954296),,4358.0,0.0,secondary,
,4538,49793979,-76.9518934,38.8914275,,,POINT (-76.9518934 38.8914275),,4359.0,0.0,secondary,
,4539,2900167811,-76.9520847,38.8912604,,,POINT (-76.9520847 38.8912604),,4360.0,0.0,secondary,
,4541,12757318587,-76.9536766,38.8890511,,,POINT (-76.9536766 38.8890511),,4362.0,0.0,secondary,
,4542,4270790281,-77.0180286,38.9146206,,,POINT (-77.0180286 38.9146206),,4363.0,0.0,primary,
,4543,641112584,-77.056171,38.9032598,,,POINT (-77.056171 38.9032598),,4364.0,0.0,primary,
,4544,2921295156,-77.0267679,38.9327455,,,POINT (-77.0267679 38.9327455),,4365.0,0.0,secondary,
,4545,2921295178,-77.0225891,38.9387322,,,POINT (-77.0225891 38.9387322),,4366.0,0.0,primary,
,4546,2921295174,-77.0233904,38.9376364,,,POINT (-77.0233904 38.9376364),,4367.0,0.0,primary,
,4547,2921295179,-77.021767,38.9398305,,,POINT (-77.021767 38.9398305),,4368.0,0.0,primary,
,4549,9480197900,-77.0198919,38.9423469,,,POINT (-77.0198919 38.9423469),,4370.0,0.0,primary,
,4550,9665815182,-77.0266517,38.9320528,,,POINT (-77.0266517 38.9320528),,4371.0,0.0,secondary,
,4551,2921295527,-77.0334683,38.9616086,,,POINT (-77.0334683 38.9616086),,4372.0,0.0,tertiary,
,4552,2921295523,-77.0334487,38.9592828,,,POINT (-77.0334487 38.9592828),,4373.0,0.0,tertiary,
,4553,49745390,-77.0333825,38.9592824,,,POINT (-77.0333825 38.9592824),,4374.0,0.0,tertiary,
14th St NW & Missouri Ave NW,4554,11234143680,-77.033398,38.9613299,,,POINT (-77.033398 38.9613299),,4375.0,0.0,tertiary,
14th St NW & Fort Stevens Dr NW,4555,11234143678,-77.0334203,38.9638753,,,POINT (-77.0334203 38.9638753),,4376.0,0.0,tertiary,
14th St NW & Aspen St NW,4556,11234143676,-77.0334162,38.9719599,,,POINT (-77.0334162 38.9719599),,4377.0,0.0,tertiary,
,4558,10241974633,-77.0095862,38.9070957,,,POINT (-77.0095862 38.9070957),,4379.0,0.0,trunk,
,4560,5207088237,-77.1057361,38.9364133,,,POINT (-77.1057361 38.9364133),,4381.0,0.0,primary,
,4561,2896386320,-77.1063937,38.9360649,,,POINT (-77.1063937 38.9360649),,4382.0,0.0,primary,
,4562,2921449366,-77.0951676,38.9157086,,,POINT (-77.0951676 38.9157086),,4383.0,0.0,secondary,
,4563,49743224,-77.0950593,38.9158555,,,POINT (-77.0950593 38.9158555),,4384.0,0.0,secondary,
,4564,2956751422,-77.0258727,38.8868457,,,POINT (-77.0258727 38.8868457),,4385.0,0.0,tertiary,
,4565,2956751423,-77.0258678,38.8871858,,,POINT (-77.0258678 38.8871858),,4386.0,0.0,tertiary,
,4566,2956751424,-77.0258636,38.8875739,,,POINT (-77.0258636 38.8875739),,4387.0,0.0,primary,
,4567,2956751428,-77.0258716,38.8821885,,,POINT (-77.0258716 38.8821885),,4388.0,0.0,tertiary,
,4568,49793595,-77.0189302,38.9013449,,,POINT (-77.0189302 38.9013449),,4389.0,0.0,tertiary,
,4569,9525307459,-77.0193796,38.9013641,,,POINT (-77.0193796 38.9013641),,4390.0,0.0,tertiary,
,4570,11263106419,-77.0189292,38.9036189,,,POINT (-77.0189292 38.9036189),,4391.0,0.0,tertiary,
,4571,49825108,-77.0189297,38.902521,,,POINT (-77.0189297 38.902521),,4392.0,0.0,secondary,
,4572,3010500902,-77.0258826,38.8845412,,,POINT (-77.0258826 38.8845412),,4393.0,0.0,tertiary,
,4573,2960249909,-77.025883,38.8853607,,,POINT (-77.025883 38.8853607),,4394.0,0.0,tertiary,
,4574,49769671,-77.0129931,38.8922591,,,POINT (-77.0129931 38.8922591),,4395.0,0.0,secondary,
,4575,49839140,-77.0030637,38.9056445,,,POINT (-77.0030637 38.9056445),,4396.0,0.0,secondary,
,4576,11608896680,-77.0005672,38.9056456,,,POINT (-77.0005672 38.9056456),,4397.0,0.0,secondary,
,4577,4059272474,-76.987137,38.9407236,,,POINT (-76.987137 38.9407236),,4398.0,0.0,tertiary,
,4578,49790082,-76.988303,38.938982,,,POINT (-76.988303 38.938982),,4399.0,0.0,tertiary,
,4579,49866214,-77.0034515,38.9045548,,,POINT (-77.0034515 38.9045548),,4400.0,0.0,tertiary,
,4580,1439840045,-76.9439612,38.9030468,,,POINT (-76.9439612 38.9030468),,4401.0,0.0,motorway,
,4581,49737508,-76.9499754,38.8973328,,,POINT (-76.9499754 38.8973328),,4402.0,0.0,motorway,
,4582,50483631,-76.9591556,38.8515742,,,POINT (-76.9591556 38.8515742),,4403.0,1.0,primary,
,4583,5558866792,-76.9655505,38.8491268,,,POINT (-76.9655505 38.8491268),,4404.0,0.0,primary,
,4584,12412268932,-77.0215711,38.8120059,,,POINT (-77.0215711 38.8120059),,4405.0,0.0,motorway,
,4585,49880065,-77.0205612,38.8135542,,,POINT (-77.0205612 38.8135542),,4406.0,0.0,motorway,
,4586,49880079,-77.0214412,38.8122032,,,POINT (-77.0214412 38.8122032),,4407.0,0.0,motorway,
,4587,49880405,-77.0167968,38.8214541,,,POINT (-77.0167968 38.8214541),,4408.0,0.0,motorway,
,4588,8123635058,-77.0166112,38.8223512,,,POINT (-77.0166112 38.8223512),,4409.0,0.0,motorway,
,4589,2999334695,-77.0450898,38.8730559,,,POINT (-77.0450898 38.8730559),,4410.0,1.0,motorway,
,4590,643754076,-77.0449908,38.8732858,,,POINT (-77.0449908 38.8732858),,4411.0,-1.0,motorway,
,4591,643764626,-77.0321534,38.8793883,,,POINT (-77.0321534 38.8793883),,4412.0,0.0,motorway,
,4592,49747596,-77.0317709,38.8796975,,,POINT (-77.0317709 38.8796975),,4413.0,0.0,motorway,
,4593,3000138157,-77.0321953,38.879431,,,POINT (-77.0321953 38.879431),,4414.0,0.0,motorway,
,4594,9130918495,-77.0219398,38.882137,,,POINT (-77.0219398 38.882137),,4415.0,0.0,primary,
,4595,3000324011,-77.0219189,38.8827128,,,POINT (-77.0219189 38.8827128),,4416.0,0.0,primary,
,4596,3000324002,-77.0219198,38.8824928,,,POINT (-77.0219198 38.8824928),,4417.0,0.0,primary,
,4598,5433244185,-77.021976,38.8798537,,,POINT (-77.021976 38.8798537),,4419.0,0.0,primary,
,4599,5024165190,-77.0127206,38.8863977,,,POINT (-77.0127206 38.8863977),,4420.0,0.0,primary,
,4600,3001130355,-77.0149968,38.8961706,,,POINT (-77.0149968 38.8961706),,4421.0,0.0,secondary,
,4601,3001046642,-77.0149978,38.8960988,,,POINT (-77.0149978 38.8960988),,4422.0,0.0,secondary,
,4602,3001130395,-77.0138261,38.8961709,,,POINT (-77.0138261 38.8961709),,4423.0,0.0,secondary,
,4603,3575692595,-77.014454,38.8961708,,,POINT (-77.014454 38.8961708),,4424.0,0.0,secondary,
,4604,3001130408,-77.0144486,38.8995104,,,POINT (-77.0144486 38.8995104),,4425.0,0.0,primary,
,4605,4630127240,-77.0141124,38.8993919,,,POINT (-77.0141124 38.8993919),,4426.0,0.0,primary,
,4606,3575692594,-77.0144714,38.8960928,,,POINT (-77.0144714 38.8960928),,4427.0,0.0,secondary,
,4608,3001206799,-77.0138618,38.8994559,,,POINT (-77.0138618 38.8994559),,4429.0,0.0,primary,
,4609,3001277628,-77.0131335,38.9006953,,,POINT (-77.0131335 38.9006953),,4430.0,0.0,tertiary,
,4612,10168321387,-77.0131749,38.8992001,,,POINT (-77.0131749 38.8992001),,4433.0,0.0,primary,
,4613,49771477,-77.0090957,38.8975315,,,POINT (-77.0090957 38.8975315),,4434.0,0.0,primary,
,4614,3001353540,-77.0092553,38.8975564,,,POINT (-77.0092553 38.8975564),,4435.0,0.0,primary,
,4615,3001375549,-77.0119703,38.8976057,,,POINT (-77.0119703 38.8976057),,4436.0,0.0,tertiary,
,4616,49771475,-77.0090705,38.8973358,,,POINT (-77.0090705 38.8973358),,4437.0,0.0,secondary,
,4617,3001401794,-77.0144476,38.8948013,,,POINT (-77.0144476 38.8948013),,4438.0,0.0,tertiary,
,4618,4630052963,-77.019476,38.902521,,,POINT (-77.019476 38.902521),,4439.0,0.0,secondary,
,4619,3001411548,-77.0140046,38.9025212,,,POINT (-77.0140046 38.9025212),,4440.0,0.0,secondary,
,4620,3001411552,-77.0149659,38.9025222,,,POINT (-77.0149659 38.9025222),,4441.0,0.0,secondary,
,4621,49780038,-77.012163,38.9096374,,,POINT (-77.012163 38.9096374),,4442.0,0.0,tertiary,
,4622,3001460943,-77.0121653,38.9072354,,,POINT (-77.0121653 38.9072354),,4443.0,0.0,tertiary,
,4623,49796955,-77.0121516,38.9111314,,,POINT (-77.0121516 38.9111314),,4444.0,0.0,tertiary,
,4624,5024065496,-77.0184284,38.8983239,,,POINT (-77.0184284 38.8983239),,4445.0,0.0,tertiary,
,4625,3001569199,-77.0183586,38.8948158,,,POINT (-77.0183586 38.8948158),,4446.0,0.0,tertiary,
,4626,5039476869,-77.0090077,38.907173,,,POINT (-77.0090077 38.907173),,4447.0,0.0,primary,
,4627,3001683704,-77.0094619,38.9071386,,,POINT (-77.0094619 38.9071386),,4448.0,0.0,trunk,
,4628,3001683706,-77.0091961,38.9070392,,,POINT (-77.0091961 38.9070392),,4449.0,0.0,primary,
,4630,1844418488,-77.0282565,38.8859783,,,POINT (-77.0282565 38.8859783),,4451.0,0.0,secondary,
,4631,3533319403,-77.0300599,38.8859779,,,POINT (-77.0300599 38.8859779),,4452.0,0.0,secondary,
,4632,4000881635,-77.0227222,38.888737,,,POINT (-77.0227222 38.888737),,4453.0,0.0,tertiary,
,4633,8311910965,-77.0240861,38.8905196,,,POINT (-77.0240861 38.8905196),,4454.0,0.0,tertiary,
,4634,650017955,-77.0281881,38.8904792,,,POINT (-77.0281881 38.8904792),,4455.0,0.0,tertiary,
,4635,10598942620,-77.030832,38.8904438,,,POINT (-77.030832 38.8904438),,4456.0,0.0,tertiary,
,4636,3005325304,-77.0311467,38.8804297,,,POINT (-77.0311467 38.8804297),,4457.0,0.0,motorway,
,4637,655691335,-77.0246115,38.8812419,,,POINT (-77.0246115 38.8812419),,4458.0,0.0,tertiary,
,4638,49830546,-77.0188971,38.8792921,,,POINT (-77.0188971 38.8792921),,4459.0,0.0,secondary,
,4639,8380762943,-77.017642,38.8860404,,,POINT (-77.017642 38.8860404),,4460.0,0.0,tertiary,
,4640,49777546,-77.0175564,38.8888068,,,POINT (-77.0175564 38.8888068),,4461.0,0.0,secondary,
,4641,4630298912,-77.0175564,38.8887289,,,POINT (-77.0175564 38.8887289),,4462.0,0.0,secondary,
,4642,49754058,-77.0175584,38.884681,,,POINT (-77.0175584 38.884681),,4463.0,0.0,secondary,
,4643,3005831876,-77.0240645,38.8834682,,,POINT (-77.0240645 38.8834682),,4464.0,0.0,motorway,
,4644,3005831878,-77.0241322,38.8830442,,,POINT (-77.0241322 38.8830442),,4465.0,0.0,motorway,
,4645,10123663997,-77.0275746,38.8827036,,,POINT (-77.0275746 38.8827036),,4466.0,0.0,motorway,
,4646,49731815,-77.0298508,38.8826414,,,POINT (-77.0298508 38.8826414),,4467.0,0.0,motorway,
,4647,49892886,-77.0177661,38.8825405,,,POINT (-77.0177661 38.8825405),,4468.0,0.0,motorway,
,4648,3006085798,-77.0196626,38.8832464,,,POINT (-77.0196626 38.8832464),,4469.0,0.0,tertiary,
,4649,3006085743,-77.0136361,38.8862407,,,POINT (-77.0136361 38.8862407),,4470.0,0.0,primary,
,4650,8121787530,-77.0313534,38.8830402,,,POINT (-77.0313534 38.8830402),,4471.0,0.0,primary,
,4651,3007696250,-77.0502225,38.8906696,,,POINT (-77.0502225 38.8906696),,4472.0,0.0,primary,
,4652,3007114570,-77.0498396,38.8901521,,,POINT (-77.0498396 38.8901521),,4473.0,0.0,tertiary,
,4653,3608038215,-77.0495404,38.8901242,,,POINT (-77.0495404 38.8901242),,4474.0,0.0,tertiary,
,4655,3010501258,-77.0260907,38.8831669,,,POINT (-77.0260907 38.8831669),,4476.0,0.0,tertiary,
,4656,6325848027,-77.0260882,38.8821855,,,POINT (-77.0260882 38.8821855),,4477.0,0.0,tertiary,
,4657,3533319411,-77.0281693,38.886686,,,POINT (-77.0281693 38.886686),,4478.0,0.0,secondary,
,4658,2956751427,-77.026091,38.8842129,,,POINT (-77.026091 38.8842129),,4479.0,0.0,tertiary,
,4659,486891548,-77.0260865,38.8835881,,,POINT (-77.0260865 38.8835881),,4480.0,0.0,tertiary,
,4660,49796870,-77.0256926,38.8848601,,,POINT (-77.0256926 38.8848601),,4481.0,0.0,tertiary,
,4661,49724762,-77.0245668,38.8820133,,,POINT (-77.0245668 38.8820133),,4482.0,0.0,motorway,
,4662,5301966793,-77.0260489,38.8838367,,,POINT (-77.0260489 38.8838367),,4483.0,0.0,tertiary,
,4663,611404902,-77.0261737,38.8831646,,,POINT (-77.0261737 38.8831646),,4484.0,0.0,tertiary,
,4664,5301966815,-77.026049,38.8845733,,,POINT (-77.026049 38.8845733),,4485.0,0.0,tertiary,
,4665,3005851842,-77.0273168,38.8827361,,,POINT (-77.0273168 38.8827361),,4486.0,0.0,motorway,
,4666,5301966772,-77.0261859,38.8830469,,,POINT (-77.0261859 38.8830469),,4487.0,0.0,tertiary,
,4667,5301966775,-77.0258156,38.883034,,,POINT (-77.0258156 38.883034),,4488.0,0.0,tertiary,
,4668,5301966767,-77.0259203,38.8838323,,,POINT (-77.0259203 38.8838323),,4489.0,0.0,tertiary,
,4669,5301966812,-77.0259216,38.8845762,,,POINT (-77.0259216 38.8845762),,4490.0,0.0,tertiary,
,4670,3010698045,-77.0163987,38.887572,,,POINT (-77.0163987 38.887572),,4491.0,0.0,primary,
,4671,3010696905,-77.016695,38.8875731,,,POINT (-77.016695 38.8875731),,4492.0,0.0,primary,
,4672,11263001095,-77.0090362,38.895137,,,POINT (-77.0090362 38.895137),,4493.0,0.0,secondary,
,4673,11263001096,-77.0089167,38.8949771,,,POINT (-77.0089167 38.8949771),,4494.0,0.0,tertiary,
,4674,3010914560,-77.0091634,38.8950451,,,POINT (-77.0091634 38.8950451),,4495.0,0.0,secondary,
,4676,6541847546,-77.0121717,38.8947891,,,POINT (-77.0121717 38.8947891),,4497.0,0.0,tertiary,
,4677,3001016717,-77.0121672,38.8961388,,,POINT (-77.0121672 38.8961388),,4498.0,0.0,secondary,
,4678,49769661,-77.0121663,38.8928656,,,POINT (-77.0121663 38.8928656),,4499.0,0.0,secondary,
,4679,49748623,-77.0121647,38.8920877,,,POINT (-77.0121647 38.8920877),,4500.0,0.0,primary,
,4680,3011107099,-77.0151841,38.8837488,,,POINT (-77.0151841 38.8837488),,4501.0,0.0,tertiary,
,4681,3006085748,-77.0136701,38.8833357,,,POINT (-77.0136701 38.8833357),,4502.0,0.0,tertiary,
,4682,49777566,-77.0175589,38.8832468,,,POINT (-77.0175589 38.8832468),,4503.0,0.0,secondary,
,4683,3011107098,-77.0175579,38.8846344,,,POINT (-77.0175579 38.8846344),,4504.0,0.0,secondary,
,4684,3011107086,-77.0175609,38.8844655,,,POINT (-77.0175609 38.8844655),,4505.0,0.0,secondary,
,4685,11907457998,-77.0175594,38.8833404,,,POINT (-77.0175594 38.8833404),,4506.0,0.0,secondary,
,4686,3005678324,-77.0175589,38.8812886,,,POINT (-77.0175589 38.8812886),,4507.0,0.0,secondary,
,4687,9048035075,-77.016624,38.8917653,,,POINT (-77.016624 38.8917653),,4508.0,0.0,primary,
,4689,9048035077,-77.0162243,38.891971,,,POINT (-77.0162243 38.891971),,4510.0,0.0,primary,
,4690,9048025328,-77.0183963,38.8924221,,,POINT (-77.0183963 38.8924221),,4511.0,0.0,primary,
,4691,49748690,-77.0185267,38.8924608,,,POINT (-77.0185267 38.8924608),,4512.0,0.0,primary,
,4692,3011273418,-77.0161072,38.8916223,,,POINT (-77.0161072 38.8916223),,4513.0,0.0,secondary,
,4696,49782241,-77.0199053,38.8961325,,,POINT (-77.0199053 38.8961325),,4517.0,0.0,trunk,
,4697,3011478356,-77.018707,38.8923376,,,POINT (-77.018707 38.8923376),,4518.0,0.0,primary,
,4698,9048025329,-77.0188818,38.8923866,,,POINT (-77.0188818 38.8923866),,4519.0,0.0,primary,
,4700,9657816054,-77.0213489,38.903146,,,POINT (-77.0213489 38.903146),,4521.0,0.0,primary,
,4701,3011809517,-77.0086966,38.910635,,,POINT (-77.0086966 38.910635),,4522.0,0.0,primary,
,4702,4114221350,-77.0244936,38.8939506,,,POINT (-77.0244936 38.8939506),,4523.0,0.0,primary,
,4703,4001227937,-77.0234235,38.8938177,,,POINT (-77.0234235 38.8938177),,4524.0,0.0,primary,
,4704,49772964,-77.0219178,38.8961371,,,POINT (-77.0219178 38.8961371),,4525.0,0.0,secondary,
,4705,3378222899,-77.0219185,38.8972593,,,POINT (-77.0219185 38.8972593),,4526.0,0.0,secondary,
,4706,4001227935,-77.0224673,38.8933859,,,POINT (-77.0224673 38.8933859),,4527.0,0.0,primary,
,4707,3669554874,-77.0259953,38.8973543,,,POINT (-77.0259953 38.8973543),,4528.0,0.0,secondary,
,4708,3378222897,-77.0239691,38.8972807,,,POINT (-77.0239691 38.8972807),,4529.0,0.0,primary,
,4709,49762379,-77.0189292,38.8983222,,,POINT (-77.0189292 38.8983222),,4530.0,0.0,tertiary,
,4710,49777792,-77.018931,38.8998165,,,POINT (-77.018931 38.8998165),,4531.0,0.0,secondary,
,4711,10175709751,-77.0226057,38.8998223,,,POINT (-77.0226057 38.8998223),,4532.0,0.0,secondary,
,4712,10255386366,-77.0263473,38.8998195,,,POINT (-77.0263473 38.8998195),,4533.0,0.0,secondary,
,4713,2440761314,-77.0249863,38.9056504,,,POINT (-77.0249863 38.9056504),,4534.0,0.0,tertiary,
,4714,774340109,-77.0239729,38.9056501,,,POINT (-77.0239729 38.9056501),,4535.0,0.0,primary,
,4715,49845885,-77.0259822,38.905654,,,POINT (-77.0259822 38.905654),,4536.0,0.0,tertiary,
,4716,49748256,-77.016173,38.9085715,,,POINT (-77.016173 38.9085715),,4537.0,0.0,tertiary,
,4718,2791594532,-77.0258884,38.8926871,,,POINT (-77.0258884 38.8926871),,4539.0,0.0,tertiary,
,4719,3010501244,-77.0259054,38.8938864,,,POINT (-77.0259054 38.8938864),,4540.0,0.0,tertiary,
,4721,5072794264,-77.0260425,38.8924401,,,POINT (-77.0260425 38.8924401),,4542.0,0.0,tertiary,
,4723,3670756345,-77.0259882,38.896142,,,POINT (-77.0259882 38.896142),,4544.0,0.0,tertiary,
,4724,3012535146,-77.0250035,38.8940912,,,POINT (-77.0250035 38.8940912),,4545.0,0.0,primary,
,4725,4001177906,-77.0288848,38.895321,,,POINT (-77.0288848 38.895321),,4546.0,0.0,primary,
,4726,3301714557,-77.0293916,38.8954561,,,POINT (-77.0293916 38.8954561),,4547.0,0.0,primary,
,4727,2791594538,-77.0258941,38.8933414,,,POINT (-77.0258941 38.8933414),,4548.0,0.0,tertiary,
,4728,10970094023,-77.0036852,38.8608268,,,POINT (-77.0036852 38.8608268),,4549.0,0.0,tertiary,
,4729,1011918099,-77.0041926,38.8610162,,,POINT (-77.0041926 38.8610162),,4550.0,-1.0,tertiary,
,4730,10981934323,-77.0315529,38.8801207,,,POINT (-77.0315529 38.8801207),,4551.0,0.0,motorway,
,4731,3005320514,-77.0323699,38.8795699,,,POINT (-77.0323699 38.8795699),,4552.0,0.0,motorway,
,4732,4630298922,-77.0291247,38.8822036,,,POINT (-77.0291247 38.8822036),,4553.0,0.0,primary,
,4733,10016650494,-77.0371686,38.8875879,,,POINT (-77.0371686 38.8875879),,4554.0,0.0,primary,
,4734,3005320520,-77.0324063,38.8796131,,,POINT (-77.0324063 38.8796131),,4555.0,0.0,motorway,
,4735,293571552,-77.0330527,38.8811727,,,POINT (-77.0330527 38.8811727),,4556.0,0.0,tertiary,
,4736,49784820,-77.0423402,38.9822893,,,POINT (-77.0423402 38.9822893),,4557.0,0.0,tertiary,
,4737,3027616071,-77.0308402,38.9002474,,,POINT (-77.0308402 38.9002474),,4558.0,0.0,secondary,
,4739,4001177905,-77.0286509,38.8950971,,,POINT (-77.0286509 38.8950971),,4560.0,0.0,primary,
,4740,3016605413,-77.0283018,38.8949985,,,POINT (-77.0283018 38.8949985),,4561.0,0.0,primary,
,4741,49799643,-77.0296209,38.8973562,,,POINT (-77.0296209 38.8973562),,4562.0,0.0,secondary,
,4743,8245233135,-77.0336224,38.8954543,,,POINT (-77.0336224 38.8954543),,4564.0,0.0,secondary,
,4745,49865768,-77.0330733,38.9037457,,,POINT (-77.0330733 38.9037457),,4566.0,0.0,tertiary,
,4746,9136825802,-77.0330436,38.9037959,,,POINT (-77.0330436 38.9037959),,4567.0,0.0,tertiary,
,4747,641116207,-77.0355216,38.9025298,,,POINT (-77.0355216 38.9025298),,4568.0,0.0,trunk,
,4748,11261031489,-77.0347954,38.9025312,,,POINT (-77.0347954 38.9025312),,4569.0,0.0,trunk,
,4749,49764303,-77.0343963,38.9025356,,,POINT (-77.0343963 38.9025356),,4570.0,0.0,trunk,
,4750,49745632,-77.0319567,38.9002234,,,POINT (-77.0319567 38.9002234),,4571.0,0.0,primary,
,4751,10016650493,-77.0376389,38.8869429,,,POINT (-77.0376389 38.8869429),,4572.0,0.0,primary,
,4752,3711552059,-77.0374725,38.8869401,,,POINT (-77.0374725 38.8869401),,4573.0,0.0,primary,
,4753,3066628523,-77.0363416,38.8869656,,,POINT (-77.0363416 38.8869656),,4574.0,0.0,primary,
,4754,3066628520,-77.0355967,38.8870362,,,POINT (-77.0355967 38.8870362),,4575.0,0.0,primary,
,4755,3066628518,-77.0353943,38.8870653,,,POINT (-77.0353943 38.8870653),,4576.0,0.0,primary,
,4756,9635624627,-77.0341401,38.8875376,,,POINT (-77.0341401 38.8875376),,4577.0,0.0,primary,
,4757,3831193898,-77.0386735,38.8879496,,,POINT (-77.0386735 38.8879496),,4578.0,0.0,primary,
,4758,4630298921,-77.0347983,38.8855668,,,POINT (-77.0347983 38.8855668),,4579.0,0.0,primary,
,4759,49729711,-77.013315,38.942134,,,POINT (-77.013315 38.942134),,4580.0,0.0,tertiary,
,4760,3667966659,-77.01154,38.944329,,,POINT (-77.01154 38.944329),,4581.0,0.0,tertiary,
,4761,49826783,-77.017724,38.937738,,,POINT (-77.017724 38.937738),,4582.0,0.0,tertiary,
,4762,49747828,-77.0169332,38.9382622,,,POINT (-77.0169332 38.9382622),,4583.0,0.0,tertiary,
,4763,49749374,-77.0148435,38.9748838,,,POINT (-77.0148435 38.9748838),,4584.0,0.0,secondary,
,4764,643388780,-77.0601321,38.881677,,,POINT (-77.0601321 38.881677),,4585.0,1.0,motorway,
,4765,3027855115,-77.0336236,38.8950374,,,POINT (-77.0336236 38.8950374),,4586.0,0.0,secondary,
,4766,4643860052,-76.9527534,38.9197687,,,POINT (-76.9527534 38.9197687),,4587.0,0.0,motorway,
,4768,49843177,-77.036312,38.9731257,,,POINT (-77.036312 38.9731257),,4589.0,0.0,primary,
,4769,3001431544,-77.01372,38.9025208,,,POINT (-77.01372 38.9025208),,4590.0,0.0,secondary,
,4770,10539707877,-77.0138636,38.9029078,,,POINT (-77.0138636 38.9029078),,4591.0,0.0,secondary,
,4771,3185241231,-77.0406647,38.8747122,,,POINT (-77.0406647 38.8747122),,4592.0,0.0,motorway,
,4772,5024261145,-77.0384888,38.8769517,,,POINT (-77.0384888 38.8769517),,4593.0,0.0,motorway,
,4773,3185241230,-77.0409222,38.8744418,,,POINT (-77.0409222 38.8744418),,4594.0,0.0,motorway,
,4774,1460668197,-77.0025746,38.8599528,,,POINT (-77.0025746 38.8599528),,4595.0,0.0,secondary,
,4775,5637726936,-77.0054825,38.853016,,,POINT (-77.0054825 38.853016),,4596.0,0.0,secondary,
,4776,2985226197,-77.0078299,38.8971757,,,POINT (-77.0078299 38.8971757),,4597.0,0.0,tertiary,
,4777,49730351,-77.0080005,38.8971085,,,POINT (-77.0080005 38.8971085),,4598.0,0.0,primary,
,4778,638908671,-77.0079134,38.8968756,,,POINT (-77.0079134 38.8968756),,4599.0,0.0,primary,
,4779,3253147385,-76.9138967,38.889683,,,POINT (-76.9138967 38.889683),,4600.0,0.0,primary,
,4780,2805580901,-76.9260544,38.8898192,,,POINT (-76.9260544 38.8898192),,4601.0,0.0,primary,
,4782,12749733650,-77.0270347,38.9020984,,,POINT (-77.0270347 38.9020984),,4603.0,0.0,secondary,
,4783,3013427293,-77.0258682,38.9014448,,,POINT (-77.0258682 38.9014448),,4604.0,0.0,primary,
,4787,49846387,-77.0469529,38.9136498,,,POINT (-77.0469529 38.9136498),,4608.0,0.0,primary,
,4788,9596328094,-77.0468174,38.9138233,,,POINT (-77.0468174 38.9138233),,4609.0,0.0,primary,
,4789,49817512,-77.0475634,38.9126086,,,POINT (-77.0475634 38.9126086),,4610.0,0.0,primary,
,4790,4630327649,-77.0482548,38.9119332,,,POINT (-77.0482548 38.9119332),,4611.0,0.0,primary,
,4791,49878118,-77.0459845,38.914513,,,POINT (-77.0459845 38.914513),,4612.0,0.0,primary,
,4792,1379505465,-77.0463434,38.9142566,,,POINT (-77.0463434 38.9142566),,4613.0,0.0,primary,
,4793,49820527,-77.0486368,38.9188304,,,POINT (-77.0486368 38.9188304),,4614.0,0.0,primary,
,4794,49776015,-77.0365115,38.914102,,,POINT (-77.0365115 38.914102),,4615.0,0.0,primary,
,4795,8411860546,-77.0365107,38.9145509,,,POINT (-77.0365107 38.9145509),,4616.0,0.0,primary,
,4797,641116257,-77.0458805,38.9023963,,,POINT (-77.0458805 38.9023963),,4618.0,0.0,primary,
,4798,641116291,-77.0488192,38.902402,,,POINT (-77.0488192 38.902402),,4619.0,0.0,primary,
,4799,634011150,-77.0494413,38.9026212,,,POINT (-77.0494413 38.9026212),,4620.0,0.0,primary,
,4800,11269399562,-77.0793927,38.9297642,,,POINT (-77.0793927 38.9297642),,4621.0,0.0,tertiary,
,4801,228279550,-77.0821127,38.9302905,,,POINT (-77.0821127 38.9302905),,4622.0,0.0,tertiary,
,4802,4001054377,-77.0079962,38.90777,,,POINT (-77.0079962 38.90777),,4623.0,0.0,trunk,
,4803,49843611,-77.0334286,38.888326,,,POINT (-77.0334286 38.888326),,4624.0,0.0,secondary,
,4805,3669554892,-77.0151727,38.8996608,,,POINT (-77.0151727 38.8996608),,4626.0,0.0,tertiary,
,4806,3378222908,-77.0151697,38.8984253,,,POINT (-77.0151697 38.8984253),,4627.0,0.0,tertiary,
,4807,641116273,-77.0460434,38.9026429,,,POINT (-77.0460434 38.9026429),,4628.0,0.0,trunk,
,4810,49844164,-77.041094,38.985921,,,POINT (-77.041094 38.985921),,4631.0,0.0,tertiary,
,4811,49758271,-76.9836601,38.8898117,,,POINT (-76.9836601 38.8898117),,4632.0,0.0,secondary,
,4812,12607592138,-77.0078011,38.8972112,,,POINT (-77.0078011 38.8972112),,4633.0,0.0,tertiary,
,4813,3390142017,-77.0090723,38.8974629,,,POINT (-77.0090723 38.8974629),,4634.0,0.0,primary,
,4814,3390142015,-77.0082581,38.8971072,,,POINT (-77.0082581 38.8971072),,4635.0,0.0,primary,
,4815,3001353536,-77.009928,38.8978292,,,POINT (-77.009928 38.8978292),,4636.0,0.0,primary,
,4816,9123096832,-77.0079766,38.8969286,,,POINT (-77.0079766 38.8969286),,4637.0,0.0,primary,
,4817,49773532,-77.0270379,38.899821,,,POINT (-77.0270379 38.899821),,4638.0,0.0,secondary,
,4818,3013488879,-77.0270358,38.9002161,,,POINT (-77.0270358 38.9002161),,4639.0,0.0,secondary,
,4819,12753565499,-77.0270397,38.899469,,,POINT (-77.0270397 38.899469),,4640.0,0.0,secondary,
,4820,3013407820,-77.0270402,38.8973573,,,POINT (-77.0270402 38.8973573),,4641.0,0.0,secondary,
,4821,12756783713,-77.0270384,38.8965194,,,POINT (-77.0270384 38.8965194),,4642.0,0.0,secondary,
,4822,4001156481,-77.0270381,38.8954875,,,POINT (-77.0270381 38.8954875),,4643.0,0.0,secondary,
,4825,655680486,-76.9961861,38.8764486,,,POINT (-76.9961861 38.8764486),,4646.0,0.0,primary,
,4828,655662498,-77.0231953,38.8789294,,,POINT (-77.0231953 38.8789294),,4649.0,0.0,primary,
,4831,5433244144,-77.0175555,38.8805072,,,POINT (-77.0175555 38.8805072),,4652.0,0.0,secondary,
,4832,12001803768,-77.0173917,38.8720654,,,POINT (-77.0173917 38.8720654),,4653.0,0.0,tertiary,
,4833,49765073,-77.0175583,38.8729984,,,POINT (-77.0175583 38.8729984),,4654.0,0.0,tertiary,
,4834,49747116,-77.0175576,38.874656,,,POINT (-77.0175576 38.874656),,4655.0,0.0,tertiary,
,4835,4630298927,-77.0158382,38.8763941,,,POINT (-77.0158382 38.8763941),,4656.0,0.0,primary,
,4836,2502976209,-77.0176648,38.877696,,,POINT (-77.0176648 38.877696),,4657.0,0.0,secondary,
,4837,9130918414,-77.0177385,38.876927,,,POINT (-77.0177385 38.876927),,4658.0,0.0,secondary,
,4838,12175091752,-77.0058982,38.8769809,,,POINT (-77.0058982 38.8769809),,4659.0,0.0,tertiary,
,4840,3657251445,-77.0729987,38.9707327,,,POINT (-77.0729987 38.9707327),,4661.0,0.0,tertiary,
,4841,1364961107,-77.0251498,38.9111399,,,POINT (-77.0251498 38.9111399),,4662.0,0.0,trunk,
,4843,49820727,-77.0642764,38.945484,,,POINT (-77.0642764 38.945484),,4664.0,0.0,primary,
,4844,49820743,-77.065005,38.9467364,,,POINT (-77.065005 38.9467364),,4665.0,0.0,primary,
,4845,49820757,-77.0656788,38.9478947,,,POINT (-77.0656788 38.9478947),,4666.0,0.0,primary,
,4846,49820770,-77.0667183,38.9496815,,,POINT (-77.0667183 38.9496815),,4667.0,0.0,primary,
,4847,49820714,-77.062921,38.943154,,,POINT (-77.062921 38.943154),,4668.0,0.0,primary,
,4848,49735524,-77.0635636,38.9442587,,,POINT (-77.0635636 38.9442587),,4669.0,0.0,primary,
,4853,49809775,-77.012153,38.9169956,,,POINT (-77.012153 38.9169956),,4674.0,0.0,tertiary,
,4854,49848716,-77.012158,38.9191764,,,POINT (-77.012158 38.9191764),,4675.0,0.0,tertiary,
,4855,49764096,-77.012142,38.926282,,,POINT (-77.012142 38.926282),,4676.0,0.0,secondary,
,4857,49775504,-77.0410545,38.9056846,,,POINT (-77.0410545 38.9056846),,4678.0,0.0,primary,
,4858,3522722795,-77.0219177,38.8875736,,,POINT (-77.0219177 38.8875736),,4679.0,0.0,primary,
,4859,49855611,-77.0199076,38.8875712,,,POINT (-77.0199076 38.8875712),,4680.0,0.0,primary,
,4860,9658404439,-77.035154,38.9013387,,,POINT (-77.035154 38.9013387),,4681.0,0.0,secondary,
,4861,9658404440,-77.0360248,38.9013356,,,POINT (-77.0360248 38.9013356),,4682.0,0.0,secondary,
,4862,1381210497,-77.0466507,38.9013267,,,POINT (-77.0466507 38.9013267),,4683.0,0.0,primary,
,4863,49741695,-77.046659,38.89958,,,POINT (-77.046659 38.89958),,4684.0,0.0,tertiary,
,4864,12169237087,-77.0466644,38.8984516,,,POINT (-77.0466644 38.8984516),,4685.0,0.0,tertiary,
,4865,3282259543,-77.0505843,38.9021342,,,POINT (-77.0505843 38.9021342),,4686.0,0.0,primary,
,4866,262249791,-77.0507933,38.9024259,,,POINT (-77.0507933 38.9024259),,4687.0,0.0,primary,
,4867,9639069875,-77.0327866,38.9002345,,,POINT (-77.0327866 38.9002345),,4688.0,0.0,secondary,
,4869,1460623446,-76.9686866,38.86059,,,POINT (-76.9686866 38.86059),,4690.0,0.0,secondary,
,4870,49750009,-76.968147,38.860218,,,POINT (-76.968147 38.860218),,4691.0,0.0,secondary,
,4871,4114221346,-76.9675713,38.8600648,,,POINT (-76.9675713 38.8600648),,4692.0,0.0,secondary,
,4872,12774641307,-76.9681976,38.859401,,,POINT (-76.9681976 38.859401),,4693.0,0.0,secondary,
,4873,1564556245,-76.9737015,38.8511001,,,POINT (-76.9737015 38.8511001),,4694.0,0.0,secondary,
,4875,4633108813,-76.9535594,38.8665583,,,POINT (-76.9535594 38.8665583),,4696.0,0.0,trunk,
,4876,49751586,-76.9560711,38.8675879,,,POINT (-76.9560711 38.8675879),,4697.0,0.0,trunk,
,4877,49819703,-76.958919,38.856455,,,POINT (-76.958919 38.856455),,4698.0,0.0,trunk,
,4878,49833670,-76.9589154,38.8562798,,,POINT (-76.9589154 38.8562798),,4699.0,0.0,trunk,
,4879,49760543,-76.967919,38.85796,,,POINT (-76.967919 38.85796),,4700.0,0.0,secondary,
,4880,4807202278,-77.0416754,38.9083667,,,POINT (-77.0416754 38.9083667),,4701.0,0.0,secondary,
,4881,49758528,-77.0416615,38.9148396,,,POINT (-77.0416615 38.9148396),,4702.0,0.0,secondary,
,4882,4657055698,-77.0416622,38.9145085,,,POINT (-77.0416622 38.9145085),,4703.0,0.0,secondary,
,4883,49745232,-77.0319563,38.9155878,,,POINT (-77.0319563 38.9155878),,4704.0,0.0,primary,
,4884,49791711,-77.0296233,38.9155875,,,POINT (-77.0296233 38.9155875),,4705.0,0.0,tertiary,
,4885,49791685,-77.0239705,38.9155858,,,POINT (-77.0239705 38.9155858),,4706.0,0.0,primary,
,4886,4618716073,-77.0332369,38.9155872,,,POINT (-77.0332369 38.9155872),,4707.0,0.0,tertiary,
,4887,49773577,-77.0270397,38.9155872,,,POINT (-77.0270397 38.9155872),,4708.0,0.0,secondary,
,4888,49780026,-77.0416679,38.9096538,,,POINT (-77.0416679 38.9096538),,4709.0,0.0,secondary,
,4889,49758552,-77.0384759,38.9149478,,,POINT (-77.0384759 38.9149478),,4710.0,0.0,secondary,
,4890,49765108,-77.0378907,38.9155884,,,POINT (-77.0378907 38.9155884),,4711.0,0.0,secondary,
,4891,9611919054,-77.0405053,38.9127845,,,POINT (-77.0405053 38.9127845),,4712.0,0.0,secondary,
,4892,3531416327,-77.0416787,38.9092672,,,POINT (-77.0416787 38.9092672),,4713.0,0.0,secondary,
,4893,49800319,-77.0416754,38.9090382,,,POINT (-77.0416754 38.9090382),,4714.0,0.0,primary,
,4894,3011758099,-77.0419446,38.9091329,,,POINT (-77.0419446 38.9091329),,4715.0,0.0,primary,
,4895,1239321155,-77.016255,38.9765762,,,POINT (-77.016255 38.9765762),,4716.0,0.0,tertiary,
,4896,10039531584,-77.0174716,38.9775118,,,POINT (-77.0174716 38.9775118),,4717.0,0.0,tertiary,
,4897,3358724761,-77.0266553,38.975811,,,POINT (-77.0266553 38.975811),,4718.0,0.0,trunk,
,4898,3358724768,-77.0264984,38.9772844,,,POINT (-77.0264984 38.9772844),,4719.0,0.0,trunk,
,4899,3661066113,-77.0268843,38.973617,,,POINT (-77.0268843 38.973617),,4720.0,0.0,trunk,
,4901,12196410599,-77.0269513,38.9730294,,,POINT (-77.0269513 38.9730294),,4722.0,0.0,trunk,
,4902,1440867091,-77.028184,38.8870744,,,POINT (-77.028184 38.8870744),,4723.0,0.0,secondary,
,4903,3533319404,-77.031058,38.8859769,,,POINT (-77.031058 38.8859769),,4724.0,0.0,secondary,
,4904,49725082,-77.0264105,38.8760728,,,POINT (-77.0264105 38.8760728),,4725.0,0.0,tertiary,
,4905,661597919,-77.0294482,38.8787806,,,POINT (-77.0294482 38.8787806),,4726.0,0.0,tertiary,
,4907,4629699763,-77.0296251,38.9020792,,,POINT (-77.0296251 38.9020792),,4728.0,0.0,secondary,
,4908,7065139220,-77.0296249,38.9018762,,,POINT (-77.0296249 38.9018762),,4729.0,0.0,secondary,
,4909,10170781532,-77.030489,38.9013361,,,POINT (-77.030489 38.9013361),,4730.0,0.0,secondary,
,4911,49745628,-77.0319525,38.89736,,,POINT (-77.0319525 38.89736),,4732.0,0.0,primary,
,4912,49762202,-77.0270432,38.8983237,,,POINT (-77.0270432 38.8983237),,4733.0,0.0,secondary,
F St NW & 13th St NW,4913,11234143718,-77.0292979,38.8973556,,,POINT (-77.0292979 38.8973556),,4734.0,0.0,secondary,
,4914,4002491791,-77.0275187,38.8875731,,,POINT (-77.0275187 38.8875731),,4735.0,0.0,primary,
,4915,4635704123,-77.0417652,38.906936,,,POINT (-77.0417652 38.906936),,4736.0,0.0,primary,
,4916,3001130356,-77.013844,38.8960916,,,POINT (-77.013844 38.8960916),,4737.0,0.0,secondary,
,4917,641116192,-77.0330656,38.90253,,,POINT (-77.0330656 38.90253),,4738.0,0.0,trunk,
,4918,4697534335,-77.0328494,38.902533,,,POINT (-77.0328494 38.902533),,4739.0,0.0,trunk,
,4920,49797579,-77.0448671,38.9025278,,,POINT (-77.0448671 38.9025278),,4741.0,0.0,trunk,
,4921,12169327826,-77.0447457,38.9025265,,,POINT (-77.0447457 38.9025265),,4742.0,0.0,trunk,
,4922,12169327825,-77.0450864,38.9025285,,,POINT (-77.0450864 38.9025285),,4743.0,0.0,trunk,
,4923,49817394,-77.0133137,38.9126103,,,POINT (-77.0133137 38.9126103),,4744.0,0.0,primary,
,4924,49877985,-77.0151773,38.9134083,,,POINT (-77.0151773 38.9134083),,4745.0,0.0,primary,
,4925,4805827279,-77.0296272,38.9079092,,,POINT (-77.0296272 38.9079092),,4746.0,0.0,secondary,
,4926,49813381,-77.0296298,38.9072492,,,POINT (-77.0296298 38.9072492),,4747.0,0.0,secondary,
,4927,49813374,-77.0296282,38.9056671,,,POINT (-77.0296282 38.9056671),,4748.0,0.0,secondary,
,4928,11261031471,-77.0400951,38.9037364,,,POINT (-77.0400951 38.9037364),,4749.0,0.0,primary,
,4929,11261031472,-77.0399182,38.9037362,,,POINT (-77.0399182 38.9037362),,4750.0,0.0,primary,
,4930,4635639617,-77.0392052,38.9037344,,,POINT (-77.0392052 38.9037344),,4751.0,0.0,secondary,
,4931,3531416323,-77.0416584,38.915587,,,POINT (-77.0416584 38.915587),,4752.0,0.0,secondary,
,4932,5446842610,-77.0416556,38.9165942,,,POINT (-77.0416556 38.9165942),,4753.0,0.0,secondary,
,4933,7065139211,-77.0300516,38.9001236,,,POINT (-77.0300516 38.9001236),,4754.0,0.0,primary,
,4934,4629699765,-77.0296239,38.9006687,,,POINT (-77.0296239 38.9006687),,4755.0,0.0,secondary,
,4935,4629699764,-77.0296241,38.9009155,,,POINT (-77.0296241 38.9009155),,4756.0,0.0,secondary,
,4936,647043735,-77.0090823,38.9258397,,,POINT (-77.0090823 38.9258397),,4757.0,0.0,primary,
,4937,647043710,-77.0090875,38.9251261,,,POINT (-77.0090875 38.9251261),,4758.0,0.0,primary,
,4939,5853518577,-77.0120868,38.9312546,,,POINT (-77.0120868 38.9312546),,4760.0,0.0,primary,
,4940,641116270,-77.0448673,38.9023984,,,POINT (-77.0448673 38.9023984),,4761.0,0.0,tertiary,
,4941,3608370812,-77.0439229,38.9610391,,,POINT (-77.0439229 38.9610391),,4762.0,0.0,primary,
,4942,3608382609,-77.0429732,38.9615809,,,POINT (-77.0429732 38.9615809),,4763.0,0.0,primary,
,4943,3608370815,-77.044209,38.9608892,,,POINT (-77.044209 38.9608892),,4764.0,0.0,primary,
,4944,3608370822,-77.0555158,38.9610634,,,POINT (-77.0555158 38.9610634),,4765.0,0.0,primary,
,4945,10769808825,-77.0426053,38.9618826,,,POINT (-77.0426053 38.9618826),,4766.0,0.0,primary,
,4946,10769808824,-77.0425418,38.9618158,,,POINT (-77.0425418 38.9618158),,4767.0,0.0,primary,
,4947,3370866972,-77.0341562,38.9620915,,,POINT (-77.0341562 38.9620915),,4768.0,0.0,primary,
,4948,9014172609,-77.0091548,38.8796519,,,POINT (-77.0091548 38.8796519),,4769.0,0.0,primary,
,4949,49763637,-77.0364644,38.93045,,,POINT (-77.0364644 38.93045),,4770.0,0.0,primary,
,4950,49808583,-77.0364564,38.9307838,,,POINT (-77.0364564 38.9307838),,4771.0,0.0,primary,
,4951,3380028593,-76.983408,38.9001247,,,POINT (-76.983408 38.9001247),,4772.0,2.0,primary,
,4953,49748094,-77.018027,38.920361,,,POINT (-77.018027 38.920361),,4774.0,0.0,tertiary,
,4954,12395320633,-77.006415,38.9082086,,,POINT (-77.006415 38.9082086),,4775.0,0.0,trunk,
,4955,6487879211,-77.0090103,38.9091192,,,POINT (-77.0090103 38.9091192),,4776.0,0.0,primary,
,4957,10970120205,-76.9723785,38.8507657,,,POINT (-76.9723785 38.8507657),,4778.0,0.0,primary,
,4958,49830519,-77.010651,38.8792866,,,POINT (-77.010651 38.8792866),,4779.0,0.0,secondary,
,4959,49790353,-77.0129532,38.879287,,,POINT (-77.0129532 38.879287),,4780.0,0.0,secondary,
,4960,8804508324,-77.0510709,38.9335493,,,POINT (-77.0510709 38.9335493),,4781.0,0.0,secondary,
,4961,10182976583,-77.0508461,38.9335264,,,POINT (-77.0508461 38.9335264),,4782.0,0.0,primary,
,4962,49734729,-76.99353,38.903728,,,POINT (-76.99353 38.903728),,4783.0,0.0,tertiary,
,4963,49843012,-77.0364886,38.920964,,,POINT (-77.0364886 38.920964),,4784.0,0.0,primary,
,4964,49843011,-77.0364928,38.9203655,,,POINT (-77.0364928 38.9203655),,4785.0,0.0,primary,
,4965,12193977696,-76.982624,38.9165791,,,POINT (-76.982624 38.9165791),,4786.0,0.0,trunk,
,4966,9995461161,-77.0035104,38.8959126,,,POINT (-77.0035104 38.8959126),,4787.0,0.0,tertiary,
,4967,49777871,-77.00351,38.896118,,,POINT (-77.00351 38.896118),,4788.0,0.0,tertiary,
,4968,49819386,-76.9995165,38.8898131,,,POINT (-76.9995165 38.8898131),,4789.0,0.0,secondary,
,4969,49804660,-76.9937618,38.8898126,,,POINT (-76.9937618 38.8898126),,4790.0,0.0,secondary,
,4970,1989814004,-77.0966261,38.9457018,,,POINT (-77.0966261 38.9457018),,4791.0,0.0,primary,
,4971,3744950265,-77.0139826,38.9748002,,,POINT (-77.0139826 38.9748002),,4792.0,2.0,secondary,
,4972,10038255422,-77.0142136,38.9748226,,,POINT (-77.0142136 38.9748226),,4793.0,0.0,secondary,
,4973,49825490,-77.0198912,38.9747911,,,POINT (-77.0198912 38.9747911),,4794.0,0.0,tertiary,
,4974,49836376,-77.021416,38.97479,,,POINT (-77.021416 38.97479),,4795.0,0.0,tertiary,
,4975,49836345,-77.0176615,38.9747565,,,POINT (-77.0176615 38.9747565),,4796.0,0.0,secondary,
,4976,3022201392,-77.0190275,38.9752752,,,POINT (-77.0190275 38.9752752),,4797.0,0.0,secondary,
,4977,9573897867,-77.0199411,38.9759372,,,POINT (-77.0199411 38.9759372),,4798.0,0.0,secondary,
,4978,49732368,-77.0026784,38.9303255,,,POINT (-77.0026784 38.9303255),,4799.0,0.0,primary,
,4979,638915905,-77.0062162,38.9270289,,,POINT (-77.0062162 38.9270289),,4800.0,0.0,secondary,
,4980,3872958273,-76.9925586,38.8782537,,,POINT (-76.9925586 38.8782537),,4801.0,0.0,motorway,
,4981,4001168266,-76.9881843,38.8686251,,,POINT (-76.9881843 38.8686251),,4802.0,0.0,secondary,
,4982,5629758192,-76.9881856,38.8684333,,,POINT (-76.9881856 38.8684333),,4803.0,0.0,secondary,
,4983,10981934315,-77.0323345,38.879528,,,POINT (-77.0323345 38.879528),,4804.0,0.0,motorway,
,4984,10981934325,-77.0357519,38.8792288,,,POINT (-77.0357519 38.8792288),,4805.0,0.0,motorway,
,4985,49752628,-77.0250641,38.9418829,,,POINT (-77.0250641 38.9418829),,4806.0,0.0,tertiary,
,4986,10769818823,-77.0224056,38.9466262,,,POINT (-77.0224056 38.9466262),,4807.0,0.0,tertiary,
,4987,3373497507,-77.083878,38.951289,,,POINT (-77.083878 38.951289),,4808.0,0.0,secondary,
,4988,3900798327,-77.0837825,38.9510555,,,POINT (-77.0837825 38.9510555),,4809.0,-1.0,secondary,
,4989,49730129,-77.077029,38.943162,,,POINT (-77.077029 38.943162),,4810.0,0.0,primary,
,4990,49846128,-77.0693097,38.943161,,,POINT (-77.0693097 38.943161),,4811.0,0.0,secondary,
,4992,12761999872,-76.9936535,38.8565972,,,POINT (-76.9936535 38.8565972),,4813.0,0.0,primary,
,4993,49816594,-76.981012,38.850749,,,POINT (-76.981012 38.850749),,4814.0,0.0,tertiary,
,4994,49743972,-76.980308,38.8469114,,,POINT (-76.980308 38.8469114),,4815.0,0.0,secondary,
,4995,11198264290,-77.0089357,38.8764719,,,POINT (-77.0089357 38.8764719),,4816.0,0.0,primary,
,4996,641965569,-77.0089537,38.8779817,,,POINT (-77.0089537 38.8779817),,4817.0,0.0,primary,
,4998,655662190,-77.0213127,38.8773756,,,POINT (-77.0213127 38.8773756),,4819.0,0.0,primary,
,5001,2896020728,-77.1106634,38.9345443,,,POINT (-77.1106634 38.9345443),,4822.0,0.0,primary,
,5002,49742923,-77.1107024,38.9343414,,,POINT (-77.1107024 38.9343414),,4823.0,0.0,primary,
,5003,49745652,-77.0327238,38.940806,,,POINT (-77.0327238 38.940806),,4824.0,0.0,secondary,
14th St NW & Upshur St NW,5004,11234143689,-77.0327242,38.9416263,,,POINT (-77.0327242 38.9416263),,4825.0,0.0,secondary,
14th St NW & Spring Rd NW,5005,11234143694,-77.0327215,38.9368417,,,POINT (-77.0327215 38.9368417),,4826.0,0.0,secondary,
,5006,49745468,-77.0327216,38.937078,,,POINT (-77.0327216 38.937078),,4827.0,0.0,secondary,
,5007,49745651,-77.0327232,38.939741,,,POINT (-77.0327232 38.939741),,4828.0,0.0,secondary,
,5008,3872970555,-76.994974,38.878353,,,POINT (-76.994974 38.878353),,4829.0,0.0,secondary,
,5009,642334066,-76.9949772,38.8765352,,,POINT (-76.9949772 38.8765352),,4830.0,0.0,secondary,
,5010,5542846977,-77.042391,38.9092869,,,POINT (-77.042391 38.9092869),,4831.0,0.0,primary,
,5011,4643861815,-77.020522,38.8998181,,,POINT (-77.020522 38.8998181),,4832.0,0.0,secondary,
,5012,49777795,-77.0199114,38.8998183,,,POINT (-77.0199114 38.8998183),,4833.0,0.0,trunk,
,5013,635179325,-77.029582,38.9103857,,,POINT (-77.029582 38.9103857),,4834.0,0.0,tertiary,
,5014,49775998,-77.0296234,38.9141012,,,POINT (-77.0296234 38.9141012),,4835.0,0.0,tertiary,
,5015,49809721,-77.02962,38.9170083,,,POINT (-77.02962 38.9170083),,4836.0,0.0,primary,
,5016,49820604,-77.0526817,38.9255369,,,POINT (-77.0526817 38.9255369),,4837.0,0.0,primary,
,5017,3872813016,-76.9915207,38.8776578,,,POINT (-76.9915207 38.8776578),,4838.0,0.0,primary,
,5018,49736039,-76.9917687,38.8780536,,,POINT (-76.9917687 38.8780536),,4839.0,0.0,motorway,
,5019,3001463145,-77.0153703,38.9052467,,,POINT (-77.0153703 38.9052467),,4840.0,0.0,trunk,
,5020,7554685121,-76.9984591,38.8802646,,,POINT (-76.9984591 38.8802646),,4841.0,0.0,tertiary,
,5021,1440554138,-76.9984604,38.8812789,,,POINT (-76.9984604 38.8812789),,4842.0,0.0,tertiary,
,5025,4633463355,-76.9422011,38.9022508,,,POINT (-76.9422011 38.9022508),,4846.0,0.0,secondary,
,5026,49786431,-76.9391833,38.90056,,,POINT (-76.9391833 38.90056),,4847.0,0.0,secondary,
,5027,49786453,-76.9357376,38.8993276,,,POINT (-76.9357376 38.8993276),,4848.0,0.0,secondary,
,5028,7959536094,-76.9418997,38.9037333,,,POINT (-76.9418997 38.9037333),,4849.0,0.0,motorway,
,5029,4561710230,-77.0412306,38.9170143,,,POINT (-77.0412306 38.9170143),,4850.0,0.0,primary,
,5030,3798943039,-77.090504,38.955949,,,POINT (-77.090504 38.955949),,4851.0,0.0,secondary,
,5031,3798943038,-77.0907655,38.9561326,,,POINT (-77.0907655 38.9561326),,4852.0,0.0,secondary,
,5032,3900798868,-77.091552,38.956214,,,POINT (-77.091552 38.956214),,4853.0,0.0,primary,
,5033,49743242,-77.0977113,38.9179652,,,POINT (-77.0977113 38.9179652),,4854.0,0.0,secondary,
,5034,49743231,-77.0961733,38.9169206,,,POINT (-77.0961733 38.9169206),,4855.0,0.0,secondary,
,5035,2896016979,-77.0948716,38.9158771,,,POINT (-77.0948716 38.9158771),,4856.0,0.0,secondary,
,5036,4001377084,-77.0958579,38.9168119,,,POINT (-77.0958579 38.9168119),,4857.0,0.0,secondary,
,5037,3798943055,-77.080767,38.951054,,,POINT (-77.080767 38.951054),,4858.0,0.0,primary,
,5038,49837997,-77.0812992,38.9520929,,,POINT (-77.0812992 38.9520929),,4859.0,0.0,primary,
,5039,49745129,-77.0819338,38.9533223,,,POINT (-77.0819338 38.9533223),,4860.0,0.0,primary,
,5040,49888300,-77.0826276,38.9547045,,,POINT (-77.0826276 38.9547045),,4861.0,0.0,primary,
,5041,49889091,-77.08048,38.9500932,,,POINT (-77.08048 38.9500932),,4862.0,0.0,primary,
,5042,3798943041,-77.0886867,38.9546841,,,POINT (-77.0886867 38.9546841),,4863.0,0.0,secondary,
,5045,1364961091,-77.0213372,38.9126061,,,POINT (-77.0213372 38.9126061),,4866.0,0.0,trunk,
,5046,1364961094,-77.0210172,38.9127178,,,POINT (-77.0210172 38.9127178),,4867.0,0.0,trunk,
,5047,6760336735,-77.0345318,38.9137676,,,POINT (-77.0345318 38.9137676),,4868.0,0.0,secondary,
,5048,49764359,-77.0345311,38.9140998,,,POINT (-77.0345311 38.9140998),,4869.0,0.0,secondary,
,5049,2211915931,-77.0345364,38.9122157,,,POINT (-77.0345364 38.9122157),,4870.0,0.0,secondary,
,5052,49861091,-77.0292648,38.909169,,,POINT (-77.0292648 38.909169),,4873.0,0.0,primary,
,5053,49861294,-77.0302122,38.9093201,,,POINT (-77.0302122 38.9093201),,4874.0,0.0,primary,
,5054,49861299,-77.0301861,38.9092902,,,POINT (-77.0301861 38.9092902),,4875.0,0.0,primary,
,5055,49861280,-77.0303019,38.909453,,,POINT (-77.0303019 38.909453),,4876.0,0.0,primary,
,5056,49861274,-77.0303211,38.9095301,,,POINT (-77.0303211 38.9095301),,4877.0,0.0,primary,
,5057,1579158467,-77.0303053,38.9097236,,,POINT (-77.0303053 38.9097236),,4878.0,0.0,primary,
,5058,49779994,-77.0307376,38.9096678,,,POINT (-77.0307376 38.9096678),,4879.0,0.0,secondary,
,5059,9136682506,-77.0305658,38.9096502,,,POINT (-77.0305658 38.9096502),,4880.0,0.0,secondary,
,5060,9136682496,-77.0304026,38.9095817,,,POINT (-77.0304026 38.9095817),,4881.0,0.0,primary,
,5061,3995094699,-77.03063,38.9093021,,,POINT (-77.03063 38.9093021),,4882.0,0.0,primary,
,5062,3995094702,-77.0304215,38.9093379,,,POINT (-77.0304215 38.9093379),,4883.0,0.0,primary,
,5063,3995094707,-77.0304283,38.9094938,,,POINT (-77.0304283 38.9094938),,4884.0,0.0,primary,
,5064,9136682512,-77.0302931,38.9098158,,,POINT (-77.0302931 38.9098158),,4885.0,0.0,primary,
,5065,3995233660,-77.034548,38.9075591,,,POINT (-77.034548 38.9075591),,4886.0,0.0,secondary,
,5066,49764326,-77.0345473,38.9079401,,,POINT (-77.0345473 38.9079401),,4887.0,0.0,primary,
,5067,49764318,-77.0345597,38.9065716,,,POINT (-77.0345597 38.9065716),,4888.0,0.0,primary,
,5068,4954914329,-77.0270384,38.909008,,,POINT (-77.0270384 38.909008),,4889.0,0.0,trunk,
,5069,3995242874,-77.0270385,38.9082175,,,POINT (-77.0270385 38.9082175),,4890.0,0.0,trunk,
,5070,4954895460,-77.0270381,38.9100935,,,POINT (-77.0270381 38.9100935),,4891.0,0.0,trunk,
,5071,12321242101,-77.0270404,38.9104441,,,POINT (-77.0270404 38.9104441),,4892.0,0.0,trunk,
,5072,3995277045,-77.034546,38.9092932,,,POINT (-77.034546 38.9092932),,4893.0,0.0,secondary,
,5073,49764330,-77.0345458,38.9087118,,,POINT (-77.0345458 38.9087118),,4894.0,0.0,secondary,
,5074,3995250237,-77.0345462,38.9083422,,,POINT (-77.0345462 38.9083422),,4895.0,0.0,secondary,
,5075,9136659658,-77.0319874,38.9064521,,,POINT (-77.0319874 38.9064521),,4896.0,0.0,primary,
,5076,3302325145,-77.0319534,38.9066589,,,POINT (-77.0319534 38.9066589),,4897.0,0.0,primary,
,5077,647043642,-77.0089976,38.9191794,,,POINT (-77.0089976 38.9191794),,4898.0,0.0,primary,
,5078,647043645,-77.0089904,38.9205798,,,POINT (-77.0089904 38.9205798),,4899.0,0.0,primary,
,5079,3995009077,-77.0162147,38.9138507,,,POINT (-77.0162147 38.9138507),,4900.0,0.0,primary,
,5080,4807048917,-77.0345232,38.9166226,,,POINT (-77.0345232 38.9166226),,4901.0,0.0,secondary,
,5081,4387066892,-77.0365028,38.9171965,,,POINT (-77.0365028 38.9171965),,4902.0,0.0,primary,
,5082,3998695808,-77.0359264,38.9170114,,,POINT (-77.0359264 38.9170114),,4903.0,0.0,primary,
,5083,4387066588,-77.0362433,38.917011,,,POINT (-77.0362433 38.917011),,4904.0,0.0,primary,
,5084,3998708780,-77.02704,38.9092988,,,POINT (-77.02704 38.9092988),,4905.0,0.0,trunk,
,5085,49773558,-77.0270416,38.9096463,,,POINT (-77.0270416 38.9096463),,4906.0,0.0,trunk,
,5086,3998708781,-77.0270375,38.9100011,,,POINT (-77.0270375 38.9100011),,4907.0,0.0,trunk,
,5087,49800263,-77.0346773,38.9066108,,,POINT (-77.0346773 38.9066108),,4908.0,0.0,primary,
,5088,649839017,-76.9147207,38.8896839,,,POINT (-76.9147207 38.8896839),,4909.0,0.0,primary,
,5089,4000607324,-76.9140798,38.8896867,,,POINT (-76.9140798 38.8896867),,4910.0,0.0,primary,
,5090,4000607323,-76.9137113,38.8896825,,,POINT (-76.9137113 38.8896825),,4911.0,0.0,primary,
,5091,3656197336,-76.91346,38.8896786,,,POINT (-76.91346 38.8896786),,4912.0,-1.0,primary,
,5092,4000607325,-76.9151975,38.8896909,,,POINT (-76.9151975 38.8896909),,4913.0,0.0,primary,
,5093,649840807,-76.9228691,38.8896924,,,POINT (-76.9228691 38.8896924),,4914.0,0.0,primary,
,5094,4000618205,-76.9183082,38.8896923,,,POINT (-76.9183082 38.8896923),,4915.0,0.0,primary,
,5095,649841379,-76.9224433,38.8898147,,,POINT (-76.9224433 38.8898147),,4916.0,0.0,primary,
,5096,1471746324,-76.9229027,38.8898143,,,POINT (-76.9229027 38.8898143),,4917.0,0.0,primary,
,5097,4000618206,-76.917316,38.8898018,,,POINT (-76.917316 38.8898018),,4918.0,0.0,primary,
,5098,1472831218,-76.9177821,38.8898063,,,POINT (-76.9177821 38.8898063),,4919.0,0.0,primary,
,5099,649840953,-76.9177682,38.8896875,,,POINT (-76.9177682 38.8896875),,4920.0,0.0,primary,
,5100,4000640541,-76.931671,38.8898281,,,POINT (-76.931671 38.8898281),,4921.0,0.0,primary,
,5101,649841275,-76.9320399,38.8898288,,,POINT (-76.9320399 38.8898288),,4922.0,0.0,primary,
,5102,4000640540,-76.9332828,38.8897031,,,POINT (-76.9332828 38.8897031),,4923.0,0.0,primary,
,5103,649839769,-76.9348704,38.8898329,,,POINT (-76.9348704 38.8898329),,4924.0,0.0,primary,
,5104,649840917,-76.93527,38.8897076,,,POINT (-76.93527 38.8897076),,4925.0,0.0,primary,
,5105,649840928,-76.928792,38.8897076,,,POINT (-76.928792 38.8897076),,4926.0,0.0,primary,
,5107,4000786670,-77.0254666,38.969931,,,POINT (-77.0254666 38.969931),,4928.0,0.0,secondary,
,5108,11189136565,-77.0229687,38.9734473,,,POINT (-77.0229687 38.9734473),,4929.0,0.0,secondary,
,5109,4000829364,-77.0261237,38.9686256,,,POINT (-77.0261237 38.9686256),,4930.0,0.0,secondary,
,5110,4000790224,-76.9563291,38.9290238,,,POINT (-76.9563291 38.9290238),,4931.0,0.0,tertiary,
,5111,50490629,-76.9290959,38.9112126,,,POINT (-76.9290959 38.9112126),,4932.0,2.0,tertiary,
,5112,49828253,-76.960515,38.870348,,,POINT (-76.960515 38.870348),,4933.0,0.0,secondary,
,5113,4633108822,-76.9604328,38.86969,,,POINT (-76.9604328 38.86969),,4934.0,0.0,secondary,
,5114,49833580,-76.96094,38.87382,,,POINT (-76.96094 38.87382),,4935.0,0.0,secondary,
,5115,49759427,-76.960734,38.872141,,,POINT (-76.960734 38.872141),,4936.0,0.0,secondary,
,5116,49807959,-76.960625,38.871252,,,POINT (-76.960625 38.871252),,4937.0,0.0,secondary,
,5117,4633108802,-76.9686749,38.8726629,,,POINT (-76.9686749 38.8726629),,4938.0,0.0,trunk,
,5118,4633108808,-76.963408,38.8705348,,,POINT (-76.963408 38.8705348),,4939.0,0.0,trunk,
,5119,49856721,-76.967771,38.872308,,,POINT (-76.967771 38.872308),,4940.0,0.0,trunk,
,5120,1493946034,-76.9671313,38.8720401,,,POINT (-76.9671313 38.8720401),,4941.0,0.0,trunk,
,5121,4000814866,-76.9682108,38.8724847,,,POINT (-76.9682108 38.8724847),,4942.0,0.0,trunk,
,5122,4633108803,-76.9680825,38.8724332,,,POINT (-76.9680825 38.8724332),,4943.0,0.0,trunk,
,5123,4000814867,-76.9685593,38.8726165,,,POINT (-76.9685593 38.8726165),,4944.0,0.0,trunk,
,5124,49759336,-76.963089,38.870399,,,POINT (-76.963089 38.870399),,4945.0,0.0,trunk,
,5125,4633108809,-76.962807,38.870278,,,POINT (-76.962807 38.870278),,4946.0,0.0,trunk,
,5126,4633108804,-76.9670077,38.8719914,,,POINT (-76.9670077 38.8719914),,4947.0,0.0,trunk,
,5127,4633108801,-76.9692578,38.8728669,,,POINT (-76.9692578 38.8728669),,4948.0,0.0,trunk,
,5128,49817181,-76.964772,38.871087,,,POINT (-76.964772 38.871087),,4949.0,0.0,trunk,
,5129,4633108807,-76.9644456,38.8709536,,,POINT (-76.9644456 38.8709536),,4950.0,0.0,trunk,
,5130,4000814864,-76.9652236,38.87127,,,POINT (-76.9652236 38.87127),,4951.0,0.0,trunk,
,5131,4633108806,-76.9650981,38.8712192,,,POINT (-76.9650981 38.8712192),,4952.0,0.0,trunk,
,5132,49855199,-76.9666126,38.8718357,,,POINT (-76.9666126 38.8718357),,4953.0,0.0,trunk,
,5133,4633108805,-76.9662998,38.8717076,,,POINT (-76.9662998 38.8717076),,4954.0,0.0,trunk,
,5134,4000814865,-76.9661604,38.8716505,,,POINT (-76.9661604 38.8716505),,4955.0,0.0,trunk,
,5136,4629766443,-77.0854742,38.9126665,,,POINT (-77.0854742 38.9126665),,4957.0,0.0,secondary,
,5137,49755852,-77.0851018,38.9127027,,,POINT (-77.0851018 38.9127027),,4958.0,0.0,secondary,
,5138,49743686,-76.951324,38.865594,,,POINT (-76.951324 38.865594),,4959.0,0.0,trunk,
,5139,766194350,-76.9510613,38.8657791,,,POINT (-76.9510613 38.8657791),,4960.0,0.0,tertiary,
,5140,4633108816,-76.9495963,38.8648892,,,POINT (-76.9495963 38.8648892),,4961.0,0.0,trunk,
,5141,10291111182,-76.9478314,38.8641658,,,POINT (-76.9478314 38.8641658),,4962.0,0.0,trunk,
,5142,6004244728,-77.0267312,38.9679944,,,POINT (-77.0267312 38.9679944),,4963.0,0.0,secondary,
,5143,4629558420,-77.026933,38.9678895,,,POINT (-77.026933 38.9678895),,4964.0,0.0,secondary,
,5144,1564708873,-76.963846,38.8610715,,,POINT (-76.963846 38.8610715),,4965.0,0.0,secondary,
,5145,1484785680,-76.9631469,38.8613183,,,POINT (-76.9631469 38.8613183),,4966.0,0.0,secondary,
,5146,1564709215,-76.9663069,38.8601065,,,POINT (-76.9663069 38.8601065),,4967.0,0.0,secondary,
,5147,1493897251,-76.9652246,38.860589,,,POINT (-76.9652246 38.860589),,4968.0,0.0,secondary,
,5148,4633108821,-76.9653216,38.8605554,,,POINT (-76.9653216 38.8605554),,4969.0,0.0,secondary,
,5149,1564708927,-76.96577,38.8602942,,,POINT (-76.96577 38.8602942),,4970.0,0.0,secondary,
,5150,49744199,-76.9647874,38.8607158,,,POINT (-76.9647874 38.8607158),,4971.0,0.0,secondary,
,5151,49749990,-76.969165,38.86103,,,POINT (-76.969165 38.86103),,4972.0,0.0,secondary,
,5152,2131534006,-77.0643036,38.9432013,,,POINT (-77.0643036 38.9432013),,4973.0,0.0,secondary,
,5153,4000834307,-77.0655959,38.9431143,,,POINT (-77.0655959 38.9431143),,4974.0,0.0,secondary,
,5154,2131533990,-77.0648557,38.9431137,,,POINT (-77.0648557 38.9431137),,4975.0,0.0,secondary,
,5155,2131534030,-77.0687031,38.9431594,,,POINT (-77.0687031 38.9431594),,4976.0,0.0,secondary,
,5156,9691743234,-77.068192,38.9430618,,,POINT (-77.068192 38.9430618),,4977.0,0.0,secondary,
,5157,9748716629,-77.0635485,38.9431167,,,POINT (-77.0635485 38.9431167),,4978.0,0.0,secondary,
,5158,49755969,-77.088705,38.91644,,,POINT (-77.088705 38.91644),,4979.0,0.0,secondary,
,5159,49755972,-77.0887196,38.9166286,,,POINT (-77.0887196 38.9166286),,4980.0,0.0,secondary,
,5160,49755958,-77.0884925,38.9158566,,,POINT (-77.0884925 38.9158566),,4981.0,0.0,secondary,
,5161,1456422818,-76.9467576,38.8637409,,,POINT (-76.9467576 38.8637409),,4982.0,0.0,trunk,
,5162,2501339609,-76.9471502,38.8634274,,,POINT (-76.9471502 38.8634274),,4983.0,0.0,secondary,
,5163,4633108833,-76.9495809,38.8615474,,,POINT (-76.9495809 38.8615474),,4984.0,0.0,secondary,
,5164,3667950087,-77.0364616,38.9564564,,,POINT (-77.0364616 38.9564564),,4985.0,0.0,primary,
,5165,4000840885,-77.0363407,38.9590693,,,POINT (-77.0363407 38.9590693),,4986.0,0.0,primary,
,5166,49814751,-77.0363476,38.9592928,,,POINT (-77.0363476 38.9592928),,4987.0,0.0,primary,
,5167,4000840884,-77.0363532,38.9557893,,,POINT (-77.0363532 38.9557893),,4988.0,0.0,primary,
,5168,11267271743,-77.0364031,38.9528849,,,POINT (-77.0364031 38.9528849),,4989.0,0.0,primary,
,5169,5343399981,-77.0363462,38.9574075,,,POINT (-77.0363462 38.9574075),,4990.0,0.0,primary,
,5170,49843148,-77.0363429,38.9583562,,,POINT (-77.0363429 38.9583562),,4991.0,0.0,primary,
,5171,3003932684,-77.0389002,38.8880403,,,POINT (-77.0389002 38.8880403),,4992.0,0.0,primary,
,5172,4015288162,-77.0391103,38.8881938,,,POINT (-77.0391103 38.8881938),,4993.0,0.0,primary,
,5173,4000848163,-77.0394785,38.8909507,,,POINT (-77.0394785 38.8909507),,4994.0,0.0,primary,
,5174,1334058676,-77.0394761,38.8919389,,,POINT (-77.0394761 38.8919389),,4995.0,0.0,primary,
,5175,1444897307,-77.039524,38.8888445,,,POINT (-77.039524 38.8888445),,4996.0,0.0,primary,
,5176,4000848162,-77.0385394,38.8879196,,,POINT (-77.0385394 38.8879196),,4997.0,0.0,primary,
,5177,3003932713,-77.0382042,38.8878417,,,POINT (-77.0382042 38.8878417),,4998.0,0.0,primary,
,5178,3003962401,-77.0407234,38.8878126,,,POINT (-77.0407234 38.8878126),,4999.0,0.0,primary,
,5179,661598208,-77.022108,38.8604216,,,POINT (-77.022108 38.8604216),,5000.0,0.0,tertiary,
,5180,2501330200,-76.949918,38.861278,,,POINT (-76.949918 38.861278),,5001.0,0.0,secondary,
,5181,49806535,-76.9505013,38.8615104,,,POINT (-76.9505013 38.8615104),,5002.0,0.0,secondary,
,5182,2765545482,-77.0364805,38.9471867,,,POINT (-77.0364805 38.9471867),,5003.0,0.0,primary,
,5183,7151375544,-77.0364736,38.9464925,,,POINT (-77.0364736 38.9464925),,5004.0,0.0,primary,
,5184,2765545478,-77.0364751,38.946129,,,POINT (-77.0364751 38.946129),,5005.0,0.0,primary,
,5185,4000852049,-77.0363735,38.9459085,,,POINT (-77.0363735 38.9459085),,5006.0,0.0,primary,
,5186,49789759,-77.036366,38.946129,,,POINT (-77.036366 38.946129),,5007.0,0.0,primary,
,5187,4000852051,-77.0363723,38.9471654,,,POINT (-77.0363723 38.9471654),,5008.0,0.0,primary,
,5189,49843112,-77.0363816,38.9440059,,,POINT (-77.0363816 38.9440059),,5010.0,0.0,primary,
,5190,4000852047,-77.036376,38.9448345,,,POINT (-77.036376 38.9448345),,5011.0,0.0,primary,
,5191,2765545472,-77.036486,38.9440058,,,POINT (-77.036486 38.9440058),,5012.0,0.0,primary,
,5192,4000852044,-77.0364835,38.9431866,,,POINT (-77.0364835 38.9431866),,5013.0,0.0,primary,
,5194,4000852046,-77.0364808,38.9442212,,,POINT (-77.0364808 38.9442212),,5015.0,0.0,primary,
,5195,4000852048,-77.0364809,38.9453192,,,POINT (-77.0364809 38.9453192),,5016.0,0.0,primary,
,5196,4000852054,-77.0364779,38.9485037,,,POINT (-77.0364779 38.9485037),,5017.0,0.0,primary,
,5197,2765545489,-77.0364751,38.9482698,,,POINT (-77.0364751 38.9482698),,5018.0,0.0,primary,
,5198,2765545469,-77.0364872,38.9429328,,,POINT (-77.0364872 38.9429328),,5019.0,0.0,primary,
,5199,4000852043,-77.0363822,38.9427021,,,POINT (-77.0363822 38.9427021),,5020.0,0.0,primary,
,5200,49741807,-77.036378,38.9429326,,,POINT (-77.036378 38.9429326),,5021.0,0.0,primary,
,5201,2765545491,-77.0364701,38.9497454,,,POINT (-77.0364701 38.9497454),,5022.0,0.0,primary,
,5202,4000852045,-77.036388,38.943745,,,POINT (-77.036388 38.943745),,5023.0,0.0,primary,
,5203,4000852052,-77.0364782,38.9473545,,,POINT (-77.0364782 38.9473545),,5024.0,0.0,primary,
,5204,49894385,-77.0222692,38.8631461,,,POINT (-77.0222692 38.8631461),,5025.0,0.0,tertiary,
,5205,1017220692,-77.0363694,38.947307,,,POINT (-77.0363694 38.947307),,5026.0,0.0,primary,
,5206,4000852053,-77.0363699,38.9480311,,,POINT (-77.0363699 38.9480311),,5027.0,0.0,primary,
,5207,49754714,-77.036366,38.9482695,,,POINT (-77.036366 38.9482695),,5028.0,0.0,primary,
,5208,4000853975,-77.036386,38.9394532,,,POINT (-77.036386 38.9394532),,5029.0,0.0,primary,
,5209,2765545457,-77.0364921,38.9397371,,,POINT (-77.0364921 38.9397371),,5030.0,0.0,primary,
,5210,49777063,-76.988316,38.944234,,,POINT (-76.988316 38.944234),,5031.0,0.0,secondary,
,5211,49777077,-76.988895,38.9462739,,,POINT (-76.988895 38.9462739),,5032.0,0.0,secondary,
,5212,3372235130,-76.9890175,38.9467584,,,POINT (-76.9890175 38.9467584),,5033.0,0.0,primary,
,5213,4636034012,-76.9891539,38.9472435,,,POINT (-76.9891539 38.9472435),,5034.0,0.0,secondary,
,5214,4000853623,-77.0726898,38.928261,,,POINT (-77.0726898 38.928261),,5035.0,0.0,primary,
,5215,2994016219,-77.0727529,38.9283078,,,POINT (-77.0727529 38.9283078),,5036.0,0.0,primary,
,5216,4000853978,-77.0364924,38.9421286,,,POINT (-77.0364924 38.9421286),,5037.0,0.0,primary,
,5217,4000853976,-77.0363822,38.9405868,,,POINT (-77.0363822 38.9405868),,5038.0,0.0,primary,
,5218,49826390,-77.0363856,38.940808,,,POINT (-77.0363856 38.940808),,5039.0,0.0,primary,
,5220,4000853977,-77.0363925,38.9416302,,,POINT (-77.0363925 38.9416302),,5041.0,0.0,primary,
,5221,49843103,-77.0363829,38.9397368,,,POINT (-77.0363829 38.9397368),,5042.0,0.0,primary,
,5222,12466124698,-77.0850492,38.9611188,,,POINT (-77.0850492 38.9611188),,5043.0,0.0,secondary,
,5223,642885416,-77.0851938,38.9611937,,,POINT (-77.0851938 38.9611937),,5044.0,0.0,primary,
,5224,4000857079,-77.0846163,38.9610166,,,POINT (-77.0846163 38.9610166),,5045.0,0.0,secondary,
,5225,49749992,-76.968769,38.860664,,,POINT (-76.968769 38.860664),,5046.0,0.0,secondary,
,5226,1492729573,-76.9755965,38.8642625,,,POINT (-76.9755965 38.8642625),,5047.0,0.0,secondary,
,5227,1492729466,-76.9750986,38.8640231,,,POINT (-76.9750986 38.8640231),,5048.0,0.0,secondary,
,5228,49749926,-76.974619,38.8638,,,POINT (-76.974619 38.8638),,5049.0,0.0,secondary,
,5229,4000857727,-76.969675,38.8615073,,,POINT (-76.969675 38.8615073),,5050.0,0.0,secondary,
,5230,4000857726,-76.9681713,38.8598595,,,POINT (-76.9681713 38.8598595),,5051.0,0.0,secondary,
,5231,9624808826,-77.0080654,38.942143,,,POINT (-77.0080654 38.942143),,5052.0,0.0,primary,
,5232,4643843106,-77.0038952,38.8599684,,,POINT (-77.0038952 38.8599684),,5053.0,0.0,primary,
,5233,49800642,-77.073162,38.928611,,,POINT (-77.073162 38.928611),,5054.0,0.0,primary,
,5234,49888946,-77.07319,38.927529,,,POINT (-77.07319 38.927529),,5055.0,0.0,primary,
,5235,49753799,-76.9376381,38.8900874,,,POINT (-76.9376381 38.8900874),,5056.0,0.0,primary,
,5236,4000874261,-76.937716,38.8902168,,,POINT (-76.937716 38.8902168),,5057.0,0.0,primary,
,5237,9300516162,-76.9373035,38.8893201,,,POINT (-76.9373035 38.8893201),,5058.0,0.0,secondary,
,5238,9300516158,-76.9374297,38.8896571,,,POINT (-76.9374297 38.8896571),,5059.0,0.0,primary,
,5239,653947543,-76.970014,38.8570167,,,POINT (-76.970014 38.8570167),,5060.0,0.0,secondary,
,5240,11368228085,-76.9699737,38.8563802,,,POINT (-76.9699737 38.8563802),,5061.0,0.0,secondary,
,5241,4000876488,-77.0113423,38.9444206,,,POINT (-77.0113423 38.9444206),,5062.0,0.0,tertiary,
,5242,647087553,-77.0074448,38.9452473,,,POINT (-77.0074448 38.9452473),,5063.0,0.0,primary,
,5243,4114265337,-77.0074495,38.9453926,,,POINT (-77.0074495 38.9453926),,5064.0,0.0,primary,
,5244,49772627,-77.0364689,38.928687,,,POINT (-77.0364689 38.928687),,5065.0,0.0,primary,
,5245,10302363167,-77.0364724,38.9276243,,,POINT (-77.0364724 38.9276243),,5066.0,0.0,primary,
,5246,10255329158,-77.0364707,38.9283188,,,POINT (-77.0364707 38.9283188),,5067.0,0.0,primary,
,5247,12497001319,-77.0364749,38.9267512,,,POINT (-77.0364749 38.9267512),,5068.0,0.0,primary,
,5248,965725276,-77.0364753,38.9269689,,,POINT (-77.0364753 38.9269689),,5069.0,0.0,primary,
,5249,4000881636,-77.0179213,38.8888026,,,POINT (-77.0179213 38.8888026),,5070.0,0.0,tertiary,
,5251,4629660606,-76.9882621,38.9233633,,,POINT (-76.9882621 38.9233633),,5072.0,0.0,primary,
,5253,49858149,-76.9913019,38.9193378,,,POINT (-76.9913019 38.9193378),,5074.0,0.0,primary,
,5254,4629660608,-76.9908749,38.9196877,,,POINT (-76.9908749 38.9196877),,5075.0,0.0,primary,
,5255,49858154,-76.9905946,38.9199267,,,POINT (-76.9905946 38.9199267),,5076.0,0.0,primary,
,5256,5896031680,-76.9895238,38.9208358,,,POINT (-76.9895238 38.9208358),,5077.0,0.0,primary,
,5257,4629660607,-76.9886542,38.9217388,,,POINT (-76.9886542 38.9217388),,5078.0,0.0,primary,
,5258,49858173,-76.988825,38.921436,,,POINT (-76.988825 38.921436),,5079.0,0.0,primary,
,5259,49858183,-76.988701,38.921631,,,POINT (-76.988701 38.921631),,5080.0,0.0,primary,
,5260,4000892492,-77.0076042,38.9456314,,,POINT (-77.0076042 38.9456314),,5081.0,0.0,primary,
,5261,647087550,-77.0076296,38.9461681,,,POINT (-77.0076296 38.9461681),,5082.0,0.0,primary,
,5262,49880063,-77.0196517,38.8149775,,,POINT (-77.0196517 38.8149775),,5083.0,0.0,motorway,
,5263,12409075140,-77.0200288,38.814376,,,POINT (-77.0200288 38.814376),,5084.0,0.0,motorway,
,5264,49765557,-77.0173785,38.8234836,,,POINT (-77.0173785 38.8234836),,5085.0,0.0,tertiary,
,5265,4000892536,-77.0173772,38.82313,,,POINT (-77.0173772 38.82313),,5086.0,0.0,tertiary,
,5266,12171142116,-77.017382,38.8226751,,,POINT (-77.017382 38.8226751),,5087.0,0.0,tertiary,
,5267,1488176559,-77.017376,38.822536,,,POINT (-77.017376 38.822536),,5088.0,0.0,tertiary,
,5268,1488176337,-77.017405,38.8224575,,,POINT (-77.017405 38.8224575),,5089.0,0.0,tertiary,
,5269,1488176605,-77.0175968,38.8214277,,,POINT (-77.0175968 38.8214277),,5090.0,0.0,motorway,
,5270,10817763571,-77.0169919,38.8224581,,,POINT (-77.0169919 38.8224581),,5091.0,0.0,tertiary,
,5271,49736865,-77.0161156,38.8225339,,,POINT (-77.0161156 38.8225339),,5092.0,0.0,motorway,
,5272,4000892535,-77.0169931,38.8225301,,,POINT (-77.0169931 38.8225301),,5093.0,0.0,tertiary,
,5273,12171142115,-77.0172009,38.822528,,,POINT (-77.0172009 38.822528),,5094.0,0.0,tertiary,
,5275,9591272192,-76.9882495,38.8922151,,,POINT (-76.9882495 38.8922151),,5096.0,0.0,tertiary,
,5276,4000956187,-76.9855102,38.8999157,,,POINT (-76.9855102 38.8999157),,5097.0,0.0,tertiary,
,5278,49744895,-76.9822155,38.8933017,,,POINT (-76.9822155 38.8933017),,5099.0,0.0,secondary,
,5279,1365013793,-76.9944098,38.9217706,,,POINT (-76.9944098 38.9217706),,5100.0,0.0,primary,
,5280,814299107,-76.9939723,38.9219057,,,POINT (-76.9939723 38.9219057),,5101.0,0.0,primary,
,5281,4000908577,-76.988624,38.9235499,,,POINT (-76.988624 38.9235499),,5102.0,0.0,primary,
,5282,49880435,-77.0165526,38.8261282,,,POINT (-77.0165526 38.8261282),,5103.0,0.0,motorway,
,5283,8123635056,-77.0166708,38.8223485,,,POINT (-77.0166708 38.8223485),,5104.0,0.0,motorway,
,5284,12240906486,-76.960116,38.9218343,,,POINT (-76.960116 38.9218343),,5105.0,0.0,primary,
,5285,1386997336,-76.9605091,38.9220984,,,POINT (-76.9605091 38.9220984),,5106.0,0.0,primary,
,5286,1386997338,-76.9626267,38.9235457,,,POINT (-76.9626267 38.9235457),,5107.0,0.0,primary,
,5287,10689662816,-76.980074,38.8933534,,,POINT (-76.980074 38.8933534),,5108.0,0.0,primary,
,5288,4000922819,-76.9628688,38.8511965,,,POINT (-76.9628688 38.8511965),,5109.0,2.0,secondary,
,5289,1562110875,-76.9617848,38.8519479,,,POINT (-76.9617848 38.8519479),,5110.0,0.0,secondary,
,5290,4000922895,-77.0663897,38.933795,,,POINT (-77.0663897 38.933795),,5111.0,0.0,tertiary,
,5291,49748300,-77.066401,38.930964,,,POINT (-77.066401 38.930964),,5112.0,0.0,tertiary,
,5292,49748302,-77.06639,38.931467,,,POINT (-77.06639 38.931467),,5113.0,0.0,tertiary,
,5293,4000922894,-77.0663852,38.9327797,,,POINT (-77.0663852 38.9327797),,5114.0,0.0,tertiary,
,5294,4001450734,-77.0663885,38.9332675,,,POINT (-77.0663885 38.9332675),,5115.0,0.0,tertiary,
,5295,49747135,-77.066384,38.9325435,,,POINT (-77.066384 38.9325435),,5116.0,0.0,tertiary,
,5296,49743894,-76.994226,38.843688,,,POINT (-76.994226 38.843688),,5117.0,0.0,secondary,
,5297,640732689,-76.9885064,38.8446825,,,POINT (-76.9885064 38.8446825),,5118.0,0.0,secondary,
,5298,49743920,-76.9880412,38.8447651,,,POINT (-76.9880412 38.8447651),,5119.0,0.0,secondary,
,5299,49743887,-76.995913,38.843408,,,POINT (-76.995913 38.843408),,5120.0,0.0,secondary,
,5300,49743877,-76.997676,38.843146,,,POINT (-76.997676 38.843146),,5121.0,0.0,secondary,
,5301,49748318,-77.0663906,38.936288,,,POINT (-77.0663906 38.936288),,5122.0,0.0,tertiary,
,5302,49748321,-77.066391,38.936727,,,POINT (-77.066391 38.936727),,5123.0,0.0,tertiary,
,5303,10024509464,-77.0663893,38.9349246,,,POINT (-77.0663893 38.9349246),,5124.0,0.0,tertiary,
,5304,49748314,-77.0663904,38.936059,,,POINT (-77.0663904 38.936059),,5125.0,0.0,tertiary,
,5305,4000946602,-77.0675043,38.9400492,,,POINT (-77.0675043 38.9400492),,5126.0,0.0,tertiary,
,5306,49884876,-77.066581,38.938836,,,POINT (-77.066581 38.938836),,5127.0,0.0,tertiary,
,5307,49843926,-77.066799,38.9390862,,,POINT (-77.066799 38.9390862),,5128.0,0.0,tertiary,
,5308,49884932,-77.067852,38.940876,,,POINT (-77.067852 38.940876),,5129.0,0.0,tertiary,
,5309,49833060,-76.98348,38.85356,,,POINT (-76.98348 38.85356),,5130.0,0.0,tertiary,
,5310,49772009,-76.9822603,38.8537505,,,POINT (-76.9822603 38.8537505),,5131.0,0.0,primary,
,5311,4000968791,-77.0723133,38.94919,,,POINT (-77.0723133 38.94919),,5132.0,0.0,tertiary,
,5312,49885034,-77.07212,38.949686,,,POINT (-77.07212 38.949686),,5133.0,0.0,tertiary,
,5313,49765380,-77.0697957,38.9439792,,,POINT (-77.0697957 38.9439792),,5134.0,0.0,tertiary,
,5314,49789532,-77.072347,38.947089,,,POINT (-77.072347 38.947089),,5135.0,0.0,tertiary,
,5315,49848261,-77.072578,38.9478986,,,POINT (-77.072578 38.9478986),,5136.0,0.0,tertiary,
,5316,49811242,-77.072478,38.948753,,,POINT (-77.072478 38.948753),,5137.0,0.0,tertiary,
,5317,4000968792,-77.0719364,38.9501568,,,POINT (-77.0719364 38.9501568),,5138.0,0.0,tertiary,
,5318,49739609,-76.985504,38.9002017,,,POINT (-76.985504 38.9002017),,5139.0,0.0,primary,
,5319,9591184209,-76.9772431,38.892607,,,POINT (-76.9772431 38.892607),,5140.0,0.0,secondary,
,5320,49803353,-76.9765891,38.8985122,,,POINT (-76.9765891 38.8985122),,5141.0,0.0,secondary,
,5321,7802243128,-76.9765757,38.8985794,,,POINT (-76.9765757 38.8985794),,5142.0,0.0,secondary,
,5322,1484481700,-76.9763931,38.8988249,,,POINT (-76.9763931 38.8988249),,5143.0,0.0,primary,
,5323,49734137,-76.9762404,38.898947,,,POINT (-76.9762404 38.898947),,5144.0,0.0,primary,
,5324,10956384521,-76.976474,38.89873,,,POINT (-76.976474 38.89873),,5145.0,0.0,secondary,
,5325,7802243127,-76.9765284,38.8988491,,,POINT (-76.9765284 38.8988491),,5146.0,0.0,primary,
,5326,10956384519,-76.9766234,38.8988661,,,POINT (-76.9766234 38.8988661),,5147.0,0.0,primary,
,5327,4000956184,-76.976951,38.8989248,,,POINT (-76.976951 38.8989248),,5148.0,0.0,primary,
,5328,1484481543,-76.9815058,38.8997222,,,POINT (-76.9815058 38.8997222),,5149.0,0.0,primary,
,5329,2361740080,-76.9802547,38.8995116,,,POINT (-76.9802547 38.8995116),,5150.0,0.0,primary,
,5330,1484481494,-76.9775414,38.8990327,,,POINT (-76.9775414 38.8990327),,5151.0,0.0,primary,
,5331,4000956186,-76.9822378,38.8998513,,,POINT (-76.9822378 38.8998513),,5152.0,0.0,primary,
,5332,4000956185,-76.9780711,38.8991379,,,POINT (-76.9780711 38.8991379),,5153.0,0.0,primary,
,5333,4000956183,-76.9746677,38.8985219,,,POINT (-76.9746677 38.8985219),,5154.0,0.0,primary,
,5334,1484481646,-76.9741761,38.8984419,,,POINT (-76.9741761 38.8984419),,5155.0,0.0,primary,
,5335,4000956182,-76.9708862,38.8978621,,,POINT (-76.9708862 38.8978621),,5156.0,0.0,primary,
,5336,1484481777,-76.9704358,38.8977853,,,POINT (-76.9704358 38.8977853),,5157.0,0.0,primary,
,5338,7802345979,-76.9850687,38.900201,,,POINT (-76.9850687 38.900201),,5159.0,0.0,primary,
,5339,1484481817,-76.9721851,38.8980912,,,POINT (-76.9721851 38.8980912),,5160.0,0.0,primary,
,5340,4000971187,-77.0133925,38.8765367,,,POINT (-77.0133925 38.8765367),,5161.0,0.0,primary,
,5341,4000971186,-77.0111523,38.8764058,,,POINT (-77.0111523 38.8764058),,5162.0,0.0,primary,
,5342,655662482,-77.0106557,38.8764052,,,POINT (-77.0106557 38.8764052),,5163.0,0.0,primary,
,5343,527744165,-77.0121849,38.8765488,,,POINT (-77.0121849 38.8765488),,5164.0,0.0,primary,
,5344,527744161,-77.0125247,38.8765439,,,POINT (-77.0125247 38.8765439),,5165.0,0.0,primary,
,5345,3830137642,-77.012029,38.876549,,,POINT (-77.012029 38.876549),,5166.0,0.0,primary,
,5346,10609112425,-76.9909158,38.9125721,,,POINT (-76.9909158 38.9125721),,5167.0,0.0,primary,
,5348,4629640909,-76.9907612,38.912773,,,POINT (-76.9907612 38.912773),,5169.0,0.0,primary,
,5349,1443482366,-76.9921816,38.9122475,,,POINT (-76.9921816 38.9122475),,5170.0,0.0,primary,
,5350,1443482364,-76.9923289,38.9122243,,,POINT (-76.9923289 38.9122243),,5171.0,0.0,primary,
,5351,4629640907,-76.9918086,38.9123083,,,POINT (-76.9918086 38.9123083),,5172.0,0.0,primary,
,5352,10609112423,-76.9909292,38.9123157,,,POINT (-76.9909292 38.9123157),,5173.0,0.0,primary,
,5353,641965603,-77.0092646,38.8777466,,,POINT (-77.0092646 38.8777466),,5174.0,0.0,primary,
,5354,4000987698,-77.0092656,38.8768919,,,POINT (-77.0092656 38.8768919),,5175.0,0.0,primary,
,5355,12175089063,-77.0092588,38.8778184,,,POINT (-77.0092588 38.8778184),,5176.0,0.0,primary,
,5356,3147849951,-77.0887541,38.9200793,,,POINT (-77.0887541 38.9200793),,5177.0,0.0,secondary,
,5357,49769580,-76.9814639,38.8998692,,,POINT (-76.9814639 38.8998692),,5178.0,0.0,primary,
,5358,4000974654,-76.9825674,38.9000592,,,POINT (-76.9825674 38.9000592),,5179.0,0.0,primary,
,5359,4000974648,-76.9737144,38.8984886,,,POINT (-76.9737144 38.8984886),,5180.0,0.0,primary,
,5360,3690617654,-76.9741777,38.8985734,,,POINT (-76.9741777 38.8985734),,5181.0,0.0,primary,
,5361,49769594,-76.9775071,38.8991642,,,POINT (-76.9775071 38.8991642),,5182.0,0.0,primary,
,5362,9090386743,-76.9785246,38.8993347,,,POINT (-76.9785246 38.8993347),,5183.0,0.0,primary,
,5363,4000974651,-76.9786236,38.8993531,,,POINT (-76.9786236 38.8993531),,5184.0,0.0,primary,
,5364,4000974652,-76.9809591,38.8997708,,,POINT (-76.9809591 38.8997708),,5185.0,0.0,primary,
,5365,4000974649,-76.9750157,38.8987243,,,POINT (-76.9750157 38.8987243),,5186.0,0.0,primary,
,5366,49769464,-76.9754685,38.8988061,,,POINT (-76.9754685 38.8988061),,5187.0,0.0,primary,
,5367,4000974650,-76.977081,38.8990831,,,POINT (-76.977081 38.8990831),,5188.0,0.0,primary,
,5368,8768540010,-76.9747735,38.8986807,,,POINT (-76.9747735 38.8986807),,5189.0,0.0,primary,
,5369,4629569910,-76.982709,38.9000816,,,POINT (-76.982709 38.9000816),,5190.0,0.0,primary,
,5370,49769515,-76.9694892,38.8977697,,,POINT (-76.9694892 38.8977697),,5191.0,0.0,primary,
,5372,49769494,-76.9712326,38.8980614,,,POINT (-76.9712326 38.8980614),,5193.0,0.0,primary,
,5373,49769485,-76.9721526,38.8982143,,,POINT (-76.9721526 38.8982143),,5194.0,0.0,primary,
,5374,7802243126,-76.9766203,38.8990085,,,POINT (-76.9766203 38.8990085),,5195.0,0.0,primary,
,5375,10956384520,-76.9760974,38.8989202,,,POINT (-76.9760974 38.8989202),,5196.0,0.0,primary,
,5376,49756170,-77.0910669,38.9332083,,,POINT (-77.0910669 38.9332083),,5197.0,0.0,primary,
,5377,49761567,-77.090584,38.9334757,,,POINT (-77.090584 38.9334757),,5198.0,0.0,primary,
,5378,4000988149,-76.9902247,38.9139726,,,POINT (-76.9902247 38.9139726),,5199.0,0.0,trunk,
,5379,4629759452,-76.9978984,38.9112533,,,POINT (-76.9978984 38.9112533),,5200.0,0.0,trunk,
,5380,49889089,-77.0803912,38.9496859,,,POINT (-77.0803912 38.9496859),,5201.0,0.0,primary,
,5381,49889086,-77.0803329,38.9493748,,,POINT (-77.0803329 38.9493748),,5202.0,0.0,primary,
,5382,12292446080,-77.0804203,38.9498691,,,POINT (-77.0804203 38.9498691),,5203.0,0.0,primary,
,5383,49848293,-77.079674,38.947909,,,POINT (-77.079674 38.947909),,5204.0,0.0,primary,
,5384,4000997912,-76.9496923,38.8944286,,,POINT (-76.9496923 38.8944286),,5205.0,0.0,secondary,
,5385,5187861820,-77.087201,38.93547,,,POINT (-77.087201 38.93547),,5206.0,0.0,tertiary,
,5386,5187861819,-77.087367,38.935585,,,POINT (-77.087367 38.935585),,5207.0,0.0,tertiary,
,5387,4000997626,-77.0097149,38.9312669,,,POINT (-77.0097149 38.9312669),,5208.0,0.0,primary,
,5390,49742232,-77.1090901,38.9263946,,,POINT (-77.1090901 38.9263946),,5211.0,0.0,primary,
,5391,49799293,-77.0741137,38.9125897,,,POINT (-77.0741137 38.9125897),,5212.0,0.0,secondary,
,5392,11576283904,-77.0744936,38.9125997,,,POINT (-77.0744936 38.9125997),,5213.0,0.0,secondary,
,5393,49799301,-77.0755506,38.9126267,,,POINT (-77.0755506 38.9126267),,5214.0,0.0,secondary,
,5394,593061434,-77.0783483,38.9126964,,,POINT (-77.0783483 38.9126964),,5215.0,0.0,secondary,
,5395,4630096897,-77.0787229,38.9127013,,,POINT (-77.0787229 38.9127013),,5216.0,0.0,secondary,
,5396,49795945,-76.9807589,38.8828438,,,POINT (-76.9807589 38.8828438),,5217.0,0.0,secondary,
,5397,642701813,-76.9772498,38.8877909,,,POINT (-76.9772498 38.8877909),,5218.0,0.0,secondary,
,5398,49841195,-76.9772509,38.8894316,,,POINT (-76.9772509 38.8894316),,5219.0,0.0,secondary,
,5399,9590973388,-76.9770644,38.8898628,,,POINT (-76.9770644 38.8898628),,5220.0,0.0,secondary,
,5400,49759105,-76.9767193,38.8899253,,,POINT (-76.9767193 38.8899253),,5221.0,0.0,secondary,
,5401,49850744,-76.9765149,38.8876001,,,POINT (-76.9765149 38.8876001),,5222.0,0.0,primary,
,5402,49742200,-77.1067332,38.9245647,,,POINT (-77.1067332 38.9245647),,5223.0,0.0,primary,
,5403,1387016383,-77.008534,38.9267235,,,POINT (-77.008534 38.9267235),,5224.0,0.0,secondary,
,5404,49764086,-77.0098406,38.9265547,,,POINT (-77.0098406 38.9265547),,5225.0,0.0,secondary,
,5405,49807110,-76.9883178,38.889791,,,POINT (-76.9883178 38.889791),,5226.0,0.0,primary,
,5406,2594721961,-76.9883178,38.8897131,,,POINT (-76.9883178 38.8897131),,5227.0,0.0,primary,
,5407,9590374879,-76.9883176,38.8896988,,,POINT (-76.9883176 38.8896988),,5228.0,0.0,primary,
,5408,4635984122,-77.0910634,38.9326108,,,POINT (-77.0910634 38.9326108),,5229.0,0.0,secondary,
,5409,641046525,-77.0501082,38.8870245,,,POINT (-77.0501082 38.8870245),,5230.0,0.0,primary,
,5410,9124277576,-77.0500953,38.8869429,,,POINT (-77.0500953 38.8869429),,5231.0,0.0,tertiary,
,5411,646190530,-76.9812059,38.8786835,,,POINT (-76.9812059 38.8786835),,5232.0,0.0,primary,
,5412,4114349602,-76.9856752,38.8802899,,,POINT (-76.9856752 38.8802899),,5233.0,0.0,primary,
,5413,8671087505,-76.980301,38.8782107,,,POINT (-76.980301 38.8782107),,5234.0,0.0,primary,
,5414,4643947825,-76.9910464,38.8778832,,,POINT (-76.9910464 38.8778832),,5235.0,0.0,primary,
,5415,4001028856,-77.0090056,38.9102687,,,POINT (-77.0090056 38.9102687),,5236.0,0.0,primary,
,5416,5441009244,-77.0090058,38.9103104,,,POINT (-77.0090058 38.9103104),,5237.0,0.0,primary,
,5417,647030746,-77.0090105,38.9092273,,,POINT (-77.0090105 38.9092273),,5238.0,0.0,primary,
,5418,647030730,-77.0090993,38.9103802,,,POINT (-77.0090993 38.9103802),,5239.0,0.0,primary,
,5419,49775511,-77.0116863,38.9159488,,,POINT (-77.0116863 38.9159488),,5240.0,0.0,primary,
,5421,1364987326,-77.0126191,38.9154959,,,POINT (-77.0126191 38.9154959),,5242.0,0.0,primary,
,5423,10609107161,-76.9720061,38.9311235,,,POINT (-76.9720061 38.9311235),,5244.0,0.0,primary,
,5424,10609158859,-76.9747236,38.9298307,,,POINT (-76.9747236 38.9298307),,5245.0,0.0,primary,
,5425,9722529581,-76.9750788,38.9296009,,,POINT (-76.9750788 38.9296009),,5246.0,0.0,primary,
,5426,4001037465,-76.9795764,38.927363,,,POINT (-76.9795764 38.927363),,5247.0,0.0,primary,
,5428,1365013781,-76.978491,38.9280195,,,POINT (-76.978491 38.9280195),,5249.0,0.0,primary,
,5429,4629828711,-76.9786968,38.9279223,,,POINT (-76.9786968 38.9279223),,5250.0,0.0,primary,
,5430,49770282,-76.9784236,38.927909,,,POINT (-76.9784236 38.927909),,5251.0,0.0,primary,
,5431,10280331707,-77.0208569,38.8771009,,,POINT (-77.0208569 38.8771009),,5252.0,0.0,primary,
,5432,3000324008,-77.0222576,38.8783633,,,POINT (-77.0222576 38.8783633),,5253.0,0.0,primary,
,5433,655662495,-77.0253469,38.8806239,,,POINT (-77.0253469 38.8806239),,5254.0,0.0,primary,
,5435,655662381,-77.0244021,38.8800494,,,POINT (-77.0244021 38.8800494),,5256.0,0.0,primary,
,5436,4629759445,-77.0049874,38.9088263,,,POINT (-77.0049874 38.9088263),,5257.0,0.0,trunk,
,5437,3279428919,-77.0050557,38.9088042,,,POINT (-77.0050557 38.9088042),,5258.0,0.0,trunk,
,5438,49774098,-76.988308,38.9002017,,,POINT (-76.988308 38.9002017),,5259.0,0.0,primary,
,5439,1125625360,-76.9888448,38.900201,,,POINT (-76.9888448 38.900201),,5260.0,0.0,primary,
,5440,4001052321,-77.0336403,38.8930581,,,POINT (-77.0336403 38.8930581),,5261.0,0.0,secondary,
,5441,3027855117,-77.0336405,38.8943449,,,POINT (-77.0336405 38.8943449),,5262.0,0.0,secondary,
,5442,49762221,-77.0336257,38.8983204,,,POINT (-77.0336257 38.8983204),,5263.0,0.0,secondary,
,5443,3007042409,-77.0485205,38.8871817,,,POINT (-77.0485205 38.8871817),,5264.0,0.0,primary,
,5444,10014127948,-77.0499438,38.8872363,,,POINT (-77.0499438 38.8872363),,5265.0,0.0,primary,
,5446,4630065211,-77.0083375,38.9076518,,,POINT (-77.0083375 38.9076518),,5267.0,0.0,trunk,
,5447,4001054376,-77.008879,38.9074643,,,POINT (-77.008879 38.9074643),,5268.0,0.0,trunk,
,5448,3005689822,-77.0351483,38.8921024,,,POINT (-77.0351483 38.8921024),,5269.0,0.0,trunk,
,5449,520055377,-77.0346025,38.8921019,,,POINT (-77.0346025 38.8921019),,5270.0,0.0,trunk,
,5450,1466413615,-76.9588487,38.8559049,,,POINT (-76.9588487 38.8559049),,5271.0,0.0,trunk,
,5451,49833678,-76.9587892,38.8557458,,,POINT (-76.9587892 38.8557458),,5272.0,0.0,trunk,
,5452,49833650,-76.958914,38.8594191,,,POINT (-76.958914 38.8594191),,5273.0,0.0,trunk,
,5453,4633108828,-76.9589146,38.8591883,,,POINT (-76.9589146 38.8591883),,5274.0,0.0,trunk,
,5454,49833682,-76.958604,38.855406,,,POINT (-76.958604 38.855406),,5275.0,0.0,trunk,
,5455,4629640905,-76.9728656,38.9167566,,,POINT (-76.9728656 38.9167566),,5276.0,0.0,primary,
,5456,4114221353,-76.9936966,38.9161771,,,POINT (-76.9936966 38.9161771),,5277.0,0.0,primary,
,5457,1366288790,-76.9936988,38.9162318,,,POINT (-76.9936988 38.9162318),,5278.0,0.0,primary,
,5458,7554685701,-76.9936833,38.9169322,,,POINT (-76.9936833 38.9169322),,5279.0,0.0,primary,
,5459,49770179,-76.9995285,38.9201841,,,POINT (-76.9995285 38.9201841),,5280.0,0.0,primary,
,5460,4114319138,-77.0001509,38.9199558,,,POINT (-77.0001509 38.9199558),,5281.0,0.0,primary,
,5461,4001130188,-77.0289735,38.8920942,,,POINT (-77.0289735 38.8920942),,5282.0,0.0,trunk,
,5462,4001144763,-77.0319541,38.8963892,,,POINT (-77.0319541 38.8963892),,5283.0,0.0,primary,
,5463,4001144764,-77.0319533,38.896968,,,POINT (-77.0319533 38.896968),,5284.0,0.0,primary,
,5464,4001144765,-77.0319501,38.8978262,,,POINT (-77.0319501 38.8978262),,5285.0,0.0,primary,
,5465,49745629,-77.0319545,38.8983234,,,POINT (-77.0319545 38.8983234),,5286.0,0.0,primary,
,5467,49745618,-77.0319581,38.8946307,,,POINT (-77.0319581 38.8946307),,5288.0,0.0,primary,
,5468,3103265165,-77.029622,38.8982115,,,POINT (-77.029622 38.8982115),,5289.0,0.0,secondary,
,5469,49762210,-77.029622,38.8983213,,,POINT (-77.029622 38.8983213),,5290.0,0.0,secondary,
,5470,9901820086,-77.0296224,38.8978582,,,POINT (-77.0296224 38.8978582),,5291.0,0.0,secondary,
,5471,49730313,-76.980233,38.907959,,,POINT (-76.980233 38.907959),,5292.0,0.0,secondary,
,5472,4643900138,-76.9797802,38.9076506,,,POINT (-76.9797802 38.9076506),,5293.0,0.0,secondary,
,5473,1499921562,-76.9794721,38.9073675,,,POINT (-76.9794721 38.9073675),,5294.0,0.0,secondary,
,5474,5563919716,-76.9791523,38.906787,,,POINT (-76.9791523 38.906787),,5295.0,0.0,primary,
,5475,1499921548,-76.9795828,38.9076523,,,POINT (-76.9795828 38.9076523),,5296.0,0.0,secondary,
,5476,3010500914,-77.026048,38.894262,,,POINT (-77.026048 38.894262),,5297.0,0.0,tertiary,
,5477,3013359741,-77.0260468,38.8940286,,,POINT (-77.0260468 38.8940286),,5298.0,0.0,tertiary,
10th St NW & Pennsylvania Ave NW,5479,11227525657,-77.0260715,38.893398,,,POINT (-77.0260715 38.893398),,5300.0,0.0,tertiary,
,5480,49773526,-77.0270391,38.8961365,,,POINT (-77.0270391 38.8961365),,5301.0,0.0,secondary,
,5481,4001167198,-77.0264182,38.8961383,,,POINT (-77.0264182 38.8961383),,5302.0,0.0,tertiary,
,5482,3013359756,-77.026113,38.8961406,,,POINT (-77.026113 38.8961406),,5303.0,0.0,tertiary,
,5483,2314446381,-77.0252147,38.8961447,,,POINT (-77.0252147 38.8961447),,5304.0,0.0,tertiary,
,5484,4001167199,-77.0286383,38.8961411,,,POINT (-77.0286383 38.8961411),,5305.0,0.0,tertiary,
,5485,3013359525,-77.0258783,38.8961442,,,POINT (-77.0258783 38.8961442),,5306.0,0.0,tertiary,
,5486,3016605388,-77.0281072,38.8961388,,,POINT (-77.0281072 38.8961388),,5307.0,0.0,tertiary,
,5487,642317523,-76.9882272,38.8682338,,,POINT (-76.9882272 38.8682338),,5308.0,0.0,secondary,
,5488,4635808687,-76.9887554,38.8671398,,,POINT (-76.9887554 38.8671398),,5309.0,0.0,secondary,
,5489,49730820,-76.988888,38.866832,,,POINT (-76.988888 38.866832),,5310.0,0.0,secondary,
,5490,49744602,-76.989382,38.865731,,,POINT (-76.989382 38.865731),,5311.0,0.0,secondary,
,5491,49770160,-77.0084839,38.917053,,,POINT (-77.0084839 38.917053),,5312.0,0.0,primary,
,5493,4001175225,-77.0089861,38.9220286,,,POINT (-77.0089861 38.9220286),,5314.0,0.0,primary,
,5494,647043648,-77.0089922,38.9213036,,,POINT (-77.0089922 38.9213036),,5315.0,0.0,primary,
,5495,3012535021,-77.0258173,38.8944809,,,POINT (-77.0258173 38.8944809),,5316.0,0.0,primary,
,5496,3013484863,-77.0268907,38.8946095,,,POINT (-77.0268907 38.8946095),,5317.0,0.0,primary,
,5499,4001177907,-77.0330224,38.8955661,,,POINT (-77.0330224 38.8955661),,5320.0,0.0,secondary,
,5500,3027731623,-77.0307082,38.8954518,,,POINT (-77.0307082 38.8954518),,5321.0,0.0,primary,
,5501,4114221352,-77.0275667,38.8949652,,,POINT (-77.0275667 38.8949652),,5322.0,0.0,primary,
,5502,3027616067,-77.0301363,38.8955974,,,POINT (-77.0301363 38.8955974),,5323.0,0.0,primary,
,5503,9048014025,-77.0305962,38.8955954,,,POINT (-77.0305962 38.8955954),,5324.0,0.0,primary,
,5504,4629849082,-77.0312142,38.8954554,,,POINT (-77.0312142 38.8954554),,5325.0,0.0,primary,
,5505,9048014026,-77.0309322,38.8954569,,,POINT (-77.0309322 38.8954569),,5326.0,0.0,primary,
,5506,3027738436,-77.030788,38.8954493,,,POINT (-77.030788 38.8954493),,5327.0,0.0,primary,
,5507,3027616038,-77.0296712,38.8955308,,,POINT (-77.0296712 38.8955308),,5328.0,0.0,primary,
,5508,49813454,-77.0296249,38.9201541,,,POINT (-77.0296249 38.9201541),,5329.0,0.0,tertiary,
,5509,49813480,-77.029705,38.922427,,,POINT (-77.029705 38.922427),,5330.0,0.0,tertiary,
,5510,6348198848,-77.0353036,38.9232231,,,POINT (-77.0353036 38.9232231),,5331.0,0.0,tertiary,
,5511,9644431466,-77.0350393,38.9191962,,,POINT (-77.0350393 38.9191962),,5332.0,0.0,tertiary,
,5513,49843005,-77.0364983,38.9191489,,,POINT (-77.0364983 38.9191489),,5334.0,0.0,primary,
,5516,1243974139,-77.0446719,38.9100733,,,POINT (-77.0446719 38.9100733),,5337.0,0.0,primary,
,5517,12169327894,-77.0447232,38.9100915,,,POINT (-77.0447232 38.9100915),,5338.0,0.0,primary,
,5518,12756673649,-77.0219185,38.8977716,,,POINT (-77.0219185 38.8977716),,5339.0,0.0,secondary,
,5519,49762191,-77.0219193,38.8984582,,,POINT (-77.0219193 38.8984582),,5340.0,0.0,secondary,
,5520,10316346003,-77.0219186,38.894219,,,POINT (-77.0219186 38.894219),,5341.0,0.0,secondary,
,5521,3669554866,-77.0239818,38.8990601,,,POINT (-77.0239818 38.8990601),,5342.0,0.0,primary,
,5522,3669554865,-77.0239758,38.8998228,,,POINT (-77.0239758 38.8998228),,5343.0,0.0,secondary,
,5523,4001199047,-77.0239709,38.8927251,,,POINT (-77.0239709 38.8927251),,5344.0,0.0,primary,
,5524,4114349604,-77.0239709,38.8943975,,,POINT (-77.0239709 38.8943975),,5345.0,0.0,primary,
,5526,4001201375,-77.0434767,38.892817,,,POINT (-77.0434767 38.892817),,5347.0,0.0,primary,
,5527,49748779,-77.0434704,38.8921077,,,POINT (-77.0434704 38.8921077),,5348.0,0.0,trunk,
,5528,49783221,-76.967294,38.937801,,,POINT (-76.967294 38.937801),,5349.0,0.0,tertiary,
,5529,4001208929,-76.9632748,38.9353288,,,POINT (-76.9632748 38.9353288),,5350.0,0.0,primary,
,5530,3657249995,-76.9634795,38.9352304,,,POINT (-76.9634795 38.9352304),,5351.0,0.0,secondary,
,5531,4001208930,-76.9627958,38.9355546,,,POINT (-76.9627958 38.9355546),,5352.0,1.0,primary,
,5532,4001216651,-76.9556179,38.9321849,,,POINT (-76.9556179 38.9321849),,5353.0,2.0,primary,
,5533,49748212,-77.0161866,38.9013319,,,POINT (-77.0161866 38.9013319),,5354.0,0.0,primary,
,5534,2899430534,-77.0161926,38.9002676,,,POINT (-77.0161926 38.9002676),,5355.0,0.0,primary,
,5535,4001227936,-77.0229649,38.8935254,,,POINT (-77.0229649 38.8935254),,5356.0,0.0,primary,
,5536,4001227934,-77.0213556,38.8932443,,,POINT (-77.0213556 38.8932443),,5357.0,0.0,primary,
,5537,49824145,-77.043525,38.927845,,,POINT (-77.043525 38.927845),,5358.0,0.0,primary,
,5538,12520587441,-77.0862819,38.9381303,,,POINT (-77.0862819 38.9381303),,5359.0,0.0,primary,
,5539,12520587446,-77.0855064,38.9377173,,,POINT (-77.0855064 38.9377173),,5360.0,0.0,primary,
,5540,49777386,-77.0863268,38.9377446,,,POINT (-77.0863268 38.9377446),,5361.0,0.0,primary,
,5541,49777393,-77.0862545,38.9376578,,,POINT (-77.0862545 38.9376578),,5362.0,0.0,primary,
,5542,49800282,-77.0259864,38.9035883,,,POINT (-77.0259864 38.9035883),,5363.0,0.0,primary,
14th St NW & I St NW,5543,11234143713,-77.0319507,38.9011294,,,POINT (-77.0319507 38.9011294),,5364.0,0.0,primary,
,5544,638762021,-77.0319506,38.9007709,,,POINT (-77.0319506 38.9007709),,5365.0,0.0,primary,
,5545,12171149426,-77.0167363,38.8299351,,,POINT (-77.0167363 38.8299351),,5366.0,0.0,tertiary,
,5546,12171142198,-77.0173964,38.8277633,,,POINT (-77.0173964 38.8277633),,5367.0,0.0,tertiary,
,5547,3001019033,-77.0235189,38.8961357,,,POINT (-77.0235189 38.8961357),,5368.0,0.0,secondary,
,5548,3012535144,-77.0229714,38.896138,,,POINT (-77.0229714 38.896138),,5369.0,0.0,secondary,
,5549,4001248778,-77.021782,38.8961371,,,POINT (-77.021782 38.8961371),,5370.0,0.0,secondary,
,5550,4001248779,-77.0194494,38.8961308,,,POINT (-77.0194494 38.8961308),,5371.0,0.0,secondary,
,5551,4001248777,-77.0220447,38.8961368,,,POINT (-77.0220447 38.8961368),,5372.0,0.0,secondary,
,5552,49828949,-77.050351,38.9234605,,,POINT (-77.050351 38.9234605),,5373.0,0.0,secondary,
,5553,49787857,-77.0525613,38.9231702,,,POINT (-77.0525613 38.9231702),,5374.0,0.0,primary,
,5554,4001261917,-77.0206589,38.8973452,,,POINT (-77.0206589 38.8973452),,5375.0,0.0,tertiary,
,5555,4001261918,-77.021329,38.8973425,,,POINT (-77.021329 38.8973425),,5376.0,0.0,tertiary,
,5556,4001261919,-77.0234265,38.8984681,,,POINT (-77.0234265 38.8984681),,5377.0,0.0,tertiary,
,5557,4629686313,-77.0090466,38.9555388,,,POINT (-77.0090466 38.9555388),,5378.0,0.0,primary,
,5558,4001269618,-76.9368704,38.8898926,,,POINT (-76.9368704 38.8898926),,5379.0,0.0,primary,
,5559,1484269578,-76.9375389,38.8898958,,,POINT (-76.9375389 38.8898958),,5380.0,0.0,primary,
,5560,49739981,-77.0430624,38.9231787,,,POINT (-77.0430624 38.9231787),,5381.0,0.0,secondary,
,5561,8411842733,-76.9378159,38.8896597,,,POINT (-76.9378159 38.8896597),,5382.0,0.0,primary,
,5562,9097753200,-76.9375573,38.8896579,,,POINT (-76.9375573 38.8896579),,5383.0,0.0,primary,
,5563,4001279997,-77.086244,38.960386,,,POINT (-77.086244 38.960386),,5384.0,0.0,primary,
,5564,747819125,-77.0865553,38.9601439,,,POINT (-77.0865553 38.9601439),,5385.0,0.0,primary,
,5565,4001279996,-77.0871233,38.9597022,,,POINT (-77.0871233 38.9597022),,5386.0,0.0,primary,
,5566,49768258,-77.0875781,38.9593484,,,POINT (-77.0875781 38.9593484),,5387.0,0.0,primary,
,5567,4629833264,-77.0861458,38.9604624,,,POINT (-77.0861458 38.9604624),,5388.0,0.0,primary,
,5568,12466174901,-77.0858889,38.9606036,,,POINT (-77.0858889 38.9606036),,5389.0,0.0,primary,
,5569,3657251451,-77.0857097,38.9607404,,,POINT (-77.0857097 38.9607404),,5390.0,0.0,primary,
,5570,4001279998,-77.0859876,38.9611688,,,POINT (-77.0859876 38.9611688),,5391.0,1.0,primary,
,5571,12466174902,-77.0858804,38.9609259,,,POINT (-77.0858804 38.9609259),,5392.0,0.0,primary,
,5572,12466174908,-77.0858137,38.960796,,,POINT (-77.0858137 38.960796),,5393.0,0.0,primary,
,5573,12466174907,-77.0857234,38.9608686,,,POINT (-77.0857234 38.9608686),,5394.0,0.0,primary,
,5574,4001279999,-77.0860417,38.9616676,,,POINT (-77.0860417 38.9616676),,5395.0,-1.0,primary,
,5575,4001280025,-76.9893021,38.8445225,,,POINT (-76.9893021 38.8445225),,5396.0,0.0,secondary,
,5576,4633392663,-76.9889799,38.8445985,,,POINT (-76.9889799 38.8445985),,5397.0,0.0,secondary,
,5577,4001279332,-77.0425578,38.9222982,,,POINT (-77.0425578 38.9222982),,5398.0,0.0,secondary,
,5578,49759949,-77.0196725,38.9776237,,,POINT (-77.0196725 38.9776237),,5399.0,0.0,secondary,
,5579,616383737,-77.0188613,38.978167,,,POINT (-77.0188613 38.978167),,5400.0,0.0,secondary,
,5580,3608382607,-77.0525332,38.9617218,,,POINT (-77.0525332 38.9617218),,5401.0,0.0,primary,
,5581,4001300837,-77.0418003,38.9200355,,,POINT (-77.0418003 38.9200355),,5402.0,0.0,secondary,
,5582,9598651658,-77.0422016,38.9212526,,,POINT (-77.0422016 38.9212526),,5403.0,0.0,secondary,
,5584,4001308006,-77.0364137,38.9716895,,,POINT (-77.0364137 38.9716895),,5405.0,0.0,primary,
,5585,2765102980,-77.0364171,38.9707226,,,POINT (-77.0364171 38.9707226),,5406.0,0.0,primary,
,5586,4001308004,-77.0364189,38.9701869,,,POINT (-77.0364189 38.9701869),,5407.0,0.0,primary,
,5587,4001308008,-77.0364051,38.9734579,,,POINT (-77.0364051 38.9734579),,5408.0,0.0,primary,
,5588,2765102985,-77.0364105,38.9731277,,,POINT (-77.0364105 38.9731277),,5409.0,0.0,primary,
,5589,2765102984,-77.0364144,38.9715078,,,POINT (-77.0364144 38.9715078),,5410.0,0.0,primary,
,5590,4001308001,-77.0363267,38.9685906,,,POINT (-77.0363267 38.9685906),,5411.0,0.0,primary,
,5591,49843167,-77.0363261,38.9687549,,,POINT (-77.0363261 38.9687549),,5412.0,0.0,primary,
,5592,4001308007,-77.0364125,38.9726171,,,POINT (-77.0364125 38.9726171),,5413.0,0.0,primary,
,5593,8921377857,-77.0364074,38.9736227,,,POINT (-77.0364074 38.9736227),,5414.0,0.0,primary,
,5594,4001308002,-77.0364223,38.9692079,,,POINT (-77.0364223 38.9692079),,5415.0,0.0,primary,
,5595,2765102976,-77.0364229,38.9690383,,,POINT (-77.0364229 38.9690383),,5416.0,0.0,primary,
,5596,8922029099,-77.0364161,38.9710154,,,POINT (-77.0364161 38.9710154),,5417.0,0.0,primary,
,5597,4001308003,-77.0363234,38.9695008,,,POINT (-77.0363234 38.9695008),,5418.0,0.0,primary,
,5598,49822671,-77.0363226,38.9697217,,,POINT (-77.0363226 38.9697217),,5419.0,0.0,primary,
,5599,49822673,-77.0364206,38.9697214,,,POINT (-77.0364206 38.9697214),,5420.0,0.0,primary,
,5600,8671213082,-77.0364219,38.9693427,,,POINT (-77.0364219 38.9693427),,5421.0,0.0,primary,
,5601,8935976074,-77.0363236,38.9694362,,,POINT (-77.0363236 38.9694362),,5422.0,0.0,primary,
,5602,4001308005,-77.0364164,38.9709055,,,POINT (-77.0364164 38.9709055),,5423.0,0.0,primary,
,5603,4001307870,-77.0416477,38.9193741,,,POINT (-77.0416477 38.9193741),,5424.0,0.0,secondary,
,5604,3744956561,-77.0177473,38.9748211,,,POINT (-77.0177473 38.9748211),,5425.0,0.0,secondary,
,5605,4001314114,-77.0416513,38.9175187,,,POINT (-77.0416513 38.9175187),,5426.0,0.0,secondary,
,5606,49837617,-77.0416518,38.9178248,,,POINT (-77.0416518 38.9178248),,5427.0,0.0,secondary,
,5607,4001314115,-77.0416536,38.9181299,,,POINT (-77.0416536 38.9181299),,5428.0,0.0,secondary,
,5608,9598520077,-77.0416474,38.918466,,,POINT (-77.0416474 38.918466),,5429.0,0.0,secondary,
,5609,4001320527,-77.0364534,38.9594968,,,POINT (-77.0364534 38.9594968),,5430.0,0.0,primary,
,5610,49789647,-77.0363229,38.9677914,,,POINT (-77.0363229 38.9677914),,5431.0,0.0,primary,
,5611,4001320537,-77.0363233,38.9676207,,,POINT (-77.0363233 38.9676207),,5432.0,0.0,primary,
,5612,4001320528,-77.0363455,38.9599765,,,POINT (-77.0363455 38.9599765),,5433.0,0.0,primary,
,5613,2765545529,-77.0364433,38.9615193,,,POINT (-77.0364433 38.9615193),,5434.0,0.0,primary,
,5614,4001320531,-77.0364449,38.9610427,,,POINT (-77.0364449 38.9610427),,5435.0,0.0,primary,
,5615,49798094,-77.0363335,38.9608163,,,POINT (-77.0363335 38.9608163),,5436.0,0.0,primary,
,5616,49798096,-77.0364473,38.9608624,,,POINT (-77.0364473 38.9608624),,5437.0,0.0,primary,
,5617,4001320536,-77.0364295,38.9671557,,,POINT (-77.0364295 38.9671557),,5438.0,0.0,primary,
,5618,2765102974,-77.0364304,38.9668993,,,POINT (-77.0364304 38.9668993),,5439.0,0.0,primary,
,5619,4001320529,-77.0364474,38.9604246,,,POINT (-77.0364474 38.9604246),,5440.0,0.0,primary,
,5620,4001320535,-77.0364348,38.9656117,,,POINT (-77.0364348 38.9656117),,5441.0,0.0,primary,
,5621,2765545523,-77.0364475,38.9601818,,,POINT (-77.0364475 38.9601818),,5442.0,0.0,primary,
,5622,8671324100,-77.0364363,38.9651787,,,POINT (-77.0364363 38.9651787),,5443.0,0.0,primary,
,5623,4001320532,-77.0364403,38.9617137,,,POINT (-77.0364403 38.9617137),,5444.0,0.0,primary,
,5624,4001320534,-77.0364368,38.9650306,,,POINT (-77.0364368 38.9650306),,5445.0,0.0,primary,
,5625,4629610571,-77.0364321,38.9663949,,,POINT (-77.0364321 38.9663949),,5446.0,0.0,primary,
,5626,642044479,-77.0084104,38.8462283,,,POINT (-77.0084104 38.8462283),,5447.0,0.0,primary,
,5627,642044481,-77.0084446,38.8459501,,,POINT (-77.0084446 38.8459501),,5448.0,0.0,primary,
,5628,1216870936,-77.0085422,38.845256,,,POINT (-77.0085422 38.845256),,5449.0,0.0,primary,
,5629,11831784025,-77.0085644,38.8450562,,,POINT (-77.0085644 38.8450562),,5450.0,0.0,primary,
,5630,49799940,-77.104503,38.927214,,,POINT (-77.104503 38.927214),,5451.0,0.0,primary,
,5632,11267636269,-77.0236382,38.9318778,,,POINT (-77.0236382 38.9318778),,5453.0,0.0,trunk,
,5633,4635969211,-77.0232825,38.9294116,,,POINT (-77.0232825 38.9294116),,5454.0,0.0,trunk,
,5634,2896016983,-77.0960434,38.9169852,,,POINT (-77.0960434 38.9169852),,5455.0,0.0,secondary,
,5635,49866459,-77.0976283,38.9180732,,,POINT (-77.0976283 38.9180732),,5456.0,0.0,secondary,
,5636,4629813886,-77.0324707,38.9269437,,,POINT (-77.0324707 38.9269437),,5457.0,0.0,secondary,
,5637,49840763,-76.9899677,38.8644852,,,POINT (-76.9899677 38.8644852),,5458.0,0.0,secondary,
,5639,1566485380,-76.946683,38.8981366,,,POINT (-76.946683 38.8981366),,5460.0,0.0,secondary,
,5640,49743216,-77.0930105,38.9150533,,,POINT (-77.0930105 38.9150533),,5461.0,0.0,secondary,
,5641,4635996143,-77.0945494,38.915663,,,POINT (-77.0945494 38.915663),,5462.0,0.0,secondary,
,5642,2921449371,-77.0948102,38.9158259,,,POINT (-77.0948102 38.9158259),,5463.0,0.0,secondary,
,5643,2896016977,-77.0944821,38.9156204,,,POINT (-77.0944821 38.9156204),,5464.0,0.0,secondary,
,5644,4001418396,-77.026446,38.9305415,,,POINT (-77.026446 38.9305415),,5465.0,0.0,secondary,
,5645,2921295150,-77.0264785,38.9307919,,,POINT (-77.0264785 38.9307919),,5466.0,0.0,secondary,
,5646,4001418395,-77.0263029,38.9295598,,,POINT (-77.0263029 38.9295598),,5467.0,0.0,secondary,
,5647,4629813882,-77.0261414,38.9285041,,,POINT (-77.0261414 38.9285041),,5468.0,0.0,secondary,
,5648,49847429,-77.0267575,38.9320008,,,POINT (-77.0267575 38.9320008),,5469.0,0.0,secondary,
,5649,5495854057,-77.0268917,38.9327454,,,POINT (-77.0268917 38.9327454),,5470.0,0.0,secondary,
,5650,49847427,-77.0267199,38.9317728,,,POINT (-77.0267199 38.9317728),,5471.0,0.0,secondary,
,5651,4001421439,-77.0265997,38.9310388,,,POINT (-77.0265997 38.9310388),,5472.0,0.0,secondary,
,5652,49763618,-77.0265646,38.9307836,,,POINT (-77.0265646 38.9307836),,5473.0,0.0,secondary,
,5653,4001421438,-77.0263276,38.9291419,,,POINT (-77.0263276 38.9291419),,5474.0,0.0,secondary,
,5654,49743069,-77.0809149,38.9065784,,,POINT (-77.0809149 38.9065784),,5475.0,0.0,secondary,
,5655,4635907526,-77.0814495,38.90681,,,POINT (-77.0814495 38.90681),,5476.0,0.0,secondary,
,5656,1458888531,-76.9790035,38.9271389,,,POINT (-76.9790035 38.9271389),,5477.0,0.0,tertiary,
,5658,4001434309,-76.9712183,38.9309486,,,POINT (-76.9712183 38.9309486),,5479.0,0.0,primary,
,5659,647241643,-77.0714802,38.9050551,,,POINT (-77.0714802 38.9050551),,5480.0,0.0,primary,
,5660,647241645,-77.0711921,38.9050223,,,POINT (-77.0711921 38.9050223),,5481.0,0.0,primary,
,5661,4365479391,-77.0741962,38.9054559,,,POINT (-77.0741962 38.9054559),,5482.0,0.0,primary,
,5662,647241638,-77.0724976,38.9052581,,,POINT (-77.0724976 38.9052581),,5483.0,0.0,primary,
,5663,4001438057,-77.0736017,38.9054784,,,POINT (-77.0736017 38.9054784),,5484.0,0.0,primary,
,5664,647241861,-77.078321,38.906063,,,POINT (-77.078321 38.906063),,5485.0,0.0,primary,
,5665,49771850,-76.9960468,38.8617175,,,POINT (-76.9960468 38.8617175),,5486.0,0.0,primary,
,5666,1488873880,-77.073811,38.9225476,,,POINT (-77.073811 38.9225476),,5487.0,0.0,tertiary,
,5667,49827464,-77.074697,38.922548,,,POINT (-77.074697 38.922548),,5488.0,0.0,tertiary,
,5668,49810769,-77.0531507,38.8808188,,,POINT (-77.0531507 38.8808188),,5489.0,0.0,motorway,
,5669,3678223274,-77.0590588,38.9183046,,,POINT (-77.0590588 38.9183046),,5490.0,0.0,primary,
,5670,49788221,-77.0595377,38.9186528,,,POINT (-77.0595377 38.9186528),,5491.0,0.0,primary,
,5671,49800451,-77.062832,38.921063,,,POINT (-77.062832 38.921063),,5492.0,0.0,primary,
,5672,49800570,-77.066931,38.924383,,,POINT (-77.066931 38.924383),,5493.0,0.0,primary,
,5673,49769804,-77.0672267,38.9244369,,,POINT (-77.0672267 38.9244369),,5494.0,0.0,primary,
,5674,49751175,-77.06788,38.924752,,,POINT (-77.06788 38.924752),,5495.0,0.0,primary,
,5675,49729205,-77.0663653,38.92432,,,POINT (-77.0663653 38.92432),,5496.0,0.0,primary,
,5676,4630095628,-77.0667248,38.9243588,,,POINT (-77.0667248 38.9243588),,5497.0,0.0,primary,
,5677,49755836,-77.08465,38.911687,,,POINT (-77.08465 38.911687),,5498.0,0.0,secondary,
,5678,4629766441,-77.0848773,38.9119979,,,POINT (-77.0848773 38.9119979),,5499.0,0.0,secondary,
,5679,49778706,-76.9583392,38.9302609,,,POINT (-76.9583392 38.9302609),,5500.0,0.0,primary,
,5680,641119845,-77.0586348,38.9025283,,,POINT (-77.0586348 38.9025283),,5501.0,0.0,motorway,
,5681,1060365691,-77.0628312,38.9060408,,,POINT (-77.0628312 38.9060408),,5502.0,0.0,primary,
,5682,49888797,-77.06286,38.90647,,,POINT (-77.06286 38.90647),,5503.0,0.0,primary,
,5683,4629567003,-77.0628202,38.9055805,,,POINT (-77.0628202 38.9055805),,5504.0,0.0,primary,
,5684,49803595,-77.0634443,38.9076027,,,POINT (-77.0634443 38.9076027),,5505.0,0.0,primary,
,5685,49863186,-77.0630366,38.9068298,,,POINT (-77.0630366 38.9068298),,5506.0,0.0,primary,
,5686,527744158,-77.0106486,38.8765523,,,POINT (-77.0106486 38.8765523),,5507.0,0.0,primary,
,5687,4000971188,-77.0116177,38.8765434,,,POINT (-77.0116177 38.8765434),,5508.0,0.0,primary,
,5688,4001495417,-77.0429805,38.8921077,,,POINT (-77.0429805 38.8921077),,5509.0,0.0,trunk,
,5689,8326360831,-77.0423791,38.8921081,,,POINT (-77.0423791 38.8921081),,5510.0,0.0,trunk,
,5690,49748781,-77.0449355,38.8921069,,,POINT (-77.0449355 38.8921069),,5511.0,0.0,trunk,
,5691,49844377,-76.9939081,38.9220318,,,POINT (-76.9939081 38.9220318),,5512.0,0.0,primary,
,5692,1365013798,-76.9947944,38.9217693,,,POINT (-76.9947944 38.9217693),,5513.0,0.0,primary,
,5693,1365013812,-76.9934279,38.9221832,,,POINT (-76.9934279 38.9221832),,5514.0,0.0,primary,
,5694,4001506052,-76.9994375,38.9200907,,,POINT (-76.9994375 38.9200907),,5515.0,0.0,primary,
,5695,3759564720,-76.99896,38.9202602,,,POINT (-76.99896 38.9202602),,5516.0,0.0,primary,
,5697,11260344024,-77.0436732,38.8935963,,,POINT (-77.0436732 38.8935963),,5518.0,0.0,primary,
,5698,262543404,-77.041938,38.8926819,,,POINT (-77.041938 38.8926819),,5519.0,0.0,primary,
,5699,4001510836,-77.0452733,38.8944789,,,POINT (-77.0452733 38.8944789),,5520.0,0.0,primary,
,5701,49764091,-77.0115754,38.9263279,,,POINT (-77.0115754 38.9263279),,5522.0,0.0,secondary,
,5704,4630137713,-76.9647355,38.9254486,,,POINT (-76.9647355 38.9254486),,5525.0,0.0,primary,
,5706,2428508041,-76.9984518,38.8937756,,,POINT (-76.9984518 38.8937756),,5527.0,0.0,primary,
,5707,2428508079,-76.9983934,38.8939263,,,POINT (-76.9983934 38.8939263),,5528.0,0.0,primary,
,5708,2428508103,-76.998336,38.8940132,,,POINT (-76.998336 38.8940132),,5529.0,0.0,primary,
,5709,9591267007,-77.000638,38.8932355,,,POINT (-77.000638 38.8932355),,5530.0,0.0,primary,
,5710,4001557203,-77.0010705,38.8942213,,,POINT (-77.0010705 38.8942213),,5531.0,0.0,primary,
,5711,4325552563,-77.0336273,38.9024139,,,POINT (-77.0336273 38.9024139),,5532.0,0.0,secondary,
,5712,4001567588,-76.9654984,38.9248624,,,POINT (-76.9654984 38.9248624),,5533.0,0.0,primary,
,5714,49838779,-76.9983429,38.9062368,,,POINT (-76.9983429 38.9062368),,5535.0,0.0,primary,
,5715,8765327250,-76.9982332,38.9064038,,,POINT (-76.9982332 38.9064038),,5536.0,0.0,primary,
,5716,11608939093,-76.9984471,38.9025205,,,POINT (-76.9984471 38.9025205),,5537.0,0.0,secondary,
,5717,11608868922,-76.9984484,38.9025581,,,POINT (-76.9984484 38.9025581),,5538.0,0.0,tertiary,
,5718,4001570045,-76.9984437,38.9020945,,,POINT (-76.9984437 38.9020945),,5539.0,0.0,tertiary,
,5719,4002677279,-77.0501145,38.9041127,,,POINT (-77.0501145 38.9041127),,5540.0,0.0,primary,
,5720,12171103941,-77.050114,38.9038607,,,POINT (-77.050114 38.9038607),,5541.0,0.0,primary,
,5721,1381251658,-77.0553333,38.9025803,,,POINT (-77.0553333 38.9025803),,5542.0,0.0,trunk,
,5722,641108022,-77.0572844,38.9014263,,,POINT (-77.0572844 38.9014263),,5543.0,0.0,primary,
,5723,5678291402,-77.0572738,38.9011204,,,POINT (-77.0572738 38.9011204),,5544.0,0.0,primary,
,5724,520056952,-77.0335071,38.8878528,,,POINT (-77.0335071 38.8878528),,5545.0,0.0,primary,
,5727,49806987,-76.988312,38.9428617,,,POINT (-76.988312 38.9428617),,5548.0,0.0,secondary,
,5728,49883685,-76.9918357,38.88981,,,POINT (-76.9918357 38.88981),,5549.0,0.0,secondary,
,5729,4060172798,-76.9916799,38.8897899,,,POINT (-76.9916799 38.8897899),,5550.0,0.0,secondary,
,5730,9590190368,-76.9915804,38.889951,,,POINT (-76.9915804 38.889951),,5551.0,0.0,secondary,
,5731,4079385849,-76.9561863,38.9295348,,,POINT (-76.9561863 38.9295348),,5552.0,0.0,tertiary,
,5732,4082394063,-77.0385438,38.9317513,,,POINT (-77.0385438 38.9317513),,5553.0,0.0,tertiary,
,5733,49734612,-77.0387795,38.9325374,,,POINT (-77.0387795 38.9325374),,5554.0,0.0,secondary,
,5734,4082394068,-77.0389904,38.9325867,,,POINT (-77.0389904 38.9325867),,5555.0,0.0,secondary,
,5735,4082394065,-77.0388355,38.932356,,,POINT (-77.0388355 38.932356),,5556.0,0.0,tertiary,
,5736,638898885,-76.9787507,38.9071567,,,POINT (-76.9787507 38.9071567),,5557.0,0.0,primary,
,5737,5445845783,-76.9787263,38.9071954,,,POINT (-76.9787263 38.9071954),,5558.0,0.0,primary,
,5738,8935863087,-77.0093535,38.9312681,,,POINT (-77.0093535 38.9312681),,5559.0,0.0,primary,
,5739,3215047381,-77.0005774,38.8935236,,,POINT (-77.0005774 38.8935236),,5560.0,0.0,primary,
,5740,1366288015,-76.9936849,38.9159752,,,POINT (-76.9936849 38.9159752),,5561.0,0.0,primary,
,5741,9048041518,-77.0154564,38.8914424,,,POINT (-77.0154564 38.8914424),,5562.0,0.0,secondary,
,5742,4629247725,-76.9798105,38.8994317,,,POINT (-76.9798105 38.8994317),,5563.0,0.0,primary,
,5743,12171142199,-77.0172715,38.8282195,,,POINT (-77.0172715 38.8282195),,5564.0,0.0,tertiary,
,5744,1489216476,-77.017251,38.8283625,,,POINT (-77.017251 38.8283625),,5565.0,0.0,tertiary,
,5745,3301714558,-77.0299893,38.8955894,,,POINT (-77.0299893 38.8955894),,5566.0,0.0,primary,
,5746,10014127947,-77.0502257,38.8873494,,,POINT (-77.0502257 38.8873494),,5567.0,0.0,primary,
,5747,645963053,-77.0054144,38.908557,,,POINT (-77.0054144 38.908557),,5568.0,0.0,trunk,
,5749,49732017,-76.9760636,38.8876059,,,POINT (-76.9760636 38.8876059),,5570.0,0.0,primary,
,5750,3001754946,-77.0257395,38.8809017,,,POINT (-77.0257395 38.8809017),,5571.0,0.0,primary,
,5751,4100099389,-77.0388576,38.9317292,,,POINT (-77.0388576 38.9317292),,5572.0,-1.0,tertiary,
,5752,8385417339,-77.057509,38.9026247,,,POINT (-77.057509 38.9026247),,5573.0,0.0,primary,
,5753,4124267885,-77.0578476,38.9026257,,,POINT (-77.0578476 38.9026257),,5574.0,0.0,primary,
,5754,49754457,-77.0071753,38.8947967,,,POINT (-77.0071753 38.8947967),,5575.0,0.0,tertiary,
,5755,806520610,-76.9964833,38.9054377,,,POINT (-76.9964833 38.9054377),,5576.0,0.0,primary,
,5756,49767451,-76.9961241,38.9052844,,,POINT (-76.9961241 38.9052844),,5577.0,0.0,primary,
,5757,641112605,-77.0566195,38.9036241,,,POINT (-77.0566195 38.9036241),,5578.0,0.0,primary,
,5758,49800286,-77.026399,38.9037293,,,POINT (-77.026399 38.9037293),,5579.0,0.0,primary,
,5759,10243885954,-77.0219155,38.9037178,,,POINT (-77.0219155 38.9037178),,5580.0,0.0,secondary,
,5761,1381307998,-77.0448909,38.9007094,,,POINT (-77.0448909 38.9007094),,5582.0,0.0,primary,
,5762,1381204541,-77.0448829,38.9013402,,,POINT (-77.0448829 38.9013402),,5583.0,0.0,secondary,
,5764,11261031495,-77.0296265,38.8957195,,,POINT (-77.0296265 38.8957195),,5585.0,0.0,secondary,
,5768,49759145,-77.0070142,38.9595963,,,POINT (-77.0070142 38.9595963),,5589.0,0.0,primary,
,5769,49774382,-77.00391,38.9637684,,,POINT (-77.00391 38.9637684),,5590.0,0.0,primary,
,5770,49723598,-77.033021,38.942932,,,POINT (-77.033021 38.942932),,5591.0,0.0,secondary,
,5771,49789978,-77.062263,38.942016,,,POINT (-77.062263 38.942016),,5592.0,0.0,primary,
,5772,49731467,-77.070977,38.957001,,,POINT (-77.070977 38.957001),,5593.0,0.0,primary,
,5773,49794588,-77.072154,38.959026,,,POINT (-77.072154 38.959026),,5594.0,0.0,primary,
,5774,49754279,-77.0725377,38.9596868,,,POINT (-77.0725377 38.9596868),,5595.0,0.0,primary,
,5775,11255208752,-77.0819087,38.9610182,,,POINT (-77.0819087 38.9610182),,5596.0,0.0,secondary,
,5776,49791736,-77.0365095,38.9155899,,,POINT (-77.0365095 38.9155899),,5597.0,0.0,primary,
,5777,49770703,-77.0384726,38.9155904,,,POINT (-77.0384726 38.9155904),,5598.0,0.0,tertiary,
,5779,12231163370,-77.0090161,38.9033669,,,POINT (-77.0090161 38.9033669),,5600.0,0.0,primary,
,5781,647026148,-77.0091134,38.8995594,,,POINT (-77.0091134 38.8995594),,5602.0,0.0,primary,
,5782,49774079,-76.9995063,38.9002087,,,POINT (-76.9995063 38.9002087),,5603.0,0.0,primary,
,5783,2899430519,-77.0118436,38.8986764,,,POINT (-77.0118436 38.8986764),,5604.0,0.0,primary,
,5785,49742316,-76.9995109,38.8920161,,,POINT (-76.9995109 38.8920161),,5606.0,0.0,secondary,
,5786,49767391,-76.9961808,38.8922285,,,POINT (-76.9961808 38.8922285),,5607.0,0.0,primary,
,5787,12761681008,-76.9696346,38.8740139,,,POINT (-76.9696346 38.8740139),,5608.0,0.0,secondary,
,5788,49830129,-76.9662151,38.8757182,,,POINT (-76.9662151 38.8757182),,5609.0,0.0,secondary,
,5790,10169056002,-77.0182304,38.9135547,,,POINT (-77.0182304 38.9135547),,5611.0,0.0,primary,
,5791,9781314424,-77.0163173,38.9143471,,,POINT (-77.0163173 38.9143471),,5612.0,0.0,primary,
,5793,49774851,-77.008535,38.912592,,,POINT (-77.008535 38.912592),,5614.0,0.0,tertiary,
,5794,3011793790,-77.0084184,38.9129988,,,POINT (-77.0084184 38.9129988),,5615.0,0.0,tertiary,
,5795,3657251453,-77.1006209,38.9491603,,,POINT (-77.1006209 38.9491603),,5616.0,0.0,primary,
,5796,3900798860,-77.099914,38.9496994,,,POINT (-77.099914 38.9496994),,5617.0,0.0,primary,
,5797,3900798864,-77.0943413,38.9540447,,,POINT (-77.0943413 38.9540447),,5618.0,0.0,primary,
,5798,3900798866,-77.0934498,38.9547632,,,POINT (-77.0934498 38.9547632),,5619.0,0.0,primary,
,5799,822984540,-77.0952682,38.9533311,,,POINT (-77.0952682 38.9533311),,5620.0,0.0,primary,
,5800,3900798867,-77.09262,38.955398,,,POINT (-77.09262 38.955398),,5621.0,0.0,primary,
,5801,2778775164,-77.0364658,38.930271,,,POINT (-77.0364658 38.930271),,5622.0,0.0,primary,
,5802,8903139402,-77.0287232,38.9613787,,,POINT (-77.0287232 38.9613787),,5623.0,0.0,primary,
,5803,49825390,-77.0196681,38.9520846,,,POINT (-77.0196681 38.9520846),,5624.0,0.0,tertiary,
,5804,49801242,-77.0142077,38.9576539,,,POINT (-77.0142077 38.9576539),,5625.0,0.0,tertiary,
,5805,49818855,-77.01341,38.9587276,,,POINT (-77.01341 38.9587276),,5626.0,0.0,tertiary,
,5806,4629686314,-77.0090479,38.9571449,,,POINT (-77.0090479 38.9571449),,5627.0,0.0,primary,
,5807,49782602,-77.076087,38.965785,,,POINT (-77.076087 38.965785),,5628.0,0.0,primary,
,5808,3956155328,-77.0761374,38.9658721,,,POINT (-77.0761374 38.9658721),,5629.0,0.0,primary,
,5809,49749154,-77.0781595,38.9667024,,,POINT (-77.0781595 38.9667024),,5630.0,0.0,primary,
,5810,5896029064,-77.0775873,38.9671438,,,POINT (-77.0775873 38.9671438),,5631.0,0.0,primary,
,5811,4964777796,-77.0797812,38.9654134,,,POINT (-77.0797812 38.9654134),,5632.0,0.0,primary,
,5812,49742826,-77.1069315,38.930003,,,POINT (-77.1069315 38.930003),,5633.0,0.0,primary,
,5813,49743089,-77.0863125,38.9088841,,,POINT (-77.0863125 38.9088841),,5634.0,0.0,secondary,
,5814,49743124,-77.0887492,38.910104,,,POINT (-77.0887492 38.910104),,5635.0,0.0,secondary,
,5815,49748784,-77.0480564,38.8921078,,,POINT (-77.0480564 38.8921078),,5636.0,0.0,trunk,
,5816,49748788,-77.0488575,38.8921081,,,POINT (-77.0488575 38.8921081),,5637.0,0.0,trunk,
,5817,4635528613,-77.0472297,38.8921075,,,POINT (-77.0472297 38.8921075),,5638.0,0.0,trunk,
,5818,12169187732,-77.0415778,38.8921072,,,POINT (-77.0415778 38.8921072),,5639.0,0.0,trunk,
,5819,8326360834,-77.0410648,38.8921065,,,POINT (-77.0410648 38.8921065),,5640.0,0.0,trunk,
,5820,647584811,-77.0417159,38.8921072,,,POINT (-77.0417159 38.8921072),,5641.0,0.0,trunk,
,5821,4629703807,-77.0404132,38.8921059,,,POINT (-77.0404132 38.8921059),,5642.0,0.0,trunk,
,5822,12372750305,-77.0394819,38.8899856,,,POINT (-77.0394819 38.8899856),,5643.0,0.0,primary,
,5823,49762184,-77.0521109,38.8981673,,,POINT (-77.0521109 38.8981673),,5644.0,0.0,primary,
,5824,12169205745,-77.0518449,38.8981498,,,POINT (-77.0518449 38.8981498),,5645.0,0.0,primary,
,5825,9771124165,-77.0519227,38.8981886,,,POINT (-77.0519227 38.8981886),,5646.0,0.0,primary,
,5826,9749575150,-77.0519824,38.8980905,,,POINT (-77.0519824 38.8980905),,5647.0,0.0,primary,
,5827,641127592,-77.0515652,38.8978568,,,POINT (-77.0515652 38.8978568),,5648.0,0.0,primary,
,5828,641127807,-77.0570472,38.900448,,,POINT (-77.0570472 38.900448),,5649.0,0.0,primary,
,5829,2136702412,-77.0564496,38.8976575,,,POINT (-77.0564496 38.8976575),,5650.0,0.0,primary,
,5830,2974621123,-77.0441747,38.9111415,,,POINT (-77.0441747 38.9111415),,5651.0,0.0,primary,
,5831,49882275,-77.0431718,38.9090699,,,POINT (-77.0431718 38.9090699),,5652.0,0.0,primary,
,5832,49882269,-77.0429475,38.9091723,,,POINT (-77.0429475 38.9091723),,5653.0,0.0,primary,
,5833,49868179,-77.050958,38.945299,,,POINT (-77.050958 38.945299),,5654.0,0.0,secondary,
,5834,2457606212,-77.0507317,38.9018777,,,POINT (-77.0507317 38.9018777),,5655.0,0.0,secondary,
,5835,3366676351,-77.0161577,38.9571015,,,POINT (-77.0161577 38.9571015),,5656.0,0.0,primary,
,5836,3667950065,-77.0170892,38.9574046,,,POINT (-77.0170892 38.9574046),,5657.0,0.0,primary,
,5837,4270790282,-77.0179269,38.9141776,,,POINT (-77.0179269 38.9141776),,5658.0,0.0,tertiary,
,5838,49841691,-77.0183023,38.9147371,,,POINT (-77.0183023 38.9147371),,5659.0,0.0,primary,
,5839,5443123408,-77.1037427,38.9270259,,,POINT (-77.1037427 38.9270259),,5660.0,0.0,secondary,
,5840,2896020560,-77.1027654,38.9263328,,,POINT (-77.1027654 38.9263328),,5661.0,0.0,secondary,
,5841,5443123403,-77.1036212,38.9271058,,,POINT (-77.1036212 38.9271058),,5662.0,0.0,secondary,
,5842,49764107,-77.0126589,38.926266,,,POINT (-77.0126589 38.926266),,5663.0,0.0,secondary,
,5843,4630049502,-77.0028607,38.9651895,,,POINT (-77.0028607 38.9651895),,5664.0,0.0,primary,
,5844,4629565886,-77.0194325,38.913271,,,POINT (-77.0194325 38.913271),,5665.0,0.0,primary,
,5845,49722787,-77.0270369,38.9140979,,,POINT (-77.0270369 38.9140979),,5666.0,0.0,secondary,
,5846,49731126,-76.9938114,38.9219537,,,POINT (-76.9938114 38.9219537),,5667.0,0.0,primary,
,5847,49742636,-76.9924166,38.9223992,,,POINT (-76.9924166 38.9223992),,5668.0,0.0,primary,
,5848,49853883,-77.0280991,38.9025262,,,POINT (-77.0280991 38.9025262),,5669.0,0.0,trunk,
,5849,49728158,-77.0512354,38.9216007,,,POINT (-77.0512354 38.9216007),,5670.0,0.0,primary,
,5850,49812744,-77.0519351,38.9117504,,,POINT (-77.0519351 38.9117504),,5671.0,0.0,primary,
,5851,10798169734,-77.0560557,38.9048002,,,POINT (-77.0560557 38.9048002),,5672.0,0.0,primary,
,5852,5519663701,-77.0571908,38.9008402,,,POINT (-77.0571908 38.9008402),,5673.0,0.0,primary,
,5853,49741663,-77.0466916,38.8952606,,,POINT (-77.0466916 38.8952606),,5674.0,0.0,primary,
,5854,4635571195,-77.0456368,38.8946868,,,POINT (-77.0456368 38.8946868),,5675.0,0.0,primary,
,5855,4635571198,-77.0495449,38.8960182,,,POINT (-77.0495449 38.8960182),,5676.0,0.0,primary,
,5857,9136682499,-77.0303673,38.9098152,,,POINT (-77.0303673 38.9098152),,5678.0,0.0,secondary,
,5858,5446746057,-77.0285647,38.9096458,,,POINT (-77.0285647 38.9096458),,5679.0,0.0,tertiary,
,5859,9136689231,-77.0287296,38.9096771,,,POINT (-77.0287296 38.9096771),,5680.0,0.0,tertiary,
,5860,11569406868,-77.0287894,38.9096871,,,POINT (-77.0287894 38.9096871),,5681.0,0.0,tertiary,
,5861,11569406867,-77.0289402,38.9097132,,,POINT (-77.0289402 38.9097132),,5682.0,0.0,primary,
,5864,9660139029,-77.0499163,38.9020315,,,POINT (-77.0499163 38.9020315),,5685.0,0.0,primary,
,5865,49845782,-77.053301,38.9052539,,,POINT (-77.053301 38.9052539),,5686.0,0.0,primary,
,5866,4630327650,-77.0482605,38.9113223,,,POINT (-77.0482605 38.9113223),,5687.0,0.0,primary,
,5867,3010649395,-77.0175602,38.8875731,,,POINT (-77.0175602 38.8875731),,5688.0,0.0,primary,
,5868,2793090357,-77.0426397,38.9835035,,,POINT (-77.0426397 38.9835035),,5689.0,0.0,tertiary,
,5869,4331534193,-77.0428602,38.9839241,,,POINT (-77.0428602 38.9839241),,5690.0,0.0,tertiary,
,5870,4331533467,-77.0428433,38.9836155,,,POINT (-77.0428433 38.9836155),,5691.0,0.0,tertiary,
,5871,4331533468,-77.042706,38.983601,,,POINT (-77.042706 38.983601),,5692.0,0.0,tertiary,
,5872,12747782600,-77.0090681,38.8970104,,,POINT (-77.0090681 38.8970104),,5693.0,0.0,secondary,
,5873,647026222,-77.0090205,38.8995595,,,POINT (-77.0090205 38.8995595),,5694.0,0.0,primary,
,5874,49800299,-77.0296276,38.9048511,,,POINT (-77.0296276 38.9048511),,5695.0,0.0,primary,
,5875,8765327249,-76.9981876,38.90617,,,POINT (-76.9981876 38.90617),,5696.0,0.0,primary,
,5876,49842930,-77.0365424,38.9037447,,,POINT (-77.0365424 38.9037447),,5697.0,0.0,primary,
,5877,9136825811,-77.0365408,38.9037959,,,POINT (-77.0365408 38.9037959),,5698.0,0.0,primary,
,5878,1740764624,-77.0385185,38.9026453,,,POINT (-77.0385185 38.9026453),,5699.0,0.0,secondary,
,5880,9692003815,-77.0434691,38.8963851,,,POINT (-77.0434691 38.8963851),,5701.0,0.0,secondary,
,5881,647043622,-77.0089962,38.9116237,,,POINT (-77.0089962 38.9116237),,5702.0,0.0,primary,
,5882,49813234,-77.0564942,38.897259,,,POINT (-77.0564942 38.897259),,5703.0,0.0,primary,
,5883,49777712,-77.0501283,38.8995843,,,POINT (-77.0501283 38.8995843),,5704.0,0.0,primary,
,5884,5445932310,-77.0452939,38.8995821,,,POINT (-77.0452939 38.8995821),,5705.0,0.0,tertiary,
,5885,4629699773,-77.0345827,38.9020984,,,POINT (-77.0345827 38.9020984),,5706.0,0.0,tertiary,
,5886,1365013797,-76.9924154,38.9224952,,,POINT (-76.9924154 38.9224952),,5707.0,0.0,primary,
,5887,3020567923,-77.0042769,38.8608882,,,POINT (-77.0042769 38.8608882),,5708.0,1.0,tertiary,
,5888,4375493982,-77.0039751,38.8607887,,,POINT (-77.0039751 38.8607887),,5709.0,0.0,tertiary,
,5889,10970094020,-77.0037467,38.8607133,,,POINT (-77.0037467 38.8607133),,5710.0,0.0,tertiary,
,5890,4375559574,-77.0100391,38.8452123,,,POINT (-77.0100391 38.8452123),,5711.0,0.0,tertiary,
,5891,4375560302,-77.0102468,38.8452557,,,POINT (-77.0102468 38.8452557),,5712.0,-1.0,tertiary,
,5892,49753688,-77.0102415,38.8451657,,,POINT (-77.0102415 38.8451657),,5713.0,-1.0,tertiary,
,5893,642044485,-77.0087633,38.8450456,,,POINT (-77.0087633 38.8450456),,5714.0,0.0,tertiary,
,5894,4375560289,-77.0090082,38.8450282,,,POINT (-77.0090082 38.8450282),,5715.0,0.0,tertiary,
,5895,4375559558,-77.0095067,38.8450113,,,POINT (-77.0095067 38.8450113),,5716.0,0.0,tertiary,
,5896,4375560322,-77.010239,38.8451223,,,POINT (-77.010239 38.8451223),,5717.0,-1.0,tertiary,
,5897,4375560316,-77.0102428,38.8452118,,,POINT (-77.0102428 38.8452118),,5718.0,-1.0,tertiary,
,5898,4375559540,-77.0102308,38.8449846,,,POINT (-77.0102308 38.8449846),,5719.0,1.0,tertiary,
,5899,4377698903,-77.0109678,38.8451663,,,POINT (-77.0109678 38.8451663),,5720.0,1.0,tertiary,
,5900,4377698901,-77.0111777,38.8454132,,,POINT (-77.0111777 38.8454132),,5721.0,-1.0,tertiary,
,5901,4375560292,-77.0102335,38.84503,,,POINT (-77.0102335 38.84503),,5722.0,1.0,tertiary,
,5902,12171149427,-77.0169543,38.8297616,,,POINT (-77.0169543 38.8297616),,5723.0,0.0,tertiary,
,5904,3998695809,-77.0365029,38.917469,,,POINT (-77.0365029 38.917469),,5725.0,0.0,primary,
,5905,1379495851,-77.0406833,38.9047517,,,POINT (-77.0406833 38.9047517),,5726.0,0.0,primary,
,5906,10175478205,-77.0402928,38.9040763,,,POINT (-77.0402928 38.9040763),,5727.0,0.0,primary,
,5907,4399410098,-76.987828,38.8695305,,,POINT (-76.987828 38.8695305),,5728.0,0.0,motorway,
,5908,4399410101,-76.9878158,38.8691902,,,POINT (-76.9878158 38.8691902),,5729.0,0.0,motorway,
,5909,3378222911,-77.0161918,38.9001084,,,POINT (-77.0161918 38.9001084),,5730.0,0.0,primary,
,5910,1364987323,-77.0157471,38.9144069,,,POINT (-77.0157471 38.9144069),,5731.0,0.0,primary,
,5911,1004759914,-77.0476751,38.9351155,,,POINT (-77.0476751 38.9351155),,5732.0,0.0,primary,
,5912,1004759916,-77.047794,38.9350165,,,POINT (-77.047794 38.9350165),,5733.0,0.0,primary,
,5913,7606522176,-77.0476562,38.9351672,,,POINT (-77.0476562 38.9351672),,5734.0,0.0,secondary,
,5914,49847925,-76.9949643,38.8941953,,,POINT (-76.9949643 38.8941953),,5735.0,0.0,secondary,
,5916,49850651,-77.0059234,38.8876078,,,POINT (-77.0059234 38.8876078),,5737.0,0.0,primary,
,5918,1444897263,-77.0449679,38.8868225,,,POINT (-77.0449679 38.8868225),,5739.0,0.0,primary,
,5919,49873888,-77.07064,38.919198,,,POINT (-77.07064 38.919198),,5740.0,0.0,primary,
,5920,49776916,-77.0714365,38.9201281,,,POINT (-77.0714365 38.9201281),,5741.0,0.0,primary,
,5921,4635882694,-77.0696456,38.9180391,,,POINT (-77.0696456 38.9180391),,5742.0,0.0,primary,
,5922,49797192,-77.0649097,38.9103735,,,POINT (-77.0649097 38.9103735),,5743.0,0.0,primary,
,5923,4635882695,-77.0649527,38.9104537,,,POINT (-77.0649527 38.9104537),,5744.0,0.0,primary,
,5924,4635639614,-77.0544634,38.9040446,,,POINT (-77.0544634 38.9040446),,5745.0,0.0,primary,
,5925,640809773,-77.0547451,38.9041425,,,POINT (-77.0547451 38.9041425),,5746.0,0.0,primary,
,5926,883610474,-77.0754399,38.9055354,,,POINT (-77.0754399 38.9055354),,5747.0,0.0,primary,
,5927,49827853,-77.0670805,38.9050912,,,POINT (-77.0670805 38.9050912),,5748.0,0.0,primary,
,5928,49748395,-77.0678364,38.9050735,,,POINT (-77.0678364 38.9050735),,5749.0,0.0,primary,
,5929,49845726,-77.0416914,38.9056438,,,POINT (-77.0416914 38.9056438),,5750.0,0.0,primary,
,5930,49761658,-77.0743366,38.9514466,,,POINT (-77.0743366 38.9514466),,5751.0,0.0,primary,
,5931,49761664,-77.0737413,38.9521395,,,POINT (-77.0737413 38.9521395),,5752.0,0.0,primary,
,5932,49761668,-77.0736058,38.9523005,,,POINT (-77.0736058 38.9523005),,5753.0,0.0,primary,
,5933,49761675,-77.0722546,38.9538793,,,POINT (-77.0722546 38.9538793),,5754.0,0.0,primary,
,5934,2202286896,-77.0799966,38.9484659,,,POINT (-77.0799966 38.9484659),,5755.0,0.0,primary,
,5935,49822338,-77.0801802,38.9488128,,,POINT (-77.0801802 38.9488128),,5756.0,0.0,primary,
,5936,49889050,-77.0783335,38.9455108,,,POINT (-77.0783335 38.9455108),,5757.0,0.0,primary,
,5937,5445373778,-77.0783965,38.9456242,,,POINT (-77.0783965 38.9456242),,5758.0,0.0,primary,
,5938,12143083687,-77.077464,38.943947,,,POINT (-77.077464 38.943947),,5759.0,0.0,primary,
,5939,49873688,-77.077928,38.944783,,,POINT (-77.077928 38.944783),,5760.0,0.0,primary,
,5940,5445373761,-77.0782329,38.9453305,,,POINT (-77.0782329 38.9453305),,5761.0,0.0,primary,
,5941,49729135,-77.078035,38.943162,,,POINT (-77.078035 38.943162),,5762.0,0.0,secondary,
,5942,49837133,-77.080327,38.943163,,,POINT (-77.080327 38.943163),,5763.0,0.0,secondary,
,5945,49816771,-77.0562607,38.9316951,,,POINT (-77.0562607 38.9316951),,5766.0,0.0,primary,
,5946,8461692431,-77.0040276,38.887614,,,POINT (-77.0040276 38.887614),,5767.0,0.0,primary,
,5947,49850872,-77.00993,38.8875915,,,POINT (-77.00993 38.8875915),,5768.0,0.0,primary,
,5948,2350028596,-77.0101874,38.8875924,,,POINT (-77.0101874 38.8875924),,5769.0,0.0,primary,
,5949,4514939367,-76.9990134,38.8430831,,,POINT (-76.9990134 38.8430831),,5770.0,0.0,secondary,
,5950,1488078480,-76.9998204,38.8431744,,,POINT (-76.9998204 38.8431744),,5771.0,0.0,secondary,
,5951,4514939368,-76.9989024,38.8436898,,,POINT (-76.9989024 38.8436898),,5772.0,0.0,secondary,
,5952,49794626,-77.084846,38.959041,,,POINT (-77.084846 38.959041),,5773.0,0.0,primary,
,5953,12466174906,-77.0856464,38.9606155,,,POINT (-77.0856464 38.9606155),,5774.0,0.0,primary,
,5954,12405568221,-77.0854619,38.9609306,,,POINT (-77.0854619 38.9609306),,5775.0,0.0,primary,
,5955,12466124700,-77.0853009,38.9610543,,,POINT (-77.0853009 38.9610543),,5776.0,0.0,primary,
,5956,12405568217,-77.0852426,38.961099,,,POINT (-77.0852426 38.961099),,5777.0,0.0,primary,
,5957,3001411188,-77.0697449,38.91266,,,POINT (-77.0697449 38.91266),,5778.0,0.0,secondary,
,5958,49751422,-77.0726855,38.9125986,,,POINT (-77.0726855 38.9125986),,5779.0,0.0,secondary,
,5959,49716493,-77.0083541,38.8338471,,,POINT (-77.0083541 38.8338471),,5780.0,0.0,primary,
,5960,4632899997,-77.0079218,38.8317893,,,POINT (-77.0079218 38.8317893),,5781.0,0.0,primary,
,5962,4537001973,-76.9711168,38.917392,,,POINT (-76.9711168 38.917392),,5783.0,0.0,motorway,
,5963,646065246,-76.9713583,38.9172766,,,POINT (-76.9713583 38.9172766),,5784.0,0.0,trunk,
,5965,4807555891,-77.0489105,38.9115495,,,POINT (-77.0489105 38.9115495),,5786.0,0.0,primary,
,5966,9668210022,-77.0416571,38.9171263,,,POINT (-77.0416571 38.9171263),,5787.0,0.0,secondary,
,5967,4561710231,-77.0416579,38.9170404,,,POINT (-77.0416579 38.9170404),,5788.0,0.0,secondary,
,5968,12128376033,-77.0337671,38.9037464,,,POINT (-77.0337671 38.9037464),,5789.0,0.0,secondary,
,5969,49764309,-77.0345773,38.9037448,,,POINT (-77.0345773 38.9037448),,5790.0,0.0,secondary,
,5970,4643925575,-76.9921711,38.8777569,,,POINT (-76.9921711 38.8777569),,5791.0,0.0,motorway,
,5971,633969379,-77.0449331,38.9151035,,,POINT (-77.0449331 38.9151035),,5792.0,0.0,primary,
,5972,12218112976,-77.0456755,38.914679,,,POINT (-77.0456755 38.914679),,5793.0,0.0,primary,
,5974,641116278,-77.0448669,38.9026464,,,POINT (-77.0448669 38.9026464),,5795.0,0.0,tertiary,
,5975,9642375295,-77.0449012,38.903394,,,POINT (-77.0449012 38.903394),,5796.0,0.0,tertiary,
,5976,641116293,-77.0488179,38.902649,,,POINT (-77.0488179 38.902649),,5797.0,0.0,primary,
,5977,10246461114,-77.048815,38.9035398,,,POINT (-77.048815 38.9035398),,5798.0,0.0,primary,
,5978,49796993,-77.0239682,38.9111391,,,POINT (-77.0239682 38.9111391),,5799.0,0.0,primary,
,5979,11261031480,-77.0385142,38.9036293,,,POINT (-77.0385142 38.9036293),,5800.0,0.0,secondary,
,5980,11261031475,-77.0385135,38.9037367,,,POINT (-77.0385135 38.9037367),,5801.0,0.0,secondary,
,5981,5445789489,-77.043459,38.903205,,,POINT (-77.043459 38.903205),,5802.0,0.0,secondary,
,5983,9136839220,-77.0399519,38.9037963,,,POINT (-77.0399519 38.9037963),,5804.0,0.0,primary,
,5984,49774794,-77.0405191,38.9047623,,,POINT (-77.0405191 38.9047623),,5805.0,0.0,primary,
,5985,12169205719,-77.0501424,38.8968962,,,POINT (-77.0501424 38.8968962),,5806.0,0.0,primary,
,5986,641127594,-77.050144,38.8970395,,,POINT (-77.050144 38.8970395),,5807.0,0.0,primary,
,5987,49756342,-77.087388,38.935597,,,POINT (-77.087388 38.935597),,5808.0,0.0,tertiary,
,5988,49758159,-76.9730324,38.8983688,,,POINT (-76.9730324 38.8983688),,5809.0,0.0,primary,
,5989,4629247726,-76.972586,38.8982904,,,POINT (-76.972586 38.8982904),,5810.0,0.0,primary,
,5990,4629247727,-76.9709077,38.8980032,,,POINT (-76.9709077 38.8980032),,5811.0,0.0,primary,
,5992,5343233826,-76.9789373,38.9068605,,,POINT (-76.9789373 38.9068605),,5813.0,0.0,primary,
,5993,5564258806,-76.9825677,38.901239,,,POINT (-76.9825677 38.901239),,5814.0,0.0,primary,
,5994,5564258808,-76.982032,38.9020622,,,POINT (-76.982032 38.9020622),,5815.0,0.0,primary,
,5995,5564258810,-76.9819564,38.902182,,,POINT (-76.9819564 38.902182),,5816.0,0.0,primary,
,5996,49778454,-76.9809887,38.9037453,,,POINT (-76.9809887 38.9037453),,5817.0,0.0,primary,
,5997,4629272933,-77.0279706,38.9617132,,,POINT (-77.0279706 38.9617132),,5818.0,0.0,trunk,
,5998,49789362,-77.028031,38.961014,,,POINT (-77.028031 38.961014),,5819.0,0.0,trunk,
,5999,4629298560,-77.0278593,38.963077,,,POINT (-77.0278593 38.963077),,5820.0,0.0,trunk,
,6000,2953112036,-77.0278318,38.9634236,,,POINT (-77.0278318 38.9634236),,5821.0,0.0,trunk,
,6001,4629272934,-77.0280652,38.9605675,,,POINT (-77.0280652 38.9605675),,5822.0,0.0,trunk,
,6002,49789369,-77.027889,38.9627024,,,POINT (-77.027889 38.9627024),,5823.0,0.0,trunk,
,6003,1362253291,-77.0279202,38.9623163,,,POINT (-77.0279202 38.9623163),,5824.0,0.0,trunk,
,6004,49759864,-77.0261612,38.968334,,,POINT (-77.0261612 38.968334),,5825.0,0.0,secondary,
,6005,4629696954,-77.020225,38.9769865,,,POINT (-77.020225 38.9769865),,5826.0,0.0,secondary,
,6006,4629561409,-77.0207136,38.976292,,,POINT (-77.0207136 38.976292),,5827.0,0.0,secondary,
,6007,49759930,-77.020544,38.976528,,,POINT (-77.020544 38.976528),,5828.0,0.0,secondary,
,6008,3214044595,-77.0623528,38.9051855,,,POINT (-77.0623528 38.9051855),,5829.0,0.0,primary,
,6009,4629569912,-76.9898068,38.902582,,,POINT (-76.9898068 38.902582),,5830.0,0.0,primary,
,6010,1375406091,-76.9895653,38.9024881,,,POINT (-76.9895653 38.9024881),,5831.0,0.0,primary,
,6013,4629582426,-77.0161248,38.9720056,,,POINT (-77.0161248 38.9720056),,5834.0,0.0,secondary,
,6014,6896130165,-77.0520649,38.8885879,,,POINT (-77.0520649 38.8885879),,5835.0,0.0,primary,
,6015,6899032825,-77.0588784,38.8861159,,,POINT (-77.0588784 38.8861159),,5836.0,0.0,primary,
,6016,4629595032,-77.0084559,38.9267311,,,POINT (-77.0084559 38.9267311),,5837.0,0.0,secondary,
,6017,1387016756,-77.008043,38.9267767,,,POINT (-77.008043 38.9267767),,5838.0,0.0,secondary,
,6020,4629601097,-76.9781926,38.9171727,,,POINT (-76.9781926 38.9171727),,5841.0,0.0,trunk,
,6021,49719230,-76.9785401,38.9171666,,,POINT (-76.9785401 38.9171666),,5842.0,0.0,trunk,
,6022,4629601099,-76.977964,38.9175436,,,POINT (-76.977964 38.9175436),,5843.0,0.0,secondary,
,6023,49719262,-76.9777995,38.9173625,,,POINT (-76.9777995 38.9173625),,5844.0,0.0,secondary,
,6025,4629601101,-76.9781046,38.91729,,,POINT (-76.9781046 38.91729),,5846.0,0.0,trunk,
,6026,8922387777,-77.0364344,38.965722,,,POINT (-77.0364344 38.965722),,5847.0,0.0,primary,
,6027,3376996964,-76.9730618,38.9165143,,,POINT (-76.9730618 38.9165143),,5848.0,0.0,primary,
,6028,5445734319,-76.9729987,38.9165874,,,POINT (-76.9729987 38.9165874),,5849.0,0.0,primary,
,6029,4629640906,-76.991715,38.9133135,,,POINT (-76.991715 38.9133135),,5850.0,0.0,trunk,
,6030,10609112422,-76.9919859,38.9122794,,,POINT (-76.9919859 38.9122794),,5851.0,0.0,primary,
,6031,8932901875,-76.9699036,38.917407,,,POINT (-76.9699036 38.917407),,5852.0,0.0,motorway,
,6032,1366261589,-76.972651,38.9174311,,,POINT (-76.972651 38.9174311),,5853.0,0.0,trunk,
,6035,2178941225,-77.0480662,38.8871648,,,POINT (-77.0480662 38.8871648),,5856.0,0.0,primary,
,6036,2594739002,-77.0430754,38.8870094,,,POINT (-77.0430754 38.8870094),,5857.0,0.0,primary,
,6037,10016852534,-77.0447512,38.8870352,,,POINT (-77.0447512 38.8870352),,5858.0,0.0,primary,
,6038,1364987324,-77.0142633,38.9149189,,,POINT (-77.0142633 38.9149189),,5859.0,0.0,primary,
,6039,4629656098,-77.0146507,38.9147905,,,POINT (-77.0146507 38.9147905),,5860.0,0.0,primary,
,6040,4629660609,-76.9917123,38.9189945,,,POINT (-76.9917123 38.9189945),,5861.0,0.0,primary,
,6041,10609116650,-76.9934722,38.9175021,,,POINT (-76.9934722 38.9175021),,5862.0,0.0,primary,
,6042,4629744989,-76.9932745,38.9176752,,,POINT (-76.9932745 38.9176752),,5863.0,0.0,primary,
,6043,49858138,-76.9935341,38.917448,,,POINT (-76.9935341 38.917448),,5864.0,0.0,primary,
,6044,49789165,-77.0218962,38.9168019,,,POINT (-77.0218962 38.9168019),,5865.0,0.0,trunk,
,6045,49766668,-77.0090467,38.955699,,,POINT (-77.0090467 38.955699),,5866.0,0.0,primary,
,6046,49789018,-77.000275,38.955294,,,POINT (-77.000275 38.955294),,5867.0,0.0,primary,
,6047,1502527055,-77.0004381,38.9554099,,,POINT (-77.0004381 38.9554099),,5868.0,0.0,primary,
,6048,8671718498,-77.0009132,38.955875,,,POINT (-77.0009132 38.955875),,5869.0,0.0,primary,
,6051,4629686316,-77.0012601,38.9585297,,,POINT (-77.0012601 38.9585297),,5872.0,0.0,primary,
,6052,1502527387,-77.0042147,38.9559356,,,POINT (-77.0042147 38.9559356),,5873.0,0.0,primary,
,6053,1502527201,-77.0046683,38.9558254,,,POINT (-77.0046683 38.9558254),,5874.0,0.0,primary,
,6054,3369181715,-77.0057804,38.9555043,,,POINT (-77.0057804 38.9555043),,5875.0,0.0,primary,
,6055,4629686317,-77.0051062,38.9556177,,,POINT (-77.0051062 38.9556177),,5876.0,0.0,primary,
14th St NW & K St NW,6056,11234143712,-77.0319541,38.9022777,,,POINT (-77.0319541 38.9022777),,5877.0,0.0,primary,
,6057,10172978340,-77.0319507,38.9008632,,,POINT (-77.0319507 38.9008632),,5878.0,0.0,primary,
,6058,9467722657,-77.0345707,38.9056942,,,POINT (-77.0345707 38.9056942),,5879.0,0.0,secondary,
,6059,49764314,-77.0345693,38.905648,,,POINT (-77.0345693 38.905648),,5880.0,0.0,secondary,
,6060,4629699769,-77.0345705,38.9052929,,,POINT (-77.0345705 38.9052929),,5881.0,0.0,secondary,
,6061,2731044942,-77.034573,38.9046881,,,POINT (-77.034573 38.9046881),,5882.0,0.0,secondary,
,6062,5054301686,-77.0345709,38.9051896,,,POINT (-77.0345709 38.9051896),,5883.0,0.0,secondary,
,6063,4629699770,-77.0345754,38.9041167,,,POINT (-77.0345754 38.9041167),,5884.0,0.0,secondary,
,6064,4597151559,-77.0345773,38.9037959,,,POINT (-77.0345773 38.9037959),,5885.0,0.0,secondary,
,6065,4629699771,-77.0345779,38.9033539,,,POINT (-77.0345779 38.9033539),,5886.0,0.0,secondary,
,6066,4629699774,-77.0345891,38.9017798,,,POINT (-77.0345891 38.9017798),,5887.0,0.0,tertiary,
,6068,49365251,-77.0179886,38.9788333,,,POINT (-77.0179886 38.9788333),,5889.0,2.0,secondary,
,6069,5447675260,-77.0566211,38.9052445,,,POINT (-77.0566211 38.9052445),,5890.0,0.0,primary,
,6070,49719415,-77.0570287,38.9052445,,,POINT (-77.0570287 38.9052445),,5891.0,0.0,primary,
,6071,4629703802,-77.0528197,38.905258,,,POINT (-77.0528197 38.905258),,5892.0,0.0,primary,
,6072,49787785,-77.051409,38.9052542,,,POINT (-77.051409 38.9052542),,5893.0,0.0,primary,
,6073,4629703803,-77.0509488,38.9052554,,,POINT (-77.0509488 38.9052554),,5894.0,0.0,primary,
,6074,49845777,-77.05011,38.9052566,,,POINT (-77.05011 38.9052566),,5895.0,0.0,primary,
,6075,4629703804,-77.0496589,38.90526,,,POINT (-77.0496589 38.90526),,5896.0,0.0,primary,
,6076,4629703805,-77.0479984,38.9052629,,,POINT (-77.0479984 38.9052629),,5897.0,0.0,primary,
,6077,4629703806,-77.0394659,38.896022,,,POINT (-77.0394659 38.896022),,5898.0,0.0,primary,
,6078,641116250,-77.0534109,38.9024964,,,POINT (-77.0534109 38.9024964),,5899.0,0.0,trunk,
,6079,4629703809,-77.0445472,38.9013306,,,POINT (-77.0445472 38.9013306),,5900.0,0.0,secondary,
,6080,12169327897,-77.0447407,38.9013287,,,POINT (-77.0447407 38.9013287),,5901.0,0.0,secondary,
,6081,4629703810,-77.0389273,38.9013348,,,POINT (-77.0389273 38.9013348),,5902.0,0.0,secondary,
,6082,49793773,-77.0417007,38.9013296,,,POINT (-77.0417007 38.9013296),,5903.0,0.0,secondary,
,6083,4629708496,-76.986802,38.9242398,,,POINT (-76.986802 38.9242398),,5904.0,0.0,primary,
,6084,4629708498,-76.9870622,38.9241625,,,POINT (-76.9870622 38.9241625),,5905.0,0.0,primary,
,6085,4629672576,-76.9874986,38.9240317,,,POINT (-76.9874986 38.9240317),,5906.0,0.0,primary,
,6086,4629708497,-76.9870019,38.924049,,,POINT (-76.9870019 38.924049),,5907.0,0.0,primary,
,6087,4629708499,-76.988046,38.9238608,,,POINT (-76.988046 38.9238608),,5908.0,0.0,primary,
,6088,10609132922,-76.9900153,38.9232413,,,POINT (-76.9900153 38.9232413),,5909.0,0.0,primary,
,6089,49777350,-77.0857479,38.9382549,,,POINT (-77.0857479 38.9382549),,5910.0,0.0,primary,
,6090,49777448,-77.0860722,38.9375672,,,POINT (-77.0860722 38.9375672),,5911.0,0.0,primary,
,6091,49761570,-77.0904867,38.9335465,,,POINT (-77.0904867 38.9335465),,5912.0,0.0,primary,
,6092,4629714829,-77.0256969,38.9251613,,,POINT (-77.0256969 38.9251613),,5913.0,0.0,secondary,
,6093,4629714831,-77.0255417,38.9241632,,,POINT (-77.0255417 38.9241632),,5914.0,0.0,secondary,
,6094,4629734411,-77.0441288,38.9004427,,,POINT (-77.0441288 38.9004427),,5915.0,0.0,primary,
,6095,1435427971,-77.0422562,38.8997933,,,POINT (-77.0422562 38.8997933),,5916.0,0.0,primary,
,6096,4629743356,-77.0219904,38.9204857,,,POINT (-77.0219904 38.9204857),,5917.0,0.0,trunk,
,6097,4772638721,-77.0220343,38.9208007,,,POINT (-77.0220343 38.9208007),,5918.0,0.0,trunk,
,6098,49789166,-77.0218993,38.9177684,,,POINT (-77.0218993 38.9177684),,5919.0,0.0,trunk,
,6099,49789167,-77.0219015,38.9185538,,,POINT (-77.0219015 38.9185538),,5920.0,0.0,trunk,
,6100,10609101292,-76.993833,38.9157465,,,POINT (-76.993833 38.9157465),,5921.0,0.0,primary,
,6101,1443482418,-76.9938321,38.9155596,,,POINT (-76.9938321 38.9155596),,5922.0,0.0,primary,
,6102,1443482382,-76.9926099,38.9128222,,,POINT (-76.9926099 38.9128222),,5923.0,0.0,primary,
,6103,1443482368,-76.9923556,38.9123158,,,POINT (-76.9923556 38.9123158),,5924.0,0.0,primary,
,6104,9841319614,-76.9923483,38.9113549,,,POINT (-76.9923483 38.9113549),,5925.0,0.0,primary,
,6106,4629748867,-77.0879438,38.959064,,,POINT (-77.0879438 38.959064),,5927.0,0.0,primary,
,6107,4629748868,-77.0885446,38.9585967,,,POINT (-77.0885446 38.9585967),,5928.0,0.0,primary,
,6109,642044237,-77.0081117,38.8461362,,,POINT (-77.0081117 38.8461362),,5930.0,0.0,primary,
,6110,642044241,-77.0081109,38.8470801,,,POINT (-77.0081109 38.8470801),,5931.0,0.0,primary,
,6111,49743892,-76.994704,38.843606,,,POINT (-76.994704 38.843606),,5932.0,0.0,secondary,
,6112,49718775,-76.991658,38.844127,,,POINT (-76.991658 38.844127),,5933.0,0.0,secondary,
,6113,4629756931,-77.01991,38.9002398,,,POINT (-77.01991 38.9002398),,5934.0,0.0,trunk,
,6114,4001037468,-77.0047367,38.9089112,,,POINT (-77.0047367 38.9089112),,5935.0,0.0,trunk,
,6115,5190243747,-77.0662585,38.9609168,,,POINT (-77.0662585 38.9609168),,5936.0,0.0,primary,
,6118,4629769064,-77.0246317,38.9357938,,,POINT (-77.0246317 38.9357938),,5939.0,0.0,secondary,
,6119,4629766440,-77.0851374,38.9128241,,,POINT (-77.0851374 38.9128241),,5940.0,0.0,secondary,
,6121,9644645885,-77.0851583,38.9128925,,,POINT (-77.0851583 38.9128925),,5942.0,0.0,secondary,
,6122,4629799196,-77.0146288,38.9049755,,,POINT (-77.0146288 38.9049755),,5943.0,0.0,secondary,
,6123,49748223,-77.016176,38.902519,,,POINT (-77.016176 38.902519),,5944.0,0.0,primary,
,6124,4629807526,-77.0090945,38.9114055,,,POINT (-77.0090945 38.9114055),,5945.0,0.0,primary,
,6125,49770176,-77.002031,38.919294,,,POINT (-77.002031 38.919294),,5946.0,0.0,primary,
,6126,4629813881,-77.0267692,38.9331336,,,POINT (-77.0267692 38.9331336),,5947.0,0.0,secondary,
,6127,4629813883,-77.0259022,38.9266184,,,POINT (-77.0259022 38.9266184),,5948.0,0.0,secondary,
,6128,4629813884,-77.0258333,38.9261188,,,POINT (-77.0258333 38.9261188),,5949.0,0.0,secondary,
,6129,49847370,-77.025803,38.925868,,,POINT (-77.025803 38.925868),,5950.0,0.0,secondary,
,6130,4629813885,-77.0257656,38.9256187,,,POINT (-77.0257656 38.9256187),,5951.0,0.0,secondary,
,6131,4635987602,-77.0324898,38.9271222,,,POINT (-77.0324898 38.9271222),,5952.0,0.0,secondary,
,6132,49843200,-77.0362817,38.9888654,,,POINT (-77.0362817 38.9888654),,5953.0,0.0,primary,
,6133,4629815719,-77.036283,38.9886571,,,POINT (-77.036283 38.9886571),,5954.0,0.0,primary,
,6134,49752305,-77.0362667,38.987392,,,POINT (-77.0362667 38.987392),,5955.0,0.0,primary,
,6135,11186195788,-77.036285,38.9881963,,,POINT (-77.036285 38.9881963),,5956.0,0.0,primary,
,6136,2765475202,-77.0363865,38.9882178,,,POINT (-77.0363865 38.9882178),,5957.0,0.0,primary,
,6137,4629815721,-77.0363775,38.9876045,,,POINT (-77.0363775 38.9876045),,5958.0,0.0,primary,
,6138,49752307,-77.0363744,38.9873982,,,POINT (-77.0363744 38.9873982),,5959.0,0.0,primary,
,6139,4629815723,-77.0363869,38.9866321,,,POINT (-77.0363869 38.9866321),,5960.0,0.0,primary,
,6140,4629815722,-77.0362751,38.9871474,,,POINT (-77.0362751 38.9871474),,5961.0,0.0,primary,
,6141,2765475195,-77.0363907,38.9864097,,,POINT (-77.0363907 38.9864097),,5962.0,0.0,primary,
,6142,4635760701,-77.0363968,38.9858801,,,POINT (-77.0363968 38.9858801),,5963.0,0.0,primary,
,6143,4629815724,-77.0362916,38.985401,,,POINT (-77.0362916 38.985401),,5964.0,0.0,primary,
,6144,49781491,-77.036293,38.9841489,,,POINT (-77.036293 38.9841489),,5965.0,0.0,primary,
,6145,4629815725,-77.0362896,38.9838858,,,POINT (-77.0362896 38.9838858),,5966.0,0.0,primary,
,6146,49803906,-77.036281,38.983213,,,POINT (-77.036281 38.983213),,5967.0,0.0,primary,
,6147,2765475189,-77.0364022,38.9832141,,,POINT (-77.0364022 38.9832141),,5968.0,0.0,primary,
,6148,4629815728,-77.0364017,38.9824714,,,POINT (-77.0364017 38.9824714),,5969.0,0.0,primary,
,6149,4629815726,-77.0364014,38.983426,,,POINT (-77.0364014 38.983426),,5970.0,0.0,primary,
,6150,4629815727,-77.0362843,38.982997,,,POINT (-77.0362843 38.982997),,5971.0,0.0,primary,
,6151,49843189,-77.0362958,38.9808645,,,POINT (-77.0362958 38.9808645),,5972.0,0.0,primary,
,6152,2765475187,-77.0364016,38.9822825,,,POINT (-77.0364016 38.9822825),,5973.0,0.0,primary,
,6153,4629815729,-77.0364064,38.9815568,,,POINT (-77.0364064 38.9815568),,5974.0,0.0,primary,
,6154,2765475185,-77.0364077,38.9813526,,,POINT (-77.0364077 38.9813526),,5975.0,0.0,primary,
,6155,49873931,-77.036411,38.9808597,,,POINT (-77.036411 38.9808597),,5976.0,0.0,primary,
,6156,4629815730,-77.0364129,38.9806295,,,POINT (-77.0364129 38.9806295),,5977.0,0.0,primary,
,6157,2765475179,-77.0364154,38.9803896,,,POINT (-77.0364154 38.9803896),,5978.0,0.0,primary,
,6158,4629815731,-77.0364132,38.9796661,,,POINT (-77.0364132 38.9796661),,5979.0,0.0,primary,
,6159,2765475177,-77.0364144,38.9793943,,,POINT (-77.0364144 38.9793943),,5980.0,0.0,primary,
,6160,49757456,-76.988825,38.94002,,,POINT (-76.988825 38.94002),,5981.0,0.0,primary,
,6161,49757415,-76.992397,38.936175,,,POINT (-76.992397 38.936175),,5982.0,0.0,primary,
,6162,49757435,-76.991896,38.937314,,,POINT (-76.991896 38.937314),,5983.0,0.0,primary,
,6163,5703802032,-77.0043257,38.8765418,,,POINT (-77.0043257 38.8765418),,5984.0,0.0,primary,
,6164,4629837947,-77.0053812,38.8765446,,,POINT (-77.0053812 38.8765446),,5985.0,0.0,primary,
,6165,2975016185,-77.0035316,38.8765437,,,POINT (-77.0035316 38.8765437),,5986.0,0.0,primary,
,6166,12176705872,-77.0040093,38.8765425,,,POINT (-77.0040093 38.8765425),,5987.0,0.0,primary,
,6167,8459177917,-77.0040686,38.8765423,,,POINT (-77.0040686 38.8765423),,5988.0,0.0,primary,
,6168,12175091749,-77.0056833,38.8765448,,,POINT (-77.0056833 38.8765448),,5989.0,0.0,primary,
,6169,49883336,-77.005899,38.8765444,,,POINT (-77.005899 38.8765444),,5990.0,0.0,tertiary,
,6170,12286325781,-77.0090006,38.8815115,,,POINT (-77.0090006 38.8815115),,5991.0,0.0,primary,
,6171,641965396,-77.0089996,38.8811219,,,POINT (-77.0089996 38.8811219),,5992.0,0.0,primary,
,6172,641965187,-77.0090005,38.8803979,,,POINT (-77.0090005 38.8803979),,5993.0,0.0,primary,
,6173,11198264288,-77.0092656,38.8766472,,,POINT (-77.0092656 38.8766472),,5994.0,0.0,primary,
,6174,11198264291,-77.0089382,38.8763151,,,POINT (-77.0089382 38.8763151),,5995.0,0.0,primary,
,6175,4629844125,-77.0089408,38.8759546,,,POINT (-77.0089408 38.8759546),,5996.0,0.0,primary,
,6176,12175089059,-77.0089323,38.8747927,,,POINT (-77.0089323 38.8747927),,5997.0,0.0,primary,
,6177,3519479356,-77.0193813,38.8998143,,,POINT (-77.0193813 38.8998143),,5998.0,0.0,secondary,
,6178,4629849083,-77.0146586,38.8920949,,,POINT (-77.0146586 38.8920949),,5999.0,0.0,primary,
,6179,4629849085,-77.0243886,38.8920851,,,POINT (-77.0243886 38.8920851),,6000.0,0.0,trunk,
,6180,4629853486,-77.0001142,38.876543,,,POINT (-77.0001142 38.876543),,6001.0,0.0,primary,
,6181,12177270616,-77.00042,38.8765431,,,POINT (-77.00042 38.8765431),,6002.0,0.0,primary,
,6182,11053740425,-77.0004747,38.8765431,,,POINT (-77.0004747 38.8765431),,6003.0,0.0,primary,
,6183,655680357,-77.0029596,38.8765439,,,POINT (-77.0029596 38.8765439),,6004.0,0.0,primary,
,6184,11206208503,-77.0019268,38.8764557,,,POINT (-77.0019268 38.8764557),,6005.0,0.0,primary,
,6185,12177270608,-77.0007145,38.8764537,,,POINT (-77.0007145 38.8764537),,6006.0,0.0,primary,
,6186,11053740429,-77.0006735,38.8764536,,,POINT (-77.0006735 38.8764536),,6007.0,0.0,primary,
,6187,4629986309,-77.0849539,38.961384,,,POINT (-77.0849539 38.961384),,6008.0,0.0,primary,
,6188,12466124699,-77.0851154,38.9612547,,,POINT (-77.0851154 38.9612547),,6009.0,0.0,primary,
,6189,49729407,-76.9574863,38.8965631,,,POINT (-76.9574863 38.8965631),,6010.0,0.0,primary,
,6190,4630004543,-76.9579253,38.8965152,,,POINT (-76.9579253 38.8965152),,6011.0,0.0,primary,
,6191,1484482360,-76.9602268,38.8968577,,,POINT (-76.9602268 38.8968577),,6012.0,0.0,primary,
,6192,3796848018,-77.0028369,38.9652217,,,POINT (-77.0028369 38.9652217),,6013.0,0.0,primary,
,6193,4630049503,-77.0026875,38.9654244,,,POINT (-77.0026875 38.9654244),,6014.0,0.0,primary,
,6194,4630052962,-77.0193278,38.902521,,,POINT (-77.0193278 38.902521),,6015.0,0.0,secondary,
,6195,10242214547,-77.0213519,38.9025321,,,POINT (-77.0213519 38.9025321),,6016.0,0.0,secondary,
,6196,10242214545,-77.0203342,38.902536,,,POINT (-77.0203342 38.902536),,6017.0,0.0,secondary,
,6197,4630052964,-77.0184232,38.9025206,,,POINT (-77.0184232 38.9025206),,6018.0,0.0,secondary,
,6198,4630052965,-77.0166659,38.9025193,,,POINT (-77.0166659 38.9025193),,6019.0,0.0,secondary,
,6199,4630052966,-77.0154267,38.902519,,,POINT (-77.0154267 38.902519),,6020.0,0.0,secondary,
,6200,4630052969,-77.0326699,38.9037454,,,POINT (-77.0326699 38.9037454),,6021.0,0.0,secondary,
,6201,4630052970,-77.0301881,38.9037446,,,POINT (-77.0301881 38.9037446),,6022.0,0.0,secondary,
,6202,49813365,-77.0296269,38.9037444,,,POINT (-77.0296269 38.9037444),,6023.0,0.0,secondary,
,6203,4630052971,-77.0285688,38.9037447,,,POINT (-77.0285688 38.9037447),,6024.0,0.0,secondary,
,6204,4630070592,-77.0144793,38.9055421,,,POINT (-77.0144793 38.9055421),,6025.0,0.0,trunk,
,6205,49886475,-77.0152171,38.9052999,,,POINT (-77.0152171 38.9052999),,6026.0,0.0,trunk,
,6206,638905458,-77.0068708,38.9001646,,,POINT (-77.0068708 38.9001646),,6027.0,0.0,primary,
,6207,810582630,-77.005611,38.9001633,,,POINT (-77.005611 38.9001633),,6028.0,0.0,primary,
,6208,4630089831,-77.0063576,38.9025163,,,POINT (-77.0063576 38.9025163),,6029.0,0.0,secondary,
,6209,4630089832,-77.0085195,38.9025151,,,POINT (-77.0085195 38.9025151),,6030.0,0.0,secondary,
,6210,3001411196,-77.0789369,38.9127001,,,POINT (-77.0789369 38.9127001),,6031.0,0.0,secondary,
,6211,638908693,-77.0072394,38.8962955,,,POINT (-77.0072394 38.8962955),,6032.0,0.0,primary,
,6212,4630127239,-77.0073326,38.8963745,,,POINT (-77.0073326 38.8963745),,6033.0,0.0,primary,
,6213,4812875789,-77.0075432,38.8966588,,,POINT (-77.0075432 38.8966588),,6034.0,0.0,primary,
,6214,3001130368,-77.0138597,38.8993054,,,POINT (-77.0138597 38.8993054),,6035.0,0.0,primary,
,6215,4630127241,-77.0091337,38.8979611,,,POINT (-77.0091337 38.8979611),,6036.0,0.0,primary,
,6216,3390097471,-77.0063917,38.8958224,,,POINT (-77.0063917 38.8958224),,6037.0,0.0,primary,
,6217,6042706829,-77.0061809,38.8958398,,,POINT (-77.0061809 38.8958398),,6038.0,0.0,primary,
,6218,4630127247,-77.0142159,38.8920941,,,POINT (-77.0142159 38.8920941),,6039.0,0.0,primary,
,6219,8405856352,-77.0091206,38.8920856,,,POINT (-77.0091206 38.8920856),,6040.0,0.0,primary,
,6220,5441311224,-77.0059123,38.8917177,,,POINT (-77.0059123 38.8917177),,6041.0,0.0,secondary,
,6221,12240916102,-76.9638003,38.9349581,,,POINT (-76.9638003 38.9349581),,6042.0,0.0,primary,
,6222,10609138985,-76.9635377,38.9350788,,,POINT (-76.9635377 38.9350788),,6043.0,0.0,primary,
,6223,4630137701,-76.9648424,38.9255257,,,POINT (-76.9648424 38.9255257),,6044.0,0.0,primary,
,6224,5920737995,-76.9590805,38.9299015,,,POINT (-76.9590805 38.9299015),,6045.0,0.0,primary,
,6225,4630137700,-76.9615748,38.9281754,,,POINT (-76.9615748 38.9281754),,6046.0,0.0,primary,
,6226,638905427,-77.0048247,38.8957475,,,POINT (-77.0048247 38.8957475),,6047.0,0.0,primary,
,6227,4630149703,-77.0136396,38.8854648,,,POINT (-77.0136396 38.8854648),,6048.0,0.0,primary,
,6228,641968468,-77.0129402,38.8867372,,,POINT (-77.0129402 38.8867372),,6049.0,0.0,primary,
,6229,10169578846,-76.9783362,38.8898056,,,POINT (-76.9783362 38.8898056),,6050.0,0.0,secondary,
,6230,49759069,-76.9742598,38.8894853,,,POINT (-76.9742598 38.8894853),,6051.0,0.0,secondary,
,6231,49759067,-76.9745746,38.8894865,,,POINT (-76.9745746 38.8894865),,6052.0,0.0,secondary,
,6232,4630186026,-76.9915324,38.8822534,,,POINT (-76.9915324 38.8822534),,6053.0,0.0,secondary,
,6233,4630186027,-76.9915334,38.8816247,,,POINT (-76.9915334 38.8816247),,6054.0,0.0,secondary,
,6234,49787176,-76.9915332,38.8812756,,,POINT (-76.9915332 38.8812756),,6055.0,0.0,secondary,
,6235,1977516629,-76.9732043,38.8745249,,,POINT (-76.9732043 38.8745249),,6056.0,0.0,trunk,
,6236,5453971095,-76.9715665,38.8737896,,,POINT (-76.9715665 38.8737896),,6057.0,0.0,trunk,
,6237,4630196083,-76.9889525,38.9527053,,,POINT (-76.9889525 38.9527053),,6058.0,0.0,secondary,
,6238,269372763,-77.0511167,38.922854,,,POINT (-77.0511167 38.922854),,6059.0,0.0,primary,
,6239,49814074,-77.035076,38.940553,,,POINT (-77.035076 38.940553),,6060.0,0.0,primary,
,6240,12177270657,-77.0004144,38.8804251,,,POINT (-77.0004144 38.8804251),,6061.0,0.0,secondary,
,6241,49826600,-77.000088,38.8803352,,,POINT (-77.000088 38.8803352),,6062.0,0.0,secondary,
,6242,4630210252,-76.996685,38.8787292,,,POINT (-76.996685 38.8787292),,6063.0,0.0,secondary,
,6243,4630210253,-76.9972911,38.8765357,,,POINT (-76.9972911 38.8765357),,6064.0,0.0,primary,
,6245,642336067,-76.9961869,38.8765372,,,POINT (-76.9961869 38.8765372),,6066.0,0.0,primary,
,6246,11053740424,-77.0004746,38.8764545,,,POINT (-77.0004746 38.8764545),,6067.0,0.0,primary,
,6247,49842996,-77.0365007,38.9181155,,,POINT (-77.0365007 38.9181155),,6068.0,0.0,primary,
,6248,2509903381,-77.0404788,38.9241325,,,POINT (-77.0404788 38.9241325),,6069.0,0.0,secondary,
,6249,4630278347,-77.0406564,38.9240146,,,POINT (-77.0406564 38.9240146),,6070.0,0.0,secondary,
,6250,4630278348,-77.0410135,38.9237775,,,POINT (-77.0410135 38.9237775),,6071.0,0.0,secondary,
,6251,49827152,-77.041412,38.923513,,,POINT (-77.041412 38.923513),,6072.0,0.0,secondary,
,6252,3672563442,-77.0415359,38.9234298,,,POINT (-77.0415359 38.9234298),,6073.0,0.0,secondary,
,6253,49856159,-77.0442752,38.9198903,,,POINT (-77.0442752 38.9198903),,6074.0,0.0,secondary,
,6254,4630298909,-77.0175565,38.8902252,,,POINT (-77.0175565 38.8902252),,6075.0,0.0,secondary,
,6255,4630298914,-77.0219075,38.8871345,,,POINT (-77.0219075 38.8871345),,6076.0,0.0,primary,
,6256,4630298915,-77.0219972,38.8816258,,,POINT (-77.0219972 38.8816258),,6077.0,0.0,primary,
,6257,4630298917,-77.0318598,38.8871229,,,POINT (-77.0318598 38.8871229),,6078.0,0.0,trunk,
,6258,4630298919,-77.0319611,38.8889838,,,POINT (-77.0319611 38.8889838),,6079.0,0.0,trunk,
,6259,4303519740,-77.031956,38.8893423,,,POINT (-77.031956 38.8893423),,6080.0,0.0,trunk,
,6260,291773997,-77.0344946,38.8850976,,,POINT (-77.0344946 38.8850976),,6081.0,0.0,primary,
,6261,49779603,-77.0340431,38.8846144,,,POINT (-77.0340431 38.8846144),,6082.0,0.0,primary,
,6262,4630298923,-77.029858,38.8824073,,,POINT (-77.029858 38.8824073),,6083.0,0.0,primary,
,6263,2994732982,-77.0308935,38.8827494,,,POINT (-77.0308935 38.8827494),,6084.0,0.0,primary,
,6264,10734189831,-77.0301548,38.8824919,,,POINT (-77.0301548 38.8824919),,6085.0,0.0,primary,
,6265,655662337,-77.0176312,38.8765318,,,POINT (-77.0176312 38.8765318),,6086.0,0.0,secondary,
,6266,639496184,-76.9528588,38.8899857,,,POINT (-76.9528588 38.8899857),,6087.0,0.0,secondary,
,6267,4630325485,-77.0492885,38.9116811,,,POINT (-77.0492885 38.9116811),,6088.0,0.0,primary,
,6268,49751669,-76.945628,38.880902,,,POINT (-76.945628 38.880902),,6089.0,0.0,secondary,
,6269,4632899996,-77.0079675,38.835146,,,POINT (-77.0079675 38.835146),,6090.0,0.0,primary,
,6270,646190655,-76.9693768,38.8729147,,,POINT (-76.9693768 38.8729147),,6091.0,0.0,trunk,
,6271,49723269,-76.958516,38.8685666,,,POINT (-76.958516 38.8685666),,6092.0,0.0,trunk,
,6272,4633108810,-76.9587957,38.8687062,,,POINT (-76.9587957 38.8687062),,6093.0,0.0,trunk,
,6273,4633108811,-76.9581764,38.8684295,,,POINT (-76.9581764 38.8684295),,6094.0,0.0,trunk,
,6274,4633108812,-76.9574699,38.8681552,,,POINT (-76.9574699 38.8681552),,6095.0,0.0,trunk,
,6275,49837338,-76.9571878,38.8680365,,,POINT (-76.9571878 38.8680365),,6096.0,0.0,trunk,
,6276,4633108824,-76.9598999,38.8691572,,,POINT (-76.9598999 38.8691572),,6097.0,0.0,trunk,
,6277,49724289,-76.9521998,38.8659714,,,POINT (-76.9521998 38.8659714),,6098.0,0.0,trunk,
,6278,49764754,-76.9532859,38.8664474,,,POINT (-76.9532859 38.8664474),,6099.0,0.0,trunk,
,6279,4633108814,-76.9518797,38.8658361,,,POINT (-76.9518797 38.8658361),,6100.0,0.0,trunk,
,6280,766194345,-76.9516999,38.8657624,,,POINT (-76.9516999 38.8657624),,6101.0,0.0,trunk,
,6281,4633108815,-76.9509656,38.8654484,,,POINT (-76.9509656 38.8654484),,6102.0,0.0,trunk,
,6282,1466414134,-76.9502494,38.8651576,,,POINT (-76.9502494 38.8651576),,6103.0,0.0,trunk,
,6283,49834986,-76.949902,38.865014,,,POINT (-76.949902 38.865014),,6104.0,0.0,trunk,
,6284,4633108817,-76.9517057,38.8654376,,,POINT (-76.9517057 38.8654376),,6105.0,0.0,secondary,
,6285,49761928,-76.9592129,38.8629207,,,POINT (-76.9592129 38.8629207),,6106.0,0.0,trunk,
,6286,4633108825,-76.9591866,38.8628148,,,POINT (-76.9591866 38.8628148),,6107.0,0.0,trunk,
,6287,4633108818,-76.9592446,38.8631383,,,POINT (-76.9592446 38.8631383),,6108.0,0.0,trunk,
,6288,4633108820,-76.959582,38.8618748,,,POINT (-76.959582 38.8618748),,6109.0,0.0,secondary,
,6289,8429089982,-76.9604248,38.8696257,,,POINT (-76.9604248 38.8696257),,6110.0,0.0,secondary,
,6290,49833602,-76.960383,38.869291,,,POINT (-76.960383 38.869291),,6111.0,0.0,trunk,
,6291,12196404399,-76.9589123,38.8607523,,,POINT (-76.9589123 38.8607523),,6112.0,0.0,trunk,
,6292,4633108827,-76.9589138,38.8596608,,,POINT (-76.9589138 38.8596608),,6113.0,0.0,trunk,
,6293,4633108829,-76.9589163,38.8585862,,,POINT (-76.9589163 38.8585862),,6114.0,0.0,trunk,
,6294,49833651,-76.958917,38.8583503,,,POINT (-76.958917 38.8583503),,6115.0,0.0,trunk,
,6295,4633108830,-76.9589172,38.8581382,,,POINT (-76.9589172 38.8581382),,6116.0,0.0,trunk,
,6296,4633108831,-76.9589178,38.8575132,,,POINT (-76.9589178 38.8575132),,6117.0,0.0,trunk,
,6297,49833656,-76.958918,38.857272,,,POINT (-76.958918 38.857272),,6118.0,0.0,trunk,
,6298,4633108832,-76.9589174,38.8570344,,,POINT (-76.9589174 38.8570344),,6119.0,0.0,trunk,
,6299,4633124488,-77.0019137,38.8217644,,,POINT (-77.0019137 38.8217644),,6120.0,0.0,primary,
,6300,522279751,-76.9842601,38.8529218,,,POINT (-76.9842601 38.8529218),,6121.0,0.0,primary,
,6301,4633392664,-76.9763363,38.840713,,,POINT (-76.9763363 38.840713),,6122.0,0.0,secondary,
,6302,3656196219,-76.977257,38.8400067,,,POINT (-76.977257 38.8400067),,6123.0,0.0,secondary,
,6303,4633392665,-76.9776513,38.8397149,,,POINT (-76.9776513 38.8397149),,6124.0,0.0,secondary,
,6304,8782959511,-76.978231,38.8392393,,,POINT (-76.978231 38.8392393),,6125.0,0.0,secondary,
,6305,4633399538,-76.9156687,38.8898072,,,POINT (-76.9156687 38.8898072),,6126.0,0.0,primary,
,6306,4633463356,-76.9442603,38.9032251,,,POINT (-76.9442603 38.9032251),,6127.0,0.0,secondary,
,6307,646077127,-76.9480788,38.918682,,,POINT (-76.9480788 38.918682),,6128.0,0.0,motorway,
,6308,4635004701,-76.9472053,38.9185344,,,POINT (-76.9472053 38.9185344),,6129.0,0.0,motorway,
,6309,1381216023,-77.0394602,38.8988162,,,POINT (-77.0394602 38.8988162),,6130.0,0.0,primary,
,6310,12169187771,-77.0453684,38.8945365,,,POINT (-77.0453684 38.8945365),,6131.0,0.0,primary,
,6311,4001201376,-77.0394705,38.8954092,,,POINT (-77.0394705 38.8954092),,6132.0,0.0,primary,
,6312,49793777,-77.0434632,38.9013296,,,POINT (-77.0434632 38.9013296),,6133.0,0.0,secondary,
,6313,4635584124,-77.0429577,38.9013299,,,POINT (-77.0429577 38.9013299),,6134.0,0.0,secondary,
,6314,4635639612,-77.0551501,38.9042827,,,POINT (-77.0551501 38.9042827),,6135.0,0.0,primary,
,6315,12171103934,-77.0530501,38.9035709,,,POINT (-77.0530501 38.9035709),,6136.0,0.0,primary,
,6316,4635639615,-77.0492475,38.9037369,,,POINT (-77.0492475 38.9037369),,6137.0,0.0,secondary,
,6317,11261031470,-77.0403062,38.9037361,,,POINT (-77.0403062 38.9037361),,6138.0,0.0,secondary,
,6318,5445789508,-77.0372591,38.9037469,,,POINT (-77.0372591 38.9037469),,6139.0,0.0,secondary,
,6319,4635639618,-77.0371909,38.9037467,,,POINT (-77.0371909 38.9037467),,6140.0,0.0,secondary,
,6320,49770648,-77.0387049,38.9037333,,,POINT (-77.0387049 38.9037333),,6141.0,0.0,secondary,
,6321,4635639620,-77.0571264,38.9050256,,,POINT (-77.0571264 38.9050256),,6142.0,0.0,primary,
,6322,706911255,-77.0570262,38.9049391,,,POINT (-77.0570262 38.9049391),,6143.0,0.0,primary,
,6323,5343399983,-77.0364496,38.9572929,,,POINT (-77.0364496 38.9572929),,6144.0,0.0,primary,
,6324,4635667838,-77.036344,38.9572086,,,POINT (-77.036344 38.9572086),,6145.0,0.0,primary,
,6325,4635667844,-77.0495647,38.9435575,,,POINT (-77.0495647 38.9435575),,6146.0,0.0,secondary,
,6326,49718386,-77.0496228,38.9435227,,,POINT (-77.0496228 38.9435227),,6147.0,0.0,secondary,
,6327,9121137524,-77.0495815,38.9436282,,,POINT (-77.0495815 38.9436282),,6148.0,0.0,secondary,
,6328,9121137523,-77.0496481,38.9439202,,,POINT (-77.0496481 38.9439202),,6149.0,0.0,secondary,
,6329,4635704121,-77.041692,38.9034067,,,POINT (-77.041692 38.9034067),,6150.0,0.0,secondary,
,6330,12171103961,-77.0416939,38.9036294,,,POINT (-77.0416939 38.9036294),,6151.0,0.0,secondary,
,6331,4635704124,-77.0408899,38.905105,,,POINT (-77.0408899 38.905105),,6152.0,0.0,primary,
,6332,4635704125,-77.039449,38.9009535,,,POINT (-77.039449 38.9009535),,6153.0,0.0,primary,
,6333,4635704126,-77.0394521,38.9006119,,,POINT (-77.0394521 38.9006119),,6154.0,0.0,primary,
,6334,49770782,-77.0394543,38.9002251,,,POINT (-77.0394543 38.9002251),,6155.0,0.0,primary,
,6335,4635704127,-77.039459,38.8998285,,,POINT (-77.039459 38.8998285),,6156.0,0.0,primary,
,6337,10598203602,-77.0492981,38.9034157,,,POINT (-77.0492981 38.9034157),,6158.0,0.0,secondary,
,6338,4884151656,-77.0587252,38.8860225,,,POINT (-77.0587252 38.8860225),,6159.0,0.0,motorway,
,6339,4635760702,-77.0363987,38.9843759,,,POINT (-77.0363987 38.9843759),,6160.0,0.0,primary,
,6340,49781492,-77.0363986,38.9841636,,,POINT (-77.0363986 38.9841636),,6161.0,0.0,primary,
,6341,638211031,-77.0517834,38.8897071,,,POINT (-77.0517834 38.8897071),,6162.0,0.0,primary,
,6342,12372727791,-77.0493917,38.8902759,,,POINT (-77.0493917 38.8902759),,6163.0,0.0,tertiary,
,6343,10014127932,-77.0499357,38.8902772,,,POINT (-77.0499357 38.8902772),,6164.0,0.0,tertiary,
,6344,3007114582,-77.0499796,38.8902802,,,POINT (-77.0499796 38.8902802),,6165.0,0.0,tertiary,
,6345,4635876176,-77.0345406,38.9103386,,,POINT (-77.0345406 38.9103386),,6166.0,0.0,secondary,
,6346,4635882693,-77.0727978,38.9223622,,,POINT (-77.0727978 38.9223622),,6167.0,0.0,primary,
,6347,1394275829,-77.0724571,38.9217981,,,POINT (-77.0724571 38.9217981),,6168.0,0.0,primary,
,6348,10273293367,-77.0726399,38.9221007,,,POINT (-77.0726399 38.9221007),,6169.0,0.0,primary,
,6349,4635969212,-77.0231748,38.92867,,,POINT (-77.0231748 38.92867),,6170.0,0.0,trunk,
,6350,4635978150,-77.07319,38.9271649,,,POINT (-77.07319 38.9271649),,6171.0,0.0,primary,
,6351,4635978151,-77.0731142,38.9289734,,,POINT (-77.0731142 38.9289734),,6172.0,0.0,primary,
,6352,647069196,-77.0177628,38.9287443,,,POINT (-77.0177628 38.9287443),,6173.0,0.0,secondary,
,6353,49747281,-77.091063,38.932415,,,POINT (-77.091063 38.932415),,6174.0,0.0,secondary,
,6354,2921449368,-77.0949346,38.9157438,,,POINT (-77.0949346 38.9157438),,6175.0,0.0,secondary,
,6355,49743223,-77.0945827,38.9155521,,,POINT (-77.0945827 38.9155521),,6176.0,0.0,secondary,
,6356,4636005191,-77.105389,38.9367599,,,POINT (-77.105389 38.9367599),,6177.0,0.0,primary,
,6357,4636027022,-77.046301,38.9164284,,,POINT (-77.046301 38.9164284),,6178.0,0.0,secondary,
,6358,3219165579,-77.0462673,38.9162241,,,POINT (-77.0462673 38.9162241),,6179.0,0.0,secondary,
,6359,3001411182,-77.0587105,38.9180463,,,POINT (-77.0587105 38.9180463),,6180.0,0.0,primary,
,6360,3678223272,-77.0588941,38.9181815,,,POINT (-77.0588941 38.9181815),,6181.0,0.0,primary,
,6361,1379496272,-77.0419733,38.9069514,,,POINT (-77.0419733 38.9069514),,6182.0,0.0,primary,
,6362,49751367,-76.99544,38.862648,,,POINT (-76.99544 38.862648),,6183.0,0.0,secondary,
,6363,4643843108,-76.9951606,38.8624778,,,POINT (-76.9951606 38.8624778),,6184.0,0.0,secondary,
,6364,5436683939,-76.9941148,38.8618143,,,POINT (-76.9941148 38.8618143),,6185.0,0.0,secondary,
,6365,49751372,-76.994453,38.862025,,,POINT (-76.994453 38.862025),,6186.0,0.0,secondary,
,6366,49720307,-76.995791,38.862875,,,POINT (-76.995791 38.862875),,6187.0,0.0,secondary,
,6367,9688485208,-77.0052655,38.8564701,,,POINT (-77.0052655 38.8564701),,6188.0,0.0,primary,
,6368,49721696,-76.9972267,38.8625753,,,POINT (-76.9972267 38.8625753),,6189.0,0.0,secondary,
,6369,3125718572,-76.9528021,38.9198663,,,POINT (-76.9528021 38.9198663),,6190.0,-1.0,motorway,
,6370,2790488465,-77.0206173,38.8998186,,,POINT (-77.0206173 38.8998186),,6191.0,0.0,secondary,
,6371,9389606389,-76.9913863,38.8764556,,,POINT (-76.9913863 38.8764556),,6192.0,0.0,motorway,
,6372,5277494828,-76.9904185,38.8764583,,,POINT (-76.9904185 38.8764583),,6193.0,0.0,motorway,
,6373,4644007370,-76.9814088,38.8788632,,,POINT (-76.9814088 38.8788632),,6194.0,0.0,tertiary,
,6374,641116256,-77.0461193,38.9025294,,,POINT (-77.0461193 38.9025294),,6195.0,0.0,trunk,
,6375,1243960725,-77.0462875,38.9025298,,,POINT (-77.0462875 38.9025298),,6196.0,0.0,trunk,
,6376,1740763163,-77.045821,38.9025288,,,POINT (-77.045821 38.9025288),,6197.0,0.0,trunk,
,6377,9655223704,-77.0263004,38.9108803,,,POINT (-77.0263004 38.9108803),,6198.0,0.0,trunk,
,6378,49843060,-77.0364613,38.9316571,,,POINT (-77.0364613 38.9316571),,6199.0,0.0,primary,
,6379,3891233830,-77.0364596,38.9323477,,,POINT (-77.0364596 38.9323477),,6200.0,0.0,primary,
,6380,49770661,-77.038491,38.9079319,,,POINT (-77.038491 38.9079319),,6201.0,0.0,primary,
,6381,3011757975,-77.0413594,38.9089265,,,POINT (-77.0413594 38.9089265),,6202.0,0.0,primary,
,6383,2202288045,-77.0765262,38.9422493,,,POINT (-77.0765262 38.9422493),,6204.0,0.0,primary,
,6384,49889035,-77.076585,38.9423589,,,POINT (-77.076585 38.9423589),,6205.0,0.0,primary,
,6385,2202288043,-77.0764939,38.942189,,,POINT (-77.0764939 38.942189),,6206.0,0.0,primary,
,6386,4512534046,-77.0297051,38.9375429,,,POINT (-77.0297051 38.9375429),,6207.0,0.0,tertiary,
,6387,49752651,-77.029704,38.941865,,,POINT (-77.029704 38.941865),,6208.0,0.0,tertiary,
,6388,3667950082,-77.029695,38.956217,,,POINT (-77.029695 38.956217),,6209.0,0.0,tertiary,
,6389,49768036,-77.029703,38.945062,,,POINT (-77.029703 38.945062),,6210.0,0.0,tertiary,
,6390,783625728,-77.0297051,38.9462726,,,POINT (-77.0297051 38.9462726),,6211.0,0.0,tertiary,
,6391,3370866931,-77.0296915,38.9518868,,,POINT (-77.0296915 38.9518868),,6212.0,0.0,tertiary,
,6392,49754681,-77.029701,38.9482586,,,POINT (-77.029701 38.9482586),,6213.0,0.0,tertiary,
,6393,49813577,-77.029701,38.94872,,,POINT (-77.029701 38.94872),,6214.0,0.0,secondary,
,6394,49866935,-77.071661,38.92048,,,POINT (-77.071661 38.92048),,6215.0,0.0,primary,
,6395,49783079,-77.005884,38.906447,,,POINT (-77.005884 38.906447),,6216.0,0.0,tertiary,
,6396,8528073259,-77.0136315,38.8973484,,,POINT (-77.0136315 38.8973484),,6217.0,0.0,tertiary,
,6397,5558800281,-77.0566275,38.9035581,,,POINT (-77.0566275 38.9035581),,6218.0,0.0,primary,
,6398,9073419062,-77.026152,38.9415783,,,POINT (-77.026152 38.9415783),,6219.0,0.0,tertiary,
,6399,49805505,-77.058519,38.9355771,,,POINT (-77.058519 38.9355771),,6220.0,0.0,primary,
,6400,12240163932,-77.0590418,38.936475,,,POINT (-77.0590418 38.936475),,6221.0,0.0,primary,
,6401,3000324031,-77.0218521,38.8815161,,,POINT (-77.0218521 38.8815161),,6222.0,0.0,primary,
,6402,3000324029,-77.0220014,38.8819369,,,POINT (-77.0220014 38.8819369),,6223.0,0.0,primary,
,6403,655662508,-77.0041726,38.8765425,,,POINT (-77.0041726 38.8765425),,6224.0,0.0,secondary,
,6404,5204545200,-77.0041431,38.876457,,,POINT (-77.0041431 38.876457),,6225.0,0.0,primary,
,6405,49868538,-77.05825,38.956604,,,POINT (-77.05825 38.956604),,6226.0,0.0,secondary,
,6406,49795273,-77.002036,38.8946102,,,POINT (-77.002036 38.8946102),,6227.0,0.0,primary,
,6407,3750950021,-77.0725759,38.927529,,,POINT (-77.0725759 38.927529),,6228.0,0.0,primary,
,6408,49870270,-77.0019808,38.9077845,,,POINT (-77.0019808 38.9077845),,6229.0,0.0,primary,
,6409,49753014,-77.0058875,38.9047046,,,POINT (-77.0058875 38.9047046),,6230.0,0.0,tertiary,
,6410,49825030,-77.0184011,38.9147813,,,POINT (-77.0184011 38.9147813),,6231.0,0.0,primary,
,6411,655680602,-76.9949768,38.8764537,,,POINT (-76.9949768 38.8764537),,6232.0,0.0,primary,
,6412,49723601,-77.032725,38.942928,,,POINT (-77.032725 38.942928),,6233.0,0.0,secondary,
,6413,49745658,-77.0327244,38.941867,,,POINT (-77.0327244 38.941867),,6234.0,0.0,secondary,
,6414,49752667,-77.03394,38.94187,,,POINT (-77.03394 38.94187),,6235.0,0.0,secondary,
,6415,49741789,-77.0257924,38.9429153,,,POINT (-77.0257924 38.9429153),,6236.0,0.0,trunk,
,6416,5581929186,-76.9749936,38.8713429,,,POINT (-76.9749936 38.8713429),,6237.0,0.0,secondary,
,6417,49832998,-76.985959,38.854537,,,POINT (-76.985959 38.854537),,6238.0,0.0,tertiary,
,6418,49755047,-76.979643,38.845732,,,POINT (-76.979643 38.845732),,6239.0,0.0,tertiary,
,6419,49841191,-76.976262,38.843818,,,POINT (-76.976262 38.843818),,6240.0,0.0,secondary,
,6420,49844371,-76.988507,38.8398291,,,POINT (-76.988507 38.8398291),,6241.0,0.0,secondary,
,6421,12174026419,-76.9937337,38.8388013,,,POINT (-76.9937337 38.8388013),,6242.0,0.0,secondary,
,6422,49791126,-76.9935536,38.8388116,,,POINT (-76.9935536 38.8388116),,6243.0,0.0,secondary,
,6423,49871225,-76.998431,38.837555,,,POINT (-76.998431 38.837555),,6244.0,0.0,secondary,
,6424,9908441560,-76.9308591,38.8761296,,,POINT (-76.9308591 38.8761296),,6245.0,0.0,secondary,
,6425,49739655,-76.9220229,38.8864185,,,POINT (-76.9220229 38.8864185),,6246.0,0.0,secondary,
,6426,3373614208,-77.083786,38.943164,,,POINT (-77.083786 38.943164),,6247.0,0.0,secondary,
,6427,49812221,-77.088634,38.9431699,,,POINT (-77.088634 38.9431699),,6248.0,0.0,secondary,
,6428,3373614210,-77.082043,38.943164,,,POINT (-77.082043 38.943164),,6249.0,0.0,secondary,
,6429,49748399,-77.0678282,38.9059293,,,POINT (-77.0678282 38.9059293),,6250.0,0.0,tertiary,
,6430,49748081,-77.017635,38.917855,,,POINT (-77.017635 38.917855),,6251.0,0.0,tertiary,
,6431,49748084,-77.017716,38.918375,,,POINT (-77.017716 38.918375),,6252.0,0.0,tertiary,
,6432,49799667,-77.0121669,38.8973405,,,POINT (-77.0121669 38.8973405),,6253.0,0.0,tertiary,
,6433,11186065335,-77.0310895,38.990118,,,POINT (-77.0310895 38.990118),,6254.0,2.0,tertiary,
,6434,3240030440,-77.0060983,38.8958515,,,POINT (-77.0060983 38.8958515),,6255.0,0.0,primary,
,6435,49813088,-77.0569216,38.9146633,,,POINT (-77.0569216 38.9146633),,6256.0,0.0,primary,
,6436,9444161683,-77.052985,38.9123339,,,POINT (-77.052985 38.9123339),,6257.0,0.0,primary,
,6437,10014127921,-77.0508679,38.8900999,,,POINT (-77.0508679 38.8900999),,6258.0,0.0,primary,
,6438,641112590,-77.0566434,38.9031871,,,POINT (-77.0566434 38.9031871),,6259.0,0.0,primary,
,6439,10572736157,-77.0440415,38.9092441,,,POINT (-77.0440415 38.9092441),,6260.0,0.0,primary,
,6440,4832335922,-77.0576395,38.9335058,,,POINT (-77.0576395 38.9335058),,6261.0,0.0,tertiary,
,6441,1004809316,-77.0593903,38.9367991,,,POINT (-77.0593903 38.9367991),,6262.0,0.0,tertiary,
,6442,3151812441,-77.012162,38.901319,,,POINT (-77.012162 38.901319),,6263.0,0.0,tertiary,
,6443,3001288930,-77.01217,38.9002185,,,POINT (-77.01217 38.9002185),,6264.0,0.0,primary,
,6444,49788050,-76.9883032,38.8981486,,,POINT (-76.9883032 38.8981486),,6265.0,0.0,primary,
,6445,49763125,-76.988311,38.894785,,,POINT (-76.988311 38.894785),,6266.0,0.0,tertiary,
,6446,49774087,-76.994961,38.900203,,,POINT (-76.994961 38.900203),,6267.0,0.0,primary,
,6447,5445277085,-76.994961,38.9005885,,,POINT (-76.994961 38.9005885),,6268.0,0.0,secondary,
,6448,49767437,-76.996167,38.9002024,,,POINT (-76.996167 38.9002024),,6269.0,0.0,primary,
,6449,3895725651,-76.9883086,38.9005359,,,POINT (-76.9883086 38.9005359),,6270.0,0.0,tertiary,
,6450,2714447360,-76.987143,38.9001993,,,POINT (-76.987143 38.9001993),,6271.0,0.0,primary,
,6451,9124429546,-77.0429415,38.9090275,,,POINT (-77.0429415 38.9090275),,6272.0,0.0,primary,
,6452,49777682,-77.0448946,38.8995837,,,POINT (-77.0448946 38.8995837),,6273.0,0.0,tertiary,
,6453,12169327810,-77.044892,38.9001937,,,POINT (-77.044892 38.9001937),,6274.0,0.0,tertiary,
,6454,12169327806,-77.044773,38.8995841,,,POINT (-77.044773 38.8995841),,6275.0,0.0,tertiary,
,6455,49754499,-76.9874083,38.9015712,,,POINT (-76.9874083 38.9015712),,6276.0,0.0,primary,
,6456,49829335,-76.9866697,38.9012559,,,POINT (-76.9866697 38.9012559),,6277.0,0.0,primary,
,6457,11463513159,-76.9865871,38.901221,,,POINT (-76.9865871 38.901221),,6278.0,0.0,primary,
,6458,4884151658,-77.0586536,38.8860481,,,POINT (-77.0586536 38.8860481),,6279.0,0.0,motorway,
,6459,49740162,-77.0455936,38.9313181,,,POINT (-77.0455936 38.9313181),,6280.0,0.0,secondary,
,6460,4894487931,-77.0537972,38.8973692,,,POINT (-77.0537972 38.8973692),,6281.0,1.0,tertiary,
,6461,641067963,-77.053712,38.8971037,,,POINT (-77.053712 38.8971037),,6282.0,0.0,tertiary,
,6463,645963249,-77.0089218,38.90723,,,POINT (-77.0089218 38.90723),,6284.0,0.0,primary,
,6464,8645990301,-77.0160472,38.9001376,,,POINT (-77.0160472 38.9001376),,6285.0,0.0,motorway,
,6465,4953538420,-77.0152294,38.8998576,,,POINT (-77.0152294 38.8998576),,6286.0,0.0,motorway,
,6466,49800652,-77.074137,38.929318,,,POINT (-77.074137 38.929318),,6287.0,0.0,primary,
,6467,49765797,-77.074722,38.9297507,,,POINT (-77.074722 38.9297507),,6288.0,0.0,primary,
,6468,49748269,-77.0663824,38.9247241,,,POINT (-77.0663824 38.9247241),,6289.0,0.0,tertiary,
,6469,3657251450,-77.0846189,38.9616477,,,POINT (-77.0846189 38.9616477),,6290.0,0.0,primary,
,6470,49755803,-77.0823971,38.908633,,,POINT (-77.0823971 38.908633),,6291.0,0.0,secondary,
,6471,49720124,-77.0813411,38.9072043,,,POINT (-77.0813411 38.9072043),,6292.0,0.0,secondary,
,6472,49743179,-77.091776,38.913381,,,POINT (-77.091776 38.913381),,6293.0,0.0,secondary,
,6473,2896020558,-77.1016748,38.9253519,,,POINT (-77.1016748 38.9253519),,6294.0,0.0,secondary,
,6474,49742784,-77.102886,38.9262604,,,POINT (-77.102886 38.9262604),,6295.0,0.0,secondary,
,6475,49742780,-77.1017921,38.9252698,,,POINT (-77.1017921 38.9252698),,6296.0,0.0,secondary,
,6476,49742771,-77.1014591,38.9249278,,,POINT (-77.1014591 38.9249278),,6297.0,0.0,secondary,
,6477,49778302,-77.1013534,38.925029,,,POINT (-77.1013534 38.925029),,6298.0,0.0,secondary,
,6478,49751203,-77.073188,38.924696,,,POINT (-77.073188 38.924696),,6299.0,0.0,primary,
,6479,4965897608,-77.0731902,38.9252958,,,POINT (-77.0731902 38.9252958),,6300.0,0.0,primary,
,6480,4448669431,-77.0731884,38.9244327,,,POINT (-77.0731884 38.9244327),,6301.0,0.0,primary,
,6481,49885650,-77.073188,38.9261817,,,POINT (-77.073188 38.9261817),,6302.0,0.0,primary,
,6482,49769797,-77.067331,38.924317,,,POINT (-77.067331 38.924317),,6303.0,0.0,tertiary,
,6483,49769771,-77.069003,38.923857,,,POINT (-77.069003 38.923857),,6304.0,0.0,tertiary,
,6484,49820885,-77.075573,38.964903,,,POINT (-77.075573 38.964903),,6305.0,0.0,primary,
,6485,49797955,-77.027496,38.960814,,,POINT (-77.027496 38.960814),,6306.0,0.0,primary,
,6486,49802633,-77.010967,38.9627037,,,POINT (-77.010967 38.9627037),,6307.0,0.0,secondary,
,6490,4968093134,-77.0090908,38.9129751,,,POINT (-77.0090908 38.9129751),,6311.0,0.0,primary,
,6491,647044610,-77.009092,38.9133406,,,POINT (-77.009092 38.9133406),,6312.0,0.0,primary,
,6492,639285546,-77.0468872,38.9912563,,,POINT (-77.0468872 38.9912563),,6313.0,0.0,tertiary,
,6493,646031210,-76.9852398,38.9156637,,,POINT (-76.9852398 38.9156637),,6314.0,0.0,trunk,
,6494,646031237,-76.9879373,38.9147319,,,POINT (-76.9879373 38.9147319),,6315.0,0.0,trunk,
,6495,646031258,-76.9891507,38.9143138,,,POINT (-76.9891507 38.9143138),,6316.0,0.0,trunk,
,6496,49745183,-77.095481,38.953163,,,POINT (-77.095481 38.953163),,6317.0,0.0,primary,
,6497,3900798863,-77.096397,38.952449,,,POINT (-77.096397 38.952449),,6318.0,0.0,primary,
,6498,11267271746,-77.036403,38.9527655,,,POINT (-77.036403 38.9527655),,6319.0,0.0,primary,
,6499,49836761,-77.0787257,38.9479117,,,POINT (-77.0787257 38.9479117),,6320.0,0.0,tertiary,
,6500,49761656,-77.0746538,38.9510759,,,POINT (-77.0746538 38.9510759),,6321.0,0.0,primary,
,6501,49761678,-77.0715702,38.9546927,,,POINT (-77.0715702 38.9546927),,6322.0,0.0,primary,
,6502,49860465,-77.076834,38.95836,,,POINT (-77.076834 38.95836),,6323.0,0.0,tertiary,
,6503,12179423002,-77.077145,38.958518,,,POINT (-77.077145 38.958518),,6324.0,0.0,tertiary,
,6504,12762192024,-76.995346,38.9025146,,,POINT (-76.995346 38.9025146),,6325.0,0.0,secondary,
,6505,5441306659,-77.0091021,38.9017095,,,POINT (-77.0091021 38.9017095),,6326.0,0.0,primary,
,6506,2790623981,-77.0261249,38.9014858,,,POINT (-77.0261249 38.9014858),,6327.0,0.0,primary,
,6507,12193815121,-77.0454118,38.9025286,,,POINT (-77.0454118 38.9025286),,6328.0,0.0,trunk,
,6508,49729677,-77.0494689,38.9027349,,,POINT (-77.0494689 38.9027349),,6329.0,0.0,primary,
,6509,12169205715,-77.0498537,38.8968854,,,POINT (-77.0498537 38.8968854),,6330.0,0.0,primary,
,6510,9622473644,-77.0489955,38.8964219,,,POINT (-77.0489955 38.8964219),,6331.0,0.0,primary,
,6511,641127586,-77.0488632,38.8965798,,,POINT (-77.0488632 38.8965798),,6332.0,0.0,primary,
,6512,12169205733,-77.0498896,38.8971382,,,POINT (-77.0498896 38.8971382),,6333.0,0.0,primary,
,6514,641127587,-77.0501456,38.8972765,,,POINT (-77.0501456 38.8972765),,6335.0,0.0,primary,
,6516,11260344028,-77.0430685,38.8933925,,,POINT (-77.0430685 38.8933925),,6337.0,0.0,primary,
,6517,12169187796,-77.0475451,38.8956949,,,POINT (-77.0475451 38.8956949),,6338.0,0.0,primary,
,6518,876615378,-77.0261191,38.9013617,,,POINT (-77.0261191 38.9013617),,6339.0,0.0,primary,
,6519,9590190367,-76.991522,38.8898706,,,POINT (-76.991522 38.8898706),,6340.0,0.0,primary,
,6520,5556599908,-77.0090168,38.9007461,,,POINT (-77.0090168 38.9007461),,6341.0,0.0,primary,
,6521,647026292,-77.0090171,38.9013508,,,POINT (-77.0090171 38.9013508),,6342.0,0.0,primary,
,6522,49765184,-77.0438863,38.909133,,,POINT (-77.0438863 38.909133),,6343.0,0.0,primary,
,6523,49882334,-77.0437169,38.9102315,,,POINT (-77.0437169 38.9102315),,6344.0,0.0,primary,
,6524,642334076,-76.9937648,38.8765372,,,POINT (-76.9937648 38.8765372),,6345.0,0.0,primary,
,6525,9695069778,-76.9944087,38.8765361,,,POINT (-76.9944087 38.8765361),,6346.0,0.0,primary,
,6526,4325552566,-77.0280988,38.9026387,,,POINT (-77.0280988 38.9026387),,6347.0,0.0,secondary,
,6527,49843632,-77.0328709,38.8895171,,,POINT (-77.0328709 38.8895171),,6348.0,0.0,secondary,
,6528,49817467,-77.0365163,38.9126082,,,POINT (-77.0365163 38.9126082),,6349.0,0.0,primary,
,6529,11831784023,-77.0081553,38.8449482,,,POINT (-77.0081553 38.8449482),,6350.0,0.0,primary,
,6530,9750529765,-76.9637336,38.9168992,,,POINT (-76.9637336 38.9168992),,6351.0,1.0,motorway,
,6531,5024123751,-77.0108857,38.8937973,,,POINT (-77.0108857 38.8937973),,6352.0,0.0,secondary,
,6532,49758454,-77.0111933,38.8935788,,,POINT (-77.0111933 38.8935788),,6353.0,0.0,secondary,
,6533,12754139447,-77.0118434,38.8931018,,,POINT (-77.0118434 38.8931018),,6354.0,0.0,secondary,
,6534,5024123752,-77.0126945,38.8924902,,,POINT (-77.0126945 38.8924902),,6355.0,0.0,secondary,
,6535,5024123753,-77.009861,38.8945345,,,POINT (-77.009861 38.8945345),,6356.0,0.0,secondary,
,6536,8893804388,-77.0224214,38.9096389,,,POINT (-77.0224214 38.9096389),,6357.0,0.0,tertiary,
,6537,49780078,-77.0239748,38.9096391,,,POINT (-77.0239748 38.9096391),,6358.0,0.0,primary,
,6538,5250644776,-76.9838588,38.916025,,,POINT (-76.9838588 38.916025),,6359.0,0.0,trunk,
,6539,5032926942,-76.9832604,38.9149891,,,POINT (-76.9832604 38.9149891),,6360.0,-1.0,tertiary,
,6540,5039476872,-77.0090081,38.9074961,,,POINT (-77.0090081 38.9074961),,6361.0,0.0,primary,
,6541,5039476870,-77.0090958,38.9071736,,,POINT (-77.0090958 38.9071736),,6362.0,0.0,primary,
,6542,6487879210,-77.0090104,38.9091505,,,POINT (-77.0090104 38.9091505),,6363.0,0.0,primary,
,6543,49774081,-76.9984507,38.9002082,,,POINT (-76.9984507 38.9002082),,6364.0,0.0,primary,
,6544,3005815345,-77.0185546,38.8875735,,,POINT (-77.0185546 38.8875735),,6365.0,0.0,primary,
,6545,3005815346,-77.0188378,38.8875731,,,POINT (-77.0188378 38.8875731),,6366.0,0.0,primary,
,6546,4807494214,-77.0407766,38.9096535,,,POINT (-77.0407766 38.9096535),,6367.0,0.0,secondary,
,6547,11261031486,-77.0346034,38.9026446,,,POINT (-77.0346034 38.9026446),,6368.0,0.0,secondary,
,6548,2791594473,-77.0021334,38.8898264,,,POINT (-77.0021334 38.8898264),,6369.0,0.0,secondary,
,6549,49839912,-76.9926475,38.8898124,,,POINT (-76.9926475 38.8898124),,6370.0,0.0,secondary,
,6550,1379471223,-77.0464158,38.9158682,,,POINT (-77.0464158 38.9158682),,6371.0,0.0,primary,
,6551,1379471147,-77.0463216,38.9148468,,,POINT (-77.0463216 38.9148468),,6372.0,0.0,primary,
,6552,49791750,-77.0434248,38.9155885,,,POINT (-77.0434248 38.9155885),,6373.0,0.0,tertiary,
,6553,3798943044,-77.086752,38.953315,,,POINT (-77.086752 38.953315),,6374.0,0.0,secondary,
,6554,3798943042,-77.0878381,38.9540902,,,POINT (-77.0878381 38.9540902),,6375.0,0.0,secondary,
,6556,12169327827,-77.0450769,38.9023984,,,POINT (-77.0450769 38.9023984),,6377.0,0.0,tertiary,
,6558,1379495897,-77.0398377,38.9036001,,,POINT (-77.0398377 38.9036001),,6379.0,0.0,primary,
,6559,10148005826,-77.0388691,38.932563,,,POINT (-77.0388691 38.932563),,6380.0,0.0,secondary,
,6560,12290457360,-77.0098253,38.8839722,,,POINT (-77.0098253 38.8839722),,6381.0,0.0,primary,
,6561,3007959507,-77.0501407,38.8932174,,,POINT (-77.0501407 38.8932174),,6382.0,0.0,primary,
,6562,10280525302,-77.0501398,38.8932976,,,POINT (-77.0501398 38.8932976),,6383.0,0.0,primary,
,6563,49826596,-76.998481,38.8798967,,,POINT (-76.998481 38.8798967),,6384.0,0.0,secondary,
,6564,9124429529,-77.0443395,38.9099195,,,POINT (-77.0443395 38.9099195),,6385.0,0.0,primary,
,6565,1243974278,-77.042537,38.9093692,,,POINT (-77.042537 38.9093692),,6386.0,0.0,primary,
,6566,6438732907,-77.0295138,38.9102921,,,POINT (-77.0295138 38.9102921),,6387.0,0.0,tertiary,
,6567,3667951404,-77.0073146,38.9551644,,,POINT (-77.0073146 38.9551644),,6388.0,0.0,primary,
,6568,49821610,-77.004382,38.940739,,,POINT (-77.004382 38.940739),,6389.0,0.0,secondary,
,6569,49868903,-77.002036,38.913338,,,POINT (-77.002036 38.913338),,6390.0,0.0,tertiary,
,6570,49771354,-77.002036,38.914081,,,POINT (-77.002036 38.914081),,6391.0,0.0,tertiary,
,6571,646031256,-76.9890972,38.9142187,,,POINT (-76.9890972 38.9142187),,6392.0,0.0,trunk,
,6572,646031235,-76.987881,38.914636,,,POINT (-76.987881 38.914636),,6393.0,0.0,trunk,
,6573,646031208,-76.9851846,38.915566,,,POINT (-76.9851846 38.915566),,6394.0,0.0,trunk,
,6574,12171149489,-77.0076785,38.8291102,,,POINT (-77.0076785 38.8291102),,6395.0,0.0,primary,
,6575,49716604,-77.0059048,38.8239933,,,POINT (-77.0059048 38.8239933),,6396.0,0.0,primary,
,6576,12171170603,-77.0057193,38.823823,,,POINT (-77.0057193 38.823823),,6397.0,0.0,primary,
,6577,12171170608,-77.005494,38.8236458,,,POINT (-77.005494 38.8236458),,6398.0,0.0,primary,
,6578,12171149487,-77.0076775,38.829319,,,POINT (-77.0076775 38.829319),,6399.0,0.0,primary,
,6579,49755787,-77.069847,38.926181,,,POINT (-77.069847 38.926181),,6400.0,0.0,primary,
,6580,49809700,-77.0244565,38.9170068,,,POINT (-77.0244565 38.9170068),,6401.0,0.0,primary,
,6581,1017379708,-77.0259932,38.9170074,,,POINT (-77.0259932 38.9170074),,6402.0,0.0,primary,
,6584,49809715,-77.028084,38.9170073,,,POINT (-77.028084 38.9170073),,6405.0,0.0,primary,
,6585,49877989,-77.0158579,38.9136951,,,POINT (-77.0158579 38.9136951),,6406.0,0.0,primary,
,6586,49748066,-77.0160966,38.9137979,,,POINT (-77.0160966 38.9137979),,6407.0,0.0,primary,
,6587,49745204,-77.0319533,38.9118745,,,POINT (-77.0319533 38.9118745),,6408.0,0.0,primary,
,6588,9136773219,-77.0319537,38.9101368,,,POINT (-77.0319537 38.9101368),,6409.0,0.0,primary,
,6590,49845830,-77.0611874,38.9052025,,,POINT (-77.0611874 38.9052025),,6411.0,0.0,primary,
,6591,4071964703,-77.0619685,38.9051914,,,POINT (-77.0619685 38.9051914),,6412.0,0.0,primary,
,6592,49761391,-77.0549495,38.9105901,,,POINT (-77.0549495 38.9105901),,6413.0,0.0,tertiary,
,6593,12417038886,-77.0730946,38.9290953,,,POINT (-77.0730946 38.9290953),,6414.0,0.0,primary,
,6596,49823141,-77.0726513,38.9318659,,,POINT (-77.0726513 38.9318659),,6417.0,0.0,primary,
,6597,49758546,-77.0365136,38.9148413,,,POINT (-77.0365136 38.9148413),,6418.0,0.0,primary,
,6598,49742331,-76.9961665,38.8920183,,,POINT (-76.9961665 38.8920183),,6419.0,0.0,secondary,
,6599,49765088,-77.0406688,38.9126108,,,POINT (-77.0406688 38.9126108),,6420.0,0.0,secondary,
,6600,49817489,-77.0416551,38.912608,,,POINT (-77.0416551 38.912608),,6421.0,0.0,secondary,
,6601,49770684,-77.038494,38.91261,,,POINT (-77.038494 38.91261),,6422.0,0.0,secondary,
,6602,3215048675,-77.0035105,38.897247,,,POINT (-77.0035105 38.897247),,6423.0,0.0,tertiary,
,6603,49797275,-77.0002833,38.8430066,,,POINT (-77.0002833 38.8430066),,6424.0,0.0,secondary,
,6604,647057824,-77.0071466,38.9310436,,,POINT (-77.0071466 38.9310436),,6425.0,0.0,primary,
,6605,49847197,-77.008979,38.9258382,,,POINT (-77.008979 38.9258382),,6426.0,0.0,primary,
,6606,49804397,-77.065264,38.9334888,,,POINT (-77.065264 38.9334888),,6427.0,0.0,tertiary,
,6607,49877877,-77.0264634,38.9206939,,,POINT (-77.0264634 38.9206939),,6428.0,0.0,secondary,
,6608,3705283133,-77.0848912,38.9617824,,,POINT (-77.0848912 38.9617824),,6429.0,1.0,tertiary,
,6609,3705283134,-77.0848226,38.9618485,,,POINT (-77.0848226 38.9618485),,6430.0,-1.0,tertiary,
,6610,49770764,-77.0394649,38.8973611,,,POINT (-77.0394649 38.8973611),,6431.0,0.0,primary,
,6611,49762225,-77.0394601,38.8983363,,,POINT (-77.0394601 38.8983363),,6432.0,0.0,primary,
,6612,2999157096,-77.0394638,38.8979219,,,POINT (-77.0394638 38.8979219),,6433.0,0.0,primary,
,6613,3366676353,-77.0172399,38.9574536,,,POINT (-77.0172399 38.9574536),,6434.0,0.0,primary,
,6614,49747960,-77.017874,38.95766,,,POINT (-77.017874 38.95766),,6435.0,0.0,primary,
,6615,49772362,-76.9855074,38.8800656,,,POINT (-76.9855074 38.8800656),,6436.0,0.0,tertiary,
,6616,850178616,-76.9889939,38.9466609,,,POINT (-76.9889939 38.9466609),,6437.0,0.0,secondary,
,6617,5220460249,-76.989217,38.9469042,,,POINT (-76.989217 38.9469042),,6438.0,0.0,primary,
,6618,4059272468,-76.9901943,38.9476049,,,POINT (-76.9901943 38.9476049),,6439.0,0.0,primary,
,6619,49881918,-77.002766,38.9648484,,,POINT (-77.002766 38.9648484),,6440.0,0.0,tertiary,
,6620,1502527421,-77.0030064,38.9586007,,,POINT (-77.0030064 38.9586007),,6441.0,2.0,tertiary,
,6621,5235719311,-76.9750448,38.8893907,,,POINT (-76.9750448 38.8893907),,6442.0,1.0,secondary,
,6622,5235719312,-76.9749065,38.8894863,,,POINT (-76.9749065 38.8894863),,6443.0,0.0,secondary,
,6623,49727444,-76.9738292,38.8897878,,,POINT (-76.9738292 38.8897878),,6444.0,0.0,primary,
,6624,49759074,-76.9738302,38.8893931,,,POINT (-76.9738302 38.8893931),,6445.0,0.0,primary,
,6625,8636981258,-77.0014472,38.9325233,,,POINT (-77.0014472 38.9325233),,6446.0,0.0,tertiary,
,6626,1109925312,-77.0018177,38.9345357,,,POINT (-77.0018177 38.9345357),,6447.0,0.0,tertiary,
,6627,49863421,-77.050101,38.9072484,,,POINT (-77.050101 38.9072484),,6448.0,0.0,primary,
,6628,49775489,-77.0369717,38.9072381,,,POINT (-77.0369717 38.9072381),,6449.0,0.0,primary,
,6629,12169254203,-77.0415522,38.8983405,,,POINT (-77.0415522 38.8983405),,6450.0,0.0,tertiary,
,6630,5277489253,-76.9886336,38.8708994,,,POINT (-76.9886336 38.8708994),,6451.0,0.0,motorway,
,6631,5277489271,-76.9888488,38.8710593,,,POINT (-76.9888488 38.8710593),,6452.0,0.0,motorway,
,6632,5277489310,-76.9820729,38.8718487,,,POINT (-76.9820729 38.8718487),,6453.0,0.0,motorway,
,6633,5277489311,-76.9842777,38.8708046,,,POINT (-76.9842777 38.8708046),,6454.0,0.0,motorway,
,6634,8741503920,-76.9845352,38.870695,,,POINT (-76.9845352 38.870695),,6455.0,0.0,motorway,
,6635,5277494631,-76.9874919,38.8701542,,,POINT (-76.9874919 38.8701542),,6456.0,0.0,motorway,
,6636,5277494650,-76.9901188,38.8722569,,,POINT (-76.9901188 38.8722569),,6457.0,0.0,motorway,
,6637,5277494654,-76.9911602,38.874105,,,POINT (-76.9911602 38.874105),,6458.0,0.0,motorway,
,6640,12350900371,-76.9920713,38.8764513,,,POINT (-76.9920713 38.8764513),,6461.0,0.0,primary,
,6641,9730043296,-76.9921689,38.8765472,,,POINT (-76.9921689 38.8765472),,6462.0,0.0,primary,
,6642,5277494822,-76.9915036,38.8766229,,,POINT (-76.9915036 38.8766229),,6463.0,0.0,primary,
,6643,12453231072,-76.9915122,38.8769722,,,POINT (-76.9915122 38.8769722),,6464.0,0.0,primary,
,6644,5277494845,-76.9915775,38.8756168,,,POINT (-76.9915775 38.8756168),,6465.0,0.0,secondary,
,6645,5277494846,-76.991575,38.8752034,,,POINT (-76.991575 38.8752034),,6466.0,0.0,secondary,
,6646,5277494848,-76.9915715,38.8746166,,,POINT (-76.9915715 38.8746166),,6467.0,0.0,secondary,
,6647,5277494919,-76.9915733,38.8741394,,,POINT (-76.9915733 38.8741394),,6468.0,0.0,secondary,
,6648,5277494916,-76.9914671,38.8738051,,,POINT (-76.9914671 38.8738051),,6469.0,0.0,secondary,
,6649,5277494893,-76.9912776,38.8733041,,,POINT (-76.9912776 38.8733041),,6470.0,0.0,secondary,
,6650,5277494901,-76.9912447,38.8733843,,,POINT (-76.9912447 38.8733843),,6471.0,0.0,secondary,
,6651,5277494850,-76.9914207,38.8746323,,,POINT (-76.9914207 38.8746323),,6472.0,0.0,secondary,
,6652,5277494853,-76.9914244,38.875301,,,POINT (-76.9914244 38.875301),,6473.0,0.0,secondary,
,6653,5277494894,-76.9913647,38.873891,,,POINT (-76.9913647 38.873891),,6474.0,0.0,secondary,
,6654,1441353964,-76.991626,38.8733033,,,POINT (-76.991626 38.8733033),,6475.0,-1.0,secondary,
,6655,5277494923,-76.9884086,38.8691628,,,POINT (-76.9884086 38.8691628),,6476.0,0.0,secondary,
,6656,5277494925,-76.9882849,38.8689747,,,POINT (-76.9882849 38.8689747),,6477.0,0.0,secondary,
,6657,5277494924,-76.988595,38.8694463,,,POINT (-76.988595 38.8694463),,6478.0,0.0,secondary,
,6658,5277494926,-76.9887114,38.8696231,,,POINT (-76.9887114 38.8696231),,6479.0,0.0,secondary,
,6659,5277494968,-76.9893338,38.8704529,,,POINT (-76.9893338 38.8704529),,6480.0,0.0,secondary,
,6660,5277494927,-76.9890956,38.8701794,,,POINT (-76.9890956 38.8701794),,6481.0,0.0,secondary,
,6661,5277494962,-76.9909922,38.8726283,,,POINT (-76.9909922 38.8726283),,6482.0,0.0,secondary,
,6662,5277494958,-76.991153,38.8729528,,,POINT (-76.991153 38.8729528),,6483.0,0.0,secondary,
,6663,5277583855,-76.9841772,38.8732256,,,POINT (-76.9841772 38.8732256),,6484.0,0.0,tertiary,
,6664,5277583997,-76.9870035,38.8717816,,,POINT (-76.9870035 38.8717816),,6485.0,0.0,tertiary,
,6665,5277583796,-76.9875272,38.8715062,,,POINT (-76.9875272 38.8715062),,6486.0,0.0,tertiary,
,6666,5277583868,-76.9785537,38.8753162,,,POINT (-76.9785537 38.8753162),,6487.0,0.0,tertiary,
,6667,5277583938,-76.9828781,38.8737863,,,POINT (-76.9828781 38.8737863),,6488.0,0.0,tertiary,
,6668,49864018,-76.9885494,38.8710501,,,POINT (-76.9885494 38.8710501),,6489.0,0.0,tertiary,
,6669,2178941377,-77.0480851,38.8869461,,,POINT (-77.0480851 38.8869461),,6490.0,0.0,primary,
,6670,12369816176,-77.0477109,38.8869282,,,POINT (-77.0477109 38.8869282),,6491.0,0.0,primary,
,6671,12218404687,-77.0454456,38.8868414,,,POINT (-77.0454456 38.8868414),,6492.0,0.0,primary,
,6672,49892134,-76.998837,38.954188,,,POINT (-76.998837 38.954188),,6493.0,0.0,primary,
,6673,5301966780,-77.0257859,38.8830855,,,POINT (-77.0257859 38.8830855),,6494.0,0.0,tertiary,
,6674,5301966806,-77.0262298,38.8835904,,,POINT (-77.0262298 38.8835904),,6495.0,0.0,tertiary,
,6675,5301966803,-77.026176,38.883121,,,POINT (-77.026176 38.883121),,6496.0,0.0,tertiary,
,6676,49781894,-77.0731855,38.9236175,,,POINT (-77.0731855 38.9236175),,6497.0,0.0,primary,
,6677,49741107,-76.998071,38.910609,,,POINT (-76.998071 38.910609),,6498.0,0.0,tertiary,
,6679,4000914325,-76.9599461,38.9217202,,,POINT (-76.9599461 38.9217202),,6500.0,0.0,primary,
,6681,9838395405,-76.9517314,38.9221812,,,POINT (-76.9517314 38.9221812),,6502.0,0.0,tertiary,
,6682,10182976580,-77.0509954,38.9336035,,,POINT (-77.0509954 38.9336035),,6503.0,0.0,secondary,
,6683,49732116,-77.0637097,38.9721662,,,POINT (-77.0637097 38.9721662),,6504.0,0.0,tertiary,
,6684,49858507,-77.064188,38.972838,,,POINT (-77.064188 38.972838),,6505.0,0.0,tertiary,
,6685,49739833,-77.0648051,38.9737062,,,POINT (-77.0648051 38.9737062),,6506.0,0.0,tertiary,
,6686,49760355,-76.9807564,38.8792551,,,POINT (-76.9807564 38.8792551),,6507.0,0.0,tertiary,
,6687,646190572,-76.9818363,38.8784949,,,POINT (-76.9818363 38.8784949),,6508.0,-1.0,primary,
,6688,49776426,-76.9793031,38.8853612,,,POINT (-76.9793031 38.8853612),,6509.0,0.0,tertiary,
,6689,49762897,-76.9790006,38.8852358,,,POINT (-76.9790006 38.8852358),,6510.0,0.0,tertiary,
,6690,49778662,-76.9660387,38.9244091,,,POINT (-76.9660387 38.9244091),,6511.0,0.0,primary,
,6691,49792095,-76.9569671,38.8843833,,,POINT (-76.9569671 38.8843833),,6512.0,0.0,secondary,
,6692,49814787,-76.95467,38.887583,,,POINT (-76.95467 38.887583),,6513.0,0.0,secondary,
,6693,5343233829,-76.9789903,38.9062211,,,POINT (-76.9789903 38.9062211),,6514.0,0.0,secondary,
,6694,49717411,-77.0207311,38.9585939,,,POINT (-77.0207311 38.9585939),,6515.0,0.0,primary,
,6696,3366676344,-77.0136546,38.9562967,,,POINT (-77.0136546 38.9562967),,6517.0,0.0,primary,
,6697,9207829394,-77.0139569,38.9564494,,,POINT (-77.0139569 38.9564494),,6518.0,0.0,primary,
,6698,49754685,-77.03015,38.948259,,,POINT (-77.03015 38.948259),,6519.0,0.0,secondary,
,6699,5354789656,-77.0142634,38.9576532,,,POINT (-77.0142634 38.9576532),,6520.0,0.0,tertiary,
,6700,7961840678,-77.0146976,38.957074,,,POINT (-77.0146976 38.957074),,6521.0,0.0,tertiary,
,6701,5354789679,-77.0123503,38.9602101,,,POINT (-77.0123503 38.9602101),,6522.0,0.0,tertiary,
,6702,5354789663,-77.0134678,38.9587278,,,POINT (-77.0134678 38.9587278),,6523.0,0.0,tertiary,
,6703,49860372,-77.008963,38.96479,,,POINT (-77.008963 38.96479),,6524.0,0.0,tertiary,
,6704,49810634,-77.0088988,38.9647252,,,POINT (-77.0088988 38.9647252),,6525.0,0.0,tertiary,
,6705,5354789676,-77.0105425,38.9626848,,,POINT (-77.0105425 38.9626848),,6526.0,0.0,tertiary,
,6708,5354789678,-77.0110407,38.9620057,,,POINT (-77.0110407 38.9620057),,6529.0,0.0,tertiary,
,6709,10166805896,-77.0112259,38.9617518,,,POINT (-77.0112259 38.9617518),,6530.0,0.0,tertiary,
,6710,2587508256,-77.0122956,38.9601853,,,POINT (-77.0122956 38.9601853),,6531.0,0.0,tertiary,
,6711,8428067915,-77.0072897,38.9592253,,,POINT (-77.0072897 38.9592253),,6532.0,0.0,primary,
,6712,49825725,-77.002595,38.96495,,,POINT (-77.002595 38.96495),,6533.0,0.0,tertiary,
,6713,49757367,-76.99536,38.933492,,,POINT (-76.99536 38.933492),,6534.0,0.0,primary,
,6714,644537712,-77.0210697,38.9587032,,,POINT (-77.0210697 38.9587032),,6535.0,0.0,primary,
,6716,49797803,-77.0320154,38.9618465,,,POINT (-77.0320154 38.9618465),,6537.0,0.0,primary,
,6717,49800612,-77.068694,38.925341,,,POINT (-77.068694 38.925341),,6538.0,0.0,primary,
,6718,5380888633,-77.0871146,38.9364794,,,POINT (-77.0871146 38.9364794),,6539.0,0.0,primary,
,6719,12220739220,-77.0864615,38.9372509,,,POINT (-77.0864615 38.9372509),,6540.0,0.0,primary,
,6721,49754177,-77.013667,38.869477,,,POINT (-77.013667 38.869477),,6542.0,0.0,tertiary,
,6722,49734010,-77.0136716,38.8646445,,,POINT (-77.0136716 38.8646445),,6543.0,2.0,tertiary,
,6723,49789269,-77.02469,38.938684,,,POINT (-77.02469 38.938684),,6544.0,0.0,trunk,
,6724,49789272,-77.024767,38.938984,,,POINT (-77.024767 38.938984),,6545.0,0.0,trunk,
,6725,49789264,-77.0245001,38.9376099,,,POINT (-77.0245001 38.9376099),,6546.0,0.0,trunk,
,6726,4629567001,-77.0682718,38.9050633,,,POINT (-77.0682718 38.9050633),,6547.0,0.0,primary,
,6727,5522619310,-77.031565,38.9058219,,,POINT (-77.031565 38.9058219),,6548.0,0.0,primary,
,6728,9206605755,-77.0110471,38.8982856,,,POINT (-77.0110471 38.8982856),,6549.0,0.0,primary,
,6729,11263001098,-77.00907,38.8953735,,,POINT (-77.00907 38.8953735),,6550.0,0.0,secondary,
,6730,5556599906,-77.0091295,38.8985129,,,POINT (-77.0091295 38.8985129),,6551.0,0.0,primary,
,6731,5556599907,-77.0090173,38.90171,,,POINT (-77.0090173 38.90171),,6552.0,0.0,primary,
,6733,5556599909,-77.009111,38.9007461,,,POINT (-77.009111 38.9007461),,6554.0,0.0,primary,
,6734,8916078775,-77.0091112,38.9006274,,,POINT (-77.0091112 38.9006274),,6555.0,0.0,primary,
,6735,647026202,-77.0090134,38.8989201,,,POINT (-77.0090134 38.8989201),,6556.0,0.0,primary,
,6736,5556601521,-77.002941,38.9002831,,,POINT (-77.002941 38.9002831),,6557.0,0.0,primary,
,6737,8658443302,-77.005115,38.9002817,,,POINT (-77.005115 38.9002817),,6558.0,0.0,primary,
,6738,5556601525,-77.0068338,38.9002711,,,POINT (-77.0068338 38.9002711),,6559.0,0.0,primary,
,6739,5556599919,-77.0084023,38.9002691,,,POINT (-77.0084023 38.9002691),,6560.0,0.0,primary,
,6740,5558800267,-77.0562095,38.8942204,,,POINT (-77.0562095 38.8942204),,6561.0,0.0,primary,
,6741,5558800223,-77.0564139,38.8949561,,,POINT (-77.0564139 38.8949561),,6562.0,0.0,primary,
,6742,5558800268,-77.0564041,38.897034,,,POINT (-77.0564041 38.897034),,6563.0,0.0,primary,
,6743,5558800270,-77.0563565,38.8976668,,,POINT (-77.0563565 38.8976668),,6564.0,0.0,primary,
,6744,5558800272,-77.0568879,38.9002904,,,POINT (-77.0568879 38.9002904),,6565.0,0.0,primary,
,6745,12169234320,-77.0570628,38.9007521,,,POINT (-77.0570628 38.9007521),,6566.0,0.0,primary,
,6746,5558800274,-77.0571948,38.9014025,,,POINT (-77.0571948 38.9014025),,6567.0,0.0,primary,
,6747,5558800275,-77.0571609,38.9016925,,,POINT (-77.0571609 38.9016925),,6568.0,0.0,primary,
,6748,5558800276,-77.0570882,38.9019547,,,POINT (-77.0570882 38.9019547),,6569.0,0.0,primary,
,6749,5558800277,-77.0570587,38.9020335,,,POINT (-77.0570587 38.9020335),,6570.0,0.0,primary,
,6750,5558800278,-77.0569318,38.9023627,,,POINT (-77.0569318 38.9023627),,6571.0,0.0,primary,
,6751,5558800279,-77.0568064,38.9026897,,,POINT (-77.0568064 38.9026897),,6572.0,0.0,primary,
,6752,5558800280,-77.0566912,38.9030078,,,POINT (-77.0566912 38.9030078),,6573.0,0.0,primary,
,6753,638210713,-77.0550442,38.8922965,,,POINT (-77.0550442 38.8922965),,6574.0,0.0,primary,
,6754,9482539466,-77.0560162,38.8939064,,,POINT (-77.0560162 38.8939064),,6575.0,0.0,primary,
,6755,3415851740,-77.006698,38.8765434,,,POINT (-77.006698 38.8765434),,6576.0,0.0,primary,
,6756,1014102329,-77.0158168,38.9554879,,,POINT (-77.0158168 38.9554879),,6577.0,0.0,tertiary,
,6757,5563919613,-76.9782332,38.9079521,,,POINT (-76.9782332 38.9079521),,6578.0,0.0,primary,
,6758,5563919612,-76.9783516,38.9080016,,,POINT (-76.9783516 38.9080016),,6579.0,0.0,primary,
,6759,5563919615,-76.9780764,38.9081947,,,POINT (-76.9780764 38.9081947),,6580.0,0.0,primary,
,6760,5563919614,-76.9781911,38.9082461,,,POINT (-76.9781911 38.9082461),,6581.0,0.0,primary,
,6761,5563919618,-76.9765188,38.9116352,,,POINT (-76.9765188 38.9116352),,6582.0,0.0,primary,
,6762,5563919617,-76.9766415,38.9116585,,,POINT (-76.9766415 38.9116585),,6583.0,0.0,primary,
,6763,5563919621,-76.9742844,38.9152087,,,POINT (-76.9742844 38.9152087),,6584.0,0.0,primary,
,6764,5563919620,-76.9741748,38.9151487,,,POINT (-76.9741748 38.9151487),,6585.0,0.0,primary,
,6765,5563919629,-76.9696321,38.9209065,,,POINT (-76.9696321 38.9209065),,6586.0,0.0,primary,
,6766,9486889399,-76.9794627,38.9063037,,,POINT (-76.9794627 38.9063037),,6587.0,0.0,primary,
,6767,5563919642,-76.9798462,38.9056902,,,POINT (-76.9798462 38.9056902),,6588.0,0.0,primary,
,6768,5563919717,-76.9790112,38.9070014,,,POINT (-76.9790112 38.9070014),,6589.0,0.0,primary,
,6769,5563919720,-76.9733044,38.9164098,,,POINT (-76.9733044 38.9164098),,6590.0,0.0,primary,
,6771,5563919689,-76.9728816,38.916928,,,POINT (-76.9728816 38.916928),,6592.0,0.0,primary,
,6772,5563919622,-76.9731773,38.9165617,,,POINT (-76.9731773 38.9165617),,6593.0,0.0,primary,
,6773,5563919723,-76.9721468,38.9177462,,,POINT (-76.9721468 38.9177462),,6594.0,0.0,primary,
,6774,5563919627,-76.9722021,38.9176914,,,POINT (-76.9722021 38.9176914),,6595.0,0.0,primary,
,6775,49778607,-76.9714873,38.9185377,,,POINT (-76.9714873 38.9185377),,6596.0,0.0,primary,
,6776,5563919725,-76.9683989,38.922417,,,POINT (-76.9683989 38.922417),,6597.0,0.0,primary,
,6777,5563919632,-76.969034,38.9216341,,,POINT (-76.969034 38.9216341),,6598.0,0.0,primary,
,6778,5563919726,-76.9673365,38.9234801,,,POINT (-76.9673365 38.9234801),,6599.0,0.0,primary,
,6779,5563919727,-76.9661239,38.9244641,,,POINT (-76.9661239 38.9244641),,6600.0,0.0,primary,
,6780,5563919636,-76.9665221,38.9241412,,,POINT (-76.9665221 38.9241412),,6601.0,0.0,primary,
,6781,5563919728,-76.9655739,38.9249262,,,POINT (-76.9655739 38.9249262),,6602.0,0.0,primary,
,6782,5564258802,-76.9846935,38.8996556,,,POINT (-76.9846935 38.8996556),,6603.0,0.0,primary,
,6783,5564258801,-76.9846536,38.899592,,,POINT (-76.9846536 38.899592),,6604.0,0.0,primary,
,6784,5564258805,-76.9826881,38.9012876,,,POINT (-76.9826881 38.9012876),,6605.0,0.0,primary,
,6785,5564258807,-76.9821507,38.9021106,,,POINT (-76.9821507 38.9021106),,6606.0,0.0,primary,
,6786,5564258809,-76.9820752,38.9022321,,,POINT (-76.9820752 38.9022321),,6607.0,0.0,primary,
,6787,10966825298,-77.0026245,38.8611691,,,POINT (-77.0026245 38.8611691),,6608.0,0.0,motorway,
,6789,3416130196,-77.009543,38.8720399,,,POINT (-77.009543 38.8720399),,6610.0,0.0,tertiary,
,6790,641939528,-77.0091581,38.8715397,,,POINT (-77.0091581 38.8715397),,6611.0,0.0,primary,
,6791,49766030,-76.978988,38.905629,,,POINT (-76.978988 38.905629),,6612.0,0.0,secondary,
,6792,7260097550,-76.9789877,38.9059952,,,POINT (-76.9789877 38.9059952),,6613.0,0.0,secondary,
,6793,49762286,-77.0501339,38.8983505,,,POINT (-77.0501339 38.8983505),,6614.0,0.0,primary,
,6794,641127621,-77.0518657,38.8983406,,,POINT (-77.0518657 38.8983406),,6615.0,0.0,tertiary,
,6795,12169327824,-77.0447459,38.9026453,,,POINT (-77.0447459 38.9026453),,6616.0,0.0,tertiary,
,6796,5445932385,-76.9329073,38.8928856,,,POINT (-76.9329073 38.8928856),,6617.0,0.0,tertiary,
,6797,49795447,-76.933209,38.895901,,,POINT (-76.933209 38.895901),,6618.0,0.0,tertiary,
,6798,10609138986,-76.9635996,38.9353258,,,POINT (-76.9635996 38.9353258),,6619.0,0.0,secondary,
,6799,648749325,-76.9651234,38.9365297,,,POINT (-76.9651234 38.9365297),,6620.0,2.0,secondary,
,6800,1520613839,-76.9620494,38.9341113,,,POINT (-76.9620494 38.9341113),,6621.0,0.0,secondary,
,6801,1365050103,-76.9617998,38.9339208,,,POINT (-76.9617998 38.9339208),,6622.0,2.0,secondary,
,6802,49755881,-77.0858935,38.913868,,,POINT (-77.0858935 38.913868),,6623.0,0.0,secondary,
,6804,49749865,-76.981916,38.866191,,,POINT (-76.981916 38.866191),,6625.0,0.0,secondary,
,6805,1560163423,-76.9782472,38.8654827,,,POINT (-76.9782472 38.8654827),,6626.0,0.0,secondary,
,6806,49774353,-76.955649,38.856817,,,POINT (-76.955649 38.856817),,6627.0,0.0,secondary,
,6807,12094214391,-76.9607676,38.8790555,,,POINT (-76.9607676 38.8790555),,6628.0,0.0,secondary,
,6808,1447308552,-76.9575221,38.8836324,,,POINT (-76.9575221 38.8836324),,6629.0,0.0,secondary,
,6809,49803048,-76.9611397,38.8785449,,,POINT (-76.9611397 38.8785449),,6630.0,0.0,secondary,
,6810,10014632179,-76.9610522,38.8786621,,,POINT (-76.9610522 38.8786621),,6631.0,0.0,secondary,
,6811,49744587,-76.989507,38.865452,,,POINT (-76.989507 38.865452),,6632.0,0.0,secondary,
,6812,657210928,-76.9751362,38.8712725,,,POINT (-76.9751362 38.8712725),,6633.0,0.0,secondary,
,6813,1560689925,-76.9703928,38.8634934,,,POINT (-76.9703928 38.8634934),,6634.0,0.0,tertiary,
,6814,49724285,-76.952216,38.865256,,,POINT (-76.952216 38.865256),,6635.0,0.0,secondary,
,6815,647099001,-77.0045626,38.9673425,,,POINT (-77.0045626 38.9673425),,6636.0,0.0,tertiary,
,6816,49788859,-76.9762155,38.9357564,,,POINT (-76.9762155 38.9357564),,6637.0,0.0,primary,
,6817,49788871,-76.9777492,38.9372159,,,POINT (-76.9777492 38.9372159),,6638.0,0.0,primary,
,6818,49788849,-76.9744982,38.9340949,,,POINT (-76.9744982 38.9340949),,6639.0,0.0,primary,
,6819,49720292,-76.998093,38.941192,,,POINT (-76.998093 38.941192),,6640.0,2.0,secondary,
,6820,49808183,-76.99967,38.940741,,,POINT (-76.99967 38.940741),,6641.0,0.0,secondary,
,6821,12467041975,-77.0029254,38.9407435,,,POINT (-77.0029254 38.9407435),,6642.0,0.0,secondary,
,6822,12467041977,-77.0029266,38.9407435,,,POINT (-77.0029266 38.9407435),,6643.0,0.0,secondary,
,6823,49788848,-76.9741758,38.9337902,,,POINT (-76.9741758 38.9337902),,6644.0,0.0,primary,
,6824,49782363,-76.992621,38.932459,,,POINT (-76.992621 38.932459),,6645.0,0.0,secondary,
,6825,49774402,-77.0000539,38.9638183,,,POINT (-77.0000539 38.9638183),,6646.0,0.0,tertiary,
,6826,49728918,-76.9772513,38.8896337,,,POINT (-76.9772513 38.8896337),,6647.0,0.0,secondary,
,6827,11198017170,-76.9772505,38.889775,,,POINT (-76.9772505 38.889775),,6648.0,0.0,secondary,
,6828,49850747,-76.9760589,38.8877079,,,POINT (-76.9760589 38.8877079),,6649.0,1.0,primary,
,6829,49850749,-76.9750565,38.8877079,,,POINT (-76.9750565 38.8877079),,6650.0,1.0,primary,
,6830,49732026,-76.9743308,38.8877756,,,POINT (-76.9743308 38.8877756),,6651.0,1.0,primary,
,6831,612672615,-76.9844527,38.8875611,,,POINT (-76.9844527 38.8875611),,6652.0,0.0,tertiary,
,6832,2456351025,-76.9843835,38.8875265,,,POINT (-76.9843835 38.8875265),,6653.0,0.0,tertiary,
,6833,2456351048,-76.9847382,38.8875394,,,POINT (-76.9847382 38.8875394),,6654.0,0.0,tertiary,
,6834,10966490809,-76.9843485,38.88738,,,POINT (-76.9843485 38.88738),,6655.0,0.0,tertiary,
,6835,612672689,-76.9835529,38.887118,,,POINT (-76.9835529 38.887118),,6656.0,0.0,tertiary,
,6836,49721265,-76.9843091,38.8872849,,,POINT (-76.9843091 38.8872849),,6657.0,0.0,tertiary,
,6837,612672142,-76.9843322,38.8872576,,,POINT (-76.9843322 38.8872576),,6658.0,0.0,tertiary,
,6838,49721251,-76.9848917,38.8868684,,,POINT (-76.9848917 38.8868684),,6659.0,0.0,tertiary,
,6839,7419742374,-77.0691681,38.9428523,,,POINT (-77.0691681 38.9428523),,6660.0,0.0,tertiary,
,6840,12231341300,-77.0087075,38.9483792,,,POINT (-77.0087075 38.9483792),,6661.0,0.0,primary,
,6841,49766643,-77.009007,38.952407,,,POINT (-77.009007 38.952407),,6662.0,0.0,primary,
,6842,49766662,-77.009047,38.954623,,,POINT (-77.009047 38.954623),,6663.0,0.0,primary,
,6844,3373744926,-77.08142,38.9431644,,,POINT (-77.08142 38.9431644),,6665.0,0.0,primary,
,6846,1004263953,-77.0526081,38.9343321,,,POINT (-77.0526081 38.9343321),,6667.0,0.0,secondary,
,6847,5441009239,-77.0083655,38.9104945,,,POINT (-77.0083655 38.9104945),,6668.0,0.0,primary,
,6850,5441009246,-77.0086157,38.9106007,,,POINT (-77.0086157 38.9106007),,6671.0,0.0,primary,
,6851,12169205712,-77.048673,38.8964437,,,POINT (-77.048673 38.8964437),,6672.0,0.0,primary,
,6852,641127585,-77.0487318,38.896474,,,POINT (-77.0487318 38.896474),,6673.0,0.0,primary,
,6853,9637374485,-77.0448698,38.9017663,,,POINT (-77.0448698 38.9017663),,6674.0,0.0,tertiary,
,6854,12169327820,-77.0448676,38.9022806,,,POINT (-77.0448676 38.9022806),,6675.0,0.0,tertiary,
,6855,12169327878,-77.0446441,38.9083703,,,POINT (-77.0446441 38.9083703),,6676.0,0.0,secondary,
,6856,3007959508,-77.0466907,38.8954176,,,POINT (-77.0466907 38.8954176),,6677.0,0.0,primary,
,6857,12169205701,-77.0471175,38.8956197,,,POINT (-77.0471175 38.8956197),,6678.0,0.0,primary,
,6858,5443794560,-77.046686,38.8970339,,,POINT (-77.046686 38.8970339),,6679.0,0.0,tertiary,
,6859,49799834,-77.0488622,38.8973604,,,POINT (-77.0488622 38.8973604),,6680.0,0.0,tertiary,
,6860,12169270748,-77.0468091,38.8973589,,,POINT (-77.0468091 38.8973589),,6681.0,0.0,tertiary,
,6861,262542282,-77.0501464,38.8973602,,,POINT (-77.0501464 38.8973602),,6682.0,0.0,primary,
,6862,49799633,-77.0281115,38.8973554,,,POINT (-77.0281115 38.8973554),,6683.0,0.0,secondary,
,6863,49777853,-77.0417016,38.9002289,,,POINT (-77.0417016 38.9002289),,6684.0,0.0,secondary,
,6864,49819792,-77.0198922,38.9736101,,,POINT (-77.0198922 38.9736101),,6685.0,0.0,tertiary,
,6865,49819801,-77.021416,38.973609,,,POINT (-77.021416 38.973609),,6686.0,0.0,tertiary,
,6866,10724710809,-77.0215074,38.9478275,,,POINT (-77.0215074 38.9478275),,6687.0,0.0,tertiary,
,6867,49809419,-77.0215248,38.947804,,,POINT (-77.0215248 38.947804),,6688.0,0.0,tertiary,
,6869,1017489190,-77.0251559,38.9199546,,,POINT (-77.0251559 38.9199546),,6690.0,0.0,secondary,
,6870,49877850,-77.0251084,38.9195859,,,POINT (-77.0251084 38.9195859),,6691.0,0.0,secondary,
,6871,49823298,-77.019848,38.9434192,,,POINT (-77.019848 38.9434192),,6692.0,0.0,primary,
,6872,10166805893,-77.0199503,38.9430287,,,POINT (-77.0199503 38.9430287),,6693.0,0.0,primary,
,6873,49823325,-77.0197176,38.9427052,,,POINT (-77.0197176 38.9427052),,6694.0,0.0,primary,
,6874,49823332,-77.0194983,38.9426041,,,POINT (-77.0194983 38.9426041),,6695.0,0.0,primary,
,6875,721790040,-77.0169296,38.974999,,,POINT (-77.0169296 38.974999),,6696.0,0.0,secondary,
,6876,3744956558,-77.0169629,38.9750769,,,POINT (-77.0169629 38.9750769),,6697.0,0.0,secondary,
,6877,11189140868,-77.0171172,38.9750279,,,POINT (-77.0171172 38.9750279),,6698.0,0.0,secondary,
,6878,9647779526,-77.0370581,38.9002243,,,POINT (-77.0370581 38.9002243),,6699.0,0.0,secondary,
,6879,49882263,-77.0428452,38.9092452,,,POINT (-77.0428452 38.9092452),,6700.0,0.0,primary,
,6881,49763640,-77.038311,38.931153,,,POINT (-77.038311 38.931153),,6702.0,0.0,tertiary,
,6882,11198017167,-76.9775921,38.889809,,,POINT (-76.9775921 38.889809),,6703.0,0.0,secondary,
,6883,11198017171,-76.9774487,38.8897677,,,POINT (-76.9774487 38.8897677),,6704.0,0.0,secondary,
,6886,4643843107,-76.9941883,38.8618603,,,POINT (-76.9941883 38.8618603),,6707.0,0.0,secondary,
,6887,12169237055,-77.0501325,38.8984505,,,POINT (-77.0501325 38.8984505),,6708.0,0.0,primary,
,6889,9635620494,-77.0556799,38.9002281,,,POINT (-77.0556799 38.9002281),,6710.0,0.0,primary,
,6890,12169234215,-77.0531892,38.8986104,,,POINT (-77.0531892 38.8986104),,6711.0,0.0,secondary,
,6891,5519663699,-77.0531361,38.8987368,,,POINT (-77.0531361 38.8987368),,6712.0,0.0,primary,
,6892,49872045,-77.053158,38.8988459,,,POINT (-77.053158 38.8988459),,6713.0,0.0,primary,
,6893,9123266709,-77.0417143,38.8924466,,,POINT (-77.0417143 38.8924466),,6714.0,0.0,primary,
,6894,49757401,-76.992936,38.935274,,,POINT (-76.992936 38.935274),,6715.0,0.0,primary,
,6895,12754126957,-77.021908,38.9011936,,,POINT (-77.021908 38.9011936),,6716.0,0.0,secondary,
,6896,49722929,-77.0120919,38.9275407,,,POINT (-77.0120919 38.9275407),,6717.0,0.0,tertiary,
,6897,49741174,-77.000569,38.922985,,,POINT (-77.000569 38.922985),,6718.0,0.0,tertiary,
,6898,1747739829,-76.9892259,38.9209799,,,POINT (-76.9892259 38.9209799),,6719.0,0.0,primary,
,6899,1747739851,-76.9889734,38.9212153,,,POINT (-76.9889734 38.9212153),,6720.0,0.0,primary,
,6900,12177294376,-77.0005671,38.9057764,,,POINT (-77.0005671 38.9057764),,6721.0,0.0,tertiary,
,6901,49741088,-77.0004835,38.907163,,,POINT (-77.0004835 38.907163),,6722.0,0.0,primary,
,6902,7554681982,-76.9983327,38.9025213,,,POINT (-76.9983327 38.9025213),,6723.0,0.0,secondary,
,6903,8427467009,-76.9990215,38.9025201,,,POINT (-76.9990215 38.9025201),,6724.0,0.0,secondary,
,6904,49767441,-76.9961653,38.9025198,,,POINT (-76.9961653 38.9025198),,6725.0,0.0,secondary,
,6905,49795791,-76.9954226,38.9025163,,,POINT (-76.9954226 38.9025163),,6726.0,0.0,secondary,
,6906,7260951654,-76.998443,38.9007511,,,POINT (-76.998443 38.9007511),,6727.0,0.0,tertiary,
,6907,705647622,-76.9772362,38.8932767,,,POINT (-76.9772362 38.8932767),,6728.0,0.0,primary,
,6908,10689662811,-76.9779945,38.8932765,,,POINT (-76.9779945 38.8932765),,6729.0,0.0,primary,
,6909,49763143,-76.9807674,38.8947864,,,POINT (-76.9807674 38.8947864),,6730.0,0.0,secondary,
,6910,3277475100,-77.0830842,38.9075543,,,POINT (-77.0830842 38.9075543),,6731.0,0.0,secondary,
,6911,49743087,-77.0862057,38.908848,,,POINT (-77.0862057 38.908848),,6732.0,0.0,secondary,
,6912,49720114,-77.0816723,38.9069217,,,POINT (-77.0816723 38.9069217),,6733.0,0.0,secondary,
,6913,11198107341,-76.9795421,38.916022,,,POINT (-76.9795421 38.916022),,6734.0,0.0,tertiary,
,6914,3665019995,-76.9802928,38.9153493,,,POINT (-76.9802928 38.9153493),,6735.0,0.0,tertiary,
,6915,6801425807,-76.9841947,38.9118678,,,POINT (-76.9841947 38.9118678),,6736.0,0.0,tertiary,
,6916,5890139488,-76.9829376,38.9163338,,,POINT (-76.9829376 38.9163338),,6737.0,0.0,trunk,
,6917,11198100601,-76.985773,38.910474,,,POINT (-76.985773 38.910474),,6738.0,0.0,secondary,
,6918,11198088929,-76.9855997,38.9104139,,,POINT (-76.9855997 38.9104139),,6739.0,0.0,secondary,
,6919,3665046568,-76.9854408,38.9103587,,,POINT (-76.9854408 38.9103587),,6740.0,0.0,secondary,
,6920,11198088927,-76.9859516,38.9105343,,,POINT (-76.9859516 38.9105343),,6741.0,0.0,secondary,
,6921,11198088928,-76.9856577,38.9105699,,,POINT (-76.9856577 38.9105699),,6742.0,0.0,tertiary,
,6922,3665019994,-76.98482,38.911312,,,POINT (-76.98482 38.911312),,6743.0,0.0,tertiary,
,6923,1375406094,-76.9882671,38.9019364,,,POINT (-76.9882671 38.9019364),,6744.0,0.0,primary,
,6924,49756373,-77.0448837,38.9118764,,,POINT (-77.0448837 38.9118764),,6745.0,0.0,primary,
,6925,4807540591,-77.0474757,38.9111373,,,POINT (-77.0474757 38.9111373),,6746.0,0.0,secondary,
,6926,49811662,-77.0788752,38.9258272,,,POINT (-77.0788752 38.9258272),,6747.0,0.0,tertiary,
,6927,49719982,-77.0793259,38.9258895,,,POINT (-77.0793259 38.9258895),,6748.0,0.0,tertiary,
,6928,49791826,-77.0728182,38.9153903,,,POINT (-77.0728182 38.9153903),,6749.0,0.0,tertiary,
,6929,9123065203,-77.0487834,38.9105644,,,POINT (-77.0487834 38.9105644),,6750.0,0.0,primary,
,6932,1929135343,-77.0173544,38.8224576,,,POINT (-77.0173544 38.8224576),,6753.0,0.0,tertiary,
,6933,1488176668,-77.0173328,38.8223667,,,POINT (-77.0173328 38.8223667),,6754.0,0.0,tertiary,
,6934,49880524,-77.0114917,38.8351106,,,POINT (-77.0114917 38.8351106),,6755.0,0.0,motorway,
,6935,12171149417,-77.0166706,38.8283888,,,POINT (-77.0166706 38.8283888),,6756.0,0.0,tertiary,
,6936,49768887,-76.9992242,38.8618046,,,POINT (-76.9992242 38.8618046),,6757.0,0.0,secondary,
,6937,5638509770,-77.0009026,38.861156,,,POINT (-77.0009026 38.861156),,6758.0,0.0,secondary,
,6938,49754143,-77.0139122,38.8285242,,,POINT (-77.0139122 38.8285242),,6759.0,0.0,tertiary,
,6939,49743490,-76.998458,38.843943,,,POINT (-76.998458 38.843943),,6760.0,0.0,secondary,
,6940,49786622,-76.9979717,38.8443217,,,POINT (-76.9979717 38.8443217),,6761.0,0.0,secondary,
,6941,49750678,-77.001056,38.836131,,,POINT (-77.001056 38.836131),,6762.0,0.0,secondary,
,6942,49756802,-77.005885,38.833043,,,POINT (-77.005885 38.833043),,6763.0,0.0,secondary,
,6943,12785237568,-76.9892387,38.8333109,,,POINT (-76.9892387 38.8333109),,6764.0,0.0,secondary,
,6944,1469992134,-76.9873209,38.8321213,,,POINT (-76.9873209 38.8321213),,6765.0,2.0,secondary,
,6945,49790453,-76.994637,38.8309616,,,POINT (-76.994637 38.8309616),,6766.0,0.0,tertiary,
,6946,1443727015,-77.0005755,38.831265,,,POINT (-77.0005755 38.831265),,6767.0,0.0,tertiary,
,6947,12174026256,-77.0005716,38.8324879,,,POINT (-77.0005716 38.8324879),,6768.0,0.0,tertiary,
,6948,3656196218,-76.9850256,38.833926,,,POINT (-76.9850256 38.833926),,6769.0,2.0,tertiary,
,6949,10272785750,-77.0009268,38.8215598,,,POINT (-77.0009268 38.8215598),,6770.0,0.0,secondary,
,6950,49834250,-77.0001487,38.8221656,,,POINT (-77.0001487 38.8221656),,6771.0,0.0,secondary,
,6951,49773756,-77.000567,38.829205,,,POINT (-77.000567 38.829205),,6772.0,0.0,tertiary,
,6952,12174026130,-77.0020009,38.8220463,,,POINT (-77.0020009 38.8220463),,6773.0,0.0,tertiary,
,6953,5277494834,-76.9915187,38.8772343,,,POINT (-76.9915187 38.8772343),,6774.0,0.0,primary,
,6954,8459177916,-77.0040006,38.876457,,,POINT (-77.0040006 38.876457),,6775.0,0.0,primary,
,6955,655680773,-77.003531,38.8764585,,,POINT (-77.003531 38.8764585),,6776.0,0.0,primary,
,6956,1472831128,-76.9110562,38.894162,,,POINT (-76.9110562 38.894162),,6777.0,0.0,secondary,
,6957,3670782184,-76.9177758,38.8983685,,,POINT (-76.9177758 38.8983685),,6778.0,0.0,secondary,
,6958,3670782177,-76.9164637,38.8983832,,,POINT (-76.9164637 38.8983832),,6779.0,0.0,secondary,
,6959,1566485214,-76.9470179,38.8974335,,,POINT (-76.9470179 38.8974335),,6780.0,0.0,secondary,
,6960,49794104,-76.9468533,38.8977604,,,POINT (-76.9468533 38.8977604),,6781.0,0.0,secondary,
,6961,49749862,-76.982227,38.866247,,,POINT (-76.982227 38.866247),,6782.0,0.0,secondary,
,6962,10182316510,-77.022357,38.8789596,,,POINT (-77.022357 38.8789596),,6783.0,0.0,primary,
,6963,49779786,-77.0281231,38.8859778,,,POINT (-77.0281231 38.8859778),,6784.0,0.0,secondary,
,6964,2146602932,-77.0769693,38.968017,,,POINT (-77.0769693 38.968017),,6785.0,-1.0,primary,
,6965,5637727014,-77.0765353,38.9665593,,,POINT (-77.0765353 38.9665593),,6786.0,0.0,primary,
,6966,5522861192,-77.0496215,38.902914,,,POINT (-77.0496215 38.902914),,6787.0,0.0,primary,
,6967,4015360172,-77.0439958,38.8938941,,,POINT (-77.0439958 38.8938941),,6788.0,0.0,primary,
,6968,9908457957,-76.9458325,38.8810013,,,POINT (-76.9458325 38.8810013),,6789.0,0.0,secondary,
,6969,49761416,-76.927604,38.888652,,,POINT (-76.927604 38.888652),,6790.0,0.0,secondary,
,6970,1472639198,-76.9300535,38.8898254,,,POINT (-76.9300535 38.8898254),,6791.0,0.0,primary,
,6971,649839280,-76.9304926,38.889828,,,POINT (-76.9304926 38.889828),,6792.0,0.0,primary,
,6972,3253147394,-76.9320683,38.8897052,,,POINT (-76.9320683 38.8897052),,6793.0,0.0,primary,
,6973,9300516161,-76.9376595,38.8898951,,,POINT (-76.9376595 38.8898951),,6794.0,0.0,primary,
,6974,7821888553,-76.9379378,38.8898946,,,POINT (-76.9379378 38.8898946),,6795.0,0.0,primary,
,6975,9957726913,-76.9238593,38.9039517,,,POINT (-76.9238593 38.9039517),,6796.0,0.0,secondary,
,6976,49755648,-76.925842,38.903604,,,POINT (-76.925842 38.903604),,6797.0,0.0,secondary,
,6977,49745682,-77.0327213,38.9490009,,,POINT (-77.0327213 38.9490009),,6798.0,0.0,tertiary,
,6978,49774841,-77.008644,38.912208,,,POINT (-77.008644 38.912208),,6799.0,0.0,tertiary,
,6979,10564324097,-77.0192395,38.8998151,,,POINT (-77.0192395 38.8998151),,6800.0,0.0,secondary,
,6980,5605732433,-77.0733415,38.9287407,,,POINT (-77.0733415 38.9287407),,6801.0,0.0,primary,
,6981,49756292,-77.085428,38.932782,,,POINT (-77.085428 38.932782),,6802.0,0.0,tertiary,
,6982,49781462,-77.1005151,38.9489521,,,POINT (-77.1005151 38.9489521),,6803.0,0.0,primary,
,6983,49781436,-77.1012331,38.948612,,,POINT (-77.1012331 38.948612),,6804.0,0.0,primary,
,6984,49781440,-77.1010602,38.9485627,,,POINT (-77.1010602 38.9485627),,6805.0,0.0,primary,
,6985,3656197329,-76.9350116,38.8728939,,,POINT (-76.9350116 38.8728939),,6806.0,0.0,secondary,
,6986,3820936232,-76.9406664,38.8713458,,,POINT (-76.9406664 38.8713458),,6807.0,0.0,tertiary,
,6987,49761744,-77.062969,38.964735,,,POINT (-77.062969 38.964735),,6808.0,0.0,tertiary,
,6988,49813496,-77.029707,38.927637,,,POINT (-77.029707 38.927637),,6809.0,0.0,tertiary,
,6989,3372235096,-76.992639,38.9407256,,,POINT (-76.992639 38.9407256),,6810.0,0.0,secondary,
,6990,3667966653,-77.0069518,38.9459764,,,POINT (-77.0069518 38.9459764),,6811.0,0.0,tertiary,
,6991,7676572252,-77.0034363,38.94074,,,POINT (-77.0034363 38.94074),,6812.0,0.0,secondary,
,6992,49757412,-76.992588,38.935719,,,POINT (-76.992588 38.935719),,6813.0,0.0,primary,
,6993,7512897942,-76.9926896,38.9355593,,,POINT (-76.9926896 38.9355593),,6814.0,0.0,primary,
,6994,850180819,-76.9901301,38.9388556,,,POINT (-76.9901301 38.9388556),,6815.0,0.0,primary,
,6995,10724747586,-77.0750295,38.9395316,,,POINT (-77.0750295 38.9395316),,6816.0,0.0,primary,
,6996,10724747585,-77.0753213,38.9400611,,,POINT (-77.0753213 38.9400611),,6817.0,0.0,primary,
,6997,10724747584,-77.0759671,38.9412333,,,POINT (-77.0759671 38.9412333),,6818.0,0.0,primary,
,6998,12687209032,-77.0760301,38.9413519,,,POINT (-77.0760301 38.9413519),,6819.0,0.0,primary,
,6999,49753280,-77.073793,38.937287,,,POINT (-77.073793 38.937287),,6820.0,0.0,primary,
,7000,3657249997,-76.9776907,38.9463933,,,POINT (-76.9776907 38.9463933),,6821.0,0.0,primary,
,7001,49781692,-76.9721721,38.938509,,,POINT (-76.9721721 38.938509),,6822.0,0.0,tertiary,
,7002,49782415,-76.9734606,38.9331045,,,POINT (-76.9734606 38.9331045),,6823.0,0.0,primary,
,7003,49779980,-77.0642966,38.9092118,,,POINT (-77.0642966 38.9092118),,6824.0,0.0,primary,
,7004,10166805890,-77.0179295,38.9197275,,,POINT (-77.0179295 38.9197275),,6825.0,0.0,tertiary,
,7005,49748091,-77.017872,38.91937,,,POINT (-77.017872 38.91937),,6826.0,0.0,tertiary,
,7006,49776745,-77.052642,38.9764678,,,POINT (-77.052642 38.9764678),,6827.0,0.0,tertiary,
,7007,49776728,-77.053219,38.972831,,,POINT (-77.053219 38.972831),,6828.0,0.0,tertiary,
,7008,3023458022,-77.0533192,38.9721638,,,POINT (-77.0533192 38.9721638),,6829.0,0.0,tertiary,
,7009,3023470035,-77.0532973,38.9723097,,,POINT (-77.0532973 38.9723097),,6830.0,0.0,tertiary,
,7010,3667974779,-76.9903556,38.956237,,,POINT (-76.9903556 38.956237),,6831.0,0.0,tertiary,
,7011,49835892,-76.9916406,38.9572416,,,POINT (-76.9916406 38.9572416),,6832.0,0.0,tertiary,
,7013,49788317,-77.059751,38.961018,,,POINT (-77.059751 38.961018),,6834.0,0.0,primary,
,7014,3372235111,-76.983332,38.942552,,,POINT (-76.983332 38.942552),,6835.0,0.0,primary,
,7015,1443727154,-76.9801146,38.9396629,,,POINT (-76.9801146 38.9396629),,6836.0,0.0,tertiary,
,7016,12251993460,-76.9647048,38.9256394,,,POINT (-76.9647048 38.9256394),,6837.0,0.0,primary,
,7017,1458950705,-76.9568476,38.9284335,,,POINT (-76.9568476 38.9284335),,6838.0,0.0,tertiary,
,7018,3243860596,-76.9563678,38.9220846,,,POINT (-76.9563678 38.9220846),,6839.0,0.0,tertiary,
,7019,7686384086,-76.9590903,38.9240113,,,POINT (-76.9590903 38.9240113),,6840.0,0.0,tertiary,
,7020,9630556980,-76.9565152,38.922032,,,POINT (-76.9565152 38.922032),,6841.0,0.0,tertiary,
,7021,1365013786,-76.9820592,38.9263037,,,POINT (-76.9820592 38.9263037),,6842.0,0.0,primary,
,7022,49770245,-76.9831026,38.9256734,,,POINT (-76.9831026 38.9256734),,6843.0,0.0,tertiary,
,7023,12477168154,-76.9828665,38.9257811,,,POINT (-76.9828665 38.9257811),,6844.0,0.0,primary,
,7024,49770252,-76.9819721,38.9262147,,,POINT (-76.9819721 38.9262147),,6845.0,0.0,primary,
,7025,10609138987,-76.9631255,38.9349614,,,POINT (-76.9631255 38.9349614),,6846.0,0.0,secondary,
,7026,49810179,-76.9795217,38.8827731,,,POINT (-76.9795217 38.8827731),,6847.0,0.0,secondary,
,7027,9592908711,-76.9836461,38.8813884,,,POINT (-76.9836461 38.8813884),,6848.0,0.0,tertiary,
,7028,49787118,-76.9836476,38.8812725,,,POINT (-76.9836476 38.8812725),,6849.0,0.0,tertiary,
,7029,12768238628,-76.9995681,38.8226176,,,POINT (-76.9995681 38.8226176),,6850.0,0.0,secondary,
,7030,49812451,-76.981188,38.851589,,,POINT (-76.981188 38.851589),,6851.0,0.0,tertiary,
,7031,49833098,-76.982983,38.852878,,,POINT (-76.982983 38.852878),,6852.0,0.0,tertiary,
,7032,49716962,-76.986995,38.85619,,,POINT (-76.986995 38.85619),,6853.0,0.0,tertiary,
,7033,9908441561,-76.9311144,38.8759307,,,POINT (-76.9311144 38.8759307),,6854.0,0.0,secondary,
,7034,9908441559,-76.9311414,38.8761167,,,POINT (-76.9311414 38.8761167),,6855.0,0.0,secondary,
,7035,12174026362,-76.9930359,38.83676,,,POINT (-76.9930359 38.83676),,6856.0,0.0,tertiary,
,7036,12174026367,-76.9934037,38.8370787,,,POINT (-76.9934037 38.8370787),,6857.0,0.0,secondary,
,7037,12174026365,-76.9932848,38.8368156,,,POINT (-76.9932848 38.8368156),,6858.0,0.0,secondary,
,7038,9389248079,-76.9895948,38.8444748,,,POINT (-76.9895948 38.8444748),,6859.0,0.0,secondary,
,7039,1485012259,-76.9874388,38.844904,,,POINT (-76.9874388 38.844904),,6860.0,0.0,secondary,
,7040,49743941,-76.985093,38.845532,,,POINT (-76.985093 38.845532),,6861.0,0.0,secondary,
,7041,49743951,-76.983433,38.846,,,POINT (-76.983433 38.846),,6862.0,0.0,secondary,
,7042,12778299143,-76.9681166,38.8584882,,,POINT (-76.9681166 38.8584882),,6863.0,0.0,secondary,
,7043,49744162,-76.9699696,38.8557822,,,POINT (-76.9699696 38.8557822),,6864.0,0.0,secondary,
,7044,49798063,-76.991016,38.863429,,,POINT (-76.991016 38.863429),,6865.0,0.0,secondary,
,7045,49777628,-76.997389,38.845089,,,POINT (-76.997389 38.845089),,6866.0,0.0,secondary,
,7046,49777626,-76.9982009,38.845096,,,POINT (-76.9982009 38.845096),,6867.0,0.0,secondary,
,7047,49841039,-76.9977321,38.8446176,,,POINT (-76.9977321 38.8446176),,6868.0,0.0,secondary,
,7048,10967993403,-76.998305,38.8621604,,,POINT (-76.998305 38.8621604),,6869.0,0.0,secondary,
,7049,3738249553,-76.9824305,38.8462848,,,POINT (-76.9824305 38.8462848),,6870.0,0.0,secondary,
,7050,49834603,-76.9724488,38.8437183,,,POINT (-76.9724488 38.8437183),,6871.0,2.0,secondary,
,7051,12174026420,-76.9934153,38.8388218,,,POINT (-76.9934153 38.8388218),,6872.0,0.0,secondary,
,7052,12174026431,-76.9935393,38.8383933,,,POINT (-76.9935393 38.8383933),,6873.0,0.0,secondary,
,7053,12171103957,-77.0434571,38.9038802,,,POINT (-77.0434571 38.9038802),,6874.0,0.0,secondary,
,7054,49809177,-77.043457,38.9037391,,,POINT (-77.043457 38.9037391),,6875.0,0.0,secondary,
,7055,49853198,-77.0121634,38.8694957,,,POINT (-77.0121634 38.8694957),,6876.0,0.0,tertiary,
,7056,5853518582,-77.0122115,38.9275399,,,POINT (-77.0122115 38.9275399),,6877.0,0.0,tertiary,
,7057,9546918210,-77.0122025,38.9268081,,,POINT (-77.0122025 38.9268081),,6878.0,0.0,tertiary,
,7058,5863324091,-76.9608259,38.8779985,,,POINT (-76.9608259 38.8779985),,6879.0,0.0,secondary,
,7059,49753005,-77.0091022,38.9046856,,,POINT (-77.0091022 38.9046856),,6880.0,0.0,primary,
,7060,647030743,-77.009104,38.9037435,,,POINT (-77.009104 38.9037435),,6881.0,0.0,primary,
,7061,647030734,-77.0090134,38.9046861,,,POINT (-77.0090134 38.9046861),,6882.0,0.0,primary,
,7062,8549123231,-77.0090126,38.9051128,,,POINT (-77.0090126 38.9051128),,6883.0,0.0,primary,
,7063,5895569863,-76.9830173,38.9164439,,,POINT (-76.9830173 38.9164439),,6884.0,0.0,trunk,
,7064,602382751,-77.0775744,38.9673969,,,POINT (-77.0775744 38.9673969),,6885.0,1.0,primary,
,7065,49888305,-77.0862097,38.9547071,,,POINT (-77.0862097 38.9547071),,6886.0,0.0,tertiary,
,7066,1458923226,-76.9559948,38.9208957,,,POINT (-76.9559948 38.9208957),,6887.0,0.0,tertiary,
,7068,8635504164,-76.9560195,38.9210577,,,POINT (-76.9560195 38.9210577),,6889.0,0.0,tertiary,
,7069,11203509743,-77.0142481,38.9155705,,,POINT (-77.0142481 38.9155705),,6890.0,0.0,primary,
,7070,7554685039,-76.9985202,38.8939123,,,POINT (-76.9985202 38.8939123),,6891.0,0.0,primary,
,7071,10536418225,-77.0043264,38.8764577,,,POINT (-77.0043264 38.8764577),,6892.0,0.0,primary,
,7072,8459177913,-77.0042976,38.8764576,,,POINT (-77.0042976 38.8764576),,6893.0,0.0,primary,
,7073,655680757,-77.0058986,38.8764501,,,POINT (-77.0058986 38.8764501),,6894.0,0.0,tertiary,
,7074,6004244727,-77.0266574,38.9679133,,,POINT (-77.0266574 38.9679133),,6895.0,0.0,secondary,
,7075,6007151794,-77.031274,38.9054598,,,POINT (-77.031274 38.9054598),,6896.0,0.0,primary,
,7076,6007151793,-77.0326009,38.9059206,,,POINT (-77.0326009 38.9059206),,6897.0,0.0,primary,
,7077,49778985,-76.93552,38.910319,,,POINT (-76.93552 38.910319),,6898.0,0.0,secondary,
,7078,3798943045,-77.086204,38.952929,,,POINT (-77.086204 38.952929),,6899.0,0.0,secondary,
,7079,49799919,-77.105142,38.927147,,,POINT (-77.105142 38.927147),,6900.0,0.0,primary,
,7080,49799938,-77.1045426,38.9272022,,,POINT (-77.1045426 38.9272022),,6901.0,0.0,primary,
,7081,49756155,-77.091065,38.931347,,,POINT (-77.091065 38.931347),,6902.0,0.0,secondary,
,7082,49751468,-77.0907105,38.9288747,,,POINT (-77.0907105 38.9288747),,6903.0,0.0,secondary,
,7084,49815504,-77.0501498,38.9252376,,,POINT (-77.0501498 38.9252376),,6905.0,0.0,tertiary,
,7085,49751518,-77.0523793,38.9277414,,,POINT (-77.0523793 38.9277414),,6906.0,0.0,tertiary,
,7086,49799918,-77.105293,38.927117,,,POINT (-77.105293 38.927117),,6907.0,0.0,primary,
,7087,12520587447,-77.0855651,38.9380822,,,POINT (-77.0855651 38.9380822),,6908.0,0.0,primary,
,7088,12520587442,-77.0862422,38.9377596,,,POINT (-77.0862422 38.9377596),,6909.0,0.0,primary,
,7089,49797942,-77.0241958,38.9597264,,,POINT (-77.0241958 38.9597264),,6910.0,0.0,primary,
,7090,49804253,-77.030046,38.964382,,,POINT (-77.030046 38.964382),,6911.0,0.0,tertiary,
,7091,1013367404,-77.0297811,38.9649537,,,POINT (-77.0297811 38.9649537),,6912.0,0.0,tertiary,
,7092,655662483,-77.0121885,38.8764024,,,POINT (-77.0121885 38.8764024),,6913.0,0.0,primary,
,7093,2587508262,-77.0096388,38.9565866,,,POINT (-77.0096388 38.9565866),,6914.0,0.0,tertiary,
,7094,49847621,-77.002032,38.914822,,,POINT (-77.002032 38.914822),,6915.0,0.0,tertiary,
,7095,49755206,-77.0042103,38.840407,,,POINT (-77.0042103 38.840407),,6916.0,0.0,secondary,
,7096,726995464,-77.0060499,38.8379982,,,POINT (-77.0060499 38.8379982),,6917.0,0.0,secondary,
,7097,9908457958,-76.94572,38.8807569,,,POINT (-76.94572 38.8807569),,6918.0,0.0,secondary,
,7098,9908457959,-76.9359894,38.8734063,,,POINT (-76.9359894 38.8734063),,6919.0,0.0,secondary,
,7099,9908457962,-76.9357061,38.8732568,,,POINT (-76.9357061 38.8732568),,6920.0,0.0,secondary,
,7100,49749006,-76.938814,38.8749,,,POINT (-76.938814 38.8749),,6921.0,0.0,secondary,
,7101,49843809,-77.0569136,38.9232117,,,POINT (-77.0569136 38.9232117),,6922.0,0.0,secondary,
,7102,49839896,-77.0560814,38.9232903,,,POINT (-77.0560814 38.9232903),,6923.0,0.0,secondary,
,7104,6215396480,-77.0270378,38.9130001,,,POINT (-77.0270378 38.9130001),,6925.0,0.0,secondary,
,7105,49768440,-77.0416478,38.9187433,,,POINT (-77.0416478 38.9187433),,6926.0,0.0,secondary,
,7106,49787640,-77.0601722,38.9052141,,,POINT (-77.0601722 38.9052141),,6927.0,0.0,primary,
,7107,3010501265,-77.0258718,38.8831642,,,POINT (-77.0258718 38.8831642),,6928.0,0.0,tertiary,
,7108,1977516632,-77.0266321,38.8829589,,,POINT (-77.0266321 38.8829589),,6929.0,0.0,tertiary,
,7109,49759002,-77.0677098,38.9431008,,,POINT (-77.0677098 38.9431008),,6930.0,0.0,secondary,
,7111,1468884920,-76.9980737,38.8240787,,,POINT (-76.9980737 38.8240787),,6932.0,0.0,tertiary,
,7112,1468884922,-76.9981327,38.8239169,,,POINT (-76.9981327 38.8239169),,6933.0,0.0,tertiary,
,7113,1468884923,-76.9980808,38.8237711,,,POINT (-76.9980808 38.8237711),,6934.0,-1.0,tertiary,
,7114,49753270,-77.070886,38.937332,,,POINT (-77.070886 38.937332),,6935.0,0.0,tertiary,
,7115,10166805892,-77.0138721,38.9422103,,,POINT (-77.0138721 38.9422103),,6936.0,0.0,tertiary,
,7116,49744164,-76.9699732,38.8562362,,,POINT (-76.9699732 38.8562362),,6937.0,0.0,secondary,
,7117,49744222,-76.9614904,38.861727,,,POINT (-76.9614904 38.861727),,6938.0,0.0,secondary,
,7118,49744226,-76.960172,38.86183,,,POINT (-76.960172 38.86183),,6939.0,0.0,secondary,
,7119,49798595,-77.007063,38.832142,,,POINT (-77.007063 38.832142),,6940.0,0.0,secondary,
,7120,49861321,-77.0297365,38.9091363,,,POINT (-77.0297365 38.9091363),,6941.0,0.0,primary,
,7121,642334085,-76.9926611,38.8765388,,,POINT (-76.9926611 38.8765388),,6942.0,0.0,primary,
,7122,12169187781,-77.0468509,38.8953465,,,POINT (-77.0468509 38.8953465),,6943.0,0.0,primary,
,7123,641127608,-77.0473841,38.8957588,,,POINT (-77.0473841 38.8957588),,6944.0,0.0,primary,
,7124,2921295151,-77.0266092,38.9317784,,,POINT (-77.0266092 38.9317784),,6945.0,0.0,secondary,
,7125,5445733705,-77.0779983,38.9257163,,,POINT (-77.0779983 38.9257163),,6946.0,0.0,tertiary,
,7126,10175701338,-77.0319533,38.9174403,,,POINT (-77.0319533 38.9174403),,6947.0,0.0,secondary,
,7127,4664921103,-77.031954,38.9180299,,,POINT (-77.031954 38.9180299),,6948.0,0.0,secondary,
,7128,49745301,-77.032316,38.925502,,,POINT (-77.032316 38.925502),,6949.0,0.0,secondary,
,7129,49880339,-77.0184704,38.8165923,,,POINT (-77.0184704 38.8165923),,6950.0,0.0,motorway,
,7130,49880377,-77.0173445,38.8193123,,,POINT (-77.0173445 38.8193123),,6951.0,0.0,motorway,
,7131,3657251448,-77.0773561,38.9672537,,,POINT (-77.0773561 38.9672537),,6952.0,0.0,primary,
,7132,49334043,-77.0487329,38.991977,,,POINT (-77.0487329 38.991977),,6953.0,2.0,tertiary,
,7133,5853519289,-77.0122284,38.9300934,,,POINT (-77.0122284 38.9300934),,6954.0,0.0,tertiary,
,7134,5853519286,-77.0122343,38.9289611,,,POINT (-77.0122343 38.9289611),,6955.0,0.0,tertiary,
,7135,5853519291,-77.0122197,38.9308097,,,POINT (-77.0122197 38.9308097),,6956.0,0.0,tertiary,
,7136,12096326482,-77.0090098,38.9087831,,,POINT (-77.0090098 38.9087831),,6957.0,0.0,primary,
,7137,49748847,-76.95214,38.888824,,,POINT (-76.95214 38.888824),,6958.0,0.0,secondary,
,7138,50490877,-76.9076054,38.8958873,,,POINT (-76.9076054 38.8958873),,6959.0,1.0,primary,
,7139,49141557,-77.0295385,38.9892621,,,POINT (-77.0295385 38.9892621),,6960.0,2.0,tertiary,
,7140,652905417,-76.9773344,38.9465778,,,POINT (-76.9773344 38.9465778),,6961.0,1.0,primary,
,7141,1030456524,-76.9779994,38.9466893,,,POINT (-76.9779994 38.9466893),,6962.0,2.0,tertiary,
,7142,49800670,-77.0797668,38.9334305,,,POINT (-77.0797668 38.9334305),,6963.0,0.0,primary,
,7143,3370866947,-77.0334237,38.957281,,,POINT (-77.0334237 38.957281),,6964.0,0.0,tertiary,
,7144,634784056,-77.0538979,38.8988175,,,POINT (-77.0538979 38.8988175),,6965.0,0.0,secondary,
,7145,262550681,-77.0536501,38.8984876,,,POINT (-77.0536501 38.8984876),,6966.0,0.0,secondary,
,7146,49882367,-77.0428883,38.9100911,,,POINT (-77.0428883 38.9100911),,6967.0,0.0,primary,
,7147,9124429536,-77.0435859,38.9090413,,,POINT (-77.0435859 38.9090413),,6968.0,0.0,primary,
,7148,49866392,-77.039346,38.918117,,,POINT (-77.039346 38.918117),,6969.0,0.0,tertiary,
,7149,448478054,-77.1008195,38.9492704,,,POINT (-77.1008195 38.9492704),,6970.0,-1.0,primary,
,7150,49817435,-77.0259912,38.9126077,,,POINT (-77.0259912 38.9126077),,6971.0,0.0,secondary,
,7151,9403961412,-77.0258662,38.9126076,,,POINT (-77.0258662 38.9126076),,6972.0,0.0,secondary,
,7152,49797006,-77.0280934,38.9111398,,,POINT (-77.0280934 38.9111398),,6973.0,0.0,secondary,
,7153,1443727067,-76.9984601,38.882726,,,POINT (-76.9984601 38.882726),,6974.0,0.0,tertiary,
,7154,49773925,-77.0005681,38.886045,,,POINT (-77.0005681 38.886045),,6975.0,0.0,tertiary,
,7155,9526260022,-77.0363308,38.9070459,,,POINT (-77.0363308 38.9070459),,6976.0,0.0,primary,
,7156,49792123,-77.0058851,38.8850796,,,POINT (-77.0058851 38.8850796),,6977.0,0.0,tertiary,
,7157,10014632178,-76.9611964,38.8785679,,,POINT (-76.9611964 38.8785679),,6978.0,0.0,secondary,
,7158,49823271,-77.0189665,38.9436245,,,POINT (-77.0189665 38.9436245),,6979.0,0.0,primary,
,7159,49823277,-77.0192115,38.9436706,,,POINT (-77.0192115 38.9436706),,6980.0,0.0,primary,
,7160,49765314,-77.0188347,38.9435653,,,POINT (-77.0188347 38.9435653),,6981.0,0.0,primary,
,7161,49823340,-77.0192239,38.9425705,,,POINT (-77.0192239 38.9425705),,6982.0,0.0,primary,
,7162,49823347,-77.018942,38.9426259,,,POINT (-77.018942 38.9426259),,6983.0,0.0,primary,
,7163,1443303983,-76.9388778,38.8718952,,,POINT (-76.9388778 38.8718952),,6984.0,0.0,tertiary,
,7164,49174180,-77.096855,38.960296,,,POINT (-77.096855 38.960296),,6985.0,2.0,primary,
,7165,6538406643,-76.9316745,38.8989661,,,POINT (-76.9316745 38.8989661),,6986.0,0.0,tertiary,
,7166,6538406642,-76.9316747,38.8990877,,,POINT (-76.9316747 38.8990877),,6987.0,0.0,tertiary,
,7168,10243994640,-76.9996461,38.8632787,,,POINT (-76.9996461 38.8632787),,6989.0,0.0,primary,
,7169,522279675,-76.998857,38.8628838,,,POINT (-76.998857 38.8628838),,6990.0,0.0,primary,
,7170,9676179707,-77.0424617,38.9037377,,,POINT (-77.0424617 38.9037377),,6991.0,0.0,tertiary,
,7171,12171103960,-77.0418538,38.9037362,,,POINT (-77.0418538 38.9037362),,6992.0,0.0,tertiary,
,7172,10248522433,-77.0429786,38.9056392,,,POINT (-77.0429786 38.9056392),,6993.0,0.0,primary,
,7173,12169187778,-77.0462047,38.8951624,,,POINT (-77.0462047 38.8951624),,6994.0,0.0,primary,
,7174,12169270756,-77.0464995,38.896024,,,POINT (-77.0464995 38.896024),,6995.0,0.0,primary,
,7175,12169187793,-77.0466867,38.895582,,,POINT (-77.0466867 38.895582),,6996.0,0.0,tertiary,
,7176,49729679,-77.0405079,38.9058651,,,POINT (-77.0405079 38.9058651),,6997.0,0.0,primary,
,7179,8670886369,-77.0027072,38.9564671,,,POINT (-77.0027072 38.9564671),,7000.0,0.0,primary,
,7180,50558066,-76.9316508,38.873602,,,POINT (-76.9316508 38.873602),,7001.0,0.0,secondary,
,7181,50176090,-76.92882,38.8730465,,,POINT (-76.92882 38.8730465),,7002.0,2.0,secondary,
,7182,6617933089,-76.991534,38.8787125,,,POINT (-76.991534 38.8787125),,7003.0,0.0,secondary,
,7183,49756572,-76.9836408,38.898855,,,POINT (-76.9836408 38.898855),,7004.0,0.0,tertiary,
,7184,6674639464,-77.0175554,38.8752544,,,POINT (-77.0175554 38.8752544),,7005.0,0.0,tertiary,
,7185,49830723,-77.0106575,38.870074,,,POINT (-77.0106575 38.870074),,7006.0,0.0,tertiary,
,7186,12174070081,-77.0108527,38.8699965,,,POINT (-77.0108527 38.8699965),,7007.0,0.0,tertiary,
,7187,6233857032,-77.0116536,38.8696778,,,POINT (-77.0116536 38.8696778),,7008.0,0.0,tertiary,
,7188,9109467369,-77.0095837,38.8705282,,,POINT (-77.0095837 38.8705282),,7009.0,0.0,primary,
,7189,12177511278,-77.0104713,38.870147,,,POINT (-77.0104713 38.870147),,7010.0,0.0,tertiary,
,7190,3011606150,-77.015738,38.9002421,,,POINT (-77.015738 38.9002421),,7011.0,0.0,primary,
,7191,9207829391,-77.0144069,38.9565854,,,POINT (-77.0144069 38.9565854),,7012.0,0.0,primary,
,7192,9207829393,-77.014614,38.9566385,,,POINT (-77.014614 38.9566385),,7013.0,0.0,primary,
,7193,6798984986,-77.0311723,38.9617174,,,POINT (-77.0311723 38.9617174),,7014.0,0.0,primary,
,7194,49756088,-77.090254,38.927529,,,POINT (-77.090254 38.927529),,7015.0,0.0,secondary,
,7195,1334677237,-77.0514137,38.8886387,,,POINT (-77.0514137 38.8886387),,7016.0,0.0,primary,
,7196,49865423,-77.10201,38.935522,,,POINT (-77.10201 38.935522),,7017.0,0.0,secondary,
,7197,49894521,-77.0257996,38.8754381,,,POINT (-77.0257996 38.8754381),,7018.0,0.0,tertiary,
,7198,49894516,-77.0254691,38.8750655,,,POINT (-77.0254691 38.8750655),,7019.0,0.0,tertiary,
,7199,7131110940,-77.0295255,38.965246,,,POINT (-77.0295255 38.965246),,7020.0,0.0,tertiary,
,7200,49759823,-77.0296813,38.9650681,,,POINT (-77.0296813 38.9650681),,7021.0,0.0,tertiary,
,7201,7194686971,-76.976424,38.8749915,,,POINT (-76.976424 38.8749915),,7022.0,0.0,tertiary,
,7202,7194686972,-76.9762023,38.8748265,,,POINT (-76.9762023 38.8748265),,7023.0,0.0,tertiary,
,7203,7194686973,-76.9758394,38.8746209,,,POINT (-76.9758394 38.8746209),,7024.0,0.0,tertiary,
,7204,49735747,-76.9757885,38.8745921,,,POINT (-76.9757885 38.8745921),,7025.0,0.0,tertiary,
,7205,7194686974,-76.9756555,38.8745247,,,POINT (-76.9756555 38.8745247),,7026.0,0.0,tertiary,
,7206,49757471,-76.987197,38.94141,,,POINT (-76.987197 38.94141),,7027.0,0.0,primary,
,7207,4059272479,-76.9887913,38.9407226,,,POINT (-76.9887913 38.9407226),,7028.0,0.0,secondary,
,7208,4059272477,-76.9876808,38.9407226,,,POINT (-76.9876808 38.9407226),,7029.0,0.0,tertiary,
,7209,7236237089,-77.0602238,38.8852996,,,POINT (-77.0602238 38.8852996),,7030.0,0.0,primary,
,7210,11011905867,-77.0594447,38.8855044,,,POINT (-77.0594447 38.8855044),,7031.0,0.0,primary,
,7211,7236199264,-77.0595843,38.8860548,,,POINT (-77.0595843 38.8860548),,7032.0,0.0,primary,
,7212,7236199280,-77.0605498,38.8858397,,,POINT (-77.0605498 38.8858397),,7033.0,0.0,primary,
,7213,7236199254,-77.0593813,38.8856736,,,POINT (-77.0593813 38.8856736),,7034.0,0.0,primary,
,7214,1377284107,-76.9738993,38.9335251,,,POINT (-76.9738993 38.9335251),,7035.0,0.0,primary,
,7215,5563919672,-76.9762782,38.9126682,,,POINT (-76.9762782 38.9126682),,7036.0,0.0,primary,
,7216,49749379,-77.0220592,38.9209701,,,POINT (-77.0220592 38.9209701),,7037.0,0.0,trunk,
,7217,49848482,-77.1059073,38.9357376,,,POINT (-77.1059073 38.9357376),,7038.0,0.0,secondary,
,7218,49757442,-76.990697,38.938363,,,POINT (-76.990697 38.938363),,7039.0,0.0,primary,
,7219,49820870,-77.073309,38.961017,,,POINT (-77.073309 38.961017),,7040.0,0.0,primary,
,7220,49820874,-77.074521,38.963092,,,POINT (-77.074521 38.963092),,7041.0,0.0,primary,
,7221,49788610,-77.075049,38.963999,,,POINT (-77.075049 38.963999),,7042.0,0.0,primary,
,7222,2592113104,-77.0871107,38.9147374,,,POINT (-77.0871107 38.9147374),,7043.0,0.0,secondary,
,7223,4459063256,-77.0040238,38.9636245,,,POINT (-77.0040238 38.9636245),,7044.0,0.0,primary,
,7224,850166242,-77.0041057,38.9635142,,,POINT (-77.0041057 38.9635142),,7045.0,0.0,primary,
,7225,1566492470,-76.9480629,38.8962732,,,POINT (-76.9480629 38.8962732),,7046.0,0.0,secondary,
,7226,3222223997,-76.9488781,38.8954866,,,POINT (-76.9488781 38.8954866),,7047.0,0.0,secondary,
,7227,1125625359,-76.9895575,38.900201,,,POINT (-76.9895575 38.900201),,7048.0,0.0,primary,
,7228,49811686,-77.077142,38.961021,,,POINT (-77.077142 38.961021),,7049.0,0.0,secondary,
,7229,6798258701,-77.0796591,38.9610201,,,POINT (-77.0796591 38.9610201),,7050.0,0.0,secondary,
,7230,2896386333,-77.1052163,38.9369424,,,POINT (-77.1052163 38.9369424),,7051.0,0.0,primary,
,7231,49818935,-77.0300434,38.9363777,,,POINT (-77.0300434 38.9363777),,7052.0,0.0,tertiary,
,7232,5445932120,-77.0541715,38.903944,,,POINT (-77.0541715 38.903944),,7053.0,0.0,primary,
,7233,49773062,-77.0219208,38.9155847,,,POINT (-77.0219208 38.9155847),,7054.0,0.0,secondary,
,7234,4807475151,-77.0828037,38.9550405,,,POINT (-77.0828037 38.9550405),,7055.0,0.0,primary,
,7235,49771244,-77.083817,38.957024,,,POINT (-77.083817 38.957024),,7056.0,0.0,primary,
,7236,4807475152,-77.0827555,38.9549459,,,POINT (-77.0827555 38.9549459),,7057.0,0.0,primary,
,7237,12220728708,-77.0090506,38.95426,,,POINT (-77.0090506 38.95426),,7058.0,0.0,primary,
,7238,7488432662,-77.009047,38.9538391,,,POINT (-77.009047 38.9538391),,7059.0,0.0,primary,
,7239,7488432668,-77.009047,38.9540737,,,POINT (-77.009047 38.9540737),,7060.0,0.0,primary,
,7240,2637738371,-76.9920337,38.8781253,,,POINT (-76.9920337 38.8781253),,7061.0,0.0,motorway,
,7241,2921295194,-77.0189035,38.9425649,,,POINT (-77.0189035 38.9425649),,7062.0,0.0,tertiary,
,7242,7263135157,-76.9984434,38.9041125,,,POINT (-76.9984434 38.9041125),,7063.0,0.0,tertiary,
,7243,11331507199,-77.0334298,38.9501123,,,POINT (-77.0334298 38.9501123),,7064.0,0.0,tertiary,
,7244,49743787,-76.946993,38.869721,,,POINT (-76.946993 38.869721),,7065.0,0.0,tertiary,
,7245,49743812,-76.94496,38.870484,,,POINT (-76.94496 38.870484),,7066.0,0.0,tertiary,
,7246,5445483942,-77.0734324,38.9373267,,,POINT (-77.0734324 38.9373267),,7067.0,0.0,tertiary,
,7247,2501345280,-76.9441118,38.8658028,,,POINT (-76.9441118 38.8658028),,7068.0,2.0,secondary,
,7248,12196364652,-76.9589132,38.860308,,,POINT (-76.9589132 38.860308),,7069.0,0.0,trunk,
,7249,49789381,-77.027501,38.967288,,,POINT (-77.027501 38.967288),,7070.0,0.0,trunk,
,7250,49789376,-77.0277097,38.9649538,,,POINT (-77.0277097 38.9649538),,7071.0,0.0,trunk,
,7251,49778238,-77.027804,38.963774,,,POINT (-77.027804 38.963774),,7072.0,0.0,trunk,
,7252,49739465,-76.985646,38.94256,,,POINT (-76.985646 38.94256),,7073.0,0.0,primary,
,7253,49757503,-76.982182,38.942552,,,POINT (-76.982182 38.942552),,7074.0,0.0,primary,
,7254,49741155,-77.000569,38.91628,,,POINT (-77.000569 38.91628),,7075.0,0.0,tertiary,
,7255,7557981769,-76.994961,38.9006093,,,POINT (-76.994961 38.9006093),,7076.0,0.0,secondary,
,7256,4807630771,-77.0364811,38.9239168,,,POINT (-77.0364811 38.9239168),,7077.0,0.0,primary,
,7257,4807630776,-77.0364808,38.9240247,,,POINT (-77.0364808 38.9240247),,7078.0,0.0,primary,
,7258,7809339414,-77.0364807,38.9240559,,,POINT (-77.0364807 38.9240559),,7079.0,0.0,primary,
,7259,49766267,-77.040948,38.945074,,,POINT (-77.040948 38.945074),,7080.0,0.0,tertiary,
,7260,49774871,-77.00747,38.916281,,,POINT (-77.00747 38.916281),,7081.0,0.0,tertiary,
,7261,9676461365,-77.003033,38.9189544,,,POINT (-77.003033 38.9189544),,7082.0,0.0,primary,
,7262,9634961313,-77.0148079,38.8996337,,,POINT (-77.0148079 38.8996337),,7083.0,0.0,primary,
,7263,647026127,-77.0091097,38.9013468,,,POINT (-77.0091097 38.9013468),,7084.0,0.0,primary,
,7264,49752200,-77.072505,38.934636,,,POINT (-77.072505 38.934636),,7085.0,0.0,primary,
,7265,49747158,-77.072541,38.932546,,,POINT (-77.072541 38.932546),,7086.0,0.0,primary,
,7266,1004313375,-77.0477319,38.9351353,,,POINT (-77.0477319 38.9351353),,7087.0,0.0,secondary,
,7267,7606522182,-77.0476415,38.935205,,,POINT (-77.0476415 38.935205),,7088.0,0.0,secondary,
,7268,7606522174,-77.047611,38.9353782,,,POINT (-77.047611 38.9353782),,7089.0,0.0,secondary,
,7269,7606522184,-77.0477123,38.9351979,,,POINT (-77.0477123 38.9351979),,7090.0,0.0,secondary,
,7270,1004759913,-77.0475737,38.9351485,,,POINT (-77.0475737 38.9351485),,7091.0,0.0,primary,
,7271,7606522183,-77.0476249,38.9351804,,,POINT (-77.0476249 38.9351804),,7092.0,0.0,primary,
,7272,7606532485,-77.0476982,38.9351495,,,POINT (-77.0476982 38.9351495),,7093.0,0.0,primary,
,7273,642816712,-77.051229,38.921472,,,POINT (-77.051229 38.921472),,7094.0,0.0,primary,
,7274,49723133,-77.016154,38.909247,,,POINT (-77.016154 38.909247),,7095.0,0.0,tertiary,
,7275,646202837,-76.9696752,38.8904395,,,POINT (-76.9696752 38.8904395),,7096.0,1.0,primary,
,7276,646202839,-76.9696908,38.8905478,,,POINT (-76.9696908 38.8905478),,7097.0,-1.0,primary,
,7277,647043628,-77.0089932,38.9133404,,,POINT (-77.0089932 38.9133404),,7098.0,0.0,primary,
,7278,49774859,-77.007895,38.914825,,,POINT (-77.007895 38.914825),,7099.0,0.0,tertiary,
,7279,3372235099,-76.990235,38.9407238,,,POINT (-76.990235 38.9407238),,7100.0,0.0,secondary,
,7281,7752676307,-77.0046409,38.9315363,,,POINT (-77.0046409 38.9315363),,7102.0,0.0,primary,
,7282,49756259,-77.082617,38.927864,,,POINT (-77.082617 38.927864),,7103.0,0.0,tertiary,
,7283,49756297,-77.0858382,38.9335034,,,POINT (-77.0858382 38.9335034),,7104.0,0.0,tertiary,
,7284,10166687235,-77.0863335,38.9343727,,,POINT (-77.0863335 38.9343727),,7105.0,0.0,tertiary,
,7285,7069207825,-77.0541715,38.9350814,,,POINT (-77.0541715 38.9350814),,7106.0,0.0,secondary,
,7286,9657792748,-77.0678406,38.9053236,,,POINT (-77.0678406 38.9053236),,7107.0,0.0,tertiary,
,7287,3001016712,-77.0137093,38.8974901,,,POINT (-77.0137093 38.8974901),,7108.0,0.0,motorway,
,7288,10956384522,-76.9765469,38.8987438,,,POINT (-76.9765469 38.8987438),,7109.0,0.0,primary,
,7289,7802359999,-76.9673258,38.8974406,,,POINT (-76.9673258 38.8974406),,7110.0,0.0,primary,
,7290,12220442506,-76.9852628,38.9002013,,,POINT (-76.9852628 38.9002013),,7111.0,0.0,primary,
,7291,49865450,-77.105217,38.9357392,,,POINT (-77.105217 38.9357392),,7112.0,0.0,secondary,
,7292,5445733715,-77.076492,38.9252486,,,POINT (-77.076492 38.9252486),,7113.0,0.0,tertiary,
,7293,49827492,-77.0777386,38.925634,,,POINT (-77.0777386 38.925634),,7114.0,0.0,tertiary,
,7294,1917842989,-77.0346789,38.9056504,,,POINT (-77.0346789 38.9056504),,7115.0,0.0,secondary,
,7295,9660057374,-77.0360206,38.9056526,,,POINT (-77.0360206 38.9056526),,7116.0,0.0,secondary,
,7296,5447675268,-77.0564478,38.9052455,,,POINT (-77.0564478 38.9052455),,7117.0,0.0,primary,
,7297,7818462163,-77.0799089,38.9258754,,,POINT (-77.0799089 38.9258754),,7118.0,0.0,tertiary,
,7298,7818491292,-77.0792776,38.9258224,,,POINT (-77.0792776 38.9258224),,7119.0,0.0,tertiary,
,7299,7818462169,-77.0812965,38.9260267,,,POINT (-77.0812965 38.9260267),,7120.0,0.0,tertiary,
,7300,7818462176,-77.0804529,38.9259267,,,POINT (-77.0804529 38.9259267),,7121.0,0.0,tertiary,
,7301,12169234302,-77.0562998,38.9004634,,,POINT (-77.0562998 38.9004634),,7122.0,0.0,primary,
,7302,1233276141,-76.9170599,38.8988802,,,POINT (-76.9170599 38.8988802),,7123.0,1.0,secondary,
,7303,7979721599,-76.9163803,38.8984257,,,POINT (-76.9163803 38.8984257),,7124.0,2.0,secondary,
,7304,50689897,-76.9156234,38.8977467,,,POINT (-76.9156234 38.8977467),,7125.0,-1.0,secondary,
,7305,5717403889,-77.0261642,38.8835907,,,POINT (-77.0261642 38.8835907),,7126.0,0.0,tertiary,
,7306,8025397770,-76.9420297,38.9017468,,,POINT (-76.9420297 38.9017468),,7127.0,0.0,secondary,
,7307,5564258816,-76.980418,38.9048069,,,POINT (-76.980418 38.9048069),,7128.0,0.0,primary,
,7308,5563919647,-76.9806482,38.9044469,,,POINT (-76.9806482 38.9044469),,7129.0,0.0,primary,
,7309,11261031491,-77.0343995,38.9026434,,,POINT (-77.0343995 38.9026434),,7130.0,0.0,tertiary,
,7310,8112029474,-76.9418025,38.9041917,,,POINT (-76.9418025 38.9041917),,7131.0,0.0,motorway,
,7311,1479893407,-76.9445619,38.8898337,,,POINT (-76.9445619 38.8898337),,7132.0,0.0,primary,
,7312,10817763533,-77.0164484,38.8232243,,,POINT (-77.0164484 38.8232243),,7133.0,0.0,motorway,
,7313,8123635055,-77.016634,38.8226423,,,POINT (-77.016634 38.8226423),,7134.0,0.0,motorway,
,7314,8123635057,-77.0165772,38.8226419,,,POINT (-77.0165772 38.8226419),,7135.0,0.0,motorway,
,7315,63363021,-77.0440491,38.8740005,,,POINT (-77.0440491 38.8740005),,7136.0,-1.0,motorway,
,7316,49737457,-77.0028418,38.9399743,,,POINT (-77.0028418 38.9399743),,7137.0,0.0,tertiary,
,7317,641965107,-77.00923,38.8800509,,,POINT (-77.00923 38.8800509),,7138.0,0.0,motorway,
,7318,870407163,-77.1014068,38.9487587,,,POINT (-77.1014068 38.9487587),,7139.0,1.0,primary,
,7319,49719562,-77.0267322,38.8829934,,,POINT (-77.0267322 38.8829934),,7140.0,0.0,tertiary,
,7320,11173814687,-76.9389831,38.9066588,,,POINT (-76.9389831 38.9066588),,7141.0,0.0,motorway,
,7321,49762620,-76.9398394,38.9056572,,,POINT (-76.9398394 38.9056572),,7142.0,0.0,motorway,
,7322,49762624,-76.939327,38.906277,,,POINT (-76.939327 38.906277),,7143.0,0.0,motorway,
,7323,642604582,-77.0152285,38.9066722,,,POINT (-77.0152285 38.9066722),,7144.0,0.0,tertiary,
,7325,7959220459,-77.0948487,38.9156861,,,POINT (-77.0948487 38.9156861),,7146.0,0.0,secondary,
,7326,4629769127,-77.0666137,38.9605001,,,POINT (-77.0666137 38.9605001),,7147.0,0.0,primary,
,7327,3001431207,-77.0150939,38.9061935,,,POINT (-77.0150939 38.9061935),,7148.0,0.0,tertiary,
,7328,642604676,-77.0152276,38.9056651,,,POINT (-77.0152276 38.9056651),,7149.0,0.0,tertiary,
,7329,49774091,-76.992645,38.9002018,,,POINT (-76.992645 38.9002018),,7150.0,0.0,primary,
,7330,49774088,-76.993757,38.900202,,,POINT (-76.993757 38.900202),,7151.0,0.0,primary,
,7331,8411842743,-76.9373092,38.889229,,,POINT (-76.9373092 38.889229),,7152.0,0.0,secondary,
,7332,6801425799,-76.984341,38.9117378,,,POINT (-76.984341 38.9117378),,7153.0,0.0,tertiary,
,7333,3750915218,-77.0778344,38.9320214,,,POINT (-77.0778344 38.9320214),,7154.0,0.0,primary,
,7334,12231228004,-77.0015304,38.9075966,,,POINT (-77.0015304 38.9075966),,7155.0,0.0,primary,
,7335,49858017,-77.0009713,38.9073775,,,POINT (-77.0009713 38.9073775),,7156.0,0.0,primary,
,7336,12169237088,-77.0466836,38.8974851,,,POINT (-77.0466836 38.8974851),,7157.0,0.0,tertiary,
,7337,10278705052,-77.0304143,38.8827757,,,POINT (-77.0304143 38.8827757),,7158.0,0.0,motorway,
,7338,3003969426,-77.0421165,38.8872099,,,POINT (-77.0421165 38.8872099),,7159.0,0.0,primary,
,7339,9592803565,-76.9790763,38.8829501,,,POINT (-76.9790763 38.8829501),,7160.0,0.0,secondary,
,7340,9523584521,-77.0039125,38.9001642,,,POINT (-77.0039125 38.9001642),,7161.0,0.0,primary,
,7341,638905452,-77.0029453,38.9001556,,,POINT (-77.0029453 38.9001556),,7162.0,0.0,primary,
,7342,2412715477,-77.0386252,38.7925604,,,POINT (-77.0386252 38.7925604),,7163.0,0.0,motorway,
,7343,1080388419,-77.0386254,38.7924227,,,POINT (-77.0386254 38.7924227),,7164.0,0.0,motorway,
,7344,8380762944,-77.0175693,38.8860401,,,POINT (-77.0175693 38.8860401),,7165.0,0.0,tertiary,
,7345,8386386295,-77.0013515,38.8673873,,,POINT (-77.0013515 38.8673873),,7166.0,0.0,tertiary,
,7346,8386386294,-77.0017502,38.8673439,,,POINT (-77.0017502 38.8673439),,7167.0,0.0,primary,
,7347,641912605,-77.0015983,38.8670733,,,POINT (-77.0015983 38.8670733),,7168.0,0.0,primary,
,7348,49760823,-76.9699982,38.8628972,,,POINT (-76.9699982 38.8628972),,7169.0,0.0,tertiary,
,7349,6493298406,-76.9697535,38.8625325,,,POINT (-76.9697535 38.8625325),,7170.0,0.0,tertiary,
,7350,49760832,-76.969397,38.861974,,,POINT (-76.969397 38.861974),,7171.0,0.0,tertiary,
,7351,1509406193,-76.970273,38.8633185,,,POINT (-76.970273 38.8633185),,7172.0,0.0,tertiary,
,7352,9768681893,-76.9949624,38.8954393,,,POINT (-76.9949624 38.8954393),,7173.0,0.0,primary,
,7353,7668862033,-76.9949616,38.8997613,,,POINT (-76.9949616 38.8997613),,7174.0,0.0,secondary,
,7354,8434554374,-76.9990486,38.8633333,,,POINT (-76.9990486 38.8633333),,7175.0,0.0,motorway,
,7355,641899755,-76.9997705,38.8631743,,,POINT (-76.9997705 38.8631743),,7176.0,0.0,motorway,
,7356,8434554381,-76.999495,38.8636037,,,POINT (-76.999495 38.8636037),,7177.0,0.0,motorway,
,7357,8434554385,-76.9972434,38.863681,,,POINT (-76.9972434 38.863681),,7178.0,0.0,motorway,
,7358,8434554376,-76.9983615,38.8634667,,,POINT (-76.9983615 38.8634667),,7179.0,0.0,motorway,
,7359,9427290982,-76.9968697,38.8637553,,,POINT (-76.9968697 38.8637553),,7180.0,0.0,motorway,
,7360,8439855809,-76.9887162,38.8764573,,,POINT (-76.9887162 38.8764573),,7181.0,0.0,tertiary,
,7361,11501795714,-76.9885597,38.8765811,,,POINT (-76.9885597 38.8765811),,7182.0,0.0,tertiary,
,7362,8450945964,-77.0162121,38.891836,,,POINT (-77.0162121 38.891836),,7183.0,0.0,primary,
,7365,8455846773,-77.0032499,38.8675806,,,POINT (-77.0032499 38.8675806),,7186.0,0.0,primary,
,7366,8455846774,-77.0079119,38.8694559,,,POINT (-77.0079119 38.8694559),,7187.0,0.0,primary,
,7367,8455846776,-77.0033123,38.8674846,,,POINT (-77.0033123 38.8674846),,7188.0,0.0,primary,
,7368,8455863387,-77.0022837,38.867428,,,POINT (-77.0022837 38.867428),,7189.0,0.0,primary,
,7369,641912668,-77.0026188,38.8669455,,,POINT (-77.0026188 38.8669455),,7190.0,0.0,primary,
,7370,10267722942,-77.0026175,38.8663031,,,POINT (-77.0026175 38.8663031),,7191.0,0.0,primary,
,7371,8455878636,-77.0004894,38.8623532,,,POINT (-77.0004894 38.8623532),,7192.0,0.0,motorway,
,7372,5439886116,-77.0320281,38.886059,,,POINT (-77.0320281 38.886059),,7193.0,0.0,trunk,
,7373,49790221,-76.9689401,38.9215914,,,POINT (-76.9689401 38.9215914),,7194.0,0.0,primary,
,7374,5443475731,-76.9688287,38.921729,,,POINT (-76.9688287 38.921729),,7195.0,0.0,primary,
,7375,5563919631,-76.969075,38.9215875,,,POINT (-76.969075 38.9215875),,7196.0,0.0,primary,
,7377,8496737161,-76.9530361,38.8662471,,,POINT (-76.9530361 38.8662471),,7198.0,0.0,trunk,
,7378,8496737163,-76.9536082,38.8664861,,,POINT (-76.9536082 38.8664861),,7199.0,0.0,trunk,
,7379,8496737158,-76.9533384,38.8663798,,,POINT (-76.9533384 38.8663798),,7200.0,0.0,trunk,
,7380,8496737162,-76.9565141,38.8676825,,,POINT (-76.9565141 38.8676825),,7201.0,0.0,trunk,
,7381,8496737168,-76.95612,38.8675157,,,POINT (-76.95612 38.8675157),,7202.0,0.0,trunk,
,7382,8496737170,-76.9572381,38.8679698,,,POINT (-76.9572381 38.8679698),,7203.0,0.0,trunk,
,7383,8496737171,-76.9574564,38.8680664,,,POINT (-76.9574564 38.8680664),,7204.0,0.0,trunk,
,7384,8496737173,-76.9581736,38.868347,,,POINT (-76.9581736 38.868347),,7205.0,0.0,trunk,
,7385,8496737174,-76.9585948,38.8685173,,,POINT (-76.9585948 38.8685173),,7206.0,0.0,trunk,
,7386,8496737175,-76.9588645,38.8686335,,,POINT (-76.9588645 38.8686335),,7207.0,0.0,trunk,
,7387,8496737178,-76.959955,38.8690775,,,POINT (-76.959955 38.8690775),,7208.0,0.0,trunk,
,7388,4635667846,-77.0497248,38.9439592,,,POINT (-77.0497248 38.9439592),,7209.0,0.0,secondary,
,7389,4695979929,-77.0005696,38.9209936,,,POINT (-77.0005696 38.9209936),,7210.0,0.0,tertiary,
,7390,49815548,-77.0527573,38.9278184,,,POINT (-77.0527573 38.9278184),,7211.0,0.0,tertiary,
,7391,49815550,-77.0536647,38.9280032,,,POINT (-77.0536647 38.9280032),,7212.0,0.0,tertiary,
,7392,49759635,-76.959693,38.86563,,,POINT (-76.959693 38.86563),,7213.0,0.0,trunk,
,7393,4001421460,-76.9596551,38.8653517,,,POINT (-76.9596551 38.8653517),,7214.0,0.0,trunk,
,7394,1365013796,-76.9923013,38.9224368,,,POINT (-76.9923013 38.9224368),,7215.0,0.0,primary,
,7395,10609132920,-76.9903772,38.92302,,,POINT (-76.9903772 38.92302),,7216.0,0.0,primary,
,7396,49819456,-76.9995097,38.9025203,,,POINT (-76.9995097 38.9025203),,7217.0,0.0,secondary,
,7397,49864523,-77.1035018,38.9357404,,,POINT (-77.1035018 38.9357404),,7218.0,0.0,secondary,
,7398,8528073260,-77.014374,38.8973482,,,POINT (-77.014374 38.8973482),,7219.0,0.0,tertiary,
,7399,7668862029,-76.9899797,38.9002015,,,POINT (-76.9899797 38.9002015),,7220.0,0.0,primary,
,7400,638452556,-77.0089205,38.9064444,,,POINT (-77.0089205 38.9064444),,7221.0,0.0,primary,
,7401,8625489264,-77.0089212,38.9068891,,,POINT (-77.0089212 38.9068891),,7222.0,0.0,primary,
,7402,8507361720,-76.9261734,38.8984083,,,POINT (-76.9261734 38.8984083),,7223.0,0.0,secondary,
,7403,9773948550,-76.926262,38.8984082,,,POINT (-76.926262 38.8984082),,7224.0,0.0,secondary,
,7404,8428131370,-76.9266131,38.8984076,,,POINT (-76.9266131 38.8984076),,7225.0,0.0,secondary,
,7405,7505269058,-76.9268414,38.8984043,,,POINT (-76.9268414 38.8984043),,7226.0,0.0,secondary,
,7406,8530666829,-76.9238213,38.8983663,,,POINT (-76.9238213 38.8983663),,7227.0,0.0,secondary,
,7407,8530666824,-76.9266449,38.8983197,,,POINT (-76.9266449 38.8983197),,7228.0,0.0,secondary,
,7408,8530666827,-76.9271045,38.898316,,,POINT (-76.9271045 38.898316),,7229.0,0.0,secondary,
,7409,8530666837,-76.9291434,38.8983239,,,POINT (-76.9291434 38.8983239),,7230.0,0.0,secondary,
,7410,8530666836,-76.9274503,38.8983208,,,POINT (-76.9274503 38.8983208),,7231.0,0.0,secondary,
,7411,8530666838,-76.9296616,38.898319,,,POINT (-76.9296616 38.898319),,7232.0,0.0,secondary,
,7412,5020305615,-76.9232701,38.8983694,,,POINT (-76.9232701 38.8983694),,7233.0,0.0,secondary,
,7413,646190846,-76.9728458,38.874582,,,POINT (-76.9728458 38.874582),,7234.0,0.0,motorway,
,7414,7676572259,-77.0038661,38.9407399,,,POINT (-77.0038661 38.9407399),,7235.0,0.0,secondary,
,7415,10166888393,-77.0445857,38.93022,,,POINT (-77.0445857 38.93022),,7236.0,0.0,secondary,
,7416,1760080330,-77.0465023,38.9323081,,,POINT (-77.0465023 38.9323081),,7237.0,0.0,secondary,
,7417,11198005514,-76.9855035,38.8843145,,,POINT (-76.9855035 38.8843145),,7238.0,0.0,tertiary,
,7418,12169187731,-77.0418662,38.8921075,,,POINT (-77.0418662 38.8921075),,7239.0,0.0,trunk,
,7419,49759170,-77.0047125,38.9626982,,,POINT (-77.0047125 38.9626982),,7240.0,0.0,primary,
,7420,12169327803,-77.0448933,38.8994351,,,POINT (-77.0448933 38.8994351),,7241.0,0.0,tertiary,
,7421,49762251,-77.0449027,38.8983415,,,POINT (-77.0449027 38.8983415),,7242.0,0.0,tertiary,
,7422,49789168,-77.0218996,38.9190038,,,POINT (-77.0218996 38.9190038),,7243.0,0.0,trunk,
,7423,49749470,-77.0219209,38.9199968,,,POINT (-77.0219209 38.9199968),,7244.0,0.0,trunk,
,7424,9596378559,-77.0416559,38.9166834,,,POINT (-77.0416559 38.9166834),,7245.0,0.0,secondary,
,7425,8713565980,-77.0728563,38.9610165,,,POINT (-77.0728563 38.9610165),,7246.0,0.0,secondary,
,7426,5433244223,-77.0265838,38.8813943,,,POINT (-77.0265838 38.8813943),,7247.0,0.0,primary,
,7427,49757167,-77.0577123,38.9159053,,,POINT (-77.0577123 38.9159053),,7248.0,0.0,tertiary,
,7428,3697385798,-77.0828171,38.9356546,,,POINT (-77.0828171 38.9356546),,7249.0,0.0,primary,
,7429,49870940,-77.061143,38.9025758,,,POINT (-77.061143 38.9025758),,7250.0,0.0,secondary,
,7430,9706337457,-77.0620908,38.9025745,,,POINT (-77.0620908 38.9025745),,7251.0,0.0,secondary,
,7431,5443109761,-77.0260245,38.9417504,,,POINT (-77.0260245 38.9417504),,7252.0,0.0,tertiary,
,7432,10171602693,-77.0151751,38.8951861,,,POINT (-77.0151751 38.8951861),,7253.0,0.0,primary,
,7433,4812875765,-77.0151239,38.8916252,,,POINT (-77.0151239 38.8916252),,7254.0,0.0,primary,
,7434,49887929,-77.0152126,38.8904805,,,POINT (-77.0152126 38.8904805),,7255.0,0.0,primary,
,7435,291403702,-77.0152093,38.8900567,,,POINT (-77.0152093 38.8900567),,7256.0,0.0,primary,
,7436,9048035076,-77.0161001,38.8918042,,,POINT (-77.0161001 38.8918042),,7257.0,0.0,secondary,
,7437,49775612,-76.997525,38.825547,,,POINT (-76.997525 38.825547),,7258.0,0.0,tertiary,
,7438,3957028143,-77.0353067,38.923292,,,POINT (-77.0353067 38.923292),,7259.0,0.0,tertiary,
,7439,5328511673,-77.0194667,38.9289068,,,POINT (-77.0194667 38.9289068),,7260.0,0.0,tertiary,
,7440,8638901168,-77.0569183,38.9232753,,,POINT (-77.0569183 38.9232753),,7261.0,0.0,secondary,
,7441,8645990299,-77.013708,38.8981896,,,POINT (-77.013708 38.8981896),,7262.0,0.0,motorway,
,7442,5556599911,-77.0056106,38.9002795,,,POINT (-77.0056106 38.9002795),,7263.0,0.0,primary,
,7443,8658443303,-77.0058894,38.900276,,,POINT (-77.0058894 38.900276),,7264.0,0.0,primary,
,7444,5556599913,-77.0065192,38.900269,,,POINT (-77.0065192 38.900269),,7265.0,0.0,primary,
,7447,2900167807,-76.9529557,38.8900724,,,POINT (-76.9529557 38.8900724),,7268.0,0.0,secondary,
,7448,2900167806,-76.9530341,38.8899362,,,POINT (-76.9530341 38.8899362),,7269.0,0.0,secondary,
,7449,1502527393,-77.0029512,38.9562708,,,POINT (-77.0029512 38.9562708),,7270.0,0.0,primary,
,7450,8670886370,-77.0030969,38.9562097,,,POINT (-77.0030969 38.9562097),,7271.0,0.0,primary,
,7451,1502527401,-77.0020225,38.9575028,,,POINT (-77.0020225 38.9575028),,7272.0,0.0,primary,
,7452,9697608425,-76.9326151,38.8987114,,,POINT (-76.9326151 38.8987114),,7273.0,0.0,secondary,
,7453,49773437,-76.9306737,38.8983763,,,POINT (-76.9306737 38.8983763),,7274.0,0.0,secondary,
,7454,49786506,-76.9303168,38.8983277,,,POINT (-76.9303168 38.8983277),,7275.0,0.0,secondary,
,7455,9722581484,-76.9677102,38.9331476,,,POINT (-76.9677102 38.9331476),,7276.0,0.0,primary,
,7456,10609109518,-76.9678834,38.9330812,,,POINT (-76.9678834 38.9330812),,7277.0,0.0,primary,
,7457,8671718499,-77.0014404,38.9562834,,,POINT (-77.0014404 38.9562834),,7278.0,0.0,primary,
,7458,10316563271,-77.001792,38.9565541,,,POINT (-77.001792 38.9565541),,7279.0,0.0,primary,
,7459,9691468876,-77.0443703,38.9056527,,,POINT (-77.0443703 38.9056527),,7280.0,0.0,primary,
,7460,49770323,-76.9736348,38.9302255,,,POINT (-76.9736348 38.9302255),,7281.0,0.0,primary,
,7461,10609107160,-76.9723605,38.9308543,,,POINT (-76.9723605 38.9308543),,7282.0,0.0,primary,
,7462,646064675,-76.958634,38.9167855,,,POINT (-76.958634 38.9167855),,7283.0,0.0,motorway,
,7463,646064731,-76.9572955,38.9170743,,,POINT (-76.9572955 38.9170743),,7284.0,0.0,motorway,
,7464,646065359,-76.9593822,38.9167893,,,POINT (-76.9593822 38.9167893),,7285.0,0.0,motorway,
14th St NW & Monroe St NW,7465,11234143699,-77.0327182,38.931181,,,POINT (-77.0327182 38.931181),,7286.0,0.0,secondary,
,7468,49745689,-77.0327229,38.9318685,,,POINT (-77.0327229 38.9318685),,7289.0,0.0,secondary,
,7469,8740896006,-77.0327149,38.929296,,,POINT (-77.0327149 38.929296),,7290.0,0.0,secondary,
,7470,49745327,-77.0327315,38.929586,,,POINT (-77.0327315 38.929586),,7291.0,0.0,secondary,
,7471,1439584654,-77.0327072,38.9291607,,,POINT (-77.0327072 38.9291607),,7292.0,0.0,secondary,
,7472,5445133965,-77.0370179,38.9287156,,,POINT (-77.0370179 38.9287156),,7293.0,0.0,secondary,
14th St NW & Irving St NW,7473,11234143704,-77.0327051,38.9291445,,,POINT (-77.0327051 38.9291445),,7294.0,0.0,secondary,
,7474,49745297,-77.032242,38.924756,,,POINT (-77.032242 38.924756),,7295.0,0.0,secondary,
,7475,9770944951,-77.025173,38.9201354,,,POINT (-77.025173 38.9201354),,7296.0,0.0,secondary,
,7476,4807047028,-77.0256475,38.9202163,,,POINT (-77.0256475 38.9202163),,7297.0,0.0,secondary,
,7477,8795674242,-76.9317372,38.9103775,,,POINT (-76.9317372 38.9103775),,7298.0,0.0,secondary,
,7478,642044906,-77.0084449,38.843692,,,POINT (-77.0084449 38.843692),,7299.0,0.0,primary,
,7479,642044875,-77.0090666,38.8389534,,,POINT (-77.0090666 38.8389534),,7300.0,0.0,primary,
,7480,5441009249,-77.0090067,38.9104988,,,POINT (-77.0090067 38.9104988),,7301.0,0.0,primary,
,7481,12215853839,-77.0090955,38.9099997,,,POINT (-77.0090955 38.9099997),,7302.0,0.0,primary,
,7482,9071452176,-77.008227,38.8394303,,,POINT (-77.008227 38.8394303),,7303.0,0.0,motorway,
,7483,9443946632,-77.0076674,38.8417312,,,POINT (-77.0076674 38.8417312),,7304.0,0.0,motorway,
,7484,49745399,-77.0333948,38.9616032,,,POINT (-77.0333948 38.9616032),,7305.0,0.0,tertiary,
,7485,5128694819,-77.0079433,38.8711462,,,POINT (-77.0079433 38.8711462),,7306.0,0.0,tertiary,
,7486,3001431210,-77.0139752,38.9032085,,,POINT (-77.0139752 38.9032085),,7307.0,0.0,secondary,
,7487,3001431211,-77.0145147,38.9046748,,,POINT (-77.0145147 38.9046748),,7308.0,0.0,secondary,
,7488,12169327805,-77.045067,38.8995824,,,POINT (-77.045067 38.8995824),,7309.0,0.0,tertiary,
,7489,8903139403,-77.0284475,38.9612831,,,POINT (-77.0284475 38.9612831),,7310.0,0.0,primary,
,7491,11687900655,-76.9709581,38.9173962,,,POINT (-76.9709581 38.9173962),,7312.0,0.0,motorway,
,7493,49779128,-76.937436,38.908842,,,POINT (-76.937436 38.908842),,7314.0,0.0,secondary,
,7494,641116210,-77.035524,38.902643,,,POINT (-77.035524 38.902643),,7315.0,0.0,tertiary,
,7495,8977091098,-77.0089887,38.9217252,,,POINT (-77.0089887 38.9217252),,7316.0,0.0,primary,
,7496,11011905868,-77.05924,38.8852246,,,POINT (-77.05924 38.8852246),,7317.0,0.0,motorway,
,7497,6899367798,-77.0593278,38.8855633,,,POINT (-77.0593278 38.8855633),,7318.0,0.0,motorway,
,7498,2790566221,-77.0240289,38.9022728,,,POINT (-77.0240289 38.9022728),,7319.0,0.0,primary,
,7499,663508699,-76.9337987,38.8990562,,,POINT (-76.9337987 38.8990562),,7320.0,0.0,secondary,
,7500,49884432,-77.0600897,38.8866957,,,POINT (-77.0600897 38.8866957),,7321.0,0.0,motorway,
,7501,3006052138,-77.0091506,38.8794036,,,POINT (-77.0091506 38.8794036),,7322.0,0.0,primary,
,7502,646133122,-76.9341395,38.9125601,,,POINT (-76.9341395 38.9125601),,7323.0,1.0,secondary,
,7503,7885202964,-77.0176749,38.87663,,,POINT (-77.0176749 38.87663),,7324.0,0.0,secondary,
,7504,12174140028,-77.0059134,38.8747869,,,POINT (-77.0059134 38.8747869),,7325.0,0.0,tertiary,
,7505,12174140031,-77.005906,38.8758881,,,POINT (-77.005906 38.8758881),,7326.0,0.0,tertiary,
,7506,5441343029,-77.0083512,38.8792894,,,POINT (-77.0083512 38.8792894),,7327.0,0.0,secondary,
,7507,12176865038,-77.0065227,38.8792922,,,POINT (-77.0065227 38.8792922),,7328.0,0.0,secondary,
,7508,8838986524,-77.0090198,38.838011,,,POINT (-77.0090198 38.838011),,7329.0,0.0,motorway,
,7509,12422968725,-77.0434684,38.9278877,,,POINT (-77.0434684 38.9278877),,7330.0,0.0,primary,
,7510,49770656,-77.0385045,38.9065647,,,POINT (-77.0385045 38.9065647),,7331.0,0.0,primary,
,7511,49770651,-77.0385125,38.9047643,,,POINT (-77.0385125 38.9047643),,7332.0,0.0,secondary,
,7512,11261031479,-77.0385134,38.9038722,,,POINT (-77.0385134 38.9038722),,7333.0,0.0,secondary,
,7513,9136825813,-77.0385144,38.9037959,,,POINT (-77.0385144 38.9037959),,7334.0,0.0,secondary,
,7514,9090590674,-77.0136759,38.8997651,,,POINT (-77.0136759 38.8997651),,7335.0,0.0,secondary,
,7515,4311425156,-77.0005697,38.9209132,,,POINT (-77.0005697 38.9209132),,7336.0,0.0,tertiary,
,7516,641909181,-77.0014194,38.8649025,,,POINT (-77.0014194 38.8649025),,7337.0,0.0,primary,
,7517,9093791463,-77.0025754,38.8634956,,,POINT (-77.0025754 38.8634956),,7338.0,0.0,primary,
,7518,10966825328,-77.002565,38.8648081,,,POINT (-77.002565 38.8648081),,7339.0,0.0,primary,
,7519,9097753196,-76.9378022,38.8902852,,,POINT (-76.9378022 38.8902852),,7340.0,0.0,primary,
,7520,9097753199,-76.9377612,38.8901202,,,POINT (-76.9377612 38.8901202),,7341.0,0.0,primary,
,7521,7821888551,-76.9379021,38.8904241,,,POINT (-76.9379021 38.8904241),,7342.0,0.0,primary,
,7522,9097753195,-76.9377437,38.8900826,,,POINT (-76.9377437 38.8900826),,7343.0,0.0,primary,
,7523,9099950059,-77.0067575,38.845096,,,POINT (-77.0067575 38.845096),,7344.0,0.0,secondary,
,7524,9099950062,-77.0070683,38.8469404,,,POINT (-77.0070683 38.8469404),,7345.0,0.0,motorway,
,7525,11831784014,-77.0060014,38.8450961,,,POINT (-77.0060014 38.8450961),,7346.0,0.0,secondary,
,7526,10969467371,-77.0060662,38.8450961,,,POINT (-77.0060662 38.8450961),,7347.0,0.0,secondary,
,7527,11831784016,-77.0059198,38.8450962,,,POINT (-77.0059198 38.8450962),,7348.0,0.0,secondary,
,7528,8455863520,-77.0085236,38.8707753,,,POINT (-77.0085236 38.8707753),,7349.0,0.0,primary,
,7529,12174080727,-77.0083957,38.8710228,,,POINT (-77.0083957 38.8710228),,7350.0,0.0,tertiary,
,7530,641940023,-77.0086869,38.8710095,,,POINT (-77.0086869 38.8710095),,7351.0,0.0,primary,
,7531,12174070055,-77.0086414,38.8696652,,,POINT (-77.0086414 38.8696652),,7352.0,0.0,primary,
,7532,8455846798,-77.00852,38.8700095,,,POINT (-77.00852 38.8700095),,7353.0,0.0,primary,
,7533,8455846792,-77.0088228,38.8695023,,,POINT (-77.0088228 38.8695023),,7354.0,0.0,primary,
,7534,8455863389,-77.0024851,38.867263,,,POINT (-77.0024851 38.867263),,7355.0,0.0,primary,
,7535,12169327817,-77.0447647,38.9006676,,,POINT (-77.0447647 38.9006676),,7356.0,0.0,primary,
,7536,12169327818,-77.0450357,38.9007586,,,POINT (-77.0450357 38.9007586),,7357.0,0.0,primary,
,7537,9111384822,-77.0020896,38.8657799,,,POINT (-77.0020896 38.8657799),,7358.0,0.0,primary,
,7538,9198915662,-77.0014004,38.8643222,,,POINT (-77.0014004 38.8643222),,7359.0,0.0,primary,
,7539,49762691,-76.938999,38.906826,,,POINT (-76.938999 38.906826),,7360.0,0.0,motorway,
,7540,262251166,-77.050532,38.9118749,,,POINT (-77.050532 38.9118749),,7361.0,0.0,primary,
,7541,9124531117,-76.9414259,38.9046541,,,POINT (-76.9414259 38.9046541),,7362.0,0.0,secondary,
,7542,49779105,-76.9403014,38.9056161,,,POINT (-76.9403014 38.9056161),,7363.0,0.0,secondary,
,7543,9130874912,-77.0257542,38.8835875,,,POINT (-77.0257542 38.8835875),,7364.0,-1.0,tertiary,
,7544,9131079907,-77.0167934,38.9003874,,,POINT (-77.0167934 38.9003874),,7365.0,0.0,primary,
,7545,9131079911,-77.0165977,38.9002677,,,POINT (-77.0165977 38.9002677),,7366.0,0.0,primary,
,7546,9131079912,-77.0161922,38.900187,,,POINT (-77.0161922 38.900187),,7367.0,0.0,motorway,
,7547,1363151545,-77.0323861,38.905575,,,POINT (-77.0323861 38.905575),,7368.0,0.0,primary,
,7548,9484861991,-77.0179507,38.9744424,,,POINT (-77.0179507 38.9744424),,7369.0,0.0,secondary,
,7549,9609186808,-77.0179046,38.9743963,,,POINT (-77.0179046 38.9743963),,7370.0,0.0,secondary,
,7550,49843151,-77.0363444,38.9585132,,,POINT (-77.0363444 38.9585132),,7371.0,0.0,primary,
,7551,9545143716,-77.0364796,38.9087065,,,POINT (-77.0364796 38.9087065),,7372.0,0.0,primary,
,7552,9191803926,-76.9467022,38.86372,,,POINT (-76.9467022 38.86372),,7373.0,2.0,trunk,
,7553,5446354400,-76.958096,38.8548934,,,POINT (-76.958096 38.8548934),,7374.0,2.0,primary,
,7554,49789356,-77.028235,38.958351,,,POINT (-77.028235 38.958351),,7375.0,0.0,trunk,
,7555,49765167,-77.0456995,38.9072482,,,POINT (-77.0456995 38.9072482),,7376.0,0.0,secondary,
,7556,12169327875,-77.0451227,38.9078594,,,POINT (-77.0451227 38.9078594),,7377.0,0.0,secondary,
,7557,6798352379,-77.0144326,38.956514,,,POINT (-77.0144326 38.956514),,7378.0,0.0,primary,
,7558,2053263870,-77.0336227,38.8955098,,,POINT (-77.0336227 38.8955098),,7379.0,0.0,secondary,
,7559,638210729,-77.0520296,38.8899373,,,POINT (-77.0520296 38.8899373),,7380.0,0.0,primary,
,7560,3657251457,-77.1125351,38.9401691,,,POINT (-77.1125351 38.9401691),,7381.0,2.0,secondary,
,7561,49798773,-76.9372831,38.8892642,,,POINT (-76.9372831 38.8892642),,7382.0,0.0,secondary,
,7562,12520587443,-77.0863288,38.9374077,,,POINT (-77.0863288 38.9374077),,7383.0,0.0,primary,
,7563,9305407907,-77.0862588,38.9374554,,,POINT (-77.0862588 38.9374554),,7384.0,0.0,primary,
,7564,3373611789,-77.0855118,38.9383951,,,POINT (-77.0855118 38.9383951),,7385.0,0.0,primary,
,7565,12520587440,-77.0854709,38.9384232,,,POINT (-77.0854709 38.9384232),,7386.0,0.0,primary,
,7566,3665467713,-77.0156941,38.9723399,,,POINT (-77.0156941 38.9723399),,7387.0,0.0,tertiary,
,7567,9313102861,-77.0162259,38.9723444,,,POINT (-77.0162259 38.9723444),,7388.0,0.0,tertiary,
,7568,9315321045,-76.9978801,38.8630745,,,POINT (-76.9978801 38.8630745),,7389.0,0.0,motorway,
,7569,9315321047,-76.9966785,38.8633292,,,POINT (-76.9966785 38.8633292),,7390.0,0.0,motorway,
,7570,9315321048,-76.99601,38.8634723,,,POINT (-76.99601 38.8634723),,7391.0,0.0,motorway,
,7571,9315321052,-76.9963263,38.8634027,,,POINT (-76.9963263 38.8634027),,7392.0,0.0,motorway,
,7572,11831784012,-77.0078984,38.8435517,,,POINT (-77.0078984 38.8435517),,7393.0,0.0,secondary,
,7573,9335956402,-77.0075854,38.8479238,,,POINT (-77.0075854 38.8479238),,7394.0,0.0,motorway,
,7574,9335956414,-77.0077964,38.8452656,,,POINT (-77.0077964 38.8452656),,7395.0,0.0,motorway,
,7575,9335956415,-77.0078285,38.8449198,,,POINT (-77.0078285 38.8449198),,7396.0,0.0,motorway,
,7576,9335983923,-77.0072418,38.8434305,,,POINT (-77.0072418 38.8434305),,7397.0,0.0,secondary,
,7577,9335983922,-77.0072239,38.8435062,,,POINT (-77.0072239 38.8435062),,7398.0,0.0,secondary,
,7578,11831784013,-77.0077935,38.8435766,,,POINT (-77.0077935 38.8435766),,7399.0,0.0,secondary,
,7579,10797743569,-77.0070841,38.8434113,,,POINT (-77.0070841 38.8434113),,7400.0,0.0,secondary,
,7580,11831784011,-77.006963,38.843427,,,POINT (-77.006963 38.843427),,7401.0,0.0,secondary,
,7581,11831784010,-77.0069142,38.8435879,,,POINT (-77.0069142 38.8435879),,7402.0,0.0,secondary,
,7582,10969774329,-77.0069126,38.8435955,,,POINT (-77.0069126 38.8435955),,7403.0,0.0,secondary,
,7583,9335983925,-77.0068098,38.8440763,,,POINT (-77.0068098 38.8440763),,7404.0,0.0,secondary,
,7584,9335983926,-77.0067619,38.8442906,,,POINT (-77.0067619 38.8442906),,7405.0,0.0,secondary,
,7585,9335983927,-77.0066286,38.8448817,,,POINT (-77.0066286 38.8448817),,7406.0,0.0,secondary,
,7586,9335983928,-77.0065427,38.8452703,,,POINT (-77.0065427 38.8452703),,7407.0,0.0,secondary,
,7587,10175825328,-77.0068652,38.8476499,,,POINT (-77.0068652 38.8476499),,7408.0,0.0,secondary,
,7588,10969462366,-77.0060421,38.8520498,,,POINT (-77.0060421 38.8520498),,7409.0,0.0,secondary,
,7589,11262878019,-77.0152141,38.8907756,,,POINT (-77.0152141 38.8907756),,7410.0,0.0,primary,
,7590,9129924993,-77.0152163,38.8912251,,,POINT (-77.0152163 38.8912251),,7411.0,0.0,primary,
,7591,10267682997,-77.0330916,38.9287814,,,POINT (-77.0330916 38.9287814),,7412.0,0.0,secondary,
,7592,10096730142,-77.0102841,38.8875937,,,POINT (-77.0102841 38.8875937),,7413.0,0.0,primary,
,7593,642354028,-76.9811233,38.8776685,,,POINT (-76.9811233 38.8776685),,7414.0,0.0,primary,
,7594,9804624320,-76.9805098,38.8778128,,,POINT (-76.9805098 38.8778128),,7415.0,0.0,primary,
,7595,49770670,-77.0384891,38.9096516,,,POINT (-77.0384891 38.9096516),,7416.0,0.0,secondary,
,7596,9545143715,-77.0365258,38.909017,,,POINT (-77.0365258 38.909017),,7417.0,0.0,primary,
,7597,11255208749,-77.0821479,38.9610181,,,POINT (-77.0821479 38.9610181),,7418.0,0.0,secondary,
,7598,5448413144,-76.9984434,38.9041443,,,POINT (-76.9984434 38.9041443),,7419.0,0.0,tertiary,
,7599,2791267314,-77.0384894,38.9095747,,,POINT (-77.0384894 38.9095747),,7420.0,0.0,secondary,
,7600,4954940025,-77.038484,38.9083625,,,POINT (-77.038484 38.9083625),,7421.0,0.0,secondary,
,7601,10969774369,-77.0083306,38.8378688,,,POINT (-77.0083306 38.8378688),,7422.0,0.0,primary,
,7602,9591266988,-77.0003933,38.8940173,,,POINT (-77.0003933 38.8940173),,7423.0,0.0,primary,
,7603,9468883912,-77.0005773,38.8938191,,,POINT (-77.0005773 38.8938191),,7424.0,0.0,primary,
,7604,10969467343,-77.0067195,38.8466807,,,POINT (-77.0067195 38.8466807),,7425.0,0.0,secondary,
,7605,9472575610,-77.0068781,38.8469947,,,POINT (-77.0068781 38.8469947),,7426.0,0.0,secondary,
,7606,9472575615,-77.0065869,38.8457912,,,POINT (-77.0065869 38.8457912),,7427.0,0.0,secondary,
,7607,49764038,-77.0152036,38.8792915,,,POINT (-77.0152036 38.8792915),,7428.0,0.0,secondary,
,7608,12175091716,-77.0093215,38.8792925,,,POINT (-77.0093215 38.8792925),,7429.0,0.0,secondary,
,7609,4915464793,-77.0099806,38.8792903,,,POINT (-77.0099806 38.8792903),,7430.0,0.0,secondary,
,7610,9335983930,-77.0064988,38.8455502,,,POINT (-77.0064988 38.8455502),,7431.0,0.0,secondary,
,7611,9472575597,-77.0065516,38.8459396,,,POINT (-77.0065516 38.8459396),,7432.0,0.0,secondary,
,7612,5637726950,-77.0023002,38.86038,,,POINT (-77.0023002 38.86038),,7433.0,0.0,secondary,
,7613,3806991495,-77.0019935,38.8607308,,,POINT (-77.0019935 38.8607308),,7434.0,0.0,secondary,
,7614,9768681880,-76.997266,38.8945341,,,POINT (-76.997266 38.8945341),,7435.0,0.0,primary,
,7615,9630558235,-76.99649,38.8947876,,,POINT (-76.99649 38.8947876),,7436.0,0.0,primary,
,7616,9480293895,-76.9848024,38.899573,,,POINT (-76.9848024 38.899573),,7437.0,0.0,primary,
,7617,5563919643,-76.9800501,38.9053862,,,POINT (-76.9800501 38.9053862),,7438.0,0.0,primary,
,7618,49890377,-77.0090154,38.9037335,,,POINT (-77.0090154 38.9037335),,7439.0,0.0,primary,
,7619,642044235,-77.0081192,38.8457705,,,POINT (-77.0081192 38.8457705),,7440.0,0.0,primary,
,7620,49876959,-76.998561,38.879773,,,POINT (-76.998561 38.879773),,7441.0,0.0,tertiary,
,7621,3281408822,-77.0365157,38.9128446,,,POINT (-77.0365157 38.9128446),,7442.0,0.0,primary,
,7622,49800109,-77.0365148,38.9133577,,,POINT (-77.0365148 38.9133577),,7443.0,0.0,primary,
,7623,4630089829,-77.0046538,38.900166,,,POINT (-77.0046538 38.900166),,7444.0,0.0,primary,
,7624,9523584520,-77.0043297,38.900166,,,POINT (-77.0043297 38.900166),,7445.0,0.0,primary,
,7626,12169237092,-77.0447694,38.8983413,,,POINT (-77.0447694 38.8983413),,7447.0,0.0,tertiary,
,7627,9524482478,-77.0461741,38.8983578,,,POINT (-77.0461741 38.8983578),,7448.0,0.0,tertiary,
,7628,12169237080,-77.0465194,38.898355,,,POINT (-77.0465194 38.898355),,7449.0,0.0,tertiary,
,7629,12169237054,-77.0501358,38.8982177,,,POINT (-77.0501358 38.8982177),,7450.0,0.0,primary,
,7630,12169205739,-77.0501487,38.8976359,,,POINT (-77.0501487 38.8976359),,7451.0,0.0,primary,
,7631,12169237045,-77.0499549,38.8983547,,,POINT (-77.0499549 38.8983547),,7452.0,0.0,tertiary,
,7632,12520639497,-77.0365045,38.992413,,,POINT (-77.0365045 38.992413),,7453.0,0.0,primary,
,7633,825400137,-77.036507,38.9922346,,,POINT (-77.036507 38.9922346),,7454.0,0.0,primary,
,7634,12520639500,-77.0365081,38.9921551,,,POINT (-77.0365081 38.9921551),,7455.0,0.0,primary,
,7635,9529686265,-77.0362492,38.9920806,,,POINT (-77.0362492 38.9920806),,7456.0,0.0,primary,
,7636,12520639502,-77.0361562,38.9920868,,,POINT (-77.0361562 38.9920868),,7457.0,-1.0,primary,
,7637,12520639499,-77.0361675,38.9924658,,,POINT (-77.0361675 38.9924658),,7458.0,1.0,primary,
,7638,9529686263,-77.0363928,38.9924679,,,POINT (-77.0363928 38.9924679),,7459.0,0.0,primary,
,7639,11012084482,-77.0362107,38.9917973,,,POINT (-77.0362107 38.9917973),,7460.0,0.0,primary,
,7640,12174080701,-77.0090028,38.871083,,,POINT (-77.0090028 38.871083),,7461.0,0.0,primary,
,7641,641939540,-77.0093715,38.8710236,,,POINT (-77.0093715 38.8710236),,7462.0,0.0,primary,
,7642,7489890475,-77.0365338,38.9057015,,,POINT (-77.0365338 38.9057015),,7463.0,0.0,primary,
,7643,9545184620,-77.0365343,38.9057651,,,POINT (-77.0365343 38.9057651),,7464.0,0.0,primary,
,7644,9545184622,-77.0364887,38.906946,,,POINT (-77.0364887 38.906946),,7465.0,0.0,primary,
,7645,9545184624,-77.0364868,38.9075565,,,POINT (-77.0364868 38.9075565),,7466.0,0.0,primary,
,7646,5853518584,-77.0122263,38.9283506,,,POINT (-77.0122263 38.9283506),,7467.0,0.0,tertiary,
,7647,9567745111,-76.9777766,38.8388031,,,POINT (-76.9777766 38.8388031),,7468.0,1.0,tertiary,
,7648,640563908,-76.9783113,38.8391752,,,POINT (-76.9783113 38.8391752),,7469.0,0.0,secondary,
,7650,49756881,-77.00204,38.889808,,,POINT (-77.00204 38.889808),,7471.0,0.0,secondary,
,7651,5448412952,-77.0013065,38.8898148,,,POINT (-77.0013065 38.8898148),,7472.0,0.0,secondary,
,7652,9590910987,-76.9851621,38.8877137,,,POINT (-76.9851621 38.8877137),,7473.0,0.0,primary,
,7653,5235719308,-76.9756503,38.890222,,,POINT (-76.9756503 38.890222),,7474.0,1.0,secondary,
,7654,7820179241,-76.977232,38.8928601,,,POINT (-76.977232 38.8928601),,7475.0,0.0,secondary,
,7655,9592649127,-77.0004319,38.8864613,,,POINT (-77.0004319 38.8864613),,7476.0,0.0,primary,
,7656,655442847,-77.0020424,38.8871907,,,POINT (-77.0020424 38.8871907),,7477.0,0.0,primary,
,7657,12177294362,-77.000568,38.8864712,,,POINT (-77.000568 38.8864712),,7478.0,0.0,secondary,
,7658,49845409,-76.9926521,38.88481,,,POINT (-76.9926521 38.88481),,7479.0,0.0,tertiary,
,7659,953417389,-76.9784366,38.8390849,,,POINT (-76.9784366 38.8390849),,7480.0,0.0,secondary,
,7660,9596757202,-76.9773129,38.8385056,,,POINT (-76.9773129 38.8385056),,7481.0,-1.0,tertiary,
,7661,4309715757,-77.0421225,38.9210194,,,POINT (-77.0421225 38.9210194),,7482.0,0.0,secondary,
,7662,3665453350,-77.018036,38.9661381,,,POINT (-77.018036 38.9661381),,7483.0,0.0,tertiary,
,7663,49822546,-77.0198956,38.9699299,,,POINT (-77.0198956 38.9699299),,7484.0,0.0,tertiary,
,7664,49825464,-77.0198968,38.9686321,,,POINT (-77.0198968 38.9686321),,7485.0,0.0,tertiary,
,7665,49829861,-77.0161768,38.964956,,,POINT (-77.0161768 38.964956),,7486.0,0.0,tertiary,
,7666,49809230,-77.043432,38.9126047,,,POINT (-77.043432 38.9126047),,7487.0,0.0,secondary,
,7667,9611929403,-77.0412725,38.9119692,,,POINT (-77.0412725 38.9119692),,7488.0,0.0,secondary,
,7668,9611919053,-77.040785,38.912488,,,POINT (-77.040785 38.912488),,7489.0,0.0,secondary,
,7672,8301000399,-77.1166696,38.9295277,,,POINT (-77.1166696 38.9295277),,7493.0,2.0,primary,
,7673,10166571754,-76.9560589,38.9217149,,,POINT (-76.9560589 38.9217149),,7494.0,0.0,tertiary,
,7675,9630556981,-76.9559173,38.92178,,,POINT (-76.9559173 38.92178),,7496.0,0.0,tertiary,
,7676,9131079901,-77.0153644,38.9002572,,,POINT (-77.0153644 38.9002572),,7497.0,0.0,primary,
,7678,12169234281,-77.0559702,38.9003902,,,POINT (-77.0559702 38.9003902),,7499.0,0.0,primary,
,7680,12171103954,-77.0436174,38.9037382,,,POINT (-77.0436174 38.9037382),,7501.0,0.0,tertiary,
,7681,12169327837,-77.0454674,38.9037315,,,POINT (-77.0454674 38.9037315),,7502.0,0.0,tertiary,
,7682,12169327832,-77.0449045,38.9036143,,,POINT (-77.0449045 38.9036143),,7503.0,0.0,tertiary,
,7684,9644431495,-77.0319539,38.9196619,,,POINT (-77.0319539 38.9196619),,7505.0,0.0,secondary,
,7685,9136773322,-77.0319528,38.9183849,,,POINT (-77.0319528 38.9183849),,7506.0,0.0,secondary,
,7687,4664921104,-77.0321007,38.9181151,,,POINT (-77.0321007 38.9181151),,7508.0,0.0,tertiary,
,7688,5446842809,-77.0337291,38.9181135,,,POINT (-77.0337291 38.9181135),,7509.0,0.0,tertiary,
,7691,9644645891,-77.0852052,38.912807,,,POINT (-77.0852052 38.912807),,7512.0,0.0,secondary,
,7693,2073919735,-77.0296206,38.9195156,,,POINT (-77.0296206 38.9195156),,7514.0,0.0,tertiary,
,7694,9647428785,-77.0296213,38.9178081,,,POINT (-77.0296213 38.9178081),,7515.0,0.0,tertiary,
,7695,9647428786,-77.0296211,38.9175209,,,POINT (-77.0296211 38.9175209),,7516.0,0.0,tertiary,
,7696,9647671199,-77.0855276,38.9126163,,,POINT (-77.0855276 38.9126163),,7517.0,0.0,secondary,
,7697,9647779524,-77.0375723,38.900226,,,POINT (-77.0375723 38.900226),,7518.0,0.0,secondary,
,7698,9647779525,-77.0372192,38.9002248,,,POINT (-77.0372192 38.9002248),,7519.0,0.0,secondary,
,7699,49759918,-77.021768,38.974815,,,POINT (-77.021768 38.974815),,7520.0,0.0,secondary,
,7700,11198575968,-77.0259145,38.920497,,,POINT (-77.0259145 38.920497),,7521.0,0.0,secondary,
,7701,49877875,-77.0260823,38.9205737,,,POINT (-77.0260823 38.9205737),,7522.0,0.0,secondary,
,7702,9655253191,-77.0239697,38.9164814,,,POINT (-77.0239697 38.9164814),,7523.0,0.0,primary,
,7703,10173451339,-77.021657,38.9126035,,,POINT (-77.021657 38.9126035),,7524.0,0.0,tertiary,
,7704,3916466122,-77.0166868,38.9142154,,,POINT (-77.0166868 38.9142154),,7525.0,0.0,primary,
,7706,9740411850,-77.0340105,38.9056909,,,POINT (-77.0340105 38.9056909),,7527.0,0.0,secondary,
,7707,806521028,-77.0501119,38.901882,,,POINT (-77.0501119 38.901882),,7528.0,0.0,primary,
,7708,10609139611,-76.9867386,38.9241304,,,POINT (-76.9867386 38.9241304),,7529.0,0.0,primary,
,7709,10609142842,-76.985726,38.9244759,,,POINT (-76.985726 38.9244759),,7530.0,0.0,primary,
,7710,8109881151,-77.0039835,38.9314177,,,POINT (-77.0039835 38.9314177),,7531.0,0.0,primary,
,7711,49794237,-76.992644,38.897334,,,POINT (-76.992644 38.897334),,7532.0,0.0,tertiary,
,7712,5879344797,-77.0222896,38.9815176,,,POINT (-77.0222896 38.9815176),,7533.0,2.0,secondary,
,7713,9257612257,-77.0180347,38.9723596,,,POINT (-77.0180347 38.9723596),,7534.0,0.0,tertiary,
,7714,9672648857,-77.0428675,38.9277359,,,POINT (-77.0428675 38.9277359),,7535.0,0.0,tertiary,
,7715,9676179710,-77.0418448,38.9037986,,,POINT (-77.0418448 38.9037986),,7536.0,0.0,secondary,
,7716,9136839241,-77.0379383,38.9056965,,,POINT (-77.0379383 38.9056965),,7537.0,0.0,secondary,
,7717,11261031466,-77.0383039,38.905698,,,POINT (-77.0383039 38.905698),,7538.0,0.0,secondary,
,7718,9136839244,-77.0385074,38.905704,,,POINT (-77.0385074 38.905704),,7539.0,0.0,secondary,
,7719,49770652,-77.0383023,38.9056434,,,POINT (-77.0383023 38.9056434),,7540.0,0.0,secondary,
,7720,49747443,-76.9620779,38.8782895,,,POINT (-76.9620779 38.8782895),,7541.0,0.0,secondary,
,7721,9684862799,-76.9621179,38.8780205,,,POINT (-76.9621179 38.8780205),,7542.0,0.0,secondary,
,7722,4001429578,-76.9620924,38.8779367,,,POINT (-76.9620924 38.8779367),,7543.0,0.0,secondary,
,7723,12094305895,-76.9625947,38.8775516,,,POINT (-76.9625947 38.8775516),,7544.0,0.0,secondary,
,7724,10014632175,-76.9621647,38.8777637,,,POINT (-76.9621647 38.8777637),,7545.0,0.0,secondary,
,7725,12240732539,-76.9967078,38.8765368,,,POINT (-76.9967078 38.8765368),,7546.0,0.0,primary,
,7726,7154060142,-76.9751009,38.8937746,,,POINT (-76.9751009 38.8937746),,7547.0,0.0,tertiary,
,7727,12169327854,-77.044716,38.905653,,,POINT (-77.044716 38.905653),,7548.0,0.0,primary,
,7728,3536226667,-77.012104,38.9289646,,,POINT (-77.012104 38.9289646),,7549.0,0.0,tertiary,
,7729,9694355230,-77.0120937,38.929646,,,POINT (-77.0120937 38.929646),,7550.0,0.0,tertiary,
,7730,9694355229,-77.0121024,38.928619,,,POINT (-77.0121024 38.928619),,7551.0,0.0,tertiary,
,7731,11267636451,-77.0215061,38.9395965,,,POINT (-77.0215061 38.9395965),,7552.0,0.0,tertiary,
,7732,49772877,-77.021512,38.9397118,,,POINT (-77.021512 38.9397118),,7553.0,0.0,tertiary,
,7733,647069617,-77.0215209,38.93984,,,POINT (-77.0215209 38.93984),,7554.0,0.0,tertiary,
,7734,4805639675,-77.022174,38.9121743,,,POINT (-77.022174 38.9121743),,7555.0,0.0,trunk,
,7735,12753678697,-77.0606313,38.9025744,,,POINT (-77.0606313 38.9025744),,7556.0,0.0,secondary,
,7736,5985449872,-77.0183975,38.9782393,,,POINT (-77.0183975 38.9782393),,7557.0,0.0,tertiary,
,7737,10609158858,-76.9749387,38.9296314,,,POINT (-76.9749387 38.9296314),,7558.0,0.0,primary,
,7738,9722529582,-76.9759976,38.929148,,,POINT (-76.9759976 38.929148),,7559.0,0.0,primary,
,7739,5019442991,-76.9641015,38.9348757,,,POINT (-76.9641015 38.9348757),,7560.0,0.0,primary,
,7740,1377274880,-76.9661002,38.9339227,,,POINT (-76.9661002 38.9339227),,7561.0,0.0,primary,
,7741,9722547319,-76.9663666,38.9337801,,,POINT (-76.9663666 38.9337801),,7562.0,0.0,primary,
,7742,9723903189,-76.948538,38.8958609,,,POINT (-76.948538 38.8958609),,7563.0,0.0,secondary,
,7745,9723923058,-76.9313077,38.9031333,,,POINT (-76.9313077 38.9031333),,7566.0,0.0,secondary,
,7746,49755611,-76.9292534,38.9035482,,,POINT (-76.9292534 38.9035482),,7567.0,0.0,secondary,
,7747,49755641,-76.926281,38.903544,,,POINT (-76.926281 38.903544),,7568.0,0.0,secondary,
,7749,9723923062,-76.9316766,38.9027777,,,POINT (-76.9316766 38.9027777),,7570.0,0.0,tertiary,
,7751,12415133445,-77.0025113,38.8609493,,,POINT (-77.0025113 38.8609493),,7572.0,0.0,motorway,
,7752,9737546417,-77.0192089,38.9422573,,,POINT (-77.0192089 38.9422573),,7573.0,0.0,tertiary,
,7753,7236237122,-77.0592655,38.8858186,,,POINT (-77.0592655 38.8858186),,7574.0,0.0,primary,
,7754,9748000554,-77.0345778,38.9038379,,,POINT (-77.0345778 38.9038379),,7575.0,0.0,secondary,
,7755,9750529763,-76.9687694,38.9172083,,,POINT (-76.9687694 38.9172083),,7576.0,-1.0,trunk,
,7756,10609041379,-76.9760488,38.9291373,,,POINT (-76.9760488 38.9291373),,7577.0,0.0,primary,
,7757,10609041378,-76.9763878,38.928922,,,POINT (-76.9763878 38.928922),,7578.0,0.0,primary,
,7758,9751954792,-76.9410895,38.9045742,,,POINT (-76.9410895 38.9045742),,7579.0,0.0,motorway,
,7759,49762613,-76.9404429,38.9050853,,,POINT (-76.9404429 38.9050853),,7580.0,0.0,motorway,
,7760,9751954793,-76.9412728,38.9045941,,,POINT (-76.9412728 38.9045941),,7581.0,0.0,motorway,
,7761,49755600,-76.9300201,38.903475,,,POINT (-76.9300201 38.903475),,7582.0,0.0,secondary,
,7762,9752208327,-76.9980205,38.8443389,,,POINT (-76.9980205 38.8443389),,7583.0,0.0,secondary,
,7763,8428075115,-76.9976863,38.8447083,,,POINT (-76.9976863 38.8447083),,7584.0,0.0,secondary,
,7764,9609186775,-77.0198906,38.9747328,,,POINT (-77.0198906 38.9747328),,7585.0,2.0,tertiary,
,7765,11189136618,-77.0209005,38.9760311,,,POINT (-77.0209005 38.9760311),,7586.0,0.0,secondary,
,7766,11189136610,-77.0211482,38.9756911,,,POINT (-77.0211482 38.9756911),,7587.0,0.0,secondary,
,7767,49732430,-76.996058,38.85507,,,POINT (-76.996058 38.85507),,7588.0,0.0,secondary,
,7768,9768594396,-76.998652,38.8940815,,,POINT (-76.998652 38.8940815),,7589.0,0.0,primary,
,7769,9768681882,-76.9961422,38.8949938,,,POINT (-76.9961422 38.8949938),,7590.0,0.0,primary,
,7770,11198265615,-76.9954207,38.8952546,,,POINT (-76.9954207 38.8952546),,7591.0,0.0,primary,
,7771,9768681894,-76.9943533,38.8956868,,,POINT (-76.9943533 38.8956868),,7592.0,0.0,primary,
,7772,49788024,-76.9937492,38.8959326,,,POINT (-76.9937492 38.8959326),,7593.0,0.0,primary,
,7773,49788029,-76.9926406,38.8963837,,,POINT (-76.9926406 38.8963837),,7594.0,0.0,primary,
,7774,9768681901,-76.9930144,38.8962316,,,POINT (-76.9930144 38.8962316),,7595.0,0.0,primary,
,7775,9768681895,-76.9920757,38.8966135,,,POINT (-76.9920757 38.8966135),,7596.0,0.0,primary,
,7776,49768693,-76.9915197,38.8968398,,,POINT (-76.9915197 38.8968398),,7597.0,0.0,primary,
,7777,9768681896,-76.9907284,38.8971618,,,POINT (-76.9907284 38.8971618),,7598.0,0.0,primary,
,7778,49788043,-76.9902444,38.8973587,,,POINT (-76.9902444 38.8973587),,7599.0,0.0,primary,
,7779,9768681897,-76.989693,38.8975818,,,POINT (-76.989693 38.8975818),,7600.0,0.0,primary,
,7780,9768681898,-76.9886521,38.8980117,,,POINT (-76.9886521 38.8980117),,7601.0,0.0,primary,
,7781,9768681899,-76.987723,38.8983846,,,POINT (-76.987723 38.8983846),,7602.0,0.0,primary,
,7782,9768681900,-76.9874754,38.8984854,,,POINT (-76.9874754 38.8984854),,7603.0,0.0,primary,
,7783,49738294,-76.9870069,38.898676,,,POINT (-76.9870069 38.898676),,7604.0,0.0,primary,
,7784,49756558,-76.9865831,38.8988484,,,POINT (-76.9865831 38.8988484),,7605.0,0.0,primary,
,7785,9768681902,-76.9933734,38.8960855,,,POINT (-76.9933734 38.8960855),,7606.0,0.0,primary,
,7786,9770641101,-77.0333617,38.9865303,,,POINT (-77.0333617 38.9865303),,7607.0,0.0,tertiary,
,7787,9770641104,-77.0334314,38.9866643,,,POINT (-77.0334314 38.9866643),,7608.0,0.0,tertiary,
,7788,9770641096,-77.0334467,38.9865356,,,POINT (-77.0334467 38.9865356),,7609.0,0.0,tertiary,
,7789,647043839,-77.0090862,38.9213057,,,POINT (-77.0090862 38.9213057),,7610.0,0.0,primary,
,7790,49830179,-76.9612017,38.8784383,,,POINT (-76.9612017 38.8784383),,7611.0,0.0,secondary,
,7791,4001429583,-76.961011,38.8784712,,,POINT (-76.961011 38.8784712),,7612.0,0.0,secondary,
,7792,4365477286,-77.0742027,38.9056521,,,POINT (-77.0742027 38.9056521),,7613.0,-1.0,primary,
,7793,9841319615,-76.9922822,38.9114566,,,POINT (-76.9922822 38.9114566),,7614.0,0.0,primary,
,7794,49735130,-77.0160222,38.9552115,,,POINT (-77.0160222 38.9552115),,7615.0,0.0,tertiary,
,7795,9671322996,-77.0135625,38.9020626,,,POINT (-77.0135625 38.9020626),,7616.0,0.0,secondary,
,7796,10261255855,-77.0585923,38.902569,,,POINT (-77.0585923 38.902569),,7617.0,0.0,secondary,
,7797,49836343,-77.0172149,38.9748983,,,POINT (-77.0172149 38.9748983),,7618.0,0.0,secondary,
,7798,3744956559,-77.017239,38.974989,,,POINT (-77.017239 38.974989),,7619.0,0.0,secondary,
,7799,49722337,-77.0016081,38.8623769,,,POINT (-77.0016081 38.8623769),,7620.0,0.0,motorway,
,7800,646064693,-76.9572228,38.9166991,,,POINT (-76.9572228 38.9166991),,7621.0,0.0,motorway,
,7801,5881074332,-77.0181675,38.9300908,,,POINT (-77.0181675 38.9300908),,7622.0,0.0,tertiary,
,7802,3744956556,-77.01683,38.9750974,,,POINT (-77.01683 38.9750974),,7623.0,0.0,secondary,
,7803,9983605762,-77.0364834,38.9022478,,,POINT (-77.0364834 38.9022478),,7624.0,0.0,tertiary,
,7804,5448413003,-77.0035109,38.8957571,,,POINT (-77.0035109 38.8957571),,7625.0,0.0,tertiary,
,7805,49780087,-77.0259808,38.9096479,,,POINT (-77.0259808 38.9096479),,7626.0,0.0,tertiary,
,7806,10008021752,-77.0880672,38.9602232,,,POINT (-77.0880672 38.9602232),,7627.0,2.0,tertiary,
,7807,634784054,-77.0538496,38.8991224,,,POINT (-77.0538496 38.8991224),,7628.0,0.0,primary,
,7808,12169205748,-77.052318,38.8982911,,,POINT (-77.052318 38.8982911),,7629.0,0.0,primary,
,7810,10012229411,-77.0589772,38.8860418,,,POINT (-77.0589772 38.8860418),,7631.0,0.0,primary,
,7811,10014085266,-77.0514849,38.8890851,,,POINT (-77.0514849 38.8890851),,7632.0,0.0,primary,
,7812,10014085277,-77.0513718,38.8895722,,,POINT (-77.0513718 38.8895722),,7633.0,0.0,primary,
,7813,10014085285,-77.0507792,38.8885059,,,POINT (-77.0507792 38.8885059),,7634.0,0.0,primary,
,7814,10014085290,-77.0512877,38.8890323,,,POINT (-77.0512877 38.8890323),,7635.0,0.0,primary,
,7815,10014085302,-77.0510358,38.8899933,,,POINT (-77.0510358 38.8899933),,7636.0,0.0,primary,
,7816,10014127918,-77.0503504,38.8902506,,,POINT (-77.0503504 38.8902506),,7637.0,0.0,primary,
,7817,12372727790,-77.0503639,38.890248,,,POINT (-77.0503639 38.890248),,7638.0,0.0,primary,
,7818,49748309,-77.066389,38.93465,,,POINT (-77.066389 38.93465),,7639.0,0.0,tertiary,
,7819,8455341705,-77.0663901,38.9345682,,,POINT (-77.0663901 38.9345682),,7640.0,0.0,tertiary,
,7820,10661769407,-77.06639,38.9343791,,,POINT (-77.06639 38.9343791),,7641.0,0.0,tertiary,
,7821,10609139612,-76.9863714,38.9243679,,,POINT (-76.9863714 38.9243679),,7642.0,0.0,primary,
,7822,10609142843,-76.9854759,38.9246689,,,POINT (-76.9854759 38.9246689),,7643.0,0.0,primary,
,7823,10609139614,-76.9832783,38.9255821,,,POINT (-76.9832783 38.9255821),,7644.0,0.0,primary,
,7824,10255437657,-77.0275332,38.8998215,,,POINT (-77.0275332 38.8998215),,7645.0,0.0,secondary,
,7825,49773055,-77.0219211,38.9140945,,,POINT (-77.0219211 38.9140945),,7646.0,0.0,secondary,
,7826,8455863480,-76.9987085,38.8628146,,,POINT (-76.9987085 38.8628146),,7647.0,0.0,motorway,
,7827,10967993379,-76.9984862,38.8627121,,,POINT (-76.9984862 38.8627121),,7648.0,0.0,primary,
,7828,6798415155,-77.0441559,38.9201279,,,POINT (-77.0441559 38.9201279),,7649.0,0.0,secondary,
,7829,3011757976,-77.0414653,38.9089639,,,POINT (-77.0414653 38.9089639),,7650.0,0.0,primary,
,7830,10857604974,-77.002456,38.8658953,,,POINT (-77.002456 38.8658953),,7651.0,0.0,primary,
,7831,12169205707,-77.047687,38.8959171,,,POINT (-77.047687 38.8959171),,7652.0,0.0,primary,
,7832,10154670186,-77.044667,38.924621,,,POINT (-77.044667 38.924621),,7653.0,0.0,tertiary,
,7833,9136825795,-77.0319565,38.9037957,,,POINT (-77.0319565 38.9037957),,7654.0,0.0,primary,
,7836,10972469894,-76.9747646,38.8508411,,,POINT (-76.9747646 38.8508411),,7657.0,0.0,secondary,
,7837,49744075,-76.9742105,38.850984,,,POINT (-76.9742105 38.850984),,7658.0,0.0,secondary,
,7838,49743994,-76.979023,38.847547,,,POINT (-76.979023 38.847547),,7659.0,0.0,secondary,
,7839,49743990,-76.979165,38.847451,,,POINT (-76.979165 38.847451),,7660.0,0.0,secondary,
,7840,49743979,-76.979787,38.847108,,,POINT (-76.979787 38.847108),,7661.0,0.0,secondary,
,7841,5445925360,-76.9793078,38.8473624,,,POINT (-76.9793078 38.8473624),,7662.0,0.0,secondary,
,7842,10166525034,-76.9990503,38.8450962,,,POINT (-76.9990503 38.8450962),,7663.0,0.0,secondary,
,7843,49745459,-77.0327206,38.935296,,,POINT (-77.0327206 38.935296),,7664.0,0.0,secondary,
,7844,49745461,-77.0327207,38.935592,,,POINT (-77.0327207 38.935592),,7665.0,0.0,secondary,
,7845,49745693,-77.03272,38.9331708,,,POINT (-77.03272 38.9331708),,7666.0,0.0,secondary,
,7846,49745680,-77.032724,38.9482614,,,POINT (-77.032724 38.9482614),,7667.0,0.0,tertiary,
,7847,2921295522,-77.0334649,38.9583522,,,POINT (-77.0334649 38.9583522),,7668.0,0.0,tertiary,
,7848,49745388,-77.0333905,38.9583524,,,POINT (-77.0333905 38.9583524),,7669.0,0.0,tertiary,
,7849,1013367362,-77.029361,38.9654339,,,POINT (-77.029361 38.9654339),,7670.0,0.0,tertiary,
,7850,49759926,-77.021065,38.975806,,,POINT (-77.021065 38.975806),,7671.0,0.0,secondary,
,7851,9733651845,-77.02101,38.9758779,,,POINT (-77.02101 38.9758779),,7672.0,0.0,secondary,
,7852,2944288727,-77.0160686,38.9390432,,,POINT (-77.0160686 38.9390432),,7673.0,0.0,tertiary,
,7853,49747844,-77.0169776,38.9395144,,,POINT (-77.0169776 38.9395144),,7674.0,0.0,tertiary,
,7854,49851463,-77.0172675,38.9399737,,,POINT (-77.0172675 38.9399737),,7675.0,0.0,tertiary,
,7855,6356688390,-77.0185465,38.9420001,,,POINT (-77.0185465 38.9420001),,7676.0,0.0,tertiary,
,7856,10166805894,-77.0197186,38.9435351,,,POINT (-77.0197186 38.9435351),,7677.0,0.0,primary,
,7857,49823283,-77.0194687,38.9436453,,,POINT (-77.0194687 38.9436453),,7678.0,0.0,primary,
,7858,11267636468,-77.0196355,38.9435837,,,POINT (-77.0196355 38.9435837),,7679.0,0.0,primary,
,7859,11267636464,-77.019349,38.9436646,,,POINT (-77.019349 38.9436646),,7680.0,0.0,primary,
,7860,49823364,-77.0186292,38.9428599,,,POINT (-77.0186292 38.9428599),,7681.0,0.0,primary,
,7861,49850938,-76.978997,38.924503,,,POINT (-76.978997 38.924503),,7682.0,0.0,tertiary,
,7862,49886257,-76.978995,38.9255834,,,POINT (-76.978995 38.9255834),,7683.0,0.0,tertiary,
,7863,49734603,-77.0431552,38.9278988,,,POINT (-77.0431552 38.9278988),,7684.0,0.0,tertiary,
,7864,9771027023,-77.0373756,38.925987,,,POINT (-77.0373756 38.925987),,7685.0,0.0,secondary,
,7865,9129917181,-77.0281282,38.8945288,,,POINT (-77.0281282 38.8945288),,7686.0,0.0,secondary,
,7866,10169283833,-77.038484,38.9167937,,,POINT (-77.038484 38.9167937),,7687.0,0.0,tertiary,
,7867,11076171034,-77.0384878,38.9156864,,,POINT (-77.0384878 38.9156864),,7688.0,0.0,tertiary,
,7868,10169283834,-77.0385059,38.9059605,,,POINT (-77.0385059 38.9059605),,7689.0,0.0,secondary,
,7869,11261031468,-77.0385063,38.9057826,,,POINT (-77.0385063 38.9057826),,7690.0,0.0,secondary,
,7870,9136839258,-77.041004,38.9056991,,,POINT (-77.041004 38.9056991),,7691.0,0.0,primary,
,7871,4887726880,-77.0369803,38.9165347,,,POINT (-77.0369803 38.9165347),,7692.0,0.0,secondary,
,7872,9611815312,-77.0377253,38.9157612,,,POINT (-77.0377253 38.9157612),,7693.0,0.0,secondary,
,7873,49793211,-76.9859263,38.9009402,,,POINT (-76.9859263 38.9009402),,7694.0,0.0,primary,
,7874,10181394607,-76.9913088,38.9055881,,,POINT (-76.9913088 38.9055881),,7695.0,0.0,tertiary,
,7875,9740295344,-76.980899,38.9148168,,,POINT (-76.980899 38.9148168),,7696.0,0.0,tertiary,
,7876,7414738000,-76.9788704,38.9165986,,,POINT (-76.9788704 38.9165986),,7697.0,0.0,tertiary,
,7877,3376996951,-76.9792635,38.9162599,,,POINT (-76.9792635 38.9162599),,7698.0,0.0,tertiary,
,7879,9712769076,-76.9855024,38.8918109,,,POINT (-76.9855024 38.8918109),,7700.0,0.0,tertiary,
,7880,49758252,-76.983653,38.897692,,,POINT (-76.983653 38.897692),,7701.0,0.0,tertiary,
,7881,49883588,-76.9777666,38.8898058,,,POINT (-76.9777666 38.8898058),,7702.0,0.0,secondary,
,7882,10170781531,-77.0301999,38.9013362,,,POINT (-77.0301999 38.9013362),,7703.0,0.0,secondary,
,7883,5446812582,-77.0176959,38.9135289,,,POINT (-77.0176959 38.9135289),,7704.0,0.0,tertiary,
,7884,5446812578,-77.0177171,38.9135867,,,POINT (-77.0177171 38.9135867),,7705.0,0.0,tertiary,
,7885,5446812581,-77.0176687,38.9134562,,,POINT (-77.0176687 38.9134562),,7706.0,0.0,tertiary,
,7886,12169234213,-77.0529878,38.8987628,,,POINT (-77.0529878 38.8987628),,7707.0,0.0,primary,
,7887,4629699767,-77.0319507,38.9009241,,,POINT (-77.0319507 38.9009241),,7708.0,0.0,primary,
,7888,49820985,-77.0402033,38.9039217,,,POINT (-77.0402033 38.9039217),,7709.0,0.0,primary,
,7889,9136839219,-77.0401308,38.9037959,,,POINT (-77.0401308 38.9037959),,7710.0,0.0,primary,
14th St NW & U St NW,7890,11234143710,-77.0319532,38.9173707,,,POINT (-77.0319532 38.9173707),,7711.0,0.0,secondary,
,7891,10175709749,-77.0235534,38.8998244,,,POINT (-77.0235534 38.8998244),,7712.0,0.0,secondary,
,7892,10175709750,-77.0231498,38.8998241,,,POINT (-77.0231498 38.8998241),,7713.0,0.0,secondary,
,7893,3669554862,-77.022951,38.8998228,,,POINT (-77.022951 38.8998228),,7714.0,0.0,secondary,
,7894,10181029541,-77.0510941,38.9335327,,,POINT (-77.0510941 38.9335327),,7715.0,0.0,primary,
,7895,10182976591,-77.0508047,38.9336638,,,POINT (-77.0508047 38.9336638),,7716.0,0.0,primary,
,7896,10575628982,-77.0500384,38.9340401,,,POINT (-77.0500384 38.9340401),,7717.0,0.0,primary,
,7897,2099955610,-77.0467986,38.932631,,,POINT (-77.0467986 38.932631),,7718.0,0.0,secondary,
,7898,10195765370,-77.046969,38.9326005,,,POINT (-77.046969 38.9326005),,7719.0,0.0,secondary,
,7899,10183399138,-77.0508143,38.933564,,,POINT (-77.0508143 38.933564),,7720.0,0.0,primary,
,7900,49811752,-77.077033,38.947901,,,POINT (-77.077033 38.947901),,7721.0,0.0,tertiary,
,7901,5436757424,-77.0151582,38.9064226,,,POINT (-77.0151582 38.9064226),,7722.0,0.0,tertiary,
,7902,49722744,-77.0151644,38.9064627,,,POINT (-77.0151644 38.9064627),,7723.0,0.0,tertiary,
,7903,10243994641,-76.9998804,38.8633959,,,POINT (-76.9998804 38.8633959),,7724.0,0.0,primary,
,7904,12171103943,-77.0488148,38.9036184,,,POINT (-77.0488148 38.9036184),,7725.0,0.0,primary,
,7905,9128439019,-77.0331457,38.8886291,,,POINT (-77.0331457 38.8886291),,7726.0,0.0,secondary,
,7906,10255386364,-77.0243745,38.8998207,,,POINT (-77.0243745 38.8998207),,7727.0,0.0,secondary,
,7907,10255386365,-77.0249728,38.8998201,,,POINT (-77.0249728 38.8998201),,7728.0,0.0,secondary,
,7908,10255386367,-77.0266068,38.8998197,,,POINT (-77.0266068 38.8998197),,7729.0,0.0,secondary,
,7909,8367767082,-77.0279506,38.8998217,,,POINT (-77.0279506 38.8998217),,7730.0,0.0,secondary,
,7910,10255437658,-77.027693,38.8998218,,,POINT (-77.027693 38.8998218),,7731.0,0.0,secondary,
,7911,12174070095,-77.0091707,38.871238,,,POINT (-77.0091707 38.871238),,7732.0,0.0,primary,
,7912,8455846801,-77.0095176,38.8708959,,,POINT (-77.0095176 38.8708959),,7733.0,0.0,primary,
,7913,8455862926,-77.0095832,38.8705877,,,POINT (-77.0095832 38.8705877),,7734.0,0.0,primary,
,7914,10261209757,-77.0095824,38.8700008,,,POINT (-77.0095824 38.8700008),,7735.0,0.0,primary,
,7915,9109400278,-77.0095346,38.8696915,,,POINT (-77.0095346 38.8696915),,7736.0,0.0,primary,
,7916,8455846779,-77.0092599,38.8694836,,,POINT (-77.0092599 38.8694836),,7737.0,0.0,primary,
,7917,12174070052,-77.0085805,38.8695478,,,POINT (-77.0085805 38.8695478),,7738.0,0.0,primary,
,7918,10264747133,-77.0466865,38.8964012,,,POINT (-77.0466865 38.8964012),,7739.0,0.0,tertiary,
,7919,12169270752,-77.0466877,38.896172,,,POINT (-77.0466877 38.896172),,7740.0,0.0,tertiary,
,7920,10967993211,-77.0027616,38.8672131,,,POINT (-77.0027616 38.8672131),,7741.0,0.0,primary,
,7921,9093791451,-77.0016151,38.8660695,,,POINT (-77.0016151 38.8660695),,7742.0,0.0,primary,
,7922,10967972076,-77.0015952,38.8669383,,,POINT (-77.0015952 38.8669383),,7743.0,0.0,primary,
,7923,9102550384,-77.002543,38.8673801,,,POINT (-77.002543 38.8673801),,7744.0,0.0,primary,
,7924,10272693486,-77.0219172,38.895225,,,POINT (-77.0219172 38.895225),,7745.0,0.0,secondary,
,7925,10272693487,-77.0219163,38.8956754,,,POINT (-77.0219163 38.8956754),,7746.0,0.0,secondary,
,7926,12324559584,-77.0502275,38.8904372,,,POINT (-77.0502275 38.8904372),,7747.0,0.0,primary,
,7927,5437727147,-77.013334,38.9025203,,,POINT (-77.013334 38.9025203),,7748.0,0.0,secondary,
,7928,10277389366,-77.0125499,38.9025192,,,POINT (-77.0125499 38.9025192),,7749.0,0.0,secondary,
,7929,10277389367,-77.0116804,38.9025182,,,POINT (-77.0116804 38.9025182),,7750.0,0.0,secondary,
,7930,10279623174,-77.0160468,38.9307362,,,POINT (-77.0160468 38.9307362),,7751.0,0.0,primary,
,7931,655662364,-77.0211999,38.8774625,,,POINT (-77.0211999 38.8774625),,7752.0,0.0,primary,
,7932,12221132384,-77.0064323,38.8764433,,,POINT (-77.0064323 38.8764433),,7753.0,0.0,primary,
,7933,12175091753,-77.0061227,38.8764418,,,POINT (-77.0061227 38.8764418),,7754.0,0.0,primary,
,7934,10281992976,-77.0239696,38.915915,,,POINT (-77.0239696 38.915915),,7755.0,0.0,primary,
,7935,10281992977,-77.02397,38.9152645,,,POINT (-77.02397 38.9152645),,7756.0,0.0,primary,
,7936,49856764,-76.947535,38.864046,,,POINT (-76.947535 38.864046),,7757.0,0.0,trunk,
,7937,10291111183,-76.9471164,38.8638817,,,POINT (-76.9471164 38.8638817),,7758.0,0.0,trunk,
,7938,12169270765,-77.0466074,38.8938055,,,POINT (-77.0466074 38.8938055),,7759.0,0.0,tertiary,
,7941,49718805,-76.9693358,38.8617938,,,POINT (-76.9693358 38.8617938),,7762.0,0.0,tertiary,
,7942,10316346002,-77.0219179,38.8944344,,,POINT (-77.0219179 38.8944344),,7763.0,0.0,secondary,
,7943,12174080749,-77.0083667,38.8696808,,,POINT (-77.0083667 38.8696808),,7764.0,0.0,primary,
,7944,10969774308,-77.0071494,38.8431136,,,POINT (-77.0071494 38.8431136),,7765.0,0.0,secondary,
,7945,12169234217,-77.053313,38.8988299,,,POINT (-77.053313 38.8988299),,7766.0,0.0,primary,
,7946,49749062,-77.0364529,38.934966,,,POINT (-77.0364529 38.934966),,7767.0,0.0,primary,
,7947,49788695,-77.0364589,38.9326137,,,POINT (-77.0364589 38.9326137),,7768.0,0.0,primary,
,7948,49828453,-77.0364571,38.933288,,,POINT (-77.0364571 38.933288),,7769.0,0.0,primary,
,7949,10596067237,-77.0365134,38.9136648,,,POINT (-77.0365134 38.9136648),,7770.0,0.0,primary,
,7950,10598942621,-77.0314301,38.8904358,,,POINT (-77.0314301 38.8904358),,7771.0,0.0,tertiary,
,7951,12221172310,-77.0488429,38.9337755,,,POINT (-77.0488429 38.9337755),,7772.0,0.0,primary,
,7952,1366288793,-76.9936569,38.9172034,,,POINT (-76.9936569 38.9172034),,7773.0,0.0,primary,
,7953,10610461136,-76.9915355,38.8788892,,,POINT (-76.9915355 38.8788892),,7774.0,0.0,secondary,
,7954,10610461137,-76.9915338,38.8796314,,,POINT (-76.9915338 38.8796314),,7775.0,0.0,secondary,
,7955,4974075927,-76.9915332,38.8802666,,,POINT (-76.9915332 38.8802666),,7776.0,0.0,secondary,
,7956,705647741,-76.9762198,38.8932783,,,POINT (-76.9762198 38.8932783),,7777.0,0.0,primary,
,7957,652905501,-76.9764574,38.9467016,,,POINT (-76.9764574 38.9467016),,7778.0,-1.0,primary,
,7958,49727785,-77.0441513,38.9610216,,,POINT (-77.0441513 38.9610216),,7779.0,0.0,primary,
,7959,11048281688,-77.0511328,38.933542,,,POINT (-77.0511328 38.933542),,7780.0,0.0,primary,
,7960,10797743568,-77.0079761,38.8436804,,,POINT (-77.0079761 38.8436804),,7781.0,0.0,motorway,
,7961,10797743572,-77.0067091,38.8436099,,,POINT (-77.0067091 38.8436099),,7782.0,0.0,secondary,
,7962,10799016707,-77.0612741,38.8854106,,,POINT (-77.0612741 38.8854106),,7783.0,0.0,motorway,
,7963,825400149,-77.03645,38.9925973,,,POINT (-77.03645 38.9925973),,7784.0,0.0,primary,
,7964,825400146,-77.0363885,38.9928237,,,POINT (-77.0363885 38.9928237),,7785.0,1.0,primary,
,7965,49737801,-77.0175932,38.8206797,,,POINT (-77.0175932 38.8206797),,7786.0,0.0,motorway,
,7966,10821577766,-76.9999265,38.8624235,,,POINT (-76.9999265 38.8624235),,7787.0,0.0,motorway,
,7967,9929957620,-76.9990169,38.8625005,,,POINT (-76.9990169 38.8625005),,7788.0,0.0,motorway,
,7968,4807536376,-77.0472721,38.9111401,,,POINT (-77.0472721 38.9111401),,7789.0,0.0,secondary,
,7969,49844818,-77.0199003,38.9072369,,,POINT (-77.0199003 38.9072369),,7790.0,0.0,trunk,
,7970,49780060,-77.0199011,38.9096385,,,POINT (-77.0199011 38.9096385),,7791.0,0.0,trunk,
,7971,11240985143,-76.9690878,38.8609584,,,POINT (-76.9690878 38.8609584),,7792.0,0.0,secondary,
,7972,49809279,-77.0450013,38.9195422,,,POINT (-77.0450013 38.9195422),,7793.0,0.0,tertiary,
,7973,49745214,-77.0319547,38.9141009,,,POINT (-77.0319547 38.9141009),,7794.0,0.0,primary,
,7974,8506668828,-77.0274415,38.967907,,,POINT (-77.0274415 38.967907),,7795.0,0.0,trunk,
,7975,11261031504,-77.0067686,38.9000403,,,POINT (-77.0067686 38.9000403),,7796.0,0.0,tertiary,
,7976,49716782,-77.0028133,38.8615886,,,POINT (-77.0028133 38.8615886),,7797.0,0.0,primary,
,7977,10857604966,-77.0027035,38.8619517,,,POINT (-77.0027035 38.8619517),,7798.0,0.0,primary,
,7978,10858085316,-76.9987032,38.8626337,,,POINT (-76.9987032 38.8626337),,7799.0,0.0,motorway,
,7979,10858085318,-76.9983695,38.8626548,,,POINT (-76.9983695 38.8626548),,7800.0,0.0,primary,
,7980,10910690769,-76.9999329,38.8636443,,,POINT (-76.9999329 38.8636443),,7801.0,0.0,primary,
,7981,49718011,-77.0820037,38.9070721,,,POINT (-77.0820037 38.9070721),,7802.0,0.0,secondary,
,7982,10931079766,-77.082511,38.9072993,,,POINT (-77.082511 38.9072993),,7803.0,0.0,secondary,
,7983,12169237093,-77.044914,38.8982242,,,POINT (-77.044914 38.8982242),,7804.0,0.0,tertiary,
,7984,10966825211,-77.0015611,38.8657779,,,POINT (-77.0015611 38.8657779),,7805.0,0.0,primary,
,7985,641909185,-77.001428,38.865328,,,POINT (-77.001428 38.865328),,7806.0,0.0,primary,
,7986,9093791474,-77.0018521,38.8658386,,,POINT (-77.0018521 38.8658386),,7807.0,0.0,primary,
,7987,9093791470,-77.0024467,38.8656397,,,POINT (-77.0024467 38.8656397),,7808.0,0.0,primary,
,7988,9315321053,-76.9979861,38.8627653,,,POINT (-76.9979861 38.8627653),,7809.0,0.0,motorway,
,7989,5637726949,-77.0024389,38.8601984,,,POINT (-77.0024389 38.8601984),,7810.0,0.0,secondary,
,7990,10966537477,-76.9992928,38.8635427,,,POINT (-76.9992928 38.8635427),,7811.0,0.0,motorway,
,7991,3230469041,-77.0057629,38.8525264,,,POINT (-77.0057629 38.8525264),,7812.0,0.0,secondary,
,7992,9478439996,-77.0061399,38.8454869,,,POINT (-77.0061399 38.8454869),,7813.0,0.0,secondary,
,7993,8838986539,-77.0060085,38.8452584,,,POINT (-77.0060085 38.8452584),,7814.0,0.0,secondary,
,7994,10969467392,-77.0059626,38.8444638,,,POINT (-77.0059626 38.8444638),,7815.0,0.0,secondary,
,7995,11831784017,-77.0059204,38.844921,,,POINT (-77.0059204 38.844921),,7816.0,0.0,secondary,
,7996,11831784015,-77.00575,38.8450952,,,POINT (-77.00575 38.8450952),,7817.0,0.0,secondary,
,7997,9099950063,-77.0070505,38.8483441,,,POINT (-77.0070505 38.8483441),,7818.0,0.0,motorway,
,7998,10969467449,-77.0071022,38.8452602,,,POINT (-77.0071022 38.8452602),,7819.0,0.0,motorway,
,7999,642044857,-77.0087764,38.8382418,,,POINT (-77.0087764 38.8382418),,7820.0,0.0,primary,
,8000,10969774398,-77.0082977,38.8451855,,,POINT (-77.0082977 38.8451855),,7821.0,0.0,primary,
,8001,10969774399,-77.008316,38.8449997,,,POINT (-77.008316 38.8449997),,7822.0,0.0,primary,
,8002,10969774419,-77.0091675,38.8387878,,,POINT (-77.0091675 38.8387878),,7823.0,0.0,primary,
,8003,642045037,-77.0085524,38.8436967,,,POINT (-77.0085524 38.8436967),,7824.0,0.0,primary,
,8004,642045034,-77.0084242,38.8449985,,,POINT (-77.0084242 38.8449985),,7825.0,0.0,primary,
,8005,11563313323,-77.030691,38.9475851,,,POINT (-77.030691 38.9475851),,7826.0,0.0,secondary,
,8006,10981934324,-77.035566,38.8793297,,,POINT (-77.035566 38.8793297),,7827.0,0.0,motorway,
,8007,10981934327,-77.0364966,38.8793355,,,POINT (-77.0364966 38.8793355),,7828.0,0.0,motorway,
,8008,9751886159,-76.9822839,38.9261922,,,POINT (-76.9822839 38.9261922),,7829.0,0.0,primary,
,8009,10609139617,-76.9830108,38.9258477,,,POINT (-76.9830108 38.9258477),,7830.0,0.0,primary,
,8010,11073142731,-77.0364814,38.9238066,,,POINT (-77.0364814 38.9238066),,7831.0,0.0,primary,
,8011,11073142728,-77.0364812,38.9238545,,,POINT (-77.0364812 38.9238545),,7832.0,0.0,primary,
,8012,49832844,-77.0364789,38.924765,,,POINT (-77.0364789 38.924765),,7833.0,0.0,primary,
,8013,7809339393,-77.0364815,38.9237506,,,POINT (-77.0364815 38.9237506),,7834.0,0.0,primary,
,8014,49762625,-76.939138,38.906485,,,POINT (-76.939138 38.906485),,7835.0,0.0,motorway,
,8015,49762694,-76.9395041,38.9062458,,,POINT (-76.9395041 38.9062458),,7836.0,0.0,motorway,
,8016,49785947,-77.071107,38.957223,,,POINT (-77.071107 38.957223),,7837.0,0.0,primary,
,8017,49757927,-77.0714001,38.9577277,,,POINT (-77.0714001 38.9577277),,7838.0,0.0,primary,
,8018,49740930,-77.0363247,38.9906732,,,POINT (-77.0363247 38.9906732),,7839.0,0.0,primary,
,8019,12240573773,-77.0363245,38.9901272,,,POINT (-77.0363245 38.9901272),,7840.0,0.0,primary,
,8020,11197806580,-76.9791854,38.838482,,,POINT (-76.9791854 38.838482),,7841.0,-1.0,secondary,
,8021,11197806573,-76.9758254,38.8410892,,,POINT (-76.9758254 38.8410892),,7842.0,1.0,secondary,
,8022,3656193307,-76.9926463,38.8279717,,,POINT (-76.9926463 38.8279717),,7843.0,1.0,secondary,
,8023,1524281062,-76.992913,38.8277482,,,POINT (-76.992913 38.8277482),,7844.0,-1.0,secondary,
,8024,11197806608,-76.9977313,38.8240242,,,POINT (-76.9977313 38.8240242),,7845.0,1.0,secondary,
,8025,11197806610,-76.9979547,38.8238626,,,POINT (-76.9979547 38.8238626),,7846.0,-1.0,secondary,
,8026,3376996937,-76.9858713,38.910357,,,POINT (-76.9858713 38.910357),,7847.0,0.0,tertiary,
,8027,11198107404,-76.9928362,38.9042709,,,POINT (-76.9928362 38.9042709),,7848.0,0.0,primary,
,8028,11198107410,-76.9931195,38.9040621,,,POINT (-76.9931195 38.9040621),,7849.0,0.0,primary,
,8029,655680824,-77.0082188,38.8764691,,,POINT (-77.0082188 38.8764691),,7850.0,0.0,primary,
,8030,11198264292,-77.0076162,38.8764718,,,POINT (-77.0076162 38.8764718),,7851.0,0.0,primary,
,8031,11198264297,-77.00881,38.8764708,,,POINT (-77.00881 38.8764708),,7852.0,0.0,primary,
,8032,10939913235,-77.0088577,38.8764713,,,POINT (-77.0088577 38.8764713),,7853.0,0.0,primary,
,8033,11224066191,-77.0090955,38.8764733,,,POINT (-77.0090955 38.8764733),,7854.0,0.0,primary,
,8034,11198575979,-77.0260232,38.9206231,,,POINT (-77.0260232 38.9206231),,7855.0,0.0,secondary,
,8035,3378222917,-77.0196059,38.9013666,,,POINT (-77.0196059 38.9013666),,7856.0,0.0,primary,
,8036,11232733440,-77.0717398,38.9719201,,,POINT (-77.0717398 38.9719201),,7857.0,0.0,tertiary,
,8037,11274721881,-77.0319522,38.9124303,,,POINT (-77.0319522 38.9124303),,7858.0,0.0,primary,
,8038,49745676,-77.032725,38.946124,,,POINT (-77.032725 38.946124),,7859.0,0.0,tertiary,
,8039,12759707413,-77.0327176,38.9307706,,,POINT (-77.0327176 38.9307706),,7860.0,0.0,secondary,
,8040,11274721876,-77.0319499,38.9090838,,,POINT (-77.0319499 38.9090838),,7861.0,0.0,primary,
,8042,12169187750,-77.0438857,38.8938353,,,POINT (-77.0438857 38.8938353),,7863.0,0.0,primary,
,8043,11261031460,-77.040698,38.9037963,,,POINT (-77.040698 38.9037963),,7864.0,0.0,primary,
,8044,11261031469,-77.0403445,38.9037957,,,POINT (-77.0403445 38.9037957),,7865.0,0.0,primary,
,8045,11261031473,-77.0390206,38.9037959,,,POINT (-77.0390206 38.9037959),,7866.0,0.0,secondary,
,8046,11261031476,-77.0387021,38.9037959,,,POINT (-77.0387021 38.9037959),,7867.0,0.0,secondary,
,8047,641116218,-77.034622,38.9027505,,,POINT (-77.034622 38.9027505),,7868.0,0.0,secondary,
,8048,49782940,-77.036417,38.9505672,,,POINT (-77.036417 38.9505672),,7869.0,0.0,primary,
,8049,49746543,-77.0364165,38.9508071,,,POINT (-77.0364165 38.9508071),,7870.0,0.0,primary,
,8050,11267271747,-77.0364026,38.9521214,,,POINT (-77.0364026 38.9521214),,7871.0,0.0,primary,
,8051,49759678,-77.0238995,38.9336537,,,POINT (-77.0238995 38.9336537),,7872.0,0.0,trunk,
,8052,7736742684,-77.0238792,38.933455,,,POINT (-77.0238792 38.933455),,7873.0,0.0,trunk,
,8053,11267614265,-77.0236932,38.9322937,,,POINT (-77.0236932 38.9322937),,7874.0,0.0,trunk,
,8054,49789237,-77.0237694,38.9328104,,,POINT (-77.0237694 38.9328104),,7875.0,0.0,trunk,
,8055,49789239,-77.0238045,38.9330166,,,POINT (-77.0238045 38.9330166),,7876.0,0.0,trunk,
,8056,7736749694,-77.0238399,38.933224,,,POINT (-77.0238399 38.933224),,7877.0,0.0,trunk,
,8057,11274721878,-77.0319471,38.9091454,,,POINT (-77.0319471 38.9091454),,7878.0,0.0,primary,
14th St NW & P St NW,8058,11234143711,-77.0319522,38.9095028,,,POINT (-77.0319522 38.9095028),,7879.0,0.0,primary,
,8059,49745186,-77.031954,38.9072513,,,POINT (-77.031954 38.9072513),,7880.0,0.0,primary,
,8060,9644621275,-77.0319524,38.9095613,,,POINT (-77.0319524 38.9095613),,7881.0,0.0,primary,
,8061,11274721880,-77.0319527,38.9098596,,,POINT (-77.0319527 38.9098596),,7882.0,0.0,primary,
,8062,9136773263,-77.0319535,38.9122023,,,POINT (-77.0319535 38.9122023),,7883.0,0.0,primary,
,8063,3670782175,-76.9261303,38.8971762,,,POINT (-76.9261303 38.8971762),,7884.0,0.0,tertiary,
,8064,11275506481,-76.9262025,38.8969232,,,POINT (-76.9262025 38.8969232),,7885.0,0.0,tertiary,
,8065,641112585,-77.0563614,38.9034211,,,POINT (-77.0563614 38.9034211),,7886.0,0.0,primary,
,8066,49745365,-77.03343,38.950001,,,POINT (-77.03343 38.950001),,7887.0,0.0,tertiary,
,8067,5441148072,-77.0066339,38.9003995,,,POINT (-77.0066339 38.9003995),,7888.0,0.0,tertiary,
,8068,11368228088,-76.969938,38.8564707,,,POINT (-76.969938 38.8564707),,7889.0,0.0,secondary,
,8069,5440670972,-76.9700151,38.8571452,,,POINT (-76.9700151 38.8571452),,7890.0,0.0,tertiary,
,8070,11406913918,-76.9997533,38.9651679,,,POINT (-76.9997533 38.9651679),,7891.0,2.0,tertiary,
,8071,333674590,-77.0367032,38.7928131,,,POINT (-77.0367032 38.7928131),,7892.0,1.0,motorway,
,8072,1080388443,-77.0367119,38.7929394,,,POINT (-77.0367119 38.7929394),,7893.0,1.0,motorway,
,8073,11953526589,-77.0371594,38.9037963,,,POINT (-77.0371594 38.9037963),,7894.0,0.0,primary,
,8074,11460035916,-77.0351409,38.9037959,,,POINT (-77.0351409 38.9037959),,7895.0,0.0,secondary,
,8075,11460035915,-77.0354243,38.9037456,,,POINT (-77.0354243 38.9037456),,7896.0,0.0,secondary,
,8076,11563313321,-77.0307693,38.9473396,,,POINT (-77.0307693 38.9473396),,7897.0,0.0,secondary,
,8077,49838231,-77.0308216,38.9474047,,,POINT (-77.0308216 38.9474047),,7898.0,0.0,secondary,
,8078,49724252,-77.01434,38.915569,,,POINT (-77.01434 38.915569),,7899.0,-1.0,primary,
,8080,9804624321,-76.9727683,38.8745484,,,POINT (-76.9727683 38.8745484),,7901.0,0.0,trunk,
,8081,646191445,-76.9730807,38.8745602,,,POINT (-76.9730807 38.8745602),,7902.0,0.0,motorway,
,8082,12193880598,-76.9737995,38.8748663,,,POINT (-76.9737995 38.8748663),,7903.0,0.0,motorway,
,8083,11198264295,-77.0073143,38.8765415,,,POINT (-77.0073143 38.8765415),,7904.0,0.0,primary,
,8084,1021561243,-77.0194248,38.927998,,,POINT (-77.0194248 38.927998),,7905.0,0.0,secondary,
,8085,49741031,-77.0005775,38.8935979,,,POINT (-77.0005775 38.8935979),,7906.0,0.0,primary,
,8088,11867189152,-77.0052159,38.9024626,,,POINT (-77.0052159 38.9024626),,7909.0,0.0,secondary,
,8089,11867189153,-77.0036761,38.9024631,,,POINT (-77.0036761 38.9024631),,7910.0,0.0,secondary,
,8090,11867189157,-77.0036839,38.902577,,,POINT (-77.0036839 38.902577),,7911.0,0.0,secondary,
,8091,11867189156,-77.0051245,38.9025822,,,POINT (-77.0051245 38.9025822),,7912.0,0.0,secondary,
,8092,11013222649,-77.0036366,38.9025732,,,POINT (-77.0036366 38.9025732),,7913.0,0.0,secondary,
,8093,49776746,-77.0526254,38.9765755,,,POINT (-77.0526254 38.9765755),,7914.0,0.0,tertiary,
,8094,11904239003,-76.9969587,38.9002045,,,POINT (-76.9969587 38.9002045),,7915.0,0.0,primary,
,8095,12437955940,-77.0072811,38.9421697,,,POINT (-77.0072811 38.9421697),,7916.0,0.0,secondary,
,8096,9403944400,-77.0238358,38.9111399,,,POINT (-77.0238358 38.9111399),,7917.0,0.0,tertiary,
,8097,9585778953,-77.0249043,38.9111403,,,POINT (-77.0249043 38.9111403),,7918.0,0.0,tertiary,
,8098,9335983917,-77.0070193,38.8433281,,,POINT (-77.0070193 38.8433281),,7919.0,0.0,secondary,
,8099,10969767088,-77.0069736,38.8433092,,,POINT (-77.0069736 38.8433092),,7920.0,0.0,secondary,
,8100,49737138,-76.9573803,38.8838123,,,POINT (-76.9573803 38.8838123),,7921.0,0.0,secondary,
,8101,12094214392,-76.9609061,38.8789556,,,POINT (-76.9609061 38.8789556),,7922.0,0.0,secondary,
,8102,12094214393,-76.9611114,38.8786814,,,POINT (-76.9611114 38.8786814),,7923.0,0.0,secondary,
,8103,12094323502,-76.9623979,38.8775927,,,POINT (-76.9623979 38.8775927),,7924.0,0.0,secondary,
,8104,12094323503,-76.9621276,38.8777206,,,POINT (-76.9621276 38.8777206),,7925.0,0.0,secondary,
,8105,12096326480,-77.0090955,38.9091497,,,POINT (-77.0090955 38.9091497),,7926.0,0.0,primary,
,8106,49817140,-76.9649338,38.876372,,,POINT (-76.9649338 38.876372),,7927.0,0.0,secondary,
,8107,49830130,-76.965753,38.875958,,,POINT (-76.965753 38.875958),,7928.0,0.0,secondary,
,8108,5441329982,-76.9653386,38.8761654,,,POINT (-76.9653386 38.8761654),,7929.0,0.0,secondary,
,8109,12101066641,-76.9619108,38.8778947,,,POINT (-76.9619108 38.8778947),,7930.0,0.0,secondary,
,8110,12128376034,-77.0335773,38.9037956,,,POINT (-77.0335773 38.9037956),,7931.0,0.0,tertiary,
,8111,12169187780,-77.0465022,38.895316,,,POINT (-77.0465022 38.895316),,7932.0,0.0,primary,
,8112,12169205702,-77.0472873,38.8957084,,,POINT (-77.0472873 38.8957084),,7933.0,0.0,primary,
,8113,12169205714,-77.048959,38.8964589,,,POINT (-77.048959 38.8964589),,7934.0,0.0,primary,
,8114,12169205718,-77.0503073,38.897126,,,POINT (-77.0503073 38.897126),,7935.0,0.0,primary,
,8115,12169205737,-77.0499474,38.8971701,,,POINT (-77.0499474 38.8971701),,7936.0,0.0,primary,
,8116,12169205735,-77.0498934,38.8973629,,,POINT (-77.0498934 38.8973629),,7937.0,0.0,tertiary,
,8117,5443794525,-77.0501315,38.8956156,,,POINT (-77.0501315 38.8956156),,7938.0,0.0,primary,
,8118,12169205734,-77.0501473,38.897474,,,POINT (-77.0501473 38.897474),,7939.0,0.0,primary,
,8119,12169234244,-77.0539672,38.8991934,,,POINT (-77.0539672 38.8991934),,7940.0,0.0,primary,
,8121,12169237058,-77.0488596,38.8982323,,,POINT (-77.0488596 38.8982323),,7942.0,0.0,tertiary,
,8122,8392914674,-77.0466939,38.8951649,,,POINT (-77.0466939 38.8951649),,7943.0,0.0,tertiary,
,8123,10293418003,-77.0466962,38.8943082,,,POINT (-77.0466962 38.8943082),,7944.0,0.0,tertiary,
,8124,10292519073,-77.0466046,38.8939997,,,POINT (-77.0466046 38.8939997),,7945.0,0.0,tertiary,
,8125,12169327811,-77.0448909,38.900475,,,POINT (-77.0448909 38.900475),,7946.0,0.0,tertiary,
,8126,12169327836,-77.0450502,38.9037309,,,POINT (-77.0450502 38.9037309),,7947.0,0.0,tertiary,
,8127,12169327853,-77.0448584,38.9055122,,,POINT (-77.0448584 38.9055122),,7948.0,0.0,tertiary,
,8128,12169327864,-77.0448543,38.9071415,,,POINT (-77.0448543 38.9071415),,7949.0,0.0,tertiary,
,8129,2999124252,-77.0171551,38.8283804,,,POINT (-77.0171551 38.8283804),,7950.0,0.0,tertiary,
,8130,49822301,-77.0128019,38.8286542,,,POINT (-77.0128019 38.8286542),,7951.0,0.0,tertiary,
,8131,12171149418,-77.0130779,38.8286219,,,POINT (-77.0130779 38.8286219),,7952.0,0.0,tertiary,
,8132,12172945097,-77.013968,38.8973483,,,POINT (-77.013968 38.8973483),,7953.0,0.0,tertiary,
,8134,12174026246,-77.0007604,38.8328386,,,POINT (-77.0007604 38.8328386),,7955.0,0.0,tertiary,
,8135,1443727020,-77.000574,38.832961,,,POINT (-77.000574 38.832961),,7956.0,0.0,tertiary,
,8136,12174026245,-77.0005732,38.8331521,,,POINT (-77.0005732 38.8331521),,7957.0,0.0,tertiary,
,8137,12174026249,-77.0002653,38.8331578,,,POINT (-77.0002653 38.8331578),,7958.0,0.0,tertiary,
,8138,12174026255,-77.0000432,38.8333124,,,POINT (-77.0000432 38.8333124),,7959.0,0.0,tertiary,
,8139,12174026247,-77.0005732,38.8328016,,,POINT (-77.0005732 38.8328016),,7960.0,0.0,tertiary,
,8140,12174026363,-76.9931254,38.8366152,,,POINT (-76.9931254 38.8366152),,7961.0,0.0,secondary,
,8141,12174026436,-76.9935426,38.8386887,,,POINT (-76.9935426 38.8386887),,7962.0,0.0,secondary,
,8142,12174026437,-76.9935679,38.8389316,,,POINT (-76.9935679 38.8389316),,7963.0,0.0,secondary,
,8143,5446049333,-76.9935828,38.8393485,,,POINT (-76.9935828 38.8393485),,7964.0,0.0,secondary,
,8144,12175091751,-77.0058979,38.876304,,,POINT (-77.0058979 38.876304),,7965.0,0.0,tertiary,
,8145,12175091750,-77.0058997,38.8766944,,,POINT (-77.0058997 38.8766944),,7966.0,0.0,tertiary,
,8146,12176802416,-77.0045661,38.8776436,,,POINT (-77.0045661 38.8776436),,7967.0,0.0,secondary,
,8148,12175091715,-77.0087426,38.8792873,,,POINT (-77.0087426 38.8792873),,7969.0,0.0,secondary,
,8149,11053740427,-77.0005619,38.8766144,,,POINT (-77.0005619 38.8766144),,7970.0,0.0,tertiary,
,8150,655680327,-77.0020452,38.8765433,,,POINT (-77.0020452 38.8765433),,7971.0,0.0,tertiary,
,8151,11053740435,-77.0020464,38.8766117,,,POINT (-77.0020464 38.8766117),,7972.0,0.0,tertiary,
,8152,655680330,-77.0020437,38.8764558,,,POINT (-77.0020437 38.8764558),,7973.0,0.0,primary,
,8153,11206208508,-77.0021481,38.8764557,,,POINT (-77.0021481 38.8764557),,7974.0,0.0,primary,
,8154,11053740430,-77.0006747,38.876543,,,POINT (-77.0006747 38.876543),,7975.0,0.0,primary,
,8155,12177270613,-77.0018737,38.8765427,,,POINT (-77.0018737 38.8765427),,7976.0,0.0,primary,
,8156,11206208502,-77.0019248,38.8765429,,,POINT (-77.0019248 38.8765429),,7977.0,0.0,primary,
,8157,11206208507,-77.0021489,38.876544,,,POINT (-77.0021489 38.876544),,7978.0,0.0,primary,
,8158,12177270607,-77.0005625,38.8766498,,,POINT (-77.0005625 38.8766498),,7979.0,0.0,tertiary,
,8159,12177270632,-77.0005701,38.8801343,,,POINT (-77.0005701 38.8801343),,7980.0,0.0,tertiary,
,8160,12178789343,-77.0171248,38.872067,,,POINT (-77.0171248 38.872067),,7981.0,0.0,tertiary,
,8161,49788203,-77.0616371,38.949679,,,POINT (-77.0616371 38.949679),,7982.0,0.0,tertiary,
,8162,3514271505,-77.0642285,38.94968,,,POINT (-77.0642285 38.94968),,7983.0,0.0,tertiary,
,8163,3020726276,-77.027038,38.9076464,,,POINT (-77.027038 38.9076464),,7984.0,0.0,trunk,
,8164,3012829811,-77.0270367,38.9072457,,,POINT (-77.0270367 38.9072457),,7985.0,0.0,trunk,
,8165,49821260,-76.958913,38.8604904,,,POINT (-76.958913 38.8604904),,7986.0,0.0,trunk,
,8166,3798943056,-77.0792703,38.9547047,,,POINT (-77.0792703 38.9547047),,7987.0,0.0,tertiary,
,8167,49860792,-77.0820272,38.9547136,,,POINT (-77.0820272 38.9547136),,7988.0,0.0,tertiary,
,8168,2440765433,-77.023969,38.9061043,,,POINT (-77.023969 38.9061043),,7989.0,0.0,primary,
,8169,12221466554,-77.0239679,38.914359,,,POINT (-77.0239679 38.914359),,7990.0,0.0,primary,
,8170,12222937003,-77.0324925,38.903797,,,POINT (-77.0324925 38.903797),,7991.0,0.0,primary,
,8171,12231206511,-76.9998593,38.9068905,,,POINT (-76.9998593 38.9068905),,7992.0,0.0,primary,
,8172,49754673,-77.026933,38.948256,,,POINT (-77.026933 38.948256),,7993.0,0.0,trunk,
,8173,3370866914,-77.02713,38.9497383,,,POINT (-77.02713 38.9497383),,7994.0,0.0,trunk,
,8174,49789329,-77.027427,38.9518676,,,POINT (-77.027427 38.9518676),,7995.0,0.0,trunk,
,8175,49715981,-77.0275645,38.9529006,,,POINT (-77.0275645 38.9529006),,7996.0,0.0,trunk,
,8176,49746668,-77.027284,38.950802,,,POINT (-77.027284 38.950802),,7997.0,0.0,trunk,
,8177,49789305,-77.0266,38.946125,,,POINT (-77.0266 38.946125),,7998.0,0.0,trunk,
,8178,49819478,-76.9994592,38.9067196,,,POINT (-76.9994592 38.9067196),,7999.0,0.0,primary,
,8179,3008051188,-76.9989986,38.9065185,,,POINT (-76.9989986 38.9065185),,8000.0,0.0,primary,
,8180,6150942484,-76.9985405,38.9063237,,,POINT (-76.9985405 38.9063237),,8001.0,0.0,primary,
,8181,12231349782,-76.9988213,38.9064442,,,POINT (-76.9988213 38.9064442),,8002.0,0.0,primary,
,8182,49740634,-77.008692,38.948169,,,POINT (-77.008692 38.948169),,8003.0,0.0,primary,
,8183,12234318416,-77.0026535,38.8765439,,,POINT (-77.0026535 38.8765439),,8004.0,0.0,primary,
,8185,12234894790,-77.0364165,38.9789105,,,POINT (-77.0364165 38.9789105),,8006.0,0.0,primary,
,8186,49779381,-77.0363291,38.989666,,,POINT (-77.0363291 38.989666),,8007.0,0.0,primary,
,8187,49779377,-77.0363245,38.9899335,,,POINT (-77.0363245 38.9899335),,8008.0,0.0,primary,
,8189,1061899553,-77.0843919,38.9610172,,,POINT (-77.0843919 38.9610172),,8010.0,0.0,secondary,
,8190,12290450035,-77.0090622,38.8840202,,,POINT (-77.0090622 38.8840202),,8011.0,0.0,tertiary,
,8191,11235651696,-77.0091716,38.8839377,,,POINT (-77.0091716 38.8839377),,8012.0,0.0,primary,
,8192,49719497,-77.0095776,38.8837914,,,POINT (-77.0095776 38.8837914),,8013.0,0.0,primary,
,8193,9596032997,-77.0464594,38.916066,,,POINT (-77.0464594 38.916066),,8014.0,0.0,primary,
,8194,1379441973,-77.0275892,38.9530776,,,POINT (-77.0275892 38.9530776),,8015.0,0.0,trunk,
,8195,49789333,-77.0277308,38.9540937,,,POINT (-77.0277308 38.9540937),,8016.0,0.0,trunk,
,8196,49243106,-77.072441,38.972938,,,POINT (-77.072441 38.972938),,8017.0,2.0,tertiary,
,8197,49782585,-77.0762827,38.9661231,,,POINT (-77.0762827 38.9661231),,8018.0,0.0,primary,
,8198,7249082489,-77.0764161,38.9663535,,,POINT (-77.0764161 38.9663535),,8019.0,0.0,primary,
,8199,7249063784,-77.0762247,38.9660228,,,POINT (-77.0762247 38.9660228),,8020.0,0.0,primary,
,8200,49818000,-76.974173,38.9255819,,,POINT (-76.974173 38.9255819),,8021.0,0.0,tertiary,
,8201,12386647915,-76.9738774,38.9255818,,,POINT (-76.9738774 38.9255818),,8022.0,0.0,tertiary,
,8202,12386647928,-76.9768225,38.9255828,,,POINT (-76.9768225 38.9255828),,8023.0,0.0,tertiary,
,8203,12386647929,-76.9787523,38.9255839,,,POINT (-76.9787523 38.9255839),,8024.0,0.0,tertiary,
,8204,49765828,-76.9807506,38.925584,,,POINT (-76.9807506 38.925584),,8025.0,0.0,tertiary,
,8205,12477168156,-76.9825734,38.9255873,,,POINT (-76.9825734 38.9255873),,8026.0,0.0,tertiary,
,8206,49778198,-77.0161638,38.9637802,,,POINT (-77.0161638 38.9637802),,8027.0,0.0,tertiary,
,8207,971104284,-76.9738968,38.8794716,,,POINT (-76.9738968 38.8794716),,8028.0,2.0,tertiary,
,8208,12403279288,-76.9769925,38.8786056,,,POINT (-76.9769925 38.8786056),,8029.0,0.0,tertiary,
,8209,12403279289,-76.977512,38.8784672,,,POINT (-76.977512 38.8784672),,8030.0,0.0,tertiary,
,8210,49877531,-76.97926,38.877802,,,POINT (-76.97926 38.877802),,8031.0,0.0,tertiary,
,8211,12405568219,-77.0850645,38.9610063,,,POINT (-77.0850645 38.9610063),,8032.0,0.0,secondary,
,8212,12405568222,-77.0852945,38.9609882,,,POINT (-77.0852945 38.9609882),,8033.0,0.0,primary,
,8213,829672740,-77.0591801,38.8851245,,,POINT (-77.0591801 38.8851245),,8034.0,0.0,motorway,
,8214,49782553,-77.059129,38.96588,,,POINT (-77.059129 38.96588),,8035.0,0.0,tertiary,
,8215,49858829,-77.058699,38.965592,,,POINT (-77.058699 38.965592),,8036.0,0.0,tertiary,
,8216,49810876,-77.023969,38.907247,,,POINT (-77.023969 38.907247),,8037.0,0.0,primary,
,8217,49796621,-77.00584,38.94652,,,POINT (-77.00584 38.94652),,8038.0,0.0,tertiary,
,8218,1013396249,-77.0073297,38.9462311,,,POINT (-77.0073297 38.9462311),,8039.0,0.0,tertiary,
,8219,655680360,-77.0029588,38.8764577,,,POINT (-77.0029588 38.8764577),,8040.0,0.0,primary,
,8220,12177270610,-77.0021983,38.8764559,,,POINT (-77.0021983 38.8764559),,8041.0,0.0,primary,
,8221,49750710,-76.9614637,38.8786102,,,POINT (-76.9614637 38.8786102),,8042.0,0.0,secondary,
,8222,12459616511,-77.0219111,38.8858551,,,POINT (-77.0219111 38.8858551),,8043.0,0.0,primary,
,8223,12466174910,-77.0853329,38.9611728,,,POINT (-77.0853329 38.9611728),,8044.0,0.0,primary,
,8224,12466174903,-77.0855905,38.9609699,,,POINT (-77.0855905 38.9609699),,8045.0,0.0,primary,
,8225,12477168151,-76.9828197,38.925628,,,POINT (-76.9828197 38.925628),,8046.0,0.0,tertiary,
,8226,12477168158,-76.9828946,38.9256468,,,POINT (-76.9828946 38.9256468),,8047.0,0.0,tertiary,
,8227,2129686074,-76.980754,38.8799473,,,POINT (-76.980754 38.8799473),,8048.0,0.0,tertiary,
,8228,2129686068,-76.980754,38.8795766,,,POINT (-76.980754 38.8795766),,8049.0,0.0,tertiary,
,8229,49795957,-76.980754,38.880286,,,POINT (-76.980754 38.880286),,8050.0,0.0,tertiary,
,8230,12504255244,-77.0416632,38.9142764,,,POINT (-77.0416632 38.9142764),,8051.0,0.0,secondary,
,8231,49776031,-77.0416563,38.9141022,,,POINT (-77.0416563 38.9141022),,8052.0,0.0,secondary,
,8232,9611929401,-77.0416558,38.9119604,,,POINT (-77.0416558 38.9119604),,8053.0,0.0,secondary,
,8233,12504255235,-77.0416611,38.914446,,,POINT (-77.0416611 38.914446),,8054.0,0.0,secondary,
,8234,1377274927,-76.9681516,38.9328774,,,POINT (-76.9681516 38.9328774),,8055.0,0.0,primary,
,8235,49774809,-77.090611,38.943964,,,POINT (-77.090611 38.943964),,8056.0,0.0,tertiary,
,8236,49824779,-77.0487738,38.9106796,,,POINT (-77.0487738 38.9106796),,8057.0,0.0,primary,
,8237,12552600615,-77.0489032,38.9106877,,,POINT (-77.0489032 38.9106877),,8058.0,0.0,primary,
,8238,4772601742,-77.048873,38.9108706,,,POINT (-77.048873 38.9108706),,8059.0,1.0,primary,
,8239,12169327900,-77.0450023,38.911138,,,POINT (-77.0450023 38.911138),,8060.0,0.0,secondary,
,8240,12554083875,-77.0474552,38.9110455,,,POINT (-77.0474552 38.9110455),,8061.0,0.0,primary,
,8241,49778492,-76.9797532,38.9056448,,,POINT (-76.9797532 38.9056448),,8062.0,0.0,primary,
,8242,5446746094,-77.0270392,38.9052814,,,POINT (-77.0270392 38.9052814),,8063.0,0.0,trunk,
,8243,5564258812,-76.9810879,38.9037777,,,POINT (-76.9810879 38.9037777),,8064.0,0.0,primary,
,8244,49778464,-76.9805501,38.9044094,,,POINT (-76.9805501 38.9044094),,8065.0,0.0,primary,
,8245,5564258813,-76.9809379,38.9040086,,,POINT (-76.9809379 38.9040086),,8066.0,0.0,primary,
,8246,49755306,-76.99397,38.842259,,,POINT (-76.99397 38.842259),,8067.0,0.0,secondary,
,8247,5445925330,-76.9939302,38.8420441,,,POINT (-76.9939302 38.8420441),,8068.0,0.0,secondary,
,8248,10024452373,-76.993896,38.8418593,,,POINT (-76.993896 38.8418593),,8069.0,0.0,secondary,
,8249,49791120,-76.993602,38.839876,,,POINT (-76.993602 38.839876),,8070.0,0.0,secondary,
,8250,5446049332,-76.9935939,38.8396533,,,POINT (-76.9935939 38.8396533),,8071.0,0.0,secondary,
,8251,50364438,-76.913731,38.888476,,,POINT (-76.913731 38.888476),,8072.0,2.0,tertiary,
,8252,4805817429,-77.0239718,38.908979,,,POINT (-77.0239718 38.908979),,8073.0,0.0,primary,
,8253,12687209031,-77.0764568,38.9421236,,,POINT (-77.0764568 38.9421236),,8074.0,0.0,primary,
,8254,10724747583,-77.076409,38.942111,,,POINT (-77.076409 38.942111),,8075.0,0.0,primary,
,8255,647043776,-77.0090897,38.9223721,,,POINT (-77.0090897 38.9223721),,8076.0,0.0,primary,
,8256,12734548794,-77.0564051,38.8968521,,,POINT (-77.0564051 38.8968521),,8077.0,0.0,primary,
,8257,12747706587,-77.0175602,38.8835222,,,POINT (-77.0175602 38.8835222),,8078.0,0.0,secondary,
,8258,12747740338,-77.0416769,38.9086197,,,POINT (-77.0416769 38.9086197),,8079.0,0.0,secondary,
,8259,2791267263,-77.0416787,38.9089297,,,POINT (-77.0416787 38.9089297),,8080.0,0.0,secondary,
,8260,12753542019,-77.0270424,38.898805,,,POINT (-77.0270424 38.898805),,8081.0,0.0,secondary,
,8261,12753565498,-77.0270422,38.899145,,,POINT (-77.0270422 38.899145),,8082.0,0.0,secondary,
,8262,5445407430,-77.0270421,38.8992286,,,POINT (-77.0270421 38.8992286),,8083.0,0.0,secondary,
,8263,49856009,-77.0224848,38.9281908,,,POINT (-77.0224848 38.9281908),,8084.0,0.0,secondary,
,8264,12754127758,-77.0119664,38.896137,,,POINT (-77.0119664 38.896137),,8085.0,0.0,secondary,
,8265,3669554857,-77.0219078,38.9008741,,,POINT (-77.0219078 38.9008741),,8086.0,0.0,secondary,
,8266,12756783714,-77.0270378,38.8964063,,,POINT (-77.0270378 38.8964063),,8087.0,0.0,secondary,
,8267,12758871407,-77.0178997,38.8998171,,,POINT (-77.0178997 38.8998171),,8088.0,0.0,secondary,
,8268,49745282,-77.031873,38.921086,,,POINT (-77.031873 38.921086),,8089.0,0.0,secondary,
,8269,10609142845,-76.9854903,38.9244313,,,POINT (-76.9854903 38.9244313),,8090.0,0.0,secondary,
,8270,11261031467,-77.0385074,38.9055362,,,POINT (-77.0385074 38.9055362),,8091.0,0.0,secondary,
,8271,49743889,-76.995332,38.843501,,,POINT (-76.995332 38.843501),,8092.0,0.0,secondary,
,8272,12774242684,-76.9894277,38.8656309,,,POINT (-76.9894277 38.8656309),,8093.0,0.0,secondary,
,8273,12774164477,-77.0322867,38.9252083,,,POINT (-77.0322867 38.9252083),,8094.0,0.0,secondary,
,8274,12774575672,-76.957086,38.8842159,,,POINT (-76.957086 38.8842159),,8095.0,0.0,secondary,
,8275,12778194834,-77.0175749,38.8872534,,,POINT (-77.0175749 38.8872534),,8096.0,0.0,secondary,
,8277,9752208329,-76.9977869,38.8446439,,,POINT (-76.9977869 38.8446439),,8098.0,0.0,secondary,
,8278,2927432297;2927432298,-77.055568,38.9305082,,,POINT (-77.055568 38.9305082),,8099.0,0.0,primary,
,8279,2975704779;49758293,-76.983652,38.8924993,,,POINT (-76.983652 38.8924993),,8100.0,0.0,primary,
,8280,2456210941;2456210938,-77.0411156,38.9056449,,,POINT (-77.0411156 38.9056449),,8101.0,0.0,primary,
,8281,49731579;3601521524,-77.0080452,38.9423787,,,POINT (-77.0080452 38.9423787),,8102.0,0.0,primary,
,8282,12169205740;12169205741,-77.0501448,38.8971571,,,POINT (-77.0501448 38.8971571),,8103.0,0.0,primary,
,8283,4015360176;641127601;3008009375;12169187753,-77.0441681,38.8938078,,,POINT (-77.0441681 38.8938078),,8104.0,0.0,tertiary,
,8284,646190841;646190842,-76.9713754,38.8739157,,,POINT (-76.9713754 38.8739157),,8105.0,0.0,trunk,
,8285,49734616;49734615,-77.0327183,38.9312974,,,POINT (-77.0327183 38.9312974),,8106.0,0.0,secondary,
,8286,641968474;3010698041,-77.0134197,38.8870466,,,POINT (-77.0134197 38.8870466),,8107.0,0.0,primary,
,8287,1439840038;3900811259,-76.944363,38.9027905,,,POINT (-76.944363 38.9027905),,8108.0,0.0,secondary,
,8288,49755790;6010214859,-77.0810923,38.9068743,,,POINT (-77.0810923 38.9068743),,8109.0,0.0,secondary,
,8289,647594351;49742300,-77.0035209,38.8919748,,,POINT (-77.0035209 38.8919748),,8110.0,0.0,primary,
,8290,1017391844;1017391842,-77.0246856,38.9180579,,,POINT (-77.0246856 38.9180579),,8111.0,0.0,tertiary,
,8291,647087541;3370911592,-77.0075934,38.9463085,,,POINT (-77.0075934 38.9463085),,8112.0,0.0,primary,
,8292,3027822526;3027822532;3027822529,-77.0319504,38.8955175,,,POINT (-77.0319504 38.8955175),,8113.0,0.0,primary,
,8293,1243974036;49738226;49882328,-77.0439855,38.9101383,,,POINT (-77.0439855 38.9101383),,8114.0,0.0,primary,
,8294,645963089;638462911,-77.0091926,38.9073031,,,POINT (-77.0091926 38.9073031),,8115.0,0.0,trunk,
,8295,638452596;647030733;647030732;638462834,-77.0090537,38.9056467,,,POINT (-77.0090537 38.9056467),,8116.0,0.0,primary,
,8296,49745188;9136761814,-77.0319993,38.9088282,,,POINT (-77.0319993 38.9088282),,8117.0,0.0,primary,
,8297,49738826;49793970;2900167809;2900167808,-76.9524526,38.8906371,,,POINT (-76.9524526 38.8906371),,8118.0,0.0,secondary,
,8298,3900811257;1439840040,-76.9446456,38.9029414,,,POINT (-76.9446456 38.9029414),,8119.0,0.0,secondary,
,8299,3001171736;3001166927,-77.0136726,38.8993128,,,POINT (-77.0136726 38.8993128),,8120.0,0.0,primary,
,8300,1458951144;1458951489;1458951491;1458951146,-76.955509,38.9214181,,,POINT (-76.955509 38.9214181),,8121.0,0.0,tertiary,
,8301,49718928;5563919657;49728949,-76.9829362,38.9007414,,,POINT (-76.9829362 38.9007414),,8122.0,0.0,primary,
,8302,646030887;9587901832,-76.9782705,38.9169415,,,POINT (-76.9782705 38.9169415),,8123.0,0.0,secondary,
,8303,49853878;876615374,-77.0281041,38.9007377,,,POINT (-77.0281041 38.9007377),,8124.0,0.0,primary,
,8304,1443573427;3062846866,-76.9301608,38.8897017,,,POINT (-76.9301608 38.8897017),,8125.0,0.0,primary,
,8305,641116215;49842924;641116216;9983605756,-77.0365431,38.9025036,,,POINT (-77.0365431 38.9025036),,8126.0,0.0,tertiary,
,8306,49841768;645963548,-77.0147788,38.9053673,,,POINT (-77.0147788 38.9053673),,8127.0,0.0,trunk,
,8307,1564708943;49744185,-76.9669569,38.8599087,,,POINT (-76.9669569 38.8599087),,8128.0,0.0,secondary,
,8308,1364961086;49775536,-77.0168136,38.9141083,,,POINT (-77.0168136 38.9141083),,8129.0,0.0,primary,
,8309,1064344291;1064344201,-77.0835443,38.9624836,,,POINT (-77.0835443 38.9624836),,8130.0,0.0,primary,
,8310,49755851;9644645886;9647671194;9647671192,-77.0850603,38.9124312,,,POINT (-77.0850603 38.9124312),,8131.0,0.0,secondary,
,8311,646031092;9587901826,-76.9784102,38.9174675,,,POINT (-76.9784102 38.9174675),,8132.0,0.0,secondary,
,8312,49843164;2765102972,-77.0363783,38.9661448,,,POINT (-77.0363783 38.9661448),,8133.0,0.0,primary,
,8313,655680677;655680667,-76.9977566,38.8764505,,,POINT (-76.9977566 38.8764505),,8134.0,0.0,primary,
,8314,49781334;8825268120;49802630;8825268119;8825268121,-77.010726,38.9623764,,,POINT (-77.010726 38.9623764),,8135.0,0.0,secondary,
,8315,49793759;9983605758,-77.0365477,38.9013348,,,POINT (-77.0365477 38.9013348),,8136.0,0.0,tertiary,
,8316,3601521522;3601521523,-77.0090354,38.9266705,,,POINT (-77.0090354 38.9266705),,8137.0,0.0,primary,
,8317,49870903;641116259;641116258,-77.0416994,38.9025227,,,POINT (-77.0416994 38.9025227),,8138.0,0.0,trunk,
,8318,49776985;641154248,-77.031945,38.8859772,,,POINT (-77.031945 38.8859772),,8139.0,0.0,trunk,
,8319,49727458;49745384,-77.0333301,38.9562145,,,POINT (-77.0333301 38.9562145),,8140.0,0.0,tertiary,
,8320,3011565315;3011566064;8450945942;3378616466,-77.0199128,38.8927567,,,POINT (-77.0199128 38.8927567),,8141.0,0.0,trunk,
,8321,2921295149;49847403,-77.0263848,38.9298168,,,POINT (-77.0263848 38.9298168),,8142.0,0.0,secondary,
,8322,49843176;49862016,-77.0363624,38.9722706,,,POINT (-77.0363624 38.9722706),,8143.0,0.0,primary,
,8323,49822649;2765102978,-77.0363708,38.9699255,,,POINT (-77.0363708 38.9699255),,8144.0,0.0,primary,
,8324,49764374;626083347,-77.0345676,38.9170106,,,POINT (-77.0345676 38.9170106),,8145.0,0.0,primary,
,8325,3378616472;3013359771;3670756349;3013359740;3013359765,-77.0259828,38.8944242,,,POINT (-77.0259828 38.8944242),,8146.0,0.0,primary,
,8326,1104226892;1104226894,-76.9590054,38.851533,,,POINT (-76.9590054 38.851533),,8147.0,-1.0,primary,
,8327,49846816;2696812482,-77.0259825,38.9014706,,,POINT (-77.0259825 38.9014706),,8148.0,0.0,primary,
,8328,3012429749;3012429760;3670756352,-77.0219179,38.8933171,,,POINT (-77.0219179 38.8933171),,8149.0,0.0,primary,
,8329,1496817412;49744068,-76.9752369,38.8507177,,,POINT (-76.9752369 38.8507177),,8150.0,0.0,secondary,
,8330,3001016701;3001019038,-77.0121666,38.8936307,,,POINT (-77.0121666 38.8936307),,8151.0,0.0,tertiary,
,8331,641939976;641939523;12174080710;12174080711;12174080714,-77.0091193,38.8720399,,,POINT (-77.0091193 38.8720399),,8152.0,0.0,primary,
,8332,641127571;12169234226;641127570,-77.0537448,38.8992031,,,POINT (-77.0537448 38.8992031),,8153.0,0.0,primary,
,8333,642817442;642817438,-77.057363,38.9170625,,,POINT (-77.057363 38.9170625),,8154.0,0.0,primary,
,8334,49772565;2921295148,-77.0262325,38.9288211,,,POINT (-77.0262325 38.9288211),,8155.0,0.0,secondary,
,8335,2911584529;49817439,-77.027895,38.9126081,,,POINT (-77.027895 38.9126081),,8156.0,0.0,tertiary,
,8336,1364971554;647043994,-77.008906,38.9168456,,,POINT (-77.008906 38.9168456),,8157.0,0.0,primary,
,8337,3001253763;3001253755;6823343098,-77.0152259,38.8998275,,,POINT (-77.0152259 38.8998275),,8158.0,0.0,primary,
,8338,49773535;876615376,-77.0270325,38.9011087,,,POINT (-77.0270325 38.9011087),,8159.0,0.0,primary,
,8339,49745243;9136773298;9136773307,-77.0319528,38.9181151,,,POINT (-77.0319528 38.9181151),,8160.0,0.0,secondary,
,8340,49775514;1364971556,-77.0121542,38.9157213,,,POINT (-77.0121542 38.9157213),,8161.0,0.0,primary,
,8341,1364961085;49775537,-77.0177834,38.913773,,,POINT (-77.0177834 38.913773),,8162.0,0.0,primary,
,8342,3010919312;49731745;3001334967;3001334946,-77.0124128,38.8988485,,,POINT (-77.0124128 38.8988485),,8163.0,0.0,primary,
,8343,1484482239;1484482232,-76.9491566,38.8951236,,,POINT (-76.9491566 38.8951236),,8164.0,0.0,primary,
,8344,3027616128;49813347,-77.0296225,38.9002203,,,POINT (-77.0296225 38.9002203),,8165.0,0.0,primary,
,8345,49735316;645963544,-77.016183,38.9048809,,,POINT (-77.016183 38.9048809),,8166.0,0.0,trunk,
,8346,3000324140;3000323991;3000324160;3000323997,-77.0227212,38.8786463,,,POINT (-77.0227212 38.8786463),,8167.0,0.0,primary,
,8347,49764365;626083285,-77.0345775,38.9155891,,,POINT (-77.0345775 38.9155891),,8168.0,0.0,secondary,
,8348,49775569;1364961102,-77.0259836,38.9109201,,,POINT (-77.0259836 38.9109201),,8169.0,0.0,trunk,
,8349,1497928123;3656197330,-76.9338893,38.8738305,,,POINT (-76.9338893 38.8738305),,8170.0,0.0,secondary,
,8350,642701953;642701960,-76.9883645,38.8920081,,,POINT (-76.9883645 38.8920081),,8171.0,0.0,secondary,
,8351,5521303041;644542318,-77.0504516,38.9020663,,,POINT (-77.0504516 38.9020663),,8172.0,0.0,primary,
,8352,49748170;8450945959;3011318694;8450945975;8450945976;8450945977,-77.0174995,38.8920606,,,POINT (-77.0174995 38.8920606),,8173.0,0.0,primary,
,8353,647241842;4365479390,-77.0742099,38.9055472,,,POINT (-77.0742099 38.9055472),,8174.0,0.0,primary,
,8354,49728636;2628817381,-77.0151824,38.8947614,,,POINT (-77.0151824 38.8947614),,8175.0,0.0,primary,
,8355,3369093920;2765102989,-77.0363655,38.9749119,,,POINT (-77.0363655 38.9749119),,8176.0,0.0,primary,
,8356,641899767;641899748,-76.9976873,38.8623976,,,POINT (-76.9976873 38.8623976),,8177.0,0.0,primary,
,8357,3013484875;3013484854;3013484862,-77.0270623,38.8947416,,,POINT (-77.0270623 38.8947416),,8178.0,0.0,primary,
,8358,5563919623;5563919624;3376996968;646031052;5563919625,-76.972496,38.9173151,,,POINT (-76.972496 38.9173151),,8179.0,0.0,trunk,
,8359,11332977611;11332977616;11332977614;6760336715,-77.0345855,38.9190634,,,POINT (-77.0345855 38.9190634),,8180.0,0.0,secondary,
,8360,5609583192;49748733,-77.0259759,38.8920883,,,POINT (-77.0259759 38.8920883),,8181.0,0.0,trunk,
,8361,1004776588;49774695,-77.0616453,38.9409512,,,POINT (-77.0616453 38.9409512),,8182.0,0.0,primary,
,8362,49797082;49797080,-77.0488026,38.9111404,,,POINT (-77.0488026 38.9111404),,8183.0,0.0,secondary,
,8363,9136773293;49745240;9136773302,-77.0319543,38.9170083,,,POINT (-77.0319543 38.9170083),,8184.0,0.0,primary,
,8364,3001305032;3001305333,-77.0129163,38.9002172,,,POINT (-77.0129163 38.9002172),,8185.0,0.0,primary,
,8365,647030735;647030736,-77.0090506,38.9096369,,,POINT (-77.0090506 38.9096369),,8186.0,0.0,primary,
,8366,833655049;49140733,-77.0881781,38.9588818,,,POINT (-77.0881781 38.9588818),,8187.0,0.0,primary,
,8367,3000712324;3000719033;3000712327,-77.0108306,38.8850554,,,POINT (-77.0108306 38.8850554),,8188.0,0.0,primary,
,8368,49844804;645963446,-77.0199031,38.9035799,,,POINT (-77.0199031 38.9035799),,8189.0,0.0,trunk,
,8369,3010850857;49742285,-77.0081619,38.8920308,,,POINT (-77.0081619 38.8920308),,8190.0,0.0,primary,
,8370,1021561602;2921295172,-77.0242879,38.9363616,,,POINT (-77.0242879 38.9363616),,8191.0,0.0,trunk,
,8371,5019442992;49770338,-76.9715672,38.9312826,,,POINT (-76.9715672 38.9312826),,8192.0,0.0,primary,
,8372,8427531414;3010501240,-77.0280755,38.887573,,,POINT (-77.0280755 38.887573),,8193.0,0.0,primary,
,8373,3000563555;4951816813;3000563551;4951816814,-77.0122046,38.8860867,,,POINT (-77.0122046 38.8860867),,8194.0,0.0,primary,
,8374,12169327891;12169327886,-77.0448637,38.9098803,,,POINT (-77.0448637 38.9098803),,8195.0,0.0,tertiary,
,8375,49773560;1364961100,-77.0270416,38.9105516,,,POINT (-77.0270416 38.9105516),,8196.0,0.0,trunk,
,8376,262430827;9130143744,-77.0241947,38.8875743,,,POINT (-77.0241947 38.8875743),,8197.0,0.0,primary,
,8377,3369108596;4000786674,-77.023655,38.9723402,,,POINT (-77.023655 38.9723402),,8198.0,0.0,secondary,
,8378,49820407;1379471232,-77.0461564,38.9143887,,,POINT (-77.0461564 38.9143887),,8199.0,0.0,primary,
,8379,1017662183;1017662089,-77.0269681,38.9838545,,,POINT (-77.0269681 38.9838545),,8200.0,0.0,tertiary,
,8380,4630137702;49778669;5563919638,-76.9651442,38.9251809,,,POINT (-76.9651442 38.9251809),,8201.0,0.0,primary,
,8381,49813458;9647428770,-77.0296028,38.9205207,,,POINT (-77.0296028 38.9205207),,8202.0,0.0,secondary,
,8382,3006713647;3006713664,-77.0138987,38.8765473,,,POINT (-77.0138987 38.8765473),,8203.0,0.0,primary,
,8383,649840263;649840270,-76.9380671,38.8895989,,,POINT (-76.9380671 38.8895989),,8204.0,0.0,primary,
,8384,647628141;647628152,-77.0319837,38.9050561,,,POINT (-77.0319837 38.9050561),,8205.0,0.0,primary,
,8385,2936616107;649839082,-76.9279737,38.8897607,,,POINT (-76.9279737 38.8897607),,8206.0,0.0,primary,
,8386,1013396306;49766620,-77.008594,38.9472932,,,POINT (-77.008594 38.9472932),,8207.0,0.0,primary,
,8387,3016605409;3016605397;3016605395,-77.0281201,38.8950342,,,POINT (-77.0281201 38.8950342),,8208.0,0.0,primary,
,8388,645964147;49737875;645963060,-77.0045294,38.9088595,,,POINT (-77.0045294 38.9088595),,8209.0,0.0,trunk,
,8389,5563919715;1484481416;5563919714;3665020002,-76.9834681,38.9001354,,,POINT (-76.9834681 38.9001354),,8210.0,0.0,primary,
,8390,49809762;49878097,-77.0416565,38.9168711,,,POINT (-77.0416565 38.9168711),,8211.0,0.0,primary,
,8391,49770161;49774877,-77.0071374,38.9174681,,,POINT (-77.0071374 38.9174681),,8212.0,0.0,primary,
,8392,49775581;1364961101,-77.0280925,38.9101834,,,POINT (-77.0280925 38.9101834),,8213.0,0.0,primary,
,8393,647026051;647026088,-77.0090626,38.9025147,,,POINT (-77.0090626 38.9025147),,8214.0,0.0,primary,
,8394,1443482391;1443482390;1443482393,-76.9910709,38.9135964,,,POINT (-76.9910709 38.9135964),,8215.0,0.0,trunk,
,8395,1364971555;647044100,-77.0091774,38.9167485,,,POINT (-77.0091774 38.9167485),,8216.0,0.0,primary,
,8396,5362316449;12174080726,-77.0091589,38.8730604,,,POINT (-77.0091589 38.8730604),,8217.0,0.0,primary,
,8397,12394601895;12394601896,-77.0792351,38.9457275,,,POINT (-77.0792351 38.9457275),,8218.0,0.0,primary,
,8398,11263106423;49825124;11263106422,-77.0189436,38.9039164,,,POINT (-77.0189436 38.9039164),,8219.0,0.0,trunk,
,8399,8636398137;49877844,-77.024849,38.9191518,,,POINT (-77.024849 38.9191518),,8220.0,0.0,secondary,
,8400,49843596;4015442034,-77.0336916,38.8877741,,,POINT (-77.0336916 38.8877741),,8221.0,0.0,primary,
,8401,49817499;1379471024;49797631,-77.0450598,38.9126067,,,POINT (-77.0450598 38.9126067),,8222.0,0.0,primary,
,8402,645980503;645980506,-76.9983185,38.9110547,,,POINT (-76.9983185 38.9110547),,8223.0,0.0,trunk,
,8403,2456351004;2456351043;2456351034,-76.9855028,38.8879289,,,POINT (-76.9855028 38.8879289),,8224.0,0.0,primary,
,8404,1440867110;49776047,-77.0460203,38.9140932,,,POINT (-77.0460203 38.9140932),,8225.0,0.0,primary,
,8405,646031463;49719266;9587901831;9587901830;1385421390,-76.9778164,38.9171149,,,POINT (-76.9778164 38.9171149),,8226.0,0.0,trunk,
,8406,3744956563;3744956565,-77.0182138,38.9747616,,,POINT (-77.0182138 38.9747616),,8227.0,0.0,secondary,
,8407,2896020566;49742791,-77.1040281,38.9273555,,,POINT (-77.1040281 38.9273555),,8228.0,0.0,primary,
,8408,49821002;1379496002,-77.0420454,38.9072503,,,POINT (-77.0420454 38.9072503),,8229.0,0.0,primary,
,8409,49843193;2765475194,-77.0363453,38.9856602,,,POINT (-77.0363453 38.9856602),,8230.0,0.0,primary,
,8410,3012535007;3012535147;3378616469,-77.0239883,38.8938909,,,POINT (-77.0239883 38.8938909),,8231.0,0.0,primary,
,8411,1364989296;49741163,-77.000569,38.9197427,,,POINT (-77.000569 38.9197427),,8232.0,0.0,primary,
,8412,3061294315;3061294316,-76.9832971,38.8532912,,,POINT (-76.9832971 38.8532912),,8233.0,0.0,primary,
,8413,12176802450;49826533;12176802447;12176802448;12176802449,-77.005168,38.8792885,,,POINT (-77.005168 38.8792885),,8234.0,0.0,secondary,
,8414,644537718;3366676349,-77.0149763,38.9566401,,,POINT (-77.0149763 38.9566401),,8235.0,0.0,tertiary,
,8415,49733719;5709916352,-76.9732493,38.8511608,,,POINT (-76.9732493 38.8511608),,8236.0,0.0,secondary,
,8416,4366096286;49764289,-77.0336337,38.9025884,,,POINT (-77.0336337 38.9025884),,8237.0,0.0,trunk,
,8417,3670756359;3670756358,-77.0189374,38.8947496,,,POINT (-77.0189374 38.8947496),,8238.0,0.0,tertiary,
,8418,3900811260;3900811262,-76.9425892,38.9019141,,,POINT (-76.9425892 38.9019141),,8239.0,0.0,secondary,
,8419,49777843;9983605755,-77.0365443,38.9002227,,,POINT (-77.0365443 38.9002227),,8240.0,0.0,secondary,
,8420,49741471;12174010184;12174010191;49760984,-77.0034708,38.8309615,,,POINT (-77.0034708 38.8309615),,8241.0,0.0,tertiary,
,8421,49726613;3372448432,-77.080199,38.96102,,,POINT (-77.080199 38.96102),,8242.0,0.0,tertiary,
,8422,49843142;2765545510,-77.0364063,38.9562155,,,POINT (-77.0364063 38.9562155),,8243.0,0.0,primary,
,8423,49768061;2765545475,-77.0364275,38.9450622,,,POINT (-77.0364275 38.9450622),,8244.0,0.0,primary,
,8424,876615362;49745631,-77.0319492,38.8994017,,,POINT (-77.0319492 38.8994017),,8245.0,0.0,primary,
,8425,641964879;641964881,-77.0138108,38.8875618,,,POINT (-77.0138108 38.8875618),,8246.0,0.0,primary,
,8426,646216885;2900167803,-76.953224,38.8896058,,,POINT (-76.953224 38.8896058),,8247.0,0.0,secondary,
,8427,647084282;647084298,-77.0076977,38.9431577,,,POINT (-77.0076977 38.9431577),,8248.0,0.0,primary,
,8428,49776952;49842435,-77.0066037,38.9097568,,,POINT (-77.0066037 38.9097568),,8249.0,0.0,primary,
,8429,647053797;4001002050,-77.0121639,38.9311605,,,POINT (-77.0121639 38.9311605),,8250.0,0.0,primary,
,8430,642333952;642333850,-76.9977572,38.876536,,,POINT (-76.9977572 38.876536),,8251.0,0.0,primary,
,8431,626083439;49764343,-77.0345832,38.9111408,,,POINT (-77.0345832 38.9111408),,8252.0,0.0,secondary,
,8432,647044802;647043623,-77.0090417,38.9118606,,,POINT (-77.0090417 38.9118606),,8253.0,0.0,primary,
,8433,49820699;12240163972;5445425085,-77.0607728,38.9394509,,,POINT (-77.0607728 38.9394509),,8254.0,0.0,primary,
,8434,9723923065;9723923056;9723923064;49755572,-76.9316643,38.9030587,,,POINT (-76.9316643 38.9030587),,8255.0,0.0,secondary,
,8435,49848639;645963556,-77.0121638,38.9062721,,,POINT (-77.0121638 38.9062721),,8256.0,0.0,trunk,
,8436,626083551;49764337,-77.0345941,38.9096559,,,POINT (-77.0345941 38.9096559),,8257.0,0.0,secondary,
,8437,9136773267;49745207;9136773233,-77.0319527,38.91261,,,POINT (-77.0319527 38.91261),,8258.0,0.0,primary,
,8438,1502527107;6564890907;1502527108;6564890904,-77.0023346,38.956904,,,POINT (-77.0023346 38.956904),,8259.0,0.0,primary,
,8439,647031927;647031903,-77.0059077,38.9084571,,,POINT (-77.0059077 38.9084571),,8260.0,0.0,trunk,
,8440,49765997;1484481512,-76.9792849,38.8994089,,,POINT (-76.9792849 38.8994089),,8261.0,0.0,primary,
,8441,647026289;647026143;5556601526,-77.0090477,38.9002199,,,POINT (-77.0090477 38.9002199),,8262.0,0.0,primary,
,8442,49851562;2896386314,-77.1064772,38.9357392,,,POINT (-77.1064772 38.9357392),,8263.0,0.0,primary,
,8443,647030731;647030747,-77.0090537,38.9107865,,,POINT (-77.0090537 38.9107865),,8264.0,0.0,primary,
,8444,49770273;1365013784,-76.9790965,38.9276671,,,POINT (-76.9790965 38.9276671),,8265.0,0.0,primary,
,8445,49809702;4807147204,-77.0253214,38.9170082,,,POINT (-77.0253214 38.9170082),,8266.0,0.0,primary,
,8446,1364961095;49773046,-77.0219207,38.9123316,,,POINT (-77.0219207 38.9123316),,8267.0,0.0,trunk,
,8447,49813356;3016708830,-77.0296255,38.9025854,,,POINT (-77.0296255 38.9025854),,8268.0,0.0,trunk,
,8448,49738305;49739567,-76.9855045,38.8919313,,,POINT (-76.9855045 38.8919313),,8269.0,0.0,secondary,
,8449,1231873643;50824297,-76.9108328,38.8939871,,,POINT (-76.9108328 38.8939871),,8270.0,0.0,primary,
,8450,49741709;49717477;633923936,-77.0466508,38.9025244,,,POINT (-77.0466508 38.9025244),,8271.0,0.0,trunk,
,8451,49748460;49888869,-77.067751,38.9156835,,,POINT (-77.067751 38.9156835),,8272.0,0.0,primary,
,8452,2016387660;2016387735,-77.0728184,38.9308199,,,POINT (-77.0728184 38.9308199),,8273.0,0.0,primary,
,8453,12169234304;641107633;12169234303;12169234306;12169234305,-77.056106,38.9006719,,,POINT (-77.056106 38.9006719),,8274.0,0.0,primary,
,8454,645963040;645964157,-77.0089209,38.9073955,,,POINT (-77.0089209 38.9073955),,8275.0,0.0,trunk,
,8455,10292531630;49741652;12169270771,-77.0466512,38.893516,,,POINT (-77.0466512 38.893516),,8276.0,0.0,tertiary,
,8456,705647641;705647642,-76.9807654,38.8933162,,,POINT (-76.9807654 38.8933162),,8277.0,0.0,primary,
,8457,3000233147;3000233170;3000233153;5736733177,-77.0248636,38.8803281,,,POINT (-77.0248636 38.8803281),,8278.0,0.0,primary,
,8458,647044393;647043625,-77.0090445,38.9125939,,,POINT (-77.0090445 38.9125939),,8279.0,0.0,primary,
,8459,49723081;9752208331,-76.9996764,38.8432641,,,POINT (-76.9996764 38.8432641),,8280.0,0.0,secondary,
,8460,49752606;2921295183,-77.0200643,38.9420344,,,POINT (-77.0200643 38.9420344),,8281.0,0.0,primary,
,8461,642685070;49744693,-76.9751539,38.8932676,,,POINT (-76.9751539 38.8932676),,8282.0,0.0,primary,
,8462,3010717489;49760872,-77.0081698,38.8876066,,,POINT (-77.0081698 38.8876066),,8283.0,0.0,primary,
,8463,2765545465;49752671,-77.0364424,38.9418729,,,POINT (-77.0364424 38.9418729),,8284.0,0.0,primary,
,8464,3005643154;3000324014,-77.0219208,38.8812864,,,POINT (-77.0219208 38.8812864),,8285.0,0.0,primary,
,8465,1458922792;1458922892;1458922863;1458922865,-76.9575722,38.9200593,,,POINT (-76.9575722 38.9200593),,8286.0,0.0,primary,
,8466,5563919667;3376996948,-76.9751112,38.9140951,,,POINT (-76.9751112 38.9140951),,8287.0,0.0,primary,
,8467,1365013788;49770214,-76.9880347,38.9237968,,,POINT (-76.9880347 38.9237968),,8288.0,0.0,primary,
,8468,49789471;2456351055,-76.9836588,38.8871314,,,POINT (-76.9836588 38.8871314),,8289.0,0.0,tertiary,
,8469,12174139930;641939985;12174139931,-77.0059571,38.8720283,,,POINT (-77.0059571 38.8720283),,8290.0,0.0,tertiary,
,8470,4807550266;49800334,-77.04876,38.9114967,,,POINT (-77.04876 38.9114967),,8291.0,0.0,primary,
,8471,49730863;5931777325,-77.0334212,38.9620383,,,POINT (-77.0334212 38.9620383),,8292.0,0.0,primary,
,8472,705734609;49732422,-77.0368974,38.926243,,,POINT (-77.0368974 38.926243),,8293.0,0.0,secondary,
,8473,3608370820;3608370821,-77.0526948,38.9616132,,,POINT (-77.0526948 38.9616132),,8294.0,0.0,primary,
,8474,49769500;10956384526,-76.9704482,38.8979219,,,POINT (-76.9704482 38.8979219),,8295.0,0.0,primary,
,8475,49762243;12169237100,-77.0433978,38.8983495,,,POINT (-77.0433978 38.8983495),,8296.0,0.0,secondary,
,8476,1017391864;49877840,-77.0243372,38.9182845,,,POINT (-77.0243372 38.9182845),,8297.0,0.0,secondary,
,8477,4364801748;1233276142,-76.9316739,38.8986155,,,POINT (-76.9316739 38.8986155),,8298.0,0.0,secondary,
,8478,11332977609;5580387052,-77.0347397,38.9191966,,,POINT (-77.0347397 38.9191966),,8299.0,0.0,tertiary,
,8479,49723017;5851387630;5851387631,-77.0261518,38.9155568,,,POINT (-77.0261518 38.9155568),,8300.0,0.0,tertiary,
,8480,1364961105;49775563,-77.0239681,38.911623,,,POINT (-77.0239681 38.911623),,8301.0,0.0,trunk,
,8481,3665450112;3665450111,-77.0270364,38.9723242,,,POINT (-77.0270364 38.9723242),,8302.0,0.0,trunk,
,8482,49775545;1364961088,-77.0198837,38.9130461,,,POINT (-77.0198837 38.9130461),,8303.0,0.0,trunk,
,8483,49778613;5563919702,-76.9702544,38.9200565,,,POINT (-76.9702544 38.9200565),,8304.0,0.0,primary,
,8484,641965070;641965013,-77.0090625,38.8832023,,,POINT (-77.0090625 38.8832023),,8305.0,0.0,primary,
,8485,3608395904;12174080725,-77.0089747,38.8729187,,,POINT (-77.0089747 38.8729187),,8306.0,0.0,primary,
,8486,3011478358;49748693,-77.0186162,38.8922354,,,POINT (-77.0186162 38.8922354),,8307.0,0.0,primary,
,8487,49764352;626083513,-77.0345801,38.9126083,,,POINT (-77.0345801 38.9126083),,8308.0,0.0,secondary,
,8488,5207088230;3835077728,-77.111602,38.9357039,,,POINT (-77.111602 38.9357039),,8309.0,0.0,primary,
,8489,49809168;641116271;641116283,-77.0434639,38.9025224,,,POINT (-77.0434639 38.9025224),,8310.0,0.0,trunk,
,8490,49770799;1379495810;3027665453;3027665439,-77.0394818,38.902528,,,POINT (-77.0394818 38.902528),,8311.0,0.0,trunk,
,8491,49779054;3900811261,-76.9435859,38.9023349,,,POINT (-76.9435859 38.9023349),,8312.0,0.0,secondary,
,8492,3027663729;49745640,-77.0319533,38.9025874,,,POINT (-77.0319533 38.9025874),,8313.0,0.0,trunk,
,8493,641112615;641112617;641112576;641112578;641111009,-77.0561585,38.9025285,,,POINT (-77.0561585 38.9025285),,8314.0,0.0,trunk,
,8494,5277494817;5277494819;5277494818,-76.9915084,38.8764854,,,POINT (-76.9915084 38.8764854),,8315.0,0.0,primary,
,8495,655442848;8461692432;8461692428,-77.0035212,38.8876645,,,POINT (-77.0035212 38.8876645),,8316.0,0.0,primary,
,8496,49802559;3000324139,-77.0219326,38.8793221,,,POINT (-77.0219326 38.8793221),,8317.0,0.0,primary,
,8497,3657250007;7133191832,-77.0185718,38.978371,,,POINT (-77.0185718 38.978371),,8318.0,0.0,secondary,
,8498,10118411571;49800459,-77.0631387,38.9214135,,,POINT (-77.0631387 38.9214135),,8319.0,0.0,primary,
,8499,3027616118;3027616061;3027616043;3027616040,-77.0303017,38.8999826,,,POINT (-77.0303017 38.8999826),,8320.0,0.0,primary,
,8500,49847434;2921295153,-77.0267533,38.9323147,,,POINT (-77.0267533 38.9323147),,8321.0,0.0,secondary,
,8501,49732211;1364961104,-77.0265404,38.9107267,,,POINT (-77.0265404 38.9107267),,8322.0,0.0,trunk,
,8502,49744676;9591301826,-76.9984659,38.8931267,,,POINT (-76.9984659 38.8931267),,8323.0,0.0,primary,
