o_zone_id,d_zone_id,volume
1,2,4
1,4,1
1,5,6
1,6,2
1,7,1
1,8,1
1,10,2
1,11,1
1,14,2
1,16,13
1,17,13
1,18,14
1,19,1
1,20,4
1,22,9
1,23,1
1,24,1
1,25,1
1,28,5
1,35,1
1,36,1
1,39,6
1,42,1
1,45,5
1,46,2
1,47,5
1,49,1
1,54,7
1,56,1
1,57,14
1,58,5
1,60,3
1,62,5
1,69,2
1,70,8
1,71,2
1,73,2
1,74,8
1,76,5
1,78,7
1,79,1
1,80,1
1,81,4
1,84,53
1,85,2
1,86,1
1,87,4
1,88,4
1,89,1
1,92,1
1,93,5
1,94,5
1,96,10
1,97,1
1,100,17
1,104,3
1,105,2
1,107,2
1,108,1
1,112,3
1,116,1
1,118,2
1,125,3
1,126,2
1,127,1
1,128,3
1,130,1
1,131,6
1,132,1
1,134,3
1,135,4
1,136,6
1,137,10
1,141,84
1,142,10
1,143,6
1,145,13
1,146,11
1,147,1
1,149,1
1,150,1
1,151,1
1,154,2
1,156,7
1,157,4
1,159,2
1,160,2
1,161,1
1,163,2
1,164,1
1,165,7
1,168,1
1,169,1
1,172,6
2,1,1
2,5,3
2,6,3
2,9,1
2,10,3
2,11,1
2,14,2
2,16,5
2,17,12
2,18,2
2,22,19
2,23,3
2,24,4
2,27,7
2,30,1
2,31,1
2,33,1
2,37,1
2,39,3
2,43,1
2,45,4
2,46,9
2,47,1
2,49,1
2,51,1
2,54,27
2,56,3
2,57,9
2,58,12
2,60,3
2,62,3
2,63,3
2,64,2
2,67,1
2,69,3
2,70,2
2,73,4
2,74,1
2,75,1
2,77,5
2,78,1
2,79,2
2,81,4
2,83,3
2,84,15
2,87,1
2,88,2
2,89,1
2,92,1
2,93,2
2,94,3
2,96,1
2,97,1
2,99,1
2,100,5
2,101,3
2,102,1
2,103,1
2,104,4
2,109,2
2,110,1
2,112,3
2,118,2
2,121,1
2,122,2
2,123,1
2,125,1
2,130,3
2,133,1
2,136,2
2,137,15
2,141,57
2,142,4
2,143,3
2,145,19
2,148,2
2,149,6
2,150,30
2,156,1
2,161,1
2,162,2
2,163,3
2,165,1
2,168,2
2,169,2
2,172,6
2,175,6
3,1,4
3,2,6
3,4,5
3,5,30
3,6,3
3,7,6
3,8,5
3,10,3
3,11,2
3,12,1
3,14,8
3,16,16
3,17,33
3,18,7
3,19,1
3,20,1
3,22,15
3,23,6
3,24,2
3,25,5
3,27,7
3,29,2
3,30,1
3,31,7
3,33,2
3,34,4
3,35,6
3,36,9
3,37,12
3,38,1
3,39,15
3,40,4
3,41,1
3,42,3
3,43,5
3,44,2
3,45,12
3,46,8
3,47,1
3,48,1
3,49,3
3,50,1
3,54,10
3,56,1
3,57,11
3,58,9
3,62,14
3,63,1
3,64,1
3,66,1
3,69,2
3,70,17
3,71,6
3,72,1
3,73,9
3,74,3
3,75,1
3,77,4
3,78,2
3,79,2
3,80,1
3,81,2
3,82,1
3,83,3
3,84,21
3,85,2
3,86,1
3,87,8
3,88,18
3,89,27
3,90,7
3,93,6
3,94,9
3,95,1
3,96,17
3,97,12
3,98,2
3,99,4
3,100,26
3,101,3
3,102,4
3,103,2
3,104,32
3,105,4
3,107,6
3,110,2
3,112,4
3,113,1
3,114,1
3,115,3
3,116,5
3,118,1
3,122,3
3,123,4
3,125,18
3,127,1
3,128,1
3,130,2
3,131,11
3,135,1
3,136,8
3,137,72
3,138,5
3,139,3
3,141,134
3,142,43
3,143,12
3,145,14
3,146,4
3,149,2
3,150,3
3,154,16
3,155,1
3,157,1
3,158,4
3,162,9
3,163,17
3,164,3
3,165,48
3,167,1
3,169,2
3,172,22
3,174,1
3,175,2
4,1,1
4,2,24
4,5,117
4,6,5
4,9,1
4,10,15
4,11,11
4,12,2
4,14,8
4,16,14
4,17,5
4,18,22
4,19,1
4,22,7
4,23,4
4,24,3
4,25,6
4,27,5
4,28,2
4,30,5
4,35,2
4,38,1
4,39,12
4,42,5
4,43,11
4,46,7
4,47,1
4,48,5
4,54,11
4,56,3
4,57,4
4,58,10
4,60,2
4,62,7
4,63,1
4,64,3
4,69,3
4,70,2
4,71,5
4,72,1
4,73,20
4,74,2
4,77,2
4,78,1
4,79,13
4,81,6
4,82,1
4,83,5
4,84,83
4,87,6
4,88,2
4,89,6
4,94,6
4,96,1
4,97,4
4,98,1
4,99,5
4,100,49
4,101,1
4,102,2
4,104,16
4,105,1
4,106,2
4,107,6
4,109,1
4,110,2
4,112,9
4,113,4
4,116,8
4,118,2
4,123,1
4,125,46
4,126,1
4,128,3
4,129,3
4,130,7
4,131,5
4,133,1
4,134,4
4,135,10
4,136,14
4,137,11
4,138,1
4,139,1
4,141,120
4,142,27
4,143,6
4,144,1
4,145,13
4,149,1
4,150,7
4,153,2
4,154,5
4,156,1
4,157,2
4,161,1
4,162,2
4,163,6
4,165,1
4,168,7
4,169,2
4,170,6
4,172,9
4,174,1
4,175,3
5,1,1
5,2,12
5,4,15
5,6,15
5,7,3
5,10,9
5,11,7
5,12,2
5,14,4
5,16,14
5,17,10
5,18,10
5,20,5
5,22,10
5,23,4
5,24,3
5,25,3
5,27,4
5,29,2
5,30,9
5,36,2
5,37,2
5,39,14
5,42,4
5,43,3
5,45,7
5,46,13
5,48,1
5,49,1
5,54,7
5,56,5
5,57,2
5,58,10
5,62,8
5,63,3
5,67,1
5,69,1
5,70,6
5,71,7
5,73,19
5,74,1
5,75,1
5,77,4
5,78,1
5,80,1
5,81,4
5,82,1
5,83,2
5,84,71
5,87,2
5,88,2
5,89,3
5,92,1
5,94,2
5,96,7
5,97,2
5,99,2
5,100,21
5,101,1
5,102,2
5,104,19
5,105,2
5,107,5
5,108,1
5,110,2
5,112,13
5,115,1
5,116,13
5,118,4
5,121,1
5,123,1
5,124,1
5,125,26
5,127,3
5,128,2
5,130,6
5,131,2
5,135,2
5,136,13
5,137,31
5,141,102
5,142,26
5,143,15
5,144,1
5,145,6
5,147,1
5,149,4
5,150,11
5,154,5
5,157,1
5,158,1
5,161,1
5,162,2
5,168,1
5,169,1
5,172,9
5,173,2
5,175,2
6,1,1
6,2,7
6,3,2
6,4,7
6,5,27
6,7,4
6,10,12
6,11,4
6,14,5
6,15,1
6,16,15
6,17,15
6,18,27
6,22,18
6,23,5
6,25,1
6,27,5
6,28,1
6,29,2
6,30,4
6,35,1
6,39,11
6,40,2
6,42,4
6,43,2
6,46,13
6,47,2
6,48,5
6,54,21
6,55,1
6,56,3
6,57,12
6,58,12
6,60,2
6,62,9
6,63,3
6,64,1
6,66,1
6,67,2
6,69,3
6,70,10
6,71,10
6,72,2
6,73,16
6,77,2
6,78,1
6,79,2
6,81,2
6,83,4
6,84,75
6,86,3
6,87,3
6,88,6
6,89,3
6,90,1
6,92,1
6,93,1
6,94,1
6,96,4
6,97,2
6,98,1
6,99,1
6,100,37
6,101,1
6,102,6
6,103,2
6,104,13
6,105,9
6,106,3
6,107,7
6,109,1
6,110,3
6,112,16
6,113,5
6,114,1
6,115,5
6,116,11
6,117,2
6,118,2
6,120,1
6,122,2
6,123,8
6,124,1
6,125,24
6,127,2
6,128,6
6,129,3
6,130,4
6,131,9
6,133,2
6,134,1
6,135,6
6,136,20
6,137,59
6,139,4
6,140,1
6,141,112
6,142,33
6,143,13
6,145,13
6,150,3
6,154,4
6,157,3
6,160,1
6,162,1
6,163,10
6,165,6
6,168,6
6,170,1
6,172,53
6,173,2
6,175,2
7,1,1
7,2,4
7,3,6
7,4,1
7,5,7
7,6,2
7,9,1
7,10,1
7,11,3
7,14,8
7,16,5
7,17,6
7,18,9
7,22,10
7,25,4
7,27,1
7,28,2
7,30,3
7,31,2
7,35,3
7,38,1
7,39,5
7,42,3
7,43,3
7,44,1
7,45,7
7,46,10
7,51,2
7,54,3
7,56,2
7,57,2
7,58,8
7,62,3
7,63,1
7,70,1
7,71,3
7,79,3
7,80,1
7,81,3
7,84,25
7,86,1
7,87,1
7,88,2
7,89,2
7,93,1
7,94,2
7,95,1
7,96,3
7,97,6
7,100,12
7,102,2
7,104,1
7,108,3
7,110,1
7,116,4
7,123,3
7,125,6
7,130,4
7,131,3
7,134,2
7,135,4
7,136,3
7,137,18
7,138,1
7,139,3
7,141,68
7,142,5
7,143,1
7,145,9
7,149,1
7,150,3
7,154,11
7,156,2
7,157,1
7,158,2
7,159,1
7,160,1
7,161,1
7,162,3
7,163,7
7,165,19
7,168,1
7,169,1
7,172,10
7,175,1
8,1,1
8,2,6
8,4,4
8,5,17
8,7,10
8,9,1
8,10,5
8,11,1
8,12,1
8,13,2
8,14,7
8,16,19
8,17,24
8,18,14
8,20,3
8,21,4
8,22,21
8,23,4
8,24,2
8,25,3
8,26,2
8,27,8
8,28,3
8,30,3
8,31,1
8,34,4
8,35,1
8,37,2
8,38,2
8,39,9
8,40,3
8,41,1
8,42,1
8,43,3
8,44,1
8,46,13
8,47,3
8,48,4
8,49,2
8,50,2
8,51,4
8,54,12
8,56,1
8,57,16
8,58,12
8,59,3
8,60,2
8,62,9
8,69,12
8,70,27
8,71,9
8,72,1
8,73,12
8,74,4
8,75,1
8,76,2
8,77,2
8,78,7
8,79,4
8,81,7
8,83,6
8,84,26
8,87,6
8,88,24
8,89,17
8,90,2
8,93,3
8,94,10
8,95,3
8,96,27
8,97,15
8,98,1
8,100,22
8,101,5
8,102,2
8,104,14
8,105,1
8,106,1
8,107,3
8,109,1
8,112,6
8,113,3
8,115,5
8,116,7
8,122,1
8,123,1
8,125,9
8,128,1
8,130,2
8,131,12
8,132,1
8,134,2
8,135,6
8,136,9
8,137,55
8,139,2
8,140,3
8,141,110
8,142,16
8,143,13
8,145,13
8,146,4
8,149,3
8,150,13
8,154,16
8,156,6
8,159,2
8,161,3
8,162,20
8,163,33
8,165,40
8,168,6
8,169,7
8,170,4
8,172,17
8,173,3
9,1,1
9,2,6
9,4,7
9,5,26
9,6,5
9,10,2
9,14,2
9,16,10
9,17,12
9,18,13
9,20,1
9,22,7
9,23,4
9,25,6
9,27,1
9,28,3
9,29,3
9,35,1
9,39,9
9,41,1
9,42,2
9,43,8
9,46,8
9,51,1
9,54,4
9,56,1
9,57,6
9,58,3
9,60,4
9,62,3
9,64,2
9,69,3
9,71,6
9,73,3
9,74,1
9,79,5
9,83,2
9,84,29
9,87,2
9,89,4
9,94,3
9,96,3
9,97,5
9,99,1
9,100,10
9,101,4
9,102,3
9,103,1
9,104,10
9,105,3
9,107,4
9,108,2
9,109,3
9,112,2
9,113,1
9,115,4
9,116,10
9,117,1
9,121,3
9,123,2
9,125,31
9,126,1
9,127,1
9,128,4
9,130,2
9,131,5
9,133,1
9,135,2
9,136,5
9,137,28
9,138,2
9,141,65
9,142,17
9,143,3
9,145,2
9,148,1
9,149,1
9,150,2
9,154,4
9,157,1
9,159,1
9,162,2
9,163,1
9,165,5
9,167,3
9,168,1
9,172,6
9,175,1
10,1,8
10,2,29
10,4,20
10,5,99
10,6,11
10,7,11
10,9,4
10,11,11
10,13,2
10,14,11
10,16,20
10,17,37
10,18,35
10,19,3
10,20,4
10,22,21
10,23,19
10,24,10
10,25,11
10,27,16
10,28,2
10,29,4
10,30,15
10,35,1
10,36,2
10,38,3
10,39,33
10,42,2
10,43,14
10,45,5
10,46,23
10,47,3
10,48,5
10,49,2
10,54,22
10,56,6
10,57,12
10,58,13
10,59,1
10,60,6
10,62,13
10,63,1
10,64,1
10,65,2
10,69,10
10,70,15
10,71,10
10,72,1
10,73,37
10,76,3
10,78,5
10,79,6
10,80,1
10,81,2
10,83,12
10,84,115
10,85,2
10,86,1
10,87,12
10,88,10
10,89,15
10,94,4
10,95,1
10,96,5
10,97,9
10,99,7
10,100,35
10,101,5
10,102,8
10,103,3
10,104,19
10,105,2
10,106,6
10,107,12
10,108,4
10,109,1
10,110,2
10,112,17
10,113,3
10,114,2
10,115,8
10,116,11
10,119,1
10,120,2
10,121,5
10,122,4
10,123,7
10,124,4
10,125,40
10,127,1
10,128,8
10,130,7
10,131,13
10,133,1
10,134,3
10,135,12
10,136,24
10,137,72
10,138,2
10,139,3
10,140,3
10,141,184
10,142,80
10,143,14
10,145,18
10,146,3
10,147,2
10,149,2
10,150,25
10,154,5
10,157,3
10,161,2
10,162,1
10,163,3
10,164,1
10,165,19
10,166,1
10,167,1
10,168,5
10,169,5
10,170,4
10,171,3
10,172,48
11,1,3
11,2,53
11,4,10
11,5,72
11,6,8
11,7,9
11,9,3
11,10,19
11,13,3
11,14,8
11,16,30
11,17,25
11,18,18
11,19,2
11,20,1
11,22,17
11,23,15
11,24,6
11,25,6
11,27,20
11,29,1
11,30,10
11,31,1
11,35,1
11,36,2
11,39,17
11,41,1
11,42,8
11,43,13
11,45,8
11,46,13
11,47,4
11,48,1
11,49,2
11,51,1
11,52,1
11,54,10
11,56,10
11,57,12
11,58,15
11,59,1
11,60,4
11,62,10
11,64,6
11,69,4
11,70,11
11,71,7
11,72,2
11,73,21
11,76,1
11,78,4
11,79,14
11,80,3
11,81,4
11,82,1
11,83,8
11,84,71
11,85,3
11,86,6
11,87,4
11,88,17
11,89,6
11,93,2
11,94,4
11,95,1
11,96,8
11,97,8
11,98,1
11,99,6
11,100,27
11,101,4
11,102,9
11,103,1
11,104,23
11,106,6
11,107,4
11,108,3
11,109,6
11,110,7
11,111,1
11,112,7
11,113,6
11,115,1
11,116,30
11,118,1
11,121,1
11,122,2
11,123,3
11,124,3
11,125,24
11,126,3
11,127,4
11,128,3
11,129,3
11,130,1
11,131,11
11,134,1
11,135,9
11,136,18
11,137,67
11,138,1
11,139,5
11,140,1
11,141,172
11,142,31
11,143,13
11,145,9
11,146,6
11,147,1
11,149,2
11,150,27
11,151,1
11,154,6
11,156,4
11,157,4
11,161,2
11,162,1
11,163,4
11,164,1
11,165,13
11,167,5
11,168,5
11,169,6
11,170,1
11,172,31
11,173,3
11,175,3
12,1,3
12,2,4
12,4,2
12,5,27
12,6,3
12,7,2
12,11,1
12,14,17
12,16,10
12,17,38
12,18,36
12,19,1
12,20,4
12,22,20
12,23,1
12,24,1
12,25,3
12,26,3
12,28,1
12,31,1
12,32,2
12,34,1
12,35,3
12,37,1
12,39,3
12,42,4
12,43,3
12,44,1
12,45,10
12,46,14
12,47,1
12,48,12
12,49,1
12,51,5
12,54,16
12,56,6
12,57,11
12,58,8
12,59,3
12,62,17
12,64,2
12,69,9
12,70,11
12,71,5
12,73,8
12,74,13
12,75,1
12,77,4
12,78,10
12,79,11
12,80,2
12,81,13
12,83,16
12,84,116
12,85,5
12,86,3
12,87,8
12,88,13
12,89,5
12,90,2
12,91,1
12,92,14
12,93,1
12,94,8
12,96,6
12,97,3
12,98,1
12,99,6
12,100,27
12,101,5
12,102,11
12,104,22
12,105,2
12,106,2
12,107,2
12,108,1
12,109,4
12,110,3
12,111,1
12,112,5
12,113,1
12,115,1
12,116,5
12,118,4
12,121,2
12,125,6
12,126,4
12,127,2
12,128,6
12,130,4
12,131,17
12,132,3
12,134,7
12,135,5
12,136,14
12,137,62
12,139,13
12,140,7
12,141,185
12,142,33
12,143,17
12,145,19
12,146,6
12,149,3
12,150,11
12,154,8
12,156,5
12,160,7
12,161,6
12,162,1
12,163,5
12,164,2
12,165,12
12,167,3
12,168,3
12,170,1
12,172,23
12,173,8
12,174,1
12,175,3
13,1,1
13,2,121
13,4,5
13,5,44
13,6,4
13,9,2
13,10,13
13,11,4
13,14,3
13,15,1
13,16,17
13,17,15
13,18,12
13,22,16
13,23,12
13,24,4
13,25,21
13,27,3
13,28,3
13,29,3
13,30,10
13,35,1
13,36,2
13,37,1
13,38,1
13,39,18
13,40,2
13,41,2
13,42,3
13,43,4
13,44,1
13,45,1
13,46,9
13,48,5
13,51,1
13,54,21
13,55,1
13,56,5
13,57,20
13,58,23
13,60,4
13,62,11
13,63,1
13,70,7
13,71,13
13,72,1
13,73,19
13,75,1
13,77,2
13,78,3
13,79,3
13,81,19
13,82,1
13,83,9
13,84,48
13,86,5
13,88,5
13,89,6
13,92,2
13,94,2
13,95,2
13,96,7
13,97,2
13,99,2
13,100,16
13,101,1
13,102,5
13,103,1
13,104,7
13,105,2
13,107,1
13,108,2
13,109,1
13,112,9
13,113,2
13,116,10
13,118,3
13,121,1
13,122,2
13,125,14
13,126,2
13,127,4
13,128,1
13,129,5
13,130,2
13,131,6
13,132,3
13,133,1
13,134,2
13,135,4
13,136,12
13,137,25
13,138,2
13,139,3
13,141,75
13,142,25
13,143,13
13,144,1
13,145,26
13,147,1
13,148,2
13,149,9
13,150,24
13,151,2
13,152,1
13,154,4
13,156,1
13,157,2
13,161,1
13,163,1
13,165,8
13,166,2
13,168,9
13,169,3
13,171,1
13,172,14
13,173,1
13,175,5
14,1,10
14,2,31
14,3,1
14,5,5
14,6,5
14,7,3
14,13,1
14,16,8
14,17,20
14,18,28
14,19,3
14,20,2
14,22,34
14,23,5
14,24,1
14,27,9
14,29,1
14,30,6
14,31,2
14,32,1
14,36,1
14,38,1
14,39,3
14,43,1
14,45,4
14,46,15
14,47,2
14,48,1
14,49,6
14,50,1
14,51,3
14,54,32
14,55,3
14,56,3
14,57,50
14,58,18
14,59,2
14,60,21
14,62,40
14,63,4
14,64,6
14,65,1
14,68,1
14,69,1
14,70,18
14,71,4
14,73,11
14,74,6
14,75,3
14,76,2
14,77,2
14,78,10
14,79,6
14,80,4
14,81,37
14,83,6
14,84,21
14,85,14
14,86,21
14,87,11
14,88,6
14,89,10
14,91,2
14,93,1
14,94,8
14,96,13
14,97,3
14,99,1
14,100,21
14,101,6
14,102,2
14,103,1
14,104,3
14,105,3
14,107,2
14,108,2
14,112,9
14,113,5
14,114,2
14,115,1
14,116,2
14,118,3
14,119,1
14,121,1
14,122,2
14,123,2
14,124,1
14,125,12
14,126,4
14,127,2
14,130,5
14,131,11
14,132,3
14,133,1
14,134,5
14,135,3
14,136,4
14,137,51
14,138,2
14,139,1
14,140,1
14,141,94
14,142,25
14,143,3
14,144,3
14,145,58
14,146,2
14,147,2
14,148,9
14,149,5
14,150,31
14,151,2
14,154,4
14,156,5
14,157,6
14,159,1
14,160,3
14,162,2
14,163,3
14,165,23
14,168,4
14,171,2
14,172,15
14,173,3
15,1,13
15,2,10
15,3,3
15,4,1
15,5,13
15,6,11
15,7,3
15,8,1
15,10,2
15,11,2
15,12,2
15,13,1
15,14,7
15,16,29
15,17,37
15,18,43
15,19,6
15,20,1
15,21,3
15,22,21
15,23,4
15,24,1
15,25,3
15,26,1
15,27,7
15,28,3
15,29,1
15,30,8
15,31,1
15,33,2
15,34,2
15,35,4
15,36,11
15,37,2
15,38,2
15,39,14
15,42,2
15,43,5
15,44,5
15,45,16
15,46,13
15,47,2
15,48,2
15,49,7
15,51,6
15,54,17
15,55,3
15,56,7
15,57,15
15,58,15
15,60,1
15,62,23
15,65,1
15,69,3
15,70,14
15,71,12
15,72,5
15,73,16
15,74,1
15,76,8
15,77,8
15,78,3
15,79,6
15,81,10
15,82,1
15,83,2
15,84,68
15,85,3
15,86,5
15,87,7
15,88,17
15,89,26
15,90,1
15,91,3
15,92,5
15,93,3
15,94,6
15,96,11
15,97,9
15,98,3
15,99,3
15,100,14
15,101,2
15,104,7
15,105,1
15,106,1
15,107,4
15,108,5
15,110,4
15,112,4
15,113,2
15,115,8
15,116,3
15,117,1
15,118,4
15,120,2
15,122,4
15,123,3
15,124,1
15,125,7
15,127,4
15,128,2
15,130,2
15,131,12
15,132,2
15,133,1
15,135,5
15,136,22
15,137,57
15,138,1
15,139,3
15,140,2
15,141,150
15,142,29
15,143,20
15,145,25
15,146,27
15,147,1
15,149,5
15,150,18
15,151,1
15,153,3
15,154,16
15,156,1
15,157,2
15,159,2
15,160,4
15,161,10
15,162,6
15,163,3
15,165,23
15,168,5
15,169,5
15,170,2
15,171,1
15,172,9
15,175,3
16,1,4
16,2,6
16,3,1
16,4,6
16,5,65
16,6,15
16,7,3
16,9,3
16,10,8
16,11,1
16,12,2
16,13,2
16,14,5
16,17,79
16,18,56
16,20,2
16,22,20
16,23,3
16,25,4
16,27,6
16,28,1
16,29,2
16,30,1
16,33,1
16,35,3
16,36,5
16,39,7
16,40,1
16,42,2
16,45,11
16,46,20
16,47,7
16,48,5
16,49,2
16,50,1
16,54,19
16,56,3
16,57,22
16,58,16
16,60,5
16,62,30
16,63,3
16,64,1
16,67,1
16,69,16
16,70,38
16,71,37
16,72,1
16,73,18
16,74,6
16,75,2
16,76,2
16,77,5
16,78,21
16,79,31
16,80,1
16,81,9
16,82,1
16,83,13
16,84,217
16,85,11
16,86,3
16,87,6
16,88,15
16,89,11
16,90,1
16,91,2
16,92,4
16,93,3
16,94,10
16,95,1
16,96,6
16,97,5
16,98,1
16,99,4
16,100,57
16,101,11
16,102,8
16,103,10
16,104,22
16,105,5
16,106,3
16,107,4
16,108,6
16,110,2
16,112,16
16,113,6
16,115,2
16,116,6
16,118,4
16,119,4
16,120,1
16,122,1
16,123,5
16,125,33
16,126,2
16,127,6
16,128,7
16,130,6
16,131,28
16,132,6
16,133,2
16,134,12
16,135,41
16,136,38
16,137,82
16,138,6
16,139,10
16,140,3
16,141,306
16,142,79
16,143,36
16,145,20
16,146,1
16,147,1
16,150,14
16,151,3
16,154,7
16,156,5
16,157,3
16,158,1
16,159,1
16,161,4
16,162,1
16,163,3
16,164,1
16,165,15
16,167,4
16,168,2
16,169,2
16,170,7
16,172,40
16,173,1
16,175,1
17,2,19
17,5,26
17,7,3
17,10,4
17,12,2
17,13,1
17,14,6
17,16,24
17,18,59
17,19,1
17,20,1
17,22,13
17,24,1
17,25,3
17,27,5
17,28,2
17,29,1
17,30,1
17,31,1
17,36,1
17,38,1
17,39,9
17,43,2
17,44,1
17,46,4
17,47,5
17,48,1
17,49,5
17,50,1
17,51,1
17,54,12
17,55,2
17,56,1
17,57,2
17,58,6
17,61,1
17,62,12
17,63,1
17,64,4
17,65,2
17,69,4
17,70,14
17,71,20
17,73,9
17,74,2
17,77,2
17,78,6
17,79,14
17,81,3
17,82,1
17,83,13
17,84,144
17,85,4
17,86,1
17,87,7
17,88,8
17,89,11
17,90,1
17,92,3
17,94,12
17,96,4
17,97,4
17,99,5
17,100,49
17,101,6
17,102,2
17,103,1
17,104,5
17,106,2
17,108,1
17,112,9
17,114,2
17,116,9
17,122,1
17,124,1
17,125,25
17,128,3
17,129,1
17,131,22
17,132,2
17,134,7
17,135,9
17,136,19
17,137,57
17,139,8
17,140,3
17,141,176
17,142,42
17,143,19
17,144,1
17,145,9
17,148,1
17,149,2
17,150,11
17,154,3
17,156,2
17,158,2
17,160,1
17,162,3
17,163,2
17,165,5
17,168,3
17,169,2
17,170,1
17,172,13
18,1,18
18,2,53
18,3,1
18,4,10
18,5,141
18,6,6
18,7,6
18,8,1
18,9,1
18,10,7
18,11,8
18,12,5
18,14,54
18,15,7
18,16,86
18,17,73
18,19,1
18,20,10
18,22,52
18,23,6
18,24,2
18,25,7
18,27,6
18,28,7
18,29,3
18,30,2
18,31,1
18,32,2
18,35,14
18,36,2
18,37,2
18,39,22
18,40,1
18,41,4
18,42,6
18,43,9
18,44,1
18,45,20
18,46,32
18,47,1
18,48,7
18,49,7
18,50,1
18,54,61
18,55,1
18,56,8
18,57,31
18,58,26
18,59,1
18,60,3
18,62,58
18,63,5
18,64,9
18,66,3
18,69,18
18,70,28
18,71,53
18,73,23
18,74,6
18,75,5
18,76,5
18,77,9
18,78,41
18,79,83
18,80,12
18,81,20
18,82,5
18,83,35
18,84,702
18,85,15
18,86,14
18,87,6
18,88,11
18,89,17
18,91,2
18,92,10
18,93,10
18,94,13
18,96,15
18,97,8
18,98,7
18,99,13
18,100,135
18,101,10
18,102,7
18,103,10
18,104,42
18,105,3
18,106,3
18,107,3
18,108,7
18,110,1
18,112,27
18,113,10
18,114,28
18,115,7
18,116,21
18,117,4
18,118,5
18,120,5
18,121,5
18,122,2
18,123,4
18,124,1
18,125,33
18,126,24
18,127,5
18,128,18
18,129,3
18,130,10
18,131,198
18,132,5
18,133,5
18,134,14
18,135,32
18,136,80
18,137,92
18,138,10
18,139,11
18,140,6
18,141,822
18,142,178
18,143,60
18,144,1
18,145,27
18,147,3
18,148,3
18,149,6
18,150,31
18,151,2
18,154,9
18,156,3
18,157,7
18,159,5
18,160,2
18,161,2
18,162,1
18,163,4
18,164,1
18,165,15
18,166,3
18,167,1
18,168,2
18,169,2
18,170,8
18,171,1
18,172,66
18,173,2
18,175,5
19,1,11
19,2,5
19,4,3
19,5,15
19,6,4
19,7,4
19,8,1
19,10,10
19,11,4
19,12,11
19,14,13
19,15,2
19,16,28
19,17,36
19,18,33
19,20,4
19,21,2
19,22,19
19,23,3
19,25,2
19,27,5
19,29,1
19,30,3
19,31,5
19,33,1
19,34,3
19,35,2
19,36,5
19,37,2
19,38,1
19,39,10
19,42,2
19,43,11
19,44,2
19,45,13
19,46,9
19,48,1
19,49,1
19,51,1
19,54,18
19,56,8
19,57,16
19,58,7
19,60,5
19,61,1
19,62,16
19,63,5
19,69,8
19,70,25
19,71,11
19,72,2
19,73,16
19,74,6
19,75,1
19,76,3
19,77,9
19,78,3
19,79,13
19,81,10
19,83,10
19,84,38
19,85,5
19,86,14
19,87,13
19,88,20
19,89,21
19,90,2
19,91,2
19,92,4
19,93,7
19,94,15
19,95,1
19,96,23
19,97,7
19,98,4
19,99,6
19,100,12
19,101,2
19,102,4
19,103,1
19,104,9
19,105,3
19,107,3
19,108,6
19,110,2
19,111,2
19,112,4
19,113,4
19,115,3
19,116,2
19,118,1
19,122,1
19,123,2
19,124,2
19,125,3
19,126,2
19,127,1
19,129,1
19,130,3
19,131,11
19,132,4
19,133,3
19,134,5
19,135,9
19,136,6
19,137,67
19,138,4
19,139,11
19,141,141
19,142,18
19,143,11
19,145,37
19,146,15
19,147,1
19,148,1
19,149,3
19,150,13
19,151,2
19,153,3
19,154,9
19,156,8
19,157,2
19,158,2
19,159,1
19,160,4
19,161,11
19,162,4
19,163,2
19,164,2
19,165,30
19,168,5
19,169,3
19,172,20
19,173,7
19,175,1
20,1,14
20,2,10
20,4,5
20,5,31
20,6,2
20,11,3
20,12,3
20,14,16
20,15,1
20,16,6
20,17,25
20,18,37
20,19,1
20,21,1
20,22,20
20,23,1
20,24,1
20,25,5
20,26,3
20,27,3
20,28,1
20,29,2
20,30,1
20,31,1
20,33,2
20,35,1
20,37,1
20,38,2
20,39,12
20,43,1
20,44,1
20,45,1
20,46,6
20,48,1
20,49,1
20,51,6
20,54,21
20,56,4
20,57,16
20,58,10
20,60,3
20,62,10
20,64,1
20,66,2
20,67,1
20,69,4
20,70,9
20,71,16
20,73,4
20,74,17
20,75,1
20,76,9
20,77,11
20,78,14
20,79,12
20,80,2
20,81,10
20,82,1
20,83,13
20,84,69
20,85,5
20,86,4
20,87,3
20,88,5
20,90,1
20,91,1
20,92,1
20,94,6
20,96,8
20,97,2
20,99,4
20,100,23
20,101,5
20,102,4
20,103,2
20,104,11
20,105,6
20,106,2
20,107,5
20,108,1
20,112,5
20,113,4
20,116,2
20,120,2
20,122,1
20,123,1
20,125,7
20,126,3
20,127,2
20,128,2
20,129,1
20,130,4
20,131,18
20,132,3
20,134,5
20,135,5
20,136,18
20,137,61
20,138,2
20,139,2
20,140,1
20,141,127
20,142,23
20,143,12
20,144,2
20,145,5
20,146,2
20,147,2
20,148,4
20,149,1
20,150,12
20,151,1
20,154,3
20,156,4
20,157,11
20,158,1
20,159,4
20,160,1
20,161,4
20,163,2
20,164,4
20,165,9
20,168,2
20,169,1
20,172,14
20,173,1
20,175,1
21,1,12
21,2,6
21,4,2
21,5,20
21,6,3
21,7,1
21,8,5
21,9,2
21,10,6
21,11,5
21,12,4
21,14,10
21,15,1
21,16,19
21,17,28
21,18,35
21,20,2
21,22,18
21,23,5
21,24,1
21,25,2
21,27,4
21,29,1
21,30,1
21,32,1
21,33,3
21,35,3
21,37,12
21,38,4
21,39,5
21,40,1
21,42,6
21,43,1
21,44,2
21,45,4
21,46,5
21,48,1
21,49,1
21,51,1
21,52,1
21,54,7
21,55,4
21,56,1
21,57,11
21,58,8
21,60,7
21,62,11
21,66,2
21,69,7
21,70,11
21,71,8
21,73,8
21,74,4
21,75,3
21,77,9
21,78,14
21,79,8
21,80,2
21,81,5
21,82,2
21,83,8
21,84,40
21,85,5
21,87,6
21,88,36
21,89,17
21,90,2
21,91,3
21,92,1
21,94,10
21,96,5
21,97,2
21,99,3
21,100,10
21,101,1
21,102,5
21,103,1
21,104,13
21,106,1
21,112,3
21,113,1
21,114,1
21,115,2
21,116,3
21,118,1
21,120,1
21,123,3
21,124,1
21,125,14
21,126,1
21,128,4
21,129,1
21,130,3
21,131,6
21,132,2
21,133,2
21,134,7
21,135,8
21,136,9
21,137,56
21,138,1
21,139,3
21,140,1
21,141,76
21,142,24
21,143,12
21,145,23
21,146,6
21,149,1
21,150,9
21,151,3
21,153,2
21,154,2
21,156,5
21,157,3
21,159,1
21,160,1
21,161,11
21,162,6
21,163,12
21,164,1
21,165,22
21,166,1
21,169,3
21,172,7
21,173,1
21,175,1
22,1,8
22,2,51
22,4,8
22,5,54
22,6,4
22,7,6
22,10,3
22,11,8
22,12,2
22,13,1
22,14,2
22,15,1
22,16,26
22,17,57
22,18,66
22,20,16
22,23,1
22,24,7
22,25,4
22,26,1
22,27,12
22,28,8
22,29,2
22,30,3
22,31,1
22,34,4
22,35,3
22,38,1
22,39,22
22,40,1
22,42,8
22,43,8
22,44,3
22,45,5
22,46,20
22,47,7
22,48,1
22,49,2
22,54,49
22,56,6
22,57,30
22,58,86
22,59,1
22,60,6
22,62,22
22,64,6
22,65,2
22,66,2
22,69,10
22,70,19
22,71,18
22,72,6
22,73,15
22,74,3
22,76,1
22,77,6
22,78,24
22,79,18
22,80,2
22,81,19
22,82,2
22,83,8
22,84,236
22,85,9
22,86,2
22,87,4
22,88,5
22,89,1
22,92,1
22,93,4
22,96,3
22,97,8
22,98,3
22,99,11
22,100,63
22,101,19
22,102,15
22,103,11
22,104,77
22,105,9
22,106,7
22,107,9
22,108,3
22,110,9
22,112,50
22,113,13
22,114,4
22,115,1
22,116,14
22,118,18
22,119,2
22,121,5
22,122,1
22,124,4
22,125,49
22,126,7
22,127,2
22,128,6
22,130,27
22,131,42
22,132,3
22,133,1
22,134,11
22,135,14
22,136,47
22,137,153
22,139,3
22,140,3
22,141,344
22,142,117
22,143,14
22,145,15
22,149,3
22,150,27
22,151,23
22,152,1
22,153,2
22,154,9
22,156,1
22,157,2
22,158,2
22,159,1
22,163,1
22,165,8
22,167,1
22,168,8
22,172,55
22,174,1
23,1,6
23,2,24
23,4,7
23,5,76
23,6,17
23,7,3
23,9,2
23,10,35
23,11,11
23,13,1
23,14,9
23,16,21
23,17,25
23,18,35
23,19,2
23,20,2
23,22,21
23,24,1
23,25,7
23,27,19
23,29,4
23,30,4
23,31,1
23,34,1
23,35,2
23,36,2
23,37,2
23,38,1
23,39,15
23,42,9
23,43,15
23,45,4
23,46,14
23,47,2
23,49,2
23,54,28
23,56,2
23,57,15
23,58,13
23,59,2
23,60,7
23,62,7
23,63,4
23,64,5
23,65,1
23,66,1
23,69,14
23,70,19
23,71,17
23,72,4
23,73,20
23,74,4
23,76,3
23,77,3
23,78,10
23,79,5
23,81,15
23,82,1
23,83,15
23,84,61
23,86,1
23,87,4
23,88,21
23,89,3
23,91,2
23,92,1
23,93,2
23,94,4
23,95,1
23,96,3
23,97,10
23,98,3
23,99,9
23,100,34
23,101,2
23,102,16
23,103,6
23,104,31
23,105,2
23,107,8
23,108,4
23,109,7
23,110,4
23,112,19
23,113,3
23,114,4
23,115,9
23,116,14
23,118,8
23,119,2
23,121,4
23,122,3
23,123,5
23,124,1
23,125,39
23,129,2
23,130,10
23,131,6
23,133,2
23,134,8
23,135,14
23,136,14
23,137,74
23,138,2
23,139,3
23,140,1
23,141,160
23,142,42
23,143,23
23,144,2
23,145,17
23,146,1
23,149,1
23,150,16
23,151,3
23,154,9
23,160,2
23,161,3
23,162,3
23,163,8
23,165,24
23,167,5
23,168,10
23,169,8
23,170,1
23,171,3
23,172,54
23,175,3
24,2,46
24,4,8
24,5,18
24,6,6
24,7,1
24,8,1
24,9,4
24,10,22
24,11,7
24,12,1
24,13,2
24,14,7
24,15,1
24,16,7
24,17,23
24,18,19
24,20,1
24,22,24
24,23,12
24,25,4
24,27,7
24,28,1
24,29,5
24,30,25
24,33,1
24,34,1
24,36,1
24,39,14
24,42,8
24,43,4
24,44,2
24,46,23
24,47,1
24,48,4
24,50,1
24,51,3
24,54,17
24,55,1
24,56,3
24,57,13
24,58,20
24,60,3
24,62,6
24,63,1
24,68,1
24,70,8
24,71,2
24,72,2
24,73,12
24,77,2
24,78,7
24,79,1
24,81,12
24,82,1
24,83,9
24,84,44
24,85,1
24,87,7
24,88,7
24,89,9
24,92,2
24,94,8
24,96,6
24,97,4
24,99,7
24,100,21
24,101,8
24,102,3
24,103,1
24,104,17
24,105,7
24,106,10
24,107,6
24,108,1
24,109,5
24,110,1
24,111,1
24,112,8
24,113,4
24,116,12
24,118,3
24,122,6
24,124,1
24,125,14
24,126,3
24,128,4
24,129,2
24,130,2
24,131,13
24,134,2
24,135,4
24,136,9
24,137,30
24,138,1
24,139,4
24,140,6
24,141,115
24,142,18
24,143,9
24,144,3
24,145,16
24,146,3
24,149,4
24,150,13
24,151,1
24,154,3
24,156,2
24,157,2
24,159,1
24,160,1
24,162,1
24,163,1
24,165,11
24,168,13
24,169,5
24,172,29
24,173,5
24,175,3
25,1,1
25,2,38
25,4,11
25,5,34
25,7,2
25,8,1
25,9,5
25,10,21
25,11,14
25,12,1
25,13,2
25,14,6
25,16,14
25,17,3
25,18,23
25,19,1
25,20,2
25,22,16
25,23,8
25,24,6
25,27,9
25,28,1
25,29,3
25,30,6
25,31,4
25,35,3
25,37,1
25,39,17
25,42,1
25,43,5
25,44,1
25,45,8
25,46,11
25,47,1
25,48,2
25,49,1
25,54,25
25,56,7
25,57,10
25,58,16
25,59,2
25,60,5
25,62,10
25,64,1
25,65,1
25,69,5
25,70,8
25,71,12
25,72,1
25,73,13
25,74,2
25,76,2
25,77,1
25,78,6
25,79,2
25,80,1
25,81,10
25,82,2
25,83,7
25,84,50
25,85,3
25,86,2
25,88,5
25,89,4
25,90,4
25,93,3
25,94,6
25,96,5
25,97,4
25,98,1
25,99,1
25,100,53
25,101,1
25,102,9
25,103,2
25,104,21
25,105,5
25,107,2
25,108,4
25,110,1
25,111,4
25,112,16
25,113,2
25,114,1
25,115,7
25,116,12
25,118,1
25,119,1
25,121,2
25,122,5
25,123,3
25,124,1
25,125,16
25,127,1
25,128,1
25,129,3
25,130,5
25,131,11
25,132,1
25,133,2
25,134,1
25,135,8
25,136,13
25,137,52
25,139,8
25,140,3
25,141,117
25,142,24
25,143,7
25,145,15
25,149,1
25,150,28
25,152,1
25,154,5
25,156,1
25,157,5
25,159,1
25,161,1
25,162,1
25,163,1
25,165,12
25,166,1
25,168,8
25,169,1
25,171,1
25,172,25
25,173,2
25,174,1
25,175,3
26,1,4
26,2,9
26,4,1
26,5,14
26,6,2
26,7,4
26,10,10
26,12,3
26,14,3
26,15,2
26,16,14
26,17,9
26,18,15
26,20,2
26,22,6
26,25,1
26,27,2
26,32,2
26,35,1
26,36,1
26,37,1
26,39,8
26,41,2
26,43,2
26,46,2
26,47,1
26,54,6
26,56,1
26,57,3
26,58,5
26,62,1
26,64,2
26,69,4
26,70,11
26,71,4
26,73,4
26,74,9
26,76,3
26,77,10
26,78,6
26,79,6
26,80,2
26,81,7
26,82,9
26,83,14
26,84,59
26,85,3
26,86,4
26,87,3
26,88,4
26,89,1
26,92,2
26,96,4
26,97,6
26,99,2
26,100,11
26,101,3
26,102,2
26,103,1
26,104,1
26,107,2
26,108,1
26,110,1
26,112,4
26,113,1
26,116,3
26,117,1
26,122,2
26,124,3
26,125,15
26,126,1
26,127,2
26,128,2
26,129,1
26,130,1
26,131,7
26,134,2
26,135,1
26,136,20
26,137,34
26,138,1
26,139,2
26,141,92
26,142,34
26,143,2
26,145,10
26,150,5
26,154,7
26,156,5
26,159,4
26,160,2
26,161,4
26,162,1
26,163,1
26,165,2
26,168,1
26,170,2
26,172,7
27,1,1
27,2,29
27,4,7
27,5,30
27,6,13
27,7,3
27,9,3
27,10,31
27,11,4
27,12,1
27,14,5
27,15,2
27,16,12
27,17,17
27,18,31
27,20,1
27,22,28
27,23,11
27,24,1
27,25,13
27,26,1
27,28,1
27,29,3
27,30,17
27,32,3
27,33,2
27,36,1
27,37,1
27,38,2
27,39,27
27,40,2
27,42,6
27,43,16
27,45,3
27,46,23
27,48,10
27,49,4
27,51,1
27,54,25
27,55,2
27,56,5
27,57,18
27,58,18
27,60,8
27,62,9
27,63,1
27,64,8
27,69,8
27,70,16
27,71,8
27,72,1
27,73,25
27,74,2
27,76,3
27,78,10
27,79,7
27,80,1
27,81,10
27,83,7
27,84,63
27,85,3
27,86,5
27,87,6
27,88,15
27,89,7
27,90,2
27,93,2
27,94,6
27,96,5
27,97,12
27,98,2
27,99,3
27,100,34
27,101,8
27,102,17
27,103,5
27,104,25
27,105,4
27,106,5
27,107,5
27,108,3
27,110,5
27,112,11
27,113,7
27,114,1
27,115,3
27,116,6
27,117,2
27,118,2
27,121,1
27,123,10
27,125,57
27,128,5
27,129,3
27,130,2
27,131,21
27,132,3
27,133,1
27,134,8
27,135,3
27,136,18
27,137,44
27,138,2
27,139,3
27,140,2
27,141,139
27,142,52
27,143,11
27,145,18
27,147,2
27,148,3
27,149,3
27,150,9
27,151,7
27,154,5
27,156,8
27,157,7
27,159,2
27,161,2
27,162,2
27,163,1
27,164,2
27,165,18
27,166,1
27,167,3
27,168,4
27,169,5
27,170,2
27,172,34
27,173,4
27,175,5
28,1,2
28,2,26
28,4,2
28,5,29
28,6,4
28,7,1
28,9,3
28,10,1
28,11,4
28,14,11
28,16,18
28,17,26
28,18,29
28,19,1
28,20,3
28,22,17
28,23,5
28,24,6
28,25,5
28,27,7
28,29,4
28,30,15
28,37,3
28,38,1
28,39,11
28,42,5
28,43,5
28,44,3
28,45,1
28,46,11
28,47,6
28,48,5
28,49,1
28,50,1
28,51,1
28,54,10
28,55,1
28,56,3
28,57,17
28,58,14
28,60,4
28,61,1
28,62,11
28,63,2
28,64,3
28,65,1
28,69,1
28,70,5
28,71,15
28,72,2
28,73,17
28,74,3
28,76,4
28,77,8
28,78,10
28,79,5
28,80,1
28,81,17
28,82,1
28,83,13
28,84,90
28,85,2
28,86,5
28,87,7
28,88,3
28,89,8
28,90,1
28,92,7
28,93,2
28,94,4
28,96,9
28,97,2
28,98,6
28,99,5
28,100,65
28,101,8
28,102,21
28,103,2
28,104,39
28,105,6
28,106,17
28,107,3
28,108,3
28,110,4
28,112,43
28,113,10
28,114,2
28,115,1
28,116,8
28,117,1
28,118,9
28,122,2
28,123,3
28,124,4
28,125,24
28,126,3
28,127,4
28,128,7
28,130,17
28,131,23
28,134,5
28,135,12
28,136,26
28,137,54
28,138,2
28,139,3
28,140,2
28,141,153
28,142,57
28,143,3
28,145,13
28,147,2
28,148,2
28,149,1
28,150,7
28,151,2
28,154,6
28,156,2
28,157,3
28,158,1
28,160,1
28,161,2
28,162,5
28,163,1
28,165,4
28,168,8
28,169,1
28,170,1
28,172,47
28,173,12
28,174,4
28,175,1
29,2,18
29,3,1
29,4,1
29,5,25
29,6,7
29,8,1
29,10,3
29,11,5
29,14,5
29,15,1
29,16,6
29,17,19
29,18,6
29,19,3
29,20,3
29,21,1
29,22,12
29,23,3
29,24,4
29,27,4
29,28,7
29,30,4
29,35,1
29,39,12
29,40,2
29,43,2
29,45,2
29,46,5
29,48,2
29,49,5
29,50,1
29,51,1
29,53,1
29,54,11
29,57,12
29,58,6
29,60,1
29,62,6
29,64,1
29,65,1
29,69,2
29,70,8
29,71,6
29,73,15
29,77,2
29,78,1
29,79,7
29,80,4
29,81,6
29,84,28
29,85,2
29,86,4
29,87,1
29,88,4
29,89,3
29,92,1
29,93,1
29,94,1
29,95,1
29,96,6
29,97,1
29,98,1
29,99,5
29,100,24
29,101,6
29,102,4
29,104,18
29,105,1
29,106,13
29,109,2
29,112,17
29,113,3
29,115,5
29,116,4
29,117,3
29,118,1
29,119,1
29,122,1
29,123,2
29,125,13
29,126,2
29,127,3
29,128,1
29,130,5
29,131,11
29,132,3
29,134,2
29,135,2
29,136,12
29,137,32
29,138,1
29,139,1
29,140,1
29,141,76
29,142,30
29,143,5
29,145,4
29,147,1
29,148,1
29,149,2
29,150,4
29,151,1
29,153,1
29,154,2
29,156,1
29,161,3
29,162,1
29,165,10
29,167,1
29,168,5
29,169,2
29,170,4
29,171,1
29,172,26
29,173,2
29,174,1
29,175,1
30,1,4
30,2,72
30,4,6
30,5,47
30,6,2
30,7,2
30,10,12
30,11,4
30,12,1
30,13,1
30,14,13
30,15,1
30,16,25
30,17,37
30,18,39
30,19,2
30,20,1
30,22,31
30,23,10
30,24,4
30,25,10
30,26,1
30,27,26
30,28,7
30,29,8
30,37,1
30,38,3
30,39,19
30,40,5
30,42,5
30,43,14
30,44,1
30,45,2
30,46,21
30,47,4
30,48,17
30,49,3
30,50,1
30,51,1
30,54,25
30,56,5
30,57,31
30,58,25
30,60,9
30,62,21
30,64,5
30,69,3
30,70,14
30,71,15
30,72,5
30,73,20
30,74,8
30,76,3
30,77,4
30,78,8
30,79,8
30,80,6
30,81,17
30,83,10
30,84,76
30,85,8
30,86,7
30,87,6
30,88,14
30,89,9
30,92,1
30,93,1
30,94,4
30,95,1
30,96,20
30,97,6
30,98,7
30,99,7
30,100,73
30,101,15
30,102,18
30,103,3
30,104,29
30,105,4
30,106,19
30,107,11
30,108,6
30,109,4
30,110,4
30,111,1
30,112,30
30,113,3
30,114,1
30,115,13
30,116,19
30,117,3
30,118,6
30,119,1
30,122,6
30,123,7
30,124,3
30,125,34
30,126,5
30,127,8
30,128,6
30,130,12
30,131,22
30,133,2
30,134,7
30,135,10
30,136,23
30,137,78
30,139,7
30,140,2
30,141,179
30,142,52
30,143,11
30,145,27
30,148,1
30,149,6
30,150,31
30,151,2
30,152,1
30,153,3
30,154,9
30,156,2
30,157,5
30,158,2
30,159,2
30,160,1
30,161,4
30,162,2
30,163,6
30,164,2
30,165,15
30,166,1
30,167,3
30,168,12
30,169,4
30,171,6
30,172,48
30,173,8
30,175,13
31,1,12
31,2,5
31,3,2
31,4,8
31,5,25
31,7,9
31,8,1
31,10,8
31,11,9
31,13,2
31,14,12
31,15,3
31,16,33
31,17,25
31,18,18
31,19,5
31,21,1
31,22,26
31,23,3
31,24,1
31,25,3
31,26,2
31,27,7
31,28,1
31,30,5
31,32,1
31,33,2
31,34,5
31,35,2
31,36,6
31,37,8
31,38,7
31,39,14
31,40,4
31,42,4
31,43,8
31,45,4
31,46,13
31,48,6
31,49,6
31,50,2
31,54,10
31,56,1
31,57,13
31,58,19
31,60,2
31,62,15
31,63,2
31,64,2
31,66,2
31,69,8
31,70,12
31,71,6
31,72,1
31,73,16
31,74,8
31,75,5
31,76,1
31,77,1
31,78,8
31,79,7
31,80,1
31,81,12
31,82,2
31,83,17
31,84,50
31,85,2
31,86,6
31,87,9
31,88,14
31,89,23
31,90,5
31,91,3
31,93,15
31,94,10
31,96,8
31,97,5
31,98,1
31,99,1
31,100,23
31,101,3
31,102,14
31,103,2
31,104,3
31,106,4
31,107,5
31,108,2
31,110,5
31,112,9
31,113,1
31,115,5
31,116,5
31,118,1
31,119,2
31,122,3
31,124,1
31,125,25
31,127,3
31,128,3
31,130,2
31,131,6
31,132,3
31,134,2
31,135,6
31,136,7
31,137,85
31,138,1
31,139,9
31,140,3
31,141,178
31,142,45
31,143,4
31,144,1
31,145,23
31,146,3
31,147,2
31,149,5
31,150,15
31,154,16
31,157,2
31,158,8
31,159,3
31,161,6
31,162,6
31,163,17
31,164,3
31,165,43
31,167,1
31,169,1
31,170,1
31,171,2
31,172,18
32,1,6
32,2,6
32,3,4
32,4,1
32,5,5
32,6,4
32,7,1
32,10,3
32,11,1
32,12,7
32,14,5
32,16,16
32,17,27
32,18,6
32,19,2
32,21,1
32,22,11
32,23,1
32,24,3
32,25,2
32,26,2
32,27,4
32,30,4
32,31,7
32,34,2
32,35,3
32,36,8
32,37,1
32,38,2
32,39,5
32,40,3
32,42,1
32,43,2
32,45,4
32,46,5
32,47,3
32,48,1
32,49,7
32,50,2
32,51,1
32,54,5
32,56,2
32,57,2
32,58,7
32,60,1
32,62,14
32,63,1
32,69,4
32,70,18
32,71,13
32,73,6
32,74,6
32,77,1
32,78,7
32,79,5
32,81,9
32,82,1
32,83,8
32,84,16
32,85,1
32,87,11
32,88,18
32,89,12
32,90,10
32,92,2
32,93,3
32,94,7
32,96,7
32,97,2
32,98,1
32,100,5
32,101,1
32,102,5
32,104,4
32,105,1
32,107,1
32,110,2
32,112,2
32,113,4
32,116,3
32,125,11
32,126,1
32,128,3
32,130,1
32,131,13
32,134,4
32,135,1
32,136,4
32,137,34
32,138,1
32,139,1
32,140,4
32,141,49
32,142,10
32,143,3
32,145,15
32,146,3
32,148,1
32,149,3
32,150,8
32,151,4
32,154,1
32,157,3
32,158,5
32,159,2
32,161,2
32,162,3
32,163,4
32,165,36
32,167,1
32,168,3
32,169,1
32,172,15
32,175,4
33,1,1
33,2,6
33,3,5
33,4,2
33,5,7
33,6,4
33,8,2
33,9,1
33,10,6
33,11,5
33,12,3
33,14,6
33,15,6
33,16,15
33,17,21
33,18,20
33,19,3
33,20,1
33,22,4
33,23,4
33,25,1
33,27,1
33,28,1
33,29,2
33,30,5
33,31,6
33,34,6
33,35,3
33,36,6
33,37,10
33,38,3
33,39,18
33,40,1
33,43,2
33,44,2
33,45,5
33,46,12
33,48,1
33,49,1
33,50,1
33,51,1
33,54,7
33,56,1
33,57,9
33,58,17
33,60,3
33,62,8
33,63,1
33,64,1
33,69,1
33,70,21
33,71,6
33,73,6
33,74,2
33,76,4
33,77,3
33,78,4
33,79,4
33,81,15
33,83,10
33,84,18
33,86,5
33,87,7
33,88,13
33,89,9
33,90,4
33,91,2
33,92,3
33,93,4
33,94,14
33,96,12
33,97,3
33,99,1
33,100,8
33,101,1
33,102,2
33,103,1
33,104,5
33,106,5
33,107,5
33,110,1
33,112,6
33,114,1
33,115,1
33,116,4
33,118,2
33,119,1
33,121,1
33,123,2
33,125,12
33,126,2
33,128,1
33,130,2
33,131,7
33,132,3
33,134,2
33,135,5
33,136,5
33,137,39
33,139,2
33,140,3
33,141,70
33,142,18
33,143,3
33,145,13
33,146,2
33,148,1
33,149,1
33,150,6
33,151,2
33,153,1
33,154,4
33,156,2
33,157,6
33,159,3
33,160,2
33,161,5
33,163,1
33,164,1
33,165,12
33,166,1
33,168,1
33,172,12
33,175,1
34,1,8
34,2,4
34,3,1
34,4,3
34,5,3
34,6,4
34,7,2
34,8,1
34,10,3
34,11,3
34,14,18
34,15,2
34,16,11
34,17,21
34,18,14
34,19,1
34,20,2
34,22,17
34,23,5
34,25,3
34,26,1
34,27,4
34,28,1
34,30,6
34,31,4
34,32,2
34,33,1
34,35,3
34,36,5
34,37,2
34,38,3
34,39,12
34,42,1
34,43,4
34,45,11
34,46,6
34,47,5
34,49,2
34,54,10
34,56,5
34,57,9
34,58,7
34,59,4
34,60,2
34,62,9
34,64,4
34,69,9
34,70,17
34,71,4
34,73,7
34,76,3
34,77,2
34,78,5
34,79,2
34,81,9
34,83,4
34,84,22
34,86,4
34,87,3
34,88,12
34,89,8
34,90,6
34,91,1
34,92,2
34,93,9
34,94,18
34,96,13
34,99,1
34,100,9
34,101,4
34,103,1
34,104,9
34,105,3
34,106,1
34,107,3
34,108,1
34,110,1
34,111,3
34,112,6
34,113,3
34,115,1
34,116,1
34,119,1
34,121,1
34,122,2
34,123,1
34,125,3
34,127,1
34,128,3
34,129,1
34,130,1
34,131,5
34,132,1
34,133,2
34,134,1
34,135,1
34,136,5
34,137,36
34,139,8
34,140,1
34,141,63
34,142,3
34,143,19
34,144,2
34,145,15
34,146,1
34,148,1
34,150,10
34,151,1
34,152,2
34,154,7
34,156,3
34,157,4
34,158,1
34,159,2
34,161,2
34,162,5
34,163,10
34,165,22
34,168,1
34,169,1
34,170,2
34,172,12
34,173,1
35,1,9
35,2,6
35,4,1
35,6,1
35,7,3
35,8,7
35,11,1
35,14,5
35,16,15
35,17,29
35,18,11
35,19,3
35,22,10
35,23,4
35,25,3
35,26,2
35,27,8
35,29,1
35,30,5
35,31,5
35,34,12
35,36,15
35,37,3
35,38,2
35,39,9
35,42,3
35,43,2
35,44,1
35,45,5
35,46,3
35,47,1
35,48,2
35,49,3
35,54,9
35,55,1
35,56,2
35,57,11
35,58,8
35,60,5
35,62,3
35,63,2
35,69,4
35,70,6
35,71,7
35,72,2
35,73,5
35,74,6
35,75,2
35,76,1
35,77,4
35,78,5
35,79,4
35,80,2
35,81,3
35,82,1
35,83,7
35,84,22
35,85,1
35,86,3
35,87,3
35,88,23
35,89,15
35,90,5
35,91,1
35,93,9
35,94,5
35,95,2
35,96,10
35,97,6
35,100,4
35,102,6
35,103,1
35,104,6
35,105,2
35,107,5
35,108,1
35,111,1
35,112,2
35,113,3
35,115,1
35,116,5
35,118,1
35,119,3
35,120,1
35,121,1
35,122,3
35,124,1
35,125,6
35,131,2
35,132,2
35,133,2
35,134,2
35,135,5
35,136,1
35,137,43
35,139,2
35,140,3
35,141,52
35,142,14
35,143,5
35,145,18
35,146,5
35,147,2
35,148,1
35,150,14
35,154,7
35,156,4
35,157,2
35,159,1
35,161,2
35,163,2
35,165,20
35,166,2
35,167,2
35,169,1
35,170,1
35,172,11
35,175,2
36,1,5
36,2,7
36,3,1
36,4,1
36,5,16
36,6,1
36,7,3
36,8,9
36,9,2
36,10,4
36,11,2
36,13,1
36,14,13
36,15,4
36,16,34
36,17,43
36,18,33
36,19,1
36,20,2
36,21,1
36,22,21
36,23,9
36,24,1
36,25,10
36,26,1
36,27,1
36,29,2
36,30,4
36,31,4
36,32,3
36,34,2
36,35,3
36,37,5
36,38,3
36,39,15
36,40,1
36,41,2
36,43,3
36,44,1
36,45,10
36,46,10
36,48,12
36,49,3
36,50,2
36,51,2
36,54,15
36,56,5
36,57,21
36,58,7
36,60,1
36,62,21
36,63,5
36,64,1
36,69,3
36,70,25
36,71,12
36,72,3
36,73,11
36,74,1
36,75,1
36,77,2
36,78,3
36,79,4
36,80,1
36,81,13
36,82,1
36,83,4
36,84,42
36,86,3
36,87,6
36,88,21
36,89,57
36,90,15
36,92,3
36,93,17
36,94,14
36,95,1
36,96,15
36,97,9
36,99,1
36,100,14
36,101,4
36,102,2
36,103,3
36,104,13
36,105,2
36,106,4
36,107,3
36,108,3
36,110,2
36,112,5
36,113,2
36,115,1
36,116,9
36,118,2
36,122,4
36,123,4
36,125,12
36,127,1
36,128,1
36,129,1
36,130,3
36,131,10
36,132,5
36,133,1
36,134,1
36,135,9
36,136,12
36,137,60
36,138,3
36,139,3
36,140,1
36,141,157
36,142,13
36,143,3
36,144,1
36,145,31
36,146,9
36,148,3
36,149,2
36,150,8
36,151,1
36,153,4
36,154,7
36,156,2
36,157,9
36,158,1
36,159,1
36,160,1
36,161,10
36,162,4
36,163,9
36,165,45
36,166,2
36,167,1
36,168,2
36,169,3
36,170,1
36,172,19
36,173,1
36,175,4
37,1,2
37,2,9
37,3,1
37,4,5
37,5,10
37,6,7
37,7,3
37,8,2
37,10,6
37,11,5
37,12,2
37,13,1
37,14,16
37,15,1
37,16,41
37,17,41
37,18,22
37,19,3
37,20,1
37,22,25
37,23,5
37,24,1
37,25,4
37,26,1
37,27,3
37,30,5
37,31,2
37,32,3
37,33,2
37,35,7
37,36,17
37,38,6
37,39,9
37,40,1
37,42,3
37,43,11
37,45,7
37,46,17
37,48,2
37,49,10
37,54,13
37,56,4
37,57,20
37,58,17
37,60,5
37,62,21
37,63,2
37,66,1
37,69,4
37,70,28
37,71,11
37,73,2
37,74,1
37,76,1
37,77,5
37,78,8
37,81,7
37,83,3
37,84,41
37,86,6
37,87,12
37,88,20
37,89,19
37,90,11
37,91,4
37,92,1
37,93,3
37,94,11
37,95,2
37,96,35
37,97,9
37,98,1
37,99,1
37,100,15
37,101,5
37,102,4
37,104,10
37,105,2
37,106,3
37,107,1
37,110,2
37,112,5
37,113,1
37,114,1
37,116,14
37,120,1
37,123,1
37,124,1
37,125,11
37,126,3
37,127,1
37,128,2
37,130,4
37,131,9
37,132,3
37,133,1
37,134,2
37,135,4
37,136,5
37,137,70
37,138,1
37,140,4
37,141,152
37,142,27
37,143,15
37,145,23
37,146,11
37,147,2
37,149,2
37,150,13
37,151,2
37,153,1
37,154,11
37,155,1
37,156,2
37,157,7
37,158,1
37,160,1
37,161,9
37,162,4
37,163,7
37,165,40
37,168,4
37,169,1
37,172,24
38,1,4
38,2,9
38,4,3
38,5,21
38,6,2
38,7,7
38,8,2
38,10,4
38,11,2
38,12,2
38,14,8
38,15,2
38,16,6
38,17,15
38,18,16
38,22,11
38,23,2
38,25,5
38,27,2
38,30,1
38,31,6
38,35,6
38,36,4
38,39,9
38,43,6
38,45,10
38,46,3
38,50,1
38,52,1
38,54,11
38,56,2
38,57,4
38,58,5
38,60,3
38,62,6
38,64,3
38,69,1
38,70,17
38,71,2
38,73,5
38,74,1
38,76,4
38,77,3
38,78,4
38,79,3
38,80,2
38,81,2
38,83,2
38,84,39
38,85,1
38,87,3
38,88,5
38,89,12
38,90,4
38,91,5
38,93,3
38,94,7
38,96,13
38,97,8
38,98,2
38,100,13
38,101,3
38,102,6
38,103,1
38,104,2
38,105,1
38,106,1
38,107,4
38,112,3
38,113,4
38,116,5
38,117,1
38,120,1
38,121,4
38,122,2
38,123,1
38,125,10
38,126,1
38,128,1
38,129,1
38,130,2
38,131,7
38,133,1
38,134,2
38,135,2
38,136,16
38,137,45
38,140,1
38,141,98
38,142,17
38,143,4
38,145,11
38,147,3
38,149,1
38,150,14
38,153,4
38,154,11
38,155,1
38,156,1
38,157,2
38,158,2
38,159,2
38,161,2
38,162,3
38,163,9
38,164,2
38,165,29
38,168,1
38,169,1
38,172,11
38,173,1
38,175,2
39,1,3
39,2,4
39,4,3
39,5,22
39,6,1
39,10,4
39,11,1
39,12,1
39,16,7
39,17,5
39,18,7
39,22,6
39,27,8
39,28,1
39,30,5
39,42,1
39,43,2
39,44,1
39,45,1
39,46,2
39,47,1
39,49,1
39,54,3
39,57,2
39,58,1
39,62,5
39,64,1
39,66,1
39,67,1
39,70,2
39,71,3
39,72,2
39,73,15
39,74,1
39,75,1
39,78,10
39,79,2
39,81,1
39,83,8
39,84,30
39,85,1
39,87,1
39,88,2
39,89,5
39,90,1
39,94,2
39,95,1
39,97,2
39,98,1
39,99,4
39,100,12
39,102,2
39,103,2
39,104,14
39,105,2
39,106,2
39,107,2
39,109,4
39,112,4
39,113,1
39,115,1
39,116,2
39,120,1
39,121,4
39,123,1
39,124,1
39,125,17
39,127,2
39,130,3
39,131,3
39,135,2
39,136,7
39,137,15
39,138,1
39,139,5
39,141,78
39,142,10
39,143,5
39,145,2
39,149,2
39,150,2
39,151,1
39,167,1
39,169,1
39,172,14
40,1,7
40,2,4
40,3,2
40,4,6
40,5,20
40,6,2
40,7,19
40,8,6
40,10,9
40,11,3
40,12,2
40,14,13
40,15,3
40,16,30
40,17,22
40,18,15
40,19,1
40,20,1
40,21,1
40,22,24
40,23,4
40,25,2
40,27,7
40,28,1
40,30,13
40,31,5
40,33,1
40,35,5
40,36,3
40,37,2
40,38,8
40,39,10
40,41,7
40,42,4
40,43,5
40,45,9
40,46,17
40,47,2
40,48,3
40,49,7
40,50,3
40,51,2
40,54,11
40,55,2
40,56,5
40,57,12
40,58,20
40,60,2
40,62,21
40,63,1
40,67,1
40,68,1
40,69,1
40,70,39
40,71,2
40,72,2
40,73,17
40,74,6
40,76,2
40,77,1
40,78,1
40,79,3
40,80,2
40,81,3
40,83,7
40,84,45
40,85,1
40,87,7
40,88,27
40,89,38
40,90,5
40,92,7
40,93,5
40,94,16
40,96,25
40,97,13
40,98,2
40,100,22
40,101,6
40,102,6
40,103,10
40,104,14
40,105,2
40,106,1
40,107,8
40,110,1
40,112,10
40,113,4
40,116,4
40,117,1
40,118,2
40,120,3
40,121,2
40,123,10
40,124,2
40,125,23
40,126,5
40,127,2
40,128,5
40,129,1
40,130,3
40,131,11
40,132,2
40,133,2
40,134,6
40,135,7
40,136,12
40,137,62
40,138,1
40,139,6
40,141,191
40,142,31
40,143,6
40,145,24
40,147,5
40,149,3
40,150,12
40,152,2
40,153,1
40,154,41
40,155,1
40,157,2
40,158,3
40,159,2
40,160,2
40,161,7
40,162,6
40,163,7
40,164,1
40,165,64
40,166,1
40,168,1
40,169,2
40,170,2
40,171,2
40,172,25
40,173,1
40,175,8
41,1,1
41,2,5
41,3,1
41,4,1
41,5,15
41,7,15
41,9,1
41,10,6
41,11,6
41,15,2
41,16,12
41,17,3
41,18,4
41,20,9
41,22,4
41,23,3
41,24,2
41,29,1
41,33,1
41,39,1
41,40,1
41,43,1
41,44,1
41,45,2
41,46,7
41,49,3
41,50,1
41,51,5
41,57,6
41,58,6
41,62,1
41,63,1
41,69,3
41,70,8
41,72,4
41,73,2
41,75,1
41,78,1
41,79,5
41,81,6
41,83,1
41,84,27
41,86,2
41,87,2
41,88,3
41,89,8
41,91,1
41,94,1
41,95,1
41,96,1
41,97,2
41,99,1
41,100,14
41,101,1
41,102,1
41,104,3
41,107,1
41,108,1
41,110,2
41,112,1
41,116,1
41,118,1
41,122,1
41,123,6
41,125,7
41,130,3
41,131,8
41,132,1
41,134,4
41,135,1
41,136,6
41,137,17
41,139,2
41,141,57
41,142,5
41,145,2
41,147,1
41,149,1
41,150,5
41,154,4
41,156,1
41,158,1
41,159,2
41,162,2
41,163,5
41,165,16
41,166,2
41,168,2
41,172,7
41,173,1
42,1,1
42,2,19
42,4,12
42,5,43
42,6,6
42,7,6
42,9,10
42,10,10
42,11,4
42,14,12
42,16,16
42,17,20
42,18,19
42,20,4
42,22,19
42,23,11
42,24,3
42,25,5
42,27,10
42,29,1
42,30,7
42,38,5
42,39,16
42,43,7
42,44,1
42,45,3
42,46,11
42,47,1
42,48,5
42,49,2
42,51,1
42,54,12
42,56,1
42,57,7
42,58,3
42,62,8
42,63,1
42,64,1
42,69,14
42,70,5
42,71,9
42,72,2
42,73,18
42,74,6
42,75,1
42,77,2
42,78,4
42,79,5
42,81,4
42,83,7
42,84,88
42,85,4
42,87,2
42,88,9
42,89,10
42,91,3
42,93,4
42,94,4
42,95,1
42,96,13
42,97,3
42,98,3
42,99,7
42,100,26
42,101,5
42,102,8
42,103,2
42,104,23
42,105,1
42,106,4
42,107,2
42,108,1
42,110,2
42,111,1
42,112,11
42,113,3
42,115,5
42,116,18
42,119,1
42,121,6
42,122,3
42,123,7
42,124,1
42,125,33
42,127,4
42,128,7
42,129,5
42,130,3
42,131,9
42,134,7
42,135,7
42,136,17
42,137,41
42,138,1
42,139,5
42,140,5
42,141,173
42,142,44
42,143,5
42,144,1
42,145,6
42,146,4
42,147,2
42,149,1
42,150,18
42,151,3
42,154,10
42,155,1
42,157,1
42,159,2
42,161,2
42,162,3
42,163,2
42,165,17
42,166,2
42,167,1
42,168,2
42,169,2
42,171,3
42,172,37
42,173,2
42,175,1
43,1,1
43,2,17
43,4,6
43,5,38
43,6,5
43,7,7
43,9,1
43,10,14
43,11,2
43,14,9
43,16,17
43,17,19
43,18,24
43,19,1
43,20,4
43,21,1
43,22,12
43,23,4
43,24,5
43,25,3
43,27,10
43,28,2
43,29,2
43,32,2
43,39,14
43,40,3
43,41,1
43,42,3
43,45,2
43,46,7
43,47,2
43,48,4
43,49,3
43,54,12
43,57,10
43,58,11
43,62,5
43,65,4
43,69,8
43,70,1
43,71,8
43,73,20
43,74,2
43,78,2
43,79,4
43,81,5
43,83,9
43,84,46
43,85,1
43,86,3
43,87,4
43,88,1
43,89,14
43,94,4
43,96,11
43,97,9
43,98,1
43,99,4
43,100,35
43,101,6
43,102,3
43,103,1
43,104,14
43,105,4
43,106,6
43,107,1
43,108,2
43,109,2
43,110,1
43,112,11
43,113,5
43,115,3
43,116,7
43,119,1
43,121,6
43,122,1
43,123,6
43,125,25
43,127,2
43,128,1
43,130,3
43,131,3
43,132,1
43,134,4
43,135,9
43,136,15
43,137,49
43,138,1
43,141,99
43,142,41
43,143,4
43,144,1
43,145,6
43,146,2
43,148,1
43,149,1
43,150,5
43,153,1
43,154,9
43,155,1
43,157,1
43,158,1
43,159,2
43,161,2
43,163,3
43,165,8
43,168,11
43,169,5
43,170,1
43,172,23
43,174,1
44,1,4
44,2,16
44,4,1
44,5,19
44,6,3
44,7,1
44,10,4
44,11,2
44,12,2
44,14,7
44,16,20
44,17,21
44,18,30
44,20,11
44,22,8
44,27,3
44,28,4
44,30,2
44,32,2
44,35,3
44,38,1
44,39,3
44,42,7
44,43,2
44,46,5
44,47,2
44,49,3
44,51,3
44,54,7
44,56,3
44,57,12
44,58,4
44,60,1
44,62,11
44,63,2
44,64,2
44,69,3
44,70,19
44,71,13
44,73,5
44,74,18
44,76,18
44,77,8
44,78,25
44,79,33
44,80,2
44,81,2
44,82,4
44,83,10
44,84,119
44,85,1
44,87,1
44,88,11
44,89,2
44,93,1
44,94,6
44,96,2
44,97,3
44,99,2
44,100,34
44,101,7
44,102,3
44,103,2
44,104,9
44,105,1
44,107,1
44,108,3
44,109,2
44,112,7
44,115,2
44,116,4
44,120,1
44,123,2
44,124,1
44,125,7
44,126,4
44,128,2
44,129,3
44,130,5
44,131,13
44,133,1
44,134,4
44,135,4
44,136,12
44,137,50
44,139,6
44,140,4
44,141,168
44,142,47
44,143,10
44,145,4
44,146,4
44,148,1
44,149,3
44,150,6
44,151,1
44,153,1
44,154,7
44,155,1
44,156,6
44,157,2
44,158,3
44,159,2
44,160,1
44,161,1
44,162,1
44,163,4
44,164,2
44,165,6
44,169,1
44,172,20
45,1,12
45,2,8
45,3,4
45,4,5
45,5,13
45,6,8
45,7,5
45,10,16
45,11,1
45,14,9
45,15,2
45,16,27
45,17,31
45,18,24
45,19,1
45,22,8
45,23,2
45,24,2
45,27,10
45,29,2
45,30,2
45,31,2
45,32,2
45,34,1
45,35,1
45,36,3
45,37,6
45,38,1
45,39,11
45,40,1
45,42,3
45,43,9
45,44,2
45,46,15
45,47,7
45,49,6
45,51,8
45,54,13
45,56,2
45,57,13
45,58,14
45,62,12
45,64,3
45,69,10
45,70,25
45,71,10
45,73,16
45,74,7
45,76,1
45,78,10
45,79,3
45,81,7
45,82,1
45,83,14
45,84,43
45,86,2
45,87,9
45,88,24
45,89,8
45,90,7
45,92,1
45,93,5
45,94,8
45,96,11
45,97,7
45,99,2
45,100,23
45,101,1
45,103,1
45,104,12
45,105,2
45,106,2
45,107,2
45,112,6
45,113,3
45,114,1
45,115,4
45,116,9
45,121,1
45,122,1
45,123,4
45,124,1
45,125,4
45,127,1
45,128,3
45,131,12
45,132,2
45,133,3
45,134,8
45,135,9
45,136,9
45,137,53
45,138,3
45,139,4
45,140,2
45,141,105
45,142,27
45,143,10
45,145,13
45,146,3
45,147,1
45,149,3
45,150,16
45,151,3
45,154,5
45,156,1
45,157,3
45,158,2
45,161,2
45,162,7
45,163,8
45,164,1
45,165,25
45,169,1
45,172,4
45,173,1
45,175,4
46,1,5
46,2,5
46,4,6
46,5,45
46,6,4
46,7,10
46,9,1
46,14,5
46,16,29
46,17,18
46,18,42
46,19,1
46,20,1
46,22,12
46,23,3
46,24,3
46,26,2
46,27,5
46,29,2
46,30,2
46,36,1
46,38,1
46,39,20
46,42,6
46,43,1
46,44,2
46,45,1
46,47,3
46,48,5
46,51,1
46,54,11
46,56,4
46,57,11
46,58,9
46,59,1
46,62,2
46,64,2
46,66,1
46,69,16
46,70,11
46,71,12
46,72,2
46,73,21
46,74,4
46,75,2
46,76,2
46,77,2
46,78,4
46,79,19
46,81,6
46,83,6
46,84,112
46,85,4
46,87,3
46,88,11
46,89,1
46,93,5
46,94,16
46,95,1
46,96,6
46,97,5
46,98,3
46,99,4
46,100,62
46,101,1
46,102,10
46,104,20
46,105,1
46,106,4
46,107,1
46,108,4
46,110,6
46,112,9
46,113,6
46,115,3
46,116,9
46,120,1
46,123,3
46,124,4
46,125,33
46,126,5
46,127,6
46,128,9
46,129,1
46,130,15
46,131,7
46,133,2
46,134,2
46,135,21
46,136,25
46,137,38
46,138,7
46,139,2
46,140,2
46,141,189
46,142,51
46,143,18
46,145,7
46,147,1
46,148,2
46,149,1
46,150,3
46,151,1
46,153,1
46,154,7
46,157,3
46,160,2
46,163,2
46,165,3
46,168,5
46,170,1
46,172,18
46,175,3
47,1,2
47,2,2
47,4,5
47,5,37
47,6,1
47,7,1
47,8,1
47,10,2
47,11,2
47,14,11
47,16,20
47,17,21
47,18,29
47,19,2
47,20,4
47,22,9
47,23,7
47,25,2
47,27,2
47,28,3
47,30,1
47,33,1
47,35,1
47,39,19
47,40,1
47,43,15
47,45,7
47,46,10
47,48,8
47,51,1
47,54,8
47,55,1
47,56,7
47,57,11
47,58,6
47,60,2
47,62,9
47,63,2
47,64,1
47,66,1
47,68,1
47,69,22
47,70,12
47,71,12
47,72,4
47,73,14
47,74,6
47,75,2
47,76,4
47,77,3
47,78,19
47,79,11
47,81,5
47,82,2
47,83,2
47,84,140
47,86,7
47,87,3
47,88,6
47,89,8
47,93,1
47,94,4
47,95,1
47,96,3
47,97,2
47,98,3
47,99,5
47,100,54
47,101,3
47,102,9
47,103,2
47,104,16
47,105,4
47,106,6
47,107,1
47,109,1
47,110,1
47,111,1
47,112,4
47,115,1
47,116,17
47,118,1
47,121,1
47,122,2
47,123,2
47,124,1
47,125,31
47,126,1
47,127,1
47,128,8
47,129,1
47,130,9
47,131,19
47,133,1
47,134,9
47,135,14
47,136,35
47,137,63
47,138,3
47,139,10
47,140,4
47,141,177
47,142,45
47,143,17
47,145,11
47,149,2
47,150,9
47,154,8
47,156,1
47,157,1
47,161,1
47,162,1
47,165,3
47,168,5
47,169,1
47,172,12
47,173,1
47,175,1
48,1,1
48,2,2
48,4,5
48,5,46
48,7,2
48,10,4
48,12,1
48,14,8
48,16,16
48,17,23
48,18,28
48,20,2
48,22,12
48,23,5
48,24,1
48,25,1
48,27,5
48,29,2
48,30,1
48,32,1
48,35,2
48,39,11
48,42,3
48,43,3
48,45,4
48,46,15
48,47,12
48,49,3
48,54,5
48,56,4
48,57,10
48,58,4
48,59,1
48,62,2
48,64,1
48,65,2
48,69,13
48,70,10
48,71,9
48,72,1
48,73,20
48,74,2
48,75,1
48,76,1
48,77,5
48,78,5
48,79,6
48,81,5
48,82,2
48,83,2
48,84,138
48,85,1
48,86,3
48,87,3
48,88,7
48,89,4
48,90,2
48,92,2
48,94,2
48,96,2
48,97,4
48,98,3
48,99,3
48,100,66
48,101,1
48,102,4
48,103,1
48,104,14
48,105,1
48,106,1
48,107,3
48,108,1
48,109,1
48,110,5
48,112,9
48,113,1
48,116,18
48,120,3
48,122,2
48,123,2
48,124,1
48,125,46
48,126,1
48,127,1
48,128,4
48,129,1
48,130,6
48,131,9
48,132,1
48,133,1
48,134,3
48,135,15
48,136,25
48,137,48
48,139,2
48,141,145
48,142,47
48,143,8
48,145,3
48,147,1
48,149,2
48,150,1
48,154,3
48,156,1
48,157,2
48,160,2
48,163,1
48,164,2
48,165,4
48,166,2
48,172,24
48,174,1
48,175,1
49,1,8
49,2,6
49,3,4
49,4,2
49,5,16
49,6,2
49,7,4
49,9,1
49,10,2
49,11,2
49,12,3
49,14,30
49,16,16
49,17,18
49,18,48
49,19,2
49,20,20
49,21,1
49,22,15
49,23,6
49,25,1
49,27,1
49,32,1
49,35,1
49,38,1
49,39,11
49,42,1
49,43,2
49,44,5
49,45,8
49,46,7
49,47,1
49,48,2
49,51,5
49,54,11
49,55,1
49,56,2
49,57,7
49,58,20
49,60,2
49,61,1
49,62,19
49,64,2
49,65,1
49,66,1
49,67,1
49,69,1
49,70,19
49,71,8
49,72,1
49,73,4
49,74,17
49,75,1
49,76,2
49,77,16
49,78,13
49,79,25
49,80,3
49,81,7
49,83,15
49,84,85
49,85,3
49,86,6
49,87,5
49,88,4
49,89,2
49,92,1
49,93,1
49,94,5
49,96,10
49,97,3
49,99,1
49,100,15
49,101,3
49,102,3
49,103,2
49,104,11
49,105,2
49,108,1
49,109,2
49,112,7
49,113,1
49,116,7
49,117,1
49,119,1
49,122,2
49,124,3
49,125,4
49,126,1
49,127,1
49,129,3
49,130,4
49,131,5
49,132,2
49,134,7
49,135,5
49,136,19
49,137,51
49,139,8
49,141,156
49,142,19
49,143,11
49,144,1
49,145,18
49,146,13
49,147,2
49,149,1
49,150,10
49,153,1
49,154,3
49,156,8
49,157,7
49,160,4
49,161,1
49,165,11
49,166,2
49,167,2
49,170,1
49,172,13
50,1,2
50,2,2
50,5,7
50,7,3
50,8,1
50,10,5
50,11,4
50,14,7
50,16,15
50,17,3
50,18,2
50,20,2
50,22,12
50,23,1
50,24,2
50,25,1
50,27,3
50,31,3
50,34,2
50,39,5
50,40,5
50,41,2
50,42,3
50,43,4
50,45,2
50,46,9
50,48,1
50,51,1
50,54,17
50,56,1
50,58,5
50,62,7
50,65,1
50,69,6
50,70,9
50,71,6
50,73,5
50,74,1
50,76,3
50,77,5
50,80,1
50,81,4
50,83,4
50,84,20
50,86,1
50,87,5
50,88,2
50,89,12
50,90,2
50,92,1
50,94,6
50,96,2
50,97,3
50,99,2
50,100,11
50,101,1
50,102,1
50,104,10
50,107,6
50,108,2
50,112,3
50,113,1
50,116,4
50,123,1
50,124,5
50,125,11
50,128,2
50,130,3
50,135,7
50,136,11
50,137,36
50,140,2
50,141,71
50,142,8
50,143,4
50,144,1
50,145,7
50,146,1
50,150,2
50,151,1
50,154,17
50,156,1
50,157,1
50,158,5
50,159,1
50,161,1
50,162,1
50,163,6
50,165,20
50,168,4
50,169,1
50,171,2
50,172,6
50,173,2
50,175,3
51,1,2
51,2,8
51,3,3
51,4,3
51,5,16
51,6,5
51,10,7
51,11,1
51,12,4
51,14,14
51,15,1
51,16,13
51,17,27
51,18,23
51,19,1
51,20,13
51,22,22
51,23,2
51,24,2
51,26,1
51,27,3
51,29,1
51,30,1
51,31,1
51,34,1
51,35,1
51,37,1
51,38,1
51,39,17
51,42,2
51,43,3
51,44,3
51,45,4
51,46,4
51,47,1
51,48,2
51,49,4
51,54,7
51,56,5
51,57,15
51,58,15
51,60,3
51,62,25
51,64,1
51,65,2
51,66,1
51,69,3
51,70,4
51,71,10
51,72,1
51,73,2
51,74,12
51,75,5
51,76,1
51,77,10
51,78,21
51,79,22
51,81,16
51,82,2
51,83,9
51,84,91
51,85,3
51,86,4
51,87,1
51,88,5
51,89,4
51,91,1
51,92,1
51,93,1
51,94,9
51,96,9
51,97,3
51,98,1
51,99,3
51,100,24
51,101,9
51,102,7
51,103,1
51,104,17
51,105,2
51,107,2
51,112,7
51,113,4
51,114,1
51,115,1
51,116,3
51,117,1
51,118,1
51,121,1
51,123,3
51,124,1
51,125,6
51,126,2
51,127,1
51,128,2
51,130,2
51,131,16
51,132,11
51,133,1
51,134,1
51,135,2
51,136,25
51,137,43
51,138,2
51,139,4
51,141,196
51,142,33
51,143,3
51,144,2
51,145,13
51,146,1
51,147,1
51,148,3
51,149,1
51,150,6
51,151,3
51,154,1
51,156,5
51,157,2
51,159,5
51,160,1
51,161,5
51,162,1
51,163,1
51,164,2
51,165,9
51,168,3
51,169,1
51,172,6
51,175,1
52,2,48
52,4,1
52,5,8
52,10,2
52,11,1
52,12,1
52,14,16
52,15,1
52,16,7
52,17,9
52,18,19
52,19,1
52,22,44
52,23,2
52,24,4
52,27,3
52,28,4
52,29,2
52,30,4
52,31,2
52,36,2
52,39,7
52,43,2
52,45,1
52,46,3
52,51,7
52,54,64
52,55,3
52,56,7
52,57,38
52,58,26
52,59,1
52,60,22
52,62,16
52,63,4
52,67,1
52,70,5
52,71,5
52,72,2
52,73,6
52,74,1
52,76,2
52,77,3
52,79,2
52,80,2
52,81,16
52,83,8
52,84,14
52,86,7
52,87,3
52,88,4
52,89,1
52,90,1
52,93,2
52,94,2
52,96,7
52,100,6
52,101,1
52,102,3
52,104,5
52,105,1
52,107,1
52,109,3
52,110,5
52,111,1
52,112,1
52,116,4
52,117,1
52,118,5
52,119,2
52,125,1
52,130,4
52,131,12
52,133,2
52,135,1
52,136,4
52,137,35
52,139,2
52,141,47
52,142,10
52,143,8
52,144,4
52,145,69
52,146,3
52,148,3
52,149,3
52,150,53
52,153,2
52,154,1
52,155,1
52,157,1
52,158,1
52,163,2
52,165,16
52,168,2
52,169,3
52,171,1
52,172,8
52,173,4
52,175,4
53,1,1
53,2,85
53,3,1
53,5,12
53,6,6
53,10,4
53,11,2
53,13,1
53,14,15
53,16,4
53,17,18
53,18,7
53,19,1
53,20,3
53,22,36
53,23,1
53,24,1
53,25,5
53,27,7
53,29,3
53,30,4
53,35,1
53,36,1
53,39,5
53,43,4
53,46,9
53,49,4
53,51,3
53,54,55
53,55,4
53,56,16
53,57,22
53,58,22
53,59,4
53,60,23
53,62,19
53,63,2
53,64,1
53,66,2
53,70,11
53,71,2
53,74,7
53,78,8
53,79,1
53,81,17
53,83,1
53,84,21
53,85,2
53,86,3
53,87,7
53,88,4
53,89,10
53,92,3
53,93,1
53,94,5
53,96,12
53,97,2
53,98,1
53,99,1
53,100,8
53,101,2
53,102,3
53,104,14
53,105,2
53,106,1
53,107,2
53,108,5
53,112,4
53,113,2
53,114,5
53,116,2
53,119,1
53,121,3
53,122,2
53,123,1
53,124,2
53,125,1
53,126,1
53,130,1
53,131,13
53,132,8
53,134,4
53,135,2
53,136,3
53,137,49
53,138,1
53,139,3
53,140,1
53,141,65
53,142,8
53,143,3
53,144,1
53,145,61
53,146,3
53,147,2
53,148,2
53,149,15
53,150,83
53,151,6
53,152,3
53,156,1
53,157,2
53,159,1
53,162,3
53,163,2
53,165,4
53,168,1
53,169,3
53,170,1
53,172,8
53,173,3
53,175,1
54,2,2
54,4,2
54,10,1
54,14,1
54,16,2
54,17,1
54,18,1
54,22,3
54,23,3
54,24,1
54,25,1
54,27,1
54,32,1
54,39,1
54,41,1
54,42,2
54,46,1
54,50,1
54,58,1
54,62,1
54,69,1
54,73,1
54,87,1
54,92,1
54,103,1
54,110,1
54,122,2
54,126,1
54,130,1
54,141,1
54,146,1
54,151,1
54,154,1
54,162,1
54,168,1
55,1,5
55,2,81
55,5,10
55,6,2
55,10,5
55,11,6
55,14,15
55,16,5
55,17,14
55,18,16
55,22,45
55,23,4
55,24,4
55,25,4
55,27,4
55,29,2
55,30,5
55,32,1
55,35,3
55,36,3
55,39,7
55,40,1
55,42,2
55,43,3
55,45,2
55,46,10
55,47,1
55,49,6
55,51,2
55,52,1
55,53,1
55,54,86
55,56,16
55,57,36
55,58,33
55,59,3
55,60,26
55,61,1
55,62,19
55,63,3
55,64,1
55,66,2
55,70,8
55,71,3
55,73,1
55,74,6
55,76,1
55,78,2
55,80,1
55,81,10
55,83,6
55,84,22
55,86,1
55,88,14
55,89,5
55,93,2
55,94,4
55,95,1
55,97,2
55,98,1
55,99,1
55,100,2
55,102,6
55,104,5
55,107,3
55,108,3
55,110,2
55,111,1
55,112,6
55,113,3
55,114,3
55,116,9
55,118,1
55,119,1
55,122,2
55,125,5
55,128,1
55,130,5
55,131,4
55,133,3
55,134,4
55,136,4
55,137,52
55,139,4
55,141,58
55,142,6
55,143,4
55,145,55
55,148,7
55,149,15
55,150,88
55,151,4
55,153,7
55,154,3
55,156,2
55,157,1
55,161,6
55,162,1
55,163,7
55,165,9
55,167,3
55,168,7
55,169,3
55,170,1
55,171,1
55,172,17
55,174,2
55,175,2
56,1,10
56,2,362
56,3,3
56,4,7
56,5,55
56,6,5
56,7,1
56,10,5
56,11,12
56,12,2
56,13,2
56,14,53
56,16,24
56,17,52
56,18,31
56,20,8
56,22,130
56,23,8
56,24,10
56,25,12
56,27,10
56,28,6
56,29,5
56,30,6
56,31,1
56,32,1
56,34,4
56,35,2
56,36,1
56,37,3
56,39,29
56,40,2
56,42,5
56,43,2
56,44,2
56,45,1
56,46,31
56,47,5
56,48,1
56,49,11
56,51,11
56,52,2
56,53,3
56,54,105
56,55,6
56,57,69
56,58,60
56,59,2
56,60,26
56,62,20
56,63,18
56,64,2
56,66,9
56,67,2
56,69,3
56,70,29
56,71,18
56,72,4
56,73,15
56,74,5
56,75,1
56,76,2
56,77,1
56,78,5
56,79,5
56,81,32
56,82,2
56,83,18
56,84,82
56,85,3
56,86,6
56,87,13
56,88,8
56,89,13
56,90,1
56,92,3
56,93,8
56,94,7
56,96,10
56,97,10
56,98,2
56,99,17
56,100,60
56,101,4
56,102,11
56,103,1
56,104,44
56,105,2
56,106,4
56,107,10
56,109,3
56,110,3
56,111,2
56,112,21
56,113,4
56,115,2
56,116,17
56,117,2
56,118,5
56,120,1
56,121,2
56,122,3
56,123,1
56,124,1
56,125,16
56,126,3
56,127,1
56,128,1
56,129,1
56,130,14
56,131,21
56,132,3
56,133,1
56,134,7
56,135,5
56,136,23
56,137,126
56,139,1
56,140,4
56,141,229
56,142,63
56,143,16
56,145,121
56,146,3
56,147,1
56,148,11
56,149,19
56,150,178
56,151,4
56,153,8
56,154,8
56,156,4
56,157,12
56,160,2
56,161,8
56,162,4
56,163,3
56,165,25
56,167,1
56,168,12
56,169,2
56,171,11
56,172,37
56,173,9
56,175,11
57,1,8
57,2,36
57,4,1
57,5,23
57,6,3
57,7,1
57,10,6
57,11,8
57,14,12
57,16,11
57,17,12
57,18,42
57,20,2
57,22,17
57,23,3
57,27,5
57,28,2
57,29,2
57,30,2
57,31,3
57,35,1
57,37,1
57,38,1
57,39,3
57,42,2
57,43,1
57,44,2
57,45,2
57,46,18
57,47,1
57,49,1
57,51,1
57,54,34
57,56,3
57,58,37
57,60,7
57,62,33
57,63,4
57,64,6
57,66,2
57,69,1
57,70,8
57,71,10
57,73,13
57,74,2
57,76,1
57,77,3
57,78,12
57,79,9
57,80,3
57,81,26
57,83,4
57,84,64
57,85,8
57,86,12
57,87,6
57,88,10
57,89,3
57,92,1
57,96,6
57,97,2
57,98,5
57,99,7
57,100,18
57,101,14
57,102,6
57,103,5
57,104,8
57,105,1
57,106,4
57,107,5
57,111,3
57,112,12
57,113,7
57,114,4
57,115,1
57,116,6
57,118,8
57,121,1
57,122,2
57,124,2
57,125,7
57,127,2
57,130,4
57,131,10
57,133,4
57,134,1
57,135,3
57,136,8
57,137,59
57,139,1
57,140,3
57,141,133
57,142,30
57,143,5
57,145,36
57,146,1
57,147,2
57,149,3
57,150,29
57,153,2
57,154,2
57,156,2
57,157,5
57,161,2
57,164,1
57,165,11
57,168,2
57,169,5
57,171,1
57,172,9
57,173,1
57,175,5
58,1,10
58,2,91
58,4,9
58,5,86
58,6,5
58,7,5
58,9,1
58,10,5
58,11,12
58,12,2
58,14,31
58,16,27
58,17,65
58,18,54
58,20,21
58,22,88
58,23,8
58,24,13
58,25,5
58,27,10
58,28,8
58,29,3
58,30,6
58,31,1
58,35,4
58,38,1
58,39,23
58,42,4
58,43,2
58,45,9
58,46,21
58,47,9
58,48,2
58,49,2
58,50,1
58,51,2
58,54,53
58,55,1
58,56,10
58,57,62
58,60,8
58,62,14
58,63,8
58,64,9
58,65,4
58,66,2
58,67,1
58,69,10
58,70,21
58,71,23
58,72,6
58,73,16
58,74,3
58,75,1
58,77,2
58,78,18
58,79,28
58,80,3
58,81,32
58,82,1
58,83,6
58,84,279
58,85,8
58,86,14
58,87,3
58,88,8
58,89,2
58,90,1
58,92,2
58,94,4
58,95,2
58,96,9
58,97,5
58,98,8
58,99,14
58,100,101
58,101,23
58,102,7
58,103,12
58,104,64
58,105,8
58,106,5
58,107,5
58,108,2
58,109,2
58,110,12
58,112,48
58,113,9
58,114,4
58,115,2
58,116,13
58,117,2
58,118,20
58,120,1
58,122,1
58,123,5
58,124,5
58,125,40
58,126,5
58,128,8
58,130,22
58,131,50
58,132,6
58,134,6
58,135,6
58,136,46
58,137,148
58,138,5
58,139,15
58,140,1
58,141,411
58,142,106
58,143,39
58,144,2
58,145,33
58,146,1
58,147,4
58,148,3
58,149,18
58,150,23
58,151,12
58,152,5
58,153,2
58,154,2
58,156,1
58,157,6
58,159,9
58,163,1
58,164,1
58,165,13
58,167,7
58,168,2
58,170,2
58,171,2
58,172,40
58,173,5
59,1,4
59,2,78
59,4,2
59,5,5
59,6,5
59,10,3
59,11,1
59,13,1
59,14,14
59,16,9
59,17,20
59,18,22
59,20,1
59,22,76
59,23,2
59,25,1
59,28,2
59,29,1
59,35,2
59,39,7
59,43,1
59,44,2
59,46,6
59,49,1
59,51,2
59,54,128
59,55,4
59,56,11
59,57,30
59,58,21
59,60,40
59,61,2
59,62,15
59,63,3
59,64,3
59,67,3
59,69,3
59,70,3
59,71,5
59,73,15
59,77,2
59,78,2
59,79,4
59,81,20
59,82,1
59,83,10
59,84,17
59,85,1
59,86,8
59,87,9
59,88,14
59,89,5
59,90,4
59,93,2
59,94,5
59,95,2
59,96,7
59,97,1
59,99,3
59,100,14
59,101,8
59,102,4
59,103,2
59,104,8
59,107,2
59,108,2
59,109,4
59,110,1
59,112,5
59,113,6
59,114,1
59,116,10
59,117,1
59,118,3
59,120,1
59,121,1
59,122,1
59,125,4
59,131,5
59,135,2
59,136,6
59,137,73
59,138,3
59,139,3
59,141,72
59,142,21
59,143,5
59,145,58
59,149,13
59,150,60
59,151,3
59,152,3
59,153,1
59,154,3
59,156,3
59,157,3
59,159,4
59,160,1
59,161,2
59,162,3
59,163,5
59,165,6
59,168,3
59,169,2
59,171,2
59,172,8
59,173,4
59,175,6
60,1,3
60,2,160
60,4,2
60,5,24
60,6,1
60,7,5
60,10,13
60,11,2
60,13,1
60,14,22
60,15,1
60,16,14
60,17,19
60,18,13
60,20,4
60,21,2
60,22,89
60,23,6
60,24,6
60,25,4
60,26,1
60,27,8
60,28,4
60,29,1
60,30,4
60,31,1
60,32,3
60,34,4
60,35,2
60,36,1
60,37,1
60,38,1
60,39,11
60,42,3
60,43,6
60,44,3
60,45,4
60,46,14
60,48,1
60,49,3
60,51,1
60,54,117
60,55,4
60,56,11
60,57,32
60,58,50
60,59,2
60,61,1
60,62,26
60,63,8
60,64,1
60,67,4
60,70,15
60,71,10
60,73,16
60,77,2
60,78,5
60,79,8
60,80,5
60,81,33
60,82,1
60,83,9
60,84,32
60,85,3
60,86,9
60,87,6
60,88,18
60,89,8
60,90,1
60,92,6
60,93,2
60,94,12
60,95,1
60,96,15
60,97,5
60,99,2
60,100,25
60,101,2
60,102,6
60,104,24
60,107,5
60,109,2
60,111,1
60,112,6
60,113,8
60,114,1
60,116,10
60,118,1
60,121,1
60,122,1
60,123,4
60,125,6
60,126,3
60,127,4
60,128,3
60,129,2
60,130,2
60,131,16
60,132,4
60,133,4
60,135,1
60,136,10
60,137,93
60,138,2
60,139,1
60,140,1
60,141,128
60,142,11
60,143,5
60,145,78
60,146,1
60,147,1
60,148,3
60,149,20
60,150,108
60,151,1
60,152,3
60,153,10
60,154,3
60,156,1
60,157,6
60,158,3
60,159,1
60,161,2
60,162,3
60,165,25
60,168,4
60,169,9
60,171,2
60,172,18
60,173,2
60,175,10
61,1,3
61,2,91
61,4,2
61,5,7
61,6,15
61,7,3
61,8,1
61,10,9
61,12,2
61,13,1
61,14,16
61,16,20
61,17,15
61,18,15
61,22,83
61,23,4
61,24,2
61,25,6
61,27,9
61,28,2
61,29,6
61,30,1
61,31,2
61,32,1
61,35,1
61,36,3
61,38,1
61,39,18
61,44,1
61,45,2
61,46,18
61,47,1
61,49,4
61,51,9
61,52,1
61,54,69
61,55,11
61,56,10
61,57,38
61,58,33
61,59,4
61,60,24
61,62,20
61,63,11
61,64,2
61,67,1
61,69,4
61,70,15
61,71,4
61,72,1
61,73,9
61,74,2
61,78,5
61,79,7
61,80,4
61,81,39
61,82,1
61,83,15
61,84,33
61,85,1
61,86,3
61,87,3
61,88,9
61,89,6
61,92,5
61,93,5
61,94,3
61,96,7
61,97,2
61,98,1
61,99,2
61,100,15
61,101,2
61,102,10
61,103,1
61,104,18
61,105,2
61,106,1
61,107,4
61,110,2
61,111,1
61,112,6
61,113,2
61,115,1
61,116,2
61,118,2
61,119,1
61,120,1
61,123,2
61,124,2
61,125,1
61,126,1
61,127,1
61,130,3
61,131,5
61,133,3
61,134,2
61,136,10
61,137,81
61,138,2
61,140,1
61,141,128
61,142,12
61,143,6
61,145,86
61,146,2
61,147,2
61,148,4
61,149,23
61,150,75
61,153,3
61,154,5
61,156,3
61,157,5
61,159,1
61,160,1
61,161,3
61,162,6
61,163,2
61,165,10
61,166,1
61,167,1
61,168,2
61,169,7
61,171,4
61,172,9
61,173,1
61,175,4
62,1,8
62,2,11
62,4,3
62,5,9
62,6,3
62,7,5
62,10,2
62,11,1
62,14,22
62,15,3
62,16,13
62,17,17
62,18,61
62,20,8
62,22,22
62,23,1
62,24,3
62,25,1
62,27,8
62,28,1
62,30,2
62,31,1
62,38,1
62,39,8
62,42,1
62,43,2
62,45,2
62,46,7
62,49,1
62,51,8
62,54,31
62,55,1
62,56,1
62,57,8
62,58,7
62,60,6
62,63,2
62,64,1
62,69,2
62,70,11
62,71,14
62,73,5
62,74,18
62,77,8
62,78,8
62,79,12
62,80,4
62,81,14
62,83,2
62,84,32
62,85,8
62,86,9
62,87,4
62,88,6
62,89,5
62,90,2
62,93,1
62,94,3
62,96,4
62,98,2
62,99,8
62,100,14
62,101,1
62,103,1
62,104,11
62,105,2
62,106,2
62,107,3
62,112,3
62,113,1
62,114,8
62,116,1
62,122,8
62,125,7
62,126,1
62,128,4
62,130,2
62,131,19
62,133,4
62,134,4
62,135,1
62,136,10
62,137,21
62,139,2
62,140,1
62,141,63
62,142,21
62,143,11
62,144,1
62,145,37
62,148,2
62,149,1
62,150,8
62,151,3
62,154,5
62,156,2
62,157,2
62,158,1
62,162,2
62,165,8
62,169,2
62,170,2
62,171,1
62,172,11
62,174,1
62,175,2
63,1,14
63,2,390
63,4,4
63,5,56
63,6,11
63,7,4
63,8,1
63,9,6
63,10,18
63,11,6
63,12,3
63,14,29
63,16,33
63,17,55
63,18,27
63,20,3
63,22,148
63,23,5
63,24,8
63,25,16
63,26,1
63,27,15
63,29,5
63,30,33
63,31,4
63,35,1
63,36,4
63,38,2
63,39,11
63,40,1
63,42,4
63,43,1
63,45,8
63,46,28
63,47,1
63,48,1
63,49,4
63,50,2
63,51,4
63,54,116
63,55,6
63,56,28
63,57,49
63,58,70
63,60,18
63,61,1
63,62,31
63,64,1
63,66,10
63,67,9
63,68,3
63,69,6
63,70,24
63,71,5
63,72,4
63,73,20
63,74,6
63,75,4
63,77,4
63,78,6
63,79,1
63,80,2
63,81,52
63,82,1
63,83,20
63,84,75
63,85,2
63,86,8
63,87,10
63,88,21
63,89,12
63,92,1
63,93,5
63,94,6
63,95,3
63,96,8
63,97,12
63,99,6
63,100,47
63,101,18
63,102,15
63,103,1
63,104,58
63,105,3
63,106,1
63,107,3
63,108,2
63,109,3
63,110,4
63,111,1
63,112,38
63,113,5
63,114,1
63,116,13
63,117,1
63,118,5
63,119,1
63,122,5
63,125,35
63,126,4
63,127,1
63,128,2
63,129,3
63,130,10
63,131,20
63,132,4
63,133,2
63,134,1
63,135,11
63,136,21
63,137,132
63,138,1
63,139,3
63,140,2
63,141,378
63,142,66
63,143,14
63,144,1
63,145,98
63,146,1
63,147,1
63,148,4
63,149,13
63,150,181
63,151,5
63,153,6
63,154,12
63,156,3
63,157,3
63,158,1
63,159,2
63,161,3
63,162,2
63,163,9
63,164,1
63,165,20
63,166,1
63,168,8
63,169,8
63,171,6
63,172,45
63,173,3
63,174,1
63,175,19
64,1,8
64,2,18
64,3,1
64,4,7
64,5,20
64,6,2
64,7,2
64,9,1
64,10,3
64,11,5
64,12,2
64,14,10
64,16,23
64,17,34
64,18,39
64,19,2
64,20,8
64,22,28
64,23,5
64,24,1
64,25,2
64,28,4
64,29,1
64,30,2
64,31,1
64,33,1
64,35,1
64,38,2
64,39,10
64,42,1
64,45,4
64,46,16
64,49,1
64,50,1
64,51,2
64,54,9
64,57,30
64,58,9
64,59,4
64,60,5
64,62,8
64,63,1
64,66,2
64,69,4
64,70,8
64,71,15
64,73,15
64,74,5
64,75,1
64,76,1
64,78,9
64,79,22
64,80,2
64,81,14
64,83,9
64,84,85
64,85,8
64,86,12
64,87,6
64,88,5
64,89,1
64,92,5
64,93,4
64,94,3
64,96,8
64,97,2
64,98,4
64,99,10
64,100,20
64,101,11
64,102,5
64,103,1
64,104,24
64,105,2
64,106,5
64,107,5
64,109,1
64,110,1
64,112,12
64,113,7
64,115,2
64,116,5
64,118,2
64,122,1
64,124,5
64,125,8
64,126,7
64,128,3
64,129,1
64,130,8
64,131,14
64,133,3
64,134,8
64,135,4
64,136,19
64,137,58
64,138,3
64,139,5
64,140,3
64,141,146
64,142,50
64,143,7
64,145,27
64,146,3
64,147,1
64,148,3
64,149,5
64,150,11
64,151,3
64,153,8
64,154,1
64,157,3
64,159,2
64,161,2
64,162,5
64,163,2
64,164,1
64,165,4
64,167,2
64,168,1
64,171,2
64,172,23
64,173,1
64,174,1
64,175,3
65,1,4
65,2,36
65,4,6
65,5,31
65,6,4
65,7,1
65,10,1
65,11,3
65,14,13
65,16,19
65,17,59
65,18,30
65,20,9
65,22,22
65,23,2
65,24,5
65,25,1
65,26,4
65,27,1
65,29,3
65,30,5
65,33,1
65,35,2
65,37,1
65,39,13
65,42,1
65,46,16
65,48,1
65,49,2
65,51,1
65,54,15
65,56,4
65,57,16
65,58,15
65,62,14
65,63,4
65,64,15
65,66,3
65,69,3
65,70,20
65,71,16
65,72,2
65,73,9
65,74,1
65,75,1
65,77,1
65,78,12
65,79,7
65,80,1
65,81,12
65,82,9
65,83,9
65,84,104
65,85,11
65,86,6
65,87,3
65,88,7
65,89,5
65,90,1
65,92,3
65,94,3
65,97,9
65,98,1
65,99,7
65,100,31
65,101,10
65,102,6
65,103,13
65,104,33
65,105,3
65,106,5
65,107,6
65,108,6
65,109,1
65,110,5
65,112,22
65,113,13
65,114,4
65,115,2
65,116,4
65,117,3
65,118,13
65,120,2
65,121,1
65,122,2
65,124,2
65,125,31
65,126,3
65,127,1
65,128,3
65,129,1
65,130,18
65,131,35
65,133,1
65,134,5
65,135,4
65,136,40
65,137,106
65,138,3
65,139,2
65,140,1
65,141,221
65,142,60
65,143,6
65,145,21
65,147,1
65,149,4
65,150,13
65,151,8
65,152,3
65,153,3
65,154,5
65,156,3
65,157,1
65,159,1
65,160,1
65,161,5
65,163,1
65,164,5
65,165,6
65,168,3
65,169,3
65,170,2
65,172,28
65,173,1
65,174,2
65,175,4
66,1,1
66,2,34
66,3,1
66,4,8
66,5,14
66,6,5
66,7,5
66,10,1
66,11,2
66,13,2
66,14,18
66,16,18
66,17,13
66,18,50
66,19,2
66,20,6
66,22,44
66,23,7
66,25,9
66,27,4
66,28,1
66,29,4
66,30,7
66,35,5
66,36,1
66,38,1
66,39,10
66,42,1
66,43,3
66,44,1
66,45,4
66,46,16
66,47,7
66,48,3
66,49,2
66,51,3
66,54,22
66,55,1
66,56,1
66,57,27
66,58,28
66,59,1
66,60,2
66,62,19
66,63,1
66,64,6
66,65,2
66,67,1
66,69,2
66,70,13
66,71,5
66,73,21
66,76,1
66,77,2
66,78,7
66,79,16
66,80,4
66,81,25
66,83,1
66,84,74
66,85,14
66,86,7
66,87,4
66,88,4
66,89,1
66,92,1
66,93,2
66,94,3
66,96,2
66,97,6
66,98,4
66,99,10
66,100,41
66,101,15
66,102,2
66,103,4
66,104,38
66,105,5
66,106,3
66,107,11
66,110,2
66,112,17
66,113,9
66,114,3
66,116,5
66,117,4
66,118,15
66,120,3
66,122,3
66,123,2
66,124,1
66,125,19
66,130,17
66,131,34
66,132,7
66,133,6
66,134,6
66,135,9
66,136,28
66,137,110
66,139,1
66,140,3
66,141,194
66,142,55
66,143,17
66,145,20
66,147,2
66,148,1
66,149,5
66,150,27
66,151,7
66,152,1
66,154,5
66,156,5
66,157,2
66,159,2
66,160,1
66,161,1
66,163,1
66,164,2
66,165,6
66,167,1
66,168,1
66,169,3
66,172,28
66,175,4
67,1,15
67,2,289
67,3,3
67,5,28
67,6,4
67,7,3
67,10,8
67,11,9
67,12,2
67,13,1
67,14,29
67,15,1
67,16,10
67,17,58
67,18,24
67,19,1
67,20,1
67,22,100
67,23,3
67,24,8
67,25,11
67,27,4
67,28,1
67,29,2
67,30,5
67,33,2
67,34,1
67,37,1
67,38,1
67,39,7
67,40,2
67,42,3
67,43,3
67,45,2
67,46,37
67,47,1
67,48,2
67,49,5
67,51,3
67,54,95
67,55,2
67,56,22
67,57,40
67,58,37
67,59,9
67,60,18
67,62,29
67,63,40
67,64,5
67,69,6
67,70,12
67,71,6
67,73,12
67,74,4
67,76,1
67,77,6
67,78,7
67,79,3
67,81,39
67,83,23
67,84,38
67,85,2
67,86,4
67,87,6
67,88,7
67,89,10
67,90,3
67,91,2
67,92,1
67,93,3
67,94,7
67,96,12
67,97,10
67,98,1
67,99,4
67,100,38
67,101,2
67,102,12
67,104,54
67,107,4
67,108,3
67,110,2
67,112,24
67,113,9
67,114,3
67,115,1
67,116,7
67,117,1
67,118,2
67,120,2
67,125,7
67,126,3
67,127,1
67,128,2
67,130,5
67,131,16
67,132,1
67,133,1
67,136,15
67,137,106
67,138,3
67,140,4
67,141,182
67,142,42
67,143,7
67,145,53
67,146,3
67,147,3
67,149,19
67,150,147
67,152,1
67,153,1
67,154,3
67,156,2
67,157,2
67,159,1
67,161,11
67,162,1
67,163,2
67,164,1
67,165,11
67,168,8
67,169,3
67,171,8
67,172,30
67,175,8
68,1,4
68,2,227
68,3,1
68,4,1
68,5,19
68,6,3
68,10,4
68,11,12
68,12,2
68,14,20
68,16,11
68,17,27
68,18,14
68,19,4
68,22,82
68,23,5
68,24,2
68,25,12
68,27,12
68,29,6
68,30,13
68,31,2
68,33,4
68,34,1
68,35,2
68,38,1
68,39,5
68,42,1
68,43,9
68,45,7
68,46,18
68,49,2
68,51,2
68,54,60
68,55,2
68,56,20
68,57,40
68,58,33
68,59,1
68,60,23
68,62,30
68,63,20
68,64,5
68,65,1
68,66,7
68,67,8
68,69,12
68,70,19
68,71,6
68,72,1
68,73,10
68,77,3
68,78,2
68,79,1
68,81,31
68,83,16
68,84,50
68,85,1
68,86,3
68,87,9
68,88,7
68,89,5
68,91,1
68,92,5
68,93,7
68,94,4
68,96,9
68,97,9
68,98,1
68,99,6
68,100,20
68,101,10
68,102,4
68,103,5
68,104,25
68,105,7
68,106,2
68,107,9
68,108,1
68,109,2
68,110,5
68,112,19
68,113,4
68,116,8
68,117,1
68,118,2
68,122,4
68,123,1
68,124,2
68,125,16
68,126,2
68,128,2
68,130,5
68,131,10
68,133,2
68,134,3
68,135,8
68,136,15
68,137,95
68,138,3
68,139,3
68,140,3
68,141,188
68,142,29
68,143,24
68,144,4
68,145,66
68,146,6
68,148,5
68,149,21
68,150,156
68,151,5
68,153,1
68,154,5
68,156,4
68,157,1
68,159,1
68,161,3
68,162,1
68,165,15
68,167,2
68,168,4
68,169,4
68,170,2
68,171,4
68,172,44
68,173,5
68,175,9
69,1,3
69,2,16
69,3,2
69,4,10
69,5,66
69,6,4
69,7,3
69,10,6
69,11,7
69,12,2
69,14,4
69,16,25
69,17,40
69,18,36
69,20,3
69,21,1
69,22,34
69,23,5
69,24,5
69,25,1
69,27,11
69,28,1
69,29,1
69,30,9
69,36,1
69,39,21
69,40,1
69,42,5
69,43,11
69,45,3
69,46,28
69,47,8
69,48,7
69,49,3
69,50,1
69,54,18
69,56,5
69,57,7
69,58,16
69,60,3
69,62,19
69,63,1
69,64,4
69,66,3
69,70,12
69,71,11
69,72,2
69,73,25
69,74,6
69,77,2
69,78,7
69,79,21
69,80,2
69,81,7
69,82,2
69,83,6
69,84,195
69,85,1
69,86,10
69,87,1
69,88,7
69,89,1
69,90,2
69,92,4
69,93,2
69,94,3
69,95,1
69,96,9
69,97,15
69,98,10
69,99,9
69,100,52
69,101,7
69,102,12
69,104,24
69,105,1
69,106,4
69,107,10
69,108,5
69,110,3
69,111,1
69,112,18
69,113,1
69,115,2
69,116,11
69,117,2
69,120,4
69,121,5
69,122,2
69,123,1
69,124,3
69,125,92
69,127,4
69,128,6
69,130,11
69,131,32
69,132,5
69,133,2
69,134,7
69,135,16
69,136,31
69,137,74
69,138,3
69,139,8
69,140,5
69,141,259
69,142,89
69,143,9
69,145,17
69,146,2
69,147,5
69,149,1
69,150,10
69,151,3
69,154,11
69,156,3
69,157,3
69,159,1
69,161,1
69,163,6
69,165,13
69,168,2
69,169,2
69,170,4
69,171,1
69,172,39
70,1,3
70,2,11
70,3,4
70,5,10
70,6,4
70,9,1
70,10,2
70,11,2
70,12,4
70,14,13
70,15,3
70,16,38
70,17,32
70,18,28
70,20,2
70,22,13
70,24,2
70,26,1
70,27,2
70,30,4
70,31,4
70,35,1
70,37,1
70,39,6
70,42,4
70,43,1
70,45,1
70,46,19
70,47,1
70,48,4
70,49,2
70,51,3
70,54,10
70,57,13
70,58,4
70,62,1
70,64,1
70,67,2
70,69,2
70,71,8
70,73,7
70,74,3
70,78,2
70,79,14
70,80,1
70,81,4
70,82,2
70,83,3
70,84,54
70,85,5
70,86,1
70,87,9
70,88,12
70,89,12
70,92,3
70,94,8
70,96,7
70,97,2
70,99,4
70,100,6
70,101,3
70,102,5
70,103,1
70,104,2
70,106,4
70,107,4
70,109,1
70,112,3
70,113,4
70,114,5
70,116,9
70,120,1
70,121,6
70,123,3
70,124,6
70,125,10
70,126,3
70,127,1
70,129,1
70,130,4
70,131,7
70,132,1
70,134,1
70,135,6
70,136,18
70,137,37
70,138,1
70,139,7
70,140,2
70,141,106
70,142,25
70,143,9
70,144,3
70,145,16
70,146,4
70,150,3
70,153,5
70,154,3
70,157,2
70,159,1
70,160,1
70,161,3
70,162,1
70,163,3
70,165,7
70,168,2
70,169,1
70,172,14
70,173,1
71,2,4
71,4,2
71,5,15
71,6,1
71,7,1
71,9,1
71,10,1
71,11,1
71,13,1
71,14,7
71,16,19
71,17,24
71,18,21
71,22,5
71,23,2
71,24,2
71,25,1
71,30,2
71,39,4
71,45,6
71,46,5
71,49,1
71,50,1
71,51,1
71,54,8
71,56,1
71,57,8
71,58,6
71,62,6
71,63,2
71,64,1
71,66,1
71,67,2
71,69,3
71,70,11
71,73,12
71,74,3
71,75,2
71,77,4
71,78,3
71,79,11
71,81,7
71,82,1
71,83,1
71,84,103
71,85,3
71,86,2
71,87,4
71,88,6
71,89,1
71,90,3
71,91,1
71,93,1
71,94,3
71,95,1
71,96,7
71,97,6
71,98,2
71,99,1
71,100,34
71,102,1
71,103,1
71,104,6
71,105,1
71,106,8
71,107,2
71,110,1
71,111,1
71,112,4
71,113,1
71,115,5
71,116,8
71,118,1
71,123,2
71,125,1
71,126,2
71,128,7
71,129,2
71,130,4
71,131,17
71,132,1
71,133,1
71,134,3
71,135,7
71,136,26
71,137,32
71,138,7
71,139,8
71,140,2
71,141,166
71,142,59
71,143,5
71,145,1
71,147,1
71,150,6
71,154,3
71,157,2
71,160,1
71,161,1
71,163,1
71,165,1
71,168,1
71,169,2
71,172,21
72,1,1
72,2,9
72,3,2
72,4,7
72,5,27
72,6,3
72,7,2
72,10,2
72,12,1
72,13,1
72,14,2
72,16,7
72,17,6
72,18,22
72,20,1
72,22,3
72,24,1
72,27,1
72,28,1
72,30,4
72,35,1
72,39,5
72,42,1
72,43,3
72,44,2
72,45,1
72,46,8
72,48,1
72,54,3
72,57,1
72,58,4
72,59,1
72,60,1
72,62,11
72,64,3
72,69,6
72,70,3
72,71,3
72,73,9
72,74,1
72,75,1
72,76,1
72,77,1
72,78,1
72,79,4
72,81,5
72,82,2
72,83,9
72,84,62
72,85,1
72,86,3
72,88,1
72,91,1
72,92,1
72,94,1
72,96,8
72,97,9
72,100,19
72,101,3
72,102,4
72,104,6
72,105,2
72,106,2
72,107,5
72,110,1
72,114,1
72,115,2
72,116,1
72,119,1
72,122,4
72,123,1
72,124,1
72,125,166
72,126,2
72,129,2
72,130,1
72,131,15
72,132,2
72,134,1
72,135,5
72,136,10
72,137,23
72,138,4
72,139,5
72,140,1
72,141,76
72,142,52
72,143,9
72,145,1
72,146,1
72,149,3
72,150,5
72,151,3
72,154,2
72,157,1
72,162,1
72,163,3
72,165,2
72,167,1
72,168,4
72,171,1
72,172,18
73,1,5
73,2,5
73,4,2
73,5,39
73,6,5
73,7,4
73,9,1
73,10,3
73,11,1
73,12,2
73,14,5
73,16,17
73,17,16
73,18,31
73,19,3
73,21,1
73,22,23
73,23,3
73,24,7
73,25,2
73,27,4
73,29,9
73,30,2
73,35,1
73,38,1
73,39,11
73,41,2
73,42,4
73,43,3
73,44,1
73,45,3
73,46,6
73,47,3
73,48,20
73,49,2
73,51,2
73,54,3
73,56,1
73,57,11
73,58,10
73,60,7
73,62,10
73,65,2
73,69,25
73,70,7
73,71,11
73,72,5
73,74,3
73,76,2
73,77,4
73,78,3
73,79,11
73,81,9
73,82,2
73,83,7
73,84,98
73,86,2
73,87,4
73,88,3
73,89,1
73,90,1
73,92,2
73,96,13
73,97,7
73,98,2
73,99,9
73,100,41
73,101,4
73,102,7
73,103,7
73,104,24
73,105,5
73,106,3
73,107,5
73,108,2
73,110,3
73,112,17
73,113,7
73,115,5
73,116,19
73,118,2
73,120,1
73,122,1
73,123,7
73,124,2
73,125,42
73,126,1
73,127,1
73,128,11
73,130,4
73,131,16
73,132,5
73,134,2
73,135,5
73,136,19
73,137,20
73,138,2
73,140,1
73,141,179
73,142,37
73,143,8
73,145,2
73,146,1
73,149,2
73,150,11
73,156,2
73,157,1
73,160,3
73,161,2
73,162,2
73,163,5
73,165,10
73,166,2
73,167,2
73,168,2
73,169,1
73,172,35
73,173,1
73,175,1
74,1,10
74,2,10
74,4,3
74,5,34
74,6,1
74,7,1
74,8,1
74,10,2
74,11,3
74,12,1
74,14,7
74,16,23
74,17,41
74,18,46
74,20,15
74,22,21
74,24,1
74,25,4
74,26,2
74,28,1
74,29,1
74,30,2
74,35,1
74,36,1
74,37,1
74,39,5
74,40,1
74,43,1
74,44,9
74,45,2
74,46,9
74,47,2
74,48,2
74,49,5
74,51,4
74,54,25
74,56,11
74,57,14
74,58,15
74,59,1
74,60,2
74,62,20
74,65,1
74,69,10
74,70,19
74,71,21
74,72,7
74,73,22
74,75,5
74,76,7
74,77,18
74,78,31
74,79,38
74,81,8
74,82,6
74,83,14
74,84,191
74,85,6
74,87,1
74,88,4
74,89,6
74,92,2
74,93,1
74,94,4
74,95,1
74,96,2
74,97,17
74,98,2
74,99,9
74,100,36
74,101,4
74,102,5
74,103,1
74,104,16
74,105,5
74,106,9
74,107,4
74,108,4
74,110,3
74,112,15
74,113,3
74,115,1
74,116,3
74,118,1
74,120,3
74,122,1
74,123,3
74,125,21
74,126,3
74,127,2
74,128,6
74,129,2
74,130,6
74,131,19
74,132,4
74,133,4
74,134,3
74,135,13
74,136,28
74,137,88
74,138,3
74,139,7
74,140,1
74,141,226
74,142,68
74,143,16
74,145,4
74,146,8
74,147,1
74,148,1
74,149,2
74,150,6
74,151,3
74,154,9
74,156,6
74,157,6
74,158,1
74,160,3
74,161,3
74,162,2
74,163,2
74,164,1
74,165,5
74,167,3
74,168,2
74,169,1
74,172,14
74,173,1
74,174,1
74,175,1
75,1,5
75,2,8
75,4,1
75,5,16
75,6,5
75,7,2
75,11,1
75,12,2
75,14,9
75,16,3
75,17,26
75,18,44
75,19,1
75,20,6
75,22,11
75,23,1
75,26,1
75,27,1
75,28,1
75,35,2
75,37,1
75,39,9
75,41,1
75,42,1
75,43,1
75,44,2
75,46,6
75,47,1
75,48,2
75,49,7
75,50,1
75,51,6
75,54,7
75,56,1
75,57,12
75,58,16
75,60,4
75,62,14
75,63,3
75,65,2
75,69,6
75,70,18
75,71,9
75,73,13
75,74,8
75,76,6
75,77,8
75,78,22
75,79,28
75,81,6
75,82,2
75,83,12
75,84,109
75,85,3
75,86,4
75,87,1
75,88,5
75,89,3
75,92,3
75,93,1
75,94,3
75,96,8
75,97,7
75,99,3
75,100,20
75,101,3
75,102,9
75,104,8
75,105,3
75,110,3
75,112,1
75,113,5
75,116,5
75,118,4
75,122,3
75,123,1
75,124,4
75,125,20
75,126,1
75,128,1
75,130,4
75,131,11
75,132,6
75,133,2
75,134,4
75,135,5
75,136,22
75,137,49
75,138,1
75,139,5
75,141,154
75,142,29
75,143,5
75,144,4
75,145,9
75,146,1
75,149,2
75,150,5
75,151,2
75,153,1
75,154,5
75,156,5
75,157,2
75,159,1
75,162,2
75,163,4
75,164,1
75,165,8
75,166,1
75,172,15
75,175,1
76,1,12
76,2,8
76,4,1
76,5,28
76,6,10
76,7,2
76,10,8
76,11,3
76,12,6
76,14,9
76,16,19
76,17,40
76,18,44
76,20,15
76,22,13
76,23,2
76,24,3
76,25,1
76,26,6
76,27,2
76,30,6
76,35,3
76,36,1
76,39,7
76,42,4
76,43,1
76,44,2
76,46,3
76,47,6
76,48,2
76,49,5
76,51,2
76,54,11
76,56,6
76,57,8
76,58,8
76,60,1
76,62,14
76,63,1
76,64,4
76,65,3
76,66,7
76,67,1
76,68,1
76,69,2
76,70,3
76,71,10
76,73,12
76,74,15
76,75,2
76,77,50
76,78,20
76,79,36
76,80,4
76,81,4
76,82,3
76,83,15
76,84,140
76,85,4
76,87,1
76,88,9
76,89,5
76,91,1
76,92,2
76,94,2
76,95,1
76,96,5
76,97,8
76,99,15
76,100,28
76,101,3
76,103,3
76,104,11
76,105,4
76,106,7
76,107,2
76,110,2
76,111,1
76,112,8
76,115,2
76,116,4
76,118,1
76,121,1
76,123,4
76,125,25
76,126,2
76,127,2
76,128,3
76,130,4
76,131,23
76,132,5
76,133,4
76,134,5
76,135,8
76,136,22
76,137,73
76,139,1
76,141,200
76,142,49
76,143,12
76,144,1
76,145,3
76,147,3
76,149,3
76,150,10
76,151,1
76,154,6
76,156,4
76,157,3
76,159,2
76,160,1
76,161,1
76,163,1
76,165,11
76,168,4
76,169,2
76,171,2
76,172,17
76,174,1
76,175,1
77,1,8
77,2,18
77,4,6
77,5,37
77,6,1
77,7,2
77,10,5
77,11,3
77,12,3
77,14,13
77,16,19
77,17,39
77,18,57
77,19,3
77,20,13
77,22,8
77,23,2
77,26,2
77,27,6
77,28,1
77,31,1
77,35,2
77,36,1
77,39,11
77,42,3
77,43,6
77,44,4
77,45,5
77,46,13
77,47,2
77,48,1
77,49,1
77,51,2
77,54,26
77,56,2
77,57,17
77,58,13
77,60,2
77,62,19
77,63,1
77,64,1
77,65,2
77,69,5
77,70,19
77,71,19
77,72,1
77,73,9
77,74,21
77,75,4
77,76,7
77,78,30
77,79,43
77,80,2
77,81,6
77,82,1
77,83,14
77,84,251
77,85,8
77,86,6
77,87,2
77,88,7
77,89,5
77,91,1
77,92,2
77,94,5
77,96,5
77,97,6
77,99,9
77,100,38
77,101,4
77,102,11
77,103,5
77,104,13
77,105,2
77,106,3
77,107,2
77,108,1
77,110,5
77,112,22
77,113,4
77,116,5
77,119,1
77,121,2
77,123,2
77,124,3
77,125,11
77,127,4
77,128,12
77,129,3
77,130,3
77,131,23
77,132,1
77,134,3
77,135,12
77,136,41
77,137,73
77,138,1
77,139,5
77,140,1
77,141,254
77,142,59
77,143,13
77,145,15
77,147,1
77,148,1
77,149,3
77,150,9
77,151,2
77,154,16
77,155,1
77,156,4
77,157,5
77,159,4
77,161,1
77,163,1
77,165,7
77,167,3
77,170,1
77,171,2
77,172,19
77,174,2
77,175,2
78,1,9
78,2,17
78,4,3
78,5,26
78,6,6
78,8,1
78,9,5
78,10,1
78,11,1
78,12,2
78,14,18
78,16,41
78,17,32
78,18,81
78,19,5
78,20,12
78,21,2
78,22,9
78,23,5
78,24,5
78,25,1
78,26,2
78,27,3
78,29,1
78,32,1
78,35,3
78,39,15
78,42,4
78,43,2
78,44,1
78,45,3
78,46,13
78,47,3
78,48,6
78,49,5
78,51,1
78,54,24
78,56,4
78,57,9
78,58,24
78,60,1
78,62,14
78,65,2
78,67,1
78,69,7
78,70,18
78,71,17
78,73,12
78,74,15
78,75,4
78,76,3
78,77,14
78,79,75
78,80,1
78,81,9
78,83,21
78,84,288
78,85,5
78,86,1
78,87,3
78,88,22
78,89,8
78,90,1
78,92,4
78,93,2
78,94,1
78,96,8
78,97,4
78,98,2
78,99,3
78,100,55
78,101,5
78,102,19
78,103,2
78,104,21
78,107,6
78,110,1
78,112,23
78,113,6
78,115,2
78,116,12
78,118,4
78,120,1
78,121,3
78,122,1
78,123,1
78,124,3
78,125,21
78,127,6
78,128,5
78,130,4
78,131,16
78,132,7
78,133,1
78,134,4
78,135,10
78,136,44
78,137,67
78,139,10
78,141,334
78,142,74
78,143,19
78,144,1
78,145,14
78,146,4
78,147,1
78,149,2
78,150,15
78,151,2
78,153,1
78,154,7
78,155,2
78,156,1
78,157,1
78,158,1
78,159,4
78,162,1
78,165,16
78,166,2
78,167,2
78,168,2
78,169,1
78,172,32
78,175,2
79,1,4
79,2,16
79,4,3
79,5,21
79,7,2
79,10,1
79,14,9
79,16,8
79,17,29
79,18,86
79,19,1
79,20,8
79,22,18
79,24,2
79,27,11
79,28,3
79,29,1
79,30,7
79,35,2
79,39,15
79,42,2
79,43,2
79,44,2
79,45,6
79,46,8
79,47,2
79,49,4
79,50,1
79,51,6
79,54,18
79,56,7
79,57,13
79,58,9
79,60,6
79,62,18
79,64,6
79,69,4
79,70,8
79,71,27
79,73,10
79,74,18
79,75,2
79,76,3
79,77,11
79,78,39
79,80,1
79,81,13
79,82,2
79,83,13
79,84,251
79,85,4
79,86,3
79,87,6
79,88,1
79,89,2
79,92,2
79,93,6
79,94,1
79,95,2
79,96,5
79,97,8
79,98,1
79,99,6
79,100,45
79,101,3
79,102,6
79,103,3
79,104,15
79,107,7
79,108,2
79,110,2
79,112,13
79,114,4
79,115,2
79,116,8
79,117,1
79,118,1
79,120,1
79,121,2
79,122,1
79,124,8
79,125,19
79,127,1
79,128,11
79,130,2
79,131,12
79,132,5
79,134,7
79,135,6
79,136,27
79,137,35
79,138,3
79,139,10
79,140,1
79,141,282
79,142,72
79,143,13
79,144,1
79,145,4
79,147,3
79,149,3
79,150,5
79,153,1
79,154,7
79,156,1
79,157,2
79,161,1
79,162,2
79,163,1
79,165,3
79,168,2
79,169,1
79,170,1
79,172,21
80,1,2
80,2,27
80,4,3
80,5,28
80,6,4
80,7,4
80,11,5
80,14,19
80,16,24
80,17,27
80,18,76
80,19,2
80,20,2
80,22,20
80,23,2
80,24,3
80,26,3
80,27,1
80,28,2
80,29,1
80,30,10
80,34,3
80,36,1
80,39,11
80,42,3
80,43,3
80,44,1
80,45,1
80,46,12
80,47,1
80,49,4
80,54,33
80,55,2
80,56,2
80,57,26
80,58,4
80,59,1
80,60,1
80,62,24
80,64,3
80,66,1
80,69,2
80,70,8
80,71,10
80,73,11
80,74,6
80,75,2
80,76,2
80,77,3
80,78,15
80,79,15
80,81,15
80,83,9
80,84,78
80,85,12
80,86,8
80,87,3
80,88,7
80,89,4
80,90,1
80,92,1
80,94,15
80,96,26
80,97,4
80,98,2
80,99,6
80,100,36
80,101,10
80,102,2
80,103,3
80,104,21
80,105,5
80,106,1
80,107,2
80,108,4
80,109,1
80,110,1
80,112,8
80,113,2
80,114,7
80,115,1
80,116,5
80,117,1
80,118,1
80,119,1
80,120,5
80,125,9
80,126,1
80,128,3
80,130,11
80,131,19
80,132,5
80,133,1
80,134,9
80,135,12
80,136,27
80,137,63
80,138,7
80,139,3
80,141,152
80,142,31
80,143,11
80,145,20
80,146,2
80,147,3
80,149,4
80,150,7
80,154,3
80,156,3
80,157,3
80,160,1
80,161,2
80,163,3
80,165,18
80,166,1
80,168,1
80,169,1
80,172,12
80,175,1
81,1,3
81,2,32
81,4,3
81,5,23
81,6,2
81,7,4
81,8,1
81,10,5
81,11,4
81,12,2
81,14,36
81,16,25
81,17,23
81,18,32
81,20,2
81,22,40
81,23,1
81,25,2
81,26,1
81,27,3
81,28,2
81,29,3
81,30,9
81,37,2
81,38,4
81,39,6
81,40,1
81,41,1
81,42,1
81,43,4
81,46,16
81,48,2
81,49,1
81,50,1
81,51,1
81,52,1
81,54,32
81,56,1
81,57,52
81,58,25
81,60,5
81,62,15
81,64,8
81,66,1
81,70,5
81,71,11
81,73,24
81,74,4
81,76,2
81,77,5
81,78,6
81,79,19
81,80,8
81,82,4
81,83,3
81,84,51
81,85,6
81,86,14
81,87,8
81,88,7
81,89,4
81,92,1
81,94,3
81,95,1
81,96,3
81,97,2
81,98,1
81,99,12
81,100,31
81,101,5
81,102,9
81,103,2
81,104,19
81,105,1
81,106,2
81,107,5
81,108,1
81,110,2
81,111,2
81,112,23
81,113,9
81,114,3
81,116,2
81,118,7
81,119,2
81,120,2
81,122,3
81,123,2
81,125,5
81,126,1
81,127,2
81,128,3
81,130,5
81,131,17
81,132,4
81,133,2
81,134,3
81,135,4
81,136,24
81,137,66
81,138,3
81,140,4
81,141,167
81,142,19
81,143,16
81,145,28
81,146,6
81,149,5
81,150,23
81,151,2
81,154,4
81,155,1
81,156,2
81,157,2
81,161,1
81,163,2
81,164,2
81,165,7
81,172,38
81,173,7
82,1,13
82,2,17
82,3,1
82,4,5
82,5,42
82,6,2
82,9,1
82,10,8
82,11,1
82,12,5
82,14,9
82,15,1
82,16,19
82,17,29
82,18,41
82,20,15
82,22,11
82,23,3
82,26,2
82,27,6
82,30,4
82,35,12
82,37,2
82,38,1
82,39,10
82,42,4
82,43,3
82,44,3
82,45,3
82,46,14
82,47,4
82,48,1
82,49,4
82,51,4
82,54,10
82,56,3
82,57,13
82,58,8
82,60,3
82,62,18
82,63,4
82,65,8
82,66,5
82,69,6
82,70,14
82,71,13
82,72,1
82,73,23
82,74,12
82,75,4
82,76,6
82,77,19
82,78,32
82,79,31
82,80,2
82,81,8
82,83,31
82,84,181
82,85,8
82,86,1
82,87,3
82,88,20
82,89,6
82,90,2
82,92,8
82,93,2
82,94,4
82,95,3
82,96,11
82,97,3
82,98,7
82,99,4
82,100,43
82,101,1
82,102,3
82,103,3
82,104,13
82,106,6
82,107,1
82,110,2
82,112,7
82,115,1
82,116,4
82,118,2
82,120,2
82,122,1
82,124,3
82,125,19
82,126,6
82,127,5
82,128,5
82,129,1
82,130,10
82,131,18
82,132,9
82,134,13
82,135,16
82,136,24
82,137,81
82,139,1
82,140,2
82,141,220
82,142,65
82,143,18
82,144,1
82,145,19
82,146,2
82,149,4
82,150,13
82,153,4
82,154,8
82,157,7
82,158,1
82,159,1
82,160,4
82,161,4
82,163,3
82,165,5
82,168,2
82,170,3
82,172,26
83,1,3
83,2,17
83,4,3
83,5,9
83,6,4
83,7,1
83,8,1
83,9,5
83,10,8
83,14,11
83,16,25
83,17,17
83,18,70
83,19,4
83,20,9
83,22,12
83,23,2
83,26,1
83,27,6
83,28,1
83,29,4
83,30,5
83,31,2
83,34,1
83,35,3
83,38,1
83,39,6
83,42,7
83,43,3
83,44,7
83,45,2
83,46,8
83,47,4
83,48,4
83,51,4
83,54,24
83,56,4
83,57,15
83,58,9
83,60,4
83,62,13
83,63,1
83,65,2
83,66,3
83,69,1
83,70,29
83,71,13
83,72,2
83,73,18
83,74,10
83,75,1
83,76,4
83,77,9
83,78,28
83,79,45
83,80,4
83,81,8
83,82,7
83,84,211
83,85,3
83,86,6
83,87,1
83,88,7
83,89,6
83,93,1
83,94,2
83,95,3
83,96,1
83,97,6
83,99,5
83,100,58
83,101,5
83,102,2
83,103,3
83,104,16
83,105,1
83,106,4
83,107,2
83,108,2
83,110,2
83,112,8
83,113,1
83,116,4
83,117,1
83,118,1
83,120,1
83,123,2
83,125,17
83,126,6
83,127,1
83,128,6
83,129,3
83,130,1
83,131,12
83,132,2
83,134,3
83,135,9
83,136,29
83,137,37
83,138,1
83,139,6
83,140,2
83,141,207
83,142,46
83,143,27
83,144,1
83,145,10
83,146,3
83,147,1
83,149,1
83,150,11
83,151,2
83,153,3
83,154,2
83,156,6
83,157,5
83,159,3
83,160,2
83,161,2
83,162,2
83,163,3
83,165,2
83,166,1
83,169,1
83,171,4
83,172,16
84,1,4
84,2,57
84,4,6
84,5,48
84,7,3
84,10,10
84,14,23
84,16,19
84,17,30
84,18,92
84,20,6
84,22,18
84,23,3
84,24,3
84,25,3
84,26,1
84,27,7
84,28,4
84,29,1
84,30,2
84,34,2
84,36,1
84,37,1
84,39,17
84,40,1
84,42,9
84,43,10
84,45,1
84,46,15
84,47,5
84,48,4
84,49,1
84,51,4
84,54,11
84,56,11
84,57,11
84,58,10
84,60,5
84,62,25
84,63,1
84,64,7
84,65,3
84,69,16
84,70,5
84,71,29
84,72,2
84,73,19
84,74,3
84,76,5
84,77,13
84,78,28
84,79,55
84,80,3
84,81,12
84,82,8
84,83,13
84,85,6
84,86,2
84,87,5
84,88,2
84,89,8
84,92,4
84,93,3
84,94,1
84,96,3
84,97,5
84,99,4
84,100,83
84,101,6
84,102,13
84,103,3
84,104,16
84,105,6
84,106,12
84,107,6
84,108,7
84,110,3
84,112,14
84,113,2
84,116,14
84,120,1
84,121,4
84,122,2
84,123,1
84,124,2
84,125,44
84,126,1
84,127,1
84,128,9
84,129,6
84,130,12
84,131,23
84,134,4
84,135,13
84,136,34
84,137,29
84,138,2
84,139,11
84,140,5
84,141,559
84,142,130
84,143,36
84,145,1
84,147,2
84,148,2
84,149,4
84,150,7
84,151,1
84,153,3
84,154,9
84,156,1
84,157,1
84,158,2
84,161,1
84,162,2
84,163,2
84,165,5
84,167,2
84,168,4
84,172,43
84,174,2
85,1,2
85,2,28
85,4,3
85,5,14
85,6,5
85,7,1
85,8,1
85,9,1
85,10,6
85,11,5
85,14,11
85,16,28
85,17,14
85,18,117
85,19,1
85,20,1
85,21,1
85,22,19
85,23,5
85,24,5
85,25,4
85,27,5
85,28,1
85,30,5
85,35,5
85,36,1
85,37,2
85,39,10
85,42,6
85,43,3
85,44,2
85,45,6
85,46,6
85,47,3
85,48,11
85,49,2
85,51,3
85,54,26
85,56,3
85,57,15
85,58,18
85,59,2
85,60,2
85,62,15
85,64,2
85,65,1
85,67,1
85,69,11
85,70,10
85,71,18
85,72,5
85,73,20
85,74,12
85,76,6
85,77,5
85,78,13
85,79,10
85,80,1
85,81,7
85,82,2
85,83,4
85,84,152
85,86,5
85,87,2
85,88,11
85,89,10
85,92,6
85,93,3
85,94,4
85,96,10
85,97,3
85,98,2
85,99,5
85,100,25
85,101,9
85,102,3
85,103,5
85,104,13
85,105,1
85,106,5
85,107,1
85,108,1
85,111,1
85,112,5
85,113,4
85,114,2
85,116,8
85,117,2
85,118,5
85,120,1
85,121,5
85,124,2
85,125,17
85,126,8
85,127,3
85,128,4
85,129,1
85,130,8
85,131,41
85,132,5
85,133,5
85,134,24
85,135,8
85,136,24
85,137,44
85,138,6
85,139,11
85,140,1
85,141,223
85,142,85
85,143,13
85,145,17
85,146,1
85,147,2
85,148,1
85,150,17
85,151,4
85,152,1
85,156,2
85,157,4
85,159,3
85,160,1
85,161,1
85,163,8
85,164,1
85,165,6
85,169,6
85,170,1
85,172,21
85,173,1
85,175,3
86,1,7
86,2,21
86,4,1
86,5,16
86,6,3
86,7,4
86,10,9
86,12,3
86,14,35
86,15,2
86,16,14
86,17,24
86,18,54
86,19,2
86,20,4
86,21,1
86,22,27
86,23,5
86,25,3
86,27,4
86,30,3
86,34,1
86,36,2
86,38,3
86,39,7
86,42,1
86,45,3
86,46,11
86,47,3
86,49,3
86,51,1
86,52,1
86,54,42
86,56,2
86,57,32
86,58,29
86,59,4
86,60,7
86,62,34
86,63,3
86,64,13
86,66,1
86,69,6
86,70,8
86,71,17
86,72,3
86,73,15
86,74,3
86,75,1
86,76,4
86,77,4
86,78,9
86,79,11
86,80,11
86,81,28
86,83,11
86,84,88
86,85,6
86,87,6
86,88,8
86,89,4
86,91,1
86,92,6
86,93,2
86,94,5
86,96,4
86,97,2
86,98,1
86,99,5
86,100,23
86,101,5
86,102,4
86,103,14
86,104,18
86,105,5
86,107,8
86,108,2
86,109,3
86,110,4
86,112,10
86,113,4
86,114,1
86,116,9
86,118,3
86,119,4
86,121,1
86,123,3
86,125,8
86,126,3
86,127,6
86,128,2
86,130,4
86,131,27
86,132,1
86,133,4
86,134,6
86,135,5
86,136,17
86,137,73
86,138,1
86,139,4
86,140,3
86,141,145
86,142,53
86,143,4
86,145,42
86,146,3
86,149,7
86,150,26
86,151,2
86,154,1
86,156,1
86,157,5
86,161,2
86,162,3
86,163,3
86,165,8
86,167,1
86,168,1
86,169,1
86,172,27
86,173,1
86,175,1
87,1,2
87,2,1
87,5,10
87,10,1
87,11,1
87,15,2
87,16,7
87,17,6
87,18,6
87,20,1
87,21,1
87,23,2
87,24,2
87,25,3
87,26,1
87,30,1
87,31,2
87,35,3
87,38,1
87,40,1
87,43,2
87,44,2
87,45,1
87,46,4
87,47,1
87,49,2
87,51,1
87,54,3
87,56,1
87,57,3
87,58,2
87,62,4
87,64,3
87,69,1
87,70,3
87,71,1
87,74,2
87,75,1
87,77,2
87,79,1
87,81,1
87,84,4
87,85,2
87,89,2
87,90,2
87,93,4
87,95,1
87,96,2
87,98,1
87,100,2
87,102,4
87,103,1
87,105,1
87,107,1
87,113,3
87,119,1
87,122,1
87,125,3
87,127,1
87,133,3
87,134,1
87,135,1
87,137,9
87,141,31
87,142,1
87,143,4
87,144,1
87,145,4
87,146,1
87,149,3
87,150,4
87,153,2
87,154,1
87,158,4
87,161,4
87,162,1
87,163,1
87,165,1
87,167,1
87,168,1
87,172,1
87,173,1
87,175,1
88,1,3
88,2,4
88,4,2
88,5,11
88,7,4
88,8,3
88,10,1
88,11,1
88,14,15
88,15,1
88,16,27
88,17,36
88,18,30
88,20,2
88,22,10
88,25,4
88,27,8
88,29,1
88,30,7
88,31,3
88,32,4
88,34,6
88,35,2
88,36,5
88,37,6
88,39,11
88,42,1
88,43,10
88,44,2
88,46,11
88,47,2
88,48,1
88,51,3
88,54,4
88,56,1
88,57,6
88,58,9
88,60,1
88,62,15
88,64,2
88,69,2
88,70,24
88,71,9
88,73,7
88,74,2
88,75,5
88,76,1
88,77,1
88,78,10
88,79,2
88,80,1
88,81,15
88,83,3
88,84,34
88,87,8
88,89,11
88,93,8
88,94,12
88,96,17
88,97,4
88,98,3
88,99,2
88,100,12
88,101,4
88,102,1
88,103,1
88,104,7
88,105,2
88,106,1
88,107,1
88,108,2
88,110,1
88,112,1
88,113,3
88,114,3
88,116,1
88,118,2
88,123,4
88,125,7
88,126,5
88,128,1
88,129,3
88,130,1
88,131,12
88,132,1
88,134,7
88,135,4
88,136,15
88,137,64
88,138,1
88,139,3
88,140,1
88,141,85
88,142,7
88,143,8
88,145,9
88,146,7
88,147,1
88,149,3
88,150,12
88,151,3
88,153,2
88,154,6
88,156,1
88,157,1
88,159,5
88,161,4
88,162,1
88,163,2
88,164,1
88,165,19
88,167,1
88,168,3
88,169,1
88,172,2
88,175,3
89,1,1
89,2,11
89,3,3
89,4,7
89,5,12
89,6,12
89,7,3
89,10,6
89,12,1
89,14,9
89,16,27
89,17,21
89,18,20
89,19,4
89,20,1
89,22,14
89,23,5
89,24,1
89,25,9
89,26,3
89,27,4
89,28,1
89,30,13
89,31,15
89,34,1
89,35,7
89,36,8
89,37,9
89,38,10
89,39,7
89,40,2
89,42,4
89,45,6
89,46,10
89,47,1
89,48,2
89,49,3
89,51,1
89,53,1
89,54,12
89,57,12
89,58,8
89,60,2
89,62,6
89,63,1
89,66,4
89,69,10
89,70,8
89,71,3
89,73,16
89,74,6
89,75,1
89,76,1
89,77,2
89,78,8
89,79,1
89,81,8
89,82,4
89,83,2
89,84,28
89,85,7
89,86,4
89,87,10
89,88,10
89,90,10
89,92,3
89,93,12
89,94,20
89,95,6
89,96,36
89,97,8
89,100,17
89,102,1
89,103,1
89,104,16
89,105,2
89,106,3
89,107,2
89,108,6
89,109,2
89,112,4
89,113,9
89,115,2
89,116,6
89,118,2
89,122,2
89,123,2
89,124,2
89,125,13
89,126,2
89,128,1
89,130,1
89,131,3
89,135,4
89,136,8
89,137,62
89,138,2
89,139,10
89,140,1
89,141,105
89,142,31
89,143,9
89,144,1
89,145,32
89,146,6
89,148,1
89,149,4
89,150,13
89,151,1
89,153,1
89,154,8
89,155,1
89,156,1
89,157,5
89,158,4
89,159,2
89,161,4
89,162,5
89,163,15
89,165,102
89,168,4
89,169,2
89,172,13
89,173,3
89,175,1
90,1,7
90,2,6
90,3,4
90,4,3
90,5,13
90,6,3
90,7,6
90,10,7
90,11,2
90,12,3
90,14,23
90,15,1
90,16,31
90,17,29
90,18,21
90,19,1
90,20,1
90,22,19
90,23,3
90,25,7
90,26,2
90,27,8
90,29,1
90,30,7
90,31,4
90,32,2
90,34,1
90,35,3
90,36,8
90,37,1
90,38,3
90,39,13
90,40,3
90,42,3
90,43,3
90,44,1
90,45,5
90,46,10
90,47,2
90,48,3
90,49,1
90,54,15
90,56,6
90,57,16
90,58,13
90,60,3
90,62,11
90,63,2
90,64,2
90,65,1
90,66,1
90,69,8
90,70,22
90,71,19
90,72,2
90,73,14
90,74,9
90,75,1
90,76,3
90,77,6
90,78,5
90,79,6
90,80,1
90,81,10
90,83,9
90,84,38
90,85,5
90,86,3
90,87,11
90,88,16
90,89,40
90,91,1
90,93,10
90,94,18
90,95,6
90,96,14
90,97,9
90,98,2
90,99,3
90,100,17
90,101,7
90,102,3
90,103,1
90,104,18
90,105,1
90,106,2
90,107,2
90,108,2
90,110,4
90,112,11
90,113,1
90,115,3
90,116,6
90,118,5
90,122,2
90,123,3
90,124,2
90,125,35
90,127,5
90,128,1
90,129,2
90,130,5
90,131,7
90,132,2
90,134,10
90,135,7
90,136,8
90,137,87
90,139,10
90,140,3
90,141,135
90,142,34
90,143,5
90,144,1
90,145,15
90,146,1
90,149,1
90,150,10
90,154,14
90,155,1
90,157,8
90,158,4
90,159,4
90,161,1
90,162,6
90,163,8
90,165,50
90,168,1
90,169,5
90,172,30
90,173,2
91,1,1
91,2,6
91,3,1
91,4,3
91,5,12
91,7,1
91,10,5
91,12,5
91,14,9
91,15,5
91,16,19
91,17,19
91,18,38
91,19,1
91,20,8
91,22,13
91,24,1
91,27,5
91,28,3
91,30,2
91,31,1
91,35,1
91,38,1
91,39,7
91,40,3
91,42,2
91,43,3
91,44,2
91,45,5
91,46,11
91,49,3
91,50,1
91,51,3
91,54,10
91,56,2
91,57,10
91,58,11
91,60,2
91,62,17
91,66,2
91,69,9
91,70,17
91,71,11
91,73,7
91,74,10
91,76,3
91,77,4
91,78,16
91,79,20
91,81,13
91,83,7
91,84,61
91,85,1
91,87,11
91,88,14
91,89,8
91,90,2
91,92,5
91,94,7
91,95,2
91,96,5
91,97,6
91,98,1
91,99,2
91,100,10
91,101,2
91,102,5
91,103,1
91,104,10
91,105,3
91,106,1
91,107,1
91,109,3
91,110,2
91,112,10
91,113,1
91,114,1
91,115,2
91,116,3
91,117,3
91,119,1
91,121,4
91,122,2
91,124,1
91,125,10
91,126,4
91,127,5
91,130,1
91,131,23
91,132,3
91,134,8
91,135,15
91,136,14
91,137,42
91,138,1
91,139,2
91,141,107
91,142,18
91,143,9
91,145,19
91,146,11
91,148,1
91,150,6
91,153,2
91,154,4
91,156,3
91,157,3
91,158,1
91,161,7
91,162,2
91,163,5
91,164,1
91,165,20
91,169,2
91,170,1
91,172,10
91,173,2
91,174,2
91,175,1
92,1,2
92,2,18
92,4,3
92,5,27
92,6,7
92,7,7
92,9,2
92,10,7
92,12,8
92,14,9
92,16,34
92,17,25
92,18,67
92,20,4
92,22,30
92,23,8
92,24,1
92,25,6
92,27,5
92,29,1
92,30,9
92,31,1
92,35,2
92,36,4
92,38,1
92,39,16
92,40,1
92,42,2
92,43,2
92,44,1
92,45,5
92,46,11
92,47,1
92,49,3
92,51,1
92,54,19
92,55,1
92,56,1
92,57,14
92,58,12
92,59,1
92,60,4
92,62,6
92,63,2
92,64,2
92,66,1
92,68,3
92,69,12
92,70,21
92,71,10
92,72,6
92,73,13
92,74,5
92,75,2
92,76,2
92,77,13
92,78,15
92,79,16
92,80,4
92,81,10
92,83,17
92,84,143
92,85,4
92,86,2
92,87,8
92,88,16
92,89,8
92,93,3
92,94,11
92,95,2
92,96,17
92,97,3
92,98,2
92,99,11
92,100,48
92,101,4
92,102,13
92,104,8
92,105,4
92,106,2
92,108,3
92,112,12
92,113,1
92,114,2
92,115,1
92,116,6
92,118,1
92,120,2
92,121,3
92,122,2
92,123,1
92,124,4
92,125,10
92,126,9
92,127,1
92,128,4
92,130,3
92,131,9
92,132,10
92,133,1
92,134,9
92,135,12
92,136,30
92,137,60
92,138,6
92,140,2
92,141,211
92,142,61
92,143,38
92,144,2
92,145,17
92,146,3
92,147,3
92,149,2
92,150,7
92,154,10
92,156,3
92,157,4
92,158,1
92,159,8
92,160,3
92,161,3
92,162,4
92,165,20
92,167,1
92,168,1
92,170,2
92,171,1
92,172,10
92,173,3
92,175,5
93,1,5
93,2,5
93,3,2
93,4,3
93,5,13
93,6,2
93,7,3
93,8,1
93,10,3
93,11,2
93,12,2
93,14,13
93,15,3
93,16,26
93,17,37
93,18,28
93,19,3
93,20,3
93,21,1
93,22,14
93,23,1
93,24,1
93,25,3
93,26,1
93,27,2
93,28,1
93,29,2
93,30,11
93,31,3
93,32,1
93,33,1
93,34,9
93,35,3
93,36,8
93,37,5
93,39,12
93,42,2
93,43,5
93,44,2
93,45,5
93,46,12
93,48,2
93,49,2
93,50,1
93,51,5
93,52,2
93,54,14
93,56,2
93,57,11
93,58,5
93,59,1
93,62,12
93,63,1
93,64,2
93,65,1
93,69,5
93,70,10
93,71,16
93,72,2
93,73,17
93,74,2
93,76,1
93,77,3
93,78,1
93,79,3
93,81,12
93,83,3
93,84,62
93,85,1
93,86,3
93,87,19
93,88,24
93,89,7
93,90,1
93,94,17
93,96,9
93,97,6
93,98,1
93,99,4
93,100,13
93,101,6
93,102,7
93,103,2
93,104,3
93,105,6
93,106,3
93,107,4
93,110,2
93,112,7
93,113,1
93,116,9
93,118,1
93,120,1
93,122,2
93,124,3
93,125,8
93,126,1
93,127,2
93,128,6
93,129,1
93,130,1
93,131,9
93,133,2
93,134,4
93,135,12
93,136,13
93,137,74
93,138,4
93,139,2
93,140,6
93,141,117
93,142,24
93,143,4
93,145,11
93,146,2
93,149,2
93,150,12
93,151,1
93,153,3
93,154,7
93,155,2
93,157,3
93,158,1
93,159,1
93,160,3
93,161,2
93,162,6
93,163,6
93,165,46
93,167,1
93,168,2
93,169,2
93,170,1
93,172,28
93,173,1
93,175,1
94,1,6
94,2,8
94,3,3
94,4,3
94,5,14
94,6,4
94,7,5
94,9,2
94,10,5
94,11,4
94,12,1
94,14,26
94,16,31
94,17,31
94,18,20
94,19,1
94,20,1
94,22,16
94,23,4
94,25,4
94,27,3
94,29,1
94,30,9
94,31,2
94,32,1
94,33,1
94,34,3
94,35,6
94,36,9
94,37,7
94,38,5
94,39,15
94,40,1
94,41,1
94,42,1
94,43,4
94,45,13
94,46,16
94,47,2
94,49,4
94,51,5
94,53,1
94,54,12
94,55,1
94,56,5
94,57,10
94,58,5
94,62,16
94,64,5
94,69,4
94,70,12
94,71,10
94,72,1
94,73,10
94,74,15
94,76,3
94,77,6
94,78,4
94,79,2
94,81,7
94,83,10
94,84,45
94,85,3
94,87,9
94,88,25
94,89,28
94,90,1
94,91,1
94,92,2
94,93,11
94,95,4
94,96,26
94,97,10
94,98,3
94,99,2
94,100,14
94,101,2
94,102,10
94,103,5
94,104,25
94,105,1
94,106,3
94,107,7
94,109,2
94,110,1
94,112,14
94,113,11
94,116,5
94,118,1
94,121,6
94,125,16
94,126,2
94,128,1
94,129,2
94,130,4
94,131,7
94,132,3
94,133,1
94,135,12
94,136,5
94,137,50
94,138,5
94,139,4
94,140,3
94,141,111
94,142,17
94,143,18
94,144,1
94,145,21
94,146,11
94,147,1
94,149,3
94,150,8
94,151,2
94,152,1
94,154,5
94,155,2
94,156,4
94,157,5
94,159,1
94,161,5
94,162,3
94,163,12
94,165,44
94,167,3
94,168,2
94,169,3
94,172,21
94,173,2
94,175,1
95,1,4
95,2,5
95,3,5
95,5,17
95,6,3
95,7,6
95,9,3
95,10,5
95,11,4
95,14,12
95,15,2
95,16,24
95,17,27
95,18,14
95,22,22
95,23,5
95,24,1
95,27,5
95,29,1
95,30,3
95,31,2
95,35,6
95,36,4
95,37,2
95,38,4
95,39,8
95,40,1
95,42,1
95,45,11
95,46,14
95,47,7
95,49,4
95,51,3
95,54,20
95,56,1
95,57,10
95,58,6
95,60,5
95,62,9
95,63,1
95,64,2
95,67,1
95,69,8
95,70,19
95,71,8
95,73,6
95,74,4
95,77,2
95,78,5
95,79,6
95,81,13
95,82,3
95,83,3
95,84,39
95,85,4
95,87,2
95,88,16
95,89,38
95,90,6
95,92,2
95,93,19
95,94,10
95,96,8
95,97,10
95,99,3
95,100,18
95,101,1
95,102,6
95,103,3
95,104,4
95,105,1
95,106,1
95,107,5
95,108,2
95,109,3
95,112,4
95,113,7
95,114,1
95,115,2
95,116,8
95,118,1
95,122,5
95,125,12
95,128,2
95,130,4
95,131,10
95,132,1
95,134,2
95,135,2
95,136,12
95,137,44
95,138,1
95,139,1
95,140,1
95,141,71
95,142,9
95,143,10
95,145,14
95,146,1
95,148,1
95,149,4
95,150,23
95,154,1
95,156,3
95,157,2
95,158,1
95,160,1
95,161,6
95,163,9
95,164,1
95,165,46
95,168,6
95,169,2
95,172,13
95,173,1
95,175,1
96,1,3
96,2,7
96,3,1
96,4,3
96,5,37
96,7,2
96,8,1
96,9,1
96,10,6
96,11,1
96,14,5
96,16,15
96,17,21
96,18,20
96,20,7
96,22,21
96,23,1
96,24,1
96,25,2
96,26,3
96,27,4
96,28,2
96,30,8
96,35,4
96,36,1
96,37,2
96,39,18
96,40,1
96,42,3
96,43,1
96,44,2
96,45,4
96,46,9
96,47,1
96,48,6
96,49,1
96,51,1
96,53,1
96,54,11
96,56,1
96,57,10
96,58,9
96,59,2
96,60,1
96,62,12
96,64,3
96,69,18
96,70,14
96,71,3
96,72,2
96,73,15
96,74,4
96,75,2
96,77,6
96,78,15
96,79,7
96,81,6
96,83,5
96,84,75
96,85,8
96,86,4
96,87,3
96,88,5
96,89,12
96,90,1
96,92,3
96,93,2
96,94,11
96,95,1
96,97,4
96,99,4
96,100,27
96,102,1
96,103,1
96,104,8
96,105,2
96,106,2
96,107,1
96,108,1
96,110,2
96,112,4
96,113,6
96,115,1
96,116,6
96,118,4
96,119,1
96,122,2
96,124,2
96,125,27
96,126,4
96,127,2
96,128,6
96,131,8
96,132,1
96,133,1
96,134,1
96,135,17
96,136,21
96,137,32
96,138,5
96,140,4
96,141,134
96,142,41
96,143,25
96,144,1
96,145,11
96,146,1
96,147,1
96,149,1
96,150,4
96,153,1
96,154,5
96,155,1
96,156,2
96,157,3
96,158,1
96,162,1
96,163,3
96,165,21
96,169,1
96,172,18
96,175,1
97,1,1
97,2,4
97,4,8
97,5,33
97,6,2
97,7,8
97,10,8
97,11,5
97,14,8
97,16,13
97,17,15
97,18,13
97,20,2
97,22,10
97,23,1
97,24,2
97,26,1
97,27,1
97,29,3
97,31,1
97,35,1
97,39,6
97,40,1
97,42,7
97,43,2
97,45,2
97,46,4
97,47,4
97,48,12
97,49,2
97,50,2
97,51,1
97,54,10
97,57,10
97,58,7
97,60,3
97,62,6
97,63,2
97,69,17
97,70,10
97,71,6
97,73,8
97,74,1
97,77,5
97,78,7
97,79,7
97,80,1
97,81,1
97,83,5
97,84,53
97,85,1
97,86,1
97,87,5
97,88,5
97,89,3
97,93,7
97,94,6
97,96,10
97,98,2
97,100,26
97,102,5
97,104,14
97,106,4
97,107,4
97,109,1
97,110,3
97,112,6
97,113,2
97,114,1
97,115,4
97,116,5
97,119,1
97,121,3
97,123,3
97,124,7
97,125,52
97,126,2
97,127,1
97,128,5
97,129,1
97,130,2
97,131,12
97,132,1
97,134,11
97,135,6
97,136,13
97,137,32
97,139,1
97,141,96
97,142,50
97,143,3
97,144,1
97,145,5
97,149,2
97,150,3
97,153,1
97,154,8
97,156,3
97,157,1
97,163,5
97,165,12
97,167,1
97,172,14
98,2,11
98,4,3
98,5,22
98,6,1
98,7,3
98,8,1
98,10,5
98,11,5
98,14,3
98,16,18
98,17,38
98,18,20
98,19,2
98,22,8
98,23,2
98,24,1
98,25,1
98,27,2
98,30,1
98,31,2
98,39,11
98,42,1
98,46,15
98,47,4
98,48,4
98,51,1
98,54,2
98,57,7
98,58,8
98,60,2
98,62,8
98,63,1
98,64,1
98,65,1
98,66,1
98,69,6
98,70,11
98,71,14
98,73,12
98,76,4
98,78,4
98,79,15
98,81,6
98,82,1
98,83,2
98,84,110
98,85,1
98,86,3
98,87,2
98,88,5
98,89,4
98,94,1
98,96,5
98,99,5
98,100,50
98,101,12
98,102,5
98,103,4
98,104,21
98,105,3
98,106,4
98,107,4
98,110,4
98,112,5
98,113,4
98,115,3
98,116,6
98,118,2
98,123,1
98,124,7
98,125,13
98,126,4
98,127,1
98,128,3
98,129,3
98,130,8
98,131,18
98,133,1
98,134,3
98,135,13
98,136,12
98,137,37
98,138,1
98,139,6
98,141,123
98,142,52
98,145,2
98,147,1
98,149,3
98,150,5
98,151,5
98,154,8
98,156,2
98,157,1
98,158,2
98,161,3
98,163,3
98,165,1
98,168,1
98,169,1
98,172,13
98,173,1
98,174,1
99,1,1
99,2,12
99,4,3
99,5,30
99,6,2
99,7,4
99,13,1
99,14,11
99,16,18
99,17,23
99,18,29
99,19,1
99,22,13
99,23,3
99,24,5
99,25,2
99,27,3
99,29,1
99,30,1
99,35,1
99,39,2
99,42,6
99,43,5
99,46,5
99,47,6
99,48,6
99,49,1
99,51,1
99,54,14
99,56,3
99,57,17
99,58,14
99,60,2
99,62,19
99,63,1
99,64,7
99,65,1
99,66,2
99,69,9
99,70,10
99,71,9
99,72,1
99,73,13
99,74,3
99,75,1
99,76,3
99,77,8
99,78,5
99,79,11
99,80,1
99,81,4
99,82,2
99,83,4
99,84,97
99,85,1
99,86,5
99,87,5
99,88,6
99,89,4
99,92,4
99,93,3
99,94,2
99,96,2
99,97,8
99,100,53
99,101,14
99,102,11
99,103,1
99,104,13
99,105,1
99,106,3
99,107,4
99,108,4
99,110,1
99,112,15
99,113,3
99,114,2
99,116,7
99,118,8
99,119,5
99,123,3
99,124,12
99,125,17
99,126,8
99,127,3
99,128,3
99,129,1
99,130,2
99,131,34
99,133,1
99,134,7
99,135,8
99,136,24
99,137,44
99,139,14
99,140,1
99,141,153
99,142,40
99,143,3
99,144,1
99,145,13
99,149,1
99,150,5
99,154,1
99,156,2
99,157,2
99,162,3
99,163,1
99,165,3
99,167,1
99,168,5
99,172,18
100,2,14
100,4,14
100,5,46
100,6,7
100,7,5
100,10,6
100,11,6
100,14,6
100,16,13
100,17,26
100,18,38
100,20,7
100,22,25
100,23,4
100,24,1
100,25,9
100,27,5
100,29,3
100,30,9
100,35,3
100,39,17
100,40,1
100,42,1
100,43,2
100,45,5
100,46,20
100,47,3
100,48,2
100,51,2
100,54,24
100,56,3
100,57,19
100,58,11
100,62,4
100,64,2
100,66,1
100,69,4
100,70,10
100,71,13
100,72,2
100,73,36
100,74,4
100,76,2
100,77,4
100,78,8
100,79,17
100,80,4
100,81,2
100,83,7
100,84,131
100,86,4
100,87,1
100,88,5
100,89,4
100,93,1
100,94,5
100,97,7
100,98,3
100,99,13
100,101,10
100,102,22
100,103,3
100,104,39
100,105,11
100,106,7
100,107,9
100,108,5
100,110,2
100,112,17
100,114,1
100,115,3
100,116,12
100,118,2
100,119,1
100,120,2
100,121,4
100,122,1
100,123,2
100,124,6
100,125,59
100,126,3
100,127,3
100,128,9
100,129,1
100,130,9
100,131,18
100,132,2
100,133,2
100,134,2
100,135,14
100,136,32
100,137,39
100,138,9
100,139,5
100,140,9
100,141,196
100,142,60
100,143,29
100,144,1
100,145,9
100,147,1
100,150,8
100,151,1
100,153,1
100,154,7
100,157,6
100,164,1
100,165,13
100,167,3
100,168,4
100,169,1
100,170,3
100,171,1
100,172,37
100,175,1
101,1,1
101,2,20
101,4,2
101,5,16
101,6,1
101,7,2
101,9,1
101,10,1
101,11,4
101,12,2
101,14,12
101,16,21
101,17,29
101,18,34
101,20,5
101,22,8
101,25,1
101,27,2
101,28,1
101,30,5
101,35,5
101,36,2
101,39,14
101,42,4
101,43,2
101,46,18
101,47,3
101,48,3
101,49,1
101,51,1
101,54,16
101,56,1
101,57,17
101,58,4
101,59,1
101,60,9
101,62,3
101,63,1
101,64,3
101,65,3
101,66,5
101,69,2
101,70,15
101,71,15
101,72,1
101,73,15
101,74,7
101,75,3
101,76,1
101,77,2
101,78,16
101,79,16
101,80,2
101,81,6
101,83,2
101,84,96
101,85,5
101,86,2
101,87,7
101,88,1
101,89,2
101,90,1
101,93,11
101,94,1
101,96,2
101,97,5
101,98,8
101,99,9
101,100,51
101,102,1
101,103,5
101,104,24
101,105,1
101,106,2
101,107,3
101,109,2
101,112,17
101,113,7
101,114,2
101,116,4
101,117,3
101,118,15
101,121,4
101,122,1
101,123,2
101,124,10
101,125,30
101,126,3
101,127,3
101,130,2
101,131,21
101,132,1
101,134,3
101,135,15
101,136,21
101,137,53
101,138,1
101,139,5
101,140,2
101,141,145
101,142,63
101,143,13
101,145,24
101,147,1
101,148,1
101,149,4
101,150,9
101,151,1
101,153,4
101,154,1
101,157,1
101,162,1
101,163,1
101,165,3
101,166,1
101,168,3
101,169,1
101,171,1
101,172,17
101,175,1
102,1,1
102,2,7
102,4,3
102,5,51
102,6,6
102,7,2
102,8,2
102,9,2
102,10,7
102,11,2
102,12,2
102,14,3
102,16,21
102,17,17
102,18,26
102,19,1
102,20,2
102,22,4
102,23,3
102,24,1
102,25,4
102,27,7
102,28,1
102,30,3
102,31,1
102,35,1
102,39,14
102,42,1
102,43,2
102,45,4
102,46,9
102,47,4
102,48,21
102,49,1
102,54,7
102,56,3
102,57,8
102,58,7
102,62,6
102,64,2
102,65,6
102,69,11
102,70,13
102,71,10
102,72,2
102,73,22
102,74,2
102,75,1
102,76,1
102,78,5
102,79,7
102,80,1
102,81,9
102,83,2
102,84,120
102,85,1
102,86,2
102,87,9
102,88,6
102,89,4
102,92,3
102,94,2
102,96,4
102,97,3
102,99,2
102,100,97
102,101,12
102,103,1
102,104,17
102,105,6
102,106,3
102,107,5
102,110,1
102,111,1
102,112,10
102,115,7
102,116,13
102,122,1
102,123,1
102,124,1
102,125,28
102,126,2
102,127,1
102,128,5
102,129,1
102,130,7
102,131,9
102,134,3
102,135,4
102,136,16
102,137,39
102,139,7
102,141,145
102,142,38
102,143,14
102,145,14
102,149,4
102,150,1
102,154,5
102,156,2
102,157,2
102,159,1
102,163,2
102,165,5
102,166,1
102,168,1
102,170,3
102,171,1
102,172,38
102,173,1
102,174,2
102,175,2
103,1,1
103,2,12
103,4,4
103,5,24
103,6,6
103,7,6
103,10,2
103,11,7
103,14,13
103,16,12
103,17,45
103,18,34
103,19,2
103,20,9
103,22,21
103,23,2
103,24,3
103,25,1
103,27,4
103,28,2
103,29,6
103,30,4
103,35,5
103,39,16
103,42,1
103,43,2
103,46,14
103,49,1
103,54,4
103,56,4
103,57,22
103,58,17
103,62,13
103,64,4
103,65,7
103,69,2
103,70,10
103,71,16
103,72,1
103,73,5
103,74,2
103,75,1
103,76,5
103,77,3
103,78,8
103,79,5
103,81,5
103,83,6
103,84,100
103,85,2
103,86,1
103,88,11
103,89,7
103,93,1
103,94,6
103,96,5
103,97,1
103,98,8
103,99,16
103,100,25
103,101,16
103,102,10
103,104,34
103,105,5
103,106,5
103,107,11
103,109,1
103,110,3
103,112,23
103,113,12
103,114,1
103,115,1
103,116,3
103,117,2
103,118,17
103,119,1
103,120,3
103,122,2
103,123,2
103,124,8
103,125,23
103,126,4
103,127,7
103,128,6
103,129,5
103,130,9
103,131,40
103,132,1
103,133,5
103,134,15
103,135,12
103,136,23
103,137,114
103,138,2
103,139,7
103,140,1
103,141,182
103,142,57
103,143,5
103,145,9
103,149,2
103,150,10
103,151,7
103,153,2
103,154,7
103,157,5
103,165,4
103,168,3
103,171,1
103,172,18
103,174,2
104,1,1
104,2,23
104,5,30
104,6,7
104,7,5
104,10,15
104,11,8
104,12,4
104,13,1
104,14,21
104,15,1
104,16,25
104,17,46
104,18,75
104,20,8
104,22,16
104,23,6
104,24,4
104,27,6
104,28,3
104,29,1
104,30,7
104,31,1
104,35,2
104,39,9
104,42,7
104,43,1
104,44,4
104,46,23
104,47,6
104,48,4
104,49,2
104,54,18
104,55,1
104,56,6
104,57,32
104,58,24
104,60,2
104,62,13
104,63,3
104,64,5
104,65,1
104,66,1
104,69,4
104,70,16
104,71,15
104,72,4
104,73,28
104,74,6
104,75,1
104,76,4
104,77,5
104,78,15
104,79,19
104,80,2
104,81,14
104,82,1
104,83,10
104,84,148
104,85,17
104,86,2
104,87,13
104,88,13
104,89,8
104,90,3
104,91,3
104,92,3
104,93,1
104,94,9
104,96,7
104,97,9
104,98,8
104,99,20
104,100,81
104,101,30
104,102,10
104,103,9
104,105,6
104,106,3
104,107,3
104,108,5
104,109,2
104,110,3
104,112,26
104,113,10
104,114,5
104,115,1
104,116,7
104,117,6
104,118,9
104,119,1
104,120,1
104,122,2
104,123,2
104,124,8
104,125,36
104,126,4
104,127,10
104,128,6
104,129,1
104,130,7
104,131,23
104,132,4
104,134,22
104,135,19
104,136,37
104,137,69
104,138,9
104,139,15
104,140,1
104,141,231
104,142,67
104,143,16
104,145,28
104,147,1
104,148,1
104,149,1
104,150,25
104,151,3
104,152,1
104,153,1
104,154,7
104,156,4
104,157,3
104,159,1
104,161,4
104,162,2
104,163,1
104,164,1
104,165,11
104,168,6
104,169,2
104,170,1
104,171,3
104,172,47
104,174,2
105,1,1
105,2,3
105,4,5
105,5,36
105,6,1
105,8,1
105,10,1
105,11,4
105,14,6
105,15,1
105,16,12
105,17,24
105,18,32
105,19,5
105,20,3
105,22,2
105,23,3
105,24,1
105,25,2
105,27,2
105,28,2
105,29,2
105,30,5
105,32,1
105,39,6
105,40,2
105,42,1
105,43,1
105,45,1
105,46,5
105,54,8
105,56,6
105,57,14
105,58,4
105,60,1
105,62,2
105,63,1
105,65,2
105,69,8
105,70,8
105,71,5
105,73,13
105,74,2
105,77,2
105,78,3
105,79,8
105,81,4
105,83,2
105,84,115
105,87,3
105,88,2
105,89,2
105,94,6
105,96,2
105,97,1
105,99,4
105,100,65
105,101,10
105,102,24
105,104,16
105,106,4
105,107,5
105,110,5
105,112,18
105,113,2
105,115,2
105,116,4
105,117,1
105,118,2
105,124,1
105,125,23
105,126,3
105,127,2
105,128,9
105,130,6
105,131,15
105,133,4
105,134,2
105,135,4
105,136,12
105,137,27
105,138,2
105,139,2
105,140,1
105,141,109
105,142,50
105,143,5
105,145,3
105,147,1
105,150,5
105,151,7
105,154,5
105,157,3
105,159,1
105,161,2
105,162,1
105,165,3
105,168,2
105,170,2
105,172,24
105,174,1
105,175,2
106,1,3
106,2,9
106,4,8
106,5,18
106,6,8
106,10,7
106,11,3
106,14,13
106,16,27
106,17,12
106,18,25
106,20,3
106,22,12
106,23,2
106,25,3
106,27,7
106,28,2
106,30,5
106,35,1
106,38,1
106,39,15
106,42,3
106,43,3
106,46,6
106,48,2
106,49,4
106,54,11
106,56,3
106,57,18
106,58,8
106,60,1
106,62,4
106,64,2
106,65,1
106,69,6
106,70,8
106,71,15
106,72,1
106,73,15
106,74,4
106,76,4
106,77,1
106,78,3
106,79,6
106,80,3
106,81,7
106,82,2
106,83,8
106,84,71
106,85,4
106,86,4
106,87,2
106,88,4
106,91,2
106,92,2
106,94,9
106,96,6
106,97,5
106,99,3
106,100,56
106,101,5
106,102,9
106,103,2
106,104,24
106,105,2
106,107,6
106,108,1
106,109,3
106,110,1
106,112,12
106,113,1
106,114,1
106,115,7
106,116,13
106,124,4
106,125,32
106,127,1
106,129,1
106,130,5
106,131,7
106,134,6
106,135,8
106,136,24
106,137,47
106,138,7
106,139,5
106,140,1
106,141,115
106,142,31
106,143,12
106,145,17
106,146,1
106,148,2
106,149,1
106,150,10
106,153,2
106,154,10
106,161,4
106,162,6
106,165,18
106,168,5
106,169,4
106,170,1
106,172,65
106,173,1
106,175,1
107,1,5
107,2,18
107,4,5
107,5,23
107,6,11
107,7,1
107,10,8
107,11,2
107,14,13
107,16,19
107,17,26
107,18,35
107,20,5
107,22,21
107,23,2
107,24,5
107,26,3
107,30,5
107,36,2
107,38,2
107,39,14
107,40,2
107,41,2
107,43,8
107,45,3
107,46,13
107,47,3
107,48,9
107,51,1
107,54,14
107,57,14
107,58,14
107,60,2
107,62,19
107,63,3
107,64,4
107,66,1
107,69,15
107,70,16
107,71,15
107,72,1
107,73,26
107,74,2
107,77,5
107,78,5
107,79,10
107,81,11
107,82,1
107,83,5
107,84,54
107,85,8
107,86,2
107,87,6
107,88,3
107,89,1
107,90,1
107,92,1
107,93,6
107,94,13
107,96,6
107,97,6
107,98,2
107,99,9
107,100,78
107,101,7
107,102,21
107,103,3
107,104,18
107,105,3
107,106,9
107,108,3
107,109,1
107,110,4
107,112,11
107,113,5
107,114,3
107,115,3
107,116,13
107,117,3
107,119,2
107,121,1
107,122,5
107,123,8
107,124,2
107,125,36
107,127,5
107,128,4
107,130,2
107,131,18
107,132,2
107,134,3
107,135,17
107,136,18
107,137,43
107,138,3
107,141,103
107,142,34
107,143,17
107,144,2
107,145,10
107,146,1
107,150,13
107,151,4
107,152,1
107,154,3
107,157,1
107,161,1
107,162,1
107,163,4
107,165,13
107,166,1
107,167,2
107,168,6
107,169,1
107,172,61
107,175,1
108,2,18
108,4,8
108,5,23
108,6,1
108,7,3
108,9,2
108,10,16
108,11,6
108,14,8
108,15,3
108,16,17
108,17,21
108,18,23
108,20,3
108,22,12
108,23,9
108,24,2
108,25,7
108,27,15
108,28,2
108,29,7
108,30,11
108,37,1
108,39,10
108,42,3
108,45,2
108,46,14
108,47,3
108,48,2
108,49,1
108,51,1
108,54,12
108,56,1
108,57,11
108,58,15
108,60,4
108,62,8
108,63,2
108,64,1
108,66,5
108,69,8
108,70,4
108,71,4
108,72,4
108,73,14
108,74,1
108,78,2
108,79,7
108,81,9
108,82,1
108,83,2
108,84,54
108,85,2
108,86,1
108,87,1
108,88,4
108,89,6
108,91,1
108,94,4
108,97,5
108,98,6
108,99,10
108,100,40
108,101,1
108,102,19
108,103,2
108,104,20
108,105,4
108,107,1
108,109,8
108,110,4
108,111,1
108,112,13
108,113,4
108,114,3
108,115,1
108,116,11
108,118,2
108,121,1
108,122,5
108,123,1
108,124,3
108,125,17
108,130,9
108,131,8
108,134,4
108,135,3
108,136,17
108,137,45
108,139,3
108,141,104
108,142,32
108,143,4
108,144,1
108,145,9
108,149,2
108,150,12
108,151,2
108,152,1
108,153,7
108,154,6
108,157,2
108,158,1
108,161,1
108,163,3
108,165,12
108,168,5
108,169,4
108,171,1
108,172,50
108,173,1
108,175,1
109,1,2
109,2,54
109,4,7
109,5,17
109,6,1
109,7,3
109,8,1
109,9,1
109,10,10
109,11,8
109,12,3
109,13,1
109,14,8
109,16,12
109,17,27
109,18,21
109,20,2
109,22,24
109,23,1
109,24,5
109,25,4
109,27,6
109,28,6
109,29,11
109,30,34
109,34,1
109,35,1
109,38,1
109,39,8
109,40,2
109,41,1
109,42,2
109,43,5
109,46,10
109,47,1
109,48,3
109,49,3
109,51,1
109,54,32
109,57,17
109,58,15
109,60,4
109,62,5
109,63,2
109,64,6
109,66,1
109,67,1
109,69,7
109,70,4
109,71,9
109,72,4
109,73,12
109,74,2
109,75,2
109,76,1
109,77,1
109,78,2
109,79,8
109,81,6
109,82,1
109,83,7
109,84,50
109,85,1
109,86,4
109,87,3
109,88,7
109,89,4
109,92,2
109,94,13
109,96,7
109,97,8
109,99,16
109,100,30
109,101,4
109,102,8
109,103,6
109,104,24
109,105,5
109,106,9
109,107,8
109,108,3
109,110,2
109,111,3
109,112,23
109,113,1
109,116,11
109,117,2
109,118,7
109,120,1
109,121,2
109,124,3
109,125,12
109,126,1
109,127,3
109,128,4
109,130,6
109,131,5
109,133,3
109,136,11
109,137,42
109,138,4
109,139,2
109,141,100
109,142,32
109,143,12
109,145,20
109,146,4
109,149,12
109,150,23
109,151,2
109,157,1
109,159,1
109,160,3
109,161,2
109,163,2
109,165,3
109,167,1
109,168,6
109,169,3
109,170,1
109,171,2
109,172,36
109,173,3
109,175,8
110,1,3
110,2,88
110,4,8
110,5,11
110,6,4
110,7,3
110,8,1
110,10,6
110,11,4
110,13,1
110,14,5
110,16,5
110,17,23
110,18,13
110,19,1
110,20,2
110,22,41
110,23,5
110,24,6
110,25,4
110,27,3
110,28,5
110,29,8
110,30,23
110,31,1
110,39,6
110,40,1
110,42,2
110,43,3
110,44,1
110,46,14
110,47,1
110,49,2
110,51,2
110,54,17
110,56,3
110,57,19
110,58,17
110,60,9
110,61,2
110,62,3
110,63,1
110,64,2
110,67,1
110,69,2
110,70,5
110,71,5
110,73,11
110,74,2
110,76,1
110,79,2
110,80,1
110,81,7
110,83,3
110,84,26
110,87,2
110,88,7
110,89,3
110,93,2
110,94,7
110,96,5
110,97,4
110,98,4
110,99,9
110,100,34
110,101,8
110,102,10
110,103,2
110,104,12
110,105,5
110,106,4
110,107,9
110,108,2
110,109,6
110,111,1
110,112,13
110,113,2
110,114,1
110,115,1
110,116,10
110,117,1
110,118,2
110,123,2
110,125,8
110,126,2
110,127,5
110,128,1
110,130,4
110,131,15
110,132,2
110,135,8
110,136,14
110,137,24
110,140,2
110,141,55
110,142,18
110,143,4
110,145,21
110,146,6
110,149,8
110,150,26
110,151,4
110,154,8
110,156,1
110,157,3
110,161,3
110,162,1
110,163,2
110,165,13
110,167,3
110,168,3
110,169,5
110,171,7
110,172,30
110,173,1
110,175,7
111,1,8
111,2,71
111,4,3
111,5,14
111,6,1
111,7,3
111,10,3
111,11,1
111,14,9
111,16,12
111,17,24
111,18,12
111,22,18
111,23,6
111,24,7
111,25,7
111,26,2
111,27,6
111,30,14
111,31,1
111,36,1
111,38,1
111,39,6
111,42,3
111,43,1
111,45,1
111,46,8
111,51,1
111,54,10
111,56,1
111,57,25
111,58,12
111,60,2
111,62,5
111,63,2
111,64,2
111,69,1
111,70,6
111,71,9
111,72,2
111,73,10
111,75,4
111,78,5
111,79,2
111,80,1
111,81,18
111,82,1
111,83,7
111,84,24
111,86,4
111,88,14
111,92,1
111,93,4
111,94,6
111,96,4
111,97,4
111,99,1
111,100,31
111,101,12
111,102,10
111,103,1
111,104,17
111,105,4
111,106,3
111,107,5
111,108,4
111,109,11
111,110,5
111,112,20
111,113,4
111,114,3
111,116,12
111,118,2
111,120,2
111,122,1
111,124,1
111,125,10
111,126,2
111,127,2
111,128,4
111,129,2
111,130,5
111,131,9
111,132,3
111,133,2
111,134,4
111,135,2
111,136,10
111,137,19
111,138,4
111,139,1
111,140,2
111,141,94
111,142,24
111,143,8
111,145,12
111,149,5
111,150,19
111,151,3
111,153,2
111,154,1
111,156,2
111,157,6
111,162,1
111,163,3
111,165,8
111,168,1
111,169,3
111,170,2
111,171,3
111,172,23
111,173,3
111,175,14
112,1,3
112,2,54
112,4,8
112,5,48
112,6,5
112,7,3
112,8,2
112,10,4
112,11,6
112,12,2
112,13,2
112,14,12
112,16,26
112,17,47
112,18,23
112,19,1
112,20,1
112,22,25
112,23,7
112,24,4
112,27,9
112,28,12
112,29,9
112,30,5
112,35,4
112,37,1
112,38,1
112,39,22
112,41,1
112,42,2
112,43,5
112,44,1
112,45,2
112,46,19
112,47,3
112,48,5
112,51,1
112,54,25
112,56,9
112,57,27
112,58,25
112,59,1
112,60,3
112,62,10
112,64,3
112,65,4
112,66,3
112,67,1
112,69,1
112,70,9
112,71,10
112,72,6
112,73,23
112,74,5
112,76,3
112,78,9
112,79,10
112,80,2
112,81,12
112,83,10
112,84,127
112,85,5
112,86,4
112,87,2
112,88,6
112,89,1
112,92,3
112,93,2
112,94,5
112,96,6
112,97,4
112,98,2
112,99,9
112,100,68
112,101,20
112,102,21
112,103,8
112,104,79
112,105,7
112,106,7
112,107,8
112,108,4
112,109,3
112,110,6
112,111,1
112,113,20
112,114,3
112,115,3
112,116,10
112,118,1
112,119,2
112,120,3
112,121,5
112,122,3
112,123,1
112,125,40
112,126,4
112,127,6
112,128,8
112,129,1
112,130,19
112,131,21
112,133,2
112,134,8
112,135,26
112,136,43
112,137,95
112,138,3
112,139,4
112,140,2
112,141,216
112,142,83
112,143,10
112,145,20
112,149,4
112,150,19
112,151,5
112,154,7
112,156,1
112,157,2
112,162,3
112,163,3
112,165,2
112,167,2
112,168,12
112,169,1
112,171,4
112,172,71
112,173,4
112,174,5
112,175,2
113,1,4
113,2,30
113,4,8
113,5,50
113,6,5
113,7,3
113,10,6
113,11,3
113,12,3
113,14,12
113,16,19
113,17,48
113,18,50
113,19,1
113,20,4
113,22,24
113,23,4
113,24,3
113,25,2
113,26,4
113,27,6
113,29,1
113,30,11
113,35,2
113,36,4
113,37,2
113,39,14
113,41,1
113,42,3
113,43,1
113,46,15
113,47,1
113,48,4
113,49,2
113,51,1
113,54,23
113,56,5
113,57,28
113,58,14
113,60,3
113,62,12
113,63,2
113,64,12
113,65,1
113,66,3
113,69,11
113,70,20
113,71,13
113,72,4
113,73,11
113,74,8
113,75,1
113,76,3
113,77,4
113,78,10
113,79,6
113,80,3
113,81,16
113,82,1
113,83,2
113,84,125
113,85,11
113,86,4
113,87,2
113,88,9
113,89,2
113,92,2
113,94,4
113,96,3
113,97,9
113,98,9
113,99,22
113,100,63
113,101,20
113,102,22
113,103,12
113,104,52
113,105,8
113,106,5
113,107,1
113,108,1
113,110,9
113,112,36
113,114,3
113,115,1
113,116,13
113,118,17
113,119,3
113,120,1
113,122,4
113,123,1
113,124,2
113,125,29
113,126,5
113,127,1
113,128,7
113,129,2
113,130,9
113,131,28
113,132,1
113,133,1
113,134,5
113,135,12
113,136,41
113,137,91
113,138,8
113,139,4
113,140,1
113,141,265
113,142,87
113,143,8
113,145,18
113,146,1
113,147,1
113,148,1
113,149,2
113,150,9
113,151,6
113,153,1
113,154,10
113,159,2
113,160,1
113,163,1
113,164,2
113,165,7
113,167,1
113,168,2
113,169,2
113,170,1
113,172,39
113,173,1
113,174,6
113,175,3
114,1,5
114,2,131
114,4,3
114,5,14
114,6,6
114,7,1
114,8,1
114,10,2
114,11,18
114,12,2
114,14,17
114,15,3
114,16,16
114,17,27
114,18,24
114,20,1
114,22,59
114,23,9
114,25,3
114,27,5
114,28,5
114,29,3
114,31,1
114,33,1
114,37,2
114,38,1
114,39,2
114,41,1
114,42,2
114,43,3
114,45,1
114,46,26
114,47,1
114,48,4
114,49,5
114,51,1
114,54,33
114,56,1
114,57,64
114,58,23
114,60,5
114,62,10
114,63,4
114,64,1
114,65,1
114,69,4
114,70,8
114,71,9
114,72,2
114,73,11
114,74,2
114,76,2
114,77,8
114,78,12
114,79,1
114,80,4
114,81,18
114,82,2
114,83,9
114,84,51
114,85,6
114,86,9
114,87,9
114,88,12
114,89,2
114,90,1
114,91,1
114,93,3
114,94,5
114,96,5
114,97,5
114,98,1
114,99,7
114,100,34
114,101,14
114,102,7
114,103,7
114,104,27
114,105,9
114,106,4
114,107,9
114,108,2
114,109,4
114,110,2
114,111,1
114,112,24
114,113,15
114,116,2
114,117,8
114,118,2
114,119,4
114,122,2
114,123,3
114,124,2
114,125,5
114,126,5
114,127,1
114,128,1
114,129,1
114,130,2
114,131,29
114,134,14
114,135,9
114,136,18
114,137,56
114,138,3
114,139,3
114,140,2
114,141,129
114,142,27
114,143,7
114,145,24
114,146,2
114,149,4
114,150,24
114,151,6
114,153,1
114,156,7
114,159,6
114,162,1
114,163,2
114,164,2
114,165,6
114,168,4
114,170,1
114,171,5
114,172,31
114,175,13
115,1,1
115,2,15
115,4,3
115,5,25
115,6,18
115,7,2
115,9,1
115,10,5
115,11,4
115,13,2
115,14,2
115,15,1
115,16,15
115,17,20
115,18,12
115,20,5
115,22,8
115,23,7
115,24,2
115,25,3
115,27,10
115,29,3
115,30,8
115,31,1
115,39,18
115,40,3
115,42,4
115,43,2
115,44,4
115,46,13
115,47,2
115,48,9
115,49,5
115,54,11
115,56,4
115,57,13
115,58,10
115,62,9
115,63,1
115,65,1
115,69,11
115,70,3
115,71,9
115,72,2
115,73,19
115,74,3
115,77,1
115,78,13
115,79,4
115,81,9
115,82,1
115,83,4
115,84,71
115,85,5
115,86,5
115,87,5
115,88,5
115,89,3
115,90,3
115,93,1
115,94,5
115,96,9
115,97,3
115,98,4
115,99,7
115,100,61
115,101,6
115,102,10
115,103,5
115,104,21
115,105,6
115,106,3
115,107,7
115,108,1
115,110,5
115,112,11
115,114,1
115,116,18
115,118,3
115,120,1
115,122,2
115,123,2
115,124,4
115,125,19
115,126,1
115,127,5
115,128,1
115,130,2
115,131,7
115,132,1
115,134,1
115,135,12
115,136,7
115,137,44
115,138,2
115,139,8
115,140,1
115,141,140
115,142,17
115,143,12
115,145,7
115,146,4
115,147,1
115,150,12
115,153,1
115,154,6
115,157,3
115,158,1
115,161,2
115,162,1
115,165,15
115,169,4
115,171,1
115,172,35
115,173,1
116,2,15
116,4,1
116,5,13
116,6,9
116,7,2
116,9,1
116,10,7
116,11,9
116,12,2
116,14,8
116,16,7
116,17,17
116,18,16
116,20,2
116,22,15
116,23,2
116,24,3
116,25,2
116,27,5
116,29,6
116,30,1
116,35,2
116,37,1
116,38,2
116,39,10
116,43,4
116,45,7
116,46,5
116,48,6
116,54,3
116,57,14
116,58,10
116,60,1
116,62,7
116,63,2
116,64,2
116,67,1
116,69,11
116,70,1
116,71,6
116,72,2
116,73,35
116,74,2
116,77,2
116,78,7
116,79,2
116,80,2
116,81,11
116,82,2
116,83,3
116,84,53
116,86,2
116,87,3
116,88,10
116,89,6
116,92,2
116,93,1
116,94,5
116,97,4
116,99,5
116,100,36
116,101,5
116,102,10
116,103,2
116,104,8
116,105,1
116,106,1
116,107,3
116,108,1
116,112,4
116,113,6
116,114,3
116,115,2
116,118,1
116,119,1
116,122,6
116,123,3
116,125,30
116,128,4
116,130,2
116,131,5
116,134,3
116,135,4
116,136,13
116,137,25
116,138,2
116,139,1
116,140,6
116,141,125
116,142,16
116,143,1
116,145,9
116,146,2
116,147,2
116,150,14
116,154,2
116,156,1
116,159,2
116,162,1
116,163,1
116,164,1
116,165,10
116,166,1
116,169,8
116,170,1
116,172,42
116,173,5
116,174,3
116,175,1
117,2,7
117,4,3
117,5,19
117,6,2
117,7,1
117,8,1
117,9,1
117,11,1
117,12,1
117,14,3
117,16,17
117,17,30
117,18,35
117,20,2
117,22,15
117,23,1
117,24,4
117,25,3
117,27,5
117,28,1
117,29,4
117,30,1
117,39,3
117,43,2
117,46,7
117,48,3
117,54,10
117,56,3
117,57,9
117,58,6
117,62,11
117,64,3
117,65,1
117,68,1
117,69,7
117,70,2
117,71,3
117,72,5
117,73,11
117,74,3
117,76,3
117,77,3
117,78,9
117,79,12
117,81,2
117,82,1
117,83,5
117,84,94
117,86,3
117,87,1
117,88,4
117,89,1
117,94,1
117,96,4
117,97,5
117,98,1
117,99,12
117,100,42
117,101,8
117,102,4
117,103,7
117,104,20
117,105,6
117,106,3
117,107,1
117,108,1
117,110,2
117,112,9
117,113,8
117,115,2
117,116,4
117,118,8
117,119,1
117,123,1
117,124,3
117,125,14
117,126,2
117,127,1
117,128,5
117,130,7
117,131,12
117,133,1
117,135,7
117,136,22
117,137,53
117,138,1
117,139,6
117,141,104
117,142,41
117,143,7
117,144,1
117,145,4
117,147,1
117,149,7
117,150,4
117,151,5
117,154,6
117,156,1
117,157,1
117,158,1
117,160,1
117,165,1
117,170,1
117,172,30
117,173,1
117,175,2
118,1,2
118,2,10
118,4,4
118,5,29
118,6,6
118,7,7
118,9,2
118,10,10
118,14,7
118,16,17
118,17,28
118,18,23
118,20,4
118,21,1
118,22,14
118,23,4
118,28,2
118,29,4
118,30,1
118,37,2
118,38,1
118,39,7
118,40,1
118,41,1
118,42,2
118,43,6
118,44,1
118,45,4
118,46,3
118,47,2
118,48,1
118,49,1
118,54,19
118,57,29
118,58,11
118,60,7
118,61,1
118,62,11
118,63,2
118,64,5
118,65,7
118,69,3
118,70,14
118,71,10
118,73,10
118,74,1
118,77,2
118,78,7
118,79,9
118,81,5
118,82,3
118,83,3
118,84,119
118,85,3
118,86,5
118,87,1
118,88,13
118,89,6
118,94,1
118,96,8
118,97,2
118,99,2
118,100,25
118,101,11
118,102,16
118,103,7
118,104,43
118,105,3
118,106,6
118,107,2
118,110,5
118,112,18
118,113,13
118,114,4
118,116,6
118,119,1
118,122,2
118,124,2
118,125,24
118,126,1
118,127,1
118,128,3
118,130,13
118,131,23
118,132,2
118,133,3
118,134,13
118,135,9
118,136,17
118,137,47
118,138,4
118,139,4
118,141,171
118,142,65
118,143,5
118,145,15
118,148,1
118,150,7
118,151,6
118,154,4
118,156,2
118,160,1
118,161,2
118,162,1
118,166,1
118,168,5
118,170,2
118,172,19
118,174,1
119,1,5
119,2,42
119,4,4
119,5,23
119,6,6
119,7,1
119,8,1
119,10,2
119,11,4
119,13,1
119,14,10
119,16,8
119,17,22
119,18,48
119,20,2
119,22,29
119,23,1
119,24,4
119,25,6
119,27,2
119,30,10
119,32,1
119,35,2
119,39,10
119,40,1
119,42,1
119,43,5
119,44,1
119,45,2
119,46,15
119,47,1
119,48,5
119,49,3
119,50,2
119,51,3
119,54,19
119,56,3
119,57,47
119,58,43
119,60,6
119,62,14
119,63,8
119,64,2
119,65,4
119,66,5
119,69,1
119,70,14
119,71,2
119,72,1
119,73,5
119,74,10
119,76,1
119,77,5
119,78,6
119,79,6
119,81,15
119,83,8
119,84,57
119,85,4
119,86,4
119,87,1
119,88,15
119,89,5
119,93,3
119,94,7
119,96,6
119,97,6
119,98,4
119,99,6
119,100,15
119,101,14
119,102,2
119,103,3
119,104,31
119,105,2
119,106,1
119,107,7
119,109,2
119,110,4
119,112,21
119,113,7
119,114,21
119,115,2
119,116,7
119,117,4
119,118,11
119,120,1
119,122,1
119,123,2
119,124,7
119,125,12
119,126,6
119,127,2
119,128,8
119,130,2
119,131,17
119,132,2
119,134,4
119,135,7
119,136,11
119,137,58
119,138,2
119,139,3
119,141,141
119,142,30
119,143,15
119,145,25
119,146,2
119,149,3
119,150,14
119,151,14
119,152,1
119,153,1
119,154,5
119,156,1
119,157,5
119,161,3
119,164,2
119,165,6
119,169,1
119,170,3
119,172,30
120,1,5
120,2,26
120,4,2
120,5,21
120,6,1
120,7,8
120,9,2
120,10,7
120,11,1
120,12,1
120,13,1
120,14,10
120,16,32
120,17,38
120,18,86
120,19,2
120,20,1
120,22,28
120,23,8
120,24,7
120,25,2
120,27,6
120,28,2
120,30,3
120,32,1
120,35,2
120,37,1
120,39,13
120,40,2
120,42,1
120,43,3
120,44,1
120,45,4
120,46,9
120,47,3
120,48,4
120,52,1
120,54,24
120,55,4
120,56,3
120,57,23
120,58,12
120,59,10
120,60,3
120,62,19
120,63,1
120,64,14
120,66,1
120,69,5
120,70,13
120,71,5
120,73,17
120,74,14
120,75,3
120,76,5
120,77,11
120,78,20
120,79,19
120,80,4
120,81,13
120,83,4
120,84,149
120,85,17
120,86,6
120,87,1
120,88,12
120,89,7
120,91,1
120,92,2
120,93,1
120,94,6
120,96,11
120,97,6
120,98,1
120,99,15
120,100,33
120,101,9
120,102,2
120,103,6
120,104,24
120,105,5
120,106,2
120,107,6
120,108,2
120,110,3
120,111,1
120,112,18
120,113,2
120,115,1
120,116,3
120,117,1
120,118,4
120,119,2
120,122,1
120,124,2
120,125,10
120,126,4
120,127,3
120,128,8
120,129,1
120,130,10
120,131,40
120,132,3
120,133,2
120,134,12
120,135,16
120,136,28
120,137,101
120,138,8
120,139,5
120,140,3
120,141,238
120,142,79
120,143,9
120,145,29
120,148,3
120,149,8
120,150,12
120,151,1
120,153,2
120,154,9
120,156,4
120,157,8
120,159,1
120,160,2
120,161,1
120,162,2
120,163,4
120,165,14
120,167,2
120,169,1
120,172,23
120,173,3
121,1,1
121,2,7
121,4,1
121,5,29
121,6,1
121,7,3
121,10,6
121,11,2
121,14,3
121,15,2
121,16,24
121,17,22
121,18,16
121,20,2
121,22,6
121,24,8
121,25,4
121,26,1
121,27,7
121,29,3
121,39,27
121,41,2
121,42,10
121,43,4
121,45,1
121,46,9
121,47,4
121,48,9
121,49,1
121,50,3
121,54,4
121,56,1
121,57,3
121,58,4
121,62,11
121,69,9
121,70,12
121,71,13
121,73,13
121,74,1
121,77,1
121,78,10
121,81,4
121,83,4
121,84,52
121,85,2
121,86,1
121,87,2
121,88,2
121,89,7
121,92,1
121,94,12
121,96,1
121,97,3
121,99,3
121,100,24
121,101,5
121,102,9
121,103,1
121,104,10
121,105,3
121,106,2
121,107,2
121,110,1
121,111,1
121,112,14
121,114,1
121,116,8
121,118,1
121,122,2
121,123,3
121,125,47
121,126,2
121,128,2
121,130,6
121,131,11
121,135,10
121,136,9
121,137,37
121,139,4
121,140,1
121,141,118
121,142,52
121,143,1
121,145,1
121,149,3
121,150,4
121,154,2
121,156,2
121,157,2
121,165,11
121,167,2
121,168,2
121,170,3
121,172,21
122,1,1
122,2,11
122,4,5
122,5,43
122,6,1
122,10,2
122,11,1
122,14,1
122,16,3
122,17,14
122,18,18
122,22,6
122,23,2
122,24,1
122,25,1
122,26,1
122,27,2
122,29,2
122,35,1
122,39,20
122,42,5
122,43,1
122,44,2
122,45,9
122,46,8
122,47,1
122,48,3
122,49,1
122,53,1
122,56,3
122,57,8
122,58,6
122,60,1
122,62,6
122,63,2
122,64,2
122,65,1
122,67,1
122,69,18
122,70,5
122,71,5
122,72,6
122,73,13
122,74,2
122,75,3
122,77,4
122,78,1
122,79,8
122,81,7
122,83,9
122,84,59
122,85,3
122,86,3
122,87,1
122,88,1
122,89,1
122,90,1
122,92,1
122,94,1
122,96,8
122,97,6
122,98,4
122,99,1
122,100,26
122,101,3
122,102,1
122,103,2
122,104,9
122,105,3
122,107,2
122,108,1
122,109,1
122,111,2
122,112,8
122,113,6
122,115,2
122,116,6
122,118,2
122,119,1
122,121,3
122,123,4
122,124,1
122,125,164
122,127,1
122,128,8
122,130,5
122,131,6
122,134,4
122,135,9
122,136,15
122,137,34
122,138,2
122,140,1
122,141,108
122,142,30
122,143,4
122,145,6
122,149,1
122,150,8
122,154,1
122,157,1
122,163,1
122,165,2
122,169,1
122,172,14
123,2,8
123,4,11
123,5,47
123,6,6
123,7,3
123,9,2
123,10,5
123,12,1
123,14,1
123,16,18
123,17,18
123,18,27
123,21,3
123,22,7
123,23,3
123,24,3
123,25,1
123,27,10
123,30,2
123,32,1
123,34,1
123,38,1
123,39,32
123,42,7
123,43,4
123,45,10
123,46,4
123,47,6
123,48,4
123,51,1
123,54,10
123,56,3
123,57,3
123,58,5
123,60,1
123,62,7
123,64,1
123,68,1
123,69,17
123,70,4
123,71,11
123,72,6
123,73,15
123,74,8
123,75,2
123,76,1
123,77,2
123,78,8
123,79,10
123,81,5
123,83,10
123,84,99
123,85,3
123,86,2
123,87,4
123,88,5
123,89,1
123,92,1
123,93,2
123,94,9
123,96,11
123,97,11
123,98,3
123,99,2
123,100,52
123,101,11
123,102,8
123,103,4
123,104,7
123,105,3
123,106,8
123,107,7
123,108,1
123,110,1
123,112,8
123,115,2
123,116,7
123,118,3
123,122,1
123,124,2
123,125,171
123,128,4
123,130,5
123,131,7
123,133,1
123,134,5
123,135,2
123,136,12
123,137,25
123,138,2
123,139,8
123,140,4
123,141,142
123,142,38
123,143,13
123,145,7
123,146,1
123,150,4
123,152,1
123,154,1
123,157,3
123,159,1
123,165,3
123,166,1
123,168,2
123,169,2
123,171,1
123,172,31
124,2,20
124,4,1
124,5,21
124,6,2
124,7,1
124,10,5
124,11,2
124,12,1
124,14,15
124,16,27
124,17,40
124,18,106
124,19,2
124,20,3
124,22,20
124,23,2
124,24,1
124,25,6
124,27,2
124,28,3
124,29,4
124,30,2
124,34,1
124,35,6
124,39,11
124,40,1
124,42,4
124,43,3
124,45,3
124,46,19
124,47,1
124,48,8
124,49,3
124,50,1
124,54,21
124,55,1
124,57,21
124,58,15
124,60,8
124,61,1
124,62,14
124,63,1
124,64,4
124,65,1
124,66,2
124,69,7
124,70,18
124,71,24
124,72,2
124,73,22
124,74,3
124,76,5
124,77,4
124,78,6
124,79,29
124,80,1
124,81,4
124,83,6
124,84,149
124,85,9
124,86,4
124,87,2
124,88,4
124,89,2
124,92,4
124,93,5
124,94,5
124,96,7
124,97,9
124,98,9
124,99,28
124,100,73
124,101,26
124,102,12
124,103,10
124,104,28
124,105,5
124,106,3
124,107,1
124,110,2
124,112,11
124,113,5
124,114,1
124,116,4
124,117,1
124,118,5
124,121,1
124,122,2
124,123,7
124,125,42
124,126,9
124,127,6
124,128,7
124,129,1
124,130,11
124,131,51
124,132,5
124,133,7
124,134,14
124,135,14
124,136,36
124,137,79
124,138,6
124,139,8
124,141,243
124,142,66
124,143,16
124,145,13
124,149,1
124,150,8
124,151,3
124,153,2
124,154,12
124,156,1
124,161,3
124,163,2
124,164,2
124,165,5
124,166,1
124,167,3
124,168,4
124,170,1
124,172,32
125,1,1
125,2,15
125,4,2
125,5,31
125,6,5
125,10,3
125,11,2
125,12,1
125,14,4
125,15,1
125,16,39
125,17,25
125,18,39
125,20,1
125,22,10
125,23,8
125,24,2
125,25,6
125,27,12
125,28,1
125,29,1
125,30,3
125,32,1
125,35,5
125,37,1
125,38,2
125,39,25
125,40,2
125,42,1
125,43,7
125,45,1
125,46,7
125,47,12
125,48,24
125,50,1
125,54,10
125,56,6
125,57,12
125,58,11
125,60,4
125,62,6
125,64,3
125,65,1
125,69,28
125,70,8
125,71,10
125,72,15
125,73,14
125,74,2
125,76,2
125,77,9
125,78,5
125,79,10
125,81,10
125,82,4
125,83,10
125,84,80
125,85,3
125,86,2
125,87,1
125,88,10
125,89,8
125,94,5
125,96,7
125,97,20
125,98,3
125,99,10
125,100,46
125,101,2
125,102,9
125,103,3
125,104,16
125,105,2
125,106,5
125,107,4
125,110,4
125,111,1
125,112,7
125,116,10
125,117,5
125,118,5
125,122,3
125,123,8
125,124,2
125,126,1
125,127,3
125,128,4
125,130,9
125,131,12
125,132,2
125,134,4
125,135,16
125,136,15
125,137,64
125,138,3
125,139,7
125,141,180
125,142,51
125,143,15
125,145,10
125,146,5
125,149,6
125,150,4
125,154,3
125,156,1
125,157,3
125,161,1
125,163,6
125,165,10
125,168,3
125,169,3
125,170,1
125,172,15
125,173,1
125,174,1
125,175,4
126,1,5
126,2,22
126,4,3
126,5,44
126,6,4
126,7,4
126,8,2
126,10,3
126,11,6
126,12,3
126,14,12
126,16,31
126,17,49
126,18,97
126,20,5
126,22,17
126,23,5
126,24,2
126,25,1
126,26,1
126,27,9
126,29,1
126,30,4
126,35,5
126,36,1
126,37,1
126,39,10
126,42,3
126,43,2
126,44,3
126,46,24
126,48,12
126,49,1
126,51,1
126,54,22
126,56,1
126,57,25
126,58,12
126,60,2
126,62,17
126,63,1
126,64,8
126,65,1
126,66,2
126,69,25
126,70,23
126,71,26
126,72,4
126,73,15
126,74,10
126,75,1
126,76,3
126,77,9
126,78,14
126,79,34
126,80,1
126,81,8
126,83,8
126,84,187
126,85,12
126,86,8
126,87,7
126,88,6
126,89,1
126,90,2
126,92,3
126,93,6
126,94,7
126,96,11
126,97,3
126,98,6
126,99,5
126,100,88
126,101,18
126,102,7
126,103,8
126,104,32
126,105,3
126,106,10
126,107,10
126,108,1
126,110,2
126,112,20
126,113,5
126,115,1
126,116,10
126,118,6
126,121,1
126,122,1
126,123,3
126,124,6
126,125,51
126,127,13
126,128,15
126,130,11
126,131,57
126,132,1
126,133,8
126,134,21
126,135,24
126,136,37
126,137,100
126,138,27
126,139,8
126,140,3
126,141,288
126,142,78
126,143,17
126,144,1
126,145,10
126,146,2
126,149,3
126,150,4
126,154,11
126,156,1
126,157,3
126,163,3
126,165,4
126,167,3
126,168,2
126,172,20
126,173,1
126,174,2
126,175,2
127,1,2
127,2,10
127,4,1
127,5,20
127,6,1
127,7,1
127,10,1
127,14,8
127,16,21
127,17,17
127,18,23
127,19,1
127,20,7
127,22,15
127,23,1
127,24,2
127,25,2
127,27,1
127,28,2
127,29,2
127,30,5
127,35,2
127,37,3
127,39,16
127,40,1
127,43,3
127,45,4
127,46,12
127,47,5
127,48,8
127,54,10
127,56,1
127,57,14
127,58,13
127,60,1
127,62,13
127,63,1
127,64,1
127,66,2
127,67,2
127,69,2
127,70,14
127,71,23
127,72,5
127,73,9
127,74,2
127,75,1
127,76,1
127,77,7
127,78,6
127,79,7
127,80,1
127,81,5
127,82,1
127,83,9
127,84,125
127,85,8
127,86,8
127,87,3
127,88,4
127,89,2
127,90,1
127,92,4
127,94,7
127,96,9
127,97,5
127,98,3
127,99,10
127,100,66
127,101,8
127,102,2
127,103,5
127,104,28
127,105,3
127,106,5
127,107,8
127,108,1
127,110,2
127,112,13
127,113,1
127,115,1
127,116,3
127,118,3
127,119,1
127,122,1
127,123,2
127,124,2
127,125,14
127,126,3
127,128,4
127,129,4
127,130,6
127,131,38
127,134,9
127,135,9
127,136,30
127,137,49
127,138,5
127,139,15
127,141,173
127,142,54
127,143,14
127,144,2
127,145,5
127,146,1
127,147,1
127,149,1
127,150,13
127,154,9
127,156,3
127,160,3
127,161,1
127,163,1
127,165,7
127,167,1
127,168,1
127,169,1
127,171,1
127,172,28
128,1,2
128,2,6
128,4,3
128,5,8
128,11,4
128,14,1
128,16,5
128,17,15
128,18,15
128,20,2
128,22,2
128,23,2
128,24,1
128,28,2
128,35,5
128,38,1
128,39,2
128,42,1
128,43,4
128,46,5
128,47,1
128,48,2
128,51,2
128,54,6
128,57,3
128,58,9
128,62,4
128,64,1
128,69,6
128,70,9
128,71,9
128,72,1
128,73,7
128,74,2
128,77,1
128,78,3
128,79,12
128,81,5
128,83,4
128,84,94
128,85,3
128,86,1
128,87,5
128,89,3
128,92,2
128,93,1
128,94,2
128,96,5
128,97,5
128,100,47
128,101,7
128,102,11
128,103,2
128,104,9
128,105,3
128,106,2
128,107,2
128,110,3
128,111,1
128,112,7
128,113,2
128,115,1
128,116,1
128,117,2
128,118,2
128,121,1
128,123,1
128,124,3
128,125,21
128,126,1
128,127,3
128,130,6
128,131,18
128,134,2
128,135,12
128,136,19
128,137,17
128,139,6
128,141,123
128,142,31
128,143,4
128,145,1
128,149,1
128,150,4
128,153,1
128,154,1
128,157,3
128,165,3
128,168,2
128,170,1
128,172,6
128,174,1
129,1,2
129,2,6
129,4,2
129,5,37
129,6,3
129,7,1
129,10,3
129,11,1
129,12,1
129,13,1
129,14,7
129,15,1
129,16,10
129,17,15
129,18,16
129,19,1
129,20,4
129,22,4
129,24,1
129,25,1
129,26,1
129,28,1
129,30,4
129,35,2
129,39,9
129,43,1
129,45,1
129,46,5
129,47,2
129,48,5
129,54,7
129,56,3
129,57,5
129,58,2
129,60,2
129,62,3
129,69,5
129,70,5
129,71,3
129,73,15
129,76,3
129,78,2
129,79,8
129,81,2
129,82,2
129,83,5
129,84,64
129,85,1
129,86,2
129,87,1
129,88,7
129,89,1
129,93,4
129,94,6
129,96,5
129,97,3
129,99,8
129,100,44
129,101,4
129,102,7
129,103,1
129,104,11
129,105,4
129,106,3
129,107,1
129,109,1
129,110,1
129,112,14
129,113,1
129,115,2
129,116,5
129,120,1
129,121,2
129,122,2
129,125,26
129,126,1
129,127,1
129,128,2
129,130,9
129,131,13
129,134,3
129,135,2
129,136,10
129,137,37
129,138,1
129,139,3
129,140,6
129,141,88
129,142,49
129,143,9
129,145,5
129,149,1
129,150,6
129,154,4
129,156,1
129,165,4
129,166,1
129,168,2
129,172,18
129,174,1
130,2,15
130,5,20
130,6,2
130,7,1
130,11,1
130,14,8
130,15,1
130,16,19
130,17,6
130,18,29
130,20,1
130,22,4
130,23,2
130,25,2
130,26,1
130,33,1
130,35,2
130,39,8
130,42,2
130,46,1
130,47,5
130,49,2
130,51,1
130,54,2
130,57,5
130,58,2
130,59,2
130,62,8
130,64,5
130,66,1
130,71,1
130,72,2
130,73,4
130,78,5
130,79,6
130,81,11
130,83,3
130,84,55
130,85,4
130,87,1
130,88,2
130,94,1
130,96,5
130,97,4
130,99,10
130,100,14
130,101,1
130,102,3
130,103,1
130,104,8
130,106,1
130,107,4
130,108,1
130,110,2
130,112,2
130,113,2
130,114,1
130,115,1
130,116,2
130,119,1
130,120,1
130,123,2
130,125,12
130,126,4
130,127,1
130,128,2
130,131,27
130,132,1
130,134,5
130,135,2
130,136,17
130,137,15
130,138,1
130,139,1
130,140,1
130,141,106
130,142,27
130,143,7
130,145,8
130,149,1
130,150,1
130,154,3
130,156,2
130,165,1
130,167,1
130,168,2
130,169,1
130,171,1
130,172,10
130,175,1
131,1,4
131,2,12
131,4,4
131,5,23
131,6,2
131,10,4
131,11,3
131,14,15
131,16,20
131,17,16
131,18,70
131,20,10
131,21,2
131,22,4
131,23,2
131,27,5
131,28,3
131,30,4
131,32,3
131,35,2
131,37,2
131,39,8
131,42,4
131,45,1
131,46,14
131,47,5
131,48,1
131,50,1
131,54,5
131,55,2
131,56,2
131,57,15
131,58,15
131,60,1
131,62,17
131,63,3
131,64,8
131,69,18
131,70,11
131,71,5
131,73,20
131,74,6
131,76,3
131,77,5
131,78,12
131,79,15
131,80,1
131,81,11
131,83,6
131,84,111
131,85,1
131,86,4
131,87,1
131,88,7
131,89,2
131,90,1
131,92,4
131,93,2
131,94,5
131,95,1
131,96,7
131,97,4
131,98,2
131,99,12
131,100,28
131,101,19
131,102,10
131,103,4
131,104,20
131,106,1
131,107,3
131,108,1
131,112,7
131,113,5
131,114,5
131,115,1
131,116,6
131,118,3
131,120,1
131,121,1
131,122,2
131,123,3
131,124,3
131,125,13
131,126,6
131,127,1
131,128,7
131,129,1
131,130,4
131,133,1
131,134,8
131,135,24
131,136,44
131,137,40
131,138,7
131,139,9
131,140,1
131,141,223
131,142,81
131,143,19
131,145,8
131,148,1
131,149,2
131,150,7
131,151,1
131,152,1
131,153,2
131,154,3
131,156,2
131,157,1
131,162,1
131,163,1
131,164,1
131,165,7
131,168,5
131,169,1
131,172,19
131,175,2
132,1,6
132,2,6
132,4,3
132,5,12
132,6,2
132,10,1
132,14,9
132,16,4
132,17,15
132,18,32
132,20,2
132,22,6
132,23,1
132,24,2
132,27,1
132,30,2
132,35,1
132,40,1
132,42,1
132,46,3
132,47,2
132,49,4
132,51,16
132,54,2
132,57,13
132,58,6
132,60,4
132,62,30
132,70,10
132,71,10
132,73,15
132,74,2
132,75,3
132,77,10
132,78,18
132,79,46
132,80,1
132,81,10
132,82,2
132,83,9
132,84,85
132,85,5
132,86,2
132,87,6
132,88,13
132,89,1
132,90,2
132,93,1
132,94,6
132,96,7
132,97,2
132,98,3
132,99,4
132,100,22
132,101,2
132,103,1
132,104,11
132,105,4
132,106,5
132,107,2
132,108,1
132,110,1
132,112,6
132,113,1
132,116,1
132,125,9
132,126,2
132,128,2
132,129,4
132,130,4
132,131,8
132,134,4
132,135,3
132,136,9
132,137,39
132,139,1
132,140,3
132,141,95
132,142,40
132,143,7
132,144,1
132,145,9
132,146,3
132,147,3
132,150,10
132,151,2
132,154,6
132,157,8
132,160,1
132,161,4
132,163,1
132,165,6
132,168,5
132,169,1
132,172,5
133,2,7
133,4,3
133,5,13
133,6,3
133,7,3
133,8,1
133,11,1
133,13,1
133,14,8
133,16,11
133,17,11
133,18,41
133,20,2
133,22,13
133,24,1
133,25,1
133,29,1
133,30,1
133,39,3
133,42,5
133,46,5
133,47,3
133,48,7
133,51,1
133,54,6
133,56,4
133,57,5
133,58,4
133,59,1
133,62,7
133,64,6
133,69,8
133,70,4
133,71,5
133,73,8
133,74,2
133,76,1
133,77,4
133,78,8
133,79,3
133,80,4
133,81,4
133,83,3
133,84,68
133,85,3
133,86,4
133,87,4
133,88,1
133,89,1
133,94,7
133,96,3
133,97,3
133,98,1
133,99,4
133,100,15
133,102,3
133,103,2
133,104,5
133,106,4
133,107,4
133,108,1
133,110,3
133,112,3
133,113,4
133,115,1
133,116,2
133,119,1
133,124,2
133,125,18
133,126,4
133,127,2
133,128,1
133,130,10
133,131,16
133,132,2
133,134,2
133,135,4
133,136,21
133,137,29
133,138,4
133,139,4
133,141,88
133,142,27
133,143,8
133,144,1
133,145,7
133,147,1
133,149,2
133,150,7
133,152,1
133,154,2
133,156,3
133,157,2
133,165,5
133,166,2
133,168,4
133,169,1
133,172,3
134,1,2
134,2,11
134,4,4
134,5,21
134,7,7
134,11,3
134,13,1
134,14,8
134,15,1
134,16,17
134,17,20
134,18,40
134,19,1
134,20,2
134,22,5
134,23,1
134,24,1
134,25,3
134,27,1
134,28,1
134,29,1
134,30,1
134,31,2
134,32,2
134,35,5
134,38,2
134,39,8
134,41,1
134,43,1
134,44,2
134,45,4
134,46,5
134,48,1
134,49,1
134,54,9
134,55,1
134,56,2
134,57,14
134,58,15
134,60,1
134,62,9
134,63,1
134,64,1
134,69,3
134,70,11
134,71,3
134,72,1
134,73,9
134,74,5
134,76,1
134,77,2
134,78,15
134,79,10
134,81,10
134,82,1
134,83,7
134,84,109
134,85,7
134,86,1
134,87,4
134,88,6
134,89,1
134,92,3
134,94,1
134,96,5
134,97,4
134,98,3
134,99,2
134,100,46
134,101,4
134,102,2
134,104,14
134,105,2
134,106,2
134,108,4
134,109,1
134,110,1
134,112,5
134,114,4
134,116,1
134,117,1
134,118,1
134,119,1
134,120,3
134,122,3
134,123,1
134,124,4
134,125,23
134,126,7
134,127,4
134,128,3
134,129,2
134,130,6
134,131,37
134,132,3
134,133,4
134,135,13
134,136,21
134,137,40
134,138,12
134,139,4
134,140,3
134,141,221
134,142,93
134,143,14
134,145,4
134,146,1
134,148,1
134,149,2
134,150,12
134,151,5
134,156,1
134,158,1
134,161,3
134,162,1
134,163,1
134,165,2
134,166,2
134,168,1
134,169,2
134,170,2
134,171,1
134,172,21
134,174,1
134,175,1
135,1,5
135,2,21
135,4,8
135,5,46
135,6,3
135,7,10
135,9,2
135,10,5
135,11,7
135,13,1
135,14,6
135,16,66
135,17,64
135,18,92
135,19,2
135,22,19
135,24,7
135,25,4
135,26,1
135,27,3
135,31,2
135,35,6
135,36,1
135,38,1
135,39,13
135,42,3
135,43,9
135,44,1
135,45,7
135,46,23
135,47,6
135,48,7
135,49,1
135,51,4
135,54,8
135,56,5
135,57,22
135,58,17
135,60,2
135,62,10
135,63,1
135,64,2
135,65,4
135,69,13
135,70,17
135,71,14
135,72,6
135,73,9
135,74,7
135,76,2
135,77,5
135,78,20
135,79,23
135,80,1
135,81,4
135,82,5
135,83,13
135,84,131
135,85,8
135,86,2
135,87,6
135,88,8
135,89,6
135,92,4
135,93,3
135,94,14
135,95,1
135,96,5
135,97,5
135,98,2
135,99,7
135,100,48
135,101,9
135,102,6
135,103,2
135,104,9
135,105,3
135,106,9
135,107,6
135,109,1
135,110,1
135,112,17
135,113,1
135,116,16
135,117,2
135,118,1
135,121,1
135,122,1
135,124,1
135,125,37
135,126,2
135,127,1
135,128,6
135,129,2
135,130,5
135,131,14
135,132,1
135,133,3
135,134,12
135,136,37
135,137,66
135,138,6
135,139,18
135,141,240
135,142,44
135,143,16
135,145,12
135,146,2
135,148,1
135,149,2
135,150,10
135,151,1
135,153,1
135,154,5
135,156,2
135,157,1
135,159,2
135,160,1
135,161,3
135,163,1
135,164,1
135,165,8
135,166,3
135,167,2
135,168,2
135,169,4
135,170,4
135,172,30
135,173,1
135,175,1
136,1,1
136,2,22
136,4,4
136,5,52
136,6,3
136,7,7
136,10,6
136,11,6
136,12,6
136,13,1
136,14,12
136,16,53
136,17,48
136,18,89
136,20,6
136,22,10
136,23,1
136,24,1
136,25,3
136,26,1
136,27,2
136,28,5
136,29,1
136,31,1
136,32,1
136,35,2
136,36,2
136,38,2
136,39,5
136,40,2
136,42,7
136,43,2
136,44,1
136,45,2
136,46,33
136,47,1
136,48,1
136,54,12
136,56,2
136,57,10
136,58,12
136,60,3
136,62,12
136,63,1
136,64,4
136,65,1
136,69,11
136,70,39
136,71,36
136,72,4
136,73,13
136,74,4
136,75,1
136,76,5
136,77,5
136,78,29
136,79,22
136,80,1
136,81,9
136,82,1
136,83,2
136,84,206
136,85,9
136,86,6
136,87,8
136,88,15
136,89,4
136,90,5
136,92,1
136,93,7
136,94,4
136,96,5
136,97,4
136,98,4
136,99,11
136,100,64
136,101,4
136,102,7
136,103,5
136,104,11
136,106,5
136,107,2
136,108,6
136,110,1
136,111,1
136,112,8
136,114,3
136,115,3
136,116,14
136,117,1
136,118,3
136,120,1
136,122,2
136,123,3
136,124,6
136,125,28
136,126,14
136,127,1
136,128,2
136,130,1
136,131,46
136,132,4
136,134,34
136,135,32
136,137,88
136,138,19
136,139,23
136,140,2
136,141,340
136,142,105
136,143,21
136,145,12
136,147,2
136,150,15
136,151,2
136,153,1
136,154,3
136,156,2
136,157,3
136,159,1
136,161,2
136,162,2
136,163,1
136,165,9
136,166,1
136,167,4
136,170,1
136,172,26
136,175,1
137,1,3
137,2,41
137,3,1
137,4,12
137,5,69
137,6,6
137,7,2
137,10,6
137,11,2
137,12,2
137,14,8
137,16,51
137,17,85
137,18,104
137,19,1
137,20,4
137,22,27
137,23,2
137,24,3
137,25,3
137,26,2
137,27,10
137,28,6
137,29,1
137,30,1
137,35,7
137,36,4
137,37,5
137,39,3
137,42,3
137,43,2
137,44,1
137,45,4
137,46,33
137,47,8
137,48,10
137,49,1
137,51,1
137,54,14
137,56,3
137,57,37
137,58,15
137,60,6
137,62,31
137,65,4
137,66,3
137,69,6
137,70,20
137,71,47
137,72,2
137,73,24
137,74,8
137,75,1
137,76,2
137,77,5
137,78,23
137,79,22
137,80,3
137,81,4
137,82,1
137,83,16
137,84,228
137,85,10
137,86,1
137,87,6
137,88,14
137,89,3
137,90,2
137,92,4
137,93,4
137,94,9
137,96,3
137,97,7
137,98,4
137,99,18
137,100,85
137,101,15
137,102,21
137,103,7
137,104,33
137,105,1
137,106,4
137,107,5
137,108,1
137,110,8
137,112,27
137,113,7
137,115,1
137,116,11
137,117,1
137,118,7
137,120,1
137,121,1
137,122,1
137,123,5
137,124,5
137,125,20
137,126,14
137,127,7
137,128,12
137,129,5
137,130,5
137,131,50
137,132,2
137,133,1
137,134,18
137,135,28
137,136,108
137,138,20
137,139,32
137,140,1
137,141,414
137,142,104
137,143,25
137,144,2
137,145,16
137,148,2
137,149,4
137,150,6
137,151,1
137,153,2
137,154,3
137,156,3
137,157,4
137,159,1
137,161,1
137,162,2
137,163,5
137,164,1
137,165,9
137,166,2
137,167,5
137,168,9
137,169,2
137,170,1
137,172,36
137,175,3
138,1,1
138,2,21
138,4,5
138,5,20
138,6,1
138,7,6
138,9,1
138,10,3
138,11,3
138,14,9
138,16,26
138,17,51
138,18,101
138,20,9
138,22,23
138,25,1
138,27,2
138,29,1
138,30,6
138,33,1
138,35,3
138,38,1
138,39,14
138,42,4
138,43,8
138,44,1
138,46,15
138,47,11
138,48,7
138,49,3
138,51,1
138,54,18
138,55,1
138,56,2
138,57,33
138,58,7
138,59,2
138,60,4
138,62,24
138,63,1
138,64,4
138,69,13
138,70,21
138,71,35
138,72,2
138,73,14
138,74,2
138,76,3
138,77,7
138,78,18
138,79,29
138,80,6
138,81,12
138,82,4
138,83,16
138,84,261
138,85,13
138,86,3
138,87,5
138,88,9
138,89,7
138,90,1
138,91,1
138,92,1
138,93,4
138,94,4
138,95,4
138,96,10
138,97,9
138,98,7
138,99,17
138,100,46
138,101,9
138,102,9
138,103,4
138,104,11
138,105,1
138,106,4
138,108,3
138,112,13
138,113,5
138,115,1
138,116,15
138,117,2
138,118,4
138,119,1
138,120,1
138,122,1
138,123,2
138,124,13
138,125,25
138,126,13
138,127,8
138,128,6
138,129,2
138,130,6
138,131,43
138,132,6
138,133,11
138,134,27
138,135,26
138,136,78
138,137,79
138,139,26
138,141,304
138,142,83
138,143,19
138,145,23
138,146,1
138,149,2
138,150,13
138,151,1
138,153,1
138,154,3
138,156,1
138,157,2
138,159,3
138,161,3
138,163,4
138,164,2
138,165,16
138,167,2
138,168,1
138,170,3
138,171,1
138,172,30
138,175,1
139,1,2
139,2,16
139,4,7
139,5,26
139,6,4
139,7,9
139,10,2
139,14,2
139,16,22
139,17,47
139,18,31
139,19,3
139,22,8
139,23,3
139,24,8
139,25,1
139,26,3
139,27,5
139,30,1
139,35,2
139,37,3
139,39,14
139,42,3
139,43,2
139,44,3
139,45,1
139,46,15
139,47,8
139,48,5
139,49,3
139,54,10
139,56,4
139,57,9
139,58,3
139,62,11
139,64,1
139,66,1
139,68,1
139,69,1
139,70,11
139,71,11
139,73,13
139,74,3
139,77,4
139,78,5
139,79,14
139,80,8
139,81,6
139,82,1
139,83,8
139,84,153
139,85,4
139,86,3
139,87,1
139,88,4
139,89,2
139,91,1
139,92,1
139,94,3
139,96,7
139,97,3
139,99,4
139,100,66
139,101,4
139,102,1
139,104,21
139,106,2
139,107,1
139,108,1
139,110,3
139,112,17
139,113,3
139,115,1
139,118,1
139,123,1
139,124,2
139,125,20
139,126,8
139,127,2
139,128,11
139,130,2
139,131,13
139,132,6
139,134,4
139,135,12
139,136,29
139,137,55
139,138,5
139,141,198
139,142,64
139,143,8
139,145,4
139,149,3
139,150,5
139,151,2
139,154,2
139,157,1
139,161,2
139,163,2
139,165,2
139,168,4
139,169,1
139,172,18
139,174,1
140,1,3
140,2,26
140,4,10
140,5,51
140,6,3
140,7,2
140,10,3
140,11,9
140,12,1
140,14,8
140,16,43
140,17,51
140,18,59
140,19,1
140,20,2
140,22,20
140,23,1
140,24,4
140,25,1
140,26,1
140,28,1
140,29,3
140,35,5
140,37,2
140,39,22
140,42,1
140,43,1
140,44,1
140,45,4
140,46,28
140,47,6
140,48,4
140,51,2
140,54,9
140,56,2
140,57,37
140,58,12
140,60,5
140,62,22
140,65,1
140,66,1
140,69,14
140,70,12
140,71,19
140,72,3
140,73,17
140,74,10
140,77,4
140,78,13
140,79,23
140,80,4
140,81,5
140,82,3
140,83,11
140,84,187
140,85,7
140,86,5
140,87,8
140,88,2
140,89,5
140,91,2
140,92,4
140,93,4
140,94,6
140,96,8
140,97,11
140,98,5
140,99,11
140,100,98
140,101,3
140,102,10
140,103,3
140,104,25
140,105,5
140,106,2
140,107,9
140,109,1
140,110,5
140,112,15
140,113,2
140,116,8
140,118,5
140,119,2
140,120,3
140,121,4
140,122,5
140,123,1
140,124,4
140,125,60
140,126,3
140,127,2
140,128,6
140,129,4
140,130,8
140,131,19
140,132,6
140,133,3
140,134,10
140,135,39
140,136,59
140,137,69
140,138,3
140,139,6
140,141,280
140,142,61
140,143,7
140,145,13
140,147,2
140,150,11
140,154,5
140,155,1
140,158,1
140,161,1
140,162,1
140,163,1
140,165,2
140,166,2
140,168,2
140,169,1
140,170,2
140,172,19
140,174,2
140,175,6
141,1,6
141,2,24
141,4,1
141,5,42
141,10,5
141,11,1
141,12,1
141,14,9
141,16,8
141,17,14
141,18,54
141,19,1
141,20,2
141,21,1
141,22,19
141,23,1
141,24,2
141,25,2
141,27,6
141,28,2
141,29,2
141,30,1
141,32,1
141,39,12
141,42,1
141,43,1
141,45,1
141,46,7
141,48,3
141,51,1
141,54,11
141,55,1
141,56,2
141,57,8
141,58,3
141,59,1
141,60,2
141,62,6
141,63,1
141,64,4
141,70,16
141,71,33
141,73,10
141,74,2
141,75,1
141,76,1
141,77,5
141,78,5
141,79,18
141,80,1
141,81,2
141,82,1
141,83,13
141,84,224
141,85,7
141,86,1
141,87,2
141,88,7
141,89,1
141,92,3
141,93,1
141,96,4
141,97,7
141,98,1
141,99,4
141,100,29
141,101,1
141,102,8
141,103,3
141,104,7
141,106,1
141,107,1
141,108,2
141,109,2
141,110,3
141,112,2
141,113,4
141,115,1
141,116,5
141,117,1
141,118,1
141,125,9
141,126,3
141,128,3
141,130,4
141,131,10
141,134,1
141,135,9
141,136,20
141,137,23
141,138,3
141,139,1
141,142,88
141,143,12
141,145,12
141,147,1
141,148,1
141,150,10
141,154,4
141,156,1
141,157,2
141,159,1
141,161,2
141,163,1
141,165,4
141,168,1
141,170,1
141,171,1
141,172,14
141,175,2
142,1,2
142,2,13
142,4,3
142,5,22
142,6,4
142,7,4
142,8,2
142,10,6
142,11,2
142,12,6
142,14,7
142,16,16
142,17,24
142,18,62
142,19,1
142,22,24
142,23,12
142,24,3
142,25,4
142,26,2
142,27,4
142,29,2
142,30,6
142,31,1
142,34,2
142,35,1
142,38,1
142,39,15
142,41,3
142,42,2
142,43,3
142,46,14
142,47,1
142,48,5
142,49,4
142,54,11
142,56,2
142,57,7
142,58,7
142,62,11
142,63,2
142,64,4
142,65,1
142,66,1
142,69,8
142,70,11
142,71,13
142,72,1
142,73,25
142,74,8
142,75,2
142,76,3
142,77,4
142,78,15
142,79,16
142,80,6
142,81,5
142,83,6
142,84,224
142,85,11
142,86,3
142,87,4
142,88,8
142,89,3
142,90,3
142,93,2
142,94,1
142,96,7
142,97,1
142,98,4
142,99,9
142,100,39
142,101,4
142,102,3
142,103,4
142,104,15
142,106,4
142,107,1
142,109,1
142,112,6
142,114,2
142,115,1
142,116,6
142,117,2
142,118,1
142,121,1
142,123,1
142,124,1
142,125,11
142,126,5
142,127,2
142,128,6
142,129,1
142,131,35
142,132,8
142,134,12
142,135,10
142,136,36
142,137,39
142,138,8
142,139,12
142,140,1
142,141,345
142,143,20
142,145,2
142,146,1
142,147,1
142,149,2
142,150,9
142,153,2
142,154,10
142,157,4
142,161,1
142,162,2
142,163,1
142,165,6
142,167,1
142,168,3
142,170,7
142,172,18
143,2,3
143,4,1
143,5,4
143,10,2
143,12,1
143,14,3
143,16,1
143,17,2
143,18,4
143,22,2
143,27,4
143,31,1
143,43,1
143,44,1
143,46,1
143,50,1
143,54,1
143,66,3
143,70,1
143,72,1
143,73,1
143,76,2
143,81,1
143,83,2
143,84,25
143,89,2
143,94,2
143,100,3
143,103,2
143,104,1
143,109,1
143,112,1
143,125,2
143,131,4
143,134,1
143,135,1
143,136,4
143,138,1
143,140,1
143,141,7
143,142,6
143,144,1
143,145,2
143,146,1
143,163,1
143,165,1
143,168,1
143,172,3
144,1,15
144,2,139
144,3,1
144,4,2
144,5,38
144,6,5
144,7,12
144,8,1
144,10,5
144,11,7
144,13,3
144,14,33
144,16,34
144,17,34
144,18,29
144,20,4
144,22,72
144,23,3
144,24,7
144,25,5
144,26,1
144,27,8
144,29,1
144,30,3
144,32,2
144,35,1
144,36,1
144,38,2
144,39,8
144,42,6
144,43,7
144,45,3
144,46,19
144,48,1
144,49,3
144,51,1
144,54,51
144,55,1
144,56,16
144,57,35
144,58,29
144,59,1
144,60,13
144,62,27
144,63,18
144,64,4
144,65,1
144,66,2
144,67,3
144,69,3
144,70,21
144,71,11
144,72,1
144,73,23
144,75,4
144,77,5
144,78,6
144,79,15
144,80,2
144,81,28
144,82,1
144,83,8
144,84,82
144,86,2
144,87,6
144,88,16
144,89,3
144,93,1
144,94,4
144,96,6
144,97,4
144,98,3
144,99,6
144,100,26
144,101,7
144,102,3
144,103,1
144,104,40
144,105,2
144,106,3
144,107,12
144,108,4
144,110,1
144,112,28
144,113,4
144,115,2
144,116,5
144,117,1
144,118,2
144,122,2
144,123,1
144,124,1
144,125,11
144,128,1
144,129,1
144,130,10
144,131,18
144,132,2
144,133,3
144,134,1
144,135,1
144,136,16
144,137,53
144,139,6
144,141,299
144,142,50
144,143,2
144,145,82
144,146,7
144,147,5
144,148,13
144,149,8
144,150,55
144,154,8
144,156,4
144,157,3
144,161,3
144,162,3
144,163,2
144,164,1
144,165,12
144,166,1
144,167,1
144,168,4
144,169,2
144,170,1
144,171,1
144,172,23
144,173,1
144,175,4
145,1,6
145,2,38
145,4,1
145,5,11
145,6,1
145,8,1
145,10,2
145,11,6
145,14,45
145,16,6
145,17,22
145,18,14
145,20,1
145,21,1
145,22,55
145,23,6
145,24,2
145,25,6
145,27,12
145,29,1
145,30,9
145,31,3
145,32,3
145,35,3
145,37,2
145,38,2
145,39,2
145,42,1
145,43,1
145,44,1
145,45,4
145,46,6
145,49,12
145,51,2
145,54,55
145,55,5
145,56,7
145,57,31
145,58,40
145,60,18
145,62,39
145,63,1
145,64,6
145,69,3
145,70,11
145,71,2
145,73,4
145,74,6
145,76,2
145,77,4
145,78,1
145,79,4
145,80,2
145,81,38
145,83,10
145,84,19
145,85,1
145,86,7
145,87,3
145,88,10
145,89,5
145,92,2
145,93,1
145,94,12
145,96,12
145,97,2
145,98,1
145,99,6
145,100,10
145,101,1
145,102,4
145,103,1
145,104,12
145,105,3
145,106,2
145,107,3
145,108,2
145,109,2
145,110,3
145,111,1
145,112,12
145,113,1
145,114,2
145,116,19
145,122,5
145,125,8
145,130,5
145,131,15
145,132,2
145,133,2
145,134,6
145,135,1
145,136,5
145,137,30
145,138,1
145,139,1
145,141,53
145,142,30
145,143,3
145,144,3
145,146,4
145,148,27
145,149,14
145,150,41
145,151,5
145,152,1
145,154,4
145,157,4
145,158,2
145,159,4
145,160,1
145,161,3
145,162,3
145,163,4
145,165,19
145,166,1
145,169,3
145,171,1
145,172,15
146,1,13
146,2,17
146,4,1
146,5,6
146,6,5
146,9,1
146,10,4
146,12,2
146,14,7
146,16,9
146,17,8
146,18,24
146,20,13
146,21,2
146,22,9
146,23,3
146,24,1
146,25,3
146,30,5
146,32,1
146,35,1
146,38,1
146,39,7
146,40,1
146,42,2
146,43,3
146,44,5
146,45,5
146,46,3
146,48,1
146,49,8
146,51,3
146,54,8
146,57,5
146,58,10
146,60,3
146,62,7
146,64,1
146,69,1
146,70,10
146,71,8
146,72,2
146,73,4
146,74,18
146,76,3
146,77,2
146,78,8
146,79,6
146,81,8
146,82,3
146,83,7
146,84,38
146,87,5
146,88,6
146,89,2
146,93,2
146,94,5
146,96,12
146,97,3
146,99,4
146,100,17
146,102,1
146,103,1
146,104,1
146,105,3
146,106,4
146,108,2
146,110,1
146,112,4
146,114,1
146,115,1
146,116,9
146,120,1
146,121,1
146,122,1
146,123,1
146,125,5
146,126,1
146,130,2
146,131,7
146,132,6
146,134,3
146,135,4
146,136,5
146,137,20
146,138,2
146,139,2
146,141,75
146,142,13
146,143,13
146,144,1
146,145,16
146,147,1
146,149,1
146,150,6
146,156,6
146,157,6
146,158,1
146,161,1
146,162,4
146,165,12
146,168,2
146,169,1
146,172,11
146,174,1
147,1,7
147,2,10
147,4,2
147,5,10
147,6,3
147,7,4
147,11,2
147,14,16
147,15,3
147,16,9
147,17,11
147,18,24
147,20,8
147,21,3
147,22,9
147,27,3
147,30,5
147,32,1
147,37,2
147,38,1
147,42,1
147,44,4
147,45,5
147,46,2
147,47,2
147,49,11
147,51,4
147,54,13
147,56,1
147,57,14
147,58,6
147,60,2
147,61,3
147,62,20
147,66,1
147,69,1
147,70,10
147,71,21
147,73,10
147,74,8
147,75,2
147,76,4
147,77,6
147,78,6
147,79,7
147,80,1
147,81,6
147,83,7
147,84,30
147,85,1
147,86,5
147,87,4
147,88,7
147,89,7
147,90,2
147,94,5
147,95,1
147,96,18
147,97,1
147,98,1
147,99,1
147,100,9
147,102,3
147,104,3
147,106,1
147,107,2
147,108,2
147,110,2
147,112,4
147,113,2
147,116,7
147,118,1
147,119,4
147,120,2
147,121,1
147,130,3
147,131,7
147,132,10
147,133,2
147,134,1
147,135,1
147,136,3
147,137,34
147,138,1
147,141,74
147,142,24
147,143,11
147,145,23
147,146,4
147,148,1
147,149,5
147,150,13
147,154,1
147,155,1
147,156,2
147,157,7
147,161,4
147,162,2
147,163,3
147,164,3
147,165,12
147,167,2
147,168,1
147,169,1
147,171,2
147,172,14
148,1,5
148,2,20
148,5,9
148,6,2
148,7,2
148,8,1
148,10,6
148,11,2
148,14,26
148,15,1
148,16,12
148,17,16
148,18,11
148,19,1
148,20,1
148,22,51
148,24,2
148,25,1
148,27,5
148,28,1
148,30,2
148,31,3
148,36,2
148,38,2
148,39,6
148,44,2
148,45,6
148,46,3
148,47,1
148,49,5
148,51,2
148,52,1
148,54,22
148,55,1
148,56,4
148,57,26
148,58,42
148,59,1
148,60,16
148,61,2
148,62,17
148,64,3
148,67,2
148,69,2
148,70,6
148,71,2
148,73,2
148,74,5
148,76,3
148,78,1
148,79,2
148,80,2
148,81,19
148,83,3
148,84,17
148,86,8
148,87,6
148,88,4
148,89,7
148,93,3
148,94,5
148,96,8
148,97,3
148,99,1
148,100,7
148,101,1
148,102,4
148,103,1
148,104,12
148,106,1
148,107,2
148,108,1
148,110,3
148,112,5
148,113,3
148,114,2
148,116,2
148,118,2
148,121,1
148,122,2
148,123,1
148,125,10
148,126,2
148,127,1
148,130,2
148,131,4
148,132,2
148,133,4
148,134,5
148,135,1
148,136,5
148,137,18
148,138,1
148,139,2
148,141,45
148,142,9
148,143,8
148,145,115
148,146,4
148,147,1
148,149,3
148,150,38
148,151,1
148,153,3
148,154,2
148,155,1
148,156,5
148,161,4
148,162,2
148,165,9
148,166,1
148,168,1
148,169,5
148,171,1
148,172,11
148,173,1
148,175,2
149,1,2
149,2,70
149,3,1
149,5,22
149,6,3
149,7,5
149,8,2
149,9,1
149,10,4
149,11,1
149,14,11
149,16,6
149,17,20
149,18,13
149,19,1
149,22,73
149,23,2
149,24,7
149,25,1
149,27,8
149,28,3
149,30,10
149,33,1
149,39,11
149,42,1
149,43,3
149,45,5
149,46,11
149,49,7
149,51,3
149,54,63
149,55,2
149,56,19
149,57,24
149,58,22
149,60,20
149,62,7
149,63,8
149,64,1
149,65,1
149,69,4
149,70,11
149,71,2
149,73,14
149,74,1
149,77,5
149,78,2
149,79,6
149,80,3
149,81,18
149,82,1
149,83,3
149,84,27
149,85,2
149,86,6
149,87,5
149,88,13
149,89,8
149,90,2
149,91,2
149,92,1
149,93,1
149,94,6
149,96,10
149,97,4
149,100,13
149,101,7
149,102,2
149,103,1
149,104,22
149,105,4
149,106,3
149,107,4
149,108,4
149,111,1
149,112,12
149,113,3
149,114,1
149,116,5
149,117,1
149,118,1
149,121,1
149,122,1
149,124,2
149,125,5
149,127,2
149,130,3
149,131,12
149,132,2
149,134,5
149,136,6
149,137,32
149,141,52
149,142,22
149,143,11
149,144,1
149,145,35
149,146,2
149,147,1
149,150,74
149,151,12
149,153,3
149,154,1
149,157,3
149,158,1
149,159,1
149,161,1
149,162,2
149,163,1
149,165,17
149,168,3
149,169,10
149,171,2
149,172,13
149,173,3
149,175,4
150,1,7
150,2,59
150,5,6
150,6,4
150,7,1
150,10,1
150,11,3
150,14,10
150,16,9
150,17,3
150,18,2
150,19,1
150,22,36
150,23,2
150,24,2
150,25,1
150,27,1
150,30,1
150,33,1
150,35,1
150,36,1
150,38,1
150,39,2
150,42,1
150,43,1
150,45,1
150,46,6
150,49,4
150,51,1
150,54,17
150,55,1
150,56,12
150,57,11
150,58,11
150,59,1
150,60,9
150,62,4
150,63,3
150,69,3
150,70,2
150,72,1
150,73,6
150,74,1
150,78,4
150,80,1
150,81,19
150,83,9
150,84,20
150,86,1
150,88,5
150,89,2
150,90,1
150,93,2
150,94,5
150,96,2
150,97,2
150,99,4
150,100,7
150,102,1
150,104,5
150,108,4
150,110,1
150,112,4
150,113,1
150,114,2
150,116,2
150,117,5
150,118,1
150,122,2
150,123,1
150,126,2
150,129,1
150,130,1
150,131,1
150,133,1
150,134,2
150,135,1
150,136,2
150,137,11
150,139,3
150,141,34
150,142,11
150,143,1
150,144,3
150,145,18
150,146,1
150,149,8
150,151,2
150,157,2
150,158,2
150,160,1
150,163,1
150,165,8
150,166,1
150,168,4
150,171,1
150,172,13
150,175,2
151,1,1
151,2,40
151,4,2
151,5,16
151,6,3
151,7,1
151,10,7
151,11,3
151,12,3
151,14,14
151,15,1
151,16,6
151,17,14
151,18,23
151,19,1
151,22,45
151,23,5
151,24,5
151,25,2
151,26,1
151,27,7
151,28,2
151,29,1
151,30,16
151,31,1
151,35,1
151,36,3
151,37,2
151,38,1
151,39,14
151,43,7
151,44,2
151,45,2
151,46,10
151,47,4
151,49,1
151,54,46
151,56,3
151,57,39
151,58,36
151,59,2
151,60,10
151,62,16
151,63,5
151,64,1
151,65,3
151,66,1
151,67,2
151,69,6
151,70,20
151,71,5
151,73,15
151,74,1
151,78,7
151,79,7
151,80,4
151,81,16
151,82,1
151,83,2
151,84,32
151,85,4
151,86,3
151,87,1
151,88,19
151,89,11
151,93,4
151,94,6
151,96,10
151,97,2
151,98,2
151,99,10
151,100,22
151,101,9
151,102,2
151,104,15
151,105,6
151,106,2
151,107,2
151,108,1
151,109,1
151,110,5
151,112,8
151,113,6
151,114,15
151,115,1
151,116,11
151,117,2
151,118,10
151,119,1
151,123,2
151,124,2
151,125,9
151,126,1
151,128,1
151,129,1
151,130,4
151,131,7
151,135,1
151,136,5
151,137,26
151,138,1
151,139,2
151,140,2
151,141,63
151,142,15
151,143,5
151,144,3
151,145,45
151,146,5
151,149,13
151,150,46
151,152,1
151,153,11
151,156,2
151,157,2
151,159,3
151,161,2
151,164,2
151,165,7
151,168,6
151,169,2
151,171,2
151,172,16
151,173,2
151,175,1
152,1,4
152,2,51
152,4,2
152,5,23
152,6,5
152,7,3
152,8,1
152,10,2
152,11,8
152,13,2
152,14,26
152,16,14
152,17,18
152,18,15
152,20,2
152,22,82
152,23,2
152,24,4
152,25,6
152,27,4
152,28,2
152,29,3
152,30,8
152,31,1
152,33,1
152,36,4
152,39,11
152,42,1
152,43,3
152,45,1
152,46,18
152,47,1
152,48,1
152,49,3
152,51,4
152,54,67
152,55,1
152,56,6
152,57,40
152,58,44
152,60,8
152,62,11
152,63,2
152,64,8
152,65,2
152,69,1
152,70,3
152,71,9
152,73,14
152,74,5
152,76,1
152,77,1
152,78,3
152,79,2
152,81,22
152,83,7
152,84,60
152,85,1
152,86,9
152,87,6
152,88,9
152,89,8
152,91,1
152,92,1
152,93,1
152,94,14
152,95,2
152,96,17
152,97,4
152,98,3
152,99,4
152,100,28
152,101,4
152,102,12
152,103,3
152,104,28
152,105,2
152,106,3
152,107,1
152,108,5
152,109,1
152,112,17
152,113,3
152,114,4
152,115,2
152,116,10
152,118,6
152,123,4
152,124,3
152,125,11
152,126,1
152,127,4
152,130,5
152,131,15
152,132,2
152,133,1
152,134,1
152,135,8
152,136,15
152,137,41
152,138,1
152,140,1
152,141,105
152,142,30
152,143,8
152,145,50
152,147,1
152,148,4
152,149,11
152,150,62
152,151,14
152,153,4
152,154,7
152,155,1
152,156,1
152,158,1
152,161,2
152,163,1
152,165,16
152,168,6
152,169,4
152,171,2
152,172,18
152,175,5
153,1,4
153,2,80
153,5,3
153,7,1
153,8,1
153,10,5
153,11,1
153,12,1
153,14,9
153,16,6
153,17,5
153,18,8
153,20,1
153,22,24
153,23,8
153,24,3
153,27,1
153,30,2
153,38,2
153,39,5
153,43,3
153,46,4
153,47,1
153,49,2
153,50,2
153,51,2
153,54,19
153,56,4
153,57,23
153,58,7
153,60,12
153,61,1
153,62,5
153,63,1
153,65,1
153,69,12
153,70,3
153,71,3
153,73,7
153,75,2
153,76,1
153,77,1
153,78,1
153,79,3
153,80,1
153,81,5
153,83,7
153,84,16
153,85,4
153,87,5
153,89,7
153,90,1
153,91,1
153,94,6
153,96,8
153,97,1
153,99,2
153,100,12
153,101,1
153,102,2
153,103,1
153,104,15
153,105,2
153,108,2
153,109,1
153,111,1
153,112,6
153,113,5
153,114,18
153,115,1
153,116,1
153,122,1
153,123,1
153,124,2
153,125,2
153,127,1
153,131,10
153,133,1
153,134,1
153,136,1
153,139,1
153,141,59
153,142,6
153,143,4
153,145,18
153,146,2
153,149,3
153,150,17
153,151,2
153,156,1
153,157,1
153,161,1
153,162,1
153,163,1
153,164,2
153,165,11
153,166,2
153,168,1
153,169,2
153,171,6
153,172,10
153,173,3
153,175,4
154,1,4
154,2,2
154,4,3
154,5,9
154,7,9
154,8,2
154,10,1
154,11,2
154,12,3
154,14,6
154,16,15
154,17,18
154,18,9
154,19,1
154,20,4
154,22,13
154,23,3
154,25,3
154,27,1
154,30,3
154,35,3
154,38,3
154,39,6
154,40,1
154,41,2
154,42,1
154,44,7
154,45,3
154,46,9
154,47,1
154,48,1
154,49,3
154,50,2
154,54,7
154,56,1
154,57,4
154,58,13
154,60,1
154,62,8
154,66,1
154,69,4
154,70,13
154,71,2
154,73,9
154,74,2
154,77,2
154,78,6
154,79,1
154,80,1
154,81,4
154,83,4
154,84,28
154,85,2
154,86,1
154,87,5
154,88,11
154,89,14
154,90,2
154,92,1
154,94,1
154,96,11
154,97,9
154,99,3
154,100,8
154,101,2
154,102,3
154,104,4
154,106,1
154,107,6
154,112,4
154,113,1
154,116,8
154,122,3
154,124,3
154,125,8
154,126,1
154,128,4
154,131,7
154,132,3
154,133,4
154,135,2
154,136,8
154,137,21
154,140,1
154,141,56
154,142,23
154,143,4
154,145,6
154,149,2
154,150,1
154,151,1
154,156,1
154,158,2
154,162,1
154,163,5
154,165,14
154,168,2
154,170,1
154,172,15
154,173,1
155,1,12
155,2,6
155,4,5
155,5,15
155,7,3
155,8,6
155,10,3
155,12,1
155,14,7
155,15,5
155,16,18
155,17,15
155,18,15
155,20,2
155,21,4
155,22,10
155,23,3
155,25,4
155,27,7
155,28,1
155,30,2
155,31,14
155,33,2
155,34,13
155,35,6
155,36,2
155,37,2
155,38,4
155,39,8
155,40,1
155,41,2
155,42,1
155,43,12
155,45,4
155,46,13
155,48,5
155,49,4
155,50,2
155,54,10
155,56,1
155,57,14
155,58,4
155,62,11
155,63,1
155,64,2
155,69,3
155,70,15
155,71,6
155,73,7
155,75,1
155,76,1
155,77,5
155,78,1
155,79,7
155,81,9
155,82,3
155,83,6
155,84,52
155,85,2
155,87,2
155,88,12
155,89,6
155,92,1
155,93,10
155,94,22
155,95,2
155,96,6
155,97,6
155,99,3
155,100,18
155,101,1
155,102,11
155,104,7
155,105,5
155,107,5
155,108,2
155,109,2
155,112,1
155,116,5
155,118,1
155,119,1
155,121,1
155,125,7
155,128,3
155,129,3
155,130,7
155,131,10
155,132,1
155,134,1
155,135,8
155,136,7
155,137,27
155,138,1
155,139,1
155,140,1
155,141,125
155,142,31
155,143,11
155,145,8
155,146,5
155,147,1
155,149,1
155,150,3
155,151,1
155,154,15
155,156,1
155,157,3
155,158,5
155,159,1
155,160,2
155,161,2
155,163,2
155,165,12
155,166,3
155,170,1
155,172,19
156,1,16
156,2,11
156,5,3
156,7,1
156,11,1
156,12,3
156,14,5
156,15,1
156,16,14
156,17,7
156,18,14
156,20,3
156,22,10
156,24,2
156,27,3
156,30,2
156,33,1
156,35,2
156,36,1
156,37,1
156,39,4
156,40,3
156,44,2
156,45,1
156,49,4
156,51,3
156,54,10
156,57,6
156,58,10
156,59,1
156,62,6
156,66,2
156,70,6
156,71,3
156,72,3
156,73,5
156,74,12
156,76,2
156,78,7
156,79,4
156,81,8
156,83,3
156,84,21
156,85,2
156,87,1
156,88,4
156,89,4
156,93,1
156,94,7
156,99,4
156,100,12
156,101,3
156,102,2
156,103,1
156,104,5
156,110,1
156,112,6
156,113,1
156,115,1
156,116,1
156,118,3
156,120,1
156,121,1
156,125,6
156,126,1
156,128,1
156,131,15
156,132,2
156,133,1
156,134,2
156,135,4
156,136,7
156,137,22
156,139,1
156,140,1
156,141,70
156,142,18
156,143,1
156,145,6
156,146,3
156,148,1
156,149,1
156,150,6
156,151,1
156,154,4
156,157,10
156,158,1
156,159,3
156,160,4
156,162,1
156,163,6
156,165,3
156,166,1
156,172,7
156,173,1
157,1,14
157,2,4
157,3,1
157,4,2
157,5,9
157,6,3
157,7,4
157,8,2
157,10,2
157,12,1
157,14,12
157,15,2
157,16,21
157,17,27
157,18,30
157,20,10
157,21,1
157,22,28
157,23,1
157,25,2
157,26,1
157,29,1
157,30,1
157,34,1
157,35,2
157,36,1
157,39,11
157,40,1
157,42,2
157,43,4
157,44,14
157,45,2
157,46,6
157,47,4
157,48,1
157,49,7
157,50,1
157,51,6
157,54,17
157,56,1
157,57,13
157,58,6
157,59,2
157,62,17
157,64,1
157,69,5
157,70,11
157,71,9
157,73,7
157,74,10
157,75,3
157,76,7
157,77,13
157,78,13
157,79,9
157,80,1
157,81,7
157,82,2
157,83,8
157,84,61
157,85,8
157,86,3
157,87,4
157,88,5
157,89,3
157,92,2
157,93,1
157,96,8
157,97,3
157,98,2
157,99,1
157,100,8
157,101,1
157,102,4
157,103,2
157,104,8
157,106,2
157,107,2
157,110,1
157,112,3
157,114,1
157,116,2
157,117,2
157,118,1
157,119,1
157,123,1
157,125,11
157,126,1
157,128,2
157,130,11
157,131,7
157,133,1
157,134,5
157,135,9
157,136,12
157,137,39
157,139,1
157,141,104
157,142,19
157,143,6
157,145,13
157,146,6
157,148,1
157,149,2
157,150,2
157,151,1
157,154,1
157,156,4
157,159,7
157,160,2
157,165,10
157,168,2
157,172,11
158,1,1
158,2,4
158,4,4
158,5,15
158,6,2
158,7,3
158,9,1
158,10,1
158,11,4
158,12,1
158,14,10
158,15,2
158,16,23
158,17,24
158,18,20
158,19,1
158,22,25
158,23,3
158,25,2
158,26,1
158,27,7
158,31,1
158,34,1
158,35,3
158,36,1
158,37,5
158,38,5
158,39,8
158,40,4
158,41,4
158,42,1
158,43,4
158,44,3
158,45,18
158,46,5
158,47,1
158,51,2
158,54,9
158,56,1
158,57,2
158,58,8
158,60,1
158,62,11
158,63,2
158,65,1
158,69,2
158,70,6
158,71,14
158,72,1
158,73,10
158,74,1
158,76,2
158,78,5
158,79,6
158,80,1
158,81,7
158,83,4
158,84,34
158,85,4
158,87,3
158,88,16
158,89,21
158,90,1
158,92,1
158,93,2
158,94,17
158,96,8
158,97,10
158,99,1
158,100,15
158,101,5
158,102,1
158,103,1
158,104,6
158,105,2
158,106,2
158,107,2
158,108,1
158,111,1
158,112,9
158,113,4
158,115,3
158,116,8
158,122,5
158,124,2
158,125,10
158,126,1
158,128,4
158,129,1
158,130,1
158,131,16
158,134,1
158,135,3
158,136,4
158,137,31
158,138,1
158,139,2
158,140,2
158,141,84
158,142,26
158,143,9
158,145,28
158,146,4
158,147,1
158,149,1
158,150,11
158,151,1
158,153,1
158,154,14
158,156,1
158,157,5
158,159,4
158,161,3
158,162,7
158,163,5
158,165,20
158,166,1
158,167,4
158,168,3
158,171,1
158,172,15
159,1,3
159,2,5
159,4,2
159,5,9
159,7,4
159,10,3
159,12,3
159,14,9
159,16,14
159,17,16
159,18,32
159,20,8
159,22,13
159,23,2
159,25,2
159,26,6
159,28,1
159,29,1
159,30,3
159,35,1
159,37,1
159,39,6
159,41,2
159,42,2
159,44,1
159,45,2
159,46,12
159,48,1
159,49,3
159,51,2
159,54,16
159,56,1
159,57,5
159,58,4
159,62,17
159,64,7
159,69,2
159,70,22
159,71,8
159,72,1
159,73,9
159,74,16
159,75,6
159,77,11
159,78,15
159,79,12
159,80,1
159,81,11
159,83,13
159,84,84
159,85,4
159,86,4
159,87,7
159,88,13
159,89,4
159,90,3
159,91,2
159,92,2
159,93,5
159,94,5
159,96,4
159,97,3
159,98,4
159,99,1
159,100,8
159,101,2
159,102,2
159,103,1
159,104,9
159,106,1
159,107,6
159,110,1
159,112,11
159,113,5
159,114,1
159,115,3
159,116,4
159,118,5
159,119,1
159,120,2
159,121,2
159,122,1
159,123,1
159,124,2
159,125,3
159,126,4
159,128,4
159,131,19
159,133,2
159,134,4
159,135,9
159,136,12
159,137,31
159,139,6
159,140,1
159,141,118
159,142,41
159,143,12
159,145,15
159,146,3
159,147,1
159,148,4
159,149,1
159,150,7
159,151,1
159,153,1
159,154,11
159,156,1
159,157,5
159,160,3
159,161,6
159,162,1
159,163,2
159,165,5
159,168,1
159,169,2
159,172,11
160,1,8
160,2,7
160,4,2
160,5,16
160,6,1
160,7,3
160,8,1
160,10,5
160,11,1
160,12,8
160,13,1
160,14,16
160,16,32
160,17,18
160,18,65
160,19,1
160,20,12
160,21,1
160,22,21
160,23,4
160,24,1
160,25,1
160,26,4
160,30,4
160,32,1
160,35,3
160,38,2
160,39,11
160,42,2
160,43,5
160,44,14
160,45,5
160,46,10
160,47,3
160,48,1
160,49,3
160,50,3
160,51,3
160,54,16
160,56,2
160,57,11
160,58,7
160,59,1
160,60,3
160,62,17
160,69,7
160,70,23
160,71,11
160,73,8
160,74,8
160,75,1
160,76,10
160,77,17
160,78,16
160,79,18
160,81,19
160,82,3
160,83,13
160,84,91
160,85,6
160,86,1
160,87,13
160,88,27
160,89,5
160,90,1
160,91,2
160,92,6
160,93,1
160,94,4
160,95,1
160,96,7
160,97,5
160,98,1
160,99,3
160,100,14
160,101,1
160,102,4
160,103,3
160,104,8
160,105,5
160,106,2
160,107,6
160,110,1
160,112,5
160,113,2
160,114,1
160,115,6
160,116,8
160,118,3
160,120,3
160,121,4
160,122,1
160,123,3
160,125,14
160,126,4
160,127,5
160,128,2
160,129,1
160,130,2
160,131,19
160,132,2
160,133,10
160,134,2
160,135,4
160,136,14
160,137,27
160,138,4
160,139,3
160,140,4
160,141,125
160,142,31
160,143,16
160,144,1
160,145,27
160,146,10
160,147,2
160,149,3
160,150,7
160,154,11
160,156,4
160,157,22
160,159,9
160,161,15
160,162,5
160,163,2
160,165,11
160,166,2
160,168,2
160,169,1
160,170,4
160,172,19
160,175,1
161,1,10
161,2,6
161,4,2
161,5,8
161,6,1
161,8,2
161,10,1
161,11,1
161,12,1
161,14,12
161,16,6
161,17,7
161,18,13
161,22,13
161,24,1
161,25,1
161,28,1
161,29,1
161,30,3
161,31,5
161,36,3
161,37,1
161,39,2
161,40,2
161,42,1
161,43,3
161,44,2
161,46,4
161,47,3
161,48,1
161,49,5
161,54,7
161,57,3
161,58,10
161,60,1
161,62,10
161,66,2
161,69,6
161,70,5
161,71,6
161,72,1
161,73,5
161,74,8
161,75,1
161,76,2
161,77,6
161,78,6
161,79,10
161,81,6
161,82,2
161,83,4
161,84,36
161,86,1
161,87,4
161,88,10
161,89,4
161,92,1
161,93,1
161,94,3
161,96,6
161,97,2
161,100,17
161,102,1
161,104,5
161,105,3
161,106,1
161,107,4
161,112,3
161,113,3
161,114,1
161,116,2
161,120,3
161,123,1
161,125,2
161,126,2
161,130,2
161,131,11
161,133,4
161,134,5
161,135,3
161,136,5
161,137,16
161,141,72
161,142,25
161,143,12
161,145,20
161,146,4
161,149,1
161,150,7
161,151,1
161,153,1
161,154,4
161,155,1
161,157,9
161,158,1
161,159,12
161,160,4
161,162,4
161,165,9
161,168,2
161,169,2
161,172,7
161,173,2
162,1,3
162,2,4
162,3,1
162,4,1
162,5,16
162,6,4
162,7,3
162,8,1
162,9,1
162,10,4
162,14,3
162,16,11
162,17,10
162,18,13
162,19,2
162,22,10
162,23,10
162,24,1
162,25,2
162,27,5
162,29,1
162,30,1
162,32,1
162,34,1
162,36,3
162,37,1
162,38,5
162,39,3
162,42,6
162,43,10
162,45,3
162,46,8
162,47,2
162,48,2
162,50,1
162,51,5
162,52,1
162,54,11
162,56,2
162,57,9
162,58,14
162,60,3
162,62,12
162,69,6
162,70,4
162,71,2
162,73,10
162,75,4
162,77,2
162,78,6
162,79,6
162,81,1
162,82,2
162,83,3
162,84,31
162,85,5
162,86,3
162,87,2
162,88,11
162,89,17
162,90,1
162,92,2
162,93,2
162,94,8
162,96,13
162,97,3
162,99,2
162,100,9
162,101,5
162,102,1
162,104,15
162,105,2
162,107,9
162,108,4
162,112,2
162,113,1
162,116,1
162,118,1
162,122,4
162,125,9
162,126,1
162,127,3
162,128,1
162,129,1
162,130,3
162,131,3
162,134,1
162,135,3
162,136,7
162,137,18
162,139,6
162,140,2
162,141,54
162,142,19
162,145,17
162,149,3
162,150,2
162,154,7
162,155,2
162,156,2
162,157,2
162,161,3
162,163,35
162,165,46
162,168,2
162,169,3
162,171,2
162,172,16
162,173,1
162,175,3
163,2,4
163,3,1
163,4,1
163,5,16
163,6,1
163,7,8
163,8,7
163,10,1
163,11,1
163,14,4
163,16,23
163,17,7
163,18,5
163,19,2
163,22,9
163,23,2
163,24,4
163,25,2
163,26,2
163,27,7
163,30,2
163,33,1
163,34,2
163,35,4
163,36,2
163,37,2
163,38,3
163,39,8
163,40,1
163,42,4
163,43,2
163,45,1
163,46,5
163,49,1
163,50,3
163,51,1
163,54,6
163,56,1
163,57,1
163,58,8
163,59,1
163,60,4
163,62,4
163,63,1
163,67,1
163,69,1
163,70,6
163,71,5
163,73,7
163,77,1
163,78,1
163,81,8
163,84,10
163,85,6
163,86,2
163,87,2
163,88,12
163,89,12
163,90,1
163,91,2
163,94,2
163,96,9
163,97,5
163,99,2
163,100,14
163,102,3
163,104,9
163,105,1
163,107,6
163,110,1
163,112,7
163,118,1
163,119,1
163,122,2
163,123,1
163,125,3
163,126,1
163,130,1
163,131,2
163,135,1
163,136,2
163,137,20
163,138,1
163,139,2
163,141,28
163,142,11
163,143,3
163,145,7
163,146,2
163,147,1
163,149,1
163,150,5
163,153,1
163,154,6
163,156,1
163,160,1
163,161,2
163,162,14
163,164,1
163,165,30
163,168,2
163,172,9
164,1,4
164,2,46
164,4,1
164,5,7
164,6,7
164,7,1
164,8,1
164,10,5
164,11,2
164,14,5
164,16,13
164,17,17
164,18,10
164,22,24
164,23,6
164,25,6
164,26,4
164,27,6
164,28,2
164,29,1
164,30,6
164,34,2
164,37,1
164,38,1
164,39,3
164,42,1
164,45,5
164,46,9
164,47,1
164,49,5
164,54,39
164,56,1
164,57,29
164,58,17
164,59,1
164,60,4
164,62,7
164,63,2
164,64,1
164,67,1
164,69,4
164,70,7
164,71,4
164,73,6
164,74,1
164,77,1
164,78,2
164,81,8
164,83,9
164,84,28
164,87,5
164,88,6
164,89,5
164,94,5
164,96,5
164,97,1
164,98,1
164,99,6
164,100,15
164,101,6
164,103,1
164,104,16
164,105,2
164,106,1
164,107,2
164,108,3
164,112,16
164,113,2
164,114,9
164,115,1
164,116,3
164,117,4
164,118,2
164,119,3
164,121,2
164,123,3
164,124,2
164,125,8
164,126,1
164,127,3
164,131,18
164,132,1
164,133,1
164,135,6
164,136,6
164,137,17
164,138,2
164,141,74
164,142,9
164,143,8
164,144,1
164,145,36
164,146,1
164,147,1
164,149,8
164,150,25
164,151,6
164,153,4
164,154,3
164,160,1
164,163,3
164,165,3
164,168,7
164,169,8
164,171,4
164,172,13
164,173,5
164,174,1
164,175,4
165,1,1
165,2,1
165,3,1
165,4,1
165,5,18
165,6,1
165,10,6
165,11,4
165,14,6
165,16,18
165,17,16
165,18,12
165,20,1
165,22,10
165,23,1
165,24,3
165,27,2
165,30,5
165,31,2
165,32,2
165,34,1
165,35,5
165,36,6
165,37,4
165,38,5
165,39,2
165,42,5
165,43,2
165,45,9
165,46,9
165,47,1
165,49,3
165,50,1
165,51,1
165,54,3
165,57,5
165,58,8
165,59,1
165,60,3
165,62,5
165,64,2
165,67,1
165,69,7
165,70,6
165,71,7
165,72,1
165,73,11
165,74,5
165,76,2
165,79,2
165,80,4
165,82,1
165,83,4
165,84,28
165,85,2
165,87,4
165,88,5
165,89,24
165,90,6
165,91,2
165,92,2
165,93,1
165,94,9
165,96,10
165,97,8
165,98,2
165,99,5
165,100,13
165,101,3
165,102,3
165,103,1
165,104,7
165,105,2
165,107,2
165,112,12
165,114,2
165,115,1
165,116,7
165,118,4
165,125,6
165,127,2
165,130,1
165,131,7
165,132,3
165,133,4
165,134,1
165,135,2
165,136,4
165,137,39
165,138,2
165,139,1
165,141,41
165,142,8
165,145,15
165,146,1
165,150,5
165,151,2
165,154,5
165,157,2
165,161,2
165,162,15
165,163,15
165,168,4
165,169,2
165,172,14
165,173,1
165,175,1
166,2,5
166,3,1
166,4,1
166,5,23
166,6,1
166,7,2
166,10,5
166,11,3
166,14,5
166,16,17
166,17,6
166,18,18
166,20,4
166,22,3
166,23,2
166,24,2
166,27,6
166,35,2
166,36,1
166,39,7
166,42,2
166,43,2
166,45,2
166,46,5
166,47,4
166,54,4
166,55,1
166,56,3
166,57,4
166,58,5
166,62,4
166,64,2
166,69,11
166,70,4
166,71,3
166,72,4
166,73,8
166,74,2
166,76,3
166,77,4
166,78,5
166,79,3
166,82,1
166,83,10
166,84,50
166,85,4
166,86,1
166,87,2
166,88,9
166,89,10
166,90,1
166,94,4
166,96,7
166,97,13
166,98,1
166,99,1
166,100,27
166,101,2
166,102,1
166,103,1
166,104,3
166,105,3
166,106,1
166,107,4
166,108,7
166,110,1
166,112,9
166,113,2
166,116,3
166,117,2
166,118,1
166,122,2
166,123,1
166,124,1
166,125,40
166,129,2
166,131,8
166,132,1
166,135,15
166,136,10
166,137,28
166,141,93
166,142,17
166,143,4
166,145,6
166,149,2
166,150,2
166,154,9
166,157,1
166,162,2
166,163,8
166,164,2
166,165,18
166,168,2
166,169,1
166,172,15
166,175,1
167,2,7
167,4,7
167,5,16
167,6,6
167,7,2
167,10,12
167,11,1
167,14,5
167,16,14
167,17,13
167,18,18
167,22,8
167,23,3
167,24,4
167,27,9
167,31,1
167,34,1
167,38,1
167,39,13
167,42,7
167,43,10
167,45,1
167,46,7
167,48,1
167,51,2
167,54,4
167,56,1
167,57,9
167,58,11
167,62,3
167,63,1
167,64,2
167,66,3
167,69,7
167,70,6
167,71,5
167,73,18
167,74,1
167,76,2
167,77,2
167,78,2
167,79,11
167,80,1
167,83,2
167,84,35
167,85,5
167,86,1
167,87,2
167,88,3
167,89,1
167,94,6
167,95,2
167,96,5
167,97,1
167,98,1
167,99,3
167,100,28
167,101,5
167,102,2
167,104,8
167,105,1
167,106,2
167,107,4
167,108,2
167,110,1
167,112,5
167,114,1
167,115,4
167,116,5
167,117,1
167,118,1
167,123,7
167,125,18
167,127,2
167,128,1
167,130,2
167,131,9
167,132,1
167,134,1
167,135,10
167,136,12
167,137,18
167,138,2
167,141,81
167,142,30
167,143,2
167,144,1
167,145,10
167,149,3
167,150,2
167,154,6
167,157,2
167,163,2
167,164,2
167,165,14
167,169,1
167,172,10
167,175,2
168,1,2
168,2,79
168,4,9
168,5,59
168,6,18
168,7,1
168,8,1
168,9,3
168,10,18
168,11,17
168,12,4
168,13,7
168,14,15
168,16,14
168,17,31
168,18,28
168,19,3
168,20,4
168,22,21
168,23,20
168,24,4
168,25,12
168,27,35
168,28,1
168,29,5
168,30,29
168,31,1
168,37,4
168,39,27
168,42,3
168,43,14
168,45,5
168,46,22
168,47,5
168,48,2
168,49,1
168,50,1
168,54,37
168,56,7
168,57,47
168,58,15
168,60,19
168,62,12
168,63,1
168,64,1
168,69,1
168,70,11
168,71,4
168,72,6
168,73,27
168,74,1
168,76,3
168,77,4
168,79,4
168,80,1
168,81,12
168,83,8
168,84,54
168,86,6
168,87,6
168,88,12
168,89,5
168,90,1
168,92,2
168,94,4
168,96,8
168,97,5
168,99,12
168,100,71
168,101,5
168,102,24
168,103,7
168,104,28
168,105,3
168,106,5
168,107,16
168,108,7
168,110,4
168,112,19
168,113,1
168,115,2
168,116,29
168,118,2
168,119,4
168,121,4
168,122,3
168,123,6
168,125,27
168,127,3
168,128,4
168,130,5
168,131,18
168,134,8
168,135,6
168,136,14
168,137,51
168,138,5
168,139,7
168,140,3
168,141,143
168,142,33
168,143,8
168,145,26
168,146,6
168,147,1
168,148,4
168,149,4
168,150,26
168,154,8
168,156,3
168,157,2
168,158,2
168,159,2
168,161,1
168,162,1
168,163,4
168,165,21
168,167,3
168,169,3
168,170,4
168,171,1
168,172,35
168,173,2
168,174,1
168,175,3
169,1,2
169,2,68
169,4,8
169,5,22
169,6,3
169,7,3
169,10,20
169,11,6
169,12,1
169,13,1
169,14,7
169,16,17
169,17,19
169,18,25
169,22,20
169,23,9
169,24,13
169,25,11
169,27,6
169,28,1
169,29,7
169,30,40
169,31,1
169,35,5
169,36,4
169,37,1
169,39,14
169,43,9
169,45,5
169,46,23
169,47,1
169,51,1
169,54,32
169,55,1
169,56,7
169,57,17
169,58,18
169,60,4
169,62,1
169,63,4
169,64,3
169,66,1
169,67,1
169,69,1
169,70,7
169,71,5
169,72,1
169,73,19
169,76,1
169,78,4
169,79,5
169,80,1
169,81,8
169,83,10
169,84,47
169,87,5
169,88,5
169,89,3
169,90,1
169,92,1
169,94,5
169,96,9
169,97,8
169,98,1
169,99,4
169,100,49
169,101,9
169,102,6
169,103,2
169,104,27
169,105,2
169,106,4
169,107,7
169,109,3
169,110,6
169,111,2
169,112,17
169,113,5
169,114,1
169,115,3
169,116,12
169,117,1
169,118,7
169,120,1
169,121,3
169,122,3
169,123,2
169,124,1
169,125,16
169,126,5
169,128,1
169,130,6
169,131,16
169,133,3
169,134,2
169,135,2
169,136,11
169,137,36
169,139,1
169,140,1
169,141,107
169,142,19
169,143,7
169,145,21
169,146,4
169,148,1
169,149,1
169,150,30
169,151,8
169,154,5
169,156,5
169,157,1
169,159,2
169,161,1
169,162,2
169,163,2
169,164,1
169,165,13
169,168,8
169,170,3
169,171,5
169,172,33
169,173,3
169,175,15
170,1,1
170,2,1
170,4,3
170,5,26
170,6,10
170,7,2
170,10,9
170,11,4
170,12,1
170,14,4
170,16,12
170,17,5
170,18,10
170,20,2
170,22,9
170,23,6
170,24,2
170,25,4
170,26,3
170,27,8
170,28,2
170,29,1
170,30,2
170,31,1
170,35,5
170,39,8
170,42,2
170,43,11
170,45,5
170,46,16
170,47,3
170,48,6
170,49,3
170,50,1
170,54,10
170,57,11
170,58,8
170,62,5
170,64,1
170,67,1
170,69,8
170,70,15
170,71,8
170,72,2
170,73,17
170,74,2
170,75,6
170,76,1
170,77,5
170,78,4
170,79,6
170,80,2
170,81,5
170,83,2
170,84,51
170,85,7
170,87,1
170,88,10
170,89,5
170,90,1
170,91,2
170,92,2
170,93,7
170,94,8
170,96,16
170,97,14
170,98,3
170,100,38
170,101,5
170,102,8
170,103,5
170,104,7
170,105,1
170,106,5
170,107,5
170,110,1
170,112,12
170,113,1
170,115,2
170,116,5
170,118,3
170,120,3
170,121,2
170,122,3
170,123,4
170,124,1
170,125,56
170,127,1
170,128,1
170,129,1
170,130,1
170,131,7
170,133,3
170,134,7
170,135,2
170,136,9
170,137,24
170,138,5
170,140,4
170,141,88
170,142,19
170,143,3
170,144,1
170,145,7
170,147,2
170,148,1
170,149,4
170,150,4
170,151,1
170,153,1
170,154,9
170,156,2
170,157,1
170,162,3
170,163,3
170,165,21
170,166,4
170,168,2
170,169,1
170,172,19
170,175,2
171,1,2
171,2,50
171,4,5
171,5,10
171,7,2
171,9,1
171,10,15
171,11,2
171,12,2
171,13,1
171,14,11
171,16,15
171,17,6
171,18,9
171,19,1
171,20,2
171,22,34
171,23,3
171,24,1
171,25,1
171,27,9
171,30,6
171,33,1
171,39,6
171,42,2
171,43,7
171,45,2
171,46,8
171,47,1
171,49,4
171,54,25
171,55,1
171,56,1
171,57,24
171,58,18
171,60,1
171,62,13
171,64,4
171,66,1
171,69,3
171,70,1
171,71,1
171,73,6
171,74,2
171,76,1
171,77,2
171,78,3
171,79,2
171,81,10
171,83,7
171,84,16
171,85,3
171,86,2
171,87,2
171,88,9
171,89,11
171,93,1
171,94,3
171,96,8
171,97,1
171,99,4
171,100,19
171,101,2
171,102,5
171,103,2
171,104,11
171,105,1
171,106,1
171,107,6
171,110,1
171,111,1
171,112,18
171,113,4
171,114,7
171,115,2
171,116,7
171,118,2
171,120,1
171,125,13
171,126,7
171,127,1
171,128,2
171,130,6
171,131,8
171,133,1
171,136,10
171,137,10
171,140,1
171,141,49
171,142,9
171,143,4
171,145,23
171,146,3
171,147,3
171,148,1
171,149,6
171,150,31
171,151,4
171,153,2
171,154,4
171,156,3
171,157,1
171,162,2
171,165,11
171,167,1
171,168,2
171,169,6
171,172,12
171,173,1
171,175,16
172,1,1
172,2,19
172,4,9
172,5,22
172,6,6
172,7,1
172,10,4
172,11,1
172,12,1
172,14,2
172,16,12
172,17,11
172,18,25
172,20,2
172,22,8
172,23,5
172,24,2
172,25,2
172,27,1
172,29,5
172,30,3
172,34,1
172,35,3
172,39,9
172,42,6
172,43,3
172,45,3
172,46,8
172,47,1
172,48,1
172,49,2
172,52,1
172,54,12
172,56,1
172,57,2
172,58,2
172,62,3
172,63,1
172,64,3
172,65,1
172,67,1
172,69,5
172,70,10
172,71,1
172,72,1
172,73,21
172,74,3
172,78,1
172,79,7
172,80,2
172,81,6
172,83,5
172,84,36
172,86,4
172,87,1
172,88,6
172,89,10
172,94,6
172,96,1
172,97,1
172,99,3
172,100,75
172,101,7
172,102,5
172,103,4
172,104,22
172,105,2
172,106,4
172,107,3
172,108,3
172,109,1
172,110,1
172,112,3
172,114,4
172,115,5
172,116,11
172,117,2
172,119,2
172,122,1
172,123,1
172,124,5
172,125,39
172,128,4
172,130,8
172,131,12
172,132,1
172,133,1
172,134,2
172,135,10
172,136,8
172,137,26
172,139,1
172,140,1
172,141,101
172,142,12
172,143,4
172,145,13
172,147,1
172,150,8
172,154,4
172,157,2
172,158,1
172,162,1
172,164,1
172,165,1
172,167,1
172,168,4
172,169,6
172,170,4
172,173,7
172,174,4
173,1,4
173,2,110
173,3,1
173,4,4
173,5,52
173,6,10
173,7,6
173,8,2
173,9,6
173,10,32
173,11,14
173,12,3
173,13,6
173,14,19
173,15,2
173,16,17
173,17,38
173,18,28
173,19,3
173,22,46
173,23,8
173,24,8
173,25,9
173,26,2
173,27,26
173,28,5
173,29,7
173,30,48
173,35,1
173,37,2
173,38,3
173,39,16
173,40,3
173,42,6
173,43,4
173,44,1
173,45,2
173,46,31
173,47,3
173,48,1
173,49,1
173,54,29
173,56,6
173,57,13
173,58,27
173,59,1
173,60,7
173,62,15
173,63,4
173,64,7
173,69,3
173,70,10
173,71,20
173,72,1
173,73,30
173,74,5
173,77,2
173,78,8
173,79,1
173,80,2
173,81,25
173,82,2
173,83,5
173,84,74
173,85,4
173,86,4
173,87,5
173,88,5
173,89,1
173,90,3
173,91,1
173,94,14
173,95,2
173,96,3
173,97,10
173,98,2
173,99,8
173,100,78
173,101,10
173,102,15
173,103,1
173,104,37
173,105,3
173,106,2
173,107,16
173,108,2
173,109,12
173,110,5
173,112,29
173,113,6
173,114,3
173,115,1
173,116,24
173,118,4
173,119,2
173,120,2
173,121,2
173,122,8
173,125,28
173,126,2
173,127,3
173,128,3
173,130,8
173,131,15
173,132,2
173,134,7
173,135,7
173,136,31
173,137,44
173,138,1
173,139,6
173,140,8
173,141,180
173,142,54
173,143,19
173,144,1
173,145,14
173,146,1
173,147,2
173,149,4
173,150,42
173,151,1
173,154,3
173,157,4
173,160,1
173,161,4
173,162,3
173,163,1
173,165,20
173,168,16
173,169,5
173,170,2
173,171,2
173,172,35
173,175,6
174,1,1
174,2,9
174,4,2
174,5,5
174,6,2
174,8,1
174,10,7
174,11,4
174,12,3
174,14,9
174,16,14
174,17,11
174,18,11
174,20,4
174,22,15
174,23,2
174,24,1
174,25,1
174,27,5
174,30,8
174,31,1
174,34,1
174,35,1
174,37,1
174,39,8
174,43,1
174,44,1
174,45,6
174,46,7
174,47,1
174,48,2
174,49,1
174,54,4
174,56,1
174,57,16
174,58,6
174,60,1
174,62,3
174,63,1
174,64,3
174,70,2
174,71,1
174,72,1
174,73,11
174,74,4
174,77,1
174,78,3
174,79,4
174,81,3
174,83,6
174,84,30
174,85,3
174,87,2
174,88,5
174,89,4
174,92,1
174,94,5
174,96,8
174,97,4
174,98,1
174,100,33
174,101,2
174,102,9
174,103,2
174,104,6
174,105,2
174,106,2
174,107,4
174,108,1
174,110,2
174,112,3
174,113,2
174,114,1
174,115,3
174,116,6
174,117,1
174,118,2
174,122,1
174,123,1
174,125,19
174,130,5
174,131,6
174,132,4
174,134,2
174,135,8
174,136,7
174,137,11
174,138,1
174,139,6
174,140,2
174,141,90
174,142,14
174,143,4
174,145,10
174,150,15
174,151,1
174,154,2
174,157,2
174,158,1
174,159,1
174,161,2
174,165,8
174,167,2
174,168,7
174,170,1
174,171,1
174,172,64
174,173,1
174,175,1
175,1,2
175,2,87
175,4,4
175,5,4
175,6,10
175,7,1
175,10,12
175,11,6
175,12,1
175,13,1
175,14,3
175,16,12
175,17,23
175,18,10
175,22,38
175,23,3
175,24,9
175,25,2
175,27,9
175,29,6
175,30,16
175,31,1
175,34,1
175,35,1
175,36,1
175,37,1
175,38,1
175,39,15
175,42,6
175,43,7
175,45,2
175,46,11
175,54,28
175,56,3
175,57,7
175,58,19
175,60,5
175,61,2
175,62,11
175,63,6
175,64,3
175,69,1
175,70,4
175,71,1
175,73,10
175,76,1
175,77,2
175,78,3
175,80,2
175,81,14
175,83,16
175,84,30
175,85,2
175,86,4
175,88,11
175,89,1
175,92,3
175,94,8
175,96,5
175,97,5
175,99,15
175,100,14
175,101,6
175,102,3
175,103,4
175,104,17
175,106,3
175,109,7
175,110,10
175,112,8
175,113,2
175,114,2
175,116,2
175,118,3
175,119,1
175,120,4
175,122,1
175,125,8
175,127,1
175,128,2
175,130,3
175,131,5
175,134,4
175,135,8
175,136,9
175,137,21
175,138,1
175,139,1
175,140,2
175,141,61
175,142,15
175,143,2
175,145,26
175,146,2
175,149,7
175,150,27
175,151,5
175,157,3
175,161,1
175,162,1
175,164,2
175,165,12
175,168,12
175,169,4
175,171,4
175,172,12
