node_id,zone_id,x_coord,y_coord,geometry
1,1,-105.0659353075472,39.79414692075472,POINT (-105.0659353075472 39.79414692075472)
2,2,-104.69998250111728,39.84160267653632,POINT (-104.69998250111728 39.84160267653632)
3,3,-105.03521390491802,39.66205850327868,POINT (-105.03521390491802 39.66205850327868)
4,4,-104.9085568690476,39.62985238333333,POINT (-104.9085568690476 39.62985238333333)
5,5,-104.8944745563637,39.629754946363626,POINT (-104.8944745563637 39.629754946363626)
6,6,-104.91473414583332,39.68568372638888,POINT (-104.91473414583332 39.68568372638888)
7,7,-105.0431158923077,39.64628456153847,POINT (-105.0431158923077 39.64628456153847)
8,8,-105.0409407152778,39.6332837472222,POINT (-105.0409407152778 39.6332837472222)
9,9,-104.92325619268291,39.6479178195122,POINT (-104.92325619268291 39.6479178195122)
10,10,-104.90416906831685,39.64356603465347,POINT (-104.90416906831685 39.64356603465347)
11,11,-104.88900138627451,39.64543889019607,POINT (-104.88900138627451 39.64543889019607)
12,12,-105.04632166190474,39.73929307936508,POINT (-105.04632166190474 39.73929307936508)
13,13,-104.8637520625,39.6540606125,POINT (-104.8637520625 39.6540606125)
14,14,-104.9548342488722,39.78120922105264,POINT (-104.9548342488722 39.78120922105264)
15,15,-105.04605667019231,39.71872765384616,POINT (-105.04605667019231 39.71872765384616)
16,16,-104.99676032787882,39.71675125999999,POINT (-104.99676032787882 39.71675125999999)
17,17,-104.99597253207553,39.7315133471698,POINT (-104.99597253207553 39.7315133471698)
18,18,-104.9840419888112,39.76065481188812,POINT (-104.9840419888112 39.76065481188812)
19,19,-105.03305834368936,39.7183571252427,POINT (-105.03305834368936 39.7183571252427)
20,20,-105.04367983789476,39.78706233368421,POINT (-105.04367983789476 39.78706233368421)
21,21,-105.04699452765952,39.73061548723404,POINT (-105.04699452765952 39.73061548723404)
22,22,-104.87407582450597,39.765088581422944,POINT (-104.87407582450597 39.765088581422944)
23,23,-104.89462272976192,39.65979393333333,POINT (-104.89462272976192 39.65979393333333)
24,24,-104.87271816,39.67006846,POINT (-104.87271816 39.67006846)
25,25,-104.87824413404256,39.65959537446809,POINT (-104.87824413404256 39.65959537446809)
26,26,-105.04431412812502,39.75310546562499,POINT (-105.04431412812502 39.75310546562499)
27,27,-104.91446263939396,39.672752204545446,POINT (-104.91446263939396 39.672752204545446)
28,28,-104.9126996657895,39.71945439912279,POINT (-104.9126996657895 39.71945439912279)
29,29,-104.91656570454543,39.70415865909091,POINT (-104.91656570454543 39.70415865909091)
30,30,-104.90840712162164,39.701349220270274,POINT (-104.90840712162164 39.701349220270274)
31,31,-105.04797084624995,39.67534862750001,POINT (-105.04797084624995 39.67534862750001)
32,32,-105.04516015,39.70090079166667,POINT (-105.04516015 39.70090079166667)
33,33,-105.04646626888888,39.70787636888888,POINT (-105.04646626888888 39.70787636888888)
34,34,-105.03324515438597,39.70782925087719,POINT (-105.03324515438597 39.70782925087719)
35,35,-105.03248751842106,39.700691194736834,POINT (-105.03248751842106 39.700691194736834)
36,36,-105.03288192285716,39.68857661714286,POINT (-105.03288192285716 39.68857661714286)
37,37,-105.04630541199997,39.68967810200002,POINT (-105.04630541199997 39.68967810200002)
38,38,-105.04797364074074,39.66096335925926,POINT (-105.04797364074074 39.66096335925926)
39,39,-104.93542511250004,39.6737251775,POINT (-104.93542511250004 39.6737251775)
40,40,-105.06139652586204,39.66018710344828,POINT (-105.06139652586204 39.66018710344828)
41,41,-105.058921575,39.64641636499999,POINT (-105.058921575 39.64641636499999)
42,42,-104.93083432197804,39.659035129670336,POINT (-104.93083432197804 39.659035129670336)
43,43,-104.91387288363636,39.660726334545465,POINT (-104.91387288363636 39.660726334545465)
44,44,-105.0384165974359,39.77955305512821,POINT (-105.0384165974359 39.77955305512821)
45,45,-105.00424521975307,39.703772146913565,POINT (-105.00424521975307 39.703772146913565)
46,46,-104.98375596415096,39.70404063207546,POINT (-104.98375596415096 39.70404063207546)
47,47,-104.97685715416668,39.70050335555556,POINT (-104.97685715416668 39.70050335555556)
48,48,-104.965348183,39.69777404999999,POINT (-104.965348183 39.69777404999999)
49,49,-105.01384074235293,39.78688125294116,POINT (-105.01384074235293 39.78688125294116)
50,50,-105.07478381666668,39.66509115333334,POINT (-105.07478381666668 39.66509115333334)
51,51,-105.01481103296705,39.78005689340658,POINT (-105.01481103296705 39.78005689340658)
52,52,-104.84146618684213,39.79406059210526,POINT (-104.84146618684213 39.79406059210526)
53,53,-104.8293429418182,39.79458659636364,POINT (-104.8293429418182 39.79458659636364)
54,54,-104.85960569866666,39.78604508933333,POINT (-104.85960569866666 39.78604508933333)
55,55,-104.81481533653847,39.79188595576923,POINT (-104.81481533653847 39.79188595576923)
56,56,-104.79980354505498,39.788679207692304,POINT (-104.79980354505498 39.788679207692304)
57,57,-104.91189414821427,39.77026558124999,POINT (-104.91189414821427 39.77026558124999)
58,58,-104.8963300972414,39.7641560324138,POINT (-104.8963300972414 39.7641560324138)
59,59,-104.83791886406246,39.78591432343752,POINT (-104.83791886406246 39.78591432343752)
60,60,-104.82544012025316,39.77759309240508,POINT (-104.82544012025316 39.77759309240508)
61,61,-104.81904239444442,39.78416086666667,POINT (-104.81904239444442 39.78416086666667)
62,62,-104.98750522380952,39.78009500000002,POINT (-104.98750522380952 39.78009500000002)
63,63,-104.75026281718743,39.7909563484375,POINT (-104.75026281718743 39.7909563484375)
64,64,-104.95084944623656,39.7583070139785,POINT (-104.95084944623656 39.7583070139785)
65,65,-104.93157535576933,39.7569186451923,POINT (-104.93157535576933 39.7569186451923)
66,66,-104.91250310363635,39.75681467181819,POINT (-104.91250310363635 39.75681467181819)
67,67,-104.7629643862069,39.7762622,POINT (-104.7629643862069 39.7762622)
68,68,-104.74449329743592,39.7753567179487,POINT (-104.74449329743592 39.7753567179487)
69,69,-104.98079969464284,39.686990220535726,POINT (-104.98079969464284 39.686990220535726)
70,70,-105.00860778453604,39.73410469896908,POINT (-105.00860778453604 39.73410469896908)
71,71,-104.99202282372882,39.73570245762712,POINT (-104.99202282372882 39.73570245762712)
72,72,-104.96849067446809,39.68318867446808,POINT (-104.96849067446809 39.68318867446808)
73,73,-104.95041480879124,39.690574431868136,POINT (-104.95041480879124 39.690574431868136)
74,74,-105.03923613861387,39.7730390138614,POINT (-105.03923613861387 39.7730390138614)
75,75,-105.018247384058,39.77313657681159,POINT (-105.018247384058 39.77313657681159)
76,76,-105.04645353295452,39.764113680681824,POINT (-105.04645353295452 39.764113680681824)
77,77,-105.03264466973684,39.76408680263157,POINT (-105.03264466973684 39.76408680263157)
78,78,-105.0170499311828,39.76308289247313,POINT (-105.0170499311828 39.76308289247313)
79,79,-105.00546643595506,39.76360260898875,POINT (-105.00546643595506 39.76360260898875)
80,80,-104.96652424861112,39.76646795138889,POINT (-104.96652424861112 39.76646795138889)
81,81,-104.93086622155172,39.77249945258621,POINT (-104.93086622155172 39.77249945258621)
82,82,-105.03259741157892,39.75216801473684,POINT (-105.03259741157892 39.75216801473684)
83,83,-105.01976811833332,39.75254422666666,POINT (-105.01976811833332 39.75254422666666)
84,84,-105.00000579836062,39.75263456065574,POINT (-105.00000579836062 39.75263456065574)
85,85,-104.98020324714284,39.75339099714286,POINT (-104.98020324714284 39.75339099714286)
86,86,-104.94944095268814,39.76654964086019,POINT (-104.94944095268814 39.76654964086019)
87,87,-105.02047837450978,39.73513917254902,POINT (-105.02047837450978 39.73513917254902)
88,88,-105.01613282738096,39.716644195238096,POINT (-105.01613282738096 39.716644195238096)
89,89,-105.01331912926833,39.67378512317074,POINT (-105.01331912926833 39.67378512317074)
90,90,-105.03231036956528,39.67474128985509,POINT (-105.03231036956528 39.67474128985509)
91,91,-105.03240454838708,39.73061146451612,POINT (-105.03240454838708 39.73061146451612)
92,92,-105.03212410138885,39.74065296388889,POINT (-105.03212410138885 39.74065296388889)
93,93,-105.01866360595236,39.70380529047618,POINT (-105.01866360595236 39.70380529047618)
94,94,-105.01058208915666,39.69291996746987,POINT (-105.01058208915666 39.69291996746987)
95,95,-105.01492157068964,39.68570463448275,POINT (-105.01492157068964 39.68570463448275)
96,96,-104.99162185280898,39.680780938202254,POINT (-104.99162185280898 39.680780938202254)
97,97,-104.98137636153848,39.673343176923055,POINT (-104.98137636153848 39.673343176923055)
98,98,-104.94995823176468,39.728483378823526,POINT (-104.94995823176468 39.728483378823526)
99,99,-104.95085353673473,39.74336720408164,POINT (-104.95085353673473 39.74336720408164)
100,100,-104.94916495196846,39.71955587086613,POINT (-104.94916495196846 39.71955587086613)
101,101,-104.9450400139535,39.73606607209302,POINT (-104.9450400139535 39.73606607209302)
102,102,-104.95022418247422,39.70351940309277,POINT (-104.95022418247422 39.70351940309277)
103,103,-104.93129496785716,39.745290306250006,POINT (-104.93129496785716 39.745290306250006)
104,104,-104.93523308799996,39.73304035066666,POINT (-104.93523308799996 39.73304035066666)
105,105,-104.93182958881115,39.71894428251747,POINT (-104.93182958881115 39.71894428251747)
106,106,-104.9259871054054,39.70501095675675,POINT (-104.9259871054054 39.70501095675675)
107,107,-104.93516003809523,39.69306128571428,POINT (-104.93516003809523 39.69306128571428)
108,108,-104.89623004411764,39.68609637647058,POINT (-104.89623004411764 39.68609637647058)
109,109,-104.89557284903226,39.703588316774194,POINT (-104.89557284903226 39.703588316774194)
110,110,-104.87127973666664,39.70427358333333,POINT (-104.87127973666664 39.70427358333333)
111,111,-104.88466449696972,39.70634889090908,POINT (-104.88466449696972 39.70634889090908)
112,112,-104.89387249944131,39.72095260782125,POINT (-104.89387249944131 39.72095260782125)
113,113,-104.91254022681564,39.73274181117316,POINT (-104.91254022681564 39.73274181117316)
114,114,-104.89432409729731,39.736704886486486,POINT (-104.89432409729731 39.736704886486486)
115,115,-104.9272606779661,39.68790613559322,POINT (-104.9272606779661 39.68790613559322)
116,116,-104.93566404230768,39.685118546153845,POINT (-104.93566404230768 39.685118546153845)
117,117,-104.92655253333332,39.732552846376805,POINT (-104.92655253333332 39.732552846376805)
118,118,-104.91276159586776,39.74538507272727,POINT (-104.91276159586776 39.74538507272727)
119,119,-104.89495484027778,39.74429486666666,POINT (-104.89495484027778 39.74429486666666)
120,120,-104.96645586179775,39.75626610674156,POINT (-104.96645586179775 39.75626610674156)
121,121,-104.95063246835444,39.66234723164557,POINT (-104.95063246835444 39.66234723164557)
122,122,-104.95022469285716,39.68122939285716,POINT (-104.95022469285716 39.68122939285716)
123,123,-104.9509473809524,39.673165846428574,POINT (-104.9509473809524 39.673165846428574)
124,124,-104.9543141725,39.73640377999999,POINT (-104.9543141725 39.73640377999999)
125,125,-104.96661256666664,39.669871161458325,POINT (-104.96661256666664 39.669871161458325)
126,126,-104.96918532222224,39.7345742488889,POINT (-104.96918532222224 39.7345742488889)
127,127,-104.96281122758622,39.7351324275862,POINT (-104.96281122758622 39.7351324275862)
128,128,-104.9663210056818,39.72309763977272,POINT (-104.9663210056818 39.72309763977272)
129,129,-104.9681863511111,39.71103119333334,POINT (-104.9681863511111 39.71103119333334)
130,130,-104.9659762758621,39.74903593448276,POINT (-104.9659762758621 39.74903593448276)
131,131,-104.967207678,39.743099884,POINT (-104.967207678 39.743099884)
132,132,-105.00460677301588,39.77312065555556,POINT (-105.00460677301588 39.77312065555556)
133,133,-104.97573758518516,39.74995744074073,POINT (-104.97573758518516 39.74995744074073)
134,134,-104.9772400304348,39.74368283478261,POINT (-104.9772400304348 39.74368283478261)
135,135,-104.98419042380952,39.71834795714285,POINT (-104.98419042380952 39.71834795714285)
136,136,-104.9833385609756,39.735979524390245,POINT (-104.9833385609756 39.735979524390245)
137,137,-104.98038326585365,39.7297852195122,POINT (-104.98038326585365 39.7297852195122)
138,138,-104.9764668235294,39.73593597647058,POINT (-104.9764668235294 39.73593597647058)
139,139,-104.97861097169812,39.72352304339623,POINT (-104.97861097169812 39.72352304339623)
140,140,-104.97704813414634,39.71651027804879,POINT (-104.97704813414634 39.71651027804879)
141,141,-104.99252589518068,39.74483260481927,POINT (-104.99252589518068 39.74483260481927)
142,142,-104.98365155666669,39.743949726666656,POINT (-104.98365155666669 39.743949726666656)
143,143,-105.00684395084744,39.74535880677966,POINT (-105.00684395084744 39.74535880677966)
144,144,-104.786927123,39.884821147,POINT (-104.786927123 39.884821147)
145,145,-104.9171638525547,39.80162980218978,POINT (-104.9171638525547 39.80162980218978)
146,146,-105.03706643018872,39.79708586226415,POINT (-105.03706643018872 39.79708586226415)
147,147,-105.01544564067795,39.796220828813546,POINT (-105.01544564067795 39.796220828813546)
148,148,-104.9081710861539,39.82332778769231,POINT (-104.9081710861539 39.82332778769231)
149,149,-104.83506840357146,39.75951582946427,POINT (-104.83506840357146 39.75951582946427)
150,150,-104.79526973157894,39.75803356052631,POINT (-104.79526973157894 39.75803356052631)
151,151,-104.87281691538465,39.74937504743591,POINT (-104.87281691538465 39.74937504743591)
152,152,-104.8567793355556,39.74902786111111,POINT (-104.8567793355556 39.74902786111111)
153,153,-104.87509274666668,39.74197569333332,POINT (-104.87509274666668 39.74197569333332)
154,154,-105.073543485,39.6505510425,POINT (-105.073543485 39.6505510425)
155,155,-105.06580096136364,39.67437518409091,POINT (-105.06580096136364 39.67437518409091)
156,156,-105.0702584210526,39.78114224736841,POINT (-105.0702584210526 39.78114224736841)
157,157,-105.0645423530612,39.7735268,POINT (-105.0645423530612 39.7735268)
158,158,-105.06725225569622,39.68614523924049,POINT (-105.06725225569622 39.68614523924049)
159,159,-105.06264379999996,39.7512774263158,POINT (-105.06264379999996 39.7512774263158)
160,160,-105.0587504792208,39.76153382727272,POINT (-105.0587504792208 39.76153382727272)
161,161,-105.0601611690476,39.74420102380952,POINT (-105.0601611690476 39.74420102380952)
162,162,-105.02533121562502,39.63268677656252,POINT (-105.02533121562502 39.63268677656252)
163,163,-105.0252826357143,39.64966028214285,POINT (-105.0252826357143 39.64966028214285)
164,164,-104.87655132428571,39.73251609428573,POINT (-104.87655132428571 39.73251609428573)
165,165,-105.01496781200004,39.662467572,POINT (-105.01496781200004 39.662467572)
166,166,-104.97877390357142,39.66401141964286,POINT (-104.97877390357142 39.66401141964286)
167,167,-104.92142826037738,39.66735146792452,POINT (-104.92142826037738 39.66735146792452)
168,168,-104.89259641785716,39.67036770714287,POINT (-104.89259641785716 39.67036770714287)
169,169,-104.8717770179487,39.68996111794872,POINT (-104.8717770179487 39.68996111794872)
170,170,-104.96411186000002,39.65731455142857,POINT (-104.96411186000002 39.65731455142857)
171,171,-104.869932590625,39.72528149374999,POINT (-104.869932590625 39.72528149374999)
172,172,-104.93433465925926,39.70359443703703,POINT (-104.93433465925926 39.70359443703703)
173,173,-104.8847006875,39.69389271749999,POINT (-104.8847006875 39.69389271749999)
174,174,-104.9311346,39.698840475,POINT (-104.9311346 39.698840475)
175,175,-104.85680374499998,39.69987245249999,POINT (-104.85680374499998 39.69987245249999)
176,,-104.991885,39.7034891,POINT (-104.991885 39.7034891)
177,,-104.9909176,39.7031899,POINT (-104.9909176 39.7031899)
178,,-104.978891,39.6937697,POINT (-104.978891 39.6937697)
179,,-104.975191,39.6906986,POINT (-104.975191 39.6906986)
180,,-104.9406017,39.7413813,POINT (-104.9406017 39.7413813)
181,,-104.940596,39.7425704,POINT (-104.940596 39.7425704)
182,,-104.9500433,39.6896743,POINT (-104.9500433 39.6896743)
183,,-104.9500436,39.6893239,POINT (-104.9500436 39.6893239)
184,,-104.953054,39.7729143,POINT (-104.953054 39.7729143)
185,,-104.9519566,39.7729107,POINT (-104.9519566 39.7729107)
186,,-104.9541619,39.7729181,POINT (-104.9541619 39.7729181)
187,,-105.0183689,39.7401241,POINT (-105.0183689 39.7401241)
188,,-105.0199048,39.7400112,POINT (-105.0199048 39.7400112)
189,,-104.9536645,39.7544501,POINT (-104.9536645 39.7544501)
190,,-104.9524418,39.7544473,POINT (-104.9524418 39.7544473)
191,,-104.9549091,39.754453,POINT (-104.9549091 39.754453)
192,,-104.9536604,39.7569695,POINT (-104.9536604 39.7569695)
193,,-104.9548996,39.7569755,POINT (-104.9548996 39.7569755)
194,,-105.0171489,39.7434604,POINT (-105.0171489 39.7434604)
195,,-104.9524373,39.7569711,POINT (-104.9524373 39.7569711)
196,,-104.9536584,39.7582232,POINT (-104.9536584 39.7582232)
197,,-104.9548949,39.7582231,POINT (-104.9548949 39.7582231)
198,,-104.952435,39.7582193,POINT (-104.952435 39.7582193)
199,,-105.0160478,39.7397788,POINT (-105.0160478 39.7397788)
200,,-105.0205715,39.7400362,POINT (-105.0205715 39.7400362)
201,,-105.0203411,39.7400265,POINT (-105.0203411 39.7400265)
202,,-104.9536557,39.7681223,POINT (-104.9536557 39.7681223)
203,,-104.9524126,39.7681218,POINT (-104.9524126 39.7681218)
204,,-104.9548578,39.7681269,POINT (-104.9548578 39.7681269)
205,,-104.9530315,39.7837509,POINT (-104.9530315 39.7837509)
206,,-104.951873,39.7837479,POINT (-104.951873 39.7837479)
207,,-104.9541415,39.7837537,POINT (-104.9541415 39.7837537)
208,,-105.0214683,39.7400165,POINT (-105.0214683 39.7400165)
209,,-104.8160478,39.7812084,POINT (-104.8160478 39.7812084)
210,,-104.81519,39.7810401,POINT (-104.81519 39.7810401)
211,,-104.8168328,39.7813747,POINT (-104.8168328 39.7813747)
212,,-105.0215698,39.7390289,POINT (-105.0215698 39.7390289)
213,,-104.817365,39.7783009,POINT (-104.817365 39.7783009)
214,,-104.8165238,39.7780569,POINT (-104.8165238 39.7780569)
215,,-105.0234005,39.7412643,POINT (-105.0234005 39.7412643)
216,,-104.8193437,39.7743152,POINT (-104.8193437 39.7743152)
217,,-104.8200686,39.774686,POINT (-104.8200686 39.774686)
218,,-104.8186313,39.7739392,POINT (-104.8186313 39.7739392)
219,,-104.9875201,39.6730923,POINT (-104.9875201 39.6730923)
220,,-104.9875174,39.6748897,POINT (-104.9875174 39.6748897)
221,,-104.9036802,39.6712383,POINT (-104.9036802 39.6712383)
222,,-104.9035328,39.6712367,POINT (-104.9035328 39.6712367)
223,,-104.9734548,39.6731005,POINT (-104.9734548 39.6731005)
224,,-104.9734675,39.6748829,POINT (-104.9734675 39.6748829)
225,,-104.9734694,39.6712774,POINT (-104.9734694 39.6712774)
226,,-104.9036062,39.6694722,POINT (-104.9036062 39.6694722)
227,,-104.9687726,39.6730912,POINT (-104.9687726 39.6730912)
228,,-104.9687668,39.6748603,POINT (-104.9687668 39.6748603)
229,,-104.9688008,39.6694635,POINT (-104.9688008 39.6694635)
230,,-104.9594001,39.673029,POINT (-104.9594001 39.673029)
231,,-104.9594096,39.6735511,POINT (-104.9594096 39.6735511)
232,,-104.959396,39.6712237,POINT (-104.959396 39.6712237)
233,,-105.004091,39.7608622,POINT (-105.004091 39.7608622)
234,,-105.0037248,39.7611251,POINT (-105.0037248 39.7611251)
235,,-105.0052321,39.7614351,POINT (-105.0052321 39.7614351)
236,,-105.0016238,39.7637183,POINT (-105.0016238 39.7637183)
237,,-105.0532459,39.7068853,POINT (-105.0532459 39.7068853)
238,,-105.0532468,39.707694,POINT (-105.0532468 39.707694)
239,,-105.0532449,39.7059146,POINT (-105.0532449 39.7059146)
240,,-104.998467,39.7666069,POINT (-104.998467 39.7666069)
241,,-104.8790959,39.708024,POINT (-104.8790959 39.708024)
242,,-104.8788922,39.7080725,POINT (-104.8788922 39.7080725)
243,,-105.009976,39.7834123,POINT (-105.009976 39.7834123)
244,,-105.0066412,39.7827526,POINT (-105.0066412 39.7827526)
245,,-105.0027787,39.7834835,POINT (-105.0027787 39.7834835)
246,,-104.9272055,39.7253228,POINT (-104.9272055 39.7253228)
247,,-104.9260981,39.7253303,POINT (-104.9260981 39.7253303)
248,,-104.9269681,39.7178293,POINT (-104.9269681 39.7178293)
249,,-104.9257903,39.7178282,POINT (-104.9257903 39.7178282)
250,,-104.9281289,39.7178243,POINT (-104.9281289 39.7178243)
251,,-104.926998,39.7796355,POINT (-104.926998 39.7796355)
252,,-104.9296562,39.7801094,POINT (-104.9296562 39.7801094)
253,,-105.0291076,39.7623496,POINT (-105.0291076 39.7623496)
254,,-105.0298277,39.7629634,POINT (-105.0298277 39.7629634)
255,,-104.9269979,39.7837749,POINT (-104.9269979 39.7837749)
256,,-104.9222828,39.783797,POINT (-104.9222828 39.783797)
257,,-104.9316682,39.7834154,POINT (-104.9316682 39.7834154)
258,,-104.9269677,39.7789,POINT (-104.9269677 39.7789)
259,,-104.9258082,39.778669,POINT (-104.9258082 39.778669)
260,,-105.0288732,39.7620906,POINT (-105.0288732 39.7620906)
261,,-104.9269775,39.7655961,POINT (-104.9269775 39.7655961)
262,,-104.9257775,39.7656033,POINT (-104.9257775 39.7656033)
263,,-104.928179,39.7655935,POINT (-104.928179 39.7655935)
264,,-105.0138229,39.7280796,POINT (-105.0138229 39.7280796)
265,,-105.0155,39.7313816,POINT (-105.0155 39.7313816)
266,,-104.9269967,39.7692196,POINT (-104.9269967 39.7692196)
267,,-104.9257747,39.7692247,POINT (-104.9257747 39.7692247)
268,,-104.9281727,39.7692211,POINT (-104.9281727 39.7692211)
269,,-104.9738751,39.7796201,POINT (-104.9738751 39.7796201)
270,,-104.972576,39.7796793,POINT (-104.972576 39.7796793)
271,,-104.9270037,39.7752307,POINT (-104.9270037 39.7752307)
272,,-104.931676,39.7758099,POINT (-104.931676 39.7758099)
273,,-104.9246277,39.7749196,POINT (-104.9246277 39.7749196)
274,,-104.9269324,39.7292455,POINT (-104.9269324 39.7292455)
275,,-104.9272217,39.7292435,POINT (-104.9272217 39.7292435)
276,,-104.9261167,39.7292472,POINT (-104.9261167 39.7292472)
277,,-104.9268735,39.7310545,POINT (-104.9268735 39.7310545)
278,,-104.9271657,39.731222,POINT (-104.9271657 39.731222)
279,,-104.9786416,39.779139,POINT (-104.9786416 39.779139)
280,,-104.9269118,39.7364955,POINT (-104.9269118 39.7364955)
281,,-104.9280728,39.7364912,POINT (-104.9280728 39.7364912)
282,,-104.9791472,39.7788437,POINT (-104.9791472 39.7788437)
283,,-104.9269218,39.738299,POINT (-104.9269218 39.738299)
284,,-104.9257872,39.738302,POINT (-104.9257872 39.738302)
285,,-104.9269208,39.7400955,POINT (-104.9269208 39.7400955)
286,,-104.9257913,39.7400971,POINT (-104.9257913 39.7400971)
287,,-104.9275873,39.7620069,POINT (-104.9275873 39.7620069)
288,,-104.9293546,39.7619928,POINT (-104.9293546 39.7619928)
289,,-104.9791011,39.7791562,POINT (-104.9791011 39.7791562)
290,,-104.9272037,39.7256241,POINT (-104.9272037 39.7256241)
291,,-104.9283063,39.7256228,POINT (-104.9283063 39.7256228)
292,,-104.9407508,39.6816519,POINT (-104.9407508 39.6816519)
293,,-104.9405165,39.6816365,POINT (-104.9405165 39.6816365)
294,,-104.9281079,39.7292448,POINT (-104.9281079 39.7292448)
295,,-104.92699,39.7510667,POINT (-104.92699 39.7510667)
296,,-104.9258108,39.7510665,POINT (-104.9258108 39.7510665)
297,,-104.928174,39.7510667,POINT (-104.928174 39.7510667)
298,,-104.9408627,39.6807644,POINT (-104.9408627 39.6807644)
299,,-104.9269948,39.7546882,POINT (-104.9269948 39.7546882)
300,,-104.9257722,39.75469,POINT (-104.9257722 39.75469)
301,,-104.9281993,39.7546864,POINT (-104.9281993 39.7546864)
302,,-104.9270063,39.7583402,POINT (-104.9270063 39.7583402)
303,,-104.9257738,39.7583441,POINT (-104.9257738 39.7583441)
304,,-104.9416751,39.6819371,POINT (-104.9416751 39.6819371)
305,,-104.9282384,39.7583363,POINT (-104.9282384 39.7583363)
306,,-104.9935966,39.7481388,POINT (-104.9935966 39.7481388)
307,,-104.9923918,39.74907,POINT (-104.9923918 39.74907)
308,,-104.9927179,39.7474647,POINT (-104.9927179 39.7474647)
309,,-104.9911919,39.7499973,POINT (-104.9911919 39.7499973)
310,,-104.9932554,39.74972,POINT (-104.9932554 39.74972)
311,,-104.9903143,39.7493229,POINT (-104.9903143 39.7493229)
312,,-104.9899765,39.750933,POINT (-104.9899765 39.750933)
313,,-104.9908493,39.7516097,POINT (-104.9908493 39.7516097)
314,,-104.9887668,39.7518642,POINT (-104.9887668 39.7518642)
315,,-104.9875591,39.7527938,POINT (-104.9875591 39.7527938)
316,,-104.9878935,39.7511945,POINT (-104.9878935 39.7511945)
317,,-104.9896431,39.7525389,POINT (-104.9896431 39.7525389)
318,,-104.9873868,39.7529333,POINT (-104.9873868 39.7529333)
319,,-104.9873879,39.7526621,POINT (-104.9873879 39.7526621)
320,,-104.9863465,39.7537355,POINT (-104.9863465 39.7537355)
321,,-104.9872202,39.7544058,POINT (-104.9872202 39.7544058)
322,,-104.9870424,39.7531989,POINT (-104.9870424 39.7531989)
323,,-105.0307527,39.7835901,POINT (-105.0307527 39.7835901)
324,,-105.0287256,39.7838921,POINT (-105.0287256 39.7838921)
325,,-104.9851444,39.7546694,POINT (-104.9851444 39.7546694)
326,,-104.9854782,39.7530567,POINT (-104.9854782 39.7530567)
327,,-104.9839361,39.7556081,POINT (-104.9839361 39.7556081)
328,,-104.9827327,39.7565431,POINT (-104.9827327 39.7565431)
329,,-105.0345915,39.7830396,POINT (-105.0345915 39.7830396)
330,,-105.0345972,39.7821185,POINT (-105.0345972 39.7821185)
331,,-104.9815297,39.7574776,POINT (-104.9815297 39.7574776)
332,,-104.9803198,39.7584176,POINT (-104.9803198 39.7584176)
333,,-104.9823944,39.7581417,POINT (-104.9823944 39.7581417)
334,,-104.9806481,39.7568005,POINT (-104.9806481 39.7568005)
335,,-104.9791199,39.7593496,POINT (-104.9791199 39.7593496)
336,,-104.9779113,39.7602886,POINT (-104.9779113 39.7602886)
337,,-104.9733498,39.7638075,POINT (-104.9733498 39.7638075)
338,,-104.9733517,39.7642119,POINT (-104.9733517 39.7642119)
339,,-105.0357942,39.7831699,POINT (-105.0357942 39.7831699)
340,,-104.9733529,39.763259,POINT (-104.9733529 39.763259)
341,,-105.0061384,39.7412606,POINT (-105.0061384 39.7412606)
342,,-105.0056556,39.7410317,POINT (-105.0056556 39.7410317)
343,,-105.0065354,39.7414524,POINT (-105.0065354 39.7414524)
344,,-105.0345871,39.7837547,POINT (-105.0345871 39.7837547)
345,,-104.9316594,39.6622299,POINT (-104.9316594 39.6622299)
346,,-104.9316651,39.6618181,POINT (-104.9316651 39.6618181)
347,,-104.9316526,39.6628069,POINT (-104.9316526 39.6628069)
348,,-105.017433,39.7493151,POINT (-105.017433 39.7493151)
349,,-105.015965,39.7510962,POINT (-105.015965 39.7510962)
350,,-104.9734969,39.6669436,POINT (-104.9734969 39.6669436)
351,,-104.9734927,39.6666136,POINT (-104.9734927 39.6666136)
352,,-104.9734967,39.6676887,POINT (-104.9734967 39.6676887)
353,,-104.9734952,39.6663276,POINT (-104.9734952 39.6663276)
354,,-104.9734919,39.6658544,POINT (-104.9734919 39.6658544)
355,,-105.0152472,39.753141,POINT (-105.0152472 39.753141)
356,,-104.8403799,39.782489,POINT (-104.8403799 39.782489)
357,,-104.84044,39.7831552,POINT (-104.84044 39.7831552)
358,,-104.8406117,39.7847118,POINT (-104.8406117 39.7847118)
359,,-104.8406288,39.7848833,POINT (-104.8406288 39.7848833)
360,,-104.8398478,39.7849295,POINT (-104.8398478 39.7849295)
361,,-104.8405172,39.7838676,POINT (-104.8405172 39.7838676)
362,,-105.0161858,39.7513731,POINT (-105.0161858 39.7513731)
363,,-105.017377,39.751237,POINT (-105.017377 39.751237)
364,,-104.8403971,39.7818492,POINT (-104.8403971 39.7818492)
365,,-104.8416073,39.7805234,POINT (-104.8416073 39.7805234)
366,,-104.8417626,39.7806394,POINT (-104.8417626 39.7806394)
367,,-104.8397821,39.7793185,POINT (-104.8397821 39.7793185)
368,,-105.01581,39.7515127,POINT (-105.01581 39.7515127)
369,,-105.0142643,39.7801847,POINT (-105.0142643 39.7801847)
370,,-105.0158489,39.7801897,POINT (-105.0158489 39.7801897)
371,,-105.0156986,39.7518215,POINT (-105.0156986 39.7518215)
372,,-105.0127057,39.7801798,POINT (-105.0127057 39.7801798)
373,,-105.0141526,39.7313139,POINT (-105.0141526 39.7313139)
374,,-105.0148189,39.7314269,POINT (-105.0148189 39.7314269)
375,,-105.0139849,39.7297151,POINT (-105.0139849 39.7297151)
376,,-105.0144852,39.7584073,POINT (-105.0144852 39.7584073)
377,,-105.013148,39.7584052,POINT (-105.013148 39.7584052)
378,,-105.0158426,39.7584095,POINT (-105.0158426 39.7584095)
379,,-105.0151844,39.751805,POINT (-105.0151844 39.751805)
380,,-105.0146978,39.7839178,POINT (-105.0146978 39.7839178)
381,,-105.0158447,39.7839931,POINT (-105.0158447 39.7839931)
382,,-105.0135432,39.7838344,POINT (-105.0135432 39.7838344)
383,,-105.0142106,39.7202589,POINT (-105.0142106 39.7202589)
384,,-105.0131888,39.7202604,POINT (-105.0131888 39.7202604)
385,,-105.0152096,39.720257,POINT (-105.0152096 39.720257)
386,,-105.0158442,39.7589159,POINT (-105.0158442 39.7589159)
387,,-105.0158334,39.7571855,POINT (-105.0158334 39.7571855)
388,,-105.0181463,39.7584272,POINT (-105.0181463 39.7584272)
389,,-105.0158482,39.7601464,POINT (-105.0158482 39.7601464)
390,,-105.0158466,39.75964,POINT (-105.0158466 39.75964)
391,,-105.0158503,39.7607996,POINT (-105.0158503 39.7607996)
392,,-105.0158506,39.7608945,POINT (-105.0158506 39.7608945)
393,,-105.0158543,39.762031,POINT (-105.0158543 39.762031)
394,,-105.0158521,39.7656437,POINT (-105.0158521 39.7656437)
395,,-105.0158602,39.7644417,POINT (-105.0158602 39.7644417)
396,,-105.0158605,39.766859,POINT (-105.0158605 39.766859)
397,,-104.9005754,39.7782758,POINT (-104.9005754 39.7782758)
398,,-104.898834,39.7782637,POINT (-104.898834 39.7782637)
399,,-105.0158688,39.768056,POINT (-105.0158688 39.768056)
400,,-105.0158445,39.7874365,POINT (-105.0158445 39.7874365)
401,,-105.0158446,39.7856231,POINT (-105.0158446 39.7856231)
402,,-105.0170058,39.7874372,POINT (-105.0170058 39.7874372)
403,,-105.0158444,39.7892449,POINT (-105.0158444 39.7892449)
404,,-105.0146965,39.7874358,POINT (-105.0146965 39.7874358)
405,,-104.9936731,39.7593681,POINT (-104.9936731 39.7593681)
406,,-104.9938177,39.7592645,POINT (-104.9938177 39.7592645)
407,,-104.9948556,39.7656845,POINT (-104.9948556 39.7656845)
408,,-104.9098055,39.7692695,POINT (-104.9098055 39.7692695)
409,,-104.9094634,39.7692697,POINT (-104.9094634 39.7692697)
410,,-104.9106198,39.7692738,POINT (-104.9106198 39.7692738)
411,,-104.909807,39.7727385,POINT (-104.909807 39.7727385)
412,,-104.9077346,39.7724543,POINT (-104.9077346 39.7724543)
413,,-104.9108459,39.7728961,POINT (-104.9108459 39.7728961)
414,,-104.9093589,39.7256447,POINT (-104.9093589 39.7256447)
415,,-104.9104941,39.7256434,POINT (-104.9104941 39.7256434)
416,,-104.9093539,39.7292755,POINT (-104.9093539 39.7292755)
417,,-104.9104901,39.7292737,POINT (-104.9104901 39.7292737)
418,,-104.9081566,39.729278,POINT (-104.9081566 39.729278)
419,,-104.909386,39.7328944,POINT (-104.909386 39.7328944)
420,,-104.9081565,39.7328974,POINT (-104.9081565 39.7328974)
421,,-104.910504,39.7328967,POINT (-104.910504 39.7328967)
422,,-104.9597869,39.7482163,POINT (-104.9597869 39.7482163)
423,,-104.9597937,39.7469468,POINT (-104.9597937 39.7469468)
424,,-104.9093662,39.7372747,POINT (-104.9093662 39.7372747)
425,,-104.9105095,39.7372708,POINT (-104.9105095 39.7372708)
426,,-104.909376,39.738713,POINT (-104.909376 39.738713)
427,,-104.9081739,39.7387131,POINT (-104.9081739 39.7387131)
428,,-104.9597757,39.7494634,POINT (-104.9597757 39.7494634)
429,,-104.9093787,39.7401062,POINT (-104.9093787 39.7401062)
430,,-104.9081703,39.740108,POINT (-104.9081703 39.740108)
431,,-104.961008,39.7482155,POINT (-104.961008 39.7482155)
432,,-104.9093845,39.7474448,POINT (-104.9093845 39.7474448)
433,,-104.9081603,39.7474384,POINT (-104.9081603 39.7474384)
434,,-104.9105108,39.7474425,POINT (-104.9105108 39.7474425)
435,,-104.9093799,39.7510119,POINT (-104.9093799 39.7510119)
436,,-104.908161,39.7510121,POINT (-104.908161 39.7510121)
437,,-104.9105116,39.7510117,POINT (-104.9105116 39.7510117)
438,,-104.9093752,39.7547145,POINT (-104.9093752 39.7547145)
439,,-104.9081506,39.7547163,POINT (-104.9081506 39.7547163)
440,,-104.9105194,39.7547128,POINT (-104.9105194 39.7547128)
441,,-104.9093953,39.758396,POINT (-104.9093953 39.758396)
442,,-104.908145,39.7584,POINT (-104.908145 39.7584)
443,,-104.9105567,39.7583923,POINT (-104.9105567 39.7583923)
444,,-104.9094155,39.7619853,POINT (-104.9094155 39.7619853)
445,,-104.9105688,39.7619873,POINT (-104.9105688 39.7619873)
446,,-104.9094399,39.7656485,POINT (-104.9094399 39.7656485)
447,,-104.9106,39.7656456,POINT (-104.9106 39.7656456)
448,,-104.908207,39.7656516,POINT (-104.908207 39.7656516)
449,,-104.908226,39.7692678,POINT (-104.908226 39.7692678)
450,,-104.909738,39.7183682,POINT (-104.909738 39.7183682)
451,,-104.9087777,39.7183675,POINT (-104.9087777 39.7183675)
452,,-104.9106959,39.7183677,POINT (-104.9106959 39.7183677)
453,,-104.9124431,39.7329019,POINT (-104.9124431 39.7329019)
454,,-104.9124415,39.7336481,POINT (-104.9124415 39.7336481)
455,,-104.9116415,39.7328982,POINT (-104.9116415 39.7328982)
456,,-104.9072781,39.7328971,POINT (-104.9072781 39.7328971)
457,,-104.9081586,39.7338698,POINT (-104.9081586 39.7338698)
458,,-104.9081571,39.7316823,POINT (-104.9081571 39.7316823)
459,,-104.9069181,39.7328987,POINT (-104.9069181 39.7328987)
460,,-104.9058136,39.7328992,POINT (-104.9058136 39.7328992)
461,,-104.9046378,39.7328981,POINT (-104.9046378 39.7328981)
462,,-104.9034633,39.7328923,POINT (-104.9034633 39.7328923)
463,,-104.9020465,39.7328849,POINT (-104.9020465 39.7328849)
464,,-104.9034629,39.7341717,POINT (-104.9034629 39.7341717)
465,,-104.9034667,39.7316857,POINT (-104.9034667 39.7316857)
466,,-104.893382,39.7328685,POINT (-104.893382 39.7328685)
467,,-104.8906037,39.7328603,POINT (-104.8906037 39.7328603)
468,,-104.8943881,39.7328797,POINT (-104.8943881 39.7328797)
469,,-104.8932686,39.7320535,POINT (-104.8932686 39.7320535)
470,,-104.8894338,39.7328496,POINT (-104.8894338 39.7328496)
471,,-104.8882373,39.7328477,POINT (-104.8882373 39.7328477)
472,,-104.9316945,39.7766302,POINT (-104.9316945 39.7766302)
473,,-104.93167,39.7797542,POINT (-104.93167 39.7797542)
474,,-104.8870538,39.7328467,POINT (-104.8870538 39.7328467)
475,,-104.8858764,39.7328461,POINT (-104.8858764 39.7328461)
476,,-104.8847193,39.7328435,POINT (-104.8847193 39.7328435)
477,,-104.8850859,39.7328337,POINT (-104.8850859 39.7328337)
478,,-104.8847899,39.7324206,POINT (-104.8847899 39.7324206)
479,,-104.8847065,39.7341955,POINT (-104.8847065 39.7341955)
480,,-104.9861365,39.7338486,POINT (-104.9861365 39.7338486)
481,,-104.987401,39.733847,POINT (-104.987401 39.733847)
482,,-104.9848834,39.7338503,POINT (-104.9848834 39.7338503)
483,,-104.9317831,39.7758219,POINT (-104.9317831 39.7758219)
484,,-104.9861347,39.7352723,POINT (-104.9861347 39.7352723)
485,,-104.983611,39.7338519,POINT (-104.983611 39.7338519)
486,,-104.9810522,39.7337041,POINT (-104.9810522 39.7337041)
487,,-104.9798697,39.7337048,POINT (-104.9798697 39.7337048)
488,,-104.9822806,39.7337034,POINT (-104.9822806 39.7337034)
489,,-104.9786973,39.733699,POINT (-104.9786973 39.733699)
490,,-104.937327,39.7804647,POINT (-104.937327 39.7804647)
491,,-104.9400747,39.7834069,POINT (-104.9400747 39.7834069)
492,,-104.97645,39.7336971,POINT (-104.97645 39.7336971)
493,,-104.975288,39.7337012,POINT (-104.975288 39.7337012)
494,,-104.9776079,39.7336931,POINT (-104.9776079 39.7336931)
495,,-105.035793,39.791151,POINT (-105.035793 39.791151)
496,,-105.0369481,39.7911447,POINT (-105.0369481 39.7911447)
497,,-105.0212787,39.7837465,POINT (-105.0212787 39.7837465)
498,,-104.9741081,39.7337052,POINT (-104.9741081 39.7337052)
499,,-104.9729771,39.7337121,POINT (-104.9729771 39.7337121)
500,,-104.9729924,39.7351649,POINT (-104.9729924 39.7351649)
501,,-105.0252064,39.7846441,POINT (-105.0252064 39.7846441)
502,,-105.0287237,39.7840235,POINT (-105.0287237 39.7840235)
503,,-105.0252044,39.7850099,POINT (-105.0252044 39.7850099)
504,,-105.025213,39.7839179,POINT (-105.025213 39.7839179)
505,,-104.9161546,39.7336537,POINT (-104.9161546 39.7336537)
506,,-104.9161546,39.7343701,POINT (-104.9161546 39.7343701)
507,,-104.916153,39.7316766,POINT (-104.916153 39.7316766)
508,,-104.9127945,39.7336481,POINT (-104.9127945 39.7336481)
509,,-104.9127931,39.731679,POINT (-104.9127931 39.731679)
510,,-104.9407662,39.7328337,POINT (-104.9407662 39.7328337)
511,,-104.940773,39.7320681,POINT (-104.940773 39.7320681)
512,,-104.9315513,39.7330051,POINT (-104.9315513 39.7330051)
513,,-104.9324701,39.7333213,POINT (-104.9324701 39.7333213)
514,,-105.0346326,39.7911573,POINT (-105.0346326 39.7911573)
515,,-104.9598127,39.7334585,POINT (-104.9598127 39.7334585)
516,,-104.960168,39.7304961,POINT (-104.960168 39.7304961)
517,,-104.9586072,39.7337027,POINT (-104.9586072 39.7337027)
518,,-104.958602,39.735107,POINT (-104.958602 39.735107)
519,,-105.0184598,39.7479266,POINT (-105.0184598 39.7479266)
520,,-105.018384,39.751218,POINT (-105.018384 39.751218)
521,,-104.8928317,39.7123761,POINT (-104.8928317 39.7123761)
522,,-104.8930974,39.7133855,POINT (-104.8930974 39.7133855)
523,,-104.9407685,39.7336385,POINT (-104.9407685 39.7336385)
524,,-105.0070227,39.7274938,POINT (-105.0070227 39.7274938)
525,,-105.0068304,39.7272101,POINT (-105.0068304 39.7272101)
526,,-104.9187658,39.7474223,POINT (-104.9187658 39.7474223)
527,,-104.9175555,39.7474216,POINT (-104.9175555 39.7474216)
528,,-104.9199549,39.7474214,POINT (-104.9199549 39.7474214)
529,,-105.0073002,39.7270405,POINT (-105.0073002 39.7270405)
530,,-104.9187666,39.7510787,POINT (-104.9187666 39.7510787)
531,,-104.9175579,39.7510804,POINT (-104.9175579 39.7510804)
532,,-104.919942,39.7510773,POINT (-104.919942 39.7510773)
533,,-104.9187766,39.7547095,POINT (-104.9187766 39.7547095)
534,,-104.9175744,39.7547101,POINT (-104.9175744 39.7547101)
535,,-105.0073413,39.7278694,POINT (-105.0073413 39.7278694)
536,,-104.9199516,39.7547067,POINT (-104.9199516 39.7547067)
537,,-104.9187628,39.7583663,POINT (-104.9187628 39.7583663)
538,,-104.9175757,39.7583701,POINT (-104.9175757 39.7583701)
539,,-104.9199396,39.7583626,POINT (-104.9199396 39.7583626)
540,,-105.0065215,39.7257959,POINT (-105.0065215 39.7257959)
541,,-105.0071483,39.727038,POINT (-105.0071483 39.727038)
542,,-104.9188018,39.7619966,POINT (-104.9188018 39.7619966)
543,,-104.9199672,39.7619883,POINT (-104.9199672 39.7619883)
544,,-104.9188107,39.7656253,POINT (-104.9188107 39.7656253)
545,,-104.9199675,39.7656224,POINT (-104.9199675 39.7656224)
546,,-104.9176055,39.7656284,POINT (-104.9176055 39.7656284)
547,,-105.0089794,39.7258637,POINT (-105.0089794 39.7258637)
548,,-104.9188155,39.7692447,POINT (-104.9188155 39.7692447)
549,,-104.9176133,39.7692447,POINT (-104.9176133 39.7692447)
550,,-104.9199747,39.7692421,POINT (-104.9199747 39.7692421)
551,,-105.0096653,39.7258379,POINT (-105.0096653 39.7258379)
552,,-104.9183593,39.7256343,POINT (-104.9183593 39.7256343)
553,,-104.9194629,39.725633,POINT (-104.9194629 39.725633)
554,,-104.9183575,39.729275,POINT (-104.9183575 39.729275)
555,,-104.9194599,39.7292735,POINT (-104.9194599 39.7292735)
556,,-104.9172514,39.729273,POINT (-104.9172514 39.729273)
557,,-104.9232677,39.6642239,POINT (-104.9232677 39.6642239)
558,,-104.924895,39.6671688,POINT (-104.924895 39.6671688)
559,,-104.9183622,39.7367599,POINT (-104.9183622 39.7367599)
560,,-104.9194538,39.7367601,POINT (-104.9194538 39.7367601)
561,,-104.9183749,39.7383386,POINT (-104.9183749 39.7383386)
562,,-104.9172792,39.7383417,POINT (-104.9172792 39.7383417)
563,,-104.9250591,39.6674998,POINT (-104.9250591 39.6674998)
564,,-104.9251737,39.6676749,POINT (-104.9251737 39.6676749)
565,,-104.9183717,39.7400977,POINT (-104.9183717 39.7400977)
566,,-104.9175567,39.7400986,POINT (-104.9175567 39.7400986)
567,,-104.82907,39.793869,POINT (-104.82907 39.793869)
568,,-104.8264804,39.7933612,POINT (-104.8264804 39.7933612)
569,,-104.9247041,39.6675058,POINT (-104.9247041 39.6675058)
570,,-105.0532533,39.7112806,POINT (-105.0532533 39.7112806)
571,,-105.053249,39.7114014,POINT (-105.053249 39.7114014)
572,,-105.0509353,39.7112716,POINT (-105.0509353 39.7112716)
573,,-105.053261,39.7103027,POINT (-105.053261 39.7103027)
574,,-104.926246,39.6674653,POINT (-104.926246 39.6674653)
575,,-105.0532613,39.7096131,POINT (-105.0532613 39.7096131)
576,,-105.0532448,39.7058097,POINT (-105.0532448 39.7058097)
577,,-105.0532429,39.7039798,POINT (-105.0532429 39.7039798)
578,,-105.053244,39.705043,POINT (-105.053244 39.705043)
579,,-105.0532421,39.7032733,POINT (-105.0532421 39.7032733)
580,,-104.923639,39.6643803,POINT (-104.923639 39.6643803)
581,,-105.0532414,39.7025675,POINT (-105.0532414 39.7025675)
582,,-105.0532504,39.7004517,POINT (-105.0532504 39.7004517)
583,,-105.0532449,39.6973954,POINT (-105.0532449 39.6973954)
584,,-105.053241,39.7022497,POINT (-105.053241 39.7022497)
585,,-105.0513587,39.7004401,POINT (-105.0513587 39.7004401)
586,,-105.0532394,39.6968983,POINT (-105.0532394 39.6968983)
587,,-105.0525587,39.697301,POINT (-105.0525587 39.697301)
588,,-105.0532353,39.6967581,POINT (-105.0532353 39.6967581)
589,,-105.0532292,39.6965156,POINT (-105.0532292 39.6965156)
590,,-105.0531936,39.6928223,POINT (-105.0531936 39.6928223)
591,,-105.0531944,39.6924777,POINT (-105.0531944 39.6924777)
592,,-105.0531927,39.6931773,POINT (-105.0531927 39.6931773)
593,,-105.0531972,39.6913438,POINT (-105.0531972 39.6913438)
594,,-105.0531988,39.6855622,POINT (-105.0531988 39.6855622)
595,,-105.0531973,39.6859519,POINT (-105.0531973 39.6859519)
596,,-105.0532035,39.6843628,POINT (-105.0532035 39.6843628)
597,,-105.0532073,39.6833984,POINT (-105.0532073 39.6833984)
598,,-105.0532048,39.6822842,POINT (-105.0532048 39.6822842)
599,,-105.0532646,39.6791536,POINT (-105.0532646 39.6791536)
600,,-105.0572684,39.682262,POINT (-105.0572684 39.682262)
601,,-105.0521169,39.6822791,POINT (-105.0521169 39.6822791)
602,,-105.0532674,39.6782253,POINT (-105.0532674 39.6782253)
603,,-105.0521233,39.6791531,POINT (-105.0521233 39.6791531)
604,,-105.0532725,39.6764888,POINT (-105.0532725 39.6764888)
605,,-105.0532785,39.6756638,POINT (-105.0532785 39.6756638)
606,,-105.0532732,39.6743048,POINT (-105.0532732 39.6743048)
607,,-105.0532725,39.6732716,POINT (-105.0532725 39.6732716)
608,,-105.0521316,39.674285,POINT (-105.0521316 39.674285)
609,,-104.9405237,39.7583019,POINT (-104.9405237 39.7583019)
610,,-104.940692,39.758301,POINT (-104.940692 39.758301)
611,,-105.0532619,39.6722505,POINT (-105.0532619 39.6722505)
612,,-105.0532563,39.6677836,POINT (-105.0532563 39.6677836)
613,,-105.0532592,39.6663869,POINT (-105.0532592 39.6663869)
614,,-105.0539263,39.6677805,POINT (-105.0539263 39.6677805)
615,,-105.0517901,39.6677708,POINT (-105.0517901 39.6677708)
616,,-105.0532563,39.6655636,POINT (-105.0532563 39.6655636)
617,,-105.0532421,39.6647286,POINT (-105.0532421 39.6647286)
618,,-105.0532442,39.6625841,POINT (-105.0532442 39.6625841)
619,,-105.053219,39.6596376,POINT (-105.053219 39.6596376)
620,,-105.0532109,39.6579039,POINT (-105.0532109 39.6579039)
621,,-105.0532104,39.6571663,POINT (-105.0532104 39.6571663)
622,,-104.9925954,39.6807655,POINT (-104.9925954 39.6807655)
623,,-104.9919756,39.6857287,POINT (-104.9919756 39.6857287)
624,,-105.0532023,39.656166,POINT (-105.0532023 39.656166)
625,,-105.0531966,39.6552401,POINT (-105.0531966 39.6552401)
626,,-105.0505273,39.656377,POINT (-105.0505273 39.656377)
627,,-105.0555564,39.6559078,POINT (-105.0555564 39.6559078)
628,,-105.0530703,39.650516,POINT (-105.0530703 39.650516)
629,,-105.0529362,39.650516,POINT (-105.0529362 39.650516)
630,,-105.0532194,39.6491712,POINT (-105.0532194 39.6491712)
631,,-105.0532452,39.6475215,POINT (-105.0532452 39.6475215)
632,,-105.053293,39.6456316,POINT (-105.053293 39.6456316)
633,,-105.0533032,39.6455278,POINT (-105.0533032 39.6455278)
634,,-105.0533681,39.6431039,POINT (-105.0533681 39.6431039)
635,,-105.0533911,39.6414419,POINT (-105.0533911 39.6414419)
636,,-105.0533611,39.6404289,POINT (-105.0533611 39.6404289)
637,,-105.0533462,39.6398275,POINT (-105.0533462 39.6398275)
638,,-105.0533101,39.6396989,POINT (-105.0533101 39.6396989)
639,,-105.05377,39.639867,POINT (-105.05377 39.639867)
640,,-105.0275766,39.7181635,POINT (-105.0275766 39.7181635)
641,,-105.0288088,39.7181635,POINT (-105.0288088 39.7181635)
642,,-105.0263554,39.7181635,POINT (-105.0263554 39.7181635)
643,,-105.0275425,39.7329529,POINT (-105.0275425 39.7329529)
644,,-105.0286901,39.7329523,POINT (-105.0286901 39.7329523)
645,,-105.0263714,39.7329536,POINT (-105.0263714 39.7329536)
646,,-104.9116439,39.7256421,POINT (-104.9116439 39.7256421)
647,,-104.9124455,39.7256411,POINT (-104.9124455 39.7256411)
648,,-104.9116424,39.7292768,POINT (-104.9116424 39.7292768)
649,,-104.912442,39.7292791,POINT (-104.912442 39.7292791)
650,,-105.0051298,39.6894361,POINT (-105.0051298 39.6894361)
651,,-105.006868,39.6894392,POINT (-105.006868 39.6894392)
652,,-104.9116514,39.7372735,POINT (-104.9116514 39.7372735)
653,,-104.9119756,39.7372715,POINT (-104.9119756 39.7372715)
654,,-104.9116532,39.7387123,POINT (-104.9116532 39.7387123)
655,,-104.9105148,39.7387112,POINT (-104.9105148 39.7387112)
656,,-104.7626606,39.8092275,POINT (-104.7626606 39.8092275)
657,,-104.7627045,39.8055792,POINT (-104.7627045 39.8055792)
658,,-105.0039368,39.689434,POINT (-105.0039368 39.689434)
659,,-104.911654,39.7401046,POINT (-104.911654 39.7401046)
660,,-104.91052,39.7401094,POINT (-104.91052 39.7401094)
661,,-104.9756936,39.6915909,POINT (-104.9756936 39.6915909)
662,,-104.9759252,39.6917767,POINT (-104.9759252 39.6917767)
663,,-104.9116752,39.74744,POINT (-104.9116752 39.74744)
664,,-104.9124592,39.7474388,POINT (-104.9124592 39.7474388)
665,,-104.9116374,39.7253319,POINT (-104.9116374 39.7253319)
666,,-104.910495,39.7253399,POINT (-104.910495 39.7253399)
667,,-104.9116522,39.7183668,POINT (-104.9116522 39.7183668)
668,,-104.9127911,39.7183523,POINT (-104.9127911 39.7183523)
669,,-104.9594164,39.7789362,POINT (-104.9594164 39.7789362)
670,,-104.9594227,39.7779415,POINT (-104.9594227 39.7779415)
671,,-104.9118811,39.7730387,POINT (-104.9118811 39.7730387)
672,,-104.912755,39.773145,POINT (-104.912755 39.773145)
673,,-104.911689,39.7510115,POINT (-104.911689 39.7510115)
674,,-104.9123953,39.7510284,POINT (-104.9123953 39.7510284)
675,,-104.9116862,39.754711,POINT (-104.9116862 39.754711)
676,,-104.9124524,39.7547099,POINT (-104.9124524 39.7547099)
677,,-104.9117088,39.7583887,POINT (-104.9117088 39.7583887)
678,,-104.9123976,39.7583865,POINT (-104.9123976 39.7583865)
679,,-104.9117382,39.7619822,POINT (-104.9117382 39.7619822)
680,,-104.9124276,39.7619853,POINT (-104.9124276 39.7619853)
681,,-104.9117547,39.7656428,POINT (-104.9117547 39.7656428)
682,,-104.9124682,39.765641,POINT (-104.9124682 39.765641)
683,,-104.9117903,39.7692736,POINT (-104.9117903 39.7692736)
684,,-104.9108699,39.7692737,POINT (-104.9108699 39.7692737)
685,,-104.9127058,39.7692692,POINT (-104.9127058 39.7692692)
686,,-104.9477707,39.7838157,POINT (-104.9477707 39.7838157)
687,,-104.9480164,39.7838157,POINT (-104.9480164 39.7838157)
688,,-104.9414956,39.7908082,POINT (-104.9414956 39.7908082)
689,,-104.9472553,39.7838108,POINT (-104.9472553 39.7838108)
690,,-104.9305403,39.7655818,POINT (-104.9305403 39.7655818)
691,,-104.9318203,39.7656281,POINT (-104.9318203 39.7656281)
692,,-104.9293674,39.7655869,POINT (-104.9293674 39.7655869)
693,,-104.9305159,39.7692169,POINT (-104.9305159 39.7692169)
694,,-104.9293374,39.7692163,POINT (-104.9293374 39.7692163)
695,,-104.9317439,39.7692162,POINT (-104.9317439 39.7692162)
696,,-104.9304797,39.7178171,POINT (-104.9304797 39.7178171)
697,,-104.9292976,39.7178191,POINT (-104.9292976 39.7178191)
698,,-104.931627,39.7178153,POINT (-104.931627 39.7178153)
699,,-104.9305078,39.7253179,POINT (-104.9305078 39.7253179)
700,,-104.9294053,39.72532,POINT (-104.9294053 39.72532)
701,,-104.9305077,39.7256202,POINT (-104.9305077 39.7256202)
702,,-104.93161,39.725619,POINT (-104.93161 39.725619)
703,,-104.9305301,39.7292343,POINT (-104.9305301 39.7292343)
704,,-104.9304563,39.7292346,POINT (-104.9304563 39.7292346)
705,,-104.931625,39.7292354,POINT (-104.931625 39.7292354)
706,,-104.9304577,39.7323345,POINT (-104.9304577 39.7323345)
707,,-104.9292834,39.7318732,POINT (-104.9292834 39.7318732)
708,,-104.930457,39.7325553,POINT (-104.930457 39.7325553)
709,,-104.9312398,39.732877,POINT (-104.9312398 39.732877)
710,,-104.9303848,39.736494,POINT (-104.9303848 39.736494)
711,,-104.9315396,39.7364862,POINT (-104.9315396 39.7364862)
712,,-104.9303787,39.7383046,POINT (-104.9303787 39.7383046)
713,,-104.9292348,39.7383028,POINT (-104.9292348 39.7383028)
714,,-104.930388,39.7400937,POINT (-104.930388 39.7400937)
715,,-104.9298138,39.7400937,POINT (-104.9298138 39.7400937)
716,,-104.9309782,39.7474051,POINT (-104.9309782 39.7474051)
717,,-104.9305085,39.7474073,POINT (-104.9305085 39.7474073)
718,,-104.9313522,39.7474052,POINT (-104.9313522 39.7474052)
719,,-104.9298304,39.7474061,POINT (-104.9298304 39.7474061)
720,,-104.93052,39.7510598,POINT (-104.93052 39.7510598)
721,,-104.9293468,39.7510603,POINT (-104.9293468 39.7510603)
722,,-104.931721,39.7510575,POINT (-104.931721 39.7510575)
723,,-104.9305541,39.758329,POINT (-104.9305541 39.758329)
724,,-104.9293892,39.7583327,POINT (-104.9293892 39.7583327)
725,,-104.9317139,39.7583253,POINT (-104.9317139 39.7583253)
726,,-105.0486881,39.7439837,POINT (-105.0486881 39.7439837)
727,,-105.0498077,39.7439856,POINT (-105.0498077 39.7439856)
728,,-105.0250158,39.7166347,POINT (-105.0250158 39.7166347)
729,,-105.0250208,39.7175432,POINT (-105.0250208 39.7175432)
730,,-105.0475175,39.7439818,POINT (-105.0475175 39.7439818)
731,,-105.0250176,39.7181667,POINT (-105.0250176 39.7181667)
732,,-105.0251885,39.7181663,POINT (-105.0251885 39.7181663)
733,,-105.0250197,39.7184556,POINT (-105.0250197 39.7184556)
734,,-105.025055,39.7193656,POINT (-105.025055 39.7193656)
735,,-105.0250586,39.7197529,POINT (-105.0250586 39.7197529)
736,,-105.0236264,39.7463691,POINT (-105.0236264 39.7463691)
737,,-105.0236332,39.7451606,POINT (-105.0236332 39.7451606)
738,,-105.0250617,39.720272,POINT (-105.0250617 39.720272)
739,,-105.0252394,39.7202724,POINT (-105.0252394 39.7202724)
740,,-105.0250652,39.7211767,POINT (-105.0250652 39.7211767)
741,,-105.0227857,39.720271,POINT (-105.0227857 39.720271)
742,,-105.0250695,39.7220677,POINT (-105.0250695 39.7220677)
743,,-105.0250587,39.7228996,POINT (-105.0250587 39.7228996)
744,,-105.0250311,39.7234224,POINT (-105.0250311 39.7234224)
745,,-105.0250207,39.7283808,POINT (-105.0250207 39.7283808)
746,,-105.0250272,39.7293143,POINT (-105.0250272 39.7293143)
747,,-105.0416671,39.7439721,POINT (-105.0416671 39.7439721)
748,,-105.0428442,39.7439741,POINT (-105.0428442 39.7439741)
749,,-105.0250502,39.7338873,POINT (-105.0250502 39.7338873)
750,,-105.0250558,39.7344505,POINT (-105.0250558 39.7344505)
751,,-105.0252326,39.7347571,POINT (-105.0252326 39.7347571)
752,,-105.0252161,39.734203,POINT (-105.0252161 39.734203)
753,,-105.0252337,39.743948,POINT (-105.0252337 39.743948)
754,,-105.0236404,39.7439542,POINT (-105.0236404 39.7439542)
755,,-105.0252335,39.7451588,POINT (-105.0252335 39.7451588)
756,,-105.0252203,39.7427462,POINT (-105.0252203 39.7427462)
757,,-105.0268293,39.7439467,POINT (-105.0268293 39.7439467)
758,,-105.0251899,39.7487841,POINT (-105.0251899 39.7487841)
759,,-105.025187,39.7499942,POINT (-105.025187 39.7499942)
760,,-105.0405021,39.7439702,POINT (-105.0405021 39.7439702)
761,,-105.025184,39.7511996,POINT (-105.025184 39.7511996)
762,,-105.0251703,39.7536019,POINT (-105.0251703 39.7536019)
763,,-105.0251699,39.754838,POINT (-105.0251699 39.754838)
764,,-105.0252959,39.7548382,POINT (-105.0252959 39.7548382)
765,,-105.0251746,39.7560432,POINT (-105.0251746 39.7560432)
766,,-105.02363,39.7548349,POINT (-105.02363 39.7548349)
767,,-105.0252958,39.7560432,POINT (-105.0252958 39.7560432)
768,,-105.0251952,39.7644225,POINT (-105.0251952 39.7644225)
769,,-105.0251975,39.7656009,POINT (-105.0251975 39.7656009)
770,,-105.0252976,39.764679,POINT (-105.0252976 39.764679)
771,,-105.0252384,39.7636394,POINT (-105.0252384 39.7636394)
772,,-105.0253067,39.7665069,POINT (-105.0253067 39.7665069)
773,,-105.025302,39.7655958,POINT (-105.025302 39.7655958)
774,,-105.0252006,39.7668352,POINT (-105.0252006 39.7668352)
775,,-105.0252034,39.7680507,POINT (-105.0252034 39.7680507)
776,,-105.0253158,39.7683587,POINT (-105.0253158 39.7683587)
777,,-105.0253112,39.7674264,POINT (-105.0253112 39.7674264)
778,,-105.0253075,39.7719846,POINT (-105.0253075 39.7719846)
779,,-105.0253114,39.771095,POINT (-105.0253114 39.771095)
780,,-105.0252986,39.7747224,POINT (-105.0252986 39.7747224)
781,,-105.0253036,39.7729148,POINT (-105.0253036 39.7729148)
782,,-105.0251701,39.7766352,POINT (-105.0251701 39.7766352)
783,,-105.0252935,39.7766366,POINT (-105.0252935 39.7766366)
784,,-105.0251587,39.7784436,POINT (-105.0251587 39.7784436)
785,,-105.0239956,39.7766257,POINT (-105.0239956 39.7766257)
786,,-105.0252903,39.7778534,POINT (-105.0252903 39.7778534)
787,,-105.0251474,39.780249,POINT (-105.0251474 39.780249)
788,,-104.9579926,39.6675942,POINT (-104.9579926 39.6675942)
789,,-104.9565523,39.6675872,POINT (-104.9565523 39.6675872)
790,,-105.0252871,39.7790475,POINT (-105.0252871 39.7790475)
791,,-105.0252839,39.7802499,POINT (-105.0252839 39.7802499)
792,,-105.023981,39.7802416,POINT (-105.023981 39.7802416)
793,,-105.0251356,39.7821029,POINT (-105.0251356 39.7821029)
794,,-105.0252032,39.7856186,POINT (-105.0252032 39.7856186)
795,,-105.0252013,39.7874421,POINT (-105.0252013 39.7874421)
796,,-104.9593936,39.6676025,POINT (-104.9593936 39.6676025)
797,,-105.0275888,39.7875295,POINT (-105.0275888 39.7875295)
798,,-105.0251994,39.7892447,POINT (-105.0251994 39.7892447)
799,,-105.0239667,39.7874414,POINT (-105.0239667 39.7874414)
800,,-105.0028458,39.7401609,POINT (-105.0028458 39.7401609)
801,,-105.0028305,39.7400228,POINT (-105.0028305 39.7400228)
802,,-105.0041512,39.7401714,POINT (-105.0041512 39.7401714)
803,,-105.0217608,39.7356205,POINT (-105.0217608 39.7356205)
804,,-105.0217628,39.7364812,POINT (-105.0217628 39.7364812)
805,,-105.0251569,39.7356598,POINT (-105.0251569 39.7356598)
806,,-105.0217595,39.735016,POINT (-105.0217595 39.735016)
807,,-104.9735044,39.6694939,POINT (-104.9735044 39.6694939)
808,,-104.9746351,39.6712807,POINT (-104.9746351 39.6712807)
809,,-104.9780299,39.7749508,POINT (-104.9780299 39.7749508)
810,,-104.9779525,39.7748924,POINT (-104.9779525 39.7748924)
811,,-104.9787558,39.7758607,POINT (-104.9787558 39.7758607)
812,,-104.9697133,39.7786438,POINT (-104.9697133 39.7786438)
813,,-104.9691731,39.7790256,POINT (-104.9691731 39.7790256)
814,,-104.9698022,39.7799941,POINT (-104.9698022 39.7799941)
815,,-104.9688416,39.7787496,POINT (-104.9688416 39.7787496)
816,,-105.0233894,39.7473857,POINT (-105.0233894 39.7473857)
817,,-105.0127167,39.6959791,POINT (-105.0127167 39.6959791)
818,,-105.0127217,39.6967633,POINT (-105.0127217 39.6967633)
819,,-105.0117512,39.6931309,POINT (-105.0117512 39.6931309)
820,,-104.8904052,39.6443014,POINT (-104.8904052 39.6443014)
821,,-104.8893584,39.6444304,POINT (-104.8893584 39.6444304)
822,,-104.8914566,39.6441742,POINT (-104.8914566 39.6441742)
823,,-104.890213,39.6644071,POINT (-104.890213 39.6644071)
824,,-104.8898194,39.6640922,POINT (-104.8898194 39.6640922)
825,,-104.8908336,39.6649123,POINT (-104.8908336 39.6649123)
826,,-104.8471187,39.7823831,POINT (-104.8471187 39.7823831)
827,,-104.8469468,39.7823829,POINT (-104.8469468 39.7823829)
828,,-104.848886,39.7823811,POINT (-104.848886 39.7823811)
829,,-104.8471188,39.7799951,POINT (-104.8471188 39.7799951)
830,,-104.837235,39.7783739,POINT (-104.837235 39.7783739)
831,,-104.8377747,39.7807501,POINT (-104.8377747 39.7807501)
832,,-104.8364231,39.7781224,POINT (-104.8364231 39.7781224)
833,,-104.8355991,39.7778585,POINT (-104.8355991 39.7778585)
834,,-104.8347666,39.7775947,POINT (-104.8347666 39.7775947)
835,,-104.8334537,39.7771848,POINT (-104.8334537 39.7771848)
836,,-104.8315084,39.7765849,POINT (-104.8315084 39.7765849)
837,,-104.8306152,39.7763009,POINT (-104.8306152 39.7763009)
838,,-104.8297266,39.7760282,POINT (-104.8297266 39.7760282)
839,,-104.8280804,39.7760247,POINT (-104.8280804 39.7760247)
840,,-104.9472535,39.7038316,POINT (-104.9472535 39.7038316)
841,,-104.9459953,39.7038291,POINT (-104.9459953 39.7038291)
842,,-104.9490802,39.7038351,POINT (-104.9490802 39.7038351)
843,,-105.0351318,39.6589735,POINT (-105.0351318 39.6589735)
844,,-105.0351404,39.6597862,POINT (-105.0351404 39.6597862)
845,,-105.0351232,39.6581837,POINT (-105.0351232 39.6581837)
846,,-105.041818,39.6564228,POINT (-105.041818 39.6564228)
847,,-105.0416176,39.6556862,POINT (-105.0416176 39.6556862)
848,,-105.042091,39.6571497,POINT (-105.042091 39.6571497)
849,,-104.9516582,39.6600626,POINT (-104.9516582 39.6600626)
850,,-104.9505752,39.6604092,POINT (-104.9505752 39.6604092)
851,,-104.9523794,39.6598242,POINT (-104.9523794 39.6598242)
852,,-104.9733532,39.7679319,POINT (-104.9733532 39.7679319)
853,,-104.9733536,39.7681786,POINT (-104.9733536 39.7681786)
854,,-104.9733529,39.7677,POINT (-104.9733529 39.7677)
855,,-104.974163,39.7685593,POINT (-104.974163 39.7685593)
856,,-104.9733559,39.7691824,POINT (-104.9733559 39.7691824)
857,,-104.9753772,39.7676165,POINT (-104.9753772 39.7676165)
858,,-104.975039,39.7692289,POINT (-104.975039 39.7692289)
859,,-104.9762513,39.7682868,POINT (-104.9762513 39.7682868)
860,,-104.9737792,39.7702079,POINT (-104.9737792 39.7702079)
861,,-104.9234518,39.7656136,POINT (-104.9234518 39.7656136)
862,,-104.9240271,39.7656085,POINT (-104.9240271 39.7656085)
863,,-104.9222897,39.7656151,POINT (-104.9222897 39.7656151)
864,,-104.9234523,39.7692306,POINT (-104.9234523 39.7692306)
865,,-104.9223076,39.7692316,POINT (-104.9223076 39.7692316)
866,,-104.9246126,39.7692252,POINT (-104.9246126 39.7692252)
867,,-104.9240294,39.7620162,POINT (-104.9240294 39.7620162)
868,,-104.9258174,39.7620088,POINT (-104.9258174 39.7620088)
869,,-104.9246105,39.7656064,POINT (-104.9246105 39.7656064)
870,,-104.9234403,39.7292511,POINT (-104.9234403 39.7292511)
871,,-104.9228046,39.7292515,POINT (-104.9228046 39.7292515)
872,,-104.9239059,39.7292498,POINT (-104.9239059 39.7292498)
873,,-104.9234379,39.7364973,POINT (-104.9234379 39.7364973)
874,,-104.9246032,39.7364981,POINT (-104.9246032 39.7364981)
875,,-104.9234449,39.7383018,POINT (-104.9234449 39.7383018)
876,,-104.9223465,39.7383044,POINT (-104.9223465 39.7383044)
877,,-104.9234392,39.7400953,POINT (-104.9234392 39.7400953)
878,,-104.922341,39.7400944,POINT (-104.922341 39.7400944)
879,,-104.9994488,39.7132692,POINT (-104.9994488 39.7132692)
880,,-104.9987806,39.7119256,POINT (-104.9987806 39.7119256)
881,,-104.9234837,39.7510724,POINT (-104.9234837 39.7510724)
882,,-104.9222975,39.7510724,POINT (-104.9222975 39.7510724)
883,,-104.9246443,39.7510717,POINT (-104.9246443 39.7510717)
884,,-105.0001417,39.7136419,POINT (-105.0001417 39.7136419)
885,,-104.9234556,39.7583515,POINT (-104.9234556 39.7583515)
886,,-104.9222865,39.7583552,POINT (-104.9222865 39.7583552)
887,,-104.924612,39.7583478,POINT (-104.924612 39.7583478)
888,,-104.9234476,39.7178344,POINT (-104.9234476 39.7178344)
889,,-104.922265,39.7178376,POINT (-104.922265 39.7178376)
890,,-104.9246203,39.7178308,POINT (-104.9246203 39.7178308)
891,,-105.0010284,39.7146797,POINT (-105.0010284 39.7146797)
892,,-105.008941,39.7217258,POINT (-105.008941 39.7217258)
893,,-105.0075703,39.7588771,POINT (-105.0075703 39.7588771)
894,,-105.0041802,39.7607932,POINT (-105.0041802 39.7607932)
895,,-104.9239009,39.7253356,POINT (-104.9239009 39.7253356)
896,,-104.9228001,39.725334,POINT (-104.9228001 39.725334)
897,,-104.9239029,39.7256279,POINT (-104.9239029 39.7256279)
898,,-104.924985,39.7256266,POINT (-104.924985 39.7256266)
899,,-105.0056004,39.7601872,POINT (-105.0056004 39.7601872)
900,,-104.9245581,39.7292476,POINT (-104.9245581 39.7292476)
901,,-105.00936,39.7403456,POINT (-105.00936 39.7403456)
902,,-105.0115257,39.7405764,POINT (-105.0115257 39.7405764)
903,,-104.9278169,39.6857136,POINT (-104.9278169 39.6857136)
904,,-104.9274624,39.6857177,POINT (-104.9274624 39.6857177)
905,,-104.928714,39.6857153,POINT (-104.928714 39.6857153)
906,,-104.9277998,39.6820807,POINT (-104.9277998 39.6820807)
907,,-104.9286914,39.6820767,POINT (-104.9286914 39.6820767)
908,,-104.926847,39.6820741,POINT (-104.926847 39.6820741)
909,,-105.0127369,39.7404199,POINT (-105.0127369 39.7404199)
910,,-104.9222556,39.7194192,POINT (-104.9222556 39.7194192)
911,,-104.9222521,39.7209415,POINT (-104.9222521 39.7209415)
912,,-104.9594443,39.719413,POINT (-104.9594443 39.719413)
913,,-104.9593078,39.718351,POINT (-104.9593078 39.718351)
914,,-104.9585649,39.7194188,POINT (-104.9585649 39.7194188)
915,,-104.9583269,39.7197617,POINT (-104.9583269 39.7197617)
916,,-104.9498098,39.7194171,POINT (-104.9498098 39.7194171)
917,,-104.9498004,39.7178706,POINT (-104.9498004 39.7178706)
918,,-104.9497936,39.7209808,POINT (-104.9497936 39.7209808)
919,,-104.9437521,39.7194089,POINT (-104.9437521 39.7194089)
920,,-104.9437606,39.7209662,POINT (-104.9437606 39.7209662)
921,,-104.9437605,39.7178009,POINT (-104.9437605 39.7178009)
922,,-104.9407802,39.7194048,POINT (-104.9407802 39.7194048)
923,,-104.9407785,39.7182472,POINT (-104.9407785 39.7182472)
924,,-104.8974369,39.6603474,POINT (-104.8974369 39.6603474)
925,,-104.8985481,39.6603476,POINT (-104.8985481 39.6603476)
926,,-104.9862305,39.719364,POINT (-104.9862305 39.719364)
927,,-104.9862327,39.720939,POINT (-104.9862327 39.720939)
928,,-104.9791279,39.7193498,POINT (-104.9791279 39.7193498)
929,,-104.9791233,39.7183159,POINT (-104.9791233 39.7183159)
930,,-104.8259069,39.7819105,POINT (-104.8259069 39.7819105)
931,,-104.8250216,39.7822175,POINT (-104.8250216 39.7822175)
932,,-104.8942043,39.6603398,POINT (-104.8942043 39.6603398)
933,,-104.8266367,39.7814211,POINT (-104.8266367 39.7814211)
934,,-104.8239728,39.7825366,POINT (-104.8239728 39.7825366)
935,,-104.8230114,39.7828321,POINT (-104.8230114 39.7828321)
936,,-104.822401,39.7833292,POINT (-104.822401 39.7833292)
937,,-105.0106591,39.7261309,POINT (-105.0106591 39.7261309)
938,,-104.8212359,39.7827797,POINT (-104.8212359 39.7827797)
939,,-104.8232181,39.7841293,POINT (-104.8232181 39.7841293)
940,,-105.016166,39.7254762,POINT (-105.016166 39.7254762)
941,,-104.8221686,39.7870436,POINT (-104.8221686 39.7870436)
942,,-104.8212778,39.7867788,POINT (-104.8212778 39.7867788)
943,,-105.0111775,39.7228749,POINT (-105.0111775 39.7228749)
944,,-105.0081789,39.720743,POINT (-105.0081789 39.720743)
945,,-104.8201103,39.7921005,POINT (-104.8201103 39.7921005)
946,,-104.8190592,39.7919112,POINT (-104.8190592 39.7919112)
947,,-104.9996673,39.7112606,POINT (-104.9996673 39.7112606)
948,,-104.9994091,39.7111113,POINT (-104.9994091 39.7111113)
949,,-104.8917159,39.7372816,POINT (-104.8917159 39.7372816)
950,,-104.8928874,39.737282,POINT (-104.8928874 39.737282)
951,,-104.8917016,39.7387142,POINT (-104.8917016 39.7387142)
952,,-104.8905633,39.7387159,POINT (-104.8905633 39.7387159)
953,,-105.0006966,39.711264,POINT (-105.0006966 39.711264)
954,,-104.8916959,39.7401088,POINT (-104.8916959 39.7401088)
955,,-104.8905451,39.7401097,POINT (-104.8905451 39.7401097)
956,,-104.8916803,39.7474566,POINT (-104.8916803 39.7474566)
957,,-104.8905181,39.7474542,POINT (-104.8905181 39.7474542)
958,,-104.9947969,39.7698774,POINT (-104.9947969 39.7698774)
959,,-104.9947831,39.7699702,POINT (-104.9947831 39.7699702)
960,,-104.8928507,39.7474568,POINT (-104.8928507 39.7474568)
961,,-104.89165,39.750981,POINT (-104.89165 39.750981)
962,,-104.890762,39.751157,POINT (-104.890762 39.751157)
963,,-104.892811,39.750987,POINT (-104.892811 39.750987)
964,,-104.8722962,39.6544372,POINT (-104.8722962 39.6544372)
965,,-104.8702872,39.6550876,POINT (-104.8702872 39.6550876)
966,,-104.8756399,39.6543257,POINT (-104.8756399 39.6543257)
967,,-104.8719971,39.6530452,POINT (-104.8719971 39.6530452)
968,,-104.8755966,39.653044,POINT (-104.8755966 39.653044)
969,,-104.8684888,39.653486,POINT (-104.8684888 39.653486)
970,,-104.9945566,39.7698703,POINT (-104.9945566 39.7698703)
971,,-105.0248022,39.7839133,POINT (-105.0248022 39.7839133)
972,,-104.9096347,39.6894391,POINT (-104.9096347 39.6894391)
973,,-104.9111062,39.6902996,POINT (-104.9111062 39.6902996)
974,,-104.9082033,39.6899553,POINT (-104.9082033 39.6899553)
975,,-104.9468949,39.7115125,POINT (-104.9468949 39.7115125)
976,,-104.9464419,39.7114667,POINT (-104.9464419 39.7114667)
977,,-104.9458258,39.7104511,POINT (-104.9458258 39.7104511)
978,,-105.0252188,39.7834798,POINT (-105.0252188 39.7834798)
979,,-104.9449754,39.7097447,POINT (-104.9449754 39.7097447)
980,,-104.944536,39.7093725,POINT (-104.944536 39.7093725)
981,,-104.9451957,39.7099307,POINT (-104.9451957 39.7099307)
982,,-104.9443201,39.7091951,POINT (-104.9443201 39.7091951)
983,,-104.9082043,39.6910464,POINT (-104.9082043 39.6910464)
984,,-104.9095391,39.6458829,POINT (-104.9095391 39.6458829)
985,,-104.9084923,39.6458875,POINT (-104.9084923 39.6458875)
986,,-104.9106698,39.6458798,POINT (-104.9106698 39.6458798)
987,,-104.9418902,39.7437654,POINT (-104.9418902 39.7437654)
988,,-104.9408093,39.7437443,POINT (-104.9408093 39.7437443)
989,,-104.9430498,39.7437689,POINT (-104.9430498 39.7437689)
990,,-105.0222038,39.7405695,POINT (-105.0222038 39.7405695)
991,,-105.023591,39.7406855,POINT (-105.023591 39.7406855)
992,,-105.0235713,39.7405536,POINT (-105.0235713 39.7405536)
993,,-104.7535078,39.7721572,POINT (-104.7535078 39.7721572)
994,,-104.753515,39.7707429,POINT (-104.753515 39.7707429)
995,,-105.0238522,39.7396082,POINT (-105.0238522 39.7396082)
996,,-105.0220154,39.7404499,POINT (-105.0220154 39.7404499)
997,,-105.0235678,39.7404408,POINT (-105.0235678 39.7404408)
998,,-104.9541559,39.7738901,POINT (-104.9541559 39.7738901)
999,,-104.954153,39.7751384,POINT (-104.954153 39.7751384)
1000,,-104.9948361,39.7672227,POINT (-104.9948361 39.7672227)
1001,,-104.9949877,39.7672237,POINT (-104.9949877 39.7672237)
1002,,-104.9498192,39.7738763,POINT (-104.9498192 39.7738763)
1003,,-104.9498159,39.7751294,POINT (-104.9498159 39.7751294)
1004,,-104.9498299,39.7729057,POINT (-104.9498299 39.7729057)
1005,,-104.9948066,39.7677541,POINT (-104.9948066 39.7677541)
1006,,-104.9912548,39.7699266,POINT (-104.9912548 39.7699266)
1007,,-104.9888564,39.7783921,POINT (-104.9888564 39.7783921)
1008,,-104.9452786,39.7728996,POINT (-104.9452786 39.7728996)
1009,,-104.942891,39.7729034,POINT (-104.942891 39.7729034)
1010,,-104.9475509,39.7728959,POINT (-104.9475509 39.7728959)
1011,,-104.9734277,39.6907068,POINT (-104.9734277 39.6907068)
1012,,-104.9734392,39.6904784,POINT (-104.9734392 39.6904784)
1013,,-104.940632,39.7738525,POINT (-104.940632 39.7738525)
1014,,-104.9406352,39.7734582,POINT (-104.9406352 39.7734582)
1015,,-104.9317588,39.7748419,POINT (-104.9317588 39.7748419)
1016,,-104.9317613,39.7751011,POINT (-104.9317613 39.7751011)
1017,,-104.9317465,39.7717305,POINT (-104.9317465 39.7717305)
1018,,-104.9734192,39.6911373,POINT (-104.9734192 39.6911373)
1019,,-104.9036175,39.723227,POINT (-104.9036175 39.723227)
1020,,-104.9036062,39.722382,POINT (-104.9036062 39.722382)
1021,,-104.9034587,39.7232286,POINT (-104.9034587 39.7232286)
1022,,-104.9034721,39.7233642,POINT (-104.9034721 39.7233642)
1023,,-104.9036191,39.7233647,POINT (-104.9036191 39.7233647)
1024,,-105.0346228,39.7530201,POINT (-105.0346228 39.7530201)
1025,,-105.0346216,39.7524227,POINT (-105.0346216 39.7524227)
1026,,-105.0346239,39.7536249,POINT (-105.0346239 39.7536249)
1027,,-104.9405174,39.7601553,POINT (-104.9405174 39.7601553)
1028,,-104.9922437,39.7814112,POINT (-104.9922437 39.7814112)
1029,,-104.9843627,39.779576,POINT (-104.9843627 39.779576)
1030,,-104.9106609,39.6857144,POINT (-104.9106609 39.6857144)
1031,,-104.909291,39.6857145,POINT (-104.909291 39.6857145)
1032,,-104.9116523,39.6857164,POINT (-104.9116523 39.6857164)
1033,,-104.8537603,39.7745586,POINT (-104.8537603 39.7745586)
1034,,-104.8480937,39.7734705,POINT (-104.8480937 39.7734705)
1035,,-104.847313,39.7739728,POINT (-104.847313 39.7739728)
1036,,-104.8471248,39.7733801,POINT (-104.8471248 39.7733801)
1037,,-105.0346305,39.770775,POINT (-105.0346305 39.770775)
1038,,-105.0346277,39.7713464,POINT (-105.0346277 39.7713464)
1039,,-105.034643,39.7695422,POINT (-105.034643 39.7695422)
1040,,-105.0346246,39.7719686,POINT (-105.0346246 39.7719686)
1041,,-104.847127,39.7723782,POINT (-104.847127 39.7723782)
1042,,-104.8483381,39.7749089,POINT (-104.8483381 39.7749089)
1043,,-104.8529592,39.7747728,POINT (-104.8529592 39.7747728)
1044,,-105.0440148,39.7711441,POINT (-105.0440148 39.7711441)
1045,,-105.0440059,39.7725003,POINT (-105.0440059 39.7725003)
1046,,-105.044016,39.7709567,POINT (-105.044016 39.7709567)
1047,,-104.9733885,39.7038655,POINT (-104.9733885 39.7038655)
1048,,-104.9745842,39.7038634,POINT (-104.9745842 39.7038634)
1049,,-105.0065457,39.7543693,POINT (-105.0065457 39.7543693)
1050,,-105.0092717,39.7564592,POINT (-105.0092717 39.7564592)
1051,,-105.0059643,39.7539096,POINT (-105.0059643 39.7539096)
1052,,-104.9733961,39.7020616,POINT (-104.9733961 39.7020616)
1053,,-105.0465713,39.6677604,POINT (-105.0465713 39.6677604)
1054,,-105.0468346,39.6677638,POINT (-105.0468346 39.6677638)
1055,,-105.0458389,39.6677572,POINT (-105.0458389 39.6677572)
1056,,-104.9733715,39.7056677,POINT (-104.9733715 39.7056677)
1057,,-105.0773862,39.6618742,POINT (-105.0773862 39.6618742)
1058,,-105.0784505,39.6623499,POINT (-105.0784505 39.6623499)
1059,,-105.0760473,39.6617553,POINT (-105.0760473 39.6617553)
1060,,-104.8200017,39.796229,POINT (-104.8200017 39.796229)
1061,,-104.8200103,39.7969082,POINT (-104.8200103 39.7969082)
1062,,-104.8207363,39.7954971,POINT (-104.8207363 39.7954971)
1063,,-104.8354311,39.7969231,POINT (-104.8354311 39.7969231)
1064,,-104.8354096,39.7975997,POINT (-104.8354096 39.7975997)
1065,,-104.9394724,39.7473929,POINT (-104.9394724 39.7473929)
1066,,-104.9389383,39.7473912,POINT (-104.9389383 39.7473912)
1067,,-104.9406323,39.7473939,POINT (-104.9406323 39.7473939)
1068,,-104.9383744,39.7473963,POINT (-104.9383744 39.7473963)
1069,,-104.9372612,39.7473978,POINT (-104.9372612 39.7473978)
1070,,-104.8948809,39.7221382,POINT (-104.8948809 39.7221382)
1071,,-104.8936147,39.72266,POINT (-104.8936147 39.72266)
1072,,-104.9372093,39.7473973,POINT (-104.9372093 39.7473973)
1073,,-104.936168,39.7474007,POINT (-104.936168 39.7474007)
1074,,-104.9355053,39.7473998,POINT (-104.9355053 39.7473998)
1075,,-104.8954473,39.7227267,POINT (-104.8954473 39.7227267)
1076,,-104.9339653,39.7474042,POINT (-104.9339653 39.7474042)
1077,,-104.933789,39.7474048,POINT (-104.933789 39.7474048)
1078,,-104.9350673,39.7474025,POINT (-104.9350673 39.7474025)
1079,,-104.9328617,39.7474051,POINT (-104.9328617 39.7474051)
1080,,-104.9323052,39.7474052,POINT (-104.9323052 39.7474052)
1081,,-104.8954335,39.7198948,POINT (-104.8954335 39.7198948)
1082,,-104.932074,39.7473669,POINT (-104.932074 39.7473669)
1083,,-104.9317098,39.7473661,POINT (-104.9317098 39.7473661)
1084,,-104.9293392,39.7474076,POINT (-104.9293392 39.7474076)
1085,,-104.9287004,39.7474087,POINT (-104.9287004 39.7474087)
1086,,-104.9281617,39.7474105,POINT (-104.9281617 39.7474105)
1087,,-104.89352,39.7226798,POINT (-104.89352 39.7226798)
1088,,-104.9274797,39.7474101,POINT (-104.9274797 39.7474101)
1089,,-104.9270398,39.7474088,POINT (-104.9270398 39.7474088)
1090,,-104.9211309,39.7474206,POINT (-104.9211309 39.7474206)
1091,,-104.9175571,39.7492748,POINT (-104.9175571 39.7492748)
1092,,-104.9163453,39.7474262,POINT (-104.9163453 39.7474262)
1093,,-104.9151721,39.7474273,POINT (-104.9151721 39.7474273)
1094,,-104.9163408,39.7456513,POINT (-104.9163408 39.7456513)
1095,,-104.9139934,39.7474282,POINT (-104.9139934 39.7474282)
1096,,-104.9128244,39.747433,POINT (-104.9128244 39.747433)
1097,,-104.912805,39.7456438,POINT (-104.912805 39.7456438)
1098,,-104.8916098,39.722861,POINT (-104.8916098 39.722861)
1099,,-104.891748,39.7238421,POINT (-104.891748 39.7238421)
1100,,-104.9123877,39.7486161,POINT (-104.9123877 39.7486161)
1101,,-104.9081606,39.7486206,POINT (-104.9081606 39.7486206)
1102,,-104.9081798,39.7462449,POINT (-104.9081798 39.7462449)
1103,,-104.906963,39.7474424,POINT (-104.906963 39.7474424)
1104,,-104.8915205,39.7222063,POINT (-104.8915205 39.7222063)
1105,,-104.9034598,39.7474421,POINT (-104.9034598 39.7474421)
1106,,-104.9034579,39.7456161,POINT (-104.9034579 39.7456161)
1107,,-104.9034487,39.7486256,POINT (-104.9034487 39.7486256)
1108,,-104.9022592,39.7474293,POINT (-104.9022592 39.7474293)
1109,,-104.8999072,39.7474303,POINT (-104.8999072 39.7474303)
1110,,-104.8987635,39.7474283,POINT (-104.8987635 39.7474283)
1111,,-104.9010901,39.7474282,POINT (-104.9010901 39.7474282)
1112,,-104.8980593,39.7474334,POINT (-104.8980593 39.7474334)
1113,,-104.8987559,39.7456126,POINT (-104.8987559 39.7456126)
1114,,-104.8963827,39.7474467,POINT (-104.8963827 39.7474467)
1115,,-104.8950272,39.7474498,POINT (-104.8950272 39.7474498)
1116,,-104.8975698,39.7474346,POINT (-104.8975698 39.7474346)
1117,,-104.8940251,39.7474529,POINT (-104.8940251 39.7474529)
1118,,-104.8893319,39.7474539,POINT (-104.8893319 39.7474539)
1119,,-104.8881729,39.7474563,POINT (-104.8881729 39.7474563)
1120,,-104.8875854,39.747457,POINT (-104.8875854 39.747457)
1121,,-104.8870035,39.7474577,POINT (-104.8870035 39.7474577)
1122,,-104.8858341,39.7474573,POINT (-104.8858341 39.7474573)
1123,,-105.0111318,39.7793876,POINT (-105.0111318 39.7793876)
1124,,-105.0111344,39.7789602,POINT (-105.0111344 39.7789602)
1125,,-105.011136,39.7801748,POINT (-105.011136 39.7801748)
1126,,-105.0111601,39.7777481,POINT (-105.0111601 39.7777481)
1127,,-105.0346118,39.7791487,POINT (-105.0346118 39.7791487)
1128,,-105.0346088,39.7802403,POINT (-105.0346088 39.7802403)
1129,,-105.0346141,39.7783842,POINT (-105.0346141 39.7783842)
1130,,-105.0026969,39.7039672,POINT (-105.0026969 39.7039672)
1131,,-105.0038651,39.7039729,POINT (-105.0038651 39.7039729)
1132,,-105.0015425,39.7039639,POINT (-105.0015425 39.7039639)
1133,,-105.0478302,39.6677638,POINT (-105.0478302 39.6677638)
1134,,-105.0488258,39.6677638,POINT (-105.0488258 39.6677638)
1135,,-105.0478849,39.6574203,POINT (-105.0478849 39.6574203)
1136,,-105.0469905,39.6577794,POINT (-105.0469905 39.6577794)
1137,,-105.048759,39.6570735,POINT (-105.048759 39.6570735)
1138,,-105.0479459,39.6742234,POINT (-105.0479459 39.6742234)
1139,,-105.0489478,39.6742809,POINT (-105.0489478 39.6742809)
1140,,-105.0468923,39.6741009,POINT (-105.0468923 39.6741009)
1141,,-105.0480056,39.6822527,POINT (-105.0480056 39.6822527)
1142,,-105.0489754,39.6822593,POINT (-105.0489754 39.6822593)
1143,,-105.0470786,39.6822461,POINT (-105.0470786 39.6822461)
1144,,-105.0480209,39.6791715,POINT (-105.0480209 39.6791715)
1145,,-105.0490092,39.6791551,POINT (-105.0490092 39.6791551)
1146,,-105.0469354,39.6791673,POINT (-105.0469354 39.6791673)
1147,,-105.01733,39.7447127,POINT (-105.01733 39.7447127)
1148,,-105.0171004,39.7459718,POINT (-105.0171004 39.7459718)
1149,,-105.0486825,39.7004176,POINT (-105.0486825 39.7004176)
1150,,-105.051099,39.7004379,POINT (-105.051099 39.7004379)
1151,,-105.048152,39.7004156,POINT (-105.048152 39.7004156)
1152,,-105.0485795,39.7001072,POINT (-105.0485795 39.7001072)
1153,,-105.0507853,39.6985619,POINT (-105.0507853 39.6985619)
1154,,-105.0180607,39.7477059,POINT (-105.0180607 39.7477059)
1155,,-105.0102036,39.7838337,POINT (-105.0102036 39.7838337)
1156,,-105.0112057,39.7838279,POINT (-105.0112057 39.7838279)
1157,,-105.0092391,39.7838393,POINT (-105.0092391 39.7838393)
1158,,-105.0095787,39.780171,POINT (-105.0095787 39.780171)
1159,,-105.008006,39.7801671,POINT (-105.008006 39.7801671)
1160,,-105.0218047,39.738405,POINT (-105.0218047 39.738405)
1161,,-105.0234224,39.7380913,POINT (-105.0234224 39.7380913)
1162,,-105.0217844,39.7381251,POINT (-105.0217844 39.7381251)
1163,,-105.0599465,39.6560812,POINT (-105.0599465 39.6560812)
1164,,-105.0586918,39.6558463,POINT (-105.0586918 39.6558463)
1165,,-105.061264,39.6565113,POINT (-105.061264 39.6565113)
1166,,-105.0181664,39.7874379,POINT (-105.0181664 39.7874379)
1167,,-105.0193228,39.7874386,POINT (-105.0193228 39.7874386)
1168,,-105.0532629,39.7849963,POINT (-105.0532629 39.7849963)
1169,,-105.0532612,39.7856478,POINT (-105.0532612 39.7856478)
1170,,-105.0357938,39.7874479,POINT (-105.0357938 39.7874479)
1171,,-105.0369491,39.7874467,POINT (-105.0369491 39.7874467)
1172,,-105.0345686,39.7874492,POINT (-105.0345686 39.7874492)
1173,,-105.0381131,39.7874456,POINT (-105.0381131 39.7874456)
1174,,-105.0533309,39.783827,POINT (-105.0533309 39.783827)
1175,,-105.0392728,39.7874444,POINT (-105.0392728 39.7874444)
1176,,-105.0404282,39.7874432,POINT (-105.0404282 39.7874432)
1177,,-105.0415878,39.7874421,POINT (-105.0415878 39.7874421)
1178,,-105.0427452,39.7874409,POINT (-105.0427452 39.7874409)
1179,,-105.053148,39.7839495,POINT (-105.053148 39.7839495)
1180,,-105.0439421,39.7874397,POINT (-105.0439421 39.7874397)
1181,,-105.0532111,39.7845658,POINT (-105.0532111 39.7845658)
1182,,-104.9088718,39.6540781,POINT (-104.9088718 39.6540781)
1183,,-104.9091003,39.6531778,POINT (-104.9091003 39.6531778)
1184,,-104.9099487,39.654069,POINT (-104.9099487 39.654069)
1185,,-104.9073956,39.6542279,POINT (-104.9073956 39.6542279)
1186,,-104.9070381,39.6497288,POINT (-104.9070381 39.6497288)
1187,,-104.9061649,39.6486438,POINT (-104.9061649 39.6486438)
1188,,-104.9078055,39.6503767,POINT (-104.9078055 39.6503767)
1189,,-104.8176949,39.7856865,POINT (-104.8176949 39.7856865)
1190,,-104.8160488,39.7851634,POINT (-104.8160488 39.7851634)
1191,,-104.9975379,39.6784705,POINT (-104.9975379 39.6784705)
1192,,-104.9985221,39.678485,POINT (-104.9985221 39.678485)
1193,,-104.9971518,39.67846,POINT (-104.9971518 39.67846)
1194,,-105.0297833,39.6840212,POINT (-105.0297833 39.6840212)
1195,,-105.0297931,39.6849502,POINT (-105.0297931 39.6849502)
1196,,-105.0297931,39.682242,POINT (-105.0297931 39.682242)
1197,,-105.0532745,39.6537108,POINT (-105.0532745 39.6537108)
1198,,-105.0546654,39.6536992,POINT (-105.0546654 39.6536992)
1199,,-105.053239,39.6523155,POINT (-105.053239 39.6523155)
1200,,-104.9889862,39.7830504,POINT (-104.9889862 39.7830504)
1201,,-104.9891007,39.7871033,POINT (-104.9891007 39.7871033)
1202,,-105.0640522,39.6677638,POINT (-105.0640522 39.6677638)
1203,,-105.0651337,39.6677638,POINT (-105.0651337 39.6677638)
1204,,-105.0629707,39.6677638,POINT (-105.0629707 39.6677638)
1205,,-104.8456724,39.7733232,POINT (-104.8456724 39.7733232)
1206,,-104.8408828,39.7734621,POINT (-104.8408828 39.7734621)
1207,,-105.0662197,39.6597069,POINT (-105.0662197 39.6597069)
1208,,-105.0654214,39.6594426,POINT (-105.0654214 39.6594426)
1209,,-105.0672754,39.6597796,POINT (-105.0672754 39.6597796)
1210,,-104.8345177,39.7729052,POINT (-104.8345177 39.7729052)
1211,,-104.9408072,39.7473939,POINT (-104.9408072 39.7473939)
1212,,-104.940818,39.7449344,POINT (-104.940818 39.7449344)
1213,,-105.0394589,39.7229506,POINT (-105.0394589 39.7229506)
1214,,-105.039461,39.7245421,POINT (-105.039461 39.7245421)
1215,,-105.0397277,39.722952,POINT (-105.0397277 39.722952)
1216,,-105.0397097,39.7213315,POINT (-105.0397097 39.7213315)
1217,,-104.9407912,39.7492473,POINT (-104.9407912 39.7492473)
1218,,-104.9185905,39.6522855,POINT (-104.9185905 39.6522855)
1219,,-104.9165353,39.6495433,POINT (-104.9165353 39.6495433)
1220,,-104.9908346,39.7225372,POINT (-104.9908346 39.7225372)
1221,,-104.990848,39.720955,POINT (-104.990848 39.720955)
1222,,-104.9908593,39.7241445,POINT (-104.9908593 39.7241445)
1223,,-104.9190348,39.6529709,POINT (-104.9190348 39.6529709)
1224,,-104.9176961,39.652969,POINT (-104.9176961 39.652969)
1225,,-104.9963751,39.722535,POINT (-104.9963751 39.722535)
1226,,-104.9963617,39.7209318,POINT (-104.9963617 39.7209318)
1227,,-104.9963723,39.7241262,POINT (-104.9963723 39.7241262)
1228,,-104.9985864,39.7225264,POINT (-104.9985864 39.7225264)
1229,,-104.9985907,39.724127,POINT (-104.9985907 39.724127)
1230,,-105.0001858,39.7225242,POINT (-105.0001858 39.7225242)
1231,,-105.0001846,39.7209395,POINT (-105.0001846 39.7209395)
1232,,-105.0186611,39.72207,POINT (-105.0186611 39.72207)
1233,,-105.0186608,39.7211642,POINT (-105.0186608 39.7211642)
1234,,-105.0186743,39.7238875,POINT (-105.0186743 39.7238875)
1235,,-104.9522077,39.7180363,POINT (-104.9522077 39.7180363)
1236,,-104.9512354,39.7179245,POINT (-104.9512354 39.7179245)
1237,,-104.9522092,39.7209808,POINT (-104.9522092 39.7209808)
1238,,-104.9510157,39.7209815,POINT (-104.9510157 39.7209815)
1239,,-104.9534255,39.7209797,POINT (-104.9534255 39.7209797)
1240,,-105.0151557,39.7314693,POINT (-105.0151557 39.7314693)
1241,,-105.015158,39.7316878,POINT (-105.015158 39.7316878)
1242,,-104.9520788,39.7256097,POINT (-104.9520788 39.7256097)
1243,,-104.9510192,39.7256085,POINT (-104.9510192 39.7256085)
1244,,-105.015377,39.731612,POINT (-105.015377 39.731612)
1245,,-104.9524419,39.740182,POINT (-104.9524419 39.740182)
1246,,-104.9518272,39.7401791,POINT (-104.9518272 39.7401791)
1247,,-104.9529971,39.7401829,POINT (-104.9529971 39.7401829)
1248,,-104.9513197,39.7837466,POINT (-104.9513197 39.7837466)
1249,,-105.0531658,39.7254189,POINT (-105.0531658 39.7254189)
1250,,-105.0525271,39.7254255,POINT (-105.0525271 39.7254255)
1251,,-104.9517329,39.7291286,POINT (-104.9517329 39.7291286)
1252,,-104.9528961,39.7291266,POINT (-104.9528961 39.7291266)
1253,,-105.0531577,39.7261344,POINT (-105.0531577 39.7261344)
1254,,-104.9517236,39.7351394,POINT (-104.9517236 39.7351394)
1255,,-104.9505975,39.7351381,POINT (-104.9505975 39.7351381)
1256,,-104.9528652,39.7351408,POINT (-104.9528652 39.7351408)
1257,,-104.9517067,39.7367943,POINT (-104.9517067 39.7367943)
1258,,-104.952802,39.7368054,POINT (-104.952802 39.7368054)
1259,,-104.9516891,39.7383588,POINT (-104.9516891 39.7383588)
1260,,-104.9506298,39.7383566,POINT (-104.9506298 39.7383566)
1261,,-104.9518131,39.7383595,POINT (-104.9518131 39.7383595)
1262,,-105.0073562,39.7524754,POINT (-105.0073562 39.7524754)
1263,,-105.0103617,39.7543402,POINT (-105.0103617 39.7543402)
1264,,-104.9512896,39.740179,POINT (-104.9512896 39.740179)
1265,,-104.9508563,39.772907,POINT (-104.9508563 39.772907)
1266,,-104.9796072,39.780015,POINT (-104.9796072 39.780015)
1267,,-104.9833542,39.7800156,POINT (-104.9833542 39.7800156)
1268,,-104.9512027,39.7544444,POINT (-104.9512027 39.7544444)
1269,,-104.9512041,39.7569668,POINT (-104.9512041 39.7569668)
1270,,-104.9789837,39.7799962,POINT (-104.9789837 39.7799962)
1271,,-104.9791943,39.7800007,POINT (-104.9791943 39.7800007)
1272,,-104.9512018,39.7582231,POINT (-104.9512018 39.7582231)
1273,,-104.978934,39.7803714,POINT (-104.978934 39.7803714)
1274,,-104.9781173,39.7799706,POINT (-104.9781173 39.7799706)
1275,,-104.9511828,39.7681192,POINT (-104.9511828 39.7681192)
1276,,-104.7459975,39.7751889,POINT (-104.7459975 39.7751889)
1277,,-104.7481376,39.7743848,POINT (-104.7481376 39.7743848)
1278,,-104.7424625,39.7751607,POINT (-104.7424625 39.7751607)
1279,,-104.9795755,39.7522518,POINT (-104.9795755 39.7522518)
1280,,-104.9783626,39.753192,POINT (-104.9783626 39.753192)
1281,,-104.9613464,39.6853918,POINT (-104.9613464 39.6853918)
1282,,-104.9649657,39.6858996,POINT (-104.9649657 39.6858996)
1283,,-104.9807891,39.7513111,POINT (-104.9807891 39.7513111)
1284,,-104.9804661,39.7529373,POINT (-104.9804661 39.7529373)
1285,,-104.9792549,39.7538763,POINT (-104.9792549 39.7538763)
1286,,-104.9813248,39.7535983,POINT (-104.9813248 39.7535983)
1287,,-104.9825312,39.7526657,POINT (-104.9825312 39.7526657)
1288,,-104.9801134,39.7545346,POINT (-104.9801134 39.7545346)
1289,,-104.958107,39.6852847,POINT (-104.958107 39.6852847)
1290,,-104.9595598,39.6843828,POINT (-104.9595598 39.6843828)
1291,,-104.9821886,39.7542631,POINT (-104.9821886 39.7542631)
1292,,-104.9809805,39.7551995,POINT (-104.9809805 39.7551995)
1293,,-104.9830582,39.7549325,POINT (-104.9830582 39.7549325)
1294,,-104.9842667,39.7539958,POINT (-104.9842667 39.7539958)
1295,,-104.9848031,39.7562754,POINT (-104.9848031 39.7562754)
1296,,-104.9835996,39.7572079,POINT (-104.9835996 39.7572079)
1297,,-104.9860225,39.7553443,POINT (-104.9860225 39.7553443)
1298,,-104.9593576,39.6857211,POINT (-104.9593576 39.6857211)
1299,,-104.9865535,39.757621,POINT (-104.9865535 39.757621)
1300,,-104.9853503,39.7585533,POINT (-104.9853503 39.7585533)
1301,,-104.9870204,39.7572604,POINT (-104.9870204 39.7572604)
1302,,-105.0015115,39.7130211,POINT (-105.0015115 39.7130211)
1303,,-104.8252308,39.7795802,POINT (-104.8252308 39.7795802)
1304,,-104.8247065,39.7788153,POINT (-104.8247065 39.7788153)
1305,,-104.8255999,39.78022,POINT (-104.8255999 39.78022)
1306,,-105.0038978,39.7148269,POINT (-105.0038978 39.7148269)
1307,,-104.9469543,39.6672818,POINT (-104.9469543 39.6672818)
1308,,-104.9465005,39.667435,POINT (-104.9465005 39.667435)
1309,,-104.9478003,39.6670197,POINT (-104.9478003 39.6670197)
1310,,-105.0531692,39.7826251,POINT (-105.0531692 39.7826251)
1311,,-105.0481591,39.7849657,POINT (-105.0481591 39.7849657)
1312,,-104.8295738,39.7834718,POINT (-104.8295738 39.7834718)
1313,,-104.8286039,39.782832,POINT (-104.8286039 39.782832)
1314,,-104.8457682,39.7747068,POINT (-104.8457682 39.7747068)
1315,,-104.8469429,39.7748377,POINT (-104.8469429 39.7748377)
1316,,-104.8469614,39.775878,POINT (-104.8469614 39.775878)
1317,,-105.0236021,39.7766225,POINT (-105.0236021 39.7766225)
1318,,-105.0228256,39.7766163,POINT (-105.0228256 39.7766163)
1319,,-104.8471431,39.7748458,POINT (-104.8471431 39.7748458)
1320,,-105.0236267,39.7512092,POINT (-105.0236267 39.7512092)
1321,,-105.0220767,39.7512044,POINT (-105.0220767 39.7512044)
1322,,-105.0220773,39.7548318,POINT (-105.0220773 39.7548318)
1323,,-105.0236327,39.7584806,POINT (-105.0236327 39.7584806)
1324,,-105.0251853,39.7584913,POINT (-105.0251853 39.7584913)
1325,,-105.022082,39.7584688,POINT (-105.022082 39.7584688)
1326,,-104.9394266,39.758299,POINT (-104.9394266 39.758299)
1327,,-105.0239641,39.7911094,POINT (-105.0239641 39.7911094)
1328,,-105.0251317,39.7911135,POINT (-105.0251317 39.7911135)
1329,,-105.0228021,39.7911054,POINT (-105.0228021 39.7911054)
1330,,-104.9344547,39.6784585,POINT (-104.9344547 39.6784585)
1331,,-104.9305749,39.6744409,POINT (-104.9305749 39.6744409)
1332,,-104.9066778,39.6406406,POINT (-104.9066778 39.6406406)
1333,,-104.9052719,39.6405232,POINT (-104.9052719 39.6405232)
1334,,-104.9558149,39.7017594,POINT (-104.9558149 39.7017594)
1335,,-104.9555361,39.7016193,POINT (-104.9555361 39.7016193)
1336,,-104.9565993,39.7020271,POINT (-104.9565993 39.7020271)
1337,,-104.95585,39.7038483,POINT (-104.95585 39.7038483)
1338,,-104.9546882,39.7038461,POINT (-104.9546882 39.7038461)
1339,,-104.9333719,39.678462,POINT (-104.9333719 39.678462)
1340,,-104.9569638,39.7038505,POINT (-104.9569638 39.7038505)
1341,,-104.9350315,39.6784599,POINT (-104.9350315 39.6784599)
1342,,-104.9558314,39.6965846,POINT (-104.9558314 39.6965846)
1343,,-104.9546851,39.6965871,POINT (-104.9546851 39.6965871)
1344,,-104.9569716,39.6965856,POINT (-104.9569716 39.6965856)
1345,,-104.9558586,39.692967,POINT (-104.9558586 39.692967)
1346,,-104.9546783,39.692957,POINT (-104.9546783 39.692957)
1347,,-104.9569515,39.6929673,POINT (-104.9569515 39.6929673)
1348,,-104.9347152,39.6788014,POINT (-104.9347152 39.6788014)
1349,,-104.9558447,39.6893258,POINT (-104.9558447 39.6893258)
1350,,-104.9546945,39.6893254,POINT (-104.9546945 39.6893254)
1351,,-104.9569776,39.6893262,POINT (-104.9569776 39.6893262)
1352,,-104.9558674,39.6856993,POINT (-104.9558674 39.6856993)
1353,,-104.9550758,39.6856973,POINT (-104.9550758 39.6856973)
1354,,-104.9570142,39.6857034,POINT (-104.9570142 39.6857034)
1355,,-104.9541171,39.6999439,POINT (-104.9541171 39.6999439)
1356,,-104.9536997,39.6990547,POINT (-104.9536997 39.6990547)
1357,,-104.9541543,39.7002243,POINT (-104.9541543 39.7002243)
1358,,-104.9373667,39.683528,POINT (-104.9373667 39.683528)
1359,,-104.9373692,39.6827994,POINT (-104.9373692 39.6827994)
1360,,-104.9373357,39.6842719,POINT (-104.9373357 39.6842719)
1361,,-104.9316666,39.6835207,POINT (-104.9316666 39.6835207)
1362,,-104.9316624,39.6828007,POINT (-104.9316624 39.6828007)
1363,,-104.9316711,39.6842793,POINT (-104.9316711 39.6842793)
1364,,-104.9409446,39.783772,POINT (-104.9409446 39.783772)
1365,,-104.9406185,39.783771,POINT (-104.9406185 39.783771)
1366,,-104.9429272,39.7837794,POINT (-104.9429272 39.7837794)
1367,,-105.013445,39.7563934,POINT (-105.013445 39.7563934)
1368,,-105.0139011,39.7558011,POINT (-105.0139011 39.7558011)
1369,,-104.8383457,39.7855693,POINT (-104.8383457 39.7855693)
1370,,-104.836981,39.7861431,POINT (-104.836981 39.7861431)
1371,,-104.8401769,39.7893176,POINT (-104.8401769 39.7893176)
1372,,-104.8410953,39.7893176,POINT (-104.8410953 39.7893176)
1373,,-104.8389753,39.7893638,POINT (-104.8389753 39.7893638)
1374,,-105.0150131,39.7561794,POINT (-105.0150131 39.7561794)
1375,,-105.0015417,39.6998629,POINT (-105.0015417 39.6998629)
1376,,-105.0015458,39.7007558,POINT (-105.0015458 39.7007558)
1377,,-105.0015411,39.6989224,POINT (-105.0015411 39.6989224)
1378,,-104.9326965,39.7364886,POINT (-104.9326965 39.7364886)
1379,,-104.9338495,39.7364857,POINT (-104.9338495 39.7364857)
1380,,-104.9326927,39.7383026,POINT (-104.9326927 39.7383026)
1381,,-104.9315424,39.7383043,POINT (-104.9315424 39.7383043)
1382,,-104.9326986,39.740092,POINT (-104.9326986 39.740092)
1383,,-104.9315472,39.740092,POINT (-104.9315472 39.740092)
1384,,-104.932843,39.7510553,POINT (-104.932843 39.7510553)
1385,,-104.933944,39.7510532,POINT (-104.933944 39.7510532)
1386,,-104.9328281,39.7546808,POINT (-104.9328281 39.7546808)
1387,,-104.9317025,39.7546811,POINT (-104.9317025 39.7546811)
1388,,-104.9339187,39.7546778,POINT (-104.9339187 39.7546778)
1389,,-104.9328098,39.7583218,POINT (-104.9328098 39.7583218)
1390,,-105.0106956,39.754285,POINT (-105.0106956 39.754285)
1391,,-105.0075529,39.752359,POINT (-105.0075529 39.752359)
1392,,-104.9339132,39.7583183,POINT (-104.9339132 39.7583183)
1393,,-105.0155443,39.756173,POINT (-105.0155443 39.756173)
1394,,-105.0140836,39.7556312,POINT (-105.0140836 39.7556312)
1395,,-104.932775,39.7178118,POINT (-104.932775 39.7178118)
1396,,-104.9339472,39.7178087,POINT (-104.9339472 39.7178087)
1397,,-105.015134,39.7543981,POINT (-105.015134 39.7543981)
1398,,-104.9327124,39.7253158,POINT (-104.9327124 39.7253158)
1399,,-104.9316074,39.7253179,POINT (-104.9316074 39.7253179)
1400,,-104.9327153,39.7256177,POINT (-104.9327153 39.7256177)
1401,,-104.9338179,39.7256164,POINT (-104.9338179 39.7256164)
1402,,-105.0159762,39.7526163,POINT (-105.0159762 39.7526163)
1403,,-104.9327317,39.7292285,POINT (-104.9327317 39.7292285)
1404,,-104.9327877,39.7292275,POINT (-104.9327877 39.7292275)
1405,,-104.9325581,39.7331296,POINT (-104.9325581 39.7331296)
1406,,-104.9316246,39.732782,POINT (-104.9316246 39.732782)
1407,,-104.9338508,39.7335888,POINT (-104.9338508 39.7335888)
1408,,-104.933165,39.7620038,POINT (-104.933165 39.7620038)
1409,,-104.9343939,39.7620004,POINT (-104.9343939 39.7620004)
1410,,-104.9331507,39.7656487,POINT (-104.9331507 39.7656487)
1411,,-104.9343962,39.7656435,POINT (-104.9343962 39.7656435)
1412,,-104.9124907,39.7674541,POINT (-104.9124907 39.7674541)
1413,,-104.9082182,39.7674568,POINT (-104.9082182 39.7674568)
1414,,-105.0251425,39.7420386,POINT (-105.0251425 39.7420386)
1415,,-104.903446,39.7674496,POINT (-104.903446 39.7674496)
1416,,-104.902542,39.7673877,POINT (-104.902542 39.7673877)
1417,,-104.903442,39.7656194,POINT (-104.903442 39.7656194)
1418,,-104.9317442,39.767394,POINT (-104.9317442 39.767394)
1419,,-104.9082403,39.6984379,POINT (-104.9082403 39.6984379)
1420,,-104.908226,39.696629,POINT (-104.908226 39.696629)
1421,,-104.908224,39.7002144,POINT (-104.908224 39.7002144)
1422,,-104.9222874,39.767426,POINT (-104.9222874 39.767426)
1423,,-104.910553,39.698433,POINT (-104.910553 39.698433)
1424,,-104.9176083,39.7674404,POINT (-104.9176083 39.7674404)
1425,,-104.9128683,39.7674541,POINT (-104.9128683 39.7674541)
1426,,-104.912849,39.7656401,POINT (-104.912849 39.7656401)
1427,,-104.9733519,39.7669711,POINT (-104.9733519 39.7669711)
1428,,-104.9733512,39.7665018,POINT (-104.9733512 39.7665018)
1429,,-104.9684146,39.766964,POINT (-104.9684146 39.766964)
1430,,-104.9684183,39.7657566,POINT (-104.9684183 39.7657566)
1431,,-104.9684161,39.768166,POINT (-104.9684161 39.768166)
1432,,-104.9659534,39.7669609,POINT (-104.9659534 39.7669609)
1433,,-104.9659576,39.7681612,POINT (-104.9659576 39.7681612)
1434,,-104.9659522,39.7657556,POINT (-104.9659522 39.7657556)
1435,,-104.9036905,39.6741136,POINT (-104.9036905 39.6741136)
1436,,-104.9036808,39.672688,POINT (-104.9036808 39.672688)
1437,,-104.9597553,39.7669531,POINT (-104.9597553 39.7669531)
1438,,-104.9597556,39.7657531,POINT (-104.9597556 39.7657531)
1439,,-104.9597546,39.7681524,POINT (-104.9597546 39.7681524)
1440,,-104.9035234,39.6742929,POINT (-104.9035234 39.6742929)
1441,,-105.0251016,39.7400794,POINT (-105.0251016 39.7400794)
1442,,-104.9499105,39.7669403,POINT (-104.9499105 39.7669403)
1443,,-104.9499292,39.7657071,POINT (-104.9499292 39.7657071)
1444,,-104.9499116,39.7681165,POINT (-104.9499116 39.7681165)
1445,,-104.9406638,39.7669002,POINT (-104.9406638 39.7669002)
1446,,-104.9406642,39.7656813,POINT (-104.9406642 39.7656813)
1447,,-104.992179,39.7166049,POINT (-104.992179 39.7166049)
1448,,-104.992178,39.7157027,POINT (-104.992178 39.7157027)
1449,,-104.9908415,39.7165891,POINT (-104.9908415 39.7165891)
1450,,-104.9939928,39.7165974,POINT (-104.9939928 39.7165974)
1451,,-104.9921821,39.7175111,POINT (-104.9921821 39.7175111)
1452,,-104.9921675,39.7183966,POINT (-104.9921675 39.7183966)
1453,,-104.9908483,39.7183927,POINT (-104.9908483 39.7183927)
1454,,-104.9921634,39.7256649,POINT (-104.9921634 39.7256649)
1455,,-104.9908888,39.7256581,POINT (-104.9908888 39.7256581)
1456,,-104.9913175,39.7765316,POINT (-104.9913175 39.7765316)
1457,,-104.9912087,39.7765305,POINT (-104.9912087 39.7765305)
1458,,-104.992316,39.7765849,POINT (-104.992316 39.7765849)
1459,,-104.9916554,39.7338552,POINT (-104.9916554 39.7338552)
1460,,-104.9902502,39.7338525,POINT (-104.9902502 39.7338525)
1461,,-104.9929579,39.7338577,POINT (-104.9929579 39.7338577)
1462,,-104.9414057,39.6836403,POINT (-104.9414057 39.6836403)
1463,,-104.9483706,39.6847883,POINT (-104.9483706 39.6847883)
1464,,-104.9916531,39.7352637,POINT (-104.9916531 39.7352637)
1465,,-104.9929568,39.7352634,POINT (-104.9929568 39.7352634)
1466,,-104.9902494,39.735264,POINT (-104.9902494 39.735264)
1467,,-104.9916442,39.7400018,POINT (-104.9916442 39.7400018)
1468,,-104.9916422,39.7401229,POINT (-104.9916422 39.7401229)
1469,,-104.9903164,39.7400023,POINT (-104.9903164 39.7400023)
1470,,-104.8208068,39.7750818,POINT (-104.8208068 39.7750818)
1471,,-104.9658779,39.7290909,POINT (-104.9658779 39.7290909)
1472,,-104.9671442,39.729088,POINT (-104.9671442 39.729088)
1473,,-104.8152037,39.7849103,POINT (-104.8152037 39.7849103)
1474,,-104.8139957,39.7907784,POINT (-104.8139957 39.7907784)
1475,,-104.8131383,39.7905957,POINT (-104.8131383 39.7905957)
1476,,-104.8146995,39.7943792,POINT (-104.8146995 39.7943792)
1477,,-104.8153699,39.7939196,POINT (-104.8153699 39.7939196)
1478,,-104.8133091,39.7948013,POINT (-104.8133091 39.7948013)
1479,,-104.9037666,39.7183597,POINT (-104.9037666 39.7183597)
1480,,-104.9035882,39.7183587,POINT (-104.9035882 39.7183587)
1481,,-104.8159441,39.7982832,POINT (-104.8159441 39.7982832)
1482,,-104.8200189,39.7982667,POINT (-104.8200189 39.7982667)
1483,,-104.812528,39.798303,POINT (-104.812528 39.798303)
1484,,-104.9037772,39.7171328,POINT (-104.9037772 39.7171328)
1485,,-105.0017155,39.7801712,POINT (-105.0017155 39.7801712)
1486,,-105.0041597,39.7801671,POINT (-105.0041597 39.7801671)
1487,,-105.0017187,39.7792771,POINT (-105.0017187 39.7792771)
1488,,-105.0064437,39.7801654,POINT (-105.0064437 39.7801654)
1489,,-104.904908,39.7183634,POINT (-104.904908 39.7183634)
1490,,-105.0193655,39.7802121,POINT (-105.0193655 39.7802121)
1491,,-105.0205176,39.7802195,POINT (-105.0205176 39.7802195)
1492,,-105.0182047,39.7802047,POINT (-105.0182047 39.7802047)
1493,,-105.0216708,39.7802268,POINT (-105.0216708 39.7802268)
1494,,-105.0228243,39.7802342,POINT (-105.0228243 39.7802342)
1495,,-105.0077854,39.7369026,POINT (-105.0077854 39.7369026)
1496,,-105.0103891,39.7369075,POINT (-105.0103891 39.7369075)
1497,,-105.0263825,39.7802533,POINT (-105.0263825 39.7802533)
1498,,-105.0267795,39.7802532,POINT (-105.0267795 39.7802532)
1499,,-105.0283419,39.7802524,POINT (-105.0283419 39.7802524)
1500,,-105.0298983,39.7802516,POINT (-105.0298983 39.7802516)
1501,,-105.0314651,39.7802509,POINT (-105.0314651 39.7802509)
1502,,-105.0330239,39.7802501,POINT (-105.0330239 39.7802501)
1503,,-105.0070247,39.7369012,POINT (-105.0070247 39.7369012)
1504,,-105.0357869,39.7802287,POINT (-105.0357869 39.7802287)
1505,,-105.0369535,39.7802272,POINT (-105.0369535 39.7802272)
1506,,-105.0381175,39.7802258,POINT (-105.0381175 39.7802258)
1507,,-105.0392736,39.7802243,POINT (-105.0392736 39.7802243)
1508,,-105.0404363,39.7802229,POINT (-105.0404363 39.7802229)
1509,,-105.0415869,39.7802215,POINT (-105.0415869 39.7802215)
1510,,-105.042748,39.78022,POINT (-105.042748 39.78022)
1511,,-105.0439668,39.7802185,POINT (-105.0439668 39.7802185)
1512,,-105.0439604,39.7820763,POINT (-105.0439604 39.7820763)
1513,,-105.0451242,39.7802231,POINT (-105.0451242 39.7802231)
1514,,-105.0439732,39.7783812,POINT (-105.0439732 39.7783812)
1515,,-105.0462832,39.7802276,POINT (-105.0462832 39.7802276)
1516,,-105.0474501,39.7802322,POINT (-105.0474501 39.7802322)
1517,,-105.0486056,39.7801981,POINT (-105.0486056 39.7801981)
1518,,-105.0480345,39.7802345,POINT (-105.0480345 39.7802345)
1519,,-105.0509281,39.7802203,POINT (-105.0509281 39.7802203)
1520,,-105.0520893,39.7802131,POINT (-105.0520893 39.7802131)
1521,,-105.049773,39.7802275,POINT (-105.049773 39.7802275)
1522,,-105.0526687,39.7802094,POINT (-105.0526687 39.7802094)
1523,,-104.9295798,39.6929794,POINT (-104.9295798 39.6929794)
1524,,-104.9285576,39.6929817,POINT (-104.9285576 39.6929817)
1525,,-104.93066,39.6929743,POINT (-104.93066 39.6929743)
1526,,-104.930542,39.6893435,POINT (-104.930542 39.6893435)
1527,,-104.9293653,39.6893471,POINT (-104.9293653 39.6893471)
1528,,-104.9317102,39.6893435,POINT (-104.9317102 39.6893435)
1529,,-104.9306629,39.685709,POINT (-104.9306629 39.685709)
1530,,-104.9296537,39.6857136,POINT (-104.9296537 39.6857136)
1531,,-104.9316785,39.6857056,POINT (-104.9316785 39.6857056)
1532,,-104.9307139,39.6820757,POINT (-104.9307139 39.6820757)
1533,,-104.9316657,39.6820793,POINT (-104.9316657 39.6820793)
1534,,-104.929634,39.682087,POINT (-104.929634 39.682087)
1535,,-104.9305192,39.6529846,POINT (-104.9305192 39.6529846)
1536,,-104.9293593,39.6529862,POINT (-104.9293593 39.6529862)
1537,,-105.0605146,39.6387516,POINT (-105.0605146 39.6387516)
1538,,-105.0722493,39.6387393,POINT (-105.0722493 39.6387393)
1539,,-104.9305063,39.7113417,POINT (-104.9305063 39.7113417)
1540,,-104.9316547,39.711328,POINT (-104.9316547 39.711328)
1541,,-105.0582259,39.6391968,POINT (-105.0582259 39.6391968)
1542,,-104.8135369,39.7844088,POINT (-104.8135369 39.7844088)
1543,,-104.9848634,39.7400593,POINT (-104.9848634 39.7400593)
1544,,-104.9853678,39.7400594,POINT (-104.9853678 39.7400594)
1545,,-104.8176262,39.7815392,POINT (-104.8176262 39.7815392)
1546,,-104.9835915,39.7400524,POINT (-104.9835915 39.7400524)
1547,,-104.893251,39.6333978,POINT (-104.893251 39.6333978)
1548,,-104.8930305,39.6334211,POINT (-104.8930305 39.6334211)
1549,,-104.8931899,39.6330133,POINT (-104.8931899 39.6330133)
1550,,-104.8939048,39.633435,POINT (-104.8939048 39.633435)
1551,,-104.8930823,39.6325777,POINT (-104.8930823 39.6325777)
1552,,-104.8923967,39.6311855,POINT (-104.8923967 39.6311855)
1553,,-104.892221,39.6312579,POINT (-104.892221 39.6312579)
1554,,-104.8921738,39.6307454,POINT (-104.8921738 39.6307454)
1555,,-105.0050766,39.7039771,POINT (-105.0050766 39.7039771)
1556,,-105.0062206,39.7039804,POINT (-105.0062206 39.7039804)
1557,,-104.984876,39.7384511,POINT (-104.984876 39.7384511)
1558,,-104.9835976,39.7384473,POINT (-104.9835976 39.7384473)
1559,,-105.0050774,39.6966974,POINT (-105.0050774 39.6966974)
1560,,-105.0015278,39.6967008,POINT (-105.0015278 39.6967008)
1561,,-105.0061738,39.6967234,POINT (-105.0061738 39.6967234)
1562,,-105.0052488,39.6822209,POINT (-105.0052488 39.6822209)
1563,,-105.004116,39.6822118,POINT (-105.004116 39.6822118)
1564,,-105.0086959,39.6822706,POINT (-105.0086959 39.6822706)
1565,,-104.96086,39.6843464,POINT (-104.96086 39.6843464)
1566,,-104.9593605,39.6852394,POINT (-104.9593605 39.6852394)
1567,,-105.0052393,39.6785649,POINT (-105.0052393 39.6785649)
1568,,-105.0064005,39.6785859,POINT (-105.0064005 39.6785859)
1569,,-105.0041101,39.6785566,POINT (-105.0041101 39.6785566)
1570,,-104.9078229,39.7183654,POINT (-104.9078229 39.7183654)
1571,,-104.906227,39.7183676,POINT (-104.906227 39.7183676)
1572,,-104.9595595,39.6838216,POINT (-104.9595595 39.6838216)
1573,,-104.9479442,39.6893243,POINT (-104.9479442 39.6893243)
1574,,-104.9478403,39.6893243,POINT (-104.9478403 39.6893243)
1575,,-104.8965329,39.7258364,POINT (-104.8965329 39.7258364)
1576,,-104.8988223,39.7258391,POINT (-104.8988223 39.7258391)
1577,,-104.8964297,39.7372794,POINT (-104.8964297 39.7372794)
1578,,-104.8975658,39.7372819,POINT (-104.8975658 39.7372819)
1579,,-104.8964391,39.7387147,POINT (-104.8964391 39.7387147)
1580,,-104.8952606,39.7387139,POINT (-104.8952606 39.7387139)
1581,,-104.8964195,39.7401097,POINT (-104.8964195 39.7401097)
1582,,-104.8952448,39.7401079,POINT (-104.8952448 39.7401079)
1583,,-104.9000328,39.7200966,POINT (-104.9000328 39.7200966)
1584,,-104.8994698,39.7195098,POINT (-104.8994698 39.7195098)
1585,,-104.9009773,39.7210699,POINT (-104.9009773 39.7210699)
1586,,-104.9783027,39.7855672,POINT (-104.9783027 39.7855672)
1587,,-104.978294,39.7870791,POINT (-104.978294 39.7870791)
1588,,-104.9783095,39.784386,POINT (-104.9783095 39.784386)
1589,,-104.9025413,39.7676251,POINT (-104.9025413 39.7676251)
1590,,-104.9034348,39.7757761,POINT (-104.9034348 39.7757761)
1591,,-104.9023604,39.7710959,POINT (-104.9023604 39.7710959)
1592,,-104.9498337,39.7849305,POINT (-104.9498337 39.7849305)
1593,,-104.9498564,39.7861991,POINT (-104.9498564 39.7861991)
1594,,-104.9498279,39.7837694,POINT (-104.9498279 39.7837694)
1595,,-104.9592584,39.7852492,POINT (-104.9592584 39.7852492)
1596,,-104.9592561,39.7892009,POINT (-104.9592561 39.7892009)
1597,,-104.9592708,39.783762,POINT (-104.9592708 39.783762)
1598,,-104.8471489,39.7862427,POINT (-104.8471489 39.7862427)
1599,,-104.8469721,39.7862448,POINT (-104.8469721 39.7862448)
1600,,-104.8471314,39.7840074,POINT (-104.8471314 39.7840074)
1601,,-104.973399,39.7448339,POINT (-104.973399 39.7448339)
1602,,-104.9734064,39.7450516,POINT (-104.9734064 39.7450516)
1603,,-104.9734034,39.7437966,POINT (-104.9734034 39.7437966)
1604,,-104.9747635,39.7448376,POINT (-104.9747635 39.7448376)
1605,,-104.9733757,39.7469537,POINT (-104.9733757 39.7469537)
1606,,-104.9733803,39.7459448,POINT (-104.9733803 39.7459448)
1607,,-104.9733733,39.747469,POINT (-104.9733733 39.747469)
1608,,-104.9746986,39.7474747,POINT (-104.9746986 39.7474747)
1609,,-104.9406697,39.6835658,POINT (-104.9406697 39.6835658)
1610,,-104.9733705,39.7481256,POINT (-104.9733705 39.7481256)
1611,,-104.9733647,39.7494784,POINT (-104.9733647 39.7494784)
1612,,-104.9721314,39.749476,POINT (-104.9721314 39.749476)
1613,,-104.9733631,39.7507337,POINT (-104.9733631 39.7507337)
1614,,-104.9745719,39.7494829,POINT (-104.9745719 39.7494829)
1615,,-104.9733616,39.7519909,POINT (-104.9733616 39.7519909)
1616,,-104.9745713,39.7507356,POINT (-104.9745713 39.7507356)
1617,,-104.9721293,39.7507309,POINT (-104.9721293 39.7507309)
1618,,-104.9406581,39.6826429,POINT (-104.9406581 39.6826429)
1619,,-104.97336,39.7532492,POINT (-104.97336 39.7532492)
1620,,-104.9733584,39.754546,POINT (-104.9733584 39.754546)
1621,,-104.9721294,39.7544908,POINT (-104.9721294 39.7544908)
1622,,-104.9745694,39.7546245,POINT (-104.9745694 39.7546245)
1623,,-104.973357,39.7553112,POINT (-104.973357 39.7553112)
1624,,-104.9733569,39.7557464,POINT (-104.9733569 39.7557464)
1625,,-104.9571023,39.6843224,POINT (-104.9571023 39.6843224)
1626,,-104.9528114,39.6846986,POINT (-104.9528114 39.6846986)
1627,,-104.9733556,39.7567339,POINT (-104.9733556 39.7567339)
1628,,-104.9733553,39.7569927,POINT (-104.9733553 39.7569927)
1629,,-104.9721274,39.7569919,POINT (-104.9721274 39.7569919)
1630,,-104.9733538,39.7582331,POINT (-104.9733538 39.7582331)
1631,,-104.9721257,39.7582339,POINT (-104.9721257 39.7582339)
1632,,-104.9733527,39.7591222,POINT (-104.9733527 39.7591222)
1633,,-104.9567202,39.7438183,POINT (-104.9567202 39.7438183)
1634,,-104.956971,39.7438192,POINT (-104.956971 39.7438192)
1635,,-104.973351,39.7604399,POINT (-104.973351 39.7604399)
1636,,-104.9733516,39.7607599,POINT (-104.9733516 39.7607599)
1637,,-104.9733522,39.7595113,POINT (-104.9733522 39.7595113)
1638,,-104.9721222,39.760757,POINT (-104.9721222 39.760757)
1639,,-104.9733523,39.7611819,POINT (-104.9733523 39.7611819)
1640,,-104.9733538,39.7620548,POINT (-104.9733538 39.7620548)
1641,,-104.9739094,39.7620227,POINT (-104.9739094 39.7620227)
1642,,-104.9733545,39.7624536,POINT (-104.9733545 39.7624536)
1643,,-104.97335,39.764514,POINT (-104.97335 39.764514)
1644,,-104.9547883,39.7438085,POINT (-104.9547883 39.7438085)
1645,,-104.9733502,39.7657746,POINT (-104.9733502 39.7657746)
1646,,-104.9733494,39.7652335,POINT (-104.9733494 39.7652335)
1647,,-104.9733506,39.7660612,POINT (-104.9733506 39.7660612)
1648,,-104.971985,39.7702335,POINT (-104.971985 39.7702335)
1649,,-104.973541,39.7697206,POINT (-104.973541 39.7697206)
1650,,-104.9706056,39.7726394,POINT (-104.9706056 39.7726394)
1651,,-104.9583972,39.7508461,POINT (-104.9583972 39.7508461)
1652,,-104.9593158,39.7507211,POINT (-104.9593158 39.7507211)
1653,,-104.9733943,39.7165332,POINT (-104.9733943 39.7165332)
1654,,-104.9733997,39.7158975,POINT (-104.9733997 39.7158975)
1655,,-104.9731756,39.716531,POINT (-104.9731756 39.716531)
1656,,-104.9732076,39.7181827,POINT (-104.9732076 39.7181827)
1657,,-104.9705822,39.7181876,POINT (-104.9705822 39.7181876)
1658,,-104.9732608,39.7186951,POINT (-104.9732608 39.7186951)
1659,,-104.974042,39.7188886,POINT (-104.974042 39.7188886)
1660,,-104.9732631,39.719383,POINT (-104.9732631 39.719383)
1661,,-104.9729317,39.720104,POINT (-104.9729317 39.720104)
1662,,-104.9729239,39.7219507,POINT (-104.9729239 39.7219507)
1663,,-104.9729302,39.7237491,POINT (-104.9729302 39.7237491)
1664,,-104.9729367,39.7255792,POINT (-104.9729367 39.7255792)
1665,,-104.972949,39.7290745,POINT (-104.972949 39.7290745)
1666,,-104.9741077,39.7290734,POINT (-104.9741077 39.7290734)
1667,,-104.9729539,39.7304602,POINT (-104.9729539 39.7304602)
1668,,-104.9741151,39.7351642,POINT (-104.9741151 39.7351642)
1669,,-104.9730106,39.7368802,POINT (-104.9730106 39.7368802)
1670,,-104.974144,39.7368809,POINT (-104.974144 39.7368809)
1671,,-104.9730133,39.7384176,POINT (-104.9730133 39.7384176)
1672,,-104.9730218,39.7400274,POINT (-104.9730218 39.7400274)
1673,,-104.9718571,39.7384157,POINT (-104.9718571 39.7384157)
1674,,-104.9578275,39.7438229,POINT (-104.9578275 39.7438229)
1675,,-105.0215383,39.7111569,POINT (-105.0215383 39.7111569)
1676,,-105.0227074,39.7111518,POINT (-105.0227074 39.7111518)
1677,,-105.0203845,39.7111589,POINT (-105.0203845 39.7111589)
1678,,-104.8659171,39.7744032,POINT (-104.8659171 39.7744032)
1679,,-104.8657675,39.7743695,POINT (-104.8657675 39.7743695)
1680,,-105.0215402,39.703914,POINT (-105.0215402 39.703914)
1681,,-105.0227312,39.7039089,POINT (-105.0227312 39.7039089)
1682,,-105.0203916,39.7039191,POINT (-105.0203916 39.7039191)
1683,,-104.8659024,39.7733164,POINT (-104.8659024 39.7733164)
1684,,-105.0215458,39.7004104,POINT (-105.0215458 39.7004104)
1685,,-105.0227235,39.7004105,POINT (-105.0227235 39.7004105)
1686,,-105.0203896,39.7004104,POINT (-105.0203896 39.7004104)
1687,,-105.0215516,39.6967268,POINT (-105.0215516 39.6967268)
1688,,-105.0203839,39.6967421,POINT (-105.0203839 39.6967421)
1689,,-105.0222664,39.696728,POINT (-105.0222664 39.696728)
1690,,-105.0215309,39.6822936,POINT (-105.0215309 39.6822936)
1691,,-105.0226982,39.682287,POINT (-105.0226982 39.682287)
1692,,-105.0203796,39.6823016,POINT (-105.0203796 39.6823016)
1693,,-105.021382,39.6895024,POINT (-105.021382 39.6895024)
1694,,-105.0222575,39.689499,POINT (-105.0222575 39.689499)
1695,,-105.0213049,39.6895027,POINT (-105.0213049 39.6895027)
1696,,-105.0203836,39.6895063,POINT (-105.0203836 39.6895063)
1697,,-104.9316398,39.6766364,POINT (-104.9316398 39.6766364)
1698,,-104.9309755,39.6757127,POINT (-104.9309755 39.6757127)
1699,,-104.9316056,39.6784514,POINT (-104.9316056 39.6784514)
1700,,-105.0531503,39.7265681,POINT (-105.0531503 39.7265681)
1701,,-104.8869536,39.6447353,POINT (-104.8869536 39.6447353)
1702,,-104.8881795,39.6445787,POINT (-104.8881795 39.6445787)
1703,,-104.9045626,39.6354575,POINT (-104.9045626 39.6354575)
1704,,-104.9095305,39.6381831,POINT (-104.9095305 39.6381831)
1705,,-104.8858839,39.6447807,POINT (-104.8858839 39.6447807)
1706,,-104.9258052,39.7111736,POINT (-104.9258052 39.7111736)
1707,,-104.9246341,39.7111781,POINT (-104.9246341 39.7111781)
1708,,-104.9261132,39.6529966,POINT (-104.9261132 39.6529966)
1709,,-104.9251933,39.6530008,POINT (-104.9251933 39.6530008)
1710,,-104.9263708,39.6852199,POINT (-104.9263708 39.6852199)
1711,,-104.9268687,39.6854511,POINT (-104.9268687 39.6854511)
1712,,-104.9258473,39.6820757,POINT (-104.9258473 39.6820757)
1713,,-104.924813,39.6820885,POINT (-104.924813 39.6820885)
1714,,-104.9254597,39.6929877,POINT (-104.9254597 39.6929877)
1715,,-104.924424,39.6929867,POINT (-104.924424 39.6929867)
1716,,-104.926496,39.6929854,POINT (-104.926496 39.6929854)
1717,,-104.9264904,39.689351,POINT (-104.9264904 39.689351)
1718,,-104.9258515,39.6893543,POINT (-104.9258515 39.6893543)
1719,,-104.9731485,39.7799429,POINT (-104.9731485 39.7799429)
1720,,-104.974962,39.7798061,POINT (-104.974962 39.7798061)
1721,,-104.9326241,39.6784527,POINT (-104.9326241 39.6784527)
1722,,-104.9274912,39.6893501,POINT (-104.9274912 39.6893501)
1723,,-104.9254534,39.6893558,POINT (-104.9254534 39.6893558)
1724,,-104.9246866,39.6893546,POINT (-104.9246866 39.6893546)
1725,,-105.0193099,39.7584362,POINT (-105.0193099 39.7584362)
1726,,-105.0205485,39.7584442,POINT (-105.0205485 39.7584442)
1727,,-105.0268631,39.7584956,POINT (-105.0268631 39.7584956)
1728,,-105.0252956,39.758492,POINT (-105.0252956 39.758492)
1729,,-105.027621,39.7584973,POINT (-105.027621 39.7584973)
1730,,-105.0281747,39.7584986,POINT (-105.0281747 39.7584986)
1731,,-105.0299275,39.7585025,POINT (-105.0299275 39.7585025)
1732,,-104.9686935,39.7038655,POINT (-104.9686935 39.7038655)
1733,,-104.9687225,39.7020591,POINT (-104.9687225 39.7020591)
1734,,-105.0310985,39.7585052,POINT (-105.0310985 39.7585052)
1735,,-105.0322654,39.7585079,POINT (-105.0322654 39.7585079)
1736,,-105.0334346,39.7585105,POINT (-105.0334346 39.7585105)
1737,,-105.0346254,39.7585132,POINT (-105.0346254 39.7585132)
1738,,-105.0358093,39.7585106,POINT (-105.0358093 39.7585106)
1739,,-105.0369737,39.7585081,POINT (-105.0369737 39.7585081)
1740,,-104.9686947,39.7056856,POINT (-104.9686947 39.7056856)
1741,,-105.0381364,39.7585056,POINT (-105.0381364 39.7585056)
1742,,-105.0393154,39.758503,POINT (-105.0393154 39.758503)
1743,,-105.0404927,39.7585005,POINT (-105.0404927 39.7585005)
1744,,-105.0020958,39.7486586,POINT (-105.0020958 39.7486586)
1745,,-105.003117,39.748509,POINT (-105.003117 39.748509)
1746,,-104.9674936,39.7038655,POINT (-104.9674936 39.7038655)
1747,,-105.0176881,39.7569746,POINT (-105.0176881 39.7569746)
1748,,-105.0169225,39.7566964,POINT (-105.0169225 39.7566964)
1749,,-105.0191729,39.7575141,POINT (-105.0191729 39.7575141)
1750,,-104.9937263,39.742637,POINT (-104.9937263 39.742637)
1751,,-104.9928616,39.741969,POINT (-104.9928616 39.741969)
1752,,-104.9925155,39.7435822,POINT (-104.9925155 39.7435822)
1753,,-104.9901053,39.7454518,POINT (-104.9901053 39.7454518)
1754,,-104.9934133,39.7442641,POINT (-104.9934133 39.7442641)
1755,,-104.9889045,39.7463841,POINT (-104.9889045 39.7463841)
1756,,-104.9892287,39.7447764,POINT (-104.9892287 39.7447764)
1757,,-104.9897867,39.7470613,POINT (-104.9897867 39.7470613)
1758,,-104.9876516,39.7471916,POINT (-104.9876516 39.7471916)
1759,,-104.9873844,39.7469738,POINT (-104.9873844 39.7469738)
1760,,-104.9873832,39.7473557,POINT (-104.9873832 39.7473557)
1761,,-104.9852896,39.7491977,POINT (-104.9852896 39.7491977)
1762,,-104.9840868,39.7501303,POINT (-104.9840868 39.7501303)
1763,,-104.9843978,39.7485137,POINT (-104.9843978 39.7485137)
1764,,-104.986157,39.7498629,POINT (-104.986157 39.7498629)
1765,,-104.9782389,39.754664,POINT (-104.9782389 39.754664)
1766,,-104.9780529,39.7548083,POINT (-104.9780529 39.7548083)
1767,,-104.9789091,39.7554655,POINT (-104.9789091 39.7554655)
1768,,-104.9768457,39.7557441,POINT (-104.9768457 39.7557441)
1769,,-104.9756384,39.7566801,POINT (-104.9756384 39.7566801)
1770,,-104.9744387,39.7576101,POINT (-104.9744387 39.7576101)
1771,,-104.94992,39.7600816,POINT (-104.94992 39.7600816)
1772,,-104.9499185,39.7607282,POINT (-104.9499185 39.7607282)
1773,,-104.949925,39.7594796,POINT (-104.949925 39.7594796)
1774,,-104.9659615,39.7594942,POINT (-104.9659615 39.7594942)
1775,,-104.9659601,39.7607424,POINT (-104.9659601 39.7607424)
1776,,-104.9659629,39.7582378,POINT (-104.9659629 39.7582378)
1777,,-104.9124007,39.7602121,POINT (-104.9124007 39.7602121)
1778,,-104.9124209,39.7618131,POINT (-104.9124209 39.7618131)
1779,,-105.0351172,39.7257668,POINT (-105.0351172 39.7257668)
1780,,-105.0361986,39.7257722,POINT (-105.0361986 39.7257722)
1781,,-104.908166,39.760216,POINT (-104.908166 39.760216)
1782,,-104.9081819,39.7618303,POINT (-104.9081819 39.7618303)
1783,,-104.9034354,39.7602203,POINT (-104.9034354 39.7602203)
1784,,-104.9034399,39.7598745,POINT (-104.9034399 39.7598745)
1785,,-104.9597659,39.7594809,POINT (-104.9597659 39.7594809)
1786,,-104.9597648,39.7582266,POINT (-104.9597648 39.7582266)
1787,,-104.9597638,39.7607411,POINT (-104.9597638 39.7607411)
1788,,-104.949925,39.7582212,POINT (-104.949925 39.7582212)
1789,,-104.9684281,39.7594958,POINT (-104.9684281 39.7594958)
1790,,-104.9684273,39.7582362,POINT (-104.9684273 39.7582362)
1791,,-104.968429,39.7607483,POINT (-104.968429 39.7607483)
1792,,-104.9222834,39.7601826,POINT (-104.9222834 39.7601826)
1793,,-104.9222819,39.7618461,POINT (-104.9222819 39.7618461)
1794,,-104.8963284,39.723664,POINT (-104.8963284 39.723664)
1795,,-104.9175772,39.7601758,POINT (-104.9175772 39.7601758)
1796,,-104.9175787,39.761844,POINT (-104.9175787 39.761844)
1797,,-104.91284,39.7601708,POINT (-104.91284 39.7601708)
1798,,-104.9128265,39.7583851,POINT (-104.9128265 39.7583851)
1799,,-104.9461859,39.7130731,POINT (-104.9461859 39.7130731)
1800,,-104.9461825,39.714662,POINT (-104.9461825 39.714662)
1801,,-104.9461868,39.7115415,POINT (-104.9461868 39.7115415)
1802,,-104.9862964,39.7129578,POINT (-104.9862964 39.7129578)
1803,,-104.9862652,39.7138916,POINT (-104.9862652 39.7138916)
1804,,-104.8980653,39.7169936,POINT (-104.8980653 39.7169936)
1805,,-104.8959995,39.7170267,POINT (-104.8959995 39.7170267)
1806,,-104.9734043,39.7129172,POINT (-104.9734043 39.7129172)
1807,,-104.9734106,39.7142797,POINT (-104.9734106 39.7142797)
1808,,-104.9734022,39.7111067,POINT (-104.9734022 39.7111067)
1809,,-104.898776,39.7372844,POINT (-104.898776 39.7372844)
1810,,-104.9211175,39.7130956,POINT (-104.9211175 39.7130956)
1811,,-104.9199671,39.7130992,POINT (-104.9199671 39.7130992)
1812,,-104.9222885,39.7130918,POINT (-104.9222885 39.7130918)
1813,,-104.9188083,39.7131029,POINT (-104.9188083 39.7131029)
1814,,-104.9176587,39.7131066,POINT (-104.9176587 39.7131066)
1815,,-104.9164996,39.7131062,POINT (-104.9164996 39.7131062)
1816,,-104.9153446,39.7131122,POINT (-104.9153446 39.7131122)
1817,,-104.9141881,39.7131126,POINT (-104.9141881 39.7131126)
1818,,-104.9129157,39.7131084,POINT (-104.9129157 39.7131084)
1819,,-104.9593381,39.7129491,POINT (-104.9593381 39.7129491)
1820,,-104.9593059,39.7111086,POINT (-104.9593059 39.7111086)
1821,,-104.8975724,39.7387146,POINT (-104.8975724 39.7387146)
1822,,-104.9351177,39.711344,POINT (-104.9351177 39.711344)
1823,,-104.9362766,39.7113747,POINT (-104.9362766 39.7113747)
1824,,-104.9350966,39.6929614,POINT (-104.9350966 39.6929614)
1825,,-104.934063,39.6929664,POINT (-104.934063 39.6929664)
1826,,-104.936231,39.6929598,POINT (-104.936231 39.6929598)
1827,,-104.9350642,39.6893341,POINT (-104.9350642 39.6893341)
1828,,-104.9348539,39.6893342,POINT (-104.9348539 39.6893342)
1829,,-104.8975714,39.7401086,POINT (-104.8975714 39.7401086)
1830,,-104.9360076,39.6893298,POINT (-104.9360076 39.6893298)
1831,,-104.9349023,39.6857044,POINT (-104.9349023 39.6857044)
1832,,-104.9361494,39.6857047,POINT (-104.9361494 39.6857047)
1833,,-104.9346517,39.6820763,POINT (-104.9346517 39.6820763)
1834,,-104.9367095,39.6820738,POINT (-104.9367095 39.6820738)
1835,,-104.9341474,39.682076,POINT (-104.9341474 39.682076)
1836,,-104.9351423,39.6530317,POINT (-104.9351423 39.6530317)
1837,,-104.933967,39.6530373,POINT (-104.933967 39.6530373)
1838,,-104.9362989,39.6530309,POINT (-104.9362989 39.6530309)
1839,,-104.933984,39.689337,POINT (-104.933984 39.689337)
1840,,-104.9348476,39.6875042,POINT (-104.9348476 39.6875042)
1841,,-104.9337112,39.6875061,POINT (-104.9337112 39.6875061)
1842,,-104.9359802,39.6875024,POINT (-104.9359802 39.6875024)
1843,,-104.9647842,39.73683,POINT (-104.9647842 39.73683)
1844,,-104.9660142,39.7368316,POINT (-104.9660142 39.7368316)
1845,,-104.96478,39.7384039,POINT (-104.96478 39.7384039)
1846,,-104.9634851,39.7384018,POINT (-104.9634851 39.7384018)
1847,,-104.9647767,39.7400085,POINT (-104.9647767 39.7400085)
1848,,-104.9660048,39.740011,POINT (-104.9660048 39.740011)
1849,,-104.9634822,39.7400057,POINT (-104.9634822 39.7400057)
1850,,-104.9647599,39.7448139,POINT (-104.9647599 39.7448139)
1851,,-104.9659862,39.7448194,POINT (-104.9659862 39.7448194)
1852,,-104.9647564,39.7460737,POINT (-104.9647564 39.7460737)
1853,,-104.9647604,39.7469482,POINT (-104.9647604 39.7469482)
1854,,-104.9659795,39.7460759,POINT (-104.9659795 39.7460759)
1855,,-104.8975673,39.7438028,POINT (-104.8975673 39.7438028)
1856,,-104.8963878,39.7438025,POINT (-104.8963878 39.7438025)
1857,,-104.9647481,39.7482162,POINT (-104.9647481 39.7482162)
1858,,-104.9647244,39.7494614,POINT (-104.9647244 39.7494614)
1859,,-104.964723,39.7507173,POINT (-104.964723 39.7507173)
1860,,-104.9634716,39.7494634,POINT (-104.9634716 39.7494634)
1861,,-104.9659574,39.7494638,POINT (-104.9659574 39.7494638)
1862,,-104.9634684,39.75072,POINT (-104.9634684 39.75072)
1863,,-104.9659511,39.7507169,POINT (-104.9659511 39.7507169)
1864,,-104.9647218,39.7519723,POINT (-104.9647218 39.7519723)
1865,,-104.8987577,39.7437975,POINT (-104.8987577 39.7437975)
1866,,-104.9647109,39.7532274,POINT (-104.9647109 39.7532274)
1867,,-104.9647232,39.75448,POINT (-104.9647232 39.75448)
1868,,-104.9634627,39.7544765,POINT (-104.9634627 39.7544765)
1869,,-104.9659555,39.7544852,POINT (-104.9659555 39.7544852)
1870,,-104.9150755,39.6820757,POINT (-104.9150755 39.6820757)
1871,,-104.9160713,39.6820813,POINT (-104.9160713 39.6820813)
1872,,-104.9647261,39.7569836,POINT (-104.9647261 39.7569836)
1873,,-104.9634554,39.7569846,POINT (-104.9634554 39.7569846)
1874,,-104.9659667,39.7569873,POINT (-104.9659667 39.7569873)
1875,,-104.9647311,39.7582355,POINT (-104.9647311 39.7582355)
1876,,-104.9634596,39.7582333,POINT (-104.9634596 39.7582333)
1877,,-104.9647274,39.7607395,POINT (-104.9647274 39.7607395)
1878,,-104.9634564,39.7607434,POINT (-104.9634564 39.7607434)
1879,,-104.9647189,39.772878,POINT (-104.9647189 39.772878)
1880,,-104.9635517,39.7728739,POINT (-104.9635517 39.7728739)
1881,,-104.9659592,39.7728823,POINT (-104.9659592 39.7728823)
1882,,-104.9648025,39.7256,POINT (-104.9648025 39.7256)
1883,,-104.963647,39.7256059,POINT (-104.963647 39.7256059)
1884,,-104.9648369,39.7290933,POINT (-104.9648369 39.7290933)
1885,,-104.9813153,39.7783303,POINT (-104.9813153 39.7783303)
1886,,-104.9824434,39.7783303,POINT (-104.9824434 39.7783303)
1887,,-104.9801587,39.7783303,POINT (-104.9801587 39.7783303)
1888,,-104.9811451,39.7290666,POINT (-104.9811451 39.7290666)
1889,,-104.9823666,39.7290686,POINT (-104.9823666 39.7290686)
1890,,-104.9810767,39.7351601,POINT (-104.9810767 39.7351601)
1891,,-104.9822964,39.7351594,POINT (-104.9822964 39.7351594)
1892,,-104.9798773,39.7351608,POINT (-104.9798773 39.7351608)
1893,,-104.9810987,39.7368864,POINT (-104.9810987 39.7368864)
1894,,-104.9811093,39.73844,POINT (-104.9811093 39.73844)
1895,,-104.9823212,39.7368873,POINT (-104.9823212 39.7368873)
1896,,-104.9811101,39.7400236,POINT (-104.9811101 39.7400236)
1897,,-105.0300477,39.7640554,POINT (-105.0300477 39.7640554)
1898,,-105.0300503,39.7638936,POINT (-105.0300503 39.7638936)
1899,,-104.9799035,39.7384364,POINT (-104.9799035 39.7384364)
1900,,-104.9823408,39.7400375,POINT (-104.9823408 39.7400375)
1901,,-104.979905,39.7400223,POINT (-104.979905 39.7400223)
1902,,-104.981098,39.7448636,POINT (-104.981098 39.7448636)
1903,,-104.9823336,39.7448687,POINT (-104.9823336 39.7448687)
1904,,-105.0299778,39.7647144,POINT (-105.0299778 39.7647144)
1905,,-104.9810947,39.7461814,POINT (-104.9810947 39.7461814)
1906,,-104.9798932,39.7461815,POINT (-104.9798932 39.7461815)
1907,,-104.9823328,39.7461815,POINT (-104.9823328 39.7461815)
1908,,-104.9810913,39.7475247,POINT (-104.9810913 39.7475247)
1909,,-104.9804969,39.7475221,POINT (-104.9804969 39.7475221)
1910,,-104.9823108,39.7475298,POINT (-104.9823108 39.7475298)
1911,,-104.9814775,39.7481193,POINT (-104.9814775 39.7481193)
1912,,-104.7690369,39.7746607,POINT (-104.7690369 39.7746607)
1913,,-104.7697789,39.7746662,POINT (-104.7697789 39.7746662)
1914,,-104.9814427,39.7183306,POINT (-104.9814427 39.7183306)
1915,,-104.9826167,39.7183336,POINT (-104.9826167 39.7183336)
1916,,-104.9802858,39.7183238,POINT (-104.9802858 39.7183238)
1917,,-104.9814524,39.7209251,POINT (-104.9814524 39.7209251)
1918,,-104.9802855,39.7209264,POINT (-104.9802855 39.7209264)
1919,,-104.9826247,39.7209338,POINT (-104.9826247 39.7209338)
1920,,-104.9141614,39.6820737,POINT (-104.9141614 39.6820737)
1921,,-104.99113,39.7406309,POINT (-104.99113 39.7406309)
1922,,-104.9899054,39.7415764,POINT (-104.9899054 39.7415764)
1923,,-104.9907158,39.7403119,POINT (-104.9907158 39.7403119)
1924,,-104.9919929,39.7412977,POINT (-104.9919929 39.7412977)
1925,,-104.9931217,39.740378,POINT (-104.9931217 39.740378)
1926,,-104.9940667,39.7410426,POINT (-104.9940667 39.7410426)
1927,,-104.9916411,39.7429098,POINT (-104.9916411 39.7429098)
1928,,-104.9946238,39.7433305,POINT (-104.9946238 39.7433305)
1929,,-104.995475,39.7439878,POINT (-104.995475 39.7439878)
1930,,-104.9942609,39.7449199,POINT (-104.9942609 39.7449199)
1931,,-104.769025,39.776673,POINT (-104.769025 39.776673)
1932,,-104.9963397,39.7446563,POINT (-104.9963397 39.7446563)
1933,,-104.9975466,39.7437203,POINT (-104.9975466 39.7437203)
1934,,-104.9980781,39.7459994,POINT (-104.9980781 39.7459994)
1935,,-104.9992817,39.7450569,POINT (-104.9992817 39.7450569)
1936,,-104.9972214,39.7453375,POINT (-104.9972214 39.7453375)
1937,,-104.9989592,39.7466802,POINT (-104.9989592 39.7466802)
1938,,-104.9977511,39.7476015,POINT (-104.9977511 39.7476015)
1939,,-104.9998139,39.7473376,POINT (-104.9998139 39.7473376)
1940,,-105.0008274,39.746698,POINT (-105.0008274 39.746698)
1941,,-105.0006969,39.7480168,POINT (-105.0006969 39.7480168)
1942,,-104.9994791,39.7489609,POINT (-104.9994791 39.7489609)
1943,,-104.7686834,39.7735656,POINT (-104.7686834 39.7735656)
1944,,-105.001398,39.7488118,POINT (-105.001398 39.7488118)
1945,,-104.7690165,39.7779804,POINT (-104.7690165 39.7779804)
1946,,-104.9534926,39.696591,POINT (-104.9534926 39.696591)
1947,,-104.9523584,39.69659,POINT (-104.9523584 39.69659)
1948,,-104.7707705,39.7779847,POINT (-104.7707705 39.7779847)
1949,,-104.953511,39.6929438,POINT (-104.953511 39.6929438)
1950,,-104.9523787,39.6929478,POINT (-104.9523787 39.6929478)
1951,,-104.9535362,39.689325,POINT (-104.9535362 39.689325)
1952,,-104.9523825,39.6893247,POINT (-104.9523825 39.6893247)
1953,,-104.7683852,39.7794022,POINT (-104.7683852 39.7794022)
1954,,-104.9535586,39.6857129,POINT (-104.9535586 39.6857129)
1955,,-104.9536565,39.6857115,POINT (-104.9536565 39.6857115)
1956,,-104.9524045,39.6857112,POINT (-104.9524045 39.6857112)
1957,,-104.953666,39.6817131,POINT (-104.953666 39.6817131)
1958,,-104.9550912,39.681921,POINT (-104.9550912 39.681921)
1959,,-104.9522476,39.6815109,POINT (-104.9522476 39.6815109)
1960,,-104.9536882,39.6784789,POINT (-104.9536882 39.6784789)
1961,,-104.9550979,39.6784795,POINT (-104.9550979 39.6784795)
1962,,-104.7673267,39.7779761,POINT (-104.7673267 39.7779761)
1963,,-104.9535191,39.7038438,POINT (-104.9535191 39.7038438)
1964,,-104.9523742,39.7038416,POINT (-104.9523742 39.7038416)
1965,,-104.9546491,39.7011179,POINT (-104.9546491 39.7011179)
1966,,-104.9532126,39.659999,POINT (-104.9532126 39.659999)
1967,,-104.94657,39.7115692,POINT (-104.94657 39.7115692)
1968,,-104.7653146,39.7806822,POINT (-104.7653146 39.7806822)
1969,,-104.7649082,39.782517,POINT (-104.7649082 39.782517)
1970,,-104.9449788,39.7115373,POINT (-104.9449788 39.7115373)
1971,,-104.9437772,39.7115349,POINT (-104.9437772 39.7115349)
1972,,-104.9425646,39.7115739,POINT (-104.9425646 39.7115739)
1973,,-104.9413613,39.711603,POINT (-104.9413613 39.711603)
1974,,-104.767326,39.7798253,POINT (-104.767326 39.7798253)
1975,,-104.9339534,39.7113468,POINT (-104.9339534 39.7113468)
1976,,-104.932802,39.7113323,POINT (-104.932802 39.7113323)
1977,,-104.9293258,39.7111846,POINT (-104.9293258 39.7111846)
1978,,-104.928167,39.7111795,POINT (-104.928167 39.7111795)
1979,,-104.7648619,39.7836565,POINT (-104.7648619 39.7836565)
1980,,-104.7649119,39.783781,POINT (-104.7649119 39.783781)
1981,,-104.9269889,39.7111762,POINT (-104.9269889 39.7111762)
1982,,-104.9234616,39.7111973,POINT (-104.9234616 39.7111973)
1983,,-104.7631114,39.7836518,POINT (-104.7631114 39.7836518)
1984,,-104.9211259,39.7112027,POINT (-104.9211259 39.7112027)
1985,,-104.9199538,39.7111978,POINT (-104.9199538 39.7111978)
1986,,-104.9187699,39.7111932,POINT (-104.9187699 39.7111932)
1987,,-104.9176274,39.7111979,POINT (-104.9176274 39.7111979)
1988,,-104.9164286,39.7111983,POINT (-104.9164286 39.7111983)
1989,,-104.9153086,39.7112034,POINT (-104.9153086 39.7112034)
1990,,-104.9140759,39.7112062,POINT (-104.9140759 39.7112062)
1991,,-104.9128803,39.7112017,POINT (-104.9128803 39.7112017)
1992,,-104.911827,39.7112029,POINT (-104.911827 39.7112029)
1993,,-104.9111421,39.7112014,POINT (-104.9111421 39.7112014)
1994,,-104.909704,39.7112005,POINT (-104.909704 39.7112005)
1995,,-104.9003458,39.6328848,POINT (-104.9003458 39.6328848)
1996,,-104.8999763,39.6327167,POINT (-104.8999763 39.6327167)
1997,,-104.9087025,39.711199,POINT (-104.9087025 39.711199)
1998,,-104.9064981,39.7111982,POINT (-104.9064981 39.7111982)
1999,,-104.9044594,39.7112142,POINT (-104.9044594 39.7112142)
2000,,-104.9035355,39.7112192,POINT (-104.9035355 39.7112192)
2001,,-104.9033464,39.7112187,POINT (-104.9033464 39.7112187)
2002,,-104.9034983,39.7092727,POINT (-104.9034983 39.7092727)
2003,,-104.8928364,39.7111885,POINT (-104.8928364 39.7111885)
2004,,-104.8928341,39.7113102,POINT (-104.8928341 39.7113102)
2005,,-104.8898606,39.7096588,POINT (-104.8898606 39.7096588)
2006,,-104.8754162,39.7089042,POINT (-104.8754162 39.7089042)
2007,,-104.8754647,39.7090133,POINT (-104.8754647 39.7090133)
2008,,-104.8743746,39.7091511,POINT (-104.8743746 39.7091511)
2009,,-104.9005399,39.6326443,POINT (-104.9005399 39.6326443)
2010,,-104.8753706,39.7069017,POINT (-104.8753706 39.7069017)
2011,,-104.9875951,39.7111483,POINT (-104.9875951 39.7111483)
2012,,-104.9863735,39.7111547,POINT (-104.9863735 39.7111547)
2013,,-104.9876114,39.7102509,POINT (-104.9876114 39.7102509)
2014,,-104.9899993,39.7111583,POINT (-104.9899993 39.7111583)
2015,,-104.9852053,39.7111598,POINT (-104.9852053 39.7111598)
2016,,-104.9840284,39.7111367,POINT (-104.9840284 39.7111367)
2017,,-104.9828585,39.7111333,POINT (-104.9828585 39.7111333)
2018,,-104.9827268,39.7111325,POINT (-104.9827268 39.7111325)
2019,,-104.9828704,39.7093155,POINT (-104.9828704 39.7093155)
2020,,-104.9815342,39.7111237,POINT (-104.9815342 39.7111237)
2021,,-104.9803978,39.7111144,POINT (-104.9803978 39.7111144)
2022,,-104.9792404,39.7111102,POINT (-104.9792404 39.7111102)
2023,,-104.9780766,39.7110989,POINT (-104.9780766 39.7110989)
2024,,-104.9769218,39.7111041,POINT (-104.9769218 39.7111041)
2025,,-104.9757408,39.7111062,POINT (-104.9757408 39.7111062)
2026,,-104.9745744,39.7111059,POINT (-104.9745744 39.7111059)
2027,,-104.9733904,39.7092985,POINT (-104.9733904 39.7092985)
2028,,-104.9724201,39.7111103,POINT (-104.9724201 39.7111103)
2029,,-104.9710342,39.7111113,POINT (-104.9710342 39.7111113)
2030,,-104.969869,39.7111147,POINT (-104.969869 39.7111147)
2031,,-104.9722212,39.7111118,POINT (-104.9722212 39.7111118)
2032,,-104.9687058,39.7111162,POINT (-104.9687058 39.7111162)
2033,,-104.9674845,39.7111153,POINT (-104.9674845 39.7111153)
2034,,-104.966335,39.7111153,POINT (-104.966335 39.7111153)
2035,,-104.9651727,39.7111144,POINT (-104.9651727 39.7111144)
2036,,-104.9640308,39.7111162,POINT (-104.9640308 39.7111162)
2037,,-104.8354745,39.7939687,POINT (-104.8354745 39.7939687)
2038,,-104.8354602,39.7947803,POINT (-104.8354602 39.7947803)
2039,,-104.9628702,39.7111167,POINT (-104.9628702 39.7111167)
2040,,-104.9617149,39.7111161,POINT (-104.9617149 39.7111161)
2041,,-104.9605605,39.711114,POINT (-104.9605605 39.711114)
2042,,-104.959153,39.7115041,POINT (-104.959153 39.7115041)
2043,,-104.9593387,39.709301,POINT (-104.9593387 39.709301)
2044,,-104.9588351,39.7111033,POINT (-104.9588351 39.7111033)
2045,,-104.9586687,39.7111015,POINT (-104.9586687 39.7111015)
2046,,-104.9565099,39.7110299,POINT (-104.9565099 39.7110299)
2047,,-104.9558464,39.7110251,POINT (-104.9558464 39.7110251)
2048,,-104.8331069,39.794651,POINT (-104.8331069 39.794651)
2049,,-104.832198,39.7944741,POINT (-104.832198 39.7944741)
2050,,-104.9557032,39.7110251,POINT (-104.9557032 39.7110251)
2051,,-104.9523424,39.71101,POINT (-104.9523424 39.71101)
2052,,-104.9499059,39.7110019,POINT (-104.9499059 39.7110019)
2053,,-104.9482412,39.7111736,POINT (-104.9482412 39.7111736)
2054,,-104.946675,39.7098844,POINT (-104.946675 39.7098844)
2055,,-104.9494442,39.7121831,POINT (-104.9494442 39.7121831)
2056,,-104.9594079,39.6766192,POINT (-104.9594079 39.6766192)
2057,,-104.959417,39.674847,POINT (-104.959417 39.674847)
2058,,-104.9593799,39.6784361,POINT (-104.9593799 39.6784361)
2059,,-104.9873917,39.736848,POINT (-104.9873917 39.736848)
2060,,-104.9902547,39.7368531,POINT (-104.9902547 39.7368531)
2061,,-104.9828725,39.6767157,POINT (-104.9828725 39.6767157)
2062,,-104.9828709,39.6748997,POINT (-104.9828709 39.6748997)
2063,,-104.9828691,39.6785128,POINT (-104.9828691 39.6785128)
2064,,-104.987396,39.7352771,POINT (-104.987396 39.7352771)
2065,,-104.9916504,39.7368556,POINT (-104.9916504 39.7368556)
2066,,-104.973468,39.6767008,POINT (-104.973468 39.6767008)
2067,,-104.9734391,39.6785116,POINT (-104.9734391 39.6785116)
2068,,-104.9902822,39.7381379,POINT (-104.9902822 39.7381379)
2069,,-104.9687608,39.676677,POINT (-104.9687608 39.676677)
2070,,-104.9687534,39.6784727,POINT (-104.9687534 39.6784727)
2071,,-104.965249,39.6766617,POINT (-104.965249 39.6766617)
2072,,-104.9652481,39.6748574,POINT (-104.9652481 39.6748574)
2073,,-104.9652425,39.6784261,POINT (-104.9652425 39.6784261)
2074,,-104.9187927,39.6766368,POINT (-104.9187927 39.6766368)
2075,,-104.9187923,39.6748316,POINT (-104.9187923 39.6748316)
2076,,-104.918796,39.6774011,POINT (-104.918796 39.6774011)
2077,,-104.9187984,39.6784617,POINT (-104.9187984 39.6784617)
2078,,-104.9993998,39.7449659,POINT (-104.9993998 39.7449659)
2079,,-104.9968715,39.7469303,POINT (-104.9968715 39.7469303)
2080,,-104.9944532,39.7487959,POINT (-104.9944532 39.7487959)
2081,,-104.9941268,39.7503988,POINT (-104.9941268 39.7503988)
2082,,-104.9920451,39.750657,POINT (-104.9920451 39.750657)
2083,,-104.9917152,39.7522655,POINT (-104.9917152 39.7522655)
2084,,-104.992954,39.7368572,POINT (-104.992954 39.7368572)
2085,,-104.990505,39.7532024,POINT (-104.990505 39.7532024)
2086,,-104.9884361,39.7534686,POINT (-104.9884361 39.7534686)
2087,,-104.9873844,39.7545318,POINT (-104.9873844 39.7545318)
2088,,-104.994123,39.7368587,POINT (-104.994123 39.7368587)
2089,,-104.9832775,39.7588198,POINT (-104.9832775 39.7588198)
2090,,-104.981182,39.7590811,POINT (-104.981182 39.7590811)
2091,,-104.9799792,39.760013,POINT (-104.9799792 39.760013)
2092,,-104.97877,39.7609499,POINT (-104.97877 39.7609499)
2093,,-104.9775733,39.761877,POINT (-104.9775733 39.761877)
2094,,-104.9739671,39.7646848,POINT (-104.9739671 39.7646848)
2095,,-104.9736515,39.764933,POINT (-104.9736515 39.764933)
2096,,-104.9751515,39.7637534,POINT (-104.9751515 39.7637534)
2097,,-104.8695947,39.6593415,POINT (-104.8695947 39.6593415)
2098,,-104.8704147,39.6589638,POINT (-104.8704147 39.6589638)
2099,,-104.8718352,39.6616651,POINT (-104.8718352 39.6616651)
2100,,-104.8722861,39.6581866,POINT (-104.8722861 39.6581866)
2101,,-104.8713222,39.6585852,POINT (-104.8713222 39.6585852)
2102,,-104.8731981,39.6577748,POINT (-104.8731981 39.6577748)
2103,,-104.8740596,39.6572908,POINT (-104.8740596 39.6572908)
2104,,-104.8749357,39.6568011,POINT (-104.8749357 39.6568011)
2105,,-104.8756405,39.6538879,POINT (-104.8756405 39.6538879)
2106,,-104.8767379,39.6543276,POINT (-104.8767379 39.6543276)
2107,,-104.8757795,39.6530437,POINT (-104.8757795 39.6530437)
2108,,-104.9953106,39.7368601,POINT (-104.9953106 39.7368601)
2109,,-104.8753594,39.7034774,POINT (-104.8753594 39.7034774)
2110,,-104.8753592,39.7033934,POINT (-104.8753592 39.7033934)
2111,,-104.875353,39.7019553,POINT (-104.875353 39.7019553)
2112,,-104.9957301,39.7368607,POINT (-104.9957301 39.7368607)
2113,,-104.9964542,39.7378444,POINT (-104.9964542 39.7378444)
2114,,-104.8753488,39.7009805,POINT (-104.8753488 39.7009805)
2115,,-104.8753487,39.7008931,POINT (-104.8753487 39.7008931)
2116,,-104.8753343,39.7001534,POINT (-104.8753343 39.7001534)
2117,,-104.8753279,39.6975381,POINT (-104.8753279 39.6975381)
2118,,-104.8752986,39.6965728,POINT (-104.8752986 39.6965728)
2119,,-104.9964751,39.7368596,POINT (-104.9964751 39.7368596)
2120,,-105.0112177,39.7717232,POINT (-105.0112177 39.7717232)
2121,,-105.0112157,39.7705165,POINT (-105.0112157 39.7705165)
2122,,-105.0112198,39.7729303,POINT (-105.0112198 39.7729303)
2123,,-104.9943477,39.7339728,POINT (-104.9943477 39.7339728)
2124,,-105.0346203,39.7728358,POINT (-105.0346203 39.7728358)
2125,,-104.9948368,39.7717427,POINT (-104.9948368 39.7717427)
2126,,-104.9948416,39.7704998,POINT (-104.9948416 39.7704998)
2127,,-104.9971132,39.7368637,POINT (-104.9971132 39.7368637)
2128,,-104.9948331,39.7723654,POINT (-104.9948331 39.7723654)
2129,,-104.997113,39.7367764,POINT (-104.997113 39.7367764)
2130,,-104.9875127,39.7038723,POINT (-104.9875127 39.7038723)
2131,,-104.9863029,39.7038918,POINT (-104.9863029 39.7038918)
2132,,-104.9875228,39.7025937,POINT (-104.9875228 39.7025937)
2133,,-104.9862869,39.7057132,POINT (-104.9862869 39.7057132)
2134,,-104.9986954,39.7368739,POINT (-104.9986954 39.7368739)
2135,,-104.9851264,39.7038808,POINT (-104.9851264 39.7038808)
2136,,-104.9839657,39.7038821,POINT (-104.9839657 39.7038821)
2137,,-104.9827921,39.7039058,POINT (-104.9827921 39.7039058)
2138,,-104.9828003,39.7057014,POINT (-104.9828003 39.7057014)
2139,,-104.9988029,39.7379572,POINT (-104.9988029 39.7379572)
2140,,-104.9828008,39.7019982,POINT (-104.9828008 39.7019982)
2141,,-104.9816003,39.7039557,POINT (-104.9816003 39.7039557)
2142,,-104.980432,39.7039603,POINT (-104.980432 39.7039603)
2143,,-104.9792682,39.7039667,POINT (-104.9792682 39.7039667)
2144,,-105.0001422,39.736875,POINT (-105.0001422 39.736875)
2145,,-104.9781006,39.7039712,POINT (-104.9781006 39.7039712)
2146,,-104.9781014,39.703858,POINT (-104.9781014 39.703858)
2147,,-104.9757601,39.7038607,POINT (-104.9757601 39.7038607)
2148,,-104.9769326,39.7038567,POINT (-104.9769326 39.7038567)
2149,,-105.0001518,39.7352855,POINT (-105.0001518 39.7352855)
2150,,-104.9205865,39.7038549,POINT (-104.9205865 39.7038549)
2151,,-104.9195932,39.7038598,POINT (-104.9195932 39.7038598)
2152,,-104.9216457,39.7038563,POINT (-104.9216457 39.7038563)
2153,,-105.001582,39.7368783,POINT (-105.001582 39.7368783)
2154,,-104.9185863,39.7038605,POINT (-104.9185863 39.7038605)
2155,,-104.9175741,39.703865,POINT (-104.9175741 39.703865)
2156,,-104.9164353,39.7038657,POINT (-104.9164353 39.7038657)
2157,,-104.9152655,39.7038667,POINT (-104.9152655 39.7038667)
2158,,-105.0028286,39.7368812,POINT (-105.0028286 39.7368812)
2159,,-104.9146994,39.7038647,POINT (-104.9146994 39.7038647)
2160,,-104.9035064,39.703873,POINT (-104.9035064 39.703873)
2161,,-104.9035119,39.7010579,POINT (-104.9035119 39.7010579)
2162,,-104.903509,39.7075009,POINT (-104.903509 39.7075009)
2163,,-104.9663394,39.7038654,POINT (-104.9663394 39.7038654)
2164,,-104.9651849,39.7038652,POINT (-104.9651849 39.7038652)
2165,,-104.9640275,39.7038614,POINT (-104.9640275 39.7038614)
2166,,-104.9628782,39.7038636,POINT (-104.9628782 39.7038636)
2167,,-104.9617222,39.7038585,POINT (-104.9617222 39.7038585)
2168,,-104.9605682,39.7038609,POINT (-104.9605682 39.7038609)
2169,,-104.9593659,39.7038732,POINT (-104.9593659 39.7038732)
2170,,-104.9577086,39.7025983,POINT (-104.9577086 39.7025983)
2171,,-104.9593484,39.7020394,POINT (-104.9593484 39.7020394)
2172,,-104.9593418,39.7056704,POINT (-104.9593418 39.7056704)
2173,,-105.0032878,39.7368818,POINT (-105.0032878 39.7368818)
2174,,-104.9500244,39.703837,POINT (-104.9500244 39.703837)
2175,,-105.0028252,39.7384712,POINT (-105.0028252 39.7384712)
2176,,-104.9455012,39.7038282,POINT (-104.9455012 39.7038282)
2177,,-104.944435,39.7038261,POINT (-104.944435 39.7038261)
2178,,-104.9434899,39.7038324,POINT (-104.9434899 39.7038324)
2179,,-105.0028292,39.7366091,POINT (-105.0028292 39.7366091)
2180,,-104.9432968,39.7038323,POINT (-104.9432968 39.7038323)
2181,,-104.9427403,39.7038336,POINT (-104.9427403 39.7038336)
2182,,-104.9425791,39.7038322,POINT (-104.9425791 39.7038322)
2183,,-105.0052593,39.736889,POINT (-105.0052593 39.736889)
2184,,-105.0432652,39.7113232,POINT (-105.0432652 39.7113232)
2185,,-105.0461066,39.7113343,POINT (-105.0461066 39.7113343)
2186,,-105.0056845,39.736889,POINT (-105.0056845 39.736889)
2187,,-105.0052521,39.7397616,POINT (-105.0052521 39.7397616)
2188,,-105.0052714,39.7353048,POINT (-105.0052714 39.7353048)
2189,,-105.0159704,39.7369187,POINT (-105.0159704 39.7369187)
2190,,-105.0159783,39.7376258,POINT (-105.0159783 39.7376258)
2191,,-105.0427879,39.6731522,POINT (-105.0427879 39.6731522)
2192,,-105.043835,39.6734759,POINT (-105.043835 39.6734759)
2193,,-105.041715,39.6728483,POINT (-105.041715 39.6728483)
2194,,-105.0443461,39.658835,POINT (-105.0443461 39.658835)
2195,,-105.0433472,39.6592338,POINT (-105.0433472 39.6592338)
2196,,-105.0452185,39.6584868,POINT (-105.0452185 39.6584868)
2197,,-105.0428606,39.667744,POINT (-105.0428606 39.667744)
2198,,-105.0417448,39.6677374,POINT (-105.0417448 39.6677374)
2199,,-105.0164597,39.7309809,POINT (-105.0164597 39.7309809)
2200,,-105.0438477,39.6677506,POINT (-105.0438477 39.6677506)
2201,,-105.0123607,39.7369113,POINT (-105.0123607 39.7369113)
2202,,-105.0432038,39.6895032,POINT (-105.0432038 39.6895032)
2203,,-105.0442509,39.689505,POINT (-105.0442509 39.689505)
2204,,-105.0421823,39.6895014,POINT (-105.0421823 39.6895014)
2205,,-105.0432694,39.6822289,POINT (-105.0432694 39.6822289)
2206,,-105.0422815,39.6822222,POINT (-105.0422815 39.6822222)
2207,,-105.0442737,39.6822355,POINT (-105.0442737 39.6822355)
2208,,-105.0431514,39.6797247,POINT (-105.0431514 39.6797247)
2209,,-105.0441146,39.6795766,POINT (-105.0441146 39.6795766)
2210,,-105.0422854,39.6798326,POINT (-105.0422854 39.6798326)
2211,,-104.9898406,39.7564245,POINT (-104.9898406 39.7564245)
2212,,-104.9886304,39.7573604,POINT (-104.9886304 39.7573604)
2213,,-104.9907076,39.7570938,POINT (-104.9907076 39.7570938)
2214,,-104.9874483,39.7582698,POINT (-104.9874483 39.7582698)
2215,,-104.9862206,39.7592236,POINT (-104.9862206 39.7592236)
2216,,-104.9850162,39.760155,POINT (-104.9850162 39.760155)
2217,,-104.9858854,39.7608225,POINT (-104.9858854 39.7608225)
2218,,-104.9841457,39.7594865,POINT (-104.9841457 39.7594865)
2219,,-104.9838,39.7610955,POINT (-104.9838 39.7610955)
2220,,-104.9825916,39.76203,POINT (-104.9825916 39.76203)
2221,,-104.9813848,39.7629632,POINT (-104.9813848 39.7629632)
2222,,-104.980178,39.7638965,POINT (-104.980178 39.7638965)
2223,,-104.9789817,39.7648216,POINT (-104.9789817 39.7648216)
2224,,-104.9777733,39.7657559,POINT (-104.9777733 39.7657559)
2225,,-104.9765766,39.7666852,POINT (-104.9765766 39.7666852)
2226,,-104.9740676,39.7719103,POINT (-104.9740676 39.7719103)
2227,,-104.9721135,39.7681755,POINT (-104.9721135 39.7681755)
2228,,-104.969739,39.7719884,POINT (-104.969739 39.7719884)
2229,,-104.9684086,39.7713604,POINT (-104.9684086 39.7713604)
2230,,-104.9684049,39.7729095,POINT (-104.9684049 39.7729095)
2231,,-105.0139689,39.7423726,POINT (-105.0139689 39.7423726)
2232,,-105.0152076,39.7413387,POINT (-105.0152076 39.7413387)
2233,,-105.0124026,39.7430088,POINT (-105.0124026 39.7430088)
2234,,-105.0026615,39.7476216,POINT (-105.0026615 39.7476216)
2235,,-105.0023143,39.7476847,POINT (-105.0023143 39.7476847)
2236,,-105.001433,39.7464083,POINT (-105.001433 39.7464083)
2237,,-105.0018242,39.6821747,POINT (-105.0018242 39.6821747)
2238,,-105.0002641,39.6892076,POINT (-105.0002641 39.6892076)
2239,,-105.0089185,39.6822757,POINT (-105.0089185 39.6822757)
2240,,-105.0099887,39.6822892,POINT (-105.0099887 39.6822892)
2241,,-105.0110428,39.6823016,POINT (-105.0110428 39.6823016)
2242,,-105.0128935,39.6823212,POINT (-105.0128935 39.6823212)
2243,,-105.0138082,39.6823346,POINT (-105.0138082 39.6823346)
2244,,-105.013379,39.6823284,POINT (-105.013379 39.6823284)
2245,,-105.0147416,39.6823408,POINT (-105.0147416 39.6823408)
2246,,-105.0156897,39.682348,POINT (-105.0156897 39.682348)
2247,,-105.0168632,39.6823253,POINT (-105.0168632 39.6823253)
2248,,-105.0180273,39.6823253,POINT (-105.0180273 39.6823253)
2249,,-105.01919,39.6823139,POINT (-105.01919 39.6823139)
2250,,-105.023739,39.6822819,POINT (-105.023739 39.6822819)
2251,,-105.0251179,39.6822732,POINT (-105.0251179 39.6822732)
2252,,-105.0249694,39.6822739,POINT (-105.0249694 39.6822739)
2253,,-105.0259548,39.6822696,POINT (-105.0259548 39.6822696)
2254,,-105.0251292,39.6786502,POINT (-105.0251292 39.6786502)
2255,,-105.026212,39.6822685,POINT (-105.026212 39.6822685)
2256,,-105.0273721,39.6822603,POINT (-105.0273721 39.6822603)
2257,,-105.0275245,39.6822591,POINT (-105.0275245 39.6822591)
2258,,-105.0283074,39.6822527,POINT (-105.0283074 39.6822527)
2259,,-105.0309433,39.6822288,POINT (-105.0309433 39.6822288)
2260,,-105.0320857,39.6822157,POINT (-105.0320857 39.6822157)
2261,,-105.0332264,39.6822156,POINT (-105.0332264 39.6822156)
2262,,-105.0343499,39.6822065,POINT (-105.0343499 39.6822065)
2263,,-105.0343721,39.6846329,POINT (-105.0343721 39.6846329)
2264,,-105.034381,39.6786246,POINT (-105.034381 39.6786246)
2265,,-105.0353284,39.6822065,POINT (-105.0353284 39.6822065)
2266,,-105.0362496,39.6822116,POINT (-105.0362496 39.6822116)
2267,,-105.0371803,39.6822095,POINT (-105.0371803 39.6822095)
2268,,-105.0382895,39.6822131,POINT (-105.0382895 39.6822131)
2269,,-105.0391993,39.6822197,POINT (-105.0391993 39.6822197)
2270,,-105.0402722,39.6822197,POINT (-105.0402722 39.6822197)
2271,,-105.0412773,39.6822156,POINT (-105.0412773 39.6822156)
2272,,-104.9146393,39.6675929,POINT (-104.9146393 39.6675929)
2273,,-104.9156143,39.6675949,POINT (-104.9156143 39.6675949)
2274,,-105.0442533,39.6846989,POINT (-105.0442533 39.6846989)
2275,,-105.0452246,39.6822395,POINT (-105.0452246 39.6822395)
2276,,-105.0461294,39.6822491,POINT (-105.0461294 39.6822491)
2277,,-105.0500426,39.6822674,POINT (-105.0500426 39.6822674)
2278,,-105.0508981,39.6822725,POINT (-105.0508981 39.6822725)
2279,,-105.0510805,39.6822735,POINT (-105.0510805 39.6822735)
2280,,-104.9874952,39.6821428,POINT (-104.9874952 39.6821428)
2281,,-104.987489,39.6839633,POINT (-104.987489 39.6839633)
2282,,-104.9570442,39.7819514,POINT (-104.9570442 39.7819514)
2283,,-104.9560869,39.7837586,POINT (-104.9560869 39.7837586)
2284,,-104.9581504,39.7819575,POINT (-104.9581504 39.7819575)
2285,,-104.9560822,39.7819461,POINT (-104.9560822 39.7819461)
2286,,-104.957008,39.7933166,POINT (-104.957008 39.7933166)
2287,,-104.9592396,39.7916405,POINT (-104.9592396 39.7916405)
2288,,-104.9563201,39.7938832,POINT (-104.9563201 39.7938832)
2289,,-104.9573552,39.7544587,POINT (-104.9573552 39.7544587)
2290,,-104.956128,39.7544559,POINT (-104.956128 39.7544559)
2291,,-104.9585835,39.7544616,POINT (-104.9585835 39.7544616)
2292,,-104.9573534,39.7569729,POINT (-104.9573534 39.7569729)
2293,,-104.9585804,39.7569739,POINT (-104.9585804 39.7569739)
2294,,-104.95612,39.7569728,POINT (-104.95612 39.7569728)
2295,,-104.9573525,39.7582248,POINT (-104.9573525 39.7582248)
2296,,-104.9585788,39.7582223,POINT (-104.9585788 39.7582223)
2297,,-104.9561197,39.7582231,POINT (-104.9561197 39.7582231)
2298,,-104.9573498,39.761983,POINT (-104.9573498 39.761983)
2299,,-104.9585742,39.7619849,POINT (-104.9585742 39.7619849)
2300,,-104.9733508,39.763069,POINT (-104.9733508 39.763069)
2301,,-104.9573398,39.7681322,POINT (-104.9573398 39.7681322)
2302,,-104.9559484,39.7681293,POINT (-104.9559484 39.7681293)
2303,,-104.9585665,39.7681425,POINT (-104.9585665 39.7681425)
2304,,-104.9574566,39.7351441,POINT (-104.9574566 39.7351441)
2305,,-104.9562945,39.7351443,POINT (-104.9562945 39.7351443)
2306,,-104.912967,39.6676198,POINT (-104.912967 39.6676198)
2307,,-104.9574441,39.736816,POINT (-104.9574441 39.736816)
2308,,-104.9586095,39.7368222,POINT (-104.9586095 39.7368222)
2309,,-104.9574367,39.7383776,POINT (-104.9574367 39.7383776)
2310,,-104.9562793,39.7383753,POINT (-104.9562793 39.7383753)
2311,,-104.9574156,39.7401986,POINT (-104.9574156 39.7401986)
2312,,-104.9587947,39.7401246,POINT (-104.9587947 39.7401246)
2313,,-104.9562857,39.7401929,POINT (-104.9562857 39.7401929)
2314,,-104.9578649,39.7256122,POINT (-104.9578649 39.7256122)
2315,,-104.9570575,39.7256104,POINT (-104.9570575 39.7256104)
2316,,-104.9578878,39.7291123,POINT (-104.9578878 39.7291123)
2317,,-104.9590433,39.7291091,POINT (-104.9590433 39.7291091)
2318,,-104.9570557,39.7209786,POINT (-104.9570557 39.7209786)
2319,,-104.9582593,39.7209824,POINT (-104.9582593 39.7209824)
2320,,-104.9558435,39.7209802,POINT (-104.9558435 39.7209802)
2321,,-104.9571597,39.7728997,POINT (-104.9571597 39.7728997)
2322,,-104.9593868,39.7727652,POINT (-104.9593868 39.7727652)
2323,,-104.9567157,39.7256123,POINT (-104.9567157 39.7256123)
2324,,-105.0347493,39.6360562,POINT (-105.0347493 39.6360562)
2325,,-105.0347413,39.636525,POINT (-105.0347413 39.636525)
2326,,-105.0347511,39.6353583,POINT (-105.0347511 39.6353583)
2327,,-104.9763622,39.7628153,POINT (-104.9763622 39.7628153)
2328,,-104.9349199,39.7256151,POINT (-104.9349199 39.7256151)
2329,,-104.9339973,39.7292323,POINT (-104.9339973 39.7292323)
2330,,-104.9338284,39.7292284,POINT (-104.9338284 39.7292284)
2331,,-104.9349248,39.7292328,POINT (-104.9349248 39.7292328)
2332,,-104.9338148,39.7253138,POINT (-104.9338148 39.7253138)
2333,,-104.935053,39.7510511,POINT (-104.935053 39.7510511)
2334,,-104.9350204,39.7546762,POINT (-104.9350204 39.7546762)
2335,,-104.9350127,39.7583149,POINT (-104.9350127 39.7583149)
2336,,-104.9350278,39.7619977,POINT (-104.9350278 39.7619977)
2337,,-104.9356129,39.7656394,POINT (-104.9356129 39.7656394)
2338,,-104.9338559,39.7333761,POINT (-104.9338559 39.7333761)
2339,,-104.935002,39.7337234,POINT (-104.935002 39.7337234)
2340,,-104.9349993,39.7364885,POINT (-104.9349993 39.7364885)
2341,,-104.9338583,39.7383086,POINT (-104.9338583 39.7383086)
2342,,-104.933845,39.7400904,POINT (-104.933845 39.7400904)
2343,,-104.9769071,39.7650943,POINT (-104.9769071 39.7650943)
2344,,-104.9781154,39.7641582,POINT (-104.9781154 39.7641582)
2345,,-104.9935434,39.7148163,POINT (-104.9935434 39.7148163)
2346,,-104.993998,39.7148135,POINT (-104.993998 39.7148135)
2347,,-104.9923713,39.7148201,POINT (-104.9923713 39.7148201)
2348,,-104.9951812,39.7166046,POINT (-104.9951812 39.7166046)
2349,,-104.9757084,39.7660229,POINT (-104.9757084 39.7660229)
2350,,-104.9951859,39.7148071,POINT (-104.9951859 39.7148071)
2351,,-105.0251293,39.6637376,POINT (-105.0251293 39.6637376)
2352,,-105.0251198,39.665042,POINT (-105.0251198 39.665042)
2353,,-105.025141,39.6621288,POINT (-105.025141 39.6621288)
2354,,-105.0784248,39.6646955,POINT (-105.0784248 39.6646955)
2355,,-105.078605,39.6652902,POINT (-105.078605 39.6652902)
2356,,-105.0440582,39.6625349,POINT (-105.0440582 39.6625349)
2357,,-105.0440496,39.660447,POINT (-105.0440496 39.660447)
2358,,-105.0435861,39.6641075,POINT (-105.0435861 39.6641075)
2359,,-104.9152196,39.6748388,POINT (-104.9152196 39.6748388)
2360,,-104.914097,39.6748423,POINT (-104.914097 39.6748423)
2361,,-105.0344829,39.7329639,POINT (-105.0344829 39.7329639)
2362,,-105.0346332,39.7329648,POINT (-105.0346332 39.7329648)
2363,,-105.0333093,39.7329571,POINT (-105.0333093 39.7329571)
2364,,-105.0351423,39.7329683,POINT (-105.0351423 39.7329683)
2365,,-105.0358107,39.7329729,POINT (-105.0358107 39.7329729)
2366,,-105.0346192,39.7512045,POINT (-105.0346192 39.7512045)
2367,,-105.0330961,39.7512037,POINT (-105.0330961 39.7512037)
2368,,-105.034621,39.7521153,POINT (-105.034621 39.7521153)
2369,,-105.0346245,39.7539305,POINT (-105.0346245 39.7539305)
2370,,-104.9175636,39.674837,POINT (-104.9175636 39.674837)
2371,,-105.0346264,39.7548572,POINT (-105.0346264 39.7548572)
2372,,-105.0346259,39.7566739,POINT (-105.0346259 39.7566739)
2373,,-105.0346269,39.7603355,POINT (-105.0346269 39.7603355)
2374,,-105.0346276,39.761242,POINT (-105.0346276 39.761242)
2375,,-105.0346262,39.7594443,POINT (-105.0346262 39.7594443)
2376,,-105.0346283,39.7621285,POINT (-105.0346283 39.7621285)
2377,,-105.034632,39.7629903,POINT (-105.034632 39.7629903)
2378,,-105.0346365,39.7639392,POINT (-105.0346365 39.7639392)
2379,,-105.0346405,39.7647814,POINT (-105.0346405 39.7647814)
2380,,-105.0346415,39.7649796,POINT (-105.0346415 39.7649796)
2381,,-105.0346451,39.765748,POINT (-105.0346451 39.765748)
2382,,-105.0346486,39.7664841,POINT (-105.0346486 39.7664841)
2383,,-105.034653,39.7674036,POINT (-105.034653 39.7674036)
2384,,-104.8914487,39.6654112,POINT (-104.8914487 39.6654112)
2385,,-105.0346525,39.7683262,POINT (-105.0346525 39.7683262)
2386,,-105.0346543,39.7676771,POINT (-105.0346543 39.7676771)
2387,,-105.0346092,39.7749916,POINT (-105.0346092 39.7749916)
2388,,-105.0346106,39.7767434,POINT (-105.0346106 39.7767434)
2389,,-105.0346158,39.7734975,POINT (-105.0346158 39.7734975)
2390,,-105.0334118,39.7767304,POINT (-105.0334118 39.7767304)
2391,,-105.0346154,39.7779614,POINT (-105.0346154 39.7779614)
2392,,-105.035785,39.7767344,POINT (-105.035785 39.7767344)
2393,,-105.0346036,39.7810837,POINT (-105.0346036 39.7810837)
2394,,-105.0345998,39.7892563,POINT (-105.0345998 39.7892563)
2395,,-104.9465292,39.7401612,POINT (-104.9465292 39.7401612)
2396,,-104.9461725,39.7401595,POINT (-104.9461725 39.7401595)
2397,,-104.9472746,39.740161,POINT (-104.9472746 39.740161)
2398,,-104.9462669,39.7619228,POINT (-104.9462669 39.7619228)
2399,,-104.9474853,39.7619327,POINT (-104.9474853 39.7619327)
2400,,-104.9462625,39.768101,POINT (-104.9462625 39.768101)
2401,,-104.9451653,39.7681004,POINT (-104.9451653 39.7681004)
2402,,-104.9474935,39.7681089,POINT (-104.9474935 39.7681089)
2403,,-104.946175,39.7162421,POINT (-104.946175 39.7162421)
2404,,-104.9461833,39.7178097,POINT (-104.9461833 39.7178097)
2405,,-104.9473752,39.7162459,POINT (-104.9473752 39.7162459)
2406,,-104.9449634,39.7178023,POINT (-104.9449634 39.7178023)
2407,,-104.9473666,39.7178126,POINT (-104.9473666 39.7178126)
2408,,-104.9462021,39.7209671,POINT (-104.9462021 39.7209671)
2409,,-104.9449591,39.7209686,POINT (-104.9449591 39.7209686)
2410,,-104.9473677,39.7209707,POINT (-104.9473677 39.7209707)
2411,,-104.9462005,39.7256108,POINT (-104.9462005 39.7256108)
2412,,-104.9450503,39.7256083,POINT (-104.9450503 39.7256083)
2413,,-104.9462171,39.7291195,POINT (-104.9462171 39.7291195)
2414,,-104.9473037,39.7291272,POINT (-104.9473037 39.7291272)
2415,,-105.0099657,39.7835467,POINT (-105.0099657 39.7835467)
2416,,-105.021826,39.7840053,POINT (-105.021826 39.7840053)
2417,,-104.9461864,39.735119,POINT (-104.9461864 39.735119)
2418,,-104.9461879,39.7367665,POINT (-104.9461879 39.7367665)
2419,,-104.945095,39.7351159,POINT (-104.945095 39.7351159)
2420,,-104.947281,39.7351226,POINT (-104.947281 39.7351226)
2421,,-104.9472799,39.7367687,POINT (-104.9472799 39.7367687)
2422,,-104.9461678,39.7383376,POINT (-104.9461678 39.7383376)
2423,,-104.9450688,39.7383312,POINT (-104.9450688 39.7383312)
2424,,-104.9453695,39.7401551,POINT (-104.9453695 39.7401551)
2425,,-104.9459053,39.7619203,POINT (-104.9459053 39.7619203)
2426,,-105.0531847,39.724091,POINT (-105.0531847 39.724091)
2427,,-105.0531899,39.7249141,POINT (-105.0531899 39.7249141)
2428,,-104.9464962,39.7544334,POINT (-104.9464962 39.7544334)
2429,,-104.9453079,39.7544307,POINT (-104.9453079 39.7544307)
2430,,-104.9476633,39.7544362,POINT (-104.9476633 39.7544362)
2431,,-104.946482,39.7569525,POINT (-104.946482 39.7569525)
2432,,-104.9453036,39.7569471,POINT (-104.9453036 39.7569471)
2433,,-104.9476565,39.7569563,POINT (-104.9476565 39.7569563)
2434,,-104.9464815,39.7582065,POINT (-104.9464815 39.7582065)
2435,,-104.9476585,39.758209,POINT (-104.9476585 39.758209)
2436,,-104.9453105,39.7582036,POINT (-104.9453105 39.7582036)
2437,,-105.0532594,39.7312974,POINT (-105.0532594 39.7312974)
2438,,-105.0532556,39.7331123,POINT (-105.0532556 39.7331123)
2439,,-105.0532568,39.7295518,POINT (-105.0532568 39.7295518)
2440,,-104.8356751,39.7910216,POINT (-104.8356751 39.7910216)
2441,,-104.8356107,39.7908919,POINT (-104.8356107 39.7908919)
2442,,-104.8355442,39.7909997,POINT (-104.8355442 39.7909997)
2443,,-104.8354916,39.7924857,POINT (-104.8354916 39.7924857)
2444,,-104.8354791,39.7932275,POINT (-104.8354791 39.7932275)
2445,,-104.8354514,39.7955432,POINT (-104.8354514 39.7955432)
2446,,-104.8354424,39.7962373,POINT (-104.8354424 39.7962373)
2447,,-104.8353876,39.7981019,POINT (-104.8353876 39.7981019)
2448,,-104.830727,39.7980689,POINT (-104.830727 39.7980689)
2449,,-104.8356279,39.7981038,POINT (-104.8356279 39.7981038)
2450,,-105.0532341,39.7367637,POINT (-105.0532341 39.7367637)
2451,,-104.9222791,39.7162583,POINT (-104.9222791 39.7162583)
2452,,-104.9222534,39.7210447,POINT (-104.9222534 39.7210447)
2453,,-104.9227856,39.7231786,POINT (-104.9227856 39.7231786)
2454,,-104.9228013,39.7256292,POINT (-104.9228013 39.7256292)
2455,,-105.0522117,39.7331061,POINT (-105.0522117 39.7331061)
2456,,-104.9218181,39.7253345,POINT (-104.9218181 39.7253345)
2457,,-104.9228015,39.7280671,POINT (-104.9228015 39.7280671)
2458,,-104.9223109,39.7292541,POINT (-104.9223109 39.7292541)
2459,,-104.9216722,39.7292604,POINT (-104.9216722 39.7292604)
2460,,-105.0532256,39.738505,POINT (-105.0532256 39.738505)
2461,,-104.9223361,39.7366744,POINT (-104.9223361 39.7366744)
2462,,-104.922666,39.7365538,POINT (-104.922666 39.7365538)
2463,,-104.9216804,39.7383296,POINT (-104.9216804 39.7383296)
2464,,-104.9216838,39.740097,POINT (-104.9216838 39.740097)
2465,,-105.05323,39.7397011,POINT (-105.05323 39.7397011)
2466,,-104.9223,39.7528771,POINT (-104.9223 39.7528771)
2467,,-104.9211151,39.7510766,POINT (-104.9211151 39.7510766)
2468,,-104.9222818,39.7620038,POINT (-104.9222818 39.7620038)
2469,,-104.9222961,39.7628776,POINT (-104.9222961 39.7628776)
2470,,-104.9223074,39.763797,POINT (-104.9223074 39.763797)
2471,,-104.9211317,39.7656195,POINT (-104.9211317 39.7656195)
2472,,-104.9211319,39.7692353,POINT (-104.9211319 39.7692353)
2473,,-104.9223236,39.7710387,POINT (-104.9223236 39.7710387)
2474,,-104.9223201,39.7745171,POINT (-104.9223201 39.7745171)
2475,,-104.9175992,39.7738209,POINT (-104.9175992 39.7738209)
2476,,-104.9223055,39.7751165,POINT (-104.9223055 39.7751165)
2477,,-104.9223084,39.7775599,POINT (-104.9223084 39.7775599)
2478,,-104.922361,39.7780711,POINT (-104.922361 39.7780711)
2479,,-104.922194,39.7780578,POINT (-104.922194 39.7780578)
2480,,-105.0531612,39.741938,POINT (-105.0531612 39.741938)
2481,,-105.0531915,39.7425016,POINT (-105.0531915 39.7425016)
2482,,-104.922306,39.7787618,POINT (-104.922306 39.7787618)
2483,,-104.9246576,39.7790919,POINT (-104.9246576 39.7790919)
2484,,-104.9222852,39.7811747,POINT (-104.9222852 39.7811747)
2485,,-104.9222953,39.7796821,POINT (-104.9222953 39.7796821)
2486,,-104.9199462,39.7837727,POINT (-104.9199462 39.7837727)
2487,,-104.9200427,39.7837722,POINT (-104.9200427 39.7837722)
2488,,-104.9177117,39.7838017,POINT (-104.9177117 39.7838017)
2489,,-104.9894316,39.7486371,POINT (-104.9894316 39.7486371)
2490,,-104.9882254,39.7495753,POINT (-104.9882254 39.7495753)
2491,,-104.9886094,39.7479695,POINT (-104.9886094 39.7479695)
2492,,-105.0532236,39.7421897,POINT (-105.0532236 39.7421897)
2493,,-105.0531857,39.7417454,POINT (-105.0531857 39.7417454)
2494,,-104.991519,39.7483918,POINT (-104.991519 39.7483918)
2495,,-104.9929197,39.7513332,POINT (-104.9929197 39.7513332)
2496,,-104.993798,39.7520123,POINT (-104.993798 39.7520123)
2497,,-104.9950021,39.7510699,POINT (-104.9950021 39.7510699)
2498,,-104.9946844,39.7526835,POINT (-104.9946844 39.7526835)
2499,,-104.9934602,39.7536258,POINT (-104.9934602 39.7536258)
2500,,-104.9987465,39.7557902,POINT (-104.9987465 39.7557902)
2501,,-104.9983381,39.7560165,POINT (-104.9983381 39.7560165)
2502,,-105.0002586,39.7550606,POINT (-105.0002586 39.7550606)
2503,,-105.0532055,39.7426917,POINT (-105.0532055 39.7426917)
2504,,-104.9640641,39.6785112,POINT (-104.9640641 39.6785112)
2505,,-104.9652421,39.6785163,POINT (-104.9652421 39.6785163)
2506,,-105.0532203,39.7439912,POINT (-105.0532203 39.7439912)
2507,,-105.0532374,39.7476082,POINT (-105.0532374 39.7476082)
2508,,-104.9640554,39.6965863,POINT (-104.9640554 39.6965863)
2509,,-104.9628968,39.6965851,POINT (-104.9628968 39.6965851)
2510,,-104.9652055,39.6965875,POINT (-104.9652055 39.6965875)
2511,,-105.0520878,39.7439893,POINT (-105.0520878 39.7439893)
2512,,-104.964072,39.6929627,POINT (-104.964072 39.6929627)
2513,,-104.9629257,39.6929755,POINT (-104.9629257 39.6929755)
2514,,-104.9652317,39.6929585,POINT (-104.9652317 39.6929585)
2515,,-105.0532384,39.749447,POINT (-105.0532384 39.749447)
2516,,-105.0532375,39.7476771,POINT (-105.0532375 39.7476771)
2517,,-104.9275332,39.6929858,POINT (-104.9275332 39.6929858)
2518,,-104.9284217,39.6893482,POINT (-104.9284217 39.6893482)
2519,,-105.0532489,39.7569332,POINT (-105.0532489 39.7569332)
2520,,-105.0532501,39.758473,POINT (-105.0532501 39.758473)
2521,,-105.0520865,39.7584755,POINT (-105.0520865 39.7584755)
2522,,-104.9285247,39.6529868,POINT (-104.9285247 39.6529868)
2523,,-105.0532515,39.7602913,POINT (-105.0532515 39.7602913)
2524,,-105.0532503,39.7620927,POINT (-105.0532503 39.7620927)
2525,,-104.9164341,39.6984372,POINT (-104.9164341 39.6984372)
2526,,-104.9152671,39.6984388,POINT (-104.9152671 39.6984388)
2527,,-104.9175928,39.6984355,POINT (-104.9175928 39.6984355)
2528,,-104.9141153,39.6984391,POINT (-104.9141153 39.6984391)
2529,,-104.9129118,39.6984316,POINT (-104.9129118 39.6984316)
2530,,-104.9687061,39.6983852,POINT (-104.9687061 39.6983852)
2531,,-104.9687065,39.6965893,POINT (-104.9687065 39.6965893)
2532,,-104.9687225,39.7002324,POINT (-104.9687225 39.7002324)
2533,,-105.0532504,39.7629953,POINT (-105.0532504 39.7629953)
2534,,-104.9617519,39.6983894,POINT (-104.9617519 39.6983894)
2535,,-104.9617494,39.6965795,POINT (-104.9617494 39.6965795)
2536,,-104.9605778,39.6983918,POINT (-104.9605778 39.6983918)
2537,,-104.9593405,39.6983928,POINT (-104.9593405 39.6983928)
2538,,-104.9593365,39.6965873,POINT (-104.9593365 39.6965873)
2539,,-104.9593424,39.7002193,POINT (-104.9593424 39.7002193)
2540,,-105.0526226,39.762094,POINT (-105.0526226 39.762094)
2541,,-104.9205983,39.6987607,POINT (-104.9205983 39.6987607)
2542,,-104.9195915,39.6987586,POINT (-104.9195915 39.6987586)
2543,,-104.9216345,39.6987602,POINT (-104.9216345 39.6987602)
2544,,-104.9185858,39.6987623,POINT (-104.9185858 39.6987623)
2545,,-104.9175929,39.6987619,POINT (-104.9175929 39.6987619)
2546,,-105.0532505,39.7639046,POINT (-105.0532505 39.7639046)
2547,,-104.9827865,39.6984127,POINT (-104.9827865 39.6984127)
2548,,-104.9827879,39.6978794,POINT (-104.9827879 39.6978794)
2549,,-104.9827991,39.7000081,POINT (-104.9827991 39.7000081)
2550,,-104.9734042,39.6984283,POINT (-104.9734042 39.6984283)
2551,,-104.9734078,39.696611,POINT (-104.9734078 39.696611)
2552,,-104.9734023,39.7002105,POINT (-104.9734023 39.7002105)
2553,,-105.0532506,39.764818,POINT (-105.0532506 39.764818)
2554,,-105.0532507,39.7657119,POINT (-105.0532507 39.7657119)
2555,,-104.8472319,39.7928677,POINT (-104.8472319 39.7928677)
2556,,-104.8472039,39.7907106,POINT (-104.8472039 39.7907106)
2557,,-104.8890609,39.6322667,POINT (-104.8890609 39.6322667)
2558,,-104.8859832,39.6314034,POINT (-104.8859832 39.6314034)
2559,,-105.0532508,39.7666208,POINT (-105.0532508 39.7666208)
2560,,-104.8171723,39.7910244,POINT (-104.8171723 39.7910244)
2561,,-104.8157046,39.7911365,POINT (-104.8157046 39.7911365)
2562,,-104.8148377,39.7909651,POINT (-104.8148377 39.7909651)
2563,,-104.8122542,39.7904111,POINT (-104.8122542 39.7904111)
2564,,-104.811456,39.790266,POINT (-104.811456 39.790266)
2565,,-104.8105634,39.7902594,POINT (-104.8105634 39.7902594)
2566,,-104.8097831,39.7902529,POINT (-104.8097831 39.7902529)
2567,,-104.8097853,39.787872,POINT (-104.8097853 39.787872)
2568,,-104.8095764,39.7902554,POINT (-104.8095764 39.7902554)
2569,,-104.8067391,39.7900991,POINT (-104.8067391 39.7900991)
2570,,-104.8054532,39.7895259,POINT (-104.8054532 39.7895259)
2571,,-104.8095731,39.7904304,POINT (-104.8095731 39.7904304)
2572,,-104.9757573,39.7546246,POINT (-104.9757573 39.7546246)
2573,,-104.9748264,39.7546245,POINT (-104.9748264 39.7546245)
2574,,-104.9769609,39.7546247,POINT (-104.9769609 39.7546247)
2575,,-104.9708843,39.7544897,POINT (-104.9708843 39.7544897)
2576,,-105.0532509,39.7675225,POINT (-105.0532509 39.7675225)
2577,,-104.9696598,39.7544886,POINT (-104.9696598 39.7544886)
2578,,-104.9696613,39.7557441,POINT (-104.9696613 39.7557441)
2579,,-104.9696582,39.7532399,POINT (-104.9696582 39.7532399)
2580,,-104.9684173,39.7544874,POINT (-104.9684173 39.7544874)
2581,,-104.9671806,39.7544863,POINT (-104.9671806 39.7544863)
2582,,-104.9659664,39.7557387,POINT (-104.9659664 39.7557387)
2583,,-104.9622336,39.7544691,POINT (-104.9622336 39.7544691)
2584,,-104.9609974,39.7544705,POINT (-104.9609974 39.7544705)
2585,,-104.9597703,39.7544654,POINT (-104.9597703 39.7544654)
2586,,-105.0532514,39.7693324,POINT (-105.0532514 39.7693324)
2587,,-104.959773,39.753215,POINT (-104.959773 39.753215)
2588,,-104.9597676,39.7557258,POINT (-104.9597676 39.7557258)
2589,,-104.9499348,39.7544414,POINT (-104.9499348 39.7544414)
2590,,-104.949938,39.7557186,POINT (-104.949938 39.7557186)
2591,,-104.9488473,39.7544389,POINT (-104.9488473 39.7544389)
2592,,-105.0520878,39.7693401,POINT (-105.0520878 39.7693401)
2593,,-104.9441342,39.7544279,POINT (-104.9441342 39.7544279)
2594,,-104.9429727,39.7544252,POINT (-104.9429727 39.7544252)
2595,,-105.053251,39.7698056,POINT (-105.053251 39.7698056)
2596,,-104.940717,39.7545059,POINT (-104.940717 39.7545059)
2597,,-104.9405465,39.7545765,POINT (-104.9405465 39.7545765)
2598,,-104.9407746,39.7510391,POINT (-104.9407746 39.7510391)
2599,,-104.9394332,39.7546696,POINT (-104.9394332 39.7546696)
2600,,-104.9383289,39.7546712,POINT (-104.9383289 39.7546712)
2601,,-104.9372365,39.7546729,POINT (-104.9372365 39.7546729)
2602,,-104.9361309,39.7546745,POINT (-104.9361309 39.7546745)
2603,,-104.9305402,39.7546829,POINT (-104.9305402 39.7546829)
2604,,-104.9293701,39.7546846,POINT (-104.9293701 39.7546846)
2605,,-105.0532528,39.7711458,POINT (-105.0532528 39.7711458)
2606,,-105.0532524,39.7729503,POINT (-105.0532524 39.7729503)
2607,,-104.9163579,39.7547108,POINT (-104.9163579 39.7547108)
2608,,-104.9151696,39.7547107,POINT (-104.9151696 39.7547107)
2609,,-104.9139944,39.7547076,POINT (-104.9139944 39.7547076)
2610,,-104.9128272,39.7547093,POINT (-104.9128272 39.7547093)
2611,,-104.9127514,39.752891,POINT (-104.9127514 39.752891)
2612,,-104.9123619,39.7565742,POINT (-104.9123619 39.7565742)
2613,,-105.0520904,39.7729505,POINT (-105.0520904 39.7729505)
2614,,-104.9069434,39.7547181,POINT (-104.9069434 39.7547181)
2615,,-104.9081615,39.7533962,POINT (-104.9081615 39.7533962)
2616,,-104.908139,39.7565838,POINT (-104.908139 39.7565838)
2617,,-104.9057825,39.7547198,POINT (-104.9057825 39.7547198)
2618,,-105.0532538,39.7747601,POINT (-105.0532538 39.7747601)
2619,,-104.9046202,39.7547252,POINT (-104.9046202 39.7547252)
2620,,-104.9033916,39.754731,POINT (-104.9033916 39.754731)
2621,,-104.8752196,39.7547754,POINT (-104.8752196 39.7547754)
2622,,-104.8742985,39.754777,POINT (-104.8742985 39.754777)
2623,,-104.8768355,39.7547725,POINT (-104.8768355 39.7547725)
2624,,-104.9128882,39.6857146,POINT (-104.9128882 39.6857146)
2625,,-105.0532549,39.7762492,POINT (-105.0532549 39.7762492)
2626,,-104.9120913,39.6540705,POINT (-104.9120913 39.6540705)
2627,,-104.9110287,39.6540735,POINT (-104.9110287 39.6540735)
2628,,-104.9129262,39.6540703,POINT (-104.9129262 39.6540703)
2629,,-104.9119009,39.6820696,POINT (-104.9119009 39.6820696)
2630,,-104.911032,39.682073,POINT (-104.911032 39.682073)
2631,,-104.9128116,39.6820714,POINT (-104.9128116 39.6820714)
2632,,-105.053257,39.7765658,POINT (-105.053257 39.7765658)
2633,,-105.053256,39.7783782,POINT (-105.053256 39.7783782)
2634,,-104.9183661,39.6893635,POINT (-104.9183661 39.6893635)
2635,,-104.917129,39.6893623,POINT (-104.917129 39.6893623)
2636,,-104.9194066,39.6893624,POINT (-104.9194066 39.6893624)
2637,,-105.052093,39.7765702,POINT (-105.052093 39.7765702)
2638,,-105.0532546,39.7802058,POINT (-105.0532546 39.7802058)
2639,,-105.0532541,39.7808543,POINT (-105.0532541 39.7808543)
2640,,-104.9283056,39.7253241,POINT (-104.9283056 39.7253241)
2641,,-104.9294062,39.7256215,POINT (-104.9294062 39.7256215)
2642,,-104.9294207,39.7292381,POINT (-104.9294207 39.7292381)
2643,,-104.9292816,39.7292398,POINT (-104.9292816 39.7292398)
2644,,-104.928112,39.7313841,POINT (-104.928112 39.7313841)
2645,,-104.9292811,39.7320975,POINT (-104.9292811 39.7320975)
2646,,-105.053242,39.781496,POINT (-105.053242 39.781496)
2647,,-104.9292265,39.7364909,POINT (-104.9292265 39.7364909)
2648,,-104.9280843,39.7383006,POINT (-104.9280843 39.7383006)
2649,,-105.0531814,39.7819848,POINT (-105.0531814 39.7819848)
2650,,-104.929234,39.7400952,POINT (-104.929234 39.7400952)
2651,,-104.9280825,39.7400958,POINT (-104.9280825 39.7400958)
2652,,-105.0532529,39.7888365,POINT (-105.0532529 39.7888365)
2653,,-105.0532471,39.7910541,POINT (-105.0532471 39.7910541)
2654,,-104.93185,39.7619938,POINT (-104.93185 39.7619938)
2655,,-105.0532608,39.7857941,POINT (-105.0532608 39.7857941)
2656,,-104.9034558,39.7419786,POINT (-104.9034558 39.7419786)
2657,,-104.9034562,39.7426133,POINT (-104.9034562 39.7426133)
2658,,-104.9804192,39.6945387,POINT (-104.9804192 39.6945387)
2659,,-104.9797749,39.693986,POINT (-104.9797749 39.693986)
2660,,-104.9804307,39.6929978,POINT (-104.9804307 39.6929978)
2661,,-104.9034556,39.7414808,POINT (-104.9034556 39.7414808)
2662,,-104.979276,39.6929893,POINT (-104.979276 39.6929893)
2663,,-104.9804443,39.6911638,POINT (-104.9804443 39.6911638)
2664,,-104.9815935,39.693003,POINT (-104.9815935 39.693003)
2665,,-104.980441,39.6893957,POINT (-104.980441 39.6893957)
2666,,-104.9804489,39.687582,POINT (-104.9804489 39.687582)
2667,,-104.979287,39.6893935,POINT (-104.979287 39.6893935)
2668,,-104.9816024,39.689398,POINT (-104.9816024 39.689398)
2669,,-104.9792896,39.6875786,POINT (-104.9792896 39.6875786)
2670,,-104.9816142,39.6875775,POINT (-104.9816142 39.6875775)
2671,,-104.9804686,39.6857676,POINT (-104.9804686 39.6857676)
2672,,-104.9804815,39.6839911,POINT (-104.9804815 39.6839911)
2673,,-104.9804976,39.6821578,POINT (-104.9804976 39.6821578)
2674,,-104.980507,39.6803426,POINT (-104.980507 39.6803426)
2675,,-104.980487,39.6785615,POINT (-104.980487 39.6785615)
2676,,-104.9816795,39.6786135,POINT (-104.9816795 39.6786135)
2677,,-104.9793389,39.6785507,POINT (-104.9793389 39.6785507)
2678,,-104.9804371,39.7020191,POINT (-104.9804371 39.7020191)
2679,,-104.9792686,39.7020276,POINT (-104.9792686 39.7020276)
2680,,-104.9815863,39.7020092,POINT (-104.9815863 39.7020092)
2681,,-104.9805353,39.6959923,POINT (-104.9805353 39.6959923)
2682,,-104.9812906,39.6966263,POINT (-104.9812906 39.6966263)
2683,,-104.9805002,39.6712812,POINT (-104.9805002 39.6712812)
2684,,-104.9798798,39.6712814,POINT (-104.9798798 39.6712814)
2685,,-104.9816734,39.6712766,POINT (-104.9816734 39.6712766)
2686,,-104.9558947,39.7153486,POINT (-104.9558947 39.7153486)
2687,,-104.9558006,39.7153376,POINT (-104.9558006 39.7153376)
2688,,-104.9551994,39.7152888,POINT (-104.9551994 39.7152888)
2689,,-104.9530479,39.7146801,POINT (-104.9530479 39.7146801)
2690,,-104.9558286,39.7154153,POINT (-104.9558286 39.7154153)
2691,,-104.9237588,39.6967952,POINT (-104.9237588 39.6967952)
2692,,-104.9242036,39.6970699,POINT (-104.9242036 39.6970699)
2693,,-104.9242757,39.6967331,POINT (-104.9242757 39.6967331)
2694,,-104.9222437,39.6959052,POINT (-104.9222437 39.6959052)
2695,,-104.8991755,39.6821114,POINT (-104.8991755 39.6821114)
2696,,-104.9034282,39.6848815,POINT (-104.9034282 39.6848815)
2697,,-104.946197,39.709422,POINT (-104.946197 39.709422)
2698,,-104.9446233,39.7081138,POINT (-104.9446233 39.7081138)
2699,,-104.9593253,39.7152966,POINT (-104.9593253 39.7152966)
2700,,-104.9590943,39.7152908,POINT (-104.9590943 39.7152908)
2701,,-104.9593358,39.714499,POINT (-104.9593358 39.714499)
2702,,-104.8841843,39.666348,POINT (-104.8841843 39.666348)
2703,,-104.8845565,39.6654853,POINT (-104.8845565 39.6654853)
2704,,-105.0209902,39.7238851,POINT (-105.0209902 39.7238851)
2705,,-105.0221361,39.7238814,POINT (-105.0221361 39.7238814)
2706,,-104.9569724,39.7022068,POINT (-104.9569724 39.7022068)
2707,,-104.9541972,39.7004617,POINT (-104.9541972 39.7004617)
2708,,-104.9544707,39.7009394,POINT (-104.9544707 39.7009394)
2709,,-104.9529479,39.6985517,POINT (-104.9529479 39.6985517)
2710,,-104.9522074,39.6980562,POINT (-104.9522074 39.6980562)
2711,,-104.9513653,39.6974928,POINT (-104.9513653 39.6974928)
2712,,-104.9504663,39.6968915,POINT (-104.9504663 39.6968915)
2713,,-104.9500131,39.696588,POINT (-104.9500131 39.696588)
2714,,-104.9505432,39.6965884,POINT (-104.9505432 39.6965884)
2715,,-104.9500208,39.6947591,POINT (-104.9500208 39.6947591)
2716,,-104.9488718,39.696587,POINT (-104.9488718 39.696587)
2717,,-104.9504085,39.6968529,POINT (-104.9504085 39.6968529)
2718,,-104.8345177,39.7816711,POINT (-104.8345177 39.7816711)
2719,,-104.8337452,39.7820009,POINT (-104.8337452 39.7820009)
2720,,-104.8356421,39.781183,POINT (-104.8356421 39.781183)
2721,,-104.9373365,39.684987,POINT (-104.9373365 39.684987)
2722,,-104.9316793,39.6849892,POINT (-104.9316793 39.6849892)
2723,,-104.8987684,39.7419836,POINT (-104.8987684 39.7419836)
2724,,-104.9874792,39.6857956,POINT (-104.9874792 39.6857956)
2725,,-104.8987786,39.7402156,POINT (-104.8987786 39.7402156)
2726,,-104.9828413,39.6839817,POINT (-104.9828413 39.6839817)
2727,,-104.9828481,39.682153,POINT (-104.9828481 39.682153)
2728,,-104.9828244,39.685777,POINT (-104.9828244 39.685777)
2729,,-104.9734367,39.6839794,POINT (-104.9734367 39.6839794)
2730,,-104.9734302,39.6857396,POINT (-104.9734302 39.6857396)
2731,,-104.9734224,39.6821493,POINT (-104.9734224 39.6821493)
2732,,-104.9687365,39.6839492,POINT (-104.9687365 39.6839492)
2733,,-104.9687333,39.6857208,POINT (-104.9687333 39.6857208)
2734,,-104.9687425,39.682121,POINT (-104.9687425 39.682121)
2735,,-104.8923653,39.6846699,POINT (-104.8923653 39.6846699)
2736,,-104.8949761,39.6874248,POINT (-104.8949761 39.6874248)
2737,,-104.9082,39.6838762,POINT (-104.9082 39.6838762)
2738,,-104.9082116,39.6834285,POINT (-104.9082116 39.6834285)
2739,,-104.9082513,39.6843355,POINT (-104.9082513 39.6843355)
2740,,-104.9861113,39.7475235,POINT (-104.9861113 39.7475235)
2741,,-104.9861098,39.7479555,POINT (-104.9861098 39.7479555)
2742,,-104.9836003,39.7475351,POINT (-104.9836003 39.7475351)
2743,,-104.9798825,39.7475194,POINT (-104.9798825 39.7475194)
2744,,-104.9787313,39.7475143,POINT (-104.9787313 39.7475143)
2745,,-104.9787322,39.7461815,POINT (-104.9787322 39.7461815)
2746,,-104.9782423,39.7475122,POINT (-104.9782423 39.7475122)
2747,,-104.978637,39.7478133,POINT (-104.978637 39.7478133)
2748,,-104.9781588,39.7479227,POINT (-104.9781588 39.7479227)
2749,,-104.9775708,39.7469713,POINT (-104.9775708 39.7469713)
2750,,-104.9775654,39.7474952,POINT (-104.9775654 39.7474952)
2751,,-105.049609,39.7850892,POINT (-105.049609 39.7850892)
2752,,-105.0523877,39.7843707,POINT (-105.0523877 39.7843707)
2753,,-104.9769706,39.7474844,POINT (-104.9769706 39.7474844)
2754,,-104.9761564,39.7474809,POINT (-104.9761564 39.7474809)
2755,,-104.9757704,39.7474793,POINT (-104.9757704 39.7474793)
2756,,-104.9747689,39.7461693,POINT (-104.9747689 39.7461693)
2757,,-104.9597883,39.744762,POINT (-104.9597883 39.744762)
2758,,-104.961742,39.6947769,POINT (-104.961742 39.6947769)
2759,,-104.9605824,39.6965852,POINT (-104.9605824 39.6965852)
2760,,-104.9617467,39.692971,POINT (-104.9617467 39.692971)
2761,,-104.9605882,39.6929713,POINT (-104.9605882 39.6929713)
2762,,-104.8928735,39.7419825,POINT (-104.8928735 39.7419825)
2763,,-104.8928555,39.7437954,POINT (-104.8928555 39.7437954)
2764,,-104.8899555,39.6603257,POINT (-104.8899555 39.6603257)
2765,,-104.8883428,39.6610168,POINT (-104.8883428 39.6610168)
2766,,-104.8928721,39.7402161,POINT (-104.8928721 39.7402161)
2767,,-104.8912387,39.6603341,POINT (-104.8912387 39.6603341)
2768,,-105.0028437,39.7305155,POINT (-105.0028437 39.7305155)
2769,,-105.0028405,39.7289078,POINT (-105.0028405 39.7289078)
2770,,-105.0028409,39.7318471,POINT (-105.0028409 39.7318471)
2771,,-105.0027969,39.7321059,POINT (-105.0027969 39.7321059)
2772,,-105.0028396,39.7324238,POINT (-105.0028396 39.7324238)
2773,,-105.0027906,39.733702,POINT (-105.0027906 39.733702)
2774,,-105.0028348,39.7340318,POINT (-105.0028348 39.7340318)
2775,,-105.0028801,39.733702,POINT (-105.0028801 39.733702)
2776,,-105.00159,39.7337004,POINT (-105.00159 39.7337004)
2777,,-105.0028321,39.7352931,POINT (-105.0028321 39.7352931)
2778,,-105.0250326,39.7157334,POINT (-105.0250326 39.7157334)
2779,,-104.9875031,39.715683,POINT (-104.9875031 39.715683)
2780,,-104.98753,39.714762,POINT (-104.98753 39.714762)
2781,,-104.9921825,39.7148163,POINT (-104.9921825 39.7148163)
2782,,-104.8095348,39.7970046,POINT (-104.8095348 39.7970046)
2783,,-104.8095133,39.798306,POINT (-104.8095133 39.798306)
2784,,-105.0264649,39.7766501,POINT (-105.0264649 39.7766501)
2785,,-105.0267961,39.776654,POINT (-105.0267961 39.776654)
2786,,-105.0264458,39.7874253,POINT (-105.0264458 39.7874253)
2787,,-104.8905751,39.7372842,POINT (-104.8905751 39.7372842)
2788,,-104.8893968,39.7387152,POINT (-104.8893968 39.7387152)
2789,,-104.8893739,39.7401107,POINT (-104.8893739 39.7401107)
2790,,-104.8925182,39.660334,POINT (-104.8925182 39.660334)
2791,,-104.8916232,39.6603346,POINT (-104.8916232 39.6603346)
2792,,-104.8921169,39.7258214,POINT (-104.8921169 39.7258214)
2793,,-104.89215,39.7258013,POINT (-104.89215 39.7258013)
2794,,-104.8923285,39.7283736,POINT (-104.8923285 39.7283736)
2795,,-104.8924625,39.7293862,POINT (-104.8924625 39.7293862)
2796,,-104.8920688,39.726163,POINT (-104.8920688 39.726163)
2797,,-104.8930893,39.7283112,POINT (-104.8930893 39.7283112)
2798,,-104.8926555,39.7307729,POINT (-104.8926555 39.7307729)
2799,,-104.987378,39.696666,POINT (-104.987378 39.696666)
2800,,-104.9873703,39.6967474,POINT (-104.9873703 39.6967474)
2801,,-104.9874322,39.695684,POINT (-104.9874322 39.695684)
2802,,-104.9878515,39.696661,POINT (-104.9878515 39.696661)
2803,,-104.9866475,39.6966676,POINT (-104.9866475 39.6966676)
2804,,-104.9918619,39.6967251,POINT (-104.9918619 39.6967251)
2805,,-104.9936186,39.701565,POINT (-104.9936186 39.701565)
2806,,-104.9929445,39.6967321,POINT (-104.9929445 39.6967321)
2807,,-104.9929824,39.6965874,POINT (-104.9929824 39.6965874)
2808,,-104.994455,39.6966817,POINT (-104.994455 39.6966817)
2809,,-104.9956388,39.6966835,POINT (-104.9956388 39.6966835)
2810,,-104.9967949,39.6966852,POINT (-104.9967949 39.6966852)
2811,,-104.9991494,39.6966888,POINT (-104.9991494 39.6966888)
2812,,-104.9979817,39.696687,POINT (-104.9979817 39.696687)
2813,,-104.999176,39.6991976,POINT (-104.999176 39.6991976)
2814,,-104.9991596,39.694896,POINT (-104.9991596 39.694896)
2815,,-105.0002888,39.6966954,POINT (-105.0002888 39.6966954)
2816,,-105.0015352,39.6972213,POINT (-105.0015352 39.6972213)
2817,,-105.0015494,39.6948685,POINT (-105.0015494 39.6948685)
2818,,-105.0065972,39.6967337,POINT (-105.0065972 39.6967337)
2819,,-105.0087057,39.6967391,POINT (-105.0087057 39.6967391)
2820,,-105.0093614,39.6967434,POINT (-105.0093614 39.6967434)
2821,,-105.010729,39.6967429,POINT (-105.010729 39.6967429)
2822,,-105.0117024,39.6967631,POINT (-105.0117024 39.6967631)
2823,,-105.0126232,39.6983187,POINT (-105.0126232 39.6983187)
2824,,-105.013879,39.696762,POINT (-105.013879 39.696762)
2825,,-105.0170153,39.6967581,POINT (-105.0170153 39.6967581)
2826,,-105.0180527,39.6967572,POINT (-105.0180527 39.6967572)
2827,,-105.01561,39.6967685,POINT (-105.01561 39.6967685)
2828,,-105.0192104,39.696751,POINT (-105.0192104 39.696751)
2829,,-105.0193037,39.69675,POINT (-105.0193037 39.69675)
2830,,-105.0227155,39.6967288,POINT (-105.0227155 39.6967288)
2831,,-105.0235652,39.6967303,POINT (-105.0235652 39.6967303)
2832,,-105.0250571,39.696733,POINT (-105.0250571 39.696733)
2833,,-105.0263805,39.6967285,POINT (-105.0263805 39.6967285)
2834,,-105.0250644,39.6977986,POINT (-105.0250644 39.6977986)
2835,,-105.0238399,39.6967308,POINT (-105.0238399 39.6967308)
2836,,-105.0250651,39.6963595,POINT (-105.0250651 39.6963595)
2837,,-105.0274494,39.6967418,POINT (-105.0274494 39.6967418)
2838,,-105.0285037,39.6967382,POINT (-105.0285037 39.6967382)
2839,,-105.02973,39.6967417,POINT (-105.02973 39.6967417)
2840,,-105.0309982,39.6967219,POINT (-105.0309982 39.6967219)
2841,,-105.0297352,39.6978022,POINT (-105.0297352 39.6978022)
2842,,-105.029721,39.6949225,POINT (-105.029721 39.6949225)
2843,,-105.0318135,39.6967219,POINT (-105.0318135 39.6967219)
2844,,-105.0320716,39.6967254,POINT (-105.0320716 39.6967254)
2845,,-105.03444,39.6970917,POINT (-105.03444 39.6970917)
2846,,-105.0355129,39.6971643,POINT (-105.0355129 39.6971643)
2847,,-105.0366887,39.6967681,POINT (-105.0366887 39.6967681)
2848,,-105.0378823,39.6967518,POINT (-105.0378823 39.6967518)
2849,,-105.0390491,39.6967549,POINT (-105.0390491 39.6967549)
2850,,-105.0402255,39.6967584,POINT (-105.0402255 39.6967584)
2851,,-105.0413837,39.6967549,POINT (-105.0413837 39.6967549)
2852,,-105.0425595,39.6967615,POINT (-105.0425595 39.6967615)
2853,,-105.0437011,39.6967681,POINT (-105.0437011 39.6967681)
2854,,-105.0437531,39.6949621,POINT (-105.0437531 39.6949621)
2855,,-105.0437445,39.6975575,POINT (-105.0437445 39.6975575)
2856,,-104.8846522,39.7419812,POINT (-104.8846522 39.7419812)
2857,,-104.884662,39.7438025,POINT (-104.884662 39.7438025)
2858,,-104.9861426,39.7290747,POINT (-104.9861426 39.7290747)
2859,,-104.9874196,39.7290787,POINT (-104.9874196 39.7290787)
2860,,-104.9861408,39.7304482,POINT (-104.9861408 39.7304482)
2861,,-104.9848878,39.7290727,POINT (-104.9848878 39.7290727)
2862,,-104.8846569,39.7402176,POINT (-104.8846569 39.7402176)
2863,,-104.9787784,39.7290689,POINT (-104.9787784 39.7290689)
2864,,-104.978775,39.7272765,POINT (-104.978775 39.7272765)
2865,,-104.9799445,39.7290678,POINT (-104.9799445 39.7290678)
2866,,-104.9775869,39.72907,POINT (-104.9775869 39.72907)
2867,,-104.977593,39.7304556,POINT (-104.977593 39.7304556)
2868,,-104.9717965,39.7290772,POINT (-104.9717965 39.7290772)
2869,,-104.9706359,39.7290799,POINT (-104.9706359 39.7290799)
2870,,-104.969478,39.7290826,POINT (-104.969478 39.7290826)
2871,,-104.968314,39.7290853,POINT (-104.968314 39.7290853)
2872,,-104.9124609,39.7414716,POINT (-104.9124609 39.7414716)
2873,,-104.9124595,39.741923,POINT (-104.9124595 39.741923)
2874,,-104.9613527,39.7291026,POINT (-104.9613527 39.7291026)
2875,,-104.9625117,39.7290993,POINT (-104.9625117 39.7290993)
2876,,-104.9601881,39.7291058,POINT (-104.9601881 39.7291058)
2877,,-104.9601841,39.7273144,POINT (-104.9601841 39.7273144)
2878,,-104.9592142,39.7305132,POINT (-104.9592142 39.7305132)
2879,,-104.9567278,39.7291156,POINT (-104.9567278 39.7291156)
2880,,-104.9555639,39.7291189,POINT (-104.9555639 39.7291189)
2881,,-104.9540438,39.7291263,POINT (-104.9540438 39.7291263)
2882,,-104.9505803,39.7291291,POINT (-104.9505803 39.7291291)
2883,,-104.9495146,39.7291307,POINT (-104.9495146 39.7291307)
2884,,-104.9484003,39.7291286,POINT (-104.9484003 39.7291286)
2885,,-104.9450973,39.7291163,POINT (-104.9450973 39.7291163)
2886,,-104.9439989,39.7291093,POINT (-104.9439989 39.7291093)
2887,,-104.9418526,39.7291037,POINT (-104.9418526 39.7291037)
2888,,-104.9429067,39.7291057,POINT (-104.9429067 39.7291057)
2889,,-104.9407704,39.7291298,POINT (-104.9407704 39.7291298)
2890,,-104.9406029,39.7291831,POINT (-104.9406029 39.7291831)
2891,,-104.9407906,39.7273169,POINT (-104.9407906 39.7273169)
2892,,-104.9394645,39.7292292,POINT (-104.9394645 39.7292292)
2893,,-104.9383101,39.7292293,POINT (-104.9383101 39.7292293)
2894,,-104.9371461,39.7292301,POINT (-104.9371461 39.7292301)
2895,,-104.9360107,39.7292322,POINT (-104.9360107 39.7292322)
2896,,-104.9351645,39.7292343,POINT (-104.9351645 39.7292343)
2897,,-104.9283236,39.7292408,POINT (-104.9283236 39.7292408)
2898,,-104.9257601,39.7292472,POINT (-104.9257601 39.7292472)
2899,,-104.9250363,39.7292483,POINT (-104.9250363 39.7292483)
2900,,-104.9246912,39.7292473,POINT (-104.9246912 39.7292473)
2901,,-104.9250487,39.7296414,POINT (-104.9250487 39.7296414)
2902,,-104.9205582,39.7292713,POINT (-104.9205582 39.7292713)
2903,,-104.9161541,39.7292735,POINT (-104.9161541 39.7292735)
2904,,-104.9161557,39.7304821,POINT (-104.9161557 39.7304821)
2905,,-104.9150534,39.7292741,POINT (-104.9150534 39.7292741)
2906,,-104.9161505,39.7280646,POINT (-104.9161505 39.7280646)
2907,,-104.9139531,39.7292745,POINT (-104.9139531 39.7292745)
2908,,-104.9127963,39.7292779,POINT (-104.9127963 39.7292779)
2909,,-104.9127938,39.7280676,POINT (-104.9127938 39.7280676)
2910,,-104.9124392,39.7304952,POINT (-104.9124392 39.7304952)
2911,,-104.9081564,39.72807,POINT (-104.9081564 39.72807)
2912,,-104.9069376,39.7292761,POINT (-104.9069376 39.7292761)
2913,,-104.9081569,39.7304834,POINT (-104.9081569 39.7304834)
2914,,-104.905811,39.7292781,POINT (-104.905811 39.7292781)
2915,,-104.9046377,39.7292782,POINT (-104.9046377 39.7292782)
2916,,-104.9034619,39.7292844,POINT (-104.9034619 39.7292844)
2917,,-104.9034617,39.7300284,POINT (-104.9034617 39.7300284)
2918,,-104.9034587,39.7286675,POINT (-104.9034587 39.7286675)
2919,,-104.9016531,39.7292846,POINT (-104.9016531 39.7292846)
2920,,-105.0369977,39.7439644,POINT (-105.0369977 39.7439644)
2921,,-105.0358026,39.7439625,POINT (-105.0358026 39.7439625)
2922,,-105.0381742,39.7439664,POINT (-105.0381742 39.7439664)
2923,,-104.9000181,39.641117,POINT (-104.9000181 39.641117)
2924,,-104.8990164,39.6411154,POINT (-104.8990164 39.6411154)
2925,,-104.9009655,39.6411215,POINT (-104.9009655 39.6411215)
2926,,-105.0362047,39.6618412,POINT (-105.0362047 39.6618412)
2927,,-105.0351232,39.6619072,POINT (-105.0351232 39.6619072)
2928,,-105.0370802,39.6617354,POINT (-105.0370802 39.6617354)
2929,,-104.9081652,39.7414776,POINT (-104.9081652 39.7414776)
2930,,-104.9081593,39.7425987,POINT (-104.9081593 39.7425987)
2931,,-105.0097934,39.707578,POINT (-105.0097934 39.707578)
2932,,-105.0086344,39.7075764,POINT (-105.0086344 39.7075764)
2933,,-105.0110033,39.707583,POINT (-105.0110033 39.707583)
2934,,-104.90817,39.7402181,POINT (-104.90817 39.7402181)
2935,,-105.0104298,39.6894455,POINT (-105.0104298 39.6894455)
2936,,-105.0117602,39.6894478,POINT (-105.0117602 39.6894478)
2937,,-105.008759,39.6894425,POINT (-105.008759 39.6894425)
2938,,-104.8126284,39.7805089,POINT (-104.8126284 39.7805089)
2939,,-104.8134596,39.7806818,POINT (-104.8134596 39.7806818)
2940,,-104.8115628,39.7803457,POINT (-104.8115628 39.7803457)
2941,,-105.0427467,39.733022,POINT (-105.0427467 39.733022)
2942,,-105.0428547,39.7330228,POINT (-105.0428547 39.7330228)
2943,,-105.0416601,39.7330145,POINT (-105.0416601 39.7330145)
2944,,-105.0428413,39.7548653,POINT (-105.0428413 39.7548653)
2945,,-105.0416642,39.7548657,POINT (-105.0416642 39.7548657)
2946,,-105.0440261,39.754865,POINT (-105.0440261 39.754865)
2947,,-105.0427146,39.72552,POINT (-105.0427146 39.72552)
2948,,-105.0416306,39.7255162,POINT (-105.0416306 39.7255162)
2949,,-105.0427187,39.7257968,POINT (-105.0427187 39.7257968)
2950,,-105.0438649,39.7257996,POINT (-105.0438649 39.7257996)
2951,,-105.0427506,39.783881,POINT (-105.0427506 39.783881)
2952,,-105.0439543,39.7838811,POINT (-105.0439543 39.7838811)
2953,,-105.0415859,39.783881,POINT (-105.0415859 39.783881)
2954,,-105.0432855,39.7181484,POINT (-105.0432855 39.7181484)
2955,,-105.0444839,39.7181622,POINT (-105.0444839 39.7181622)
2956,,-105.0421038,39.7181515,POINT (-105.0421038 39.7181515)
2957,,-105.0440327,39.743976,POINT (-105.0440327 39.743976)
2958,,-104.8970369,39.6479123,POINT (-104.8970369 39.6479123)
2959,,-104.8965219,39.6471589,POINT (-104.8965219 39.6471589)
2960,,-104.8978367,39.6491154,POINT (-104.8978367 39.6491154)
2961,,-104.764087,39.7774833,POINT (-104.764087 39.7774833)
2962,,-104.90346,39.7402228,POINT (-104.90346 39.7402228)
2963,,-104.9441359,39.7582042,POINT (-104.9441359 39.7582042)
2964,,-104.9430019,39.7582051,POINT (-104.9430019 39.7582051)
2965,,-104.943998,39.7401501,POINT (-104.943998 39.7401501)
2966,,-104.9442164,39.7401509,POINT (-104.9442164 39.7401509)
2967,,-104.9430581,39.7401466,POINT (-104.9430581 39.7401466)
2968,,-104.9439824,39.7383262,POINT (-104.9439824 39.7383262)
2969,,-104.9437589,39.7162296,POINT (-104.9437589 39.7162296)
2970,,-104.9437667,39.7146665,POINT (-104.9437667 39.7146665)
2971,,-104.9407713,39.7413814,POINT (-104.9407713 39.7413814)
2972,,-104.940776,39.7401913,POINT (-104.940776 39.7401913)
2973,,-104.9425504,39.717803,POINT (-104.9425504 39.717803)
2974,,-104.9425544,39.7209645,POINT (-104.9425544 39.7209645)
2975,,-104.9437553,39.7256082,POINT (-104.9437553 39.7256082)
2976,,-104.9429187,39.7256057,POINT (-104.9429187 39.7256057)
2977,,-104.9439886,39.7351113,POINT (-104.9439886 39.7351113)
2978,,-104.943987,39.7367613,POINT (-104.943987 39.7367613)
2979,,-104.9429082,39.7351036,POINT (-104.9429082 39.7351036)
2980,,-104.945079,39.736763,POINT (-104.945079 39.736763)
2981,,-104.9428918,39.7383261,POINT (-104.9428918 39.7383261)
2982,,-104.9440078,39.7681,POINT (-104.9440078 39.7681)
2983,,-104.942859,39.768097,POINT (-104.942859 39.768097)
2984,,-104.9634893,39.7350462,POINT (-104.9634893 39.7350462)
2985,,-104.9634871,39.7368284,POINT (-104.9634871 39.7368284)
2986,,-104.9622531,39.7350469,POINT (-104.9622531 39.7350469)
2987,,-104.9622524,39.7383997,POINT (-104.9622524 39.7383997)
2988,,-104.9634809,39.7416247,POINT (-104.9634809 39.7416247)
2989,,-104.9622554,39.7400036,POINT (-104.9622554 39.7400036)
2990,,-104.963474,39.748216,POINT (-104.963474 39.748216)
2991,,-104.962243,39.7482168,POINT (-104.962243 39.7482168)
2992,,-104.9622411,39.7494653,POINT (-104.9622411 39.7494653)
2993,,-104.9622392,39.7507206,POINT (-104.9622392 39.7507206)
2994,,-104.9622298,39.7569864,POINT (-104.9622298 39.7569864)
2995,,-104.9622279,39.758231,POINT (-104.9622279 39.758231)
2996,,-104.9622242,39.7607446,POINT (-104.9622242 39.7607446)
2997,,-104.9634548,39.7619926,POINT (-104.9634548 39.7619926)
2998,,-104.9647265,39.7619946,POINT (-104.9647265 39.7619946)
2999,,-104.9634465,39.7681576,POINT (-104.9634465 39.7681576)
3000,,-104.962213,39.7681559,POINT (-104.962213 39.7681559)
3001,,-104.9647222,39.7681594,POINT (-104.9647222 39.7681594)
3002,,-104.963425,39.7256047,POINT (-104.963425 39.7256047)
3003,,-104.9625096,39.7256073,POINT (-104.9625096 39.7256073)
3004,,-104.963496,39.7883396,POINT (-104.963496 39.7883396)
3005,,-104.9667098,39.7837549,POINT (-104.9667098 39.7837549)
3006,,-105.0001681,39.7165803,POINT (-105.0001681 39.7165803)
3007,,-105.0001558,39.7148091,POINT (-105.0001558 39.7148091)
3008,,-105.001609,39.7165869,POINT (-105.001609 39.7165869)
3009,,-104.9985703,39.7165902,POINT (-104.9985703 39.7165902)
3010,,-105.0001766,39.7184091,POINT (-105.0001766 39.7184091)
3011,,-105.0001852,39.7194126,POINT (-105.0001852 39.7194126)
3012,,-105.0001901,39.7241289,POINT (-105.0001901 39.7241289)
3013,,-105.0001997,39.7273124,POINT (-105.0001997 39.7273124)
3014,,-105.0001834,39.7261766,POINT (-105.0001834 39.7261766)
3015,,-104.9985993,39.7273173,POINT (-104.9985993 39.7273173)
3016,,-105.0001804,39.7305159,POINT (-105.0001804 39.7305159)
3017,,-105.0001903,39.7289454,POINT (-105.0001903 39.7289454)
3018,,-105.0001709,39.7321019,POINT (-105.0001709 39.7321019)
3019,,-105.0001613,39.7336986,POINT (-105.0001613 39.7336986)
3020,,-104.9986633,39.7336952,POINT (-104.9986633 39.7336952)
3021,,-105.0001508,39.7402153,POINT (-105.0001508 39.7402153)
3022,,-105.0001503,39.7400188,POINT (-105.0001503 39.7400188)
3023,,-105.0006402,39.740192,POINT (-105.0006402 39.740192)
3024,,-105.0003665,39.7838016,POINT (-105.0003665 39.7838016)
3025,,-105.0051504,39.7838521,POINT (-105.0051504 39.7838521)
3026,,-104.9941994,39.7840912,POINT (-104.9941994 39.7840912)
3027,,-105.0184858,39.6895115,POINT (-105.0184858 39.6895115)
3028,,-105.0175827,39.6895138,POINT (-105.0175827 39.6895138)
3029,,-104.9873865,39.7416884,POINT (-104.9873865 39.7416884)
3030,,-104.9873959,39.7407153,POINT (-104.9873959 39.7407153)
3031,,-104.9868923,39.7416881,POINT (-104.9868923 39.7416881)
3032,,-104.9861093,39.7416811,POINT (-104.9861093 39.7416811)
3033,,-104.9862403,39.7416819,POINT (-104.9862403 39.7416819)
3034,,-104.958457,39.6603428,POINT (-104.958457 39.6603428)
3035,,-104.9575336,39.6603381,POINT (-104.9575336 39.6603381)
3036,,-104.9594619,39.6603472,POINT (-104.9594619 39.6603472)
3037,,-104.9565876,39.6603378,POINT (-104.9565876 39.6603378)
3038,,-104.9848491,39.7416767,POINT (-104.9848491 39.7416767)
3039,,-104.9553842,39.6603387,POINT (-104.9553842 39.6603387)
3040,,-104.9547656,39.6603383,POINT (-104.9547656 39.6603383)
3041,,-104.9540763,39.6602406,POINT (-104.9540763 39.6602406)
3042,,-104.9861095,39.7432709,POINT (-104.9861095 39.7432709)
3043,,-104.9495374,39.6603002,POINT (-104.9495374 39.6603002)
3044,,-104.9484016,39.660263,POINT (-104.9484016 39.660263)
3045,,-104.9473409,39.6605186,POINT (-104.9473409 39.6605186)
3046,,-104.9835828,39.7416748,POINT (-104.9835828 39.7416748)
3047,,-104.9463538,39.6607366,POINT (-104.9463538 39.6607366)
3048,,-104.9453743,39.6607629,POINT (-104.9453743 39.6607629)
3049,,-104.9442022,39.6607647,POINT (-104.9442022 39.6607647)
3050,,-104.9430631,39.6607641,POINT (-104.9430631 39.6607641)
3051,,-104.9419212,39.6607625,POINT (-104.9419212 39.6607625)
3052,,-104.9407028,39.6607712,POINT (-104.9407028 39.6607712)
3053,,-104.9316744,39.6607983,POINT (-104.9316744 39.6607983)
3054,,-104.9316758,39.6597889,POINT (-104.9316758 39.6597889)
3055,,-104.8871246,39.661916,POINT (-104.8871246 39.661916)
3056,,-104.8858881,39.6608923,POINT (-104.8858881 39.6608923)
3057,,-104.8864927,39.6613962,POINT (-104.8864927 39.6613962)
3058,,-104.8851551,39.660317,POINT (-104.8851551 39.660317)
3059,,-104.8997228,39.6603518,POINT (-104.8997228 39.6603518)
3060,,-104.799069,39.7728968,POINT (-104.799069 39.7728968)
3061,,-104.7991624,39.7728959,POINT (-104.7991624 39.7728959)
3062,,-104.9823287,39.7416807,POINT (-104.9823287 39.7416807)
3063,,-104.8663571,39.6602301,POINT (-104.8663571 39.6602301)
3064,,-104.8663545,39.660357,POINT (-104.8663545 39.660357)
3065,,-104.86638,39.6596215,POINT (-104.86638 39.6596215)
3066,,-104.8654321,39.6602238,POINT (-104.8654321 39.6602238)
3067,,-104.8644212,39.6602202,POINT (-104.8644212 39.6602202)
3068,,-104.8629222,39.6602198,POINT (-104.8629222 39.6602198)
3069,,-104.8623321,39.6602208,POINT (-104.8623321 39.6602208)
3070,,-104.8589985,39.6602247,POINT (-104.8589985 39.6602247)
3071,,-105.0298398,39.7329516,POINT (-105.0298398 39.7329516)
3072,,-105.030993,39.732951,POINT (-105.030993 39.732951)
3073,,-105.0299263,39.7654165,POINT (-105.0299263 39.7654165)
3074,,-105.0298931,39.7655901,POINT (-105.0298931 39.7655901)
3075,,-105.0299301,39.7658135,POINT (-105.0299301 39.7658135)
3076,,-105.0299367,39.7664956,POINT (-105.0299367 39.7664956)
3077,,-105.0299455,39.7674151,POINT (-105.0299455 39.7674151)
3078,,-105.0299545,39.7683424,POINT (-105.0299545 39.7683424)
3079,,-105.0299648,39.7694063,POINT (-105.0299648 39.7694063)
3080,,-104.9811067,39.7416764,POINT (-104.9811067 39.7416764)
3081,,-105.0299221,39.77669,POINT (-105.0299221 39.77669)
3082,,-105.03109,39.7767035,POINT (-105.03109 39.7767035)
3083,,-105.0287786,39.7766769,POINT (-105.0287786 39.7766769)
3084,,-105.0300216,39.7165754,POINT (-105.0300216 39.7165754)
3085,,-105.0300232,39.7181596,POINT (-105.0300232 39.7181596)
3086,,-105.0300195,39.7149783,POINT (-105.0300195 39.7149783)
3087,,-105.0312503,39.7181596,POINT (-105.0312503 39.7181596)
3088,,-104.9823311,39.7432623,POINT (-104.9823311 39.7432623)
3089,,-105.0299011,39.7874216,POINT (-105.0299011 39.7874216)
3090,,-105.0287515,39.7874228,POINT (-105.0287515 39.7874228)
3091,,-105.0299527,39.7439442,POINT (-105.0299527 39.7439442)
3092,,-105.0299513,39.7427396,POINT (-105.0299513 39.7427396)
3093,,-105.0299541,39.74516,POINT (-105.0299541 39.74516)
3094,,-105.0283838,39.7439455,POINT (-105.0283838 39.7439455)
3095,,-105.0315128,39.7439488,POINT (-105.0315128 39.7439488)
3096,,-105.029957,39.7475818,POINT (-105.029957 39.7475818)
3097,,-105.0299531,39.7463786,POINT (-105.0299531 39.7463786)
3098,,-105.0299584,39.7487833,POINT (-105.0299584 39.7487833)
3099,,-105.0299247,39.7560422,POINT (-105.0299247 39.7560422)
3100,,-105.0299417,39.7548388,POINT (-105.0299417 39.7548388)
3101,,-105.0299254,39.7566775,POINT (-105.0299254 39.7566775)
3102,,-105.0299261,39.7572617,POINT (-105.0299261 39.7572617)
3103,,-105.0299195,39.7603124,POINT (-105.0299195 39.7603124)
3104,,-105.0299235,39.7594181,POINT (-105.0299235 39.7594181)
3105,,-105.0299171,39.7608672,POINT (-105.0299171 39.7608672)
3106,,-105.0299155,39.761227,POINT (-105.0299155 39.761227)
3107,,-104.9799073,39.7416767,POINT (-104.9799073 39.7416767)
3108,,-105.0299709,39.7621234,POINT (-105.0299709 39.7621234)
3109,,-105.0015339,39.6980769,POINT (-105.0015339 39.6980769)
3110,,-104.9787443,39.7416712,POINT (-104.9787443 39.7416712)
3111,,-104.9887981,39.678528,POINT (-104.9887981 39.678528)
3112,,-104.9899609,39.6784353,POINT (-104.9899609 39.6784353)
3113,,-104.9787514,39.7400185,POINT (-104.9787514 39.7400185)
3114,,-104.9891861,39.7183575,POINT (-104.9891861 39.7183575)
3115,,-104.9874878,39.7183505,POINT (-104.9874878 39.7183505)
3116,,-104.9775707,39.7416745,POINT (-104.9775707 39.7416745)
3117,,-104.9908403,39.7174879,POINT (-104.9908403 39.7174879)
3118,,-104.9908335,39.7193426,POINT (-104.9908335 39.7193426)
3119,,-104.9963702,39.7184224,POINT (-104.9963702 39.7184224)
3120,,-104.9963677,39.7193501,POINT (-104.9963677 39.7193501)
3121,,-104.9963671,39.7165992,POINT (-104.9963671 39.7165992)
3122,,-104.9775637,39.7432514,POINT (-104.9775637 39.7432514)
3123,,-104.9985752,39.7184133,POINT (-104.9985752 39.7184133)
3124,,-104.9985778,39.7193532,POINT (-104.9985778 39.7193532)
3125,,-104.976166,39.7416666,POINT (-104.976166 39.7416666)
3126,,-105.0336938,39.7181591,POINT (-105.0336938 39.7181591)
3127,,-105.0349191,39.7181585,POINT (-105.0349191 39.7181585)
3128,,-105.0324777,39.7181596,POINT (-105.0324777 39.7181596)
3129,,-105.0361212,39.7181582,POINT (-105.0361212 39.7181582)
3130,,-105.0373122,39.7181567,POINT (-105.0373122 39.7181567)
3131,,-105.0385197,39.7181544,POINT (-105.0385197 39.7181544)
3132,,-105.0397093,39.7181525,POINT (-105.0397093 39.7181525)
3133,,-105.0397105,39.716592,POINT (-105.0397105 39.716592)
3134,,-105.0397176,39.7197326,POINT (-105.0397176 39.7197326)
3135,,-105.0409147,39.7181528,POINT (-105.0409147 39.7181528)
3136,,-105.0457102,39.7181717,POINT (-105.0457102 39.7181717)
3137,,-105.0469619,39.7181819,POINT (-105.0469619 39.7181819)
3138,,-105.0481735,39.7181909,POINT (-105.0481735 39.7181909)
3139,,-105.0494053,39.7181985,POINT (-105.0494053 39.7181985)
3140,,-105.0506271,39.7182073,POINT (-105.0506271 39.7182073)
3141,,-104.9747743,39.7416662,POINT (-104.9747743 39.7416662)
3142,,-105.0518577,39.7182177,POINT (-105.0518577 39.7182177)
3143,,-105.0528072,39.7182294,POINT (-105.0528072 39.7182294)
3144,,-104.9734053,39.7416641,POINT (-104.9734053 39.7416641)
3145,,-105.0567644,39.7838353,POINT (-105.0567644 39.7838353)
3146,,-105.0579318,39.7838383,POINT (-105.0579318 39.7838383)
3147,,-105.0556057,39.7838324,POINT (-105.0556057 39.7838324)
3148,,-105.058875,39.7838407,POINT (-105.058875 39.7838407)
3149,,-105.059826,39.7838431,POINT (-105.059826 39.7838431)
3150,,-105.0603506,39.7838444,POINT (-105.0603506 39.7838444)
3151,,-105.0607851,39.7838455,POINT (-105.0607851 39.7838455)
3152,,-105.06173,39.7838485,POINT (-105.06173 39.7838485)
3153,,-105.0620318,39.7838494,POINT (-105.0620318 39.7838494)
3154,,-104.9747986,39.7400211,POINT (-104.9747986 39.7400211)
3155,,-105.0369501,39.7838807,POINT (-105.0369501 39.7838807)
3156,,-105.0381184,39.7838807,POINT (-105.0381184 39.7838807)
3157,,-105.0357946,39.7838806,POINT (-105.0357946 39.7838806)
3158,,-105.039271,39.7838808,POINT (-105.039271 39.7838808)
3159,,-105.0404309,39.7838809,POINT (-105.0404309 39.7838809)
3160,,-104.9721373,39.7416565,POINT (-104.9721373 39.7416565)
3161,,-105.0439483,39.7856267,POINT (-105.0439483 39.7856267)
3162,,-105.0439567,39.783186,POINT (-105.0439567 39.783186)
3163,,-104.9734046,39.7432419,POINT (-104.9734046 39.7432419)
3164,,-105.0052968,39.7838523,POINT (-105.0052968 39.7838523)
3165,,-105.0082549,39.783845,POINT (-105.0082549 39.783845)
3166,,-105.0075539,39.7838491,POINT (-105.0075539 39.7838491)
3167,,-105.0123769,39.7838312,POINT (-105.0123769 39.7838312)
3168,,-105.0112055,39.7854624,POINT (-105.0112055 39.7854624)
3169,,-104.9506532,39.7401769,POINT (-104.9506532 39.7401769)
3170,,-104.9709207,39.7416558,POINT (-104.9709207 39.7416558)
3171,,-104.95092,39.7256084,POINT (-104.95092 39.7256084)
3172,,-104.9497898,39.7256083,POINT (-104.9497898 39.7256083)
3173,,-104.9508066,39.7837452,POINT (-104.9508066 39.7837452)
3174,,-104.9503852,39.7837442,POINT (-104.9503852 39.7837442)
3175,,-104.9706268,39.7416592,POINT (-104.9706268 39.7416592)
3176,,-104.9709134,39.7400221,POINT (-104.9709134 39.7400221)
3177,,-104.9499245,39.7569641,POINT (-104.9499245 39.7569641)
3178,,-104.9494958,39.7351298,POINT (-104.9494958 39.7351298)
3179,,-104.9696867,39.7416472,POINT (-104.9696867 39.7416472)
3180,,-104.9684584,39.7416405,POINT (-104.9684584 39.7416405)
3181,,-104.9505999,39.7367928,POINT (-104.9505999 39.7367928)
3182,,-104.9494851,39.7383518,POINT (-104.9494851 39.7383518)
3183,,-104.9500731,39.7401754,POINT (-104.9500731 39.7401754)
3184,,-105.0548714,39.667784,POINT (-105.0548714 39.667784)
3185,,-105.0559069,39.6677836,POINT (-105.0559069 39.6677836)
3186,,-104.9684535,39.7432306,POINT (-104.9684535 39.7432306)
3187,,-105.0490145,39.6895206,POINT (-105.0490145 39.6895206)
3188,,-105.0500419,39.6895282,POINT (-105.0500419 39.6895282)
3189,,-105.0479948,39.6895131,POINT (-105.0479948 39.6895131)
3190,,-104.9684525,39.7400513,POINT (-104.9684525 39.7400513)
3191,,-105.0500335,39.6791529,POINT (-105.0500335 39.6791529)
3192,,-104.9672259,39.741634,POINT (-104.9672259 39.741634)
3193,,-104.982716,39.714733,POINT (-104.982716 39.714733)
3194,,-104.982766,39.7145278,POINT (-104.982766 39.7145278)
3195,,-104.9826592,39.7150343,POINT (-104.9826592 39.7150343)
3196,,-104.9838225,39.7147388,POINT (-104.9838225 39.7147388)
3197,,-104.9828424,39.7138724,POINT (-104.9828424 39.7138724)
3198,,-104.9828429,39.7129448,POINT (-104.9828429 39.7129448)
3199,,-104.9828089,39.7075099,POINT (-104.9828089 39.7075099)
3200,,-104.965996,39.7416366,POINT (-104.965996 39.7416366)
3201,,-104.9828027,39.7002764,POINT (-104.9828027 39.7002764)
3202,,-104.9839594,39.7019876,POINT (-104.9839594 39.7019876)
3203,,-104.9827921,39.6966567,POINT (-104.9827921 39.6966567)
3204,,-104.9815624,39.6955402,POINT (-104.9815624 39.6955402)
3205,,-104.9839665,39.6966587,POINT (-104.9839665 39.6966587)
3206,,-104.9827828,39.6947964,POINT (-104.9827828 39.6947964)
3207,,-104.9827953,39.6930198,POINT (-104.9827953 39.6930198)
3208,,-104.9827894,39.6911721,POINT (-104.9827894 39.6911721)
3209,,-104.9840145,39.6930275,POINT (-104.9840145 39.6930275)
3210,,-104.9828054,39.6894003,POINT (-104.9828054 39.6894003)
3211,,-104.9828047,39.6875729,POINT (-104.9828047 39.6875729)
3212,,-104.982872,39.6803348,POINT (-104.982872 39.6803348)
3213,,-104.9828698,39.6786079,POINT (-104.9828698 39.6786079)
3214,,-104.9840716,39.6786045,POINT (-104.9840716 39.6786045)
3215,,-104.9828373,39.6712802,POINT (-104.9828373 39.6712802)
3216,,-104.9840404,39.6712798,POINT (-104.9840404 39.6712798)
3217,,-104.982836,39.6694868,POINT (-104.982836 39.6694868)
3218,,-104.982843,39.6676983,POINT (-104.982843 39.6676983)
3219,,-104.9850016,39.7209313,POINT (-104.9850016 39.7209313)
3220,,-104.9874907,39.7209443,POINT (-104.9874907 39.7209443)
3221,,-104.986239,39.7225397,POINT (-104.986239 39.7225397)
3222,,-104.9838084,39.7209313,POINT (-104.9838084 39.7209313)
3223,,-104.9659862,39.7432249,POINT (-104.9659862 39.7432249)
3224,,-104.9826236,39.7210828,POINT (-104.9826236 39.7210828)
3225,,-104.9826264,39.7207054,POINT (-104.9826264 39.7207054)
3226,,-104.9799133,39.7209242,POINT (-104.9799133 39.7209242)
3227,,-104.9791138,39.7204562,POINT (-104.9791138 39.7204562)
3228,,-104.9013912,39.7214962,POINT (-104.9013912 39.7214962)
3229,,-104.9007536,39.7226551,POINT (-104.9007536 39.7226551)
3230,,-104.9034784,39.7214433,POINT (-104.9034784 39.7214433)
3231,,-104.9034595,39.722382,POINT (-104.9034595 39.722382)
3232,,-104.9594463,39.7209806,POINT (-104.9594463 39.7209806)
3233,,-104.964767,39.7416279,POINT (-104.964767 39.7416279)
3234,,-104.9582608,39.7214072,POINT (-104.9582608 39.7214072)
3235,,-104.9546331,39.7209794,POINT (-104.9546331 39.7209794)
3236,,-104.9485801,39.7209768,POINT (-104.9485801 39.7209768)
3237,,-104.9413466,39.7209645,POINT (-104.9413466 39.7209645)
3238,,-104.9407857,39.7209455,POINT (-104.9407857 39.7209455)
3239,,-104.9406117,39.7209285,POINT (-104.9406117 39.7209285)
3240,,-104.9634789,39.7432192,POINT (-104.9634789 39.7432192)
3241,,-104.9622529,39.7416216,POINT (-104.9622529 39.7416216)
3242,,-104.9775474,39.720117,POINT (-104.9775474 39.720117)
3243,,-104.9787777,39.7208857,POINT (-104.9787777 39.7208857)
3244,,-104.9775578,39.7224816,POINT (-104.9775578 39.7224816)
3245,,-104.9610234,39.7416191,POINT (-104.9610234 39.7416191)
3246,,-104.9140966,39.7692603,POINT (-104.9140966 39.7692603)
3247,,-104.9126997,39.7710922,POINT (-104.9126997 39.7710922)
3248,,-104.9124638,39.7638383,POINT (-104.9124638 39.7638383)
3249,,-104.9128486,39.7619914,POINT (-104.9128486 39.7619914)
3250,,-104.9124392,39.7522059,POINT (-104.9124392 39.7522059)
3251,,-104.912422,39.7534003,POINT (-104.912422 39.7534003)
3252,,-104.9128514,39.7510845,POINT (-104.9128514 39.7510845)
3253,,-104.9597817,39.741617,POINT (-104.9597817 39.741617)
3254,,-104.9123963,39.7498043,POINT (-104.9123963 39.7498043)
3255,,-104.9124488,39.7462327,POINT (-104.9124488 39.7462327)
3256,,-104.9124496,39.745644,POINT (-104.9124496 39.745644)
3257,,-104.9124486,39.745035,POINT (-104.9124486 39.745035)
3258,,-104.9124306,39.7425908,POINT (-104.9124306 39.7425908)
3259,,-104.9124348,39.7436833,POINT (-104.9124348 39.7436833)
3260,,-104.9124597,39.7401029,POINT (-104.9124597 39.7401029)
3261,,-104.9124617,39.7402097,POINT (-104.9124617 39.7402097)
3262,,-104.9124595,39.7386147,POINT (-104.9124595 39.7386147)
3263,,-104.9124631,39.7371324,POINT (-104.9124631 39.7371324)
3264,,-104.9128122,39.7368631,POINT (-104.9128122 39.7368631)
3265,,-104.9124642,39.7373199,POINT (-104.9124642 39.7373199)
3266,,-104.9124445,39.7356254,POINT (-104.9124445 39.7356254)
3267,,-104.9124463,39.7351098,POINT (-104.9124463 39.7351098)
3268,,-104.9124434,39.7341761,POINT (-104.9124434 39.7341761)
3269,,-104.9124444,39.7343449,POINT (-104.9124444 39.7343449)
3270,,-104.9124403,39.7316793,POINT (-104.9124403 39.7316793)
3271,,-104.912443,39.7280696,POINT (-104.912443 39.7280696)
3272,,-104.9127925,39.7256407,POINT (-104.9127925 39.7256407)
3273,,-104.9124382,39.7268837,POINT (-104.9124382 39.7268837)
3274,,-104.9125889,39.7253334,POINT (-104.9125889 39.7253334)
3275,,-104.9127589,39.7219961,POINT (-104.9127589 39.7219961)
3276,,-104.9127396,39.7248814,POINT (-104.9127396 39.7248814)
3277,,-104.9128678,39.7162166,POINT (-104.9128678 39.7162166)
3278,,-104.9135559,39.7183705,POINT (-104.9135559 39.7183705)
3279,,-104.9591626,39.7416138,POINT (-104.9591626 39.7416138)
3280,,-104.9139477,39.7256394,POINT (-104.9139477 39.7256394)
3281,,-104.9127791,39.7253309,POINT (-104.9127791 39.7253309)
3282,,-104.912795,39.7268837,POINT (-104.912795 39.7268837)
3283,,-104.9128019,39.7304931,POINT (-104.9128019 39.7304931)
3284,,-104.9127941,39.7342766,POINT (-104.9127941 39.7342766)
3285,,-104.9127932,39.7351098,POINT (-104.9127932 39.7351098)
3286,,-104.9127959,39.7343502,POINT (-104.9127959 39.7343502)
3287,,-104.9139548,39.7367673,POINT (-104.9139548 39.7367673)
3288,,-104.9128095,39.7384201,POINT (-104.9128095 39.7384201)
3289,,-104.9128101,39.7401033,POINT (-104.9128101 39.7401033)
3290,,-104.959785,39.739999,POINT (-104.959785 39.739999)
3291,,-104.9128054,39.7437581,POINT (-104.9128054 39.7437581)
3292,,-104.9128498,39.7492861,POINT (-104.9128498 39.7492861)
3293,,-104.9139939,39.7510879,POINT (-104.9139939 39.7510879)
3294,,-104.912834,39.7565808,POINT (-104.912834 39.7565808)
3295,,-104.9592178,39.7434525,POINT (-104.9592178 39.7434525)
3296,,-104.91404,39.7583813,POINT (-104.91404 39.7583813)
3297,,-104.912842,39.7618316,POINT (-104.912842 39.7618316)
3298,,-104.9140594,39.7619999,POINT (-104.9140594 39.7619999)
3299,,-104.9128273,39.7638393,POINT (-104.9128273 39.7638393)
3300,,-104.9140826,39.7656411,POINT (-104.9140826 39.7656411)
3301,,-104.9923714,39.7139416,POINT (-104.9923714 39.7139416)
3302,,-104.9923721,39.7130322,POINT (-104.9923721 39.7130322)
3303,,-104.9923855,39.7111846,POINT (-104.9923855 39.7111846)
3304,,-104.9923789,39.7120888,POINT (-104.9923789 39.7120888)
3305,,-104.9928632,39.7111888,POINT (-104.9928632 39.7111888)
3306,,-104.9917238,39.7111797,POINT (-104.9917238 39.7111797)
3307,,-104.989987,39.7147782,POINT (-104.989987 39.7147782)
3308,,-105.0075329,39.7213811,POINT (-105.0075329 39.7213811)
3309,,-105.0071364,39.7209938,POINT (-105.0071364 39.7209938)
3310,,-105.0074929,39.7253712,POINT (-105.0074929 39.7253712)
3311,,-105.0090306,39.7253774,POINT (-105.0090306 39.7253774)
3312,,-105.0071351,39.7253702,POINT (-105.0071351 39.7253702)
3313,,-105.0180293,39.678676,POINT (-105.0180293 39.678676)
3314,,-105.0203776,39.6786681,POINT (-105.0203776 39.6786681)
3315,,-105.0156924,39.6786839,POINT (-105.0156924 39.6786839)
3316,,-105.0180447,39.7111678,POINT (-105.0180447 39.7111678)
3317,,-105.019211,39.7111641,POINT (-105.019211 39.7111641)
3318,,-105.0168798,39.7111689,POINT (-105.0168798 39.7111689)
3319,,-105.018076,39.7039292,POINT (-105.018076 39.7039292)
3320,,-105.0192228,39.703924,POINT (-105.0192228 39.703924)
3321,,-105.0169224,39.7039179,POINT (-105.0169224 39.7039179)
3322,,-105.017987,39.6605127,POINT (-105.017987 39.6605127)
3323,,-105.0181373,39.6605125,POINT (-105.0181373 39.6605125)
3324,,-105.0168907,39.6605141,POINT (-105.0168907 39.6605141)
3325,,-105.0347899,39.630202,POINT (-105.0347899 39.630202)
3326,,-105.0348014,39.6294124,POINT (-105.0348014 39.6294124)
3327,,-105.0347845,39.6309994,POINT (-105.0347845 39.6309994)
3328,,-105.0569482,39.6677775,POINT (-105.0569482 39.6677775)
3329,,-104.9869383,39.7819281,POINT (-104.9869383 39.7819281)
3330,,-104.9858008,39.781934,POINT (-104.9858008 39.781934)
3331,,-104.9875953,39.7819249,POINT (-104.9875953 39.7819249)
3332,,-105.0166331,39.6895142,POINT (-105.0166331 39.6895142)
3333,,-105.0156917,39.6895145,POINT (-105.0156917 39.6895145)
3334,,-104.9081558,39.7253399,POINT (-104.9081558 39.7253399)
3335,,-104.9816955,39.6969697,POINT (-104.9816955 39.6969697)
3336,,-104.9734222,39.6947413,POINT (-104.9734222 39.6947413)
3337,,-104.9035933,39.6956656,POINT (-104.9035933 39.6956656)
3338,,-104.9034381,39.6956645,POINT (-104.9034381 39.6956645)
3339,,-104.9035078,39.6930835,POINT (-104.9035078 39.6930835)
3340,,-104.908199,39.6945129,POINT (-104.908199 39.6945129)
3341,,-104.9128225,39.6966307,POINT (-104.9128225 39.6966307)
3342,,-104.9141093,39.696645,POINT (-104.9141093 39.696645)
3343,,-104.9152786,39.6966431,POINT (-104.9152786 39.6966431)
3344,,-104.9129695,39.6966326,POINT (-104.9129695 39.6966326)
3345,,-104.9164347,39.6966423,POINT (-104.9164347 39.6966423)
3346,,-104.9850845,39.69666,POINT (-104.9850845 39.69666)
3347,,-104.985604,39.6966641,POINT (-104.985604 39.6966641)
3348,,-104.966373,39.6965885,POINT (-104.966373 39.6965885)
3349,,-104.9675263,39.6965912,POINT (-104.9675263 39.6965912)
3350,,-104.9593442,39.694771,POINT (-104.9593442 39.694771)
3351,,-104.9581145,39.6965884,POINT (-104.9581145 39.6965884)
3352,,-104.951164,39.696589,POINT (-104.951164 39.696589)
3353,,-104.9477042,39.696586,POINT (-104.9477042 39.696586)
3354,,-104.9465284,39.696585,POINT (-104.9465284 39.696585)
3355,,-104.9453525,39.6965839,POINT (-104.9453525 39.6965839)
3356,,-104.944235,39.696583,POINT (-104.944235 39.696583)
3357,,-104.943035,39.6965819,POINT (-104.943035 39.6965819)
3358,,-104.9419095,39.696581,POINT (-104.9419095 39.696581)
3359,,-104.940726,39.6965799,POINT (-104.940726 39.6965799)
3360,,-104.873007,39.6965522,POINT (-104.873007 39.6965522)
3361,,-104.8706596,39.6965843,POINT (-104.8706596 39.6965843)
3362,,-104.8683205,39.6966383,POINT (-104.8683205 39.6966383)
3363,,-104.8691318,39.6966347,POINT (-104.8691318 39.6966347)
3364,,-104.8971304,39.696542,POINT (-104.8971304 39.696542)
3365,,-104.8974302,39.6962901,POINT (-104.8974302 39.6962901)
3366,,-104.8983143,39.6966205,POINT (-104.8983143 39.6966205)
3367,,-104.8916759,39.6966483,POINT (-104.8916759 39.6966483)
3368,,-104.8917948,39.6966494,POINT (-104.8917948 39.6966494)
3369,,-104.8917379,39.6973647,POINT (-104.8917379 39.6973647)
3370,,-104.8881907,39.6966552,POINT (-104.8881907 39.6966552)
3371,,-104.8858406,39.6966468,POINT (-104.8858406 39.6966468)
3372,,-104.8845063,39.6966446,POINT (-104.8845063 39.6966446)
3373,,-104.882318,39.6966427,POINT (-104.882318 39.6966427)
3374,,-104.9847137,39.7783304,POINT (-104.9847137 39.7783304)
3375,,-104.9858585,39.7783304,POINT (-104.9858585 39.7783304)
3376,,-104.9835856,39.7783304,POINT (-104.9835856 39.7783304)
3377,,-104.9793656,39.7783303,POINT (-104.9793656 39.7783303)
3378,,-104.979183,39.7783303,POINT (-104.979183 39.7783303)
3379,,-104.7425943,39.7787429,POINT (-104.7425943 39.7787429)
3380,,-104.7421523,39.7803461,POINT (-104.7421523 39.7803461)
3381,,-104.742473,39.7766178,POINT (-104.742473 39.7766178)
3382,,-104.8242352,39.7780498,POINT (-104.8242352 39.7780498)
3383,,-104.8238881,39.7774368,POINT (-104.8238881 39.7774368)
3384,,-104.8506793,39.7779253,POINT (-104.8506793 39.7779253)
3385,,-104.8471364,39.7780405,POINT (-104.8471364 39.7780405)
3386,,-104.8566361,39.7787906,POINT (-104.8566361 39.7787906)
3387,,-104.8471119,39.7758246,POINT (-104.8471119 39.7758246)
3388,,-104.8632751,39.7788583,POINT (-104.8632751 39.7788583)
3389,,-104.8657658,39.7788559,POINT (-104.8657658 39.7788559)
3390,,-104.8589938,39.778865,POINT (-104.8589938 39.778865)
3391,,-104.8613171,39.778867,POINT (-104.8613171 39.778867)
3392,,-104.9582459,39.7789343,POINT (-104.9582459 39.7789343)
3393,,-104.9582417,39.7799993,POINT (-104.9582417 39.7799993)
3394,,-104.9541514,39.778924,POINT (-104.9541514 39.778924)
3395,,-104.9541468,39.7776728,POINT (-104.9541468 39.7776728)
3396,,-104.954153,39.7799335,POINT (-104.954153 39.7799335)
3397,,-104.9497943,39.7789169,POINT (-104.9497943 39.7789169)
3398,,-104.9497965,39.7776695,POINT (-104.9497965 39.7776695)
3399,,-104.949611,39.7792932,POINT (-104.949611 39.7792932)
3400,,-104.7591357,39.7774885,POINT (-104.7591357 39.7774885)
3401,,-104.7605238,39.7764291,POINT (-104.7605238 39.7764291)
3402,,-104.7590064,39.7789595,POINT (-104.7590064 39.7789595)
3403,,-104.760063,39.7757867,POINT (-104.760063 39.7757867)
3404,,-104.761353,39.7763212,POINT (-104.761353 39.7763212)
3405,,-104.7634368,39.7771025,POINT (-104.7634368 39.7771025)
3406,,-104.7625547,39.7766203,POINT (-104.7625547 39.7766203)
3407,,-104.9495646,39.6670495,POINT (-104.9495646 39.6670495)
3408,,-104.9486891,39.6669372,POINT (-104.9486891 39.6669372)
3409,,-104.9504057,39.6673732,POINT (-104.9504057 39.6673732)
3410,,-104.8997419,39.7169918,POINT (-104.8997419 39.7169918)
3411,,-104.8995947,39.7169931,POINT (-104.8995947 39.7169931)
3412,,-105.0786949,39.6677307,POINT (-105.0786949 39.6677307)
3413,,-105.0814065,39.6677373,POINT (-105.0814065 39.6677373)
3414,,-105.0735279,39.6677572,POINT (-105.0735279 39.6677572)
3415,,-105.081225,39.6655525,POINT (-105.081225 39.6655525)
3416,,-105.0403749,39.6797427,POINT (-105.0403749 39.6797427)
3417,,-105.0412849,39.6798388,POINT (-105.0412849 39.6798388)
3418,,-105.0393851,39.6795095,POINT (-105.0393851 39.6795095)
3419,,-105.0508,39.6677704,POINT (-105.0508 39.6677704)
3420,,-105.0498129,39.6677572,POINT (-105.0498129 39.6677572)
3421,,-105.0496146,39.6567319,POINT (-105.0496146 39.6567319)
3422,,-105.0510701,39.6791527,POINT (-105.0510701 39.6791527)
3423,,-105.0510472,39.6742949,POINT (-105.0510472 39.6742949)
3424,,-105.0499966,39.6742923,POINT (-105.0499966 39.6742923)
3425,,-105.0520963,39.6895433,POINT (-105.0520963 39.6895433)
3426,,-105.0510889,39.6895359,POINT (-105.0510889 39.6895359)
3427,,-105.0520611,39.711388,POINT (-105.0520611 39.711388)
3428,,-104.9745143,39.7669548,POINT (-104.9745143 39.7669548)
3429,,-105.0003498,39.7496302,POINT (-105.0003498 39.7496302)
3430,,-105.0012293,39.7502862,POINT (-105.0012293 39.7502862)
3431,,-104.9163373,39.7419207,POINT (-104.9163373 39.7419207)
3432,,-104.9163337,39.7434152,POINT (-104.9163337 39.7434152)
3433,,-105.0006176,39.749423,POINT (-105.0006176 39.749423)
3434,,-104.996754,39.7524131,POINT (-104.996754 39.7524131)
3435,,-104.997958,39.7514814,POINT (-104.997958 39.7514814)
3436,,-104.9943078,39.7543062,POINT (-104.9943078 39.7543062)
3437,,-104.9975754,39.7571355,POINT (-104.9975754 39.7571355)
3438,,-104.995548,39.7533464,POINT (-104.995548 39.7533464)
3439,,-104.9951571,39.7549879,POINT (-104.9951571 39.7549879)
3440,,-104.9931255,39.7552213,POINT (-104.9931255 39.7552213)
3441,,-104.9922563,39.7545524,POINT (-104.9922563 39.7545524)
3442,,-104.9917538,39.7579013,POINT (-104.9917538 39.7579013)
3443,,-104.991913,39.7561641,POINT (-104.991913 39.7561641)
3444,,-104.9894943,39.7580324,POINT (-104.9894943 39.7580324)
3445,,-104.987088,39.7598918,POINT (-104.987088 39.7598918)
3446,,-104.9872373,39.7597762,POINT (-104.9872373 39.7597762)
3447,,-104.9846687,39.761764,POINT (-104.9846687 39.761764)
3448,,-104.9162406,39.7402079,POINT (-104.9162406 39.7402079)
3449,,-104.9834593,39.7626999,POINT (-104.9834593 39.7626999)
3450,,-104.9822541,39.7636325,POINT (-104.9822541 39.7636325)
3451,,-104.981053,39.7645619,POINT (-104.981053 39.7645619)
3452,,-104.9798542,39.7654896,POINT (-104.9798542 39.7654896)
3453,,-104.9786496,39.7664217,POINT (-104.9786496 39.7664217)
3454,,-104.9774521,39.767353,POINT (-104.9774521 39.767353)
3455,,-105.0343728,39.6894494,POINT (-105.0343728 39.6894494)
3456,,-105.0344062,39.6881395,POINT (-105.0344062 39.6881395)
3457,,-105.0343547,39.691257,POINT (-105.0343547 39.691257)
3458,,-105.0334326,39.6894467,POINT (-105.0334326 39.6894467)
3459,,-105.0355666,39.6894629,POINT (-105.0355666 39.6894629)
3460,,-105.0343632,39.6873403,POINT (-105.0343632 39.6873403)
3461,,-105.0343679,39.6853795,POINT (-105.0343679 39.6853795)
3462,,-105.0344051,39.6784722,POINT (-105.0344051 39.6784722)
3463,,-105.0332567,39.6786312,POINT (-105.0332567 39.6786312)
3464,,-105.0355798,39.6785933,POINT (-105.0355798 39.6785933)
3465,,-105.0346761,39.6777872,POINT (-105.0346761 39.6777872)
3466,,-105.0349163,39.6749562,POINT (-105.0349163 39.6749562)
3467,,-105.0349306,39.6731782,POINT (-105.0349306 39.6731782)
3468,,-105.0349172,39.6722802,POINT (-105.0349172 39.6722802)
3469,,-105.0349517,39.6703292,POINT (-105.0349517 39.6703292)
3470,,-105.0358903,39.6722955,POINT (-105.0358903 39.6722955)
3471,,-105.0338211,39.6722899,POINT (-105.0338211 39.6722899)
3472,,-105.0349556,39.6676977,POINT (-105.0349556 39.6676977)
3473,,-105.0359115,39.6676998,POINT (-105.0359115 39.6676998)
3474,,-105.0349245,39.6659059,POINT (-105.0349245 39.6659059)
3475,,-105.0338312,39.6676911,POINT (-105.0338312 39.6676911)
3476,,-105.0346328,39.6656352,POINT (-105.0346328 39.6656352)
3477,,-105.0344458,39.703983,POINT (-105.0344458 39.703983)
3478,,-105.0324149,39.7040028,POINT (-105.0324149 39.7040028)
3479,,-105.0350499,39.7039565,POINT (-105.0350499 39.7039565)
3480,,-105.0344491,39.7003591,POINT (-105.0344491 39.7003591)
3481,,-105.0355652,39.700364,POINT (-105.0355652 39.700364)
3482,,-105.0324364,39.7003555,POINT (-105.0324364 39.7003555)
3483,,-104.9128111,39.7419248,POINT (-104.9128111 39.7419248)
3484,,-104.9128116,39.7402103,POINT (-104.9128116 39.7402103)
3485,,-105.0345102,39.6643255,POINT (-105.0345102 39.6643255)
3486,,-105.0347713,39.6633609,POINT (-105.0347713 39.6633609)
3487,,-105.0346769,39.6576849,POINT (-105.0346769 39.6576849)
3488,,-105.0337952,39.6572714,POINT (-105.0337952 39.6572714)
3489,,-105.0348993,39.7112805,POINT (-105.0348993 39.7112805)
3490,,-105.0360949,39.7112809,POINT (-105.0360949 39.7112809)
3491,,-105.0350515,39.7096102,POINT (-105.0350515 39.7096102)
3492,,-105.0362215,39.7087883,POINT (-105.0362215 39.7087883)
3493,,-105.0340254,39.7103316,POINT (-105.0340254 39.7103316)
3494,,-105.0360799,39.7039631,POINT (-105.0360799 39.7039631)
3495,,-105.0346701,39.6422696,POINT (-105.0346701 39.6422696)
3496,,-105.0319792,39.6422783,POINT (-105.0319792 39.6422783)
3497,,-105.0346535,39.6459178,POINT (-105.0346535 39.6459178)
3498,,-105.034741,39.6367464,POINT (-105.034741 39.6367464)
3499,,-105.0347193,39.6385807,POINT (-105.0347193 39.6385807)
3500,,-105.0347566,39.6340808,POINT (-105.0347566 39.6340808)
3501,,-104.9535977,39.741989,POINT (-104.9535977 39.741989)
3502,,-104.9535963,39.7427132,POINT (-104.9535963 39.7427132)
3503,,-105.0347631,39.632652,POINT (-105.0347631 39.632652)
3504,,-105.034759,39.6324051,POINT (-105.034759 39.6324051)
3505,,-105.0347684,39.6318215,POINT (-105.0347684 39.6318215)
3506,,-105.0348101,39.6285849,POINT (-105.0348101 39.6285849)
3507,,-104.9536045,39.7401836,POINT (-104.9536045 39.7401836)
3508,,-104.9160516,39.685719,POINT (-104.9160516 39.685719)
3509,,-104.9150669,39.6857153,POINT (-104.9150669 39.6857153)
3510,,-104.917067,39.68572,POINT (-104.917067 39.68572)
3511,,-104.9769624,39.7494919,POINT (-104.9769624 39.7494919)
3512,,-104.9781474,39.7494788,POINT (-104.9781474 39.7494788)
3513,,-104.9757688,39.7494874,POINT (-104.9757688 39.7494874)
3514,,-104.9769604,39.7507394,POINT (-104.9769604 39.7507394)
3515,,-104.9757678,39.7507375,POINT (-104.9757678 39.7507375)
3516,,-104.978146,39.7507413,POINT (-104.978146 39.7507413)
3517,,-104.9780566,39.7183225,POINT (-104.9780566 39.7183225)
3518,,-104.9769572,39.7183213,POINT (-104.9769572 39.7183213)
3519,,-104.9775648,39.7240891,POINT (-104.9775648 39.7240891)
3520,,-104.9775716,39.7256012,POINT (-104.9775716 39.7256012)
3521,,-104.9775789,39.7272769,POINT (-104.9775789 39.7272769)
3522,,-104.9764209,39.7255957,POINT (-104.9764209 39.7255957)
3523,,-104.9776148,39.7351622,POINT (-104.9776148 39.7351622)
3524,,-104.978707,39.7351615,POINT (-104.978707 39.7351615)
3525,,-104.9764553,39.7351629,POINT (-104.9764553 39.7351629)
3526,,-104.9776229,39.7368837,POINT (-104.9776229 39.7368837)
3527,,-104.9776303,39.7384298,POINT (-104.9776303 39.7384298)
3528,,-104.9787265,39.7368845,POINT (-104.9787265 39.7368845)
3529,,-104.9776068,39.7400152,POINT (-104.9776068 39.7400152)
3530,,-104.9764672,39.7384263,POINT (-104.9764672 39.7384263)
3531,,-104.976473,39.7400159,POINT (-104.976473 39.7400159)
3532,,-104.9775567,39.7448491,POINT (-104.9775567 39.7448491)
3533,,-104.9775509,39.7461815,POINT (-104.9775509 39.7461815)
3534,,-104.9787383,39.7448539,POINT (-104.9787383 39.7448539)
3535,,-104.976527,39.74618,POINT (-104.976527 39.74618)
3536,,-104.9708881,39.756991,POINT (-104.9708881 39.756991)
3537,,-104.9696628,39.7569902,POINT (-104.9696628 39.7569902)
3538,,-104.9684452,39.7570169,POINT (-104.9684452 39.7570169)
3539,,-104.9609938,39.756983,POINT (-104.9609938 39.756983)
3540,,-104.9597678,39.7569794,POINT (-104.9597678 39.7569794)
3541,,-104.9488337,39.7569588,POINT (-104.9488337 39.7569588)
3542,,-104.9500677,39.7419774,POINT (-104.9500677 39.7419774)
3543,,-104.9500556,39.7437899,POINT (-104.9500556 39.7437899)
3544,,-104.9406971,39.7564809,POINT (-104.9406971 39.7564809)
3545,,-104.9406994,39.7559785,POINT (-104.9406994 39.7559785)
3546,,-104.9175746,39.7565768,POINT (-104.9175746 39.7565768)
3547,,-105.0491661,39.6387258,POINT (-105.0491661 39.6387258)
3548,,-105.050241,39.6390615,POINT (-105.050241 39.6390615)
3549,,-105.0055917,39.7209371,POINT (-105.0055917 39.7209371)
3550,,-105.0485988,39.7255372,POINT (-105.0485988 39.7255372)
3551,,-105.0474481,39.7255481,POINT (-105.0474481 39.7255481)
3552,,-105.048665,39.7693628,POINT (-105.048665 39.7693628)
3553,,-105.047449,39.7693655,POINT (-105.047449 39.7693655)
3554,,-105.0497716,39.7693553,POINT (-105.0497716 39.7693553)
3555,,-105.048595,39.7729512,POINT (-105.048595 39.7729512)
3556,,-105.049772,39.7729516,POINT (-105.049772 39.7729516)
3557,,-105.0474496,39.7729515,POINT (-105.0474496 39.7729515)
3558,,-105.0486105,39.7765774,POINT (-105.0486105 39.7765774)
3559,,-105.0497724,39.776575,POINT (-105.0497724 39.776575)
3560,,-105.0474499,39.7765798,POINT (-105.0474499 39.7765798)
3561,,-105.0485152,39.7259972,POINT (-105.0485152 39.7259972)
3562,,-105.0492737,39.7260826,POINT (-105.0492737 39.7260826)
3563,,-105.0486917,39.7330727,POINT (-105.0486917 39.7330727)
3564,,-105.049872,39.7330839,POINT (-105.049872 39.7330839)
3565,,-105.0482469,39.7330686,POINT (-105.0482469 39.7330686)
3566,,-105.0017532,39.7692782,POINT (-105.0017532 39.7692782)
3567,,-105.0017525,39.7705269,POINT (-105.0017525 39.7705269)
3568,,-105.0005878,39.7692778,POINT (-105.0005878 39.7692778)
3569,,-105.0029706,39.7692786,POINT (-105.0029706 39.7692786)
3570,,-105.0112136,39.7692817,POINT (-105.0112136 39.7692817)
3571,,-105.011211,39.7680557,POINT (-105.011211 39.7680557)
3572,,-105.0096243,39.7692811,POINT (-105.0096243 39.7692811)
3573,,-105.0123814,39.7692822,POINT (-105.0123814 39.7692822)
3574,,-105.0135336,39.7692827,POINT (-105.0135336 39.7692827)
3575,,-105.0127921,39.7692824,POINT (-105.0127921 39.7692824)
3576,,-105.0143807,39.769283,POINT (-105.0143807 39.769283)
3577,,-105.0315263,39.7694522,POINT (-105.0315263 39.7694522)
3578,,-105.0323001,39.7694751,POINT (-105.0323001 39.7694751)
3579,,-105.0330809,39.7694981,POINT (-105.0330809 39.7694981)
3580,,-105.0451488,39.7693705,POINT (-105.0451488 39.7693705)
3581,,-105.0440263,39.7693732,POINT (-105.0440263 39.7693732)
3582,,-105.046278,39.769368,POINT (-105.046278 39.769368)
3583,,-105.0509294,39.7693477,POINT (-105.0509294 39.7693477)
3584,,-105.0015487,39.7111854,POINT (-105.0015487 39.7111854)
3585,,-105.0039045,39.7111853,POINT (-105.0039045 39.7111853)
3586,,-105.0015393,39.7102501,POINT (-105.0015393 39.7102501)
3587,,-105.0006107,39.7111216,POINT (-105.0006107 39.7111216)
3588,,-105.0015156,39.7084727,POINT (-105.0015156 39.7084727)
3589,,-105.0015421,39.7075591,POINT (-105.0015421 39.7075591)
3590,,-105.0015374,39.7066724,POINT (-105.0015374 39.7066724)
3591,,-105.0015278,39.7057755,POINT (-105.0015278 39.7057755)
3592,,-105.0015156,39.7048835,POINT (-105.0015156 39.7048835)
3593,,-105.0015456,39.7024531,POINT (-105.0015456 39.7024531)
3594,,-105.0015465,39.701609,POINT (-105.0015465 39.701609)
3595,,-105.0017814,39.6785277,POINT (-105.0017814 39.6785277)
3596,,-105.0006393,39.6785174,POINT (-105.0006393 39.6785174)
3597,,-105.0028816,39.6785422,POINT (-105.0028816 39.6785422)
3598,,-104.9981985,39.6748448,POINT (-104.9981985 39.6748448)
3599,,-104.9982494,39.6730281,POINT (-104.9982494 39.6730281)
3600,,-104.9982045,39.6766485,POINT (-104.9982045 39.6766485)
3601,,-105.0417154,39.6749856,POINT (-105.0417154 39.6749856)
3602,,-105.0417039,39.6767981,POINT (-105.0417039 39.6767981)
3603,,-104.9407687,39.7419416,POINT (-104.9407687 39.7419416)
3604,,-105.0250124,39.6750114,POINT (-105.0250124 39.6750114)
3605,,-105.025012,39.6753024,POINT (-105.025012 39.6753024)
3606,,-104.9942262,39.6748466,POINT (-104.9942262 39.6748466)
3607,,-104.9933362,39.6777323,POINT (-104.9933362 39.6777323)
3608,,-105.0250099,39.6767686,POINT (-105.0250099 39.6767686)
3609,,-104.9988963,39.7401911,POINT (-104.9988963 39.7401911)
3610,,-104.9987846,39.740018,POINT (-104.9987846 39.740018)
3611,,-104.9999608,39.7402147,POINT (-104.9999608 39.7402147)
3612,,-104.9873785,39.7489186,POINT (-104.9873785 39.7489186)
3613,,-104.9870113,39.750518,POINT (-104.9870113 39.750518)
3614,,-104.966468,39.6862015,POINT (-104.966468 39.6862015)
3615,,-104.9797774,39.7561319,POINT (-104.9797774 39.7561319)
3616,,-104.9776991,39.7564008,POINT (-104.9776991 39.7564008)
3617,,-104.9764899,39.7573355,POINT (-104.9764899 39.7573355)
3618,,-104.975286,39.758266,POINT (-104.975286 39.758266)
3619,,-104.9742995,39.7590383,POINT (-104.9742995 39.7590383)
3620,,-105.0298487,39.6677109,POINT (-105.0298487 39.6677109)
3621,,-105.0288616,39.6677175,POINT (-105.0288616 39.6677175)
3622,,-105.0309044,39.6676977,POINT (-105.0309044 39.6676977)
3623,,-105.0298624,39.6711656,POINT (-105.0298624 39.6711656)
3624,,-105.0298275,39.6729342,POINT (-105.0298275 39.6729342)
3625,,-105.0298446,39.673793,POINT (-105.0298446 39.673793)
3626,,-105.0288602,39.6730688,POINT (-105.0288602 39.6730688)
3627,,-105.0309089,39.6725378,POINT (-105.0309089 39.6725378)
3628,,-105.029836,39.6773669,POINT (-105.029836 39.6773669)
3629,,-105.0298071,39.6782043,POINT (-105.0298071 39.6782043)
3630,,-105.029727,39.6790664,POINT (-105.029727 39.6790664)
3631,,-105.0321323,39.6785783,POINT (-105.0321323 39.6785783)
3632,,-105.0288201,39.6782439,POINT (-105.0288201 39.6782439)
3633,,-105.0297204,39.6813663,POINT (-105.0297204 39.6813663)
3634,,-105.0297845,39.6858419,POINT (-105.0297845 39.6858419)
3635,,-105.0297931,39.6864628,POINT (-105.0297931 39.6864628)
3636,,-105.029733,39.6876715,POINT (-105.029733 39.6876715)
3637,,-105.0297389,39.6985416,POINT (-105.0297389 39.6985416)
3638,,-105.0297403,39.6988189,POINT (-105.0297403 39.6988189)
3639,,-105.0297884,39.7003508,POINT (-105.0297884 39.7003508)
3640,,-105.0298001,39.7013483,POINT (-105.0298001 39.7013483)
3641,,-105.0275449,39.7004075,POINT (-105.0275449 39.7004075)
3642,,-105.0298039,39.7022411,POINT (-105.0298039 39.7022411)
3643,,-105.0298016,39.7031312,POINT (-105.0298016 39.7031312)
3644,,-105.0298116,39.7040245,POINT (-105.0298116 39.7040245)
3645,,-105.0275566,39.704017,POINT (-105.0275566 39.704017)
3646,,-105.029809,39.7049309,POINT (-105.029809 39.7049309)
3647,,-105.0298013,39.705835,POINT (-105.0298013 39.705835)
3648,,-105.0298116,39.7067495,POINT (-105.0298116 39.7067495)
3649,,-105.0298204,39.7076717,POINT (-105.0298204 39.7076717)
3650,,-105.0298164,39.7085442,POINT (-105.0298164 39.7085442)
3651,,-105.0298113,39.7094301,POINT (-105.0298113 39.7094301)
3652,,-105.0298124,39.7103101,POINT (-105.0298124 39.7103101)
3653,,-105.0299641,39.7111,POINT (-105.0299641 39.7111)
3654,,-105.0299891,39.7112053,POINT (-105.0299891 39.7112053)
3655,,-105.0312314,39.7112213,POINT (-105.0312314 39.7112213)
3656,,-105.0300132,39.713387,POINT (-105.0300132 39.713387)
3657,,-105.0299616,39.6422398,POINT (-105.0299616 39.6422398)
3658,,-105.0299149,39.6422381,POINT (-105.0299149 39.6422381)
3659,,-105.0307472,39.6422671,POINT (-105.0307472 39.6422671)
3660,,-105.0299656,39.640523,POINT (-105.0299656 39.640523)
3661,,-105.0666992,39.652979,POINT (-105.0666992 39.652979)
3662,,-105.0625741,39.652985,POINT (-105.0625741 39.652985)
3663,,-104.8664628,39.6570013,POINT (-104.8664628 39.6570013)
3664,,-104.8683684,39.653547,POINT (-104.8683684 39.653547)
3665,,-104.9316825,39.6566917,POINT (-104.9316825 39.6566917)
3666,,-104.9316732,39.6582289,POINT (-104.9316732 39.6582289)
3667,,-104.9316896,39.6548794,POINT (-104.9316896 39.6548794)
3668,,-104.9938792,39.767222,POINT (-104.9938792 39.767222)
3669,,-104.9956858,39.7676849,POINT (-104.9956858 39.7676849)
3670,,-104.9009778,39.7258362,POINT (-104.9009778 39.7258362)
3671,,-104.903342,39.7256564,POINT (-104.903342 39.7256564)
3672,,-105.0109663,39.717459,POINT (-105.0109663 39.717459)
3673,,-105.0121322,39.7202585,POINT (-105.0121322 39.7202585)
3674,,-105.0109827,39.7148293,POINT (-105.0109827 39.7148293)
3675,,-104.9069493,39.7372731,POINT (-104.9069493 39.7372731)
3676,,-104.90816,39.7372724,POINT (-104.90816 39.7372724)
3677,,-104.9069526,39.7387116,POINT (-104.9069526 39.7387116)
3678,,-104.9058145,39.7387142,POINT (-104.9058145 39.7387142)
3679,,-104.906954,39.740112,POINT (-104.906954 39.740112)
3680,,-104.9058108,39.7401083,POINT (-104.9058108 39.7401083)
3681,,-104.9069584,39.7510123,POINT (-104.9069584 39.7510123)
3682,,-104.9058238,39.7510126,POINT (-104.9058238 39.7510126)
3683,,-104.906955,39.7584037,POINT (-104.906955 39.7584037)
3684,,-104.9057627,39.7584075,POINT (-104.9057627 39.7584075)
3685,,-104.9069505,39.7619832,POINT (-104.9069505 39.7619832)
3686,,-104.9081816,39.7619832,POINT (-104.9081816 39.7619832)
3687,,-104.906975,39.7656546,POINT (-104.906975 39.7656546)
3688,,-104.9058144,39.7656575,POINT (-104.9058144 39.7656575)
3689,,-104.9069991,39.7692712,POINT (-104.9069991 39.7692712)
3690,,-104.9066333,39.7692723,POINT (-104.9066333 39.7692723)
3691,,-105.0040837,39.7337037,POINT (-105.0040837 39.7337037)
3692,,-105.0052837,39.7337061,POINT (-105.0052837 39.7337061)
3693,,-104.9058227,39.7692726,POINT (-104.9058227 39.7692726)
3694,,-104.9066381,39.772304,POINT (-104.9066381 39.772304)
3695,,-104.9045485,39.7719814,POINT (-104.9045485 39.7719814)
3696,,-104.9069402,39.7256475,POINT (-104.9069402 39.7256475)
3697,,-104.9081559,39.7256461,POINT (-104.9081559 39.7256461)
3698,,-104.9593135,39.716061,POINT (-104.9593135 39.716061)
3699,,-104.9593425,39.7074892,POINT (-104.9593425 39.7074892)
3700,,-104.9593405,39.7073181,POINT (-104.9593405 39.7073181)
3701,,-104.9593548,39.6929646,POINT (-104.9593548 39.6929646)
3702,,-104.9593572,39.6911407,POINT (-104.9593572 39.6911407)
3703,,-104.9581188,39.6929673,POINT (-104.9581188 39.6929673)
3704,,-104.9593657,39.6893266,POINT (-104.9593657 39.6893266)
3705,,-104.9593888,39.6875226,POINT (-104.9593888 39.6875226)
3706,,-104.9581508,39.6893366,POINT (-104.9581508 39.6893366)
3707,,-104.9581561,39.6875309,POINT (-104.9581561 39.6875309)
3708,,-104.9593966,39.6870639,POINT (-104.9593966 39.6870639)
3709,,-104.9593668,39.682024,POINT (-104.9593668 39.682024)
3710,,-104.9593702,39.6822987,POINT (-104.9593702 39.6822987)
3711,,-104.9593838,39.6802548,POINT (-104.9593838 39.6802548)
3712,,-104.9579411,39.678425,POINT (-104.9579411 39.678425)
3713,,-104.9594043,39.6694122,POINT (-104.9594043 39.6694122)
3714,,-104.9594368,39.6639318,POINT (-104.9594368 39.6639318)
3715,,-104.9594426,39.6630571,POINT (-104.9594426 39.6630571)
3716,,-104.9594118,39.6660317,POINT (-104.9594118 39.6660317)
3717,,-104.959457,39.6619139,POINT (-104.959457 39.6619139)
3718,,-105.0027523,39.6894319,POINT (-105.0027523 39.6894319)
3719,,-105.0016107,39.6894234,POINT (-105.0016107 39.6894234)
3720,,-104.8106668,39.7803404,POINT (-104.8106668 39.7803404)
3721,,-104.8098459,39.7803298,POINT (-104.8098459 39.7803298)
3722,,-104.9514566,39.6675778,POINT (-104.9514566 39.6675778)
3723,,-104.8105024,39.7947881,POINT (-104.8105024 39.7947881)
3724,,-104.812551,39.7947988,POINT (-104.812551 39.7947988)
3725,,-104.8097366,39.794788,POINT (-104.8097366 39.794788)
3726,,-104.9785678,39.7570693,POINT (-104.9785678 39.7570693)
3727,,-104.9773637,39.7580024,POINT (-104.9773637 39.7580024)
3728,,-104.9794377,39.7577387,POINT (-104.9794377 39.7577387)
3729,,-104.8097005,39.7983062,POINT (-104.8097005 39.7983062)
3730,,-104.9684221,39.7645054,POINT (-104.9684221 39.7645054)
3731,,-104.965951,39.764501,POINT (-104.965951 39.764501)
3732,,-104.9597583,39.7644934,POINT (-104.9597583 39.7644934)
3733,,-104.9499292,39.7644701,POINT (-104.9499292 39.7644701)
3734,,-104.9406706,39.764456,POINT (-104.9406706 39.764456)
3735,,-104.9404896,39.7656443,POINT (-104.9404896 39.7656443)
3736,,-104.9393151,39.7656293,POINT (-104.9393151 39.7656293)
3737,,-104.9380769,39.7656344,POINT (-104.9380769 39.7656344)
3738,,-104.9368487,39.7656373,POINT (-104.9368487 39.7656373)
3739,,-104.8896052,39.6639214,POINT (-104.8896052 39.6639214)
3740,,-104.8890806,39.6634966,POINT (-104.8890806 39.6634966)
3741,,-104.9318496,39.7644714,POINT (-104.9318496 39.7644714)
3742,,-104.9175985,39.7638195,POINT (-104.9175985 39.7638195)
3743,,-104.9163957,39.7656313,POINT (-104.9163957 39.7656313)
3744,,-104.9152311,39.7656382,POINT (-104.9152311 39.7656382)
3745,,-104.9081962,39.763839,POINT (-104.9081962 39.763839)
3746,,-104.9046515,39.7656529,POINT (-104.9046515 39.7656529)
3747,,-104.9034238,39.7638343,POINT (-104.9034238 39.7638343)
3748,,-104.902629,39.7653874,POINT (-104.902629 39.7653874)
3749,,-105.0056478,39.7253802,POINT (-105.0056478 39.7253802)
3750,,-105.0066374,39.7269362,POINT (-105.0066374 39.7269362)
3751,,-105.0066205,39.7253756,POINT (-105.0066205 39.7253756)
3752,,-105.0052417,39.7402359,POINT (-105.0052417 39.7402359)
3753,,-105.0052501,39.7400991,POINT (-105.0052501 39.7400991)
3754,,-105.0052359,39.740574,POINT (-105.0052359 39.740574)
3755,,-105.0058034,39.7402514,POINT (-105.0058034 39.7402514)
3756,,-105.0365259,39.6786713,POINT (-105.0365259 39.6786713)
3757,,-105.0368141,39.6723,POINT (-105.0368141 39.6723)
3758,,-105.0368439,39.6677043,POINT (-105.0368439 39.6677043)
3759,,-105.036736,39.68947,POINT (-105.036736 39.68947)
3760,,-105.0367754,39.7003694,POINT (-105.0367754 39.7003694)
3761,,-105.0380648,39.6613424,POINT (-105.0380648 39.6613424)
3762,,-105.0373006,39.7112873,POINT (-105.0373006 39.7112873)
3763,,-105.0373313,39.7079976,POINT (-105.0373313 39.7079976)
3764,,-105.0367751,39.7039631,POINT (-105.0367751 39.7039631)
3765,,-104.9508219,39.6838809,POINT (-104.9508219 39.6838809)
3766,,-104.950823,39.6820492,POINT (-104.950823 39.6820492)
3767,,-104.9500619,39.6856999,POINT (-104.9500619 39.6856999)
3768,,-105.0205447,39.7512114,POINT (-105.0205447 39.7512114)
3769,,-105.0205483,39.7548287,POINT (-105.0205483 39.7548287)
3770,,-104.9508244,39.6813069,POINT (-104.9508244 39.6813069)
3771,,-105.0204547,39.7202642,POINT (-105.0204547 39.7202642)
3772,,-105.021677,39.7766069,POINT (-105.021677 39.7766069)
3773,,-105.0220537,39.77661,POINT (-105.0220537 39.77661)
3774,,-105.0205161,39.7765976,POINT (-105.0205161 39.7765976)
3775,,-105.0217387,39.7311979,POINT (-105.0217387 39.7311979)
3776,,-105.0217299,39.7303028,POINT (-105.0217299 39.7303028)
3777,,-105.0217562,39.7329915,POINT (-105.0217562 39.7329915)
3778,,-105.0250555,39.7329753,POINT (-105.0250555 39.7329753)
3779,,-105.0217576,39.7338851,POINT (-105.0217576 39.7338851)
3780,,-105.0217584,39.7344536,POINT (-105.0217584 39.7344536)
3781,,-105.0220805,39.7475939,POINT (-105.0220805 39.7475939)
3782,,-105.0205289,39.7475952,POINT (-105.0205289 39.7475952)
3783,,-104.9508316,39.6802418,POINT (-104.9508316 39.6802418)
3784,,-105.0216468,39.7911013,POINT (-105.0216468 39.7911013)
3785,,-104.9494092,39.6811011,POINT (-104.9494092 39.6811011)
3786,,-105.0206226,39.7910977,POINT (-105.0206226 39.7910977)
3787,,-104.9074687,39.6458921,POINT (-104.9074687 39.6458921)
3788,,-104.9064384,39.6458926,POINT (-104.9064384 39.6458926)
3789,,-104.9053741,39.6458992,POINT (-104.9053741 39.6458992)
3790,,-104.9043172,39.6459079,POINT (-104.9043172 39.6459079)
3791,,-104.9047804,39.6467032,POINT (-104.9047804 39.6467032)
3792,,-104.9032723,39.6459013,POINT (-104.9032723 39.6459013)
3793,,-104.9017384,39.6463698,POINT (-104.9017384 39.6463698)
3794,,-104.950843,39.6784781,POINT (-104.950843 39.6784781)
3795,,-104.9002071,39.648133,POINT (-104.9002071 39.648133)
3796,,-104.8949236,39.6430204,POINT (-104.8949236 39.6430204)
3797,,-104.8939291,39.6434028,POINT (-104.8939291 39.6434028)
3798,,-104.8957695,39.6426778,POINT (-104.8957695 39.6426778)
3799,,-104.8953716,39.645479,POINT (-104.8953716 39.645479)
3800,,-104.8929283,39.6438065,POINT (-104.8929283 39.6438065)
3801,,-104.8851175,39.6447686,POINT (-104.8851175 39.6447686)
3802,,-104.884972,39.644766,POINT (-104.884972 39.644766)
3803,,-104.8851532,39.6432222,POINT (-104.8851532 39.6432222)
3804,,-104.950844,39.6783869,POINT (-104.950844 39.6783869)
3805,,-104.8986521,39.6487849,POINT (-104.8986521 39.6487849)
3806,,-104.8982814,39.6497694,POINT (-104.8982814 39.6497694)
3807,,-104.9082003,39.682526,POINT (-104.9082003 39.682526)
3808,,-104.952272,39.6784774,POINT (-104.952272 39.6784774)
3809,,-104.8143239,39.7808481,POINT (-104.8143239 39.7808481)
3810,,-104.8118016,39.783895,POINT (-104.8118016 39.783895)
3811,,-104.9275238,39.7400955,POINT (-104.9275238 39.7400955)
3812,,-104.950824,39.6766156,POINT (-104.950824 39.6766156)
3813,,-104.950829,39.6748313,POINT (-104.950829 39.6748313)
3814,,-104.949421,39.6748378,POINT (-104.949421 39.6748378)
3815,,-105.0393305,39.7415242,POINT (-105.0393305 39.7415242)
3816,,-105.0393268,39.7427345,POINT (-105.0393268 39.7427345)
3817,,-105.0393283,39.7403544,POINT (-105.0393283 39.7403544)
3818,,-104.9519851,39.6748373,POINT (-104.9519851 39.6748373)
3819,,-104.8994346,39.6484569,POINT (-104.8994346 39.6484569)
3820,,-104.9476765,39.6856952,POINT (-104.9476765 39.6856952)
3821,,-104.9477084,39.6856948,POINT (-104.9477084 39.6856948)
3822,,-104.9465324,39.685696,POINT (-104.9465324 39.685696)
3823,,-104.9479895,39.680892,POINT (-104.9479895 39.680892)
3824,,-104.9465619,39.6807015,POINT (-104.9465619 39.6807015)
3825,,-104.9479967,39.6784717,POINT (-104.9479967 39.6784717)
3826,,-104.9494189,39.6784765,POINT (-104.9494189 39.6784765)
3827,,-104.90818,39.7450496,POINT (-104.90818 39.7450496)
3828,,-104.9081596,39.7437915,POINT (-104.9081596 39.7437915)
3829,,-104.9861139,39.7448844,POINT (-104.9861139 39.7448844)
3830,,-104.9861174,39.7461813,POINT (-104.9861174 39.7461813)
3831,,-104.9872526,39.744888,POINT (-104.9872526 39.744888)
3832,,-104.9848531,39.7448792,POINT (-104.9848531 39.7448792)
3833,,-104.979895,39.7448587,POINT (-104.979895 39.7448587)
3834,,-104.9787369,39.7432541,POINT (-104.9787369 39.7432541)
3835,,-104.9761689,39.7448434,POINT (-104.9761689 39.7448434)
3836,,-104.9749826,39.7449867,POINT (-104.9749826 39.7449867)
3837,,-104.974777,39.743245,POINT (-104.974777 39.743245)
3838,,-104.9747658,39.7452025,POINT (-104.9747658 39.7452025)
3839,,-104.9696793,39.7448273,POINT (-104.9696793 39.7448273)
3840,,-104.9709207,39.7448295,POINT (-104.9709207 39.7448295)
3841,,-104.9672192,39.7448229,POINT (-104.9672192 39.7448229)
3842,,-104.9684483,39.7448251,POINT (-104.9684483 39.7448251)
3843,,-104.9597866,39.7437256,POINT (-104.9597866 39.7437256)
3844,,-104.9610137,39.7448012,POINT (-104.9610137 39.7448012)
3845,,-104.9046468,39.7510126,POINT (-104.9046468 39.7510126)
3846,,-104.9034303,39.7510128,POINT (-104.9034303 39.7510128)
3847,,-104.9046094,39.7584102,POINT (-104.9046094 39.7584102)
3848,,-104.9034583,39.7584117,POINT (-104.9034583 39.7584117)
3849,,-104.9046342,39.7253374,POINT (-104.9046342 39.7253374)
3850,,-104.9043433,39.7253472,POINT (-104.9043433 39.7253472)
3851,,-104.9046386,39.7256502,POINT (-104.9046386 39.7256502)
3852,,-104.9058022,39.7256488,POINT (-104.9058022 39.7256488)
3853,,-104.9046415,39.7372726,POINT (-104.9046415 39.7372726)
3854,,-104.9058116,39.7372715,POINT (-104.9058116 39.7372715)
3855,,-104.9046378,39.738714,POINT (-104.9046378 39.738714)
3856,,-104.9034644,39.7387116,POINT (-104.9034644 39.7387116)
3857,,-104.9046587,39.7401095,POINT (-104.9046587 39.7401095)
3858,,-104.9034616,39.7401106,POINT (-104.9034616 39.7401106)
3859,,-104.9045436,39.7692751,POINT (-104.9045436 39.7692751)
3860,,-104.9034935,39.7692772,POINT (-104.9034935 39.7692772)
3861,,-104.9055696,39.7692731,POINT (-104.9055696 39.7692731)
3862,,-104.903492,39.77178,POINT (-104.903492 39.77178)
3863,,-105.0189768,39.7765854,POINT (-105.0189768 39.7765854)
3864,,-105.0182003,39.7765792,POINT (-105.0182003 39.7765792)
3865,,-105.0193583,39.7765884,POINT (-105.0193583 39.7765884)
3866,,-105.0186648,39.7202611,POINT (-105.0186648 39.7202611)
3867,,-105.0168834,39.7202593,POINT (-105.0168834 39.7202593)
3868,,-105.0186773,39.7248879,POINT (-105.0186773 39.7248879)
3869,,-105.0186848,39.7257207,POINT (-105.0186848 39.7257207)
3870,,-105.0220861,39.7258337,POINT (-105.0220861 39.7258337)
3871,,-105.0187023,39.7275173,POINT (-105.0187023 39.7275173)
3872,,-105.0198696,39.7275154,POINT (-105.0198696 39.7275154)
3873,,-105.0189748,39.7475966,POINT (-105.0189748 39.7475966)
3874,,-105.0185991,39.7470262,POINT (-105.0185991 39.7470262)
3875,,-105.019175,39.7512178,POINT (-105.019175 39.7512178)
3876,,-104.9512015,39.6929449,POINT (-104.9512015 39.6929449)
3877,,-104.9500284,39.6929416,POINT (-104.9500284 39.6929416)
3878,,-105.019169,39.7548224,POINT (-105.019169 39.7548224)
3879,,-105.0177888,39.754816,POINT (-105.0177888 39.754816)
3880,,-104.8271736,39.7982206,POINT (-104.8271736 39.7982206)
3881,,-104.8236202,39.7982404,POINT (-104.8236202 39.7982404)
3882,,-104.9982241,39.713376,POINT (-104.9982241 39.713376)
3883,,-104.9985624,39.7147937,POINT (-104.9985624 39.7147937)
3884,,-105.0062746,39.7139444,POINT (-105.0062746 39.7139444)
3885,,-105.0062864,39.7130475,POINT (-105.0062864 39.7130475)
3886,,-105.0062468,39.7148289,POINT (-105.0062468 39.7148289)
3887,,-105.0110276,39.7139444,POINT (-105.0110276 39.7139444)
3888,,-105.0110321,39.7130505,POINT (-105.0110321 39.7130505)
3889,,-104.9875479,39.7138989,POINT (-104.9875479 39.7138989)
3890,,-104.9875562,39.7129767,POINT (-104.9875562 39.7129767)
3891,,-104.8952559,39.7372773,POINT (-104.8952559 39.7372773)
3892,,-104.8940525,39.7387137,POINT (-104.8940525 39.7387137)
3893,,-104.8940413,39.7401077,POINT (-104.8940413 39.7401077)
3894,,-104.993639,39.7766022,POINT (-104.993639 39.7766022)
3895,,-104.9948112,39.7766176,POINT (-104.9948112 39.7766176)
3896,,-104.9941264,39.7346802,POINT (-104.9941264 39.7346802)
3897,,-104.9945592,39.735263,POINT (-104.9945592 39.735263)
3898,,-104.9941255,39.7352631,POINT (-104.9941255 39.7352631)
3899,,-104.9940175,39.7256741,POINT (-104.9940175 39.7256741)
3900,,-104.9928328,39.7256685,POINT (-104.9928328 39.7256685)
3901,,-104.951205,39.6893243,POINT (-104.951205 39.6893243)
3902,,-104.9941176,39.7336555,POINT (-104.9941176 39.7336555)
3903,,-104.9912259,39.7297319,POINT (-104.9912259 39.7297319)
3904,,-104.99452,39.7337126,POINT (-104.99452 39.7337126)
3905,,-104.9935182,39.7338802,POINT (-104.9935182 39.7338802)
3906,,-105.0397196,39.7094614,POINT (-105.0397196 39.7094614)
3907,,-105.0396978,39.7080402,POINT (-105.0396978 39.7080402)
3908,,-105.0397303,39.7104856,POINT (-105.0397303 39.7104856)
3909,,-104.9512421,39.6857062,POINT (-104.9512421 39.6857062)
3910,,-104.9876153,39.7093438,POINT (-104.9876153 39.7093438)
3911,,-104.9876444,39.7084708,POINT (-104.9876444 39.7084708)
3912,,-104.9522303,39.6857107,POINT (-104.9522303 39.6857107)
3913,,-105.0110011,39.7093651,POINT (-105.0110011 39.7093651)
3914,,-105.0110042,39.7102563,POINT (-105.0110042 39.7102563)
3915,,-105.0110022,39.7084733,POINT (-105.0110022 39.7084733)
3916,,-104.9695398,39.7384118,POINT (-104.9695398 39.7384118)
3917,,-104.9684635,39.73841,POINT (-104.9684635 39.73841)
3918,,-104.9696878,39.7409347,POINT (-104.9696878 39.7409347)
3919,,-104.968567,39.7400512,POINT (-104.968567 39.7400512)
3920,,-104.9684116,39.7700668,POINT (-104.9684116 39.7700668)
3921,,-104.96841,39.7707362,POINT (-104.96841 39.7707362)
3922,,-104.9696588,39.7494711,POINT (-104.9696588 39.7494711)
3923,,-104.9696577,39.7507251,POINT (-104.9696577 39.7507251)
3924,,-104.9696598,39.7482179,POINT (-104.9696598 39.7482179)
3925,,-104.9684332,39.7494687,POINT (-104.9684332 39.7494687)
3926,,-104.9708965,39.7494735,POINT (-104.9708965 39.7494735)
3927,,-104.9696567,39.7519801,POINT (-104.9696567 39.7519801)
3928,,-104.968428,39.7507223,POINT (-104.968428 39.7507223)
3929,,-104.9708895,39.750728,POINT (-104.9708895 39.750728)
3930,,-104.969664,39.7582354,POINT (-104.969664 39.7582354)
3931,,-104.97089,39.7582347,POINT (-104.97089 39.7582347)
3932,,-104.9696663,39.7607512,POINT (-104.9696663 39.7607512)
3933,,-104.9023364,39.7725684,POINT (-104.9023364 39.7725684)
3934,,-104.903499,39.7727301,POINT (-104.903499 39.7727301)
3935,,-104.902332,39.7716032,POINT (-104.902332 39.7716032)
3936,,-104.9016107,39.7714506,POINT (-104.9016107 39.7714506)
3937,,-104.902751,39.7619582,POINT (-104.902751 39.7619582)
3938,,-104.9027529,39.762408,POINT (-104.9027529 39.762408)
3939,,-104.903423,39.7619684,POINT (-104.903423 39.7619684)
3940,,-104.9034583,39.7580475,POINT (-104.9034583 39.7580475)
3941,,-104.9036152,39.7202662,POINT (-104.9036152 39.7202662)
3942,,-104.903499,39.7256515,POINT (-104.903499 39.7256515)
3943,,-104.903526,39.7254916,POINT (-104.903526 39.7254916)
3944,,-104.9043816,39.7256505,POINT (-104.9043816 39.7256505)
3945,,-104.9034599,39.7280695,POINT (-104.9034599 39.7280695)
3946,,-104.90342,39.7271325,POINT (-104.90342 39.7271325)
3947,,-104.9034632,39.7346972,POINT (-104.9034632 39.7346972)
3948,,-104.9034655,39.7356352,POINT (-104.9034655 39.7356352)
3949,,-104.9034661,39.7372759,POINT (-104.9034661 39.7372759)
3950,,-104.9023199,39.7387137,POINT (-104.9023199 39.7387137)
3951,,-104.9023198,39.7401124,POINT (-104.9023198 39.7401124)
3952,,-104.9034569,39.743794,POINT (-104.9034569 39.743794)
3953,,-104.9032981,39.7580448,POINT (-104.9032981 39.7580448)
3954,,-104.9034459,39.7561354,POINT (-104.9034459 39.7561354)
3955,,-104.903443,39.7614094,POINT (-104.903443 39.7614094)
3956,,-104.9038585,39.7619779,POINT (-104.9038585 39.7619779)
3957,,-104.9034536,39.7676866,POINT (-104.9034536 39.7676866)
3958,,-104.9034922,39.7711007,POINT (-104.9034922 39.7711007)
3959,,-104.9038474,39.7727825,POINT (-104.9038474 39.7727825)
3960,,-104.9594221,39.7764269,POINT (-104.9594221 39.7764269)
3961,,-104.9594366,39.773947,POINT (-104.9594366 39.773947)
3962,,-104.9582562,39.7764253,POINT (-104.9582562 39.7764253)
3963,,-104.9582489,39.7776757,POINT (-104.9582489 39.7776757)
3964,,-104.9407892,39.7225353,POINT (-104.9407892 39.7225353)
3965,,-104.8994947,39.7233737,POINT (-104.8994947 39.7233737)
3966,,-104.9001312,39.7230108,POINT (-104.9001312 39.7230108)
3967,,-104.8983656,39.7240251,POINT (-104.8983656 39.7240251)
3968,,-104.8987253,39.724408,POINT (-104.8987253 39.724408)
3969,,-104.98626,39.7241388,POINT (-104.98626 39.7241388)
3970,,-104.9594462,39.7225447,POINT (-104.9594462 39.7225447)
3971,,-104.95826,39.7225619,POINT (-104.95826 39.7225619)
3972,,-104.9582641,39.7241347,POINT (-104.9582641 39.7241347)
3973,,-104.9813252,39.7224891,POINT (-104.9813252 39.7224891)
3974,,-104.9824185,39.7231625,POINT (-104.9824185 39.7231625)
3975,,-104.9787498,39.7224833,POINT (-104.9787498 39.7224833)
3976,,-104.9883539,39.7441042,POINT (-104.9883539 39.7441042)
3977,,-104.9907772,39.7422377,POINT (-104.9907772 39.7422377)
3978,,-104.9873953,39.7433641,POINT (-104.9873953 39.7433641)
3979,,-104.9880305,39.7457035,POINT (-104.9880305 39.7457035)
3980,,-104.9904235,39.7438523,POINT (-104.9904235 39.7438523)
3981,,-104.9918336,39.7467834,POINT (-104.9918336 39.7467834)
3982,,-104.9906283,39.7477091,POINT (-104.9906283 39.7477091)
3983,,-104.9909899,39.7461333,POINT (-104.9909899 39.7461333)
3984,,-104.9951313,39.7455932,POINT (-104.9951313 39.7455932)
3985,,-104.9953312,39.7494694,POINT (-104.9953312 39.7494694)
3986,,-104.9970843,39.7508067,POINT (-104.9970843 39.7508067)
3987,,-104.9958799,39.7517429,POINT (-104.9958799 39.7517429)
3988,,-104.9962036,39.7501386,POINT (-104.9962036 39.7501386)
3989,,-105.0080981,39.7592588,POINT (-105.0080981 39.7592588)
3990,,-105.0092961,39.7583297,POINT (-105.0092961 39.7583297)
3991,,-105.0068754,39.7602071,POINT (-105.0068754 39.7602071)
3992,,-105.0111694,39.7616112,POINT (-105.0111694 39.7616112)
3993,,-105.0111825,39.7620389,POINT (-105.0111825 39.7620389)
3994,,-105.01117,39.7608113,POINT (-105.01117 39.7608113)
3995,,-104.9541424,39.7764198,POINT (-104.9541424 39.7764198)
3996,,-104.9441889,39.6929506,POINT (-104.9441889 39.6929506)
3997,,-104.9430302,39.6929519,POINT (-104.9430302 39.6929519)
3998,,-104.9453733,39.6929492,POINT (-104.9453733 39.6929492)
3999,,-104.9441934,39.689325,POINT (-104.9441934 39.689325)
4000,,-104.9430286,39.6893224,POINT (-104.9430286 39.6893224)
4001,,-104.9453607,39.6893248,POINT (-104.9453607 39.6893248)
4002,,-104.9442001,39.6856925,POINT (-104.9442001 39.6856925)
4003,,-104.9430225,39.6856979,POINT (-104.9430225 39.6856979)
4004,,-104.9453714,39.6856954,POINT (-104.9453714 39.6856954)
4005,,-104.9425511,39.7146618,POINT (-104.9425511 39.7146618)
4006,,-104.9449671,39.7146574,POINT (-104.9449671 39.7146574)
4007,,-104.9997782,39.7139785,POINT (-104.9997782 39.7139785)
4008,,-104.9984425,39.7112665,POINT (-104.9984425 39.7112665)
4009,,-104.9983773,39.711112,POINT (-104.9983773 39.711112)
4010,,-104.9994725,39.6785009,POINT (-104.9994725 39.6785009)
4011,,-105.0544525,39.7838295,POINT (-105.0544525 39.7838295)
4012,,-104.895964,39.6463593,POINT (-104.895964 39.6463593)
4013,,-105.0038592,39.7522908,POINT (-105.0038592 39.7522908)
4014,,-105.0041181,39.7524895,POINT (-105.0041181 39.7524895)
4015,,-105.002986,39.7516233,POINT (-105.002986 39.7516233)
4016,,-104.9920433,39.7603606,POINT (-104.9920433 39.7603606)
4017,,-104.9909781,39.7618857,POINT (-104.9909781 39.7618857)
4018,,-104.9763149,39.7736361,POINT (-104.9763149 39.7736361)
4019,,-104.9771733,39.7742982,POINT (-104.9771733 39.7742982)
4020,,-104.9754402,39.7729767,POINT (-104.9754402 39.7729767)
4021,,-104.9081581,39.7356311,POINT (-104.9081581 39.7356311)
4022,,-104.908159,39.7343622,POINT (-104.908159 39.7343622)
4023,,-104.8987681,39.7356334,POINT (-104.8987681 39.7356334)
4024,,-104.8987687,39.7328917,POINT (-104.8987687 39.7328917)
4025,,-104.8846903,39.7356335,POINT (-104.8846903 39.7356335)
4026,,-104.8846807,39.7372839,POINT (-104.8846807 39.7372839)
4027,,-104.9848812,39.7352721,POINT (-104.9848812 39.7352721)
4028,,-104.986133,39.7368445,POINT (-104.986133 39.7368445)
4029,,-104.983607,39.7352728,POINT (-104.983607 39.7352728)
4030,,-104.9752901,39.7351635,POINT (-104.9752901 39.7351635)
4031,,-104.9610394,39.7350476,POINT (-104.9610394 39.7350476)
4032,,-104.9598063,39.7350483,POINT (-104.9598063 39.7350483)
4033,,-104.9551301,39.7351468,POINT (-104.9551301 39.7351468)
4034,,-104.9562955,39.7368154,POINT (-104.9562955 39.7368154)
4035,,-104.9540171,39.7351439,POINT (-104.9540171 39.7351439)
4036,,-104.9483873,39.7351262,POINT (-104.9483873 39.7351262)
4037,,-104.9494916,39.7367792,POINT (-104.9494916 39.7367792)
4038,,-104.94183,39.7350981,POINT (-104.94183 39.7350981)
4039,,-104.9407644,39.7350931,POINT (-104.9407644 39.7350931)
4040,,-104.9407651,39.7346643,POINT (-104.9407651 39.7346643)
4041,,-104.9405883,39.7346645,POINT (-104.9405883 39.7346645)
4042,,-104.9395061,39.7347018,POINT (-104.9395061 39.7347018)
4043,,-104.9403385,39.7346649,POINT (-104.9403385 39.7346649)
4044,,-104.9161547,39.7351116,POINT (-104.9161547 39.7351116)
4045,,-104.9161688,39.7367675,POINT (-104.9161688 39.7367675)
4046,,-104.9876041,39.7752036,POINT (-104.9876041 39.7752036)
4047,,-104.9876067,39.7765139,POINT (-104.9876067 39.7765139)
4048,,-104.8204952,39.7824369,POINT (-104.8204952 39.7824369)
4049,,-104.8194182,39.7862205,POINT (-104.8194182 39.7862205)
4050,,-104.8185215,39.7859557,POINT (-104.8185215 39.7859557)
4051,,-104.9906535,39.7299812,POINT (-104.9906535 39.7299812)
4052,,-104.9919185,39.7316877,POINT (-104.9919185 39.7316877)
4053,,-104.9903823,39.7301972,POINT (-104.9903823 39.7301972)
4054,,-104.9929606,39.7331034,POINT (-104.9929606 39.7331034)
4055,,-104.9968967,39.7384591,POINT (-104.9968967 39.7384591)
4056,,-104.9988393,39.7414203,POINT (-104.9988393 39.7414203)
4057,,-104.9993415,39.7423284,POINT (-104.9993415 39.7423284)
4058,,-105.0001571,39.7457455,POINT (-105.0001571 39.7457455)
4059,,-104.9999226,39.7459254,POINT (-104.9999226 39.7459254)
4060,,-105.0018467,39.7473876,POINT (-105.0018467 39.7473876)
4061,,-105.001796,39.747784,POINT (-105.001796 39.747784)
4062,,-104.9948148,39.7754707,POINT (-104.9948148 39.7754707)
4063,,-104.9952896,39.7400103,POINT (-104.9952896 39.7400103)
4064,,-104.9952715,39.7401412,POINT (-104.9952715 39.7401412)
4065,,-104.9929485,39.7400059,POINT (-104.9929485 39.7400059)
4066,,-104.9951984,39.7256797,POINT (-104.9951984 39.7256797)
4067,,-105.0383176,39.6791874,POINT (-105.0383176 39.6791874)
4068,,-104.8376364,39.7901024,POINT (-104.8376364 39.7901024)
4069,,-104.8369583,39.7905443,POINT (-104.8369583 39.7905443)
4070,,-104.838323,39.7896671,POINT (-104.838323 39.7896671)
4071,,-104.8870285,39.7372851,POINT (-104.8870285 39.7372851)
4072,,-104.8882,39.7372826,POINT (-104.8882 39.7372826)
4073,,-104.8870208,39.7387185,POINT (-104.8870208 39.7387185)
4074,,-104.8858398,39.7387172,POINT (-104.8858398 39.7387172)
4075,,-104.8870118,39.7401138,POINT (-104.8870118 39.7401138)
4076,,-104.8858344,39.740115,POINT (-104.8858344 39.740115)
4077,,-104.9154101,39.7174189,POINT (-104.9154101 39.7174189)
4078,,-104.9175095,39.7158665,POINT (-104.9175095 39.7158665)
4079,,-104.9172498,39.7256356,POINT (-104.9172498 39.7256356)
4080,,-104.9172492,39.7367605,POINT (-104.9172492 39.7367605)
4081,,-104.9161732,39.7383418,POINT (-104.9161732 39.7383418)
4082,,-104.9172714,39.7400997,POINT (-104.9172714 39.7400997)
4083,,-104.9162096,39.7400991,POINT (-104.9162096 39.7400991)
4084,,-104.9176116,39.7779719,POINT (-104.9176116 39.7779719)
4085,,-104.912888,39.7779963,POINT (-104.912888 39.7779963)
4086,,-104.825927,39.7730018,POINT (-104.825927 39.7730018)
4087,,-104.837508,39.77366,POINT (-104.837508 39.77366)
4088,,-104.9163397,39.7510847,POINT (-104.9163397 39.7510847)
4089,,-104.9175659,39.7528861,POINT (-104.9175659 39.7528861)
4090,,-104.916385,39.7583739,POINT (-104.916385 39.7583739)
4091,,-104.917584,39.7619966,POINT (-104.917584 39.7619966)
4092,,-104.9176168,39.7710617,POINT (-104.9176168 39.7710617)
4093,,-104.9164183,39.7692516,POINT (-104.9164183 39.7692516)
4094,,-104.9033834,39.6820755,POINT (-104.9033834 39.6820755)
4095,,-104.9034279,39.6838812,POINT (-104.9034279 39.6838812)
4096,,-104.9734179,39.6803291,POINT (-104.9734179 39.6803291)
4097,,-104.9687504,39.6802989,POINT (-104.9687504 39.6802989)
4098,,-105.0661894,39.6677638,POINT (-105.0661894 39.6677638)
4099,,-105.0665413,39.6677638,POINT (-105.0665413 39.6677638)
4100,,-104.9652173,39.6820992,POINT (-104.9652173 39.6820992)
4101,,-104.9650811,39.6847383,POINT (-104.9650811 39.6847383)
4102,,-104.9652367,39.6802827,POINT (-104.9652367 39.6802827)
4103,,-104.9330681,39.6820808,POINT (-104.9330681 39.6820808)
4104,,-104.9316643,39.6812435,POINT (-104.9316643 39.6812435)
4105,,-104.9212268,39.6820859,POINT (-104.9212268 39.6820859)
4106,,-104.9222409,39.6820907,POINT (-104.9222409 39.6820907)
4107,,-104.9202597,39.6820823,POINT (-104.9202597 39.6820823)
4108,,-104.9193156,39.6820823,POINT (-104.9193156 39.6820823)
4109,,-104.9183285,39.6820757,POINT (-104.9183285 39.6820757)
4110,,-104.917034,39.682087,POINT (-104.917034 39.682087)
4111,,-104.9140166,39.6820734,POINT (-104.9140166 39.6820734)
4112,,-104.9129712,39.6820704,POINT (-104.9129712 39.6820704)
4113,,-104.9082043,39.6820731,POINT (-104.9082043 39.6820731)
4114,,-104.9096122,39.6820719,POINT (-104.9096122 39.6820719)
4115,,-105.0110057,39.7048047,POINT (-105.0110057 39.7048047)
4116,,-105.0110049,39.7056649,POINT (-105.0110049 39.7056649)
4117,,-105.011002,39.7039846,POINT (-105.011002 39.7039846)
4118,,-104.8971391,39.7189288,POINT (-104.8971391 39.7189288)
4119,,-104.8873623,39.7285131,POINT (-104.8873623 39.7285131)
4120,,-104.8866431,39.726401,POINT (-104.8866431 39.726401)
4121,,-104.8855364,39.7252575,POINT (-104.8855364 39.7252575)
4122,,-104.8842081,39.7238476,POINT (-104.8842081 39.7238476)
4123,,-104.8848136,39.7312571,POINT (-104.8848136 39.7312571)
4124,,-104.8868189,39.7292502,POINT (-104.8868189 39.7292502)
4125,,-104.8846609,39.7387195,POINT (-104.8846609 39.7387195)
4126,,-104.885856,39.7372857,POINT (-104.885856 39.7372857)
4127,,-104.8846575,39.7401119,POINT (-104.8846575 39.7401119)
4128,,-104.8846614,39.7456071,POINT (-104.8846614 39.7456071)
4129,,-104.8846717,39.7474549,POINT (-104.8846717 39.7474549)
4130,,-104.9799408,39.7216008,POINT (-104.9799408 39.7216008)
4131,,-104.9798884,39.7368849,POINT (-104.9798884 39.7368849)
4132,,-104.9787415,39.738433,POINT (-104.9787415 39.738433)
4133,,-104.8788728,39.6543361,POINT (-104.8788728 39.6543361)
4134,,-104.8778103,39.6543311,POINT (-104.8778103 39.6543311)
4135,,-104.8798202,39.6542128,POINT (-104.8798202 39.6542128)
4136,,-104.9851193,39.693027,POINT (-104.9851193 39.693027)
4137,,-104.9862606,39.6930305,POINT (-104.9862606 39.6930305)
4138,,-104.9852125,39.6785515,POINT (-104.9852125 39.6785515)
4139,,-104.984048,39.678517,POINT (-104.984048 39.678517)
4140,,-104.986357,39.678537,POINT (-104.986357 39.678537)
4141,,-104.8178628,39.7735316,POINT (-104.8178628 39.7735316)
4142,,-104.9850335,39.7147452,POINT (-104.9850335 39.7147452)
4143,,-104.986249,39.7147611,POINT (-104.986249 39.7147611)
4144,,-104.8139232,39.7735678,POINT (-104.8139232 39.7735678)
4145,,-104.9851087,39.7019787,POINT (-104.9851087 39.7019787)
4146,,-104.9857036,39.7019734,POINT (-104.9857036 39.7019734)
4147,,-105.0268338,39.7512005,POINT (-105.0268338 39.7512005)
4148,,-105.0252963,39.7511997,POINT (-105.0252963 39.7511997)
4149,,-105.0283948,39.7512013,POINT (-105.0283948 39.7512013)
4150,,-105.0299612,39.7512021,POINT (-105.0299612 39.7512021)
4151,,-104.8358097,39.7910745,POINT (-104.8358097 39.7910745)
4152,,-104.8449118,39.7858265,POINT (-104.8449118 39.7858265)
4153,,-104.8440878,39.7855693,POINT (-104.8440878 39.7855693)
4154,,-104.8432467,39.7853054,POINT (-104.8432467 39.7853054)
4155,,-104.8424313,39.7850548,POINT (-104.8424313 39.7850548)
4156,,-104.8415815,39.7848042,POINT (-104.8415815 39.7848042)
4157,,-104.8352215,39.7858001,POINT (-104.8352215 39.7858001)
4158,,-104.8344318,39.7854703,POINT (-104.8344318 39.7854703)
4159,,-104.8336594,39.7851471,POINT (-104.8336594 39.7851471)
4160,,-104.8328783,39.7848305,POINT (-104.8328783 39.7848305)
4161,,-104.8313162,39.7841776,POINT (-104.8313162 39.7841776)
4162,,-104.8312043,39.7843357,POINT (-104.8312043 39.7843357)
4163,,-104.8304236,39.7838148,POINT (-104.8304236 39.7838148)
4164,,-104.8329041,39.7823637,POINT (-104.8329041 39.7823637)
4165,,-104.8280203,39.7823307,POINT (-104.8280203 39.7823307)
4166,,-105.0640589,39.658314,POINT (-105.0640589 39.658314)
4167,,-105.0647005,39.6589404,POINT (-105.0647005 39.6589404)
4168,,-105.0633105,39.6576656,POINT (-105.0633105 39.6576656)
4169,,-104.9585757,39.7607368,POINT (-104.9585757 39.7607368)
4170,,-104.9576989,39.7607991,POINT (-104.9576989 39.7607991)
4171,,-104.9597617,39.7619868,POINT (-104.9597617 39.7619868)
4172,,-104.9587435,39.7819608,POINT (-104.9587435 39.7819608)
4173,,-104.9593091,39.7181916,POINT (-104.9593091 39.7181916)
4174,,-104.9590931,39.7181806,POINT (-104.9590931 39.7181806)
4175,,-104.9593149,39.7177851,POINT (-104.9593149 39.7177851)
4176,,-104.9582561,39.7248288,POINT (-104.9582561 39.7248288)
4177,,-104.9582261,39.7256145,POINT (-104.9582261 39.7256145)
4178,,-104.958869,39.7256124,POINT (-104.958869 39.7256124)
4179,,-104.9590238,39.7271173,POINT (-104.9590238 39.7271173)
4180,,-104.9597916,39.7368237,POINT (-104.9597916 39.7368237)
4181,,-104.9586941,39.7383938,POINT (-104.9586941 39.7383938)
4182,,-104.9884893,39.7405273,POINT (-104.9884893 39.7405273)
4183,,-104.9888647,39.7407944,POINT (-104.9888647 39.7407944)
4184,,-104.9888126,39.7406383,POINT (-104.9888126 39.7406383)
4185,,-104.996484,39.7400125,POINT (-104.996484 39.7400125)
4186,,-104.9964859,39.74015,POINT (-104.9964859 39.74015)
4187,,-105.0311313,39.7403092,POINT (-105.0311313 39.7403092)
4188,,-105.0298737,39.7402995,POINT (-105.0298737 39.7402995)
4189,,-105.0330775,39.740351,POINT (-105.0330775 39.740351)
4190,,-105.0334327,39.7403512,POINT (-105.0334327 39.7403512)
4191,,-105.03227,39.7403506,POINT (-105.03227 39.7403506)
4192,,-105.0346165,39.7403519,POINT (-105.0346165 39.7403519)
4193,,-105.0498221,39.7403602,POINT (-105.0498221 39.7403602)
4194,,-105.0509346,39.7403604,POINT (-105.0509346 39.7403604)
4195,,-105.0486898,39.7403595,POINT (-105.0486898 39.7403595)
4196,,-105.0512642,39.7403609,POINT (-105.0512642 39.7403609)
4197,,-105.0520962,39.740412,POINT (-105.0520962 39.740412)
4198,,-105.0531627,39.7404204,POINT (-105.0531627 39.7404204)
4199,,-104.9316496,39.6649851,POINT (-104.9316496 39.6649851)
4200,,-104.9316377,39.6662359,POINT (-104.9316377 39.6662359)
4201,,-104.9316511,39.6641577,POINT (-104.9316511 39.6641577)
4202,,-104.9757625,39.7183262,POINT (-104.9757625 39.7183262)
4203,,-104.9775336,39.7193122,POINT (-104.9775336 39.7193122)
4204,,-104.9761791,39.7400161,POINT (-104.9761791 39.7400161)
4205,,-104.9753186,39.7400184,POINT (-104.9753186 39.7400184)
4206,,-104.9761639,39.7458919,POINT (-104.9761639 39.7458919)
4207,,-104.975307,39.7452483,POINT (-104.975307 39.7452483)
4208,,-104.9763992,39.7195359,POINT (-104.9763992 39.7195359)
4209,,-104.9752515,39.7255902,POINT (-104.9752515 39.7255902)
4210,,-104.9764616,39.7368828,POINT (-104.9764616 39.7368828)
4211,,-104.9753095,39.7384229,POINT (-104.9753095 39.7384229)
4212,,-104.9594545,39.7248125,POINT (-104.9594545 39.7248125)
4213,,-104.9594585,39.7241347,POINT (-104.9594585 39.7241347)
4214,,-104.9601619,39.7256124,POINT (-104.9601619 39.7256124)
4215,,-104.9594535,39.725616,POINT (-104.9594535 39.725616)
4216,,-104.9610315,39.7368253,POINT (-104.9610315 39.7368253)
4217,,-104.9597883,39.7383956,POINT (-104.9597883 39.7383956)
4218,,-104.9610195,39.7400012,POINT (-104.9610195 39.7400012)
4219,,-104.9610098,39.7494673,POINT (-104.9610098 39.7494673)
4220,,-104.9597549,39.7507221,POINT (-104.9597549 39.7507221)
4221,,-104.9610026,39.7507181,POINT (-104.9610026 39.7507181)
4222,,-104.9597632,39.7519678,POINT (-104.9597632 39.7519678)
4223,,-104.9609921,39.7582288,POINT (-104.9609921 39.7582288)
4224,,-104.9597597,39.7632466,POINT (-104.9597597 39.7632466)
4225,,-104.9609868,39.7619888,POINT (-104.9609868 39.7619888)
4226,,-104.9597545,39.7692848,POINT (-104.9597545 39.7692848)
4227,,-104.9609782,39.7681541,POINT (-104.9609782 39.7681541)
4228,,-104.959748,39.7709111,POINT (-104.959748 39.7709111)
4229,,-104.9592891,39.7819637,POINT (-104.9592891 39.7819637)
4230,,-104.959355,39.7806695,POINT (-104.959355 39.7806695)
4231,,-104.9592835,39.7826843,POINT (-104.9592835 39.7826843)
4232,,-104.9592677,39.7822966,POINT (-104.9592677 39.7822966)
4233,,-104.8124039,39.7768893,POINT (-104.8124039 39.7768893)
4234,,-104.8115417,39.776657,POINT (-104.8115417 39.776657)
4235,,-104.9000871,39.6574841,POINT (-104.9000871 39.6574841)
4236,,-104.8999586,39.6575532,POINT (-104.8999586 39.6575532)
4237,,-104.9045243,39.6566744,POINT (-104.9045243 39.6566744)
4238,,-104.8988304,39.6542774,POINT (-104.8988304 39.6542774)
4239,,-104.8987352,39.6535428,POINT (-104.8987352 39.6535428)
4240,,-104.8987927,39.651318,POINT (-104.8987927 39.651318)
4241,,-104.8987544,39.65304,POINT (-104.8987544 39.65304)
4242,,-104.8931758,39.6410324,POINT (-104.8931758 39.6410324)
4243,,-104.8930701,39.6404353,POINT (-104.8930701 39.6404353)
4244,,-104.8928104,39.6393113,POINT (-104.8928104 39.6393113)
4245,,-104.8928935,39.6396116,POINT (-104.8928935 39.6396116)
4246,,-104.8927729,39.6391596,POINT (-104.8927729 39.6391596)
4247,,-105.0384953,39.7112926,POINT (-105.0384953 39.7112926)
4248,,-105.0397102,39.7113043,POINT (-105.0397102 39.7113043)
4249,,-105.0378439,39.6894937,POINT (-105.0378439 39.6894937)
4250,,-105.0390542,39.6894959,POINT (-105.0390542 39.6894959)
4251,,-105.0390087,39.6609656,POINT (-105.0390087 39.6609656)
4252,,-105.0399387,39.6605944,POINT (-105.0399387 39.6605944)
4253,,-105.0381403,39.7074441,POINT (-105.0381403 39.7074441)
4254,,-105.0391266,39.7067585,POINT (-105.0391266 39.7067585)
4255,,-105.0381288,39.704008,POINT (-105.0381288 39.704008)
4256,,-105.0371012,39.7039697,POINT (-105.0371012 39.7039697)
4257,,-105.0391186,39.7039759,POINT (-105.0391186 39.7039759)
4258,,-105.0374137,39.678917,POINT (-105.0374137 39.678917)
4259,,-105.0377239,39.6723,POINT (-105.0377239 39.6723)
4260,,-105.0386509,39.6723066,POINT (-105.0386509 39.6723066)
4261,,-105.0377709,39.6677109,POINT (-105.0377709 39.6677109)
4262,,-105.0386892,39.6677175,POINT (-105.0386892 39.6677175)
4263,,-105.0379341,39.7003745,POINT (-105.0379341 39.7003745)
4264,,-105.0391185,39.7003797,POINT (-105.0391185 39.7003797)
4265,,-105.0750002,39.6617619,POINT (-105.0750002 39.6617619)
4266,,-104.8472761,39.7982416,POINT (-104.8472761 39.7982416)
4267,,-104.8471038,39.7982324,POINT (-104.8471038 39.7982324)
4268,,-104.847265,39.7963036,POINT (-104.847265 39.7963036)
4269,,-104.8500116,39.7983364,POINT (-104.8500116 39.7983364)
4270,,-104.8472412,39.7942447,POINT (-104.8472412 39.7942447)
4271,,-104.8471853,39.7892778,POINT (-104.8471853 39.7892778)
4272,,-104.8470054,39.7892781,POINT (-104.8470054 39.7892781)
4273,,-104.8471502,39.7864072,POINT (-104.8471502 39.7864072)
4274,,-104.989964,39.7165903,POINT (-104.989964 39.7165903)
4275,,-104.9908386,39.7246263,POINT (-104.9908386 39.7246263)
4276,,-104.9902595,39.7304656,POINT (-104.9902595 39.7304656)
4277,,-104.9902658,39.7320542,POINT (-104.9902658 39.7320542)
4278,,-104.9888446,39.7338498,POINT (-104.9888446 39.7338498)
4279,,-104.9888432,39.7352644,POINT (-104.9888432 39.7352644)
4280,,-104.9043373,39.6411197,POINT (-104.9043373 39.6411197)
4281,,-104.9051923,39.6406263,POINT (-104.9051923 39.6406263)
4282,,-104.9028552,39.6411265,POINT (-104.9028552 39.6411265)
4283,,-104.9019358,39.6411233,POINT (-104.9019358 39.6411233)
4284,,-104.8969752,39.6417404,POINT (-104.8969752 39.6417404)
4285,,-104.8964511,39.6422872,POINT (-104.8964511 39.6422872)
4286,,-104.9779587,39.6923478,POINT (-104.9779587 39.6923478)
4287,,-104.9769705,39.691465,POINT (-104.9769705 39.691465)
4288,,-104.9781182,39.6893913,POINT (-104.9781182 39.6893913)
4289,,-104.9769665,39.689389,POINT (-104.9769665 39.689389)
4290,,-104.9781143,39.6875752,POINT (-104.9781143 39.6875752)
4291,,-104.976963,39.6875718,POINT (-104.976963 39.6875718)
4292,,-104.9781351,39.6785327,POINT (-104.9781351 39.6785327)
4293,,-104.9769195,39.678526,POINT (-104.9769195 39.678526)
4294,,-104.9781077,39.7020481,POINT (-104.9781077 39.7020481)
4295,,-104.9769266,39.7020648,POINT (-104.9769266 39.7020648)
4296,,-104.978251,39.6938822,POINT (-104.978251 39.6938822)
4297,,-104.9792579,39.6947744,POINT (-104.9792579 39.6947744)
4298,,-104.9788846,39.6712815,POINT (-104.9788846 39.6712815)
4299,,-104.9757965,39.671283,POINT (-104.9757965 39.671283)
4300,,-105.0623476,39.6570172,POINT (-105.0623476 39.6570172)
4301,,-104.8200103,39.7976007,POINT (-104.8200103 39.7976007)
4302,,-104.8845482,39.6650823,POINT (-104.8845482 39.6650823)
4303,,-104.8843995,39.6654461,POINT (-104.8843995 39.6654461)
4304,,-105.0109855,39.7025566,POINT (-105.0109855 39.7025566)
4305,,-105.0417386,39.6701206,POINT (-105.0417386 39.6701206)
4306,,-105.0417462,39.6681603,POINT (-105.0417462 39.6681603)
4307,,-105.0121335,39.6991123,POINT (-105.0121335 39.6991123)
4308,,-105.0250932,39.6701539,POINT (-105.0250932 39.6701539)
4309,,-105.0250952,39.6685505,POINT (-105.0250952 39.6685505)
4310,,-105.0250188,39.6706476,POINT (-105.0250188 39.6706476)
4311,,-104.9875267,39.6694804,POINT (-104.9875267 39.6694804)
4312,,-104.987526,39.6712781,POINT (-104.987526 39.6712781)
4313,,-104.9708765,39.7681723,POINT (-104.9708765 39.7681723)
4314,,-104.9696489,39.7681692,POINT (-104.9696489 39.7681692)
4315,,-104.8344698,39.7731239,POINT (-104.8344698 39.7731239)
4316,,-104.970693,39.7368836,POINT (-104.970693 39.7368836)
4317,,-104.9718468,39.7368819,POINT (-104.9718468 39.7368819)
4318,,-104.9707045,39.7384137,POINT (-104.9707045 39.7384137)
4319,,-104.970715,39.7400217,POINT (-104.970715 39.7400217)
4320,,-104.969685,39.7400198,POINT (-104.969685 39.7400198)
4321,,-104.9708859,39.7607541,POINT (-104.9708859 39.7607541)
4322,,-104.9684087,39.7710595,POINT (-104.9684087 39.7710595)
4323,,-104.971867,39.7400243,POINT (-104.971867 39.7400243)
4324,,-104.9709164,39.7418923,POINT (-104.9709164 39.7418923)
4325,,-104.9721398,39.7428295,POINT (-104.9721398 39.7428295)
4326,,-104.9709035,39.7482183,POINT (-104.9709035 39.7482183)
4327,,-104.9721336,39.7482188,POINT (-104.9721336 39.7482188)
4328,,-105.0715281,39.6677638,POINT (-105.0715281 39.6677638)
4329,,-105.0717729,39.6606981,POINT (-105.0717729 39.6606981)
4330,,-104.9384059,39.7341759,POINT (-104.9384059 39.7341759)
4331,,-104.9373065,39.7338382,POINT (-104.9373065 39.7338382)
4332,,-104.9361524,39.7336487,POINT (-104.9361524 39.7336487)
4333,,-104.9273025,39.7310532,POINT (-104.9273025 39.7310532)
4334,,-104.9269907,39.7308816,POINT (-104.9269907 39.7308816)
4335,,-104.9257605,39.7300334,POINT (-104.9257605 39.7300334)
4336,,-104.9253323,39.7297118,POINT (-104.9253323 39.7297118)
4337,,-104.9384076,39.7343969,POINT (-104.9384076 39.7343969)
4338,,-104.937306,39.7340464,POINT (-104.937306 39.7340464)
4339,,-104.9361551,39.7338602,POINT (-104.9361551 39.7338602)
4340,,-104.9281161,39.7316584,POINT (-104.9281161 39.7316584)
4341,,-104.9257606,39.7302955,POINT (-104.9257606 39.7302955)
4342,,-104.8446745,39.7892912,POINT (-104.8446745 39.7892912)
4343,,-104.8437818,39.7892978,POINT (-104.8437818 39.7892978)
4344,,-104.8241489,39.7916518,POINT (-104.8241489 39.7916518)
4345,,-104.8237596,39.792823,POINT (-104.8237596 39.792823)
4346,,-104.8246458,39.7906712,POINT (-104.8246458 39.7906712)
4347,,-104.9499475,39.7162586,POINT (-104.9499475 39.7162586)
4348,,-104.9497744,39.7162589,POINT (-104.9497744 39.7162589)
4349,,-104.9499566,39.7146537,POINT (-104.9499566 39.7146537)
4350,,-104.9485971,39.7162029,POINT (-104.9485971 39.7162029)
4351,,-104.9479908,39.7162457,POINT (-104.9479908 39.7162457)
4352,,-104.9862386,39.7165499,POINT (-104.9862386 39.7165499)
4353,,-104.9862279,39.718349,POINT (-104.9862279 39.718349)
4354,,-104.9874863,39.716568,POINT (-104.9874863 39.716568)
4355,,-105.025012,39.7020767,POINT (-105.025012 39.7020767)
4356,,-105.0250301,39.7039229,POINT (-105.0250301 39.7039229)
4357,,-105.0394702,39.7255092,POINT (-105.0394702 39.7255092)
4358,,-104.9963775,39.7256852,POINT (-104.9963775 39.7256852)
4359,,-104.9985949,39.7256957,POINT (-104.9985949 39.7256957)
4360,,-104.9888684,39.7256472,POINT (-104.9888684 39.7256472)
4361,,-104.9874639,39.7256404,POINT (-104.9874639 39.7256404)
4362,,-104.9891974,39.71658,POINT (-104.9891974 39.71658)
4363,,-104.9891795,39.7256489,POINT (-104.9891795 39.7256489)
4364,,-104.9193242,39.7253379,POINT (-104.9193242 39.7253379)
4365,,-104.9183538,39.7253408,POINT (-104.9183538 39.7253408)
4366,,-104.9565034,39.6821244,POINT (-104.9565034 39.6821244)
4367,,-104.9565248,39.6784774,POINT (-104.9565248 39.6784774)
4368,,-104.9547207,39.6856988,POINT (-104.9547207 39.6856988)
4369,,-105.0381076,39.7911384,POINT (-105.0381076 39.7911384)
4370,,-105.0392746,39.7911321,POINT (-105.0392746 39.7911321)
4371,,-105.0404255,39.7911259,POINT (-105.0404255 39.7911259)
4372,,-105.0415898,39.7911196,POINT (-105.0415898 39.7911196)
4373,,-105.0427396,39.7911133,POINT (-105.0427396 39.7911133)
4374,,-105.0440217,39.7648376,POINT (-105.0440217 39.7648376)
4375,,-105.0440228,39.7657641,POINT (-105.0440228 39.7657641)
4376,,-105.0440206,39.7639396,POINT (-105.0440206 39.7639396)
4377,,-104.75956,39.7753512,POINT (-104.75956 39.7753512)
4378,,-104.912888,39.783826,POINT (-104.912888 39.783826)
4379,,-104.9151695,39.7510839,POINT (-104.9151695 39.7510839)
4380,,-104.9152247,39.7583775,POINT (-104.9152247 39.7583775)
4381,,-104.915224,39.7620028,POINT (-104.915224 39.7620028)
4382,,-104.916373,39.7619956,POINT (-104.916373 39.7619956)
4383,,-104.9152617,39.769257,POINT (-104.9152617 39.769257)
4384,,-104.9150488,39.7256381,POINT (-104.9150488 39.7256381)
4385,,-104.9161523,39.7256369,POINT (-104.9161523 39.7256369)
4386,,-104.9150618,39.7367733,POINT (-104.9150618 39.7367733)
4387,,-104.9150659,39.7383422,POINT (-104.9150659 39.7383422)
4388,,-104.9139642,39.7383385,POINT (-104.9139642 39.7383385)
4389,,-104.9150635,39.7401022,POINT (-104.9150635 39.7401022)
4390,,-104.9139623,39.7401022,POINT (-104.9139623 39.7401022)
4391,,-104.8564061,39.7686823,POINT (-104.8564061 39.7686823)
4392,,-104.8517262,39.7683278,POINT (-104.8517262 39.7683278)
4393,,-104.8611097,39.7690261,POINT (-104.8611097 39.7690261)
4394,,-104.856414,39.7729106,POINT (-104.856414 39.7729106)
4395,,-104.8517207,39.7729058,POINT (-104.8517207 39.7729058)
4396,,-104.8611044,39.7729124,POINT (-104.8611044 39.7729124)
4397,,-104.8566075,39.7823752,POINT (-104.8566075 39.7823752)
4398,,-104.8548498,39.782377,POINT (-104.8548498 39.782377)
4399,,-104.8589942,39.7823738,POINT (-104.8589942 39.7823738)
4400,,-105.0391269,39.7021872,POINT (-105.0391269 39.7021872)
4401,,-104.9721123,39.7679007,POINT (-104.9721123 39.7679007)
4402,,-104.9671852,39.7681629,POINT (-104.9671852 39.7681629)
4403,,-105.0391204,39.7030794,POINT (-105.0391204 39.7030794)
4404,,-104.9487222,39.768114,POINT (-104.9487222 39.768114)
4405,,-104.949912,39.7692097,POINT (-104.949912 39.7692097)
4406,,-105.0158289,39.7565902,POINT (-105.0158289 39.7565902)
4407,,-104.9417083,39.7680919,POINT (-104.9417083 39.7680919)
4408,,-104.9406551,39.7680896,POINT (-104.9406551 39.7680896)
4409,,-104.9404829,39.7680893,POINT (-104.9404829 39.7680893)
4410,,-104.7573683,39.781781,POINT (-104.7573683 39.781781)
4411,,-104.758382,39.7815889,POINT (-104.758382 39.7815889)
4412,,-104.757052,39.7817822,POINT (-104.757052 39.7817822)
4413,,-104.7553845,39.7787052,POINT (-104.7553845 39.7787052)
4414,,-104.7540917,39.7772798,POINT (-104.7540917 39.7772798)
4415,,-104.8222877,39.7758721,POINT (-104.8222877 39.7758721)
4416,,-104.8215363,39.7754644,POINT (-104.8215363 39.7754644)
4417,,-104.8216052,39.7789392,POINT (-104.8216052 39.7789392)
4418,,-104.8207507,39.7789359,POINT (-104.8207507 39.7789359)
4419,,-104.8197339,39.7820871,POINT (-104.8197339 39.7820871)
4420,,-104.982599,39.7226064,POINT (-104.982599 39.7226064)
4421,,-104.9802909,39.7211406,POINT (-104.9802909 39.7211406)
4422,,-104.9826226,39.7218774,POINT (-104.9826226 39.7218774)
4423,,-104.9836239,39.7241045,POINT (-104.9836239 39.7241045)
4424,,-104.9823654,39.7241182,POINT (-104.9823654 39.7241182)
4425,,-104.9823717,39.725624,POINT (-104.9823717 39.725624)
4426,,-104.9822887,39.7304513,POINT (-104.9822887 39.7304513)
4427,,-104.9822747,39.7320499,POINT (-104.9822747 39.7320499)
4428,,-104.9823236,39.7384439,POINT (-104.9823236 39.7384439)
4429,,-104.9836035,39.7368676,POINT (-104.9836035 39.7368676)
4430,,-104.9835961,39.7461814,POINT (-104.9835961 39.7461814)
4431,,-105.0590397,39.6677836,POINT (-105.0590397 39.6677836)
4432,,-105.0600522,39.6677728,POINT (-105.0600522 39.6677728)
4433,,-105.0579754,39.6677836,POINT (-105.0579754 39.6677836)
4434,,-105.0330747,39.7439538,POINT (-105.0330747 39.7439538)
4435,,-105.0345951,39.7439584,POINT (-105.0345951 39.7439584)
4436,,-105.0440226,39.7572919,POINT (-105.0440226 39.7572919)
4437,,-105.0440235,39.7567014,POINT (-105.0440235 39.7567014)
4438,,-105.0393228,39.7439682,POINT (-105.0393228 39.7439682)
4439,,-105.0451672,39.7439779,POINT (-105.0451672 39.7439779)
4440,,-105.0463305,39.7439798,POINT (-105.0463305 39.7439798)
4441,,-105.0509262,39.7439874,POINT (-105.0509262 39.7439874)
4442,,-104.8987839,39.7387162,POINT (-104.8987839 39.7387162)
4443,,-104.899989,39.7372827,POINT (-104.899989 39.7372827)
4444,,-104.8987812,39.7401114,POINT (-104.8987812 39.7401114)
4445,,-104.8987417,39.7498227,POINT (-104.8987417 39.7498227)
4446,,-104.8987436,39.7510136,POINT (-104.8987436 39.7510136)
4447,,-104.8987478,39.7479076,POINT (-104.8987478 39.7479076)
4448,,-105.0457653,39.7020767,POINT (-105.0457653 39.7020767)
4449,,-105.0456001,39.7021909,POINT (-105.0456001 39.7021909)
4450,,-104.8988251,39.7255287,POINT (-104.8988251 39.7255287)
4451,,-104.8988295,39.7250528,POINT (-104.8988295 39.7250528)
4452,,-105.0238566,39.7112315,POINT (-105.0238566 39.7112315)
4453,,-105.0467948,39.7013647,POINT (-105.0467948 39.7013647)
4454,,-105.0238456,39.7039039,POINT (-105.0238456 39.7039039)
4455,,-105.0238428,39.7004105,POINT (-105.0238428 39.7004105)
4456,,-105.022804,39.6605064,POINT (-105.022804 39.6605064)
4457,,-105.0221247,39.6605073,POINT (-105.0221247 39.6605073)
4458,,-105.0230425,39.6605061,POINT (-105.0230425 39.6605061)
4459,,-105.0251529,39.6605034,POINT (-105.0251529 39.6605034)
4460,,-105.0227209,39.6894972,POINT (-105.0227209 39.6894972)
4461,,-105.0231844,39.6894953,POINT (-105.0231844 39.6894953)
4462,,-105.0461041,39.6581333,POINT (-105.0461041 39.6581333)
4463,,-105.0459441,39.6792631,POINT (-105.0459441 39.6792631)
4464,,-105.0455385,39.6677572,POINT (-105.0455385 39.6677572)
4465,,-105.0448433,39.6677506,POINT (-105.0448433 39.6677506)
4466,,-105.0458692,39.6738987,POINT (-105.0458692 39.6738987)
4467,,-104.9737157,39.7607506,POINT (-104.9737157 39.7607506)
4468,,-105.0440209,39.7584929,POINT (-105.0440209 39.7584929)
4469,,-104.9793215,39.7632239,POINT (-104.9793215 39.7632239)
4470,,-105.0461736,39.6895084,POINT (-105.0461736 39.6895084)
4471,,-105.0471177,39.6895101,POINT (-105.0471177 39.6895101)
4472,,-105.0452295,39.6895068,POINT (-105.0452295 39.6895068)
4473,,-105.0327527,39.7112642,POINT (-105.0327527 39.7112642)
4474,,-105.0329301,39.7111444,POINT (-105.0329301 39.7111444)
4475,,-105.0336814,39.7112779,POINT (-105.0336814 39.7112779)
4476,,-105.0397013,39.7063497,POINT (-105.0397013 39.7063497)
4477,,-105.040868,39.7055246,POINT (-105.040868 39.7055246)
4478,,-105.0395334,39.7039479,POINT (-105.0395334 39.7039479)
4479,,-105.0420237,39.7047131,POINT (-105.0420237 39.7047131)
4480,,-105.0430781,39.7039727,POINT (-105.0430781 39.7039727)
4481,,-105.0469891,39.7004144,POINT (-105.0469891 39.7004144)
4482,,-105.0514663,39.698078,POINT (-105.0514663 39.698078)
4483,,-105.0174323,39.7765731,POINT (-105.0174323 39.7765731)
4484,,-104.8132022,39.7771202,POINT (-104.8132022 39.7771202)
4485,,-104.8123465,39.7747922,POINT (-104.8123465 39.7747922)
4486,,-104.8129629,39.7743045,POINT (-104.8129629 39.7743045)
4487,,-104.8115943,39.7750353,POINT (-104.8115943 39.7750353)
4488,,-104.8098014,39.7836628,POINT (-104.8098014 39.7836628)
4489,,-104.928202,39.652987,POINT (-104.928202 39.652987)
4490,,-104.9271828,39.6529917,POINT (-104.9271828 39.6529917)
4491,,-104.9864574,39.7482121,POINT (-104.9864574 39.7482121)
4492,,-104.9891054,39.7502576,POINT (-104.9891054 39.7502576)
4493,,-104.9873737,39.7502365,POINT (-104.9873737 39.7502365)
4494,,-104.9925975,39.7529353,POINT (-104.9925975 39.7529353)
4495,,-104.752799,39.7820953,POINT (-104.752799 39.7820953)
4496,,-104.7546858,39.7827306,POINT (-104.7546858 39.7827306)
4497,,-104.7513564,39.7744664,POINT (-104.7513564 39.7744664)
4498,,-104.7521364,39.7747577,POINT (-104.7521364 39.7747577)
4499,,-104.7494742,39.7740798,POINT (-104.7494742 39.7740798)
4500,,-104.9799098,39.7506379,POINT (-104.9799098 39.7506379)
4501,,-104.9786925,39.7515722,POINT (-104.9786925 39.7515722)
4502,,-104.9805649,39.7501354,POINT (-104.9805649 39.7501354)
4503,,-104.9819964,39.7503752,POINT (-104.9819964 39.7503752)
4504,,-104.983396,39.7533275,POINT (-104.983396 39.7533275)
4505,,-104.9877614,39.7566841,POINT (-104.9877614 39.7566841)
4506,,-104.9889675,39.7557505,POINT (-104.9889675 39.7557505)
4507,,-104.789256,39.7728961,POINT (-104.789256 39.7728961)
4508,,-104.789998,39.773293,POINT (-104.789998 39.773293)
4509,,-104.9965056,39.7336903,POINT (-104.9965056 39.7336903)
4510,,-104.9968679,39.7354342,POINT (-104.9968679 39.7354342)
4511,,-104.9976174,39.7336928,POINT (-104.9976174 39.7336928)
4512,,-104.9950132,39.7336869,POINT (-104.9950132 39.7336869)
4513,,-104.9964411,39.7320969,POINT (-104.9964411 39.7320969)
4514,,-104.9986793,39.7352813,POINT (-104.9986793 39.7352813)
4515,,-105.0150947,39.7338979,POINT (-105.0150947 39.7338979)
4516,,-105.0129642,39.7352422,POINT (-105.0129642 39.7352422)
4517,,-105.0151601,39.7318888,POINT (-105.0151601 39.7318888)
4518,,-104.8312846,39.7942964,POINT (-104.8312846 39.7942964)
4519,,-104.8303306,39.7941105,POINT (-104.8303306 39.7941105)
4520,,-104.8255502,39.793179,POINT (-104.8255502 39.793179)
4521,,-104.8219612,39.7924665,POINT (-104.8219612 39.7924665)
4522,,-104.8237142,39.7929658,POINT (-104.8237142 39.7929658)
4523,,-104.8210365,39.7922867,POINT (-104.8210365 39.7922867)
4524,,-104.8187843,39.7919529,POINT (-104.8187843 39.7919529)
4525,,-104.8173581,39.7925557,POINT (-104.8173581 39.7925557)
4526,,-104.8167159,39.7930143,POINT (-104.8167159 39.7930143)
4527,,-104.8185277,39.7919678,POINT (-104.8185277 39.7919678)
4528,,-104.8160701,39.7934551,POINT (-104.8160701 39.7934551)
4529,,-104.8095407,39.7947871,POINT (-104.8095407 39.7947871)
4530,,-104.8097813,39.790431,POINT (-104.8097813 39.790431)
4531,,-104.894285,39.7282366,POINT (-104.894285 39.7282366)
4532,,-104.896253,39.729143,POINT (-104.896253 39.729143)
4533,,-104.9659605,39.7482166,POINT (-104.9659605 39.7482166)
4534,,-104.9671912,39.7482171,POINT (-104.9671912 39.7482171)
4535,,-104.967192,39.7494663,POINT (-104.967192 39.7494663)
4536,,-104.9671811,39.7507177,POINT (-104.9671811 39.7507177)
4537,,-104.9671841,39.758237,POINT (-104.9671841 39.758237)
4538,,-104.9659587,39.7619965,POINT (-104.9659587 39.7619965)
4539,,-104.9671901,39.7619985,POINT (-104.9671901 39.7619985)
4540,,-104.9659549,39.7632515,POINT (-104.9659549 39.7632515)
4541,,-104.9659564,39.7700643,POINT (-104.9659564 39.7700643)
4542,,-104.965957,39.7710484,POINT (-104.965957 39.7710484)
4543,,-104.9658624,39.7255988,POINT (-104.9658624 39.7255988)
4544,,-104.9660097,39.738406,POINT (-104.9660097 39.738406)
4545,,-104.9672409,39.7368331,POINT (-104.9672409 39.7368331)
4546,,-104.9672295,39.7400133,POINT (-104.9672295 39.7400133)
4547,,-104.9672155,39.7460781,POINT (-104.9672155 39.7460781)
4548,,-104.9699024,39.6873956,POINT (-104.9699024 39.6873956)
4549,,-104.9687432,39.6867951,POINT (-104.9687432 39.6867951)
4550,,-104.9699239,39.6784803,POINT (-104.9699239 39.6784803)
4551,,-104.9710964,39.6784927,POINT (-104.9710964 39.6784927)
4552,,-104.969914,39.6929737,POINT (-104.969914 39.6929737)
4553,,-104.9710802,39.6929731,POINT (-104.9710802 39.6929731)
4554,,-104.9687334,39.6929627,POINT (-104.9687334 39.6929627)
4555,,-105.0250393,39.714828,POINT (-105.0250393 39.714828)
4556,,-105.0249778,39.711227,POINT (-105.0249778 39.711227)
4557,,-105.0251956,39.7112265,POINT (-105.0251956 39.7112265)
4558,,-105.0250288,39.7129974,POINT (-105.0250288 39.7129974)
4559,,-105.025021,39.7056905,POINT (-105.025021 39.7056905)
4560,,-105.0250214,39.7075287,POINT (-105.0250214 39.7075287)
4561,,-105.0251448,39.7031172,POINT (-105.0251448 39.7031172)
4562,,-105.0251485,39.7022173,POINT (-105.0251485 39.7022173)
4563,,-105.0251521,39.7013312,POINT (-105.0251521 39.7013312)
4564,,-105.0251444,39.7004106,POINT (-105.0251444 39.7004106)
4565,,-105.025005,39.7004105,POINT (-105.025005 39.7004105)
4566,,-105.0274242,39.7004106,POINT (-105.0274242 39.7004106)
4567,,-105.0251402,39.6992373,POINT (-105.0251402 39.6992373)
4568,,-105.0250192,39.6985988,POINT (-105.0250192 39.6985988)
4569,,-105.0250613,39.6894913,POINT (-105.0250613 39.6894913)
4570,,-105.0250639,39.6908127,POINT (-105.0250639 39.6908127)
4571,,-105.0250452,39.6887984,POINT (-105.0250452 39.6887984)
4572,,-105.0273937,39.6894753,POINT (-105.0273937 39.6894753)
4573,,-105.0251143,39.6849744,POINT (-105.0251143 39.6849744)
4574,,-105.0251187,39.6825409,POINT (-105.0251187 39.6825409)
4575,,-105.0249848,39.6840749,POINT (-105.0249848 39.6840749)
4576,,-105.0249831,39.6849375,POINT (-105.0249831 39.6849375)
4577,,-105.0249735,39.6805254,POINT (-105.0249735 39.6805254)
4578,,-105.0249773,39.6786513,POINT (-105.0249773 39.6786513)
4579,,-105.0275485,39.6786402,POINT (-105.0275485 39.6786402)
4580,,-105.0251481,39.6753031,POINT (-105.0251481 39.6753031)
4581,,-105.0250171,39.6718207,POINT (-105.0250171 39.6718207)
4582,,-105.0250158,39.6727345,POINT (-105.0250158 39.6727345)
4583,,-105.0251067,39.6677142,POINT (-105.0251067 39.6677142)
4584,,-105.0251121,39.6669461,POINT (-105.0251121 39.6669461)
4585,,-105.0260807,39.6677241,POINT (-105.0260807 39.6677241)
4586,,-105.0251177,39.6653394,POINT (-105.0251177 39.6653394)
4587,,-105.0251845,39.6574427,POINT (-105.0251845 39.6574427)
4588,,-104.9861306,39.7384548,POINT (-104.9861306 39.7384548)
4589,,-104.9861301,39.7400087,POINT (-104.9861301 39.7400087)
4590,,-104.9741456,39.7384195,POINT (-104.9741456 39.7384195)
4591,,-104.9684529,39.7399695,POINT (-104.9684529 39.7399695)
4592,,-104.9684749,39.7368347,POINT (-104.9684749 39.7368347)
4593,,-104.9672369,39.738408,POINT (-104.9672369 39.738408)
4594,,-104.9610272,39.7383977,POINT (-104.9610272 39.7383977)
4595,,-104.9551194,39.7383723,POINT (-104.9551194 39.7383723)
4596,,-104.9541554,39.7383722,POINT (-104.9541554 39.7383722)
4597,,-104.9539628,39.7383713,POINT (-104.9539628 39.7383713)
4598,,-104.9483809,39.7383466,POINT (-104.9483809 39.7383466)
4599,,-104.9483746,39.7367742,POINT (-104.9483746 39.7367742)
4600,,-104.94727,39.7383448,POINT (-104.94727 39.7383448)
4601,,-104.9483786,39.740166,POINT (-104.9483786 39.740166)
4602,,-104.9418267,39.7383209,POINT (-104.9418267 39.7383209)
4603,,-104.9407625,39.738303,POINT (-104.9407625 39.738303)
4604,,-104.940597,39.7382951,POINT (-104.940597 39.7382951)
4605,,-104.9407712,39.7367205,POINT (-104.9407712 39.7367205)
4606,,-104.9395064,39.7382902,POINT (-104.9395064 39.7382902)
4607,,-104.9384029,39.7382931,POINT (-104.9384029 39.7382931)
4608,,-104.9373081,39.7382948,POINT (-104.9373081 39.7382948)
4609,,-104.9361749,39.7382991,POINT (-104.9361749 39.7382991)
4610,,-104.9350151,39.7383081,POINT (-104.9350151 39.7383081)
4611,,-104.9246103,39.7383027,POINT (-104.9246103 39.7383027)
4612,,-104.9205652,39.7383273,POINT (-104.9205652 39.7383273)
4613,,-104.9194545,39.7383294,POINT (-104.9194545 39.7383294)
4614,,-104.8999793,39.7387138,POINT (-104.8999793 39.7387138)
4615,,-104.8928827,39.7387146,POINT (-104.8928827 39.7387146)
4616,,-104.8928732,39.7401091,POINT (-104.8928732 39.7401091)
4617,,-104.88819,39.7387156,POINT (-104.88819 39.7387156)
4618,,-104.9761553,39.7589389,POINT (-104.9761553 39.7589389)
4619,,-104.9782379,39.7586686,POINT (-104.9782379 39.7586686)
4620,,-104.9817256,39.7613614,POINT (-104.9817256 39.7613614)
4621,,-104.9829315,39.7604272,POINT (-104.9829315 39.7604272)
4622,,-104.9805188,39.7622963,POINT (-104.9805188 39.7622963)
4623,,-104.8958087,39.6582675,POINT (-104.8958087 39.6582675)
4624,,-104.9139517,39.7253399,POINT (-104.9139517 39.7253399)
4625,,-104.9138492,39.7253391,POINT (-104.9138492 39.7253391)
4626,,-105.0439968,39.7738937,POINT (-105.0439968 39.7738937)
4627,,-105.0439912,39.7747611,POINT (-105.0439912 39.7747611)
4628,,-105.044003,39.7729521,POINT (-105.044003 39.7729521)
4629,,-104.9948221,39.7742316,POINT (-104.9948221 39.7742316)
4630,,-104.9948295,39.7729818,POINT (-104.9948295 39.7729818)
4631,,-104.9874414,39.6894088,POINT (-104.9874414 39.6894088)
4632,,-104.9874363,39.6911884,POINT (-104.9874363 39.6911884)
4633,,-104.9920738,39.6893875,POINT (-104.9920738 39.6893875)
4634,,-104.9923056,39.6893875,POINT (-104.9923056 39.6893875)
4635,,-104.9922464,39.6907183,POINT (-104.9922464 39.6907183)
4636,,-104.9992385,39.6904948,POINT (-104.9992385 39.6904948)
4637,,-105.0078202,39.6894409,POINT (-105.0078202 39.6894409)
4638,,-105.0297035,39.6894732,POINT (-105.0297035 39.6894732)
4639,,-105.0320674,39.6894515,POINT (-105.0320674 39.6894515)
4640,,-105.0325167,39.6894461,POINT (-105.0325167 39.6894461)
4641,,-105.0312704,39.689456,POINT (-105.0312704 39.689456)
4642,,-105.040035,39.6894976,POINT (-105.040035 39.6894976)
4643,,-105.0410322,39.6894994,POINT (-105.0410322 39.6894994)
4644,,-104.7909166,39.7982705,POINT (-104.7909166 39.7982705)
4645,,-104.7908814,39.7982684,POINT (-104.7908814 39.7982684)
4646,,-104.7955224,39.7982987,POINT (-104.7955224 39.7982987)
4647,,-105.0439744,39.7255312,POINT (-105.0439744 39.7255312)
4648,,-105.0440244,39.7560794,POINT (-105.0440244 39.7560794)
4649,,-105.0454887,39.7548645,POINT (-105.0454887 39.7548645)
4650,,-105.0440197,39.7603132,POINT (-105.0440197 39.7603132)
4651,,-105.0440191,39.7612124,POINT (-105.0440191 39.7612124)
4652,,-105.0440203,39.7594106,POINT (-105.0440203 39.7594106)
4653,,-105.0440185,39.7621125,POINT (-105.0440185 39.7621125)
4654,,-105.0440195,39.7630302,POINT (-105.0440195 39.7630302)
4655,,-105.0440239,39.7666544,POINT (-105.0440239 39.7666544)
4656,,-105.044025,39.7675739,POINT (-105.044025 39.7675739)
4657,,-105.0451448,39.7729519,POINT (-105.0451448 39.7729519)
4658,,-105.0439877,39.7752901,POINT (-105.0439877 39.7752901)
4659,,-105.0439793,39.776587,POINT (-105.0439793 39.776587)
4660,,-105.0427609,39.783188,POINT (-105.0427609 39.783188)
4661,,-105.0451305,39.7258028,POINT (-105.0451305 39.7258028)
4662,,-105.0439037,39.7330303,POINT (-105.0439037 39.7330303)
4663,,-105.0440249,39.7330312,POINT (-105.0440249 39.7330312)
4664,,-105.0017548,39.7729879,POINT (-105.0017548 39.7729879)
4665,,-105.0017536,39.7717611,POINT (-105.0017536 39.7717611)
4666,,-105.0017669,39.7742653,POINT (-105.0017669 39.7742653)
4667,,-105.001722,39.7783602,POINT (-105.001722 39.7783602)
4668,,-105.0017543,39.7765645,POINT (-105.0017543 39.7765645)
4669,,-104.9667667,39.7181827,POINT (-104.9667667 39.7181827)
4670,,-104.9665808,39.7181824,POINT (-104.9665808 39.7181824)
4671,,-104.959835,39.7181951,POINT (-104.959835 39.7181951)
4672,,-104.9501375,39.7174198,POINT (-104.9501375 39.7174198)
4673,,-104.9485858,39.7178178,POINT (-104.9485858 39.7178178)
4674,,-104.9413441,39.7177748,POINT (-104.9413441 39.7177748)
4675,,-104.9413002,39.717775,POINT (-104.9413002 39.717775)
4676,,-104.9407767,39.7178053,POINT (-104.9407767 39.7178053)
4677,,-104.9408997,39.717807,POINT (-104.9408997 39.717807)
4678,,-104.940615,39.7178033,POINT (-104.940615 39.7178033)
4679,,-104.9407806,39.7175003,POINT (-104.9407806 39.7175003)
4680,,-104.9395438,39.7178053,POINT (-104.9395438 39.7178053)
4681,,-104.9384362,39.7178079,POINT (-104.9384362 39.7178079)
4682,,-104.9373343,39.7178051,POINT (-104.9373343 39.7178051)
4683,,-104.9351138,39.7178089,POINT (-104.9351138 39.7178089)
4684,,-104.9223048,39.7547043,POINT (-104.9223048 39.7547043)
4685,,-104.9850223,39.718338,POINT (-104.9850223 39.718338)
4686,,-104.9791511,39.7165191,POINT (-104.9791511 39.7165191)
4687,,-104.9746071,39.7183309,POINT (-104.9746071 39.7183309)
4688,,-104.8368692,39.7809375,POINT (-104.8368692 39.7809375)
4689,,-104.8364746,39.7809917,POINT (-104.8364746 39.7809917)
4690,,-104.8297248,39.7864275,POINT (-104.8297248 39.7864275)
4691,,-104.8282866,39.7885527,POINT (-104.8282866 39.7885527)
4692,,-104.8281867,39.7886998,POINT (-104.8281867 39.7886998)
4693,,-104.8265802,39.7878464,POINT (-104.8265802 39.7878464)
4694,,-104.8214229,39.795042,POINT (-104.8214229 39.795042)
4695,,-104.8220838,39.7945936,POINT (-104.8220838 39.7945936)
4696,,-105.0361996,39.7254861,POINT (-105.0361996 39.7254861)
4697,,-105.0355938,39.7254745,POINT (-105.0355938 39.7254745)
4698,,-105.0372994,39.7254954,POINT (-105.0372994 39.7254954)
4699,,-105.0383805,39.7255023,POINT (-105.0383805 39.7255023)
4700,,-105.0394706,39.7257886,POINT (-105.0394706 39.7257886)
4701,,-105.0405462,39.7255138,POINT (-105.0405462 39.7255138)
4702,,-104.8853383,39.6288436,POINT (-104.8853383 39.6288436)
4703,,-104.8853551,39.6271239,POINT (-104.8853551 39.6271239)
4704,,-104.8853078,39.631397,POINT (-104.8853078 39.631397)
4705,,-104.8852288,39.6380971,POINT (-104.8852288 39.6380971)
4706,,-104.8852511,39.6364903,POINT (-104.8852511 39.6364903)
4707,,-104.8851847,39.6405117,POINT (-104.8851847 39.6405117)
4708,,-104.8849089,39.6491251,POINT (-104.8849089 39.6491251)
4709,,-104.8848773,39.6495918,POINT (-104.8848773 39.6495918)
4710,,-104.885044,39.6477417,POINT (-104.885044 39.6477417)
4711,,-104.8848414,39.6507004,POINT (-104.8848414 39.6507004)
4712,,-104.8847708,39.6530656,POINT (-104.8847708 39.6530656)
4713,,-104.8877411,39.6530872,POINT (-104.8877411 39.6530872)
4714,,-104.8815401,39.6530667,POINT (-104.8815401 39.6530667)
4715,,-104.8848114,39.6514308,POINT (-104.8848114 39.6514308)
4716,,-104.8846769,39.6570631,POINT (-104.8846769 39.6570631)
4717,,-104.8846751,39.6572517,POINT (-104.8846751 39.6572517)
4718,,-104.883986,39.6571527,POINT (-104.883986 39.6571527)
4719,,-104.8848146,39.657252,POINT (-104.8848146 39.657252)
4720,,-104.8849608,39.6604484,POINT (-104.8849608 39.6604484)
4721,,-104.9035319,39.7129644,POINT (-104.9035319 39.7129644)
4722,,-104.9035353,39.7113582,POINT (-104.9035353 39.7113582)
4723,,-105.0007254,39.7452556,POINT (-105.0007254 39.7452556)
4724,,-104.9930387,39.740134,POINT (-104.9930387 39.740134)
4725,,-104.99492,39.7417051,POINT (-104.99492 39.7417051)
4726,,-104.9975667,39.7256909,POINT (-104.9975667 39.7256909)
4727,,-104.9975803,39.7273204,POINT (-104.9975803 39.7273204)
4728,,-104.9963829,39.727324,POINT (-104.9963829 39.727324)
4729,,-105.0328414,39.6723069,POINT (-105.0328414 39.6723069)
4730,,-105.0328528,39.6676977,POINT (-105.0328528 39.6676977)
4731,,-105.0608593,39.6677735,POINT (-105.0608593 39.6677735)
4732,,-104.9316429,39.670231,POINT (-104.9316429 39.670231)
4733,,-104.9316442,39.669383,POINT (-104.9316442 39.669383)
4734,,-104.9316425,39.670568,POINT (-104.9316425 39.670568)
4735,,-104.9992044,39.70667,POINT (-104.9992044 39.70667)
4736,,-104.9992033,39.7075522,POINT (-104.9992033 39.7075522)
4737,,-104.9992023,39.7057707,POINT (-104.9992023 39.7057707)
4738,,-104.9781433,39.7532613,POINT (-104.9781433 39.7532613)
4739,,-105.011002,39.706532,POINT (-105.011002 39.706532)
4740,,-105.0109998,39.7062417,POINT (-105.0109998 39.7062417)
4741,,-105.0109996,39.7073964,POINT (-105.0109996 39.7073964)
4742,,-104.978144,39.7545962,POINT (-104.978144 39.7545962)
4743,,-104.9150807,39.6893631,POINT (-104.9150807 39.6893631)
4744,,-104.9140601,39.6893609,POINT (-104.9140601 39.6893609)
4745,,-104.9161143,39.6893601,POINT (-104.9161143 39.6893601)
4746,,-104.9781447,39.7519926,POINT (-104.9781447 39.7519926)
4747,,-104.9140733,39.6857142,POINT (-104.9140733 39.6857142)
4748,,-104.9159611,39.6784622,POINT (-104.9159611 39.6784622)
4749,,-104.9129082,39.6784478,POINT (-104.9129082 39.6784478)
4750,,-105.0373022,39.7257777,POINT (-105.0373022 39.7257777)
4751,,-105.0362238,39.7329758,POINT (-105.0362238 39.7329758)
4752,,-105.0369829,39.732981,POINT (-105.0369829 39.732981)
4753,,-104.7899296,39.772902,POINT (-104.7899296 39.772902)
4754,,-105.0369402,39.7767242,POINT (-105.0369402 39.7767242)
4755,,-105.0369462,39.7832645,POINT (-105.0369462 39.7832645)
4756,,-104.9043805,39.6513604,POINT (-104.9043805 39.6513604)
4757,,-104.9041897,39.6505254,POINT (-104.9041897 39.6505254)
4758,,-104.9046626,39.6524394,POINT (-104.9046626 39.6524394)
4759,,-105.0112218,39.7741355,POINT (-105.0112218 39.7741355)
4760,,-105.0462887,39.7729517,POINT (-105.0462887 39.7729517)
4761,,-105.050933,39.7729508,POINT (-105.050933 39.7729508)
4762,,-104.9551443,39.7819415,POINT (-104.9551443 39.7819415)
4763,,-104.9547486,39.7819396,POINT (-104.9547486 39.7819396)
4764,,-104.955144,39.7837562,POINT (-104.955144 39.7837562)
4765,,-104.9541164,39.7819367,POINT (-104.9541164 39.7819367)
4766,,-104.9317283,39.6938786,POINT (-104.9317283 39.6938786)
4767,,-104.9317221,39.6929729,POINT (-104.9317221 39.6929729)
4768,,-104.9317325,39.694587,POINT (-104.9317325 39.694587)
4769,,-104.97576,39.7800565,POINT (-104.97576 39.7800565)
4770,,-104.9761516,39.7800596,POINT (-104.9761516 39.7800596)
4771,,-104.9754394,39.780052,POINT (-104.9754394 39.780052)
4772,,-104.9757067,39.7803799,POINT (-104.9757067 39.7803799)
4773,,-105.0063242,39.7606998,POINT (-105.0063242 39.7606998)
4774,,-105.0275886,39.7874241,POINT (-105.0275886 39.7874241)
4775,,-105.0310596,39.7874204,POINT (-105.0310596 39.7874204)
4776,,-105.0333837,39.787418,POINT (-105.0333837 39.787418)
4777,,-105.0330833,39.7874183,POINT (-105.0330833 39.7874183)
4778,,-104.9878972,39.7431235,POINT (-104.9878972 39.7431235)
4779,,-104.9781461,39.7506591,POINT (-104.9781461 39.7506591)
4780,,-104.9781464,39.7503991,POINT (-104.9781464 39.7503991)
4781,,-104.9500359,39.6911495,POINT (-104.9500359 39.6911495)
4782,,-104.9734281,39.6929819,POINT (-104.9734281 39.6929819)
4783,,-104.968741,39.69112,POINT (-104.968741 39.69112)
4784,,-104.968741,39.6893435,POINT (-104.968741 39.6893435)
4785,,-104.931712,39.6911379,POINT (-104.931712 39.6911379)
4786,,-104.9317112,39.6910191,POINT (-104.9317112 39.6910191)
4787,,-104.931717,39.6919871,POINT (-104.931717 39.6919871)
4788,,-104.9081901,39.6918097,POINT (-104.9081901 39.6918097)
4789,,-105.0086304,39.7148325,POINT (-105.0086304 39.7148325)
4790,,-104.9963592,39.7147916,POINT (-104.9963592 39.7147916)
4791,,-105.0324681,39.7149787,POINT (-105.0324681 39.7149787)
4792,,-105.0324663,39.7133856,POINT (-105.0324663 39.7133856)
4793,,-105.0324732,39.7165796,POINT (-105.0324732 39.7165796)
4794,,-105.0397027,39.7149637,POINT (-105.0397027 39.7149637)
4795,,-105.0396943,39.7133815,POINT (-105.0396943 39.7133815)
4796,,-105.0442509,39.6917193,POINT (-105.0442509 39.6917193)
4797,,-105.0442424,39.6912702,POINT (-105.0442424 39.6912702)
4798,,-105.0437531,39.6931327,POINT (-105.0437531 39.6931327)
4799,,-104.9081594,39.7341983,POINT (-104.9081594 39.7341983)
4800,,-104.7393362,39.7749025,POINT (-104.7393362 39.7749025)
4801,,-104.7398812,39.7745265,POINT (-104.7398812 39.7745265)
4802,,-104.738746,39.7751043,POINT (-104.738746 39.7751043)
4803,,-104.7600173,39.7724947,POINT (-104.7600173 39.7724947)
4804,,-104.760314,39.7717643,POINT (-104.760314 39.7717643)
4805,,-104.7600221,39.773136,POINT (-104.7600221 39.773136)
4806,,-105.0110203,39.7112034,POINT (-105.0110203 39.7112034)
4807,,-105.0145338,39.7111814,POINT (-105.0145338 39.7111814)
4808,,-105.0086662,39.7111977,POINT (-105.0086662 39.7111977)
4809,,-105.011039,39.7121517,POINT (-105.011039 39.7121517)
4810,,-105.0121969,39.7039757,POINT (-105.0121969 39.7039757)
4811,,-105.0098135,39.7039867,POINT (-105.0098135 39.7039867)
4812,,-105.011022,39.6786485,POINT (-105.011022 39.6786485)
4813,,-105.0133744,39.6786702,POINT (-105.0133744 39.6786702)
4814,,-105.0086671,39.6786268,POINT (-105.0086671 39.6786268)
4815,,-104.9684373,39.7482175,POINT (-104.9684373 39.7482175)
4816,,-104.9081608,39.7498098,POINT (-104.9081608 39.7498098)
4817,,-104.9407722,39.730479,POINT (-104.9407722 39.730479)
4818,,-104.9407737,39.7310217,POINT (-104.9407737 39.7310217)
4819,,-104.983538,39.7478544,POINT (-104.983538 39.7478544)
4820,,-104.9831973,39.7494442,POINT (-104.9831973 39.7494442)
4821,,-104.9853118,39.7478051,POINT (-104.9853118 39.7478051)
4822,,-104.9823339,39.7487782,POINT (-104.9823339 39.7487782)
4823,,-104.9828888,39.7510599,POINT (-104.9828888 39.7510599)
4824,,-104.9811218,39.7497082,POINT (-104.9811218 39.7497082)
4825,,-104.9783112,39.7840961,POINT (-104.9783112 39.7840961)
4826,,-104.9783292,39.7832489,POINT (-104.9783292 39.7832489)
4827,,-105.0269905,39.6677307,POINT (-105.0269905 39.6677307)
4828,,-105.0279591,39.6677221,POINT (-105.0279591 39.6677221)
4829,,-104.9249904,39.7253323,POINT (-104.9249904 39.7253323)
4830,,-104.9261008,39.7256253,POINT (-104.9261008 39.7256253)
4831,,-104.9258186,39.779411,POINT (-104.9258186 39.779411)
4832,,-104.9246262,39.7784599,POINT (-104.9246262 39.7784599)
4833,,-104.9257636,39.7364966,POINT (-104.9257636 39.7364966)
4834,,-104.9246206,39.7400972,POINT (-104.9246206 39.7400972)
4835,,-105.0402686,39.7003848,POINT (-105.0402686 39.7003848)
4836,,-105.0408608,39.7003874,POINT (-105.0408608 39.7003874)
4837,,-104.9081613,39.7522035,POINT (-104.9081613 39.7522035)
4838,,-105.0414359,39.7003899,POINT (-105.0414359 39.7003899)
4839,,-105.0423513,39.700394,POINT (-105.0423513 39.700394)
4840,,-105.0425975,39.7003951,POINT (-105.0425975 39.7003951)
4841,,-105.0437618,39.7004002,POINT (-105.0437618 39.7004002)
4842,,-105.0437445,39.6985943,POINT (-105.0437445 39.6985943)
4843,,-105.045367,39.7004073,POINT (-105.045367 39.7004073)
4844,,-104.8106997,39.7750411,POINT (-104.8106997 39.7750411)
4845,,-104.8107217,39.7765793,POINT (-104.8107217 39.7765793)
4846,,-104.9450745,39.740154,POINT (-104.9450745 39.740154)
4847,,-104.944008,39.7256101,POINT (-104.944008 39.7256101)
4848,,-104.7370302,39.7817485,POINT (-104.7370302 39.7817485)
4849,,-104.7370295,39.7818643,POINT (-104.7370295 39.7818643)
4850,,-104.7346583,39.7817264,POINT (-104.7346583 39.7817264)
4851,,-104.7590158,39.7800461,POINT (-104.7590158 39.7800461)
4852,,-105.0503686,39.7330887,POINT (-105.0503686 39.7330887)
4853,,-105.0510367,39.733095,POINT (-105.0510367 39.733095)
4854,,-105.0509305,39.7765726,POINT (-105.0509305 39.7765726)
4855,,-105.0412479,39.6496576,POINT (-105.0412479 39.6496576)
4856,,-105.0393676,39.6496443,POINT (-105.0393676 39.6496443)
4857,,-104.9126961,39.7162164,POINT (-104.9126961 39.7162164)
4858,,-104.9128735,39.7152894,POINT (-104.9128735 39.7152894)
4859,,-104.912879,39.7147248,POINT (-104.912879 39.7147248)
4860,,-105.0346391,39.6495919,POINT (-105.0346391 39.6495919)
4861,,-104.9127482,39.7131088,POINT (-104.9127482 39.7131088)
4862,,-104.9128651,39.7120463,POINT (-104.9128651 39.7120463)
4863,,-104.9316544,39.7889134,POINT (-104.9316544 39.7889134)
4864,,-104.9316499,39.790714,POINT (-104.9316499 39.790714)
4865,,-104.9316586,39.7872307,POINT (-104.9316586 39.7872307)
4866,,-104.9128775,39.7113902,POINT (-104.9128775 39.7113902)
4867,,-104.9782817,39.7892252,POINT (-104.9782817 39.7892252)
4868,,-104.9782831,39.7889733,POINT (-104.9782831 39.7889733)
4869,,-104.9782711,39.7910495,POINT (-104.9782711 39.7910495)
4870,,-104.8428892,39.7893044,POINT (-104.8428892 39.7893044)
4871,,-104.9128796,39.710473,POINT (-104.9128796 39.710473)
4872,,-104.8419965,39.789311,POINT (-104.8419965 39.789311)
4873,,-104.8317043,39.789962,POINT (-104.8317043 39.789962)
4874,,-104.8308652,39.7896167,POINT (-104.8308652 39.7896167)
4875,,-104.9128768,39.7093174,POINT (-104.9128768 39.7093174)
4876,,-104.9128758,39.7089016,POINT (-104.9128758 39.7089016)
4877,,-104.8300109,39.7892598,POINT (-104.8300109 39.7892598)
4878,,-104.8291605,39.7889087,POINT (-104.8291605 39.7889087)
4879,,-104.8249734,39.7870311,POINT (-104.8249734 39.7870311)
4880,,-104.8203363,39.7864927,POINT (-104.8203363 39.7864927)
4881,,-104.9127983,39.7097033,POINT (-104.9127983 39.7097033)
4882,,-104.8098004,39.7838478,POINT (-104.8098004 39.7838478)
4883,,-104.8116843,39.7841217,POINT (-104.8116843 39.7841217)
4884,,-104.9499243,39.7891857,POINT (-104.9499243 39.7891857)
4885,,-104.9499598,39.7909929,POINT (-104.9499598 39.7909929)
4886,,-104.9498986,39.7873681,POINT (-104.9498986 39.7873681)
4887,,-104.9782901,39.7877597,POINT (-104.9782901 39.7877597)
4888,,-104.8021048,39.7865132,POINT (-104.8021048 39.7865132)
4889,,-104.8017939,39.7837975,POINT (-104.8017939 39.7837975)
4890,,-104.9153413,39.6530125,POINT (-104.9153413 39.6530125)
4891,,-104.912941,39.6530209,POINT (-104.912941 39.6530209)
4892,,-104.9128868,39.689359,POINT (-104.9128868 39.689359)
4893,,-104.7905746,39.7767156,POINT (-104.7905746 39.7767156)
4894,,-104.9129423,39.7074958,POINT (-104.9129423 39.7074958)
4895,,-104.9127974,39.7074963,POINT (-104.9127974 39.7074963)
4896,,-105.0112055,39.7856207,POINT (-105.0112055 39.7856207)
4897,,-105.0112057,39.7874508,POINT (-105.0112057 39.7874508)
4898,,-104.9129769,39.7053228,POINT (-104.9129769 39.7053228)
4899,,-104.9140762,39.7074974,POINT (-104.9140762 39.7074974)
4900,,-104.9128743,39.7038233,POINT (-104.9128743 39.7038233)
4901,,-104.9129128,39.7020564,POINT (-104.9129128 39.7020564)
4902,,-104.9129093,39.7002512,POINT (-104.9129093 39.7002512)
4903,,-104.9127584,39.698432,POINT (-104.9127584 39.698432)
4904,,-104.9129729,39.6953716,POINT (-104.9129729 39.6953716)
4905,,-105.0111702,39.7605958,POINT (-105.0111702 39.7605958)
4906,,-104.9129725,39.6952784,POINT (-104.9129725 39.6952784)
4907,,-104.9129719,39.691492,POINT (-104.9129719 39.691492)
4908,,-104.9128308,39.6914017,POINT (-104.9128308 39.6914017)
4909,,-104.9863899,39.7093154,POINT (-104.9863899 39.7093154)
4910,,-104.9219049,39.6966222,POINT (-104.9219049 39.6966222)
4911,,-104.9128963,39.6911924,POINT (-104.9128963 39.6911924)
4912,,-104.9733863,39.7074919,POINT (-104.9733863 39.7074919)
4913,,-104.912901,39.6904433,POINT (-104.912901 39.6904433)
4914,,-104.9129012,39.6903643,POINT (-104.9129012 39.6903643)
4915,,-104.9128998,39.6909619,POINT (-104.9128998 39.6909619)
4916,,-104.9367038,39.6784624,POINT (-104.9367038 39.6784624)
4917,,-104.9363393,39.678459,POINT (-104.9363393 39.678459)
4918,,-104.9374301,39.6784585,POINT (-104.9374301 39.6784585)
4919,,-104.9128901,39.687541,POINT (-104.9128901 39.687541)
4920,,-104.9128926,39.689807,POINT (-104.9128926 39.689807)
4921,,-104.8877623,39.6624231,POINT (-104.8877623 39.6624231)
4922,,-104.8883606,39.6629078,POINT (-104.8883606 39.6629078)
4923,,-104.8997889,39.6280179,POINT (-104.8997889 39.6280179)
4924,,-104.8997757,39.628157,POINT (-104.8997757 39.628157)
4925,,-104.8990458,39.6280578,POINT (-104.8990458 39.6280578)
4926,,-105.0510368,39.7113849,POINT (-105.0510368 39.7113849)
4927,,-105.0073683,39.7421959,POINT (-105.0073683 39.7421959)
4928,,-105.0074358,39.7422857,POINT (-105.0074358 39.7422857)
4929,,-104.9986107,39.7482708,POINT (-104.9986107 39.7482708)
4930,,-104.9893089,39.7541402,POINT (-104.9893089 39.7541402)
4931,,-104.9881046,39.7550844,POINT (-104.9881046 39.7550844)
4932,,-104.9873977,39.7556314,POINT (-104.9873977 39.7556314)
4933,,-105.0252957,39.7572538,POINT (-105.0252957 39.7572538)
4934,,-104.9128864,39.6840787,POINT (-104.9128864 39.6840787)
4935,,-104.9129632,39.683666,POINT (-104.9129632 39.683666)
4936,,-104.9129668,39.6828953,POINT (-104.9129668 39.6828953)
4937,,-105.0283602,39.776672,POINT (-105.0283602 39.776672)
4938,,-104.9129782,39.6800385,POINT (-104.9129782 39.6800385)
4939,,-105.027628,39.7766636,POINT (-105.027628 39.7766636)
4940,,-104.8099124,39.775039,POINT (-104.8099124 39.775039)
4941,,-104.8135741,39.7738207,POINT (-104.8135741 39.7738207)
4942,,-104.8273766,39.7817833,POINT (-104.8273766 39.7817833)
4943,,-104.9127477,39.6784479,POINT (-104.9127477 39.6784479)
4944,,-104.9129605,39.6748452,POINT (-104.9129605 39.6748452)
4945,,-104.8042493,39.7837899,POINT (-104.8042493 39.7837899)
4946,,-104.8017948,39.7836326,POINT (-104.8017948 39.7836326)
4947,,-104.801659,39.7837981,POINT (-104.801659 39.7837981)
4948,,-104.8023,39.7890268,POINT (-104.8023 39.7890268)
4949,,-104.8031092,39.7888782,POINT (-104.8031092 39.7888782)
4950,,-104.7984611,39.7906091,POINT (-104.7984611 39.7906091)
4951,,-104.8020163,39.787373,POINT (-104.8020163 39.787373)
4952,,-104.9373719,39.6822637,POINT (-104.9373719 39.6822637)
4953,,-104.9128008,39.6748452,POINT (-104.9128008 39.6748452)
4954,,-104.9129636,39.6730287,POINT (-104.9129636 39.6730287)
4955,,-104.9579342,39.6823333,POINT (-104.9579342 39.6823333)
4956,,-104.9129663,39.6722864,POINT (-104.9129663 39.6722864)
4957,,-104.9129655,39.6715539,POINT (-104.9129655 39.6715539)
4958,,-104.9316648,39.6589031,POINT (-104.9316648 39.6589031)
4959,,-104.9060442,39.6557441,POINT (-104.9060442 39.6557441)
4960,,-104.9129659,39.6708251,POINT (-104.9129659 39.6708251)
4961,,-104.9128256,39.6587542,POINT (-104.9128256 39.6587542)
4962,,-104.9128283,39.6595583,POINT (-104.9128283 39.6595583)
4963,,-104.749243,39.7811621,POINT (-104.749243 39.7811621)
4964,,-104.75017,39.7812694,POINT (-104.75017 39.7812694)
4965,,-104.912971,39.6700669,POINT (-104.912971 39.6700669)
4966,,-104.8140176,39.7773576,POINT (-104.8140176 39.7773576)
4967,,-104.9127993,39.6676201,POINT (-104.9127993 39.6676201)
4968,,-104.990176,39.7548073,POINT (-104.990176 39.7548073)
4969,,-104.9913755,39.7538746,POINT (-104.9913755 39.7538746)
4970,,-104.9129714,39.6661722,POINT (-104.9129714 39.6661722)
4971,,-104.7422044,39.7805864,POINT (-104.7422044 39.7805864)
4972,,-104.9129769,39.664371,POINT (-104.9129769 39.664371)
4973,,-104.931633,39.7804112,POINT (-104.931633 39.7804112)
4974,,-104.9331846,39.7804514,POINT (-104.9331846 39.7804514)
4975,,-104.8099063,39.7765747,POINT (-104.8099063 39.7765747)
4976,,-104.8148587,39.7775951,POINT (-104.8148587 39.7775951)
4977,,-104.8157017,39.7778389,POINT (-104.8157017 39.7778389)
4978,,-104.9129815,39.6635409,POINT (-104.9129815 39.6635409)
4979,,-104.7592143,39.7812951,POINT (-104.7592143 39.7812951)
4980,,-104.692962,39.8318658,POINT (-104.692962 39.8318658)
4981,,-104.6929715,39.8314894,POINT (-104.6929715 39.8314894)
4982,,-104.6929491,39.8323068,POINT (-104.6929491 39.8323068)
4983,,-104.69349,39.8318761,POINT (-104.69349 39.8318761)
4984,,-104.9205682,39.725337,POINT (-104.9205682 39.725337)
4985,,-104.9179817,39.7253419,POINT (-104.9179817 39.7253419)
4986,,-104.9161521,39.7253371,POINT (-104.9161521 39.7253371)
4987,,-105.0312752,39.7260886,POINT (-105.0312752 39.7260886)
4988,,-105.0324944,39.7261126,POINT (-105.0324944 39.7261126)
4989,,-105.0299828,39.7262896,POINT (-105.0299828 39.7262896)
4990,,-105.0383832,39.7257832,POINT (-105.0383832 39.7257832)
4991,,-104.9129812,39.6627352,POINT (-104.9129812 39.6627352)
4992,,-105.0405503,39.7257913,POINT (-105.0405503 39.7257913)
4993,,-105.03948,39.7282652,POINT (-105.03948 39.7282652)
4994,,-105.0416412,39.7257941,POINT (-105.0416412 39.7257941)
4995,,-105.046275,39.7258057,POINT (-105.046275 39.7258057)
4996,,-104.9128175,39.6627354,POINT (-104.9128175 39.6627354)
4997,,-105.0510991,39.7260188,POINT (-105.0510991 39.7260188)
4998,,-105.0451347,39.725532,POINT (-105.0451347 39.725532)
4999,,-105.0462993,39.7255329,POINT (-105.0462993 39.7255329)
5000,,-105.0504152,39.7254416,POINT (-105.0504152 39.7254416)
5001,,-104.9129849,39.6619338,POINT (-104.9129849 39.6619338)
5002,,-105.0521809,39.7254339,POINT (-105.0521809 39.7254339)
5003,,-105.0486056,39.7256586,POINT (-105.0486056 39.7256586)
5004,,-104.9130024,39.6565313,POINT (-104.9130024 39.6565313)
5005,,-104.9128322,39.6565302,POINT (-104.9128322 39.6565302)
5006,,-104.9927227,39.6985062,POINT (-104.9927227 39.6985062)
5007,,-104.9129356,39.6531657,POINT (-104.9129356 39.6531657)
5008,,-104.9991787,39.6994577,POINT (-104.9991787 39.6994577)
5009,,-104.9992,39.7048933,POINT (-104.9992 39.7048933)
5010,,-104.9613355,39.7256095,POINT (-104.9613355 39.7256095)
5011,,-104.9622528,39.7368268,POINT (-104.9622528 39.7368268)
5012,,-104.9130844,39.6511319,POINT (-104.9130844 39.6511319)
5013,,-104.9130979,39.6503463,POINT (-104.9130979 39.6503463)
5014,,-104.9609886,39.7607431,POINT (-104.9609886 39.7607431)
5015,,-104.9622223,39.7619907,POINT (-104.9622223 39.7619907)
5016,,-104.9130939,39.6495567,POINT (-104.9130939 39.6495567)
5017,,-104.9131084,39.6487376,POINT (-104.9131084 39.6487376)
5018,,-104.9128166,39.645724,POINT (-104.9128166 39.645724)
5019,,-104.9337265,39.6893366,POINT (-104.9337265 39.6893366)
5020,,-104.9325863,39.6893406,POINT (-104.9325863 39.6893406)
5021,,-104.9316904,39.6875141,POINT (-104.9316904 39.6875141)
5022,,-105.0158248,39.756045,POINT (-105.0158248 39.756045)
5023,,-105.0369758,39.7548618,POINT (-105.0369758 39.7548618)
5024,,-105.0358119,39.7548595,POINT (-105.0358119 39.7548595)
5025,,-105.0381398,39.7548641,POINT (-105.0381398 39.7548641)
5026,,-104.9126535,39.645724,POINT (-104.9126535 39.645724)
5027,,-105.0393259,39.7548664,POINT (-105.0393259 39.7548664)
5028,,-105.0404924,39.754866,POINT (-105.0404924 39.754866)
5029,,-104.9128595,39.6441642,POINT (-104.9128595 39.6441642)
5030,,-105.0463119,39.7548643,POINT (-105.0463119 39.7548643)
5031,,-105.0509431,39.7548624,POINT (-105.0509431 39.7548624)
5032,,-105.0521034,39.754856,POINT (-105.0521034 39.754856)
5033,,-105.0498755,39.7548632,POINT (-105.0498755 39.7548632)
5034,,-104.9317153,39.6902894,POINT (-104.9317153 39.6902894)
5035,,-104.9119921,39.6426356,POINT (-104.9119921 39.6426356)
5036,,-104.9110991,39.6411464,POINT (-104.9110991 39.6411464)
5037,,-104.9086816,39.6406418,POINT (-104.9086816 39.6406418)
5038,,-105.0318729,39.6724197,POINT (-105.0318729 39.6724197)
5039,,-105.0318829,39.6676977,POINT (-105.0318829 39.6676977)
5040,,-104.9663771,39.685477,POINT (-104.9663771 39.685477)
5041,,-104.9664022,39.6785218,POINT (-104.9664022 39.6785218)
5042,,-104.9669947,39.6784734,POINT (-104.9669947 39.6784734)
5043,,-104.9663805,39.6929566,POINT (-104.9663805 39.6929566)
5044,,-104.9675348,39.6929544,POINT (-104.9675348 39.6929544)
5045,,-104.9861535,39.7265423,POINT (-104.9861535 39.7265423)
5046,,-104.9861503,39.727274,POINT (-104.9861503 39.727274)
5047,,-104.9869899,39.7270542,POINT (-104.9869899 39.7270542)
5048,,-104.9851351,39.7256338,POINT (-104.9851351 39.7256338)
5049,,-104.984856,39.7256328,POINT (-104.984856 39.7256328)
5050,,-104.9752418,39.719173,POINT (-104.9752418 39.719173)
5051,,-104.9717498,39.7183567,POINT (-104.9717498 39.7183567)
5052,,-104.9729371,39.7186216,POINT (-104.9729371 39.7186216)
5053,,-104.792159,39.7729163,POINT (-104.792159 39.7729163)
5054,,-104.7929001,39.7729161,POINT (-104.7929001 39.7729161)
5055,,-104.9684265,39.757092,POINT (-104.9684265 39.757092)
5056,,-104.9488285,39.7582095,POINT (-104.9488285 39.7582095)
5057,,-104.9417954,39.7581968,POINT (-104.9417954 39.7581968)
5058,,-104.9383182,39.7583044,POINT (-104.9383182 39.7583044)
5059,,-104.9372196,39.7583079,POINT (-104.9372196 39.7583079)
5060,,-104.9361146,39.7583114,POINT (-104.9361146 39.7583114)
5061,,-104.9211093,39.7583589,POINT (-104.9211093 39.7583589)
5062,,-104.9861268,39.7401379,POINT (-104.9861268 39.7401379)
5063,,-104.987401,39.7401457,POINT (-104.987401 39.7401457)
5064,,-104.9741606,39.7400245,POINT (-104.9741606 39.7400245)
5065,,-104.9721358,39.7400256,POINT (-104.9721358 39.7400256)
5066,,-104.9678518,39.7400152,POINT (-104.9678518 39.7400152)
5067,,-104.9551193,39.7401899,POINT (-104.9551193 39.7401899)
5068,,-104.861326,39.7824517,POINT (-104.861326 39.7824517)
5069,,-104.8632729,39.7824467,POINT (-104.8632729 39.7824467)
5070,,-104.9547867,39.7401885,POINT (-104.9547867 39.7401885)
5071,,-104.954184,39.7401814,POINT (-104.954184 39.7401814)
5072,,-104.9494769,39.7401723,POINT (-104.9494769 39.7401723)
5073,,-104.9488457,39.74017,POINT (-104.9488457 39.74017)
5074,,-104.9476868,39.7401639,POINT (-104.9476868 39.7401639)
5075,,-104.9419328,39.7401465,POINT (-104.9419328 39.7401465)
5076,,-104.940771,39.7400893,POINT (-104.940771 39.7400893)
5077,,-104.865683,39.7693807,POINT (-104.865683 39.7693807)
5078,,-104.940598,39.7400892,POINT (-104.940598 39.7400892)
5079,,-104.9395044,39.7400845,POINT (-104.9395044 39.7400845)
5080,,-104.9383985,39.7400845,POINT (-104.9383985 39.7400845)
5081,,-104.9372768,39.7400883,POINT (-104.9372768 39.7400883)
5082,,-104.9361678,39.7400872,POINT (-104.9361678 39.7400872)
5083,,-104.9355274,39.7400869,POINT (-104.9355274 39.7400869)
5084,,-104.9205747,39.740096,POINT (-104.9205747 39.740096)
5085,,-104.9199646,39.7400963,POINT (-104.9199646 39.7400963)
5086,,-104.9194725,39.740096,POINT (-104.9194725 39.740096)
5087,,-104.8657121,39.772914,POINT (-104.8657121 39.772914)
5088,,-104.8999722,39.7401114,POINT (-104.8999722 39.7401114)
5089,,-104.861324,39.7983797,POINT (-104.861324 39.7983797)
5090,,-104.8624296,39.7983805,POINT (-104.8624296 39.7983805)
5091,,-104.8881813,39.7401134,POINT (-104.8881813 39.7401134)
5092,,-105.0673138,39.6677638,POINT (-105.0673138 39.6677638)
5093,,-104.7607519,39.7706805,POINT (-104.7607519 39.7706805)
5094,,-104.7587901,39.7702928,POINT (-104.7587901 39.7702928)
5095,,-104.7670011,39.7722183,POINT (-104.7670011 39.7722183)
5096,,-104.7608202,39.7698712,POINT (-104.7608202 39.7698712)
5097,,-104.7604808,39.7713368,POINT (-104.7604808 39.7713368)
5098,,-104.7533614,39.7707403,POINT (-104.7533614 39.7707403)
5099,,-104.756836,39.7705125,POINT (-104.756836 39.7705125)
5100,,-104.7535058,39.7693274,POINT (-104.7535058 39.7693274)
5101,,-104.8474842,39.7718111,POINT (-104.8474842 39.7718111)
5102,,-104.9486749,39.7729076,POINT (-104.9486749 39.7729076)
5103,,-104.949899,39.7710696,POINT (-104.949899 39.7710696)
5104,,-104.9416897,39.7728947,POINT (-104.9416897 39.7728947)
5105,,-104.940636,39.772887,POINT (-104.940636 39.772887)
5106,,-104.940461,39.7728323,POINT (-104.940461 39.7728323)
5107,,-104.9406469,39.7691808,POINT (-104.9406469 39.7691808)
5108,,-105.044252,39.6854345,POINT (-105.044252 39.6854345)
5109,,-105.0442642,39.6882131,POINT (-105.0442642 39.6882131)
5110,,-105.0450428,39.6794219,POINT (-105.0450428 39.6794219)
5111,,-105.0448564,39.6736939,POINT (-105.0448564 39.6736939)
5112,,-104.9081561,39.7268827,POINT (-104.9081561 39.7268827)
5113,,-104.9451447,39.680593,POINT (-104.9451447 39.680593)
5114,,-104.9454807,39.6806168,POINT (-104.9454807 39.6806168)
5115,,-104.9451912,39.6803109,POINT (-104.9451912 39.6803109)
5116,,-104.9447771,39.6805503,POINT (-104.9447771 39.6805503)
5117,,-104.9451915,39.6784633,POINT (-104.9451915 39.6784633)
5118,,-104.9451473,39.6783787,POINT (-104.9451473 39.6783787)
5119,,-104.9465726,39.678466,POINT (-104.9465726 39.678466)
5120,,-104.759541,39.7816834,POINT (-104.759541 39.7816834)
5121,,-104.7611433,39.7836622,POINT (-104.7611433 39.7836622)
5122,,-104.7611399,39.7837957,POINT (-104.7611399 39.7837957)
5123,,-104.7560319,39.7830623,POINT (-104.7560319 39.7830623)
5124,,-104.7611529,39.7830984,POINT (-104.7611529 39.7830984)
5125,,-105.0585985,39.7899295,POINT (-105.0585985 39.7899295)
5126,,-105.0566495,39.7907084,POINT (-105.0566495 39.7907084)
5127,,-104.9122659,39.7838241,POINT (-104.9122659 39.7838241)
5128,,-104.912883,39.7786895,POINT (-104.912883 39.7786895)
5129,,-104.9159395,39.7787062,POINT (-104.9159395 39.7787062)
5130,,-104.9128506,39.7740336,POINT (-104.9128506 39.7740336)
5131,,-104.9102424,39.7779982,POINT (-104.9102424 39.7779982)
5132,,-104.9082113,39.7733951,POINT (-104.9082113 39.7733951)
5133,,-104.9992118,39.6930874,POINT (-104.9992118 39.6930874)
5134,,-104.9980305,39.6911576,POINT (-104.9980305 39.6911576)
5135,,-104.850661,39.7823821,POINT (-104.850661 39.7823821)
5136,,-104.8490227,39.782381,POINT (-104.8490227 39.782381)
5137,,-104.8526547,39.7823806,POINT (-104.8526547 39.7823806)
5138,,-105.0500382,39.7113808,POINT (-105.0500382 39.7113808)
5139,,-104.9687968,39.6676611,POINT (-104.9687968 39.6676611)
5140,,-104.9429263,39.7733061,POINT (-104.9429263 39.7733061)
5141,,-104.9429259,39.7738617,POINT (-104.9429259 39.7738617)
5142,,-104.9424972,39.7750987,POINT (-104.9424972 39.7750987)
5143,,-104.9874706,39.6875756,POINT (-104.9874706 39.6875756)
5144,,-105.0170444,39.77657,POINT (-105.0170444 39.77657)
5145,,-105.0158743,39.7765607,POINT (-105.0158743 39.7765607)
5146,,-104.8894035,39.7372827,POINT (-104.8894035 39.7372827)
5147,,-105.0287873,39.711203,POINT (-105.0287873 39.711203)
5148,,-105.0279452,39.6731867,POINT (-105.0279452 39.6731867)
5149,,-104.9111137,39.7838166,POINT (-104.9111137 39.7838166)
5150,,-104.894206,39.7706445,POINT (-104.894206 39.7706445)
5151,,-104.894216,39.7705402,POINT (-104.894216 39.7705402)
5152,,-104.8965381,39.7708975,POINT (-104.8965381 39.7708975)
5153,,-104.9082995,39.6852923,POINT (-104.9082995 39.6852923)
5154,,-104.9082944,39.6845827,POINT (-104.9082944 39.6845827)
5155,,-104.9082096,39.678441,POINT (-104.9082096 39.678441)
5156,,-104.9065035,39.6784557,POINT (-104.9065035 39.6784557)
5157,,-104.9089076,39.6748543,POINT (-104.9089076 39.6748543)
5158,,-104.9082102,39.6797207,POINT (-104.9082102 39.6797207)
5159,,-104.9082038,39.6925827,POINT (-104.9082038 39.6925827)
5160,,-104.9866817,39.7521238,POINT (-104.9866817 39.7521238)
5161,,-104.9861335,39.7517059,POINT (-104.9861335 39.7517059)
5162,,-104.9418676,39.7178032,POINT (-104.9418676 39.7178032)
5163,,-104.9873809,39.7515819,POINT (-104.9873809 39.7515819)
5164,,-104.991044,39.7554853,POINT (-104.991044 39.7554853)
5165,,-104.984848,39.7461814,POINT (-104.984848 39.7461814)
5166,,-104.9873868,39.7461813,POINT (-104.9873868 39.7461813)
5167,,-104.9684469,39.7460803,POINT (-104.9684469 39.7460803)
5168,,-104.968446,39.7468648,POINT (-104.968446 39.7468648)
5169,,-104.9163316,39.7437428,POINT (-104.9163316 39.7437428)
5170,,-104.9251313,39.7791934,POINT (-104.9251313 39.7791934)
5171,,-104.9200417,39.7786465,POINT (-104.9200417 39.7786465)
5172,,-104.922129,39.7787472,POINT (-104.922129 39.7787472)
5173,,-104.9407822,39.7241197,POINT (-104.9407822 39.7241197)
5174,,-104.9407994,39.7256067,POINT (-104.9407994 39.7256067)
5175,,-104.9406067,39.725607,POINT (-104.9406067 39.725607)
5176,,-104.9406068,39.725488,POINT (-104.9406068 39.725488)
5177,,-104.940789,39.7250991,POINT (-104.940789 39.7250991)
5178,,-104.9418333,39.7367598,POINT (-104.9418333 39.7367598)
5179,,-104.9406093,39.7510383,POINT (-104.9406093 39.7510383)
5180,,-104.9425812,39.7511654,POINT (-104.9425812 39.7511654)
5181,,-104.940703,39.7550238,POINT (-104.940703 39.7550238)
5182,,-104.9406817,39.7619364,POINT (-104.9406817 39.7619364)
5183,,-104.9406816,39.7618064,POINT (-104.9406816 39.7618064)
5184,,-104.9404167,39.7837698,POINT (-104.9404167 39.7837698)
5185,,-104.941067,39.780607,POINT (-104.941067 39.780607)
5186,,-104.9405878,39.7872608,POINT (-104.9405878 39.7872608)
5187,,-104.9405885,39.7870886,POINT (-104.9405885 39.7870886)
5188,,-104.9405839,39.7877872,POINT (-104.9405839 39.7877872)
5189,,-105.0204442,39.6605095,POINT (-105.0204442 39.6605095)
5190,,-105.0216038,39.660508,POINT (-105.0216038 39.660508)
5191,,-105.0422737,39.6596623,POINT (-105.0422737 39.6596623)
5192,,-105.0424446,39.6578435,POINT (-105.0424446 39.6578435)
5193,,-104.942554,39.7256038,POINT (-104.942554 39.7256038)
5194,,-104.9418587,39.7256057,POINT (-104.9418587 39.7256057)
5195,,-104.9593449,39.682847,POINT (-104.9593449 39.682847)
5196,,-104.9565249,39.678389,POINT (-104.9565249 39.678389)
5197,,-104.9772736,39.6929916,POINT (-104.9772736 39.6929916)
5198,,-104.9769411,39.6929891,POINT (-104.9769411 39.6929891)
5199,,-104.9787159,39.6929851,POINT (-104.9787159 39.6929851)
5200,,-104.9769497,39.6927024,POINT (-104.9769497 39.6927024)
5201,,-104.9734383,39.6890251,POINT (-104.9734383 39.6890251)
5202,,-104.9734395,39.6888967,POINT (-104.9734395 39.6888967)
5203,,-104.9734421,39.6894126,POINT (-104.9734421 39.6894126)
5204,,-104.9743619,39.689384,POINT (-104.9743619 39.689384)
5205,,-104.9687405,39.6869196,POINT (-104.9687405 39.6869196)
5206,,-104.9709294,39.6879413,POINT (-104.9709294 39.6879413)
5207,,-104.9757838,39.6893867,POINT (-104.9757838 39.6893867)
5208,,-104.9746029,39.6893845,POINT (-104.9746029 39.6893845)
5209,,-104.9757812,39.6875684,POINT (-104.9757812 39.6875684)
5210,,-104.974615,39.687565,POINT (-104.974615 39.687565)
5211,,-104.9757541,39.6785187,POINT (-104.9757541 39.6785187)
5212,,-104.9746068,39.6785187,POINT (-104.9746068 39.6785187)
5213,,-104.9757591,39.702062,POINT (-104.9757591 39.702062)
5214,,-104.9745891,39.7020605,POINT (-104.9745891 39.7020605)
5215,,-104.9757768,39.6929827,POINT (-104.9757768 39.6929827)
5216,,-104.9746111,39.692982,POINT (-104.9746111 39.692982)
5217,,-104.7920622,39.7733201,POINT (-104.7920622 39.7733201)
5218,,-104.9787684,39.7240964,POINT (-104.9787684 39.7240964)
5219,,-104.9862572,39.7252842,POINT (-104.9862572 39.7252842)
5220,,-104.9845867,39.7241181,POINT (-104.9845867 39.7241181)
5221,,-104.9837987,39.7234267,POINT (-104.9837987 39.7234267)
5222,,-104.9818517,39.7558676,POINT (-104.9818517 39.7558676)
5223,,-104.9194773,39.6893624,POINT (-104.9194773 39.6893624)
5224,,-104.920575,39.6893645,POINT (-104.920575 39.6893645)
5225,,-105.025205,39.7329669,POINT (-105.025205 39.7329669)
5226,,-105.0321527,39.7329503,POINT (-105.0321527 39.7329503)
5227,,-105.0373217,39.7329834,POINT (-105.0373217 39.7329834)
5228,,-105.038398,39.7329904,POINT (-105.038398 39.7329904)
5229,,-105.0393289,39.7329972,POINT (-105.0393289 39.7329972)
5230,,-105.0394919,39.7329984,POINT (-105.0394919 39.7329984)
5231,,-105.039314,39.7344216,POINT (-105.039314 39.7344216)
5232,,-105.0394889,39.7306282,POINT (-105.0394889 39.7306282)
5233,,-105.0404873,39.7330059,POINT (-105.0404873 39.7330059)
5234,,-105.0405725,39.7330065,POINT (-105.0405725 39.7330065)
5235,,-105.0463499,39.7330506,POINT (-105.0463499 39.7330506)
5236,,-105.0469609,39.7330564,POINT (-105.0469609 39.7330564)
5237,,-105.0451574,39.7330393,POINT (-105.0451574 39.7330393)
5238,,-105.0475149,39.7330614,POINT (-105.0475149 39.7330614)
5239,,-104.9964219,39.7305237,POINT (-104.9964219 39.7305237)
5240,,-104.9986472,39.7320999,POINT (-104.9986472 39.7320999)
5241,,-104.9540229,39.6530982,POINT (-104.9540229 39.6530982)
5242,,-104.954136,39.6530985,POINT (-104.954136 39.6530985)
5243,,-104.9453621,39.6530799,POINT (-104.9453621 39.6530799)
5244,,-104.9493269,39.6530888,POINT (-104.9493269 39.6530888)
5245,,-104.9374567,39.6530304,POINT (-104.9374567 39.6530304)
5246,,-104.9386169,39.6530865,POINT (-104.9386169 39.6530865)
5247,,-104.9217542,39.6531319,POINT (-104.9217542 39.6531319)
5248,,-104.921814,39.6530022,POINT (-104.921814 39.6530022)
5249,,-104.9227993,39.6531278,POINT (-104.9227993 39.6531278)
5250,,-104.8940965,39.6530983,POINT (-104.8940965 39.6530983)
5251,,-104.8928359,39.6530969,POINT (-104.8928359 39.6530969)
5252,,-104.8979408,39.6531117,POINT (-104.8979408 39.6531117)
5253,,-104.891882,39.6530226,POINT (-104.891882 39.6530226)
5254,,-104.8909083,39.6530918,POINT (-104.8909083 39.6530918)
5255,,-104.8866115,39.6510309,POINT (-104.8866115 39.6510309)
5256,,-104.923584,39.7782595,POINT (-104.923584 39.7782595)
5257,,-104.9848767,39.7368476,POINT (-104.9848767 39.7368476)
5258,,-104.9753006,39.7368819,POINT (-104.9753006 39.7368819)
5259,,-104.9551355,39.7368115,POINT (-104.9551355 39.7368115)
5260,,-104.9539594,39.7368089,POINT (-104.9539594 39.7368089)
5261,,-104.9429082,39.7367656,POINT (-104.9429082 39.7367656)
5262,,-104.939513,39.7364829,POINT (-104.939513 39.7364829)
5263,,-104.9406035,39.7366846,POINT (-104.9406035 39.7366846)
5264,,-104.9384064,39.7364814,POINT (-104.9384064 39.7364814)
5265,,-104.9373058,39.7364829,POINT (-104.9373058 39.7364829)
5266,,-104.9361597,39.7364871,POINT (-104.9361597 39.7364871)
5267,,-104.9205581,39.7367553,POINT (-104.9205581 39.7367553)
5268,,-104.9216699,39.7367562,POINT (-104.9216699 39.7367562)
5269,,-104.9011548,39.7372822,POINT (-104.9011548 39.7372822)
5270,,-104.8940647,39.7372803,POINT (-104.8940647 39.7372803)
5271,,-104.9316935,39.6880425,POINT (-104.9316935 39.6880425)
5272,,-104.9807228,39.6947991,POINT (-104.9807228 39.6947991)
5273,,-104.9722383,39.6883787,POINT (-104.9722383 39.6883787)
5274,,-104.9734234,39.6875615,POINT (-104.9734234 39.6875615)
5275,,-104.9709852,39.687857,POINT (-104.9709852 39.687857)
5276,,-104.9668189,39.6857132,POINT (-104.9668189 39.6857132)
5277,,-104.9649915,39.684838,POINT (-104.9649915 39.684838)
5278,,-104.964076,39.684175,POINT (-104.964076 39.684175)
5279,,-104.692976,39.8300231,POINT (-104.692976 39.8300231)
5280,,-104.692935,39.8277767,POINT (-104.692935 39.8277767)
5281,,-104.9128235,39.6619338,POINT (-104.9128235 39.6619338)
5282,,-104.9722634,39.6785026,POINT (-104.9722634 39.6785026)
5283,,-104.9722466,39.6929771,POINT (-104.9722466 39.6929771)
5284,,-104.9985821,39.7209409,POINT (-104.9985821 39.7209409)
5285,,-104.9986153,39.7289085,POINT (-104.9986153 39.7289085)
5286,,-104.9986313,39.7305161,POINT (-104.9986313 39.7305161)
5287,,-105.047053,39.7113433,POINT (-105.047053 39.7113433)
5288,,-105.0453002,39.6386605,POINT (-105.0453002 39.6386605)
5289,,-104.9439866,39.7437778,POINT (-104.9439866 39.7437778)
5290,,-105.0074379,39.7075766,POINT (-105.0074379 39.7075766)
5291,,-105.0062601,39.7075689,POINT (-105.0062601 39.7075689)
5292,,-105.0074376,39.7039763,POINT (-105.0074376 39.7039763)
5293,,-105.0086247,39.7039788,POINT (-105.0086247 39.7039788)
5294,,-104.9428537,39.7644591,POINT (-104.9428537 39.7644591)
5295,,-104.9417331,39.7644565,POINT (-104.9417331 39.7644565)
5296,,-104.9352505,39.6784538,POINT (-104.9352505 39.6784538)
5297,,-104.9438082,39.7644604,POINT (-104.9438082 39.7644604)
5298,,-104.9373872,39.6929585,POINT (-104.9373872 39.6929585)
5299,,-104.9362215,39.68933,POINT (-104.9362215 39.68933)
5300,,-104.937171,39.6893276,POINT (-104.937171 39.6893276)
5301,,-104.937022,39.6875025,POINT (-104.937022 39.6875025)
5302,,-104.9372071,39.6857028,POINT (-104.9372071 39.6857028)
5303,,-104.9495001,39.7256083,POINT (-104.9495001 39.7256083)
5304,,-104.9487612,39.7838182,POINT (-104.9487612 39.7838182)
5305,,-104.9499403,39.7618294,POINT (-104.9499403 39.7618294)
5306,,-104.9499062,39.7706444,POINT (-104.9499062 39.7706444)
5307,,-104.9498025,39.7764121,POINT (-104.9498025 39.7764121)
5308,,-104.9485847,39.7256075,POINT (-104.9485847 39.7256075)
5309,,-105.0105031,39.7592388,POINT (-105.0105031 39.7592388)
5310,,-105.01106,39.7596582,POINT (-105.01106 39.7596582)
5311,,-104.8239396,39.7855499,POINT (-104.8239396 39.7855499)
5312,,-104.8236211,39.7848831,POINT (-104.8236211 39.7848831)
5313,,-104.8246987,39.786858,POINT (-104.8246987 39.786858)
5314,,-105.0157159,39.7111724,POINT (-105.0157159 39.7111724)
5315,,-104.9413535,39.7146577,POINT (-104.9413535 39.7146577)
5316,,-104.9418714,39.6929533,POINT (-104.9418714 39.6929533)
5317,,-104.9407468,39.6893249,POINT (-104.9407468 39.6893249)
5318,,-104.941823,39.6857001,POINT (-104.941823 39.6857001)
5319,,-105.011204,39.7656427,POINT (-105.011204 39.7656427)
5320,,-105.0112075,39.7668552,POINT (-105.0112075 39.7668552)
5321,,-105.0112006,39.7644351,POINT (-105.0112006 39.7644351)
5322,,-105.0112021,39.7765585,POINT (-105.0112021 39.7765585)
5323,,-105.0112052,39.7894548,POINT (-105.0112052 39.7894548)
5324,,-104.942934,39.790987,POINT (-104.942934 39.790987)
5325,,-104.9421303,39.7909863,POINT (-104.9421303 39.7909863)
5326,,-104.9451582,39.7909889,POINT (-104.9451582 39.7909889)
5327,,-105.0485065,39.7113576,POINT (-105.0485065 39.7113576)
5328,,-104.8939396,39.7258288,POINT (-104.8939396 39.7258288)
5329,,-104.9671834,39.7607453,POINT (-104.9671834 39.7607453)
5330,,-104.9684298,39.7620004,POINT (-104.9684298 39.7620004)
5331,,-104.968426,39.7632535,POINT (-104.968426 39.7632535)
5332,,-104.9708846,39.7620043,POINT (-104.9708846 39.7620043)
5333,,-104.9684508,39.7473082,POINT (-104.9684508 39.7473082)
5334,,-104.9058031,39.7253457,POINT (-104.9058031 39.7253457)
5335,,-105.0601342,39.667773,POINT (-105.0601342 39.667773)
5336,,-104.9233866,39.6929896,POINT (-104.9233866 39.6929896)
5337,,-104.9251971,39.6784527,POINT (-104.9251971 39.6784527)
5338,,-104.923912,39.6784532,POINT (-104.923912 39.6784532)
5339,,-105.0133521,39.703959,POINT (-105.0133521 39.703959)
5340,,-105.0251414,39.7039718,POINT (-105.0251414 39.7039718)
5341,,-105.0391371,39.7035274,POINT (-105.0391371 39.7035274)
5342,,-104.9792577,39.7002952,POINT (-104.9792577 39.7002952)
5343,,-104.9792415,39.6984264,POINT (-104.9792415 39.6984264)
5344,,-105.0396637,39.6723198,POINT (-105.0396637 39.6723198)
5345,,-105.0406421,39.6725246,POINT (-105.0406421 39.6725246)
5346,,-105.0396849,39.6677241,POINT (-105.0396849 39.6677241)
5347,,-105.0406805,39.6677307,POINT (-105.0406805 39.6677307)
5348,,-105.0397103,39.7111902,POINT (-105.0397103 39.7111902)
5349,,-105.0397067,39.7117889,POINT (-105.0397067 39.7117889)
5350,,-105.0408901,39.7113121,POINT (-105.0408901 39.7113121)
5351,,-104.772049,39.8128371,POINT (-104.772049 39.8128371)
5352,,-104.772191,39.8128335,POINT (-104.772191 39.8128335)
5353,,-104.7697669,39.8128934,POINT (-104.7697669 39.8128934)
5354,,-104.7720154,39.8146047,POINT (-104.7720154 39.8146047)
5355,,-104.9485992,39.7146566,POINT (-104.9485992 39.7146566)
5356,,-104.9498073,39.7146561,POINT (-104.9498073 39.7146561)
5357,,-104.9407816,39.7146511,POINT (-104.9407816 39.7146511)
5358,,-104.9734566,39.7147276,POINT (-104.9734566 39.7147276)
5359,,-104.9205563,39.7256318,POINT (-104.9205563 39.7256318)
5360,,-104.9210488,39.6861693,POINT (-104.9210488 39.6861693)
5361,,-104.9192898,39.6858738,POINT (-104.9192898 39.6858738)
5362,,-104.9223255,39.686165,POINT (-104.9223255 39.686165)
5363,,-104.9217684,39.6523565,POINT (-104.9217684 39.6523565)
5364,,-104.9217956,39.651179,POINT (-104.9217956 39.651179)
5365,,-104.9216665,39.6530021,POINT (-104.9216665 39.6530021)
5366,,-104.9209902,39.6784568,POINT (-104.9209902 39.6784568)
5367,,-104.9222641,39.678453,POINT (-104.9222641 39.678453)
5368,,-104.9875015,39.6785022,POINT (-104.9875015 39.6785022)
5369,,-104.9876689,39.6784971,POINT (-104.9876689 39.6784971)
5370,,-104.987498,39.6803383,POINT (-104.987498 39.6803383)
5371,,-104.9959964,39.6784357,POINT (-104.9959964 39.6784357)
5372,,-104.9941627,39.678413,POINT (-104.9941627 39.678413)
5373,,-105.0278845,39.6786006,POINT (-105.0278845 39.6786006)
5374,,-104.9733492,39.7649538,POINT (-104.9733492 39.7649538)
5375,,-104.8486047,39.7696247,POINT (-104.8486047 39.7696247)
5376,,-104.8479496,39.7696244,POINT (-104.8479496 39.7696244)
5377,,-104.8486006,39.7711408,POINT (-104.8486006 39.7711408)
5378,,-104.8486019,39.7681013,POINT (-104.8486019 39.7681013)
5379,,-105.0314803,39.7767081,POINT (-105.0314803 39.7767081)
5380,,-104.972117,39.7645118,POINT (-104.972117 39.7645118)
5381,,-105.0322529,39.776717,POINT (-105.0322529 39.776717)
5382,,-105.0330506,39.7767262,POINT (-105.0330506 39.7767262)
5383,,-104.9708878,39.7645097,POINT (-104.9708878 39.7645097)
5384,,-105.0381095,39.7767139,POINT (-105.0381095 39.7767139)
5385,,-105.0416026,39.7766912,POINT (-105.0416026 39.7766912)
5386,,-105.0427815,39.7766891,POINT (-105.0427815 39.7766891)
5387,,-105.0404431,39.7766933,POINT (-105.0404431 39.7766933)
5388,,-105.0451373,39.7765846,POINT (-105.0451373 39.7765846)
5389,,-105.0462959,39.7765822,POINT (-105.0462959 39.7765822)
5390,,-105.0062829,39.7111916,POINT (-105.0062829 39.7111916)
5391,,-104.8657662,39.7824407,POINT (-104.8657662 39.7824407)
5392,,-104.7561985,39.7816807,POINT (-104.7561985 39.7816807)
5393,,-104.7562493,39.7815847,POINT (-104.7562493 39.7815847)
5394,,-104.954132,39.7807055,POINT (-104.954132 39.7807055)
5395,,-104.9696564,39.7645076,POINT (-104.9696564 39.7645076)
5396,,-104.9846692,39.7819399,POINT (-104.9846692 39.7819399)
5397,,-104.8932909,39.666897,POINT (-104.8932909 39.666897)
5398,,-104.8936469,39.667197,POINT (-104.8936469 39.667197)
5399,,-104.8922317,39.6660373,POINT (-104.8922317 39.6660373)
5400,,-104.9671867,39.7645034,POINT (-104.9671867 39.7645034)
5401,,-104.9034685,39.7202671,POINT (-104.9034685 39.7202671)
5402,,-105.0415207,39.6385466,POINT (-105.0415207 39.6385466)
5403,,-105.0372549,39.6385136,POINT (-105.0372549 39.6385136)
5404,,-105.0450019,39.6386079,POINT (-105.0450019 39.6386079)
5405,,-105.0420885,39.7113193,POINT (-105.0420885 39.7113193)
5406,,-104.9890246,39.7409082,POINT (-104.9890246 39.7409082)
5407,,-104.9877167,39.7419263,POINT (-104.9877167 39.7419263)
5408,,-104.869038,39.654039,POINT (-104.869038 39.654039)
5409,,-104.9647231,39.7645017,POINT (-104.9647231 39.7645017)
5410,,-104.931659,39.7870606,POINT (-104.931659 39.7870606)
5411,,-104.9634446,39.7644976,POINT (-104.9634446 39.7644976)
5412,,-104.9318456,39.7628545,POINT (-104.9318456 39.7628545)
5413,,-104.9318503,39.7632311,POINT (-104.9318503 39.7632311)
5414,,-104.9622177,39.7644984,POINT (-104.9622177 39.7644984)
5415,,-104.9042101,39.6491678,POINT (-104.9042101 39.6491678)
5416,,-104.7553054,39.7829411,POINT (-104.7553054 39.7829411)
5417,,-104.755441,39.7829881,POINT (-104.755441 39.7829881)
5418,,-104.7550965,39.7832976,POINT (-104.7550965 39.7832976)
5419,,-104.7540354,39.7772129,POINT (-104.7540354 39.7772129)
5420,,-104.7534872,39.7748581,POINT (-104.7534872 39.7748581)
5421,,-104.7534851,39.774769,POINT (-104.7534851 39.774769)
5422,,-104.7533321,39.7747687,POINT (-104.7533321 39.7747687)
5423,,-104.7535008,39.7735618,POINT (-104.7535008 39.7735618)
5424,,-104.9609824,39.7644961,POINT (-104.9609824 39.7644961)
5425,,-104.9500573,39.6875183,POINT (-104.9500573 39.6875183)
5426,,-104.9488843,39.6857002,POINT (-104.9488843 39.6857002)
5427,,-104.9749522,39.7598712,POINT (-104.9749522 39.7598712)
5428,,-104.9035976,39.6873776,POINT (-104.9035976 39.6873776)
5429,,-104.9035872,39.6849623,POINT (-104.9035872 39.6849623)
5430,,-104.9585711,39.7644813,POINT (-104.9585711 39.7644813)
5431,,-104.9371669,39.6875025,POINT (-104.9371669 39.6875025)
5432,,-104.9383228,39.6874995,POINT (-104.9383228 39.6874995)
5433,,-104.957348,39.7644796,POINT (-104.957348 39.7644796)
5434,,-105.0428884,39.6650133,POINT (-105.0428884 39.6650133)
5435,,-105.000125,39.7424805,POINT (-105.000125 39.7424805)
5436,,-104.9998498,39.7419149,POINT (-104.9998498 39.7419149)
5437,,-104.9413336,39.7256057,POINT (-104.9413336 39.7256057)
5438,,-104.9411283,39.7256061,POINT (-104.9411283 39.7256061)
5439,,-104.9561061,39.7644778,POINT (-104.9561061 39.7644778)
5440,,-104.9140622,39.7253399,POINT (-104.9140622 39.7253399)
5441,,-104.9548715,39.7644761,POINT (-104.9548715 39.7644761)
5442,,-105.0392753,39.7348271,POINT (-105.0392753 39.7348271)
5443,,-105.0392999,39.7350775,POINT (-105.0392999 39.7350775)
5444,,-104.9035102,39.6924048,POINT (-104.9035102 39.6924048)
5445,,-104.9035187,39.6917964,POINT (-104.9035187 39.6917964)
5446,,-104.9035174,39.6893549,POINT (-104.9035174 39.6893549)
5447,,-104.9035188,39.6890539,POINT (-104.9035188 39.6890539)
5448,,-104.8988624,39.6893406,POINT (-104.8988624 39.6893406)
5449,,-104.9036907,39.6766532,POINT (-104.9036907 39.6766532)
5450,,-104.903421,39.6667075,POINT (-104.903421 39.6667075)
5451,,-104.9030153,39.6658732,POINT (-104.9030153 39.6658732)
5452,,-104.9112256,39.6274179,POINT (-104.9112256 39.6274179)
5453,,-104.9110282,39.6273981,POINT (-104.9110282 39.6273981)
5454,,-104.911937,39.6246465,POINT (-104.911937 39.6246465)
5455,,-104.8981193,39.6282901,POINT (-104.8981193 39.6282901)
5456,,-104.8952837,39.6293238,POINT (-104.8952837 39.6293238)
5457,,-104.8950809,39.6293887,POINT (-104.8950809 39.6293887)
5458,,-104.8950529,39.6289369,POINT (-104.8950529 39.6289369)
5459,,-104.8873625,39.6319074,POINT (-104.8873625 39.6319074)
5460,,-104.9667323,39.7819382,POINT (-104.9667323 39.7819382)
5461,,-104.9726775,39.7432402,POINT (-104.9726775 39.7432402)
5462,,-104.9721205,39.7620062,POINT (-104.9721205 39.7620062)
5463,,-104.9536482,39.7644744,POINT (-104.9536482 39.7644744)
5464,,-104.9717756,39.7255829,POINT (-104.9717756 39.7255829)
5465,,-104.9706113,39.7255866,POINT (-104.9706113 39.7255866)
5466,,-104.897473,39.6316196,POINT (-104.897473 39.6316196)
5467,,-104.897354,39.6315519,POINT (-104.897354 39.6315519)
5468,,-104.8956018,39.6298469,POINT (-104.8956018 39.6298469)
5469,,-104.8958171,39.629299,POINT (-104.8958171 39.629299)
5470,,-104.8953613,39.6294598,POINT (-104.8953613 39.6294598)
5471,,-104.976938,39.7002145,POINT (-104.976938 39.7002145)
5472,,-104.952413,39.7644726,POINT (-104.952413 39.7644726)
5473,,-105.0381151,39.7832621,POINT (-105.0381151 39.7832621)
5474,,-105.0392747,39.7832597,POINT (-105.0392747 39.7832597)
5475,,-105.0404365,39.7832573,POINT (-105.0404365 39.7832573)
5476,,-104.9223436,39.6893598,POINT (-104.9223436 39.6893598)
5477,,-104.9183562,39.6857208,POINT (-104.9183562 39.6857208)
5478,,-104.7720289,39.783614,POINT (-104.7720289 39.783614)
5479,,-104.7720287,39.7837781,POINT (-104.7720287 39.7837781)
5480,,-104.7698269,39.7836272,POINT (-104.7698269 39.7836272)
5481,,-104.9407425,39.6929471,POINT (-104.9407425 39.6929471)
5482,,-104.9405622,39.6929501,POINT (-104.9405622 39.6929501)
5483,,-104.9511877,39.7644709,POINT (-104.9511877 39.7644709)
5484,,-104.987412,39.6930251,POINT (-104.987412 39.6930251)
5485,,-104.9730848,39.6929825,POINT (-104.9730848 39.6929825)
5486,,-104.9734316,39.693252,POINT (-104.9734316 39.693252)
5487,,-104.9971333,39.711258,POINT (-104.9971333 39.711258)
5488,,-104.9976429,39.7122768,POINT (-104.9976429 39.7122768)
5489,,-104.9998254,39.7127415,POINT (-104.9998254 39.7127415)
5490,,-104.9960388,39.7044814,POINT (-104.9960388 39.7044814)
5491,,-104.7594196,39.7748908,POINT (-104.7594196 39.7748908)
5492,,-104.7598311,39.7740629,POINT (-104.7598311 39.7740629)
5493,,-104.8695334,39.6543634,POINT (-104.8695334 39.6543634)
5494,,-104.9964022,39.7289089,POINT (-104.9964022 39.7289089)
5495,,-104.9875675,39.705738,POINT (-104.9875675 39.705738)
5496,,-104.9863448,39.7075322,POINT (-104.9863448 39.7075322)
5497,,-104.9487297,39.7644674,POINT (-104.9487297 39.7644674)
5498,,-104.9687096,39.7074951,POINT (-104.9687096 39.7074951)
5499,,-104.9499279,39.7632284,POINT (-104.9499279 39.7632284)
5500,,-104.9368356,39.7619935,POINT (-104.9368356 39.7619935)
5501,,-104.9380966,39.7619905,POINT (-104.9380966 39.7619905)
5502,,-104.9371618,39.7256125,POINT (-104.9371618 39.7256125)
5503,,-104.9383277,39.7256112,POINT (-104.9383277 39.7256112)
5504,,-104.9371264,39.7253112,POINT (-104.9371264 39.7253112)
5505,,-104.9360191,39.7253139,POINT (-104.9360191 39.7253139)
5506,,-104.937251,39.7510406,POINT (-104.937251 39.7510406)
5507,,-104.936155,39.7510489,POINT (-104.936155 39.7510489)
5508,,-104.938358,39.7510398,POINT (-104.938358 39.7510398)
5509,,-104.947499,39.7644657,POINT (-104.947499 39.7644657)
5510,,-104.931638,39.6803979,POINT (-104.931638 39.6803979)
5511,,-104.9216733,39.7256305,POINT (-104.9216733 39.7256305)
5512,,-104.9211272,39.7619904,POINT (-104.9211272 39.7619904)
5513,,-104.98756,39.7021354,POINT (-104.98756 39.7021354)
5514,,-104.9871979,39.7020019,POINT (-104.9871979 39.7020019)
5515,,-104.9876082,39.7008446,POINT (-104.9876082 39.7008446)
5516,,-104.9462689,39.7644639,POINT (-104.9462689 39.7644639)
5517,,-104.9488374,39.6857004,POINT (-104.9488374 39.6857004)
5518,,-104.9558524,39.7256141,POINT (-104.9558524 39.7256141)
5519,,-104.9555458,39.7256144,POINT (-104.9555458 39.7256144)
5520,,-104.9546235,39.7256153,POINT (-104.9546235 39.7256153)
5521,,-104.9450362,39.7644622,POINT (-104.9450362 39.7644622)
5522,,-104.8998969,39.7510134,POINT (-104.8998969 39.7510134)
5523,,-104.9010659,39.7510132,POINT (-104.9010659 39.7510132)
5524,,-104.9316234,39.6674792,POINT (-104.9316234 39.6674792)
5525,,-104.9316955,39.6530376,POINT (-104.9316955 39.6530376)
5526,,-104.9316002,39.6795505,POINT (-104.9316002 39.6795505)
5527,,-104.9671248,39.7255931,POINT (-104.9671248 39.7255931)
5528,,-104.9607415,39.6847089,POINT (-104.9607415 39.6847089)
5529,,-105.0325634,39.7112599,POINT (-105.0325634 39.7112599)
5530,,-104.9781456,39.7511526,POINT (-104.9781456 39.7511526)
5531,,-104.939459,39.7510391,POINT (-104.939459 39.7510391)
5532,,-104.9404971,39.7644558,POINT (-104.9404971 39.7644558)
5533,,-104.9675761,39.6784733,POINT (-104.9675761 39.6784733)
5534,,-104.9688004,39.6658494,POINT (-104.9688004 39.6658494)
5535,,-104.9688034,39.6660915,POINT (-104.9688034 39.6660915)
5536,,-104.9688096,39.6649507,POINT (-104.9688096 39.6649507)
5537,,-104.772024,39.7858985,POINT (-104.772024 39.7858985)
5538,,-104.772236,39.7858987,POINT (-104.772236 39.7858987)
5539,,-104.769735,39.7858974,POINT (-104.769735 39.7858974)
5540,,-104.772016,39.7873783,POINT (-104.772016 39.7873783)
5541,,-104.7720399,39.7982562,POINT (-104.7720399 39.7982562)
5542,,-104.7720383,39.7983783,POINT (-104.7720383 39.7983783)
5543,,-104.7697768,39.7982464,POINT (-104.7697768 39.7982464)
5544,,-104.9393138,39.7644615,POINT (-104.9393138 39.7644615)
5545,,-104.9380832,39.7644664,POINT (-104.9380832 39.7644664)
5546,,-104.9408354,39.6856825,POINT (-104.9408354 39.6856825)
5547,,-104.9373433,39.6857025,POINT (-104.9373433 39.6857025)
5548,,-104.9394863,39.685682,POINT (-104.9394863 39.685682)
5549,,-104.9368452,39.7644683,POINT (-104.9368452 39.7644683)
5550,,-105.0038697,39.7075673,POINT (-105.0038697 39.7075673)
5551,,-104.9356198,39.7644718,POINT (-104.9356198 39.7644718)
5552,,-104.9343897,39.7644747,POINT (-104.9343897 39.7644747)
5553,,-104.9331558,39.7644759,POINT (-104.9331558 39.7644759)
5554,,-104.9999944,39.7493678,POINT (-104.9999944 39.7493678)
5555,,-104.9862197,39.7256409,POINT (-104.9862197 39.7256409)
5556,,-104.985914,39.725387,POINT (-104.985914 39.725387)
5557,,-104.9836012,39.7478059,POINT (-104.9836012 39.7478059)
5558,,-104.9839523,39.7475363,POINT (-104.9839523 39.7475363)
5559,,-104.9802561,39.749048,POINT (-104.9802561 39.749048)
5560,,-104.9356264,39.7619948,POINT (-104.9356264 39.7619948)
5561,,-104.934883,39.7253121,POINT (-104.934883 39.7253121)
5562,,-104.9318453,39.7637871,POINT (-104.9318453 39.7637871)
5563,,-104.9360176,39.7256139,POINT (-104.9360176 39.7256139)
5564,,-104.9382804,39.7253017,POINT (-104.9382804 39.7253017)
5565,,-104.9394781,39.7256091,POINT (-104.9394781 39.7256091)
5566,,-104.9846155,39.7523823,POINT (-104.9846155 39.7523823)
5567,,-104.9837538,39.7517229,POINT (-104.9837538 39.7517229)
5568,,-105.0062895,39.7121471,POINT (-105.0062895 39.7121471)
5569,,-105.0414618,39.6548968,POINT (-105.0414618 39.6548968)
5570,,-104.8423055,39.7981547,POINT (-104.8423055 39.7981547)
5571,,-104.8387264,39.7981283,POINT (-104.8387264 39.7981283)
5572,,-104.8450006,39.7981744,POINT (-104.8450006 39.7981744)
5573,,-104.8069846,39.7982994,POINT (-104.8069846 39.7982994)
5574,,-104.9163924,39.6893599,POINT (-104.9163924 39.6893599)
5575,,-105.0198802,39.7293264,POINT (-105.0198802 39.7293264)
5576,,-104.9775014,39.7745504,POINT (-104.9775014 39.7745504)
5577,,-104.89466,39.6332917,POINT (-104.89466 39.6332917)
5578,,-104.8962918,39.6326461,POINT (-104.8962918 39.6326461)
5579,,-104.9473329,39.7256083,POINT (-104.9473329 39.7256083)
5580,,-104.9487277,39.7619376,POINT (-104.9487277 39.7619376)
5581,,-104.8967344,39.6893407,POINT (-104.8967344 39.6893407)
5582,,-104.897118,39.6893417,POINT (-104.897118 39.6893417)
5583,,-104.8970066,39.6896324,POINT (-104.8970066 39.6896324)
5584,,-104.8964751,39.6890586,POINT (-104.8964751 39.6890586)
5585,,-104.8964086,39.689339,POINT (-104.8964086 39.689339)
5586,,-104.937306,39.6893276,POINT (-104.937306 39.6893276)
5587,,-104.9383273,39.6893249,POINT (-104.9383273 39.6893249)
5588,,-104.8729007,39.6616673,POINT (-104.8729007 39.6616673)
5589,,-105.0320275,39.7254343,POINT (-105.0320275 39.7254343)
5590,,-104.8740593,39.6614686,POINT (-104.8740593 39.6614686)
5591,,-104.985191,39.6712818,POINT (-104.985191 39.6712818)
5592,,-104.7427458,39.7741363,POINT (-104.7427458 39.7741363)
5593,,-104.9876598,39.6712782,POINT (-104.9876598 39.6712782)
5594,,-104.9863541,39.6712789,POINT (-104.9863541 39.6712789)
5595,,-104.9385206,39.6784501,POINT (-104.9385206 39.6784501)
5596,,-104.8184293,39.7816979,POINT (-104.8184293 39.7816979)
5597,,-105.025158,39.6732832,POINT (-105.025158 39.6732832)
5598,,-105.0593329,39.789636,POINT (-105.0593329 39.789636)
5599,,-104.9561166,39.7619811,POINT (-104.9561166 39.7619811)
5600,,-104.9858468,39.7514222,POINT (-104.9858468 39.7514222)
5601,,-104.8660195,39.7945147,POINT (-104.8660195 39.7945147)
5602,,-104.8660458,39.7903162,POINT (-104.8660458 39.7903162)
5603,,-105.027549,39.711203,POINT (-105.027549 39.711203)
5604,,-104.8660397,39.7901429,POINT (-104.8660397 39.7901429)
5605,,-104.8659653,39.7867693,POINT (-104.8659653 39.7867693)
5606,,-104.9960105,39.7462733,POINT (-104.9960105 39.7462733)
5607,,-104.9746134,39.7614786,POINT (-104.9746134 39.7614786)
5608,,-104.8659155,39.7824401,POINT (-104.8659155 39.7824401)
5609,,-104.8659175,39.7822783,POINT (-104.8659175 39.7822783)
5610,,-104.9056655,39.6782339,POINT (-104.9056655 39.6782339)
5611,,-104.8673399,39.7824731,POINT (-104.8673399 39.7824731)
5612,,-104.9393444,39.7253028,POINT (-104.9393444 39.7253028)
5613,,-104.9787694,39.7256069,POINT (-104.9787694 39.7256069)
5614,,-104.9543958,39.7256152,POINT (-104.9543958 39.7256152)
5615,,-104.9534241,39.7256124,POINT (-104.9534241 39.7256124)
5616,,-104.8659239,39.7787785,POINT (-104.8659239 39.7787785)
5617,,-104.8657634,39.7786823,POINT (-104.8657634 39.7786823)
5618,,-104.9484129,39.7256079,POINT (-104.9484129 39.7256079)
5619,,-104.940439,39.7256073,POINT (-104.940439 39.7256073)
5620,,-104.8659369,39.77702,POINT (-104.8659369 39.77702)
5621,,-104.865899,39.7728722,POINT (-104.865899 39.7728722)
5622,,-104.9994651,39.7412073,POINT (-104.9994651 39.7412073)
5623,,-104.8658998,39.772601,POINT (-104.8658998 39.772601)
5624,,-104.6989911,39.8330129,POINT (-104.6989911 39.8330129)
5625,,-104.714558,39.8320167,POINT (-104.714558 39.8320167)
5626,,-104.8658718,39.7693938,POINT (-104.8658718 39.7693938)
5627,,-105.0391236,39.7031823,POINT (-105.0391236 39.7031823)
5628,,-104.8658152,39.7685039,POINT (-104.8658152 39.7685039)
5629,,-104.9499403,39.7619623,POINT (-104.9499403 39.7619623)
5630,,-104.9481716,39.7838177,POINT (-104.9481716 39.7838177)
5631,,-104.7438396,39.773058,POINT (-104.7438396 39.773058)
5632,,-104.987412,39.7320545,POINT (-104.987412 39.7320545)
5633,,-104.9874218,39.7304536,POINT (-104.9874218 39.7304536)
5634,,-104.9783941,39.7829048,POINT (-104.9783941 39.7829048)
5635,,-104.9786924,39.781833,POINT (-104.9786924 39.781833)
5636,,-104.9861388,39.7320513,POINT (-104.9861388 39.7320513)
5637,,-104.8099035,39.7767634,POINT (-104.8099035 39.7767634)
5638,,-104.9775374,39.7194376,POINT (-104.9775374 39.7194376)
5639,,-104.9128259,39.6611445,POINT (-104.9128259 39.6611445)
5640,,-104.9128294,39.6579595,POINT (-104.9128294 39.6579595)
5641,,-104.9127824,39.6378696,POINT (-104.9127824 39.6378696)
5642,,-104.9122165,39.6353036,POINT (-104.9122165 39.6353036)
5643,,-104.9121821,39.6352472,POINT (-104.9121821 39.6352472)
5644,,-104.9110301,39.6323856,POINT (-104.9110301 39.6323856)
5645,,-104.911219,39.6275592,POINT (-104.911219 39.6275592)
5646,,-104.9393247,39.7619905,POINT (-104.9393247 39.7619905)
5647,,-104.9405102,39.7619509,POINT (-104.9405102 39.7619509)
5648,,-104.7424202,39.7811468,POINT (-104.7424202 39.7811468)
5649,,-104.7422803,39.7811699,POINT (-104.7422803 39.7811699)
5650,,-104.7997904,39.7838058,POINT (-104.7997904 39.7838058)
5651,,-104.7999172,39.7838053,POINT (-104.7999172 39.7838053)
5652,,-104.9364618,39.7112637,POINT (-104.9364618 39.7112637)
5653,,-104.9366375,39.7114069,POINT (-104.9366375 39.7114069)
5654,,-104.9358606,39.7111961,POINT (-104.9358606 39.7111961)
5655,,-104.9315213,39.7032937,POINT (-104.9315213 39.7032937)
5656,,-104.9276858,39.7008298,POINT (-104.9276858 39.7008298)
5657,,-104.9631906,39.6603781,POINT (-104.9631906 39.6603781)
5658,,-104.9641452,39.6603873,POINT (-104.9641452 39.6603873)
5659,,-105.0167373,39.6605143,POINT (-105.0167373 39.6605143)
5660,,-104.8753497,39.7201361,POINT (-104.8753497 39.7201361)
5661,,-104.8753576,39.7232273,POINT (-104.8753576 39.7232273)
5662,,-104.8755911,39.719277,POINT (-104.8755911 39.719277)
5663,,-104.9688042,39.6640575,POINT (-104.9688042 39.6640575)
5664,,-104.9129963,39.6587539,POINT (-104.9129963 39.6587539)
5665,,-104.9129977,39.6579593,POINT (-104.9129977 39.6579593)
5666,,-104.8853341,39.6244841,POINT (-104.8853341 39.6244841)
5667,,-104.96515,39.6603994,POINT (-104.96515 39.6603994)
5668,,-104.8753532,39.7255719,POINT (-104.8753532 39.7255719)
5669,,-104.9835926,39.7320493,POINT (-104.9835926 39.7320493)
5670,,-104.9836005,39.7304503,POINT (-104.9836005 39.7304503)
5671,,-105.0346404,39.6494,POINT (-105.0346404 39.6494)
5672,,-105.0346496,39.6481379,POINT (-105.0346496 39.6481379)
5673,,-105.0346499,39.6468761,POINT (-105.0346499 39.6468761)
5674,,-104.905593,39.6783375,POINT (-104.905593 39.6783375)
5675,,-104.8852829,39.6334741,POINT (-104.8852829 39.6334741)
5676,,-104.8742259,39.7182188,POINT (-104.8742259 39.7182188)
5677,,-104.8756642,39.7188276,POINT (-104.8756642 39.7188276)
5678,,-104.9688165,39.662048,POINT (-104.9688165 39.662048)
5679,,-104.9688098,39.6635529,POINT (-104.9688098 39.6635529)
5680,,-104.9688099,39.6604181,POINT (-104.9688099 39.6604181)
5681,,-104.8663045,39.6617037,POINT (-104.8663045 39.6617037)
5682,,-104.8663013,39.6618156,POINT (-104.8663013 39.6618156)
5683,,-104.8663417,39.6607058,POINT (-104.8663417 39.6607058)
5684,,-104.8660722,39.6707847,POINT (-104.8660722 39.6707847)
5685,,-104.8660634,39.6709623,POINT (-104.8660634 39.6709623)
5686,,-104.8660888,39.669847,POINT (-104.8660888 39.669847)
5687,,-104.8661415,39.6675128,POINT (-104.8661415 39.6675128)
5688,,-104.8740454,39.6747405,POINT (-104.8740454 39.6747405)
5689,,-104.8708559,39.6747568,POINT (-104.8708559 39.6747568)
5690,,-104.9679272,39.6604109,POINT (-104.9679272 39.6604109)
5691,,-104.9594624,39.6595681,POINT (-104.9594624 39.6595681)
5692,,-104.9594665,39.6567227,POINT (-104.9594665 39.6567227)
5693,,-104.9594612,39.6570696,POINT (-104.9594612 39.6570696)
5694,,-104.9035319,39.6726881,POINT (-104.9035319 39.6726881)
5695,,-105.0251966,39.6568356,POINT (-105.0251966 39.6568356)
5696,,-104.8703292,39.6743334,POINT (-104.8703292 39.6743334)
5697,,-104.9129865,39.6611448,POINT (-104.9129865 39.6611448)
5698,,-104.9129829,39.6603486,POINT (-104.9129829 39.6603486)
5699,,-104.9129892,39.659557,POINT (-104.9129892 39.659557)
5700,,-104.9339528,39.7111849,POINT (-104.9339528 39.7111849)
5701,,-104.9315735,39.7112013,POINT (-104.9315735 39.7112013)
5702,,-104.8707614,39.710147,POINT (-104.8707614 39.710147)
5703,,-104.8724797,39.7097385,POINT (-104.8724797 39.7097385)
5704,,-105.0626786,39.7838562,POINT (-105.0626786 39.7838562)
5705,,-105.0626668,39.7856667,POINT (-105.0626668 39.7856667)
5706,,-105.0626635,39.786169,POINT (-105.0626635 39.786169)
5707,,-105.0625593,39.7874205,POINT (-105.0625593 39.7874205)
5708,,-105.0618136,39.7885998,POINT (-105.0618136 39.7885998)
5709,,-105.0556339,39.7910604,POINT (-105.0556339 39.7910604)
5710,,-105.0557681,39.7910607,POINT (-105.0557681 39.7910607)
5711,,-105.0538715,39.7910557,POINT (-105.0538715 39.7910557)
5712,,-105.0593386,39.7910702,POINT (-105.0593386 39.7910702)
5713,,-105.0604,39.791073,POINT (-105.0604 39.791073)
5714,,-105.0561994,39.7910619,POINT (-105.0561994 39.7910619)
5715,,-104.9002099,39.7605375,POINT (-104.9002099 39.7605375)
5716,,-104.8989719,39.7600807,POINT (-104.8989719 39.7600807)
5717,,-104.9005195,39.7593198,POINT (-104.9005195 39.7593198)
5718,,-104.9000828,39.7607095,POINT (-104.9000828 39.7607095)
5719,,-104.9007036,39.7613273,POINT (-104.9007036 39.7613273)
5720,,-104.8988905,39.7622686,POINT (-104.8988905 39.7622686)
5721,,-104.8988843,39.7630669,POINT (-104.8988843 39.7630669)
5722,,-104.8990202,39.7618904,POINT (-104.8990202 39.7618904)
5723,,-104.9034341,39.749816,POINT (-104.9034341 39.749816)
5724,,-104.9786881,39.7320518,POINT (-104.9786881 39.7320518)
5725,,-104.9787174,39.7304375,POINT (-104.9787174 39.7304375)
5726,,-104.9031837,39.7593292,POINT (-104.9031837 39.7593292)
5727,,-104.9010614,39.7580416,POINT (-104.9010614 39.7580416)
5728,,-104.9045956,39.7617853,POINT (-104.9045956 39.7617853)
5729,,-104.9033946,39.7613946,POINT (-104.9033946 39.7613946)
5730,,-104.902738,39.7611931,POINT (-104.902738 39.7611931)
5731,,-104.9027436,39.7615812,POINT (-104.9027436 39.7615812)
5732,,-104.9021047,39.7609986,POINT (-104.9021047 39.7609986)
5733,,-104.8987439,39.7618194,POINT (-104.8987439 39.7618194)
5734,,-104.8987961,39.761876,POINT (-104.8987961 39.761876)
5735,,-104.8990377,39.7531344,POINT (-104.8990377 39.7531344)
5736,,-104.8990317,39.7537755,POINT (-104.8990317 39.7537755)
5737,,-104.9014067,39.7652054,POINT (-104.9014067 39.7652054)
5738,,-104.8988016,39.7651532,POINT (-104.8988016 39.7651532)
5739,,-104.8988014,39.7652526,POINT (-104.8988014 39.7652526)
5740,,-104.8975238,39.7651953,POINT (-104.8975238 39.7651953)
5741,,-104.9034209,39.7771284,POINT (-104.9034209 39.7771284)
5742,,-104.9027572,39.7638271,POINT (-104.9027572 39.7638271)
5743,,-104.9027559,39.7644992,POINT (-104.9027559 39.7644992)
5744,,-104.9027532,39.7605843,POINT (-104.9027532 39.7605843)
5745,,-104.9005243,39.7584055,POINT (-104.9005243 39.7584055)
5746,,-104.8907735,39.7598719,POINT (-104.8907735 39.7598719)
5747,,-104.8906789,39.7589871,POINT (-104.8906789 39.7589871)
5748,,-104.8902227,39.7598735,POINT (-104.8902227 39.7598735)
5749,,-104.8906805,39.7578813,POINT (-104.8906805 39.7578813)
5750,,-104.8906916,39.7561489,POINT (-104.8906916 39.7561489)
5751,,-104.890388,39.7578787,POINT (-104.890388 39.7578787)
5752,,-104.8883418,39.7600247,POINT (-104.8883418 39.7600247)
5753,,-104.8902191,39.760277,POINT (-104.8902191 39.760277)
5754,,-104.8903899,39.7581122,POINT (-104.8903899 39.7581122)
5755,,-104.8906796,39.7581103,POINT (-104.8906796 39.7581103)
5756,,-104.8903761,39.7589855,POINT (-104.8903761 39.7589855)
5757,,-104.8892832,39.7578717,POINT (-104.8892832 39.7578717)
5758,,-104.889834,39.7519255,POINT (-104.889834 39.7519255)
5759,,-104.8900299,39.751764,POINT (-104.8900299 39.751764)
5760,,-104.8904331,39.7531793,POINT (-104.8904331 39.7531793)
5761,,-104.8885032,39.7506675,POINT (-104.8885032 39.7506675)
5762,,-104.8939889,39.7509915,POINT (-104.8939889 39.7509915)
5763,,-104.8868356,39.7494899,POINT (-104.8868356 39.7494899)
5764,,-104.8866764,39.7496236,POINT (-104.8866764 39.7496236)
5765,,-104.8853451,39.7484629,POINT (-104.8853451 39.7484629)
5766,,-104.8860694,39.7501268,POINT (-104.8860694 39.7501268)
5767,,-104.8883133,39.7508335,POINT (-104.8883133 39.7508335)
5768,,-104.8877593,39.7513025,POINT (-104.8877593 39.7513025)
5769,,-104.8848783,39.748147,POINT (-104.8848783 39.748147)
5770,,-104.8977393,39.7510058,POINT (-104.8977393 39.7510058)
5771,,-104.8962543,39.7510001,POINT (-104.8962543 39.7510001)
5772,,-104.8990268,39.7547062,POINT (-104.8990268 39.7547062)
5773,,-104.9005597,39.7547167,POINT (-104.9005597 39.7547167)
5774,,-104.8990113,39.7559524,POINT (-104.8990113 39.7559524)
5775,,-104.8980676,39.7547008,POINT (-104.8980676 39.7547008)
5776,,-104.8883563,39.757876,POINT (-104.8883563 39.757876)
5777,,-104.8873905,39.75787,POINT (-104.8873905 39.75787)
5778,,-104.9741073,39.7320542,POINT (-104.9741073 39.7320542)
5779,,-104.9741075,39.7304591,POINT (-104.9741075 39.7304591)
5780,,-104.8907134,39.754659,POINT (-104.8907134 39.754659)
5781,,-104.8904059,39.7561478,POINT (-104.8904059 39.7561478)
5782,,-104.8874125,39.7561369,POINT (-104.8874125 39.7561369)
5783,,-104.8874315,39.7546446,POINT (-104.8874315 39.7546446)
5784,,-104.8971246,39.7581366,POINT (-104.8971246 39.7581366)
5785,,-104.8984671,39.75814,POINT (-104.8984671 39.75814)
5786,,-104.89715,39.7546956,POINT (-104.89715 39.7546956)
5787,,-104.8962292,39.7546903,POINT (-104.8962292 39.7546903)
5788,,-104.8918576,39.7546655,POINT (-104.8918576 39.7546655)
5789,,-104.8927867,39.7546708,POINT (-104.8927867 39.7546708)
5790,,-104.8953076,39.7546851,POINT (-104.8953076 39.7546851)
5791,,-104.8963931,39.7602071,POINT (-104.8963931 39.7602071)
5792,,-104.8976282,39.7602102,POINT (-104.8976282 39.7602102)
5793,,-104.8963941,39.7600407,POINT (-104.8963941 39.7600407)
5794,,-104.8944046,39.7600311,POINT (-104.8944046 39.7600311)
5795,,-104.8964058,39.7581338,POINT (-104.8964058 39.7581338)
5796,,-104.8937016,39.754676,POINT (-104.8937016 39.754676)
5797,,-104.892569,39.760021,POINT (-104.892569 39.760021)
5798,,-104.8925682,39.7601861,POINT (-104.8925682 39.7601861)
5799,,-104.8925746,39.7590032,POINT (-104.8925746 39.7590032)
5800,,-104.8846343,39.757853,POINT (-104.8846343 39.757853)
5801,,-104.883712,39.7578493,POINT (-104.883712 39.7578493)
5802,,-104.8997037,39.7673145,POINT (-104.8997037 39.7673145)
5803,,-104.8969343,39.7673557,POINT (-104.8969343 39.7673557)
5804,,-104.8997028,39.7674217,POINT (-104.8997028 39.7674217)
5805,,-104.8943792,39.7673457,POINT (-104.8943792 39.7673457)
5806,,-104.875299,39.759956,POINT (-104.875299 39.759956)
5807,,-104.875596,39.758616,POINT (-104.875596 39.758616)
5808,,-104.8742492,39.75995,POINT (-104.8742492 39.75995)
5809,,-104.8645481,39.7565084,POINT (-104.8645481 39.7565084)
5810,,-104.8645416,39.7575028,POINT (-104.8645416 39.7575028)
5811,,-104.8724034,39.7600786,POINT (-104.8724034 39.7600786)
5812,,-104.8742463,39.760082,POINT (-104.8742463 39.760082)
5813,,-104.8715146,39.754782,POINT (-104.8715146 39.754782)
5814,,-104.8724461,39.7547803,POINT (-104.8724461 39.7547803)
5815,,-104.8705731,39.7547796,POINT (-104.8705731 39.7547796)
5816,,-104.864557,39.754783,POINT (-104.864557 39.754783)
5817,,-104.8635903,39.7547806,POINT (-104.8635903 39.7547806)
5818,,-104.8659259,39.7547832,POINT (-104.8659259 39.7547832)
5819,,-104.8658357,39.7600359,POINT (-104.8658357 39.7600359)
5820,,-104.867708,39.760064,POINT (-104.867708 39.760064)
5821,,-104.865866,39.758846,POINT (-104.865866 39.758846)
5822,,-104.8658695,39.7632639,POINT (-104.8658695 39.7632639)
5823,,-104.8658208,39.7666722,POINT (-104.8658208 39.7666722)
5824,,-104.865958,39.7623345,POINT (-104.865958 39.7623345)
5825,,-104.8656446,39.7684914,POINT (-104.8656446 39.7684914)
5826,,-104.8658038,39.7623415,POINT (-104.8658038 39.7623415)
5827,,-104.8642379,39.7595501,POINT (-104.8642379 39.7595501)
5828,,-104.8646459,39.7597853,POINT (-104.8646459 39.7597853)
5829,,-104.864534,39.758839,POINT (-104.864534 39.758839)
5830,,-104.8631675,39.7586327,POINT (-104.8631675 39.7586327)
5831,,-104.8813163,39.7855536,POINT (-104.8813163 39.7855536)
5832,,-104.8824912,39.7857244,POINT (-104.8824912 39.7857244)
5833,,-104.8762421,39.782508,POINT (-104.8762421 39.782508)
5834,,-104.8796521,39.7841802,POINT (-104.8796521 39.7841802)
5835,,-104.90019,39.7854727,POINT (-104.90019 39.7854727)
5836,,-104.8978665,39.7855077,POINT (-104.8978665 39.7855077)
5837,,-104.9001094,39.7844105,POINT (-104.9001094 39.7844105)
5838,,-104.8918827,39.7858704,POINT (-104.8918827 39.7858704)
5839,,-104.8931962,39.7856428,POINT (-104.8931962 39.7856428)
5840,,-104.8830632,39.7857282,POINT (-104.8830632 39.7857282)
5841,,-104.8830695,39.7852601,POINT (-104.8830695 39.7852601)
5842,,-104.8839825,39.7856624,POINT (-104.8839825 39.7856624)
5843,,-104.8829917,39.7843279,POINT (-104.8829917 39.7843279)
5844,,-104.8824955,39.7852614,POINT (-104.8824955 39.7852614)
5845,,-104.8933007,39.7791294,POINT (-104.8933007 39.7791294)
5846,,-104.8906745,39.7788961,POINT (-104.8906745 39.7788961)
5847,,-104.8962694,39.7824056,POINT (-104.8962694 39.7824056)
5848,,-104.8962551,39.785641,POINT (-104.8962551 39.785641)
5849,,-104.8979087,39.7856517,POINT (-104.8979087 39.7856517)
5850,,-104.8931525,39.7854364,POINT (-104.8931525 39.7854364)
5851,,-104.8906418,39.7854189,POINT (-104.8906418 39.7854189)
5852,,-104.890491,39.7854514,POINT (-104.890491 39.7854514)
5853,,-104.8879965,39.7854491,POINT (-104.8879965 39.7854491)
5854,,-104.9035807,39.7754236,POINT (-104.9035807 39.7754236)
5855,,-104.903621,39.7793049,POINT (-104.903621 39.7793049)
5856,,-104.903649,39.7777062,POINT (-104.903649 39.7777062)
5857,,-104.9044854,39.7791999,POINT (-104.9044854 39.7791999)
5858,,-104.9004572,39.7835782,POINT (-104.9004572 39.7835782)
5859,,-104.9014522,39.7824658,POINT (-104.9014522 39.7824658)
5860,,-104.900988,39.7842234,POINT (-104.900988 39.7842234)
5861,,-104.9003567,39.7834145,POINT (-104.9003567 39.7834145)
5862,,-104.8998794,39.7839862,POINT (-104.8998794 39.7839862)
5863,,-104.9018515,39.7820254,POINT (-104.9018515 39.7820254)
5864,,-104.9020225,39.7825481,POINT (-104.9020225 39.7825481)
5865,,-104.9016768,39.7819492,POINT (-104.9016768 39.7819492)
5866,,-104.903545,39.7796825,POINT (-104.903545 39.7796825)
5867,,-104.9022054,39.7831124,POINT (-104.9022054 39.7831124)
5868,,-104.9028501,39.7852563,POINT (-104.9028501 39.7852563)
5869,,-104.989007,39.7405032,POINT (-104.989007 39.7405032)
5870,,-104.9874014,39.7400083,POINT (-104.9874014 39.7400083)
5871,,-104.990775,39.7291547,POINT (-104.990775 39.7291547)
5872,,-105.0053188,39.7613611,POINT (-105.0053188 39.7613611)
5873,,-105.0084002,39.7586191,POINT (-105.0084002 39.7586191)
5874,,-105.002669,39.7532857,POINT (-105.002669 39.7532857)
5875,,-105.0028449,39.7530081,POINT (-105.0028449 39.7530081)
5876,,-104.8430639,39.7736452,POINT (-104.8430639 39.7736452)
5877,,-104.8652204,39.7743244,POINT (-104.8652204 39.7743244)
5878,,-104.8607092,39.7751553,POINT (-104.8607092 39.7751553)
5879,,-104.8650478,39.7744429,POINT (-104.8650478 39.7744429)
5880,,-104.8657681,39.7744252,POINT (-104.8657681 39.7744252)
5881,,-104.8657776,39.775307,POINT (-104.8657776 39.775307)
5882,,-104.8651874,39.7770295,POINT (-104.8651874 39.7770295)
5883,,-104.8657771,39.7779305,POINT (-104.8657771 39.7779305)
5884,,-104.8657885,39.7770623,POINT (-104.8657885 39.7770623)
5885,,-104.8651064,39.776828,POINT (-104.8651064 39.776828)
5886,,-104.8654989,39.7758418,POINT (-104.8654989 39.7758418)
5887,,-104.8654971,39.7755533,POINT (-104.8654971 39.7755533)
5888,,-104.9225427,39.7783136,POINT (-104.9225427 39.7783136)
5889,,-104.9191541,39.7781769,POINT (-104.9191541 39.7781769)
5890,,-104.9519182,39.7798991,POINT (-104.9519182 39.7798991)
5891,,-104.9505406,39.7798874,POINT (-104.9505406 39.7798874)
5892,,-104.9753258,39.7795349,POINT (-104.9753258 39.7795349)
5893,,-104.998304,39.7823564,POINT (-104.998304 39.7823564)
5894,,-105.0246542,39.784608,POINT (-105.0246542 39.784608)
5895,,-105.0307744,39.7837043,POINT (-105.0307744 39.7837043)
5896,,-105.03396,39.7837158,POINT (-105.03396 39.7837158)
5897,,-104.9999002,39.783016,POINT (-104.9999002 39.783016)
5898,,-105.0056539,39.7834963,POINT (-105.0056539 39.7834963)
5899,,-104.99424,39.7811029,POINT (-104.99424 39.7811029)
5900,,-104.9834162,39.7797044,POINT (-104.9834162 39.7797044)
5901,,-104.9958316,39.7818938,POINT (-104.9958316 39.7818938)
5902,,-104.9990027,39.7827572,POINT (-104.9990027 39.7827572)
5903,,-104.9897719,39.783713,POINT (-104.9897719 39.783713)
5904,,-104.9893447,39.7790993,POINT (-104.9893447 39.7790993)
5905,,-104.991747,39.779568,POINT (-104.991747 39.779568)
5906,,-104.9897894,39.7769264,POINT (-104.9897894 39.7769264)
5907,,-104.988287,39.7806922,POINT (-104.988287 39.7806922)
5908,,-104.9832163,39.7795774,POINT (-104.9832163 39.7795774)
5909,,-104.9796807,39.7792102,POINT (-104.9796807 39.7792102)
5910,,-104.9834131,39.7798775,POINT (-104.9834131 39.7798775)
5911,,-104.9715337,39.780015,POINT (-104.9715337 39.780015)
5912,,-104.903369,39.7792816,POINT (-104.903369 39.7792816)
5913,,-104.903187,39.7800147,POINT (-104.903187 39.7800147)
5914,,-104.9036315,39.7773035,POINT (-104.9036315 39.7773035)
5915,,-104.903402,39.7776901,POINT (-104.903402 39.7776901)
5916,,-104.9028279,39.7777458,POINT (-104.9028279 39.7777458)
5917,,-104.872701,39.7764577,POINT (-104.872701 39.7764577)
5918,,-104.8606321,39.7754326,POINT (-104.8606321 39.7754326)
5919,,-104.834253,39.7734945,POINT (-104.834253 39.7734945)
5920,,-104.8410549,39.7737622,POINT (-104.8410549 39.7737622)
5921,,-105.007615,39.7465567,POINT (-105.007615 39.7465567)
5922,,-105.0096125,39.7451836,POINT (-105.0096125 39.7451836)
5923,,-105.0094779,39.7450045,POINT (-105.0094779 39.7450045)
5924,,-105.0100373,39.7448563,POINT (-105.0100373 39.7448563)
5925,,-105.0268645,39.7611035,POINT (-105.0268645 39.7611035)
5926,,-105.0252503,39.7596321,POINT (-105.0252503 39.7596321)
5927,,-105.0252962,39.7524193,POINT (-105.0252962 39.7524193)
5928,,-105.0252961,39.7536267,POINT (-105.0252961 39.7536267)
5929,,-105.0205291,39.7500076,POINT (-105.0205291 39.7500076)
5930,,-105.0205291,39.7497766,POINT (-105.0205291 39.7497766)
5931,,-105.0205444,39.7509989,POINT (-105.0205444 39.7509989)
5932,,-105.0001476,39.7406886,POINT (-105.0001476 39.7406886)
5933,,-105.012451,39.7397762,POINT (-105.012451 39.7397762)
5934,,-105.0120413,39.7402859,POINT (-105.0120413 39.7402859)
5935,,-105.0124916,39.7402957,POINT (-105.0124916 39.7402957)
5936,,-105.007476,39.7463748,POINT (-105.007476 39.7463748)
5937,,-105.0091526,39.7445713,POINT (-105.0091526 39.7445713)
5938,,-105.0135792,39.7398604,POINT (-105.0135792 39.7398604)
5939,,-105.0142566,39.7423445,POINT (-105.0142566 39.7423445)
5940,,-105.0138739,39.7419534,POINT (-105.0138739 39.7419534)
5941,,-104.9796204,39.7485632,POINT (-104.9796204 39.7485632)
5942,,-105.0142901,39.7371524,POINT (-105.0142901 39.7371524)
5943,,-105.015854,39.731791,POINT (-105.015854 39.731791)
5944,,-105.0144967,39.7392041,POINT (-105.0144967 39.7392041)
5945,,-105.0142506,39.7377078,POINT (-105.0142506 39.7377078)
5946,,-105.010264,39.7444058,POINT (-105.010264 39.7444058)
5947,,-105.0052514,39.7474609,POINT (-105.0052514 39.7474609)
5948,,-105.0033568,39.7484399,POINT (-105.0033568 39.7484399)
5949,,-105.0037197,39.7483276,POINT (-105.0037197 39.7483276)
5950,,-105.0101201,39.7458424,POINT (-105.0101201 39.7458424)
5951,,-105.0127214,39.7431167,POINT (-105.0127214 39.7431167)
5952,,-105.0183374,39.7405364,POINT (-105.0183374 39.7405364)
5953,,-105.0149596,39.7518969,POINT (-105.0149596 39.7518969)
5954,,-105.01477,39.7519851,POINT (-105.01477 39.7519851)
5955,,-105.0091096,39.7580964,POINT (-105.0091096 39.7580964)
5956,,-105.012256,39.7557299,POINT (-105.012256 39.7557299)
5957,,-105.0123655,39.7361209,POINT (-105.0123655 39.7361209)
5958,,-105.004934,39.7500778,POINT (-105.004934 39.7500778)
5959,,-105.0123631,39.7549903,POINT (-105.0123631 39.7549903)
5960,,-105.0126456,39.7551939,POINT (-105.0126456 39.7551939)
5961,,-105.0121978,39.7551834,POINT (-105.0121978 39.7551834)
5962,,-105.0084927,39.7582037,POINT (-105.0084927 39.7582037)
5963,,-105.0042764,39.7481259,POINT (-105.0042764 39.7481259)
5964,,-105.0036799,39.7477117,POINT (-105.0036799 39.7477117)
5965,,-105.0034781,39.7476707,POINT (-105.0034781 39.7476707)
5966,,-104.9769699,39.6911526,POINT (-104.9769699 39.6911526)
5967,,-105.0173437,39.7444475,POINT (-105.0173437 39.7444475)
5968,,-104.9653297,39.6603998,POINT (-104.9653297 39.6603998)
5969,,-104.9451682,39.6748279,POINT (-104.9451682 39.6748279)
5970,,-104.9453807,39.6748277,POINT (-104.9453807 39.6748277)
5971,,-104.9440544,39.6748264,POINT (-104.9440544 39.6748264)
5972,,-104.943731,39.6748259,POINT (-104.943731 39.6748259)
5973,,-104.9430551,39.674825,POINT (-104.9430551 39.674825)
5974,,-104.9919925,39.7317917,POINT (-104.9919925 39.7317917)
5975,,-104.9899894,39.7283003,POINT (-104.9899894 39.7283003)
5976,,-104.9899389,39.7282502,POINT (-104.9899389 39.7282502)
5977,,-104.9894816,39.7286261,POINT (-104.9894816 39.7286261)
5978,,-104.9904446,39.7256557,POINT (-104.9904446 39.7256557)
5979,,-104.9899006,39.7290427,POINT (-104.9899006 39.7290427)
5980,,-104.9406546,39.7449325,POINT (-104.9406546 39.7449325)
5981,,-104.9406447,39.7461251,POINT (-104.9406447 39.7461251)
5982,,-104.9406216,39.7492466,POINT (-104.9406216 39.7492466)
5983,,-104.9950433,39.7656845,POINT (-104.9950433 39.7656845)
5984,,-104.9948449,39.766707,POINT (-104.9948449 39.766707)
5985,,-104.9529928,39.7383681,POINT (-104.9529928 39.7383681)
5986,,-104.903373,39.7255143,POINT (-104.903373 39.7255143)
5987,,-104.9009812,39.725552,POINT (-104.9009812 39.725552)
5988,,-104.8965309,39.7255396,POINT (-104.8965309 39.7255396)
5989,,-104.8939045,39.7255475,POINT (-104.8939045 39.7255475)
5990,,-104.892151,39.7255959,POINT (-104.892151 39.7255959)
5991,,-104.8963324,39.7291865,POINT (-104.8963324 39.7291865)
5992,,-104.9005904,39.7295187,POINT (-104.9005904 39.7295187)
5993,,-104.9006631,39.7294921,POINT (-104.9006631 39.7294921)
5994,,-104.8988401,39.7298599,POINT (-104.8988401 39.7298599)
5995,,-104.8918262,39.7243968,POINT (-104.8918262 39.7243968)
5996,,-104.8919116,39.7250601,POINT (-104.8919116 39.7250601)
5997,,-104.9902144,39.7717766,POINT (-104.9902144 39.7717766)
5998,,-105.0053552,39.7408027,POINT (-105.0053552 39.7408027)
5999,,-105.0253128,39.7424701,POINT (-105.0253128 39.7424701)
6000,,-105.0256947,39.740458,POINT (-105.0256947 39.740458)
6001,,-105.0033116,39.7487537,POINT (-105.0033116 39.7487537)
6002,,-105.004758,39.750213,POINT (-105.004758 39.750213)
6003,,-105.0038239,39.7490445,POINT (-105.0038239 39.7490445)
6004,,-104.9895806,39.7764348,POINT (-104.9895806 39.7764348)
6005,,-104.990727,39.7728705,POINT (-104.990727 39.7728705)
6006,,-104.99143,39.7707341,POINT (-104.99143 39.7707341)
6007,,-104.6735627,39.8425673,POINT (-104.6735627 39.8425673)
6008,,-104.6761071,39.8398908,POINT (-104.6761071 39.8398908)
6009,,-104.6845325,39.834116,POINT (-104.6845325 39.834116)
6010,,-104.691676,39.8346808,POINT (-104.691676 39.8346808)
6011,,-104.7007129,39.8343033,POINT (-104.7007129 39.8343033)
6012,,-104.952623,39.6849093,POINT (-104.952623 39.6849093)
6013,,-104.946807,39.6843681,POINT (-104.946807 39.6843681)
6014,,-104.9595306,39.6834076,POINT (-104.9595306 39.6834076)
6015,,-104.9692608,39.6879972,POINT (-104.9692608 39.6879972)
6016,,-104.9703166,39.6886511,POINT (-104.9703166 39.6886511)
6017,,-104.9773272,39.6926689,POINT (-104.9773272 39.6926689)
6018,,-104.9731068,39.6904836,POINT (-104.9731068 39.6904836)
6019,,-104.9757688,39.6903887,POINT (-104.9757688 39.6903887)
6020,,-104.974597,39.689525,POINT (-104.974597 39.689525)
6021,,-104.9593723,39.6835054,POINT (-104.9593723 39.6835054)
6022,,-104.9595479,39.6860215,POINT (-104.9595479 39.6860215)
6023,,-104.959554,39.6851246,POINT (-104.959554 39.6851246)
6024,,-104.9371371,39.6819176,POINT (-104.9371371 39.6819176)
6025,,-104.9418964,39.6834471,POINT (-104.9418964 39.6834471)
6026,,-104.93968,39.6833155,POINT (-104.93968 39.6833155)
6027,,-104.9413805,39.7060649,POINT (-104.9413805 39.7060649)
6028,,-104.9496097,39.7123528,POINT (-104.9496097 39.7123528)
6029,,-104.9600445,39.6829838,POINT (-104.9600445 39.6829838)
6030,,-104.9594851,39.6828857,POINT (-104.9594851 39.6828857)
6031,,-104.9622964,39.6835236,POINT (-104.9622964 39.6835236)
6032,,-104.9705842,39.7183297,POINT (-104.9705842 39.7183297)
6033,,-104.9694342,39.7183317,POINT (-104.9694342 39.7183317)
6034,,-104.9679327,39.7183329,POINT (-104.9679327 39.7183329)
6035,,-104.9681398,39.7183341,POINT (-104.9681398 39.7183341)
6036,,-104.9665775,39.7183393,POINT (-104.9665775 39.7183393)
6037,,-104.9667696,39.7183392,POINT (-104.9667696 39.7183392)
6038,,-104.9607364,39.7183442,POINT (-104.9607364 39.7183442)
6039,,-104.962051,39.7183418,POINT (-104.962051 39.7183418)
6040,,-104.9633523,39.7183396,POINT (-104.9633523 39.7183396)
6041,,-104.9652048,39.7183356,POINT (-104.9652048 39.7183356)
6042,,-104.9590933,39.7183492,POINT (-104.9590933 39.7183492)
6043,,-104.9585217,39.7181072,POINT (-104.9585217 39.7181072)
6044,,-104.9590833,39.7186184,POINT (-104.9590833 39.7186184)
6045,,-104.9546223,39.7182115,POINT (-104.9546223 39.7182115)
6046,,-104.9558145,39.7182145,POINT (-104.9558145 39.7182145)
6047,,-104.9546216,39.7180344,POINT (-104.9546216 39.7180344)
6048,,-104.9511309,39.7180926,POINT (-104.9511309 39.7180926)
6049,,-104.9522097,39.7182137,POINT (-104.9522097 39.7182137)
6050,,-104.9510053,39.7178489,POINT (-104.9510053 39.7178489)
6051,,-104.953103,39.7182169,POINT (-104.953103 39.7182169)
6052,,-104.9497768,39.7172422,POINT (-104.9497768 39.7172422)
6053,,-104.9497565,39.7177651,POINT (-104.9497565 39.7177651)
6054,,-104.9500473,39.7176986,POINT (-104.9500473 39.7176986)
6055,,-104.9502967,39.7178433,POINT (-104.9502967 39.7178433)
6056,,-104.9492087,39.7162579,POINT (-104.9492087 39.7162579)
6057,,-104.9449799,39.7114578,POINT (-104.9449799 39.7114578)
6058,,-104.9408052,39.7020591,POINT (-104.9408052 39.7020591)
6059,,-104.9408102,39.7001967,POINT (-104.9408102 39.7001967)
6060,,-104.9405887,39.6856809,POINT (-104.9405887 39.6856809)
6061,,-104.9400076,39.685675,POINT (-104.9400076 39.685675)
6062,,-104.9405519,39.687499,POINT (-104.9405519 39.687499)
6063,,-104.940774,39.6875033,POINT (-104.940774 39.6875033)
6064,,-104.9405544,39.6893231,POINT (-104.9405544 39.6893231)
6065,,-104.9394779,39.6874932,POINT (-104.9394779 39.6874932)
6066,,-104.9405633,39.6911366,POINT (-104.9405633 39.6911366)
6067,,-104.9394942,39.6893235,POINT (-104.9394942 39.6893235)
6068,,-104.9405457,39.6965798,POINT (-104.9405457 39.6965798)
6069,,-104.9404497,39.683952,POINT (-104.9404497 39.683952)
6070,,-104.9405733,39.685269,POINT (-104.9405733 39.685269)
6071,,-104.9407882,39.6845647,POINT (-104.9407882 39.6845647)
6072,,-104.9407178,39.6817866,POINT (-104.9407178 39.6817866)
6073,,-104.9418219,39.6823512,POINT (-104.9418219 39.6823512)
6074,,-104.9407819,39.6801057,POINT (-104.9407819 39.6801057)
6075,,-104.9407803,39.6784375,POINT (-104.9407803 39.6784375)
6076,,-104.9406156,39.6811455,POINT (-104.9406156 39.6811455)
6077,,-104.937525,39.6817025,POINT (-104.937525 39.6817025)
6078,,-104.9404404,39.6820041,POINT (-104.9404404 39.6820041)
6079,,-104.9404155,39.6835119,POINT (-104.9404155 39.6835119)
6080,,-104.9743861,39.7184425,POINT (-104.9743861 39.7184425)
6081,,-104.906745,39.783824,POINT (-104.906745 39.783824)
6082,,-104.910092,39.783827,POINT (-104.910092 39.783827)
6083,,-104.9304357,39.6674789,POINT (-104.9304357 39.6674789)
6084,,-104.9294435,39.6674832,POINT (-104.9294435 39.6674832)
6085,,-104.9305047,39.6674788,POINT (-104.9305047 39.6674788)
6086,,-104.791454,39.7769943,POINT (-104.791454 39.7769943)
6087,,-104.8016349,39.7742555,POINT (-104.8016349 39.7742555)
6088,,-104.8016259,39.7772253,POINT (-104.8016259 39.7772253)
6089,,-104.8016388,39.7738661,POINT (-104.8016388 39.7738661)
6090,,-104.9034651,39.7313341,POINT (-104.9034651 39.7313341)
6091,,-104.7960055,39.7736333,POINT (-104.7960055 39.7736333)
6092,,-104.7979527,39.7792883,POINT (-104.7979527 39.7792883)
6093,,-104.7960071,39.7728975,POINT (-104.7960071 39.7728975)
6094,,-104.8097105,39.780046,POINT (-104.8097105 39.780046)
6095,,-104.8097039,39.7803371,POINT (-104.8097039 39.7803371)
6096,,-104.8079359,39.7731078,POINT (-104.8079359 39.7731078)
6097,,-104.805838,39.7729548,POINT (-104.805838 39.7729548)
6098,,-104.8079325,39.7732559,POINT (-104.8079325 39.7732559)
6099,,-104.8097074,39.7732489,POINT (-104.8097074 39.7732489)
6100,,-104.8097225,39.7750375,POINT (-104.8097225 39.7750375)
6101,,-104.8097346,39.7765721,POINT (-104.8097346 39.7765721)
6102,,-104.8099168,39.7731786,POINT (-104.8099168 39.7731786)
6103,,-104.790552,39.7789636,POINT (-104.790552 39.7789636)
6104,,-104.9654246,39.7183373,POINT (-104.9654246 39.7183373)
6105,,-104.9406362,39.7146491,POINT (-104.9406362 39.7146491)
6106,,-104.9407974,39.7130688,POINT (-104.9407974 39.7130688)
6107,,-104.903464,39.7307069,POINT (-104.903464 39.7307069)
6108,,-105.0066264,39.7835893,POINT (-105.0066264 39.7835893)
6109,,-105.0066178,39.7829063,POINT (-105.0066178 39.7829063)
6110,,-105.0063077,39.7835723,POINT (-105.0063077 39.7835723)
6111,,-104.9789855,39.7480791,POINT (-104.9789855 39.7480791)
6112,,-104.9836228,39.7256299,POINT (-104.9836228 39.7256299)
6113,,-104.9522215,39.7256085,POINT (-104.9522215 39.7256085)
6114,,-104.9586092,39.7334565,POINT (-104.9586092 39.7334565)
6115,,-104.9532283,39.7256124,POINT (-104.9532283 39.7256124)
6116,,-104.9593997,39.6827286,POINT (-104.9593997 39.6827286)
6117,,-104.9589113,39.6825882,POINT (-104.9589113 39.6825882)
6118,,-105.0105054,39.7573918,POINT (-105.0105054 39.7573918)
6119,,-105.0116988,39.7583159,POINT (-105.0116988 39.7583159)
6120,,-105.0300544,39.7636368,POINT (-105.0300544 39.7636368)
6121,,-105.0265289,39.7609661,POINT (-105.0265289 39.7609661)
6122,,-105.0252495,39.7602706,POINT (-105.0252495 39.7602706)
6123,,-105.0214021,39.7584524,POINT (-105.0214021 39.7584524)
6124,,-105.0205485,39.7580424,POINT (-105.0205485 39.7580424)
6125,,-105.022126,39.7588437,POINT (-105.022126 39.7588437)
6126,,-104.9528876,39.7321058,POINT (-104.9528876 39.7321058)
6127,,-104.9529063,39.7335734,POINT (-104.9529063 39.7335734)
6128,,-105.032262,39.7621258,POINT (-105.032262 39.7621258)
6129,,-104.9912699,39.7714834,POINT (-104.9912699 39.7714834)
6130,,-104.9950202,39.7634385,POINT (-104.9950202 39.7634385)
6131,,-104.9940555,39.7699538,POINT (-104.9940555 39.7699538)
6132,,-104.990178,39.7746982,POINT (-104.990178 39.7746982)
6133,,-104.9894555,39.7882954,POINT (-104.9894555 39.7882954)
6134,,-104.9100872,39.6274025,POINT (-104.9100872 39.6274025)
6135,,-104.9096705,39.6274519,POINT (-104.9096705 39.6274519)
6136,,-104.9068519,39.6280797,POINT (-104.9068519 39.6280797)
6137,,-104.9063756,39.6281846,POINT (-104.9063756 39.6281846)
6138,,-104.8945582,39.6296025,POINT (-104.8945582 39.6296025)
6139,,-104.8936067,39.6302845,POINT (-104.8936067 39.6302845)
6140,,-104.8928001,39.6309739,POINT (-104.8928001 39.6309739)
6141,,-104.911141,39.6386245,POINT (-104.911141 39.6386245)
6142,,-104.9122032,39.6383608,POINT (-104.9122032 39.6383608)
6143,,-104.9086916,39.6386528,POINT (-104.9086916 39.6386528)
6144,,-104.9953569,39.7681938,POINT (-104.9953569 39.7681938)
6145,,-105.0013547,39.7649898,POINT (-105.0013547 39.7649898)
6146,,-104.99373,39.7591916,POINT (-104.99373 39.7591916)
6147,,-104.9964584,39.7570956,POINT (-104.9964584 39.7570956)
6148,,-104.9528899,39.730517,POINT (-104.9528899 39.730517)
6149,,-104.994991,39.7671206,POINT (-104.994991 39.7671206)
6150,,-104.9033923,39.7550064,POINT (-104.9033923 39.7550064)
6151,,-104.902976,39.7547286,POINT (-104.902976 39.7547286)
6152,,-104.9034089,39.7533916,POINT (-104.9034089 39.7533916)
6153,,-104.8996656,39.7529257,POINT (-104.8996656 39.7529257)
6154,,-104.8988658,39.7521983,POINT (-104.8988658 39.7521983)
6155,,-104.90224,39.751013,POINT (-104.90224 39.751013)
6156,,-104.9034117,39.7522008,POINT (-104.9034117 39.7522008)
6157,,-104.9030851,39.627122,POINT (-104.9030851 39.627122)
6158,,-104.9048693,39.6321154,POINT (-104.9048693 39.6321154)
6159,,-104.9069265,39.6344266,POINT (-104.9069265 39.6344266)
6160,,-104.9038525,39.6333398,POINT (-104.9038525 39.6333398)
6161,,-104.8976892,39.6343636,POINT (-104.8976892 39.6343636)
6162,,-104.8948159,39.6352855,POINT (-104.8948159 39.6352855)
6163,,-104.911061,39.6400554,POINT (-104.911061 39.6400554)
6164,,-104.9088506,39.6367954,POINT (-104.9088506 39.6367954)
6165,,-104.901751,39.6345987,POINT (-104.901751 39.6345987)
6166,,-104.9053026,39.629368,POINT (-104.9053026 39.629368)
6167,,-104.902598,39.6244144,POINT (-104.902598 39.6244144)
6168,,-104.902302,39.6353961,POINT (-104.902302 39.6353961)
6169,,-104.9062437,39.6313433,POINT (-104.9062437 39.6313433)
6170,,-104.9042907,39.6281907,POINT (-104.9042907 39.6281907)
6171,,-104.916274,39.6495669,POINT (-104.916274 39.6495669)
6172,,-104.8866376,39.6385382,POINT (-104.8866376 39.6385382)
6173,,-104.8948513,39.6345966,POINT (-104.8948513 39.6345966)
6174,,-104.8925819,39.6354209,POINT (-104.8925819 39.6354209)
6175,,-104.889327,39.6370214,POINT (-104.889327 39.6370214)
6176,,-104.8860711,39.638595,POINT (-104.8860711 39.638595)
6177,,-104.8852289,39.6385567,POINT (-104.8852289 39.6385567)
6178,,-104.8852147,39.6388215,POINT (-104.8852147 39.6388215)
6179,,-104.9862459,39.7019835,POINT (-104.9862459 39.7019835)
6180,,-104.9862761,39.7027725,POINT (-104.9862761 39.7027725)
6181,,-104.9870565,39.7011614,POINT (-104.9870565 39.7011614)
6182,,-104.9167519,39.6531899,POINT (-104.9167519 39.6531899)
6183,,-104.9177799,39.6532066,POINT (-104.9177799 39.6532066)
6184,,-104.9180256,39.6536335,POINT (-104.9180256 39.6536335)
6185,,-104.9190821,39.6532008,POINT (-104.9190821 39.6532008)
6186,,-104.9197111,39.6531744,POINT (-104.9197111 39.6531744)
6187,,-104.9204642,39.6531331,POINT (-104.9204642 39.6531331)
6188,,-104.9204649,39.6529926,POINT (-104.9204649 39.6529926)
6189,,-104.921149,39.6589669,POINT (-104.921149 39.6589669)
6190,,-104.9192126,39.653662,POINT (-104.9192126 39.653662)
6191,,-104.9174322,39.6522395,POINT (-104.9174322 39.6522395)
6192,,-104.9205303,39.6581673,POINT (-104.9205303 39.6581673)
6193,,-104.916569,39.6529834,POINT (-104.916569 39.6529834)
6194,,-104.9168522,39.652981,POINT (-104.9168522 39.652981)
6195,,-104.9239434,39.6530019,POINT (-104.9239434 39.6530019)
6196,,-104.9227988,39.6529986,POINT (-104.9227988 39.6529986)
6197,,-104.8948041,39.6282541,POINT (-104.8948041 39.6282541)
6198,,-104.8947437,39.6245865,POINT (-104.8947437 39.6245865)
6199,,-104.9090143,39.6512083,POINT (-104.9090143 39.6512083)
6200,,-104.9091012,39.6519658,POINT (-104.9091012 39.6519658)
6201,,-104.9057842,39.647903,POINT (-104.9057842 39.647903)
6202,,-104.9025545,39.6629796,POINT (-104.9025545 39.6629796)
6203,,-104.8998313,39.6265864,POINT (-104.8998313 39.6265864)
6204,,-104.8999232,39.627388,POINT (-104.8999232 39.627388)
6205,,-104.9001843,39.6271543,POINT (-104.9001843 39.6271543)
6206,,-104.8998846,39.6275826,POINT (-104.8998846 39.6275826)
6207,,-105.0246092,39.723427,POINT (-105.0246092 39.723427)
6208,,-105.025165,39.7094012,POINT (-105.025165 39.7094012)
6209,,-105.0251607,39.7085171,POINT (-105.0251607 39.7085171)
6210,,-105.0263353,39.7112145,POINT (-105.0263353 39.7112145)
6211,,-105.0251192,39.6859487,POINT (-105.0251192 39.6859487)
6212,,-105.0194505,39.693127,POINT (-105.0194505 39.693127)
6213,,-105.0203856,39.6931327,POINT (-105.0203856 39.6931327)
6214,,-105.0193178,39.693131,POINT (-105.0193178 39.693131)
6215,,-105.0250148,39.6734104,POINT (-105.0250148 39.6734104)
6216,,-105.0414135,39.6537801,POINT (-105.0414135 39.6537801)
6217,,-105.054991,39.6519628,POINT (-105.054991 39.6519628)
6218,,-105.0531765,39.6516989,POINT (-105.0531765 39.6516989)
6219,,-105.0264303,39.7291204,POINT (-105.0264303 39.7291204)
6220,,-105.025196,39.7293145,POINT (-105.025196 39.7293145)
6221,,-105.0274567,39.7281365,POINT (-105.0274567 39.7281365)
6222,,-105.0017875,39.7595933,POINT (-105.0017875 39.7595933)
6223,,-104.9986405,39.7576629,POINT (-104.9986405 39.7576629)
6224,,-105.0152169,39.7408482,POINT (-105.0152169 39.7408482)
6225,,-104.8889942,39.6634267,POINT (-104.8889942 39.6634267)
6226,,-104.99258,39.703948,POINT (-104.99258 39.703948)
6227,,-104.9958557,39.7063469,POINT (-104.9958557 39.7063469)
6228,,-105.0134799,39.7256235,POINT (-105.0134799 39.7256235)
6229,,-105.0137133,39.7254716,POINT (-105.0137133 39.7254716)
6230,,-104.9908359,39.7249528,POINT (-104.9908359 39.7249528)
6231,,-105.0008408,39.7256368,POINT (-105.0008408 39.7256368)
6232,,-105.0001591,39.7257031,POINT (-105.0001591 39.7257031)
6233,,-105.0001707,39.7252992,POINT (-105.0001707 39.7252992)
6234,,-105.047796,39.7257685,POINT (-105.047796 39.7257685)
6235,,-105.0349682,39.7254297,POINT (-105.0349682 39.7254297)
6236,,-105.013641,39.7263873,POINT (-105.013641 39.7263873)
6237,,-105.0140021,39.7293158,POINT (-105.0140021 39.7293158)
6238,,-105.0156051,39.7322365,POINT (-105.0156051 39.7322365)
6239,,-105.0164339,39.7306008,POINT (-105.0164339 39.7306008)
6240,,-104.92442,39.6893558,POINT (-104.92442 39.6893558)
6241,,-104.9235144,39.689358,POINT (-104.9235144 39.689358)
6242,,-104.9222526,39.6838841,POINT (-104.9222526 39.6838841)
6243,,-104.9222516,39.683745,POINT (-104.9222516 39.683745)
6244,,-104.9222587,39.6844621,POINT (-104.9222587 39.6844621)
6245,,-104.9349259,39.7274192,POINT (-104.9349259 39.7274192)
6246,,-104.9317123,39.7618389,POINT (-104.9317123 39.7618389)
6247,,-104.9004357,39.6329302,POINT (-104.9004357 39.6329302)
6248,,-104.9003788,39.628065,POINT (-104.9003788 39.628065)
6249,,-104.9089729,39.6268757,POINT (-104.9089729 39.6268757)
6250,,-104.9090223,39.6275874,POINT (-104.9090223 39.6275874)
6251,,-104.9064674,39.6283166,POINT (-104.9064674 39.6283166)
6252,,-104.9069027,39.6282313,POINT (-104.9069027 39.6282313)
6253,,-104.9069925,39.6285022,POINT (-104.9069925 39.6285022)
6254,,-104.9070533,39.6282018,POINT (-104.9070533 39.6282018)
6255,,-104.9104374,39.6275483,POINT (-104.9104374 39.6275483)
6256,,-104.9110197,39.627554,POINT (-104.9110197 39.627554)
6257,,-104.9110296,39.6279879,POINT (-104.9110296 39.6279879)
6258,,-104.8999192,39.6281644,POINT (-104.8999192 39.6281644)
6259,,-104.8999336,39.6280255,POINT (-104.8999336 39.6280255)
6260,,-104.9004404,39.6282227,POINT (-104.9004404 39.6282227)
6261,,-104.8981866,39.6284297,POINT (-104.8981866 39.6284297)
6262,,-104.8990342,39.6282017,POINT (-104.8990342 39.6282017)
6263,,-104.8999404,39.6285156,POINT (-104.8999404 39.6285156)
6264,,-104.8937817,39.6303985,POINT (-104.8937817 39.6303985)
6265,,-104.8946842,39.6297427,POINT (-104.8946842 39.6297427)
6266,,-104.8928658,39.6311291,POINT (-104.8928658 39.6311291)
6267,,-104.8924733,39.6313149,POINT (-104.8924733 39.6313149)
6268,,-104.8890625,39.632388,POINT (-104.8890625 39.632388)
6269,,-104.8918644,39.6315479,POINT (-104.8918644 39.6315479)
6270,,-104.9000194,39.6276675,POINT (-104.9000194 39.6276675)
6271,,-104.8996091,39.6256445,POINT (-104.8996091 39.6256445)
6272,,-104.9960972,39.7091972,POINT (-104.9960972 39.7091972)
6273,,-104.9967843,39.7105364,POINT (-104.9967843 39.7105364)
6274,,-105.0161204,39.730571,POINT (-105.0161204 39.730571)
6275,,-105.015313,39.7299518,POINT (-105.015313 39.7299518)
6276,,-105.0153918,39.7404728,POINT (-105.0153918 39.7404728)
6277,,-105.0153924,39.7403535,POINT (-105.0153924 39.7403535)
6278,,-104.8852532,39.6362703,POINT (-104.8852532 39.6362703)
6279,,-104.8852675,39.634844,POINT (-104.8852675 39.634844)
6280,,-104.8933926,39.6342367,POINT (-104.8933926 39.6342367)
6281,,-104.8934893,39.6348298,POINT (-104.8934893 39.6348298)
6282,,-104.9250281,39.6530016,POINT (-104.9250281 39.6530016)
6283,,-104.9242186,39.6530011,POINT (-104.9242186 39.6530011)
6284,,-104.926373,39.6676316,POINT (-104.926373 39.6676316)
6285,,-104.9267008,39.6675738,POINT (-104.9267008 39.6675738)
6286,,-104.9265673,39.6680163,POINT (-104.9265673 39.6680163)
6287,,-104.930713,39.6750318,POINT (-104.930713 39.6750318)
6288,,-104.9329857,39.6780153,POINT (-104.9329857 39.6780153)
6289,,-104.933466,39.6782045,POINT (-104.933466 39.6782045)
6290,,-104.9397362,39.6826682,POINT (-104.9397362 39.6826682)
6291,,-104.9360158,39.6811426,POINT (-104.9360158 39.6811426)
6292,,-104.9922026,39.6875646,POINT (-104.9922026 39.6875646)
6293,,-104.9924076,39.6821405,POINT (-104.9924076 39.6821405)
6294,,-104.9926383,39.6812675,POINT (-104.9926383 39.6812675)
6295,,-104.9919431,39.687569,POINT (-104.9919431 39.687569)
6296,,-104.9936744,39.6789451,POINT (-104.9936744 39.6789451)
6297,,-104.9941851,39.6757796,POINT (-104.9941851 39.6757796)
6298,,-104.9930896,39.6784118,POINT (-104.9930896 39.6784118)
6299,,-104.9934839,39.6784123,POINT (-104.9934839 39.6784123)
6300,,-104.9929272,39.6784127,POINT (-104.9929272 39.6784127)
6301,,-104.9931154,39.6787756,POINT (-104.9931154 39.6787756)
6302,,-104.9938648,39.6784127,POINT (-104.9938648 39.6784127)
6303,,-104.9940202,39.6778193,POINT (-104.9940202 39.6778193)
6304,,-104.9952838,39.6711881,POINT (-104.9952838 39.6711881)
6305,,-104.8850558,39.6475154,POINT (-104.8850558 39.6475154)
6306,,-104.8851049,39.6459109,POINT (-104.8851049 39.6459109)
6307,,-104.9227622,39.6460393,POINT (-104.9227622 39.6460393)
6308,,-104.9226994,39.6460838,POINT (-104.9226994 39.6460838)
6309,,-105.0520819,39.6517828,POINT (-105.0520819 39.6517828)
6310,,-105.049198,39.6532366,POINT (-105.049198 39.6532366)
6311,,-105.0516785,39.6536596,POINT (-105.0516785 39.6536596)
6312,,-105.053094,39.6540522,POINT (-105.053094 39.6540522)
6313,,-105.0530845,39.6537091,POINT (-105.0530845 39.6537091)
6314,,-105.0576094,39.6533424,POINT (-105.0576094 39.6533424)
6315,,-105.0531937,39.6518311,POINT (-105.0531937 39.6518311)
6316,,-105.0537097,39.651812,POINT (-105.0537097 39.651812)
6317,,-104.9124368,39.7437905,POINT (-104.9124368 39.7437905)
6318,,-104.911871,39.7437866,POINT (-104.911871 39.7437866)
6319,,-104.9128049,39.743497,POINT (-104.9128049 39.743497)
6320,,-104.9128055,39.7433499,POINT (-104.9128055 39.7433499)
6321,,-104.896255,39.7854897,POINT (-104.896255 39.7854897)
6322,,-104.8932461,39.7854494,POINT (-104.8932461 39.7854494)
6323,,-104.8962576,39.7843913,POINT (-104.8962576 39.7843913)
6324,,-104.9004197,39.7865421,POINT (-104.9004197 39.7865421)
6325,,-104.8657664,39.7822756,POINT (-104.8657664 39.7822756)
6326,,-104.96426,39.6852222,POINT (-104.96426 39.6852222)
6327,,-104.986021,39.7015955,POINT (-104.986021 39.7015955)
6328,,-104.9792691,39.6934825,POINT (-104.9792691 39.6934825)
6329,,-104.9829912,39.6971378,POINT (-104.9829912 39.6971378)
6330,,-105.0348269,39.725794,POINT (-105.0348269 39.725794)
6331,,-105.0052909,39.7256645,POINT (-105.0052909 39.7256645)
6332,,-105.0159015,39.7249058,POINT (-105.0159015 39.7249058)
6333,,-105.001517,39.7149915,POINT (-105.001517 39.7149915)
6334,,-104.9733084,39.7147285,POINT (-104.9733084 39.7147285)
6335,,-104.9732233,39.7149569,POINT (-104.9732233 39.7149569)
6336,,-104.9724195,39.7129186,POINT (-104.9724195 39.7129186)
6337,,-104.9022711,39.6601881,POINT (-104.9022711 39.6601881)
6338,,-104.8986747,39.6542767,POINT (-104.8986747 39.6542767)
6339,,-104.9023934,39.6601217,POINT (-104.9023934 39.6601217)
6340,,-104.9023745,39.6629705,POINT (-104.9023745 39.6629705)
6341,,-104.902842,39.6659246,POINT (-104.902842 39.6659246)
6342,,-104.9032606,39.6667543,POINT (-104.9032606 39.6667543)
6343,,-104.8933433,39.6386883,POINT (-104.8933433 39.6386883)
6344,,-104.8926968,39.6386773,POINT (-104.8926968 39.6386773)
6345,,-104.8947251,39.6383322,POINT (-104.8947251 39.6383322)
6346,,-104.9591521,39.712949,POINT (-104.9591521 39.712949)
6347,,-104.95913,39.7144986,POINT (-104.95913 39.7144986)
6348,,-104.9590939,39.7153572,POINT (-104.9590939 39.7153572)
6349,,-104.9590796,39.7160832,POINT (-104.9590796 39.7160832)
6350,,-104.9590892,39.7177992,POINT (-104.9590892 39.7177992)
6351,,-104.9590879,39.7155493,POINT (-104.9590879 39.7155493)
6352,,-105.000031,39.7126621,POINT (-105.000031 39.7126621)
6353,,-104.9968386,39.7049441,POINT (-104.9968386 39.7049441)
6354,,-104.9964876,39.7090867,POINT (-104.9964876 39.7090867)
6355,,-104.9968928,39.7065115,POINT (-104.9968928 39.7065115)
6356,,-104.9970745,39.7111064,POINT (-104.9970745 39.7111064)
6357,,-104.9964763,39.7111295,POINT (-104.9964763 39.7111295)
6358,,-104.9408201,39.7114223,POINT (-104.9408201 39.7114223)
6359,,-104.9406152,39.7114214,POINT (-104.9406152 39.7114214)
6360,,-104.9408272,39.710467,POINT (-104.9408272 39.710467)
6361,,-104.8897418,39.7097675,POINT (-104.8897418 39.7097675)
6362,,-104.8875998,39.7082651,POINT (-104.8875998 39.7082651)
6363,,-104.8849052,39.7069626,POINT (-104.8849052 39.7069626)
6364,,-104.8761865,39.708843,POINT (-104.8761865 39.708843)
6365,,-104.8773614,39.7085655,POINT (-104.8773614 39.7085655)
6366,,-104.8773125,39.7084467,POINT (-104.8773125 39.7084467)
6367,,-104.8789364,39.7081839,POINT (-104.8789364 39.7081839)
6368,,-104.9065001,39.7113908,POINT (-104.9065001 39.7113908)
6369,,-104.9073655,39.7113919,POINT (-104.9073655 39.7113919)
6370,,-104.9087026,39.7113916,POINT (-104.9087026 39.7113916)
6371,,-104.9111435,39.7113925,POINT (-104.9111435 39.7113925)
6372,,-104.9118271,39.7113916,POINT (-104.9118271 39.7113916)
6373,,-104.9122363,39.7113887,POINT (-104.9122363 39.7113887)
6374,,-104.9128703,39.7118165,POINT (-104.9128703 39.7118165)
6375,,-104.9132957,39.7113885,POINT (-104.9132957 39.7113885)
6376,,-104.9142015,39.7113802,POINT (-104.9142015 39.7113802)
6377,,-104.9153126,39.7113808,POINT (-104.9153126 39.7113808)
6378,,-104.9165074,39.7113779,POINT (-104.9165074 39.7113779)
6379,,-104.9176415,39.7113773,POINT (-104.9176415 39.7113773)
6380,,-104.9246328,39.7113654,POINT (-104.9246328 39.7113654)
6381,,-104.9258058,39.711363,POINT (-104.9258058 39.711363)
6382,,-104.9269871,39.7113587,POINT (-104.9269871 39.7113587)
6383,,-104.9234679,39.7113448,POINT (-104.9234679 39.7113448)
6384,,-104.91881,39.7113775,POINT (-104.91881 39.7113775)
6385,,-104.9199647,39.7113744,POINT (-104.9199647 39.7113744)
6386,,-104.9211263,39.7113527,POINT (-104.9211263 39.7113527)
6387,,-104.9222958,39.7113355,POINT (-104.9222958 39.7113355)
6388,,-104.9222965,39.7112054,POINT (-104.9222965 39.7112054)
6389,,-104.9281662,39.7113604,POINT (-104.9281662 39.7113604)
6390,,-104.9293264,39.7113505,POINT (-104.9293264 39.7113505)
6391,,-104.9372667,39.7113208,POINT (-104.9372667 39.7113208)
6392,,-105.052286,39.6518711,POINT (-105.052286 39.6518711)
6393,,-105.053031,39.6526087,POINT (-105.053031 39.6526087)
6394,,-105.0529745,39.6518398,POINT (-105.0529745 39.6518398)
6395,,-104.9975445,39.7554853,POINT (-104.9975445 39.7554853)
6396,,-105.0001687,39.7658275,POINT (-105.0001687 39.7658275)
6397,,-105.0019955,39.7638914,POINT (-105.0019955 39.7638914)
6398,,-104.8757872,39.6523963,POINT (-104.8757872 39.6523963)
6399,,-104.8423645,39.7799736,POINT (-104.8423645 39.7799736)
6400,,-104.8464007,39.7795837,POINT (-104.8464007 39.7795837)
6401,,-104.986893,39.700708,POINT (-104.986893 39.700708)
6402,,-104.8841671,39.6513296,POINT (-104.8841671 39.6513296)
6403,,-104.8810649,39.6508082,POINT (-104.8810649 39.6508082)
6404,,-104.8848223,39.651139,POINT (-104.8848223 39.651139)
6405,,-104.8810706,39.6506356,POINT (-104.8810706 39.6506356)
6406,,-104.8849966,39.6402783,POINT (-104.8849966 39.6402783)
6407,,-104.8849972,39.6403027,POINT (-104.8849972 39.6403027)
6408,,-104.885002,39.6432198,POINT (-104.885002 39.6432198)
6409,,-104.8849559,39.6459087,POINT (-104.8849559 39.6459087)
6410,,-104.8850099,39.6399854,POINT (-104.8850099 39.6399854)
6411,,-104.8851842,39.6399384,POINT (-104.8851842 39.6399384)
6412,,-104.8900572,39.625867,POINT (-104.8900572 39.625867)
6413,,-104.889827,39.6245558,POINT (-104.889827 39.6245558)
6414,,-104.8923,39.6313887,POINT (-104.8923 39.6313887)
6415,,-104.8917914,39.6314202,POINT (-104.8917914 39.6314202)
6416,,-104.8898799,39.6259187,POINT (-104.8898799 39.6259187)
6417,,-104.8910533,39.6281071,POINT (-104.8910533 39.6281071)
6418,,-104.8920208,39.6308595,POINT (-104.8920208 39.6308595)
6419,,-104.892472,39.6316814,POINT (-104.892472 39.6316814)
6420,,-104.8931334,39.6342635,POINT (-104.8931334 39.6342635)
6421,,-104.8932754,39.6349139,POINT (-104.8932754 39.6349139)
6422,,-104.894031,39.6370455,POINT (-104.894031 39.6370455)
6423,,-104.8948517,39.638234,POINT (-104.8948517 39.638234)
6424,,-104.8992723,39.6387167,POINT (-104.8992723 39.6387167)
6425,,-104.8937487,39.6363714,POINT (-104.8937487 39.6363714)
6426,,-104.8927001,39.6317127,POINT (-104.8927001 39.6317127)
6427,,-104.9067287,39.6385997,POINT (-104.9067287 39.6385997)
6428,,-104.9039131,39.638718,POINT (-104.9039131 39.638718)
6429,,-104.9040599,39.6387172,POINT (-104.9040599 39.6387172)
6430,,-104.9040706,39.6385992,POINT (-104.9040706 39.6385992)
6431,,-104.9062909,39.6387427,POINT (-104.9062909 39.6387427)
6432,,-104.9066887,39.6387472,POINT (-104.9066887 39.6387472)
6433,,-104.9123364,39.6380858,POINT (-104.9123364 39.6380858)
6434,,-104.9124788,39.6381732,POINT (-104.9124788 39.6381732)
6435,,-104.9116959,39.624644,POINT (-104.9116959 39.624644)
6436,,-104.9111837,39.6268568,POINT (-104.9111837 39.6268568)
6437,,-104.9108422,39.6322598,POINT (-104.9108422 39.6322598)
6438,,-104.884934,39.660161,POINT (-104.884934 39.660161)
6439,,-104.8848147,39.6570652,POINT (-104.8848147 39.6570652)
6440,,-104.9109731,39.6412103,POINT (-104.9109731 39.6412103)
6441,,-104.9114175,39.6419634,POINT (-104.9114175 39.6419634)
6442,,-104.9118436,39.6426857,POINT (-104.9118436 39.6426857)
6443,,-104.9122779,39.6434296,POINT (-104.9122779 39.6434296)
6444,,-104.9127136,39.6442171,POINT (-104.9127136 39.6442171)
6445,,-104.9129427,39.6487346,POINT (-104.9129427 39.6487346)
6446,,-104.9129196,39.6495505,POINT (-104.9129196 39.6495505)
6447,,-104.912928,39.6503423,POINT (-104.912928 39.6503423)
6448,,-104.9129084,39.651131,POINT (-104.9129084 39.651131)
6449,,-104.9129596,39.6519572,POINT (-104.9129596 39.6519572)
6450,,-104.9086864,39.6407567,POINT (-104.9086864 39.6407567)
6451,,-104.9128148,39.66354,POINT (-104.9128148 39.66354)
6452,,-104.9128095,39.6643703,POINT (-104.9128095 39.6643703)
6453,,-104.8879811,39.6530871,POINT (-104.8879811 39.6530871)
6454,,-104.912812,39.6651078,POINT (-104.912812 39.6651078)
6455,,-104.9128072,39.6661702,POINT (-104.9128072 39.6661702)
6456,,-104.9118022,39.6676197,POINT (-104.9118022 39.6676197)
6457,,-104.9128103,39.6700662,POINT (-104.9128103 39.6700662)
6458,,-104.9128033,39.6708179,POINT (-104.9128033 39.6708179)
6459,,-104.9128028,39.671552,POINT (-104.9128028 39.671552)
6460,,-104.9128036,39.6722856,POINT (-104.9128036 39.6722856)
6461,,-104.9128039,39.6730289,POINT (-104.9128039 39.6730289)
6462,,-104.9128178,39.6800392,POINT (-104.9128178 39.6800392)
6463,,-104.9128081,39.6828945,POINT (-104.9128081 39.6828945)
6464,,-104.9128039,39.6836677,POINT (-104.9128039 39.6836677)
6465,,-104.9128408,39.7028805,POINT (-104.9128408 39.7028805)
6466,,-104.9128288,39.7053222,POINT (-104.9128288 39.7053222)
6467,,-104.9127387,39.7133861,POINT (-104.9127387 39.7133861)
6468,,-104.9124992,39.6911941,POINT (-104.9124992 39.6911941)
6469,,-104.9128234,39.69526,POINT (-104.9128234 39.69526)
6470,,-104.9128232,39.6953649,POINT (-104.9128232 39.6953649)
6471,,-104.9127569,39.7002496,POINT (-104.9127569 39.7002496)
6472,,-104.9127609,39.702392,POINT (-104.9127609 39.702392)
6473,,-104.9124023,39.7025765,POINT (-104.9124023 39.7025765)
6474,,-104.9140722,39.703536,POINT (-104.9140722 39.703536)
6475,,-104.912797,39.7083224,POINT (-104.912797 39.7083224)
6476,,-104.9122587,39.7074949,POINT (-104.9122587 39.7074949)
6477,,-104.9109061,39.7162173,POINT (-104.9109061 39.7162173)
6478,,-104.9072786,39.6407595,POINT (-104.9072786 39.6407595)
6479,,-104.9066778,39.6407595,POINT (-104.9066778 39.6407595)
6480,,-104.9051373,39.6404651,POINT (-104.9051373 39.6404651)
6481,,-104.9042891,39.6400842,POINT (-104.9042891 39.6400842)
6482,,-104.9060075,39.6407635,POINT (-104.9060075 39.6407635)
6483,,-104.9007087,39.6331145,POINT (-104.9007087 39.6331145)
6484,,-104.9006672,39.6327165,POINT (-104.9006672 39.6327165)
6485,,-104.895162,39.6295333,POINT (-104.895162 39.6295333)
6486,,-104.8953498,39.6298846,POINT (-104.8953498 39.6298846)
6487,,-104.8945781,39.6282906,POINT (-104.8945781 39.6282906)
6488,,-104.8948806,39.6290351,POINT (-104.8948806 39.6290351)
6489,,-104.8967836,39.6314309,POINT (-104.8967836 39.6314309)
6490,,-104.897317,39.6317664,POINT (-104.897317 39.6317664)
6491,,-104.8977664,39.6319943,POINT (-104.8977664 39.6319943)
6492,,-104.9002818,39.63306,POINT (-104.9002818 39.63306)
6493,,-104.9039199,39.6385995,POINT (-104.9039199 39.6385995)
6494,,-104.9116697,39.7437874,POINT (-104.9116697 39.7437874)
6495,,-104.913239,39.7434146,POINT (-104.913239 39.7434146)
6496,,-104.9018727,39.694846,POINT (-104.9018727 39.694846)
6497,,-104.9034363,39.687377,POINT (-104.9034363 39.687377)
6498,,-104.9948824,39.7688142,POINT (-104.9948824 39.7688142)
6499,,-104.9952355,39.7691342,POINT (-104.9952355 39.7691342)
6500,,-104.9948986,39.7694848,POINT (-104.9948986 39.7694848)
6501,,-104.9935792,39.759298,POINT (-104.9935792 39.759298)
6502,,-104.9928723,39.7570678,POINT (-104.9928723 39.7570678)
6503,,-104.9948195,39.7696987,POINT (-104.9948195 39.7696987)
6504,,-104.9950501,39.7695166,POINT (-104.9950501 39.7695166)
6505,,-104.995633,39.7692669,POINT (-104.995633 39.7692669)
6506,,-104.9964331,39.7692764,POINT (-104.9964331 39.7692764)
6507,,-104.9949174,39.7699732,POINT (-104.9949174 39.7699732)
6508,,-104.9949218,39.7698811,POINT (-104.9949218 39.7698811)
6509,,-105.0532262,39.6398158,POINT (-105.0532262 39.6398158)
6510,,-105.0531578,39.6400174,POINT (-105.0531578 39.6400174)
6511,,-105.0530872,39.6430972,POINT (-105.0530872 39.6430972)
6512,,-105.0530808,39.643237,POINT (-105.0530808 39.643237)
6513,,-105.0530821,39.6414352,POINT (-105.0530821 39.6414352)
6514,,-105.0530494,39.6455107,POINT (-105.0530494 39.6455107)
6515,,-105.0530537,39.645638,POINT (-105.0530537 39.645638)
6516,,-105.0530135,39.6475156,POINT (-105.0530135 39.6475156)
6517,,-105.0529869,39.6491686,POINT (-105.0529869 39.6491686)
6518,,-105.0529276,39.6508001,POINT (-105.0529276 39.6508001)
6519,,-105.052962,39.6517126,POINT (-105.052962 39.6517126)
6520,,-105.0532775,39.6540355,POINT (-105.0532775 39.6540355)
6521,,-105.0345837,39.7843574,POINT (-105.0345837 39.7843574)
6522,,-105.034585,39.7841022,POINT (-105.034585 39.7841022)
6523,,-105.0345775,39.7856227,POINT (-105.0345775 39.7856227)
6524,,-105.0252475,39.7608708,POINT (-105.0252475 39.7608708)
6525,,-105.0252965,39.7487876,POINT (-105.0252965 39.7487876)
6526,,-105.0252476,39.7479811,POINT (-105.0252476 39.7479811)
6527,,-105.0252964,39.7500028,POINT (-105.0252964 39.7500028)
6528,,-105.0253159,39.7702128,POINT (-105.0253159 39.7702128)
6529,,-105.0253195,39.7692845,POINT (-105.0253195 39.7692845)
6530,,-105.0252036,39.769284,POINT (-105.0252036 39.769284)
6531,,-105.0276228,39.7693373,POINT (-105.0276228 39.7693373)
6532,,-105.0252397,39.7632488,POINT (-105.0252397 39.7632488)
6533,,-105.0252438,39.7620057,POINT (-105.0252438 39.7620057)
6534,,-105.0251963,39.7720706,POINT (-105.0251963 39.7720706)
6535,,-105.0251936,39.7729268,POINT (-105.0251936 39.7729268)
6536,,-104.8846328,39.7580827,POINT (-104.8846328 39.7580827)
6537,,-104.885404,39.7582259,POINT (-104.885404 39.7582259)
6538,,-104.8827774,39.7578409,POINT (-104.8827774 39.7578409)
6539,,-104.881851,39.757839,POINT (-104.881851 39.757839)
6540,,-104.880029,39.757708,POINT (-104.880029 39.757708)
6541,,-104.886468,39.758082,POINT (-104.886468 39.758082)
6542,,-104.8873877,39.7580935,POINT (-104.8873877 39.7580935)
6543,,-104.8883547,39.758104,POINT (-104.8883547 39.758104)
6544,,-104.8807511,39.7599988,POINT (-104.8807511 39.7599988)
6545,,-104.8788013,39.7599798,POINT (-104.8788013 39.7599798)
6546,,-104.8778817,39.7547686,POINT (-104.8778817 39.7547686)
6547,,-104.8808452,39.7546128,POINT (-104.8808452 39.7546128)
6548,,-104.8768843,39.7572589,POINT (-104.8768843 39.7572589)
6549,,-104.8696124,39.7547836,POINT (-104.8696124 39.7547836)
6550,,-104.8686974,39.7547835,POINT (-104.8686974 39.7547835)
6551,,-104.872403,39.7599356,POINT (-104.872403 39.7599356)
6552,,-104.8714715,39.7599346,POINT (-104.8714715 39.7599346)
6553,,-104.8788048,39.7601021,POINT (-104.8788048 39.7601021)
6554,,-104.8733322,39.7599424,POINT (-104.8733322 39.7599424)
6555,,-104.874282,39.756232,POINT (-104.874282 39.756232)
6556,,-104.874278,39.75663,POINT (-104.874278 39.75663)
6557,,-104.87427,39.75755,POINT (-104.87427 39.75755)
6558,,-104.7472574,39.8351116,POINT (-104.7472574 39.8351116)
6559,,-104.7472839,39.8331106,POINT (-104.7472839 39.8331106)
6560,,-104.6862911,39.8334411,POINT (-104.6862911 39.8334411)
6561,,-104.6718704,39.836521,POINT (-104.6718704 39.836521)
6562,,-104.7155143,39.8380999,POINT (-104.7155143 39.8380999)
6563,,-104.7154979,39.8377258,POINT (-104.7154979 39.8377258)
6564,,-104.7150648,39.8380793,POINT (-104.7150648 39.8380793)
6565,,-104.7167362,39.8382093,POINT (-104.7167362 39.8382093)
6566,,-104.6718615,39.8399796,POINT (-104.6718615 39.8399796)
6567,,-104.6711617,39.8424239,POINT (-104.6711617 39.8424239)
6568,,-104.6730933,39.8418401,POINT (-104.6730933 39.8418401)
6569,,-104.674141,39.8425576,POINT (-104.674141 39.8425576)
6570,,-104.665623,39.8472868,POINT (-104.665623 39.8472868)
6571,,-104.666052,39.850297,POINT (-104.666052 39.850297)
6572,,-104.66874,39.8515035,POINT (-104.66874 39.8515035)
6573,,-104.6725701,39.8447584,POINT (-104.6725701 39.8447584)
6574,,-104.8827659,39.7243358,POINT (-104.8827659 39.7243358)
6575,,-104.878605,39.7254955,POINT (-104.878605 39.7254955)
6576,,-104.8838307,39.7239177,POINT (-104.8838307 39.7239177)
6577,,-104.884042,39.7239381,POINT (-104.884042 39.7239381)
6578,,-104.8836998,39.7238004,POINT (-104.8836998 39.7238004)
6579,,-104.7377046,39.7751448,POINT (-104.7377046 39.7751448)
6580,,-104.7346738,39.77485,POINT (-104.7346738 39.77485)
6581,,-104.7602975,39.7821771,POINT (-104.7602975 39.7821771)
6582,,-104.7609972,39.7827351,POINT (-104.7609972 39.7827351)
6583,,-104.745233,39.7710826,POINT (-104.745233 39.7710826)
6584,,-104.7453341,39.7703923,POINT (-104.7453341 39.7703923)
6585,,-104.7454491,39.7693186,POINT (-104.7454491 39.7693186)
6586,,-104.7545608,39.7846593,POINT (-104.7545608 39.7846593)
6587,,-104.7567734,39.7871061,POINT (-104.7567734 39.7871061)
6588,,-104.7593495,39.7838129,POINT (-104.7593495 39.7838129)
6589,,-104.736736,39.7938818,POINT (-104.736736 39.7938818)
6590,,-104.7368386,39.794638,POINT (-104.7368386 39.794638)
6591,,-104.7365815,39.7931308,POINT (-104.7365815 39.7931308)
6592,,-104.7370731,39.7914772,POINT (-104.7370731 39.7914772)
6593,,-104.7363254,39.7912394,POINT (-104.7363254 39.7912394)
6594,,-104.736632,39.7924747,POINT (-104.736632 39.7924747)
6595,,-104.7378357,39.7898721,POINT (-104.7378357 39.7898721)
6596,,-104.7378805,39.7891282,POINT (-104.7378805 39.7891282)
6597,,-104.7590734,39.7886868,POINT (-104.7590734 39.7886868)
6598,,-104.9099056,39.7074923,POINT (-104.9099056 39.7074923)
6599,,-104.9109756,39.7074893,POINT (-104.9109756 39.7074893)
6600,,-104.7612392,39.7873682,POINT (-104.7612392 39.7873682)
6601,,-104.7626904,39.7873571,POINT (-104.7626904 39.7873571)
6602,,-104.7603077,39.7877598,POINT (-104.7603077 39.7877598)
6603,,-104.9087762,39.7074934,POINT (-104.9087762 39.7074934)
6604,,-104.7574231,39.7836165,POINT (-104.7574231 39.7836165)
6605,,-104.7591787,39.7885996,POINT (-104.7591787 39.7885996)
6606,,-104.7621919,39.7908836,POINT (-104.7621919 39.7908836)
6607,,-104.7595987,39.7882427,POINT (-104.7595987 39.7882427)
6608,,-104.764486,39.7873562,POINT (-104.764486 39.7873562)
6609,,-104.7635087,39.7873589,POINT (-104.7635087 39.7873589)
6610,,-104.7652202,39.7888093,POINT (-104.7652202 39.7888093)
6611,,-104.7654248,39.7856511,POINT (-104.7654248 39.7856511)
6612,,-104.7372084,39.789125,POINT (-104.7372084 39.789125)
6613,,-104.7378796,39.7879531,POINT (-104.7378796 39.7879531)
6614,,-104.7362511,39.7891184,POINT (-104.7362511 39.7891184)
6615,,-104.7353053,39.7891131,POINT (-104.7353053 39.7891131)
6616,,-104.7345894,39.7891145,POINT (-104.7345894 39.7891145)
6617,,-104.7346228,39.7853586,POINT (-104.7346228 39.7853586)
6618,,-104.7345655,39.7910678,POINT (-104.7345655 39.7910678)
6619,,-104.7372455,39.7850884,POINT (-104.7372455 39.7850884)
6620,,-104.7375309,39.7855404,POINT (-104.7375309 39.7855404)
6621,,-104.7370211,39.783709,POINT (-104.7370211 39.783709)
6622,,-104.7346508,39.7818749,POINT (-104.7346508 39.7818749)
6623,,-104.737823,39.7861448,POINT (-104.737823 39.7861448)
6624,,-104.7370221,39.7836173,POINT (-104.7370221 39.7836173)
6625,,-104.7370325,39.7824059,POINT (-104.7370325 39.7824059)
6626,,-104.7626254,39.7916498,POINT (-104.7626254 39.7916498)
6627,,-104.7626694,39.7932934,POINT (-104.7626694 39.7932934)
6628,,-104.764503,39.7893231,POINT (-104.764503 39.7893231)
6629,,-104.7638975,39.7897521,POINT (-104.7638975 39.7897521)
6630,,-104.7634332,39.7900891,POINT (-104.7634332 39.7900891)
6631,,-104.7628061,39.7905227,POINT (-104.7628061 39.7905227)
6632,,-104.7623158,39.7908077,POINT (-104.7623158 39.7908077)
6633,,-104.766952,39.789484,POINT (-104.766952 39.789484)
6634,,-104.7696319,39.7895012,POINT (-104.7696319 39.7895012)
6635,,-104.764967,39.7850549,POINT (-104.764967 39.7850549)
6636,,-104.7674154,39.7852734,POINT (-104.7674154 39.7852734)
6637,,-104.7720208,39.7895125,POINT (-104.7720208 39.7895125)
6638,,-104.7722388,39.7895147,POINT (-104.7722388 39.7895147)
6639,,-104.772019,39.792548,POINT (-104.772019 39.792548)
6640,,-104.7720077,39.7938816,POINT (-104.7720077 39.7938816)
6641,,-104.9097713,39.667632,POINT (-104.9097713 39.667632)
6642,,-104.9085899,39.6676362,POINT (-104.9085899 39.6676362)
6643,,-105.0439408,39.7911068,POINT (-105.0439408 39.7911068)
6644,,-105.0435862,39.7911087,POINT (-105.0435862 39.7911087)
6645,,-104.9109321,39.6676302,POINT (-104.9109321 39.6676302)
6646,,-104.9400867,39.7837695,POINT (-104.9400867 39.7837695)
6647,,-105.0445495,39.7029206,POINT (-105.0445495 39.7029206)
6648,,-104.9769969,39.6677069,POINT (-104.9769969 39.6677069)
6649,,-104.9758335,39.6676966,POINT (-104.9758335 39.6676966)
6650,,-104.9781857,39.6677075,POINT (-104.9781857 39.6677075)
6651,,-104.9783461,39.6677055,POINT (-104.9783461 39.6677055)
6652,,-104.9793227,39.667701,POINT (-104.9793227 39.667701)
6653,,-104.9806222,39.6677003,POINT (-104.9806222 39.6677003)
6654,,-104.98052,39.6676999,POINT (-104.98052 39.6676999)
6655,,-104.9816836,39.6677007,POINT (-104.9816836 39.6677007)
6656,,-104.9817343,39.6677003,POINT (-104.9817343 39.6677003)
6657,,-104.9406608,39.6536071,POINT (-104.9406608 39.6536071)
6658,,-104.9406528,39.6537045,POINT (-104.9406528 39.6537045)
6659,,-104.9406674,39.6530967,POINT (-104.9406674 39.6530967)
6660,,-104.9404911,39.6817447,POINT (-104.9404911 39.6817447)
6661,,-104.9406089,39.7115979,POINT (-104.9406089 39.7115979)
6662,,-104.9408265,39.7116014,POINT (-104.9408265 39.7116014)
6663,,-104.9406167,39.716225,POINT (-104.9406167 39.716225)
6664,,-104.940627,39.7150147,POINT (-104.940627 39.7150147)
6665,,-104.9403054,39.7146767,POINT (-104.9403054 39.7146767)
6666,,-104.9406026,39.7310222,POINT (-104.9406026 39.7310222)
6667,,-104.9405932,39.732834,POINT (-104.9405932 39.732834)
6668,,-104.940806,39.726902,POINT (-104.940806 39.726902)
6669,,-104.9406133,39.7193935,POINT (-104.9406133 39.7193935)
6670,,-104.9406093,39.7231516,POINT (-104.9406093 39.7231516)
6671,,-104.9406081,39.7243416,POINT (-104.9406081 39.7243416)
6672,,-104.940607,39.7253041,POINT (-104.940607 39.7253041)
6673,,-104.9406067,39.7257169,POINT (-104.9406067 39.7257169)
6674,,-104.9406048,39.727374,POINT (-104.9406048 39.727374)
6675,,-104.940604,39.7401911,POINT (-104.940604 39.7401911)
6676,,-104.9404866,39.7668999,POINT (-104.9404866 39.7668999)
6677,,-104.9404751,39.7691803,POINT (-104.9404751 39.7691803)
6678,,-104.9406855,39.7601568,POINT (-104.9406855 39.7601568)
6679,,-104.9405134,39.7615958,POINT (-104.9405134 39.7615958)
6680,,-104.9405295,39.7564822,POINT (-104.9405295 39.7564822)
6681,,-104.9406023,39.7528417,POINT (-104.9406023 39.7528417)
6682,,-104.9405993,39.7433834,POINT (-104.9405993 39.7433834)
6683,,-104.7411302,39.7953539,POINT (-104.7411302 39.7953539)
6684,,-104.741458,39.7962212,POINT (-104.741458 39.7962212)
6685,,-104.743337,39.7952358,POINT (-104.743337 39.7952358)
6686,,-104.7402413,39.7958561,POINT (-104.7402413 39.7958561)
6687,,-104.7413783,39.7976465,POINT (-104.7413783 39.7976465)
6688,,-104.741356,39.7982958,POINT (-104.741356 39.7982958)
6689,,-104.736821,39.7955954,POINT (-104.736821 39.7955954)
6690,,-104.736818,39.7963152,POINT (-104.736818 39.7963152)
6691,,-104.7361407,39.794634,POINT (-104.7361407 39.794634)
6692,,-104.7352144,39.7946276,POINT (-104.7352144 39.7946276)
6693,,-104.7368072,39.7968234,POINT (-104.7368072 39.7968234)
6694,,-104.734517,39.7968107,POINT (-104.734517 39.7968107)
6695,,-104.7345327,39.7946265,POINT (-104.7345327 39.7946265)
6696,,-104.9838018,39.7183372,POINT (-104.9838018 39.7183372)
6697,,-104.7344983,39.7982929,POINT (-104.7344983 39.7982929)
6698,,-104.7386507,39.7966525,POINT (-104.7386507 39.7966525)
6699,,-104.7461108,39.7953187,POINT (-104.7461108 39.7953187)
6700,,-104.7451824,39.7952905,POINT (-104.7451824 39.7952905)
6701,,-104.7478554,39.7953557,POINT (-104.7478554 39.7953557)
6702,,-104.7493775,39.7947846,POINT (-104.7493775 39.7947846)
6703,,-104.752066,39.7950321,POINT (-104.752066 39.7950321)
6704,,-104.7523446,39.7965975,POINT (-104.7523446 39.7965975)
6705,,-104.7532355,39.7952956,POINT (-104.7532355 39.7952956)
6706,,-104.7505576,39.7946968,POINT (-104.7505576 39.7946968)
6707,,-104.7557637,39.795503,POINT (-104.7557637 39.795503)
6708,,-104.7571133,39.7952924,POINT (-104.7571133 39.7952924)
6709,,-104.7550103,39.7955529,POINT (-104.7550103 39.7955529)
6710,,-104.7626655,39.7948439,POINT (-104.7626655 39.7948439)
6711,,-104.7628132,39.7948425,POINT (-104.7628132 39.7948425)
6712,,-104.7626635,39.7967372,POINT (-104.7626635 39.7967372)
6713,,-104.7586834,39.7950334,POINT (-104.7586834 39.7950334)
6714,,-104.7352536,39.7910727,POINT (-104.7352536 39.7910727)
6715,,-104.7378911,39.7870201,POINT (-104.7378911 39.7870201)
6716,,-104.9216361,39.7002456,POINT (-104.9216361 39.7002456)
6717,,-104.9206036,39.7002468,POINT (-104.9206036 39.7002468)
6718,,-104.7456902,39.7811651,POINT (-104.7456902 39.7811651)
6719,,-104.9848225,39.7253124,POINT (-104.9848225 39.7253124)
6720,,-104.7529874,39.797033,POINT (-104.7529874 39.797033)
6721,,-104.7533172,39.7977972,POINT (-104.7533172 39.7977972)
6722,,-104.9836152,39.7272748,POINT (-104.9836152 39.7272748)
6723,,-104.9823705,39.7272753,POINT (-104.9823705 39.7272753)
6724,,-104.9848864,39.7272744,POINT (-104.9848864 39.7272744)
6725,,-104.9836069,39.7290706,POINT (-104.9836069 39.7290706)
6726,,-104.7442603,39.7952648,POINT (-104.7442603 39.7952648)
6727,,-104.762621,39.7982712,POINT (-104.762621 39.7982712)
6728,,-104.7541835,39.7954904,POINT (-104.7541835 39.7954904)
6729,,-104.9835874,39.7432652,POINT (-104.9835874 39.7432652)
6730,,-104.9835922,39.7448739,POINT (-104.9835922 39.7448739)
6731,,-104.9407374,39.7791525,POINT (-104.9407374 39.7791525)
6732,,-104.9407605,39.779762,POINT (-104.9407605 39.779762)
6733,,-104.9398227,39.7797652,POINT (-104.9398227 39.7797652)
6734,,-104.9404055,39.7867029,POINT (-104.9404055 39.7867029)
6735,,-104.9403932,39.7877875,POINT (-104.9403932 39.7877875)
6736,,-104.939871,39.791002,POINT (-104.939871 39.791002)
6737,,-104.9420364,39.7909863,POINT (-104.9420364 39.7909863)
6738,,-104.9416501,39.7908808,POINT (-104.9416501 39.7908808)
6739,,-104.7720766,39.7746663,POINT (-104.7720766 39.7746663)
6740,,-104.7720415,39.7779329,POINT (-104.7720415 39.7779329)
6741,,-104.772236,39.7925481,POINT (-104.772236 39.7925481)
6742,,-104.7722448,39.7873689,POINT (-104.7722448 39.7873689)
6743,,-104.772211,39.7837782,POINT (-104.772211 39.7837782)
6744,,-104.7722112,39.7836178,POINT (-104.7722112 39.7836178)
6745,,-104.7722331,39.7827985,POINT (-104.7722331 39.7827985)
6746,,-104.7722427,39.7817768,POINT (-104.7722427 39.7817768)
6747,,-104.7722541,39.781246,POINT (-104.7722541 39.781246)
6748,,-104.7720554,39.8001031,POINT (-104.7720554 39.8001031)
6749,,-104.7720525,39.8018833,POINT (-104.7720525 39.8018833)
6750,,-104.7720453,39.8073541,POINT (-104.7720453 39.8073541)
6751,,-104.7721808,39.8073552,POINT (-104.7721808 39.8073552)
6752,,-104.7720451,39.8096402,POINT (-104.7720451 39.8096402)
6753,,-104.7705537,39.8073467,POINT (-104.7705537 39.8073467)
6754,,-104.7719163,39.8200505,POINT (-104.7719163 39.8200505)
6755,,-104.7718879,39.8217909,POINT (-104.7718879 39.8217909)
6756,,-104.7719633,39.8348453,POINT (-104.7719633 39.8348453)
6757,,-104.771966,39.8311343,POINT (-104.771966 39.8311343)
6758,,-104.919592,39.7002505,POINT (-104.919592 39.7002505)
6759,,-104.7726722,39.8348457,POINT (-104.7726722 39.8348457)
6760,,-104.772071,39.8200486,POINT (-104.772071 39.8200486)
6761,,-104.7721107,39.818278,POINT (-104.7721107 39.818278)
6762,,-104.7722179,39.8001027,POINT (-104.7722179 39.8001027)
6763,,-104.7722214,39.7983821,POINT (-104.7722214 39.7983821)
6764,,-104.7722196,39.7982686,POINT (-104.7722196 39.7982686)
6765,,-104.772242,39.7946367,POINT (-104.772242 39.7946367)
6766,,-104.9408057,39.7038228,POINT (-104.9408057 39.7038228)
6767,,-104.938422,39.6893246,POINT (-104.938422 39.6893246)
6768,,-104.9404414,39.7729478,POINT (-104.9404414 39.7729478)
6769,,-104.9392822,39.7728136,POINT (-104.9392822 39.7728136)
6770,,-105.0254385,39.740357,POINT (-105.0254385 39.740357)
6771,,-105.0248659,39.7403859,POINT (-105.0248659 39.7403859)
6772,,-105.025086,39.7383747,POINT (-105.025086 39.7383747)
6773,,-105.0176374,39.7404051,POINT (-105.0176374 39.7404051)
6774,,-105.0252846,39.7409134,POINT (-105.0252846 39.7409134)
6775,,-105.0252858,39.7400781,POINT (-105.0252858 39.7400781)
6776,,-104.816763,39.7856268,POINT (-104.816763 39.7856268)
6777,,-104.8184598,39.7860992,POINT (-104.8184598 39.7860992)
6778,,-104.8207434,39.7791149,POINT (-104.8207434 39.7791149)
6779,,-104.8215993,39.7791173,POINT (-104.8215993 39.7791173)
6780,,-104.8225269,39.7791188,POINT (-104.8225269 39.7791188)
6781,,-104.8172791,39.778479,POINT (-104.8172791 39.778479)
6782,,-104.8180602,39.7787033,POINT (-104.8180602 39.7787033)
6783,,-104.8198237,39.7791113,POINT (-104.8198237 39.7791113)
6784,,-104.818929,39.7789458,POINT (-104.818929 39.7789458)
6785,,-104.8107132,39.7767706,POINT (-104.8107132 39.7767706)
6786,,-104.8123095,39.7770608,POINT (-104.8123095 39.7770608)
6787,,-104.8131163,39.7772917,POINT (-104.8131163 39.7772917)
6788,,-104.8139403,39.7775225,POINT (-104.8139403 39.7775225)
6789,,-104.8147729,39.77776,POINT (-104.8147729 39.77776)
6790,,-104.815614,39.7780041,POINT (-104.815614 39.7780041)
6791,,-104.8164551,39.7782416,POINT (-104.8164551 39.7782416)
6792,,-104.80973,39.7767602,POINT (-104.80973 39.7767602)
6793,,-104.8134156,39.7846374,POINT (-104.8134156 39.7846374)
6794,,-104.8142513,39.7848871,POINT (-104.8142513 39.7848871)
6795,,-104.8150977,39.785131,POINT (-104.8150977 39.785131)
6796,,-104.8159304,39.7853827,POINT (-104.8159304 39.7853827)
6797,,-104.8193351,39.7863716,POINT (-104.8193351 39.7863716)
6798,,-104.8202618,39.7866516,POINT (-104.8202618 39.7866516)
6799,,-104.8211897,39.7869286,POINT (-104.8211897 39.7869286)
6800,,-104.822093,39.7872017,POINT (-104.822093 39.7872017)
6801,,-104.8229886,39.787473,POINT (-104.8229886 39.787473)
6802,,-104.824813,39.787127,POINT (-104.824813 39.787127)
6803,,-104.8904077,39.637277,POINT (-104.8904077 39.637277)
6804,,-104.8928943,39.6366017,POINT (-104.8928943 39.6366017)
6805,,-104.8946583,39.6361751,POINT (-104.8946583 39.6361751)
6806,,-104.8943024,39.6370404,POINT (-104.8943024 39.6370404)
6807,,-104.8940053,39.6363184,POINT (-104.8940053 39.6363184)
6808,,-104.9835282,39.7819458,POINT (-104.9835282 39.7819458)
6809,,-104.9829238,39.7819109,POINT (-104.9829238 39.7819109)
6810,,-104.8139356,39.7909432,POINT (-104.8139356 39.7909432)
6811,,-104.8147777,39.7911299,POINT (-104.8147777 39.7911299)
6812,,-104.8105548,39.7904375,POINT (-104.8105548 39.7904375)
6813,,-104.8130782,39.7907672,POINT (-104.8130782 39.7907672)
6814,,-104.8210044,39.792432,POINT (-104.8210044 39.792432)
6815,,-104.889686,39.6242152,POINT (-104.889686 39.6242152)
6816,,-104.889838,39.6242142,POINT (-104.889838 39.6242142)
6817,,-104.889677,39.6245542,POINT (-104.889677 39.6245542)
6818,,-104.8902813,39.6242145,POINT (-104.8902813 39.6242145)
6819,,-104.8856748,39.6241783,POINT (-104.8856748 39.6241783)
6820,,-104.8887631,39.624182,POINT (-104.8887631 39.624182)
6821,,-104.8892685,39.6242101,POINT (-104.8892685 39.6242101)
6822,,-104.9012542,39.6243823,POINT (-104.9012542 39.6243823)
6823,,-104.8250162,39.7796527,POINT (-104.8250162 39.7796527)
6824,,-104.8267929,39.7813018,POINT (-104.8267929 39.7813018)
6825,,-104.8463884,39.7863937,POINT (-104.8463884 39.7863937)
6826,,-104.8469739,39.7864067,POINT (-104.8469739 39.7864067)
6827,,-104.84399,39.78574,POINT (-104.84399 39.78574)
6828,,-104.8448174,39.7860046,POINT (-104.8448174 39.7860046)
6829,,-104.8431608,39.7854769,POINT (-104.8431608 39.7854769)
6830,,-104.8423454,39.7852197,POINT (-104.8423454 39.7852197)
6831,,-104.8455974,39.7862417,POINT (-104.8455974 39.7862417)
6832,,-104.8254021,39.7802986,POINT (-104.8254021 39.7802986)
6833,,-104.8278374,39.7824447,POINT (-104.8278374 39.7824447)
6834,,-104.8294794,39.7836169,POINT (-104.8294794 39.7836169)
6835,,-104.8335478,39.7853054,POINT (-104.8335478 39.7853054)
6836,,-104.8343288,39.785622,POINT (-104.8343288 39.785622)
6837,,-104.8351099,39.7859452,POINT (-104.8351099 39.7859452)
6838,,-104.835891,39.7862684,POINT (-104.835891 39.7862684)
6839,,-104.8370668,39.7863014,POINT (-104.8370668 39.7863014)
6840,,-104.8384536,39.7857256,POINT (-104.8384536 39.7857256)
6841,,-104.840855,39.7848767,POINT (-104.840855 39.7848767)
6842,,-104.8408372,39.7847033,POINT (-104.8408372 39.7847033)
6843,,-104.8355105,39.7911409,POINT (-104.8355105 39.7911409)
6844,,-104.8334098,39.7906591,POINT (-104.8334098 39.7906591)
6845,,-104.8255042,39.7933252,POINT (-104.8255042 39.7933252)
6846,,-104.8264358,39.7935146,POINT (-104.8264358 39.7935146)
6847,,-104.8290176,39.7940169,POINT (-104.8290176 39.7940169)
6848,,-104.8302843,39.7942723,POINT (-104.8302843 39.7942723)
6849,,-104.8219108,39.7926118,POINT (-104.8219108 39.7926118)
6850,,-104.8228365,39.7927918,POINT (-104.8228365 39.7927918)
6851,,-104.8245944,39.7931472,POINT (-104.8245944 39.7931472)
6852,,-104.8272998,39.7936788,POINT (-104.8272998 39.7936788)
6853,,-104.8281496,39.7938457,POINT (-104.8281496 39.7938457)
6854,,-104.8312239,39.7944586,POINT (-104.8312239 39.7944586)
6855,,-104.8321724,39.7946286,POINT (-104.8321724 39.7946286)
6856,,-104.8330727,39.7948178,POINT (-104.8330727 39.7948178)
6857,,-104.8356537,39.7955454,POINT (-104.8356537 39.7955454)
6858,,-104.835671,39.7947808,POINT (-104.835671 39.7947808)
6859,,-104.8356794,39.7939622,POINT (-104.8356794 39.7939622)
6860,,-104.8363228,39.7981093,POINT (-104.8363228 39.7981093)
6861,,-104.8356281,39.7976036,POINT (-104.8356281 39.7976036)
6862,,-104.8356451,39.7969149,POINT (-104.8356451 39.7969149)
6863,,-104.8356493,39.7962413,POINT (-104.8356493 39.7962413)
6864,,-104.8356974,39.7932291,POINT (-104.8356974 39.7932291)
6865,,-104.8357001,39.7924898,POINT (-104.8357001 39.7924898)
6866,,-104.8357052,39.7917992,POINT (-104.8357052 39.7917992)
6867,,-104.8357071,39.7911257,POINT (-104.8357071 39.7911257)
6868,,-104.8333082,39.7908056,POINT (-104.8333082 39.7908056)
6869,,-104.8341902,39.7911071,POINT (-104.8341902 39.7911071)
6870,,-104.8247192,39.7869784,POINT (-104.8247192 39.7869784)
6871,,-104.8254164,39.7875473,POINT (-104.8254164 39.7875473)
6872,,-104.8264683,39.7879949,POINT (-104.8264683 39.7879949)
6873,,-104.8273066,39.7883317,POINT (-104.8273066 39.7883317)
6874,,-104.8290612,39.7890587,POINT (-104.8290612 39.7890587)
6875,,-104.8299064,39.7894042,POINT (-104.8299064 39.7894042)
6876,,-104.830757,39.7897561,POINT (-104.830757 39.7897561)
6877,,-104.8315996,39.7900992,POINT (-104.8315996 39.7900992)
6878,,-104.8324572,39.7904544,POINT (-104.8324572 39.7904544)
6879,,-104.9185874,39.7002501,POINT (-104.9185874 39.7002501)
6880,,-104.973824,39.7183181,POINT (-104.973824 39.7183181)
6881,,-104.8248406,39.7869289,POINT (-104.8248406 39.7869289)
6882,,-104.8406826,39.7831424,POINT (-104.8406826 39.7831424)
6883,,-104.8406198,39.7818906,POINT (-104.8406198 39.7818906)
6884,,-104.95584,39.7180359,POINT (-104.95584 39.7180359)
6885,,-104.9560267,39.7182156,POINT (-104.9560267 39.7182156)
6886,,-104.9740683,39.7201343,POINT (-104.9740683 39.7201343)
6887,,-104.9401438,39.7253036,POINT (-104.9401438 39.7253036)
6888,,-104.97408,39.7219474,POINT (-104.97408 39.7219474)
6889,,-104.9758183,39.7605474,POINT (-104.9758183 39.7605474)
6890,,-104.9740853,39.7237457,POINT (-104.9740853 39.7237457)
6891,,-104.9740799,39.7224728,POINT (-104.9740799 39.7224728)
6892,,-105.0566473,39.790882,POINT (-105.0566473 39.790882)
6893,,-105.0587261,39.7900471,POINT (-105.0587261 39.7900471)
6894,,-105.0593461,39.789798,POINT (-105.0593461 39.789798)
6895,,-105.0613153,39.7890071,POINT (-105.0613153 39.7890071)
6896,,-104.9740867,39.7240681,POINT (-104.9740867 39.7240681)
6897,,-105.0615674,39.7887795,POINT (-105.0615674 39.7887795)
6898,,-105.0612183,39.7888824,POINT (-105.0612183 39.7888824)
6899,,-104.9120003,39.6352997,POINT (-104.9120003 39.6352997)
6900,,-104.9120475,39.6353818,POINT (-104.9120475 39.6353818)
6901,,-104.9090789,39.6277528,POINT (-104.9090789 39.6277528)
6902,,-105.0252168,39.7245316,POINT (-105.0252168 39.7245316)
6903,,-105.0251996,39.7234206,POINT (-105.0251996 39.7234206)
6904,,-105.0250838,39.738308,POINT (-105.0250838 39.738308)
6905,,-105.0250838,39.738001,POINT (-105.0250838 39.738001)
6906,,-105.0158474,39.739864,POINT (-105.0158474 39.739864)
6907,,-105.0143087,39.7379669,POINT (-105.0143087 39.7379669)
6908,,-104.9740932,39.7255847,POINT (-104.9740932 39.7255847)
6909,,-105.0065958,39.7368739,POINT (-105.0065958 39.7368739)
6910,,-104.9741005,39.7272781,POINT (-104.9741005 39.7272781)
6911,,-104.9729427,39.7272785,POINT (-104.9729427 39.7272785)
6912,,-104.9664025,39.6784323,POINT (-104.9664025 39.6784323)
6913,,-104.9752601,39.7272777,POINT (-104.9752601 39.7272777)
6914,,-105.0175867,39.6931453,POINT (-105.0175867 39.6931453)
6915,,-105.0184206,39.6931402,POINT (-105.0184206 39.6931402)
6916,,-105.0174975,39.6931459,POINT (-105.0174975 39.6931459)
6917,,-105.018536,39.693139,POINT (-105.018536 39.693139)
6918,,-104.9752693,39.7290722,POINT (-104.9752693 39.7290722)
6919,,-105.0504069,39.6391155,POINT (-105.0504069 39.6391155)
6920,,-105.0526875,39.6397649,POINT (-105.0526875 39.6397649)
6921,,-105.0519899,39.6395013,POINT (-105.0519899 39.6395013)
6922,,-105.0504712,39.6390002,POINT (-105.0504712 39.6390002)
6923,,-105.050306,39.638946,POINT (-105.050306 39.638946)
6924,,-105.0492045,39.6385907,POINT (-105.0492045 39.6385907)
6925,,-105.045301,39.6385679,POINT (-105.045301 39.6385679)
6926,,-104.9046349,39.6856571,POINT (-104.9046349 39.6856571)
6927,,-104.904571,39.6856079,POINT (-104.904571 39.6856079)
6928,,-104.9122725,39.6901363,POINT (-104.9122725 39.6901363)
6929,,-104.9488204,39.7617725,POINT (-104.9488204 39.7617725)
6930,,-104.9462671,39.7617554,POINT (-104.9462671 39.7617554)
6931,,-104.9459054,39.761756,POINT (-104.9459054 39.761756)
6932,,-104.9430382,39.7615337,POINT (-104.9430382 39.7615337)
6933,,-104.941743,39.7616985,POINT (-104.941743 39.7616985)
6934,,-104.9405105,39.7618137,POINT (-104.9405105 39.7618137)
6935,,-104.9406818,39.7614705,POINT (-104.9406818 39.7614705)
6936,,-104.9395634,39.7618234,POINT (-104.9395634 39.7618234)
6937,,-104.9573505,39.7609257,POINT (-104.9573505 39.7609257)
6938,,-104.9561145,39.7617764,POINT (-104.9561145 39.7617764)
6939,,-104.9548841,39.7618446,POINT (-104.9548841 39.7618446)
6940,,-105.0814065,39.6655354,POINT (-105.0814065 39.6655354)
6941,,-105.0813878,39.6656827,POINT (-105.0813878 39.6656827)
6942,,-104.9878971,39.747391,POINT (-104.9878971 39.747391)
6943,,-104.9873832,39.7473777,POINT (-104.9873832 39.7473777)
6944,,-104.9873319,39.7473958,POINT (-104.9873319 39.7473958)
6945,,-104.9871707,39.7475208,POINT (-104.9871707 39.7475208)
6946,,-104.8878204,39.7215955,POINT (-104.8878204 39.7215955)
6947,,-104.8905454,39.7200577,POINT (-104.8905454 39.7200577)
6948,,-104.8907336,39.7200858,POINT (-104.8907336 39.7200858)
6949,,-104.8910578,39.7202446,POINT (-104.8910578 39.7202446)
6950,,-104.8909616,39.7199528,POINT (-104.8909616 39.7199528)
6951,,-104.8909828,39.719827,POINT (-104.8909828 39.719827)
6952,,-104.8919434,39.7192389,POINT (-104.8919434 39.7192389)
6953,,-104.8908215,39.7196589,POINT (-104.8908215 39.7196589)
6954,,-104.8929377,39.7186692,POINT (-104.8929377 39.7186692)
6955,,-104.8937872,39.718181,POINT (-104.8937872 39.718181)
6956,,-104.8956191,39.7173594,POINT (-104.8956191 39.7173594)
6957,,-104.8957317,39.7173976,POINT (-104.8957317 39.7173976)
6958,,-104.8904048,39.7199082,POINT (-104.8904048 39.7199082)
6959,,-104.8877669,39.721472,POINT (-104.8877669 39.721472)
6960,,-104.8913686,39.721153,POINT (-104.8913686 39.721153)
6961,,-104.8959928,39.7173377,POINT (-104.8959928 39.7173377)
6962,,-104.8960524,39.717272,POINT (-104.8960524 39.717272)
6963,,-104.8996097,39.7171366,POINT (-104.8996097 39.7171366)
6964,,-104.8958252,39.7169587,POINT (-104.8958252 39.7169587)
6965,,-104.8955701,39.7170344,POINT (-104.8955701 39.7170344)
6966,,-104.8946156,39.715304,POINT (-104.8946156 39.715304)
6967,,-104.8955136,39.7171121,POINT (-104.8955136 39.7171121)
6968,,-104.8935833,39.7181365,POINT (-104.8935833 39.7181365)
6969,,-104.9734064,39.7400285,POINT (-104.9734064 39.7400285)
6970,,-104.9245805,39.7297198,POINT (-104.9245805 39.7297198)
6971,,-104.8824315,39.7220107,POINT (-104.8824315 39.7220107)
6972,,-104.8818547,39.7214242,POINT (-104.8818547 39.7214242)
6973,,-104.882493,39.7220759,POINT (-104.882493 39.7220759)
6974,,-104.9035896,39.7171321,POINT (-104.9035896 39.7171321)
6975,,-104.9035909,39.7169842,POINT (-104.9035909 39.7169842)
6976,,-104.9015329,39.7169856,POINT (-104.9015329 39.7169856)
6977,,-104.8929961,39.7113146,POINT (-104.8929961 39.7113146)
6978,,-104.8928587,39.7105133,POINT (-104.8928587 39.7105133)
6979,,-104.8928347,39.710356,POINT (-104.8928347 39.710356)
6980,,-104.8904816,39.705733,POINT (-104.8904816 39.705733)
6981,,-104.8904433,39.7056671,POINT (-104.8904433 39.7056671)
6982,,-104.8911336,39.7062537,POINT (-104.8911336 39.7062537)
6983,,-104.8854221,39.707076,POINT (-104.8854221 39.707076)
6984,,-104.8853673,39.7071857,POINT (-104.8853673 39.7071857)
6985,,-104.8856006,39.7067149,POINT (-104.8856006 39.7067149)
6986,,-104.887512,39.7083706,POINT (-104.887512 39.7083706)
6987,,-104.8929895,39.7111955,POINT (-104.8929895 39.7111955)
6988,,-104.9033479,39.7113607,POINT (-104.9033479 39.7113607)
6989,,-104.893251,39.7133341,POINT (-104.893251 39.7133341)
6990,,-104.8930294,39.7127257,POINT (-104.8930294 39.7127257)
6991,,-104.9033102,39.7266921,POINT (-104.9033102 39.7266921)
6992,,-104.898841,39.7306116,POINT (-104.898841 39.7306116)
6993,,-104.9777916,39.7546201,POINT (-104.9777916 39.7546201)
6994,,-105.0043843,39.7477818,POINT (-105.0043843 39.7477818)
6995,,-105.0053839,39.7476357,POINT (-105.0053839 39.7476357)
6996,,-104.9873945,39.7430227,POINT (-104.9873945 39.7430227)
6997,,-105.0005954,39.7440639,POINT (-105.0005954 39.7440639)
6998,,-105.0000371,39.7444743,POINT (-105.0000371 39.7444743)
6999,,-104.9874778,39.7002508,POINT (-104.9874778 39.7002508)
7000,,-104.9874027,39.7007341,POINT (-104.9874027 39.7007341)
7001,,-104.9865759,39.7002456,POINT (-104.9865759 39.7002456)
7002,,-104.6731077,39.8430406,POINT (-104.6731077 39.8430406)
7003,,-104.6789612,39.8515877,POINT (-104.6789612 39.8515877)
7004,,-104.6809166,39.8510218,POINT (-104.6809166 39.8510218)
7005,,-104.6821033,39.8479506,POINT (-104.6821033 39.8479506)
7006,,-104.9874889,39.7193589,POINT (-104.9874889 39.7193589)
7007,,-104.7196815,39.8375895,POINT (-104.7196815 39.8375895)
7008,,-104.7216083,39.8364664,POINT (-104.7216083 39.8364664)
7009,,-104.7229255,39.8358027,POINT (-104.7229255 39.8358027)
7010,,-104.7246356,39.8350791,POINT (-104.7246356 39.8350791)
7011,,-104.7299267,39.8345073,POINT (-104.7299267 39.8345073)
7012,,-104.735485,39.8345268,POINT (-104.735485 39.8345268)
7013,,-104.6991659,39.8335237,POINT (-104.6991659 39.8335237)
7014,,-104.693645,39.8330356,POINT (-104.693645 39.8330356)
7015,,-104.692938,39.8330331,POINT (-104.692938 39.8330331)
7016,,-104.6916984,39.8330275,POINT (-104.6916984 39.8330275)
7017,,-104.6929264,39.8337615,POINT (-104.6929264 39.8337615)
7018,,-104.9891924,39.7209406,POINT (-104.9891924 39.7209406)
7019,,-104.6929439,39.8326871,POINT (-104.6929439 39.8326871)
7020,,-104.7159134,39.8344076,POINT (-104.7159134 39.8344076)
7021,,-104.7180635,39.8380543,POINT (-104.7180635 39.8380543)
7022,,-104.7357344,39.833765,POINT (-104.7357344 39.833765)
7023,,-104.729806,39.833422,POINT (-104.729806 39.833422)
7024,,-104.746556,39.8346014,POINT (-104.746556 39.8346014)
7025,,-104.74675,39.8426201,POINT (-104.74675 39.8426201)
7026,,-104.9874911,39.7241473,POINT (-104.9874911 39.7241473)
7027,,-104.9875116,39.7225551,POINT (-104.9875116 39.7225551)
7028,,-104.9874273,39.7266014,POINT (-104.9874273 39.7266014)
7029,,-104.9874182,39.7272969,POINT (-104.9874182 39.7272969)
7030,,-104.9869523,39.7272719,POINT (-104.9869523 39.7272719)
7031,,-104.9888599,39.7290834,POINT (-104.9888599 39.7290834)
7032,,-104.917588,39.7002503,POINT (-104.917588 39.7002503)
7033,,-105.0250176,39.7093139,POINT (-105.0250176 39.7093139)
7034,,-105.025151,39.7076351,POINT (-105.025151 39.7076351)
7035,,-105.0251664,39.7067236,POINT (-105.0251664 39.7067236)
7036,,-104.9823183,39.7818605,POINT (-104.9823183 39.7818605)
7037,,-104.7470125,39.8449158,POINT (-104.7470125 39.8449158)
7038,,-104.7461998,39.8239837,POINT (-104.7461998 39.8239837)
7039,,-104.74737,39.8418113,POINT (-104.74737 39.8418113)
7040,,-104.7629109,39.8346626,POINT (-104.7629109 39.8346626)
7041,,-104.771271,39.8348566,POINT (-104.771271 39.8348566)
7042,,-104.7791702,39.8313317,POINT (-104.7791702 39.8313317)
7043,,-104.7718088,39.834844,POINT (-104.7718088 39.834844)
7044,,-104.7718151,39.8361139,POINT (-104.7718151 39.8361139)
7045,,-104.9873961,39.7384585,POINT (-104.9873961 39.7384585)
7046,,-104.7631576,39.8339832,POINT (-104.7631576 39.8339832)
7047,,-104.760739,39.8339649,POINT (-104.760739 39.8339649)
7048,,-104.771815,39.8311273,POINT (-104.771815 39.8311273)
7049,,-104.7719708,39.8255107,POINT (-104.7719708 39.8255107)
7050,,-104.7811801,39.8289784,POINT (-104.7811801 39.8289784)
7051,,-104.7568785,39.833756,POINT (-104.7568785 39.833756)
7052,,-104.7483423,39.8337449,POINT (-104.7483423 39.8337449)
7053,,-104.745745,39.833719,POINT (-104.745745 39.833719)
7054,,-104.7479044,39.8288726,POINT (-104.7479044 39.8288726)
7055,,-104.7465085,39.8253862,POINT (-104.7465085 39.8253862)
7056,,-104.7382975,39.8336764,POINT (-104.7382975 39.8336764)
7057,,-104.7468604,39.83347,POINT (-104.7468604 39.83347)
7058,,-104.7564627,39.8346404,POINT (-104.7564627 39.8346404)
7059,,-104.747461,39.8346049,POINT (-104.747461 39.8346049)
7060,,-104.988124,39.7402717,POINT (-104.988124 39.7402717)
7061,,-104.9524244,39.7619704,POINT (-104.9524244 39.7619704)
7062,,-104.9536523,39.7619729,POINT (-104.9536523 39.7619729)
7063,,-104.9536498,39.761841,POINT (-104.9536498 39.761841)
7064,,-104.9524284,39.7618368,POINT (-104.9524284 39.7618368)
7065,,-104.9548811,39.7619779,POINT (-104.9548811 39.7619779)
7066,,-104.9511872,39.7618327,POINT (-104.9511872 39.7618327)
7067,,-104.9511874,39.7619719,POINT (-104.9511874 39.7619719)
7068,,-104.9873994,39.7450638,POINT (-104.9873994 39.7450638)
7069,,-105.0162,39.7564509,POINT (-105.0162 39.7564509)
7070,,-105.0205485,39.7572589,POINT (-105.0205485 39.7572589)
7071,,-104.9164284,39.7002453,POINT (-104.9164284 39.7002453)
7072,,-105.0205484,39.7560441,POINT (-105.0205484 39.7560441)
7073,,-105.0015505,39.7478299,POINT (-105.0015505 39.7478299)
7074,,-105.0031433,39.7485412,POINT (-105.0031433 39.7485412)
7075,,-104.9874389,39.7579628,POINT (-104.9874389 39.7579628)
7076,,-104.9874206,39.7573655,POINT (-104.9874206 39.7573655)
7077,,-104.9676388,39.6604091,POINT (-104.9676388 39.6604091)
7078,,-104.9669978,39.660408,POINT (-104.9669978 39.660408)
7079,,-104.9664788,39.660408,POINT (-104.9664788 39.660408)
7080,,-104.9660831,39.660408,POINT (-104.9660831 39.660408)
7081,,-104.9873823,39.7476684,POINT (-104.9873823 39.7476684)
7082,,-104.774462,39.7837798,POINT (-104.774462 39.7837798)
7083,,-104.7649874,39.7836562,POINT (-104.7649874 39.7836562)
7084,,-104.764912,39.7844625,POINT (-104.764912 39.7844625)
7085,,-104.766335,39.7837804,POINT (-104.766335 39.7837804)
7086,,-104.7898958,39.7836376,POINT (-104.7898958 39.7836376)
7087,,-104.7898819,39.7838541,POINT (-104.7898819 39.7838541)
7088,,-104.7892686,39.7836457,POINT (-104.7892686 39.7836457)
7089,,-104.7914345,39.7791143,POINT (-104.7914345 39.7791143)
7090,,-104.790459,39.7885735,POINT (-104.790459 39.7885735)
7091,,-104.791977,39.7838642,POINT (-104.791977 39.7838642)
7092,,-104.7891164,39.7896442,POINT (-104.7891164 39.7896442)
7093,,-104.7874445,39.7936584,POINT (-104.7874445 39.7936584)
7094,,-104.7899079,39.7834143,POINT (-104.7899079 39.7834143)
7095,,-104.745825,39.7810388,POINT (-104.745825 39.7810388)
7096,,-104.7492522,39.781041,POINT (-104.7492522 39.781041)
7097,,-104.755499,39.7828826,POINT (-104.755499 39.7828826)
7098,,-104.7553683,39.7828377,POINT (-104.7553683 39.7828377)
7099,,-104.7557183,39.7825061,POINT (-104.7557183 39.7825061)
7100,,-104.7528487,39.7819699,POINT (-104.7528487 39.7819699)
7101,,-104.7423034,39.7812868,POINT (-104.7423034 39.7812868)
7102,,-104.7424441,39.7812583,POINT (-104.7424441 39.7812583)
7103,,-104.7391308,39.78175,POINT (-104.7391308 39.78175)
7104,,-104.7561238,39.7815404,POINT (-104.7561238 39.7815404)
7105,,-104.7552649,39.7787774,POINT (-104.7552649 39.7787774)
7106,,-104.7560672,39.7816336,POINT (-104.7560672 39.7816336)
7107,,-104.7555877,39.782449,POINT (-104.7555877 39.782449)
7108,,-104.7547888,39.7826358,POINT (-104.7547888 39.7826358)
7109,,-104.7533522,39.7721564,POINT (-104.7533522 39.7721564)
7110,,-104.7533401,39.7735548,POINT (-104.7533401 39.7735548)
7111,,-104.7533342,39.7748577,POINT (-104.7533342 39.7748577)
7112,,-104.7525105,39.7748154,POINT (-104.7525105 39.7748154)
7113,,-104.7539145,39.7772733,POINT (-104.7539145 39.7772733)
7114,,-104.7539658,39.777335,POINT (-104.7539658 39.777335)
7115,,-104.9873863,39.7532341,POINT (-104.9873863 39.7532341)
7116,,-104.8989836,39.7576604,POINT (-104.8989836 39.7576604)
7117,,-104.8984668,39.7579193,POINT (-104.8984668 39.7579193)
7118,,-104.8989772,39.758396,POINT (-104.8989772 39.758396)
7119,,-104.9005285,39.7576678,POINT (-104.9005285 39.7576678)
7120,,-104.9005536,39.755959,POINT (-104.9005536 39.755959)
7121,,-104.9873848,39.7542786,POINT (-104.9873848 39.7542786)
7122,,-104.8979922,39.787057,POINT (-104.8979922 39.787057)
7123,,-104.897318,39.7934096,POINT (-104.897318 39.7934096)
7124,,-104.9175806,39.7020526,POINT (-104.9175806 39.7020526)
7125,,-104.9874038,39.7564058,POINT (-104.9874038 39.7564058)
7126,,-104.9874082,39.7569609,POINT (-104.9874082 39.7569609)
7127,,-104.8762468,39.6530454,POINT (-104.8762468 39.6530454)
7128,,-104.8757838,39.652708,POINT (-104.8757838 39.652708)
7129,,-104.981523,39.7075017,POINT (-104.981523 39.7075017)
7130,,-104.981617,39.7075023,POINT (-104.981617 39.7075023)
7131,,-104.9804241,39.7074948,POINT (-104.9804241 39.7074948)
7132,,-105.0285702,39.7404146,POINT (-105.0285702 39.7404146)
7133,,-105.0146777,39.7403388,POINT (-105.0146777 39.7403388)
7134,,-104.9995854,39.7428537,POINT (-104.9995854 39.7428537)
7135,,-104.9980335,39.7400154,POINT (-104.9980335 39.7400154)
7136,,-104.9976397,39.7384591,POINT (-104.9976397 39.7384591)
7137,,-105.0015834,39.7400207,POINT (-105.0015834 39.7400207)
7138,,-104.9999703,39.740019,POINT (-104.9999703 39.740019)
7139,,-105.000146,39.7384806,POINT (-105.000146 39.7384806)
7140,,-104.9995151,39.7400184,POINT (-104.9995151 39.7400184)
7141,,-104.9876361,39.7594688,POINT (-104.9876361 39.7594688)
7142,,-105.0047099,39.7400659,POINT (-105.0047099 39.7400659)
7143,,-104.9672599,39.779667,POINT (-104.9672599 39.779667)
7144,,-104.966984,39.7796755,POINT (-104.966984 39.7796755)
7145,,-104.9674796,39.7792419,POINT (-104.9674796 39.7792419)
7146,,-104.967987,39.7796608,POINT (-104.967987 39.7796608)
7147,,-104.967563,39.7791497,POINT (-104.967563 39.7791497)
7148,,-104.9680736,39.7786609,POINT (-104.9680736 39.7786609)
7149,,-104.9875851,39.7837855,POINT (-104.9875851 39.7837855)
7150,,-104.9571578,39.7799935,POINT (-104.9571578 39.7799935)
7151,,-104.9581553,39.7806481,POINT (-104.9581553 39.7806481)
7152,,-104.9552968,39.7799889,POINT (-104.9552968 39.7799889)
7153,,-104.9869251,39.7804916,POINT (-104.9869251 39.7804916)
7154,,-104.972508,39.7800264,POINT (-104.972508 39.7800264)
7155,,-104.9631249,39.7801617,POINT (-104.9631249 39.7801617)
7156,,-104.9845022,39.7800173,POINT (-104.9845022 39.7800173)
7157,,-104.9875836,39.7840571,POINT (-104.9875836 39.7840571)
7158,,-104.9901076,39.7840673,POINT (-104.9901076 39.7840673)
7159,,-104.9350278,39.7618409,POINT (-104.9350278 39.7618409)
7160,,-104.9339093,39.7618471,POINT (-104.9339093 39.7618471)
7161,,-104.9875752,39.7855996,POINT (-104.9875752 39.7855996)
7162,,-104.9328143,39.7618464,POINT (-104.9328143 39.7618464)
7163,,-104.9305592,39.7618327,POINT (-104.9305592 39.7618327)
7164,,-104.9394065,39.7618265,POINT (-104.9394065 39.7618265)
7165,,-104.9383113,39.761828,POINT (-104.9383113 39.761828)
7166,,-104.9372042,39.7618343,POINT (-104.9372042 39.7618343)
7167,,-104.9361181,39.7618368,POINT (-104.9361181 39.7618368)
7168,,-104.9356247,39.7618349,POINT (-104.9356247 39.7618349)
7169,,-104.9293944,39.761838,POINT (-104.9293944 39.761838)
7170,,-104.9282311,39.761845,POINT (-104.9282311 39.761845)
7171,,-104.9269946,39.7618481,POINT (-104.9269946 39.7618481)
7172,,-104.9246105,39.7618584,POINT (-104.9246105 39.7618584)
7173,,-104.9234473,39.7618585,POINT (-104.9234473 39.7618585)
7174,,-104.9164173,39.761842,POINT (-104.9164173 39.761842)
7175,,-104.987563,39.7874107,POINT (-104.987563 39.7874107)
7176,,-104.987551,39.7892198,POINT (-104.987551 39.7892198)
7177,,-104.9152237,39.7618491,POINT (-104.9152237 39.7618491)
7178,,-104.9140663,39.7618471,POINT (-104.9140663 39.7618471)
7179,,-104.9117364,39.7618162,POINT (-104.9117364 39.7618162)
7180,,-104.9211125,39.7618358,POINT (-104.9211125 39.7618358)
7181,,-104.9199404,39.7618337,POINT (-104.9199404 39.7618337)
7182,,-104.9187575,39.7618347,POINT (-104.9187575 39.7618347)
7183,,-104.9257685,39.7618465,POINT (-104.9257685 39.7618465)
7184,,-104.9057927,39.7618262,POINT (-104.9057927 39.7618262)
7185,,-104.9105715,39.7618234,POINT (-104.9105715 39.7618234)
7186,,-104.9094181,39.7618245,POINT (-104.9094181 39.7618245)
7187,,-104.987539,39.791039,POINT (-104.987539 39.791039)
7188,,-104.906951,39.7618303,POINT (-104.906951 39.7618303)
7189,,-104.9033026,39.7559878,POINT (-104.9033026 39.7559878)
7190,,-104.903302,39.7562806,POINT (-104.903302 39.7562806)
7191,,-104.902941,39.7559692,POINT (-104.902941 39.7559692)
7192,,-104.903392,39.7552137,POINT (-104.903392 39.7552137)
7193,,-104.9033017,39.7557795,POINT (-104.9033017 39.7557795)
7194,,-104.9033191,39.7888835,POINT (-104.9033191 39.7888835)
7195,,-104.9033307,39.7931525,POINT (-104.9033307 39.7931525)
7196,,-104.89522,39.7781211,POINT (-104.89522 39.7781211)
7197,,-104.8858028,39.7764348,POINT (-104.8858028 39.7764348)
7198,,-104.8799822,39.7768086,POINT (-104.8799822 39.7768086)
7199,,-104.8744283,39.7763196,POINT (-104.8744283 39.7763196)
7200,,-104.8800057,39.7771018,POINT (-104.8800057 39.7771018)
7201,,-104.8827392,39.778216,POINT (-104.8827392 39.778216)
7202,,-104.8997217,39.7651986,POINT (-104.8997217 39.7651986)
7203,,-104.913545,39.7785178,POINT (-104.913545 39.7785178)
7204,,-104.9178442,39.7786541,POINT (-104.9178442 39.7786541)
7205,,-104.9211396,39.7785109,POINT (-104.9211396 39.7785109)
7206,,-104.9291257,39.7794827,POINT (-104.9291257 39.7794827)
7207,,-104.9297298,39.7799416,POINT (-104.9297298 39.7799416)
7208,,-104.9339792,39.7802361,POINT (-104.9339792 39.7802361)
7209,,-104.9349877,39.7799069,POINT (-104.9349877 39.7799069)
7210,,-104.905019,39.7778909,POINT (-104.905019 39.7778909)
7211,,-104.908223,39.7779185,POINT (-104.908223 39.7779185)
7212,,-104.9013311,39.7823271,POINT (-104.9013311 39.7823271)
7213,,-104.89981,39.7814538,POINT (-104.89981 39.7814538)
7214,,-104.901219,39.7817592,POINT (-104.901219 39.7817592)
7215,,-104.8923738,39.7768901,POINT (-104.8923738 39.7768901)
7216,,-104.9032452,39.7882306,POINT (-104.9032452 39.7882306)
7217,,-104.8948561,39.7856343,POINT (-104.8948561 39.7856343)
7218,,-104.8931845,39.7870363,POINT (-104.8931845 39.7870363)
7219,,-104.9038349,39.7254325,POINT (-104.9038349 39.7254325)
7220,,-104.9033482,39.7129634,POINT (-104.9033482 39.7129634)
7221,,-104.9035708,39.7143248,POINT (-104.9035708 39.7143248)
7222,,-104.8997178,39.7171364,POINT (-104.8997178 39.7171364)
7223,,-104.9037803,39.7151773,POINT (-104.9037803 39.7151773)
7224,,-104.903776,39.714479,POINT (-104.903776 39.714479)
7225,,-104.9050175,39.7170451,POINT (-104.9050175 39.7170451)
7226,,-104.9037784,39.7169861,POINT (-104.9037784 39.7169861)
7227,,-105.014873,39.7535163,POINT (-105.014873 39.7535163)
7228,,-105.012261,39.7554827,POINT (-105.012261 39.7554827)
7229,,-105.0000011,39.7692776,POINT (-105.0000011 39.7692776)
7230,,-104.9985388,39.7577415,POINT (-104.9985388 39.7577415)
7231,,-105.0017017,39.7597036,POINT (-105.0017017 39.7597036)
7232,,-104.9636771,39.729096,POINT (-104.9636771 39.729096)
7233,,-105.005707,39.7616395,POINT (-105.005707 39.7616395)
7234,,-105.0062547,39.7613997,POINT (-105.0062547 39.7613997)
7235,,-105.0057248,39.7615459,POINT (-105.0057248 39.7615459)
7236,,-105.005751,39.7604481,POINT (-105.005751 39.7604481)
7237,,-104.985029,39.7244882,POINT (-104.985029 39.7244882)
7238,,-104.9866339,39.7272738,POINT (-104.9866339 39.7272738)
7239,,-105.0089288,39.7256813,POINT (-105.0089288 39.7256813)
7240,,-105.0123771,39.7874344,POINT (-105.0123771 39.7874344)
7241,,-105.0299008,39.7875263,POINT (-105.0299008 39.7875263)
7242,,-105.0322156,39.7875231,POINT (-105.0322156 39.7875231)
7243,,-105.0487061,39.7621024,POINT (-105.0487061 39.7621024)
7244,,-105.0487796,39.7621023,POINT (-105.0487796 39.7621023)
7245,,-105.0468608,39.7621064,POINT (-105.0468608 39.7621064)
7246,,-104.8806492,39.6506858,POINT (-104.8806492 39.6506858)
7247,,-104.886474,39.7650169,POINT (-104.886474 39.7650169)
7248,,-104.8856031,39.764865,POINT (-104.8856031 39.764865)
7249,,-104.7609712,39.7691417,POINT (-104.7609712 39.7691417)
7250,,-104.7607817,39.7691499,POINT (-104.7607817 39.7691499)
7251,,-104.9152739,39.7002514,POINT (-104.9152739 39.7002514)
7252,,-104.8836152,39.7630101,POINT (-104.8836152 39.7630101)
7253,,-104.8827048,39.7630072,POINT (-104.8827048 39.7630072)
7254,,-104.8845437,39.763013,POINT (-104.8845437 39.763013)
7255,,-104.8826889,39.7650084,POINT (-104.8826889 39.7650084)
7256,,-104.8817579,39.7649975,POINT (-104.8817579 39.7649975)
7257,,-104.8845222,39.7650175,POINT (-104.8845222 39.7650175)
7258,,-104.883602,39.7650126,POINT (-104.883602 39.7650126)
7259,,-104.8854058,39.7630157,POINT (-104.8854058 39.7630157)
7260,,-104.8856179,39.7630164,POINT (-104.8856179 39.7630164)
7261,,-104.8864692,39.7630191,POINT (-104.8864692 39.7630191)
7262,,-104.8874083,39.763022,POINT (-104.8874083 39.763022)
7263,,-104.889263,39.7630279,POINT (-104.889263 39.7630279)
7264,,-104.8883428,39.763025,POINT (-104.8883428 39.763025)
7265,,-104.8903732,39.7630337,POINT (-104.8903732 39.7630337)
7266,,-104.882687,39.765245,POINT (-104.882687 39.765245)
7267,,-104.8836004,39.7652491,POINT (-104.8836004 39.7652491)
7268,,-104.8883176,39.7652698,POINT (-104.8883176 39.7652698)
7269,,-104.8892495,39.7652451,POINT (-104.8892495 39.7652451)
7270,,-104.8883227,39.7650373,POINT (-104.8883227 39.7650373)
7271,,-104.8873917,39.765028,POINT (-104.8873917 39.765028)
7272,,-104.8853996,39.7648637,POINT (-104.8853996 39.7648637)
7273,,-104.9948401,39.7671212,POINT (-104.9948401 39.7671212)
7274,,-104.9943797,39.7671201,POINT (-104.9943797 39.7671201)
7275,,-104.9935559,39.7671283,POINT (-104.9935559 39.7671283)
7276,,-104.9905111,39.7729211,POINT (-104.9905111 39.7729211)
7277,,-105.016331,39.743429,POINT (-105.016331 39.743429)
7278,,-105.013999,39.737135,POINT (-105.013999 39.737135)
7279,,-105.0163754,39.7437931,POINT (-105.0163754 39.7437931)
7280,,-105.015034,39.7346708,POINT (-105.015034 39.7346708)
7281,,-105.016012,39.7307001,POINT (-105.016012 39.7307001)
7282,,-105.014939,39.7288432,POINT (-105.014939 39.7288432)
7283,,-105.0163101,39.7301817,POINT (-105.0163101 39.7301817)
7284,,-105.016166,39.7298733,POINT (-105.016166 39.7298733)
7285,,-105.0153413,39.725659,POINT (-105.0153413 39.725659)
7286,,-104.9968078,39.7062421,POINT (-104.9968078 39.7062421)
7287,,-104.9966278,39.7065882,POINT (-104.9966278 39.7065882)
7288,,-104.9956413,39.7047937,POINT (-104.9956413 39.7047937)
7289,,-104.9847398,39.6986615,POINT (-104.9847398 39.6986615)
7290,,-104.9827112,39.7129442,POINT (-104.9827112 39.7129442)
7291,,-104.9873928,39.7422043,POINT (-104.9873928 39.7422043)
7292,,-104.9981376,39.7401689,POINT (-104.9981376 39.7401689)
7293,,-104.9904613,39.7401143,POINT (-104.9904613 39.7401143)
7294,,-104.9907989,39.7401174,POINT (-104.9907989 39.7401174)
7295,,-104.996115,39.7407934,POINT (-104.996115 39.7407934)
7296,,-104.8903337,39.7673314,POINT (-104.8903337 39.7673314)
7297,,-104.8905307,39.7673331,POINT (-104.8905307 39.7673331)
7298,,-104.8827768,39.7739834,POINT (-104.8827768 39.7739834)
7299,,-104.8892241,39.7673246,POINT (-104.8892241 39.7673246)
7300,,-104.8905608,39.7630349,POINT (-104.8905608 39.7630349)
7301,,-104.8905704,39.7616167,POINT (-104.8905704 39.7616167)
7302,,-104.8925023,39.7673396,POINT (-104.8925023 39.7673396)
7303,,-104.8905504,39.7652471,POINT (-104.8905504 39.7652471)
7304,,-104.8903872,39.7616157,POINT (-104.8903872 39.7616157)
7305,,-104.9209457,39.6678631,POINT (-104.9209457 39.6678631)
7306,,-104.9211713,39.6675801,POINT (-104.9211713 39.6675801)
7307,,-104.935004,39.7335152,POINT (-104.935004 39.7335152)
7308,,-104.9395155,39.734569,POINT (-104.9395155 39.734569)
7309,,-105.0392956,39.7366163,POINT (-105.0392956 39.7366163)
7310,,-105.0393193,39.7384836,POINT (-105.0393193 39.7384836)
7311,,-105.0322592,39.7384829,POINT (-105.0322592 39.7384829)
7312,,-105.0322309,39.7365779,POINT (-105.0322309 39.7365779)
7313,,-104.9622505,39.7432164,POINT (-104.9622505 39.7432164)
7314,,-104.9610124,39.7432136,POINT (-104.9610124 39.7432136)
7315,,-105.0000746,39.7450004,POINT (-105.0000746 39.7450004)
7316,,-104.9583713,39.7507531,POINT (-104.9583713 39.7507531)
7317,,-104.719897,39.8351571,POINT (-104.719897 39.8351571)
7318,,-104.7199612,39.8355523,POINT (-104.7199612 39.8355523)
7319,,-104.7155372,39.8320159,POINT (-104.7155372 39.8320159)
7320,,-104.7097539,39.8381514,POINT (-104.7097539 39.8381514)
7321,,-104.7140524,39.8381822,POINT (-104.7140524 39.8381822)
7322,,-104.9141122,39.7002521,POINT (-104.9141122 39.7002521)
7323,,-104.7720292,39.7817726,POINT (-104.7720292 39.7817726)
7324,,-104.767411,39.78378,POINT (-104.767411 39.78378)
7325,,-104.769714,39.783779,POINT (-104.769714 39.783779)
7326,,-104.7720361,39.7780254,POINT (-104.7720361 39.7780254)
7327,,-104.7649084,39.7825575,POINT (-104.7649084 39.7825575)
7328,,-104.7649083,39.7826164,POINT (-104.7649083 39.7826164)
7329,,-104.7672899,39.7836424,POINT (-104.7672899 39.7836424)
7330,,-104.7664399,39.7836475,POINT (-104.7664399 39.7836475)
7331,,-104.77447,39.7836229,POINT (-104.77447 39.7836229)
7332,,-104.7733541,39.7836204,POINT (-104.7733541 39.7836204)
7333,,-104.7744715,39.7828112,POINT (-104.7744715 39.7828112)
7334,,-104.7806529,39.778963,POINT (-104.7806529 39.778963)
7335,,-104.7798001,39.7785775,POINT (-104.7798001 39.7785775)
7336,,-104.7818487,39.7793006,POINT (-104.7818487 39.7793006)
7337,,-104.777604,39.78363,POINT (-104.777604 39.78363)
7338,,-104.777506,39.7836298,POINT (-104.777506 39.7836298)
7339,,-104.7819575,39.7821072,POINT (-104.7819575 39.7821072)
7340,,-104.7817305,39.7836321,POINT (-104.7817305 39.7836321)
7341,,-104.7827088,39.7793126,POINT (-104.7827088 39.7793126)
7342,,-104.7722711,39.7779822,POINT (-104.7722711 39.7779822)
7343,,-104.7817277,39.7837849,POINT (-104.7817277 39.7837849)
7344,,-104.7787759,39.7836242,POINT (-104.7787759 39.7836242)
7345,,-104.7744913,39.7779932,POINT (-104.7744913 39.7779932)
7346,,-104.7757157,39.7779826,POINT (-104.7757157 39.7779826)
7347,,-104.7733707,39.7779836,POINT (-104.7733707 39.7779836)
7348,,-104.77448,39.7800906,POINT (-104.77448 39.7800906)
7349,,-104.7744757,39.7817899,POINT (-104.7744757 39.7817899)
7350,,-104.7788882,39.7781606,POINT (-104.7788882 39.7781606)
7351,,-104.7775792,39.7780008,POINT (-104.7775792 39.7780008)
7352,,-104.7766421,39.777999,POINT (-104.7766421 39.777999)
7353,,-104.9049208,39.6298826,POINT (-104.9049208 39.6298826)
7354,,-104.887364,39.6385084,POINT (-104.887364 39.6385084)
7355,,-104.9792401,39.6966218,POINT (-104.9792401 39.6966218)
7356,,-104.9795326,39.695036,POINT (-104.9795326 39.695036)
7357,,-104.9834551,39.6981131,POINT (-104.9834551 39.6981131)
7358,,-104.8957333,39.6241782,POINT (-104.8957333 39.6241782)
7359,,-104.8970186,39.6241693,POINT (-104.8970186 39.6241693)
7360,,-104.894743,39.6241879,POINT (-104.894743 39.6241879)
7361,,-104.8951791,39.6241828,POINT (-104.8951791 39.6241828)
7362,,-104.8945578,39.6241917,POINT (-104.8945578 39.6241917)
7363,,-104.8945434,39.6245988,POINT (-104.8945434 39.6245988)
7364,,-104.9985049,39.7537555,POINT (-104.9985049 39.7537555)
7365,,-104.9997087,39.7528248,POINT (-104.9997087 39.7528248)
7366,,-104.9972971,39.7546894,POINT (-104.9972971 39.7546894)
7367,,-105.0158265,39.7562926,POINT (-105.0158265 39.7562926)
7368,,-105.0086733,39.7439333,POINT (-105.0086733 39.7439333)
7369,,-105.0113654,39.7434919,POINT (-105.0113654 39.7434919)
7370,,-105.0158273,39.7563707,POINT (-105.0158273 39.7563707)
7371,,-104.8873786,39.7684611,POINT (-104.8873786 39.7684611)
7372,,-104.8875525,39.7674427,POINT (-104.8875525 39.7674427)
7373,,-104.886739,39.7700836,POINT (-104.886739 39.7700836)
7374,,-104.8877622,39.7673457,POINT (-104.8877622 39.7673457)
7375,,-104.8882975,39.7672712,POINT (-104.8882975 39.7672712)
7376,,-104.890351,39.7652457,POINT (-104.890351 39.7652457)
7377,,-104.8873898,39.7652619,POINT (-104.8873898 39.7652619)
7378,,-104.8882988,39.7673589,POINT (-104.8882988 39.7673589)
7379,,-104.8887746,39.7673199,POINT (-104.8887746 39.7673199)
7380,,-104.889255,39.7650757,POINT (-104.889255 39.7650757)
7381,,-104.8864438,39.7652542,POINT (-104.8864438 39.7652542)
7382,,-104.8845402,39.7652416,POINT (-104.8845402 39.7652416)
7383,,-104.8855568,39.757697,POINT (-104.8855568 39.757697)
7384,,-104.7863753,39.8027935,POINT (-104.7863753 39.8027935)
7385,,-104.787906,39.7984065,POINT (-104.787906 39.7984065)
7386,,-104.787917,39.7981601,POINT (-104.787917 39.7981601)
7387,,-104.7858253,39.798163,POINT (-104.7858253 39.798163)
7388,,-104.785826,39.798409,POINT (-104.785826 39.798409)
7389,,-104.7815371,39.7982362,POINT (-104.7815371 39.7982362)
7390,,-104.7872588,39.8024565,POINT (-104.7872588 39.8024565)
7391,,-104.788343,39.79376,POINT (-104.788343 39.79376)
7392,,-104.8660035,39.6966382,POINT (-104.8660035 39.6966382)
7393,,-104.8659875,39.6973495,POINT (-104.8659875 39.6973495)
7394,,-104.8470992,39.7963046,POINT (-104.8470992 39.7963046)
7395,,-104.8469574,39.7840065,POINT (-104.8469574 39.7840065)
7396,,-104.8470292,39.7907123,POINT (-104.8470292 39.7907123)
7397,,-104.8470632,39.7928694,POINT (-104.8470632 39.7928694)
7398,,-104.8470676,39.7942454,POINT (-104.8470676 39.7942454)
7399,,-104.8469299,39.7733771,POINT (-104.8469299 39.7733771)
7400,,-104.8469526,39.7763406,POINT (-104.8469526 39.7763406)
7401,,-104.84695,39.7770249,POINT (-104.84695 39.7770249)
7402,,-104.8469433,39.7780403,POINT (-104.8469433 39.7780403)
7403,,-104.8469435,39.7783584,POINT (-104.8469435 39.7783584)
7404,,-104.8907721,39.7602764,POINT (-104.8907721 39.7602764)
7405,,-104.8925574,39.7616545,POINT (-104.8925574 39.7616545)
7406,,-104.8933923,39.7601987,POINT (-104.8933923 39.7601987)
7407,,-104.8849154,39.7479643,POINT (-104.8849154 39.7479643)
7408,,-104.8852727,39.747458,POINT (-104.8852727 39.747458)
7409,,-104.8842525,39.7236847,POINT (-104.8842525 39.7236847)
7410,,-104.884126,39.7235386,POINT (-104.884126 39.7235386)
7411,,-104.8854031,39.7253382,POINT (-104.8854031 39.7253382)
7412,,-104.8865043,39.726476,POINT (-104.8865043 39.726476)
7413,,-104.8872024,39.7284745,POINT (-104.8872024 39.7284745)
7414,,-104.8867231,39.7291394,POINT (-104.8867231 39.7291394)
7415,,-104.8469186,39.7679659,POINT (-104.8469186 39.7679659)
7416,,-104.9228768,39.7474192,POINT (-104.9228768 39.7474192)
7417,,-104.9234688,39.7474158,POINT (-104.9234688 39.7474158)
7418,,-104.9222901,39.7473835,POINT (-104.9222901 39.7473835)
7419,,-104.8659367,39.7842976,POINT (-104.8659367 39.7842976)
7420,,-104.8658403,39.790143,POINT (-104.8658403 39.790143)
7421,,-104.8658391,39.790306,POINT (-104.8658391 39.790306)
7422,,-104.8658168,39.7867709,POINT (-104.8658168 39.7867709)
7423,,-104.865782,39.7759285,POINT (-104.865782 39.7759285)
7424,,-104.865788,39.7769531,POINT (-104.865788 39.7769531)
7425,,-104.872088,39.7825236,POINT (-104.872088 39.7825236)
7426,,-104.8688423,39.782531,POINT (-104.8688423 39.782531)
7427,,-104.8632721,39.7822781,POINT (-104.8632721 39.7822781)
7428,,-104.8613255,39.7822845,POINT (-104.8613255 39.7822845)
7429,,-104.8681888,39.7821834,POINT (-104.8681888 39.7821834)
7430,,-104.8688447,39.7821838,POINT (-104.8688447 39.7821838)
7431,,-104.8720881,39.7821757,POINT (-104.8720881 39.7821757)
7432,,-104.8918199,39.7984777,POINT (-104.8918199 39.7984777)
7433,,-104.89182,39.7982901,POINT (-104.89182 39.7982901)
7434,,-104.8941238,39.7984572,POINT (-104.8941238 39.7984572)
7435,,-104.89208,39.7255614,POINT (-104.89208 39.7255614)
7436,,-104.8919172,39.725575,POINT (-104.8919172 39.725575)
7437,,-104.8919348,39.7252286,POINT (-104.8919348 39.7252286)
7438,,-104.891954,39.7258351,POINT (-104.891954 39.7258351)
7439,,-104.8449536,39.7741104,POINT (-104.8449536 39.7741104)
7440,,-104.8503505,39.7745514,POINT (-104.8503505 39.7745514)
7441,,-105.0251782,39.7753463,POINT (-105.0251782 39.7753463)
7442,,-104.8989368,39.7651534,POINT (-104.8989368 39.7651534)
7443,,-104.9744511,39.773737,POINT (-104.9744511 39.773737)
7444,,-104.9732366,39.774675,POINT (-104.9732366 39.774675)
7445,,-104.9715506,39.7759771,POINT (-104.9715506 39.7759771)
7446,,-104.9745647,39.7722958,POINT (-104.9745647 39.7722958)
7447,,-104.977665,39.7712554,POINT (-104.977665 39.7712554)
7448,,-104.9788601,39.770334,POINT (-104.9788601 39.770334)
7449,,-104.9792956,39.7699982,POINT (-104.9792956 39.7699982)
7450,,-104.9836445,39.7665585,POINT (-104.9836445 39.7665585)
7451,,-104.9837278,39.7666229,POINT (-104.9837278 39.7666229)
7452,,-104.9812643,39.7684011,POINT (-104.9812643 39.7684011)
7453,,-104.709755,39.8380355,POINT (-104.709755 39.8380355)
7454,,-104.6934822,39.8379374,POINT (-104.6934822 39.8379374)
7455,,-105.0064197,39.7849574,POINT (-105.0064197 39.7849574)
7456,,-105.006611,39.7839479,POINT (-105.006611 39.7839479)
7457,,-105.0064252,39.7854634,POINT (-105.0064252 39.7854634)
7458,,-105.0057207,39.783786,POINT (-105.0057207 39.783786)
7459,,-105.0061851,39.7836786,POINT (-105.0061851 39.7836786)
7460,,-105.0061779,39.7836932,POINT (-105.0061779 39.7836932)
7461,,-105.0062202,39.7838972,POINT (-105.0062202 39.7838972)
7462,,-104.993864,39.7840886,POINT (-104.993864 39.7840886)
7463,,-104.9911147,39.7840715,POINT (-104.9911147 39.7840715)
7464,,-104.990024,39.784808,POINT (-104.990024 39.784808)
7465,,-104.8837314,39.7236004,POINT (-104.8837314 39.7236004)
7466,,-104.8838715,39.7235163,POINT (-104.8838715 39.7235163)
7467,,-104.8823296,39.7221282,POINT (-104.8823296 39.7221282)
7468,,-104.8096516,39.7838397,POINT (-104.8096516 39.7838397)
7469,,-104.8096185,39.7846914,POINT (-104.8096185 39.7846914)
7470,,-104.8089089,39.7947913,POINT (-104.8089089 39.7947913)
7471,,-104.8958564,39.6291203,POINT (-104.8958564 39.6291203)
7472,,-104.9498766,39.7909928,POINT (-104.9498766 39.7909928)
7473,,-104.9487326,39.7909919,POINT (-104.9487326 39.7909919)
7474,,-104.8658938,39.7945137,POINT (-104.8658938 39.7945137)
7475,,-104.7718078,39.8255087,POINT (-104.7718078 39.8255087)
7476,,-104.7719763,39.8253976,POINT (-104.7719763 39.8253976)
7477,,-104.7718074,39.8253947,POINT (-104.7718074 39.8253947)
7478,,-104.7720269,39.8228498,POINT (-104.7720269 39.8228498)
7479,,-104.7720491,39.821941,POINT (-104.7720491 39.821941)
7480,,-104.7695396,39.8253882,POINT (-104.7695396 39.8253882)
7481,,-104.7718812,39.8219393,POINT (-104.7718812 39.8219393)
7482,,-104.7748111,39.8250822,POINT (-104.7748111 39.8250822)
7483,,-104.7695398,39.8254701,POINT (-104.7695398 39.8254701)
7484,,-104.7695783,39.8234014,POINT (-104.7695783 39.8234014)
7485,,-104.7720484,39.8217929,POINT (-104.7720484 39.8217929)
7486,,-104.7696043,39.8218793,POINT (-104.7696043 39.8218793)
7487,,-104.7696393,39.8200474,POINT (-104.7696393 39.8200474)
7488,,-104.7743801,39.8182426,POINT (-104.7743801 39.8182426)
7489,,-104.7732125,39.818184,POINT (-104.7732125 39.818184)
7490,,-104.7764289,39.8242519,POINT (-104.7764289 39.8242519)
7491,,-104.7747335,39.8249892,POINT (-104.7747335 39.8249892)
7492,,-104.771853,39.8234015,POINT (-104.771853 39.8234015)
7493,,-104.9634029,39.6838322,POINT (-104.9634029 39.6838322)
7494,,-104.9633428,39.6839468,POINT (-104.9633428 39.6839468)
7495,,-104.8834511,39.7474399,POINT (-104.8834511 39.7474399)
7496,,-104.8840289,39.7474515,POINT (-104.8840289 39.7474515)
7497,,-104.8905517,39.7650768,POINT (-104.8905517 39.7650768)
7498,,-104.8903518,39.7650761,POINT (-104.8903518 39.7650761)
7499,,-104.9093921,39.6241853,POINT (-104.9093921 39.6241853)
7500,,-104.9111477,39.6242033,POINT (-104.9111477 39.6242033)
7501,,-104.9437246,39.6783814,POINT (-104.9437246 39.6783814)
7502,,-104.9430703,39.6784265,POINT (-104.9430703 39.6784265)
7503,,-104.9876104,39.7783304,POINT (-104.9876104 39.7783304)
7504,,-104.9733031,39.7834877,POINT (-104.9733031 39.7834877)
7505,,-104.8693899,39.6735712,POINT (-104.8693899 39.6735712)
7506,,-104.8683816,39.6726548,POINT (-104.8683816 39.6726548)
7507,,-104.9392262,39.6682779,POINT (-104.9392262 39.6682779)
7508,,-104.9399261,39.6682991,POINT (-104.9399261 39.6682991)
7509,,-104.9362341,39.6674676,POINT (-104.9362341 39.6674676)
7510,,-104.89875,39.7617068,POINT (-104.89875 39.7617068)
7511,,-104.8798117,39.7652271,POINT (-104.8798117 39.7652271)
7512,,-104.8817561,39.7652367,POINT (-104.8817561 39.7652367)
7513,,-104.8788884,39.7650342,POINT (-104.8788884 39.7650342)
7514,,-104.87805,39.7650868,POINT (-104.87805 39.7650868)
7515,,-104.8788922,39.7651734,POINT (-104.8788922 39.7651734)
7516,,-104.8807417,39.7649878,POINT (-104.8807417 39.7649878)
7517,,-104.8944941,39.7650901,POINT (-104.8944941 39.7650901)
7518,,-104.8925318,39.7650835,POINT (-104.8925318 39.7650835)
7519,,-104.877889,39.765087,POINT (-104.877889 39.765087)
7520,,-104.8925391,39.764103,POINT (-104.8925391 39.764103)
7521,,-104.8916809,39.7650806,POINT (-104.8916809 39.7650806)
7522,,-104.8925305,39.7652608,POINT (-104.8925305 39.7652608)
7523,,-104.8789049,39.7629708,POINT (-104.8789049 39.7629708)
7524,,-104.8798133,39.7649809,POINT (-104.8798133 39.7649809)
7525,,-104.9518562,39.7807722,POINT (-104.9518562 39.7807722)
7526,,-104.952889,39.780737,POINT (-104.952889 39.780737)
7527,,-104.8807659,39.7629886,POINT (-104.8807659 39.7629886)
7528,,-104.8798267,39.7629811,POINT (-104.8798267 39.7629811)
7529,,-104.881773,39.7629953,POINT (-104.881773 39.7629953)
7530,,-104.8890201,39.7702312,POINT (-104.8890201 39.7702312)
7531,,-104.9495369,39.7820528,POINT (-104.9495369 39.7820528)
7532,,-104.8943845,39.7652737,POINT (-104.8943845 39.7652737)
7533,,-104.8963401,39.7651761,POINT (-104.8963401 39.7651761)
7534,,-104.8943636,39.7690974,POINT (-104.8943636 39.7690974)
7535,,-104.892547,39.7630425,POINT (-104.892547 39.7630425)
7536,,-104.8925561,39.7618208,POINT (-104.8925561 39.7618208)
7537,,-104.8941473,39.7602041,POINT (-104.8941473 39.7602041)
7538,,-104.9471849,39.7846937,POINT (-104.9471849 39.7846937)
7539,,-104.898874,39.7648736,POINT (-104.898874 39.7648736)
7540,,-104.8989741,39.7602554,POINT (-104.8989741 39.7602554)
7541,,-104.8719359,39.773184,POINT (-104.8719359 39.773184)
7542,,-104.8701299,39.7730517,POINT (-104.8701299 39.7730517)
7543,,-104.8827314,39.7809507,POINT (-104.8827314 39.7809507)
7544,,-104.8829325,39.7809942,POINT (-104.8829325 39.7809942)
7545,,-104.8827193,39.7823422,POINT (-104.8827193 39.7823422)
7546,,-104.8829338,39.7808946,POINT (-104.8829338 39.7808946)
7547,,-104.8850113,39.7810079,POINT (-104.8850113 39.7810079)
7548,,-104.8827689,39.7740928,POINT (-104.8827689 39.7740928)
7549,,-104.8829785,39.7740608,POINT (-104.8829785 39.7740608)
7550,,-104.8827658,39.7761897,POINT (-104.8827658 39.7761897)
7551,,-104.8829631,39.776204,POINT (-104.8829631 39.776204)
7552,,-104.8861345,39.7810154,POINT (-104.8861345 39.7810154)
7553,,-104.8880276,39.7809585,POINT (-104.8880276 39.7809585)
7554,,-104.8719214,39.7732987,POINT (-104.8719214 39.7732987)
7555,,-104.8758237,39.7735883,POINT (-104.8758237 39.7735883)
7556,,-104.9826148,39.7186702,POINT (-104.9826148 39.7186702)
7557,,-104.9825759,39.7193486,POINT (-104.9825759 39.7193486)
7558,,-104.9826763,39.719352,POINT (-104.9826763 39.719352)
7559,,-104.9826208,39.7179094,POINT (-104.9826208 39.7179094)
7560,,-104.9826908,39.716536,POINT (-104.9826908 39.716536)
7561,,-104.9825933,39.7165359,POINT (-104.9825933 39.7165359)
7562,,-104.897245,39.7984035,POINT (-104.897245 39.7984035)
7563,,-104.8972714,39.7982697,POINT (-104.8972714 39.7982697)
7564,,-104.8829744,39.7782262,POINT (-104.8829744 39.7782262)
7565,,-104.8843221,39.7782993,POINT (-104.8843221 39.7782993)
7566,,-104.8827247,39.779918,POINT (-104.8827247 39.779918)
7567,,-104.8899042,39.7785477,POINT (-104.8899042 39.7785477)
7568,,-104.8921204,39.778171,POINT (-104.8921204 39.778171)
7569,,-104.898831,39.7616404,POINT (-104.898831 39.7616404)
7570,,-104.9023411,39.7619447,POINT (-104.9023411 39.7619447)
7571,,-104.8733594,39.7547787,POINT (-104.8733594 39.7547787)
7572,,-104.9211472,39.7400965,POINT (-104.9211472 39.7400965)
7573,,-104.865582,39.755797,POINT (-104.865582 39.755797)
7574,,-104.8658951,39.7565175,POINT (-104.8658951 39.7565175)
7575,,-104.8705695,39.7565379,POINT (-104.8705695 39.7565379)
7576,,-104.8705445,39.7582399,POINT (-104.8705445 39.7582399)
7577,,-104.9211327,39.754706,POINT (-104.9211327 39.754706)
7578,,-104.865878,39.7575087,POINT (-104.865878 39.7575087)
7579,,-104.874264,39.758264,POINT (-104.874264 39.758264)
7580,,-104.8705411,39.7599259,POINT (-104.8705411 39.7599259)
7581,,-104.867719,39.758856,POINT (-104.867719 39.758856)
7582,,-104.86851,39.758978,POINT (-104.86851 39.758978)
7583,,-104.869069,39.759359,POINT (-104.869069 39.759359)
7584,,-104.8705413,39.7600764,POINT (-104.8705413 39.7600764)
7585,,-104.868636,39.760068,POINT (-104.868636 39.760068)
7586,,-104.869579,39.760074,POINT (-104.869579 39.760074)
7587,,-104.8705327,39.7609447,POINT (-104.8705327 39.7609447)
7588,,-104.8658305,39.7609194,POINT (-104.8658305 39.7609194)
7589,,-104.870362,39.762434,POINT (-104.870362 39.762434)
7590,,-104.866634,39.762388,POINT (-104.866634 39.762388)
7591,,-104.8674009,39.7626124,POINT (-104.8674009 39.7626124)
7592,,-104.869926,39.763335,POINT (-104.869926 39.763335)
7593,,-104.868174,39.76283,POINT (-104.868174 39.76283)
7594,,-104.869053,39.763084,POINT (-104.869053 39.763084)
7595,,-104.872547,39.7649671,POINT (-104.872547 39.7649671)
7596,,-104.8808818,39.750394,POINT (-104.8808818 39.750394)
7597,,-104.8808684,39.751943,POINT (-104.8808684 39.751943)
7598,,-104.881913,39.750399,POINT (-104.881913 39.750399)
7599,,-104.8828321,39.750404,POINT (-104.8828321 39.750404)
7600,,-104.883766,39.750409,POINT (-104.883766 39.750409)
7601,,-104.88469,39.750414,POINT (-104.88469 39.750414)
7602,,-104.885568,39.750412,POINT (-104.885568 39.750412)
7603,,-104.921134,39.7433995,POINT (-104.921134 39.7433995)
7604,,-104.9199524,39.743403,POINT (-104.9199524 39.743403)
7605,,-104.8874921,39.7514808,POINT (-104.8874921 39.7514808)
7606,,-104.8808525,39.753773,POINT (-104.8808525 39.753773)
7607,,-104.921137,39.7437363,POINT (-104.921137 39.7437363)
7608,,-104.9222766,39.7437306,POINT (-104.9222766 39.7437306)
7609,,-104.8874549,39.7529431,POINT (-104.8874549 39.7529431)
7610,,-104.887442,39.7538171,POINT (-104.887442 39.7538171)
7611,,-104.8874632,39.7523841,POINT (-104.8874632 39.7523841)
7612,,-104.883738,39.753581,POINT (-104.883738 39.753581)
7613,,-104.88281,39.753583,POINT (-104.88281 39.753583)
7614,,-104.884662,39.753657,POINT (-104.884662 39.753657)
7615,,-104.881884,39.753663,POINT (-104.881884 39.753663)
7616,,-104.885585,39.753809,POINT (-104.885585 39.753809)
7617,,-104.8892701,39.7536761,POINT (-104.8892701 39.7536761)
7618,,-104.8904223,39.7538192,POINT (-104.8904223 39.7538192)
7619,,-104.891978,39.753778,POINT (-104.891978 39.753778)
7620,,-104.8907181,39.7538194,POINT (-104.8907181 39.7538194)
7621,,-104.893649,39.753372,POINT (-104.893649 39.753372)
7622,,-104.886509,39.753886,POINT (-104.886509 39.753886)
7623,,-104.921706,39.7474216,POINT (-104.921706 39.7474216)
7624,,-104.880822,39.755775,POINT (-104.880822 39.755775)
7625,,-104.888378,39.7546478,POINT (-104.888378 39.7546478)
7626,,-104.889287,39.7546508,POINT (-104.889287 39.7546508)
7627,,-104.8904132,39.7546546,POINT (-104.8904132 39.7546546)
7628,,-104.880701,39.756409,POINT (-104.880701 39.756409)
7629,,-104.898993,39.757072,POINT (-104.898993 39.757072)
7630,,-104.8797514,39.7580404,POINT (-104.8797514 39.7580404)
7631,,-104.8864688,39.757863,POINT (-104.8864688 39.757863)
7632,,-104.8807701,39.7580514,POINT (-104.8807701 39.7580514)
7633,,-104.879171,39.758764,POINT (-104.879171 39.758764)
7634,,-104.8918327,39.757895,POINT (-104.8918327 39.757895)
7635,,-104.8980414,39.7579202,POINT (-104.8980414 39.7579202)
7636,,-104.8971262,39.757922,POINT (-104.8971262 39.757922)
7637,,-104.8944345,39.757908,POINT (-104.8944345 39.757908)
7638,,-104.8964071,39.7579196,POINT (-104.8964071 39.7579196)
7639,,-104.8827755,39.7580676,POINT (-104.8827755 39.7580676)
7640,,-104.891831,39.758115,POINT (-104.891831 39.758115)
7641,,-104.892578,39.758118,POINT (-104.892578 39.758118)
7642,,-104.8944313,39.758128,POINT (-104.8944313 39.758128)
7643,,-104.885688,39.7582291,POINT (-104.885688 39.7582291)
7644,,-104.7533343,39.7693298,POINT (-104.7533343 39.7693298)
7645,,-104.7534353,39.7692391,POINT (-104.7534353 39.7692391)
7646,,-104.8827593,39.7600105,POINT (-104.8827593 39.7600105)
7647,,-104.885676,39.7600229,POINT (-104.885676 39.7600229)
7648,,-104.885391,39.7600229,POINT (-104.885391 39.7600229)
7649,,-104.8827584,39.7601219,POINT (-104.8827584 39.7601219)
7650,,-104.8883409,39.7601559,POINT (-104.8883409 39.7601559)
7651,,-104.8879975,39.7855962,POINT (-104.8879975 39.7855962)
7652,,-104.8870119,39.7854468,POINT (-104.8870119 39.7854468)
7653,,-104.8880019,39.7843463,POINT (-104.8880019 39.7843463)
7654,,-104.8892409,39.7855999,POINT (-104.8892409 39.7855999)
7655,,-104.8880521,39.7788923,POINT (-104.8880521 39.7788923)
7656,,-104.89059,39.7788886,POINT (-104.89059 39.7788886)
7657,,-104.8861357,39.780895,POINT (-104.8861357 39.780895)
7658,,-104.888016,39.7823682,POINT (-104.888016 39.7823682)
7659,,-104.8657879,39.7842986,POINT (-104.8657879 39.7842986)
7660,,-104.922283,39.7146937,POINT (-104.922283 39.7146937)
7661,,-104.886072,39.7823594,POINT (-104.886072 39.7823594)
7662,,-104.8905592,39.7856296,POINT (-104.8905592 39.7856296)
7663,,-104.9396694,39.6816288,POINT (-104.9396694 39.6816288)
7664,,-104.8873704,39.7515248,POINT (-104.8873704 39.7515248)
7665,,-104.887358,39.7516587,POINT (-104.887358 39.7516587)
7666,,-104.8876327,39.7515557,POINT (-104.8876327 39.7515557)
7667,,-104.8875585,39.751704,POINT (-104.8875585 39.751704)
7668,,-104.798034,39.7837955,POINT (-104.798034 39.7837955)
7669,,-104.798032,39.7836386,POINT (-104.798032 39.7836386)
7670,,-105.0616758,39.7887062,POINT (-105.0616758 39.7887062)
7671,,-104.79719,39.7874791,POINT (-104.79719 39.7874791)
7672,,-104.7964802,39.7893874,POINT (-104.7964802 39.7893874)
7673,,-104.7980058,39.7854635,POINT (-104.7980058 39.7854635)
7674,,-104.803914,39.78894,POINT (-104.803914 39.78894)
7675,,-104.8046419,39.7891943,POINT (-104.8046419 39.7891943)
7676,,-104.7961415,39.7910319,POINT (-104.7961415 39.7910319)
7677,,-104.7949585,39.7910334,POINT (-104.7949585 39.7910334)
7678,,-104.7967841,39.7933167,POINT (-104.7967841 39.7933167)
7679,,-104.796298,39.7955482,POINT (-104.796298 39.7955482)
7680,,-104.8039257,39.7944751,POINT (-104.8039257 39.7944751)
7681,,-104.8026089,39.7946634,POINT (-104.8026089 39.7946634)
7682,,-104.8065578,39.7946769,POINT (-104.8065578 39.7946769)
7683,,-104.8011083,39.795806,POINT (-104.8011083 39.795806)
7684,,-104.8072694,39.7947881,POINT (-104.8072694 39.7947881)
7685,,-104.8080865,39.7947888,POINT (-104.8080865 39.7947888)
7686,,-104.7968495,39.7957347,POINT (-104.7968495 39.7957347)
7687,,-104.7976338,39.7959999,POINT (-104.7976338 39.7959999)
7688,,-104.800606,39.796163,POINT (-104.800606 39.796163)
7689,,-104.7984074,39.7962615,POINT (-104.7984074 39.7962615)
7690,,-104.7998947,39.796387,POINT (-104.7998947 39.796387)
7691,,-104.7991459,39.7964235,POINT (-104.7991459 39.7964235)
7692,,-104.7999698,39.7983016,POINT (-104.7999698 39.7983016)
7693,,-104.8933468,39.6338946,POINT (-104.8933468 39.6338946)
7694,,-104.891238,39.6280645,POINT (-104.891238 39.6280645)
7695,,-104.8325486,39.7903102,POINT (-104.8325486 39.7903102)
7696,,-104.8996676,39.7711963,POINT (-104.8996676 39.7711963)
7697,,-104.8990649,39.7616746,POINT (-104.8990649 39.7616746)
7698,,-105.0519054,39.7260706,POINT (-105.0519054 39.7260706)
7699,,-105.0531493,39.7271036,POINT (-105.0531493 39.7271036)
7700,,-105.0531563,39.7273538,POINT (-105.0531563 39.7273538)
7701,,-105.0487995,39.653411,POINT (-105.0487995 39.653411)
7702,,-104.7468459,39.8351114,POINT (-104.7468459 39.8351114)
7703,,-104.7195298,39.8355477,POINT (-104.7195298 39.8355477)
7704,,-105.0158577,39.7632294,POINT (-105.0158577 39.7632294)
7705,,-105.017409,39.7620294,POINT (-105.017409 39.7620294)
7706,,-105.0144803,39.7620307,POINT (-105.0144803 39.7620307)
7707,,-104.8987901,39.6967935,POINT (-104.8987901 39.6967935)
7708,,-104.9371044,39.7114737,POINT (-104.9371044 39.7114737)
7709,,-104.9369733,39.7116859,POINT (-104.9369733 39.7116859)
7710,,-104.9384939,39.7130398,POINT (-104.9384939 39.7130398)
7711,,-104.9163102,39.7046999,POINT (-104.9163102 39.7046999)
7712,,-104.9181933,39.7056619,POINT (-104.9181933 39.7056619)
7713,,-104.8917531,39.6983652,POINT (-104.8917531 39.6983652)
7714,,-104.8917608,39.6984367,POINT (-104.8917608 39.6984367)
7715,,-104.892361,39.7007276,POINT (-104.892361 39.7007276)
7716,,-104.8900981,39.7044743,POINT (-104.8900981 39.7044743)
7717,,-104.8663719,39.7729772,POINT (-104.8663719 39.7729772)
7718,,-104.8687041,39.7730575,POINT (-104.8687041 39.7730575)
7719,,-104.8987405,39.6893405,POINT (-104.8987405 39.6893405)
7720,,-104.8810362,39.7207865,POINT (-104.8810362 39.7207865)
7721,,-104.8810952,39.7208457,POINT (-104.8810952 39.7208457)
7722,,-104.8785349,39.719877,POINT (-104.8785349 39.719877)
7723,,-104.8759629,39.7190116,POINT (-104.8759629 39.7190116)
7724,,-104.7607818,39.7692746,POINT (-104.7607818 39.7692746)
7725,,-104.8097192,39.7743534,POINT (-104.8097192 39.7743534)
7726,,-105.0078052,39.7280235,POINT (-105.0078052 39.7280235)
7727,,-105.0079951,39.7286643,POINT (-105.0079951 39.7286643)
7728,,-104.667819,39.8513845,POINT (-104.667819 39.8513845)
7729,,-104.769779,39.798392,POINT (-104.769779 39.798392)
7730,,-104.7691366,39.8002189,POINT (-104.7691366 39.8002189)
7731,,-104.7691024,39.8018083,POINT (-104.7691024 39.8018083)
7732,,-104.7674681,39.8002302,POINT (-104.7674681 39.8002302)
7733,,-104.7647691,39.8002391,POINT (-104.7647691 39.8002391)
7734,,-104.7628703,39.8002387,POINT (-104.7628703 39.8002387)
7735,,-104.7627561,39.7984376,POINT (-104.7627561 39.7984376)
7736,,-104.7691258,39.8036294,POINT (-104.7691258 39.8036294)
7737,,-104.7691343,39.809756,POINT (-104.7691343 39.809756)
7738,,-104.7691426,39.8110711,POINT (-104.7691426 39.8110711)
7739,,-104.7691314,39.8073415,POINT (-104.7691314 39.8073415)
7740,,-104.767401,39.8129148,POINT (-104.767401 39.8129148)
7741,,-104.7697496,39.8137662,POINT (-104.7697496 39.8137662)
7742,,-104.6753193,39.8446658,POINT (-104.6753193 39.8446658)
7743,,-104.692892,39.8379347,POINT (-104.692892 39.8379347)
7744,,-104.692893,39.8380738,POINT (-104.692893 39.8380738)
7745,,-104.692082,39.8379273,POINT (-104.692082 39.8379273)
7746,,-104.6928923,39.8375685,POINT (-104.6928923 39.8375685)
7747,,-104.689992,39.8379811,POINT (-104.689992 39.8379811)
7748,,-104.6928942,39.8373208,POINT (-104.6928942 39.8373208)
7749,,-104.6929019,39.835549,POINT (-104.6929019 39.835549)
7750,,-104.7159314,39.8380874,POINT (-104.7159314 39.8380874)
7751,,-104.7155169,39.8368733,POINT (-104.7155169 39.8368733)
7752,,-104.8911947,39.6242099,POINT (-104.8911947 39.6242099)
7753,,-104.8921157,39.6242106,POINT (-104.8921157 39.6242106)
7754,,-104.8994354,39.6256797,POINT (-104.8994354 39.6256797)
7755,,-104.9088271,39.6241808,POINT (-104.9088271 39.6241808)
7756,,-104.9089394,39.6241837,POINT (-104.9089394 39.6241837)
7757,,-104.9088003,39.6246437,POINT (-104.9088003 39.6246437)
7758,,-104.9088018,39.6253398,POINT (-104.9088018 39.6253398)
7759,,-104.908782,39.6265698,POINT (-104.908782 39.6265698)
7760,,-104.9069416,39.6253948,POINT (-104.9069416 39.6253948)
7761,,-104.9069741,39.6242023,POINT (-104.9069741 39.6242023)
7762,,-104.939611,39.6748139,POINT (-104.939611 39.6748139)
7763,,-104.9385118,39.6748149,POINT (-104.9385118 39.6748149)
7764,,-104.9067287,39.6269069,POINT (-104.9067287 39.6269069)
7765,,-104.908759,39.6270345,POINT (-104.908759 39.6270345)
7766,,-104.940722,39.6748137,POINT (-104.940722 39.6748137)
7767,,-104.9066989,39.6271784,POINT (-104.9066989 39.6271784)
7768,,-104.9074377,39.6281264,POINT (-104.9074377 39.6281264)
7769,,-104.9108408,39.6323795,POINT (-104.9108408 39.6323795)
7770,,-104.911038,39.6322676,POINT (-104.911038 39.6322676)
7771,,-104.8969934,39.6321319,POINT (-104.8969934 39.6321319)
7772,,-104.8881049,39.7059051,POINT (-104.8881049 39.7059051)
7773,,-104.889758,39.7057472,POINT (-104.889758 39.7057472)
7774,,-104.8878161,39.7085562,POINT (-104.8878161 39.7085562)
7775,,-104.8944597,39.7153676,POINT (-104.8944597 39.7153676)
7776,,-104.9036057,39.6693965,POINT (-104.9036057 39.6693965)
7777,,-104.9091042,39.6530349,POINT (-104.9091042 39.6530349)
7778,,-104.8988448,39.7312928,POINT (-104.8988448 39.7312928)
7779,,-104.8987263,39.7312928,POINT (-104.8987263 39.7312928)
7780,,-104.8952001,39.7328847,POINT (-104.8952001 39.7328847)
7781,,-104.8960083,39.7328842,POINT (-104.8960083 39.7328842)
7782,,-104.9229285,39.6500888,POINT (-104.9229285 39.6500888)
7783,,-104.8968902,39.7328832,POINT (-104.8968902 39.7328832)
7784,,-104.8977628,39.7328867,POINT (-104.8977628 39.7328867)
7785,,-104.8998908,39.73288,POINT (-104.8998908 39.73288)
7786,,-104.9009761,39.7328825,POINT (-104.9009761 39.7328825)
7787,,-104.8758193,39.7185886,POINT (-104.8758193 39.7185886)
7788,,-104.8762412,39.7187902,POINT (-104.8762412 39.7187902)
7789,,-104.8756979,39.718899,POINT (-104.8756979 39.718899)
7790,,-104.876109,39.7189757,POINT (-104.876109 39.7189757)
7791,,-104.8770634,39.7193447,POINT (-104.8770634 39.7193447)
7792,,-104.8771345,39.7192413,POINT (-104.8771345 39.7192413)
7793,,-104.8817248,39.7214979,POINT (-104.8817248 39.7214979)
7794,,-104.7155414,39.8315211,POINT (-104.7155414 39.8315211)
7795,,-105.0491979,39.7802311,POINT (-105.0491979 39.7802311)
7796,,-104.8853392,39.6241834,POINT (-104.8853392 39.6241834)
7797,,-104.8853799,39.6510308,POINT (-104.8853799 39.6510308)
7798,,-104.8849105,39.6475129,POINT (-104.8849105 39.6475129)
7799,,-104.8848998,39.647741,POINT (-104.8848998 39.647741)
7800,,-104.8845073,39.6401357,POINT (-104.8845073 39.6401357)
7801,,-104.9050524,39.6405642,POINT (-104.9050524 39.6405642)
7802,,-104.9044001,39.6400038,POINT (-104.9044001 39.6400038)
7803,,-104.9043107,39.6410008,POINT (-104.9043107 39.6410008)
7804,,-104.8927354,39.6242099,POINT (-104.8927354 39.6242099)
7805,,-104.8941086,39.6241991,POINT (-104.8941086 39.6241991)
7806,,-104.8997702,39.6285076,POINT (-104.8997702 39.6285076)
7807,,-104.9070049,39.628046,POINT (-104.9070049 39.628046)
7808,,-104.8992603,39.6244194,POINT (-104.8992603 39.6244194)
7809,,-104.8994272,39.6245603,POINT (-104.8994272 39.6245603)
7810,,-104.899589,39.6325509,POINT (-104.899589 39.6325509)
7811,,-104.8992129,39.6326174,POINT (-104.8992129 39.6326174)
7812,,-104.8978722,39.6318274,POINT (-104.8978722 39.6318274)
7813,,-104.8945618,39.6333129,POINT (-104.8945618 39.6333129)
7814,,-104.897202,39.6317004,POINT (-104.897202 39.6317004)
7815,,-104.8968051,39.6320508,POINT (-104.8968051 39.6320508)
7816,,-104.8968751,39.6312262,POINT (-104.8968751 39.6312262)
7817,,-104.8961388,39.6324956,POINT (-104.8961388 39.6324956)
7818,,-104.897606,39.6312478,POINT (-104.897606 39.6312478)
7819,,-104.8976889,39.6313726,POINT (-104.8976889 39.6313726)
7820,,-104.8946328,39.6331183,POINT (-104.8946328 39.6331183)
7821,,-104.8945258,39.6331387,POINT (-104.8945258 39.6331387)
7822,,-104.8939848,39.6332457,POINT (-104.8939848 39.6332457)
7823,,-105.0026879,39.752171,POINT (-105.0026879 39.752171)
7824,,-105.0021189,39.7509611,POINT (-105.0021189 39.7509611)
7825,,-105.0037452,39.7510078,POINT (-105.0037452 39.7510078)
7826,,-105.0025621,39.7532067,POINT (-105.0025621 39.7532067)
7827,,-105.001494,39.7540604,POINT (-105.001494 39.7540604)
7828,,-105.0005467,39.7548804,POINT (-105.0005467 39.7548804)
7829,,-105.0015982,39.75414,POINT (-105.0015982 39.75414)
7830,,-104.7845096,39.7836397,POINT (-104.7845096 39.7836397)
7831,,-104.7654122,39.8129264,POINT (-104.7654122 39.8129264)
7832,,-104.7819659,39.8128149,POINT (-104.7819659 39.8128149)
7833,,-104.7816205,39.812748,POINT (-104.7816205 39.812748)
7834,,-104.7721443,39.8164395,POINT (-104.7721443 39.8164395)
7835,,-104.772182,39.8146039,POINT (-104.772182 39.8146039)
7836,,-104.7719533,39.818278,POINT (-104.7719533 39.818278)
7837,,-104.7719301,39.8193926,POINT (-104.7719301 39.8193926)
7838,,-104.7696679,39.8181668,POINT (-104.7696679 39.8181668)
7839,,-104.7696658,39.8182863,POINT (-104.7696658 39.8182863)
7840,,-104.7680682,39.8183441,POINT (-104.7680682 39.8183441)
7841,,-104.7696822,39.8173942,POINT (-104.7696822 39.8173942)
7842,,-104.7721152,39.8181768,POINT (-104.7721152 39.8181768)
7843,,-104.771955,39.8181669,POINT (-104.771955 39.8181669)
7844,,-104.7697348,39.8146006,POINT (-104.7697348 39.8146006)
7845,,-104.7697,39.816427,POINT (-104.7697 39.816427)
7846,,-104.7719788,39.8164014,POINT (-104.7719788 39.8164014)
7847,,-104.7672657,39.8187056,POINT (-104.7672657 39.8187056)
7848,,-104.7627245,39.8215393,POINT (-104.7627245 39.8215393)
7849,,-104.7673705,39.8187923,POINT (-104.7673705 39.8187923)
7850,,-104.762723,39.8217332,POINT (-104.762723 39.8217332)
7851,,-104.7626711,39.8214941,POINT (-104.7626711 39.8214941)
7852,,-104.7835702,39.7728821,POINT (-104.7835702 39.7728821)
7853,,-104.760971,39.7692734,POINT (-104.760971 39.7692734)
7854,,-104.749333,39.7693342,POINT (-104.749333 39.7693342)
7855,,-104.7627793,39.7916298,POINT (-104.7627793 39.7916298)
7856,,-104.7563754,39.7983032,POINT (-104.7563754 39.7983032)
7857,,-104.7647449,39.7984059,POINT (-104.7647449 39.7984059)
7858,,-104.7627668,39.7982691,POINT (-104.7627668 39.7982691)
7859,,-104.76282,39.7932926,POINT (-104.76282 39.7932926)
7860,,-104.7628082,39.796738,POINT (-104.7628082 39.796738)
7861,,-104.7919853,39.7836226,POINT (-104.7919853 39.7836226)
7862,,-104.7946413,39.7837967,POINT (-104.7946413 39.7837967)
7863,,-104.7558369,39.7831376,POINT (-104.7558369 39.7831376)
7864,,-104.7547044,39.7846619,POINT (-104.7547044 39.7846619)
7865,,-104.7552681,39.7832932,POINT (-104.7552681 39.7832932)
7866,,-104.7584873,39.7881212,POINT (-104.7584873 39.7881212)
7867,,-104.756882,39.7870238,POINT (-104.756882 39.7870238)
7868,,-104.777549,39.783782,POINT (-104.777549 39.783782)
7869,,-104.7816403,39.7837848,POINT (-104.7816403 39.7837848)
7870,,-104.7817889,39.7837851,POINT (-104.7817889 39.7837851)
7871,,-104.7817622,39.7857968,POINT (-104.7817622 39.7857968)
7872,,-104.7817795,39.7845629,POINT (-104.7817795 39.7845629)
7873,,-104.7683108,39.7836363,POINT (-104.7683108 39.7836363)
7874,,-104.8019554,39.7865187,POINT (-104.8019554 39.7865187)
7875,,-104.7978664,39.7837957,POINT (-104.7978664 39.7837957)
7876,,-104.7978575,39.7854498,POINT (-104.7978575 39.7854498)
7877,,-104.7793071,39.7983674,POINT (-104.7793071 39.7983674)
7878,,-104.7662647,39.7982681,POINT (-104.7662647 39.7982681)
7879,,-104.8095772,39.787871,POINT (-104.8095772 39.787871)
7880,,-104.8096455,39.7836681,POINT (-104.8096455 39.7836681)
7881,,-104.8098357,39.7812033,POINT (-104.8098357 39.7812033)
7882,,-104.8096033,39.7850832,POINT (-104.8096033 39.7850832)
7883,,-104.8098094,39.7850793,POINT (-104.8098094 39.7850793)
7884,,-104.7722596,39.780083,POINT (-104.7722596 39.780083)
7885,,-104.7722644,39.7790279,POINT (-104.7722644 39.7790279)
7886,,-104.8839464,39.661613,POINT (-104.8839464 39.661613)
7887,,-104.8828684,39.66161,POINT (-104.8828684 39.66161)
7888,,-104.8846475,39.6616167,POINT (-104.8846475 39.6616167)
7889,,-104.8839924,39.6563583,POINT (-104.8839924 39.6563583)
7890,,-104.8840047,39.655559,POINT (-104.8840047 39.655559)
7891,,-104.7649124,39.7829219,POINT (-104.7649124 39.7829219)
7892,,-104.7697159,39.7836279,POINT (-104.7697159 39.7836279)
7893,,-104.76982,39.783779,POINT (-104.76982 39.783779)
7894,,-104.8816895,39.6539843,POINT (-104.8816895 39.6539843)
7895,,-104.8658993,39.7729553,POINT (-104.8658993 39.7729553)
7896,,-104.8814457,39.6538096,POINT (-104.8814457 39.6538096)
7897,,-104.8810422,39.6539039,POINT (-104.8810422 39.6539039)
7898,,-104.8657357,39.7737345,POINT (-104.8657357 39.7737345)
7899,,-104.8588335,39.7547695,POINT (-104.8588335 39.7547695)
7900,,-104.8563801,39.7547711,POINT (-104.8563801 39.7547711)
7901,,-104.8613116,39.7547796,POINT (-104.8613116 39.7547796)
7902,,-104.8815453,39.6536369,POINT (-104.8815453 39.6536369)
7903,,-104.9067554,39.6277369,POINT (-104.9067554 39.6277369)
7904,,-104.9085356,39.6276975,POINT (-104.9085356 39.6276975)
7905,,-104.905511,39.6241688,POINT (-104.905511 39.6241688)
7906,,-104.8813557,39.6530665,POINT (-104.8813557 39.6530665)
7907,,-104.9075251,39.6279314,POINT (-104.9075251 39.6279314)
7908,,-104.9069234,39.6277828,POINT (-104.9069234 39.6277828)
7909,,-104.908973,39.6265695,POINT (-104.908973 39.6265695)
7910,,-104.9910451,39.7288948,POINT (-104.9910451 39.7288948)
7911,,-104.9905855,39.7289336,POINT (-104.9905855 39.7289336)
7912,,-104.9928663,39.7289308,POINT (-104.9928663 39.7289308)
7913,,-105.021779,39.7378946,POINT (-105.021779 39.7378946)
7914,,-104.8928346,39.7185676,POINT (-104.8928346 39.7185676)
7915,,-104.9722306,39.7140916,POINT (-104.9722306 39.7140916)
7916,,-104.9726678,39.7145721,POINT (-104.9726678 39.7145721)
7917,,-104.8921193,39.7191381,POINT (-104.8921193 39.7191381)
7918,,-104.891447,39.7216639,POINT (-104.891447 39.7216639)
7919,,-104.9722369,39.7129189,POINT (-104.9722369 39.7129189)
7920,,-104.9876624,39.6730919,POINT (-104.9876624 39.6730919)
7921,,-104.9876573,39.6694805,POINT (-104.9876573 39.6694805)
7922,,-104.9876547,39.6676739,POINT (-104.9876547 39.6676739)
7923,,-104.9875271,39.6676738,POINT (-104.9875271 39.6676738)
7924,,-104.9876558,39.6767119,POINT (-104.9876558 39.6767119)
7925,,-104.9875444,39.6947932,POINT (-104.9875444 39.6947932)
7926,,-104.9875403,39.6930068,POINT (-104.9875403 39.6930068)
7927,,-104.9912788,39.6966116,POINT (-104.9912788 39.6966116)
7928,,-104.9888604,39.6966525,POINT (-104.9888604 39.6966525)
7929,,-104.9892747,39.6965488,POINT (-104.9892747 39.6965488)
7930,,-104.9875685,39.6911873,POINT (-104.9875685 39.6911873)
7931,,-104.9875704,39.6894039,POINT (-104.9875704 39.6894039)
7932,,-104.9876073,39.6875765,POINT (-104.9876073 39.6875765)
7933,,-104.9875119,39.698597,POINT (-104.9875119 39.698597)
7934,,-104.9875059,39.6985187,POINT (-104.9875059 39.6985187)
7935,,-104.9875069,39.6998052,POINT (-104.9875069 39.6998052)
7936,,-104.99192,39.6965861,POINT (-104.99192 39.6965861)
7937,,-104.9941166,39.693522,POINT (-104.9941166 39.693522)
7938,,-104.8990247,39.7527331,POINT (-104.8990247 39.7527331)
7939,,-104.895858,39.752122,POINT (-104.895858 39.752122)
7940,,-104.9722096,39.7093063,POINT (-104.9722096 39.7093063)
7941,,-104.972215,39.7074866,POINT (-104.972215 39.7074866)
7942,,-104.972404,39.7074878,POINT (-104.972404 39.7074878)
7943,,-104.8874697,39.7519408,POINT (-104.8874697 39.7519408)
7944,,-104.971036,39.70749,POINT (-104.971036 39.70749)
7945,,-104.8873873,39.7516862,POINT (-104.8873873 39.7516862)
7946,,-104.9412802,39.6530991,POINT (-104.9412802 39.6530991)
7947,,-104.9397567,39.6530901,POINT (-104.9397567 39.6530901)
7948,,-104.940159,39.653093,POINT (-104.940159 39.653093)
7949,,-104.9405878,39.6548639,POINT (-104.9405878 39.6548639)
7950,,-104.9281881,39.6530968,POINT (-104.9281881 39.6530968)
7951,,-104.9293487,39.6530968,POINT (-104.9293487 39.6530968)
7952,,-104.9242163,39.6531127,POINT (-104.9242163 39.6531127)
7953,,-104.9250279,39.6531108,POINT (-104.9250279 39.6531108)
7954,,-104.9271833,39.6531013,POINT (-104.9271833 39.6531013)
7955,,-104.9305172,39.6530968,POINT (-104.9305172 39.6530968)
7956,,-104.9261593,39.6531058,POINT (-104.9261593 39.6531058)
7957,,-104.9251916,39.6531101,POINT (-104.9251916 39.6531101)
7958,,-104.9239437,39.6531131,POINT (-104.9239437 39.6531131)
7959,,-104.9237167,39.6675197,POINT (-104.9237167 39.6675197)
7960,,-104.9237266,39.6676443,POINT (-104.9237266 39.6676443)
7961,,-104.9228289,39.6675667,POINT (-104.9228289 39.6675667)
7962,,-104.9724123,39.7093039,POINT (-104.9724123 39.7093039)
7963,,-104.9272747,39.6674836,POINT (-104.9272747 39.6674836)
7964,,-104.9551016,39.6783901,POINT (-104.9551016 39.6783901)
7965,,-104.9536886,39.678389,POINT (-104.9536886 39.678389)
7966,,-104.947997,39.6783787,POINT (-104.947997 39.6783787)
7967,,-104.9465749,39.6783825,POINT (-104.9465749 39.6783825)
7968,,-104.9451955,39.6802284,POINT (-104.9451955 39.6802284)
7969,,-104.9447268,39.6784621,POINT (-104.9447268 39.6784621)
7970,,-104.9450809,39.678463,POINT (-104.9450809 39.678463)
7971,,-104.9450122,39.6786961,POINT (-104.9450122 39.6786961)
7972,,-104.9494207,39.6783828,POINT (-104.9494207 39.6783828)
7973,,-104.9522727,39.6783869,POINT (-104.9522727 39.6783869)
7974,,-104.9450114,39.6803397,POINT (-104.9450114 39.6803397)
7975,,-104.987618,39.6839631,POINT (-104.987618 39.6839631)
7976,,-104.9876257,39.6821433,POINT (-104.9876257 39.6821433)
7977,,-104.9816716,39.6785211,POINT (-104.9816716 39.6785211)
7978,,-104.9876341,39.6803385,POINT (-104.9876341 39.6803385)
7979,,-104.9887666,39.6875748,POINT (-104.9887666 39.6875748)
7980,,-104.9875969,39.6857941,POINT (-104.9875969 39.6857941)
7981,,-104.9046844,39.653048,POINT (-104.9046844 39.653048)
7982,,-104.9089736,39.6253378,POINT (-104.9089736 39.6253378)
7983,,-104.9089401,39.6248365,POINT (-104.9089401 39.6248365)
7984,,-104.903608,39.6676107,POINT (-104.903608 39.6676107)
7985,,-104.9398919,39.6816881,POINT (-104.9398919 39.6816881)
7986,,-104.940742,39.6766115,POINT (-104.940742 39.6766115)
7987,,-104.9396016,39.6784428,POINT (-104.9396016 39.6784428)
7988,,-104.9346936,39.6800177,POINT (-104.9346936 39.6800177)
7989,,-104.9272445,39.7002371,POINT (-104.9272445 39.7002371)
7990,,-104.9122007,39.7024138,POINT (-104.9122007 39.7024138)
7991,,-104.8901692,39.7056681,POINT (-104.8901692 39.7056681)
7992,,-104.8901512,39.7058184,POINT (-104.8901512 39.7058184)
7993,,-104.9030649,39.6983553,POINT (-104.9030649 39.6983553)
7994,,-104.902646,39.6982,POINT (-104.902646 39.6982)
7995,,-104.9035504,39.6985326,POINT (-104.9035504 39.6985326)
7996,,-104.9730521,39.7147322,POINT (-104.9730521 39.7147322)
7997,,-104.9982195,39.7562536,POINT (-104.9982195 39.7562536)
7998,,-104.9963803,39.7570373,POINT (-104.9963803 39.7570373)
7999,,-104.940731,39.778884,POINT (-104.940731 39.778884)
8000,,-104.9392822,39.7729383,POINT (-104.9392822 39.7729383)
8001,,-104.938269,39.7736149,POINT (-104.938269 39.7736149)
8002,,-104.9382767,39.7743093,POINT (-104.9382767 39.7743093)
8003,,-104.9361788,39.7762341,POINT (-104.9361788 39.7762341)
8004,,-104.9816819,39.7519947,POINT (-104.9816819 39.7519947)
8005,,-104.9988712,39.7426921,POINT (-104.9988712 39.7426921)
8006,,-104.995343,39.7689982,POINT (-104.995343 39.7689982)
8007,,-104.8931783,39.787789,POINT (-104.8931783 39.787789)
8008,,-104.8591258,39.7575676,POINT (-104.8591258 39.7575676)
8009,,-104.9985648,39.7384698,POINT (-104.9985648 39.7384698)
8010,,-104.9993739,39.7384802,POINT (-104.9993739 39.7384802)
8011,,-104.8098018,39.7854396,POINT (-104.8098018 39.7854396)
8012,,-104.8987425,39.7298592,POINT (-104.8987425 39.7298592)
8013,,-104.8762409,39.7821706,POINT (-104.8762409 39.7821706)
8014,,-104.9916895,39.6859402,POINT (-104.9916895 39.6859402)
8015,,-104.9919644,39.6862079,POINT (-104.9919644 39.6862079)
8016,,-104.9923108,39.6911873,POINT (-104.9923108 39.6911873)
8017,,-104.7720446,39.8111129,POINT (-104.7720446 39.8111129)
8018,,-104.7722105,39.8111131,POINT (-104.7722105 39.8111131)
8019,,-104.7722109,39.8109593,POINT (-104.7722109 39.8109593)
8020,,-104.7720447,39.8109591,POINT (-104.7720447 39.8109591)
8021,,-104.8791443,39.7081351,POINT (-104.8791443 39.7081351)
8022,,-104.7155303,39.8329488,POINT (-104.7155303 39.8329488)
8023,,-104.7155019,39.8362925,POINT (-104.7155019 39.8362925)
8024,,-104.6922829,39.8318522,POINT (-104.6922829 39.8318522)
8025,,-104.6928667,39.8346928,POINT (-104.6928667 39.8346928)
8026,,-104.692947,39.8352358,POINT (-104.692947 39.8352358)
8027,,-104.6934404,39.8347086,POINT (-104.6934404 39.8347086)
8028,,-104.692996,39.8346956,POINT (-104.692996 39.8346956)
8029,,-104.7763389,39.824159,POINT (-104.7763389 39.824159)
8030,,-104.772044,39.8036741,POINT (-104.772044 39.8036741)
8031,,-104.772198,39.8036726,POINT (-104.772198 39.8036726)
8032,,-104.772048,39.8055252,POINT (-104.772048 39.8055252)
8033,,-104.7691288,39.8055305,POINT (-104.7691288 39.8055305)
8034,,-104.9033276,39.7941552,POINT (-104.9033276 39.7941552)
8035,,-104.9032711,39.7976702,POINT (-104.9032711 39.7976702)
8036,,-104.9033339,39.7935481,POINT (-104.9033339 39.7935481)
8037,,-104.902875,39.7935459,POINT (-104.902875 39.7935459)
8038,,-104.902293,39.7935213,POINT (-104.902293 39.7935213)
8039,,-104.901533,39.7934188,POINT (-104.901533 39.7934188)
8040,,-104.8058593,39.7730816,POINT (-104.8058593 39.7730816)
8041,,-104.8057679,39.7730717,POINT (-104.8057679 39.7730717)
8042,,-105.0532034,39.6949987,POINT (-105.0532034 39.6949987)
8043,,-104.8931721,39.7885313,POINT (-104.8931721 39.7885313)
8044,,-104.8931678,39.7890482,POINT (-104.8931678 39.7890482)
8045,,-104.8931609,39.7898778,POINT (-104.8931609 39.7898778)
8046,,-104.8931546,39.7906305,POINT (-104.8931546 39.7906305)
8047,,-104.8931496,39.7912257,POINT (-104.8931496 39.7912257)
8048,,-104.8932669,39.7919803,POINT (-104.8932669 39.7919803)
8049,,-104.8936594,39.7939522,POINT (-104.8936594 39.7939522)
8050,,-104.8804069,39.6530644,POINT (-104.8804069 39.6530644)
8051,,-104.8689154,39.6541095,POINT (-104.8689154 39.6541095)
8052,,-104.8813137,39.6535665,POINT (-104.8813137 39.6535665)
8053,,-104.8987489,39.6531857,POINT (-104.8987489 39.6531857)
8054,,-104.8540464,39.7547691,POINT (-104.8540464 39.7547691)
8055,,-104.854038,39.7554849,POINT (-104.854038 39.7554849)
8056,,-104.8522892,39.7547666,POINT (-104.8522892 39.7547666)
8057,,-104.8536611,39.7566326,POINT (-104.8536611 39.7566326)
8058,,-104.8667493,39.6713341,POINT (-104.8667493 39.6713341)
8059,,-104.8671655,39.6718585,POINT (-104.8671655 39.6718585)
8060,,-104.8680579,39.67258,POINT (-104.8680579 39.67258)
8061,,-104.8660686,39.6982983,POINT (-104.8660686 39.6982983)
8062,,-104.8660682,39.6992001,POINT (-104.8660682 39.6992001)
8063,,-104.8660691,39.6985312,POINT (-104.8660691 39.6985312)
8064,,-105.0252485,39.7381672,POINT (-105.0252485 39.7381672)
8065,,-104.9165919,39.6531845,POINT (-104.9165919 39.6531845)
8066,,-104.8987282,39.7306116,POINT (-104.8987282 39.7306116)
8067,,-104.9267026,39.7306972,POINT (-104.9267026 39.7306972)
8068,,-104.963473,39.7448047,POINT (-104.963473 39.7448047)
8069,,-104.9395021,39.7401944,POINT (-104.9395021 39.7401944)
8070,,-104.9350143,39.7402005,POINT (-104.9350143 39.7402005)
8071,,-104.9355283,39.7401996,POINT (-104.9355283 39.7401996)
8072,,-104.9315482,39.7401994,POINT (-104.9315482 39.7401994)
8073,,-104.9321039,39.7402001,POINT (-104.9321039 39.7402001)
8074,,-104.9275373,39.740205,POINT (-104.9275373 39.740205)
8075,,-104.9280893,39.7402051,POINT (-104.9280893 39.7402051)
8076,,-104.9286718,39.7402044,POINT (-104.9286718 39.7402044)
8077,,-104.929234,39.7402034,POINT (-104.929234 39.7402034)
8078,,-104.9338242,39.7402026,POINT (-104.9338242 39.7402026)
8079,,-104.929812,39.7402034,POINT (-104.929812 39.7402034)
8080,,-104.9258071,39.7402053,POINT (-104.9258071 39.7402053)
8081,,-104.9269098,39.7402061,POINT (-104.9269098 39.7402061)
8082,,-104.9383979,39.7401985,POINT (-104.9383979 39.7401985)
8083,,-104.9389596,39.7401962,POINT (-104.9389596 39.7401962)
8084,,-104.9372524,39.7401981,POINT (-104.9372524 39.7401981)
8085,,-104.9309456,39.7402005,POINT (-104.9309456 39.7402005)
8086,,-104.8940429,39.7402163,POINT (-104.8940429 39.7402163)
8087,,-104.8952285,39.7402167,POINT (-104.8952285 39.7402167)
8088,,-104.9211473,39.7402076,POINT (-104.9211473 39.7402076)
8089,,-104.9222725,39.740205,POINT (-104.9222725 39.740205)
8090,,-104.9058127,39.7402196,POINT (-104.9058127 39.7402196)
8091,,-104.9069556,39.7402178,POINT (-104.9069556 39.7402178)
8092,,-104.9234543,39.7402093,POINT (-104.9234543 39.7402093)
8093,,-104.9246259,39.7402063,POINT (-104.9246259 39.7402063)
8094,,-104.8964067,39.740217,POINT (-104.8964067 39.740217)
8095,,-104.9175569,39.7402069,POINT (-104.9175569 39.7402069)
8096,,-104.9046445,39.7402215,POINT (-104.9046445 39.7402215)
8097,,-104.9011197,39.7402187,POINT (-104.9011197 39.7402187)
8098,,-104.9022921,39.7402211,POINT (-104.9022921 39.7402211)
8099,,-104.9187883,39.7402078,POINT (-104.9187883 39.7402078)
8100,,-104.9194744,39.7402071,POINT (-104.9194744 39.7402071)
8101,,-104.89995,39.7402161,POINT (-104.89995 39.7402161)
8102,,-104.9116717,39.7402123,POINT (-104.9116717 39.7402123)
8103,,-104.9139757,39.74021,POINT (-104.9139757 39.74021)
8104,,-104.9105205,39.7402148,POINT (-104.9105205 39.7402148)
8105,,-104.9151618,39.7402105,POINT (-104.9151618 39.7402105)
8106,,-104.9205751,39.7402069,POINT (-104.9205751 39.7402069)
8107,,-104.9199653,39.7402078,POINT (-104.9199653 39.7402078)
8108,,-104.9093796,39.7402163,POINT (-104.9093796 39.7402163)
8109,,-104.8975744,39.7402159,POINT (-104.8975744 39.7402159)
8110,,-104.9183733,39.7402084,POINT (-104.9183733 39.7402084)
8111,,-104.8858362,39.7402195,POINT (-104.8858362 39.7402195)
8112,,-104.8870051,39.7402187,POINT (-104.8870051 39.7402187)
8113,,-104.8881811,39.7402176,POINT (-104.8881811 39.7402176)
8114,,-104.8893572,39.7402165,POINT (-104.8893572 39.7402165)
8115,,-104.8905314,39.7402153,POINT (-104.8905314 39.7402153)
8116,,-104.8916965,39.7402155,POINT (-104.8916965 39.7402155)
8117,,-104.9585384,39.7182997,POINT (-104.9585384 39.7182997)
8118,,-104.9407921,39.7162298,POINT (-104.9407921 39.7162298)
8119,,-104.9412326,39.7178564,POINT (-104.9412326 39.7178564)
8120,,-104.9229934,39.6462596,POINT (-104.9229934 39.6462596)
8121,,-104.9239588,39.6470127,POINT (-104.9239588 39.6470127)
8122,,-104.9224602,39.6458895,POINT (-104.9224602 39.6458895)
8123,,-104.9262849,39.6488248,POINT (-104.9262849 39.6488248)
8124,,-104.9260645,39.6486522,POINT (-104.9260645 39.6486522)
8125,,-104.9270581,39.64943,POINT (-104.9270581 39.64943)
8126,,-104.9255481,39.6482525,POINT (-104.9255481 39.6482525)
8127,,-104.9255074,39.6482208,POINT (-104.9255074 39.6482208)
8128,,-104.9227156,39.647605,POINT (-104.9227156 39.647605)
8129,,-104.9127007,39.6383517,POINT (-104.9127007 39.6383517)
8130,,-104.9128139,39.6382859,POINT (-104.9128139 39.6382859)
8131,,-104.9125489,39.6381149,POINT (-104.9125489 39.6381149)
8132,,-104.9294184,39.6512765,POINT (-104.9294184 39.6512765)
8133,,-104.9301576,39.651849,POINT (-104.9301576 39.651849)
8134,,-104.9286114,39.6506454,POINT (-104.9286114 39.6506454)
8135,,-104.928352,39.6527287,POINT (-104.928352 39.6527287)
8136,,-104.9283509,39.6504416,POINT (-104.9283509 39.6504416)
8137,,-104.9278799,39.6500732,POINT (-104.9278799 39.6500732)
8138,,-104.912716,39.7142891,POINT (-104.912716 39.7142891)
8139,,-104.9127061,39.7147862,POINT (-104.9127061 39.7147862)
8140,,-104.9033093,39.7268816,POINT (-104.9033093 39.7268816)
8141,,-104.9034664,39.7268816,POINT (-104.9034664 39.7268816)
8142,,-104.9223388,39.7364497,POINT (-104.9223388 39.7364497)
8143,,-104.9034251,39.7623131,POINT (-104.9034251 39.7623131)
8144,,-104.9057918,39.7619791,POINT (-104.9057918 39.7619791)
8145,,-104.905737,39.7168859,POINT (-104.905737 39.7168859)
8146,,-104.9072346,39.7163984,POINT (-104.9072346 39.7163984)
8147,,-104.9099447,39.7162107,POINT (-104.9099447 39.7162107)
8148,,-104.9081583,39.7162331,POINT (-104.9081583 39.7162331)
8149,,-104.9569887,39.7509732,POINT (-104.9569887 39.7509732)
8150,,-104.9524494,39.7511936,POINT (-104.9524494 39.7511936)
8151,,-104.9827241,39.7093151,POINT (-104.9827241 39.7093151)
8152,,-105.0415922,39.7832549,POINT (-105.0415922 39.7832549)
8153,,-104.9535885,39.7438042,POINT (-104.9535885 39.7438042)
8154,,-104.9400779,39.7434187,POINT (-104.9400779 39.7434187)
8155,,-104.9389328,39.7433757,POINT (-104.9389328 39.7433757)
8156,,-104.9284979,39.7437288,POINT (-104.9284979 39.7437288)
8157,,-104.9286757,39.7437286,POINT (-104.9286757 39.7437286)
8158,,-104.9317097,39.7474345,POINT (-104.9317097 39.7474345)
8159,,-104.932075,39.7474252,POINT (-104.932075 39.7474252)
8160,,-104.9222898,39.7474557,POINT (-104.9222898 39.7474557)
8161,,-104.9436845,39.751196,POINT (-104.9436845 39.751196)
8162,,-104.9442855,39.7511449,POINT (-104.9442855 39.7511449)
8163,,-104.9425394,39.7510968,POINT (-104.9425394 39.7510968)
8164,,-104.9740832,39.7592076,POINT (-104.9740832 39.7592076)
8165,,-104.9737378,39.7594434,POINT (-104.9737378 39.7594434)
8166,,-104.9622482,39.7448033,POINT (-104.9622482 39.7448033)
8167,,-104.9684205,39.7470932,POINT (-104.9684205 39.7470932)
8168,,-104.9750045,39.7450561,POINT (-104.9750045 39.7450561)
8169,,-104.9721421,39.7448317,POINT (-104.9721421 39.7448317)
8170,,-104.8846969,39.7478108,POINT (-104.8846969 39.7478108)
8171,,-104.8850104,39.7808886,POINT (-104.8850104 39.7808886)
8172,,-104.8907171,39.7531814,POINT (-104.8907171 39.7531814)
8173,,-104.8829412,39.780043,POINT (-104.8829412 39.780043)
8174,,-104.9406976,39.6678117,POINT (-104.9406976 39.6678117)
8175,,-104.9407024,39.6683088,POINT (-104.9407024 39.6683088)
8176,,-104.9406923,39.6675672,POINT (-104.9406923 39.6675672)
8177,,-104.9407124,39.6687579,POINT (-104.9407124 39.6687579)
8178,,-104.9407147,39.6718872,POINT (-104.9407147 39.6718872)
8179,,-104.9900106,39.7383546,POINT (-104.9900106 39.7383546)
8180,,-104.9595641,39.6730291,POINT (-104.9595641 39.6730291)
8181,,-104.9587161,39.7154544,POINT (-104.9587161 39.7154544)
8182,,-104.8846999,39.6651107,POINT (-104.8846999 39.6651107)
8183,,-104.8846333,39.6640802,POINT (-104.8846333 39.6640802)
8184,,-104.9445292,39.7081749,POINT (-104.9445292 39.7081749)
8185,,-104.9461149,39.7094784,POINT (-104.9461149 39.7094784)
8186,,-104.8761401,39.7087314,POINT (-104.8761401 39.7087314)
8187,,-104.8412119,39.7735663,POINT (-104.8412119 39.7735663)
8188,,-104.8471238,39.7710867,POINT (-104.8471238 39.7710867)
8189,,-104.8478358,39.7714374,POINT (-104.8478358 39.7714374)
8190,,-104.8474133,39.77145,POINT (-104.8474133 39.77145)
8191,,-104.846969,39.771086,POINT (-104.846969 39.771086)
8192,,-104.8474394,39.7697559,POINT (-104.8474394 39.7697559)
8193,,-104.846968,39.7721926,POINT (-104.846968 39.7721926)
8194,,-104.8463696,39.7710804,POINT (-104.8463696 39.7710804)
8195,,-104.8474926,39.7694943,POINT (-104.8474926 39.7694943)
8196,,-104.9218679,39.6757322,POINT (-104.9218679 39.6757322)
8197,,-104.922256,39.6759455,POINT (-104.922256 39.6759455)
8198,,-104.9222549,39.6756915,POINT (-104.9222549 39.6756915)
8199,,-104.92225,39.674833,POINT (-104.92225 39.674833)
8200,,-104.8664393,39.7728635,POINT (-104.8664393 39.7728635)
8201,,-104.846964,39.7791428,POINT (-104.846964 39.7791428)
8202,,-104.8469448,39.7798014,POINT (-104.8469448 39.7798014)
8203,,-104.847118,39.7796014,POINT (-104.847118 39.7796014)
8204,,-104.8471177,39.7794736,POINT (-104.8471177 39.7794736)
8205,,-104.8469441,39.7795458,POINT (-104.8469441 39.7795458)
8206,,-104.884966,39.7855782,POINT (-104.884966 39.7855782)
8207,,-104.8860463,39.7855861,POINT (-104.8860463 39.7855861)
8208,,-104.88497,39.7854407,POINT (-104.88497 39.7854407)
8209,,-104.8850018,39.7823546,POINT (-104.8850018 39.7823546)
8210,,-104.882935,39.7823452,POINT (-104.882935 39.7823452)
8211,,-104.886048,39.7854445,POINT (-104.886048 39.7854445)
8212,,-104.9909793,39.7632211,POINT (-104.9909793 39.7632211)
8213,,-104.9885107,39.7658601,POINT (-104.9885107 39.7658601)
8214,,-104.9877821,39.7633768,POINT (-104.9877821 39.7633768)
8215,,-104.9964185,39.7540177,POINT (-104.9964185 39.7540177)
8216,,-104.998833,39.7521516,POINT (-104.998833 39.7521516)
8217,,-105.0009134,39.7518932,POINT (-105.0009134 39.7518932)
8218,,-104.9843061,39.7670701,POINT (-104.9843061 39.7670701)
8219,,-104.9851269,39.7677069,POINT (-104.9851269 39.7677069)
8220,,-105.0236146,39.762008,POINT (-105.0236146 39.762008)
8221,,-105.0118114,39.7584031,POINT (-105.0118114 39.7584031)
8222,,-105.011197,39.7632333,POINT (-105.011197 39.7632333)
8223,,-105.0096122,39.7620517,POINT (-105.0096122 39.7620517)
8224,,-105.0118105,39.7620302,POINT (-105.0118105 39.7620302)
8225,,-105.0064461,39.7813055,POINT (-105.0064461 39.7813055)
8226,,-105.0064028,39.781989,POINT (-105.0064028 39.781989)
8227,,-105.0063213,39.7826827,POINT (-105.0063213 39.7826827)
8228,,-105.0062557,39.782744,POINT (-105.0062557 39.782744)
8229,,-105.0066049,39.7827069,POINT (-105.0066049 39.7827069)
8230,,-105.0065023,39.7821134,POINT (-105.0065023 39.7821134)
8231,,-105.0062686,39.7839359,POINT (-105.0062686 39.7839359)
8232,,-105.0066426,39.7839291,POINT (-105.0066426 39.7839291)
8233,,-104.9873872,39.7418281,POINT (-104.9873872 39.7418281)
8234,,-105.0072202,39.7620571,POINT (-105.0072202 39.7620571)
8235,,-105.0071019,39.7619014,POINT (-105.0071019 39.7619014)
8236,,-105.0069024,39.7620578,POINT (-105.0069024 39.7620578)
8237,,-105.0080366,39.7620552,POINT (-105.0080366 39.7620552)
8238,,-105.009311,39.7620522,POINT (-105.009311 39.7620522)
8239,,-104.9878693,39.7782195,POINT (-104.9878693 39.7782195)
8240,,-104.987001,39.7783304,POINT (-104.987001 39.7783304)
8241,,-104.9584638,39.7739518,POINT (-104.9584638 39.7739518)
8242,,-105.0063998,39.7823358,POINT (-105.0063998 39.7823358)
8243,,-105.0052007,39.7829523,POINT (-105.0052007 39.7829523)
8244,,-105.0062762,39.7829084,POINT (-105.0062762 39.7829084)
8245,,-104.946406,39.7799496,POINT (-104.946406 39.7799496)
8246,,-104.945226,39.7799421,POINT (-104.945226 39.7799421)
8247,,-105.0064423,39.766855,POINT (-105.0064423 39.766855)
8248,,-105.0064534,39.7680555,POINT (-105.0064534 39.7680555)
8249,,-105.0064483,39.7656519,POINT (-105.0064483 39.7656519)
8250,,-105.005282,39.7619997,POINT (-105.005282 39.7619997)
8251,,-105.0041415,39.7632237,POINT (-105.0041415 39.7632237)
8252,,-105.0041439,39.7680641,POINT (-105.0041439 39.7680641)
8253,,-105.0041462,39.7668549,POINT (-105.0041462 39.7668549)
8254,,-105.0041702,39.7692793,POINT (-105.0041702 39.7692793)
8255,,-105.0041446,39.7656492,POINT (-105.0041446 39.7656492)
8256,,-105.0181969,39.7620241,POINT (-105.0181969 39.7620241)
8257,,-105.018961,39.7620218,POINT (-105.018961 39.7620218)
8258,,-105.0131439,39.7620305,POINT (-105.0131439 39.7620305)
8259,,-105.0127927,39.7620304,POINT (-105.0127927 39.7620304)
8260,,-105.0143632,39.7620307,POINT (-105.0143632 39.7620307)
8261,,-105.0064425,39.7632233,POINT (-105.0064425 39.7632233)
8262,,-105.0229179,39.7620101,POINT (-105.0229179 39.7620101)
8263,,-105.0205245,39.7620175,POINT (-105.0205245 39.7620175)
8264,,-105.0229094,39.7692832,POINT (-105.0229094 39.7692832)
8265,,-105.0220695,39.7692851,POINT (-105.0220695 39.7692851)
8266,,-105.0236336,39.7692815,POINT (-105.0236336 39.7692815)
8267,,-105.008036,39.7692804,POINT (-105.008036 39.7692804)
8268,,-105.0064422,39.7692798,POINT (-105.0064422 39.7692798)
8269,,-105.0054238,39.7692794,POINT (-105.0054238 39.7692794)
8270,,-105.0053058,39.7692794,POINT (-105.0053058 39.7692794)
8271,,-105.0205351,39.7692844,POINT (-105.0205351 39.7692844)
8272,,-105.0147044,39.7692831,POINT (-105.0147044 39.7692831)
8273,,-105.0174301,39.7692845,POINT (-105.0174301 39.7692845)
8274,,-105.0158759,39.7692836,POINT (-105.0158759 39.7692836)
8275,,-105.0189787,39.769284,POINT (-105.0189787 39.769284)
8276,,-105.0064425,39.7644296,POINT (-105.0064425 39.7644296)
8277,,-105.0041431,39.7644306,POINT (-105.0041431 39.7644306)
8278,,-104.9849976,39.7655112,POINT (-104.9849976 39.7655112)
8279,,-105.0251793,39.7572535,POINT (-105.0251793 39.7572535)
8280,,-105.0112238,39.7753475,POINT (-105.0112238 39.7753475)
8281,,-105.0251859,39.7741293,POINT (-105.0251859 39.7741293)
8282,,-105.025176,39.7524121,POINT (-105.025176 39.7524121)
8283,,-105.0347493,39.7254164,POINT (-105.0347493 39.7254164)
8284,,-104.892339,39.7705287,POINT (-104.892339 39.7705287)
8285,,-104.8770905,39.7735763,POINT (-104.8770905 39.7735763)
8286,,-104.8758387,39.7734786,POINT (-104.8758387 39.7734786)
8287,,-104.9848394,39.7475394,POINT (-104.9848394 39.7475394)
8288,,-104.7722027,39.8097259,POINT (-104.7722027 39.8097259)
8289,,-104.7744586,39.8073534,POINT (-104.7744586 39.8073534)
8290,,-104.7722036,39.8055277,POINT (-104.7722036 39.8055277)
8291,,-104.779615,39.8055552,POINT (-104.779615 39.8055552)
8292,,-104.7705592,39.8055268,POINT (-104.7705592 39.8055268)
8293,,-104.7656064,39.8055618,POINT (-104.7656064 39.8055618)
8294,,-104.7662741,39.8073387,POINT (-104.7662741 39.8073387)
8295,,-104.7813268,39.798237,POINT (-104.7813268 39.798237)
8296,,-104.7793071,39.7982423,POINT (-104.7793071 39.7982423)
8297,,-104.7813245,39.7983593,POINT (-104.7813245 39.7983593)
8298,,-104.781536,39.7983582,POINT (-104.781536 39.7983582)
8299,,-104.8632744,39.7786885,POINT (-104.8632744 39.7786885)
8300,,-104.8613164,39.7786934,POINT (-104.8613164 39.7786934)
8301,,-104.8589936,39.7786989,POINT (-104.8589936 39.7786989)
8302,,-104.8754639,39.7984935,POINT (-104.8754639 39.7984935)
8303,,-104.8785469,39.7984735,POINT (-104.8785469 39.7984735)
8304,,-104.8659764,39.7983812,POINT (-104.8659764 39.7983812)
8305,,-104.8661108,39.7983826,POINT (-104.8661108 39.7983826)
8306,,-104.8754638,39.7983087,POINT (-104.8754638 39.7983087)
8307,,-104.8685259,39.7983432,POINT (-104.8685259 39.7983432)
8308,,-104.8842368,39.7984638,POINT (-104.8842368 39.7984638)
8309,,-104.8844907,39.7984661,POINT (-104.8844907 39.7984661)
8310,,-104.8842511,39.7993664,POINT (-104.8842511 39.7993664)
8311,,-104.8826844,39.7913411,POINT (-104.8826844 39.7913411)
8312,,-104.8824969,39.7913414,POINT (-104.8824969 39.7913414)
8313,,-104.8838341,39.7913414,POINT (-104.8838341 39.7913414)
8314,,-104.8826892,39.7906627,POINT (-104.8826892 39.7906627)
8315,,-104.9032898,39.7982962,POINT (-104.9032898 39.7982962)
8316,,-104.9032846,39.7984387,POINT (-104.9032846 39.7984387)
8317,,-104.9022807,39.7982909,POINT (-104.9022807 39.7982909)
8318,,-104.8842401,39.798284,POINT (-104.8842401 39.798284)
8319,,-104.9015244,39.798287,POINT (-104.9015244 39.798287)
8320,,-104.8844874,39.7982836,POINT (-104.8844874 39.7982836)
8321,,-104.8844912,39.7972848,POINT (-104.8844912 39.7972848)
8322,,-104.8894067,39.7982932,POINT (-104.8894067 39.7982932)
8323,,-104.8825206,39.7881848,POINT (-104.8825206 39.7881848)
8324,,-104.8973214,39.7953637,POINT (-104.8973214 39.7953637)
8325,,-104.8941288,39.7982845,POINT (-104.8941288 39.7982845)
8326,,-105.0250157,39.723771,POINT (-105.0250157 39.723771)
8327,,-104.8797978,39.7840948,POINT (-104.8797978 39.7840948)
8328,,-104.8826917,39.7899292,POINT (-104.8826917 39.7899292)
8329,,-104.8870119,39.7855922,POINT (-104.8870119 39.7855922)
8330,,-104.8941335,39.7978206,POINT (-104.8941335 39.7978206)
8331,,-104.8828641,39.7869217,POINT (-104.8828641 39.7869217)
8332,,-104.8829022,39.7931535,POINT (-104.8829022 39.7931535)
8333,,-104.8941467,39.7965712,POINT (-104.8941467 39.7965712)
8334,,-104.8941434,39.7969265,POINT (-104.8941434 39.7969265)
8335,,-104.8941042,39.7962352,POINT (-104.8941042 39.7962352)
8336,,-104.88546,39.7914476,POINT (-104.88546 39.7914476)
8337,,-104.8882634,39.7927309,POINT (-104.8882634 39.7927309)
8338,,-105.0114719,39.7434422,POINT (-105.0114719 39.7434422)
8339,,-104.8688812,39.7729608,POINT (-104.8688812 39.7729608)
8340,,-104.8701159,39.7731622,POINT (-104.8701159 39.7731622)
8341,,-104.876621,39.7736472,POINT (-104.876621 39.7736472)
8342,,-104.8998004,39.7785462,POINT (-104.8998004 39.7785462)
8343,,-105.008454,39.7289819,POINT (-105.008454 39.7289819)
8344,,-104.9874,39.7448026,POINT (-104.9874 39.7448026)
8345,,-104.9923786,39.7121383,POINT (-104.9923786 39.7121383)
8346,,-104.9594303,39.7433761,POINT (-104.9594303 39.7433761)
8347,,-104.9597858,39.7432715,POINT (-104.9597858 39.7432715)
8348,,-104.9204385,39.7253372,POINT (-104.9204385 39.7253372)
8349,,-104.9485966,39.7162776,POINT (-104.9485966 39.7162776)
8350,,-105.0252469,39.7475738,POINT (-105.0252469 39.7475738)
8351,,-104.9686484,39.7785888,POINT (-104.9686484 39.7785888)
8352,,-104.9684164,39.7783956,POINT (-104.9684164 39.7783956)
8353,,-104.9696096,39.7774762,POINT (-104.9696096 39.7774762)
8354,,-104.9706612,39.7766641,POINT (-104.9706612 39.7766641)
8355,,-104.9770306,39.7596105,POINT (-104.9770306 39.7596105)
8356,,-104.9849499,39.750796,POINT (-104.9849499 39.750796)
8357,,-105.033082,39.7875219,POINT (-105.033082 39.7875219)
8358,,-105.0322157,39.7874192,POINT (-105.0322157 39.7874192)
8359,,-104.9855777,39.747599,POINT (-104.9855777 39.747599)
8360,,-105.0285983,39.7402919,POINT (-105.0285983 39.7402919)
8361,,-105.0281015,39.7402926,POINT (-105.0281015 39.7402926)
8362,,-104.9940522,39.7289235,POINT (-104.9940522 39.7289235)
8363,,-104.9975936,39.7289087,POINT (-104.9975936 39.7289087)
8364,,-104.9887376,39.7272613,POINT (-104.9887376 39.7272613)
8365,,-104.9776001,39.7320524,POINT (-104.9776001 39.7320524)
8366,,-105.0252236,39.7229356,POINT (-105.0252236 39.7229356)
8367,,-105.0252448,39.7213498,POINT (-105.0252448 39.7213498)
8368,,-105.0252439,39.7211781,POINT (-105.0252439 39.7211781)
8369,,-105.0324919,39.7250849,POINT (-105.0324919 39.7250849)
8370,,-105.0251906,39.7165671,POINT (-105.0251906 39.7165671)
8371,,-105.0252122,39.7149845,POINT (-105.0252122 39.7149845)
8372,,-105.0251899,39.7170787,POINT (-105.0251899 39.7170787)
8373,,-105.0252368,39.7197528,POINT (-105.0252368 39.7197528)
8374,,-105.0252122,39.7133897,POINT (-105.0252122 39.7133897)
8375,,-105.0334828,39.7107131,POINT (-105.0334828 39.7107131)
8376,,-105.0327268,39.7111425,POINT (-105.0327268 39.7111425)
8377,,-105.0249782,39.7110704,POINT (-105.0249782 39.7110704)
8378,,-105.0238776,39.7110733,POINT (-105.0238776 39.7110733)
8379,,-105.0250388,39.7145987,POINT (-105.0250388 39.7145987)
8380,,-105.0252122,39.7133793,POINT (-105.0252122 39.7133793)
8381,,-105.0251935,39.7110683,POINT (-105.0251935 39.7110683)
8382,,-104.9968546,39.6916397,POINT (-104.9968546 39.6916397)
8383,,-105.0326652,39.711142,POINT (-105.0326652 39.711142)
8384,,-105.032458,39.7119555,POINT (-105.032458 39.7119555)
8385,,-105.0360956,39.7111704,POINT (-105.0360956 39.7111704)
8386,,-105.0348978,39.7111632,POINT (-105.0348978 39.7111632)
8387,,-105.0385016,39.7111854,POINT (-105.0385016 39.7111854)
8388,,-105.0275499,39.711093,POINT (-105.0275499 39.711093)
8389,,-105.0264135,39.711091,POINT (-105.0264135 39.711091)
8390,,-105.0373004,39.7111776,POINT (-105.0373004 39.7111776)
8391,,-105.0432618,39.7112086,POINT (-105.0432618 39.7112086)
8392,,-105.0420824,39.7112045,POINT (-105.0420824 39.7112045)
8393,,-105.0408904,39.7111983,POINT (-105.0408904 39.7111983)
8394,,-105.0460999,39.7112189,POINT (-105.0460999 39.7112189)
8395,,-105.0485033,39.7112446,POINT (-105.0485033 39.7112446)
8396,,-105.0532581,39.7118087,POINT (-105.0532581 39.7118087)
8397,,-105.0249618,39.7251238,POINT (-105.0249618 39.7251238)
8398,,-105.024079,39.7251355,POINT (-105.024079 39.7251355)
8399,,-105.0249413,39.7257324,POINT (-105.0249413 39.7257324)
8400,,-105.023327,39.7251102,POINT (-105.023327 39.7251102)
8401,,-105.0165725,39.7253305,POINT (-105.0165725 39.7253305)
8402,,-105.0252005,39.7251249,POINT (-105.0252005 39.7251249)
8403,,-105.0174679,39.7250619,POINT (-105.0174679 39.7250619)
8404,,-104.9537702,39.7182181,POINT (-104.9537702 39.7182181)
8405,,-105.011122,39.7236835,POINT (-105.011122 39.7236835)
8406,,-105.0159346,39.7293197,POINT (-105.0159346 39.7293197)
8407,,-105.0165315,39.7293312,POINT (-105.0165315 39.7293312)
8408,,-105.0143929,39.7293167,POINT (-105.0143929 39.7293167)
8409,,-105.0114594,39.7255979,POINT (-105.0114594 39.7255979)
8410,,-105.0354661,39.7256722,POINT (-105.0354661 39.7256722)
8411,,-105.0251931,39.7257339,POINT (-105.0251931 39.7257339)
8412,,-105.0249975,39.7275158,POINT (-105.0249975 39.7275158)
8413,,-105.0296767,39.7255564,POINT (-105.0296767 39.7255564)
8414,,-105.0305643,39.7253981,POINT (-105.0305643 39.7253981)
8415,,-105.0184668,39.7255766,POINT (-105.0184668 39.7255766)
8416,,-105.0329854,39.725741,POINT (-105.0329854 39.725741)
8417,,-105.0201559,39.7256255,POINT (-105.0201559 39.7256255)
8418,,-104.9764333,39.7290711,POINT (-104.9764333 39.7290711)
8419,,-105.0123675,39.7356179,POINT (-105.0123675 39.7356179)
8420,,-105.012369,39.7352403,POINT (-105.012369 39.7352403)
8421,,-105.0159689,39.7381032,POINT (-105.0159689 39.7381032)
8422,,-105.0159647,39.7384651,POINT (-105.0159647 39.7384651)
8423,,-105.0028376,39.7333592,POINT (-105.0028376 39.7333592)
8424,,-104.9811472,39.7256182,POINT (-104.9811472 39.7256182)
8425,,-104.9799501,39.7256124,POINT (-104.9799501 39.7256124)
8426,,-104.9764269,39.7272783,POINT (-104.9764269 39.7272783)
8427,,-104.9799467,39.7272761,POINT (-104.9799467 39.7272761)
8428,,-104.9811452,39.7272757,POINT (-104.9811452 39.7272757)
8429,,-104.960185,39.7271212,POINT (-104.960185 39.7271212)
8430,,-104.903398,39.6792958,POINT (-104.903398 39.6792958)
8431,,-104.9590253,39.7273176,POINT (-104.9590253 39.7273176)
8432,,-104.9994454,39.7289083,POINT (-104.9994454 39.7289083)
8433,,-104.9903985,39.7296179,POINT (-104.9903985 39.7296179)
8434,,-105.0001932,39.7284398,POINT (-105.0001932 39.7284398)
8435,,-104.9999917,39.7395754,POINT (-104.9999917 39.7395754)
8436,,-105.0159641,39.7385163,POINT (-105.0159641 39.7385163)
8437,,-105.0298788,39.679067,POINT (-105.0298788 39.679067)
8438,,-105.0298721,39.6813673,POINT (-105.0298721 39.6813673)
8439,,-105.0217585,39.7345018,POINT (-105.0217585 39.7345018)
8440,,-105.0336902,39.6572231,POINT (-105.0336902 39.6572231)
8441,,-105.0337328,39.6572422,POINT (-105.0337328 39.6572422)
8442,,-105.0328279,39.6568369,POINT (-105.0328279 39.6568369)
8443,,-104.8840768,39.7954928,POINT (-104.8840768 39.7954928)
8444,,-104.8827118,39.7881844,POINT (-104.8827118 39.7881844)
8445,,-104.8842587,39.795442,POINT (-104.8842587 39.795442)
8446,,-104.8838072,39.7945259,POINT (-104.8838072 39.7945259)
8447,,-104.8963611,39.7934115,POINT (-104.8963611 39.7934115)
8448,,-105.0475184,39.7403589,POINT (-105.0475184 39.7403589)
8449,,-105.0463554,39.7403582,POINT (-105.0463554 39.7403582)
8450,,-105.044028,39.7403572,POINT (-105.044028 39.7403572)
8451,,-105.0428481,39.7403563,POINT (-105.0428481 39.7403563)
8452,,-105.0451884,39.7403576,POINT (-105.0451884 39.7403576)
8453,,-105.0369858,39.7403532,POINT (-105.0369858 39.7403532)
8454,,-105.0381675,39.7403538,POINT (-105.0381675 39.7403538)
8455,,-105.0358308,39.7403525,POINT (-105.0358308 39.7403525)
8456,,-105.0532123,39.7406377,POINT (-105.0532123 39.7406377)
8457,,-105.0531627,39.7403208,POINT (-105.0531627 39.7403208)
8458,,-105.0520939,39.7403226,POINT (-105.0520939 39.7403226)
8459,,-105.0532894,39.7179478,POINT (-105.0532894 39.7179478)
8460,,-104.9905226,39.6967,POINT (-104.9905226 39.6967)
8461,,-104.99246,39.6948099,POINT (-104.99246 39.6948099)
8462,,-105.0251966,39.7901517,POINT (-105.0251966 39.7901517)
8463,,-105.0278965,39.7254239,POINT (-105.0278965 39.7254239)
8464,,-104.9696051,39.6876548,POINT (-104.9696051 39.6876548)
8465,,-104.8894734,39.7935499,POINT (-104.8894734 39.7935499)
8466,,-104.8903693,39.7938859,POINT (-104.8903693 39.7938859)
8467,,-104.8937951,39.7946988,POINT (-104.8937951 39.7946988)
8468,,-104.8938615,39.7950425,POINT (-104.8938615 39.7950425)
8469,,-104.8940268,39.7958799,POINT (-104.8940268 39.7958799)
8470,,-104.8919906,39.7941161,POINT (-104.8919906 39.7941161)
8471,,-104.9275946,39.7002351,POINT (-104.9275946 39.7002351)
8472,,-104.930368,39.7002276,POINT (-104.930368 39.7002276)
8473,,-104.9328815,39.7037422,POINT (-104.9328815 39.7037422)
8474,,-104.9791214,39.7804293,POINT (-104.9791214 39.7804293)
8475,,-104.9793428,39.7787712,POINT (-104.9793428 39.7787712)
8476,,-104.9793151,39.7791768,POINT (-104.9793151 39.7791768)
8477,,-104.9800894,39.7818548,POINT (-104.9800894 39.7818548)
8478,,-105.0193139,39.7575653,POINT (-105.0193139 39.7575653)
8479,,-105.0393139,39.7621226,POINT (-105.0393139 39.7621226)
8480,,-105.0404875,39.7621201,POINT (-105.0404875 39.7621201)
8481,,-105.0381427,39.7621268,POINT (-105.0381427 39.7621268)
8482,,-105.0369704,39.7621311,POINT (-105.0369704 39.7621311)
8483,,-105.0357918,39.7621298,POINT (-105.0357918 39.7621298)
8484,,-105.0454917,39.7584897,POINT (-105.0454917 39.7584897)
8485,,-105.0428478,39.7584954,POINT (-105.0428478 39.7584954)
8486,,-105.0416667,39.7621176,POINT (-105.0416667 39.7621176)
8487,,-104.8737893,39.7092899,POINT (-104.8737893 39.7092899)
8488,,-104.8744196,39.7092666,POINT (-104.8744196 39.7092666)
8489,,-105.0393458,39.7694621,POINT (-105.0393458 39.7694621)
8490,,-105.0405012,39.7694596,POINT (-105.0405012 39.7694596)
8491,,-105.0381572,39.7694853,POINT (-105.0381572 39.7694853)
8492,,-105.0428762,39.7693973,POINT (-105.0428762 39.7693973)
8493,,-105.0416888,39.7694449,POINT (-105.0416888 39.7694449)
8494,,-104.8830788,39.7930858,POINT (-104.8830788 39.7930858)
8495,,-104.8916253,39.7940989,POINT (-104.8916253 39.7940989)
8496,,-104.940829,39.698381,POINT (-104.940829 39.698381)
8497,,-104.8960058,39.6885441,POINT (-104.8960058 39.6885441)
8498,,-104.9102629,39.7009229,POINT (-104.9102629 39.7009229)
8499,,-104.9198286,39.706512,POINT (-104.9198286 39.706512)
8500,,-104.9425652,39.7114557,POINT (-104.9425652 39.7114557)
8501,,-104.9414804,39.711442,POINT (-104.9414804 39.711442)
8502,,-104.9415724,39.7073174,POINT (-104.9415724 39.7073174)
8503,,-104.9437791,39.7114565,POINT (-104.9437791 39.7114565)
8504,,-104.9411306,39.7114368,POINT (-104.9411306 39.7114368)
8505,,-104.9747804,39.7185298,POINT (-104.9747804 39.7185298)
8506,,-105.0358312,39.7695314,POINT (-105.0358312 39.7695314)
8507,,-105.036993,39.7695187,POINT (-105.036993 39.7695187)
8508,,-104.9083829,39.62418,POINT (-104.9083829 39.62418)
8509,,-104.9071479,39.6285056,POINT (-104.9071479 39.6285056)
8510,,-104.766344,39.7836481,POINT (-104.766344 39.7836481)
8511,,-104.8628391,39.6602199,POINT (-104.8628391 39.6602199)
8512,,-105.0252041,39.7683591,POINT (-105.0252041 39.7683591)
8513,,-104.9858487,39.7794049,POINT (-104.9858487 39.7794049)
8514,,-104.9857833,39.7801579,POINT (-104.9857833 39.7801579)
8515,,-104.987001,39.7789437,POINT (-104.987001 39.7789437)
8516,,-104.9876131,39.7786049,POINT (-104.9876131 39.7786049)
8517,,-105.0252024,39.7702254,POINT (-105.0252024 39.7702254)
8518,,-105.0072803,39.7835692,POINT (-105.0072803 39.7835692)
8519,,-105.0067362,39.7837482,POINT (-105.0067362 39.7837482)
8520,,-104.9879064,39.7022837,POINT (-104.9879064 39.7022837)
8521,,-105.0250541,39.6927371,POINT (-105.0250541 39.6927371)
8522,,-105.0250478,39.6931151,POINT (-105.0250478 39.6931151)
8523,,-105.0250477,39.6916403,POINT (-105.0250477 39.6916403)
8524,,-105.0533544,39.6403142,POINT (-105.0533544 39.6403142)
8525,,-104.967053,39.7804985,POINT (-104.967053 39.7804985)
8526,,-104.9876575,39.6748907,POINT (-104.9876575 39.6748907)
8527,,-105.001763,39.7755145,POINT (-105.001763 39.7755145)
8528,,-105.0064421,39.770533,POINT (-105.0064421 39.770533)
8529,,-105.006442,39.771723,POINT (-105.006442 39.771723)
8530,,-105.0064418,39.7765408,POINT (-105.0064418 39.7765408)
8531,,-105.0064416,39.7790258,POINT (-105.0064416 39.7790258)
8532,,-105.0064418,39.7755307,POINT (-105.0064418 39.7755307)
8533,,-105.0146778,39.7765606,POINT (-105.0146778 39.7765606)
8534,,-105.0158841,39.7753477,POINT (-105.0158841 39.7753477)
8535,,-105.0158625,39.7777643,POINT (-105.0158625 39.7777643)
8536,,-105.0158587,39.7789597,POINT (-105.0158587 39.7789597)
8537,,-104.7196228,39.8375071,POINT (-104.7196228 39.8375071)
8538,,-105.012354,39.7765588,POINT (-105.012354 39.7765588)
8539,,-105.0135107,39.7765594,POINT (-105.0135107 39.7765594)
8540,,-104.9865543,39.7644238,POINT (-104.9865543 39.7644238)
8541,,-104.986475,39.7643658,POINT (-104.986475 39.7643658)
8542,,-105.0170509,39.7801973,POINT (-105.0170509 39.7801973)
8543,,-105.0158448,39.7813611,POINT (-105.0158448 39.7813611)
8544,,-105.0158447,39.7832787,POINT (-105.0158447 39.7832787)
8545,,-105.015882,39.7741358,POINT (-105.015882 39.7741358)
8546,,-105.0158776,39.7705168,POINT (-105.0158776 39.7705168)
8547,,-105.0158792,39.7717235,POINT (-105.0158792 39.7717235)
8548,,-105.0158808,39.7729305,POINT (-105.0158808 39.7729305)
8549,,-104.9876664,39.759903,POINT (-104.9876664 39.759903)
8550,,-104.9594237,39.7776779,POINT (-104.9594237 39.7776779)
8551,,-105.0251993,39.7711567,POINT (-105.0251993 39.7711567)
8552,,-105.0440115,39.7032946,POINT (-105.0440115 39.7032946)
8553,,-105.0297031,39.69129,POINT (-105.0297031 39.69129)
8554,,-105.0297121,39.693113,POINT (-105.0297121 39.693113)
8555,,-105.03098,39.6930959,POINT (-105.03098 39.6930959)
8556,,-105.0284775,39.6931041,POINT (-105.0284775 39.6931041)
8557,,-105.034389,39.6930864,POINT (-105.034389 39.6930864)
8558,,-105.0355649,39.693093,POINT (-105.0355649 39.693093)
8559,,-105.0320556,39.6931021,POINT (-105.0320556 39.6931021)
8560,,-105.0390582,39.6931063,POINT (-105.0390582 39.6931063)
8561,,-105.0402341,39.6931327,POINT (-105.0402341 39.6931327)
8562,,-105.0379081,39.6931063,POINT (-105.0379081 39.6931063)
8563,,-104.9234656,39.7546934,POINT (-104.9234656 39.7546934)
8564,,-104.922298,39.756569,POINT (-104.922298 39.756569)
8565,,-104.9246326,39.7546933,POINT (-104.9246326 39.7546933)
8566,,-104.9258148,39.7474113,POINT (-104.9258148 39.7474113)
8567,,-104.9246398,39.7474141,POINT (-104.9246398 39.7474141)
8568,,-105.0205481,39.7524112,POINT (-105.0205481 39.7524112)
8569,,-104.8901862,39.705654,POINT (-104.8901862 39.705654)
8570,,-105.0157009,39.7039321,POINT (-105.0157009 39.7039321)
8571,,-105.0117515,39.690855,POINT (-105.0117515 39.690855)
8572,,-105.0016016,39.6912529,POINT (-105.0016016 39.6912529)
8573,,-104.9929499,39.6905718,POINT (-104.9929499 39.6905718)
8574,,-105.0299013,39.740405,POINT (-105.0299013 39.740405)
8575,,-105.0299499,39.7415232,POINT (-105.0299499 39.7415232)
8576,,-105.0315046,39.740395,POINT (-105.0315046 39.740395)
8577,,-105.0000799,39.745072,POINT (-105.0000799 39.745072)
8578,,-105.0350273,39.7838006,POINT (-105.0350273 39.7838006)
8579,,-104.8836181,39.7945738,POINT (-104.8836181 39.7945738)
8580,,-105.0250515,39.6936956,POINT (-105.0250515 39.6936956)
8581,,-105.0250083,39.6948771,POINT (-105.0250083 39.6948771)
8582,,-104.9959328,39.7079502,POINT (-104.9959328 39.7079502)
8583,,-105.025221,39.783037,POINT (-105.025221 39.783037)
8584,,-105.0252789,39.7821446,POINT (-105.0252789 39.7821446)
8585,,-104.87966,39.7984864,POINT (-104.87966 39.7984864)
8586,,-104.8819755,39.7984826,POINT (-104.8819755 39.7984826)
8587,,-104.8843847,39.8029348,POINT (-104.8843847 39.8029348)
8588,,-104.8843746,39.8044578,POINT (-104.8843746 39.8044578)
8589,,-104.8843941,39.8014744,POINT (-104.8843941 39.8014744)
8590,,-104.884364,39.8060828,POINT (-104.884364 39.8060828)
8591,,-104.8843983,39.8008368,POINT (-104.8843983 39.8008368)
8592,,-104.884429,39.8003735,POINT (-104.884429 39.8003735)
8593,,-104.8842613,39.7999891,POINT (-104.8842613 39.7999891)
8594,,-104.8825014,39.790662,POINT (-104.8825014 39.790662)
8595,,-105.0404989,39.740355,POINT (-105.0404989 39.740355)
8596,,-105.0028701,39.7526876,POINT (-105.0028701 39.7526876)
8597,,-104.9782922,39.7873918,POINT (-104.9782922 39.7873918)
8598,,-105.039282,39.7767036,POINT (-105.039282 39.7767036)
8599,,-105.0346595,39.7731566,POINT (-105.0346595 39.7731566)
8600,,-105.034575,39.7731579,POINT (-105.034575 39.7731579)
8601,,-104.88084,39.7823344,POINT (-104.88084 39.7823344)
8602,,-104.8844477,39.799984,POINT (-104.8844477 39.799984)
8603,,-104.9812069,39.7818576,POINT (-104.9812069 39.7818576)
8604,,-105.0416698,39.7403557,POINT (-105.0416698 39.7403557)
8605,,-105.025249,39.7380004,POINT (-105.025249 39.7380004)
8606,,-105.0253076,39.7356544,POINT (-105.0253076 39.7356544)
8607,,-104.9222276,39.667565,POINT (-104.9222276 39.667565)
8608,,-104.9849603,39.7475388,POINT (-104.9849603 39.7475388)
8609,,-104.9929512,39.7384588,POINT (-104.9929512 39.7384588)
8610,,-104.991647,39.7384593,POINT (-104.991647 39.7384593)
8611,,-104.9407083,39.6743159,POINT (-104.9407083 39.6743159)
8612,,-104.9416787,39.6748231,POINT (-104.9416787 39.6748231)
8613,,-105.0268306,39.7548382,POINT (-105.0268306 39.7548382)
8614,,-105.0252346,39.7463729,POINT (-105.0252346 39.7463729)
8615,,-105.0318815,39.7403504,POINT (-105.0318815 39.7403504)
8616,,-104.7347323,39.7692848,POINT (-104.7347323 39.7692848)
8617,,-104.7347454,39.7691599,POINT (-104.7347454 39.7691599)
8618,,-104.9408882,39.7060729,POINT (-104.9408882 39.7060729)
8619,,-104.9408546,39.7056958,POINT (-104.9408546 39.7056958)
8620,,-104.783395,39.8055555,POINT (-104.783395 39.8055555)
8621,,-104.985172,39.7509673,POINT (-104.985172 39.7509673)
8622,,-104.9855143,39.7512313,POINT (-104.9855143 39.7512313)
8623,,-104.9406165,39.7436114,POINT (-104.9406165 39.7436114)
8624,,-104.9406365,39.7437375,POINT (-104.9406365 39.7437375)
8625,,-105.0158448,39.7825504,POINT (-105.0158448 39.7825504)
8626,,-105.0204923,39.7874393,POINT (-105.0204923 39.7874393)
8627,,-105.0135406,39.7874351,POINT (-105.0135406 39.7874351)
8628,,-105.0216449,39.78744,POINT (-105.0216449 39.78744)
8629,,-105.0228091,39.7874407,POINT (-105.0228091 39.7874407)
8630,,-104.978709,39.7873965,POINT (-104.978709 39.7873965)
8631,,-104.6929432,39.8273723,POINT (-104.6929432 39.8273723)
8632,,-104.6933663,39.8273682,POINT (-104.6933663 39.8273682)
8633,,-104.6925177,39.8273678,POINT (-104.6925177 39.8273678)
8634,,-104.9123712,39.6242055,POINT (-104.9123712 39.6242055)
8635,,-104.9133888,39.6241986,POINT (-104.9133888 39.6241986)
8636,,-104.9124022,39.6380276,POINT (-104.9124022 39.6380276)
8637,,-104.9118947,39.6242065,POINT (-104.9118947 39.6242065)
8638,,-104.902326,39.7372819,POINT (-104.902326 39.7372819)
8639,,-105.025137,39.7918439,POINT (-105.025137 39.7918439)
8640,,-105.0299598,39.7499963,POINT (-105.0299598 39.7499963)
8641,,-104.9011579,39.7387133,POINT (-104.9011579 39.7387133)
8642,,-104.9011445,39.7401135,POINT (-104.9011445 39.7401135)
8643,,-105.0299626,39.752421,POINT (-105.0299626 39.752421)
8644,,-105.0315294,39.7512029,POINT (-105.0315294 39.7512029)
8645,,-105.0299624,39.7536258,POINT (-105.0299624 39.7536258)
8646,,-105.0469565,39.7548641,POINT (-105.0469565 39.7548641)
8647,,-105.0472878,39.754864,POINT (-105.0472878 39.754864)
8648,,-104.9010968,39.7438026,POINT (-104.9010968 39.7438026)
8649,,-104.8999082,39.7437996,POINT (-104.8999082 39.7437996)
8650,,-105.0476492,39.7548639,POINT (-105.0476492 39.7548639)
8651,,-105.0484304,39.7548636,POINT (-105.0484304 39.7548636)
8652,,-105.048767,39.7548635,POINT (-105.048767 39.7548635)
8653,,-104.9022786,39.7437997,POINT (-104.9022786 39.7437997)
8654,,-105.0335226,39.754855,POINT (-105.0335226 39.754855)
8655,,-105.0334389,39.7548714,POINT (-105.0334389 39.7548714)
8656,,-105.0330929,39.7548539,POINT (-105.0330929 39.7548539)
8657,,-105.033116,39.7548539,POINT (-105.033116 39.7548539)
8658,,-105.0322786,39.7548522,POINT (-105.0322786 39.7548522)
8659,,-105.0315378,39.7548479,POINT (-105.0315378 39.7548479)
8660,,-105.031104,39.7548453,POINT (-105.031104 39.7548453)
8661,,-105.0283963,39.7548382,POINT (-105.0283963 39.7548382)
8662,,-105.0276217,39.7548382,POINT (-105.0276217 39.7548382)
8663,,-105.0416617,39.758498,POINT (-105.0416617 39.758498)
8664,,-105.0463456,39.7584879,POINT (-105.0463456 39.7584879)
8665,,-105.0469619,39.7584866,POINT (-105.0469619 39.7584866)
8666,,-105.0484224,39.7584834,POINT (-105.0484224 39.7584834)
8667,,-105.0486853,39.7584828,POINT (-105.0486853 39.7584828)
8668,,-105.049868,39.7584803,POINT (-105.049868 39.7584803)
8669,,-105.0509058,39.7584781,POINT (-105.0509058 39.7584781)
8670,,-104.8918796,39.6531646,POINT (-104.8918796 39.6531646)
8671,,-104.8921055,39.6530238,POINT (-104.8921055 39.6530238)
8672,,-104.8059491,39.7800048,POINT (-104.8059491 39.7800048)
8673,,-104.8049035,39.7796177,POINT (-104.8049035 39.7796177)
8674,,-104.806936,39.7802802,POINT (-104.806936 39.7802802)
8675,,-104.7998684,39.7792828,POINT (-104.7998684 39.7792828)
8676,,-104.7979485,39.7799516,POINT (-104.7979485 39.7799516)
8677,,-105.0217203,39.7293177,POINT (-105.0217203 39.7293177)
8678,,-104.8088349,39.7803378,POINT (-104.8088349 39.7803378)
8679,,-104.8017237,39.7817312,POINT (-104.8017237 39.7817312)
8680,,-104.8017228,39.7823624,POINT (-104.8017228 39.7823624)
8681,,-104.8017247,39.7810506,POINT (-104.8017247 39.7810506)
8682,,-104.7979457,39.7817281,POINT (-104.7979457 39.7817281)
8683,,-104.7979463,39.7823579,POINT (-104.7979463 39.7823579)
8684,,-104.7979469,39.7810474,POINT (-104.7979469 39.7810474)
8685,,-104.8017219,39.783021,POINT (-104.8017219 39.783021)
8686,,-104.797944,39.783018,POINT (-104.797944 39.783018)
8687,,-104.8017234,39.7835213,POINT (-104.8017234 39.7835213)
8688,,-104.7979477,39.7835365,POINT (-104.7979477 39.7835365)
8689,,-104.8016966,39.7805739,POINT (-104.8016966 39.7805739)
8690,,-104.7979476,39.7805828,POINT (-104.7979476 39.7805828)
8691,,-104.8079066,39.7803371,POINT (-104.8079066 39.7803371)
8692,,-104.8016415,39.7792777,POINT (-104.8016415 39.7792777)
8693,,-104.927828,39.6500327,POINT (-104.927828 39.6500327)
8694,,-104.7815155,39.8073797,POINT (-104.7815155 39.8073797)
8695,,-104.7796097,39.8073716,POINT (-104.7796097 39.8073716)
8696,,-104.9247357,39.6476187,POINT (-104.9247357 39.6476187)
8697,,-104.8016591,39.7799427,POINT (-104.8016591 39.7799427)
8698,,-104.7769556,39.8073616,POINT (-104.7769556 39.8073616)
8699,,-104.7954943,39.7837902,POINT (-104.7954943 39.7837902)
8700,,-104.9671442,39.7793229,POINT (-104.9671442 39.7793229)
8701,,-104.985772,39.7514804,POINT (-104.985772 39.7514804)
8702,,-104.8017166,39.7728998,POINT (-104.8017166 39.7728998)
8703,,-104.8015661,39.7728994,POINT (-104.8015661 39.7728994)
8704,,-104.8682789,39.6725717,POINT (-104.8682789 39.6725717)
8705,,-104.8681554,39.6726617,POINT (-104.8681554 39.6726617)
8706,,-105.0250152,39.7303064,POINT (-105.0250152 39.7303064)
8707,,-105.0250165,39.731186,POINT (-105.0250165 39.731186)
8708,,-105.0321788,39.7359663,POINT (-105.0321788 39.7359663)
8709,,-105.0238145,39.6786506,POINT (-105.0238145 39.6786506)
8710,,-105.0232383,39.6786528,POINT (-105.0232383 39.6786528)
8711,,-105.0227594,39.6786546,POINT (-105.0227594 39.6786546)
8712,,-105.0221012,39.6786583,POINT (-105.0221012 39.6786583)
8713,,-105.0321673,39.7354035,POINT (-105.0321673 39.7354035)
8714,,-105.0321666,39.7347765,POINT (-105.0321666 39.7347765)
8715,,-104.8996746,39.6971692,POINT (-104.8996746 39.6971692)
8716,,-104.9729595,39.7320548,POINT (-104.9729595 39.7320548)
8717,,-104.9695341,39.7368853,POINT (-104.9695341 39.7368853)
8718,,-104.8724235,39.7096137,POINT (-104.8724235 39.7096137)
8719,,-104.8707113,39.7100275,POINT (-104.8707113 39.7100275)
8720,,-104.8738372,39.7094084,POINT (-104.8738372 39.7094084)
8721,,-104.9074009,39.699935,POINT (-104.9074009 39.699935)
8722,,-105.0251274,39.6876701,POINT (-105.0251274 39.6876701)
8723,,-104.9694602,39.7255903,POINT (-104.9694602 39.7255903)
8724,,-104.9683009,39.7255941,POINT (-104.9683009 39.7255941)
8725,,-104.9691761,39.7400188,POINT (-104.9691761 39.7400188)
8726,,-104.969545,39.7400195,POINT (-104.969545 39.7400195)
8727,,-104.9105324,39.7010004,POINT (-104.9105324 39.7010004)
8728,,-104.938039,39.6748151,POINT (-104.938039 39.6748151)
8729,,-104.9374195,39.6748154,POINT (-104.9374195 39.6748154)
8730,,-104.8809605,39.7739738,POINT (-104.8809605 39.7739738)
8731,,-104.8902693,39.7058866,POINT (-104.8902693 39.7058866)
8732,,-104.9850781,39.7655733,POINT (-104.9850781 39.7655733)
8733,,-104.9821606,39.7678327,POINT (-104.9821606 39.7678327)
8734,,-104.981182,39.7685879,POINT (-104.981182 39.7685879)
8735,,-104.911735,39.6242093,POINT (-104.911735 39.6242093)
8736,,-105.0581042,39.6392412,POINT (-105.0581042 39.6392412)
8737,,-105.0582222,39.6393052,POINT (-105.0582222 39.6393052)
8738,,-104.8786588,39.7738053,POINT (-104.8786588 39.7738053)
8739,,-104.9911562,39.7111358,POINT (-104.9911562 39.7111358)
8740,,-104.7978638,39.783639,POINT (-104.7978638 39.783639)
8741,,-104.7946288,39.7836332,POINT (-104.7946288 39.7836332)
8742,,-104.8016527,39.7836301,POINT (-104.8016527 39.7836301)
8743,,-105.020529,39.7488012,POINT (-105.020529 39.7488012)
8744,,-104.868718,39.7729485,POINT (-104.868718 39.7729485)
8745,,-104.9319752,39.791053,POINT (-104.9319752 39.791053)
8746,,-104.931649,39.791054,POINT (-104.931649 39.791054)
8747,,-104.9396058,39.7910022,POINT (-104.9396058 39.7910022)
8748,,-104.9311093,39.7910524,POINT (-104.9311093 39.7910524)
8749,,-105.0532568,39.7294741,POINT (-105.0532568 39.7294741)
8750,,-104.9906969,39.6875697,POINT (-104.9906969 39.6875697)
8751,,-104.9900756,39.6875724,POINT (-104.9900756 39.6875724)
8752,,-104.902448,39.7790478,POINT (-104.902448 39.7790478)
8753,,-104.9090068,39.7785231,POINT (-104.9090068 39.7785231)
8754,,-104.941044,39.7788871,POINT (-104.941044 39.7788871)
8755,,-104.9876505,39.7075421,POINT (-104.9876505 39.7075421)
8756,,-104.7719724,39.8355905,POINT (-104.7719724 39.8355905)
8757,,-105.0205482,39.7536163,POINT (-105.0205482 39.7536163)
8758,,-104.871845,39.7985085,POINT (-104.871845 39.7985085)
8759,,-104.8685313,39.7985285,POINT (-104.8685313 39.7985285)
8760,,-105.0067365,39.7837402,POINT (-105.0067365 39.7837402)
8761,,-104.9684865,39.7470924,POINT (-104.9684865 39.7470924)
8762,,-105.0028895,39.7321056,POINT (-105.0028895 39.7321056)
8763,,-104.7718677,39.8405053,POINT (-104.7718677 39.8405053)
8764,,-104.8929518,39.6400632,POINT (-104.8929518 39.6400632)
8765,,-104.8930348,39.6400564,POINT (-104.8930348 39.6400564)
8766,,-104.9017092,39.6531907,POINT (-104.9017092 39.6531907)
8767,,-104.9047536,39.6531901,POINT (-104.9047536 39.6531901)
8768,,-104.9015855,39.6531901,POINT (-104.9015855 39.6531901)
8769,,-104.901641,39.6530333,POINT (-104.901641 39.6530333)
8770,,-104.9047447,39.6530482,POINT (-104.9047447 39.6530482)
8771,,-104.9071612,39.653183,POINT (-104.9071612 39.653183)
8772,,-104.9072667,39.6530414,POINT (-104.9072667 39.6530414)
8773,,-104.915342,39.6531515,POINT (-104.915342 39.6531515)
8774,,-104.970716,39.7766217,POINT (-104.970716 39.7766217)
8775,,-104.8510978,39.755305,POINT (-104.8510978 39.755305)
8776,,-104.9888016,39.6784035,POINT (-104.9888016 39.6784035)
8777,,-104.7346547,39.7772959,POINT (-104.7346547 39.7772959)
8778,,-104.851006,39.755419,POINT (-104.851006 39.755419)
8779,,-104.8535808,39.7567193,POINT (-104.8535808 39.7567193)
8780,,-104.9865604,39.6966133,POINT (-104.9865604 39.6966133)
8781,,-104.9862295,39.6966114,POINT (-104.9862295 39.6966114)
8782,,-104.986229,39.69672,POINT (-104.986229 39.69672)
8783,,-104.892352,39.770415,POINT (-104.892352 39.770415)
8784,,-104.8563289,39.7576145,POINT (-104.8563289 39.7576145)
8785,,-104.8491983,39.7547875,POINT (-104.8491983 39.7547875)
8786,,-104.920398,39.777994,POINT (-104.920398 39.777994)
8787,,-104.9166688,39.7781835,POINT (-104.9166688 39.7781835)
8788,,-105.0299783,39.7656427,POINT (-105.0299783 39.7656427)
8789,,-104.7346547,39.7773727,POINT (-104.7346547 39.7773727)
8790,,-104.940723,39.7811773,POINT (-104.940723 39.7811773)
8791,,-104.9410949,39.7797713,POINT (-104.9410949 39.7797713)
8792,,-104.9413937,39.780625,POINT (-104.9413937 39.780625)
8793,,-104.945182,39.7808424,POINT (-104.945182 39.7808424)
8794,,-104.947625,39.7808096,POINT (-104.947625 39.7808096)
8795,,-104.9875749,39.7120981,POINT (-104.9875749 39.7120981)
8796,,-104.953024,39.7799273,POINT (-104.953024 39.7799273)
8797,,-104.9495583,39.7798376,POINT (-104.9495583 39.7798376)
8798,,-104.9490992,39.7798241,POINT (-104.9490992 39.7798241)
8799,,-104.949542,39.7807916,POINT (-104.949542 39.7807916)
8800,,-104.949772,39.7807889,POINT (-104.949772 39.7807889)
8801,,-104.949772,39.7798454,POINT (-104.949772 39.7798454)
8802,,-104.9501279,39.7807657,POINT (-104.9501279 39.7807657)
8803,,-104.9476045,39.7798923,POINT (-104.9476045 39.7798923)
8804,,-104.9242476,39.778887,POINT (-104.9242476 39.778887)
8805,,-104.880646,39.7823327,POINT (-104.880646 39.7823327)
8806,,-104.955468,39.7804644,POINT (-104.955468 39.7804644)
8807,,-104.9496898,39.7816956,POINT (-104.9496898 39.7816956)
8808,,-104.9498443,39.7819197,POINT (-104.9498443 39.7819197)
8809,,-104.8591105,39.7574468,POINT (-104.8591105 39.7574468)
8810,,-104.9268847,39.7793094,POINT (-104.9268847 39.7793094)
8811,,-104.9471127,39.7805591,POINT (-104.9471127 39.7805591)
8812,,-104.93715,39.7803779,POINT (-104.93715 39.7803779)
8813,,-104.966797,39.7805021,POINT (-104.966797 39.7805021)
8814,,-104.9664742,39.7796842,POINT (-104.9664742 39.7796842)
8815,,-104.909297,39.778186,POINT (-104.909297 39.778186)
8816,,-104.9056403,39.7788654,POINT (-104.9056403 39.7788654)
8817,,-104.9388332,39.7797527,POINT (-104.9388332 39.7797527)
8818,,-104.9423963,39.7798669,POINT (-104.9423963 39.7798669)
8819,,-104.8786739,39.7736923,POINT (-104.8786739 39.7736923)
8820,,-104.8809748,39.7738596,POINT (-104.8809748 39.7738596)
8821,,-104.9408383,39.7093178,POINT (-104.9408383 39.7093178)
8822,,-105.0533629,39.6432478,POINT (-105.0533629 39.6432478)
8823,,-104.7657671,39.8072827,POINT (-104.7657671 39.8072827)
8824,,-104.94074,39.7805815,POINT (-104.94074 39.7805815)
8825,,-104.9410739,39.7792045,POINT (-104.9410739 39.7792045)
8826,,-104.959202,39.7799982,POINT (-104.959202 39.7799982)
8827,,-104.9655532,39.7804974,POINT (-104.9655532 39.7804974)
8828,,-104.9167615,39.7782704,POINT (-104.9167615 39.7782704)
8829,,-105.0165425,39.6605146,POINT (-105.0165425 39.6605146)
8830,,-105.0158179,39.6605155,POINT (-105.0158179 39.6605155)
8831,,-104.9625726,39.7804939,POINT (-104.9625726 39.7804939)
8832,,-104.9637797,39.7803944,POINT (-104.9637797 39.7803944)
8833,,-104.904249,39.7777758,POINT (-104.904249 39.7777758)
8834,,-104.9408749,39.7073532,POINT (-104.9408749 39.7073532)
8835,,-104.9408773,39.7071068,POINT (-104.9408773 39.7071068)
8836,,-104.9654803,39.7798188,POINT (-104.9654803 39.7798188)
8837,,-104.9389134,39.7803892,POINT (-104.9389134 39.7803892)
8838,,-105.0251495,39.6750124,POINT (-105.0251495 39.6750124)
8839,,-105.0251537,39.6741623,POINT (-105.0251537 39.6741623)
8840,,-105.0251618,39.6725125,POINT (-105.0251618 39.6725125)
8841,,-105.0251632,39.6722281,POINT (-105.0251632 39.6722281)
8842,,-105.0251682,39.6712016,POINT (-105.0251682 39.6712016)
8843,,-104.9554966,39.7801945,POINT (-104.9554966 39.7801945)
8844,,-104.9906417,39.7111718,POINT (-104.9906417 39.7111718)
8845,,-104.774486,39.8127794,POINT (-104.774486 39.8127794)
8846,,-104.7768104,39.812717,POINT (-104.7768104 39.812717)
8847,,-104.7814554,39.8127458,POINT (-104.7814554 39.8127458)
8848,,-104.8976262,39.7783063,POINT (-104.8976262 39.7783063)
8849,,-104.7625247,39.8210973,POINT (-104.7625247 39.8210973)
8850,,-104.7625982,39.8218061,POINT (-104.7625982 39.8218061)
8851,,-105.0249849,39.6853916,POINT (-105.0249849 39.6853916)
8852,,-104.947329,39.7802285,POINT (-104.947329 39.7802285)
8853,,-104.9459282,39.7802406,POINT (-104.9459282 39.7802406)
8854,,-104.9439477,39.7802765,POINT (-104.9439477 39.7802765)
8855,,-105.0251545,39.7058263,POINT (-105.0251545 39.7058263)
8856,,-105.0251493,39.704919,POINT (-105.0251493 39.704919)
8857,,-104.7757108,39.8073575,POINT (-104.7757108 39.8073575)
8858,,-104.7657756,39.8073859,POINT (-104.7657756 39.8073859)
8859,,-104.7815646,39.7953876,POINT (-104.7815646 39.7953876)
8860,,-104.7815974,39.7895395,POINT (-104.7815974 39.7895395)
8861,,-104.9419339,39.7798376,POINT (-104.9419339 39.7798376)
8862,,-104.8090216,39.7731029,POINT (-104.8090216 39.7731029)
8863,,-104.8097051,39.773108,POINT (-104.8097051 39.773108)
8864,,-104.8989347,39.7652533,POINT (-104.8989347 39.7652533)
8865,,-104.8473127,39.7740666,POINT (-104.8473127 39.7740666)
8866,,-104.8485457,39.7741853,POINT (-104.8485457 39.7741853)
8867,,-104.8429894,39.7737877,POINT (-104.8429894 39.7737877)
8868,,-104.8526572,39.7746248,POINT (-104.8526572 39.7746248)
8869,,-104.919235,39.7784005,POINT (-104.919235 39.7784005)
8870,,-104.9623546,39.780421,POINT (-104.9623546 39.780421)
8871,,-105.0251388,39.6985288,POINT (-105.0251388 39.6985288)
8872,,-104.923824,39.7785591,POINT (-104.923824 39.7785591)
8873,,-105.0251833,39.7276342,POINT (-105.0251833 39.7276342)
8874,,-105.0252104,39.7311505,POINT (-105.0252104 39.7311505)
8875,,-104.7861263,39.7838044,POINT (-104.7861263 39.7838044)
8876,,-104.7845134,39.7837956,POINT (-104.7845134 39.7837956)
8877,,-104.7816277,39.7845565,POINT (-104.7816277 39.7845565)
8878,,-104.781624,39.7868941,POINT (-104.781624 39.7868941)
8879,,-104.8472228,39.7547638,POINT (-104.8472228 39.7547638)
8880,,-104.9500135,39.6970106,POINT (-104.9500135 39.6970106)
8881,,-105.0249905,39.6858796,POINT (-105.0249905 39.6858796)
8882,,-105.0249895,39.6876714,POINT (-105.0249895 39.6876714)
8883,,-105.0251175,39.694912,POINT (-105.0251175 39.694912)
8884,,-105.0250619,39.6913148,POINT (-105.0250619 39.6913148)
8885,,-104.9413439,39.7178555,POINT (-104.9413439 39.7178555)
8886,,-104.7195595,39.8374165,POINT (-104.7195595 39.8374165)
8887,,-104.9445525,39.7437769,POINT (-104.9445525 39.7437769)
8888,,-104.9442017,39.7437457,POINT (-104.9442017 39.7437457)
8889,,-104.9453571,39.7437749,POINT (-104.9453571 39.7437749)
8890,,-105.0542002,39.65321,POINT (-105.0542002 39.65321)
8891,,-104.8858324,39.7438072,POINT (-104.8858324 39.7438072)
8892,,-104.887006,39.7438057,POINT (-104.887006 39.7438057)
8893,,-104.8817862,39.6616094,POINT (-104.8817862 39.6616094)
8894,,-104.8806671,39.6616013,POINT (-104.8806671 39.6616013)
8895,,-105.0158448,39.7819929,POINT (-105.0158448 39.7819929)
8896,,-105.0324767,39.7197583,POINT (-105.0324767 39.7197583)
8897,,-105.0324805,39.7213382,POINT (-105.0324805 39.7213382)
8898,,-105.0324854,39.7229325,POINT (-105.0324854 39.7229325)
8899,,-105.0324902,39.7245235,POINT (-105.0324902 39.7245235)
8900,,-105.0325077,39.7277189,POINT (-105.0325077 39.7277189)
8901,,-105.0325094,39.7293062,POINT (-105.0325094 39.7293062)
8902,,-105.0321324,39.7293061,POINT (-105.0321324 39.7293061)
8903,,-105.0321426,39.7311364,POINT (-105.0321426 39.7311364)
8904,,-104.9223032,39.6942125,POINT (-104.9223032 39.6942125)
8905,,-104.9223092,39.6929927,POINT (-104.9223092 39.6929927)
8906,,-104.9223001,39.6950868,POINT (-104.9223001 39.6950868)
8907,,-104.9873991,39.6947933,POINT (-104.9873991 39.6947933)
8908,,-105.0015527,39.6930695,POINT (-105.0015527 39.6930695)
8909,,-105.006442,39.7717887,POINT (-105.006442 39.7717887)
8910,,-105.006442,39.77293,POINT (-105.006442 39.77293)
8911,,-104.9064785,39.7075001,POINT (-104.9064785 39.7075001)
8912,,-104.9053382,39.7075032,POINT (-104.9053382 39.7075032)
8913,,-104.9076181,39.7075006,POINT (-104.9076181 39.7075006)
8914,,-105.006442,39.7730359,POINT (-105.006442 39.7730359)
8915,,-105.0064419,39.7741353,POINT (-105.0064419 39.7741353)
8916,,-105.0064419,39.7742951,POINT (-105.0064419 39.7742951)
8917,,-105.0064419,39.7753472,POINT (-105.0064419 39.7753472)
8918,,-104.9058284,39.7437961,POINT (-104.9058284 39.7437961)
8919,,-104.9069547,39.7437925,POINT (-104.9069547 39.7437925)
8920,,-104.9046477,39.7437894,POINT (-104.9046477 39.7437894)
8921,,-104.9875164,39.6767114,POINT (-104.9875164 39.6767114)
8922,,-105.0064416,39.7793783,POINT (-105.0064416 39.7793783)
8923,,-104.9229502,39.6492444,POINT (-104.9229502 39.6492444)
8924,,-104.9229721,39.6483889,POINT (-104.9229721 39.6483889)
8925,,-105.0064215,39.7862623,POINT (-105.0064215 39.7862623)
8926,,-105.006418,39.7870586,POINT (-105.006418 39.7870586)
8927,,-104.9317459,39.69611,POINT (-104.9317459 39.69611)
8928,,-104.9317371,39.6953647,POINT (-104.9317371 39.6953647)
8929,,-105.0064143,39.7878524,POINT (-105.0064143 39.7878524)
8930,,-104.9745682,39.7074857,POINT (-104.9745682 39.7074857)
8931,,-104.9757315,39.7074898,POINT (-104.9757315 39.7074898)
8932,,-105.0064106,39.7886514,POINT (-105.0064106 39.7886514)
8933,,-105.006407,39.7894461,POINT (-105.006407 39.7894461)
8934,,-104.974628,39.6748885,POINT (-104.974628 39.6748885)
8935,,-104.9757973,39.6748962,POINT (-104.9757973 39.6748962)
8936,,-105.0064032,39.7902924,POINT (-105.0064032 39.7902924)
8937,,-104.8272293,39.7763064,POINT (-104.8272293 39.7763064)
8938,,-104.8263686,39.7765925,POINT (-104.8263686 39.7765925)
8939,,-104.8255618,39.7768761,POINT (-104.8255618 39.7768761)
8940,,-104.8247596,39.7771518,POINT (-104.8247596 39.7771518)
8941,,-105.0097289,39.6931103,POINT (-105.0097289 39.6931103)
8942,,-105.0107615,39.6931083,POINT (-105.0107615 39.6931083)
8943,,-105.008717,39.6931063,POINT (-105.008717 39.6931063)
8944,,-104.9222474,39.6829078,POINT (-104.9222474 39.6829078)
8945,,-104.9394511,39.7138929,POINT (-104.9394511 39.7138929)
8946,,-104.9407346,39.6947446,POINT (-104.9407346 39.6947446)
8947,,-104.9407348,39.6911345,POINT (-104.9407348 39.6911345)
8948,,-104.9407134,39.6733187,POINT (-104.9407134 39.6733187)
8949,,-104.9924893,39.6930233,POINT (-104.9924893 39.6930233)
8950,,-104.9406964,39.6654966,POINT (-104.9406964 39.6654966)
8951,,-104.9417883,39.6675648,POINT (-104.9417883 39.6675648)
8952,,-104.940701,39.6634709,POINT (-104.940701 39.6634709)
8953,,-104.9407028,39.6624888,POINT (-104.9407028 39.6624888)
8954,,-104.9406916,39.6602853,POINT (-104.9406916 39.6602853)
8955,,-104.9405708,39.6582165,POINT (-104.9405708 39.6582165)
8956,,-105.0003709,39.6931109,POINT (-105.0003709 39.6931109)
8957,,-104.9952324,39.7289161,POINT (-104.9952324 39.7289161)
8958,,-105.0016027,39.7289215,POINT (-105.0016027 39.7289215)
8959,,-105.0131982,39.7293143,POINT (-105.0131982 39.7293143)
8960,,-105.0027095,39.6930581,POINT (-105.0027095 39.6930581)
8961,,-105.0192858,39.7293277,POINT (-105.0192858 39.7293277)
8962,,-105.0039152,39.6930676,POINT (-105.0039152 39.6930676)
8963,,-104.899272,39.6385987,POINT (-104.899272 39.6385987)
8964,,-105.0051589,39.6930773,POINT (-105.0051589 39.6930773)
8965,,-104.867775,39.7547834,POINT (-104.867775 39.7547834)
8966,,-105.0061897,39.6930874,POINT (-105.0061897 39.6930874)
8967,,-104.9176482,39.7147231,POINT (-104.9176482 39.7147231)
8968,,-105.0067304,39.6930874,POINT (-105.0067304 39.6930874)
8969,,-105.0077499,39.6930981,POINT (-105.0077499 39.6930981)
8970,,-104.9042054,39.7075007,POINT (-104.9042054 39.7075007)
8971,,-104.9176058,39.7093104,POINT (-104.9176058 39.7093104)
8972,,-104.9176058,39.7074985,POINT (-104.9176058 39.7074985)
8973,,-104.918762,39.7074901,POINT (-104.918762 39.7074901)
8974,,-104.9164241,39.7074963,POINT (-104.9164241 39.7074963)
8975,,-105.0126712,39.6931124,POINT (-105.0126712 39.6931124)
8976,,-105.0136315,39.6931124,POINT (-105.0136315 39.6931124)
8977,,-104.9222824,39.7092933,POINT (-104.9222824 39.7092933)
8978,,-104.9222584,39.7073,POINT (-104.9222584 39.7073)
8979,,-104.9222527,39.7061953,POINT (-104.9222527 39.7061953)
8980,,-104.9234685,39.7075226,POINT (-104.9234685 39.7075226)
8981,,-104.9220909,39.7054841,POINT (-104.9220909 39.7054841)
8982,,-104.9216912,39.7047247,POINT (-104.9216912 39.7047247)
8983,,-104.8668607,39.7547833,POINT (-104.8668607 39.7547833)
8984,,-104.9216335,39.6975888,POINT (-104.9216335 39.6975888)
8985,,-105.0145783,39.6931248,POINT (-105.0145783 39.6931248)
8986,,-104.9223195,39.6922777,POINT (-104.9223195 39.6922777)
8987,,-104.922325,39.6915165,POINT (-104.922325 39.6915165)
8988,,-104.9223375,39.688487,POINT (-104.9223375 39.688487)
8989,,-104.9223331,39.6875409,POINT (-104.9223331 39.6875409)
8990,,-104.9223159,39.6858081,POINT (-104.9223159 39.6858081)
8991,,-104.922279,39.681251,POINT (-104.922279 39.681251)
8992,,-105.0155788,39.6931289,POINT (-105.0155788 39.6931289)
8993,,-104.9222714,39.6803918,POINT (-104.9222714 39.6803918)
8994,,-104.9222661,39.6792419,POINT (-104.9222661 39.6792419)
8995,,-104.923448,39.6784531,POINT (-104.923448 39.6784531)
8996,,-105.0166608,39.6931434,POINT (-105.0166608 39.6931434)
8997,,-104.8795339,39.6614823,POINT (-104.8795339 39.6614823)
8998,,-104.8785335,39.6613398,POINT (-104.8785335 39.6613398)
8999,,-104.8801155,39.6615944,POINT (-104.8801155 39.6615944)
9000,,-105.0213045,39.6931204,POINT (-105.0213045 39.6931204)
9001,,-105.0215573,39.6931261,POINT (-105.0215573 39.6931261)
9002,,-105.022228,39.6931165,POINT (-105.022228 39.6931165)
9003,,-104.9722822,39.6748751,POINT (-104.9722822 39.6748751)
9004,,-104.9711125,39.6748713,POINT (-104.9711125 39.6748713)
9005,,-105.0231623,39.6931129,POINT (-105.0231623 39.6931129)
9006,,-104.9723238,39.6676844,POINT (-104.9723238 39.6676844)
9007,,-104.9720793,39.6676818,POINT (-104.9720793 39.6676818)
9008,,-104.9725395,39.6676843,POINT (-104.9725395 39.6676843)
9009,,-104.9863571,39.6676783,POINT (-104.9863571 39.6676783)
9010,,-104.9851836,39.667683,POINT (-104.9851836 39.667683)
9011,,-104.9840234,39.6676871,POINT (-104.9840234 39.6676871)
9012,,-104.9796274,39.6676981,POINT (-104.9796274 39.6676981)
9013,,-104.9711474,39.6676781,POINT (-104.9711474 39.6676781)
9014,,-104.9699802,39.6676675,POINT (-104.9699802 39.6676675)
9015,,-104.9676383,39.6676539,POINT (-104.9676383 39.6676539)
9016,,-104.9664553,39.6676488,POINT (-104.9664553 39.6676488)
9017,,-104.9652863,39.6676393,POINT (-104.9652863 39.6676393)
9018,,-104.9643325,39.6676361,POINT (-104.9643325 39.6676361)
9019,,-104.964119,39.6676357,POINT (-104.964119 39.6676357)
9020,,-104.9633826,39.6676313,POINT (-104.9633826 39.6676313)
9021,,-104.9629451,39.667627,POINT (-104.9629451 39.667627)
9022,,-104.9624359,39.6676232,POINT (-104.9624359 39.6676232)
9023,,-104.9617727,39.6676206,POINT (-104.9617727 39.6676206)
9024,,-104.9606078,39.6676135,POINT (-104.9606078 39.6676135)
9025,,-104.9551292,39.6675845,POINT (-104.9551292 39.6675845)
9026,,-104.953305,39.6675831,POINT (-104.953305 39.6675831)
9027,,-104.9523825,39.6675806,POINT (-104.9523825 39.6675806)
9028,,-104.9348254,39.6674747,POINT (-104.9348254 39.6674747)
9029,,-104.934425,39.6674778,POINT (-104.934425 39.6674778)
9030,,-104.9334868,39.6674786,POINT (-104.9334868 39.6674786)
9031,,-104.9325641,39.6674794,POINT (-104.9325641 39.6674794)
9032,,-104.9286413,39.6674811,POINT (-104.9286413 39.6674811)
9033,,-104.9283792,39.6674807,POINT (-104.9283792 39.6674807)
9034,,-104.9274562,39.6674815,POINT (-104.9274562 39.6674815)
9035,,-104.9458383,39.6675713,POINT (-104.9458383 39.6675713)
9036,,-104.9453702,39.6675671,POINT (-104.9453702 39.6675671)
9037,,-104.9448555,39.6675646,POINT (-104.9448555 39.6675646)
9038,,-104.9443804,39.6675648,POINT (-104.9443804 39.6675648)
9039,,-104.9438336,39.6675648,POINT (-104.9438336 39.6675648)
9040,,-104.9428092,39.6675669,POINT (-104.9428092 39.6675669)
9041,,-105.0367236,39.6931063,POINT (-105.0367236 39.6931063)
9042,,-104.9158543,39.6675958,POINT (-104.9158543 39.6675958)
9043,,-104.9073929,39.6676388,POINT (-104.9073929 39.6676388)
9044,,-104.9058944,39.6676414,POINT (-104.9058944 39.6676414)
9045,,-104.9045779,39.6676199,POINT (-104.9045779 39.6676199)
9046,,-104.9769387,39.7165334,POINT (-104.9769387 39.7165334)
9047,,-104.97691,39.7147206,POINT (-104.97691 39.7147206)
9048,,-104.9769231,39.7129044,POINT (-104.9769231 39.7129044)
9049,,-104.9769109,39.7092873,POINT (-104.9769109 39.7092873)
9050,,-104.9769044,39.7074841,POINT (-104.9769044 39.7074841)
9051,,-104.9780788,39.7074808,POINT (-104.9780788 39.7074808)
9052,,-104.9769293,39.7056698,POINT (-104.9769293 39.7056698)
9053,,-104.9769278,39.6984234,POINT (-104.9769278 39.6984234)
9054,,-104.9769507,39.6966143,POINT (-104.9769507 39.6966143)
9055,,-104.9769493,39.6947619,POINT (-104.9769493 39.6947619)
9056,,-104.9766938,39.6912137,POINT (-104.9766938 39.6912137)
9057,,-105.0413928,39.6931195,POINT (-105.0413928 39.6931195)
9058,,-104.9769644,39.6857537,POINT (-104.9769644 39.6857537)
9059,,-104.9769579,39.6839852,POINT (-104.9769579 39.6839852)
9060,,-104.9769319,39.6821651,POINT (-104.9769319 39.6821651)
9061,,-104.9768971,39.6803466,POINT (-104.9768971 39.6803466)
9062,,-104.9769461,39.6767129,POINT (-104.9769461 39.6767129)
9063,,-104.9769587,39.6749042,POINT (-104.9769587 39.6749042)
9064,,-104.9781516,39.6749027,POINT (-104.9781516 39.6749027)
9065,,-105.0425601,39.6931327,POINT (-105.0425601 39.6931327)
9066,,-105.0449033,39.6931129,POINT (-105.0449033 39.6931129)
9067,,-105.046062,39.6931393,POINT (-105.046062 39.6931393)
9068,,-105.0472121,39.6931459,POINT (-105.0472121 39.6931459)
9069,,-105.0484137,39.6931459,POINT (-105.0484137 39.6931459)
9070,,-105.0495553,39.6931459,POINT (-105.0495553 39.6931459)
9071,,-105.0507312,39.6931723,POINT (-105.0507312 39.6931723)
9072,,-105.0518813,39.6931657,POINT (-105.0518813 39.6931657)
9073,,-104.9475783,39.7909908,POINT (-104.9475783 39.7909908)
9074,,-104.926986,39.7081114,POINT (-104.926986 39.7081114)
9075,,-105.0286677,39.7269625,POINT (-105.0286677 39.7269625)
9076,,-104.9791947,39.7147276,POINT (-104.9791947 39.7147276)
9077,,-104.97925,39.712914,POINT (-104.97925 39.712914)
9078,,-104.9792316,39.7092952,POINT (-104.9792316 39.7092952)
9079,,-104.9792493,39.7074874,POINT (-104.9792493 39.7074874)
9080,,-104.9792633,39.7057342,POINT (-104.9792633 39.7057342)
9081,,-104.9921723,39.7209514,POINT (-104.9921723 39.7209514)
9082,,-104.9928343,39.7209338,POINT (-104.9928343 39.7209338)
9083,,-104.994016,39.7209331,POINT (-104.994016 39.7209331)
9084,,-104.9951932,39.7209408,POINT (-104.9951932 39.7209408)
9085,,-104.9975562,39.7209393,POINT (-104.9975562 39.7209393)
9086,,-105.0016175,39.7209376,POINT (-105.0016175 39.7209376)
9087,,-105.0029441,39.7209398,POINT (-105.0029441 39.7209398)
9088,,-104.9400658,39.7910048,POINT (-104.9400658 39.7910048)
9089,,-105.0428543,39.762115,POINT (-105.0428543 39.762115)
9090,,-105.0449344,39.7621105,POINT (-105.0449344 39.7621105)
9091,,-105.0463559,39.7621075,POINT (-105.0463559 39.7621075)
9092,,-105.0506964,39.7620982,POINT (-105.0506964 39.7620982)
9093,,-105.0509158,39.7620977,POINT (-105.0509158 39.7620977)
9094,,-105.0520916,39.7620952,POINT (-105.0520916 39.7620952)
9095,,-104.919934,39.707487,POINT (-104.919934 39.707487)
9096,,-104.915246,39.7074974,POINT (-104.915246 39.7074974)
9097,,-104.9851898,39.7075249,POINT (-104.9851898 39.7075249)
9098,,-104.9840318,39.7075176,POINT (-104.9840318 39.7075176)
9099,,-104.9698635,39.7074927,POINT (-104.9698635 39.7074927)
9100,,-104.9674863,39.7074944,POINT (-104.9674863 39.7074944)
9101,,-104.9663352,39.7074922,POINT (-104.9663352 39.7074922)
9102,,-104.9651784,39.7074853,POINT (-104.9651784 39.7074853)
9103,,-104.9639994,39.7074818,POINT (-104.9639994 39.7074818)
9104,,-104.962875,39.707495,POINT (-104.962875 39.707495)
9105,,-104.9617167,39.707485,POINT (-104.9617167 39.707485)
9106,,-104.9605576,39.7074884,POINT (-104.9605576 39.7074884)
9107,,-104.9902907,39.7384658,POINT (-104.9902907 39.7384658)
9108,,-104.9941204,39.7384589,POINT (-104.9941204 39.7384589)
9109,,-104.9952999,39.738459,POINT (-104.9952999 39.738459)
9110,,-104.9964627,39.7384591,POINT (-104.9964627 39.7384591)
9111,,-104.9863569,39.6748986,POINT (-104.9863569 39.6748986)
9112,,-104.9851988,39.6749031,POINT (-104.9851988 39.6749031)
9113,,-104.9840424,39.6749013,POINT (-104.9840424 39.6749013)
9114,,-104.9699405,39.6748657,POINT (-104.9699405 39.6748657)
9115,,-104.9675892,39.6748587,POINT (-104.9675892 39.6748587)
9116,,-104.9664306,39.6748571,POINT (-104.9664306 39.6748571)
9117,,-104.9640703,39.6748539,POINT (-104.9640703 39.6748539)
9118,,-104.9605621,39.6748448,POINT (-104.9605621 39.6748448)
9119,,-104.9579553,39.6748455,POINT (-104.9579553 39.6748455)
9120,,-104.9565104,39.6748435,POINT (-104.9565104 39.6748435)
9121,,-104.9551229,39.6748416,POINT (-104.9551229 39.6748416)
9122,,-104.953942,39.67484,POINT (-104.953942 39.67484)
9123,,-104.9536953,39.6748393,POINT (-104.9536953 39.6748393)
9124,,-104.9522791,39.6748368,POINT (-104.9522791 39.6748368)
9125,,-104.9488682,39.674833,POINT (-104.9488682 39.674833)
9126,,-104.9480263,39.6748297,POINT (-104.9480263 39.6748297)
9127,,-104.9476767,39.6748308,POINT (-104.9476767 39.6748308)
9128,,-104.946582,39.6748339,POINT (-104.946582 39.6748339)
9129,,-104.9422269,39.6748279,POINT (-104.9422269 39.6748279)
9130,,-104.9363546,39.6748158,POINT (-104.9363546 39.6748158)
9131,,-104.9352504,39.6748148,POINT (-104.9352504 39.6748148)
9132,,-104.9341573,39.6748128,POINT (-104.9341573 39.6748128)
9133,,-104.9330672,39.6748113,POINT (-104.9330672 39.6748113)
9134,,-104.9316589,39.6748119,POINT (-104.9316589 39.6748119)
9135,,-104.8771636,39.6613329,POINT (-104.8771636 39.6613329)
9136,,-104.8760986,39.6613318,POINT (-104.8760986 39.6613318)
9137,,-104.8750341,39.6613215,POINT (-104.8750341 39.6613215)
9138,,-104.9942389,39.6921112,POINT (-104.9942389 39.6921112)
9139,,-104.9113797,39.6626559,POINT (-104.9113797 39.6626559)
9140,,-104.9100208,39.6621489,POINT (-104.9100208 39.6621489)
9141,,-104.9091737,39.6617919,POINT (-104.9091737 39.6617919)
9142,,-104.908341,39.6614383,POINT (-104.908341 39.6614383)
9143,,-104.9074795,39.6610834,POINT (-104.9074795 39.6610834)
9144,,-104.9056829,39.6603591,POINT (-104.9056829 39.6603591)
9145,,-104.9848476,39.7432681,POINT (-104.9848476 39.7432681)
9146,,-104.981102,39.7432595,POINT (-104.981102 39.7432595)
9147,,-104.9799034,39.7432568,POINT (-104.9799034 39.7432568)
9148,,-104.9761739,39.7432482,POINT (-104.9761739 39.7432482)
9149,,-104.9721403,39.743239,POINT (-104.9721403 39.743239)
9150,,-104.9709173,39.7432362,POINT (-104.9709173 39.7432362)
9151,,-104.9696859,39.7432334,POINT (-104.9696859 39.7432334)
9152,,-104.9672243,39.7432278,POINT (-104.9672243 39.7432278)
9153,,-104.9647695,39.7432222,POINT (-104.9647695 39.7432222)
9154,,-104.9524664,39.7437988,POINT (-104.9524664 39.7437988)
9155,,-104.9512653,39.743795,POINT (-104.9512653 39.743795)
9156,,-104.9488359,39.7437854,POINT (-104.9488359 39.7437854)
9157,,-104.9476699,39.743783,POINT (-104.9476699 39.743783)
9158,,-104.9465192,39.7437799,POINT (-104.9465192 39.7437799)
9159,,-104.9389347,39.7437262,POINT (-104.9389347 39.7437262)
9160,,-104.9372314,39.743722,POINT (-104.9372314 39.743722)
9161,,-104.935495,39.7437262,POINT (-104.935495 39.7437262)
9162,,-104.9337789,39.7437244,POINT (-104.9337789 39.7437244)
9163,,-104.9320751,39.7437302,POINT (-104.9320751 39.7437302)
9164,,-104.9301434,39.7437257,POINT (-104.9301434 39.7437257)
9165,,-104.927475,39.7437279,POINT (-104.927475 39.7437279)
9166,,-104.9270284,39.7437277,POINT (-104.9270284 39.7437277)
9167,,-104.9257971,39.7437293,POINT (-104.9257971 39.7437293)
9168,,-104.9246167,39.7437328,POINT (-104.9246167 39.7437328)
9169,,-104.9234515,39.7437344,POINT (-104.9234515 39.7437344)
9170,,-104.9199559,39.7437355,POINT (-104.9199559 39.7437355)
9171,,-104.918786,39.7437388,POINT (-104.918786 39.7437388)
9172,,-104.9175552,39.7437429,POINT (-104.9175552 39.7437429)
9173,,-104.9151566,39.743744,POINT (-104.9151566 39.743744)
9174,,-104.9139882,39.743747,POINT (-104.9139882 39.743747)
9175,,-104.9105125,39.7437847,POINT (-104.9105125 39.7437847)
9176,,-104.9093791,39.7437894,POINT (-104.9093791 39.7437894)
9177,,-104.8952053,39.7437996,POINT (-104.8952053 39.7437996)
9178,,-104.8940446,39.7437948,POINT (-104.8940446 39.7437948)
9179,,-104.8916874,39.7437914,POINT (-104.8916874 39.7437914)
9180,,-104.8905239,39.7437938,POINT (-104.8905239 39.7437938)
9181,,-104.8893566,39.7437969,POINT (-104.8893566 39.7437969)
9182,,-104.8881831,39.7438018,POINT (-104.8881831 39.7438018)
9183,,-104.9139845,39.743412,POINT (-104.9139845 39.743412)
9184,,-104.9151521,39.7434124,POINT (-104.9151521 39.7434124)
9185,,-104.9175608,39.7434106,POINT (-104.9175608 39.7434106)
9186,,-104.9187859,39.7434026,POINT (-104.9187859 39.7434026)
9187,,-104.9222779,39.7433964,POINT (-104.9222779 39.7433964)
9188,,-104.9234499,39.7433959,POINT (-104.9234499 39.7433959)
9189,,-104.9246191,39.7433997,POINT (-104.9246191 39.7433997)
9190,,-104.9257921,39.7433971,POINT (-104.9257921 39.7433971)
9191,,-104.9269519,39.7433983,POINT (-104.9269519 39.7433983)
9192,,-104.9275176,39.7434002,POINT (-104.9275176 39.7434002)
9193,,-104.9286683,39.7434016,POINT (-104.9286683 39.7434016)
9194,,-104.9298009,39.7433967,POINT (-104.9298009 39.7433967)
9195,,-104.9301402,39.7433997,POINT (-104.9301402 39.7433997)
9196,,-104.9309491,39.7434,POINT (-104.9309491 39.7434)
9197,,-104.9320791,39.7433924,POINT (-104.9320791 39.7433924)
9198,,-104.9337809,39.7433829,POINT (-104.9337809 39.7433829)
9199,,-104.9354978,39.7433866,POINT (-104.9354978 39.7433866)
9200,,-104.937226,39.7433847,POINT (-104.937226 39.7433847)
9201,,-104.9345766,39.7253138,POINT (-104.9345766 39.7253138)
9202,,-104.9350149,39.7400875,POINT (-104.9350149 39.7400875)
9203,,-104.9351772,39.7310349,POINT (-104.9351772 39.7310349)
9204,,-104.935013,39.7346788,POINT (-104.935013 39.7346788)
9205,,-104.9527912,39.7383675,POINT (-104.9527912 39.7383675)
